PublicationDate,countryName,reportingYear,Pollutant,transfers
2025/12/15,Austria,2007,Toluene,1995
2025/12/15,Austria,2009,Total phosphorus,105800
2025/12/15,Austria,2009,Trichloromethane,53.5
2025/12/15,Austria,2010,"Benzo(g,h,i)perylene",39.82
2025/12/15,Austria,2010,Mercury and compounds (as Hg),1.9
2025/12/15,Austria,2010,Toluene,8800
2025/12/15,Austria,2012,Total phosphorus,170780
2025/12/15,Austria,2013,"Benzo(g,h,i)perylene",39.9
2025/12/15,Austria,2013,Mercury and compounds (as Hg),2.25
2025/12/15,Austria,2013,Toluene,4860
2025/12/15,Austria,2015,Total phosphorus,195570
2025/12/15,Austria,2015,Xylenes,5160
2025/12/15,Austria,2016,Cadmium and compounds (as Cd),19.4
2025/12/15,Austria,2017,"Chloro-alkanes, C10-C13",12.3
2025/12/15,Austria,2018,Total nitrogen,1148500
2025/12/15,Austria,2018,Xylenes,4330
2025/12/15,Austria,2019,Cadmium and compounds (as Cd),20.3
2025/12/15,Austria,2020,"Chloro-alkanes, C10-C13",13.6
2025/12/15,Austria,2020,Polycyclic aromatic hydrocarbons (PAHs),796.1
2025/12/15,Austria,2021,Total nitrogen,1188500
2025/12/15,Austria,2021,Xylenes,4530
2025/12/15,Austria,2022,Cadmium and compounds (as Cd),23.1
2025/12/15,Austria,2023,"Chloro-alkanes, C10-C13",12.9
2025/12/15,Austria,2023,Polycyclic aromatic hydrocarbons (PAHs),859.8
2025/12/15,Austria,2024,Total nitrogen,677700
2025/12/15,Austria,2024,Xylenes,4190
2025/12/15,Belgium,2008,Total nitrogen,284900
2025/12/15,Belgium,2009,Asbestos,699
2025/12/15,Belgium,2009,Cadmium and compounds (as Cd),10.9
2025/12/15,Belgium,2010,Brominated diphenylethers (PBDE),7.83
2025/12/15,Belgium,2010,Polycyclic aromatic hydrocarbons (PAHs),105
2025/12/15,Belgium,2011,Total nitrogen,187900
2025/12/15,Belgium,2012,Cadmium and compounds (as Cd),16.93
2025/12/15,Belgium,2014,Total nitrogen,143900
2025/12/15,Belgium,2015,Cadmium and compounds (as Cd),9.2
2025/12/15,Belgium,2017,Copper and compounds (as Cu),766.3
2025/12/15,Belgium,2018,Di-(2-ethyl hexyl) phthalate (DEHP),5510
2025/12/15,Belgium,2019,Pentachlorophenol (PCP),14.2
2025/12/15,Belgium,2020,Copper and compounds (as Cu),57.1
2025/12/15,Belgium,2021,Pentachlorobenzene,9.47
2025/12/15,Belgium,2021,Polychlorinated biphenyls (PCBs),42.6
2025/12/15,Belgium,2022,Pentachlorophenol (PCP),5.3
2025/12/15,Belgium,2023,Copper and compounds (as Cu),184.3
2025/12/15,Belgium,2023,Zinc and compounds (as Zn),338
2025/12/15,Belgium,2024,Halogenated organic compounds (as AOX),1500
2025/12/15,Bulgaria,2007,Total organic carbon(as total C or COD/3) (TOC),1270000
2025/12/15,Bulgaria,2009,Arsenic and compounds (as As),40
2025/12/15,Bulgaria,2010,Lead and compounds (as Pb),181
2025/12/15,Bulgaria,2010,Total organic carbon(as total C or COD/3) (TOC),5049000
2025/12/15,Bulgaria,2011,Fluorides (as total F),167000
2025/12/15,Bulgaria,2012,Arsenic and compounds (as As),99
2025/12/15,Bulgaria,2012,Nickel and compounds (as Ni),221
2025/12/15,Bulgaria,2013,Lead and compounds (as Pb),193
2025/12/15,Bulgaria,2015,Arsenic and compounds (as As),18.4
2025/12/15,Bulgaria,2016,Lead and compounds (as Pb),890.1
2025/12/15,Bulgaria,2019,Lead and compounds (as Pb),45
2025/12/15,Bulgaria,2020,Fluorides (as total F),432725
2025/12/15,Croatia,2017,Arsenic and compounds (as As),24.55
2025/12/15,Croatia,2018,Lead and compounds (as Pb),33.8
2025/12/15,Cyprus,2015,Phenols (as total C),40.8
2025/12/15,Cyprus,2021,Total organic carbon(as total C or COD/3) (TOC),1643400
2025/12/15,Czechia,2007,Nickel and compounds (as Ni),3131
2025/12/15,Czechia,2007,Tetrachloromethane (TCM),22
2025/12/15,Czechia,2008,Ethyl benzene,201
2025/12/15,Czechia,2008,Phenols (as total C),386916
2025/12/15,Czechia,2008,Tetrachloroethylene,26.4
2025/12/15,Czechia,2008,Total organic carbon(as total C or COD/3) (TOC),3189400
2025/12/15,Czechia,2009,Cyanides (as total CN),7900
2025/12/15,Czechia,2009,Dichloromethane (DCM),16
2025/12/15,Czechia,2009,Polycyclic aromatic hydrocarbons (PAHs),14.24
2025/12/15,Czechia,2010,Arsenic and compounds (as As),135.60999999999999
2025/12/15,Czechia,2010,Nickel and compounds (as Ni),5125.2
2025/12/15,Czechia,2010,Tetrachloromethane (TCM),33
2025/12/15,Czechia,2011,"1,2-dichloroethane (DCE-1,2)",17.4
2025/12/15,Czechia,2011,Lead and compounds (as Pb),161.1
2025/12/15,Czechia,2011,Total organic carbon(as total C or COD/3) (TOC),4520000
2025/12/15,Czechia,2012,Dichloromethane (DCM),56.3
2025/12/15,Czechia,2012,Fluorides (as total F),19610
2025/12/15,Czechia,2012,Polycyclic aromatic hydrocarbons (PAHs),7.3
2025/12/15,Czechia,2013,Arsenic and compounds (as As),19.21
2025/12/15,Czechia,2013,Chlorides (as total Cl),39600000
2025/12/15,Czechia,2013,Nickel and compounds (as Ni),5720.4
2025/12/15,Czechia,2013,Tetrachloromethane (TCM),23
2025/12/15,Czechia,2014,"1,2-dichloroethane (DCE-1,2)",20.1
2025/12/15,Czechia,2014,Ethyl benzene,353
2025/12/15,Czechia,2014,Lead and compounds (as Pb),507.9
2025/12/15,Czechia,2015,Fluorides (as total F),15920
2025/12/15,Czechia,2015,Naphthalene,467.9
2025/12/15,Czechia,2015,Polycyclic aromatic hydrocarbons (PAHs),72.5
2025/12/15,Czechia,2016,Arsenic and compounds (as As),69.8
2025/12/15,Czechia,2016,Chlorides (as total Cl),49430000
2025/12/15,Czechia,2017,"1,2-dichloroethane (DCE-1,2)",14.7
2025/12/15,Czechia,2017,Lead and compounds (as Pb),6494
2025/12/15,Czechia,2018,Fluorides (as total F),99123.384
2025/12/15,Czechia,2019,Arsenic and compounds (as As),13.560400000000001
2025/12/15,Czechia,2019,Chlorides (as total Cl),55170033.8
2025/12/15,Czechia,2020,Lead and compounds (as Pb),5986.90904
2025/12/15,Czechia,2021,Fluorides (as total F),103128.888
2025/12/15,Czechia,2022,Chlorides (as total Cl),30818342.9
2025/12/15,Denmark,2007,Total phosphorus,276890
2025/12/15,Denmark,2015,Polycyclic aromatic hydrocarbons (PAHs),420.4
2025/12/15,Denmark,2016,Arsenic and compounds (as As),30
2025/12/15,Denmark,2018,Polycyclic aromatic hydrocarbons (PAHs),53.84
2025/12/15,Denmark,2019,Arsenic and compounds (as As),7.540589999999999
2025/12/15,Denmark,2019,Nickel and compounds (as Ni),36.6105
2025/12/15,Denmark,2020,Cadmium and compounds (as Cd),0.45583000000000007
2025/12/15,Denmark,2020,Chlorine and inorganic compounds (as HCl),7392
2025/12/15,Denmark,2020,Ethyl benzene,0
2025/12/15,Denmark,2021,Polycyclic aromatic hydrocarbons (PAHs),249
2025/12/15,Denmark,2022,Arsenic and compounds (as As),13.477967
2025/12/15,Denmark,2022,Chlorides (as total Cl),8137691.443299999
2025/12/15,Denmark,2022,Copper and compounds (as Cu),41.356019
2025/12/15,Denmark,2022,Nickel and compounds (as Ni),76.57377699999996
2025/12/15,Denmark,2023,Chlorine and inorganic compounds (as HCl),14703.7
2025/12/15,Denmark,2023,Di-(2-ethyl hexyl) phthalate (DEHP),4.1282
2025/12/15,Denmark,2024,Fluorides (as total F),1.531
2025/12/15,Denmark,2024,Polycyclic aromatic hydrocarbons (PAHs),38.8
2025/12/15,Finland,2007,Copper and compounds (as Cu),533
2025/12/15,Finland,2007,Zinc and compounds (as Zn),619
2025/12/15,Finland,2008,Total phosphorus,302060
2025/12/15,Finland,2009,Phenols (as total C),18077.1
2025/12/15,Finland,2010,Cyanides (as total CN),2340
2025/12/15,Finland,2010,Zinc and compounds (as Zn),364
2025/12/15,Finland,2011,Total phosphorus,311030
2025/12/15,Finland,2012,Phenols (as total C),24644.6
2025/12/15,Finland,2012,Toluene,779
2025/12/15,Finland,2013,Cyanides (as total CN),1140
2025/12/15,Finland,2015,Phenols (as total C),27919.3
2025/12/15,Finland,2015,Total organic carbon(as total C or COD/3) (TOC),10948700
2025/12/15,Finland,2017,Nickel and compounds (as Ni),297.6
2025/12/15,Finland,2017,Xylenes,203
2025/12/15,Finland,2018,Phenols (as total C),33325
2025/12/15,Finland,2018,Total organic carbon(as total C or COD/3) (TOC),7478200
2025/12/15,Finland,2020,Arsenic and compounds (as As),34.99
2025/12/15,Finland,2020,Nickel and compounds (as Ni),203
2025/12/15,Finland,2021,Cadmium and compounds (as Cd),5.4
2025/12/15,Finland,2021,Total organic carbon(as total C or COD/3) (TOC),8130100
2025/12/15,Finland,2022,Pentachlorophenol (PCP),24
2025/12/15,Finland,2023,Arsenic and compounds (as As),101.97
2025/12/15,Finland,2023,Nickel and compounds (as Ni),152.8
2025/12/15,Finland,2023,Xylenes,330
2025/12/15,Finland,2024,Cadmium and compounds (as Cd),9
2025/12/15,France,2007,Naphthalene,29
2025/12/15,France,2009,Chromium and compounds (as Cr),13156.9
2025/12/15,France,2012,Chromium and compounds (as Cr),32891
2025/12/15,France,2012,Mercury and compounds (as Hg),25.939999999999998
2025/12/15,France,2014,Trichloromethane,766.1
2025/12/15,France,2015,Chromium and compounds (as Cr),17042
2025/12/15,France,2015,Mercury and compounds (as Hg),33.86
2025/12/15,France,2015,Tetrachloroethylene,133.9
2025/12/15,France,2017,Trichloromethane,373.59999999999997
2025/12/15,France,2018,Chromium and compounds (as Cr),16729
2025/12/15,France,2018,Mercury and compounds (as Hg),6.8
2025/12/15,France,2020,Trichloromethane,362.799999
2025/12/15,France,2020,Xylenes,0.44
2025/12/15,France,2021,Cadmium and compounds (as Cd),67.499998
2025/12/15,France,2021,Mercury and compounds (as Hg),17.74
2025/12/15,France,2021,Tetrachloroethylene,12
2025/12/15,France,2023,Total nitrogen,3399700
2025/12/15,France,2023,Trichloromethane,87.30000100000001
2025/12/15,France,2024,Cadmium and compounds (as Cd),52.669999000000004
2025/12/15,Germany,2007,Chromium and compounds (as Cr),4336.1
2025/12/15,Germany,2007,Mercury and compounds (as Hg),2327.38
2025/12/15,Germany,2009,Organotin compounds (as total Sn),1520
2025/12/15,Germany,2009,PCDD + PCDF (dioxins + furans) (as Teq),0.0011510000000000001
2025/12/15,Germany,2009,Trichloromethane,68.1
2025/12/15,Germany,2010,Chromium and compounds (as Cr),3219.8
2025/12/15,Germany,2010,Mercury and compounds (as Hg),643.36
2025/12/15,Germany,2012,PCDD + PCDF (dioxins + furans) (as Teq),0.0015530000000000001
2025/12/15,Germany,2012,Trichloromethane,13.4
2025/12/15,Germany,2013,Chromium and compounds (as Cr),2550.9
2025/12/15,Germany,2013,Mercury and compounds (as Hg),422.1
2025/12/15,Germany,2015,Trichloromethane,37.1
2025/12/15,Germany,2015,Xylenes,2950
2025/12/15,Germany,2016,Mercury and compounds (as Hg),980.34
2025/12/15,Germany,2017,Fluoranthene,55.2
2025/12/15,Germany,2018,Total nitrogen,12066900
2025/12/15,Germany,2018,Xylenes,4316.4
2025/12/15,Germany,2020,Fluoranthene,3.46
2025/12/15,Germany,2021,Total nitrogen,12836800
2025/12/15,Germany,2021,Xylenes,2933.0099999999998
2025/12/15,Germany,2022,Octylphenols and Octylphenol ethoxylates,9.37
2025/12/15,Germany,2024,Total nitrogen,10500500
2025/12/15,Germany,2024,Vinyl chloride,468.79999999999995
2025/12/15,Germany,2024,Xylenes,4202
2025/12/15,Greece,2007,Chromium and compounds (as Cr),102
2025/12/15,Greece,2008,Total organic carbon(as total C or COD/3) (TOC),173400
2025/12/15,Greece,2013,Arsenic and compounds (as As),21.2
2025/12/15,Greece,2015,Total nitrogen,571000
2025/12/15,Greece,2016,Arsenic and compounds (as As),29.5
2025/12/15,Greece,2018,Total nitrogen,873000
2025/12/15,Hungary,2007,Phenols (as total C),159
2025/12/15,Hungary,2008,Zinc and compounds (as Zn),137
2025/12/15,Hungary,2009,Mercury and compounds (as Hg),1.51
2025/12/15,Hungary,2010,Phenols (as total C),176.1
2025/12/15,Hungary,2010,Total organic carbon(as total C or COD/3) (TOC),2207900
2025/12/15,Hungary,2011,Dichloromethane (DCM),22180
2025/12/15,Hungary,2011,Zinc and compounds (as Zn),118
2025/12/15,Hungary,2012,Mercury and compounds (as Hg),4.65
2025/12/15,Hungary,2013,Total organic carbon(as total C or COD/3) (TOC),102941700
2025/12/15,Hungary,2014,Dichloromethane (DCM),5833
2025/12/15,Hungary,2015,Mercury and compounds (as Hg),3550
2025/12/15,Hungary,2016,Total organic carbon(as total C or COD/3) (TOC),3733500
2025/12/15,Hungary,2017,Dichloromethane (DCM),240
2025/12/15,Hungary,2018,Mercury and compounds (as Hg),1533.2
2025/12/15,Hungary,2019,Total organic carbon(as total C or COD/3) (TOC),3369600
2025/12/15,Hungary,2020,Dichloromethane (DCM),36.5
2025/12/15,Hungary,2020,Total nitrogen,669100
2025/12/15,Hungary,2023,Total nitrogen,338900
2025/12/15,Ireland,2007,Zinc and compounds (as Zn),104
2025/12/15,Ireland,2009,Phenols (as total C),696.4
2025/12/15,Ireland,2010,Zinc and compounds (as Zn),242
2025/12/15,Ireland,2012,Phenols (as total C),2426
2025/12/15,Ireland,2012,Total organic carbon(as total C or COD/3) (TOC),2637600
2025/12/15,Ireland,2013,Dichloromethane (DCM),273.8
2025/12/15,Ireland,2013,Nonylphenol and Nonylphenol ethoxylates,1.42
2025/12/15,Ireland,2015,Phenols (as total C),976.7
2025/12/15,Ireland,2015,Total organic carbon(as total C or COD/3) (TOC),4181400
2025/12/15,Ireland,2016,Dichloromethane (DCM),66.5
2025/12/15,Ireland,2016,Nonylphenol and Nonylphenol ethoxylates,430
2025/12/15,Ireland,2018,Ethyl benzene,0.24
2025/12/15,Ireland,2018,Total organic carbon(as total C or COD/3) (TOC),5397230.07
2025/12/15,Ireland,2019,Dichloromethane (DCM),160.41899999999998
2025/12/15,Ireland,2019,Nonylphenol and Nonylphenol ethoxylates,1035
2025/12/15,Ireland,2019,Total nitrogen,353367.00153999997
2025/12/15,Ireland,2020,Chlorides (as total Cl),2981998.84
2025/12/15,Ireland,2022,Fluorides (as total F),29148.27
2025/12/15,Ireland,2022,Nonylphenol and Nonylphenol ethoxylates,221.7289
2025/12/15,Ireland,2022,Total nitrogen,264130.05
2025/12/15,Ireland,2023,Chlorides (as total Cl),3322885
2025/12/15,Italy,2007,Fluorides (as total F),85750
2025/12/15,Italy,2007,Nonylphenol and Nonylphenol ethoxylates,4359.2
2025/12/15,Italy,2007,Pentachlorophenol (PCP),4.970000000000001
2025/12/15,Italy,2007,Polycyclic aromatic hydrocarbons (PAHs),1085.7
2025/12/15,Italy,2008,Anthracene,21.46
2025/12/15,Italy,2008,Arsenic and compounds (as As),1016.1400000000002
2025/12/15,Italy,2008,Chlorides (as total Cl),80710000
2025/12/15,Italy,2008,Hexachlorobenzene (HCB),1.2
2025/12/15,Italy,2008,Nickel and compounds (as Ni),6105.199999999999
2025/12/15,Italy,2009,"1,2-dichloroethane (DCE-1,2)",515.4
2025/12/15,Italy,2009,Dieldrin,5.2
2025/12/15,Italy,2009,Lead and compounds (as Pb),17850.899999999998
2025/12/15,Italy,2010,Fluorides (as total F),64570
2025/12/15,Italy,2010,Naphthalene,1592
2025/12/15,Italy,2010,Pentachlorophenol (PCP),15.6
2025/12/15,Italy,2010,Polycyclic aromatic hydrocarbons (PAHs),182876.5
2025/12/15,Italy,2010,Trichloroethylene (TRI),63.5
2025/12/15,Italy,2011,Arsenic and compounds (as As),814.33
2025/12/15,Italy,2011,Chlorides (as total Cl),80750000
2025/12/15,Italy,2011,Hexachlorobenzene (HCB),2.7
2025/12/15,Italy,2012,"1,2-dichloroethane (DCE-1,2)",416.1
2025/12/15,Italy,2012,Isodrin,5.4
2025/12/15,Italy,2012,Lead and compounds (as Pb),3871.4
2025/12/15,Italy,2013,Fluorides (as total F),227320
2025/12/15,Italy,2013,Naphthalene,3235
2025/12/15,Italy,2013,Pentachlorophenol (PCP),3.12
2025/12/15,Italy,2014,Chlorides (as total Cl),89870000
2025/12/15,Italy,2016,Naphthalene,933.7
2025/12/15,Italy,2016,Trichloroethylene (TRI),13.7
2025/12/15,Italy,2018,Chromium and compounds (as Cr),220827.0216
2025/12/15,Italy,2018,Triphenyltin and compounds,1.8425
2025/12/15,Italy,2019,Trichloroethylene (TRI),44.1547
2025/12/15,Italy,2020,PCDD + PCDF (dioxins + furans) (as Teq),0.00068
2025/12/15,Italy,2021,Chromium and compounds (as Cr),260562.7808
2025/12/15,Italy,2021,DDT (DDT),1.7795
2025/12/15,Italy,2021,Isodrin,3.8514
2025/12/15,Italy,2021,Mercury and compounds (as Hg),32.9246
2025/12/15,Italy,2022,Alachlor,1.5352
2025/12/15,Italy,2023,Trichloromethane,117.3684
2025/12/15,Netherlands,2007,Phenols (as total C),7055.9
2025/12/15,Netherlands,2007,Total organic carbon(as total C or COD/3) (TOC),10434600
2025/12/15,Netherlands,2008,Cyanides (as total CN),948
2025/12/15,Netherlands,2008,Dichloromethane (DCM),156
2025/12/15,Netherlands,2008,Ethylene oxide,4620
2025/12/15,Netherlands,2008,Zinc and compounds (as Zn),4104
2025/12/15,Netherlands,2009,Halogenated organic compounds (as AOX),5570
2025/12/15,Netherlands,2009,Nickel and compounds (as Ni),468.2
2025/12/15,Netherlands,2009,Tetrachloromethane (TCM),1.6
2025/12/15,Netherlands,2010,Ethyl benzene,1838
2025/12/15,Netherlands,2010,Phenols (as total C),25995
2025/12/15,Netherlands,2010,Total organic carbon(as total C or COD/3) (TOC),19396100
2025/12/15,Netherlands,2011,Cyanides (as total CN),251
2025/12/15,Netherlands,2011,Dichloromethane (DCM),142.7
2025/12/15,Netherlands,2011,Ethylene oxide,7640
2025/12/15,Netherlands,2012,Anthracene,1.6
2025/12/15,Netherlands,2012,Arsenic and compounds (as As),105.06
2025/12/15,Netherlands,2012,Nickel and compounds (as Ni),660.9
2025/12/15,Netherlands,2012,Tetrachloromethane (TCM),1.9
2025/12/15,Netherlands,2013,"1,2-dichloroethane (DCE-1,2)",379
2025/12/15,Netherlands,2013,Ethyl benzene,409
2025/12/15,Netherlands,2013,Total organic carbon(as total C or COD/3) (TOC),26303100
2025/12/15,Netherlands,2014,Cyanides (as total CN),227
2025/12/15,Netherlands,2014,Dichloromethane (DCM),206
2025/12/15,Netherlands,2014,Ethylene oxide,6300
2025/12/15,Netherlands,2015,Arsenic and compounds (as As),112.67
2025/12/15,Netherlands,2015,Nickel and compounds (as Ni),452.4
2025/12/15,Netherlands,2015,Tetrachloromethane (TCM),1.6
2025/12/15,Netherlands,2016,"1,2-dichloroethane (DCE-1,2)",215
2025/12/15,Netherlands,2016,Ethyl benzene,1190
2025/12/15,Netherlands,2016,Lead and compounds (as Pb),41
2025/12/15,Netherlands,2016,Total organic carbon(as total C or COD/3) (TOC),27934700
2025/12/15,Netherlands,2017,Dichloromethane (DCM),274
2025/12/15,Netherlands,2017,Ethylene oxide,7120
2025/12/15,Netherlands,2017,Fluorides (as total F),16700
2025/12/15,Netherlands,2018,Arsenic and compounds (as As),110.10000000000001
2025/12/15,Netherlands,2018,Chlorides (as total Cl),126500000
2025/12/15,Netherlands,2018,Nickel and compounds (as Ni),660.2
2025/12/15,Netherlands,2019,"1,2-dichloroethane (DCE-1,2)",104
2025/12/15,Netherlands,2020,Fluorides (as total F),31910
2025/12/15,Netherlands,2020,Naphthalene,45.1
2025/12/15,Netherlands,2021,Arsenic and compounds (as As),119.38999999999999
2025/12/15,Netherlands,2021,Chlorides (as total Cl),121570000
2025/12/15,Netherlands,2022,"1,2-dichloroethane (DCE-1,2)",12
2025/12/15,Netherlands,2023,Fluorides (as total F),17200
2025/12/15,Netherlands,2023,Naphthalene,67.4
2025/12/15,Netherlands,2024,Chlorides (as total Cl),95180000
2025/12/15,Poland,2007,Copper and compounds (as Cu),38585
2025/12/15,Poland,2008,"1,2-dichloroethane (DCE-1,2)",207
2025/12/15,Poland,2009,Benzene,4650
2025/12/15,Poland,2009,Trichloroethylene (TRI),246
2025/12/15,Poland,2010,Copper and compounds (as Cu),43468
2025/12/15,Poland,2011,Halogenated organic compounds (as AOX),463900
2025/12/15,Poland,2012,Benzene,331
2025/12/15,Poland,2012,Trichloroethylene (TRI),104.5
2025/12/15,Poland,2013,Copper and compounds (as Cu),39221.4
2025/12/15,Poland,2013,Zinc and compounds (as Zn),288149
2025/12/15,Poland,2014,Halogenated organic compounds (as AOX),295900
2025/12/15,Poland,2015,Phenols (as total C),779065.2999999999
2025/12/15,Poland,2015,Trichloroethylene (TRI),198
2025/12/15,Poland,2016,Zinc and compounds (as Zn),88645
2025/12/15,Poland,2017,Chromium and compounds (as Cr),3137.7
2025/12/15,Poland,2017,Halogenated organic compounds (as AOX),410700
2025/12/15,Poland,2018,Phenols (as total C),1183067.2000000002
2025/12/15,Poland,2018,Trichloroethylene (TRI),12.5
2025/12/15,Poland,2019,Cyanides (as total CN),68229
2025/12/15,Poland,2019,Zinc and compounds (as Zn),64006
2025/12/15,Poland,2020,Chromium and compounds (as Cr),2776.2000000000003
2025/12/15,Poland,2020,Halogenated organic compounds (as AOX),387800
2025/12/15,Poland,2021,Phenols (as total C),873794.8
2025/12/15,Poland,2021,Total organic carbon(as total C or COD/3) (TOC),10906796
2025/12/15,Poland,2022,Cyanides (as total CN),64525.9
2025/12/15,Poland,2022,Zinc and compounds (as Zn),83843
2025/12/15,Poland,2023,Chromium and compounds (as Cr),683
2025/12/15,Poland,2023,Nickel and compounds (as Ni),12988.1
2025/12/15,Poland,2024,Ethyl benzene,424
2025/12/15,Poland,2024,Phenols (as total C),606131.7999999999
2025/12/15,Poland,2024,Total organic carbon(as total C or COD/3) (TOC),10722800
2025/12/15,Portugal,2007,Toluene,435
2025/12/15,Portugal,2008,Cyanides (as total CN),586
2025/12/15,Portugal,2009,Total phosphorus,7770
2025/12/15,Portugal,2009,Xylenes,342
2025/12/15,Portugal,2010,Cadmium and compounds (as Cd),151.63
2025/12/15,Portugal,2010,Mercury and compounds (as Hg),7.6000000000000005
2025/12/15,Portugal,2011,Cyanides (as total CN),287.2
2025/12/15,Portugal,2012,Nickel and compounds (as Ni),2598.8000000000006
2025/12/15,Portugal,2012,Trichloromethane,51.8
2025/12/15,Portugal,2012,Xylenes,741
2025/12/15,Portugal,2013,Cadmium and compounds (as Cd),227.66
2025/12/15,Portugal,2013,Tetrachloroethylene,52.4
2025/12/15,Portugal,2014,Cyanides (as total CN),3263
2025/12/15,Portugal,2015,Nickel and compounds (as Ni),1794.9999999999998
2025/12/15,Portugal,2015,Xylenes,1040
2025/12/15,Portugal,2016,Cadmium and compounds (as Cd),190.57
2025/12/15,Portugal,2017,Cyanides (as total CN),17147
2025/12/15,Portugal,2017,Polycyclic aromatic hydrocarbons (PAHs),130
2025/12/15,Portugal,2018,Nickel and compounds (as Ni),1683.6000000000004
2025/12/15,Portugal,2018,Xylenes,348
2025/12/15,Portugal,2019,Cadmium and compounds (as Cd),61.599999999999994
2025/12/15,Portugal,2020,Polycyclic aromatic hydrocarbons (PAHs),794.48
2025/12/15,Portugal,2021,Copper and compounds (as Cu),818.9000000000001
2025/12/15,Portugal,2021,Lindane,742
2025/12/15,Portugal,2021,Nickel and compounds (as Ni),1099.1000000000001
2025/12/15,Portugal,2022,"1,2-dichloroethane (DCE-1,2)",30.6
2025/12/15,Portugal,2023,Naphthalene,208
2025/12/15,Portugal,2023,Polycyclic aromatic hydrocarbons (PAHs),486.20000000000005
2025/12/15,Portugal,2024,Copper and compounds (as Cu),624.8000000000001
2025/12/15,Romania,2007,Zinc and compounds (as Zn),4095
2025/12/15,Romania,2008,Chromium and compounds (as Cr),98.5
2025/12/15,Romania,2009,Phenols (as total C),152.2
2025/12/15,Romania,2010,Zinc and compounds (as Zn),1024
2025/12/15,Romania,2012,Phenols (as total C),140
2025/12/15,Romania,2012,Total organic carbon(as total C or COD/3) (TOC),428000
2025/12/15,Romania,2015,Phenols (as total C),73.2
2025/12/15,Romania,2015,Total organic carbon(as total C or COD/3) (TOC),404000
2025/12/15,Romania,2018,Total organic carbon(as total C or COD/3) (TOC),3316000
2025/12/15,Romania,2021,Lead and compounds (as Pb),180.1
2025/12/15,Romania,2022,Total nitrogen,151000
2025/12/15,Romania,2024,Lead and compounds (as Pb),121.1
2025/12/15,Serbia,2010,Zinc and compounds (as Zn),214
2025/12/15,Slovakia,2007,Toluene,844
2025/12/15,Slovakia,2012,Nickel and compounds (as Ni),22.8
2025/12/15,Slovakia,2020,Fluorides (as total F),4740
2025/12/15,Slovenia,2008,Total phosphorus,41760
2025/12/15,Slovenia,2023,Copper and compounds (as Cu),0.203
2025/12/15,Spain,2007,"Chloro-alkanes, C10-C13",22.299999999999997
2025/12/15,Spain,2008,Total nitrogen,2320500
2025/12/15,Spain,2009,Cadmium and compounds (as Cd),246.40000000000003
2025/12/15,Spain,2010,"Chloro-alkanes, C10-C13",3.8899999999999997
2025/12/15,Spain,2010,Polycyclic aromatic hydrocarbons (PAHs),281.22
2025/12/15,Spain,2011,Total nitrogen,2701800
2025/12/15,Spain,2012,"1,2-dichloroethane (DCE-1,2)",24.799999999999997
2025/12/15,Spain,2012,Cadmium and compounds (as Cd),63.870000000000005
2025/12/15,Spain,2013,"Chloro-alkanes, C10-C13",44.03
2025/12/15,Spain,2013,Polycyclic aromatic hydrocarbons (PAHs),1535.11
2025/12/15,Spain,2014,Total nitrogen,2522100
2025/12/15,Spain,2015,Di-(2-ethyl hexyl) phthalate (DEHP),2.77
2025/12/15,Spain,2016,Polycyclic aromatic hydrocarbons (PAHs),1571.5200000000002
2025/12/15,Spain,2017,Copper and compounds (as Cu),1223.8
2025/12/15,Spain,2018,Di-(2-ethyl hexyl) phthalate (DEHP),241.38
2025/12/15,Spain,2018,Polychlorinated biphenyls (PCBs),0.89
2025/12/15,Spain,2020,Copper and compounds (as Cu),921
2025/12/15,Spain,2021,Di-(2-ethyl hexyl) phthalate (DEHP),4.25
2025/12/15,Spain,2021,Halogenated organic compounds (as AOX),16510
2025/12/15,Spain,2023,Copper and compounds (as Cu),1311.3
2025/12/15,Spain,2023,Zinc and compounds (as Zn),85997
2025/12/15,Spain,2024,Halogenated organic compounds (as AOX),42960
2025/12/15,Sweden,2009,Total phosphorus,148870
2025/12/15,Sweden,2010,Toluene,845
2025/12/15,Sweden,2012,Total phosphorus,109600
2025/12/15,Switzerland,2007,Nickel and compounds (as Ni),296
2025/12/15,Switzerland,2008,"1,2-dichloroethane (DCE-1,2)",2900
2025/12/15,Switzerland,2008,Total organic carbon(as total C or COD/3) (TOC),10450700
2025/12/15,Switzerland,2009,Dichloromethane (DCM),2401.3
2025/12/15,Switzerland,2009,Nonylphenol and Nonylphenol ethoxylates,70
2025/12/15,Switzerland,2010,Nickel and compounds (as Ni),270.5
2025/12/15,Switzerland,2011,"1,2-dichloroethane (DCE-1,2)",150
2025/12/15,Switzerland,2011,Ethyl benzene,206
2025/12/15,Switzerland,2011,Lead and compounds (as Pb),91
2025/12/15,Switzerland,2011,Total organic carbon(as total C or COD/3) (TOC),10191100
2025/12/15,Switzerland,2012,Dichloromethane (DCM),2250
2025/12/15,Switzerland,2012,Diuron,65
2025/12/15,Switzerland,2012,Fluorides (as total F),64020
2025/12/15,Switzerland,2012,Nonylphenol and Nonylphenol ethoxylates,47
2025/12/15,Switzerland,2013,Chlorides (as total Cl),31790000
2025/12/15,Switzerland,2013,Nickel and compounds (as Ni),185.6
2025/12/15,Switzerland,2014,"1,2-dichloroethane (DCE-1,2)",17
2025/12/15,Switzerland,2014,Lead and compounds (as Pb),22
2025/12/15,Switzerland,2014,Tributyltin and compounds,2.45
2025/12/15,Switzerland,2015,Diuron,13
2025/12/15,Switzerland,2015,Fluorides (as total F),51540
2025/12/15,Switzerland,2015,Nonylphenol and Nonylphenol ethoxylates,48
2025/12/15,Switzerland,2016,Chlorides (as total Cl),38300000
2025/12/15,Switzerland,2017,Lead and compounds (as Pb),121
2025/12/15,Switzerland,2017,Tributyltin and compounds,1.81
2025/12/15,Switzerland,2018,Fluorides (as total F),30140
2025/12/15,Switzerland,2019,Chlorides (as total Cl),44972020
2025/12/15,Switzerland,2020,Lead and compounds (as Pb),7.681
2025/12/15,Switzerland,2021,Fluorides (as total F),44300
2025/12/15,Switzerland,2022,Chlorides (as total Cl),41580800
2025/12/15,United Kingdom,2007,Trichloromethane,371.3
2025/12/15,United Kingdom,2007,Xylenes,31115
2025/12/15,United Kingdom,2008,Cadmium and compounds (as Cd),569.4
2025/12/15,United Kingdom,2008,DDT (DDT),1.22
2025/12/15,United Kingdom,2008,Tetrachloroethylene,211
2025/12/15,United Kingdom,2009,Cyanides (as total CN),94011
2025/12/15,United Kingdom,2010,Anthracene,728.73
2025/12/15,United Kingdom,2010,Nickel and compounds (as Ni),6155.3
2025/12/15,United Kingdom,2010,Trichloromethane,110.2
2025/12/15,United Kingdom,2010,Xylenes,31693
2025/12/15,United Kingdom,2011,Cadmium and compounds (as Cd),52.14
2025/12/15,United Kingdom,2011,Tetrachloroethylene,477
2025/12/15,United Kingdom,2012,Cyanides (as total CN),36563
2025/12/15,United Kingdom,2012,Diuron,62.7
2025/12/15,United Kingdom,2012,Hydro-fluorocarbons (HFCS),1e-5
2025/12/15,United Kingdom,2012,Perfluorocarbons (PFCs),1e-5
2025/12/15,United Kingdom,2012,Polycyclic aromatic hydrocarbons (PAHs),40.3
2025/12/15,United Kingdom,2013,Anthracene,42.2
2025/12/15,United Kingdom,2013,Nickel and compounds (as Ni),3050.5
2025/12/15,United Kingdom,2013,Xylenes,7659
2025/12/15,United Kingdom,2014,"1,2-dichloroethane (DCE-1,2)",298.8
2025/12/15,United Kingdom,2014,Cadmium and compounds (as Cd),93.74
2025/12/15,United Kingdom,2014,Chlorine and inorganic compounds (as HCl),800000
2025/12/15,United Kingdom,2015,Diuron,51.75
2025/12/15,United Kingdom,2015,Polycyclic aromatic hydrocarbons (PAHs),13.9
2025/12/15,United Kingdom,2016,Anthracene,2.55
2025/12/15,United Kingdom,2016,Nickel and compounds (as Ni),3558
2025/12/15,United Kingdom,2016,Xylenes,8348
2025/12/15,United Kingdom,2017,"1,2-dichloroethane (DCE-1,2)",11.6
2025/12/15,United Kingdom,2017,Cadmium and compounds (as Cd),52.599999999999994
2025/12/15,United Kingdom,2018,Diuron,56.190000000000005
2025/12/15,United Kingdom,2018,Pentachlorophenol (PCP),12.12
2025/12/15,United Kingdom,2018,Polycyclic aromatic hydrocarbons (PAHs),168.4
2025/12/15,United Kingdom,2019,Anthracene,102
2025/12/15,United Kingdom,2019,Copper and compounds (as Cu),2146.5
2025/12/15,United Kingdom,2019,Nickel and compounds (as Ni),3158.9
2025/12/15,Austria,2007,Total phosphorus,87820
2025/12/15,Austria,2007,Trichloromethane,27
2025/12/15,Austria,2007,Xylenes,2519
2025/12/15,Austria,2008,Cadmium and compounds (as Cd),26.9
2025/12/15,Austria,2010,Total nitrogen,915600
2025/12/15,Austria,2010,Xylenes,4084
2025/12/15,Austria,2011,Cadmium and compounds (as Cd),39.4
2025/12/15,Austria,2011,Octylphenols and Octylphenol ethoxylates,3.7
2025/12/15,Austria,2012,"Benzo(g,h,i)perylene",37.81
2025/12/15,Austria,2013,Total nitrogen,896400
2025/12/15,Austria,2013,Xylenes,2570
2025/12/15,Austria,2014,Cadmium and compounds (as Cd),21.2
2025/12/15,Austria,2014,Octylphenols and Octylphenol ethoxylates,69.28
2025/12/15,Austria,2015,"Benzo(g,h,i)perylene",35.58
2025/12/15,Austria,2015,Polycyclic aromatic hydrocarbons (PAHs),83.7
2025/12/15,Austria,2015,Toluene,10800
2025/12/15,Austria,2016,Total nitrogen,1256600
2025/12/15,Austria,2016,Xylenes,3980
2025/12/15,Austria,2017,Cadmium and compounds (as Cd),20.5
2025/12/15,Austria,2018,Benzene,33300
2025/12/15,Austria,2018,"Benzo(g,h,i)perylene",36.29
2025/12/15,Austria,2018,Mercury and compounds (as Hg),1.2
2025/12/15,Austria,2018,Pentachlorophenol (PCP),8.05
2025/12/15,Austria,2018,Toluene,7770
2025/12/15,Austria,2019,Copper and compounds (as Cu),699
2025/12/15,Austria,2019,Total nitrogen,1357200
2025/12/15,Austria,2020,Di-(2-ethyl hexyl) phthalate (DEHP),59.55
2025/12/15,Austria,2021,Benzene,65600
2025/12/15,Austria,2021,"Benzo(g,h,i)perylene",38.18
2025/12/15,Austria,2021,Mercury and compounds (as Hg),2.58
2025/12/15,Austria,2021,Pentachlorophenol (PCP),8.96
2025/12/15,Austria,2021,Polycyclic aromatic hydrocarbons (PAHs),311.2
2025/12/15,Austria,2021,Toluene,11900
2025/12/15,Austria,2022,Copper and compounds (as Cu),536
2025/12/15,Austria,2023,Di-(2-ethyl hexyl) phthalate (DEHP),25.8
2025/12/15,Austria,2024,Benzene,58700
2025/12/15,Austria,2024,Mercury and compounds (as Hg),3.96
2025/12/15,Austria,2024,Pentachlorophenol (PCP),3.48
2025/12/15,Belgium,2007,Cadmium and compounds (as Cd),15.3
2025/12/15,Belgium,2008,Chromium and compounds (as Cr),485
2025/12/15,Belgium,2008,Polycyclic aromatic hydrocarbons (PAHs),118.11
2025/12/15,Belgium,2008,Toluene,545
2025/12/15,Belgium,2009,Copper and compounds (as Cu),599.1
2025/12/15,Belgium,2009,Total nitrogen,288200
2025/12/15,Belgium,2010,Di-(2-ethyl hexyl) phthalate (DEHP),8.85
2025/12/15,Belgium,2011,Chromium and compounds (as Cr),209.1
2025/12/15,Belgium,2011,Polycyclic aromatic hydrocarbons (PAHs),111
2025/12/15,Belgium,2012,Copper and compounds (as Cu),258
2025/12/15,Belgium,2014,Pentachlorophenol (PCP),14.1
2025/12/15,Belgium,2015,Copper and compounds (as Cu),175.6
2025/12/15,Belgium,2016,Di-(2-ethyl hexyl) phthalate (DEHP),2.39
2025/12/15,Belgium,2016,Halogenated organic compounds (as AOX),1620
2025/12/15,Belgium,2018,Copper and compounds (as Cu),309
2025/12/15,Belgium,2018,Ethylene oxide,21.2
2025/12/15,Belgium,2019,Di-(2-ethyl hexyl) phthalate (DEHP),11.5
2025/12/15,Belgium,2019,Halogenated organic compounds (as AOX),3010
2025/12/15,Belgium,2022,Halogenated organic compounds (as AOX),1110
2025/12/15,Belgium,2023,Total organic carbon(as total C or COD/3) (TOC),1852800
2025/12/15,Belgium,2024,Dichloromethane (DCM),22
2025/12/15,Bulgaria,2007,Zinc and compounds (as Zn),46613
2025/12/15,Bulgaria,2008,Lead and compounds (as Pb),15188
2025/12/15,Bulgaria,2009,Phenols (as total C),24.5
2025/12/15,Bulgaria,2010,Zinc and compounds (as Zn),19676
2025/12/15,Bulgaria,2011,Halogenated organic compounds (as AOX),1210
2025/12/15,Bulgaria,2011,Lead and compounds (as Pb),8157
2025/12/15,Bulgaria,2012,Phenols (as total C),927
2025/12/15,Bulgaria,2017,Chromium and compounds (as Cr),64.7
2025/12/15,Bulgaria,2022,Fluorides (as total F),401702
2025/12/15,Bulgaria,2023,Chromium and compounds (as Cr),145
2025/12/15,Croatia,2014,Phenols (as total C),78.3
2025/12/15,Croatia,2015,Nonylphenol and Nonylphenol ethoxylates,1.85
2025/12/15,Croatia,2019,Nickel and compounds (as Ni),31.6
2025/12/15,Croatia,2024,Dichloromethane (DCM),10.1
2025/12/15,Croatia,2024,Trichloromethane,14.3
2025/12/15,Cyprus,2016,Phenols (as total C),67.9
2025/12/15,Cyprus,2018,Copper and compounds (as Cu),52.1
2025/12/15,Czechia,2007,Fluorides (as total F),22290
2025/12/15,Czechia,2007,Phenols (as total C),460741
2025/12/15,Czechia,2007,Polycyclic aromatic hydrocarbons (PAHs),140.41
2025/12/15,Czechia,2007,Toluene,13100
2025/12/15,Czechia,2008,Arsenic and compounds (as As),8.81
2025/12/15,Czechia,2008,Chlorides (as total Cl),29440000
2025/12/15,Czechia,2008,Cyanides (as total CN),9990
2025/12/15,Czechia,2008,Zinc and compounds (as Zn),45387
2025/12/15,Czechia,2009,Lead and compounds (as Pb),181.4
2025/12/15,Czechia,2010,Fluorides (as total F),23400
2025/12/15,Czechia,2010,Phenols (as total C),167588
2025/12/15,Czechia,2010,Polycyclic aromatic hydrocarbons (PAHs),61.5
2025/12/15,Czechia,2011,Arsenic and compounds (as As),86.77
2025/12/15,Czechia,2011,Chlorides (as total Cl),26710000
2025/12/15,Czechia,2011,Cyanides (as total CN),6990
2025/12/15,Czechia,2011,Zinc and compounds (as Zn),56171
2025/12/15,Czechia,2012,Lead and compounds (as Pb),534.2
2025/12/15,Czechia,2012,Nickel and compounds (as Ni),3634.3
2025/12/15,Czechia,2013,Ethyl benzene,1180
2025/12/15,Czechia,2013,Fluorides (as total F),20830
2025/12/15,Czechia,2013,Phenols (as total C),412332.3
2025/12/15,Czechia,2014,Chlorides (as total Cl),39500000
2025/12/15,Czechia,2014,Cyanides (as total CN),7447.1
2025/12/15,Czechia,2015,Nickel and compounds (as Ni),3493.7999999999997
2025/12/15,Czechia,2016,"1,2-dichloroethane (DCE-1,2)",25.1
2025/12/15,Czechia,2017,Cyanides (as total CN),6840
2025/12/15,Czechia,2018,Nickel and compounds (as Ni),5484.897240000001
2025/12/15,Czechia,2019,"1,2-dichloroethane (DCE-1,2)",10
2025/12/15,Czechia,2019,Ethyl benzene,718.74
2025/12/15,Czechia,2021,Hexachlorobenzene (HCB),1.8
2025/12/15,Czechia,2021,Nickel and compounds (as Ni),15200.902465
2025/12/15,Czechia,2022,"1,2-dichloroethane (DCE-1,2)",0.012
2025/12/15,Denmark,2010,Polycyclic aromatic hydrocarbons (PAHs),44.1
2025/12/15,Denmark,2011,Zinc and compounds (as Zn),182
2025/12/15,Denmark,2013,Polycyclic aromatic hydrocarbons (PAHs),26
2025/12/15,Denmark,2014,Chlorides (as total Cl),25300000
2025/12/15,Denmark,2016,Polycyclic aromatic hydrocarbons (PAHs),107.1
2025/12/15,Denmark,2017,Arsenic and compounds (as As),14.9
2025/12/15,Denmark,2017,Chlorides (as total Cl),3900000
2025/12/15,Denmark,2018,Di-(2-ethyl hexyl) phthalate (DEHP),5.4518390000000005
2025/12/15,Denmark,2020,Chlorides (as total Cl),10575801.919999998
2025/12/15,Denmark,2020,Copper and compounds (as Cu),34.253235
2025/12/15,Denmark,2020,Cyanides (as total CN),0.287
2025/12/15,Denmark,2021,Di-(2-ethyl hexyl) phthalate (DEHP),3.7516499999999997
2025/12/15,Denmark,2021,Nickel and compounds (as Ni),28.556516
2025/12/15,Denmark,2022,Ethyl benzene,0
2025/12/15,Denmark,2023,Copper and compounds (as Cu),30.463099999999997
2025/12/15,Denmark,2024,Di-(2-ethyl hexyl) phthalate (DEHP),4.488250000000001
2025/12/15,Denmark,2024,Halogenated organic compounds (as AOX),4.736
2025/12/15,Denmark,2024,Nickel and compounds (as Ni),34.783
2025/12/15,Estonia,2008,Total nitrogen,198000
2025/12/15,Finland,2007,Phenols (as total C),27740
2025/12/15,Finland,2008,Benzene,1600
2025/12/15,Finland,2009,Copper and compounds (as Cu),413
2025/12/15,Finland,2009,Xylenes,205
2025/12/15,Finland,2010,Phenols (as total C),27666
2025/12/15,Finland,2011,Benzene,1930
2025/12/15,Finland,2012,Copper and compounds (as Cu),231.1
2025/12/15,Finland,2012,Xylenes,436
2025/12/15,Finland,2014,"1,2,3,4,5,6-hexachlorocyclohexane (HCH)",120000
2025/12/15,Finland,2014,Benzene,1320
2025/12/15,Finland,2014,Nonylphenol and Nonylphenol ethoxylates,1.17
2025/12/15,Finland,2015,Copper and compounds (as Cu),756.4
2025/12/15,Finland,2017,"1,2,3,4,5,6-hexachlorocyclohexane (HCH)",551
2025/12/15,Finland,2017,Fluorides (as total F),127000
2025/12/15,Finland,2017,Toluene,512
2025/12/15,Finland,2020,Toluene,218
2025/12/15,Finland,2020,Total organic carbon(as total C or COD/3) (TOC),7326600
2025/12/15,Finland,2023,Cadmium and compounds (as Cd),5.5
2025/12/15,Finland,2023,Total organic carbon(as total C or COD/3) (TOC),6865800
2025/12/15,France,2007,Arsenic and compounds (as As),61.95
2025/12/15,France,2007,Chlorides (as total Cl),113360000
2025/12/15,France,2007,Chromium and compounds (as Cr),13122
2025/12/15,France,2007,Mercury and compounds (as Hg),70.28999999999999
2025/12/15,France,2008,Lead and compounds (as Pb),909.2
2025/12/15,France,2009,Fluorides (as total F),447980
2025/12/15,France,2009,Vinyl chloride,40.4
2025/12/15,France,2010,Arsenic and compounds (as As),97.84
2025/12/15,France,2010,"Benzo(g,h,i)perylene",3.1
2025/12/15,France,2010,Chlorides (as total Cl),22690000
2025/12/15,France,2010,Chromium and compounds (as Cr),16339
2025/12/15,France,2010,Mercury and compounds (as Hg),38.82
2025/12/15,France,2011,Lead and compounds (as Pb),298.5
2025/12/15,France,2012,Fluorides (as total F),159850
2025/12/15,France,2012,Vinyl chloride,66.4
2025/12/15,France,2013,Chlorides (as total Cl),35070000
2025/12/15,France,2013,Mercury and compounds (as Hg),33.64
2025/12/15,France,2014,"Chloro-alkanes, C10-C13",3.65
2025/12/15,France,2015,Vinyl chloride,79.8
2025/12/15,France,2018,Vinyl chloride,146
2025/12/15,France,2022,Trichloromethane,177.799998
2025/12/15,France,2023,Tetrachloroethylene,391
2025/12/15,Germany,2007,"1,2,3,4,5,6-hexachlorocyclohexane (HCH)",9.9
2025/12/15,Germany,2007,Fluorides (as total F),325760
2025/12/15,Germany,2008,Chlorides (as total Cl),325660000
2025/12/15,Germany,2008,Mercury and compounds (as Hg),1259.21
2025/12/15,Germany,2009,"Chloro-alkanes, C10-C13",2.31
2025/12/15,Germany,2009,Fluoranthene,114.97
2025/12/15,Germany,2012,"Chloro-alkanes, C10-C13",3.39
2025/12/15,Germany,2012,Fluoranthene,61.85
2025/12/15,Germany,2015,Fluoranthene,17.8
2025/12/15,Germany,2017,Octylphenols and Octylphenol ethoxylates,11.8
2025/12/15,Germany,2018,Fluoranthene,27.349999999999998
2025/12/15,Germany,2020,Octylphenols and Octylphenol ethoxylates,13.33
2025/12/15,Germany,2023,Octylphenols and Octylphenol ethoxylates,11.3
2025/12/15,Germany,2023,Trichloromethane,18
2025/12/15,Germany,2023,Xylenes,6147
2025/12/15,Germany,2024,Toluene,84013
2025/12/15,Greece,2007,Total organic carbon(as total C or COD/3) (TOC),223200
2025/12/15,Greece,2015,Arsenic and compounds (as As),20.3
2025/12/15,Greece,2017,Total nitrogen,183000
2025/12/15,Greece,2018,Arsenic and compounds (as As),7.63
2025/12/15,Greece,2020,Total nitrogen,354000
2025/12/15,Greece,2021,Arsenic and compounds (as As),27.8
2025/12/15,Greece,2023,Fluorides (as total F),2600
2025/12/15,Greece,2023,Total nitrogen,1032000
2025/12/15,Greece,2024,Arsenic and compounds (as As),137
2025/12/15,Hungary,2010,Copper and compounds (as Cu),58.1
2025/12/15,Hungary,2010,Mercury and compounds (as Hg),2.28
2025/12/15,Hungary,2012,Dichloromethane (DCM),8320
2025/12/15,Hungary,2017,Chromium and compounds (as Cr),371
2025/12/15,Hungary,2018,Total organic carbon(as total C or COD/3) (TOC),2334400
2025/12/15,Hungary,2020,Chromium and compounds (as Cr),324
2025/12/15,Hungary,2021,Total organic carbon(as total C or COD/3) (TOC),2723500
2025/12/15,Hungary,2023,Chromium and compounds (as Cr),75.1
2025/12/15,Hungary,2024,Total organic carbon(as total C or COD/3) (TOC),900700
2025/12/15,Ireland,2007,Total organic carbon(as total C or COD/3) (TOC),2876500
2025/12/15,Ireland,2008,Dichloromethane (DCM),427.5
2025/12/15,Ireland,2009,Arsenic and compounds (as As),8.1
2025/12/15,Ireland,2009,Zinc and compounds (as Zn),1281
2025/12/15,Ireland,2010,Total organic carbon(as total C or COD/3) (TOC),2682300
2025/12/15,Ireland,2011,Dichloromethane (DCM),47.2
2025/12/15,Ireland,2012,Zinc and compounds (as Zn),124
2025/12/15,Ireland,2014,Dichloromethane (DCM),37.6
2025/12/15,Ireland,2014,Fluorides (as total F),7480
2025/12/15,Ireland,2014,Phenols (as total C),822.3
2025/12/15,Ireland,2015,Arsenic and compounds (as As),8.7
2025/12/15,Ireland,2015,Chlorides (as total Cl),4100000
2025/12/15,Ireland,2015,Zinc and compounds (as Zn),377
2025/12/15,Ireland,2017,Fluorides (as total F),16500
2025/12/15,Ireland,2017,Phenols (as total C),1554.1
2025/12/15,Ireland,2017,Total nitrogen,413100
2025/12/15,Ireland,2018,Chlorides (as total Cl),4368259.42
2025/12/15,Ireland,2018,Zinc and compounds (as Zn),236.2
2025/12/15,Ireland,2020,Ethyl benzene,0.53
2025/12/15,Ireland,2020,Fluorides (as total F),25365.21
2025/12/15,Ireland,2020,Phenols (as total C),1259.5100000000002
2025/12/15,Ireland,2020,Total nitrogen,292725.56
2025/12/15,Ireland,2021,Chlorides (as total Cl),3435566.78
2025/12/15,Ireland,2021,Nonylphenol and Nonylphenol ethoxylates,461.7325
2025/12/15,Ireland,2023,Ethyl benzene,1
2025/12/15,Ireland,2023,Phenols (as total C),855.225644
2025/12/15,Ireland,2024,Nonylphenol and Nonylphenol ethoxylates,267.955
2025/12/15,Italy,2007,Isodrin,2.27
2025/12/15,Italy,2007,Lead and compounds (as Pb),7420.7
2025/12/15,Italy,2007,Nickel and compounds (as Ni),6450.7
2025/12/15,Italy,2008,Ethyl benzene,17356
2025/12/15,Italy,2008,Fluorides (as total F),60090
2025/12/15,Italy,2008,Phenols (as total C),68830.4
2025/12/15,Italy,2009,Chlorides (as total Cl),59590000
2025/12/15,Italy,2009,Cyanides (as total CN),3003.1
2025/12/15,Italy,2009,Heptachlor,3
2025/12/15,Italy,2009,Nonylphenol and Nonylphenol ethoxylates,2840
2025/12/15,Italy,2009,Trichlorobenzenes (TCB),2.2
2025/12/15,Italy,2010,Hexachlorobenzene (HCB),3
2025/12/15,Italy,2010,Isodrin,5.6
2025/12/15,Italy,2010,Nickel and compounds (as Ni),8131.499999999999
2025/12/15,Italy,2011,"1,2-dichloroethane (DCE-1,2)",451
2025/12/15,Italy,2011,Ethyl benzene,14139
2025/12/15,Italy,2012,Nonylphenol and Nonylphenol ethoxylates,2197
2025/12/15,Italy,2012,Trichlorobenzenes (TCB),3
2025/12/15,Italy,2013,Hexachlorobenzene (HCB),2.7
2025/12/15,Italy,2013,Isodrin,2.7
2025/12/15,Italy,2013,Nickel and compounds (as Ni),7088.8
2025/12/15,Italy,2014,"1,2-dichloroethane (DCE-1,2)",601
2025/12/15,Italy,2014,Ethyl benzene,7641
2025/12/15,Italy,2015,Naphthalene,2916
2025/12/15,Italy,2015,Nonylphenol and Nonylphenol ethoxylates,2192.25
2025/12/15,Italy,2015,Trichloromethane,44
2025/12/15,Italy,2017,"1,2-dichloroethane (DCE-1,2)",22.9
2025/12/15,Italy,2018,Naphthalene,1813.1835
2025/12/15,Italy,2018,Trichloroethylene (TRI),18.4245
2025/12/15,Italy,2018,Trichloromethane,158.20090000000002
2025/12/15,Italy,2020,"1,2-dichloroethane (DCE-1,2)",16.9632
2025/12/15,Italy,2021,Naphthalene,1383.3283999999999
2025/12/15,Italy,2021,Trichloroethylene (TRI),17.7952
2025/12/15,Italy,2021,Trichloromethane,133.1796
2025/12/15,Italy,2021,Xylenes,24432.9374
2025/12/15,Italy,2023,Endrin,3.4482
2025/12/15,Netherlands,2007,Anthracene,2
2025/12/15,Netherlands,2007,Arsenic and compounds (as As),117.88
2025/12/15,Netherlands,2007,Nickel and compounds (as Ni),717.6
2025/12/15,Netherlands,2007,Zinc and compounds (as Zn),4538
2025/12/15,Netherlands,2008,"1,2-dichloroethane (DCE-1,2)",170
2025/12/15,Netherlands,2008,Halogenated organic compounds (as AOX),5600
2025/12/15,Netherlands,2008,Lead and compounds (as Pb),296.6
2025/12/15,Netherlands,2008,Total organic carbon(as total C or COD/3) (TOC),19037800
2025/12/15,Netherlands,2008,Total phosphorus,1157950
2025/12/15,Netherlands,2009,Ethylene oxide,3400
2025/12/15,Netherlands,2009,Phenols (as total C),5872.2
2025/12/15,Netherlands,2010,Arsenic and compounds (as As),112.17
2025/12/15,Netherlands,2010,Chlorides (as total Cl),130470000
2025/12/15,Netherlands,2010,Nickel and compounds (as Ni),393.6
2025/12/15,Netherlands,2010,Zinc and compounds (as Zn),3767
2025/12/15,Netherlands,2011,"1,2-dichloroethane (DCE-1,2)",322
2025/12/15,Netherlands,2011,Halogenated organic compounds (as AOX),30400
2025/12/15,Netherlands,2011,Lead and compounds (as Pb),86.4
2025/12/15,Netherlands,2011,Total phosphorus,1056750
2025/12/15,Netherlands,2012,Naphthalene,60
2025/12/15,Netherlands,2012,Phenols (as total C),34001.2
2025/12/15,Netherlands,2013,Arsenic and compounds (as As),105.25999999999999
2025/12/15,Netherlands,2013,Chlorides (as total Cl),121900000
2025/12/15,Netherlands,2013,Zinc and compounds (as Zn),3674
2025/12/15,Netherlands,2014,"1,2-dichloroethane (DCE-1,2)",368
2025/12/15,Netherlands,2014,Halogenated organic compounds (as AOX),43100
2025/12/15,Netherlands,2014,Lead and compounds (as Pb),28
2025/12/15,Netherlands,2014,Tetrachloromethane (TCM),1.2
2025/12/15,Netherlands,2015,Ethyl benzene,966
2025/12/15,Netherlands,2015,Naphthalene,28
2025/12/15,Netherlands,2015,Phenols (as total C),5819
2025/12/15,Netherlands,2015,Trichloroethylene (TRI),22
2025/12/15,Netherlands,2016,Chlorides (as total Cl),113070000
2025/12/15,Netherlands,2016,Dichloromethane (DCM),99.8
2025/12/15,Netherlands,2016,PCDD + PCDF (dioxins + furans) (as Teq),0.003
2025/12/15,Netherlands,2016,Zinc and compounds (as Zn),2314
2025/12/15,Netherlands,2017,Lead and compounds (as Pb),22
2025/12/15,Netherlands,2017,Tetrachloromethane (TCM),2.2
2025/12/15,Netherlands,2018,Ethyl benzene,276
2025/12/15,Netherlands,2018,Naphthalene,16.7
2025/12/15,Netherlands,2018,Phenols (as total C),4402.3
2025/12/15,Netherlands,2019,Chlorides (as total Cl),124350000
2025/12/15,Netherlands,2019,Dichloromethane (DCM),82.2
2025/12/15,Netherlands,2020,Tetrachloromethane (TCM),1.4
2025/12/15,Netherlands,2021,Ethyl benzene,628
2025/12/15,Netherlands,2021,Naphthalene,37.5
2025/12/15,Netherlands,2021,Trichloroethylene (TRI),45
2025/12/15,Netherlands,2022,Dichloromethane (DCM),96.5
2025/12/15,Netherlands,2023,"Benzo(g,h,i)perylene",2.5
2025/12/15,Netherlands,2023,Chromium and compounds (as Cr),76.3
2025/12/15,Netherlands,2024,Ethyl benzene,265
2025/12/15,Netherlands,2024,Trichloroethylene (TRI),37
2025/12/15,Poland,2007,Cadmium and compounds (as Cd),1572.44
2025/12/15,Poland,2007,Phenols (as total C),1046844.5000000001
2025/12/15,Poland,2007,Trichloroethylene (TRI),71.8
2025/12/15,Poland,2008,Polycyclic aromatic hydrocarbons (PAHs),968.2
2025/12/15,Poland,2008,Zinc and compounds (as Zn),251768
2025/12/15,Poland,2009,Chromium and compounds (as Cr),16404.3
2025/12/15,Poland,2009,Total nitrogen,1488200
2025/12/15,Poland,2009,Xylenes,273
2025/12/15,Poland,2010,Cadmium and compounds (as Cd),8381
2025/12/15,Poland,2010,Phenols (as total C),66813.90000000001
2025/12/15,Poland,2010,Trichloroethylene (TRI),611.2
2025/12/15,Poland,2011,Benzene,273
2025/12/15,Poland,2011,Cyanides (as total CN),2189.1
2025/12/15,Poland,2011,Pentachlorophenol (PCP),1.65
2025/12/15,Poland,2011,Polycyclic aromatic hydrocarbons (PAHs),376
2025/12/15,Poland,2011,Zinc and compounds (as Zn),159304
2025/12/15,Poland,2012,Chromium and compounds (as Cr),46834.1
2025/12/15,Poland,2012,Copper and compounds (as Cu),51314.4
2025/12/15,Poland,2012,Total nitrogen,1536300
2025/12/15,Poland,2013,Phenols (as total C),898845.6
2025/12/15,Poland,2014,Benzene,266
2025/12/15,Poland,2014,Cyanides (as total CN),24064
2025/12/15,Poland,2014,Polycyclic aromatic hydrocarbons (PAHs),458.94
2025/12/15,Poland,2014,Zinc and compounds (as Zn),266817
2025/12/15,Poland,2015,Chromium and compounds (as Cr),1404
2025/12/15,Poland,2015,Copper and compounds (as Cu),37370
2025/12/15,Poland,2015,Nickel and compounds (as Ni),14581.8
2025/12/15,Poland,2016,Phenols (as total C),752860.2000000001
2025/12/15,Poland,2017,Cyanides (as total CN),11816
2025/12/15,Poland,2017,Nonylphenol and Nonylphenol ethoxylates,515
2025/12/15,Poland,2018,Chromium and compounds (as Cr),2406.7
2025/12/15,Poland,2018,Copper and compounds (as Cu),43854.1
2025/12/15,Poland,2018,Nickel and compounds (as Ni),12429.9
2025/12/15,Poland,2019,Halogenated organic compounds (as AOX),396800
2025/12/15,Poland,2020,Nonylphenol and Nonylphenol ethoxylates,635
2025/12/15,Poland,2021,Copper and compounds (as Cu),32642.699999999997
2025/12/15,Poland,2021,Nickel and compounds (as Ni),15037.4
2025/12/15,Poland,2022,Halogenated organic compounds (as AOX),417410
2025/12/15,Poland,2023,Nonylphenol and Nonylphenol ethoxylates,518
2025/12/15,Poland,2024,Nickel and compounds (as Ni),14084.999999999998
2025/12/15,Portugal,2007,Nickel and compounds (as Ni),589.8
2025/12/15,Portugal,2007,Vinyl chloride,709
2025/12/15,Portugal,2008,"1,2-dichloroethane (DCE-1,2)",28.5
2025/12/15,Portugal,2008,Cadmium and compounds (as Cd),97.79
2025/12/15,Portugal,2008,Total phosphorus,76680
2025/12/15,Portugal,2009,Cyanides (as total CN),321
2025/12/15,Portugal,2009,Mercury and compounds (as Hg),15.74
2025/12/15,Portugal,2009,Polycyclic aromatic hydrocarbons (PAHs),7711.16
2025/12/15,Portugal,2010,Nickel and compounds (as Ni),1154.5
2025/12/15,Portugal,2011,Cadmium and compounds (as Cd),134.45
2025/12/15,Portugal,2011,Total phosphorus,5340
2025/12/15,Portugal,2012,Mercury and compounds (as Hg),19.33
2025/12/15,Portugal,2013,Copper and compounds (as Cu),1637.1
2025/12/15,Portugal,2013,Nickel and compounds (as Ni),3858.9999999999995
2025/12/15,Portugal,2014,Di-(2-ethyl hexyl) phthalate (DEHP),54.3
2025/12/15,Portugal,2014,Total phosphorus,5130
2025/12/15,Portugal,2015,Mercury and compounds (as Hg),14.16
2025/12/15,Portugal,2015,Naphthalene,40.1
2025/12/15,Portugal,2015,Polycyclic aromatic hydrocarbons (PAHs),47.81
2025/12/15,Portugal,2016,Copper and compounds (as Cu),1213.4
2025/12/15,Portugal,2017,Trichloromethane,21.7
2025/12/15,Portugal,2017,Xylenes,1820
2025/12/15,Portugal,2018,Mercury and compounds (as Hg),560.5400000000001
2025/12/15,Portugal,2018,Naphthalene,11.9
2025/12/15,Portugal,2019,Copper and compounds (as Cu),1141.5
2025/12/15,Portugal,2020,Di-(2-ethyl hexyl) phthalate (DEHP),46.2
2025/12/15,Portugal,2020,Xylenes,1070
2025/12/15,Portugal,2021,Naphthalene,2170
2025/12/15,Portugal,2022,Copper and compounds (as Cu),491.59999999999997
2025/12/15,Portugal,2023,"Benzo(g,h,i)perylene",1.17
2025/12/15,Portugal,2023,Xylenes,2060
2025/12/15,Portugal,2024,Naphthalene,316
2025/12/15,Romania,2007,"1,2-dichloroethane (DCE-1,2)",189
2025/12/15,Romania,2007,Total organic carbon(as total C or COD/3) (TOC),4571900
2025/12/15,Romania,2009,Zinc and compounds (as Zn),1306
2025/12/15,Romania,2010,Total organic carbon(as total C or COD/3) (TOC),2582000
2025/12/15,Romania,2012,Zinc and compounds (as Zn),420
2025/12/15,Romania,2013,Total organic carbon(as total C or COD/3) (TOC),498000
2025/12/15,Romania,2014,Total nitrogen,124000
2025/12/15,Romania,2015,Zinc and compounds (as Zn),590
2025/12/15,Romania,2017,Total nitrogen,368000
2025/12/15,Romania,2019,Lead and compounds (as Pb),205.40000000000003
2025/12/15,Romania,2020,Phenols (as total C),273.5
2025/12/15,Romania,2020,Total nitrogen,252000
2025/12/15,Romania,2022,Chromium and compounds (as Cr),273.40000000000003
2025/12/15,Romania,2022,Lead and compounds (as Pb),263.3
2025/12/15,Romania,2023,Phenols (as total C),180
2025/12/15,Slovakia,2008,Total phosphorus,9060
2025/12/15,Slovakia,2011,Total phosphorus,9110
2025/12/15,Slovakia,2012,Polycyclic aromatic hydrocarbons (PAHs),6480
2025/12/15,Slovakia,2013,Nickel and compounds (as Ni),56.4
2025/12/15,Slovakia,2014,Total phosphorus,17320
2025/12/15,Slovenia,2007,Total phosphorus,39430
2025/12/15,Slovenia,2009,Arsenic and compounds (as As),13.280000000000001
2025/12/15,Slovenia,2010,Total phosphorus,30120
2025/12/15,Slovenia,2013,Total phosphorus,25600
2025/12/15,Slovenia,2016,Total phosphorus,32200
2025/12/15,Slovenia,2021,Copper and compounds (as Cu),0.093
2025/12/15,Slovenia,2024,Copper and compounds (as Cu),0.36
2025/12/15,Spain,2011,Cadmium and compounds (as Cd),116.13999999999999
2025/12/15,Spain,2011,Tetrachloroethylene,245
2025/12/15,Spain,2013,Total nitrogen,5778200
2025/12/15,Spain,2013,Tributyltin and compounds,1.02
2025/12/15,Spain,2014,Cadmium and compounds (as Cd),547.51
2025/12/15,Spain,2015,"Chloro-alkanes, C10-C13",3.0700000000000003
2025/12/15,Spain,2015,Polycyclic aromatic hydrocarbons (PAHs),900.9
2025/12/15,Spain,2015,Zinc and compounds (as Zn),12145
2025/12/15,Spain,2016,Halogenated organic compounds (as AOX),41260
2025/12/15,Spain,2016,Total nitrogen,2870400
2025/12/15,Spain,2017,Cadmium and compounds (as Cd),92.86
2025/12/15,Spain,2017,Phenols (as total C),12804.000000000002
2025/12/15,Spain,2018,Polycyclic aromatic hydrocarbons (PAHs),1377.8300000000002
2025/12/15,Spain,2018,Zinc and compounds (as Zn),10241
2025/12/15,Spain,2019,Halogenated organic compounds (as AOX),49460
2025/12/15,Spain,2019,Total nitrogen,3361900
2025/12/15,Spain,2020,"1,2-dichloroethane (DCE-1,2)",441
2025/12/15,Spain,2020,Cadmium and compounds (as Cd),84.27
2025/12/15,Spain,2020,Phenols (as total C),4628.4
2025/12/15,Spain,2021,Polycyclic aromatic hydrocarbons (PAHs),2280.75
2025/12/15,Spain,2021,Zinc and compounds (as Zn),5551
2025/12/15,Spain,2022,Copper and compounds (as Cu),1671.8999999999999
2025/12/15,Spain,2022,Halogenated organic compounds (as AOX),8600
2025/12/15,Spain,2022,Tetrachloromethane (TCM),5.109999999999999
2025/12/15,Spain,2022,Total nitrogen,2729500
2025/12/15,Spain,2023,"1,2-dichloroethane (DCE-1,2)",423
2025/12/15,Spain,2023,Di-(2-ethyl hexyl) phthalate (DEHP),1.03
2025/12/15,Spain,2023,Phenols (as total C),11406.099999999999
2025/12/15,Spain,2024,Benzene,484
2025/12/15,Spain,2024,Dichloromethane (DCM),383.4
2025/12/15,Spain,2024,Polycyclic aromatic hydrocarbons (PAHs),1048.98
2025/12/15,Spain,2024,Zinc and compounds (as Zn),4948
2025/12/15,Sweden,2008,Chlorides (as total Cl),8470000
2025/12/15,Sweden,2011,Total phosphorus,122770
2025/12/15,Sweden,2014,Total phosphorus,112020
2025/12/15,Sweden,2017,Total phosphorus,119670
2025/12/15,Sweden,2020,Total phosphorus,97670
2025/12/15,Switzerland,2007,Fluorides (as total F),162500
2025/12/15,Switzerland,2007,Nonylphenol and Nonylphenol ethoxylates,2400
2025/12/15,Switzerland,2007,Toluene,34812
2025/12/15,Switzerland,2010,Fluorides (as total F),104370
2025/12/15,Switzerland,2010,Total organic carbon(as total C or COD/3) (TOC),10943400
2025/12/15,Switzerland,2012,Nickel and compounds (as Ni),101
2025/12/15,Switzerland,2012,Tributyltin and compounds,2.1
2025/12/15,Switzerland,2013,Fluorides (as total F),46130
2025/12/15,Switzerland,2013,Total organic carbon(as total C or COD/3) (TOC),9552000
2025/12/15,Switzerland,2014,Diuron,65
2025/12/15,Switzerland,2015,Nickel and compounds (as Ni),232
2025/12/15,Switzerland,2015,Tributyltin and compounds,1.09
2025/12/15,Switzerland,2016,Cadmium and compounds (as Cd),14
2025/12/15,Switzerland,2016,Total organic carbon(as total C or COD/3) (TOC),12397600
2025/12/15,Switzerland,2017,Diuron,13
2025/12/15,Switzerland,2018,Arsenic and compounds (as As),0.4
2025/12/15,Switzerland,2018,Nickel and compounds (as Ni),178.90800000000002
2025/12/15,Switzerland,2019,Cadmium and compounds (as Cd),8
2025/12/15,Switzerland,2019,Lead and compounds (as Pb),90.329
2025/12/15,Switzerland,2019,Total organic carbon(as total C or COD/3) (TOC),12175017
2025/12/15,Switzerland,2020,Ethylene oxide,1.3
2025/12/15,Switzerland,2021,Chlorides (as total Cl),41356020
2025/12/15,Switzerland,2021,Mercury and compounds (as Hg),0.702
2025/12/15,Switzerland,2021,Nickel and compounds (as Ni),187.64299999999997
2025/12/15,Switzerland,2022,Lead and compounds (as Pb),7.354
2025/12/15,United Kingdom,2007,Ethylene oxide,260
2025/12/15,United Kingdom,2007,Mercury and compounds (as Hg),135.25
2025/12/15,United Kingdom,2007,Polycyclic aromatic hydrocarbons (PAHs),6.3
2025/12/15,United Kingdom,2008,Anthracene,70
2025/12/15,United Kingdom,2008,Nickel and compounds (as Ni),5522.6
2025/12/15,United Kingdom,2009,"1,2-dichloroethane (DCE-1,2)",97.10000000000001
2025/12/15,United Kingdom,2009,Cadmium and compounds (as Cd),67.35
2025/12/15,United Kingdom,2009,Total phosphorus,714230
2025/12/15,United Kingdom,2009,Trichloromethane,223.9
2025/12/15,United Kingdom,2010,Diuron,35.2
2025/12/15,United Kingdom,2010,Mercury and compounds (as Hg),131.3
2025/12/15,United Kingdom,2010,Polycyclic aromatic hydrocarbons (PAHs),414.2
2025/12/15,United Kingdom,2011,Anthracene,68.6
2025/12/15,United Kingdom,2011,Copper and compounds (as Cu),2086.1000000000004
2025/12/15,United Kingdom,2011,Nickel and compounds (as Ni),2632.2999999999997
2025/12/15,United Kingdom,2012,"1,2-dichloroethane (DCE-1,2)",16.4
2025/12/15,United Kingdom,2012,Chlorine and inorganic compounds (as HCl),1331260.00001
2025/12/15,United Kingdom,2012,Di-(2-ethyl hexyl) phthalate (DEHP),20.13
2025/12/15,United Kingdom,2012,Total phosphorus,617090
2025/12/15,United Kingdom,2012,Trichloromethane,20.7
2025/12/15,United Kingdom,2013,Diuron,40.1
2025/12/15,United Kingdom,2013,Mercury and compounds (as Hg),36.38
2025/12/15,United Kingdom,2013,Naphthalene,7087.5
2025/12/15,United Kingdom,2013,Polycyclic aromatic hydrocarbons (PAHs),73.7
2025/12/15,United Kingdom,2013,Trichloroethylene (TRI),33
2025/12/15,United Kingdom,2014,Copper and compounds (as Cu),2547.6
2025/12/15,United Kingdom,2015,"1,2-dichloroethane (DCE-1,2)",77
2025/12/15,United Kingdom,2015,Di-(2-ethyl hexyl) phthalate (DEHP),16.46
2025/12/15,United Kingdom,2015,Trichloromethane,65.5
2025/12/15,United Kingdom,2015,Xylenes,8898
2025/12/15,United Kingdom,2016,Naphthalene,2230
2025/12/15,United Kingdom,2017,Copper and compounds (as Cu),3651.8
2025/12/15,United Kingdom,2018,Di-(2-ethyl hexyl) phthalate (DEHP),9.57
2025/12/15,United Kingdom,2018,Xylenes,11880
2025/12/15,United Kingdom,2019,Naphthalene,1756.2
2025/12/15,United Kingdom,2019,Trichloroethylene (TRI),236
2025/12/15,Austria,2007,Lead and compounds (as Pb),248054.19999999998
2025/12/15,Austria,2009,Arsenic and compounds (as As),24.3
2025/12/15,Austria,2009,Xylenes,1529
2025/12/15,Austria,2010,Fluoranthene,7.87
2025/12/15,Austria,2010,Lead and compounds (as Pb),236221.1
2025/12/15,Austria,2011,"Chloro-alkanes, C10-C13",38.5
2025/12/15,Austria,2012,Octylphenols and Octylphenol ethoxylates,55.199999999999996
2025/12/15,Austria,2014,"Chloro-alkanes, C10-C13",34.730000000000004
2025/12/15,Austria,2014,Pentachlorophenol (PCP),6.71
2025/12/15,Austria,2017,Pentachlorophenol (PCP),7.67
2025/12/15,Austria,2019,Mercury and compounds (as Hg),6.02
2025/12/15,Austria,2020,Pentachlorophenol (PCP),8.530000000000001
2025/12/15,Austria,2022,Halogenated organic compounds (as AOX),168430
2025/12/15,Austria,2022,Mercury and compounds (as Hg),3.17
2025/12/15,Austria,2023,Pentachlorophenol (PCP),4.98
2025/12/15,Belgium,2012,Mercury and compounds (as Hg),1.02
2025/12/15,Belgium,2015,Halogenated organic compounds (as AOX),44710
2025/12/15,Belgium,2015,Mercury and compounds (as Hg),1.18
2025/12/15,Belgium,2017,Total nitrogen,1141000
2025/12/15,Belgium,2018,Cadmium and compounds (as Cd),10.5
2025/12/15,Belgium,2018,Halogenated organic compounds (as AOX),2960
2025/12/15,Belgium,2020,Total nitrogen,1425200
2025/12/15,Belgium,2021,Cadmium and compounds (as Cd),10.7
2025/12/15,Belgium,2021,Nickel and compounds (as Ni),31.9
2025/12/15,Belgium,2023,Total nitrogen,933800
2025/12/15,Belgium,2024,Cadmium and compounds (as Cd),5.74
2025/12/15,Bulgaria,2007,Lead and compounds (as Pb),230
2025/12/15,Bulgaria,2009,Total phosphorus,146250
2025/12/15,Bulgaria,2012,Total phosphorus,176070
2025/12/15,Bulgaria,2015,Nickel and compounds (as Ni),219.10000000000002
2025/12/15,Bulgaria,2016,Mercury and compounds (as Hg),2.87
2025/12/15,Bulgaria,2018,Nickel and compounds (as Ni),215.68
2025/12/15,Bulgaria,2019,Mercury and compounds (as Hg),10
2025/12/15,Bulgaria,2021,Nickel and compounds (as Ni),77
2025/12/15,Bulgaria,2023,Fluorides (as total F),318303
2025/12/15,Croatia,2016,Nonylphenol and Nonylphenol ethoxylates,3.04
2025/12/15,Croatia,2018,Cadmium and compounds (as Cd),20.3
2025/12/15,Croatia,2018,Phenols (as total C),63.9
2025/12/15,Croatia,2020,Arsenic and compounds (as As),9.31
2025/12/15,Croatia,2021,Cadmium and compounds (as Cd),10.8
2025/12/15,Croatia,2021,Lead and compounds (as Pb),27
2025/12/15,Croatia,2023,Arsenic and compounds (as As),19.91
2025/12/15,Croatia,2024,Lead and compounds (as Pb),58.7
2025/12/15,Cyprus,2022,Copper and compounds (as Cu),101
2025/12/15,Cyprus,2022,Zinc and compounds (as Zn),850
2025/12/15,Czechia,2007,Hexachlorobenzene (HCB),1.4
2025/12/15,Czechia,2008,"1,2-dichloroethane (DCE-1,2)",57.5
2025/12/15,Czechia,2009,Copper and compounds (as Cu),5790
2025/12/15,Czechia,2009,Fluorides (as total F),27190
2025/12/15,Czechia,2009,Naphthalene,1590
2025/12/15,Czechia,2009,Zinc and compounds (as Zn),37461
2025/12/15,Czechia,2010,Di-(2-ethyl hexyl) phthalate (DEHP),22.3
2025/12/15,Czechia,2011,Phenols (as total C),310146
2025/12/15,Czechia,2011,Tetrachloroethylene,94.5
2025/12/15,Czechia,2012,Naphthalene,45.9
2025/12/15,Czechia,2012,Zinc and compounds (as Zn),57126
2025/12/15,Czechia,2014,Cadmium and compounds (as Cd),6
2025/12/15,Czechia,2014,Chromium and compounds (as Cr),2469.8
2025/12/15,Czechia,2014,Phenols (as total C),466783.39999999997
2025/12/15,Czechia,2014,Total organic carbon(as total C or COD/3) (TOC),6719500
2025/12/15,Czechia,2015,Zinc and compounds (as Zn),47550
2025/12/15,Czechia,2017,Cadmium and compounds (as Cd),6.8
2025/12/15,Czechia,2017,Chromium and compounds (as Cr),1797
2025/12/15,Czechia,2017,Ethyl benzene,656
2025/12/15,Czechia,2017,Phenols (as total C),444485.2
2025/12/15,Czechia,2017,Total organic carbon(as total C or COD/3) (TOC),6981300
2025/12/15,Czechia,2018,Polycyclic aromatic hydrocarbons (PAHs),0.001
2025/12/15,Czechia,2019,Trichloromethane,37.5
2025/12/15,Czechia,2020,"Benzo(g,h,i)perylene",6e-5
2025/12/15,Czechia,2020,Cadmium and compounds (as Cd),33.702776
2025/12/15,Czechia,2020,Chromium and compounds (as Cr),25619.725001999996
2025/12/15,Czechia,2020,Ethyl benzene,360.73
2025/12/15,Czechia,2020,Tetrachloroethylene,0.001564
2025/12/15,Czechia,2020,Total organic carbon(as total C or COD/3) (TOC),6660492.657740001
2025/12/15,Czechia,2021,Polycyclic aromatic hydrocarbons (PAHs),0.001
2025/12/15,Czechia,2022,Arsenic and compounds (as As),8.474731
2025/12/15,Czechia,2022,Trichloromethane,0.12000000000000001
2025/12/15,Denmark,2007,Nickel and compounds (as Ni),53
2025/12/15,Denmark,2012,Zinc and compounds (as Zn),320
2025/12/15,Denmark,2015,Zinc and compounds (as Zn),140
2025/12/15,Denmark,2018,Zinc and compounds (as Zn),65.0387
2025/12/15,Denmark,2021,Zinc and compounds (as Zn),116.3717
2025/12/15,Denmark,2023,Cadmium and compounds (as Cd),1.028038
2025/12/15,Denmark,2023,Chromium and compounds (as Cr),22.927979999999998
2025/12/15,Denmark,2023,Ethyl benzene,0
2025/12/15,Estonia,2007,Total nitrogen,92500
2025/12/15,Finland,2007,Nonylphenol and Nonylphenol ethoxylates,1.92
2025/12/15,Finland,2008,Arsenic and compounds (as As),32
2025/12/15,Finland,2009,Total organic carbon(as total C or COD/3) (TOC),11405000
2025/12/15,Finland,2011,Arsenic and compounds (as As),198.26999999999998
2025/12/15,Finland,2012,Cadmium and compounds (as Cd),9.92
2025/12/15,Finland,2012,Total organic carbon(as total C or COD/3) (TOC),9965900
2025/12/15,Finland,2014,Arsenic and compounds (as As),309
2025/12/15,Finland,2014,Total phosphorus,294360
2025/12/15,Finland,2017,Arsenic and compounds (as As),49.78
2025/12/15,Finland,2017,Halogenated organic compounds (as AOX),1250
2025/12/15,Finland,2017,Total phosphorus,314170
2025/12/15,Finland,2018,Lead and compounds (as Pb),28.5
2025/12/15,Finland,2020,Halogenated organic compounds (as AOX),1190
2025/12/15,Finland,2020,Total phosphorus,190790
2025/12/15,Finland,2021,Toluene,245
2025/12/15,Finland,2023,Halogenated organic compounds (as AOX),3340
2025/12/15,Finland,2023,Total phosphorus,152030
2025/12/15,France,2007,Diuron,12
2025/12/15,France,2008,Arsenic and compounds (as As),85.11
2025/12/15,France,2008,Chlorides (as total Cl),50440000
2025/12/15,France,2008,Trichloromethane,4667.2
2025/12/15,France,2008,Xylenes,519
2025/12/15,France,2009,Lead and compounds (as Pb),2344.0000000000005
2025/12/15,France,2010,Nonylphenol and Nonylphenol ethoxylates,6
2025/12/15,France,2011,Arsenic and compounds (as As),320.03
2025/12/15,France,2011,Chlorides (as total Cl),24400000
2025/12/15,France,2011,Trichloromethane,148.4
2025/12/15,France,2012,Lead and compounds (as Pb),141.8
2025/12/15,France,2014,Arsenic and compounds (as As),126.86999999999999
2025/12/15,France,2014,Chlorides (as total Cl),34340000
2025/12/15,France,2014,Xylenes,780
2025/12/15,France,2015,Lead and compounds (as Pb),1378.5
2025/12/15,France,2016,"Chloro-alkanes, C10-C13",5.07
2025/12/15,France,2017,Chlorides (as total Cl),21720000
2025/12/15,France,2024,Mercury and compounds (as Hg),8.85
2025/12/15,France,2024,Total phosphorus,631170
2025/12/15,Germany,2007,Lead and compounds (as Pb),5874.899999999999
2025/12/15,Germany,2008,Brominated diphenylethers (PBDE),14.5
2025/12/15,Germany,2009,Chlorides (as total Cl),296610000
2025/12/15,Germany,2009,Xylenes,2478
2025/12/15,Germany,2010,Lead and compounds (as Pb),3552
2025/12/15,Germany,2011,"Chloro-alkanes, C10-C13",2.31
2025/12/15,Germany,2012,Chlorides (as total Cl),484180000
2025/12/15,Germany,2012,Vinyl chloride,2721.9
2025/12/15,Germany,2012,Xylenes,1318
2025/12/15,Germany,2015,PCDD + PCDF (dioxins + furans) (as Teq),0.000846
2025/12/15,Germany,2015,Vinyl chloride,1437.4
2025/12/15,Germany,2018,PCDD + PCDF (dioxins + furans) (as Teq),0.0041719999999999995
2025/12/15,Germany,2018,Vinyl chloride,991.1
2025/12/15,Germany,2019,Mercury and compounds (as Hg),885.9499999999999
2025/12/15,Germany,2019,Total phosphorus,2690800
2025/12/15,Germany,2020,Toluene,34989.520000000004
2025/12/15,Germany,2021,PCDD + PCDF (dioxins + furans) (as Teq),0.0027645350000000003
2025/12/15,Germany,2021,Vinyl chloride,721.6
2025/12/15,Germany,2022,Halogenated organic compounds (as AOX),491080
2025/12/15,Germany,2022,Mercury and compounds (as Hg),727.14
2025/12/15,Germany,2022,Total phosphorus,2564560
2025/12/15,Germany,2023,Toluene,110443
2025/12/15,Germany,2024,PCDD + PCDF (dioxins + furans) (as Teq),0.0019199999999999998
2025/12/15,Greece,2014,Phenols (as total C),518
2025/12/15,Greece,2017,Phenols (as total C),656
2025/12/15,Greece,2019,Arsenic and compounds (as As),68.5
2025/12/15,Greece,2019,Total phosphorus,16100
2025/12/15,Greece,2021,Cyanides (as total CN),96
2025/12/15,Greece,2021,Total nitrogen,1390000
2025/12/15,Greece,2022,Arsenic and compounds (as As),22.8
2025/12/15,Greece,2022,Total phosphorus,6720
2025/12/15,Greece,2023,Lead and compounds (as Pb),22.8
2025/12/15,Greece,2024,Total nitrogen,850000
2025/12/15,Hungary,2007,Total organic carbon(as total C or COD/3) (TOC),3804500
2025/12/15,Hungary,2008,Total nitrogen,125900
2025/12/15,Hungary,2011,Total nitrogen,362000
2025/12/15,Hungary,2014,Total nitrogen,228000
2025/12/15,Hungary,2015,Halogenated organic compounds (as AOX),19800
2025/12/15,Hungary,2016,Lead and compounds (as Pb),443
2025/12/15,Hungary,2017,Total nitrogen,227400
2025/12/15,Hungary,2018,Chromium and compounds (as Cr),390
2025/12/15,Hungary,2018,Halogenated organic compounds (as AOX),16080
2025/12/15,Hungary,2021,Halogenated organic compounds (as AOX),39930
2025/12/15,Hungary,2023,Dichloromethane (DCM),29.4
2025/12/15,Hungary,2024,Chromium and compounds (as Cr),59.3
2025/12/15,Ireland,2007,Copper and compounds (as Cu),339.5
2025/12/15,Ireland,2007,Dichloromethane (DCM),709.9
2025/12/15,Ireland,2010,Copper and compounds (as Cu),232.4
2025/12/15,Ireland,2010,Dichloromethane (DCM),2435.2999999999997
2025/12/15,Ireland,2010,Fluorides (as total F),14400
2025/12/15,Ireland,2013,Copper and compounds (as Cu),79
2025/12/15,Ireland,2013,Fluorides (as total F),8850
2025/12/15,Ireland,2013,Zinc and compounds (as Zn),148
2025/12/15,Ireland,2016,Copper and compounds (as Cu),466.3
2025/12/15,Ireland,2016,Fluorides (as total F),11300
2025/12/15,Ireland,2016,Zinc and compounds (as Zn),230
2025/12/15,Ireland,2018,Phenols (as total C),2320.4774
2025/12/15,Ireland,2019,Fluorides (as total F),20130.52
2025/12/15,Ireland,2019,Zinc and compounds (as Zn),233.1
2025/12/15,Ireland,2021,Phenols (as total C),1126.446
2025/12/15,Ireland,2021,Total organic carbon(as total C or COD/3) (TOC),5188763.736
2025/12/15,Ireland,2022,Zinc and compounds (as Zn),229.5
2025/12/15,Ireland,2023,Total phosphorus,89912.794
2025/12/15,Ireland,2024,Phenols (as total C),639.483
2025/12/15,Ireland,2024,Total organic carbon(as total C or COD/3) (TOC),5332181.492500001
2025/12/15,Italy,2007,Naphthalene,1944
2025/12/15,Italy,2007,Zinc and compounds (as Zn),21951
2025/12/15,Italy,2008,Organotin compounds (as total Sn),208.2
2025/12/15,Italy,2009,"Benzo(g,h,i)perylene",2.2
2025/12/15,Italy,2009,Cadmium and compounds (as Cd),159.9
2025/12/15,Italy,2009,Chromium and compounds (as Cr),209337.8
2025/12/15,Italy,2009,Ethyl benzene,14987
2025/12/15,Italy,2009,Isodrin,5.2
2025/12/15,Italy,2009,Phenols (as total C),215069.4
2025/12/15,Italy,2009,Tetrachloroethylene,9297.699999999999
2025/12/15,Italy,2009,Total organic carbon(as total C or COD/3) (TOC),20694000
2025/12/15,Italy,2010,Nonylphenol and Nonylphenol ethoxylates,2952.52
2025/12/15,Italy,2011,Anthracene,21.1
2025/12/15,Italy,2011,Organotin compounds (as total Sn),81.1
2025/12/15,Italy,2011,Trichloromethane,201.9
2025/12/15,Italy,2012,"Benzo(g,h,i)perylene",2.8
2025/12/15,Italy,2012,Cadmium and compounds (as Cd),575.2
2025/12/15,Italy,2012,Chromium and compounds (as Cr),68346.09999999999
2025/12/15,Italy,2012,Dieldrin,6.2
2025/12/15,Italy,2012,Ethyl benzene,6667
2025/12/15,Italy,2012,Phenols (as total C),81239.09999999999
2025/12/15,Italy,2012,Tetrachloroethylene,64.6
2025/12/15,Italy,2012,Total organic carbon(as total C or COD/3) (TOC),15025400
2025/12/15,Italy,2013,Nonylphenol and Nonylphenol ethoxylates,1045
2025/12/15,Italy,2013,Polycyclic aromatic hydrocarbons (PAHs),331413.1
2025/12/15,Italy,2014,Anthracene,49.6
2025/12/15,Italy,2014,Arsenic and compounds (as As),832.9399999999999
2025/12/15,Italy,2014,Trichloromethane,65.7
2025/12/15,Italy,2015,Cadmium and compounds (as Cd),197.06
2025/12/15,Italy,2015,Chromium and compounds (as Cr),148934.30000000002
2025/12/15,Italy,2015,Dieldrin,1.1
2025/12/15,Italy,2015,Ethyl benzene,1650
2025/12/15,Italy,2015,Lead and compounds (as Pb),9369.1
2025/12/15,Italy,2015,Total organic carbon(as total C or COD/3) (TOC),14880600
2025/12/15,Italy,2016,Nonylphenol and Nonylphenol ethoxylates,36.8
2025/12/15,Italy,2016,Polycyclic aromatic hydrocarbons (PAHs),52131.4
2025/12/15,Italy,2017,Anthracene,45.56
2025/12/15,Italy,2017,Arsenic and compounds (as As),1013.2299999999998
2025/12/15,Italy,2017,Chlorides (as total Cl),75450000
2025/12/15,Italy,2017,Trichloromethane,89.5
2025/12/15,Italy,2017,Xylenes,49280
2025/12/15,Italy,2018,Dieldrin,1.2
2025/12/15,Italy,2018,Ethyl benzene,18339.6626
2025/12/15,Italy,2018,Lead and compounds (as Pb),2121.6315
2025/12/15,Italy,2019,"Chloro-alkanes, C10-C13",29.4243
2025/12/15,Italy,2019,Nonylphenol and Nonylphenol ethoxylates,345.38
2025/12/15,Italy,2019,Polycyclic aromatic hydrocarbons (PAHs),91946.79579999999
2025/12/15,Italy,2020,Arsenic and compounds (as As),1219.2987999999998
2025/12/15,Italy,2020,Chlordane,2.43
2025/12/15,Italy,2020,Chlorides (as total Cl),103442827.359
2025/12/15,Italy,2020,Trichloromethane,107.4009
2025/12/15,Italy,2020,Xylenes,20856.886300000002
2025/12/15,Italy,2021,Dieldrin,2.991
2025/12/15,Italy,2021,Lead and compounds (as Pb),12404.2166
2025/12/15,Italy,2023,Arsenic and compounds (as As),978.5342000000002
2025/12/15,Italy,2023,Chlordane,1.8131
2025/12/15,Italy,2023,Chlorides (as total Cl),6486488247.099999
2025/12/15,Italy,2023,Lindane,1.8131
2025/12/15,Italy,2023,Xylenes,7947.255999999999
2025/12/15,Netherlands,2007,Ethyl benzene,2140
2025/12/15,Netherlands,2007,Lead and compounds (as Pb),785
2025/12/15,Netherlands,2007,Toluene,2879
2025/12/15,Netherlands,2008,Nonylphenol and Nonylphenol ethoxylates,742
2025/12/15,Netherlands,2008,Vinyl chloride,115
2025/12/15,Netherlands,2009,Arsenic and compounds (as As),108.54999999999998
2025/12/15,Netherlands,2009,Chlorides (as total Cl),118530000
2025/12/15,Netherlands,2009,Total phosphorus,1124140
2025/12/15,Netherlands,2010,Lead and compounds (as Pb),127.5
2025/12/15,Netherlands,2010,Toluene,2120
2025/12/15,Netherlands,2012,Chlorides (as total Cl),127750000
2025/12/15,Netherlands,2012,Halogenated organic compounds (as AOX),53200
2025/12/15,Netherlands,2012,Total phosphorus,1110230
2025/12/15,Netherlands,2013,Lead and compounds (as Pb),64.5
2025/12/15,Netherlands,2013,Toluene,2448
2025/12/15,Netherlands,2015,Chlorides (as total Cl),109630000
2025/12/15,Netherlands,2015,Halogenated organic compounds (as AOX),67600
2025/12/15,Netherlands,2015,Total phosphorus,1011710
2025/12/15,Netherlands,2016,Toluene,764
2025/12/15,Netherlands,2018,Halogenated organic compounds (as AOX),89600
2025/12/15,Netherlands,2018,Tetrachloromethane (TCM),1.2
2025/12/15,Netherlands,2020,Cyanides (as total CN),92
2025/12/15,Netherlands,2020,Dichloromethane (DCM),143
2025/12/15,Netherlands,2020,Ethylene oxide,8160
2025/12/15,Netherlands,2021,Nickel and compounds (as Ni),483.30000000000007
2025/12/15,Netherlands,2021,Tetrachloromethane (TCM),1.59
2025/12/15,Netherlands,2023,Cyanides (as total CN),62
2025/12/15,Netherlands,2023,Dichloromethane (DCM),66.4
2025/12/15,Netherlands,2023,Ethylene oxide,6640
2025/12/15,Netherlands,2024,Nickel and compounds (as Ni),472.59999999999997
2025/12/15,Poland,2007,Cyanides (as total CN),10159.9
2025/12/15,Poland,2007,Total nitrogen,3612700
2025/12/15,Poland,2008,Cadmium and compounds (as Cd),3237.0699999999997
2025/12/15,Poland,2008,Chromium and compounds (as Cr),21250.399999999998
2025/12/15,Poland,2008,Halogenated organic compounds (as AOX),225500
2025/12/15,Poland,2008,Tetrachloromethane (TCM),3185.7
2025/12/15,Poland,2009,Polycyclic aromatic hydrocarbons (PAHs),1071
2025/12/15,Poland,2010,Cyanides (as total CN),2158.5
2025/12/15,Poland,2010,Dichloromethane (DCM),222
2025/12/15,Poland,2010,Total nitrogen,1714200
2025/12/15,Poland,2011,Cadmium and compounds (as Cd),2083.31
2025/12/15,Poland,2011,Chromium and compounds (as Cr),27115.3
2025/12/15,Poland,2011,Nickel and compounds (as Ni),26426.200000000004
2025/12/15,Poland,2011,Tetrachloromethane (TCM),258
2025/12/15,Poland,2012,Polycyclic aromatic hydrocarbons (PAHs),721.25
2025/12/15,Poland,2013,Cyanides (as total CN),60389.5
2025/12/15,Poland,2013,Dichloromethane (DCM),1380
2025/12/15,Poland,2013,Total nitrogen,1829300
2025/12/15,Poland,2014,Cadmium and compounds (as Cd),13315.93
2025/12/15,Poland,2014,Chromium and compounds (as Cr),990
2025/12/15,Poland,2014,Nickel and compounds (as Ni),24680.299999999996
2025/12/15,Poland,2015,Polycyclic aromatic hydrocarbons (PAHs),324.9
2025/12/15,Poland,2016,Copper and compounds (as Cu),24985.5
2025/12/15,Poland,2016,Cyanides (as total CN),23530
2025/12/15,Poland,2016,Total nitrogen,996000
2025/12/15,Poland,2017,Di-(2-ethyl hexyl) phthalate (DEHP),1.4
2025/12/15,Poland,2017,Nickel and compounds (as Ni),12475.5
2025/12/15,Poland,2018,Polycyclic aromatic hydrocarbons (PAHs),120.14
2025/12/15,Poland,2019,Copper and compounds (as Cu),31062.100000000002
2025/12/15,Poland,2019,Fluorides (as total F),1303610
2025/12/15,Poland,2020,Nickel and compounds (as Ni),15313.8
2025/12/15,Poland,2022,Copper and compounds (as Cu),36537.9
2025/12/15,Poland,2022,Fluorides (as total F),1268340
2025/12/15,Portugal,2007,Cadmium and compounds (as Cd),49.489999999999995
2025/12/15,Portugal,2008,Polycyclic aromatic hydrocarbons (PAHs),890.3599999999999
2025/12/15,Portugal,2008,Vinyl chloride,657
2025/12/15,Portugal,2011,Polycyclic aromatic hydrocarbons (PAHs),3070
2025/12/15,Portugal,2011,Vinyl chloride,197
2025/12/15,Portugal,2012,Copper and compounds (as Cu),1006.3
2025/12/15,Portugal,2012,Total phosphorus,54920
2025/12/15,Portugal,2013,Di-(2-ethyl hexyl) phthalate (DEHP),15.8
2025/12/15,Portugal,2015,Copper and compounds (as Cu),935.4000000000001
2025/12/15,Portugal,2015,Total phosphorus,6540
2025/12/15,Portugal,2016,Di-(2-ethyl hexyl) phthalate (DEHP),10.7
2025/12/15,Portugal,2016,Toluene,1160
2025/12/15,Portugal,2018,Copper and compounds (as Cu),2070.8
2025/12/15,Portugal,2018,Total phosphorus,69970
2025/12/15,Portugal,2018,Trichloromethane,10.4
2025/12/15,Portugal,2018,Zinc and compounds (as Zn),2286
2025/12/15,Portugal,2019,Toluene,3420
2025/12/15,Portugal,2020,Cyanides (as total CN),440.7
2025/12/15,Portugal,2020,Phenols (as total C),138085.9
2025/12/15,Portugal,2021,Xylenes,8270
2025/12/15,Portugal,2021,Zinc and compounds (as Zn),1263
2025/12/15,Portugal,2023,Cyanides (as total CN),6036.4
2025/12/15,Portugal,2023,Phenols (as total C),27511.999999999996
2025/12/15,Portugal,2024,Nickel and compounds (as Ni),4403.6
2025/12/15,Portugal,2024,Xylenes,1990
2025/12/15,Portugal,2024,Zinc and compounds (as Zn),946
2025/12/15,Romania,2007,Copper and compounds (as Cu),252
2025/12/15,Romania,2013,Zinc and compounds (as Zn),174
2025/12/15,Romania,2016,Zinc and compounds (as Zn),151
2025/12/15,Romania,2018,Phenols (as total C),578.6
2025/12/15,Romania,2019,Zinc and compounds (as Zn),132
2025/12/15,Romania,2021,Phenols (as total C),342.2
2025/12/15,Romania,2021,Total organic carbon(as total C or COD/3) (TOC),908000
2025/12/15,Romania,2023,Total phosphorus,18600
2025/12/15,Romania,2024,Phenols (as total C),241.8
2025/12/15,Romania,2024,Total organic carbon(as total C or COD/3) (TOC),292200
2025/12/15,Serbia,2010,Copper and compounds (as Cu),53.7
2025/12/15,Serbia,2011,Nickel and compounds (as Ni),39
2025/12/15,Slovakia,2009,Total phosphorus,11150
2025/12/15,Slovakia,2010,Toluene,1490
2025/12/15,Slovakia,2011,Polycyclic aromatic hydrocarbons (PAHs),4400
2025/12/15,Slovakia,2012,Total phosphorus,23660
2025/12/15,Slovakia,2013,Toluene,1230
2025/12/15,Slovakia,2015,Total phosphorus,26830
2025/12/15,Slovakia,2015,Zinc and compounds (as Zn),839
2025/12/15,Slovakia,2016,Toluene,502
2025/12/15,Slovakia,2018,Total phosphorus,44170
2025/12/15,Slovakia,2018,Zinc and compounds (as Zn),870
2025/12/15,Slovakia,2021,Zinc and compounds (as Zn),2840
2025/12/15,Slovenia,2011,Arsenic and compounds (as As),11
2025/12/15,Slovenia,2011,Total phosphorus,27480
2025/12/15,Slovenia,2014,Total phosphorus,19120
2025/12/15,Slovenia,2017,Total phosphorus,30600
2025/12/15,Slovenia,2020,Copper and compounds (as Cu),0.14
2025/12/15,Slovenia,2020,Total phosphorus,37253.61
2025/12/15,Slovenia,2020,Zinc and compounds (as Zn),0.31
2025/12/15,Slovenia,2022,Phenols (as total C),42
2025/12/15,Slovenia,2023,Zinc and compounds (as Zn),1.09
2025/12/15,Spain,2007,Polycyclic aromatic hydrocarbons (PAHs),187.63
2025/12/15,Spain,2008,Copper and compounds (as Cu),13360.5
2025/12/15,Spain,2008,Organotin compounds (as total Sn),185
2025/12/15,Spain,2008,Total phosphorus,298690
2025/12/15,Spain,2008,Trichloromethane,182
2025/12/15,Spain,2009,Toluene,1630
2025/12/15,Spain,2011,Copper and compounds (as Cu),8507.199999999999
2025/12/15,Spain,2011,Total phosphorus,334900
2025/12/15,Spain,2011,Trichloromethane,822
2025/12/15,Spain,2011,Zinc and compounds (as Zn),29413
2025/12/15,Spain,2012,Polychlorinated biphenyls (PCBs),0.4
2025/12/15,Spain,2013,Phenols (as total C),16930.6
2025/12/15,Spain,2014,Copper and compounds (as Cu),397.5
2025/12/15,Spain,2014,Total phosphorus,314770
2025/12/15,Spain,2014,Zinc and compounds (as Zn),7395
2025/12/15,Spain,2016,Chlorpyrifos,4.5
2025/12/15,Spain,2016,Phenols (as total C),16069.9
2025/12/15,Spain,2017,Trichloromethane,186
2025/12/15,Spain,2017,Zinc and compounds (as Zn),8949
2025/12/15,Spain,2019,Phenols (as total C),22633.4
2025/12/15,Spain,2019,Total organic carbon(as total C or COD/3) (TOC),9775600
2025/12/15,Spain,2020,Zinc and compounds (as Zn),56020
2025/12/15,Spain,2021,"1,2-dichloroethane (DCE-1,2)",0.80969
2025/12/15,Spain,2021,Anthracene,15.38
2025/12/15,Spain,2022,"Chloro-alkanes, C10-C13",22.57
2025/12/15,Spain,2022,Ethylene oxide,96.9
2025/12/15,Spain,2022,Phenols (as total C),23493
2025/12/15,Spain,2022,Total organic carbon(as total C or COD/3) (TOC),6868600
2025/12/15,Spain,2023,Nonylphenol and Nonylphenol ethoxylates,4.28
2025/12/15,Spain,2023,PCDD + PCDF (dioxins + furans) (as Teq),0.443266
2025/12/15,Spain,2024,"1,2-dichloroethane (DCE-1,2)",416
2025/12/15,Spain,2024,Arsenic and compounds (as As),154.83
2025/12/15,Sweden,2008,Total nitrogen,371500
2025/12/15,Sweden,2009,Chlorides (as total Cl),6630000
2025/12/15,Switzerland,2007,Chlorides (as total Cl),29670000
2025/12/15,Switzerland,2007,Halogenated organic compounds (as AOX),254260
2025/12/15,Switzerland,2007,Total phosphorus,152440
2025/12/15,Switzerland,2008,Lead and compounds (as Pb),336
2025/12/15,Switzerland,2008,Toluene,32350
2025/12/15,Switzerland,2010,Chlorides (as total Cl),37070000
2025/12/15,Switzerland,2010,Halogenated organic compounds (as AOX),505180
2025/12/15,Switzerland,2010,Total phosphorus,162280
2025/12/15,Switzerland,2011,Toluene,14378
2025/12/15,Switzerland,2013,Halogenated organic compounds (as AOX),420190
2025/12/15,Switzerland,2015,Dichloromethane (DCM),575
2025/12/15,Switzerland,2016,Nickel and compounds (as Ni),214
2025/12/15,Switzerland,2017,Mercury and compounds (as Hg),1
2025/12/15,Switzerland,2018,Cyanides (as total CN),7.211
2025/12/15,Switzerland,2018,Dichloromethane (DCM),216.9
2025/12/15,Switzerland,2018,Ethylene oxide,3
2025/12/15,Switzerland,2019,Nickel and compounds (as Ni),231.567
2025/12/15,Switzerland,2020,Mercury and compounds (as Hg),1.687
2025/12/15,Switzerland,2021,Dichloromethane (DCM),277.59999999999997
2025/12/15,Switzerland,2021,Ethylene oxide,1
2025/12/15,Switzerland,2022,Nickel and compounds (as Ni),158.242
2025/12/15,United Kingdom,2007,Anthracene,71.1
2025/12/15,United Kingdom,2007,Copper and compounds (as Cu),11090.100000000002
2025/12/15,United Kingdom,2007,Total phosphorus,1218360
2025/12/15,United Kingdom,2008,Di-(2-ethyl hexyl) phthalate (DEHP),32.73
2025/12/15,United Kingdom,2008,Toluene,27510
2025/12/15,United Kingdom,2009,Diuron,37.7
2025/12/15,United Kingdom,2009,Polycyclic aromatic hydrocarbons (PAHs),134
2025/12/15,United Kingdom,2009,Vinyl chloride,723
2025/12/15,United Kingdom,2010,Copper and compounds (as Cu),6155.599999999999
2025/12/15,United Kingdom,2010,Total phosphorus,726220
2025/12/15,United Kingdom,2011,Di-(2-ethyl hexyl) phthalate (DEHP),24.2
2025/12/15,United Kingdom,2011,Polychlorinated biphenyls (PCBs),0.61
2025/12/15,United Kingdom,2011,Toluene,12242
2025/12/15,United Kingdom,2012,Halons,1e-5
2025/12/15,United Kingdom,2012,Hydrochlorofluorocarbons (HCFCs),1e-5
2025/12/15,United Kingdom,2012,Non-methane volatile organic compounds (NMVOC),561.00001
2025/12/15,United Kingdom,2012,Sulphur hexafluoride (SF6),1e-5
2025/12/15,United Kingdom,2013,Copper and compounds (as Cu),2893.0000000000005
2025/12/15,United Kingdom,2013,Total phosphorus,530840
2025/12/15,United Kingdom,2013,Trichloromethane,67.19999999999999
2025/12/15,United Kingdom,2013,Zinc and compounds (as Zn),15401
2025/12/15,United Kingdom,2014,Di-(2-ethyl hexyl) phthalate (DEHP),11.17
2025/12/15,United Kingdom,2014,Toluene,10028
2025/12/15,United Kingdom,2015,Cyanides (as total CN),14540
2025/12/15,United Kingdom,2016,Copper and compounds (as Cu),4654.799999999999
2025/12/15,United Kingdom,2016,Total phosphorus,317820
2025/12/15,United Kingdom,2016,Trichloromethane,720.7
2025/12/15,United Kingdom,2016,Zinc and compounds (as Zn),10505
2025/12/15,United Kingdom,2017,Toluene,6409
2025/12/15,United Kingdom,2018,Cyanides (as total CN),1200
2025/12/15,United Kingdom,2018,Phenols (as total C),58126.4
2025/12/15,United Kingdom,2019,Trichloromethane,52
2025/12/15,United Kingdom,2019,Xylenes,9323
2025/12/15,United Kingdom,2019,Zinc and compounds (as Zn),12548
2025/12/15,Austria,2007,Nickel and compounds (as Ni),1071.7
2025/12/15,Austria,2008,Total nitrogen,1166200
2025/12/15,Austria,2009,Cadmium and compounds (as Cd),20.5
2025/12/15,Austria,2009,Fluorides (as total F),34160
2025/12/15,Austria,2010,Pentachlorophenol (PCP),13.84
2025/12/15,Austria,2010,Polycyclic aromatic hydrocarbons (PAHs),516
2025/12/15,Austria,2011,Fluoranthene,8.61
2025/12/15,Austria,2011,Total nitrogen,1041100
2025/12/15,Austria,2012,Fluorides (as total F),37000
2025/12/15,Austria,2013,Octylphenols and Octylphenol ethoxylates,74.27
2025/12/15,Austria,2013,Pentachlorophenol (PCP),2.96
2025/12/15,Austria,2014,Fluoranthene,10.32
2025/12/15,Austria,2015,Fluorides (as total F),40050
2025/12/15,Austria,2016,Pentachlorophenol (PCP),7.57
2025/12/15,Austria,2018,Halogenated organic compounds (as AOX),5710
2025/12/15,Austria,2019,Octylphenols and Octylphenol ethoxylates,2
2025/12/15,Austria,2019,Pentachlorophenol (PCP),8.01
2025/12/15,Austria,2020,Toluene,6230
2025/12/15,Austria,2020,Zinc and compounds (as Zn),317677
2025/12/15,Austria,2021,Halogenated organic compounds (as AOX),187580
2025/12/15,Austria,2022,Octylphenols and Octylphenol ethoxylates,2.17
2025/12/15,Austria,2023,Mercury and compounds (as Hg),3.41
2025/12/15,Austria,2023,Toluene,13100
2025/12/15,Austria,2023,Zinc and compounds (as Zn),352301
2025/12/15,Austria,2024,Chromium and compounds (as Cr),674.2
2025/12/15,Austria,2024,Halogenated organic compounds (as AOX),169880
2025/12/15,Belgium,2007,Zinc and compounds (as Zn),1069
2025/12/15,Belgium,2008,Halogenated organic compounds (as AOX),1220
2025/12/15,Belgium,2010,Zinc and compounds (as Zn),981
2025/12/15,Belgium,2013,Zinc and compounds (as Zn),544
2025/12/15,Belgium,2014,Halogenated organic compounds (as AOX),1310
2025/12/15,Belgium,2015,Total organic carbon(as total C or COD/3) (TOC),5592400
2025/12/15,Belgium,2015,Trichloromethane,106
2025/12/15,Belgium,2016,Mercury and compounds (as Hg),6.54
2025/12/15,Belgium,2016,Zinc and compounds (as Zn),954
2025/12/15,Belgium,2017,Halogenated organic compounds (as AOX),4030
2025/12/15,Belgium,2018,Ethyl benzene,410
2025/12/15,Belgium,2018,Total organic carbon(as total C or COD/3) (TOC),3682603.87
2025/12/15,Belgium,2018,Trichloromethane,215
2025/12/15,Belgium,2019,Dichloromethane (DCM),51.9
2025/12/15,Belgium,2021,Ethyl benzene,832
2025/12/15,Belgium,2021,Total organic carbon(as total C or COD/3) (TOC),2133800
2025/12/15,Belgium,2021,Trichloromethane,168.9
2025/12/15,Belgium,2023,Arsenic and compounds (as As),18.32
2025/12/15,Belgium,2024,"1,2-dichloroethane (DCE-1,2)",12.6
2025/12/15,Belgium,2024,Ethyl benzene,998
2025/12/15,Belgium,2024,Total organic carbon(as total C or COD/3) (TOC),2460100
2025/12/15,Belgium,2024,Xylenes,1810
2025/12/15,Bulgaria,2009,Copper and compounds (as Cu),533
2025/12/15,Bulgaria,2011,Phenols (as total C),1390
2025/12/15,Bulgaria,2014,Phenols (as total C),3745
2025/12/15,Bulgaria,2017,Phenols (as total C),1587
2025/12/15,Bulgaria,2018,Cyanides (as total CN),88.03
2025/12/15,Bulgaria,2020,Phenols (as total C),2866
2025/12/15,Bulgaria,2021,Cadmium and compounds (as Cd),264
2025/12/15,Bulgaria,2023,Total nitrogen,617574
2025/12/15,Croatia,2014,Zinc and compounds (as Zn),131
2025/12/15,Croatia,2017,Mercury and compounds (as Hg),1.1
2025/12/15,Croatia,2017,Zinc and compounds (as Zn),222
2025/12/15,Croatia,2019,Cadmium and compounds (as Cd),19
2025/12/15,Croatia,2020,Mercury and compounds (as Hg),1.59
2025/12/15,Croatia,2022,Cadmium and compounds (as Cd),9.32
2025/12/15,Croatia,2024,Arsenic and compounds (as As),24.92
2025/12/15,Cyprus,2008,Total organic carbon(as total C or COD/3) (TOC),261000
2025/12/15,Cyprus,2014,Total organic carbon(as total C or COD/3) (TOC),2316000
2025/12/15,Cyprus,2015,Total nitrogen,579000
2025/12/15,Cyprus,2018,Total nitrogen,561800
2025/12/15,Cyprus,2021,Total nitrogen,658500
2025/12/15,Czechia,2007,Copper and compounds (as Cu),1330
2025/12/15,Czechia,2008,Naphthalene,1527.9
2025/12/15,Czechia,2009,Benzene,1200
2025/12/15,Czechia,2009,Toluene,13600
2025/12/15,Czechia,2010,Chromium and compounds (as Cr),1676
2025/12/15,Czechia,2010,Copper and compounds (as Cu),9817.6
2025/12/15,Czechia,2011,Di-(2-ethyl hexyl) phthalate (DEHP),3.51
2025/12/15,Czechia,2012,Phenols (as total C),343976.3
2025/12/15,Czechia,2012,Toluene,13285
2025/12/15,Czechia,2013,Chromium and compounds (as Cr),719
2025/12/15,Czechia,2013,Copper and compounds (as Cu),4388
2025/12/15,Czechia,2015,Phenols (as total C),464358.2
2025/12/15,Czechia,2015,Toluene,24590
2025/12/15,Czechia,2016,Chromium and compounds (as Cr),2053
2025/12/15,Czechia,2017,Tetrachloromethane (TCM),17.4
2025/12/15,Czechia,2018,Phenols (as total C),437418.51600000006
2025/12/15,Czechia,2018,Tetrachloroethylene,149.408
2025/12/15,Czechia,2019,"Benzo(g,h,i)perylene",0.001
2025/12/15,Czechia,2019,Chromium and compounds (as Cr),45338.96052
2025/12/15,Czechia,2020,Nickel and compounds (as Ni),16344.967554
2025/12/15,Czechia,2020,Tetrachloromethane (TCM),9.02
2025/12/15,Czechia,2021,Phenols (as total C),479128.01809500006
2025/12/15,Czechia,2021,Tetrachloroethylene,84.87
2025/12/15,Denmark,2009,Arsenic and compounds (as As),1720
2025/12/15,Denmark,2019,Chromium and compounds (as Cr),54.234249999999996
2025/12/15,Denmark,2020,Total organic carbon(as total C or COD/3) (TOC),11739272.7
2025/12/15,Denmark,2021,Toluene,0
2025/12/15,Denmark,2022,Chromium and compounds (as Cr),26.456931000000004
2025/12/15,Denmark,2023,Total organic carbon(as total C or COD/3) (TOC),9259771.990069998
2025/12/15,Finland,2007,Arsenic and compounds (as As),519
2025/12/15,Finland,2007,Nickel and compounds (as Ni),55
2025/12/15,Finland,2007,Xylenes,673
2025/12/15,Finland,2008,Total organic carbon(as total C or COD/3) (TOC),14994300
2025/12/15,Finland,2009,Fluorides (as total F),55800
2025/12/15,Finland,2010,Arsenic and compounds (as As),48.5
2025/12/15,Finland,2010,Nickel and compounds (as Ni),105.3
2025/12/15,Finland,2011,Lead and compounds (as Pb),22.2
2025/12/15,Finland,2012,Fluorides (as total F),117000
2025/12/15,Finland,2013,Arsenic and compounds (as As),273
2025/12/15,Finland,2013,Benzene,1830
2025/12/15,Finland,2014,Copper and compounds (as Cu),343
2025/12/15,Finland,2015,Fluorides (as total F),215000
2025/12/15,Finland,2016,Benzene,1400
2025/12/15,Finland,2017,Copper and compounds (as Cu),726
2025/12/15,Finland,2017,Lead and compounds (as Pb),40.2
2025/12/15,Finland,2018,Fluorides (as total F),91300
2025/12/15,Finland,2018,Total phosphorus,209700
2025/12/15,Finland,2019,Benzene,1840
2025/12/15,Finland,2020,Copper and compounds (as Cu),930
2025/12/15,Finland,2020,Zinc and compounds (as Zn),977
2025/12/15,Finland,2021,Halogenated organic compounds (as AOX),2150
2025/12/15,Finland,2021,Total phosphorus,151410
2025/12/15,Finland,2022,Benzene,592
2025/12/15,Finland,2023,Copper and compounds (as Cu),985.4
2025/12/15,Finland,2023,Mercury and compounds (as Hg),8.72
2025/12/15,Finland,2023,Zinc and compounds (as Zn),509
2025/12/15,Finland,2024,Halogenated organic compounds (as AOX),2700
2025/12/15,Finland,2024,Total phosphorus,165410
2025/12/15,France,2007,Ethyl benzene,365
2025/12/15,France,2007,Total nitrogen,2859800
2025/12/15,France,2008,Cadmium and compounds (as Cd),40.75
2025/12/15,France,2008,Cyanides (as total CN),5705.2
2025/12/15,France,2008,Ethylene oxide,25000
2025/12/15,France,2009,Tetrachloromethane (TCM),548
2025/12/15,France,2010,"1,2-dichloroethane (DCE-1,2)",483
2025/12/15,France,2010,Total nitrogen,2788700
2025/12/15,France,2011,Cadmium and compounds (as Cd),38.72
2025/12/15,France,2011,Fluorides (as total F),315680
2025/12/15,France,2012,Chlorides (as total Cl),22410000
2025/12/15,France,2012,"Chloro-alkanes, C10-C13",1.94
2025/12/15,France,2013,"1,2-dichloroethane (DCE-1,2)",192.3
2025/12/15,France,2013,Total nitrogen,2361400
2025/12/15,France,2013,Tributyltin and compounds,3.45
2025/12/15,France,2014,Cadmium and compounds (as Cd),7.24
2025/12/15,France,2014,Fluorides (as total F),176650
2025/12/15,France,2015,Chlorides (as total Cl),35030000
2025/12/15,France,2016,"1,2-dichloroethane (DCE-1,2)",21.5
2025/12/15,France,2016,Total nitrogen,1918600
2025/12/15,France,2017,Fluorides (as total F),2380
2025/12/15,France,2018,Chlorides (as total Cl),19960000
2025/12/15,France,2020,Fluorides (as total F),43070
2025/12/15,France,2020,Total phosphorus,437840
2025/12/15,France,2020,Trichloroethylene (TRI),20
2025/12/15,France,2021,Chlorides (as total Cl),33340000
2025/12/15,France,2021,Toluene,4990
2025/12/15,France,2023,Halogenated organic compounds (as AOX),10240
2025/12/15,France,2023,Total phosphorus,486910
2025/12/15,France,2024,Toluene,1782
2025/12/15,Germany,2007,Anthracene,2
2025/12/15,Germany,2007,Arsenic and compounds (as As),896.46
2025/12/15,Germany,2007,Nickel and compounds (as Ni),9883.7
2025/12/15,Germany,2008,Lead and compounds (as Pb),4459.299999999999
2025/12/15,Germany,2008,Xylenes,4113
2025/12/15,Germany,2009,Nonylphenol and Nonylphenol ethoxylates,497
2025/12/15,Germany,2009,Polycyclic aromatic hydrocarbons (PAHs),1309.6
2025/12/15,Germany,2010,Arsenic and compounds (as As),1206.27
2025/12/15,Germany,2010,Benzene,14881
2025/12/15,Germany,2011,Copper and compounds (as Cu),12281.2
2025/12/15,Germany,2011,Lead and compounds (as Pb),3596.1000000000004
2025/12/15,Germany,2012,Di-(2-ethyl hexyl) phthalate (DEHP),2.48
2025/12/15,Germany,2012,Polychlorinated biphenyls (PCBs),2.73
2025/12/15,Germany,2013,Benzene,5848
2025/12/15,Germany,2014,Copper and compounds (as Cu),5773.799999999999
2025/12/15,Germany,2014,Lead and compounds (as Pb),3753.6000000000004
2025/12/15,Germany,2016,Benzene,4872
2025/12/15,Germany,2016,Organotin compounds (as total Sn),2239
2025/12/15,Germany,2017,Copper and compounds (as Cu),50211.8
2025/12/15,Germany,2019,Benzene,1777.61
2025/12/15,Germany,2019,Organotin compounds (as total Sn),14000
2025/12/15,Germany,2019,PCDD + PCDF (dioxins + furans) (as Teq),0.0033090000000000003
2025/12/15,Germany,2020,Copper and compounds (as Cu),85458.6
2025/12/15,Germany,2020,Zinc and compounds (as Zn),63497
2025/12/15,Germany,2022,Organotin compounds (as total Sn),8039.6
2025/12/15,Germany,2022,PCDD + PCDF (dioxins + furans) (as Teq),0.0021511
2025/12/15,Germany,2023,Cyanides (as total CN),16485.6
2025/12/15,Germany,2023,Mercury and compounds (as Hg),267.6
2025/12/15,Germany,2023,Zinc and compounds (as Zn),29681
2025/12/15,Greece,2013,Zinc and compounds (as Zn),421
2025/12/15,Greece,2014,Chromium and compounds (as Cr),259
2025/12/15,Greece,2017,Chromium and compounds (as Cr),70.2
2025/12/15,Greece,2018,Total phosphorus,6620
2025/12/15,Greece,2020,Chromium and compounds (as Cr),62.8
2025/12/15,Greece,2021,Nickel and compounds (as Ni),323
2025/12/15,Greece,2022,Cadmium and compounds (as Cd),7.59
2025/12/15,Greece,2024,Nickel and compounds (as Ni),176
2025/12/15,Hungary,2007,Total nitrogen,51400
2025/12/15,Hungary,2012,Copper and compounds (as Cu),89.4
2025/12/15,Hungary,2013,Total nitrogen,285000
2025/12/15,Hungary,2015,Copper and compounds (as Cu),1280
2025/12/15,Hungary,2016,Halogenated organic compounds (as AOX),6920
2025/12/15,Hungary,2018,Copper and compounds (as Cu),418
2025/12/15,Hungary,2018,Toluene,2404
2025/12/15,Hungary,2018,Zinc and compounds (as Zn),16498
2025/12/15,Hungary,2019,Halogenated organic compounds (as AOX),1400
2025/12/15,Hungary,2021,Toluene,547
2025/12/15,Hungary,2021,Zinc and compounds (as Zn),462
2025/12/15,Hungary,2022,Halogenated organic compounds (as AOX),31770
2025/12/15,Hungary,2023,Trichloromethane,32.6
2025/12/15,Ireland,2007,Arsenic and compounds (as As),14.6
2025/12/15,Ireland,2008,Lead and compounds (as Pb),112
2025/12/15,Ireland,2008,Nickel and compounds (as Ni),117
2025/12/15,Ireland,2009,Total nitrogen,71000
2025/12/15,Ireland,2011,Copper and compounds (as Cu),121
2025/12/15,Ireland,2011,Nickel and compounds (as Ni),78.4
2025/12/15,Ireland,2012,Total nitrogen,57600
2025/12/15,Ireland,2014,Copper and compounds (as Cu),135.2
2025/12/15,Ireland,2017,Copper and compounds (as Cu),275
2025/12/15,Ireland,2019,Total phosphorus,57391.16166
2025/12/15,Ireland,2020,Copper and compounds (as Cu),766.7470000000001
2025/12/15,Ireland,2022,Phenols (as total C),1166.3220000000001
2025/12/15,Ireland,2022,Total phosphorus,102887.18000000001
2025/12/15,Italy,2007,Phenols (as total C),174359.00000000003
2025/12/15,Italy,2007,Tetrachloroethylene,20517.4
2025/12/15,Italy,2007,Toluene,68074
2025/12/15,Italy,2008,"Benzo(g,h,i)perylene",2.17
2025/12/15,Italy,2008,Chromium and compounds (as Cr),155117.2
2025/12/15,Italy,2008,Heptachlor,23.5
2025/12/15,Italy,2009,Aldrin,5.2
2025/12/15,Italy,2009,Pentachlorobenzene,2.2
2025/12/15,Italy,2010,Phenols (as total C),73084.69999999998
2025/12/15,Italy,2010,Tetrachloroethylene,66.1
2025/12/15,Italy,2011,"Benzo(g,h,i)perylene",2.5
2025/12/15,Italy,2011,Chromium and compounds (as Cr),132222.39999999997
2025/12/15,Italy,2011,Heptachlor,2.7
2025/12/15,Italy,2011,Trichlorobenzenes (TCB),2.5
2025/12/15,Italy,2012,Aldrin,6.2
2025/12/15,Italy,2012,Tetrachloromethane (TCM),1.8
2025/12/15,Italy,2013,Phenols (as total C),57754.100000000006
2025/12/15,Italy,2013,Tetrachloroethylene,68.9
2025/12/15,Italy,2014,Nonylphenol and Nonylphenol ethoxylates,1591
2025/12/15,Italy,2014,Trichlorobenzenes (TCB),3.3899999999999997
2025/12/15,Italy,2015,Nickel and compounds (as Ni),7182.3
2025/12/15,Italy,2015,Tetrachloromethane (TCM),1.79
2025/12/15,Italy,2016,Dieldrin,2.3
2025/12/15,Italy,2016,Tetrachloroethylene,48
2025/12/15,Italy,2016,Total nitrogen,2139800
2025/12/15,Italy,2017,Heptachlor,178
2025/12/15,Italy,2017,Nonylphenol and Nonylphenol ethoxylates,26.849999999999998
2025/12/15,Italy,2017,Trichlorobenzenes (TCB),1.76
2025/12/15,Italy,2018,Endrin,1.2
2025/12/15,Italy,2018,Nickel and compounds (as Ni),7009.6763
2025/12/15,Italy,2018,Tetrachloromethane (TCM),18.4245
2025/12/15,Italy,2019,Dieldrin,1.8155
2025/12/15,Italy,2019,Total nitrogen,3793872.4000000004
2025/12/15,Italy,2020,Fluorides (as total F),64781.7732
2025/12/15,Italy,2020,Nonylphenol and Nonylphenol ethoxylates,252.785
2025/12/15,Italy,2020,Trichlorobenzenes (TCB),21.9232
2025/12/15,Italy,2021,Chlorides (as total Cl),132917601.39999998
2025/12/15,Italy,2021,Endrin,4.9058
2025/12/15,Italy,2021,Nickel and compounds (as Ni),2949.4607999999994
2025/12/15,Italy,2022,Atrazine,1.5352
2025/12/15,Italy,2022,Dieldrin,2.9652
2025/12/15,Italy,2022,Hexachlorobutadiene (HCBD),20.2049
2025/12/15,Italy,2022,Lindane,1.5352
2025/12/15,Italy,2022,Total nitrogen,2729715.9
2025/12/15,Italy,2022,Tributyltin and compounds,31.7639
2025/12/15,Italy,2022,Vinyl chloride,15.3522
2025/12/15,Italy,2023,Fluorides (as total F),84959.70289999999
2025/12/15,Italy,2023,Nonylphenol and Nonylphenol ethoxylates,12.141
2025/12/15,Lithuania,2018,Zinc and compounds (as Zn),253
2025/12/15,Lithuania,2021,Zinc and compounds (as Zn),155
2025/12/15,Netherlands,2007,Fluorides (as total F),20010
2025/12/15,Netherlands,2007,Trichloroethylene (TRI),204
2025/12/15,Netherlands,2008,Chlorides (as total Cl),120910000
2025/12/15,Netherlands,2009,Vinyl chloride,122
2025/12/15,Netherlands,2010,Fluorides (as total F),17800
2025/12/15,Netherlands,2010,Naphthalene,101
2025/12/15,Netherlands,2010,Trichloroethylene (TRI),157
2025/12/15,Netherlands,2011,Chlorides (as total Cl),117520000
2025/12/15,Netherlands,2011,Toluene,1785
2025/12/15,Netherlands,2012,Vinyl chloride,20
2025/12/15,Netherlands,2013,Halogenated organic compounds (as AOX),84000
2025/12/15,Netherlands,2013,Naphthalene,100
2025/12/15,Netherlands,2013,Total phosphorus,1084080
2025/12/15,Netherlands,2013,Trichloroethylene (TRI),152
2025/12/15,Netherlands,2014,Toluene,2203
2025/12/15,Netherlands,2015,Chromium and compounds (as Cr),224.2
2025/12/15,Netherlands,2015,Zinc and compounds (as Zn),1960
2025/12/15,Netherlands,2016,Halogenated organic compounds (as AOX),44700
2025/12/15,Netherlands,2016,Total phosphorus,1256440
2025/12/15,Netherlands,2016,Trichloroethylene (TRI),19
2025/12/15,Netherlands,2017,Toluene,509
2025/12/15,Netherlands,2018,Chromium and compounds (as Cr),59.7
2025/12/15,Netherlands,2018,Mercury and compounds (as Hg),1.36
2025/12/15,Netherlands,2018,Zinc and compounds (as Zn),2652
2025/12/15,Netherlands,2019,Halogenated organic compounds (as AOX),51200
2025/12/15,Netherlands,2019,Total phosphorus,1251890
2025/12/15,Netherlands,2020,Toluene,779
2025/12/15,Netherlands,2020,Trichloromethane,17
2025/12/15,Netherlands,2021,Chromium and compounds (as Cr),181.8
2025/12/15,Netherlands,2021,Zinc and compounds (as Zn),2507
2025/12/15,Netherlands,2022,Halogenated organic compounds (as AOX),48800
2025/12/15,Netherlands,2023,Ethyl benzene,517.037
2025/12/15,Netherlands,2023,Total organic carbon(as total C or COD/3) (TOC),24313500
2025/12/15,Netherlands,2023,Trichloromethane,10.3
2025/12/15,Netherlands,2024,Chromium and compounds (as Cr),432
2025/12/15,Netherlands,2024,Dichloromethane (DCM),59.1
2025/12/15,Netherlands,2024,Zinc and compounds (as Zn),3452
2025/12/15,Poland,2007,Halogenated organic compounds (as AOX),74400
2025/12/15,Poland,2007,Nickel and compounds (as Ni),21478.399999999994
2025/12/15,Poland,2008,Phenols (as total C),126885.90000000001
2025/12/15,Poland,2008,Total organic carbon(as total C or COD/3) (TOC),11603800
2025/12/15,Poland,2008,Trichloromethane,4488.8
2025/12/15,Poland,2008,Xylenes,4740
2025/12/15,Poland,2009,Dichloromethane (DCM),174
2025/12/15,Poland,2009,Nonylphenol and Nonylphenol ethoxylates,117
2025/12/15,Poland,2010,Arsenic and compounds (as As),257209.56999999998
2025/12/15,Poland,2010,Nickel and compounds (as Ni),14216.099999999999
2025/12/15,Poland,2011,Total organic carbon(as total C or COD/3) (TOC),12205500
2025/12/15,Poland,2011,Trichloromethane,11892
2025/12/15,Poland,2012,Dichloromethane (DCM),338
2025/12/15,Poland,2012,Nonylphenol and Nonylphenol ethoxylates,408
2025/12/15,Poland,2013,Arsenic and compounds (as As),254530.81
2025/12/15,Poland,2013,Nickel and compounds (as Ni),17814.000000000004
2025/12/15,Poland,2014,Lead and compounds (as Pb),43009.8
2025/12/15,Poland,2014,Total organic carbon(as total C or COD/3) (TOC),12516300
2025/12/15,Poland,2014,Xylenes,326
2025/12/15,Poland,2015,"1,2-dichloroethane (DCE-1,2)",168
2025/12/15,Poland,2015,Nonylphenol and Nonylphenol ethoxylates,431
2025/12/15,Poland,2016,Arsenic and compounds (as As),358539.01999999996
2025/12/15,Poland,2016,Nickel and compounds (as Ni),9102.9
2025/12/15,Poland,2017,Lead and compounds (as Pb),38337.399999999994
2025/12/15,Poland,2017,Xylenes,905
2025/12/15,Poland,2018,"1,2-dichloroethane (DCE-1,2)",10.4
2025/12/15,Poland,2018,Nonylphenol and Nonylphenol ethoxylates,547
2025/12/15,Poland,2019,Arsenic and compounds (as As),443673.91
2025/12/15,Poland,2020,Copper and compounds (as Cu),36405
2025/12/15,Poland,2020,Lead and compounds (as Pb),26447.600000000002
2025/12/15,Poland,2021,Di-(2-ethyl hexyl) phthalate (DEHP),39.5
2025/12/15,Poland,2023,Copper and compounds (as Cu),28085.1
2025/12/15,Poland,2023,Lead and compounds (as Pb),27282.2
2025/12/15,Portugal,2007,Arsenic and compounds (as As),52.26
2025/12/15,Portugal,2008,Brominated diphenylethers (PBDE),1.02
2025/12/15,Portugal,2008,Copper and compounds (as Cu),1045.9
2025/12/15,Portugal,2008,Lead and compounds (as Pb),623.3
2025/12/15,Portugal,2009,Di-(2-ethyl hexyl) phthalate (DEHP),1.13
2025/12/15,Portugal,2009,Total nitrogen,1022600
2025/12/15,Portugal,2009,Vinyl chloride,619
2025/12/15,Portugal,2010,Naphthalene,1633.8
2025/12/15,Portugal,2011,Copper and compounds (as Cu),758.7
2025/12/15,Portugal,2012,Vinyl chloride,201
2025/12/15,Portugal,2013,Total phosphorus,32050
2025/12/15,Portugal,2013,Trichloroethylene (TRI),52.4
2025/12/15,Portugal,2014,Copper and compounds (as Cu),1418.3
2025/12/15,Portugal,2014,Toluene,1670
2025/12/15,Portugal,2015,Di-(2-ethyl hexyl) phthalate (DEHP),22.4
2025/12/15,Portugal,2015,Vinyl chloride,143
2025/12/15,Portugal,2016,Naphthalene,22.8
2025/12/15,Portugal,2016,Phenols (as total C),18152.5
2025/12/15,Portugal,2016,Total phosphorus,7210
2025/12/15,Portugal,2017,Toluene,1340
2025/12/15,Portugal,2018,Chromium and compounds (as Cr),2740.8999999999996
2025/12/15,Portugal,2019,Phenols (as total C),33822.1
2025/12/15,Portugal,2019,Total phosphorus,67200
2025/12/15,Portugal,2020,Toluene,1630
2025/12/15,Portugal,2021,Chromium and compounds (as Cr),1106.6
2025/12/15,Portugal,2021,Tetrachloromethane (TCM),1.04
2025/12/15,Portugal,2022,Phenols (as total C),34946.1
2025/12/15,Portugal,2022,Total phosphorus,53610
2025/12/15,Portugal,2023,Toluene,2570
2025/12/15,Portugal,2024,Chromium and compounds (as Cr),1901.9
2025/12/15,Romania,2008,Lead and compounds (as Pb),138.7
2025/12/15,Romania,2008,Nickel and compounds (as Ni),152.2
2025/12/15,Romania,2009,Total nitrogen,293000
2025/12/15,Romania,2011,Nickel and compounds (as Ni),89.8
2025/12/15,Romania,2012,Total nitrogen,457400
2025/12/15,Romania,2015,Total nitrogen,293000
2025/12/15,Romania,2019,Total phosphorus,94400
2025/12/15,Romania,2022,Phenols (as total C),354.1
2025/12/15,Romania,2022,Total phosphorus,17900
2025/12/15,Serbia,2011,Lead and compounds (as Pb),96
2025/12/15,Slovakia,2011,Zinc and compounds (as Zn),913
2025/12/15,Slovakia,2014,Zinc and compounds (as Zn),173
2025/12/15,Slovakia,2017,Zinc and compounds (as Zn),1420
2025/12/15,Slovakia,2019,Total organic carbon(as total C or COD/3) (TOC),3903100
2025/12/15,Slovakia,2020,Zinc and compounds (as Zn),903
2025/12/15,Slovakia,2022,Total organic carbon(as total C or COD/3) (TOC),1527900
2025/12/15,Slovenia,2007,Nickel and compounds (as Ni),199.4
2025/12/15,Slovenia,2010,Arsenic and compounds (as As),9
2025/12/15,Slovenia,2013,Zinc and compounds (as Zn),121
2025/12/15,Slovenia,2021,Total organic carbon(as total C or COD/3) (TOC),1809226.6
2025/12/15,Slovenia,2022,Zinc and compounds (as Zn),0.26
2025/12/15,Slovenia,2024,Total organic carbon(as total C or COD/3) (TOC),1078006.8
2025/12/15,Spain,2007,Copper and compounds (as Cu),12409.9
2025/12/15,Spain,2007,Toluene,1070
2025/12/15,Spain,2007,Zinc and compounds (as Zn),31016
2025/12/15,Spain,2008,Di-(2-ethyl hexyl) phthalate (DEHP),1.15
2025/12/15,Spain,2008,Halogenated organic compounds (as AOX),49360
2025/12/15,Spain,2009,Octylphenols and Octylphenol ethoxylates,1984.08
2025/12/15,Spain,2009,Organotin compounds (as total Sn),148.3
2025/12/15,Spain,2010,Copper and compounds (as Cu),2205.5
2025/12/15,Spain,2010,Mercury and compounds (as Hg),70.82000000000002
2025/12/15,Spain,2010,Toluene,381
2025/12/15,Spain,2010,Zinc and compounds (as Zn),12358
2025/12/15,Spain,2011,Chromium and compounds (as Cr),4116.799999999999
2025/12/15,Spain,2011,Halogenated organic compounds (as AOX),125030
2025/12/15,Spain,2012,Organotin compounds (as total Sn),216
2025/12/15,Spain,2012,Trichloromethane,23.4
2025/12/15,Spain,2013,Cyanides (as total CN),538
2025/12/15,Spain,2013,Mercury and compounds (as Hg),39.69
2025/12/15,Spain,2013,Zinc and compounds (as Zn),17854
2025/12/15,Spain,2014,Chromium and compounds (as Cr),1966.9999999999998
2025/12/15,Spain,2014,Halogenated organic compounds (as AOX),80600
2025/12/15,Spain,2016,Cyanides (as total CN),371
2025/12/15,Spain,2016,Dichloromethane (DCM),52.9
2025/12/15,Spain,2016,Mercury and compounds (as Hg),17.28
2025/12/15,Spain,2016,Zinc and compounds (as Zn),9502
2025/12/15,Spain,2017,Chromium and compounds (as Cr),1166.2
2025/12/15,Spain,2017,Halogenated organic compounds (as AOX),41540
2025/12/15,Spain,2018,Trichloromethane,191
2025/12/15,Spain,2019,Cadmium and compounds (as Cd),86.13000000000001
2025/12/15,Spain,2019,Cyanides (as total CN),2377
2025/12/15,Spain,2019,Dichloromethane (DCM),1536.8
2025/12/15,Spain,2019,Mercury and compounds (as Hg),31.52
2025/12/15,Spain,2020,Chromium and compounds (as Cr),6237.3
2025/12/15,Spain,2021,Total nitrogen,3024300
2025/12/15,Spain,2022,Cadmium and compounds (as Cd),470.38000000000005
2025/12/15,Spain,2022,Cyanides (as total CN),525.2
2025/12/15,Spain,2022,Dichloromethane (DCM),887.7
2025/12/15,Spain,2023,Polycyclic aromatic hydrocarbons (PAHs),925.47
2025/12/15,Spain,2024,Ethyl benzene,255
2025/12/15,Spain,2024,Total nitrogen,2955400
2025/12/15,Sweden,2007,Chlorides (as total Cl),8420000
2025/12/15,Sweden,2007,Polycyclic aromatic hydrocarbons (PAHs),384.13
2025/12/15,Sweden,2010,Chlorides (as total Cl),8860000
2025/12/15,Sweden,2010,Polycyclic aromatic hydrocarbons (PAHs),73.7
2025/12/15,Sweden,2012,Fluorides (as total F),2090
2025/12/15,Sweden,2013,Chlorides (as total Cl),4360000
2025/12/15,Sweden,2019,Phenols (as total C),32800
2025/12/15,Sweden,2022,Phenols (as total C),3079
2025/12/15,Switzerland,2007,Copper and compounds (as Cu),3270
2025/12/15,Switzerland,2008,Total phosphorus,124570
2025/12/15,Switzerland,2010,Copper and compounds (as Cu),2243
2025/12/15,Switzerland,2010,Zinc and compounds (as Zn),2058
2025/12/15,Switzerland,2011,Halogenated organic compounds (as AOX),411270
2025/12/15,Switzerland,2011,Total phosphorus,107460
2025/12/15,Switzerland,2013,Mercury and compounds (as Hg),5.4
2025/12/15,Switzerland,2013,Zinc and compounds (as Zn),988
2025/12/15,Switzerland,2014,Halogenated organic compounds (as AOX),387600
2025/12/15,Switzerland,2014,Total phosphorus,116150
2025/12/15,Switzerland,2016,Mercury and compounds (as Hg),2.1
2025/12/15,Switzerland,2016,Zinc and compounds (as Zn),876
2025/12/15,Switzerland,2017,Halogenated organic compounds (as AOX),312180
2025/12/15,Switzerland,2018,Ethyl benzene,71
2025/12/15,Switzerland,2019,Cyanides (as total CN),7.474
2025/12/15,Switzerland,2019,Dichloromethane (DCM),551
2025/12/15,Switzerland,2019,Ethylene oxide,2
2025/12/15,Switzerland,2019,Mercury and compounds (as Hg),1.321
2025/12/15,Switzerland,2019,Zinc and compounds (as Zn),937.27
2025/12/15,Switzerland,2021,Xylenes,2999
2025/12/15,Switzerland,2022,Cyanides (as total CN),7.335
2025/12/15,Switzerland,2022,Dichloromethane (DCM),316.4
2025/12/15,Switzerland,2022,Ethylene oxide,2.9
2025/12/15,Switzerland,2022,Mercury and compounds (as Hg),1.2650000000000001
2025/12/15,United Kingdom,2007,Fluorides (as total F),176090
2025/12/15,United Kingdom,2008,"1,2,3,4,5,6-hexachlorocyclohexane (HCH)",1.22
2025/12/15,United Kingdom,2008,Chlorides (as total Cl),33770000
2025/12/15,United Kingdom,2008,Pentachlorophenol (PCP),10.5
2025/12/15,United Kingdom,2009,Benzene,20446
2025/12/15,United Kingdom,2009,Zinc and compounds (as Zn),15647989
2025/12/15,United Kingdom,2010,Halogenated organic compounds (as AOX),13800
2025/12/15,United Kingdom,2010,Hexachlorobutadiene (HCBD),661.8
2025/12/15,United Kingdom,2011,Pentachlorophenol (PCP),1.8
2025/12/15,United Kingdom,2012,Benzene,26505
2025/12/15,United Kingdom,2012,Carbon monoxide (CO),1e-5
2025/12/15,United Kingdom,2012,Fluorine and inorganic compounds (as HF),1590.00001
2025/12/15,United Kingdom,2012,Mercury and compounds (as Hg),47.43
2025/12/15,United Kingdom,2012,Zinc and compounds (as Zn),25549
2025/12/15,United Kingdom,2013,Halogenated organic compounds (as AOX),18400
2025/12/15,United Kingdom,2014,Trichloromethane,156.9
2025/12/15,United Kingdom,2015,Benzene,16342
2025/12/15,United Kingdom,2015,Mercury and compounds (as Hg),25.63
2025/12/15,United Kingdom,2015,Zinc and compounds (as Zn),10245
2025/12/15,United Kingdom,2016,Halogenated organic compounds (as AOX),14640
2025/12/15,United Kingdom,2017,Total organic carbon(as total C or COD/3) (TOC),37626500
2025/12/15,United Kingdom,2017,Trichloromethane,824.5
2025/12/15,United Kingdom,2018,Mercury and compounds (as Hg),12.350000000000001
2025/12/15,United Kingdom,2018,Tetrachloroethylene,186
2025/12/15,United Kingdom,2018,Zinc and compounds (as Zn),12382
2025/12/15,United Kingdom,2019,Cyanides (as total CN),1570
2025/12/15,United Kingdom,2019,Halogenated organic compounds (as AOX),13600
2025/12/15,Austria,2007,"1,2-dichloroethane (DCE-1,2)",355
2025/12/15,Austria,2008,Total phosphorus,103630
2025/12/15,Austria,2008,Zinc and compounds (as Zn),1293103
2025/12/15,Austria,2009,Lead and compounds (as Pb),252049
2025/12/15,Austria,2009,Total organic carbon(as total C or COD/3) (TOC),183512100
2025/12/15,Austria,2010,"1,2-dichloroethane (DCE-1,2)",68.7
2025/12/15,Austria,2011,Arsenic and compounds (as As),5.37
2025/12/15,Austria,2011,Total phosphorus,164010
2025/12/15,Austria,2011,Zinc and compounds (as Zn),596035
2025/12/15,Austria,2012,Lead and compounds (as Pb),255212.19999999998
2025/12/15,Austria,2014,Arsenic and compounds (as As),28.6
2025/12/15,Austria,2014,Benzene,32600
2025/12/15,Austria,2014,Naphthalene,229
2025/12/15,Austria,2014,Zinc and compounds (as Zn),536255
2025/12/15,Austria,2015,Lead and compounds (as Pb),135067.2
2025/12/15,Austria,2016,"Benzo(g,h,i)perylene",35.07
2025/12/15,Austria,2016,Di-(2-ethyl hexyl) phthalate (DEHP),51.050000000000004
2025/12/15,Austria,2017,Benzene,40200
2025/12/15,Austria,2017,Zinc and compounds (as Zn),381724
2025/12/15,Austria,2018,Copper and compounds (as Cu),694
2025/12/15,Austria,2018,Fluorides (as total F),35650
2025/12/15,Austria,2018,Lead and compounds (as Pb),68282.3
2025/12/15,Austria,2019,"Benzo(g,h,i)perylene",34.25
2025/12/15,Austria,2019,Di-(2-ethyl hexyl) phthalate (DEHP),53.78
2025/12/15,Austria,2019,Ethyl benzene,1260
2025/12/15,Austria,2020,Benzene,25400
2025/12/15,Austria,2020,Mercury and compounds (as Hg),4.24
2025/12/15,Austria,2021,Copper and compounds (as Cu),632
2025/12/15,Austria,2021,Fluorides (as total F),82450
2025/12/15,Austria,2022,"Benzo(g,h,i)perylene",35
2025/12/15,Austria,2022,Di-(2-ethyl hexyl) phthalate (DEHP),58.8
2025/12/15,Austria,2022,Ethyl benzene,1830
2025/12/15,Austria,2022,Pentachlorophenol (PCP),8.46
2025/12/15,Austria,2023,Benzene,47500
2025/12/15,Austria,2024,Copper and compounds (as Cu),518
2025/12/15,Austria,2024,Fluorides (as total F),163870
2025/12/15,Belgium,2007,Mercury and compounds (as Hg),1.38
2025/12/15,Belgium,2008,Copper and compounds (as Cu),55.3
2025/12/15,Belgium,2008,Fluorides (as total F),9830
2025/12/15,Belgium,2009,Chromium and compounds (as Cr),918.8
2025/12/15,Belgium,2011,Copper and compounds (as Cu),75
2025/12/15,Belgium,2011,Fluorides (as total F),3670
2025/12/15,Belgium,2012,Chromium and compounds (as Cr),151.8
2025/12/15,Belgium,2014,Copper and compounds (as Cu),84.3
2025/12/15,Belgium,2014,Fluorides (as total F),2610
2025/12/15,Belgium,2015,Di-(2-ethyl hexyl) phthalate (DEHP),15.3
2025/12/15,Belgium,2015,Ethyl benzene,847
2025/12/15,Belgium,2016,Nickel and compounds (as Ni),99.89999999999999
2025/12/15,Belgium,2017,Fluorides (as total F),44850
2025/12/15,Belgium,2018,Pentachlorophenol (PCP),8.35
2025/12/15,Belgium,2019,Ethylene oxide,26.5
2025/12/15,Belgium,2019,Nickel and compounds (as Ni),99.1
2025/12/15,Belgium,2020,Halogenated organic compounds (as AOX),4160
2025/12/15,Belgium,2022,Nickel and compounds (as Ni),46.9
2025/12/15,Belgium,2023,Cadmium and compounds (as Cd),7.33
2025/12/15,Belgium,2024,Trichloromethane,257
2025/12/15,Bulgaria,2008,Zinc and compounds (as Zn),35984
2025/12/15,Bulgaria,2009,Lead and compounds (as Pb),61.9
2025/12/15,Bulgaria,2011,Arsenic and compounds (as As),370.21
2025/12/15,Bulgaria,2011,Mercury and compounds (as Hg),1.1
2025/12/15,Bulgaria,2011,Zinc and compounds (as Zn),30883
2025/12/15,Bulgaria,2012,Copper and compounds (as Cu),145
2025/12/15,Bulgaria,2012,Lead and compounds (as Pb),283.3
2025/12/15,Bulgaria,2013,Chromium and compounds (as Cr),85
2025/12/15,Bulgaria,2014,Mercury and compounds (as Hg),5
2025/12/15,Bulgaria,2014,Zinc and compounds (as Zn),14164
2025/12/15,Bulgaria,2015,Copper and compounds (as Cu),264
2025/12/15,Bulgaria,2015,Lead and compounds (as Pb),851
2025/12/15,Bulgaria,2016,Chromium and compounds (as Cr),56.5
2025/12/15,Bulgaria,2018,Copper and compounds (as Cu),904.31
2025/12/15,Bulgaria,2021,Fluorides (as total F),463518
2025/12/15,Bulgaria,2022,Chromium and compounds (as Cr),94
2025/12/15,Bulgaria,2023,Nickel and compounds (as Ni),687
2025/12/15,Croatia,2016,Di-(2-ethyl hexyl) phthalate (DEHP),1.79
2025/12/15,Croatia,2017,Nickel and compounds (as Ni),57.400000000000006
2025/12/15,Croatia,2018,Total phosphorus,8510
2025/12/15,Croatia,2020,Nickel and compounds (as Ni),31.9
2025/12/15,Croatia,2021,Total phosphorus,8330
2025/12/15,Croatia,2023,Nickel and compounds (as Ni),70.2
2025/12/15,Croatia,2024,Total phosphorus,6950
2025/12/15,Cyprus,2010,Mercury and compounds (as Hg),2.58
2025/12/15,Cyprus,2012,Total nitrogen,634000
2025/12/15,Czechia,2007,Chlorides (as total Cl),27690000
2025/12/15,Czechia,2007,Xylenes,2210
2025/12/15,Czechia,2008,Dichloromethane (DCM),96.5
2025/12/15,Czechia,2009,Phenols (as total C),277664
2025/12/15,Czechia,2010,Chlorides (as total Cl),26490000
2025/12/15,Czechia,2012,Cyanides (as total CN),8040
2025/12/15,Czechia,2015,Cyanides (as total CN),5801.4
2025/12/15,Czechia,2018,Cyanides (as total CN),5932.1566
2025/12/15,Czechia,2020,"1,2-dichloroethane (DCE-1,2)",10.02
2025/12/15,Czechia,2021,Cyanides (as total CN),4941.0960000000005
2025/12/15,Czechia,2022,Cadmium and compounds (as Cd),22.115667000000002
2025/12/15,Czechia,2022,Polychlorinated biphenyls (PCBs),0.04798
2025/12/15,Czechia,2022,Total organic carbon(as total C or COD/3) (TOC),6489336.806553
2025/12/15,Denmark,2007,Lead and compounds (as Pb),157
2025/12/15,Denmark,2008,Total nitrogen,2266700
2025/12/15,Denmark,2010,Chlorides (as total Cl),2010000
2025/12/15,Denmark,2011,Di-(2-ethyl hexyl) phthalate (DEHP),2.1100000000000003
2025/12/15,Denmark,2011,Total nitrogen,355300
2025/12/15,Denmark,2013,Chlorides (as total Cl),7280000
2025/12/15,Denmark,2014,Total nitrogen,737800
2025/12/15,Denmark,2016,Chlorides (as total Cl),8350000
2025/12/15,Denmark,2017,Di-(2-ethyl hexyl) phthalate (DEHP),8.5
2025/12/15,Denmark,2018,Cyanides (as total CN),4.3
2025/12/15,Denmark,2019,Chlorides (as total Cl),9929966.31
2025/12/15,Denmark,2019,Copper and compounds (as Cu),38.045115
2025/12/15,Denmark,2020,Di-(2-ethyl hexyl) phthalate (DEHP),3.9278999999999997
2025/12/15,Denmark,2021,Cyanides (as total CN),0.866
2025/12/15,Denmark,2024,Cyanides (as total CN),0.123
2025/12/15,Finland,2007,Organotin compounds (as total Sn),107
2025/12/15,Finland,2007,Total nitrogen,1352100
2025/12/15,Finland,2008,Phenols (as total C),20364
2025/12/15,Finland,2010,Total nitrogen,1268800
2025/12/15,Finland,2011,Phenols (as total C),21786.6
2025/12/15,Finland,2014,Cyanides (as total CN),2000
2025/12/15,Finland,2014,Phenols (as total C),30008.9
2025/12/15,Finland,2024,Total organic carbon(as total C or COD/3) (TOC),5924300
2025/12/15,France,2007,Dichloromethane (DCM),11417.7
2025/12/15,France,2008,Phenols (as total C),83377.70000000001
2025/12/15,France,2009,Chlorides (as total Cl),20660000
2025/12/15,France,2009,PCDD + PCDF (dioxins + furans) (as Teq),76.971381
2025/12/15,France,2009,Xylenes,553
2025/12/15,France,2011,Cyanides (as total CN),4510
2025/12/15,France,2012,Nonylphenol and Nonylphenol ethoxylates,203.6
2025/12/15,France,2013,Vinyl chloride,148
2025/12/15,France,2014,Cyanides (as total CN),126
2025/12/15,France,2014,Ethylene oxide,28400
2025/12/15,France,2015,Nonylphenol and Nonylphenol ethoxylates,3.23
2025/12/15,France,2016,Vinyl chloride,150
2025/12/15,France,2018,Nonylphenol and Nonylphenol ethoxylates,29.96
2025/12/15,France,2019,"1,2-dichloroethane (DCE-1,2)",42.8
2025/12/15,France,2019,Vinyl chloride,178
2025/12/15,France,2021,Polychlorinated biphenyls (PCBs),0.128
2025/12/15,France,2021,Total organic carbon(as total C or COD/3) (TOC),34258500
2025/12/15,France,2022,"1,2-dichloroethane (DCE-1,2)",115.499996
2025/12/15,France,2022,Vinyl chloride,17
2025/12/15,France,2024,Total organic carbon(as total C or COD/3) (TOC),34586600
2025/12/15,Germany,2007,Benzene,8727
2025/12/15,Germany,2007,Tributyltin and compounds,2.39
2025/12/15,Germany,2007,Vinyl chloride,2953.6
2025/12/15,Germany,2008,Copper and compounds (as Cu),14473.2
2025/12/15,Germany,2008,Fluoranthene,109.19
2025/12/15,Germany,2008,Fluorides (as total F),332600
2025/12/15,Germany,2009,Chromium and compounds (as Cr),2236.9
2025/12/15,Germany,2009,Ethyl benzene,6260
2025/12/15,Germany,2009,Pentachlorophenol (PCP),2.53
2025/12/15,Germany,2010,Nickel and compounds (as Ni),10259.000000000004
2025/12/15,Germany,2010,Tetrachloroethylene,14.8
2025/12/15,Germany,2010,Tributyltin and compounds,8.32
2025/12/15,Germany,2010,Vinyl chloride,2737.6
2025/12/15,Germany,2011,Fluoranthene,35.120000000000005
2025/12/15,Germany,2011,Fluorides (as total F),284940
2025/12/15,Germany,2011,Total phosphorus,2410430
2025/12/15,Germany,2012,Trichlorobenzenes (TCB),6.96
2025/12/15,Germany,2013,Nickel and compounds (as Ni),7400.4
2025/12/15,Germany,2013,Octylphenols and Octylphenol ethoxylates,158
2025/12/15,Germany,2013,Tributyltin and compounds,3.8
2025/12/15,Germany,2013,Vinyl chloride,2549.8
2025/12/15,Germany,2014,Fluoranthene,16.4
2025/12/15,Germany,2014,Halogenated organic compounds (as AOX),460360
2025/12/15,Germany,2014,Total phosphorus,2178830
2025/12/15,Germany,2015,Trichlorobenzenes (TCB),47.9
2025/12/15,Germany,2016,Nickel and compounds (as Ni),5615.6
2025/12/15,Germany,2016,Octylphenols and Octylphenol ethoxylates,13.82
2025/12/15,Germany,2017,Halogenated organic compounds (as AOX),498060
2025/12/15,Germany,2017,Total phosphorus,2683200
2025/12/15,Germany,2019,Nickel and compounds (as Ni),5635.300000000001
2025/12/15,Germany,2019,Octylphenols and Octylphenol ethoxylates,20.560000000000002
2025/12/15,Germany,2020,Halogenated organic compounds (as AOX),491960
2025/12/15,Germany,2020,Total phosphorus,2637590
2025/12/15,Germany,2022,Total nitrogen,11674300
2025/12/15,Germany,2023,Halogenated organic compounds (as AOX),444730
2025/12/15,Greece,2016,Phenols (as total C),340
2025/12/15,Greece,2018,Mercury and compounds (as Hg),1.41
2025/12/15,Greece,2019,Phenols (as total C),655
2025/12/15,Greece,2021,Mercury and compounds (as Hg),7.97
2025/12/15,Greece,2022,Phenols (as total C),1520
2025/12/15,Greece,2023,Chromium and compounds (as Cr),114
2025/12/15,Greece,2024,Mercury and compounds (as Hg),4
2025/12/15,Hungary,2010,Xylenes,610
2025/12/15,Hungary,2011,Benzene,620
2025/12/15,Hungary,2011,Mercury and compounds (as Hg),2
2025/12/15,Hungary,2011,Trichloroethylene (TRI),25
2025/12/15,Hungary,2012,Toluene,4220
2025/12/15,Hungary,2016,Chromium and compounds (as Cr),331
2025/12/15,Hungary,2018,Fluorides (as total F),21800
2025/12/15,Hungary,2019,Chromium and compounds (as Cr),206
2025/12/15,Hungary,2020,Nickel and compounds (as Ni),347.7
2025/12/15,Hungary,2021,Total phosphorus,28390
2025/12/15,Hungary,2022,Total organic carbon(as total C or COD/3) (TOC),2790500
2025/12/15,Hungary,2023,Nickel and compounds (as Ni),135.6
2025/12/15,Ireland,2007,Cadmium and compounds (as Cd),13.9
2025/12/15,Ireland,2009,Dichloromethane (DCM),823
2025/12/15,Ireland,2010,Phenols (as total C),3267.5
2025/12/15,Ireland,2011,Chlorides (as total Cl),2200000
2025/12/15,Ireland,2012,Dichloromethane (DCM),69.5
2025/12/15,Ireland,2013,Phenols (as total C),2846.3
2025/12/15,Ireland,2014,Chlorides (as total Cl),3330000
2025/12/15,Ireland,2015,Dichloromethane (DCM),38.6
2025/12/15,Ireland,2016,Phenols (as total C),1398.4
2025/12/15,Ireland,2016,Toluene,376
2025/12/15,Ireland,2017,Chlorides (as total Cl),4080000
2025/12/15,Ireland,2017,Nonylphenol and Nonylphenol ethoxylates,556
2025/12/15,Ireland,2018,Benzene,0.3
2025/12/15,Ireland,2018,Dichloromethane (DCM),289.15999999999997
2025/12/15,Ireland,2019,Phenols (as total C),1974.573
2025/12/15,Ireland,2020,Nonylphenol and Nonylphenol ethoxylates,501.86
2025/12/15,Ireland,2020,Xylenes,7.32
2025/12/15,Ireland,2022,Toluene,352.07
2025/12/15,Ireland,2023,Nonylphenol and Nonylphenol ethoxylates,222.01
2025/12/15,Italy,2007,Cyanides (as total CN),2633
2025/12/15,Italy,2008,Nonylphenol and Nonylphenol ethoxylates,4200.4400000000005
2025/12/15,Italy,2009,Pentachlorophenol (PCP),6.3
2025/12/15,Italy,2010,Cyanides (as total CN),2211
2025/12/15,Italy,2011,"Chloro-alkanes, C10-C13",2.5
2025/12/15,Italy,2011,Nonylphenol and Nonylphenol ethoxylates,2691.37
2025/12/15,Italy,2013,Cyanides (as total CN),2504.1
2025/12/15,Italy,2014,Polychlorinated biphenyls (PCBs),0.628
2025/12/15,Italy,2014,Total organic carbon(as total C or COD/3) (TOC),124911400
2025/12/15,Italy,2015,"1,2-dichloroethane (DCE-1,2)",105.30000000000001
2025/12/15,Italy,2015,Aldrin,1.1
2025/12/15,Italy,2017,Cadmium and compounds (as Cd),125.01999999999998
2025/12/15,Italy,2017,"Chloro-alkanes, C10-C13",87.9
2025/12/15,Italy,2017,Hexachlorobenzene (HCB),178
2025/12/15,Italy,2017,Polychlorinated biphenyls (PCBs),0.701
2025/12/15,Italy,2017,Total organic carbon(as total C or COD/3) (TOC),154040800
2025/12/15,Italy,2018,"1,2-dichloroethane (DCE-1,2)",143.2345
2025/12/15,Italy,2018,Aldrin,1.2
2025/12/15,Italy,2018,Polycyclic aromatic hydrocarbons (PAHs),15043.720000000001
2025/12/15,Italy,2019,Anthracene,238.12
2025/12/15,Italy,2019,Naphthalene,16739.6314
2025/12/15,Italy,2020,Cadmium and compounds (as Cd),254.39489999999998
2025/12/15,Italy,2020,"Chloro-alkanes, C10-C13",24
2025/12/15,Italy,2020,Hexachlorobenzene (HCB),1.6963
2025/12/15,Italy,2020,Total organic carbon(as total C or COD/3) (TOC),20792720.527
2025/12/15,Italy,2021,"1,2-dichloroethane (DCE-1,2)",62.4652
2025/12/15,Italy,2021,Aldrin,3.0060000000000002
2025/12/15,Italy,2021,PCDD + PCDF (dioxins + furans) (as Teq),0.000143
2025/12/15,Italy,2021,Polycyclic aromatic hydrocarbons (PAHs),70083.8507
2025/12/15,Italy,2021,Tetrachloromethane (TCM),22.7104
2025/12/15,Italy,2022,Arsenic and compounds (as As),737.3529
2025/12/15,Italy,2022,Naphthalene,126.58
2025/12/15,Italy,2022,Trichloroethylene (TRI),15.3522
2025/12/15,Italy,2022,Zinc and compounds (as Zn),6344.591100000001
2025/12/15,Italy,2023,Cadmium and compounds (as Cd),35.627700000000004
2025/12/15,Italy,2023,Lead and compounds (as Pb),3397.7117
2025/12/15,Italy,2023,Polychlorinated biphenyls (PCBs),0.194
2025/12/15,Italy,2023,Total organic carbon(as total C or COD/3) (TOC),16573474.399999999
2025/12/15,Lithuania,2022,Phenols (as total C),48.3
2025/12/15,Netherlands,2007,Halogenated organic compounds (as AOX),12000
2025/12/15,Netherlands,2007,Total phosphorus,1223900
2025/12/15,Netherlands,2008,Trichloromethane,112
2025/12/15,Netherlands,2009,Total nitrogen,3330000
2025/12/15,Netherlands,2010,Cadmium and compounds (as Cd),5.1
2025/12/15,Netherlands,2010,Halogenated organic compounds (as AOX),8110
2025/12/15,Netherlands,2010,Total phosphorus,1047390
2025/12/15,Netherlands,2011,Trichloromethane,15
2025/12/15,Netherlands,2012,Dichloromethane (DCM),130.3
2025/12/15,Netherlands,2012,Total nitrogen,3532000
2025/12/15,Netherlands,2013,Phenols (as total C),19768.7
2025/12/15,Netherlands,2014,Chlorides (as total Cl),125230000
2025/12/15,Netherlands,2014,Trichloromethane,28
2025/12/15,Netherlands,2014,Xylenes,2530
2025/12/15,Netherlands,2015,Dichloromethane (DCM),163.7
2025/12/15,Netherlands,2015,Total nitrogen,4108000
2025/12/15,Netherlands,2016,Cadmium and compounds (as Cd),5.5
2025/12/15,Netherlands,2016,Phenols (as total C),3865.6
2025/12/15,Netherlands,2017,Chlorides (as total Cl),123780000
2025/12/15,Netherlands,2017,Trichloromethane,18
2025/12/15,Netherlands,2017,Xylenes,439
2025/12/15,Netherlands,2018,Dichloromethane (DCM),175.9
2025/12/15,Netherlands,2018,Total nitrogen,4841500
2025/12/15,Netherlands,2019,Phenols (as total C),5206
2025/12/15,Netherlands,2020,Chlorides (as total Cl),102780000
2025/12/15,Netherlands,2020,Xylenes,1766
2025/12/15,Netherlands,2021,Dichloromethane (DCM),115
2025/12/15,Netherlands,2022,Phenols (as total C),3287.9
2025/12/15,Netherlands,2023,Chlorides (as total Cl),104100000
2025/12/15,Netherlands,2023,Xylenes,1444.2369999999999
2025/12/15,Poland,2007,Arsenic and compounds (as As),160859.68
2025/12/15,Poland,2007,Benzene,46500
2025/12/15,Poland,2007,Mercury and compounds (as Hg),349.27
2025/12/15,Poland,2007,Naphthalene,17300
2025/12/15,Poland,2007,Zinc and compounds (as Zn),253157
2025/12/15,Poland,2008,Lead and compounds (as Pb),68198.7
2025/12/15,Poland,2009,Tetrachloromethane (TCM),17.5
2025/12/15,Poland,2010,Benzene,807
2025/12/15,Poland,2010,Mercury and compounds (as Hg),1809.45
2025/12/15,Poland,2010,Zinc and compounds (as Zn),354449
2025/12/15,Poland,2011,Copper and compounds (as Cu),51477.90000000001
2025/12/15,Poland,2011,Fluorides (as total F),362360
2025/12/15,Poland,2011,Lead and compounds (as Pb),49419.799999999996
2025/12/15,Poland,2013,Benzene,200
2025/12/15,Poland,2013,Mercury and compounds (as Hg),2327.9499999999994
2025/12/15,Poland,2014,Copper and compounds (as Cu),28203.4
2025/12/15,Poland,2014,Fluorides (as total F),427730
2025/12/15,Poland,2017,Copper and compounds (as Cu),36087.4
2025/12/15,Poland,2017,Fluorides (as total F),1332670
2025/12/15,Poland,2019,Nickel and compounds (as Ni),13481.199999999999
2025/12/15,Poland,2020,Fluorides (as total F),1246080
2025/12/15,Poland,2022,Nickel and compounds (as Ni),10082.3
2025/12/15,Poland,2023,Halogenated organic compounds (as AOX),60400
2025/12/15,Portugal,2007,Total phosphorus,66650
2025/12/15,Portugal,2008,Total organic carbon(as total C or COD/3) (TOC),4115200
2025/12/15,Portugal,2009,Nickel and compounds (as Ni),771.6
2025/12/15,Portugal,2010,Anthracene,7.04
2025/12/15,Portugal,2010,Arsenic and compounds (as As),4293.92
2025/12/15,Portugal,2010,Total phosphorus,31580
2025/12/15,Portugal,2010,Zinc and compounds (as Zn),3213
2025/12/15,Portugal,2011,Lead and compounds (as Pb),366.70000000000005
2025/12/15,Portugal,2011,Total organic carbon(as total C or COD/3) (TOC),5623200
2025/12/15,Portugal,2012,Octylphenols and Octylphenol ethoxylates,12.8
2025/12/15,Portugal,2012,Total nitrogen,796000
2025/12/15,Portugal,2013,Anthracene,1.2
2025/12/15,Portugal,2013,Arsenic and compounds (as As),1069.47
2025/12/15,Portugal,2013,Mercury and compounds (as Hg),19.4
2025/12/15,Portugal,2013,Zinc and compounds (as Zn),2545
2025/12/15,Portugal,2014,Lead and compounds (as Pb),2026.4
2025/12/15,Portugal,2015,Total nitrogen,733900
2025/12/15,Portugal,2016,Arsenic and compounds (as As),407.39
2025/12/15,Portugal,2016,Mercury and compounds (as Hg),9.690000000000001
2025/12/15,Portugal,2016,Zinc and compounds (as Zn),4119
2025/12/15,Portugal,2017,Copper and compounds (as Cu),2565.6
2025/12/15,Portugal,2017,Lead and compounds (as Pb),1647.1
2025/12/15,Portugal,2018,Di-(2-ethyl hexyl) phthalate (DEHP),34.7
2025/12/15,Portugal,2018,Ethyl benzene,22
2025/12/15,Portugal,2018,Total nitrogen,1253000
2025/12/15,Portugal,2019,Mercury and compounds (as Hg),44.98
2025/12/15,Portugal,2019,Zinc and compounds (as Zn),3429
2025/12/15,Portugal,2020,Copper and compounds (as Cu),390
2025/12/15,Portugal,2020,Fluorides (as total F),65530
2025/12/15,Portugal,2020,Lead and compounds (as Pb),68
2025/12/15,Portugal,2021,Ethyl benzene,1790
2025/12/15,Portugal,2021,Total nitrogen,979400
2025/12/15,Portugal,2022,Mercury and compounds (as Hg),8.32
2025/12/15,Portugal,2023,Copper and compounds (as Cu),347.9
2025/12/15,Portugal,2023,Fluorides (as total F),166520
2025/12/15,Portugal,2024,Ethyl benzene,280
2025/12/15,Portugal,2024,Trichlorobenzenes (TCB),3.46
2025/12/15,Romania,2007,Cadmium and compounds (as Cd),37.2
2025/12/15,Romania,2008,"1,2-dichloroethane (DCE-1,2)",236
2025/12/15,Romania,2010,Cadmium and compounds (as Cd),13
2025/12/15,Romania,2010,Phenols (as total C),79
2025/12/15,Romania,2011,"1,2-dichloroethane (DCE-1,2)",183
2025/12/15,Romania,2013,Phenols (as total C),30.5
2025/12/15,Romania,2016,Phenols (as total C),59
2025/12/15,Romania,2019,Phenols (as total C),117.7
2025/12/15,Romania,2023,Chromium and compounds (as Cr),75.7
2025/12/15,Serbia,2010,Nickel and compounds (as Ni),45.8
2025/12/15,Slovakia,2010,Polycyclic aromatic hydrocarbons (PAHs),708
2025/12/15,Slovakia,2012,Phenols (as total C),7600
2025/12/15,Slovakia,2018,Toluene,925
2025/12/15,Slovakia,2019,Chromium and compounds (as Cr),67.4
2025/12/15,Slovakia,2020,Mercury and compounds (as Hg),3.18
2025/12/15,Slovakia,2021,Toluene,379
2025/12/15,Slovenia,2011,Halogenated organic compounds (as AOX),1470
2025/12/15,Slovenia,2013,Dichloromethane (DCM),43
2025/12/15,Slovenia,2014,Phenols (as total C),120
2025/12/15,Slovenia,2016,Dichloromethane (DCM),124
2025/12/15,Slovenia,2017,Phenols (as total C),362
2025/12/15,Slovenia,2019,Dichloromethane (DCM),18
2025/12/15,Slovenia,2020,Phenols (as total C),127
2025/12/15,Spain,2007,Cyanides (as total CN),1856.3999999999999
2025/12/15,Spain,2007,Fluoranthene,14.56
2025/12/15,Spain,2008,"Chloro-alkanes, C10-C13",1903.08
2025/12/15,Spain,2008,Chromium and compounds (as Cr),5110.2
2025/12/15,Spain,2008,Nonylphenol and Nonylphenol ethoxylates,3.7
2025/12/15,Spain,2009,Vinyl chloride,61.5
2025/12/15,Spain,2010,Cyanides (as total CN),110.6
2025/12/15,Spain,2010,Fluoranthene,115
2025/12/15,Spain,2011,Total organic carbon(as total C or COD/3) (TOC),10194400
2025/12/15,Spain,2012,Octylphenols and Octylphenol ethoxylates,7.959999999999999
2025/12/15,Spain,2012,Vinyl chloride,72.5
2025/12/15,Spain,2013,Total phosphorus,448650
2025/12/15,Spain,2014,"Chloro-alkanes, C10-C13",1.81
2025/12/15,Spain,2014,Total organic carbon(as total C or COD/3) (TOC),13896000
2025/12/15,Spain,2015,Octylphenols and Octylphenol ethoxylates,6.69
2025/12/15,Spain,2016,Naphthalene,14
2025/12/15,Spain,2016,Total phosphorus,363910
2025/12/15,Spain,2017,Total organic carbon(as total C or COD/3) (TOC),10485600
2025/12/15,Spain,2019,Anthracene,1.39
2025/12/15,Spain,2019,Arsenic and compounds (as As),213.04
2025/12/15,Spain,2019,Total phosphorus,405810
2025/12/15,Spain,2019,Zinc and compounds (as Zn),7664
2025/12/15,Spain,2020,Lead and compounds (as Pb),4156.4
2025/12/15,Spain,2020,Total organic carbon(as total C or COD/3) (TOC),9864200
2025/12/15,Spain,2022,Anthracene,2.45
2025/12/15,Spain,2022,Arsenic and compounds (as As),234.47
2025/12/15,Spain,2022,Mercury and compounds (as Hg),60.44
2025/12/15,Spain,2022,Naphthalene,12.3
2025/12/15,Spain,2022,Total phosphorus,363840
2025/12/15,Spain,2022,Triphenyltin and compounds,8.96
2025/12/15,Spain,2022,Zinc and compounds (as Zn),5585
2025/12/15,Spain,2023,Lead and compounds (as Pb),300.9
2025/12/15,Sweden,2007,Chromium and compounds (as Cr),199.7
2025/12/15,Sweden,2007,Nonylphenol and Nonylphenol ethoxylates,34.7
2025/12/15,Sweden,2010,Chromium and compounds (as Cr),63
2025/12/15,Sweden,2010,Nonylphenol and Nonylphenol ethoxylates,82
2025/12/15,Sweden,2013,Total organic carbon(as total C or COD/3) (TOC),5858400
2025/12/15,Sweden,2015,Total phosphorus,101540
2025/12/15,Sweden,2016,Total organic carbon(as total C or COD/3) (TOC),4993000
2025/12/15,Sweden,2018,Total phosphorus,96830
2025/12/15,Sweden,2019,Total organic carbon(as total C or COD/3) (TOC),6285100
2025/12/15,Sweden,2021,Arsenic and compounds (as As),10.6
2025/12/15,Sweden,2021,Total phosphorus,104480
2025/12/15,Sweden,2021,Zinc and compounds (as Zn),369
2025/12/15,Sweden,2022,Total organic carbon(as total C or COD/3) (TOC),5695200
2025/12/15,Switzerland,2008,Nonylphenol and Nonylphenol ethoxylates,1180
2025/12/15,Switzerland,2011,Nonylphenol and Nonylphenol ethoxylates,67
2025/12/15,Switzerland,2012,"1,2-dichloroethane (DCE-1,2)",107
2025/12/15,Switzerland,2014,Total organic carbon(as total C or COD/3) (TOC),9353900
2025/12/15,Switzerland,2017,Cadmium and compounds (as Cd),12
2025/12/15,Switzerland,2017,Total organic carbon(as total C or COD/3) (TOC),12194700
2025/12/15,Switzerland,2020,Cadmium and compounds (as Cd),0.0607
2025/12/15,Switzerland,2020,Total organic carbon(as total C or COD/3) (TOC),10479871
2025/12/15,Switzerland,2022,Arsenic and compounds (as As),1.52
2025/12/15,Switzerland,2022,Zinc and compounds (as Zn),904.779
2025/12/15,United Kingdom,2007,Brominated diphenylethers (PBDE),554
2025/12/15,United Kingdom,2007,Cadmium and compounds (as Cd),1087.7699999999998
2025/12/15,United Kingdom,2007,Halogenated organic compounds (as AOX),12960
2025/12/15,United Kingdom,2008,"1,2-dichloroethane (DCE-1,2)",135.9
2025/12/15,United Kingdom,2008,Polycyclic aromatic hydrocarbons (PAHs),26.41
2025/12/15,United Kingdom,2008,Trichloromethane,414.50000000000006
2025/12/15,United Kingdom,2009,Anthracene,67.62
2025/12/15,United Kingdom,2009,Dichloromethane (DCM),20031.3
2025/12/15,United Kingdom,2009,Naphthalene,3625
2025/12/15,United Kingdom,2010,Brominated diphenylethers (PBDE),4
2025/12/15,United Kingdom,2010,Cadmium and compounds (as Cd),116.65
2025/12/15,United Kingdom,2010,Hexachlorobenzene (HCB),661.8
2025/12/15,United Kingdom,2010,Phenols (as total C),135310.30000000002
2025/12/15,United Kingdom,2011,Chlorides (as total Cl),15380000
2025/12/15,United Kingdom,2011,Polycyclic aromatic hydrocarbons (PAHs),409
2025/12/15,United Kingdom,2011,Trichloromethane,39.3
2025/12/15,United Kingdom,2011,Xylenes,6784
2025/12/15,United Kingdom,2012,"1,1,1-trichloroethane (TCE-1,1,1)",1e-5
2025/12/15,United Kingdom,2012,Anthracene,64.2
2025/12/15,United Kingdom,2012,Dichloromethane (DCM),8559.3
2025/12/15,United Kingdom,2012,Methane (CH4),1e-5
2025/12/15,United Kingdom,2012,Naphthalene,7395.9
2025/12/15,United Kingdom,2012,Nitrogen oxides (NOX),1e-5
2025/12/15,United Kingdom,2012,Trichloroethylene (TRI),29.1
2025/12/15,United Kingdom,2013,Cadmium and compounds (as Cd),110.61000000000001
2025/12/15,United Kingdom,2013,Phenols (as total C),100691.4
2025/12/15,United Kingdom,2014,Chlorides (as total Cl),31860000
2025/12/15,United Kingdom,2014,Polycyclic aromatic hydrocarbons (PAHs),50
2025/12/15,United Kingdom,2014,Xylenes,10153
2025/12/15,United Kingdom,2015,Anthracene,10.5
2025/12/15,United Kingdom,2015,Dichloromethane (DCM),4272.3
2025/12/15,United Kingdom,2015,Naphthalene,6400
2025/12/15,United Kingdom,2015,Trichloroethylene (TRI),10.4
2025/12/15,United Kingdom,2016,Phenols (as total C),71521.8
2025/12/15,United Kingdom,2016,Toluene,5944
2025/12/15,United Kingdom,2017,"Benzo(g,h,i)perylene",1.6
2025/12/15,United Kingdom,2017,Chlorides (as total Cl),21900000
2025/12/15,United Kingdom,2017,Nonylphenol and Nonylphenol ethoxylates,28.62
2025/12/15,United Kingdom,2017,Polycyclic aromatic hydrocarbons (PAHs),6.36
2025/12/15,United Kingdom,2017,Xylenes,10638
2025/12/15,United Kingdom,2018,Benzene,15113
2025/12/15,United Kingdom,2018,Dichloromethane (DCM),266.7
2025/12/15,United Kingdom,2018,Naphthalene,12715
2025/12/15,United Kingdom,2019,Phenols (as total C),49795.6
2025/12/15,United Kingdom,2019,Toluene,9677
2025/12/15,Austria,2007,Benzene,14000
2025/12/15,Austria,2007,Chromium and compounds (as Cr),54.8
2025/12/15,Austria,2008,Copper and compounds (as Cu),305.3
2025/12/15,Austria,2008,Fluorides (as total F),44100
2025/12/15,Austria,2009,Cyanides (as total CN),22900
2025/12/15,Austria,2010,Chromium and compounds (as Cr),588
2025/12/15,Austria,2010,Nickel and compounds (as Ni),434.3
2025/12/15,Austria,2011,Copper and compounds (as Cu),419.5
2025/12/15,Austria,2011,Fluorides (as total F),37170
2025/12/15,Austria,2012,Cyanides (as total CN),9460
2025/12/15,Austria,2013,Chromium and compounds (as Cr),121.9
2025/12/15,Austria,2013,Nickel and compounds (as Ni),320.1
2025/12/15,Austria,2015,Cyanides (as total CN),7440
2025/12/15,Austria,2016,Nickel and compounds (as Ni),770.9
2025/12/15,Austria,2016,Total organic carbon(as total C or COD/3) (TOC),38652600
2025/12/15,Austria,2017,"1,2-dichloroethane (DCE-1,2)",404
2025/12/15,Austria,2018,Anthracene,13.85
2025/12/15,Austria,2018,Total phosphorus,207580
2025/12/15,Austria,2019,Nickel and compounds (as Ni),690.9
2025/12/15,Austria,2019,Total organic carbon(as total C or COD/3) (TOC),40783600
2025/12/15,Austria,2021,Anthracene,3.15
2025/12/15,Austria,2021,Naphthalene,261.7
2025/12/15,Austria,2021,Total phosphorus,263110
2025/12/15,Austria,2022,Total organic carbon(as total C or COD/3) (TOC),38261900
2025/12/15,Austria,2023,"1,2-dichloroethane (DCE-1,2)",316
2025/12/15,Austria,2024,Anthracene,2.22
2025/12/15,Austria,2024,Arsenic and compounds (as As),27.9
2025/12/15,Austria,2024,Naphthalene,744.3
2025/12/15,Austria,2024,Total phosphorus,313710
2025/12/15,Austria,2024,Zinc and compounds (as Zn),382791
2025/12/15,Belgium,2008,Anthracene,3.63
2025/12/15,Belgium,2008,Total phosphorus,58850
2025/12/15,Belgium,2009,Nickel and compounds (as Ni),625.8
2025/12/15,Belgium,2009,Total organic carbon(as total C or COD/3) (TOC),5323300
2025/12/15,Belgium,2011,Anthracene,2.34
2025/12/15,Belgium,2011,Arsenic and compounds (as As),98.27000000000001
2025/12/15,Belgium,2011,Naphthalene,23.1
2025/12/15,Belgium,2011,Total phosphorus,65580
2025/12/15,Belgium,2011,Zinc and compounds (as Zn),557
2025/12/15,Belgium,2012,Total organic carbon(as total C or COD/3) (TOC),3698000
2025/12/15,Belgium,2014,Arsenic and compounds (as As),30.65
2025/12/15,Belgium,2014,Total phosphorus,72980
2025/12/15,Belgium,2014,Zinc and compounds (as Zn),373
2025/12/15,Belgium,2016,Phenols (as total C),181.20000000000002
2025/12/15,Belgium,2017,Anthracene,1.87
2025/12/15,Belgium,2017,Arsenic and compounds (as As),37.400000000000006
2025/12/15,Belgium,2017,Chlorides (as total Cl),5120000
2025/12/15,Belgium,2017,Naphthalene,11.2
2025/12/15,Belgium,2017,Trichloromethane,49.3
2025/12/15,Belgium,2017,Zinc and compounds (as Zn),1762
2025/12/15,Belgium,2019,"Benzo(g,h,i)perylene",2.37
2025/12/15,Belgium,2019,Chromium and compounds (as Cr),1079
2025/12/15,Belgium,2019,Phenols (as total C),1235.8999999999999
2025/12/15,Belgium,2019,Toluene,33
2025/12/15,Belgium,2020,Arsenic and compounds (as As),17.560000000000002
2025/12/15,Belgium,2020,Chlorides (as total Cl),8880000
2025/12/15,Belgium,2020,Zinc and compounds (as Zn),631
2025/12/15,Belgium,2022,Chromium and compounds (as Cr),113
2025/12/15,Belgium,2022,Ethyl benzene,1990
2025/12/15,Belgium,2022,Phenols (as total C),591.7
2025/12/15,Belgium,2022,Toluene,20.7
2025/12/15,Belgium,2023,Chlorides (as total Cl),4610000
2025/12/15,Bulgaria,2008,Copper and compounds (as Cu),2354
2025/12/15,Bulgaria,2013,Total organic carbon(as total C or COD/3) (TOC),1594400
2025/12/15,Bulgaria,2016,Total organic carbon(as total C or COD/3) (TOC),1460500
2025/12/15,Bulgaria,2019,Total organic carbon(as total C or COD/3) (TOC),1660198
2025/12/15,Bulgaria,2021,Arsenic and compounds (as As),7
2025/12/15,Bulgaria,2021,Zinc and compounds (as Zn),2443
2025/12/15,Bulgaria,2022,Lead and compounds (as Pb),74
2025/12/15,Bulgaria,2022,Total organic carbon(as total C or COD/3) (TOC),1064867
2025/12/15,Bulgaria,2023,Phenols (as total C),4784
2025/12/15,Croatia,2015,Mercury and compounds (as Hg),1.31
2025/12/15,Croatia,2021,Mercury and compounds (as Hg),3.34
2025/12/15,Croatia,2022,Copper and compounds (as Cu),124
2025/12/15,Cyprus,2007,Nickel and compounds (as Ni),67
2025/12/15,Cyprus,2010,Nickel and compounds (as Ni),367
2025/12/15,Cyprus,2012,Total organic carbon(as total C or COD/3) (TOC),2113000
2025/12/15,Cyprus,2014,Total phosphorus,124210
2025/12/15,Cyprus,2015,Total organic carbon(as total C or COD/3) (TOC),2620300
2025/12/15,Cyprus,2017,Total phosphorus,164980
2025/12/15,Cyprus,2018,Total organic carbon(as total C or COD/3) (TOC),1502700
2025/12/15,Cyprus,2019,Total nitrogen,626600
2025/12/15,Cyprus,2022,Total nitrogen,202300
2025/12/15,Czechia,2007,Halogenated organic compounds (as AOX),20660
2025/12/15,Czechia,2007,Total phosphorus,129650
2025/12/15,Czechia,2010,Halogenated organic compounds (as AOX),17420
2025/12/15,Czechia,2010,Total phosphorus,92280
2025/12/15,Czechia,2012,Total nitrogen,897200
2025/12/15,Czechia,2013,Halogenated organic compounds (as AOX),20990
2025/12/15,Czechia,2013,Total phosphorus,164230
2025/12/15,Czechia,2015,Dichloromethane (DCM),161
2025/12/15,Czechia,2015,Total nitrogen,913300
2025/12/15,Czechia,2016,Halogenated organic compounds (as AOX),28030
2025/12/15,Czechia,2016,Tetrachloromethane (TCM),13
2025/12/15,Czechia,2017,Mercury and compounds (as Hg),23
2025/12/15,Czechia,2018,Dichloromethane (DCM),32.6
2025/12/15,Czechia,2018,Toluene,8676.005000000001
2025/12/15,Czechia,2018,Total nitrogen,985012.512
2025/12/15,Czechia,2019,Tetrachloromethane (TCM),35
2025/12/15,Czechia,2020,Benzene,622.13
2025/12/15,Czechia,2020,Mercury and compounds (as Hg),11.519687
2025/12/15,Czechia,2021,Copper and compounds (as Cu),6919.10924
2025/12/15,Czechia,2021,Dichloromethane (DCM),41.6
2025/12/15,Czechia,2021,Toluene,3918.4
2025/12/15,Czechia,2021,Total nitrogen,839698.9180999999
2025/12/15,Czechia,2022,Di-(2-ethyl hexyl) phthalate (DEHP),2.625278
2025/12/15,Czechia,2022,Tetrachloromethane (TCM),3.7500999999999998
2025/12/15,Denmark,2008,Chromium and compounds (as Cr),135
2025/12/15,Denmark,2010,Total phosphorus,165000
2025/12/15,Denmark,2011,Total organic carbon(as total C or COD/3) (TOC),5777800
2025/12/15,Denmark,2013,Total phosphorus,130180
2025/12/15,Denmark,2014,Total organic carbon(as total C or COD/3) (TOC),11167300
2025/12/15,Denmark,2016,Total phosphorus,237940
2025/12/15,Denmark,2017,Total organic carbon(as total C or COD/3) (TOC),10876500
2025/12/15,Denmark,2019,Total phosphorus,162884.07
2025/12/15,Denmark,2020,Lead and compounds (as Pb),10.552366
2025/12/15,Denmark,2021,Fluorine and inorganic compounds (as HF),36.8
2025/12/15,Denmark,2021,Non-methane volatile organic compounds (NMVOC),407
2025/12/15,Denmark,2021,Phenols (as total C),472.1493
2025/12/15,Denmark,2021,Total nitrogen,1133399.12
2025/12/15,Denmark,2022,PCDD + PCDF (dioxins + furans) (as Teq),0
2025/12/15,Denmark,2023,"1,1,1-trichloroethane (TCE-1,1,1)",0
2025/12/15,Denmark,2023,Lead and compounds (as Pb),4.969200000000001
2025/12/15,Denmark,2023,Mercury and compounds (as Hg),0.45729000000000003
2025/12/15,Denmark,2024,Non-methane volatile organic compounds (NMVOC),283
2025/12/15,Denmark,2024,Phenols (as total C),256.124
2025/12/15,Denmark,2024,Toluene,0
2025/12/15,Denmark,2024,Total nitrogen,1035741.1510000001
2025/12/15,Finland,2007,Cyanides (as total CN),5170
2025/12/15,Finland,2008,Nickel and compounds (as Ni),89
2025/12/15,Finland,2011,Nickel and compounds (as Ni),112.6
2025/12/15,Finland,2014,Nickel and compounds (as Ni),118.3
2025/12/15,Finland,2016,Zinc and compounds (as Zn),166
2025/12/15,Finland,2017,Total nitrogen,2087900
2025/12/15,Finland,2018,"1,2-dichloroethane (DCE-1,2)",27
2025/12/15,Finland,2019,Zinc and compounds (as Zn),474
2025/12/15,Finland,2020,Total nitrogen,952500
2025/12/15,Finland,2021,Phenols (as total C),33998.8
2025/12/15,Finland,2022,Zinc and compounds (as Zn),589
2025/12/15,Finland,2023,Total nitrogen,686300
2025/12/15,Finland,2024,Phenols (as total C),29566.9
2025/12/15,France,2007,Trichlorobenzenes (TCB),10
2025/12/15,France,2008,Nickel and compounds (as Ni),5161.9
2025/12/15,France,2008,Polychlorinated biphenyls (PCBs),6.65
2025/12/15,France,2009,"1,2-dichloroethane (DCE-1,2)",2232
2025/12/15,France,2009,Cadmium and compounds (as Cd),87.91999999999999
2025/12/15,France,2009,Halogenated organic compounds (as AOX),62940
2025/12/15,France,2009,Tetrachloroethylene,834.1
2025/12/15,France,2009,Total phosphorus,1029610
2025/12/15,France,2010,Naphthalene,76.6
2025/12/15,France,2011,Polychlorinated biphenyls (PCBs),0.2
2025/12/15,France,2011,Total nitrogen,2000500
2025/12/15,France,2012,"1,2-dichloroethane (DCE-1,2)",331.2
2025/12/15,France,2012,Cadmium and compounds (as Cd),16.669999999999998
2025/12/15,France,2012,Halogenated organic compounds (as AOX),4450
2025/12/15,France,2012,Tetrachloroethylene,81
2025/12/15,France,2012,Tetrachloromethane (TCM),160
2025/12/15,France,2012,Total phosphorus,517010
2025/12/15,France,2013,Zinc and compounds (as Zn),14897
2025/12/15,France,2014,Dichloromethane (DCM),3309.8
2025/12/15,France,2014,Total nitrogen,2738100
2025/12/15,France,2015,Phenols (as total C),66878.9
2025/12/15,France,2015,Tetrachloromethane (TCM),2.84
2025/12/15,France,2016,PCDD + PCDF (dioxins + furans) (as Teq),0.00521
2025/12/15,France,2016,Trichloroethylene (TRI),150
2025/12/15,France,2016,Zinc and compounds (as Zn),5532
2025/12/15,France,2017,Dichloromethane (DCM),125.6
2025/12/15,France,2017,Total nitrogen,9437800
2025/12/15,France,2018,Cadmium and compounds (as Cd),77.5
2025/12/15,France,2018,Phenols (as total C),64116.700000000004
2025/12/15,France,2018,Tetrachloromethane (TCM),2.63
2025/12/15,France,2019,PCDD + PCDF (dioxins + furans) (as Teq),0.008349
2025/12/15,France,2019,Zinc and compounds (as Zn),5697
2025/12/15,France,2020,Copper and compounds (as Cu),1857.400001
2025/12/15,France,2020,Dichloromethane (DCM),793.9
2025/12/15,France,2020,Isoproturon,3.19
2025/12/15,France,2020,Total nitrogen,2161200
2025/12/15,France,2021,Chromium and compounds (as Cr),18972.700000999997
2025/12/15,France,2021,Di-(2-ethyl hexyl) phthalate (DEHP),25.770001
2025/12/15,France,2021,Phenols (as total C),69921.300006
2025/12/15,France,2021,Tetrachloromethane (TCM),1.99
2025/12/15,France,2022,PCDD + PCDF (dioxins + furans) (as Teq),0.000535
2025/12/15,France,2022,Zinc and compounds (as Zn),38133
2025/12/15,France,2023,Copper and compounds (as Cu),1456.900002
2025/12/15,France,2023,Dichloromethane (DCM),17.9
2025/12/15,France,2023,Fluorides (as total F),6720
2025/12/15,France,2024,Chromium and compounds (as Cr),14648.099998
2025/12/15,France,2024,Di-(2-ethyl hexyl) phthalate (DEHP),19.42
2025/12/15,France,2024,Phenols (as total C),67811.400001
2025/12/15,Germany,2007,"1,2-dichloroethane (DCE-1,2)",4822.4
2025/12/15,Germany,2007,Halogenated organic compounds (as AOX),534790
2025/12/15,Germany,2007,Tetrachloromethane (TCM),432.52
2025/12/15,Germany,2007,Total phosphorus,2352370
2025/12/15,Germany,2008,Naphthalene,4190
2025/12/15,Germany,2008,Zinc and compounds (as Zn),75694
2025/12/15,Germany,2009,Dichloromethane (DCM),910.6999999999999
2025/12/15,Germany,2009,Total nitrogen,9707200
2025/12/15,Germany,2010,Phenols (as total C),461116.4
2025/12/15,Germany,2010,Tetrachloromethane (TCM),420
2025/12/15,Germany,2011,Naphthalene,368
2025/12/15,Germany,2011,Zinc and compounds (as Zn),44764
2025/12/15,Germany,2012,Dichloromethane (DCM),556.3000000000001
2025/12/15,Germany,2012,Organotin compounds (as total Sn),2262
2025/12/15,Germany,2012,Total nitrogen,11985200
2025/12/15,Germany,2013,Phenols (as total C),426458.10000000003
2025/12/15,Germany,2013,Tetrachloromethane (TCM),5.640000000000001
2025/12/15,Germany,2014,Benzene,9981
2025/12/15,Germany,2014,Naphthalene,4130
2025/12/15,Germany,2014,Trichloroethylene (TRI),13.1
2025/12/15,Germany,2014,Zinc and compounds (as Zn),44141
2025/12/15,Germany,2015,Copper and compounds (as Cu),4843.200000000001
2025/12/15,Germany,2015,Dichloromethane (DCM),424.9
2025/12/15,Germany,2015,Organotin compounds (as total Sn),2355
2025/12/15,Germany,2015,Total nitrogen,11258300
2025/12/15,Germany,2016,"Benzo(g,h,i)perylene",1.68
2025/12/15,Germany,2016,Chromium and compounds (as Cr),4511.2
2025/12/15,Germany,2016,Ethyl benzene,533
2025/12/15,Germany,2016,Phenols (as total C),504432.39999999997
2025/12/15,Germany,2017,Benzene,4475
2025/12/15,Germany,2017,Zinc and compounds (as Zn),88317
2025/12/15,Germany,2018,Copper and compounds (as Cu),86110.3
2025/12/15,Germany,2018,Dichloromethane (DCM),515.9
2025/12/15,Germany,2018,Fluorides (as total F),337050
2025/12/15,Germany,2018,Organotin compounds (as total Sn),10200
2025/12/15,Germany,2019,Chromium and compounds (as Cr),1878
2025/12/15,Germany,2019,Ethyl benzene,1445.52
2025/12/15,Germany,2019,Phenols (as total C),399435.3
2025/12/15,Germany,2020,Benzene,1171.32
2025/12/15,Germany,2020,Nonylphenol and Nonylphenol ethoxylates,23.7
2025/12/15,Germany,2020,Tributyltin and compounds,7.02
2025/12/15,Germany,2021,Copper and compounds (as Cu),98309.8
2025/12/15,Germany,2021,Fluorides (as total F),297780
2025/12/15,Germany,2021,Organotin compounds (as total Sn),12400
2025/12/15,Germany,2022,Chromium and compounds (as Cr),892.4
2025/12/15,Germany,2022,Ethyl benzene,1475.22
2025/12/15,Germany,2023,Benzene,835
2025/12/15,Germany,2023,Nonylphenol and Nonylphenol ethoxylates,15.100000000000001
2025/12/15,Germany,2024,Copper and compounds (as Cu),52371.7
2025/12/15,Germany,2024,Fluorides (as total F),224970
2025/12/15,Greece,2013,Chromium and compounds (as Cr),283
2025/12/15,Greece,2016,Chromium and compounds (as Cr),70.2
2025/12/15,Greece,2023,Cadmium and compounds (as Cd),8.74
2025/12/15,Hungary,2008,Total phosphorus,34690
2025/12/15,Hungary,2011,Total phosphorus,11550
2025/12/15,Hungary,2014,Total phosphorus,6150
2025/12/15,Hungary,2014,Zinc and compounds (as Zn),245
2025/12/15,Hungary,2016,Cadmium and compounds (as Cd),13
2025/12/15,Hungary,2016,Phenols (as total C),564.6
2025/12/15,Hungary,2017,PCDD + PCDF (dioxins + furans) (as Teq),0.1
2025/12/15,Hungary,2017,Polycyclic aromatic hydrocarbons (PAHs),8
2025/12/15,Hungary,2017,Zinc and compounds (as Zn),11037
2025/12/15,Hungary,2018,Arsenic and compounds (as As),5.04
2025/12/15,Hungary,2019,Phenols (as total C),145.1
2025/12/15,Hungary,2020,Polycyclic aromatic hydrocarbons (PAHs),6.69
2025/12/15,Hungary,2020,Trichloromethane,58.5
2025/12/15,Hungary,2020,Zinc and compounds (as Zn),6543
2025/12/15,Hungary,2021,Copper and compounds (as Cu),107
2025/12/15,Hungary,2021,Mercury and compounds (as Hg),1.26
2025/12/15,Hungary,2022,Phenols (as total C),306
2025/12/15,Hungary,2022,Toluene,296
2025/12/15,Ireland,2009,Toluene,5390
2025/12/15,Ireland,2010,Nonylphenol and Nonylphenol ethoxylates,610
2025/12/15,Ireland,2014,Nickel and compounds (as Ni),52.4
2025/12/15,Ireland,2017,Nickel and compounds (as Ni),50.599999999999994
2025/12/15,Ireland,2022,Dichloromethane (DCM),511.28
2025/12/15,Ireland,2024,Mercury and compounds (as Hg),1.88
2025/12/15,Italy,2007,Total nitrogen,2091200
2025/12/15,Italy,2008,Aldrin,24.47
2025/12/15,Italy,2008,Halogenated organic compounds (as AOX),12200
2025/12/15,Italy,2008,Hexachlorobutadiene (HCBD),92.77
2025/12/15,Italy,2008,PCDD + PCDF (dioxins + furans) (as Teq),0.00226
2025/12/15,Italy,2009,Endrin,5.2
2025/12/15,Italy,2009,Mercury and compounds (as Hg),22.11
2025/12/15,Italy,2010,Dichloromethane (DCM),3673.2
2025/12/15,Italy,2010,Toluene,87484
2025/12/15,Italy,2010,Total nitrogen,3172600
2025/12/15,Italy,2011,Hexachlorobutadiene (HCBD),5.4
2025/12/15,Italy,2011,Tetrachloromethane (TCM),223
2025/12/15,Italy,2012,Benzene,111090
2025/12/15,Italy,2012,DDT (DDT),5.8
2025/12/15,Italy,2012,Endrin,5.4
2025/12/15,Italy,2012,Mercury and compounds (as Hg),95.85999999999999
2025/12/15,Italy,2012,Pentachlorobenzene,8.9
2025/12/15,Italy,2013,Dichloromethane (DCM),313.7
2025/12/15,Italy,2013,Toluene,42699
2025/12/15,Italy,2013,Total nitrogen,2961500
2025/12/15,Italy,2014,Tetrachloromethane (TCM),2.09
2025/12/15,Italy,2015,Benzene,105563
2025/12/15,Italy,2015,Mercury and compounds (as Hg),5.84
2025/12/15,Italy,2015,Triphenyltin and compounds,1.79
2025/12/15,Italy,2016,Copper and compounds (as Cu),2649.4
2025/12/15,Italy,2016,Dichloromethane (DCM),561.7
2025/12/15,Italy,2016,Fluorides (as total F),81010
2025/12/15,Italy,2016,Pentachlorophenol (PCP),2.84
2025/12/15,Italy,2016,Toluene,81654
2025/12/15,Italy,2017,Di-(2-ethyl hexyl) phthalate (DEHP),4
2025/12/15,Italy,2017,Tetrachloromethane (TCM),1.76
2025/12/15,Italy,2018,Benzene,74431.4414
2025/12/15,Italy,2018,Mercury and compounds (as Hg),21.0636
2025/12/15,Italy,2018,Pentachlorobenzene,3.074
2025/12/15,Italy,2018,Tributyltin and compounds,3.1363
2025/12/15,Italy,2019,Copper and compounds (as Cu),2088.7486000000004
2025/12/15,Italy,2019,Fluoranthene,287.63
2025/12/15,Italy,2019,Fluorides (as total F),84318.0542
2025/12/15,Italy,2019,Pentachlorophenol (PCP),28.3564
2025/12/15,Italy,2019,Toluene,34904.243
2025/12/15,Italy,2020,Chlorpyrifos,1.6963
2025/12/15,Italy,2020,Cyanides (as total CN),1582.5276000000001
2025/12/15,Italy,2020,Di-(2-ethyl hexyl) phthalate (DEHP),13.77
2025/12/15,Italy,2020,Heptachlor,1.6963
2025/12/15,Italy,2021,Benzene,48572.422099999996
2025/12/15,Italy,2021,Pentachlorobenzene,1.7795
2025/12/15,Italy,2022,Copper and compounds (as Cu),1887.646
2025/12/15,Italy,2022,Fluorides (as total F),64368.759099999996
2025/12/15,Italy,2022,Pentachlorophenol (PCP),27.515699999999995
2025/12/15,Italy,2023,Atrazine,1.8131
2025/12/15,Italy,2023,Chlorpyrifos,1.8131
2025/12/15,Italy,2023,Cyanides (as total CN),742.4812000000001
2025/12/15,Italy,2023,Di-(2-ethyl hexyl) phthalate (DEHP),8.81
2025/12/15,Italy,2023,Heptachlor,1.8131
2025/12/15,Italy,2023,Trichlorobenzenes (TCB),20.9266
2025/12/15,Lithuania,2021,Total phosphorus,59100
2025/12/15,Netherlands,2007,Benzene,5383
2025/12/15,Netherlands,2007,Mercury and compounds (as Hg),12.1
2025/12/15,Netherlands,2008,Copper and compounds (as Cu),2486.7
2025/12/15,Netherlands,2008,Fluoranthene,5.5
2025/12/15,Netherlands,2008,Fluorides (as total F),26310
2025/12/15,Netherlands,2009,Chromium and compounds (as Cr),72.9
2025/12/15,Netherlands,2010,Benzene,4460
2025/12/15,Netherlands,2011,Copper and compounds (as Cu),3076.1
2025/12/15,Netherlands,2011,Fluoranthene,5.27
2025/12/15,Netherlands,2011,Fluorides (as total F),25830
2025/12/15,Netherlands,2012,Chromium and compounds (as Cr),342.9
2025/12/15,Netherlands,2014,Fluoranthene,4.3
2025/12/15,Netherlands,2014,Fluorides (as total F),7700
2025/12/15,Netherlands,2017,Fluoranthene,1.2
2025/12/15,Netherlands,2019,Total organic carbon(as total C or COD/3) (TOC),26504100
2025/12/15,Netherlands,2022,Total organic carbon(as total C or COD/3) (TOC),26679700
2025/12/15,Netherlands,2023,Polycyclic aromatic hydrocarbons (PAHs),5.6
2025/12/15,Netherlands,2024,Arsenic and compounds (as As),158.31
2025/12/15,Netherlands,2024,Trichloromethane,15
2025/12/15,Poland,2007,Vinyl chloride,14.7
2025/12/15,Poland,2009,Total organic carbon(as total C or COD/3) (TOC),11537900
2025/12/15,Poland,2010,Octylphenols and Octylphenol ethoxylates,9540
2025/12/15,Poland,2011,"1,2-dichloroethane (DCE-1,2)",184
2025/12/15,Poland,2011,Total phosphorus,301000
2025/12/15,Poland,2012,Total organic carbon(as total C or COD/3) (TOC),12989900
2025/12/15,Poland,2013,Octylphenols and Octylphenol ethoxylates,4950
2025/12/15,Poland,2014,"1,2-dichloroethane (DCE-1,2)",53.7
2025/12/15,Poland,2014,Arsenic and compounds (as As),255978.4
2025/12/15,Poland,2014,Total phosphorus,418460
2025/12/15,Poland,2014,Trichloromethane,812
2025/12/15,Poland,2015,Total organic carbon(as total C or COD/3) (TOC),10016500
2025/12/15,Poland,2017,"1,2-dichloroethane (DCE-1,2)",67
2025/12/15,Poland,2017,Arsenic and compounds (as As),606559.07
2025/12/15,Poland,2017,Total phosphorus,318390
2025/12/15,Poland,2017,Trichloromethane,1156
2025/12/15,Poland,2018,Lead and compounds (as Pb),19108.300000000003
2025/12/15,Poland,2018,Total organic carbon(as total C or COD/3) (TOC),9298100
2025/12/15,Poland,2020,"1,2-dichloroethane (DCE-1,2)",41.1
2025/12/15,Poland,2020,Arsenic and compounds (as As),468243.9
2025/12/15,Poland,2020,Chlorides (as total Cl),221380000
2025/12/15,Poland,2020,Mercury and compounds (as Hg),3209.04
2025/12/15,Poland,2020,Trichloromethane,307
2025/12/15,Poland,2020,Xylenes,508
2025/12/15,Poland,2021,Lead and compounds (as Pb),30750
2025/12/15,Poland,2021,Trichloroethylene (TRI),10
2025/12/15,Poland,2023,Arsenic and compounds (as As),658224.0299999999
2025/12/15,Poland,2023,Chlorides (as total Cl),116290000
2025/12/15,Poland,2023,Mercury and compounds (as Hg),8085.25
2025/12/15,Poland,2023,Trichloromethane,0.304
2025/12/15,Poland,2023,Xylenes,249
2025/12/15,Poland,2024,Lead and compounds (as Pb),32054.7
2025/12/15,Portugal,2009,"Benzo(g,h,i)perylene",1.14
2025/12/15,Portugal,2009,Chromium and compounds (as Cr),848.1999999999999
2025/12/15,Portugal,2009,Nonylphenol and Nonylphenol ethoxylates,50.6
2025/12/15,Portugal,2011,Ethyl benzene,889
2025/12/15,Portugal,2012,Chromium and compounds (as Cr),2198
2025/12/15,Portugal,2012,Nonylphenol and Nonylphenol ethoxylates,177.5
2025/12/15,Portugal,2015,Chromium and compounds (as Cr),1031.5
2025/12/15,Portugal,2015,Nonylphenol and Nonylphenol ethoxylates,7.7
2025/12/15,Portugal,2016,Halogenated organic compounds (as AOX),43500
2025/12/15,Portugal,2017,Trichlorobenzenes (TCB),1.18
2025/12/15,Portugal,2019,Halogenated organic compounds (as AOX),60620
2025/12/15,Portugal,2019,Octylphenols and Octylphenol ethoxylates,1.64
2025/12/15,Portugal,2020,Fluoranthene,1.31
2025/12/15,Portugal,2022,Cadmium and compounds (as Cd),5.16
2025/12/15,Portugal,2022,Halogenated organic compounds (as AOX),2820
2025/12/15,Romania,2014,Nickel and compounds (as Ni),134
2025/12/15,Romania,2017,Nickel and compounds (as Ni),99
2025/12/15,Romania,2020,Nickel and compounds (as Ni),253.39999999999998
2025/12/15,Romania,2023,Nickel and compounds (as Ni),258.5
2025/12/15,Serbia,2014,Mercury and compounds (as Hg),3
2025/12/15,Slovakia,2007,Mercury and compounds (as Hg),27.3
2025/12/15,Slovakia,2009,Chromium and compounds (as Cr),214
2025/12/15,Slovakia,2011,Fluorides (as total F),8640
2025/12/15,Slovakia,2012,Chromium and compounds (as Cr),186
2025/12/15,Slovakia,2014,Fluorides (as total F),2880
2025/12/15,Slovakia,2015,Chromium and compounds (as Cr),258
2025/12/15,Slovakia,2017,Fluorides (as total F),4350
2025/12/15,Slovenia,2007,Phenols (as total C),711
2025/12/15,Slovenia,2007,Total nitrogen,306300
2025/12/15,Slovenia,2008,Chromium and compounds (as Cr),275
2025/12/15,Slovenia,2009,Mercury and compounds (as Hg),2.04
2025/12/15,Spain,2007,Dichloromethane (DCM),345.20000000000005
2025/12/15,Spain,2007,Lead and compounds (as Pb),3944.1
2025/12/15,Spain,2007,Trichloroethylene (TRI),97300
2025/12/15,Spain,2009,Arsenic and compounds (as As),867.71
2025/12/15,Spain,2009,Chlorides (as total Cl),5530000
2025/12/15,Spain,2009,Mercury and compounds (as Hg),83.58000000000001
2025/12/15,Spain,2010,Dichloromethane (DCM),48.8
2025/12/15,Spain,2010,Lead and compounds (as Pb),581.6
2025/12/15,Spain,2012,Arsenic and compounds (as As),274.86
2025/12/15,Spain,2012,Chlorides (as total Cl),21040000
2025/12/15,Spain,2012,Mercury and compounds (as Hg),16.32
2025/12/15,Spain,2013,Dichloromethane (DCM),884
2025/12/15,Spain,2013,Fluorides (as total F),86580
2025/12/15,Spain,2013,Lead and compounds (as Pb),3183.1
2025/12/15,Spain,2015,Chlorides (as total Cl),54910000
2025/12/15,Spain,2015,Chromium and compounds (as Cr),1153.2
2025/12/15,Spain,2015,Mercury and compounds (as Hg),13.540000000000001
2025/12/15,Spain,2016,Fluorides (as total F),46670
2025/12/15,Spain,2017,Cyanides (as total CN),417
2025/12/15,Spain,2018,"Benzo(g,h,i)perylene",26.7
2025/12/15,Spain,2018,Chromium and compounds (as Cr),2486.7
2025/12/15,Spain,2019,Fluorides (as total F),45860
2025/12/15,Spain,2020,Cyanides (as total CN),209.1
2025/12/15,Spain,2021,"Benzo(g,h,i)perylene",12.49
2025/12/15,Spain,2021,Chromium and compounds (as Cr),1220.4
2025/12/15,Spain,2021,Nickel and compounds (as Ni),929.1999999999998
2025/12/15,Spain,2022,Fluorides (as total F),26060
2025/12/15,Spain,2022,Vinyl chloride,237
2025/12/15,Spain,2023,Cyanides (as total CN),1345
2025/12/15,Spain,2023,Trichlorobenzenes (TCB),13.3
2025/12/15,Spain,2024,Chromium and compounds (as Cr),59180.1
2025/12/15,Spain,2024,Nickel and compounds (as Ni),2141.4
2025/12/15,Sweden,2008,Polycyclic aromatic hydrocarbons (PAHs),122
2025/12/15,Sweden,2008,Zinc and compounds (as Zn),1277
2025/12/15,Sweden,2010,Phenols (as total C),17620
2025/12/15,Sweden,2011,Zinc and compounds (as Zn),1221
2025/12/15,Sweden,2013,Phenols (as total C),14500
2025/12/15,Sweden,2013,Toluene,1360
2025/12/15,Sweden,2014,Zinc and compounds (as Zn),2535
2025/12/15,Sweden,2015,Copper and compounds (as Cu),55
2025/12/15,Sweden,2015,Fluorides (as total F),2520
2025/12/15,Sweden,2016,Phenols (as total C),15330
2025/12/15,Sweden,2016,Toluene,2730
2025/12/15,Sweden,2017,Nonylphenol and Nonylphenol ethoxylates,9
2025/12/15,Sweden,2019,Toluene,1440
2025/12/15,Sweden,2020,Nonylphenol and Nonylphenol ethoxylates,5.4
2025/12/15,Sweden,2022,Toluene,1130
2025/12/15,Switzerland,2007,Total nitrogen,878900
2025/12/15,Switzerland,2008,Phenols (as total C),30488
2025/12/15,Switzerland,2009,Naphthalene,11
2025/12/15,Switzerland,2009,Xylenes,3897
2025/12/15,Switzerland,2009,Zinc and compounds (as Zn),1328
2025/12/15,Switzerland,2010,Total nitrogen,841600
2025/12/15,Switzerland,2011,Phenols (as total C),20236.4
2025/12/15,Switzerland,2012,Naphthalene,18
2025/12/15,Switzerland,2012,Xylenes,7360
2025/12/15,Switzerland,2012,Zinc and compounds (as Zn),4550
2025/12/15,Switzerland,2013,Copper and compounds (as Cu),172
2025/12/15,Switzerland,2013,Total nitrogen,609500
2025/12/15,Switzerland,2014,Chromium and compounds (as Cr),145
2025/12/15,Switzerland,2014,Ethyl benzene,264
2025/12/15,Switzerland,2014,Phenols (as total C),5108.1
2025/12/15,Switzerland,2015,Xylenes,9538
2025/12/15,Switzerland,2015,Zinc and compounds (as Zn),1352
2025/12/15,Switzerland,2016,Copper and compounds (as Cu),146
2025/12/15,Switzerland,2017,Chromium and compounds (as Cr),138
2025/12/15,Switzerland,2017,Phenols (as total C),5471
2025/12/15,Switzerland,2018,Benzene,12
2025/12/15,Switzerland,2018,Nonylphenol and Nonylphenol ethoxylates,54.1
2025/12/15,Switzerland,2018,Xylenes,2871
2025/12/15,Switzerland,2019,Copper and compounds (as Cu),254.919
2025/12/15,Switzerland,2020,Chromium and compounds (as Cr),72.716
2025/12/15,Switzerland,2021,Nonylphenol and Nonylphenol ethoxylates,116.8
2025/12/15,Switzerland,2022,Copper and compounds (as Cu),124.91
2025/12/15,United Kingdom,2007,Chromium and compounds (as Cr),165377.2
2025/12/15,United Kingdom,2007,Nonylphenol and Nonylphenol ethoxylates,3007.43
2025/12/15,United Kingdom,2008,Benzene,23819
2025/12/15,United Kingdom,2008,Tributyltin and compounds,3.55
2025/12/15,United Kingdom,2009,Fluoranthene,32.9
2025/12/15,United Kingdom,2009,Pentachlorophenol (PCP),2.22
2025/12/15,United Kingdom,2009,Trichlorobenzenes (TCB),146
2025/12/15,United Kingdom,2010,"Benzo(g,h,i)perylene",723.2
2025/12/15,United Kingdom,2010,Chromium and compounds (as Cr),6848.4
2025/12/15,United Kingdom,2010,Nonylphenol and Nonylphenol ethoxylates,156.3
2025/12/15,United Kingdom,2011,Benzene,24415
2025/12/15,United Kingdom,2012,Ammonia (NH3),162610.00001000002
2025/12/15,United Kingdom,2012,Fluoranthene,25.2
2025/12/15,United Kingdom,2012,Pentachlorophenol (PCP),13.2
2025/12/15,United Kingdom,2012,Trichlorobenzenes (TCB),7.02
2025/12/15,United Kingdom,2013,Chromium and compounds (as Cr),1418.8999999999999
2025/12/15,United Kingdom,2014,Halogenated organic compounds (as AOX),13900
2025/12/15,United Kingdom,2014,Tetrachloroethylene,212.2
2025/12/15,United Kingdom,2015,Fluoranthene,18
2025/12/15,United Kingdom,2017,Halogenated organic compounds (as AOX),5930
2025/12/15,United Kingdom,2017,Octylphenols and Octylphenol ethoxylates,4.05
2025/12/15,United Kingdom,2017,Tetrachloroethylene,197
2025/12/15,Austria,2007,Ethyl benzene,548
2025/12/15,Austria,2008,Benzene,594
2025/12/15,Austria,2008,Cyanides (as total CN),28100
2025/12/15,Austria,2008,Mercury and compounds (as Hg),1.4
2025/12/15,Austria,2009,Chromium and compounds (as Cr),65.7
2025/12/15,Austria,2009,Copper and compounds (as Cu),498.59999999999997
2025/12/15,Austria,2010,Di-(2-ethyl hexyl) phthalate (DEHP),72.67
2025/12/15,Austria,2010,Ethyl benzene,928
2025/12/15,Austria,2011,Benzene,20200
2025/12/15,Austria,2011,Cyanides (as total CN),19600
2025/12/15,Austria,2012,"Chloro-alkanes, C10-C13",30.3
2025/12/15,Austria,2012,Copper and compounds (as Cu),460
2025/12/15,Austria,2013,Di-(2-ethyl hexyl) phthalate (DEHP),47.57000000000001
2025/12/15,Austria,2013,Ethyl benzene,659
2025/12/15,Austria,2014,Total phosphorus,168920
2025/12/15,Austria,2015,"Chloro-alkanes, C10-C13",11.9
2025/12/15,Austria,2015,Copper and compounds (as Cu),443
2025/12/15,Austria,2016,"1,2-dichloroethane (DCE-1,2)",224
2025/12/15,Austria,2016,Ethyl benzene,929
2025/12/15,Austria,2017,Naphthalene,1200
2025/12/15,Austria,2017,Total phosphorus,168400
2025/12/15,Austria,2018,"Chloro-alkanes, C10-C13",12.4
2025/12/15,Austria,2020,Naphthalene,747.3
2025/12/15,Austria,2020,Total phosphorus,203290
2025/12/15,Austria,2023,Naphthalene,400.9
2025/12/15,Austria,2024,Cadmium and compounds (as Cd),5.58
2025/12/15,Belgium,2007,Total phosphorus,56830
2025/12/15,Belgium,2010,Naphthalene,19.3
2025/12/15,Belgium,2010,Total phosphorus,62150
2025/12/15,Belgium,2013,Total nitrogen,217700
2025/12/15,Belgium,2014,Cadmium and compounds (as Cd),8.52
2025/12/15,Belgium,2015,"Benzo(g,h,i)perylene",4.29
2025/12/15,Belgium,2015,Chromium and compounds (as Cr),77.4
2025/12/15,Belgium,2016,Naphthalene,59.1
2025/12/15,Belgium,2016,Total nitrogen,1567500
2025/12/15,Belgium,2017,Cadmium and compounds (as Cd),12
2025/12/15,Belgium,2018,"Benzo(g,h,i)perylene",47.9
2025/12/15,Belgium,2018,Chlorides (as total Cl),5060000
2025/12/15,Belgium,2018,Chromium and compounds (as Cr),1850.8
2025/12/15,Belgium,2018,Tetrachloromethane (TCM),4
2025/12/15,Belgium,2019,Total nitrogen,1228700
2025/12/15,Belgium,2020,Cadmium and compounds (as Cd),16.3
2025/12/15,Belgium,2020,Fluorides (as total F),58210
2025/12/15,Belgium,2020,Phenols (as total C),540.7
2025/12/15,Belgium,2021,"Benzo(g,h,i)perylene",1.58
2025/12/15,Belgium,2021,Chlorides (as total Cl),5190000
2025/12/15,Belgium,2021,Chromium and compounds (as Cr),90.4
2025/12/15,Belgium,2021,Pentachlorophenol (PCP),38.19
2025/12/15,Belgium,2022,Total nitrogen,1006500
2025/12/15,Belgium,2023,Fluorides (as total F),62280
2025/12/15,Belgium,2023,Phenols (as total C),310.1
2025/12/15,Belgium,2024,Chlorides (as total Cl),2420000
2025/12/15,Belgium,2024,Chromium and compounds (as Cr),58.5
2025/12/15,Belgium,2024,Pentachlorophenol (PCP),9.12
2025/12/15,Bulgaria,2007,Chromium and compounds (as Cr),1217
2025/12/15,Bulgaria,2009,Fluorides (as total F),52100
2025/12/15,Bulgaria,2009,Total organic carbon(as total C or COD/3) (TOC),1528000
2025/12/15,Bulgaria,2010,Chromium and compounds (as Cr),434
2025/12/15,Bulgaria,2011,Nickel and compounds (as Ni),3561.2
2025/12/15,Bulgaria,2012,Total organic carbon(as total C or COD/3) (TOC),1157000
2025/12/15,Bulgaria,2014,Arsenic and compounds (as As),5.43
2025/12/15,Bulgaria,2014,Nickel and compounds (as Ni),756
2025/12/15,Bulgaria,2015,Total organic carbon(as total C or COD/3) (TOC),1773100
2025/12/15,Bulgaria,2015,Total phosphorus,143420
2025/12/15,Bulgaria,2017,Nickel and compounds (as Ni),1189
2025/12/15,Bulgaria,2017,Zinc and compounds (as Zn),9182
2025/12/15,Bulgaria,2018,Lead and compounds (as Pb),329.78
2025/12/15,Bulgaria,2018,Total organic carbon(as total C or COD/3) (TOC),1182047.31
2025/12/15,Bulgaria,2018,Total phosphorus,120852.61
2025/12/15,Bulgaria,2020,Nickel and compounds (as Ni),682
2025/12/15,Bulgaria,2020,Zinc and compounds (as Zn),4324
2025/12/15,Bulgaria,2021,Lead and compounds (as Pb),130
2025/12/15,Bulgaria,2021,Total phosphorus,717578
2025/12/15,Bulgaria,2023,Arsenic and compounds (as As),138
2025/12/15,Bulgaria,2023,Zinc and compounds (as Zn),9038
2025/12/15,Croatia,2017,Total nitrogen,137000
2025/12/15,Croatia,2021,Phenols (as total C),195.2
2025/12/15,Croatia,2024,Phenols (as total C),38.8
2025/12/15,Cyprus,2009,Nickel and compounds (as Ni),176.4
2025/12/15,Cyprus,2010,Total phosphorus,7660
2025/12/15,Cyprus,2012,Nickel and compounds (as Ni),29
2025/12/15,Cyprus,2013,Total phosphorus,109440
2025/12/15,Czechia,2007,Trichloromethane,97
2025/12/15,Czechia,2008,Nickel and compounds (as Ni),4052.2
2025/12/15,Czechia,2009,Halogenated organic compounds (as AOX),12200
2025/12/15,Czechia,2009,Total phosphorus,91000
2025/12/15,Czechia,2010,Total organic carbon(as total C or COD/3) (TOC),4548100
2025/12/15,Czechia,2010,Trichloromethane,64.5
2025/12/15,Czechia,2011,Dichloromethane (DCM),57.2
2025/12/15,Czechia,2012,Halogenated organic compounds (as AOX),11820
2025/12/15,Czechia,2013,Total organic carbon(as total C or COD/3) (TOC),6037300
2025/12/15,Czechia,2013,Trichloromethane,24.9
2025/12/15,Czechia,2013,Xylenes,15900
2025/12/15,Czechia,2014,Dichloromethane (DCM),294.7
2025/12/15,Czechia,2014,Polycyclic aromatic hydrocarbons (PAHs),118.85
2025/12/15,Czechia,2016,Cadmium and compounds (as Cd),21
2025/12/15,Czechia,2016,Polychlorinated biphenyls (PCBs),0.529
2025/12/15,Czechia,2016,Total organic carbon(as total C or COD/3) (TOC),6824900
2025/12/15,Czechia,2016,Trichloromethane,158
2025/12/15,Czechia,2017,Dichloromethane (DCM),105.6
2025/12/15,Czechia,2018,Arsenic and compounds (as As),16.6362
2025/12/15,Czechia,2018,Zinc and compounds (as Zn),73559.44960000002
2025/12/15,Czechia,2019,Cadmium and compounds (as Cd),21.002393
2025/12/15,Czechia,2019,Lead and compounds (as Pb),7554.938983999999
2025/12/15,Czechia,2019,Polychlorinated biphenyls (PCBs),0.1946
2025/12/15,Czechia,2019,Total organic carbon(as total C or COD/3) (TOC),6618425.23203
2025/12/15,Czechia,2019,Xylenes,1.01
2025/12/15,Czechia,2020,Dichloromethane (DCM),49.620000000000005
2025/12/15,Czechia,2020,Polycyclic aromatic hydrocarbons (PAHs),0.001
2025/12/15,Czechia,2021,Arsenic and compounds (as As),32.49688
2025/12/15,Czechia,2021,Mercury and compounds (as Hg),21.792879
2025/12/15,Czechia,2021,Zinc and compounds (as Zn),65098.574012
2025/12/15,Czechia,2022,Lead and compounds (as Pb),4463.636428
2025/12/15,Czechia,2022,Xylenes,13.503
2025/12/15,Denmark,2007,Chlorides (as total Cl),7080000
2025/12/15,Denmark,2007,Copper and compounds (as Cu),471.5
2025/12/15,Denmark,2008,Di-(2-ethyl hexyl) phthalate (DEHP),1.07
2025/12/15,Denmark,2008,Nickel and compounds (as Ni),26
2025/12/15,Denmark,2009,Total phosphorus,149420
2025/12/15,Denmark,2012,Total phosphorus,128860
2025/12/15,Denmark,2015,Total phosphorus,231720
2025/12/15,Denmark,2019,Cadmium and compounds (as Cd),0.840119
2025/12/15,Denmark,2021,"1,1,1-trichloroethane (TCE-1,1,1)",2795
2025/12/15,Denmark,2022,Cadmium and compounds (as Cd),0.36814
2025/12/15,Denmark,2022,Non-methane volatile organic compounds (NMVOC),293
2025/12/15,Denmark,2023,Polycyclic aromatic hydrocarbons (PAHs),21.8
2025/12/15,Denmark,2024,Arsenic and compounds (as As),8.21026
2025/12/15,Denmark,2024,Zinc and compounds (as Zn),246.8219
2025/12/15,Finland,2007,Octylphenols and Octylphenol ethoxylates,1.92
2025/12/15,Finland,2008,Cyanides (as total CN),3000
2025/12/15,Finland,2011,Cyanides (as total CN),3800
2025/12/15,Finland,2013,Total nitrogen,1815000
2025/12/15,Finland,2016,Total nitrogen,1149300
2025/12/15,Finland,2017,Phenols (as total C),36583.9
2025/12/15,Finland,2019,Total nitrogen,1057800
2025/12/15,Finland,2020,Phenols (as total C),29386.2
2025/12/15,Finland,2023,Phenols (as total C),23055.5
2025/12/15,France,2008,Halogenated organic compounds (as AOX),40030
2025/12/15,France,2008,Total phosphorus,1252020
2025/12/15,France,2009,Polychlorinated biphenyls (PCBs),0.149
2025/12/15,France,2009,Total organic carbon(as total C or COD/3) (TOC),32232000
2025/12/15,France,2009,Trichloromethane,1966.5
2025/12/15,France,2010,Dichloromethane (DCM),13855.1
2025/12/15,France,2010,Tetrachloroethylene,68.8
2025/12/15,France,2011,Halogenated organic compounds (as AOX),17700
2025/12/15,France,2012,Polychlorinated biphenyls (PCBs),0.2
2025/12/15,France,2012,Total organic carbon(as total C or COD/3) (TOC),31758500
2025/12/15,France,2012,Trichloromethane,1028.3
2025/12/15,France,2013,Dichloromethane (DCM),5505.7
2025/12/15,France,2013,Polycyclic aromatic hydrocarbons (PAHs),25
2025/12/15,France,2013,Tetrachloroethylene,253
2025/12/15,France,2015,Total organic carbon(as total C or COD/3) (TOC),33062100
2025/12/15,France,2015,Trichloromethane,1131
2025/12/15,France,2015,Xylenes,496
2025/12/15,France,2016,Dichloromethane (DCM),113.1
2025/12/15,France,2016,Tetrachloroethylene,93.5
2025/12/15,France,2017,Arsenic and compounds (as As),84.33
2025/12/15,France,2017,Zinc and compounds (as Zn),4346
2025/12/15,France,2018,Lead and compounds (as Pb),129.4
2025/12/15,France,2018,Total organic carbon(as total C or COD/3) (TOC),65266800
2025/12/15,France,2018,Xylenes,0.0913
2025/12/15,France,2019,Dichloromethane (DCM),162.2
2025/12/15,France,2020,Arsenic and compounds (as As),275.45000100000004
2025/12/15,France,2020,Mercury and compounds (as Hg),5.8999999999999995
2025/12/15,France,2020,Zinc and compounds (as Zn),8106
2025/12/15,France,2021,Lead and compounds (as Pb),423.200001
2025/12/15,France,2021,Xylenes,0.303
2025/12/15,France,2023,Arsenic and compounds (as As),259.6
2025/12/15,France,2023,Cyanides (as total CN),103
2025/12/15,France,2023,Mercury and compounds (as Hg),1.19
2025/12/15,France,2023,Zinc and compounds (as Zn),7875
2025/12/15,France,2024,Copper and compounds (as Cu),2685.5
2025/12/15,France,2024,Isoproturon,2.02
2025/12/15,France,2024,Lead and compounds (as Pb),285.6
2025/12/15,Germany,2007,Naphthalene,3981
2025/12/15,Germany,2007,Octylphenols and Octylphenol ethoxylates,220.09
2025/12/15,Germany,2008,Toluene,68724
2025/12/15,Germany,2009,Tetrachloromethane (TCM),13.7
2025/12/15,Germany,2010,Naphthalene,2008
2025/12/15,Germany,2010,Octylphenols and Octylphenol ethoxylates,179.75
2025/12/15,Germany,2010,Total nitrogen,14235000
2025/12/15,Germany,2011,Toluene,40387
2025/12/15,Germany,2012,Chromium and compounds (as Cr),2089
2025/12/15,Germany,2012,Tetrachloromethane (TCM),1.87
2025/12/15,Germany,2013,Total nitrogen,10705000
2025/12/15,Germany,2013,Trichloroethylene (TRI),15.9
2025/12/15,Germany,2014,Fluorides (as total F),194270
2025/12/15,Germany,2014,Phenols (as total C),460519.30000000005
2025/12/15,Germany,2014,Toluene,25153
2025/12/15,Germany,2015,"Benzo(g,h,i)perylene",1.46
2025/12/15,Germany,2015,Chlorides (as total Cl),529250000
2025/12/15,Germany,2015,Chromium and compounds (as Cr),3563
2025/12/15,Germany,2016,Total nitrogen,12163900
2025/12/15,Germany,2016,Vinyl chloride,1082.5
2025/12/15,Germany,2017,Fluorides (as total F),269490
2025/12/15,Germany,2017,Phenols (as total C),478444.10000000003
2025/12/15,Germany,2017,Toluene,42501
2025/12/15,Germany,2018,"Benzo(g,h,i)perylene",4.08
2025/12/15,Germany,2018,Chlorides (as total Cl),572660000
2025/12/15,Germany,2018,Chromium and compounds (as Cr),2508
2025/12/15,Germany,2018,Trichlorobenzenes (TCB),88
2025/12/15,Germany,2019,Total nitrogen,11846500
2025/12/15,Germany,2019,Vinyl chloride,814.4
2025/12/15,Germany,2020,Fluorides (as total F),318600
2025/12/15,Germany,2020,Phenols (as total C),397240.00000000006
2025/12/15,Germany,2021,Chlorides (as total Cl),564980000
2025/12/15,Germany,2021,Chromium and compounds (as Cr),1043.6
2025/12/15,Germany,2021,Trichlorobenzenes (TCB),109
2025/12/15,Germany,2022,Nickel and compounds (as Ni),3557.0999999999995
2025/12/15,Germany,2022,Vinyl chloride,535.7
2025/12/15,Germany,2023,Fluorides (as total F),223680
2025/12/15,Germany,2023,Phenols (as total C),474096.6000000001
2025/12/15,Germany,2023,Total phosphorus,2332030
2025/12/15,Germany,2024,Chlorides (as total Cl),512380000
2025/12/15,Germany,2024,Nonylphenol and Nonylphenol ethoxylates,13.77
2025/12/15,Greece,2013,Phenols (as total C),518
2025/12/15,Greece,2023,Total organic carbon(as total C or COD/3) (TOC),259000
2025/12/15,Hungary,2008,Nickel and compounds (as Ni),46.3
2025/12/15,Hungary,2009,Total phosphorus,17370
2025/12/15,Hungary,2010,Polycyclic aromatic hydrocarbons (PAHs),162
2025/12/15,Hungary,2011,Nickel and compounds (as Ni),26
2025/12/15,Hungary,2012,Total phosphorus,12910
2025/12/15,Hungary,2014,Nickel and compounds (as Ni),963.2
2025/12/15,Hungary,2015,Total phosphorus,92300
2025/12/15,Hungary,2016,PCDD + PCDF (dioxins + furans) (as Teq),0.1
2025/12/15,Hungary,2016,Polycyclic aromatic hydrocarbons (PAHs),8
2025/12/15,Hungary,2017,Arsenic and compounds (as As),6.67
2025/12/15,Hungary,2017,Mercury and compounds (as Hg),5.2
2025/12/15,Hungary,2017,Nickel and compounds (as Ni),788.1999999999999
2025/12/15,Hungary,2018,Phenols (as total C),169.6
2025/12/15,Hungary,2018,Total phosphorus,23860
2025/12/15,Hungary,2019,Polycyclic aromatic hydrocarbons (PAHs),33.4
2025/12/15,Hungary,2021,Phenols (as total C),2188
2025/12/15,Ireland,2007,Fluorides (as total F),17100
2025/12/15,Ireland,2007,Phenols (as total C),145.7
2025/12/15,Ireland,2008,Nonylphenol and Nonylphenol ethoxylates,1390
2025/12/15,Ireland,2011,Nonylphenol and Nonylphenol ethoxylates,397
2025/12/15,Ireland,2017,Total organic carbon(as total C or COD/3) (TOC),4965000
2025/12/15,Ireland,2020,Total organic carbon(as total C or COD/3) (TOC),4562603.51
2025/12/15,Ireland,2021,Dichloromethane (DCM),42.09
2025/12/15,Ireland,2023,Total organic carbon(as total C or COD/3) (TOC),5536425.0600000005
2025/12/15,Ireland,2023,Xylenes,6.88
2025/12/15,Ireland,2024,Dichloromethane (DCM),112.77
2025/12/15,Italy,2007,Anthracene,2.27
2025/12/15,Italy,2008,Cadmium and compounds (as Cd),531.59
2025/12/15,Italy,2008,Polychlorinated biphenyls (PCBs),25.92
2025/12/15,Italy,2008,Total organic carbon(as total C or COD/3) (TOC),25490000
2025/12/15,Italy,2008,Trichloromethane,55.900000000000006
2025/12/15,Italy,2008,Xylenes,50023
2025/12/15,Italy,2009,Dichloromethane (DCM),2419.4
2025/12/15,Italy,2009,Organotin compounds (as total Sn),200
2025/12/15,Italy,2009,Polycyclic aromatic hydrocarbons (PAHs),262514.4
2025/12/15,Italy,2010,Anthracene,23.200000000000003
2025/12/15,Italy,2010,Arsenic and compounds (as As),690.26
2025/12/15,Italy,2010,Zinc and compounds (as Zn),33166
2025/12/15,Italy,2011,Cadmium and compounds (as Cd),289.5
2025/12/15,Italy,2011,Polychlorinated biphenyls (PCBs),2.152
2025/12/15,Italy,2011,Total organic carbon(as total C or COD/3) (TOC),20376600
2025/12/15,Italy,2011,Xylenes,50400
2025/12/15,Italy,2012,Dichloromethane (DCM),2154.2
2025/12/15,Italy,2012,Organotin compounds (as total Sn),69.1
2025/12/15,Italy,2012,Pentachlorophenol (PCP),13.399999999999999
2025/12/15,Italy,2012,Polycyclic aromatic hydrocarbons (PAHs),181584.3
2025/12/15,Italy,2013,Anthracene,314.2
2025/12/15,Italy,2013,Arsenic and compounds (as As),969.0199999999999
2025/12/15,Italy,2013,Mercury and compounds (as Hg),60.33
2025/12/15,Italy,2013,Zinc and compounds (as Zn),15788
2025/12/15,Italy,2014,Cadmium and compounds (as Cd),182.48000000000002
2025/12/15,Italy,2014,Lead and compounds (as Pb),9764.6
2025/12/15,Italy,2014,Xylenes,14225
2025/12/15,Italy,2015,Pentachlorophenol (PCP),9.99
2025/12/15,Italy,2015,Polycyclic aromatic hydrocarbons (PAHs),93385
2025/12/15,Italy,2016,Anthracene,44.050000000000004
2025/12/15,Italy,2016,Arsenic and compounds (as As),707.88
2025/12/15,Italy,2016,Benzene,127597
2025/12/15,Italy,2016,Cyanides (as total CN),2102
2025/12/15,Italy,2016,Mercury and compounds (as Hg),31.060000000000002
2025/12/15,Italy,2016,Zinc and compounds (as Zn),8652
2025/12/15,Italy,2017,Lead and compounds (as Pb),589.6
2025/12/15,Italy,2018,Di-(2-ethyl hexyl) phthalate (DEHP),3.9
2025/12/15,Italy,2018,Pentachlorophenol (PCP),28.466299999999997
2025/12/15,Italy,2019,Arsenic and compounds (as As),1036.4653999999998
2025/12/15,Italy,2019,Benzene,62872.8465
2025/12/15,Italy,2019,Cyanides (as total CN),1732.7984
2025/12/15,Italy,2019,Mercury and compounds (as Hg),24.873499999999996
2025/12/15,Italy,2019,Zinc and compounds (as Zn),12362.121799999999
2025/12/15,Italy,2020,Copper and compounds (as Cu),1863.9752000000003
2025/12/15,Italy,2020,Lead and compounds (as Pb),5869.4055
2025/12/15,Italy,2021,Di-(2-ethyl hexyl) phthalate (DEHP),1.235
2025/12/15,Italy,2021,Ethyl benzene,7419.0342
2025/12/15,Italy,2021,Pentachlorophenol (PCP),39.2877
2025/12/15,Italy,2022,Benzene,23741.3139
2025/12/15,Italy,2022,Cyanides (as total CN),1555.7741
2025/12/15,Italy,2022,DDT (DDT),1.5352
2025/12/15,Italy,2022,Mercury and compounds (as Hg),17.779999999999998
2025/12/15,Italy,2023,Copper and compounds (as Cu),1589.5966
2025/12/15,Italy,2023,Fluoranthene,3.1
2025/12/15,Italy,2023,Hexachlorobenzene (HCB),1.8131
2025/12/15,Lithuania,2021,Total nitrogen,166900
2025/12/15,Netherlands,2007,Copper and compounds (as Cu),3407
2025/12/15,Netherlands,2007,Fluoranthene,17.9
2025/12/15,Netherlands,2008,Ethyl benzene,2511
2025/12/15,Netherlands,2008,Xylenes,8060
2025/12/15,Netherlands,2009,Dichloromethane (DCM),124
2025/12/15,Netherlands,2010,Copper and compounds (as Cu),4031.9
2025/12/15,Netherlands,2010,Fluoranthene,5.8
2025/12/15,Netherlands,2011,Ethyl benzene,682
2025/12/15,Netherlands,2011,Xylenes,1390
2025/12/15,Netherlands,2013,Cyanides (as total CN),355
2025/12/15,Netherlands,2013,Fluoranthene,4.7
2025/12/15,Netherlands,2016,Cyanides (as total CN),112.2
2025/12/15,Netherlands,2016,Ethylene oxide,7980
2025/12/15,Netherlands,2019,Cyanides (as total CN),96
2025/12/15,Netherlands,2019,Ethylene oxide,6160
2025/12/15,Netherlands,2021,"1,2-dichloroethane (DCE-1,2)",29
2025/12/15,Netherlands,2021,Total nitrogen,3764800
2025/12/15,Netherlands,2022,Ethylene oxide,8780
2025/12/15,Netherlands,2024,"1,2-dichloroethane (DCE-1,2)",81
2025/12/15,Netherlands,2024,Total nitrogen,3395700
2025/12/15,Poland,2007,Total phosphorus,420020
2025/12/15,Poland,2008,Copper and compounds (as Cu),37963.3
2025/12/15,Poland,2010,Naphthalene,270
2025/12/15,Poland,2010,Total phosphorus,296620
2025/12/15,Poland,2011,Asbestos,1.66
2025/12/15,Poland,2012,Tetrachloromethane (TCM),22
2025/12/15,Poland,2013,Naphthalene,34
2025/12/15,Poland,2013,Total phosphorus,318340
2025/12/15,Poland,2017,Cadmium and compounds (as Cd),3257.0299999999997
2025/12/15,Poland,2019,Naphthalene,45.8
2025/12/15,Poland,2019,Total nitrogen,1298400
2025/12/15,Poland,2020,Cadmium and compounds (as Cd),3545.2999999999997
2025/12/15,Poland,2021,Polycyclic aromatic hydrocarbons (PAHs),34
2025/12/15,Poland,2022,Total nitrogen,1478700
2025/12/15,Poland,2023,Cadmium and compounds (as Cd),5312.77
2025/12/15,Poland,2023,Fluorides (as total F),1415050
2025/12/15,Poland,2023,Phenols (as total C),377250.5
2025/12/15,Poland,2024,"Benzo(g,h,i)perylene",3.06
2025/12/15,Poland,2024,Chlorides (as total Cl),292110000
2025/12/15,Poland,2024,Polycyclic aromatic hydrocarbons (PAHs),91.25
2025/12/15,Portugal,2008,Fluorides (as total F),17100
2025/12/15,Portugal,2008,Nonylphenol and Nonylphenol ethoxylates,73.18
2025/12/15,Portugal,2010,Fluoranthene,3.98
2025/12/15,Portugal,2011,Fluorides (as total F),27100
2025/12/15,Portugal,2011,Nonylphenol and Nonylphenol ethoxylates,156.29
2025/12/15,Portugal,2012,Tetrachloroethylene,51.8
2025/12/15,Portugal,2014,Fluorides (as total F),38800
2025/12/15,Portugal,2014,Total organic carbon(as total C or COD/3) (TOC),5772100
2025/12/15,Portugal,2015,Tetrachloroethylene,11.8
2025/12/15,Portugal,2015,Trichlorobenzenes (TCB),1.28
2025/12/15,Portugal,2016,Cyanides (as total CN),3865.1
2025/12/15,Portugal,2017,Fluorides (as total F),97910
2025/12/15,Portugal,2017,Total organic carbon(as total C or COD/3) (TOC),3253300
2025/12/15,Portugal,2018,Octylphenols and Octylphenol ethoxylates,1.35
2025/12/15,Portugal,2019,Anthracene,2.19
2025/12/15,Portugal,2019,Arsenic and compounds (as As),141.43
2025/12/15,Portugal,2019,Cyanides (as total CN),376.6
2025/12/15,Portugal,2020,Halogenated organic compounds (as AOX),157000
2025/12/15,Portugal,2020,Total organic carbon(as total C or COD/3) (TOC),5325800
2025/12/15,Portugal,2021,Octylphenols and Octylphenol ethoxylates,1.01
2025/12/15,Portugal,2021,Trichlorobenzenes (TCB),1.39
2025/12/15,Portugal,2022,Anthracene,1.98
2025/12/15,Portugal,2022,Arsenic and compounds (as As),93.17999999999999
2025/12/15,Portugal,2022,Cyanides (as total CN),459.5
2025/12/15,Portugal,2022,Zinc and compounds (as Zn),1360
2025/12/15,Portugal,2023,Halogenated organic compounds (as AOX),1560
2025/12/15,Portugal,2023,Lead and compounds (as Pb),103.8
2025/12/15,Portugal,2023,Total organic carbon(as total C or COD/3) (TOC),6252700
2025/12/15,Portugal,2024,Total nitrogen,1294600
2025/12/15,Romania,2007,Fluorides (as total F),11500
2025/12/15,Romania,2007,Phenols (as total C),9778
2025/12/15,Romania,2014,"1,2-dichloroethane (DCE-1,2)",32
2025/12/15,Romania,2017,Total organic carbon(as total C or COD/3) (TOC),606700
2025/12/15,Romania,2020,Total organic carbon(as total C or COD/3) (TOC),4756600
2025/12/15,Romania,2023,Total organic carbon(as total C or COD/3) (TOC),433300
2025/12/15,Serbia,2010,Total nitrogen,55100
2025/12/15,Serbia,2011,Cadmium and compounds (as Cd),5
2025/12/15,Slovakia,2009,Toluene,1310
2025/12/15,Slovakia,2010,Chromium and compounds (as Cr),218
2025/12/15,Slovakia,2012,Fluorides (as total F),6990
2025/12/15,Slovakia,2012,Toluene,1060
2025/12/15,Slovakia,2013,Chromium and compounds (as Cr),293
2025/12/15,Slovakia,2015,Fluorides (as total F),3560
2025/12/15,Slovakia,2015,Toluene,425
2025/12/15,Slovakia,2016,Chromium and compounds (as Cr),468
2025/12/15,Slovakia,2018,Fluorides (as total F),2910
2025/12/15,Slovakia,2021,Fluorides (as total F),4110
2025/12/15,Slovakia,2021,Total phosphorus,32000
2025/12/15,Slovenia,2008,Copper and compounds (as Cu),135.8
2025/12/15,Slovenia,2010,Dichloromethane (DCM),160
2025/12/15,Slovenia,2023,Phenols (as total C),163.98
2025/12/15,Slovenia,2023,Total phosphorus,26170.59
2025/12/15,Spain,2007,Cadmium and compounds (as Cd),209.09999999999997
2025/12/15,Spain,2007,Naphthalene,24.2
2025/12/15,Spain,2007,Phenols (as total C),7542.400000000001
2025/12/15,Spain,2007,Total phosphorus,458820
2025/12/15,Spain,2008,Chlorides (as total Cl),17010000
2025/12/15,Spain,2008,PCDD + PCDF (dioxins + furans) (as Teq),0.744
2025/12/15,Spain,2008,Polycyclic aromatic hydrocarbons (PAHs),975.05
2025/12/15,Spain,2009,Aldrin,7.43
2025/12/15,Spain,2010,Naphthalene,55
2025/12/15,Spain,2010,Phenols (as total C),5827.2
2025/12/15,Spain,2010,Total phosphorus,258860
2025/12/15,Spain,2011,Chlorides (as total Cl),16750000
2025/12/15,Spain,2011,Nonylphenol and Nonylphenol ethoxylates,5.9
2025/12/15,Spain,2011,PCDD + PCDF (dioxins + furans) (as Teq),0.000156
2025/12/15,Spain,2011,Polycyclic aromatic hydrocarbons (PAHs),1071.7
2025/12/15,Spain,2012,Tetrachloromethane (TCM),17.8
2025/12/15,Spain,2014,Nonylphenol and Nonylphenol ethoxylates,3.1100000000000003
2025/12/15,Spain,2014,PCDD + PCDF (dioxins + furans) (as Teq),0.0134
2025/12/15,Spain,2016,Fluoranthene,1.16
2025/12/15,Spain,2017,Fluorides (as total F),36300
2025/12/15,Spain,2017,Nonylphenol and Nonylphenol ethoxylates,37.8
2025/12/15,Spain,2020,Fluorides (as total F),34920
2025/12/15,Spain,2020,Nonylphenol and Nonylphenol ethoxylates,11.35
2025/12/15,Spain,2022,Fluoranthene,9.15
2025/12/15,Spain,2023,Fluorides (as total F),50190
2025/12/15,Spain,2023,Polychlorinated biphenyls (PCBs),0.383
2025/12/15,Spain,2023,Total organic carbon(as total C or COD/3) (TOC),7243200
2025/12/15,Spain,2024,Pentachlorophenol (PCP),10.6
2025/12/15,Sweden,2007,Total organic carbon(as total C or COD/3) (TOC),7762500
2025/12/15,Sweden,2009,Arsenic and compounds (as As),7.4
2025/12/15,Sweden,2009,Toluene,698
2025/12/15,Sweden,2009,Zinc and compounds (as Zn),1135
2025/12/15,Sweden,2010,Total organic carbon(as total C or COD/3) (TOC),7300000
2025/12/15,Sweden,2011,Total nitrogen,390000
2025/12/15,Sweden,2012,Arsenic and compounds (as As),11
2025/12/15,Sweden,2012,Toluene,1910
2025/12/15,Sweden,2012,Zinc and compounds (as Zn),691
2025/12/15,Sweden,2013,Chromium and compounds (as Cr),160
2025/12/15,Sweden,2014,Total nitrogen,254900
2025/12/15,Sweden,2015,Arsenic and compounds (as As),12.6
2025/12/15,Sweden,2015,Toluene,3060
2025/12/15,Sweden,2015,Zinc and compounds (as Zn),383
2025/12/15,Sweden,2016,Chromium and compounds (as Cr),160.8
2025/12/15,Sweden,2017,Total nitrogen,218300
2025/12/15,Sweden,2018,Toluene,972
2025/12/15,Sweden,2018,Zinc and compounds (as Zn),397
2025/12/15,Sweden,2020,Total nitrogen,458800
2025/12/15,Switzerland,2007,Naphthalene,30
2025/12/15,Switzerland,2007,Phenols (as total C),41220
2025/12/15,Switzerland,2008,Chlorides (as total Cl),34500000
2025/12/15,Switzerland,2009,"1,2-dichloroethane (DCE-1,2)",296
2025/12/15,Switzerland,2009,Total nitrogen,770400
2025/12/15,Switzerland,2010,Phenols (as total C),43550
2025/12/15,Switzerland,2011,Chlorides (as total Cl),33590000
2025/12/15,Switzerland,2013,Phenols (as total C),6402.1
2025/12/15,Switzerland,2014,Chlorides (as total Cl),30220000
2025/12/15,Switzerland,2014,Nonylphenol and Nonylphenol ethoxylates,28
2025/12/15,Switzerland,2014,Toluene,20384
2025/12/15,Switzerland,2017,Nonylphenol and Nonylphenol ethoxylates,12
2025/12/15,Switzerland,2017,Toluene,11049
2025/12/15,Switzerland,2018,Chromium and compounds (as Cr),164.60200000000003
2025/12/15,Switzerland,2020,Fluorides (as total F),51500
2025/12/15,Switzerland,2020,Nonylphenol and Nonylphenol ethoxylates,26
2025/12/15,Switzerland,2020,Toluene,8547
2025/12/15,Switzerland,2021,Chromium and compounds (as Cr),70.249
2025/12/15,United Kingdom,2007,Toluene,32385
2025/12/15,United Kingdom,2008,Chromium and compounds (as Cr),4899.4
2025/12/15,United Kingdom,2008,Xylenes,31228
2025/12/15,United Kingdom,2010,Toluene,13333
2025/12/15,United Kingdom,2011,"Benzo(g,h,i)perylene",17
2025/12/15,United Kingdom,2011,Chromium and compounds (as Cr),2623.9
2025/12/15,United Kingdom,2012,Vinyl chloride,504.7
2025/12/15,United Kingdom,2013,Toluene,11159
2025/12/15,United Kingdom,2014,"Benzo(g,h,i)perylene",10.3
2025/12/15,United Kingdom,2014,Chromium and compounds (as Cr),4971.099999999999
2025/12/15,United Kingdom,2015,Vinyl chloride,386
2025/12/15,United Kingdom,2016,Cadmium and compounds (as Cd),80.78999999999999
2025/12/15,United Kingdom,2017,Chromium and compounds (as Cr),2775.3999999999996
2025/12/15,United Kingdom,2018,Anthracene,8.91
2025/12/15,United Kingdom,2018,Nickel and compounds (as Ni),1697.9
2025/12/15,United Kingdom,2018,Vinyl chloride,213
2025/12/15,United Kingdom,2019,Cadmium and compounds (as Cd),88.83
2025/12/15,United Kingdom,2019,Total phosphorus,226780
2025/12/15,Austria,2007,Total organic carbon(as total C or COD/3) (TOC),39921200
2025/12/15,Austria,2008,Dichloromethane (DCM),529
2025/12/15,Austria,2010,Total organic carbon(as total C or COD/3) (TOC),35538800
2025/12/15,Austria,2012,Arsenic and compounds (as As),12.370000000000001
2025/12/15,Austria,2012,Zinc and compounds (as Zn),596583
2025/12/15,Austria,2013,Lead and compounds (as Pb),194208.2
2025/12/15,Austria,2013,Total organic carbon(as total C or COD/3) (TOC),38688300
2025/12/15,Austria,2014,Fluorides (as total F),36150
2025/12/15,Austria,2014,Phenols (as total C),234697.6
2025/12/15,Austria,2015,Anthracene,24.34
2025/12/15,Austria,2015,Arsenic and compounds (as As),51
2025/12/15,Austria,2015,PCDD + PCDF (dioxins + furans) (as Teq),0.0198
2025/12/15,Austria,2015,Zinc and compounds (as Zn),489138
2025/12/15,Austria,2016,Chromium and compounds (as Cr),136.39999999999998
2025/12/15,Austria,2016,Lead and compounds (as Pb),115117.09999999999
2025/12/15,Austria,2017,Fluorides (as total F),2640
2025/12/15,Austria,2017,Phenols (as total C),21537.6
2025/12/15,Austria,2018,Cyanides (as total CN),8800
2025/12/15,Austria,2018,PCDD + PCDF (dioxins + furans) (as Teq),0.0205
2025/12/15,Austria,2018,Zinc and compounds (as Zn),416920
2025/12/15,Austria,2019,Chromium and compounds (as Cr),174.4
2025/12/15,Austria,2019,Lead and compounds (as Pb),45647.4
2025/12/15,Austria,2020,Ethyl benzene,727
2025/12/15,Austria,2020,Fluorides (as total F),50220
2025/12/15,Austria,2020,Phenols (as total C),212134.6
2025/12/15,Austria,2021,Cyanides (as total CN),986
2025/12/15,Austria,2021,PCDD + PCDF (dioxins + furans) (as Teq),0.0237
2025/12/15,Austria,2021,Zinc and compounds (as Zn),393807
2025/12/15,Austria,2022,Chromium and compounds (as Cr),164.7
2025/12/15,Austria,2022,Lead and compounds (as Pb),8299.6
2025/12/15,Austria,2022,Nickel and compounds (as Ni),487.9
2025/12/15,Austria,2023,Ethyl benzene,1380
2025/12/15,Austria,2023,Fluorides (as total F),80730
2025/12/15,Austria,2023,Phenols (as total C),224930.4
2025/12/15,Austria,2024,Cyanides (as total CN),884
2025/12/15,Austria,2024,Nonylphenol and Nonylphenol ethoxylates,5.68
2025/12/15,Belgium,2007,Fluorides (as total F),2870
2025/12/15,Belgium,2007,Phenols (as total C),1434.3
2025/12/15,Belgium,2008,Arsenic and compounds (as As),61.89999999999999
2025/12/15,Belgium,2008,Chlorides (as total Cl),4960000
2025/12/15,Belgium,2008,Cyanides (as total CN),108
2025/12/15,Belgium,2008,Trichlorobenzenes (TCB),3.64
2025/12/15,Belgium,2008,Zinc and compounds (as Zn),2182
2025/12/15,Belgium,2009,Lead and compounds (as Pb),122
2025/12/15,Belgium,2010,Fluorides (as total F),3390
2025/12/15,Belgium,2010,Phenols (as total C),1508.4
2025/12/15,Belgium,2011,Chlorides (as total Cl),5140000
2025/12/15,Belgium,2011,Nonylphenol and Nonylphenol ethoxylates,1.63
2025/12/15,Belgium,2012,Lead and compounds (as Pb),51.7
2025/12/15,Belgium,2012,Nickel and compounds (as Ni),466.3
2025/12/15,Belgium,2013,Phenols (as total C),1116
2025/12/15,Belgium,2014,Chlorides (as total Cl),2400000
2025/12/15,Belgium,2015,Nickel and compounds (as Ni),389.1
2025/12/15,Belgium,2016,Ethyl benzene,220
2025/12/15,Belgium,2016,Fluoranthene,14.3
2025/12/15,Belgium,2017,Total phosphorus,71160
2025/12/15,Belgium,2018,Nickel and compounds (as Ni),78.9
2025/12/15,Belgium,2019,"1,2-dichloroethane (DCE-1,2)",110
2025/12/15,Belgium,2019,Ethyl benzene,369
2025/12/15,Belgium,2019,Fluoranthene,45.9
2025/12/15,Belgium,2020,Naphthalene,514
2025/12/15,Belgium,2020,Nonylphenol and Nonylphenol ethoxylates,3.6
2025/12/15,Belgium,2020,Total phosphorus,42080
2025/12/15,Belgium,2020,Trichloromethane,147
2025/12/15,Belgium,2021,Hexachlorobenzene (HCB),2.1
2025/12/15,Belgium,2022,"1,2-dichloroethane (DCE-1,2)",13.6
2025/12/15,Belgium,2023,Total phosphorus,43800
2025/12/15,Belgium,2023,Trichloromethane,107
2025/12/15,Bulgaria,2007,Benzene,217
2025/12/15,Bulgaria,2008,Total nitrogen,406000
2025/12/15,Bulgaria,2011,Copper and compounds (as Cu),703.2
2025/12/15,Bulgaria,2014,Copper and compounds (as Cu),332
2025/12/15,Bulgaria,2017,Copper and compounds (as Cu),64.7
2025/12/15,Croatia,2014,Total phosphorus,5230
2025/12/15,Croatia,2016,Copper and compounds (as Cu),56.3
2025/12/15,Croatia,2019,Copper and compounds (as Cu),73.2
2025/12/15,Croatia,2020,Total phosphorus,7880
2025/12/15,Croatia,2023,Total phosphorus,10200
2025/12/15,Croatia,2024,Cadmium and compounds (as Cd),16.48
2025/12/15,Cyprus,2007,Total nitrogen,58300
2025/12/15,Cyprus,2008,Mercury and compounds (as Hg),2.2
2025/12/15,Cyprus,2013,Total nitrogen,513600
2025/12/15,Cyprus,2016,Total nitrogen,590500
2025/12/15,Cyprus,2020,Total phosphorus,129300
2025/12/15,Cyprus,2023,Total phosphorus,47650
2025/12/15,Czechia,2008,Benzene,2143
2025/12/15,Czechia,2008,Chromium and compounds (as Cr),2888.6
2025/12/15,Czechia,2008,Mercury and compounds (as Hg),42.67
2025/12/15,Czechia,2009,Total nitrogen,529400
2025/12/15,Czechia,2010,PCDD + PCDF (dioxins + furans) (as Teq),0.00412
2025/12/15,Czechia,2011,Benzene,710
2025/12/15,Czechia,2011,Chromium and compounds (as Cr),2300
2025/12/15,Czechia,2011,Mercury and compounds (as Hg),24.95
2025/12/15,Czechia,2012,Copper and compounds (as Cu),5245
2025/12/15,Czechia,2013,Di-(2-ethyl hexyl) phthalate (DEHP),1.57
2025/12/15,Czechia,2014,Benzene,1760
2025/12/15,Czechia,2014,Mercury and compounds (as Hg),27.509999999999998
2025/12/15,Czechia,2015,Copper and compounds (as Cu),8604.800000000001
2025/12/15,Czechia,2015,Fluoranthene,6.220000000000001
2025/12/15,Czechia,2016,Di-(2-ethyl hexyl) phthalate (DEHP),2.77
2025/12/15,Czechia,2016,Total phosphorus,229640
2025/12/15,Czechia,2017,Benzene,560
2025/12/15,Czechia,2018,Copper and compounds (as Cu),7379.0682
2025/12/15,Czechia,2018,Fluoranthene,0.001
2025/12/15,Czechia,2019,Di-(2-ethyl hexyl) phthalate (DEHP),8.841000000000001
2025/12/15,Czechia,2019,Halogenated organic compounds (as AOX),19572.565
2025/12/15,Czechia,2019,Total phosphorus,252026.409
2025/12/15,Czechia,2021,Fluoranthene,0.0008
2025/12/15,Czechia,2022,Halogenated organic compounds (as AOX),36344.281
2025/12/15,Czechia,2022,Total phosphorus,270296.51723899995
2025/12/15,Denmark,2008,Total organic carbon(as total C or COD/3) (TOC),12742900
2025/12/15,Denmark,2009,Phenols (as total C),257
2025/12/15,Denmark,2009,Total nitrogen,1026800
2025/12/15,Denmark,2011,Mercury and compounds (as Hg),1.79
2025/12/15,Denmark,2012,Phenols (as total C),700
2025/12/15,Denmark,2012,Total nitrogen,950500
2025/12/15,Denmark,2014,Mercury and compounds (as Hg),3
2025/12/15,Denmark,2015,Phenols (as total C),143
2025/12/15,Denmark,2015,Total nitrogen,1265500
2025/12/15,Denmark,2017,Lead and compounds (as Pb),82.4
2025/12/15,Denmark,2017,Mercury and compounds (as Hg),3.16
2025/12/15,Denmark,2018,Phenols (as total C),1010.0454
2025/12/15,Denmark,2018,Total nitrogen,1040593.2
2025/12/15,Denmark,2019,Nonylphenol and Nonylphenol ethoxylates,0.12
2025/12/15,Denmark,2019,PCDD + PCDF (dioxins + furans) (as Teq),0.006469000000000001
2025/12/15,Denmark,2020,Benzene,0
2025/12/15,Denmark,2020,Chromium and compounds (as Cr),22.774068000000007
2025/12/15,Denmark,2020,Mercury and compounds (as Hg),5.0927229999999994
2025/12/15,Denmark,2022,Nonylphenol and Nonylphenol ethoxylates,0.1
2025/12/15,Denmark,2022,Total phosphorus,143457.163
2025/12/15,Denmark,2023,Benzene,0
2025/12/15,Finland,2010,Naphthalene,53.8
2025/12/15,Finland,2013,Naphthalene,48.2
2025/12/15,Finland,2015,Chromium and compounds (as Cr),86
2025/12/15,Finland,2021,Chromium and compounds (as Cr),94.9
2025/12/15,France,2007,Benzene,1478
2025/12/15,France,2007,Cyanides (as total CN),1565
2025/12/15,France,2007,PCDD + PCDF (dioxins + furans) (as Teq),0.0006670000000000001
2025/12/15,France,2007,Zinc and compounds (as Zn),67253
2025/12/15,France,2008,Total nitrogen,3570000
2025/12/15,France,2009,Phenols (as total C),96956.6
2025/12/15,France,2010,Benzene,230
2025/12/15,France,2010,Cyanides (as total CN),6070
2025/12/15,France,2010,PCDD + PCDF (dioxins + furans) (as Teq),0.347784
2025/12/15,France,2010,Zinc and compounds (as Zn),34363
2025/12/15,France,2011,Copper and compounds (as Cu),3843
2025/12/15,France,2011,Nickel and compounds (as Ni),1625.6999999999998
2025/12/15,France,2012,Di-(2-ethyl hexyl) phthalate (DEHP),156.4
2025/12/15,France,2012,Phenols (as total C),109057.20000000001
2025/12/15,France,2013,Benzene,6290
2025/12/15,France,2013,Cyanides (as total CN),5700
2025/12/15,France,2013,Ethylene oxide,76000
2025/12/15,France,2013,Nonylphenol and Nonylphenol ethoxylates,12.33
2025/12/15,France,2013,PCDD + PCDF (dioxins + furans) (as Teq),0.21137299999999998
2025/12/15,France,2014,Copper and compounds (as Cu),2908.5
2025/12/15,France,2014,Nickel and compounds (as Ni),2347.4
2025/12/15,France,2015,"1,2-dichloroethane (DCE-1,2)",201
2025/12/15,France,2015,Di-(2-ethyl hexyl) phthalate (DEHP),193.55
2025/12/15,France,2015,Ethyl benzene,231
2025/12/15,France,2015,Halogenated organic compounds (as AOX),21820
2025/12/15,France,2015,Total phosphorus,531050
2025/12/15,France,2016,Nonylphenol and Nonylphenol ethoxylates,857.71
2025/12/15,France,2017,Copper and compounds (as Cu),1763.1
2025/12/15,France,2017,Nickel and compounds (as Ni),1060
2025/12/15,France,2018,"1,2-dichloroethane (DCE-1,2)",151
2025/12/15,France,2018,Di-(2-ethyl hexyl) phthalate (DEHP),3.44
2025/12/15,France,2018,Halogenated organic compounds (as AOX),36870
2025/12/15,France,2018,Total phosphorus,498290
2025/12/15,France,2019,Nonylphenol and Nonylphenol ethoxylates,12.850000000000001
2025/12/15,France,2020,Nickel and compounds (as Ni),698.299995
2025/12/15,France,2021,"1,2-dichloroethane (DCE-1,2)",78.799999
2025/12/15,France,2021,Halogenated organic compounds (as AOX),28370
2025/12/15,France,2021,Total phosphorus,436350
2025/12/15,France,2022,Nonylphenol and Nonylphenol ethoxylates,2.09
2025/12/15,France,2023,Octylphenols and Octylphenol ethoxylates,3.04
2025/12/15,France,2024,"1,2-dichloroethane (DCE-1,2)",104
2025/12/15,France,2024,Halogenated organic compounds (as AOX),13600
2025/12/15,France,2024,Tetrachloromethane (TCM),1.72
2025/12/15,Germany,2007,Ethyl benzene,5641
2025/12/15,Germany,2007,Phenols (as total C),645366
2025/12/15,Germany,2008,Benzene,6441
2025/12/15,Germany,2008,Cyanides (as total CN),26940.2
2025/12/15,Germany,2008,Ethylene oxide,1253
2025/12/15,Germany,2008,Nonylphenol and Nonylphenol ethoxylates,533
2025/12/15,Germany,2009,Copper and compounds (as Cu),14946.9
2025/12/15,Germany,2009,Nickel and compounds (as Ni),9179.4
2025/12/15,Germany,2009,Vinyl chloride,3151.3
2025/12/15,Germany,2010,"1,2-dichloroethane (DCE-1,2)",121
2025/12/15,Germany,2010,Ethyl benzene,9630
2025/12/15,Germany,2010,Halogenated organic compounds (as AOX),433360
2025/12/15,Germany,2010,Total phosphorus,2400820
2025/12/15,Germany,2011,Benzene,6740
2025/12/15,Germany,2011,Cyanides (as total CN),24058
2025/12/15,Germany,2011,Ethylene oxide,90
2025/12/15,Germany,2011,Nonylphenol and Nonylphenol ethoxylates,124
2025/12/15,Germany,2011,Trichlorobenzenes (TCB),26.1
2025/12/15,Germany,2012,Copper and compounds (as Cu),6981.2
2025/12/15,Germany,2012,Nickel and compounds (as Ni),6665.300000000001
2025/12/15,Germany,2013,"1,2-dichloroethane (DCE-1,2)",165
2025/12/15,Germany,2013,Di-(2-ethyl hexyl) phthalate (DEHP),2.64
2025/12/15,Germany,2013,Ethyl benzene,922
2025/12/15,Germany,2013,Halogenated organic compounds (as AOX),466910
2025/12/15,Germany,2013,Total phosphorus,2203490
2025/12/15,Germany,2014,Nonylphenol and Nonylphenol ethoxylates,60.48
2025/12/15,Germany,2015,Nickel and compounds (as Ni),6214.399999999999
2025/12/15,Germany,2016,"1,2-dichloroethane (DCE-1,2)",18.4
2025/12/15,Germany,2016,Halogenated organic compounds (as AOX),508740
2025/12/15,Germany,2016,Total phosphorus,2425130
2025/12/15,Germany,2017,Naphthalene,2935
2025/12/15,Germany,2017,Nonylphenol and Nonylphenol ethoxylates,38.6
2025/12/15,Germany,2019,"1,2-dichloroethane (DCE-1,2)",29.7
2025/12/15,Germany,2019,Halogenated organic compounds (as AOX),481250
2025/12/15,Germany,2019,Tetrachloromethane (TCM),24.1
2025/12/15,Germany,2020,Cadmium and compounds (as Cd),1762.68
2025/12/15,Germany,2020,Naphthalene,2470
2025/12/15,Germany,2020,Total organic carbon(as total C or COD/3) (TOC),153899300
2025/12/15,Germany,2021,Dichloromethane (DCM),2490.2
2025/12/15,Germany,2023,Cadmium and compounds (as Cd),2107.5
2025/12/15,Germany,2023,Naphthalene,2864.5
2025/12/15,Germany,2023,Total organic carbon(as total C or COD/3) (TOC),146220600
2025/12/15,Germany,2024,Dichloromethane (DCM),1114
2025/12/15,Germany,2024,Organotin compounds (as total Sn),5858
2025/12/15,Germany,2024,Polycyclic aromatic hydrocarbons (PAHs),38.19
2025/12/15,Greece,2015,Zinc and compounds (as Zn),409
2025/12/15,Greece,2018,Zinc and compounds (as Zn),120
2025/12/15,Greece,2019,Chromium and compounds (as Cr),70.2
2025/12/15,Greece,2020,Cadmium and compounds (as Cd),7.16
2025/12/15,Greece,2020,Phenols (as total C),1210
2025/12/15,Greece,2021,Zinc and compounds (as Zn),114
2025/12/15,Greece,2022,Chromium and compounds (as Cr),63
2025/12/15,Greece,2022,Mercury and compounds (as Hg),4.22
2025/12/15,Greece,2023,Phenols (as total C),2085
2025/12/15,Greece,2024,Zinc and compounds (as Zn),184
2025/12/15,Hungary,2008,Xylenes,1160
2025/12/15,Hungary,2010,Benzene,424
2025/12/15,Hungary,2010,Toluene,19300
2025/12/15,Hungary,2013,Toluene,2620
2025/12/15,Hungary,2016,Fluorides (as total F),7950
2025/12/15,Hungary,2019,Toluene,2800
2025/12/15,Hungary,2024,Halogenated organic compounds (as AOX),1310
2025/12/15,Hungary,2024,Nickel and compounds (as Ni),95.1
2025/12/15,Ireland,2012,Toluene,246
2025/12/15,Ireland,2015,Mercury and compounds (as Hg),4.73
2025/12/15,Ireland,2015,Toluene,361
2025/12/15,Ireland,2018,Toluene,245.3
2025/12/15,Ireland,2019,Copper and compounds (as Cu),621.929
2025/12/15,Ireland,2021,Mercury and compounds (as Hg),5.58
2025/12/15,Ireland,2022,Copper and compounds (as Cu),259.36
2025/12/15,Italy,2007,Copper and compounds (as Cu),2255.9
2025/12/15,Italy,2007,Fluoranthene,38.11000000000001
2025/12/15,Italy,2007,Vinyl chloride,329.8
2025/12/15,Italy,2008,Atrazine,22.3
2025/12/15,Italy,2008,Di-(2-ethyl hexyl) phthalate (DEHP),12.55
2025/12/15,Italy,2008,Total phosphorus,267160
2025/12/15,Italy,2009,Benzene,109469
2025/12/15,Italy,2009,DDT (DDT),5.9
2025/12/15,Italy,2010,"Chloro-alkanes, C10-C13",2.6
2025/12/15,Italy,2010,Copper and compounds (as Cu),12108.099999999999
2025/12/15,Italy,2010,Fluoranthene,5.6
2025/12/15,Italy,2011,Aldrin,6.699999999999999
2025/12/15,Italy,2011,Di-(2-ethyl hexyl) phthalate (DEHP),13.8
2025/12/15,Italy,2011,Halogenated organic compounds (as AOX),1730
2025/12/15,Italy,2011,Total phosphorus,276120
2025/12/15,Italy,2013,Copper and compounds (as Cu),3592.7999999999997
2025/12/15,Italy,2013,Fluoranthene,18.2
2025/12/15,Italy,2014,Aldrin,1.2
2025/12/15,Italy,2014,Halogenated organic compounds (as AOX),3480
2025/12/15,Italy,2014,Hexachlorobutadiene (HCBD),26.490000000000002
2025/12/15,Italy,2014,Total phosphorus,215610
2025/12/15,Italy,2015,Tetrachloroethylene,48.1
2025/12/15,Italy,2016,"Chloro-alkanes, C10-C13",84.9
2025/12/15,Italy,2016,Fluoranthene,8.5
2025/12/15,Italy,2017,Aldrin,179.3
2025/12/15,Italy,2017,Hexachlorobutadiene (HCBD),4.86
2025/12/15,Italy,2017,Total phosphorus,210690
2025/12/15,Italy,2018,Cadmium and compounds (as Cd),91.8868
2025/12/15,Italy,2018,Tetrachloroethylene,117.68109999999999
2025/12/15,Italy,2018,Total organic carbon(as total C or COD/3) (TOC),224277554.2
2025/12/15,Italy,2019,Dichloromethane (DCM),200.2135
2025/12/15,Italy,2020,Anthracene,3.07
2025/12/15,Italy,2020,Hexachlorobutadiene (HCBD),23.02
2025/12/15,Italy,2020,Lindane,1.6963
2025/12/15,Italy,2020,Tetrachloromethane (TCM),23.0441
2025/12/15,Italy,2021,Cadmium and compounds (as Cd),118.54499999999999
2025/12/15,Italy,2021,Endosulphan,1.7795
2025/12/15,Italy,2021,Tetrachloroethylene,135.7862
2025/12/15,Italy,2021,Total organic carbon(as total C or COD/3) (TOC),23765595.599999998
2025/12/15,Italy,2022,Dichloromethane (DCM),300.511
2025/12/15,Italy,2022,Polycyclic aromatic hydrocarbons (PAHs),56469.39000000001
2025/12/15,Italy,2022,Toluene,10302.9496
2025/12/15,Italy,2023,Anthracene,24.61
2025/12/15,Italy,2023,Hexachlorobutadiene (HCBD),21.348399999999998
2025/12/15,Italy,2023,Tetrachloromethane (TCM),27.2941
2025/12/15,Lithuania,2009,Total phosphorus,17430
2025/12/15,Lithuania,2012,Total phosphorus,4200000
2025/12/15,Lithuania,2015,Total phosphorus,33040
2025/12/15,Lithuania,2018,Total phosphorus,56400
2025/12/15,Lithuania,2020,Copper and compounds (as Cu),1662.9
2025/12/15,Lithuania,2021,Di-(2-ethyl hexyl) phthalate (DEHP),3.9
2025/12/15,Netherlands,2008,Total nitrogen,2715200
2025/12/15,Netherlands,2009,Cadmium and compounds (as Cd),28
2025/12/15,Netherlands,2010,Mercury and compounds (as Hg),1.15
2025/12/15,Netherlands,2011,Total nitrogen,3494100
2025/12/15,Netherlands,2013,Benzene,3160
2025/12/15,Netherlands,2013,Mercury and compounds (as Hg),4
2025/12/15,Netherlands,2014,Copper and compounds (as Cu),2548.1
2025/12/15,Netherlands,2014,Total nitrogen,3956900
2025/12/15,Netherlands,2016,Benzene,1220
2025/12/15,Netherlands,2017,Copper and compounds (as Cu),2760.5
2025/12/15,Netherlands,2018,Trichloromethane,27
2025/12/15,Netherlands,2018,Xylenes,295
2025/12/15,Netherlands,2019,Benzene,510
2025/12/15,Netherlands,2019,Mercury and compounds (as Hg),1.9
2025/12/15,Netherlands,2019,Toluene,443
2025/12/15,Netherlands,2020,Copper and compounds (as Cu),1966.6
2025/12/15,Netherlands,2021,Trichloromethane,41
2025/12/15,Netherlands,2021,Xylenes,553.6
2025/12/15,Netherlands,2022,Benzene,460
2025/12/15,Netherlands,2022,Toluene,185
2025/12/15,Netherlands,2023,Copper and compounds (as Cu),3127.2
2025/12/15,Netherlands,2023,Fluoranthene,2
2025/12/15,Netherlands,2024,Xylenes,3893.5
2025/12/15,Poland,2007,Dichloromethane (DCM),389
2025/12/15,Poland,2007,Fluorides (as total F),14410
2025/12/15,Poland,2007,Octylphenols and Octylphenol ethoxylates,3330
2025/12/15,Poland,2008,Arsenic and compounds (as As),233816.53999999998
2025/12/15,Poland,2008,Chlorides (as total Cl),581360000
2025/12/15,Poland,2008,Mercury and compounds (as Hg),436.36999999999995
2025/12/15,Poland,2008,Toluene,25460
2025/12/15,Poland,2009,Lead and compounds (as Pb),21147.3
2025/12/15,Poland,2010,Fluorides (as total F),454400
2025/12/15,Poland,2011,Arsenic and compounds (as As),182284.12
2025/12/15,Poland,2011,Chlorides (as total Cl),460810000
2025/12/15,Poland,2011,Mercury and compounds (as Hg),1017.09
2025/12/15,Poland,2011,Toluene,317
2025/12/15,Poland,2012,Lead and compounds (as Pb),51951.40000000001
2025/12/15,Poland,2013,Fluorides (as total F),407030
2025/12/15,Poland,2014,Chlorides (as total Cl),429470000
2025/12/15,Poland,2014,Mercury and compounds (as Hg),1180.65
2025/12/15,Poland,2015,Lead and compounds (as Pb),47306.1
2025/12/15,Poland,2016,Fluorides (as total F),509200
2025/12/15,Poland,2017,Chlorides (as total Cl),189390000
2025/12/15,Poland,2017,Mercury and compounds (as Hg),2767.08
2025/12/15,Poland,2020,Total phosphorus,282910
2025/12/15,Poland,2023,Total phosphorus,389460
2025/12/15,Portugal,2007,Lead and compounds (as Pb),275.7
2025/12/15,Portugal,2007,Total organic carbon(as total C or COD/3) (TOC),3588500
2025/12/15,Portugal,2008,Phenols (as total C),3295.1
2025/12/15,Portugal,2008,Total nitrogen,1193200
2025/12/15,Portugal,2009,Anthracene,1.14
2025/12/15,Portugal,2009,Arsenic and compounds (as As),247.79
2025/12/15,Portugal,2009,Chlorides (as total Cl),20090000
2025/12/15,Portugal,2009,Zinc and compounds (as Zn),1504
2025/12/15,Portugal,2010,Halogenated organic compounds (as AOX),44500
2025/12/15,Portugal,2010,Lead and compounds (as Pb),460.8999999999999
2025/12/15,Portugal,2011,Phenols (as total C),54504.700000000004
2025/12/15,Portugal,2011,Total nitrogen,676300
2025/12/15,Portugal,2012,Arsenic and compounds (as As),3560.94
2025/12/15,Portugal,2012,Chlorides (as total Cl),34220000
2025/12/15,Portugal,2012,PCDD + PCDF (dioxins + furans) (as Teq),0.000824
2025/12/15,Portugal,2012,Zinc and compounds (as Zn),2862
2025/12/15,Portugal,2013,Halogenated organic compounds (as AOX),41530
2025/12/15,Portugal,2013,Lead and compounds (as Pb),1979.6999999999998
2025/12/15,Portugal,2014,Ethyl benzene,202
2025/12/15,Portugal,2014,Phenols (as total C),16347.799999999997
2025/12/15,Portugal,2014,Total nitrogen,1279000
2025/12/15,Portugal,2015,Chlorides (as total Cl),34210000
2025/12/15,Portugal,2015,Dichloromethane (DCM),11.5
2025/12/15,Portugal,2015,Zinc and compounds (as Zn),2907
2025/12/15,Portugal,2016,Benzene,3000
2025/12/15,Portugal,2016,Lead and compounds (as Pb),1740.8
2025/12/15,Portugal,2017,Ethyl benzene,221
2025/12/15,Portugal,2017,Phenols (as total C),20786.1
2025/12/15,Portugal,2017,Total nitrogen,830200
2025/12/15,Portugal,2018,Chlorides (as total Cl),12211750
2025/12/15,Portugal,2018,Dichloromethane (DCM),30.2
2025/12/15,Portugal,2018,Nonylphenol and Nonylphenol ethoxylates,6.43
2025/12/15,Portugal,2019,Benzene,3910
2025/12/15,Portugal,2020,Ethyl benzene,122
2025/12/15,Portugal,2021,Dichloromethane (DCM),69.69999999999999
2025/12/15,Portugal,2021,Nonylphenol and Nonylphenol ethoxylates,3.51
2025/12/15,Portugal,2022,Benzene,4950
2025/12/15,Portugal,2022,Toluene,7090
2025/12/15,Portugal,2023,Ethyl benzene,251
2025/12/15,Portugal,2023,Fluoranthene,2.43
2025/12/15,Portugal,2024,Dichloromethane (DCM),166
2025/12/15,Portugal,2024,Fluorides (as total F),56180
2025/12/15,Portugal,2024,Nonylphenol and Nonylphenol ethoxylates,7.05
2025/12/15,Slovakia,2007,Lead and compounds (as Pb),38.3
2025/12/15,Slovakia,2007,Total organic carbon(as total C or COD/3) (TOC),4710000
2025/12/15,Slovakia,2008,Total nitrogen,199100
2025/12/15,Slovakia,2009,Zinc and compounds (as Zn),908
2025/12/15,Slovakia,2010,Lead and compounds (as Pb),34.1
2025/12/15,Slovakia,2011,Phenols (as total C),12700
2025/12/15,Slovakia,2011,Total nitrogen,131000
2025/12/15,Slovakia,2012,Chlorides (as total Cl),3850000
2025/12/15,Slovakia,2012,Zinc and compounds (as Zn),318
2025/12/15,Slovakia,2014,Total nitrogen,163200
2025/12/15,Slovakia,2016,Mercury and compounds (as Hg),1.71
2025/12/15,Slovakia,2019,Toluene,410
2025/12/15,Slovakia,2022,Toluene,373
2025/12/15,Slovenia,2008,Zinc and compounds (as Zn),903
2025/12/15,Slovenia,2009,Halogenated organic compounds (as AOX),3070
2025/12/15,Slovenia,2009,Total organic carbon(as total C or COD/3) (TOC),1401000
2025/12/15,Slovenia,2010,Phenols (as total C),369
2025/12/15,Slovenia,2010,Total nitrogen,211700
2025/12/15,Slovenia,2011,Zinc and compounds (as Zn),117
2025/12/15,Slovenia,2013,Phenols (as total C),121.1
2025/12/15,Slovenia,2013,Total nitrogen,122000
2025/12/15,Slovenia,2014,Zinc and compounds (as Zn),227
2025/12/15,Slovenia,2016,Phenols (as total C),300
2025/12/15,Slovenia,2016,Total nitrogen,172000
2025/12/15,Slovenia,2019,Phenols (as total C),435
2025/12/15,Slovenia,2024,Tetrachloromethane (TCM),2.772
2025/12/15,Slovenia,2024,Toluene,554
2025/12/15,Spain,2007,Fluorides (as total F),22350
2025/12/15,Spain,2007,Total organic carbon(as total C or COD/3) (TOC),13071800
2025/12/15,Spain,2007,Vinyl chloride,69.1
2025/12/15,Spain,2008,Cyanides (as total CN),225
2025/12/15,Spain,2008,Octylphenols and Octylphenol ethoxylates,2.33
2025/12/15,Spain,2009,Chromium and compounds (as Cr),2558.8
2025/12/15,Spain,2009,Fluoranthene,11.3
2025/12/15,Spain,2010,Fluorides (as total F),205510
2025/12/15,Spain,2010,Total organic carbon(as total C or COD/3) (TOC),15349300
2025/12/15,Spain,2010,Vinyl chloride,59.9
2025/12/15,Spain,2011,Cyanides (as total CN),1997
2025/12/15,Spain,2011,Octylphenols and Octylphenol ethoxylates,6.85
2025/12/15,Spain,2012,Chromium and compounds (as Cr),3131.2999999999997
2025/12/15,Spain,2012,Nickel and compounds (as Ni),1837.6
2025/12/15,Spain,2013,Total organic carbon(as total C or COD/3) (TOC),14460900
2025/12/15,Spain,2013,Vinyl chloride,18.5
2025/12/15,Spain,2014,Cyanides (as total CN),839
2025/12/15,Spain,2014,Octylphenols and Octylphenol ethoxylates,9.3
2025/12/15,Spain,2015,Arsenic and compounds (as As),330.01
2025/12/15,Spain,2015,Nickel and compounds (as Ni),1552.6999999999998
2025/12/15,Spain,2016,Lead and compounds (as Pb),549.1
2025/12/15,Spain,2016,Total organic carbon(as total C or COD/3) (TOC),10879600
2025/12/15,Spain,2017,Total phosphorus,304590
2025/12/15,Spain,2018,Arsenic and compounds (as As),338.17999999999995
2025/12/15,Spain,2018,Chlorides (as total Cl),110210000
2025/12/15,Spain,2018,Mercury and compounds (as Hg),56.16
2025/12/15,Spain,2018,Nickel and compounds (as Ni),933.5999999999998
2025/12/15,Spain,2019,Lead and compounds (as Pb),596.3000000000001
2025/12/15,Spain,2020,Total phosphorus,312320
2025/12/15,Spain,2021,Arsenic and compounds (as As),237.88999999999996
2025/12/15,Spain,2021,Chlorides (as total Cl),56870000
2025/12/15,Spain,2021,Mercury and compounds (as Hg),278.24
2025/12/15,Spain,2022,Lead and compounds (as Pb),757.8
2025/12/15,Spain,2023,Naphthalene,14
2025/12/15,Spain,2023,Total phosphorus,353950
2025/12/15,Spain,2023,Trichloromethane,279
2025/12/15,Spain,2024,Chlorides (as total Cl),49460000
2025/12/15,Spain,2024,Mercury and compounds (as Hg),24.11
2025/12/15,Sweden,2007,Phenols (as total C),15045.7
2025/12/15,Sweden,2008,Cyanides (as total CN),59
2025/12/15,Sweden,2008,Nonylphenol and Nonylphenol ethoxylates,14.7
2025/12/15,Sweden,2009,Copper and compounds (as Cu),57
2025/12/15,Sweden,2009,Nickel and compounds (as Ni),21.9
2025/12/15,Sweden,2010,Halogenated organic compounds (as AOX),1510
2025/12/15,Sweden,2011,Nonylphenol and Nonylphenol ethoxylates,89
2025/12/15,Sweden,2012,Copper and compounds (as Cu),173.1
2025/12/15,Sweden,2012,Nickel and compounds (as Ni),159
2025/12/15,Sweden,2014,Nonylphenol and Nonylphenol ethoxylates,29
2025/12/15,Sweden,2017,Total organic carbon(as total C or COD/3) (TOC),5938100
2025/12/15,Sweden,2020,Total organic carbon(as total C or COD/3) (TOC),6131900
2025/12/15,Switzerland,2008,Chromium and compounds (as Cr),422
2025/12/15,Switzerland,2011,Chromium and compounds (as Cr),600
2025/12/15,Switzerland,2013,Total phosphorus,96460
2025/12/15,Switzerland,2016,Halogenated organic compounds (as AOX),358750
2025/12/15,Switzerland,2016,Total nitrogen,868000
2025/12/15,Switzerland,2016,Total phosphorus,162370
2025/12/15,Switzerland,2018,Zinc and compounds (as Zn),1067.1
2025/12/15,Switzerland,2019,Halogenated organic compounds (as AOX),591446.3300000001
2025/12/15,Switzerland,2019,Total nitrogen,652237.4
2025/12/15,Switzerland,2019,Total phosphorus,140720.7
2025/12/15,Switzerland,2020,Phenols (as total C),47323
2025/12/15,Switzerland,2021,Zinc and compounds (as Zn),1092.5900000000001
2025/12/15,Switzerland,2022,Halogenated organic compounds (as AOX),436126.73600000003
2025/12/15,Switzerland,2022,Total nitrogen,739397.6
2025/12/15,Switzerland,2022,Total phosphorus,127682.3
2025/12/15,United Kingdom,2007,Arsenic and compounds (as As),377.02
2025/12/15,United Kingdom,2007,Chlorides (as total Cl),25630000
2025/12/15,United Kingdom,2007,Zinc and compounds (as Zn),25494
2025/12/15,United Kingdom,2008,Brominated diphenylethers (PBDE),67
2025/12/15,United Kingdom,2008,Halogenated organic compounds (as AOX),18000
2025/12/15,United Kingdom,2008,Lead and compounds (as Pb),2047.6
2025/12/15,United Kingdom,2009,Hexachlorobutadiene (HCBD),3.33
2025/12/15,United Kingdom,2009,Phenols (as total C),86277.79999999999
2025/12/15,United Kingdom,2009,Total nitrogen,20985900
2025/12/15,United Kingdom,2010,Arsenic and compounds (as As),1635.1599999999999
2025/12/15,United Kingdom,2010,Chlorides (as total Cl),48690000
2025/12/15,United Kingdom,2010,PCDD + PCDF (dioxins + furans) (as Teq),0.00423
2025/12/15,United Kingdom,2010,Zinc and compounds (as Zn),24766
2025/12/15,United Kingdom,2011,Brominated diphenylethers (PBDE),4
2025/12/15,United Kingdom,2011,Halogenated organic compounds (as AOX),14000
2025/12/15,United Kingdom,2011,Isoproturon,110
2025/12/15,United Kingdom,2011,Lead and compounds (as Pb),634.1999999999999
2025/12/15,United Kingdom,2011,Tetrachloromethane (TCM),1.3
2025/12/15,United Kingdom,2012,Ethyl benzene,762
2025/12/15,United Kingdom,2012,Hexachlorobutadiene (HCBD),6.2
2025/12/15,United Kingdom,2012,Phenols (as total C),104821.2
2025/12/15,United Kingdom,2012,Total nitrogen,8616100
2025/12/15,United Kingdom,2013,Chlorides (as total Cl),24820000
2025/12/15,United Kingdom,2013,Dichloromethane (DCM),8483
2025/12/15,United Kingdom,2013,Nonylphenol and Nonylphenol ethoxylates,261.95
2025/12/15,United Kingdom,2014,Benzene,28419
2025/12/15,United Kingdom,2014,Fluorine and inorganic compounds (as HF),1160
2025/12/15,United Kingdom,2014,Lead and compounds (as Pb),546.7
2025/12/15,United Kingdom,2014,Tetrachloromethane (TCM),1.01
2025/12/15,United Kingdom,2015,Phenols (as total C),103363.2
2025/12/15,United Kingdom,2015,Total nitrogen,5719400
2025/12/15,United Kingdom,2016,Chlorides (as total Cl),21490000
2025/12/15,United Kingdom,2016,Dichloromethane (DCM),6107.9
2025/12/15,United Kingdom,2016,Nonylphenol and Nonylphenol ethoxylates,6.790000000000001
2025/12/15,United Kingdom,2017,Benzene,14112
2025/12/15,United Kingdom,2018,Fluoranthene,27.54
2025/12/15,United Kingdom,2019,Dichloromethane (DCM),35.9
2025/12/15,United Kingdom,2019,Nonylphenol and Nonylphenol ethoxylates,4
2025/12/15,Austria,2007,Cyanides (as total CN),31200
2025/12/15,Austria,2007,Dichloromethane (DCM),211
2025/12/15,Austria,2007,Total nitrogen,960000
2025/12/15,Austria,2008,Nickel and compounds (as Ni),239.7
2025/12/15,Austria,2009,"1,2-dichloroethane (DCE-1,2)",717
2025/12/15,Austria,2009,Benzene,11600
2025/12/15,Austria,2009,Polycyclic aromatic hydrocarbons (PAHs),1430
2025/12/15,Austria,2010,Copper and compounds (as Cu),660.9
2025/12/15,Austria,2010,Fluorides (as total F),39580
2025/12/15,Austria,2011,Di-(2-ethyl hexyl) phthalate (DEHP),21.18
2025/12/15,Austria,2011,Nickel and compounds (as Ni),275.7
2025/12/15,Austria,2013,Copper and compounds (as Cu),349.8
2025/12/15,Austria,2013,Fluorides (as total F),37450
2025/12/15,Austria,2014,Di-(2-ethyl hexyl) phthalate (DEHP),48.52
2025/12/15,Austria,2015,Benzene,38300
2025/12/15,Austria,2016,Copper and compounds (as Cu),549.7
2025/12/15,Austria,2016,Fluorides (as total F),38610
2025/12/15,Austria,2016,Naphthalene,971.4
2025/12/15,Austria,2016,Zinc and compounds (as Zn),433645
2025/12/15,Austria,2017,Di-(2-ethyl hexyl) phthalate (DEHP),54.22
2025/12/15,Austria,2018,Phenols (as total C),232446
2025/12/15,Austria,2019,Fluorides (as total F),50790
2025/12/15,Austria,2019,Naphthalene,1397.4
2025/12/15,Austria,2019,PCDD + PCDF (dioxins + furans) (as Teq),0.0203
2025/12/15,Austria,2019,Zinc and compounds (as Zn),417440
2025/12/15,Austria,2021,Phenols (as total C),197113.3
2025/12/15,Austria,2022,Naphthalene,165
2025/12/15,Austria,2022,PCDD + PCDF (dioxins + furans) (as Teq),0.0231
2025/12/15,Austria,2022,Zinc and compounds (as Zn),348634
2025/12/15,Austria,2023,Total phosphorus,243260
2025/12/15,Austria,2024,Ethyl benzene,1810
2025/12/15,Austria,2024,Phenols (as total C),207944
2025/12/15,Austria,2024,Toluene,12800
2025/12/15,Austria,2024,Total organic carbon(as total C or COD/3) (TOC),34454200
2025/12/15,Belgium,2008,Phenols (as total C),1602.4
2025/12/15,Belgium,2009,Fluorides (as total F),4220
2025/12/15,Belgium,2009,Naphthalene,646
2025/12/15,Belgium,2009,Zinc and compounds (as Zn),2312
2025/12/15,Belgium,2011,Phenols (as total C),815
2025/12/15,Belgium,2011,Total organic carbon(as total C or COD/3) (TOC),6137800
2025/12/15,Belgium,2012,Zinc and compounds (as Zn),447
2025/12/15,Belgium,2013,Total phosphorus,75950
2025/12/15,Belgium,2014,Chromium and compounds (as Cr),277.5
2025/12/15,Belgium,2014,Phenols (as total C),127.3
2025/12/15,Belgium,2014,Total organic carbon(as total C or COD/3) (TOC),3369300
2025/12/15,Belgium,2016,Total phosphorus,129470
2025/12/15,Belgium,2016,Trichloromethane,78
2025/12/15,Belgium,2017,Chromium and compounds (as Cr),126
2025/12/15,Belgium,2017,Ethyl benzene,214
2025/12/15,Belgium,2017,Phenols (as total C),621.6
2025/12/15,Belgium,2017,Total organic carbon(as total C or COD/3) (TOC),2623400
2025/12/15,Belgium,2018,Nonylphenol and Nonylphenol ethoxylates,8.08
2025/12/15,Belgium,2019,Anthracene,3.19
2025/12/15,Belgium,2019,Arsenic and compounds (as As),35.01
2025/12/15,Belgium,2019,Total phosphorus,39200
2025/12/15,Belgium,2019,Trichloromethane,101
2025/12/15,Belgium,2020,"Benzo(g,h,i)perylene",451
2025/12/15,Belgium,2020,Chromium and compounds (as Cr),87.2
2025/12/15,Belgium,2020,Ethyl benzene,821
2025/12/15,Belgium,2020,Fluoranthene,694
2025/12/15,Belgium,2020,Toluene,15.9
2025/12/15,Belgium,2020,Total organic carbon(as total C or COD/3) (TOC),2800400
2025/12/15,Belgium,2022,Arsenic and compounds (as As),17.68
2025/12/15,Belgium,2022,Chlorides (as total Cl),5270000
2025/12/15,Belgium,2022,Total phosphorus,34030
2025/12/15,Belgium,2022,Trichloromethane,51.5
2025/12/15,Belgium,2023,Ethyl benzene,414
2025/12/15,Belgium,2024,Ethylene oxide,26.9
2025/12/15,Bulgaria,2007,Copper and compounds (as Cu),1836
2025/12/15,Bulgaria,2008,Chromium and compounds (as Cr),432
2025/12/15,Bulgaria,2010,Copper and compounds (as Cu),1476.7
2025/12/15,Bulgaria,2011,Chromium and compounds (as Cr),3135.8
2025/12/15,Bulgaria,2013,Copper and compounds (as Cu),244
2025/12/15,Bulgaria,2013,Zinc and compounds (as Zn),19816
2025/12/15,Bulgaria,2014,Chromium and compounds (as Cr),200.7
2025/12/15,Bulgaria,2015,Phenols (as total C),9834.4
2025/12/15,Bulgaria,2016,Zinc and compounds (as Zn),42606
2025/12/15,Bulgaria,2018,Phenols (as total C),7414.049
2025/12/15,Bulgaria,2019,Zinc and compounds (as Zn),8364
2025/12/15,Bulgaria,2021,Phenols (as total C),4570
2025/12/15,Bulgaria,2021,Total organic carbon(as total C or COD/3) (TOC),610481
2025/12/15,Bulgaria,2022,Zinc and compounds (as Zn),11561
2025/12/15,Croatia,2016,Total phosphorus,16000
2025/12/15,Croatia,2019,Total phosphorus,7600
2025/12/15,Croatia,2022,Nickel and compounds (as Ni),62.400000000000006
2025/12/15,Cyprus,2007,Total organic carbon(as total C or COD/3) (TOC),374000
2025/12/15,Cyprus,2009,Arsenic and compounds (as As),8.13
2025/12/15,Cyprus,2010,Total organic carbon(as total C or COD/3) (TOC),182000
2025/12/15,Cyprus,2013,Lead and compounds (as Pb),41.4
2025/12/15,Cyprus,2014,Total nitrogen,470400
2025/12/15,Cyprus,2017,Total nitrogen,689300
2025/12/15,Cyprus,2020,Total nitrogen,777400
2025/12/15,Czechia,2009,Mercury and compounds (as Hg),26.48
2025/12/15,Czechia,2010,Toluene,15200
2025/12/15,Czechia,2012,Mercury and compounds (as Hg),20.22
2025/12/15,Czechia,2012,Total phosphorus,98590
2025/12/15,Czechia,2013,Toluene,19280
2025/12/15,Czechia,2015,Halogenated organic compounds (as AOX),22670
2025/12/15,Czechia,2015,Mercury and compounds (as Hg),35.25
2025/12/15,Czechia,2015,Total phosphorus,194580
2025/12/15,Czechia,2016,Toluene,6860
2025/12/15,Czechia,2018,Halogenated organic compounds (as AOX),23948.927000000003
2025/12/15,Czechia,2018,Mercury and compounds (as Hg),36.080716
2025/12/15,Czechia,2018,Total phosphorus,289032.103
2025/12/15,Czechia,2019,Fluoranthene,0.001
2025/12/15,Czechia,2019,Toluene,4885.068
2025/12/15,Czechia,2020,Cyanides (as total CN),5086.71224
2025/12/15,Czechia,2020,Total nitrogen,782648.029
2025/12/15,Czechia,2021,Halogenated organic compounds (as AOX),18854.053
2025/12/15,Czechia,2021,Tetrachloromethane (TCM),9.9
2025/12/15,Czechia,2021,Total phosphorus,261202.50671999998
2025/12/15,Czechia,2022,Fluoranthene,0.0009
2025/12/15,Denmark,2008,Chlorides (as total Cl),9100000
2025/12/15,Denmark,2008,Copper and compounds (as Cu),475
2025/12/15,Denmark,2009,Di-(2-ethyl hexyl) phthalate (DEHP),2.3899999999999997
2025/12/15,Denmark,2011,Chlorides (as total Cl),4530000
2025/12/15,Denmark,2015,Mercury and compounds (as Hg),1.05
2025/12/15,Denmark,2017,PCDD + PCDF (dioxins + furans) (as Teq),0.679
2025/12/15,Denmark,2018,Mercury and compounds (as Hg),0.5418510000000001
2025/12/15,Denmark,2018,Total phosphorus,177753.41999999998
2025/12/15,Denmark,2019,Phenols (as total C),380.1212
2025/12/15,Denmark,2019,Total organic carbon(as total C or COD/3) (TOC),12001696.120000001
2025/12/15,Denmark,2020,Nonylphenol and Nonylphenol ethoxylates,0.1
2025/12/15,Denmark,2020,PCDD + PCDF (dioxins + furans) (as Teq),0
2025/12/15,Denmark,2021,Mercury and compounds (as Hg),0.465242
2025/12/15,Denmark,2021,Total phosphorus,301184.71499999997
2025/12/15,Denmark,2022,"1,1,1-trichloroethane (TCE-1,1,1)",0
2025/12/15,Denmark,2022,Phenols (as total C),395.0232
2025/12/15,Denmark,2022,Toluene,0
2025/12/15,Denmark,2022,Total organic carbon(as total C or COD/3) (TOC),10096368.06
2025/12/15,Denmark,2023,Nonylphenol and Nonylphenol ethoxylates,0.01
2025/12/15,Denmark,2023,PCDD + PCDF (dioxins + furans) (as Teq),0
2025/12/15,Denmark,2024,Mercury and compounds (as Hg),0.46305
2025/12/15,Denmark,2024,Total phosphorus,125219.517
2025/12/15,Finland,2008,Fluorides (as total F),47600
2025/12/15,Finland,2008,Naphthalene,294
2025/12/15,Finland,2009,Hexachlorobenzene (HCB),1.82
2025/12/15,Finland,2009,Total nitrogen,1113600
2025/12/15,Finland,2011,Fluorides (as total F),82400
2025/12/15,Finland,2012,Total nitrogen,1787900
2025/12/15,Finland,2014,Fluorides (as total F),192000
2025/12/15,Finland,2015,Total nitrogen,1466200
2025/12/15,Finland,2017,Benzene,6900
2025/12/15,Finland,2018,Copper and compounds (as Cu),805.4
2025/12/15,Finland,2018,Total nitrogen,1332300
2025/12/15,Finland,2020,Benzene,944
2025/12/15,Finland,2021,Copper and compounds (as Cu),830.2
2025/12/15,Finland,2023,Benzene,707
2025/12/15,Finland,2024,Copper and compounds (as Cu),949.1
2025/12/15,Finland,2024,Zinc and compounds (as Zn),837
2025/12/15,France,2007,Cadmium and compounds (as Cd),30.529999999999998
2025/12/15,France,2007,Halogenated organic compounds (as AOX),52060
2025/12/15,France,2007,Nickel and compounds (as Ni),5198.599999999999
2025/12/15,France,2007,Tetrachloroethylene,114
2025/12/15,France,2007,Tetrachloromethane (TCM),54.6
2025/12/15,France,2008,Fluoranthene,15.58
2025/12/15,France,2009,Cyanides (as total CN),3797
2025/12/15,France,2009,Dichloromethane (DCM),3617.9
2025/12/15,France,2009,Total nitrogen,2043400
2025/12/15,France,2010,Cadmium and compounds (as Cd),64.27000000000001
2025/12/15,France,2010,Nickel and compounds (as Ni),2711.3
2025/12/15,France,2010,Tetrachloromethane (TCM),165.6
2025/12/15,France,2011,"1,2-dichloroethane (DCE-1,2)",170
2025/12/15,France,2011,Benzene,2430
2025/12/15,France,2012,Cyanides (as total CN),3530
2025/12/15,France,2012,Dichloromethane (DCM),8759.6
2025/12/15,France,2012,Total nitrogen,3108200
2025/12/15,France,2013,Di-(2-ethyl hexyl) phthalate (DEHP),7.01
2025/12/15,France,2013,Nickel and compounds (as Ni),2287.6
2025/12/15,France,2013,Tetrachloromethane (TCM),179.96
2025/12/15,France,2014,"1,2-dichloroethane (DCE-1,2)",421
2025/12/15,France,2014,Benzene,4800
2025/12/15,France,2015,Copper and compounds (as Cu),3172.8
2025/12/15,France,2015,Dichloromethane (DCM),221.4
2025/12/15,France,2015,Ethylene oxide,500
2025/12/15,France,2015,Fluorides (as total F),134120
2025/12/15,France,2016,Di-(2-ethyl hexyl) phthalate (DEHP),5.02
2025/12/15,France,2016,Nickel and compounds (as Ni),1480.7
2025/12/15,France,2017,"1,2-dichloroethane (DCE-1,2)",389.4
2025/12/15,France,2018,Copper and compounds (as Cu),1013.0999999999999
2025/12/15,France,2018,Fluorides (as total F),2830
2025/12/15,France,2018,Naphthalene,19.4
2025/12/15,France,2019,Di-(2-ethyl hexyl) phthalate (DEHP),70.130003
2025/12/15,France,2020,"1,2-dichloroethane (DCE-1,2)",83.400002
2025/12/15,France,2020,Benzene,0.388
2025/12/15,France,2021,Copper and compounds (as Cu),2342.700001
2025/12/15,France,2021,Fluorides (as total F),34300
2025/12/15,France,2021,Vinyl chloride,43.5
2025/12/15,France,2021,Zinc and compounds (as Zn),8234
2025/12/15,France,2022,Di-(2-ethyl hexyl) phthalate (DEHP),23.590000000000003
2025/12/15,France,2023,Phenols (as total C),154614.200003
2025/12/15,France,2024,Fluorides (as total F),4970
2025/12/15,France,2024,PCDD + PCDF (dioxins + furans) (as Teq),0.02433
2025/12/15,France,2024,Vinyl chloride,28.5
2025/12/15,France,2024,Zinc and compounds (as Zn),8610
2025/12/15,Germany,2007,Cyanides (as total CN),91996.4
2025/12/15,Germany,2007,Dichloromethane (DCM),550.5
2025/12/15,Germany,2007,Ethylene oxide,2970
2025/12/15,Germany,2007,Total nitrogen,11466000
2025/12/15,Germany,2008,Nickel and compounds (as Ni),11129.6
2025/12/15,Germany,2008,Octylphenols and Octylphenol ethoxylates,180
2025/12/15,Germany,2008,Polychlorinated biphenyls (PCBs),0.256
2025/12/15,Germany,2008,Tetrachloromethane (TCM),21
2025/12/15,Germany,2009,"1,2-dichloroethane (DCE-1,2)",13
2025/12/15,Germany,2009,Benzene,11586
2025/12/15,Germany,2010,Copper and compounds (as Cu),11434
2025/12/15,Germany,2010,Dichloromethane (DCM),759.5999999999999
2025/12/15,Germany,2010,Ethylene oxide,100
2025/12/15,Germany,2010,Fluorides (as total F),297300
2025/12/15,Germany,2011,Nickel and compounds (as Ni),7358.6
2025/12/15,Germany,2011,Octylphenols and Octylphenol ethoxylates,176.25
2025/12/15,Germany,2012,Benzene,3337
2025/12/15,Germany,2012,Tributyltin and compounds,4.28
2025/12/15,Germany,2013,Copper and compounds (as Cu),11661.5
2025/12/15,Germany,2013,Fluorides (as total F),233810
2025/12/15,Germany,2013,Naphthalene,4796
2025/12/15,Germany,2014,Octylphenols and Octylphenol ethoxylates,14.04
2025/12/15,Germany,2015,Benzene,8734
2025/12/15,Germany,2015,Tributyltin and compounds,1.19
2025/12/15,Germany,2016,Copper and compounds (as Cu),48832.49999999999
2025/12/15,Germany,2016,Fluorides (as total F),259730
2025/12/15,Germany,2016,Naphthalene,2383
2025/12/15,Germany,2016,Zinc and compounds (as Zn),53590
2025/12/15,Germany,2018,Phenols (as total C),515099.29999999993
2025/12/15,Germany,2019,Fluorides (as total F),310240
2025/12/15,Germany,2019,Naphthalene,3475.3
2025/12/15,Germany,2019,Zinc and compounds (as Zn),85738
2025/12/15,Germany,2020,Organotin compounds (as total Sn),15800
2025/12/15,Germany,2021,Phenols (as total C),497889.69999999995
2025/12/15,Germany,2022,Naphthalene,2972.3
2025/12/15,Germany,2022,Zinc and compounds (as Zn),56010
2025/12/15,Germany,2023,Organotin compounds (as total Sn),6232
2025/12/15,Germany,2024,"Benzo(g,h,i)perylene",2.98
2025/12/15,Germany,2024,Cadmium and compounds (as Cd),891.4
2025/12/15,Germany,2024,Chromium and compounds (as Cr),1083.7
2025/12/15,Germany,2024,Ethyl benzene,1120
2025/12/15,Germany,2024,Phenols (as total C),537574.6
2025/12/15,Germany,2024,Tetrachloroethylene,40.5
2025/12/15,Germany,2024,Total organic carbon(as total C or COD/3) (TOC),157696500
2025/12/15,Greece,2015,Chromium and compounds (as Cr),261
2025/12/15,Greece,2021,Cadmium and compounds (as Cd),16.5
2025/12/15,Greece,2021,Chromium and compounds (as Cr),178
2025/12/15,Greece,2024,Cadmium and compounds (as Cd),112
2025/12/15,Greece,2024,Chromium and compounds (as Cr),174
2025/12/15,Hungary,2008,Ethyl benzene,278
2025/12/15,Hungary,2010,Arsenic and compounds (as As),11.4
2025/12/15,Hungary,2013,Copper and compounds (as Cu),89.4
2025/12/15,Hungary,2013,Total phosphorus,19110
2025/12/15,Hungary,2016,Arsenic and compounds (as As),183
2025/12/15,Hungary,2016,Copper and compounds (as Cu),110
2025/12/15,Hungary,2016,Total phosphorus,14860
2025/12/15,Hungary,2019,Copper and compounds (as Cu),127
2025/12/15,Hungary,2019,Total phosphorus,1244850
2025/12/15,Hungary,2019,Trichloromethane,23.4
2025/12/15,Hungary,2019,Zinc and compounds (as Zn),9180
2025/12/15,Hungary,2020,Toluene,1810
2025/12/15,Hungary,2022,Total phosphorus,49570
2025/12/15,Ireland,2007,Lead and compounds (as Pb),309
2025/12/15,Ireland,2008,Total nitrogen,142000
2025/12/15,Ireland,2009,Chlorides (as total Cl),2370000
2025/12/15,Ireland,2011,Total nitrogen,55600
2025/12/15,Ireland,2012,Chlorides (as total Cl),2220000
2025/12/15,Ireland,2019,Mercury and compounds (as Hg),1.04
2025/12/15,Ireland,2022,Mercury and compounds (as Hg),3.42
2025/12/15,Italy,2007,Aldrin,2.27
2025/12/15,Italy,2007,DDT (DDT),107.8
2025/12/15,Italy,2007,Halogenated organic compounds (as AOX),5150
2025/12/15,Italy,2007,Mercury and compounds (as Hg),30.42
2025/12/15,Italy,2007,Pentachlorobenzene,2.27
2025/12/15,Italy,2007,Total phosphorus,275270
2025/12/15,Italy,2008,Toluene,87558
2025/12/15,Italy,2010,Aldrin,7.6
2025/12/15,Italy,2010,DDT (DDT),5.9
2025/12/15,Italy,2010,Halogenated organic compounds (as AOX),7080
2025/12/15,Italy,2010,Mercury and compounds (as Hg),24.419999999999998
2025/12/15,Italy,2010,Pentachlorobenzene,2.6
2025/12/15,Italy,2010,Total phosphorus,300600
2025/12/15,Italy,2011,Endrin,4.9
2025/12/15,Italy,2011,Fluoranthene,2.5
2025/12/15,Italy,2011,Toluene,71365
2025/12/15,Italy,2012,Cyanides (as total CN),3257.6
2025/12/15,Italy,2012,Heptachlor,2.6
2025/12/15,Italy,2012,Total nitrogen,3333300
2025/12/15,Italy,2013,Aldrin,3.8000000000000003
2025/12/15,Italy,2013,DDT (DDT),5.3
2025/12/15,Italy,2013,Halogenated organic compounds (as AOX),1920
2025/12/15,Italy,2013,Total phosphorus,206120
2025/12/15,Italy,2014,Fluoranthene,11.8
2025/12/15,Italy,2015,Cyanides (as total CN),2119.4
2025/12/15,Italy,2015,Dichloromethane (DCM),123.9
2025/12/15,Italy,2015,Total nitrogen,2868000
2025/12/15,Italy,2015,Trichlorobenzenes (TCB),1.79
2025/12/15,Italy,2016,Halogenated organic compounds (as AOX),13300
2025/12/15,Italy,2016,Nickel and compounds (as Ni),8095.700000000002
2025/12/15,Italy,2017,Endrin,178
2025/12/15,Italy,2017,Fluoranthene,12.030000000000001
2025/12/15,Italy,2018,Cyanides (as total CN),1160.4451000000001
2025/12/15,Italy,2018,Dichloromethane (DCM),165.9726
2025/12/15,Italy,2018,Total nitrogen,4223650.3
2025/12/15,Italy,2018,Trichlorobenzenes (TCB),18.4245
2025/12/15,Italy,2019,Nickel and compounds (as Ni),5638.623200000002
2025/12/15,Italy,2019,Tetrachloromethane (TCM),22.258699999999997
2025/12/15,Italy,2020,Benzene,66166.40069999998
2025/12/15,Italy,2020,Endrin,1.6963
2025/12/15,Italy,2020,Fluoranthene,3.49
2025/12/15,Italy,2021,Chlorpyrifos,1.7795
2025/12/15,Italy,2021,Cyanides (as total CN),2059.2176000000004
2025/12/15,Italy,2021,Dichloromethane (DCM),247.2559
2025/12/15,Italy,2021,Heptachlor,1.7795
2025/12/15,Italy,2021,Total nitrogen,3608448.9
2025/12/15,Italy,2021,Trichlorobenzenes (TCB),21.6504
2025/12/15,Italy,2022,Hexachlorobenzene (HCB),1.5352
2025/12/15,Italy,2022,Nickel and compounds (as Ni),3790.5964
2025/12/15,Italy,2022,Tetrachloromethane (TCM),20.0392
2025/12/15,Italy,2023,"1,2-dichloroethane (DCE-1,2)",18.1311
2025/12/15,Italy,2023,Benzene,13895.5345
2025/12/15,Lithuania,2013,Total phosphorus,4198940
2025/12/15,Lithuania,2016,Copper and compounds (as Cu),5967
2025/12/15,Lithuania,2016,Total phosphorus,35300
2025/12/15,Lithuania,2017,Chromium and compounds (as Cr),102
2025/12/15,Lithuania,2019,Copper and compounds (as Cu),6450
2025/12/15,Lithuania,2019,Total phosphorus,69130
2025/12/15,Lithuania,2019,Zinc and compounds (as Zn),413
2025/12/15,Lithuania,2020,Chromium and compounds (as Cr),1400
2025/12/15,Lithuania,2021,Phenols (as total C),48.3
2025/12/15,Lithuania,2022,Total phosphorus,59100
2025/12/15,Lithuania,2022,Zinc and compounds (as Zn),155
2025/12/15,Netherlands,2007,Total nitrogen,3281000
2025/12/15,Netherlands,2008,Cadmium and compounds (as Cd),52
2025/12/15,Netherlands,2009,Benzene,6892
2025/12/15,Netherlands,2009,Fluoranthene,4.1
2025/12/15,Netherlands,2009,Naphthalene,132
2025/12/15,Netherlands,2009,Trichloroethylene (TRI),145
2025/12/15,Netherlands,2010,Total nitrogen,2710900
2025/12/15,Netherlands,2011,Chromium and compounds (as Cr),117
2025/12/15,Netherlands,2012,Benzene,2610
2025/12/15,Netherlands,2012,Trichloroethylene (TRI),230
2025/12/15,Netherlands,2013,Copper and compounds (as Cu),3240.5999999999995
2025/12/15,Netherlands,2014,Chromium and compounds (as Cr),181.5
2025/12/15,Netherlands,2015,Benzene,2237
2025/12/15,Netherlands,2016,Copper and compounds (as Cu),3035.8
2025/12/15,Netherlands,2017,Chromium and compounds (as Cr),60.9
2025/12/15,Netherlands,2018,Benzene,728
2025/12/15,Netherlands,2019,Copper and compounds (as Cu),2913.9
2025/12/15,Netherlands,2019,Trichloromethane,23
2025/12/15,Netherlands,2019,Zinc and compounds (as Zn),3331
2025/12/15,Netherlands,2020,Chromium and compounds (as Cr),90.6
2025/12/15,Netherlands,2021,Phenols (as total C),2616.3999999999996
2025/12/15,Netherlands,2022,Trichloromethane,19
2025/12/15,Netherlands,2022,Xylenes,498.2
2025/12/15,Netherlands,2022,Zinc and compounds (as Zn),2476
2025/12/15,Netherlands,2024,Phenols (as total C),4010.7
2025/12/15,Poland,2007,Ethyl benzene,2260
2025/12/15,Poland,2007,Toluene,27400
2025/12/15,Poland,2007,Total organic carbon(as total C or COD/3) (TOC),15316900
2025/12/15,Poland,2008,Nonylphenol and Nonylphenol ethoxylates,144
2025/12/15,Poland,2009,Arsenic and compounds (as As),272569.31
2025/12/15,Poland,2009,Total phosphorus,324040
2025/12/15,Poland,2009,Trichloromethane,1220.1
2025/12/15,Poland,2010,Lead and compounds (as Pb),34594.5
2025/12/15,Poland,2010,Total organic carbon(as total C or COD/3) (TOC),11053700
2025/12/15,Poland,2011,Nonylphenol and Nonylphenol ethoxylates,389
2025/12/15,Poland,2012,Arsenic and compounds (as As),239757.41000000003
2025/12/15,Poland,2012,Chlorides (as total Cl),559980000
2025/12/15,Poland,2012,Trichloromethane,938.9
2025/12/15,Poland,2012,Xylenes,822
2025/12/15,Poland,2013,Lead and compounds (as Pb),43242.3
2025/12/15,Poland,2014,Nonylphenol and Nonylphenol ethoxylates,557
2025/12/15,Poland,2015,Arsenic and compounds (as As),297018.39
2025/12/15,Poland,2015,Chlorides (as total Cl),412930000
2025/12/15,Poland,2015,Trichloromethane,2351
2025/12/15,Poland,2016,Lead and compounds (as Pb),25841.9
2025/12/15,Poland,2018,Chlorides (as total Cl),167110000
2025/12/15,Poland,2018,Xylenes,803
2025/12/15,Poland,2019,"1,2-dichloroethane (DCE-1,2)",186
2025/12/15,Poland,2019,Lead and compounds (as Pb),20581.3
2025/12/15,Poland,2021,Chlorides (as total Cl),204880000
2025/12/15,Poland,2021,Xylenes,529
2025/12/15,Portugal,2007,Nonylphenol and Nonylphenol ethoxylates,69.2
2025/12/15,Portugal,2007,Total nitrogen,690500
2025/12/15,Portugal,2008,Arsenic and compounds (as As),169.27
2025/12/15,Portugal,2008,Chlorides (as total Cl),23850000
2025/12/15,Portugal,2009,Lead and compounds (as Pb),191.1
2025/12/15,Portugal,2009,Naphthalene,4220
2025/12/15,Portugal,2010,Total nitrogen,943500
2025/12/15,Portugal,2011,Chlorides (as total Cl),31170000
2025/12/15,Portugal,2011,Halogenated organic compounds (as AOX),47500
2025/12/15,Portugal,2012,Lead and compounds (as Pb),1748.4999999999998
2025/12/15,Portugal,2012,Naphthalene,119
2025/12/15,Portugal,2012,Trichloroethylene (TRI),51.8
2025/12/15,Portugal,2013,Total nitrogen,922400
2025/12/15,Portugal,2014,Chlorides (as total Cl),28980000
2025/12/15,Portugal,2014,Chromium and compounds (as Cr),3001.9000000000005
2025/12/15,Portugal,2014,Halogenated organic compounds (as AOX),39200
2025/12/15,Portugal,2015,Benzene,2255
2025/12/15,Portugal,2016,Trichlorobenzenes (TCB),1.3
2025/12/15,Portugal,2017,Chromium and compounds (as Cr),6734.7
2025/12/15,Portugal,2017,Halogenated organic compounds (as AOX),73900
2025/12/15,Portugal,2017,Octylphenols and Octylphenol ethoxylates,2.79
2025/12/15,Portugal,2018,Benzene,463
2025/12/15,Portugal,2019,Dichloromethane (DCM),25.3
2025/12/15,Portugal,2019,Trichlorobenzenes (TCB),1.34
2025/12/15,Portugal,2020,Chromium and compounds (as Cr),1091
2025/12/15,Portugal,2021,Benzene,7200
2025/12/15,Portugal,2021,Mercury and compounds (as Hg),38.31
2025/12/15,Portugal,2022,Dichloromethane (DCM),44.8
2025/12/15,Portugal,2023,Chromium and compounds (as Cr),1816.3000000000002
2025/12/15,Portugal,2024,Mercury and compounds (as Hg),21.119999999999997
2025/12/15,Romania,2007,Lead and compounds (as Pb),109
2025/12/15,Romania,2008,Total nitrogen,122000
2025/12/15,Romania,2009,Nickel and compounds (as Ni),325
2025/12/15,Romania,2010,"1,2-dichloroethane (DCE-1,2)",160
2025/12/15,Romania,2011,Total nitrogen,558900
2025/12/15,Romania,2012,Nickel and compounds (as Ni),147.89999999999998
2025/12/15,Romania,2013,"1,2-dichloroethane (DCE-1,2)",85
2025/12/15,Romania,2015,Nickel and compounds (as Ni),246.2
2025/12/15,Serbia,2010,"1,2-dichloroethane (DCE-1,2)",16.6
2025/12/15,Serbia,2010,Lead and compounds (as Pb),158
2025/12/15,Slovakia,2007,Total nitrogen,71900
2025/12/15,Slovakia,2009,Fluorides (as total F),13090
2025/12/15,Slovakia,2009,Lead and compounds (as Pb),24.4
2025/12/15,Slovakia,2010,Total nitrogen,173200
2025/12/15,Slovakia,2011,Chlorides (as total Cl),4180000
2025/12/15,Slovakia,2013,Total nitrogen,71300
2025/12/15,Slovakia,2014,Chromium and compounds (as Cr),465
2025/12/15,Slovakia,2017,Chromium and compounds (as Cr),666
2025/12/15,Slovenia,2009,Total nitrogen,313300
2025/12/15,Slovenia,2010,Halogenated organic compounds (as AOX),3550
2025/12/15,Slovenia,2012,Total nitrogen,140000
2025/12/15,Slovenia,2024,Dichloromethane (DCM),11
2025/12/15,Spain,2007,Chlorides (as total Cl),41530000
2025/12/15,Spain,2007,Chromium and compounds (as Cr),6635.599999999999
2025/12/15,Spain,2007,Halogenated organic compounds (as AOX),98570
2025/12/15,Spain,2008,Trichloroethylene (TRI),107000
2025/12/15,Spain,2009,Cyanides (as total CN),232.70000000000002
2025/12/15,Spain,2010,Chromium and compounds (as Cr),3219.3
2025/12/15,Spain,2010,Halogenated organic compounds (as AOX),159270
2025/12/15,Spain,2010,Octylphenols and Octylphenol ethoxylates,11.98
2025/12/15,Spain,2012,Cyanides (as total CN),1570
2025/12/15,Spain,2012,Dichloromethane (DCM),346
2025/12/15,Spain,2013,Chromium and compounds (as Cr),2532.9999999999995
2025/12/15,Spain,2013,Halogenated organic compounds (as AOX),37710
2025/12/15,Spain,2013,Nickel and compounds (as Ni),1706.7
2025/12/15,Spain,2013,Octylphenols and Octylphenol ethoxylates,11.63
2025/12/15,Spain,2014,Mercury and compounds (as Hg),86.63000000000001
2025/12/15,Spain,2015,Cyanides (as total CN),1054
2025/12/15,Spain,2015,Dichloromethane (DCM),64.4
2025/12/15,Spain,2016,Chromium and compounds (as Cr),1750.7
2025/12/15,Spain,2016,Nickel and compounds (as Ni),2440.5000000000005
2025/12/15,Spain,2016,Tetrachloromethane (TCM),1.06
2025/12/15,Spain,2017,Mercury and compounds (as Hg),36.83
2025/12/15,Spain,2018,Cyanides (as total CN),2400
2025/12/15,Spain,2019,Nickel and compounds (as Ni),1165.6000000000001
2025/12/15,Spain,2020,Mercury and compounds (as Hg),106.16
2025/12/15,Spain,2021,Dichloromethane (DCM),301.0096
2025/12/15,Spain,2021,Fluorides (as total F),47680
2025/12/15,Spain,2021,Trichlorobenzenes (TCB),2.94
2025/12/15,Spain,2022,Nickel and compounds (as Ni),1426.9
2025/12/15,Spain,2023,Cadmium and compounds (as Cd),166.03
2025/12/15,Spain,2023,DDT (DDT),1.6
2025/12/15,Spain,2023,Mercury and compounds (as Hg),84.16
2025/12/15,Spain,2024,Fluorides (as total F),13960
2025/12/15,Sweden,2008,Asbestos,1830
2025/12/15,Sweden,2008,Nickel and compounds (as Ni),85.3
2025/12/15,Sweden,2009,Polycyclic aromatic hydrocarbons (PAHs),119
2025/12/15,Sweden,2010,Copper and compounds (as Cu),132
2025/12/15,Sweden,2011,Nickel and compounds (as Ni),129
2025/12/15,Sweden,2013,Copper and compounds (as Cu),61.4
2025/12/15,Sweden,2013,Zinc and compounds (as Zn),337
2025/12/15,Sweden,2016,Copper and compounds (as Cu),53.3
2025/12/15,Sweden,2016,Fluorides (as total F),2270
2025/12/15,Sweden,2016,Zinc and compounds (as Zn),217
2025/12/15,Sweden,2018,Phenols (as total C),39240
2025/12/15,Sweden,2019,Zinc and compounds (as Zn),542
2025/12/15,Sweden,2021,Phenols (as total C),10931
2025/12/15,Sweden,2021,Toluene,680
2025/12/15,Sweden,2021,Total organic carbon(as total C or COD/3) (TOC),6069500
2025/12/15,Sweden,2022,Zinc and compounds (as Zn),507
2025/12/15,Switzerland,2008,Copper and compounds (as Cu),1952
2025/12/15,Switzerland,2009,Chromium and compounds (as Cr),293
2025/12/15,Switzerland,2011,Copper and compounds (as Cu),1647
2025/12/15,Switzerland,2012,Chromium and compounds (as Cr),191
2025/12/15,Switzerland,2014,Copper and compounds (as Cu),91
2025/12/15,Switzerland,2014,Zinc and compounds (as Zn),1356
2025/12/15,Switzerland,2015,Chromium and compounds (as Cr),147
2025/12/15,Switzerland,2016,Phenols (as total C),15742
2025/12/15,Switzerland,2017,Xylenes,3538
2025/12/15,Switzerland,2017,Zinc and compounds (as Zn),937
2025/12/15,Switzerland,2019,Phenols (as total C),57610
2025/12/15,Switzerland,2020,Xylenes,3824
2025/12/15,Switzerland,2020,Zinc and compounds (as Zn),1172.21
2025/12/15,Switzerland,2022,Cadmium and compounds (as Cd),0.129
2025/12/15,Switzerland,2022,Ethyl benzene,427
2025/12/15,Switzerland,2022,Phenols (as total C),32020
2025/12/15,Switzerland,2022,Total organic carbon(as total C or COD/3) (TOC),11124603
2025/12/15,United Kingdom,2007,Fluoranthene,9.22
2025/12/15,United Kingdom,2007,Lead and compounds (as Pb),2575
2025/12/15,United Kingdom,2007,Naphthalene,3580
2025/12/15,United Kingdom,2007,Pentachlorophenol (PCP),12.56
2025/12/15,United Kingdom,2008,Total nitrogen,11297600
2025/12/15,United Kingdom,2009,Chlorides (as total Cl),22160000
2025/12/15,United Kingdom,2009,Halogenated organic compounds (as AOX),17100
2025/12/15,United Kingdom,2009,Octylphenols and Octylphenol ethoxylates,3.4
2025/12/15,United Kingdom,2010,Benzene,22859
2025/12/15,United Kingdom,2010,Lead and compounds (as Pb),2182.1
2025/12/15,United Kingdom,2010,Naphthalene,2929.5
2025/12/15,United Kingdom,2010,Trichloroethylene (TRI),63
2025/12/15,United Kingdom,2011,Total nitrogen,7475300
2025/12/15,United Kingdom,2012,"Benzo(g,h,i)perylene",13.9
2025/12/15,United Kingdom,2012,Chlorides (as total Cl),27650000
2025/12/15,United Kingdom,2012,Chromium and compounds (as Cr),4396.9
2025/12/15,United Kingdom,2012,Halogenated organic compounds (as AOX),17900
2025/12/15,United Kingdom,2012,Octylphenols and Octylphenol ethoxylates,2.53
2025/12/15,United Kingdom,2013,Benzene,18275
2025/12/15,United Kingdom,2015,"Benzo(g,h,i)perylene",5.12
2025/12/15,United Kingdom,2015,Chromium and compounds (as Cr),2924.6000000000004
2025/12/15,United Kingdom,2015,Halogenated organic compounds (as AOX),10100
2025/12/15,United Kingdom,2016,Benzene,9820
2025/12/15,United Kingdom,2016,Mercury and compounds (as Hg),12.14
2025/12/15,United Kingdom,2017,Dichloromethane (DCM),250
2025/12/15,United Kingdom,2018,"Benzo(g,h,i)perylene",20.08
2025/12/15,United Kingdom,2018,Chromium and compounds (as Cr),1222.8
2025/12/15,United Kingdom,2019,Benzene,8257
2025/12/15,United Kingdom,2019,Mercury and compounds (as Hg),35.1
2025/12/15,Austria,2007,PCDD + PCDF (dioxins + furans) (as Teq),0.000199
2025/12/15,Austria,2009,Ethyl benzene,388
2025/12/15,Austria,2009,Toluene,1940
2025/12/15,Austria,2010,Nonylphenol and Nonylphenol ethoxylates,65.61
2025/12/15,Austria,2012,Fluoranthene,8.01
2025/12/15,Austria,2012,Pentachlorophenol (PCP),3.01
2025/12/15,Austria,2013,"Chloro-alkanes, C10-C13",34.019999999999996
2025/12/15,Austria,2013,Nonylphenol and Nonylphenol ethoxylates,66.67999999999999
2025/12/15,Austria,2015,Fluoranthene,12.86
2025/12/15,Austria,2015,Pentachlorophenol (PCP),8.629999999999999
2025/12/15,Austria,2016,"Chloro-alkanes, C10-C13",11.7
2025/12/15,Austria,2017,Halogenated organic compounds (as AOX),143460
2025/12/15,Austria,2018,Fluoranthene,10.69
2025/12/15,Austria,2019,"Chloro-alkanes, C10-C13",12.2
2025/12/15,Austria,2020,Cadmium and compounds (as Cd),22.7
2025/12/15,Austria,2020,Halogenated organic compounds (as AOX),183330
2025/12/15,Austria,2020,Octylphenols and Octylphenol ethoxylates,1.29
2025/12/15,Austria,2022,"Chloro-alkanes, C10-C13",13.9
2025/12/15,Austria,2022,Total nitrogen,1081200
2025/12/15,Austria,2023,Cadmium and compounds (as Cd),23.4
2025/12/15,Austria,2023,Halogenated organic compounds (as AOX),169750
2025/12/15,Austria,2024,Polycyclic aromatic hydrocarbons (PAHs),835.8
2025/12/15,Belgium,2007,Halogenated organic compounds (as AOX),1220
2025/12/15,Belgium,2010,Cadmium and compounds (as Cd),52.5
2025/12/15,Belgium,2010,Octylphenols and Octylphenol ethoxylates,2.54
2025/12/15,Belgium,2012,Total nitrogen,142400
2025/12/15,Belgium,2013,Cadmium and compounds (as Cd),13.5
2025/12/15,Belgium,2014,Polycyclic aromatic hydrocarbons (PAHs),42.7
2025/12/15,Belgium,2015,Total nitrogen,1211100
2025/12/15,Belgium,2016,Cadmium and compounds (as Cd),7.18
2025/12/15,Belgium,2018,Dichloromethane (DCM),76.3
2025/12/15,Belgium,2018,Total nitrogen,1460700
2025/12/15,Belgium,2019,Cadmium and compounds (as Cd),13.8
2025/12/15,Belgium,2020,Mercury and compounds (as Hg),3.55
2025/12/15,Belgium,2021,Copper and compounds (as Cu),125
2025/12/15,Belgium,2021,Fluorides (as total F),79420
2025/12/15,Belgium,2023,Mercury and compounds (as Hg),4.2
2025/12/15,Belgium,2024,Copper and compounds (as Cu),291.5
2025/12/15,Belgium,2024,Fluorides (as total F),76830
2025/12/15,Bulgaria,2007,Nickel and compounds (as Ni),2732.5
2025/12/15,Bulgaria,2011,Total phosphorus,557520
2025/12/15,Bulgaria,2013,Nickel and compounds (as Ni),168.6
2025/12/15,Bulgaria,2014,Total phosphorus,145150
2025/12/15,Bulgaria,2016,Nickel and compounds (as Ni),657
2025/12/15,Bulgaria,2017,Cadmium and compounds (as Cd),127.32000000000001
2025/12/15,Bulgaria,2017,Total phosphorus,130950
2025/12/15,Bulgaria,2019,Total nitrogen,938297
2025/12/15,Bulgaria,2020,Cadmium and compounds (as Cd),159
2025/12/15,Bulgaria,2022,Total nitrogen,939631
2025/12/15,Bulgaria,2023,Cadmium and compounds (as Cd),296
2025/12/15,Croatia,2016,Lead and compounds (as Pb),50.8
2025/12/15,Croatia,2017,Phenols (as total C),434.8
2025/12/15,Croatia,2018,Zinc and compounds (as Zn),159
2025/12/15,Croatia,2019,Lead and compounds (as Pb),31.6
2025/12/15,Croatia,2020,Phenols (as total C),228.50000000000003
2025/12/15,Croatia,2021,Arsenic and compounds (as As),19.55
2025/12/15,Croatia,2021,Zinc and compounds (as Zn),218
2025/12/15,Croatia,2022,Lead and compounds (as Pb),52.6
2025/12/15,Croatia,2023,Phenols (as total C),312.7
2025/12/15,Cyprus,2020,Polycyclic aromatic hydrocarbons (PAHs),0.46
2025/12/15,Cyprus,2020,Zinc and compounds (as Zn),1200
2025/12/15,Czechia,2007,"1,2-dichloroethane (DCE-1,2)",61.2
2025/12/15,Czechia,2008,Trichlorobenzenes (TCB),33
2025/12/15,Czechia,2009,Nickel and compounds (as Ni),2933.5
2025/12/15,Czechia,2009,Tetrachloroethylene,54.1
2025/12/15,Czechia,2009,Total organic carbon(as total C or COD/3) (TOC),4499700
2025/12/15,Czechia,2011,Naphthalene,52
2025/12/15,Czechia,2011,Trichloromethane,95
2025/12/15,Czechia,2012,Polychlorinated biphenyls (PCBs),0.263
2025/12/15,Czechia,2012,Tetrachloroethylene,22
2025/12/15,Czechia,2012,Total organic carbon(as total C or COD/3) (TOC),5149500
2025/12/15,Czechia,2013,"1,2-dichloroethane (DCE-1,2)",63.2
2025/12/15,Czechia,2013,Polycyclic aromatic hydrocarbons (PAHs),44.7
2025/12/15,Czechia,2014,Arsenic and compounds (as As),77.6
2025/12/15,Czechia,2014,Naphthalene,401
2025/12/15,Czechia,2014,Zinc and compounds (as Zn),69562
2025/12/15,Czechia,2015,Cadmium and compounds (as Cd),10
2025/12/15,Czechia,2015,Lead and compounds (as Pb),396
2025/12/15,Czechia,2015,Polychlorinated biphenyls (PCBs),0.62
2025/12/15,Czechia,2015,Total organic carbon(as total C or COD/3) (TOC),7402000
2025/12/15,Czechia,2016,Phenols (as total C),406698
2025/12/15,Czechia,2016,Polycyclic aromatic hydrocarbons (PAHs),10.4
2025/12/15,Czechia,2017,Arsenic and compounds (as As),5.3
2025/12/15,Czechia,2017,Chlorides (as total Cl),44770000
2025/12/15,Czechia,2017,Naphthalene,36.5
2025/12/15,Czechia,2017,Trichloromethane,270
2025/12/15,Czechia,2017,Zinc and compounds (as Zn),60200
2025/12/15,Czechia,2018,Lead and compounds (as Pb),7482.178880000001
2025/12/15,Czechia,2019,Phenols (as total C),402560.906
2025/12/15,Czechia,2019,Polycyclic aromatic hydrocarbons (PAHs),7.431
2025/12/15,Czechia,2020,Arsenic and compounds (as As),41.759178
2025/12/15,Czechia,2020,Chlorides (as total Cl),50017891.64
2025/12/15,Czechia,2020,Naphthalene,24.3
2025/12/15,Czechia,2020,Trichloromethane,55.424
2025/12/15,Czechia,2020,Xylenes,0.062
2025/12/15,Czechia,2020,Zinc and compounds (as Zn),36703.160103999995
2025/12/15,Czechia,2021,Lead and compounds (as Pb),6697.194197
2025/12/15,Czechia,2021,Organotin compounds (as total Sn),0.0066
2025/12/15,Czechia,2022,"Benzo(g,h,i)perylene",4e-5
2025/12/15,Czechia,2022,Chromium and compounds (as Cr),17915.151253
2025/12/15,Czechia,2022,Ethyl benzene,2585.5305
2025/12/15,Czechia,2022,Phenols (as total C),541598.7751999999
2025/12/15,Denmark,2012,Nickel and compounds (as Ni),23
2025/12/15,Denmark,2015,Octylphenols and Octylphenol ethoxylates,115.25
2025/12/15,Denmark,2018,Cadmium and compounds (as Cd),3.3870999999999998
2025/12/15,Denmark,2018,Nickel and compounds (as Ni),33.048664
2025/12/15,Denmark,2018,Octylphenols and Octylphenol ethoxylates,45.1
2025/12/15,Denmark,2020,Arsenic and compounds (as As),5.8742220000000005
2025/12/15,Denmark,2020,Zinc and compounds (as Zn),203.205457
2025/12/15,Denmark,2021,Cadmium and compounds (as Cd),1.19086
2025/12/15,Denmark,2021,Chlorine and inorganic compounds (as HCl),17458.8
2025/12/15,Denmark,2022,Polycyclic aromatic hydrocarbons (PAHs),32.3
2025/12/15,Denmark,2023,Arsenic and compounds (as As),8.5134
2025/12/15,Denmark,2023,Chlorides (as total Cl),3733941.28
2025/12/15,Denmark,2023,Zinc and compounds (as Zn),151.55800000000002
2025/12/15,Denmark,2024,Cadmium and compounds (as Cd),2.7728710000000008
2025/12/15,Denmark,2024,Chlorine and inorganic compounds (as HCl),8119.7
2025/12/15,Finland,2009,Total phosphorus,304380
2025/12/15,Finland,2011,Cadmium and compounds (as Cd),7.67
2025/12/15,Finland,2011,Total organic carbon(as total C or COD/3) (TOC),10290500
2025/12/15,Finland,2012,Total phosphorus,332970
2025/12/15,Finland,2014,Total organic carbon(as total C or COD/3) (TOC),10447700
2025/12/15,Finland,2015,Halogenated organic compounds (as AOX),15500
2025/12/15,Finland,2015,Total phosphorus,278710
2025/12/15,Finland,2016,Arsenic and compounds (as As),63.510000000000005
2025/12/15,Finland,2017,Total organic carbon(as total C or COD/3) (TOC),9844800
2025/12/15,Finland,2018,PCDD + PCDF (dioxins + furans) (as Teq),0.0014299999999999998
2025/12/15,Finland,2019,Arsenic and compounds (as As),32.6
2025/12/15,Finland,2019,Mercury and compounds (as Hg),2.64
2025/12/15,Finland,2020,Cadmium and compounds (as Cd),5.2
2025/12/15,Finland,2020,Lead and compounds (as Pb),28.9
2025/12/15,Finland,2022,Arsenic and compounds (as As),122.1
2025/12/15,Finland,2022,Mercury and compounds (as Hg),1.24
2025/12/15,Finland,2023,Lead and compounds (as Pb),882
2025/12/15,Finland,2023,Toluene,452
2025/12/15,Finland,2024,Xylenes,235
2025/12/15,France,2008,Total organic carbon(as total C or COD/3) (TOC),42462400
2025/12/15,France,2009,Polycyclic aromatic hydrocarbons (PAHs),560.6
2025/12/15,France,2010,Trichloromethane,1234.8
2025/12/15,France,2011,Total organic carbon(as total C or COD/3) (TOC),30415200
2025/12/15,France,2012,Polycyclic aromatic hydrocarbons (PAHs),22.3
2025/12/15,France,2013,Arsenic and compounds (as As),125.06
2025/12/15,France,2013,Trichloromethane,634.2
2025/12/15,France,2014,Lead and compounds (as Pb),900.1
2025/12/15,France,2014,Total organic carbon(as total C or COD/3) (TOC),33279400
2025/12/15,France,2016,Arsenic and compounds (as As),68.05
2025/12/15,France,2016,Chlorides (as total Cl),23910000
2025/12/15,France,2016,Mercury and compounds (as Hg),57.830000000000005
2025/12/15,France,2016,Trichloromethane,401.2
2025/12/15,France,2017,Lead and compounds (as Pb),158.4
2025/12/15,France,2017,Toluene,2774
2025/12/15,France,2019,Arsenic and compounds (as As),101.619999
2025/12/15,France,2019,Chlorides (as total Cl),22090000
2025/12/15,France,2019,Mercury and compounds (as Hg),1.38
2025/12/15,France,2019,Trichloromethane,247.699995
2025/12/15,France,2019,Xylenes,0.57
2025/12/15,France,2020,Lead and compounds (as Pb),232.199998
2025/12/15,France,2020,Simazine,10.5
2025/12/15,France,2020,Toluene,3859
2025/12/15,France,2022,Chlorides (as total Cl),59110000
2025/12/15,France,2022,Mercury and compounds (as Hg),97.990002
2025/12/15,France,2023,Lead and compounds (as Pb),313.299998
2025/12/15,France,2024,Cyanides (as total CN),125
2025/12/15,Germany,2007,Lindane,1.2
2025/12/15,Germany,2007,PCDD + PCDF (dioxins + furans) (as Teq),0.00115
2025/12/15,Germany,2007,Polycyclic aromatic hydrocarbons (PAHs),1267.9
2025/12/15,Germany,2008,Anthracene,1.54
2025/12/15,Germany,2008,Arsenic and compounds (as As),832.19
2025/12/15,Germany,2008,Trichloromethane,109
2025/12/15,Germany,2009,Brominated diphenylethers (PBDE),14.9
2025/12/15,Germany,2009,Cadmium and compounds (as Cd),573.5400000000001
2025/12/15,Germany,2009,Lead and compounds (as Pb),2346.4
2025/12/15,Germany,2009,Total organic carbon(as total C or COD/3) (TOC),109468400
2025/12/15,Germany,2010,PCDD + PCDF (dioxins + furans) (as Teq),0.0013969999999999998
2025/12/15,Germany,2010,Polycyclic aromatic hydrocarbons (PAHs),1094.3799999999999
2025/12/15,Germany,2011,Anthracene,1.73
2025/12/15,Germany,2011,Arsenic and compounds (as As),2288.3000000000006
2025/12/15,Germany,2011,Chlorides (as total Cl),485680000
2025/12/15,Germany,2011,Mercury and compounds (as Hg),539.27
2025/12/15,Germany,2011,Xylenes,2260
2025/12/15,Germany,2012,Lead and compounds (as Pb),2890
2025/12/15,Germany,2012,Toluene,72404
2025/12/15,Germany,2013,PCDD + PCDF (dioxins + furans) (as Teq),0.001005
2025/12/15,Germany,2013,Polycyclic aromatic hydrocarbons (PAHs),79.69999999999999
2025/12/15,Germany,2014,Arsenic and compounds (as As),911.45
2025/12/15,Germany,2014,Chlorides (as total Cl),522520000
2025/12/15,Germany,2014,Mercury and compounds (as Hg),490.21000000000004
2025/12/15,Germany,2014,Trichloromethane,132.4
2025/12/15,Germany,2014,Xylenes,3841
2025/12/15,Germany,2015,Lead and compounds (as Pb),3852.7999999999993
2025/12/15,Germany,2015,Toluene,74311
2025/12/15,Germany,2016,PCDD + PCDF (dioxins + furans) (as Teq),0.001369
2025/12/15,Germany,2017,Chlorides (as total Cl),608360000
2025/12/15,Germany,2017,Mercury and compounds (as Hg),1012.25
2025/12/15,Germany,2017,Xylenes,6329
2025/12/15,Germany,2018,Lead and compounds (as Pb),4018.6000000000004
2025/12/15,Germany,2018,Toluene,37719
2025/12/15,Germany,2019,Cyanides (as total CN),22182
2025/12/15,Germany,2020,Chlorides (as total Cl),505800000
2025/12/15,Germany,2020,Mercury and compounds (as Hg),1054.22
2025/12/15,Germany,2020,Vinyl chloride,760.8000000000001
2025/12/15,Germany,2020,Xylenes,3845.2
2025/12/15,Germany,2021,Fluoranthene,3.29
2025/12/15,Germany,2021,Toluene,107203.8
2025/12/15,Germany,2022,Cyanides (as total CN),12198.2
2025/12/15,Germany,2022,Ethylene oxide,90
2025/12/15,Germany,2022,Trichlorobenzenes (TCB),65.4
2025/12/15,Germany,2023,Vinyl chloride,522.9
2025/12/15,Greece,2014,Copper and compounds (as Cu),82.2
2025/12/15,Greece,2017,Nickel and compounds (as Ni),70.4
2025/12/15,Greece,2020,Nickel and compounds (as Ni),100
2025/12/15,Greece,2021,Total phosphorus,5400
2025/12/15,Greece,2022,Total organic carbon(as total C or COD/3) (TOC),65900
2025/12/15,Greece,2023,Nickel and compounds (as Ni),211
2025/12/15,Greece,2024,Total phosphorus,11040
2025/12/15,Hungary,2007,Halogenated organic compounds (as AOX),1220
2025/12/15,Hungary,2007,Nickel and compounds (as Ni),26.1
2025/12/15,Hungary,2009,Total organic carbon(as total C or COD/3) (TOC),2383000
2025/12/15,Hungary,2010,Halogenated organic compounds (as AOX),2230
2025/12/15,Hungary,2010,Nickel and compounds (as Ni),28.6
2025/12/15,Hungary,2011,"1,2-dichloroethane (DCE-1,2)",3270
2025/12/15,Hungary,2012,Total organic carbon(as total C or COD/3) (TOC),3002900
2025/12/15,Hungary,2013,Nickel and compounds (as Ni),23.5
2025/12/15,Hungary,2015,Dichloromethane (DCM),6013
2025/12/15,Hungary,2015,Total organic carbon(as total C or COD/3) (TOC),1280000
2025/12/15,Hungary,2016,Total nitrogen,541200
2025/12/15,Hungary,2018,Dichloromethane (DCM),138
2025/12/15,Hungary,2018,Lead and compounds (as Pb),298
2025/12/15,Hungary,2019,Total nitrogen,485400
2025/12/15,Hungary,2021,Dichloromethane (DCM),29.5
2025/12/15,Hungary,2022,Total nitrogen,646500
2025/12/15,Ireland,2008,Copper and compounds (as Cu),426.8
2025/12/15,Ireland,2008,Fluorides (as total F),15200
2025/12/15,Ireland,2009,Trichlorobenzenes (TCB),1.53
2025/12/15,Ireland,2011,Fluorides (as total F),14600
2025/12/15,Ireland,2013,Total organic carbon(as total C or COD/3) (TOC),2865900
2025/12/15,Ireland,2015,Total phosphorus,42180
2025/12/15,Ireland,2016,Total organic carbon(as total C or COD/3) (TOC),5022200
2025/12/15,Ireland,2018,Total phosphorus,58354.7
2025/12/15,Ireland,2019,Total organic carbon(as total C or COD/3) (TOC),5224103.5653
2025/12/15,Ireland,2021,Arsenic and compounds (as As),7.65
2025/12/15,Ireland,2021,Total phosphorus,89667.24
2025/12/15,Ireland,2021,Zinc and compounds (as Zn),390.77
2025/12/15,Ireland,2022,Total organic carbon(as total C or COD/3) (TOC),6001840.09
2025/12/15,Ireland,2023,Total nitrogen,397224.53
2025/12/15,Ireland,2024,Chlorides (as total Cl),3153750
2025/12/15,Ireland,2024,Total phosphorus,81206.79999999999
2025/12/15,Ireland,2024,Zinc and compounds (as Zn),243.9
2025/12/15,Italy,2007,Cadmium and compounds (as Cd),181.39999999999998
2025/12/15,Italy,2007,Dieldrin,2.27
2025/12/15,Italy,2007,Hexachlorobenzene (HCB),2.27
2025/12/15,Italy,2007,Polychlorinated biphenyls (PCBs),9.1
2025/12/15,Italy,2007,Total organic carbon(as total C or COD/3) (TOC),329976900
2025/12/15,Italy,2008,"1,2-dichloroethane (DCE-1,2)",332.4
2025/12/15,Italy,2008,Diuron,1.9
2025/12/15,Italy,2008,Polycyclic aromatic hydrocarbons (PAHs),118160.2
2025/12/15,Italy,2009,Anthracene,17.689999999999998
2025/12/15,Italy,2009,Arsenic and compounds (as As),866.4200000000001
2025/12/15,Italy,2009,Naphthalene,7937
2025/12/15,Italy,2009,Trichloroethylene (TRI),10.3
2025/12/15,Italy,2009,Trichloromethane,66.5
2025/12/15,Italy,2009,Zinc and compounds (as Zn),90840
2025/12/15,Italy,2010,Cadmium and compounds (as Cd),681.1
2025/12/15,Italy,2010,Dieldrin,7.6
2025/12/15,Italy,2010,Lead and compounds (as Pb),3747.3999999999996
2025/12/15,Italy,2010,Organotin compounds (as total Sn),211.9
2025/12/15,Italy,2011,Phenols (as total C),56936.399999999994
2025/12/15,Italy,2011,Polycyclic aromatic hydrocarbons (PAHs),257551
2025/12/15,Italy,2012,Anthracene,11
2025/12/15,Italy,2012,Arsenic and compounds (as As),1091.29
2025/12/15,Italy,2012,Chlorides (as total Cl),89820000
2025/12/15,Italy,2012,Naphthalene,4038
2025/12/15,Italy,2012,Trichloromethane,27.5
2025/12/15,Italy,2012,Xylenes,14144
2025/12/15,Italy,2012,Zinc and compounds (as Zn),10785
2025/12/15,Italy,2013,Dieldrin,3.8000000000000003
2025/12/15,Italy,2013,Lead and compounds (as Pb),13874.199999999999
2025/12/15,Italy,2014,Chromium and compounds (as Cr),154163.50000000003
2025/12/15,Italy,2014,Phenols (as total C),40567.8
2025/12/15,Italy,2014,Polycyclic aromatic hydrocarbons (PAHs),276106.4
2025/12/15,Italy,2015,Arsenic and compounds (as As),856.6199999999998
2025/12/15,Italy,2015,Chlorides (as total Cl),71010000
2025/12/15,Italy,2015,Trichloroethylene (TRI),11
2025/12/15,Italy,2015,Xylenes,10168
2025/12/15,Italy,2015,Zinc and compounds (as Zn),15226
2025/12/15,Italy,2016,Lead and compounds (as Pb),9392.5
2025/12/15,Italy,2017,Chromium and compounds (as Cr),185265.50000000003
2025/12/15,Italy,2017,Ethyl benzene,6224
2025/12/15,Italy,2017,Phenols (as total C),88784.6
2025/12/15,Italy,2018,Chlorides (as total Cl),115928468.30000001
2025/12/15,Italy,2018,Nonylphenol and Nonylphenol ethoxylates,101.57400000000001
2025/12/15,Italy,2018,Xylenes,64249.713800000005
2025/12/15,Italy,2020,Chromium and compounds (as Cr),229775.8761
2025/12/15,Italy,2020,Ethyl benzene,12987.689000000002
2025/12/15,Italy,2021,Alachlor,1.7795
2025/12/15,Italy,2021,Chlordane,1.7795
2025/12/15,Italy,2021,Nonylphenol and Nonylphenol ethoxylates,12.542
2025/12/15,Italy,2021,Vinyl chloride,17.7952
2025/12/15,Italy,2023,"Benzo(g,h,i)perylene",6.2
2025/12/15,Italy,2023,Chromium and compounds (as Cr),205611.43979999993
2025/12/15,Italy,2023,Ethyl benzene,4193.8398
2025/12/15,Netherlands,2007,Chlorides (as total Cl),127290000
2025/12/15,Netherlands,2007,Nonylphenol and Nonylphenol ethoxylates,331
2025/12/15,Netherlands,2007,Vinyl chloride,124
2025/12/15,Netherlands,2007,Xylenes,12863
2025/12/15,Netherlands,2008,Toluene,4670
2025/12/15,Netherlands,2009,Cyanides (as total CN),338
2025/12/15,Netherlands,2009,Ethyl benzene,5780
2025/12/15,Netherlands,2010,Nonylphenol and Nonylphenol ethoxylates,209
2025/12/15,Netherlands,2010,Vinyl chloride,35
2025/12/15,Netherlands,2012,Cyanides (as total CN),172
2025/12/15,Netherlands,2012,Ethyl benzene,508
2025/12/15,Netherlands,2012,Ethylene oxide,4400
2025/12/15,Netherlands,2013,Nickel and compounds (as Ni),606.9000000000001
2025/12/15,Netherlands,2013,Vinyl chloride,150
2025/12/15,Netherlands,2014,Total phosphorus,1055620
2025/12/15,Netherlands,2015,Cyanides (as total CN),171
2025/12/15,Netherlands,2015,Ethylene oxide,2740
2025/12/15,Netherlands,2016,Nickel and compounds (as Ni),478.29999999999995
2025/12/15,Netherlands,2016,Vinyl chloride,29
2025/12/15,Netherlands,2017,"1,2-dichloroethane (DCE-1,2)",129
2025/12/15,Netherlands,2017,Halogenated organic compounds (as AOX),89600
2025/12/15,Netherlands,2017,Total phosphorus,1272960
2025/12/15,Netherlands,2018,Cyanides (as total CN),55
2025/12/15,Netherlands,2018,Ethylene oxide,7180
2025/12/15,Netherlands,2019,Nickel and compounds (as Ni),638.3000000000001
2025/12/15,Netherlands,2020,"1,2-dichloroethane (DCE-1,2)",61
2025/12/15,Netherlands,2020,Halogenated organic compounds (as AOX),72800
2025/12/15,Netherlands,2020,Total phosphorus,1106070
2025/12/15,Netherlands,2021,Ethylene oxide,12800
2025/12/15,Netherlands,2022,Nickel and compounds (as Ni),550.7
2025/12/15,Netherlands,2023,"1,2-dichloroethane (DCE-1,2)",50
2025/12/15,Netherlands,2023,Halogenated organic compounds (as AOX),40200
2025/12/15,Netherlands,2023,Total phosphorus,1042390
2025/12/15,Netherlands,2024,Naphthalene,14.3
2025/12/15,Poland,2008,Cyanides (as total CN),945.1
2025/12/15,Poland,2009,Asbestos,7.8
2025/12/15,Poland,2009,Nickel and compounds (as Ni),45856.8
2025/12/15,Poland,2010,Aldrin,1.01
2025/12/15,Poland,2010,Halogenated organic compounds (as AOX),337200
2025/12/15,Poland,2012,Asbestos,3.83
2025/12/15,Poland,2012,Nickel and compounds (as Ni),13938
2025/12/15,Poland,2013,Cadmium and compounds (as Cd),19393.920000000002
2025/12/15,Poland,2013,Halogenated organic compounds (as AOX),304280
2025/12/15,Poland,2013,Tetrachloroethylene,19.3
2025/12/15,Poland,2015,Total nitrogen,1359700
2025/12/15,Poland,2016,Cadmium and compounds (as Cd),1800.87
2025/12/15,Poland,2016,Halogenated organic compounds (as AOX),366500
2025/12/15,Poland,2017,Polycyclic aromatic hydrocarbons (PAHs),48.4
2025/12/15,Poland,2017,Zinc and compounds (as Zn),78867
2025/12/15,Poland,2018,Total nitrogen,1277900
2025/12/15,Poland,2019,Cadmium and compounds (as Cd),4811.280000000001
2025/12/15,Poland,2019,Phenols (as total C),1067631.8
2025/12/15,Poland,2020,Polycyclic aromatic hydrocarbons (PAHs),5.24
2025/12/15,Poland,2020,Zinc and compounds (as Zn),61635
2025/12/15,Poland,2021,Total nitrogen,1228500
2025/12/15,Poland,2022,Cadmium and compounds (as Cd),7707.3
2025/12/15,Poland,2022,Phenols (as total C),862109.9999999999
2025/12/15,Poland,2023,Polycyclic aromatic hydrocarbons (PAHs),40
2025/12/15,Poland,2023,Zinc and compounds (as Zn),76973
2025/12/15,Poland,2024,Copper and compounds (as Cu),18477.4
2025/12/15,Poland,2024,Total nitrogen,1937100
2025/12/15,Portugal,2007,Copper and compounds (as Cu),775.1
2025/12/15,Portugal,2007,Fluorides (as total F),2420
2025/12/15,Portugal,2008,Toluene,399
2025/12/15,Portugal,2010,Copper and compounds (as Cu),1209.8999999999999
2025/12/15,Portugal,2010,Fluorides (as total F),54600
2025/12/15,Portugal,2010,Vinyl chloride,188
2025/12/15,Portugal,2011,Toluene,8830
2025/12/15,Portugal,2012,Cyanides (as total CN),3416.6000000000004
2025/12/15,Portugal,2013,Fluorides (as total F),31400
2025/12/15,Portugal,2013,Vinyl chloride,328
2025/12/15,Portugal,2015,Cyanides (as total CN),503.4
2025/12/15,Portugal,2016,Nickel and compounds (as Ni),1876.6000000000004
2025/12/15,Portugal,2016,Vinyl chloride,128
2025/12/15,Portugal,2017,Total phosphorus,5670
2025/12/15,Portugal,2018,Cyanides (as total CN),1025.9
2025/12/15,Portugal,2018,Total organic carbon(as total C or COD/3) (TOC),7680700
2025/12/15,Portugal,2019,Nickel and compounds (as Ni),1210.6
2025/12/15,Portugal,2019,Vinyl chloride,120
2025/12/15,Portugal,2020,Anthracene,1.88
2025/12/15,Portugal,2020,Total phosphorus,51330
2025/12/15,Portugal,2021,Total organic carbon(as total C or COD/3) (TOC),5167400
2025/12/15,Portugal,2022,Nickel and compounds (as Ni),795.9000000000001
2025/12/15,Portugal,2023,Anthracene,8.77
2025/12/15,Portugal,2023,Arsenic and compounds (as As),118.06
2025/12/15,Portugal,2023,Total phosphorus,121940
2025/12/15,Portugal,2024,Total organic carbon(as total C or COD/3) (TOC),5884600
2025/12/15,Romania,2008,Copper and compounds (as Cu),171
2025/12/15,Romania,2008,Fluorides (as total F),4700
2025/12/15,Romania,2015,Total phosphorus,25200
2025/12/15,Romania,2016,Total organic carbon(as total C or COD/3) (TOC),457000
2025/12/15,Romania,2018,Total phosphorus,65900
2025/12/15,Romania,2019,Total organic carbon(as total C or COD/3) (TOC),4337700
2025/12/15,Romania,2021,Total phosphorus,28100
2025/12/15,Romania,2021,Zinc and compounds (as Zn),285
2025/12/15,Romania,2022,Total organic carbon(as total C or COD/3) (TOC),678500
2025/12/15,Romania,2023,Total nitrogen,155000
2025/12/15,Romania,2024,Total phosphorus,19500
2025/12/15,Serbia,2010,Cadmium and compounds (as Cd),6.5
2025/12/15,Serbia,2011,Zinc and compounds (as Zn),207
2025/12/15,Slovakia,2008,Toluene,825
2025/12/15,Slovakia,2011,Toluene,1250
2025/12/15,Slovakia,2015,Total organic carbon(as total C or COD/3) (TOC),4492000
2025/12/15,Slovakia,2017,Total phosphorus,33690
2025/12/15,Slovakia,2018,Total organic carbon(as total C or COD/3) (TOC),3724600
2025/12/15,Slovakia,2020,Total phosphorus,33860
2025/12/15,Slovakia,2021,Total organic carbon(as total C or COD/3) (TOC),1761000
2025/12/15,Slovenia,2007,Toluene,577
2025/12/15,Slovenia,2013,Toluene,435
2025/12/15,Slovenia,2017,Total organic carbon(as total C or COD/3) (TOC),1216200
2025/12/15,Slovenia,2019,Total phosphorus,30807
2025/12/15,Slovenia,2020,Total organic carbon(as total C or COD/3) (TOC),1510458
2025/12/15,Slovenia,2022,Total phosphorus,44251
2025/12/15,Slovenia,2023,Total organic carbon(as total C or COD/3) (TOC),782013.35
2025/12/15,Spain,2007,Organotin compounds (as total Sn),928
2025/12/15,Spain,2007,Total nitrogen,2856900
2025/12/15,Spain,2008,Brominated diphenylethers (PBDE),2.22
2025/12/15,Spain,2008,Cadmium and compounds (as Cd),275.95
2025/12/15,Spain,2008,Phenols (as total C),10379.599999999999
2025/12/15,Spain,2009,Naphthalene,133.10000000000002
2025/12/15,Spain,2009,Polycyclic aromatic hydrocarbons (PAHs),381.41999999999996
2025/12/15,Spain,2009,Trichloromethane,13.1
2025/12/15,Spain,2009,Zinc and compounds (as Zn),20611
2025/12/15,Spain,2010,Organotin compounds (as total Sn),60
2025/12/15,Spain,2010,Total nitrogen,2719100
2025/12/15,Spain,2011,Phenols (as total C),5848.1
2025/12/15,Spain,2011,Toluene,1640
2025/12/15,Spain,2012,Polycyclic aromatic hydrocarbons (PAHs),150.31
2025/12/15,Spain,2012,Zinc and compounds (as Zn),10562
2025/12/15,Spain,2013,Copper and compounds (as Cu),2864.2
2025/12/15,Spain,2013,Organotin compounds (as total Sn),197
2025/12/15,Spain,2014,Di-(2-ethyl hexyl) phthalate (DEHP),19.18
2025/12/15,Spain,2014,Phenols (as total C),14026.8
2025/12/15,Spain,2015,Nonylphenol and Nonylphenol ethoxylates,67.27000000000001
2025/12/15,Spain,2015,PCDD + PCDF (dioxins + furans) (as Teq),0.0002
2025/12/15,Spain,2016,Copper and compounds (as Cu),1519.6999999999998
2025/12/15,Spain,2016,Organotin compounds (as total Sn),2672.5
2025/12/15,Spain,2017,Di-(2-ethyl hexyl) phthalate (DEHP),44.61
2025/12/15,Spain,2018,Nonylphenol and Nonylphenol ethoxylates,16
2025/12/15,Spain,2019,Copper and compounds (as Cu),2199.7999999999997
2025/12/15,Spain,2020,Di-(2-ethyl hexyl) phthalate (DEHP),240.37
2025/12/15,Spain,2020,Toluene,279
2025/12/15,Spain,2023,Fluoranthene,4.19
2025/12/15,Spain,2023,Pentachlorophenol (PCP),1.68
2025/12/15,Spain,2024,Ethylene oxide,348
2025/12/15,Sweden,2007,Total nitrogen,493700
2025/12/15,Sweden,2008,Mercury and compounds (as Hg),2.05
2025/12/15,Sweden,2008,Total phosphorus,103160
2025/12/15,Sweden,2010,Total nitrogen,462800
2025/12/15,Sweden,2011,Arsenic and compounds (as As),10.1
2025/12/15,Sweden,2011,Chlorides (as total Cl),11230000
2025/12/15,Sweden,2013,Total nitrogen,217200
2025/12/15,Sweden,2014,Arsenic and compounds (as As),15.89
2025/12/15,Sweden,2014,Chlorides (as total Cl),4110000
2025/12/15,Sweden,2016,Total nitrogen,293600
2025/12/15,Sweden,2017,Chlorides (as total Cl),4390000
2025/12/15,Sweden,2017,Chromium and compounds (as Cr),173.2
2025/12/15,Sweden,2020,Chromium and compounds (as Cr),50.9
2025/12/15,Switzerland,2007,Dichloromethane (DCM),3161
2025/12/15,Switzerland,2007,Lead and compounds (as Pb),220
2025/12/15,Switzerland,2007,Total organic carbon(as total C or COD/3) (TOC),10194800
2025/12/15,Switzerland,2008,Halogenated organic compounds (as AOX),320300
2025/12/15,Switzerland,2009,Chlorides (as total Cl),31030000
2025/12/15,Switzerland,2009,Mercury and compounds (as Hg),8
2025/12/15,Switzerland,2010,Dichloromethane (DCM),3961
2025/12/15,Switzerland,2010,Lead and compounds (as Pb),131
2025/12/15,Switzerland,2010,Toluene,32561
2025/12/15,Switzerland,2011,Diuron,65
2025/12/15,Switzerland,2012,Chlorides (as total Cl),27670000
2025/12/15,Switzerland,2012,Mercury and compounds (as Hg),4
2025/12/15,Switzerland,2013,Dichloromethane (DCM),1163.8
2025/12/15,Switzerland,2013,Lead and compounds (as Pb),28
2025/12/15,Switzerland,2013,Toluene,29289
2025/12/15,Switzerland,2015,Chlorides (as total Cl),33830000
2025/12/15,Switzerland,2016,Dichloromethane (DCM),872
2025/12/15,Switzerland,2016,Fluorides (as total F),72060
2025/12/15,Switzerland,2016,Lead and compounds (as Pb),136
2025/12/15,Switzerland,2016,Toluene,10234
2025/12/15,Switzerland,2018,Chlorides (as total Cl),42594020
2025/12/15,Switzerland,2018,Mercury and compounds (as Hg),1.292
2025/12/15,Switzerland,2018,Tributyltin and compounds,2.2
2025/12/15,Switzerland,2019,Fluorides (as total F),58400
2025/12/15,Switzerland,2019,Toluene,7521
2025/12/15,Switzerland,2020,Cyanides (as total CN),7.194999999999999
2025/12/15,Switzerland,2022,Fluorides (as total F),56278
2025/12/15,United Kingdom,2007,Cyanides (as total CN),86685.4
2025/12/15,United Kingdom,2008,Copper and compounds (as Cu),31969.100000000002
2025/12/15,United Kingdom,2008,Fluorides (as total F),148630
2025/12/15,United Kingdom,2008,Vinyl chloride,545
2025/12/15,United Kingdom,2009,Di-(2-ethyl hexyl) phthalate (DEHP),350
2025/12/15,United Kingdom,2009,Toluene,24921
2025/12/15,United Kingdom,2010,Cyanides (as total CN),60333
2025/12/15,United Kingdom,2011,Fluorides (as total F),133810
2025/12/15,United Kingdom,2011,Vinyl chloride,740
2025/12/15,United Kingdom,2012,Hydrogen cyanide (HCN),1e-5
2025/12/15,United Kingdom,2012,Particulate matter (PM10),8753.08001
2025/12/15,United Kingdom,2012,Sulphur oxides (SOX),25.5
2025/12/15,United Kingdom,2013,Cyanides (as total CN),16381
2025/12/15,United Kingdom,2014,Nickel and compounds (as Ni),3525.600000000001
2025/12/15,United Kingdom,2014,Vinyl chloride,378
2025/12/15,United Kingdom,2015,Total phosphorus,466540
2025/12/15,United Kingdom,2016,Chlorpyrifos,5
2025/12/15,United Kingdom,2016,Cyanides (as total CN),1140
2025/12/15,United Kingdom,2016,Total organic carbon(as total C or COD/3) (TOC),38139700
2025/12/15,United Kingdom,2017,Hexachlorobenzene (HCB),1.56
2025/12/15,United Kingdom,2017,Nickel and compounds (as Ni),3296.199999999999
2025/12/15,United Kingdom,2018,"1,2-dichloroethane (DCE-1,2)",14.3
2025/12/15,United Kingdom,2018,Total phosphorus,286500
2025/12/15,United Kingdom,2018,Trichloromethane,70
2025/12/15,United Kingdom,2019,Total organic carbon(as total C or COD/3) (TOC),30468600
2025/12/15,Austria,2008,Total organic carbon(as total C or COD/3) (TOC),40405700
2025/12/15,Austria,2009,Mercury and compounds (as Hg),2
2025/12/15,Austria,2009,Zinc and compounds (as Zn),1405741
2025/12/15,Austria,2010,Total phosphorus,165730
2025/12/15,Austria,2011,"Benzo(g,h,i)perylene",41.43000000000001
2025/12/15,Austria,2011,Ethyl benzene,665
2025/12/15,Austria,2011,Total organic carbon(as total C or COD/3) (TOC),36481300
2025/12/15,Austria,2012,Mercury and compounds (as Hg),1.95
2025/12/15,Austria,2013,Total phosphorus,207960
2025/12/15,Austria,2014,"Benzo(g,h,i)perylene",38.95
2025/12/15,Austria,2014,Ethyl benzene,1070
2025/12/15,Austria,2014,Total organic carbon(as total C or COD/3) (TOC),39783700
2025/12/15,Austria,2016,Anthracene,14.19
2025/12/15,Austria,2016,Arsenic and compounds (as As),6.16
2025/12/15,Austria,2016,Total phosphorus,169620
2025/12/15,Austria,2017,"Benzo(g,h,i)perylene",31.1
2025/12/15,Austria,2017,Ethyl benzene,828
2025/12/15,Austria,2017,Lead and compounds (as Pb),97725.59999999999
2025/12/15,Austria,2017,Total organic carbon(as total C or COD/3) (TOC),26551200
2025/12/15,Austria,2018,Nickel and compounds (as Ni),603.5
2025/12/15,Austria,2019,Anthracene,18.77
2025/12/15,Austria,2020,Lead and compounds (as Pb),19222.4
2025/12/15,Austria,2021,Nickel and compounds (as Ni),533.2
2025/12/15,Austria,2022,Arsenic and compounds (as As),21.7
2025/12/15,Austria,2022,Benzene,55100
2025/12/15,Austria,2023,Copper and compounds (as Cu),702
2025/12/15,Austria,2023,Lead and compounds (as Pb),4552.4
2025/12/15,Austria,2023,Trichlorobenzenes (TCB),21.6
2025/12/15,Austria,2024,Di-(2-ethyl hexyl) phthalate (DEHP),15.46
2025/12/15,Austria,2024,Nickel and compounds (as Ni),1745.7
2025/12/15,Belgium,2007,Chromium and compounds (as Cr),321.5
2025/12/15,Belgium,2007,Lead and compounds (as Pb),221.3
2025/12/15,Belgium,2007,Total organic carbon(as total C or COD/3) (TOC),5771400
2025/12/15,Belgium,2007,Trichlorobenzenes (TCB),1.99
2025/12/15,Belgium,2008,Nickel and compounds (as Ni),623.6
2025/12/15,Belgium,2009,Anthracene,100.63
2025/12/15,Belgium,2009,Arsenic and compounds (as As),35.56
2025/12/15,Belgium,2010,Lead and compounds (as Pb),151.4
2025/12/15,Belgium,2010,Trichlorobenzenes (TCB),12.389999999999999
2025/12/15,Belgium,2011,Nickel and compounds (as Ni),408.4
2025/12/15,Belgium,2012,Arsenic and compounds (as As),91.08
2025/12/15,Belgium,2013,Copper and compounds (as Cu),216.9
2025/12/15,Belgium,2013,Lead and compounds (as Pb),64.6
2025/12/15,Belgium,2014,Di-(2-ethyl hexyl) phthalate (DEHP),45.94
2025/12/15,Belgium,2014,Nickel and compounds (as Ni),620
2025/12/15,Belgium,2016,Copper and compounds (as Cu),212.10000000000002
2025/12/15,Belgium,2016,Fluorides (as total F),62210
2025/12/15,Belgium,2016,Lead and compounds (as Pb),74.1
2025/12/15,Belgium,2017,Di-(2-ethyl hexyl) phthalate (DEHP),6.03
2025/12/15,Belgium,2017,Ethylene oxide,44.5
2025/12/15,Belgium,2017,Nickel and compounds (as Ni),30.1
2025/12/15,Belgium,2019,Copper and compounds (as Cu),277
2025/12/15,Belgium,2019,Fluorides (as total F),57950
2025/12/15,Belgium,2020,Di-(2-ethyl hexyl) phthalate (DEHP),959
2025/12/15,Belgium,2020,Pentachlorophenol (PCP),4.73
2025/12/15,Belgium,2022,Copper and compounds (as Cu),69.7
2025/12/15,Belgium,2022,Fluorides (as total F),62170
2025/12/15,Belgium,2023,Pentachlorophenol (PCP),10.2
2025/12/15,Belgium,2024,Phenols (as total C),336.5
2025/12/15,Bulgaria,2008,Total organic carbon(as total C or COD/3) (TOC),1923500
2025/12/15,Bulgaria,2010,Fluorides (as total F),78400
2025/12/15,Bulgaria,2011,Total organic carbon(as total C or COD/3) (TOC),1941000
2025/12/15,Bulgaria,2014,Lead and compounds (as Pb),1059.3
2025/12/15,Bulgaria,2014,Total organic carbon(as total C or COD/3) (TOC),1134200
2025/12/15,Bulgaria,2016,Arsenic and compounds (as As),5.04
2025/12/15,Bulgaria,2016,Total phosphorus,173740
2025/12/15,Bulgaria,2017,Lead and compounds (as Pb),653
2025/12/15,Bulgaria,2019,Arsenic and compounds (as As),6
2025/12/15,Bulgaria,2019,Total phosphorus,119567
2025/12/15,Bulgaria,2020,Lead and compounds (as Pb),191
2025/12/15,Bulgaria,2022,Total phosphorus,899445
2025/12/15,Bulgaria,2023,Copper and compounds (as Cu),569
2025/12/15,Bulgaria,2023,Lead and compounds (as Pb),676
2025/12/15,Croatia,2015,Di-(2-ethyl hexyl) phthalate (DEHP),3.7
2025/12/15,Croatia,2017,Copper and compounds (as Cu),96.9
2025/12/15,Croatia,2017,Lead and compounds (as Pb),28.1
2025/12/15,Croatia,2018,Nickel and compounds (as Ni),54.199999999999996
2025/12/15,Croatia,2020,Copper and compounds (as Cu),90.6
2025/12/15,Croatia,2023,Copper and compounds (as Cu),150.5
2025/12/15,Cyprus,2008,Nickel and compounds (as Ni),174.8
2025/12/15,Cyprus,2012,Mercury and compounds (as Hg),2.55
2025/12/15,Cyprus,2018,Zinc and compounds (as Zn),568
2025/12/15,Czechia,2007,Cyanides (as total CN),12130
2025/12/15,Czechia,2007,Dichloromethane (DCM),305.8
2025/12/15,Czechia,2007,Total nitrogen,946000
2025/12/15,Czechia,2008,Halogenated organic compounds (as AOX),18270
2025/12/15,Czechia,2009,Chlorides (as total Cl),20560000
2025/12/15,Czechia,2009,Trichloromethane,88.4
2025/12/15,Czechia,2010,Cyanides (as total CN),6693
2025/12/15,Czechia,2010,Dichloromethane (DCM),103.4
2025/12/15,Czechia,2010,Total nitrogen,917800
2025/12/15,Czechia,2012,Chlorides (as total Cl),24040000
2025/12/15,Czechia,2012,Trichloromethane,46.5
2025/12/15,Czechia,2013,Cyanides (as total CN),8203.5
2025/12/15,Czechia,2013,Dichloromethane (DCM),191.3
2025/12/15,Czechia,2013,Total nitrogen,886400
2025/12/15,Czechia,2015,"1,2-dichloroethane (DCE-1,2)",34.9
2025/12/15,Czechia,2015,Chlorides (as total Cl),44030000
2025/12/15,Czechia,2015,Xylenes,6630
2025/12/15,Czechia,2016,Dichloromethane (DCM),95.60000000000001
2025/12/15,Czechia,2017,Polychlorinated biphenyls (PCBs),0.166
2025/12/15,Czechia,2018,"1,2-dichloroethane (DCE-1,2)",10
2025/12/15,Czechia,2018,Chlorides (as total Cl),49270458.2
2025/12/15,Czechia,2018,Xylenes,5.07
2025/12/15,Czechia,2019,Naphthalene,28.8
2025/12/15,Czechia,2020,Polychlorinated biphenyls (PCBs),0.02331
2025/12/15,Czechia,2021,"1,2-dichloroethane (DCE-1,2)",10
2025/12/15,Czechia,2022,Naphthalene,0.005
2025/12/15,Czechia,2022,Trichloroethylene (TRI),0.011
2025/12/15,Czechia,2022,Zinc and compounds (as Zn),57376.47926300001
2025/12/15,Denmark,2008,Total phosphorus,255960
2025/12/15,Denmark,2009,Total organic carbon(as total C or COD/3) (TOC),14398200
2025/12/15,Denmark,2011,Total phosphorus,110530
2025/12/15,Denmark,2012,Total organic carbon(as total C or COD/3) (TOC),11064300
2025/12/15,Denmark,2013,Total nitrogen,842700
2025/12/15,Denmark,2016,Total nitrogen,1230700
2025/12/15,Denmark,2018,Chlorides (as total Cl),3007440.03
2025/12/15,Denmark,2018,Copper and compounds (as Cu),52.611927
2025/12/15,Denmark,2018,Lead and compounds (as Pb),71.0291
2025/12/15,Denmark,2019,Cyanides (as total CN),0.9
2025/12/15,Denmark,2019,Di-(2-ethyl hexyl) phthalate (DEHP),4.167207
2025/12/15,Denmark,2019,Total nitrogen,938262.6000000001
2025/12/15,Denmark,2021,Chlorides (as total Cl),5747325.029999999
2025/12/15,Denmark,2021,Copper and compounds (as Cu),42.465246
2025/12/15,Denmark,2021,Lead and compounds (as Pb),8.6942
2025/12/15,Denmark,2022,Di-(2-ethyl hexyl) phthalate (DEHP),2.6631150000000003
2025/12/15,Denmark,2023,Non-methane volatile organic compounds (NMVOC),183
2025/12/15,Denmark,2024,Chlorides (as total Cl),4132593
2025/12/15,Denmark,2024,Copper and compounds (as Cu),32.502500000000005
2025/12/15,Finland,2007,Total phosphorus,305400
2025/12/15,Finland,2009,Cyanides (as total CN),12200
2025/12/15,Finland,2012,Cyanides (as total CN),3510
2025/12/15,Finland,2013,Phenols (as total C),23738.5
2025/12/15,Finland,2016,Phenols (as total C),32233.7
2025/12/15,Finland,2019,Phenols (as total C),27893
2025/12/15,Finland,2019,Total organic carbon(as total C or COD/3) (TOC),7732700
2025/12/15,Finland,2022,Cadmium and compounds (as Cd),8
2025/12/15,Finland,2022,Phenols (as total C),26067
2025/12/15,Finland,2022,Total organic carbon(as total C or COD/3) (TOC),4767200
2025/12/15,Finland,2024,Arsenic and compounds (as As),115
2025/12/15,France,2007,Phenols (as total C),83795.3
2025/12/15,France,2010,Phenols (as total C),138550.5
2025/12/15,France,2011,PCDD + PCDF (dioxins + furans) (as Teq),1.235
2025/12/15,France,2013,Phenols (as total C),88299.90000000001
2025/12/15,France,2013,Total organic carbon(as total C or COD/3) (TOC),29041300
2025/12/15,France,2014,Tetrachloroethylene,12.1
2025/12/15,France,2014,Vinyl chloride,57.1
2025/12/15,France,2016,Phenols (as total C),74933.7
2025/12/15,France,2016,Total organic carbon(as total C or COD/3) (TOC),33441200
2025/12/15,France,2017,Nonylphenol and Nonylphenol ethoxylates,34
2025/12/15,France,2017,Tetrachloroethylene,79.9
2025/12/15,France,2018,Arsenic and compounds (as As),110.96
2025/12/15,France,2019,Total organic carbon(as total C or COD/3) (TOC),62088100
2025/12/15,France,2020,Nonylphenol and Nonylphenol ethoxylates,16.13
2025/12/15,France,2020,Tetrachloroethylene,12.4
2025/12/15,France,2020,Tetrachloromethane (TCM),8.11
2025/12/15,France,2021,Arsenic and compounds (as As),412.139999
2025/12/15,France,2022,Cyanides (as total CN),90.199997
2025/12/15,France,2022,Lead and compounds (as Pb),3252
2025/12/15,France,2022,Total organic carbon(as total C or COD/3) (TOC),36394000
2025/12/15,France,2023,Nonylphenol and Nonylphenol ethoxylates,2.98
2025/12/15,France,2023,Tetrachloromethane (TCM),1.6
2025/12/15,France,2024,Arsenic and compounds (as As),415.349996
2025/12/15,Germany,2007,Toluene,102517
2025/12/15,Germany,2008,Chromium and compounds (as Cr),2481.2
2025/12/15,Germany,2008,PCDD + PCDF (dioxins + furans) (as Teq),0.001491
2025/12/15,Germany,2009,Halogenated organic compounds (as AOX),340570
2025/12/15,Germany,2009,Mercury and compounds (as Hg),866.17
2025/12/15,Germany,2009,Total phosphorus,1804240
2025/12/15,Germany,2009,Zinc and compounds (as Zn),61694
2025/12/15,Germany,2010,Toluene,31547
2025/12/15,Germany,2011,"Benzo(g,h,i)perylene",2.03
2025/12/15,Germany,2011,Chromium and compounds (as Cr),2472.9
2025/12/15,Germany,2011,Ethyl benzene,5510
2025/12/15,Germany,2012,Halogenated organic compounds (as AOX),421130
2025/12/15,Germany,2012,Mercury and compounds (as Hg),398.98
2025/12/15,Germany,2012,Total phosphorus,2168470
2025/12/15,Germany,2013,Fluoranthene,20.91
2025/12/15,Germany,2013,Toluene,33335
2025/12/15,Germany,2013,Trichloromethane,115.69999999999999
2025/12/15,Germany,2014,Chromium and compounds (as Cr),2832.7
2025/12/15,Germany,2014,Ethyl benzene,1171
2025/12/15,Germany,2014,Total nitrogen,10463000
2025/12/15,Germany,2014,Trichlorobenzenes (TCB),46.3
2025/12/15,Germany,2015,Halogenated organic compounds (as AOX),486340
2025/12/15,Germany,2016,Fluoranthene,60.650000000000006
2025/12/15,Germany,2017,Chromium and compounds (as Cr),3066
2025/12/15,Germany,2017,Dichloromethane (DCM),1070.7
2025/12/15,Germany,2017,Ethyl benzene,840
2025/12/15,Germany,2017,Total nitrogen,11588800
2025/12/15,Germany,2017,Trichlorobenzenes (TCB),77.9
2025/12/15,Germany,2018,Nickel and compounds (as Ni),4070.2999999999997
2025/12/15,Germany,2018,Octylphenols and Octylphenol ethoxylates,11
2025/12/15,Germany,2019,Chlorides (as total Cl),526170000
2025/12/15,Germany,2019,Fluoranthene,12.13
2025/12/15,Germany,2019,Trichloromethane,16.4
2025/12/15,Germany,2019,Xylenes,3226.2
2025/12/15,Germany,2020,Dichloromethane (DCM),2575.9
2025/12/15,Germany,2020,Total nitrogen,12025900
2025/12/15,Germany,2020,Trichlorobenzenes (TCB),66.6
2025/12/15,Germany,2021,Nickel and compounds (as Ni),3950.7
2025/12/15,Germany,2021,Octylphenols and Octylphenol ethoxylates,9.4
2025/12/15,Germany,2022,Chlorides (as total Cl),496890000
2025/12/15,Germany,2022,Trichloromethane,15.4
2025/12/15,Germany,2022,Xylenes,4103.950000000001
2025/12/15,Germany,2023,Dichloromethane (DCM),3478.1
2025/12/15,Germany,2023,Total nitrogen,9755900
2025/12/15,Germany,2023,Trichlorobenzenes (TCB),12.3
2025/12/15,Germany,2024,Nickel and compounds (as Ni),4016.5000000000005
2025/12/15,Germany,2024,Octylphenols and Octylphenol ethoxylates,11.4
2025/12/15,Greece,2021,Phenols (as total C),2110
2025/12/15,Greece,2024,Phenols (as total C),1130
2025/12/15,Hungary,2007,Dichloromethane (DCM),24.9
2025/12/15,Hungary,2007,Toluene,1050
2025/12/15,Hungary,2008,Phenols (as total C),95.2
2025/12/15,Hungary,2010,Dichloromethane (DCM),1320
2025/12/15,Hungary,2011,Chromium and compounds (as Cr),65
2025/12/15,Hungary,2012,Nickel and compounds (as Ni),23.5
2025/12/15,Hungary,2013,Dichloromethane (DCM),6258
2025/12/15,Hungary,2013,Mercury and compounds (as Hg),4.65
2025/12/15,Hungary,2014,Total organic carbon(as total C or COD/3) (TOC),1655700
2025/12/15,Hungary,2015,Nickel and compounds (as Ni),331.59999999999997
2025/12/15,Hungary,2016,Dichloromethane (DCM),481
2025/12/15,Hungary,2016,Mercury and compounds (as Hg),7.58
2025/12/15,Hungary,2017,Phenols (as total C),295.2
2025/12/15,Hungary,2017,Total organic carbon(as total C or COD/3) (TOC),1657300
2025/12/15,Hungary,2018,Nickel and compounds (as Ni),1018.2
2025/12/15,Hungary,2018,PCDD + PCDF (dioxins + furans) (as Teq),0.1
2025/12/15,Hungary,2020,Total organic carbon(as total C or COD/3) (TOC),3627000
2025/12/15,Hungary,2021,Nickel and compounds (as Ni),67.3
2025/12/15,Hungary,2023,Total organic carbon(as total C or COD/3) (TOC),2292300
2025/12/15,Hungary,2024,Total nitrogen,129000
2025/12/15,Ireland,2008,Phenols (as total C),629
2025/12/15,Ireland,2008,Toluene,1100
2025/12/15,Ireland,2009,Nonylphenol and Nonylphenol ethoxylates,542
2025/12/15,Ireland,2011,Phenols (as total C),4749.4
2025/12/15,Ireland,2011,Toluene,230
2025/12/15,Ireland,2012,Nonylphenol and Nonylphenol ethoxylates,1.32
2025/12/15,Ireland,2014,Toluene,440
2025/12/15,Ireland,2015,Nonylphenol and Nonylphenol ethoxylates,3.9
2025/12/15,Ireland,2017,Dichloromethane (DCM),29.8
2025/12/15,Ireland,2018,Nonylphenol and Nonylphenol ethoxylates,635
2025/12/15,Ireland,2019,Chlorides (as total Cl),3188901.07
2025/12/15,Ireland,2020,Dichloromethane (DCM),478.46
2025/12/15,Ireland,2021,Cadmium and compounds (as Cd),5.784
2025/12/15,Ireland,2022,Chlorides (as total Cl),3352336.75
2025/12/15,Ireland,2022,Xylenes,11.23
2025/12/15,Ireland,2023,Dichloromethane (DCM),516.38
2025/12/15,Italy,2007,"1,2-dichloroethane (DCE-1,2)",8160.900000000001
2025/12/15,Italy,2007,Chlorides (as total Cl),87200000
2025/12/15,Italy,2007,Xylenes,34251
2025/12/15,Italy,2008,Dichloromethane (DCM),190.6
2025/12/15,Italy,2008,Dieldrin,25.67
2025/12/15,Italy,2008,Pentachlorophenol (PCP),7.470000000000001
2025/12/15,Italy,2009,"Chloro-alkanes, C10-C13",2.2
2025/12/15,Italy,2009,Hexachlorobenzene (HCB),3
2025/12/15,Italy,2009,Polychlorinated biphenyls (PCBs),1.833
2025/12/15,Italy,2010,"1,2-dichloroethane (DCE-1,2)",350.4
2025/12/15,Italy,2010,Chlorides (as total Cl),55410000
2025/12/15,Italy,2010,Xylenes,39243
2025/12/15,Italy,2011,Dichloromethane (DCM),21.5
2025/12/15,Italy,2011,Pentachlorophenol (PCP),12.3
2025/12/15,Italy,2012,"Chloro-alkanes, C10-C13",4.5
2025/12/15,Italy,2012,Hexachlorobenzene (HCB),2.6
2025/12/15,Italy,2012,Polychlorinated biphenyls (PCBs),2.5629999999999997
2025/12/15,Italy,2013,"1,2-dichloroethane (DCE-1,2)",299.7
2025/12/15,Italy,2014,Naphthalene,760.6
2025/12/15,Italy,2014,Pentachlorophenol (PCP),4.55
2025/12/15,Italy,2014,Zinc and compounds (as Zn),11567
2025/12/15,Italy,2015,Polychlorinated biphenyls (PCBs),10.69
2025/12/15,Italy,2016,"1,2-dichloroethane (DCE-1,2)",70.8
2025/12/15,Italy,2016,PCDD + PCDF (dioxins + furans) (as Teq),0.00025
2025/12/15,Italy,2017,DDT (DDT),356
2025/12/15,Italy,2017,Mercury and compounds (as Hg),24.05
2025/12/15,Italy,2017,Naphthalene,2814
2025/12/15,Italy,2017,Pentachlorophenol (PCP),8.82
2025/12/15,Italy,2017,Triphenyltin and compounds,1.76
2025/12/15,Italy,2017,Zinc and compounds (as Zn),13191
2025/12/15,Italy,2018,Toluene,59071.1066
2025/12/15,Italy,2020,DDT (DDT),1.6963
2025/12/15,Italy,2020,Mercury and compounds (as Hg),85.014
2025/12/15,Italy,2020,Naphthalene,3951.9571
2025/12/15,Italy,2020,Pentachlorobenzene,1.6963
2025/12/15,Italy,2020,Trichloroethylene (TRI),16.9632
2025/12/15,Italy,2020,Zinc and compounds (as Zn),12687.963500000003
2025/12/15,Italy,2021,Toluene,22853.0009
2025/12/15,Italy,2022,Cadmium and compounds (as Cd),84.0718
2025/12/15,Italy,2022,Chromium and compounds (as Cr),272651.0235
2025/12/15,Italy,2022,PCDD + PCDF (dioxins + furans) (as Teq),0.006364
2025/12/15,Italy,2022,Total organic carbon(as total C or COD/3) (TOC),17945851.000000004
2025/12/15,Italy,2023,Aldrin,3.4482
2025/12/15,Italy,2023,DDT (DDT),1.8131
2025/12/15,Italy,2023,Mercury and compounds (as Hg),35.187
2025/12/15,Italy,2023,Pentachlorobenzene,1.8131
2025/12/15,Italy,2023,Trichloroethylene (TRI),18.1311
2025/12/15,Italy,2023,Zinc and compounds (as Zn),10019.790400000002
2025/12/15,Lithuania,2020,Total nitrogen,137000
2025/12/15,Malta,2017,Hydrogen cyanide (HCN),0.023
2025/12/15,Netherlands,2007,Dichloromethane (DCM),164
2025/12/15,Netherlands,2008,Nickel and compounds (as Ni),676.2
2025/12/15,Netherlands,2008,Phenols (as total C),5436.5
2025/12/15,Netherlands,2009,Trichloromethane,12
2025/12/15,Netherlands,2009,Xylenes,2512
2025/12/15,Netherlands,2010,Dichloromethane (DCM),127
2025/12/15,Netherlands,2011,Nickel and compounds (as Ni),548.4000000000001
2025/12/15,Netherlands,2011,Phenols (as total C),21156.2
2025/12/15,Netherlands,2012,PCDD + PCDF (dioxins + furans) (as Teq),0.001
2025/12/15,Netherlands,2012,Xylenes,1973
2025/12/15,Netherlands,2013,Dichloromethane (DCM),95.2
2025/12/15,Netherlands,2014,Nickel and compounds (as Ni),930.2
2025/12/15,Netherlands,2014,Phenols (as total C),14374.4
2025/12/15,Netherlands,2015,PCDD + PCDF (dioxins + furans) (as Teq),0.008
2025/12/15,Netherlands,2015,Xylenes,2004
2025/12/15,Netherlands,2017,Total nitrogen,3926700
2025/12/15,Netherlands,2018,Cadmium and compounds (as Cd),16.81
2025/12/15,Netherlands,2020,Total nitrogen,3786400
2025/12/15,Netherlands,2022,Chlorides (as total Cl),124730000
2025/12/15,Netherlands,2023,Total nitrogen,3517200
2025/12/15,Poland,2008,Benzene,39400
2025/12/15,Poland,2008,Octylphenols and Octylphenol ethoxylates,1230
2025/12/15,Poland,2009,Copper and compounds (as Cu),50631.799999999996
2025/12/15,Poland,2009,Fluorides (as total F),287000
2025/12/15,Poland,2009,Naphthalene,1060
2025/12/15,Poland,2009,Zinc and compounds (as Zn),429323
2025/12/15,Poland,2010,Pentachlorophenol (PCP),1.94
2025/12/15,Poland,2011,Octylphenols and Octylphenol ethoxylates,6010
2025/12/15,Poland,2012,Fluorides (as total F),417710
2025/12/15,Poland,2012,Mercury and compounds (as Hg),1661.76
2025/12/15,Poland,2012,Zinc and compounds (as Zn),225007
2025/12/15,Poland,2015,Halogenated organic compounds (as AOX),314900
2025/12/15,Poland,2015,Mercury and compounds (as Hg),897.87
2025/12/15,Poland,2015,Zinc and compounds (as Zn),234739
2025/12/15,Poland,2018,Halogenated organic compounds (as AOX),377000
2025/12/15,Poland,2018,Mercury and compounds (as Hg),4553.27
2025/12/15,Poland,2018,Zinc and compounds (as Zn),76826
2025/12/15,Poland,2020,Ethyl benzene,508
2025/12/15,Poland,2021,Cadmium and compounds (as Cd),5275.1
2025/12/15,Poland,2021,Halogenated organic compounds (as AOX),311190
2025/12/15,Poland,2021,Mercury and compounds (as Hg),7720
2025/12/15,Poland,2022,Trichloromethane,779
2025/12/15,Poland,2023,Ethyl benzene,249
2025/12/15,Poland,2023,Total nitrogen,968200
2025/12/15,Poland,2024,Cadmium and compounds (as Cd),7186.789999999999
2025/12/15,Poland,2024,Halogenated organic compounds (as AOX),105040
2025/12/15,Portugal,2007,Chromium and compounds (as Cr),1414.7
2025/12/15,Portugal,2008,Mercury and compounds (as Hg),18.779999999999998
2025/12/15,Portugal,2008,Nickel and compounds (as Ni),1072.4
2025/12/15,Portugal,2008,Zinc and compounds (as Zn),1874
2025/12/15,Portugal,2010,Total organic carbon(as total C or COD/3) (TOC),7033700
2025/12/15,Portugal,2011,Mercury and compounds (as Hg),6.7
2025/12/15,Portugal,2011,Nickel and compounds (as Ni),1596.5000000000002
2025/12/15,Portugal,2011,Zinc and compounds (as Zn),3786
2025/12/15,Portugal,2012,Anthracene,2.33
2025/12/15,Portugal,2012,Fluorides (as total F),86600
2025/12/15,Portugal,2013,Total organic carbon(as total C or COD/3) (TOC),6195700
2025/12/15,Portugal,2014,Mercury and compounds (as Hg),27.7
2025/12/15,Portugal,2014,Nickel and compounds (as Ni),2203.9
2025/12/15,Portugal,2015,Anthracene,1.28
2025/12/15,Portugal,2015,Arsenic and compounds (as As),519.88
2025/12/15,Portugal,2015,Fluorides (as total F),72000
2025/12/15,Portugal,2016,Total organic carbon(as total C or COD/3) (TOC),4206400
2025/12/15,Portugal,2017,Nickel and compounds (as Ni),1887.4
2025/12/15,Portugal,2018,Anthracene,32.9
2025/12/15,Portugal,2018,Arsenic and compounds (as As),164.14999999999998
2025/12/15,Portugal,2018,Fluorides (as total F),42200
2025/12/15,Portugal,2019,Ethyl benzene,177
2025/12/15,Portugal,2019,Lead and compounds (as Pb),495.80000000000007
2025/12/15,Portugal,2019,Total organic carbon(as total C or COD/3) (TOC),6585800
2025/12/15,Portugal,2020,Total nitrogen,847900
2025/12/15,Portugal,2021,Anthracene,13.3
2025/12/15,Portugal,2021,Arsenic and compounds (as As),78.63
2025/12/15,Portugal,2021,Fluorides (as total F),47500
2025/12/15,Portugal,2021,Hexachlorobutadiene (HCBD),10.4
2025/12/15,Portugal,2022,Lead and compounds (as Pb),165.79999999999998
2025/12/15,Portugal,2023,Total nitrogen,1393900
2025/12/15,Portugal,2024,Arsenic and compounds (as As),51.290000000000006
2025/12/15,Romania,2008,Phenols (as total C),2240
2025/12/15,Romania,2011,Phenols (as total C),52
2025/12/15,Romania,2012,Chromium and compounds (as Cr),59.6
2025/12/15,Romania,2018,Chromium and compounds (as Cr),75.7
2025/12/15,Romania,2021,Chromium and compounds (as Cr),61.6
2025/12/15,Romania,2022,Nickel and compounds (as Ni),284.9
2025/12/15,Slovakia,2010,Phenols (as total C),7460
2025/12/15,Slovakia,2016,Fluorides (as total F),4170
2025/12/15,Slovakia,2019,Fluorides (as total F),3690
2025/12/15,Slovakia,2022,Fluorides (as total F),4440
2025/12/15,Slovenia,2008,Dichloromethane (DCM),47.8
2025/12/15,Slovenia,2009,Phenols (as total C),101
2025/12/15,Slovenia,2011,Dichloromethane (DCM),105
2025/12/15,Slovenia,2012,Phenols (as total C),97.4
2025/12/15,Slovenia,2014,Dichloromethane (DCM),31
2025/12/15,Slovenia,2015,Phenols (as total C),243
2025/12/15,Slovenia,2023,"1,2-dichloroethane (DCE-1,2)",12.26
2025/12/15,Spain,2007,Nonylphenol and Nonylphenol ethoxylates,4.8
2025/12/15,Spain,2008,Anthracene,1.07
2025/12/15,Spain,2009,"Chloro-alkanes, C10-C13",34.97
2025/12/15,Spain,2009,Phenols (as total C),5929
2025/12/15,Spain,2009,Total organic carbon(as total C or COD/3) (TOC),10677400
2025/12/15,Spain,2010,Nonylphenol and Nonylphenol ethoxylates,9.04
2025/12/15,Spain,2011,Arsenic and compounds (as As),288.5
2025/12/15,Spain,2011,Naphthalene,16.8
2025/12/15,Spain,2011,Vinyl chloride,56
2025/12/15,Spain,2012,Lead and compounds (as Pb),689.2
2025/12/15,Spain,2012,Total organic carbon(as total C or COD/3) (TOC),11908300
2025/12/15,Spain,2013,Nonylphenol and Nonylphenol ethoxylates,1.1
2025/12/15,Spain,2014,Arsenic and compounds (as As),286.40999999999997
2025/12/15,Spain,2014,Vinyl chloride,18.5
2025/12/15,Spain,2015,Lead and compounds (as Pb),290.20000000000005
2025/12/15,Spain,2016,Nonylphenol and Nonylphenol ethoxylates,63.8
2025/12/15,Spain,2017,Arsenic and compounds (as As),267.97
2025/12/15,Spain,2017,Vinyl chloride,42.2
2025/12/15,Spain,2018,Fluoranthene,1.27
2025/12/15,Spain,2018,Lead and compounds (as Pb),291.90000000000003
2025/12/15,Spain,2019,Di-(2-ethyl hexyl) phthalate (DEHP),272.61
2025/12/15,Spain,2019,Polychlorinated biphenyls (PCBs),0.79
2025/12/15,Spain,2020,Arsenic and compounds (as As),282.53000000000003
2025/12/15,Spain,2021,Copper and compounds (as Cu),849.8999999999999
2025/12/15,Spain,2021,Fluoranthene,18.060000000000002
2025/12/15,Spain,2021,Lead and compounds (as Pb),343.3
2025/12/15,Spain,2021,Total phosphorus,284040
2025/12/15,Spain,2022,Polychlorinated biphenyls (PCBs),0.184
2025/12/15,Spain,2024,Copper and compounds (as Cu),1599.8
2025/12/15,Spain,2024,Total phosphorus,366390
2025/12/15,Sweden,2007,Total phosphorus,96970
2025/12/15,Sweden,2008,Phenols (as total C),15185.2
2025/12/15,Sweden,2008,Toluene,786
2025/12/15,Sweden,2008,Total organic carbon(as total C or COD/3) (TOC),7557400
2025/12/15,Sweden,2009,Nonylphenol and Nonylphenol ethoxylates,34.4
2025/12/15,Sweden,2010,Total phosphorus,104350
2025/12/15,Sweden,2011,Phenols (as total C),45536
2025/12/15,Sweden,2011,Toluene,1340
2025/12/15,Sweden,2011,Total organic carbon(as total C or COD/3) (TOC),6182600
2025/12/15,Sweden,2012,Chromium and compounds (as Cr),254
2025/12/15,Sweden,2012,Nonylphenol and Nonylphenol ethoxylates,38
2025/12/15,Sweden,2013,Arsenic and compounds (as As),9.47
2025/12/15,Sweden,2013,Total phosphorus,101640
2025/12/15,Sweden,2014,Lead and compounds (as Pb),34.9
2025/12/15,Sweden,2014,Toluene,1450
2025/12/15,Sweden,2014,Total organic carbon(as total C or COD/3) (TOC),5812600
2025/12/15,Sweden,2015,Chromium and compounds (as Cr),297
2025/12/15,Sweden,2015,Nonylphenol and Nonylphenol ethoxylates,68
2025/12/15,Sweden,2015,Total nitrogen,288400
2025/12/15,Sweden,2016,Arsenic and compounds (as As),11.370000000000001
2025/12/15,Sweden,2016,Total phosphorus,126410
2025/12/15,Sweden,2018,Chromium and compounds (as Cr),171
2025/12/15,Sweden,2018,Nonylphenol and Nonylphenol ethoxylates,13
2025/12/15,Sweden,2018,Total nitrogen,387000
2025/12/15,Sweden,2021,Total nitrogen,324100
2025/12/15,Sweden,2022,Arsenic and compounds (as As),5.2
2025/12/15,Switzerland,2007,"1,2-dichloroethane (DCE-1,2)",1810
2025/12/15,Switzerland,2007,Xylenes,6497
2025/12/15,Switzerland,2008,Dichloromethane (DCM),3010.6
2025/12/15,Switzerland,2009,Phenols (as total C),29190
2025/12/15,Switzerland,2009,Total organic carbon(as total C or COD/3) (TOC),8711300
2025/12/15,Switzerland,2010,"1,2-dichloroethane (DCE-1,2)",909
2025/12/15,Switzerland,2010,Nonylphenol and Nonylphenol ethoxylates,92
2025/12/15,Switzerland,2010,Xylenes,3967
2025/12/15,Switzerland,2012,Total organic carbon(as total C or COD/3) (TOC),8670900
2025/12/15,Switzerland,2013,Nonylphenol and Nonylphenol ethoxylates,28
2025/12/15,Switzerland,2015,Total organic carbon(as total C or COD/3) (TOC),9636600
2025/12/15,Switzerland,2016,Nonylphenol and Nonylphenol ethoxylates,10
2025/12/15,Switzerland,2018,Lead and compounds (as Pb),97.00000000000001
2025/12/15,Switzerland,2018,Toluene,13970
2025/12/15,Switzerland,2019,Nonylphenol and Nonylphenol ethoxylates,35.8
2025/12/15,Switzerland,2021,Copper and compounds (as Cu),232.684
2025/12/15,Switzerland,2021,Lead and compounds (as Pb),20.246000000000002
2025/12/15,Switzerland,2021,Toluene,8551
2025/12/15,Switzerland,2022,Chromium and compounds (as Cr),70.45
2025/12/15,United Kingdom,2007,Dichloromethane (DCM),2860.3
2025/12/15,United Kingdom,2007,Trichlorobenzenes (TCB),53.7
2025/12/15,United Kingdom,2008,Cyanides (as total CN),100334
2025/12/15,United Kingdom,2008,Phenols (as total C),118821.9
2025/12/15,United Kingdom,2009,Hexachlorobenzene (HCB),3.33
2025/12/15,United Kingdom,2009,Nonylphenol and Nonylphenol ethoxylates,93.50999999999999
2025/12/15,United Kingdom,2009,Xylenes,24368
2025/12/15,United Kingdom,2010,"1,2-dichloroethane (DCE-1,2)",54.2
2025/12/15,United Kingdom,2010,Dichloromethane (DCM),7020.299999999999
2025/12/15,United Kingdom,2011,Phenols (as total C),136989
2025/12/15,United Kingdom,2012,Brominated diphenylethers (PBDE),4
2025/12/15,United Kingdom,2012,Cadmium and compounds (as Cd),172.55
2025/12/15,United Kingdom,2012,Nonylphenol and Nonylphenol ethoxylates,193.66
2025/12/15,United Kingdom,2012,PCDD + PCDF (dioxins + furans) (as Teq),0.012
2025/12/15,United Kingdom,2012,Xylenes,11200
2025/12/15,United Kingdom,2013,"1,2-dichloroethane (DCE-1,2)",201.4
2025/12/15,United Kingdom,2013,Vinyl chloride,510
2025/12/15,United Kingdom,2014,Anthracene,42.160000000000004
2025/12/15,United Kingdom,2014,Fluoranthene,73.5
2025/12/15,United Kingdom,2015,Cadmium and compounds (as Cd),69.8
2025/12/15,United Kingdom,2015,Nonylphenol and Nonylphenol ethoxylates,3.25
2025/12/15,United Kingdom,2016,"1,2-dichloroethane (DCE-1,2)",12
2025/12/15,United Kingdom,2016,Polycyclic aromatic hydrocarbons (PAHs),15.54
2025/12/15,United Kingdom,2016,Vinyl chloride,386
2025/12/15,United Kingdom,2017,Anthracene,1.6
2025/12/15,United Kingdom,2017,Fluoranthene,1.56
2025/12/15,United Kingdom,2017,Naphthalene,26423
2025/12/15,United Kingdom,2018,Cadmium and compounds (as Cd),71.35
2025/12/15,United Kingdom,2018,Nonylphenol and Nonylphenol ethoxylates,2.06
2025/12/15,United Kingdom,2019,Chlorides (as total Cl),24050000
2025/12/15,United Kingdom,2019,Polycyclic aromatic hydrocarbons (PAHs),306
2025/12/15,United Kingdom,2019,Vinyl chloride,197
2025/12/15,Austria,2008,Phenols (as total C),282864.2
2025/12/15,Austria,2008,Toluene,429
2025/12/15,Austria,2009,Halogenated organic compounds (as AOX),142740
2025/12/15,Austria,2011,Phenols (as total C),251245.1
2025/12/15,Austria,2011,Toluene,5750
2025/12/15,Austria,2012,Cadmium and compounds (as Cd),21.1
2025/12/15,Austria,2012,Chromium and compounds (as Cr),62.1
2025/12/15,Austria,2012,Halogenated organic compounds (as AOX),108780
2025/12/15,Austria,2012,Nonylphenol and Nonylphenol ethoxylates,210.45
2025/12/15,Austria,2012,PCDD + PCDF (dioxins + furans) (as Teq),0.00095
2025/12/15,Austria,2014,Cyanides (as total CN),4550
2025/12/15,Austria,2014,Toluene,9150
2025/12/15,Austria,2014,Total nitrogen,781000
2025/12/15,Austria,2015,Cadmium and compounds (as Cd),29.43
2025/12/15,Austria,2015,Halogenated organic compounds (as AOX),75880
2025/12/15,Austria,2015,Nonylphenol and Nonylphenol ethoxylates,8.19
2025/12/15,Austria,2016,Polycyclic aromatic hydrocarbons (PAHs),19.7
2025/12/15,Austria,2017,Fluoranthene,6.98
2025/12/15,Austria,2017,Toluene,10400
2025/12/15,Austria,2017,Total nitrogen,286100
2025/12/15,Austria,2018,Cadmium and compounds (as Cd),20.7
2025/12/15,Austria,2018,Chromium and compounds (as Cr),73
2025/12/15,Austria,2018,Nonylphenol and Nonylphenol ethoxylates,8
2025/12/15,Austria,2019,Polycyclic aromatic hydrocarbons (PAHs),50.699999999999996
2025/12/15,Austria,2019,Xylenes,5123
2025/12/15,Austria,2020,Cyanides (as total CN),16700
2025/12/15,Austria,2020,Fluoranthene,33.07
2025/12/15,Austria,2020,Total nitrogen,1062500
2025/12/15,Austria,2021,Cadmium and compounds (as Cd),23.7
2025/12/15,Austria,2021,"Chloro-alkanes, C10-C13",14.2
2025/12/15,Austria,2021,Chromium and compounds (as Cr),202
2025/12/15,Austria,2021,Nonylphenol and Nonylphenol ethoxylates,11.37
2025/12/15,Austria,2022,Polycyclic aromatic hydrocarbons (PAHs),283
2025/12/15,Austria,2022,Trichloromethane,24.9
2025/12/15,Austria,2022,Xylenes,4450
2025/12/15,Austria,2023,Cyanides (as total CN),1040
2025/12/15,Austria,2023,Fluoranthene,58.5
2025/12/15,Austria,2023,Total nitrogen,813400
2025/12/15,Austria,2024,"Chloro-alkanes, C10-C13",1.02
2025/12/15,Belgium,2007,Cyanides (as total CN),84
2025/12/15,Belgium,2007,Total nitrogen,331700
2025/12/15,Belgium,2008,Cadmium and compounds (as Cd),33.59
2025/12/15,Belgium,2009,Chlorides (as total Cl),5340000
2025/12/15,Belgium,2009,Polycyclic aromatic hydrocarbons (PAHs),2321
2025/12/15,Belgium,2009,Trichloromethane,14.3
2025/12/15,Belgium,2010,Cyanides (as total CN),59
2025/12/15,Belgium,2010,Dichloromethane (DCM),144
2025/12/15,Belgium,2010,Fluoranthene,4.38
2025/12/15,Belgium,2010,Total nitrogen,299300
2025/12/15,Belgium,2011,Cadmium and compounds (as Cd),48.58
2025/12/15,Belgium,2012,Chlorides (as total Cl),2370000
2025/12/15,Belgium,2013,Dichloromethane (DCM),12.8
2025/12/15,Belgium,2015,"1,2-dichloroethane (DCE-1,2)",25.4
2025/12/15,Belgium,2015,Chlorides (as total Cl),4490000
2025/12/15,Belgium,2018,"1,2-dichloroethane (DCE-1,2)",230
2025/12/15,Belgium,2019,Naphthalene,63.4
2025/12/15,Belgium,2019,Zinc and compounds (as Zn),2534
2025/12/15,Belgium,2021,"1,2-dichloroethane (DCE-1,2)",70.7
2025/12/15,Belgium,2021,Octylphenols and Octylphenol ethoxylates,400
2025/12/15,Belgium,2022,Zinc and compounds (as Zn),890
2025/12/15,Bulgaria,2008,Phenols (as total C),59.8
2025/12/15,Bulgaria,2009,Cadmium and compounds (as Cd),160
2025/12/15,Bulgaria,2011,Total nitrogen,3526000
2025/12/15,Bulgaria,2012,Cadmium and compounds (as Cd),29.05
2025/12/15,Bulgaria,2014,Total nitrogen,2531000
2025/12/15,Bulgaria,2015,Cadmium and compounds (as Cd),132.56
2025/12/15,Bulgaria,2017,Total nitrogen,1223200
2025/12/15,Bulgaria,2018,Cadmium and compounds (as Cd),64.19
2025/12/15,Bulgaria,2020,Total nitrogen,852802
2025/12/15,Croatia,2015,"Chloro-alkanes, C10-C13",1.85
2025/12/15,Croatia,2015,Polychlorinated biphenyls (PCBs),0.185
2025/12/15,Croatia,2020,Zinc and compounds (as Zn),278
2025/12/15,Croatia,2023,Mercury and compounds (as Hg),2.74
2025/12/15,Croatia,2023,Zinc and compounds (as Zn),236
2025/12/15,Cyprus,2016,Total phosphorus,145650
2025/12/15,Cyprus,2017,Phenols (as total C),26.4
2025/12/15,Cyprus,2017,Total organic carbon(as total C or COD/3) (TOC),2750700
2025/12/15,Cyprus,2019,Total phosphorus,97420
2025/12/15,Cyprus,2020,Phenols (as total C),27
2025/12/15,Cyprus,2020,Total organic carbon(as total C or COD/3) (TOC),1856300
2025/12/15,Cyprus,2022,Total phosphorus,97610
2025/12/15,Cyprus,2023,Total organic carbon(as total C or COD/3) (TOC),1078328
2025/12/15,Czechia,2007,Cadmium and compounds (as Cd),9.54
2025/12/15,Czechia,2007,Chromium and compounds (as Cr),578.5
2025/12/15,Czechia,2007,Ethyl benzene,374
2025/12/15,Czechia,2007,Lead and compounds (as Pb),315.3
2025/12/15,Czechia,2007,Total organic carbon(as total C or COD/3) (TOC),2739400
2025/12/15,Czechia,2008,Polycyclic aromatic hydrocarbons (PAHs),115.19999999999999
2025/12/15,Czechia,2008,Tetrachloromethane (TCM),19.3
2025/12/15,Czechia,2009,Arsenic and compounds (as As),77.15
2025/12/15,Czechia,2010,Lead and compounds (as Pb),149.6
2025/12/15,Czechia,2011,Nickel and compounds (as Ni),4616.700000000001
2025/12/15,Czechia,2011,Polycyclic aromatic hydrocarbons (PAHs),15.7
2025/12/15,Czechia,2011,Tetrachloromethane (TCM),62
2025/12/15,Czechia,2012,Arsenic and compounds (as As),10.670000000000002
2025/12/15,Czechia,2012,Benzene,625
2025/12/15,Czechia,2013,Lead and compounds (as Pb),276.6
2025/12/15,Czechia,2014,Di-(2-ethyl hexyl) phthalate (DEHP),2.31
2025/12/15,Czechia,2014,Nickel and compounds (as Ni),4695.6
2025/12/15,Czechia,2014,Tetrachloromethane (TCM),3.9
2025/12/15,Czechia,2015,Arsenic and compounds (as As),86.5
2025/12/15,Czechia,2015,Benzene,7523
2025/12/15,Czechia,2016,Copper and compounds (as Cu),8586
2025/12/15,Czechia,2016,Fluorides (as total F),23850
2025/12/15,Czechia,2016,Lead and compounds (as Pb),418.6
2025/12/15,Czechia,2017,Di-(2-ethyl hexyl) phthalate (DEHP),5.53
2025/12/15,Czechia,2017,Nickel and compounds (as Ni),5309.9
2025/12/15,Czechia,2018,Benzene,336.91
2025/12/15,Czechia,2019,Copper and compounds (as Cu),3870.5539999999996
2025/12/15,Czechia,2019,Fluorides (as total F),92149.322
2025/12/15,Czechia,2020,Di-(2-ethyl hexyl) phthalate (DEHP),8.665
2025/12/15,Czechia,2021,Benzene,583
2025/12/15,Czechia,2022,Copper and compounds (as Cu),7352.225053
2025/12/15,Czechia,2022,Fluorides (as total F),88952.482
2025/12/15,Denmark,2011,Polycyclic aromatic hydrocarbons (PAHs),6.7
2025/12/15,Denmark,2014,Polycyclic aromatic hydrocarbons (PAHs),80.8
2025/12/15,Denmark,2017,Octylphenols and Octylphenol ethoxylates,73.6
2025/12/15,Denmark,2017,Polycyclic aromatic hydrocarbons (PAHs),75.3
2025/12/15,Denmark,2018,Arsenic and compounds (as As),14.1387
2025/12/15,Denmark,2020,Nickel and compounds (as Ni),47.888566
2025/12/15,Denmark,2020,Octylphenols and Octylphenol ethoxylates,31.299999999999997
2025/12/15,Denmark,2020,Polycyclic aromatic hydrocarbons (PAHs),0.03
2025/12/15,Denmark,2021,Arsenic and compounds (as As),11.41325
2025/12/15,Denmark,2021,Benzene,0
2025/12/15,Denmark,2023,Fluorine and inorganic compounds (as HF),9.2
2025/12/15,Denmark,2023,Nickel and compounds (as Ni),43.4652
2025/12/15,Denmark,2023,Octylphenols and Octylphenol ethoxylates,0
2025/12/15,Denmark,2024,Benzene,0
2025/12/15,Finland,2007,Benzene,3680
2025/12/15,Finland,2008,Copper and compounds (as Cu),408
2025/12/15,Finland,2008,Zinc and compounds (as Zn),958
2025/12/15,Finland,2010,Benzene,1830
2025/12/15,Finland,2010,PCDD + PCDF (dioxins + furans) (as Teq),0.0007
2025/12/15,Finland,2011,Copper and compounds (as Cu),427.2
2025/12/15,Finland,2011,Mercury and compounds (as Hg),4.36
2025/12/15,Finland,2011,Zinc and compounds (as Zn),533
2025/12/15,Finland,2012,Chromium and compounds (as Cr),72.8
2025/12/15,Finland,2013,Nickel and compounds (as Ni),1084.2
2025/12/15,Finland,2013,PCDD + PCDF (dioxins + furans) (as Teq),0.0028
2025/12/15,Finland,2014,Mercury and compounds (as Hg),2.86
2025/12/15,Finland,2014,Zinc and compounds (as Zn),292
2025/12/15,Finland,2016,Nickel and compounds (as Ni),145.3
2025/12/15,Finland,2016,PCDD + PCDF (dioxins + furans) (as Teq),0.0012000000000000001
2025/12/15,Finland,2016,Xylenes,1360
2025/12/15,Finland,2017,Zinc and compounds (as Zn),730
2025/12/15,Finland,2019,Nickel and compounds (as Ni),150.7
2025/12/15,Finland,2019,PCDD + PCDF (dioxins + furans) (as Teq),0.00019
2025/12/15,Finland,2020,Mercury and compounds (as Hg),3.95
2025/12/15,Finland,2021,Fluorides (as total F),95000
2025/12/15,Finland,2022,Nickel and compounds (as Ni),132.6
2025/12/15,Finland,2022,Total nitrogen,895300
2025/12/15,Finland,2024,Fluorides (as total F),2420
2025/12/15,France,2007,"1,2-dichloroethane (DCE-1,2)",2596
2025/12/15,France,2008,Copper and compounds (as Cu),2609
2025/12/15,France,2008,Fluorides (as total F),488970
2025/12/15,France,2008,Mercury and compounds (as Hg),30.330000000000002
2025/12/15,France,2008,Naphthalene,50.2
2025/12/15,France,2008,Zinc and compounds (as Zn),55507
2025/12/15,France,2009,Toluene,8940
2025/12/15,France,2011,Mercury and compounds (as Hg),36.03
2025/12/15,France,2011,Naphthalene,11
2025/12/15,France,2011,Total phosphorus,1004280
2025/12/15,France,2011,Zinc and compounds (as Zn),25654
2025/12/15,France,2012,Toluene,13873
2025/12/15,France,2013,Chromium and compounds (as Cr),15446.3
2025/12/15,France,2014,Halogenated organic compounds (as AOX),28550
2025/12/15,France,2014,Mercury and compounds (as Hg),29.529999999999994
2025/12/15,France,2014,Total phosphorus,612160
2025/12/15,France,2014,Zinc and compounds (as Zn),6820
2025/12/15,France,2015,Toluene,3610
2025/12/15,France,2016,Chromium and compounds (as Cr),11255
2025/12/15,France,2017,Cadmium and compounds (as Cd),92.1
2025/12/15,France,2017,Halogenated organic compounds (as AOX),41880
2025/12/15,France,2017,Mercury and compounds (as Hg),20.27
2025/12/15,France,2017,Total phosphorus,551450
2025/12/15,France,2018,Toluene,3640
2025/12/15,France,2018,Trichloromethane,1435.3
2025/12/15,France,2019,Chromium and compounds (as Cr),14370
2025/12/15,France,2019,Total nitrogen,1620300
2025/12/15,France,2020,Cadmium and compounds (as Cd),51.480001
2025/12/15,France,2020,Diuron,8.61
2025/12/15,France,2020,Halogenated organic compounds (as AOX),25850
2025/12/15,France,2021,Trichloromethane,556.2
2025/12/15,France,2022,Chromium and compounds (as Cr),22895.300003
2025/12/15,France,2022,Dichloromethane (DCM),350.999996
2025/12/15,France,2022,Total nitrogen,3572700
2025/12/15,France,2023,Cadmium and compounds (as Cd),45.040001000000004
2025/12/15,France,2023,Nickel and compounds (as Ni),955.7000169999999
2025/12/15,France,2024,Chlorides (as total Cl),88580000
2025/12/15,France,2024,Trichloromethane,57.199999
2025/12/15,Germany,2007,Organotin compounds (as total Sn),2660
2025/12/15,Germany,2008,Cadmium and compounds (as Cd),1084.0600000000002
2025/12/15,Germany,2008,Phenols (as total C),747725.0999999999
2025/12/15,Germany,2008,Total organic carbon(as total C or COD/3) (TOC),125471600
2025/12/15,Germany,2010,Anthracene,1.67
2025/12/15,Germany,2010,Organotin compounds (as total Sn),3900
2025/12/15,Germany,2011,Cadmium and compounds (as Cd),373.95
2025/12/15,Germany,2011,Phenols (as total C),375629.8
2025/12/15,Germany,2011,Total organic carbon(as total C or COD/3) (TOC),139657900
2025/12/15,Germany,2012,Nonylphenol and Nonylphenol ethoxylates,95.22
2025/12/15,Germany,2012,Polycyclic aromatic hydrocarbons (PAHs),252.4
2025/12/15,Germany,2013,Arsenic and compounds (as As),597.54
2025/12/15,Germany,2013,Organotin compounds (as total Sn),2659
2025/12/15,Germany,2014,Cadmium and compounds (as Cd),1214.34
2025/12/15,Germany,2014,Cyanides (as total CN),22058.2
2025/12/15,Germany,2014,Total organic carbon(as total C or COD/3) (TOC),143136300
2025/12/15,Germany,2015,Nonylphenol and Nonylphenol ethoxylates,32.34
2025/12/15,Germany,2015,Polycyclic aromatic hydrocarbons (PAHs),92.7
2025/12/15,Germany,2015,Tetrachloromethane (TCM),2.56
2025/12/15,Germany,2016,Arsenic and compounds (as As),584.52
2025/12/15,Germany,2017,Cadmium and compounds (as Cd),1938.3000000000002
2025/12/15,Germany,2017,Cyanides (as total CN),14804
2025/12/15,Germany,2017,Lead and compounds (as Pb),5007.4
2025/12/15,Germany,2017,Total organic carbon(as total C or COD/3) (TOC),148397400
2025/12/15,Germany,2018,Nonylphenol and Nonylphenol ethoxylates,41.4
2025/12/15,Germany,2018,Polycyclic aromatic hydrocarbons (PAHs),137.5
2025/12/15,Germany,2018,Tetrachloromethane (TCM),1.71
2025/12/15,Germany,2019,Arsenic and compounds (as As),661.1999999999999
2025/12/15,Germany,2020,Cyanides (as total CN),17395.8
2025/12/15,Germany,2020,Lead and compounds (as Pb),2422.7000000000003
2025/12/15,Germany,2021,Nonylphenol and Nonylphenol ethoxylates,13.6
2025/12/15,Germany,2021,Polycyclic aromatic hydrocarbons (PAHs),52.5
2025/12/15,Germany,2022,"1,2-dichloroethane (DCE-1,2)",12.8
2025/12/15,Germany,2022,Arsenic and compounds (as As),505.55
2025/12/15,Germany,2022,Benzene,1550.1399999999999
2025/12/15,Germany,2023,Copper and compounds (as Cu),48856.6
2025/12/15,Germany,2023,Ethylene oxide,90
2025/12/15,Germany,2023,Lead and compounds (as Pb),2983.0000000000005
2025/12/15,Greece,2008,Chromium and compounds (as Cr),96.5
2025/12/15,Greece,2008,Total nitrogen,105000
2025/12/15,Greece,2013,Copper and compounds (as Cu),90.1
2025/12/15,Greece,2014,Total nitrogen,567000
2025/12/15,Greece,2015,Nickel and compounds (as Ni),211
2025/12/15,Greece,2018,Nickel and compounds (as Ni),115
2025/12/15,Greece,2022,Copper and compounds (as Cu),221
2025/12/15,Greece,2022,Fluorides (as total F),3630
2025/12/15,Greece,2022,Zinc and compounds (as Zn),284
2025/12/15,Hungary,2008,Cyanides (as total CN),131
2025/12/15,Hungary,2009,Zinc and compounds (as Zn),449
2025/12/15,Hungary,2012,Zinc and compounds (as Zn),130
2025/12/15,Hungary,2015,Zinc and compounds (as Zn),244
2025/12/15,Ireland,2007,Total phosphorus,52910
2025/12/15,Ireland,2008,Total organic carbon(as total C or COD/3) (TOC),2365100
2025/12/15,Ireland,2010,Total phosphorus,41420
2025/12/15,Ireland,2011,Total organic carbon(as total C or COD/3) (TOC),2975400
2025/12/15,Ireland,2013,Total phosphorus,24550
2025/12/15,Ireland,2014,Total organic carbon(as total C or COD/3) (TOC),3327200
2025/12/15,Ireland,2015,Total nitrogen,317000
2025/12/15,Ireland,2016,Total phosphorus,52760
2025/12/15,Ireland,2018,Total nitrogen,364000.7
2025/12/15,Ireland,2021,Total nitrogen,244276.96
2025/12/15,Ireland,2023,Copper and compounds (as Cu),362.944649
2025/12/15,Ireland,2023,Fluorides (as total F),27558.74
2025/12/15,Ireland,2024,Total nitrogen,262934.69
2025/12/15,Italy,2007,Arsenic and compounds (as As),502.79999999999995
2025/12/15,Italy,2007,Benzene,167072
2025/12/15,Italy,2008,Copper and compounds (as Cu),2401.7999999999997
2025/12/15,Italy,2008,Lead and compounds (as Pb),8244.9
2025/12/15,Italy,2008,Simazine,22.3
2025/12/15,Italy,2009,Di-(2-ethyl hexyl) phthalate (DEHP),26.03
2025/12/15,Italy,2009,Nickel and compounds (as Ni),128024.00000000001
2025/12/15,Italy,2009,Octylphenols and Octylphenol ethoxylates,159
2025/12/15,Italy,2009,Tetrachloromethane (TCM),2.2
2025/12/15,Italy,2010,Benzene,86745
2025/12/15,Italy,2010,Hexachlorobutadiene (HCBD),12.2
2025/12/15,Italy,2011,Copper and compounds (as Cu),2199
2025/12/15,Italy,2011,Fluorides (as total F),58860
2025/12/15,Italy,2011,Lead and compounds (as Pb),2564.2000000000003
2025/12/15,Italy,2012,Di-(2-ethyl hexyl) phthalate (DEHP),11.8
2025/12/15,Italy,2012,Nickel and compounds (as Ni),6474.5
2025/12/15,Italy,2013,Benzene,121209
2025/12/15,Italy,2013,Hexachlorobutadiene (HCBD),4.74
2025/12/15,Italy,2013,Tributyltin and compounds,2.04
2025/12/15,Italy,2014,Copper and compounds (as Cu),2162
2025/12/15,Italy,2014,Fluorides (as total F),71130
2025/12/15,Italy,2016,Hexachlorobutadiene (HCBD),3.73
2025/12/15,Italy,2016,Phenols (as total C),34258.40000000001
2025/12/15,Italy,2017,Copper and compounds (as Cu),1242.1999999999998
2025/12/15,Italy,2017,Fluorides (as total F),114360
2025/12/15,Italy,2019,Hexachlorobutadiene (HCBD),46.6547
2025/12/15,Italy,2019,Isodrin,3.3155
2025/12/15,Italy,2019,Phenols (as total C),93789.95650000001
2025/12/15,Italy,2019,Tetrachloroethylene,88.5298
2025/12/15,Italy,2019,Tributyltin and compounds,2.2416
2025/12/15,Italy,2019,Vinyl chloride,44.1547
2025/12/15,Italy,2020,Total phosphorus,246243.93159999998
2025/12/15,Italy,2022,Endosulphan,1.5352
2025/12/15,Italy,2022,Isodrin,2.7062999999999997
2025/12/15,Italy,2022,Phenols (as total C),59135.2788
2025/12/15,Italy,2022,Tetrachloroethylene,15.3522
2025/12/15,Italy,2023,Alachlor,1.8131
2025/12/15,Italy,2023,Total phosphorus,381819.64050000004
2025/12/15,Lithuania,2014,Total organic carbon(as total C or COD/3) (TOC),102000
2025/12/15,Malta,2017,Chlorine and inorganic compounds (as HCl),3.18
2025/12/15,Netherlands,2007,Cyanides (as total CN),119
2025/12/15,Netherlands,2007,Ethylene oxide,8700
2025/12/15,Netherlands,2009,"1,2-dichloroethane (DCE-1,2)",196
2025/12/15,Netherlands,2009,Mercury and compounds (as Hg),5.41
2025/12/15,Netherlands,2009,Zinc and compounds (as Zn),2829
2025/12/15,Netherlands,2010,Cyanides (as total CN),476
2025/12/15,Netherlands,2010,Ethylene oxide,5390
2025/12/15,Netherlands,2011,Tetrachloromethane (TCM),3.6
2025/12/15,Netherlands,2011,Total organic carbon(as total C or COD/3) (TOC),18433500
2025/12/15,Netherlands,2012,"1,2-dichloroethane (DCE-1,2)",234
2025/12/15,Netherlands,2012,Mercury and compounds (as Hg),6.25
2025/12/15,Netherlands,2012,Zinc and compounds (as Zn),3026
2025/12/15,Netherlands,2013,Ethylene oxide,5420
2025/12/15,Netherlands,2013,Fluorides (as total F),5250
2025/12/15,Netherlands,2014,Ethyl benzene,592
2025/12/15,Netherlands,2014,Total organic carbon(as total C or COD/3) (TOC),27083300
2025/12/15,Netherlands,2015,"1,2-dichloroethane (DCE-1,2)",101.6
2025/12/15,Netherlands,2015,Vinyl chloride,39
2025/12/15,Netherlands,2016,Arsenic and compounds (as As),115.44000000000001
2025/12/15,Netherlands,2016,Fluoranthene,2.7
2025/12/15,Netherlands,2016,Fluorides (as total F),9220
2025/12/15,Netherlands,2016,Naphthalene,41.3
2025/12/15,Netherlands,2017,Ethyl benzene,581
2025/12/15,Netherlands,2017,Total organic carbon(as total C or COD/3) (TOC),28008400
2025/12/15,Netherlands,2018,"1,2-dichloroethane (DCE-1,2)",179
2025/12/15,Netherlands,2018,Vinyl chloride,22
2025/12/15,Netherlands,2019,Arsenic and compounds (as As),125.94
2025/12/15,Netherlands,2019,Fluoranthene,1.8
2025/12/15,Netherlands,2019,Fluorides (as total F),18400
2025/12/15,Netherlands,2019,Naphthalene,31
2025/12/15,Netherlands,2019,Trichloroethylene (TRI),12
2025/12/15,Netherlands,2020,Ethyl benzene,431
2025/12/15,Netherlands,2020,Total organic carbon(as total C or COD/3) (TOC),26460900
2025/12/15,Netherlands,2021,Vinyl chloride,32
2025/12/15,Netherlands,2022,Anthracene,1.5
2025/12/15,Netherlands,2022,Arsenic and compounds (as As),151.31
2025/12/15,Netherlands,2022,Fluoranthene,2.7
2025/12/15,Netherlands,2022,Fluorides (as total F),21580
2025/12/15,Netherlands,2022,Naphthalene,56.1
2025/12/15,Netherlands,2022,Total phosphorus,1144560
2025/12/15,Netherlands,2022,Trichloroethylene (TRI),20
2025/12/15,Netherlands,2023,Lead and compounds (as Pb),174
2025/12/15,Netherlands,2023,Toluene,215.701
2025/12/15,Netherlands,2024,Vinyl chloride,38
2025/12/15,Poland,2009,"1,2-dichloroethane (DCE-1,2)",349
2025/12/15,Poland,2011,Phenols (as total C),89029.60000000002
2025/12/15,Poland,2012,"1,2-dichloroethane (DCE-1,2)",119
2025/12/15,Poland,2013,Trichloroethylene (TRI),17.5
2025/12/15,Poland,2014,Phenols (as total C),982271.6000000001
2025/12/15,Poland,2016,Total phosphorus,272010
2025/12/15,Poland,2017,Phenols (as total C),752854.6000000001
2025/12/15,Poland,2017,Total organic carbon(as total C or COD/3) (TOC),9382100
2025/12/15,Poland,2019,Total phosphorus,281700
2025/12/15,Poland,2019,Trichloroethylene (TRI),179.6
2025/12/15,Poland,2020,Cyanides (as total CN),80657.1
2025/12/15,Poland,2020,Phenols (as total C),791812.1
2025/12/15,Poland,2020,Total organic carbon(as total C or COD/3) (TOC),12643299
2025/12/15,Poland,2021,Chromium and compounds (as Cr),2999.7
2025/12/15,Poland,2021,Nonylphenol and Nonylphenol ethoxylates,673
2025/12/15,Poland,2022,Arsenic and compounds (as As),564048.9
2025/12/15,Poland,2022,Total phosphorus,344050
2025/12/15,Poland,2022,Trichloroethylene (TRI),22
2025/12/15,Poland,2023,Cyanides (as total CN),22015
2025/12/15,Poland,2023,Total organic carbon(as total C or COD/3) (TOC),9434700
2025/12/15,Poland,2024,Chromium and compounds (as Cr),876
2025/12/15,Poland,2024,Nonylphenol and Nonylphenol ethoxylates,686
2025/12/15,Poland,2024,Tetrachloroethylene,13400
2025/12/15,Portugal,2007,Cyanides (as total CN),536
2025/12/15,Portugal,2007,Phenols (as total C),2424.5
2025/12/15,Portugal,2009,Dichloromethane (DCM),116
2025/12/15,Portugal,2010,Cyanides (as total CN),348.5
2025/12/15,Portugal,2010,Phenols (as total C),21465.8
2025/12/15,Portugal,2011,PCDD + PCDF (dioxins + furans) (as Teq),0.000521
2025/12/15,Portugal,2011,Xylenes,2895
2025/12/15,Portugal,2013,Cyanides (as total CN),1118
2025/12/15,Portugal,2013,Phenols (as total C),37833.4
2025/12/15,Portugal,2014,Cadmium and compounds (as Cd),236.29
2025/12/15,Portugal,2014,Nonylphenol and Nonylphenol ethoxylates,4.21
2025/12/15,Portugal,2014,PCDD + PCDF (dioxins + furans) (as Teq),0.000882
2025/12/15,Portugal,2014,Xylenes,1670
2025/12/15,Portugal,2017,Cadmium and compounds (as Cd),251.54000000000002
2025/12/15,Portugal,2017,Nonylphenol and Nonylphenol ethoxylates,12.7
2025/12/15,Portugal,2018,Polycyclic aromatic hydrocarbons (PAHs),283.4
2025/12/15,Portugal,2018,Vinyl chloride,141
2025/12/15,Portugal,2019,Naphthalene,114
2025/12/15,Portugal,2020,Cadmium and compounds (as Cd),8.68
2025/12/15,Portugal,2021,Chlorides (as total Cl),6580000
2025/12/15,Portugal,2021,Polycyclic aromatic hydrocarbons (PAHs),2532.94
2025/12/15,Portugal,2021,Vinyl chloride,120
2025/12/15,Portugal,2022,Naphthalene,1490
2025/12/15,Portugal,2023,Cadmium and compounds (as Cd),73.02000000000001
2025/12/15,Portugal,2023,Nonylphenol and Nonylphenol ethoxylates,8.99
2025/12/15,Portugal,2024,Chlorides (as total Cl),9380000
2025/12/15,Portugal,2024,Polycyclic aromatic hydrocarbons (PAHs),407.12
2025/12/15,Portugal,2024,Vinyl chloride,123
2025/12/15,Romania,2007,Total phosphorus,50250
2025/12/15,Romania,2008,Total organic carbon(as total C or COD/3) (TOC),4543800
2025/12/15,Romania,2010,Total phosphorus,28000
2025/12/15,Romania,2011,Total organic carbon(as total C or COD/3) (TOC),1184000
2025/12/15,Romania,2013,Total phosphorus,20200
2025/12/15,Romania,2014,Total organic carbon(as total C or COD/3) (TOC),473000
2025/12/15,Romania,2016,Total phosphorus,20200
2025/12/15,Romania,2018,Total nitrogen,290000
2025/12/15,Romania,2020,Lead and compounds (as Pb),206.60000000000002
2025/12/15,Romania,2021,Total nitrogen,243000
2025/12/15,Romania,2023,Lead and compounds (as Pb),169.1
2025/12/15,Romania,2024,Total nitrogen,188000
2025/12/15,Slovakia,2007,Chromium and compounds (as Cr),2076
2025/12/15,Slovakia,2008,Zinc and compounds (as Zn),2150
2025/12/15,Slovakia,2010,Total organic carbon(as total C or COD/3) (TOC),4075600
2025/12/15,Slovakia,2013,Total organic carbon(as total C or COD/3) (TOC),3188300
2025/12/15,Slovakia,2014,Nickel and compounds (as Ni),20.2
2025/12/15,Slovakia,2016,Total organic carbon(as total C or COD/3) (TOC),3756600
2025/12/15,Slovakia,2017,Total nitrogen,669400
2025/12/15,Slovakia,2020,Total nitrogen,493900
2025/12/15,Slovenia,2007,Zinc and compounds (as Zn),546
2025/12/15,Slovenia,2010,Zinc and compounds (as Zn),152
2025/12/15,Slovenia,2012,Total organic carbon(as total C or COD/3) (TOC),1332000
2025/12/15,Slovenia,2015,Total organic carbon(as total C or COD/3) (TOC),1121200
2025/12/15,Slovenia,2018,Total organic carbon(as total C or COD/3) (TOC),1270328
2025/12/15,Slovenia,2019,Total nitrogen,173261
2025/12/15,Slovenia,2022,Total nitrogen,202441
2025/12/15,Spain,2007,Brominated diphenylethers (PBDE),2.32
2025/12/15,Spain,2007,Mercury and compounds (as Hg),6630.639999999999
2025/12/15,Spain,2008,Fluorides (as total F),237330
2025/12/15,Spain,2009,Nickel and compounds (as Ni),2956.4
2025/12/15,Spain,2009,Total nitrogen,1260100
2025/12/15,Spain,2010,Cadmium and compounds (as Cd),230.29999999999998
2025/12/15,Spain,2011,Fluorides (as total F),134890
2025/12/15,Spain,2012,Total nitrogen,1877300
2025/12/15,Spain,2013,Cadmium and compounds (as Cd),762.77
2025/12/15,Spain,2014,Chlorides (as total Cl),51150000
2025/12/15,Spain,2014,Fluorides (as total F),153310
2025/12/15,Spain,2014,Polycyclic aromatic hydrocarbons (PAHs),759.77
2025/12/15,Spain,2015,Organotin compounds (as total Sn),136
2025/12/15,Spain,2015,Total nitrogen,2291900
2025/12/15,Spain,2016,Cadmium and compounds (as Cd),76.67999999999999
2025/12/15,Spain,2017,Chlorides (as total Cl),60050000
2025/12/15,Spain,2017,Polycyclic aromatic hydrocarbons (PAHs),718.9300000000001
2025/12/15,Spain,2018,Total nitrogen,2799600
2025/12/15,Spain,2019,Toluene,219
2025/12/15,Spain,2020,Chlorides (as total Cl),72750000
2025/12/15,Spain,2020,Halogenated organic compounds (as AOX),12280
2025/12/15,Spain,2020,Polycyclic aromatic hydrocarbons (PAHs),138.29000000000002
2025/12/15,Spain,2022,Toluene,410
2025/12/15,Spain,2023,"Benzo(g,h,i)perylene",1.39
2025/12/15,Spain,2023,Chlorides (as total Cl),54120000
2025/12/15,Spain,2023,Chromium and compounds (as Cr),1550.4
2025/12/15,Spain,2023,Halogenated organic compounds (as AOX),15940
2025/12/15,Spain,2024,Organotin compounds (as total Sn),3161.8
2025/12/15,Spain,2024,Trichloromethane,251
2025/12/15,Sweden,2009,Mercury and compounds (as Hg),4
2025/12/15,Sweden,2012,Halogenated organic compounds (as AOX),1050
2025/12/15,Sweden,2015,Nickel and compounds (as Ni),216.4
2025/12/15,Sweden,2016,Chlorides (as total Cl),4140000
2025/12/15,Sweden,2018,Nickel and compounds (as Ni),118.3
2025/12/15,Sweden,2019,Chlorides (as total Cl),4350000
2025/12/15,Sweden,2021,Nickel and compounds (as Ni),20.9
2025/12/15,Sweden,2022,Chlorides (as total Cl),4280000
2025/12/15,Switzerland,2007,Mercury and compounds (as Hg),2
2025/12/15,Switzerland,2007,Zinc and compounds (as Zn),1991
2025/12/15,Switzerland,2008,Fluorides (as total F),103630
2025/12/15,Switzerland,2009,Nickel and compounds (as Ni),184
2025/12/15,Switzerland,2010,Diuron,56
2025/12/15,Switzerland,2010,Mercury and compounds (as Hg),4
2025/12/15,Switzerland,2011,Fluorides (as total F),82100
2025/12/15,Switzerland,2012,Ethyl benzene,211
2025/12/15,Switzerland,2012,Total nitrogen,576700
2025/12/15,Switzerland,2013,Diuron,65
2025/12/15,Switzerland,2013,Tributyltin and compounds,2.05
2025/12/15,Switzerland,2014,Fluorides (as total F),50740
2025/12/15,Switzerland,2015,Ethyl benzene,325
2025/12/15,Switzerland,2015,Total nitrogen,378300
2025/12/15,Switzerland,2016,Diuron,13
2025/12/15,Switzerland,2016,Tributyltin and compounds,1.33
2025/12/15,Switzerland,2017,Chlorides (as total Cl),41680000
2025/12/15,Switzerland,2017,Fluorides (as total F),71210
2025/12/15,Switzerland,2017,Total phosphorus,132340
2025/12/15,Switzerland,2018,Total nitrogen,620149.9
2025/12/15,Switzerland,2019,Diuron,8
2025/12/15,Switzerland,2019,Tributyltin and compounds,2.13
2025/12/15,Switzerland,2020,Chlorides (as total Cl),41314020
2025/12/15,Switzerland,2020,Halogenated organic compounds (as AOX),378935.23
2025/12/15,Switzerland,2020,Total phosphorus,139735.8
2025/12/15,Switzerland,2021,Total nitrogen,791295.8
2025/12/15,United Kingdom,2008,Tetrachloromethane (TCM),10.969999999999999
2025/12/15,United Kingdom,2008,Total organic carbon(as total C or COD/3) (TOC),233906900
2025/12/15,United Kingdom,2009,Mercury and compounds (as Hg),42.94
2025/12/15,United Kingdom,2009,Nickel and compounds (as Ni),7784003.800000001
2025/12/15,United Kingdom,2009,Tetrachloroethylene,439
2025/12/15,United Kingdom,2010,Fluorides (as total F),129020
2025/12/15,United Kingdom,2010,Isoproturon,43.31
2025/12/15,United Kingdom,2011,Total organic carbon(as total C or COD/3) (TOC),40953400
2025/12/15,United Kingdom,2012,Chlorofluorocarbons (CFCs),1e-5
2025/12/15,United Kingdom,2012,Nickel and compounds (as Ni),2417.7000000000003
2025/12/15,United Kingdom,2012,Nitrous oxide (N2O),1e-5
2025/12/15,United Kingdom,2012,Tetrachloroethylene,348
2025/12/15,United Kingdom,2013,Arsenic and compounds (as As),241.33
2025/12/15,United Kingdom,2013,Fluorides (as total F),169360
2025/12/15,United Kingdom,2013,Hexachlorobutadiene (HCBD),8.8
2025/12/15,United Kingdom,2014,Ammonia (NH3),148967.20010000002
2025/12/15,United Kingdom,2014,Particulate matter (PM10),53100000
2025/12/15,United Kingdom,2014,Pentachlorophenol (PCP),13
2025/12/15,United Kingdom,2014,Total organic carbon(as total C or COD/3) (TOC),46359500
2025/12/15,United Kingdom,2015,Nickel and compounds (as Ni),3050.1
2025/12/15,United Kingdom,2015,Tetrachloroethylene,200
2025/12/15,United Kingdom,2016,Arsenic and compounds (as As),582.02
2025/12/15,United Kingdom,2016,Diuron,38.4
2025/12/15,United Kingdom,2016,Fluorides (as total F),355570
2025/12/15,United Kingdom,2017,Lead and compounds (as Pb),919.3000000000001
2025/12/15,United Kingdom,2017,Pentachlorophenol (PCP),1.56
2025/12/15,United Kingdom,2018,Total nitrogen,5185300
2025/12/15,United Kingdom,2019,Arsenic and compounds (as As),287.18
2025/12/15,United Kingdom,2019,Diuron,74.93
2025/12/15,United Kingdom,2019,Fluorides (as total F),453190
2025/12/15,Austria,2007,Copper and compounds (as Cu),729.1
2025/12/15,Austria,2007,Zinc and compounds (as Zn),1371082
2025/12/15,Austria,2008,Chromium and compounds (as Cr),73.2
2025/12/15,Austria,2008,Halogenated organic compounds (as AOX),141170
2025/12/15,Austria,2009,Phenols (as total C),266554.7
2025/12/15,Austria,2010,Cyanides (as total CN),23400
2025/12/15,Austria,2010,PCDD + PCDF (dioxins + furans) (as Teq),0.001059
2025/12/15,Austria,2010,Zinc and compounds (as Zn),487653
2025/12/15,Austria,2011,Chromium and compounds (as Cr),65.7
2025/12/15,Austria,2011,Halogenated organic compounds (as AOX),109470
2025/12/15,Austria,2012,Phenols (as total C),224247
2025/12/15,Austria,2012,Total organic carbon(as total C or COD/3) (TOC),37898800
2025/12/15,Austria,2013,Cyanides (as total CN),9000.2
2025/12/15,Austria,2013,PCDD + PCDF (dioxins + furans) (as Teq),0.00094
2025/12/15,Austria,2013,Zinc and compounds (as Zn),481177
2025/12/15,Austria,2014,Anthracene,18.9
2025/12/15,Austria,2014,Halogenated organic compounds (as AOX),93890
2025/12/15,Austria,2014,Nickel and compounds (as Ni),316.59999999999997
2025/12/15,Austria,2015,Ethyl benzene,987
2025/12/15,Austria,2015,Phenols (as total C),225067.1
2025/12/15,Austria,2015,Total organic carbon(as total C or COD/3) (TOC),37543100
2025/12/15,Austria,2016,Cyanides (as total CN),15500
2025/12/15,Austria,2016,Nonylphenol and Nonylphenol ethoxylates,6.58
2025/12/15,Austria,2016,PCDD + PCDF (dioxins + furans) (as Teq),0.0194
2025/12/15,Austria,2017,Anthracene,4.34
2025/12/15,Austria,2017,Nickel and compounds (as Ni),513.5
2025/12/15,Austria,2018,Ethyl benzene,915
2025/12/15,Austria,2018,Total organic carbon(as total C or COD/3) (TOC),36456900
2025/12/15,Austria,2019,Cyanides (as total CN),9216.8
2025/12/15,Austria,2019,Nonylphenol and Nonylphenol ethoxylates,12.440000000000001
2025/12/15,Austria,2020,Anthracene,16.65
2025/12/15,Austria,2020,Nickel and compounds (as Ni),505.8
2025/12/15,Austria,2021,Ethyl benzene,1360
2025/12/15,Austria,2021,Fluoranthene,3.62
2025/12/15,Austria,2021,Lead and compounds (as Pb),6342.400000000001
2025/12/15,Austria,2021,Total organic carbon(as total C or COD/3) (TOC),42414000
2025/12/15,Austria,2022,Fluorides (as total F),88540
2025/12/15,Austria,2022,Nonylphenol and Nonylphenol ethoxylates,10.820000000000002
2025/12/15,Austria,2023,Anthracene,3.59
2025/12/15,Austria,2023,Arsenic and compounds (as As),13.7
2025/12/15,Austria,2023,Nickel and compounds (as Ni),737.1
2025/12/15,Austria,2024,Lead and compounds (as Pb),3717.9
2025/12/15,Belgium,2007,Anthracene,6.54
2025/12/15,Belgium,2007,Arsenic and compounds (as As),64.1
2025/12/15,Belgium,2007,Nickel and compounds (as Ni),1016.2
2025/12/15,Belgium,2008,Total organic carbon(as total C or COD/3) (TOC),6011500
2025/12/15,Belgium,2009,Trichlorobenzenes (TCB),2.83
2025/12/15,Belgium,2010,Anthracene,3.25
2025/12/15,Belgium,2010,Arsenic and compounds (as As),79.92
2025/12/15,Belgium,2010,Nickel and compounds (as Ni),669.5
2025/12/15,Belgium,2011,Lead and compounds (as Pb),41.4
2025/12/15,Belgium,2012,Fluorides (as total F),2170
2025/12/15,Belgium,2013,Anthracene,1.09
2025/12/15,Belgium,2013,Arsenic and compounds (as As),92.24
2025/12/15,Belgium,2013,Chlorides (as total Cl),4730000
2025/12/15,Belgium,2013,Nickel and compounds (as Ni),495.1
2025/12/15,Belgium,2015,Fluorides (as total F),37970
2025/12/15,Belgium,2015,Naphthalene,40.1
2025/12/15,Belgium,2016,Arsenic and compounds (as As),21.6
2025/12/15,Belgium,2016,Chlorides (as total Cl),2490000
2025/12/15,Belgium,2017,"1,2-dichloroethane (DCE-1,2)",25.2
2025/12/15,Belgium,2018,Fluorides (as total F),47340
2025/12/15,Belgium,2018,Naphthalene,2.47
2025/12/15,Belgium,2019,Chlorides (as total Cl),7210000
2025/12/15,Belgium,2023,Chromium and compounds (as Cr),112
2025/12/15,Belgium,2023,Toluene,16.9
2025/12/15,Bulgaria,2007,Total nitrogen,883000
2025/12/15,Bulgaria,2010,Total nitrogen,2769000
2025/12/15,Bulgaria,2011,Cadmium and compounds (as Cd),111
2025/12/15,Bulgaria,2013,Total nitrogen,2800900
2025/12/15,Bulgaria,2014,Cadmium and compounds (as Cd),141.6
2025/12/15,Bulgaria,2016,Copper and compounds (as Cu),56.5
2025/12/15,Bulgaria,2016,Total nitrogen,1538600
2025/12/15,Bulgaria,2020,Total phosphorus,777169
2025/12/15,Bulgaria,2022,Copper and compounds (as Cu),57
2025/12/15,Bulgaria,2023,Total phosphorus,789206
2025/12/15,Croatia,2018,Copper and compounds (as Cu),155
2025/12/15,Croatia,2019,Di-(2-ethyl hexyl) phthalate (DEHP),1.05
2025/12/15,Croatia,2021,Copper and compounds (as Cu),73.8
2025/12/15,Croatia,2022,Total phosphorus,11400
2025/12/15,Croatia,2024,Copper and compounds (as Cu),108
2025/12/15,Croatia,2024,Zinc and compounds (as Zn),275
2025/12/15,Cyprus,2012,Total phosphorus,126800
2025/12/15,Cyprus,2015,Total phosphorus,145420
2025/12/15,Cyprus,2018,Total phosphorus,91270
2025/12/15,Cyprus,2021,Total phosphorus,125500
2025/12/15,Czechia,2008,Total nitrogen,1018700
2025/12/15,Czechia,2008,Trichloromethane,93.6
2025/12/15,Czechia,2008,Xylenes,1100
2025/12/15,Czechia,2010,Fluoranthene,1
2025/12/15,Czechia,2011,Total nitrogen,664200
2025/12/15,Czechia,2014,Total nitrogen,734800
2025/12/15,Czechia,2014,Xylenes,2730
2025/12/15,Czechia,2016,Benzene,1230
2025/12/15,Czechia,2016,Fluoranthene,4.74
2025/12/15,Czechia,2017,Total nitrogen,893000
2025/12/15,Czechia,2018,Di-(2-ethyl hexyl) phthalate (DEHP),8.5107
2025/12/15,Czechia,2018,Polychlorinated biphenyls (PCBs),0.38716
2025/12/15,Czechia,2019,Benzene,350.53
2025/12/15,Czechia,2020,Copper and compounds (as Cu),3302.3239859999994
2025/12/15,Czechia,2021,Di-(2-ethyl hexyl) phthalate (DEHP),3.489
2025/12/15,Czechia,2021,Polychlorinated biphenyls (PCBs),9.999999999999999e-5
2025/12/15,Czechia,2022,Benzene,381.1705
2025/12/15,Czechia,2022,Toluene,4106.4005
2025/12/15,Denmark,2007,Phenols (as total C),400
2025/12/15,Denmark,2007,Total organic carbon(as total C or COD/3) (TOC),19942700
2025/12/15,Denmark,2008,Nonylphenol and Nonylphenol ethoxylates,14
2025/12/15,Denmark,2010,Total organic carbon(as total C or COD/3) (TOC),8703500
2025/12/15,Denmark,2013,Total organic carbon(as total C or COD/3) (TOC),11870100
2025/12/15,Denmark,2016,Total organic carbon(as total C or COD/3) (TOC),10640200
2025/12/15,Denmark,2017,Nonylphenol and Nonylphenol ethoxylates,10
2025/12/15,Denmark,2017,Total nitrogen,1072600
2025/12/15,Denmark,2019,Lead and compounds (as Pb),11.507900000000001
2025/12/15,Denmark,2020,Total nitrogen,1282838.0110000002
2025/12/15,Denmark,2021,Octylphenols and Octylphenol ethoxylates,1.44
2025/12/15,Denmark,2022,Fluorine and inorganic compounds (as HF),25.3
2025/12/15,Denmark,2022,Lead and compounds (as Pb),4.310715
2025/12/15,Denmark,2023,Total nitrogen,1031936
2025/12/15,Denmark,2024,Octylphenols and Octylphenol ethoxylates,1.44
2025/12/15,Finland,2007,Chromium and compounds (as Cr),97
2025/12/15,Finland,2007,Mercury and compounds (as Hg),26
2025/12/15,Finland,2009,PCDD + PCDF (dioxins + furans) (as Teq),0.0035
2025/12/15,Finland,2010,Chromium and compounds (as Cr),59
2025/12/15,Finland,2010,Mercury and compounds (as Hg),1.08
2025/12/15,Finland,2012,PCDD + PCDF (dioxins + furans) (as Teq),0.0046
2025/12/15,Finland,2013,Chromium and compounds (as Cr),97
2025/12/15,Finland,2013,Mercury and compounds (as Hg),2.73
2025/12/15,Finland,2015,PCDD + PCDF (dioxins + furans) (as Teq),0.0003
2025/12/15,Finland,2016,Chromium and compounds (as Cr),58.1
2025/12/15,Finland,2020,Fluoranthene,1.84
2025/12/15,Finland,2021,Total nitrogen,1045300
2025/12/15,Finland,2024,Total nitrogen,745000
2025/12/15,France,2007,Di-(2-ethyl hexyl) phthalate (DEHP),4.15
2025/12/15,France,2007,Polychlorinated biphenyls (PCBs),0.13
2025/12/15,France,2007,Total phosphorus,877810
2025/12/15,France,2008,Toluene,6695
2025/12/15,France,2009,Copper and compounds (as Cu),4864.900000000001
2025/12/15,France,2009,Zinc and compounds (as Zn),25626
2025/12/15,France,2010,Halogenated organic compounds (as AOX),48860
2025/12/15,France,2010,Polychlorinated biphenyls (PCBs),2.91
2025/12/15,France,2010,Total phosphorus,997610
2025/12/15,France,2011,Phenols (as total C),128929.8
2025/12/15,France,2011,Toluene,7854
2025/12/15,France,2012,Copper and compounds (as Cu),2817.1
2025/12/15,France,2012,PCDD + PCDF (dioxins + furans) (as Teq),0.26432
2025/12/15,France,2012,Zinc and compounds (as Zn),17135
2025/12/15,France,2013,Halogenated organic compounds (as AOX),14860
2025/12/15,France,2013,Total phosphorus,443970
2025/12/15,France,2014,Phenols (as total C),101147.09999999999
2025/12/15,France,2014,Toluene,4671
2025/12/15,France,2015,PCDD + PCDF (dioxins + furans) (as Teq),0.00015
2025/12/15,France,2015,Zinc and compounds (as Zn),7246
2025/12/15,France,2016,Halogenated organic compounds (as AOX),227550
2025/12/15,France,2016,Tetrachloromethane (TCM),1.63
2025/12/15,France,2016,Total phosphorus,519120
2025/12/15,France,2017,Phenols (as total C),65711.70000000001
2025/12/15,France,2017,Total organic carbon(as total C or COD/3) (TOC),38751500
2025/12/15,France,2018,Cyanides (as total CN),69.5
2025/12/15,France,2018,Dichloromethane (DCM),231.1
2025/12/15,France,2018,PCDD + PCDF (dioxins + furans) (as Teq),0.0965
2025/12/15,France,2018,Zinc and compounds (as Zn),4049
2025/12/15,France,2019,Nickel and compounds (as Ni),1016.700001
2025/12/15,France,2019,Tetrachloromethane (TCM),1.56
2025/12/15,France,2020,Phenols (as total C),56589.100007999994
2025/12/15,France,2020,Total organic carbon(as total C or COD/3) (TOC),47321000
2025/12/15,France,2021,Cyanides (as total CN),118
2025/12/15,France,2021,Dichloromethane (DCM),955.5
2025/12/15,France,2021,Nonylphenol and Nonylphenol ethoxylates,13.239999999999998
2025/12/15,France,2021,PCDD + PCDF (dioxins + furans) (as Teq),0.89958
2025/12/15,France,2022,Arsenic and compounds (as As),292.159997
2025/12/15,France,2022,Nickel and compounds (as Ni),1625.0999970000003
2025/12/15,France,2022,Tetrachloromethane (TCM),1.91
2025/12/15,France,2023,"1,2-dichloroethane (DCE-1,2)",130
2025/12/15,France,2023,Total organic carbon(as total C or COD/3) (TOC),2091500
2025/12/15,France,2024,Dichloromethane (DCM),321
2025/12/15,France,2024,Nonylphenol and Nonylphenol ethoxylates,7.16
2025/12/15,Germany,2007,Copper and compounds (as Cu),16110.2
2025/12/15,Germany,2007,Zinc and compounds (as Zn),196741
2025/12/15,Germany,2008,Halogenated organic compounds (as AOX),438670
2025/12/15,Germany,2008,Total phosphorus,2467580
2025/12/15,Germany,2009,Phenols (as total C),449019.30000000005
2025/12/15,Germany,2009,Toluene,36828
2025/12/15,Germany,2010,Cyanides (as total CN),28617.4
2025/12/15,Germany,2010,Zinc and compounds (as Zn),46090
2025/12/15,Germany,2011,Halogenated organic compounds (as AOX),448300
2025/12/15,Germany,2011,Tetrachloromethane (TCM),1.8
2025/12/15,Germany,2012,Cadmium and compounds (as Cd),626.25
2025/12/15,Germany,2012,Ethyl benzene,9410
2025/12/15,Germany,2012,Phenols (as total C),389942.6
2025/12/15,Germany,2012,Tetrachloroethylene,12.4
2025/12/15,Germany,2012,Total organic carbon(as total C or COD/3) (TOC),141521500
2025/12/15,Germany,2013,Cyanides (as total CN),22448.1
2025/12/15,Germany,2013,Dichloromethane (DCM),1845.3999999999999
2025/12/15,Germany,2013,Trichlorobenzenes (TCB),20.8
2025/12/15,Germany,2013,Zinc and compounds (as Zn),40192
2025/12/15,Germany,2014,Nickel and compounds (as Ni),6485.3
2025/12/15,Germany,2014,Tetrachloromethane (TCM),2.07
2025/12/15,Germany,2015,Cadmium and compounds (as Cd),1392.35
2025/12/15,Germany,2015,Ethyl benzene,1718
2025/12/15,Germany,2015,Phenols (as total C),432068.30000000005
2025/12/15,Germany,2015,Total organic carbon(as total C or COD/3) (TOC),141014100
2025/12/15,Germany,2016,Cyanides (as total CN),17954.8
2025/12/15,Germany,2016,Dichloromethane (DCM),446.6
2025/12/15,Germany,2016,Nonylphenol and Nonylphenol ethoxylates,34.53
2025/12/15,Germany,2016,Polycyclic aromatic hydrocarbons (PAHs),132.47
2025/12/15,Germany,2016,Trichlorobenzenes (TCB),51.9
2025/12/15,Germany,2017,Arsenic and compounds (as As),497.13999999999993
2025/12/15,Germany,2017,Nickel and compounds (as Ni),4294.800000000001
2025/12/15,Germany,2018,"1,2-dichloroethane (DCE-1,2)",47.9
2025/12/15,Germany,2018,Cadmium and compounds (as Cd),1342.9699999999998
2025/12/15,Germany,2018,Ethyl benzene,1377.52
2025/12/15,Germany,2018,Total organic carbon(as total C or COD/3) (TOC),171237600
2025/12/15,Germany,2019,Dichloromethane (DCM),1179.2
2025/12/15,Germany,2019,Nonylphenol and Nonylphenol ethoxylates,27.7
2025/12/15,Germany,2019,Polycyclic aromatic hydrocarbons (PAHs),83.7
2025/12/15,Germany,2019,Trichlorobenzenes (TCB),118
2025/12/15,Germany,2020,Arsenic and compounds (as As),928.38
2025/12/15,Germany,2020,Nickel and compounds (as Ni),3658.5999999999995
2025/12/15,Germany,2020,Tetrachloromethane (TCM),9.56
2025/12/15,Germany,2021,"1,2-dichloroethane (DCE-1,2)",50.5
2025/12/15,Germany,2021,Cadmium and compounds (as Cd),1420.5
2025/12/15,Germany,2021,Ethyl benzene,1542.03
2025/12/15,Germany,2021,Lead and compounds (as Pb),2229.2000000000003
2025/12/15,Germany,2021,Total organic carbon(as total C or COD/3) (TOC),159555000
2025/12/15,Germany,2022,Dichloromethane (DCM),2850.4
2025/12/15,Germany,2022,Fluorides (as total F),366060
2025/12/15,Germany,2022,Nonylphenol and Nonylphenol ethoxylates,13.4
2025/12/15,Germany,2022,Polycyclic aromatic hydrocarbons (PAHs),30.04
2025/12/15,Germany,2023,Arsenic and compounds (as As),483.88000000000005
2025/12/15,Germany,2023,Chlorides (as total Cl),463750000
2025/12/15,Germany,2023,Nickel and compounds (as Ni),3744.2
2025/12/15,Germany,2024,Lead and compounds (as Pb),2182.0999999999995
2025/12/15,Greece,2014,Nickel and compounds (as Ni),204
2025/12/15,Greece,2020,Copper and compounds (as Cu),10.5
2025/12/15,Greece,2023,Zinc and compounds (as Zn),100
2025/12/15,Hungary,2007,Total phosphorus,39220
2025/12/15,Hungary,2008,Toluene,33520
2025/12/15,Hungary,2009,Cyanides (as total CN),76
2025/12/15,Hungary,2010,Total phosphorus,17230
2025/12/15,Hungary,2011,Toluene,13500
2025/12/15,Hungary,2014,Ethyl benzene,1490
2025/12/15,Hungary,2016,Nickel and compounds (as Ni),684.9
2025/12/15,Hungary,2017,Cadmium and compounds (as Cd),30.4
2025/12/15,Hungary,2018,Cyanides (as total CN),657
2025/12/15,Hungary,2018,Polycyclic aromatic hydrocarbons (PAHs),95.5
2025/12/15,Hungary,2019,Nickel and compounds (as Ni),150.8
2025/12/15,Hungary,2019,Xylenes,458
2025/12/15,Hungary,2022,Nickel and compounds (as Ni),32.2
2025/12/15,Hungary,2022,Xylenes,280
2025/12/15,Ireland,2007,Toluene,1440
2025/12/15,Ireland,2009,Total phosphorus,50230
2025/12/15,Ireland,2010,Toluene,8850
2025/12/15,Ireland,2012,Total phosphorus,21110
2025/12/15,Ireland,2013,Mercury and compounds (as Hg),2.4
2025/12/15,Ireland,2013,Toluene,664
2025/12/15,Ireland,2018,Nickel and compounds (as Ni),20.4
2025/12/15,Ireland,2018,Xylenes,2.56
2025/12/15,Ireland,2024,Nickel and compounds (as Ni),26.55
2025/12/15,Italy,2008,Endrin,25.67
2025/12/15,Italy,2008,Fluoranthene,13.03
2025/12/15,Italy,2008,Hexabromobiphenyl,1
2025/12/15,Italy,2009,Hexachlorobutadiene (HCBD),2.2
2025/12/15,Italy,2009,Total nitrogen,2407000
2025/12/15,Italy,2009,Vinyl chloride,77.1
2025/12/15,Italy,2009,Xylenes,56928
2025/12/15,Italy,2010,Octylphenols and Octylphenol ethoxylates,213.52
2025/12/15,Italy,2010,Polychlorinated biphenyls (PCBs),4.74
2025/12/15,Italy,2011,Benzene,100153
2025/12/15,Italy,2012,Copper and compounds (as Cu),4826.9
2025/12/15,Italy,2012,Hexachlorobutadiene (HCBD),6.1000000000000005
2025/12/15,Italy,2012,Vinyl chloride,12.3
2025/12/15,Italy,2013,Di-(2-ethyl hexyl) phthalate (DEHP),5.2
2025/12/15,Italy,2013,Polychlorinated biphenyls (PCBs),0.49
2025/12/15,Italy,2014,Benzene,50792
2025/12/15,Italy,2014,Toluene,40454
2025/12/15,Italy,2015,Copper and compounds (as Cu),920.0999999999999
2025/12/15,Italy,2015,Hexachlorobutadiene (HCBD),6.9399999999999995
2025/12/15,Italy,2016,Di-(2-ethyl hexyl) phthalate (DEHP),3.54
2025/12/15,Italy,2016,Polychlorinated biphenyls (PCBs),0.346
2025/12/15,Italy,2016,Total phosphorus,241740
2025/12/15,Italy,2017,Benzene,56233
2025/12/15,Italy,2017,Toluene,56030
2025/12/15,Italy,2018,Copper and compounds (as Cu),1988.3464999999999
2025/12/15,Italy,2018,Zinc and compounds (as Zn),25520.6792
2025/12/15,Italy,2019,Aldrin,3.1155
2025/12/15,Italy,2019,Di-(2-ethyl hexyl) phthalate (DEHP),7.0274
2025/12/15,Italy,2019,Polychlorinated biphenyls (PCBs),1.3
2025/12/15,Italy,2019,Total phosphorus,247428.91040000002
2025/12/15,Italy,2020,Phenols (as total C),87660.4114
2025/12/15,Italy,2020,Toluene,36129.261
2025/12/15,Italy,2021,Copper and compounds (as Cu),901.4076000000001
2025/12/15,Italy,2021,Zinc and compounds (as Zn),10743.661499999998
2025/12/15,Italy,2022,Aldrin,3.2252
2025/12/15,Italy,2022,Pentachlorobenzene,1.5352
2025/12/15,Italy,2022,Total phosphorus,244817.1055
2025/12/15,Italy,2023,Phenols (as total C),58101.7945
2025/12/15,Italy,2023,Tetrachloroethylene,38.951499999999996
2025/12/15,Italy,2023,Toluene,11701.534999999998
2025/12/15,Lithuania,2007,Total phosphorus,13350
2025/12/15,Lithuania,2010,Total phosphorus,14730
2025/12/15,Lithuania,2019,Total nitrogen,133400
2025/12/15,Lithuania,2022,Copper and compounds (as Cu),886
2025/12/15,Lithuania,2022,Total nitrogen,166900
2025/12/15,Netherlands,2007,Trichloromethane,32
2025/12/15,Netherlands,2008,Chromium and compounds (as Cr),249.7
2025/12/15,Netherlands,2008,Mercury and compounds (as Hg),10.89
2025/12/15,Netherlands,2010,Trichloromethane,12
2025/12/15,Netherlands,2010,Xylenes,2201
2025/12/15,Netherlands,2011,Cadmium and compounds (as Cd),18.7
2025/12/15,Netherlands,2012,Fluoranthene,6
2025/12/15,Netherlands,2013,Total nitrogen,3635700
2025/12/15,Netherlands,2013,Trichloromethane,17
2025/12/15,Netherlands,2013,Xylenes,3310
2025/12/15,Netherlands,2015,Fluoranthene,2.4000000000000004
2025/12/15,Netherlands,2016,Total nitrogen,4000100
2025/12/15,Netherlands,2016,Xylenes,828
2025/12/15,Netherlands,2017,Cadmium and compounds (as Cd),5.1
2025/12/15,Netherlands,2018,Fluoranthene,1.4
2025/12/15,Netherlands,2019,Total nitrogen,3790500
2025/12/15,Netherlands,2019,Vinyl chloride,24
2025/12/15,Netherlands,2019,Xylenes,468
2025/12/15,Netherlands,2021,Benzene,671
2025/12/15,Netherlands,2021,Fluoranthene,1.6
2025/12/15,Netherlands,2022,Copper and compounds (as Cu),2267
2025/12/15,Netherlands,2022,Total nitrogen,3665600
2025/12/15,Netherlands,2022,Vinyl chloride,33
2025/12/15,Netherlands,2024,Benzene,537
2025/12/15,Poland,2007,Fluoranthene,6.79
2025/12/15,Poland,2007,Lead and compounds (as Pb),51191.1
2025/12/15,Poland,2008,Fluorides (as total F),517020
2025/12/15,Poland,2008,Naphthalene,6100
2025/12/15,Poland,2008,Vinyl chloride,42.7
2025/12/15,Poland,2009,Chlorides (as total Cl),492140000
2025/12/15,Poland,2009,Octylphenols and Octylphenol ethoxylates,1800
2025/12/15,Poland,2011,Naphthalene,17
2025/12/15,Poland,2012,Octylphenols and Octylphenol ethoxylates,9080
2025/12/15,Poland,2012,Total phosphorus,317600
2025/12/15,Poland,2015,Total phosphorus,267810
2025/12/15,Poland,2016,Mercury and compounds (as Hg),729.36
2025/12/15,Poland,2018,Total phosphorus,286260
2025/12/15,Poland,2018,Trichloromethane,772
2025/12/15,Poland,2019,Mercury and compounds (as Hg),5720.27
2025/12/15,Poland,2019,Toluene,508
2025/12/15,Poland,2021,Total phosphorus,337890
2025/12/15,Poland,2021,Trichloromethane,478
2025/12/15,Poland,2022,Mercury and compounds (as Hg),7465
2025/12/15,Poland,2024,Trichloromethane,1.31
2025/12/15,Poland,2024,Xylenes,1550
2025/12/15,Portugal,2007,Zinc and compounds (as Zn),5149
2025/12/15,Portugal,2008,Chromium and compounds (as Cr),1915.3
2025/12/15,Portugal,2009,Ethyl benzene,228
2025/12/15,Portugal,2009,Phenols (as total C),4570.4
2025/12/15,Portugal,2009,Total organic carbon(as total C or COD/3) (TOC),3200600
2025/12/15,Portugal,2010,Nonylphenol and Nonylphenol ethoxylates,196.53
2025/12/15,Portugal,2011,Anthracene,10.09
2025/12/15,Portugal,2011,Arsenic and compounds (as As),720.3900000000001
2025/12/15,Portugal,2011,Chromium and compounds (as Cr),1617.8999999999999
2025/12/15,Portugal,2012,Total organic carbon(as total C or COD/3) (TOC),6592800
2025/12/15,Portugal,2013,Dichloromethane (DCM),66.5
2025/12/15,Portugal,2013,Nonylphenol and Nonylphenol ethoxylates,36.03
2025/12/15,Portugal,2014,Arsenic and compounds (as As),623.3900000000001
2025/12/15,Portugal,2015,Lead and compounds (as Pb),1710.7
2025/12/15,Portugal,2015,Total organic carbon(as total C or COD/3) (TOC),2598200
2025/12/15,Portugal,2016,Dichloromethane (DCM),109
2025/12/15,Portugal,2016,Fluorides (as total F),29100
2025/12/15,Portugal,2016,Nonylphenol and Nonylphenol ethoxylates,9.91
2025/12/15,Portugal,2016,Total nitrogen,616300
2025/12/15,Portugal,2017,Anthracene,2.87
2025/12/15,Portugal,2017,Arsenic and compounds (as As),683.6500000000001
2025/12/15,Portugal,2017,Chlorides (as total Cl),31130000
2025/12/15,Portugal,2018,Fluoranthene,13.2
2025/12/15,Portugal,2018,Lead and compounds (as Pb),1362.3999999999999
2025/12/15,Portugal,2019,Fluorides (as total F),141340
2025/12/15,Portugal,2019,Total nitrogen,970400
2025/12/15,Portugal,2020,Arsenic and compounds (as As),66.64999999999999
2025/12/15,Portugal,2020,Chlorides (as total Cl),9051900
2025/12/15,Portugal,2021,Lead and compounds (as Pb),150.4
2025/12/15,Portugal,2022,Fluorides (as total F),119000
2025/12/15,Portugal,2022,Total nitrogen,1151000
2025/12/15,Portugal,2022,Vinyl chloride,216
2025/12/15,Portugal,2023,Chlorides (as total Cl),7820000
2025/12/15,Portugal,2024,Benzene,3770
2025/12/15,Portugal,2024,Fluoranthene,1.63
2025/12/15,Portugal,2024,Lead and compounds (as Pb),70.1
2025/12/15,Romania,2009,Total phosphorus,42700
2025/12/15,Romania,2012,Total phosphorus,50000
2025/12/15,Romania,2018,Nickel and compounds (as Ni),225.7
2025/12/15,Romania,2021,Nickel and compounds (as Ni),228.8
2025/12/15,Romania,2024,Nickel and compounds (as Ni),190.4
2025/12/15,Serbia,2013,Mercury and compounds (as Hg),5
2025/12/15,Slovakia,2008,Chromium and compounds (as Cr),1321
2025/12/15,Slovakia,2008,Mercury and compounds (as Hg),3.02
2025/12/15,Slovakia,2009,Total organic carbon(as total C or COD/3) (TOC),4327600
2025/12/15,Slovakia,2010,Dichloromethane (DCM),13.1
2025/12/15,Slovakia,2011,Chromium and compounds (as Cr),140
2025/12/15,Slovakia,2012,Total organic carbon(as total C or COD/3) (TOC),3840700
2025/12/15,Slovakia,2016,Total nitrogen,671700
2025/12/15,Slovakia,2019,Total nitrogen,505000
2025/12/15,Slovakia,2022,Total nitrogen,213000
2025/12/15,Slovenia,2007,Chromium and compounds (as Cr),338
2025/12/15,Slovenia,2007,Halogenated organic compounds (as AOX),1640
2025/12/15,Slovenia,2008,Phenols (as total C),508.6
2025/12/15,Slovenia,2008,Total organic carbon(as total C or COD/3) (TOC),2026900
2025/12/15,Slovenia,2009,Dichloromethane (DCM),133
2025/12/15,Slovenia,2011,Phenols (as total C),342
2025/12/15,Slovenia,2011,Total organic carbon(as total C or COD/3) (TOC),1491000
2025/12/15,Slovenia,2012,Dichloromethane (DCM),31
2025/12/15,Slovenia,2014,Total organic carbon(as total C or COD/3) (TOC),1257200
2025/12/15,Slovenia,2015,Dichloromethane (DCM),73
2025/12/15,Slovenia,2015,Total nitrogen,161000
2025/12/15,Slovenia,2018,Total nitrogen,191518
2025/12/15,Slovenia,2021,Total nitrogen,298251
2025/12/15,Slovenia,2024,Total nitrogen,195486
2025/12/15,Spain,2007,Arsenic and compounds (as As),245.20999999999995
2025/12/15,Spain,2007,Nickel and compounds (as Ni),7179.799999999998
2025/12/15,Spain,2008,Fluoranthene,28.43
2025/12/15,Spain,2008,Lead and compounds (as Pb),3390.5
2025/12/15,Spain,2008,Total organic carbon(as total C or COD/3) (TOC),13989000
2025/12/15,Spain,2009,Dichloromethane (DCM),33.099999999999994
2025/12/15,Spain,2009,Nonylphenol and Nonylphenol ethoxylates,51.2
2025/12/15,Spain,2010,Anthracene,60
2025/12/15,Spain,2010,Arsenic and compounds (as As),510.94
2025/12/15,Spain,2010,Chlorides (as total Cl),11320000
2025/12/15,Spain,2010,Nickel and compounds (as Ni),3213.3000000000006
2025/12/15,Spain,2011,Ethyl benzene,1120
2025/12/15,Spain,2011,Fluoranthene,61
2025/12/15,Spain,2011,Lead and compounds (as Pb),1102.6999999999998
2025/12/15,Spain,2012,Fluorides (as total F),25100
2025/12/15,Spain,2012,Naphthalene,13.1
2025/12/15,Spain,2012,Nonylphenol and Nonylphenol ethoxylates,284.5
2025/12/15,Spain,2013,Arsenic and compounds (as As),236.63000000000005
2025/12/15,Spain,2013,Chlorides (as total Cl),107720000
2025/12/15,Spain,2014,Lead and compounds (as Pb),447
2025/12/15,Spain,2015,Fluorides (as total F),35410
2025/12/15,Spain,2015,Vinyl chloride,16.3
2025/12/15,Spain,2016,Arsenic and compounds (as As),268.62
2025/12/15,Spain,2016,Chlorides (as total Cl),59730000
2025/12/15,Spain,2017,Fluoranthene,1.03
2025/12/15,Spain,2017,Lead and compounds (as Pb),497.4
2025/12/15,Spain,2018,Fluorides (as total F),45190
2025/12/15,Spain,2019,Chlorides (as total Cl),125660000
2025/12/15,Spain,2019,Organotin compounds (as total Sn),101
2025/12/15,Spain,2022,Organotin compounds (as total Sn),81.7
2025/12/15,Spain,2024,Vinyl chloride,602
2025/12/15,Sweden,2007,Zinc and compounds (as Zn),967
2025/12/15,Sweden,2008,Chromium and compounds (as Cr),75
2025/12/15,Sweden,2009,Phenols (as total C),11949.7
2025/12/15,Sweden,2009,Total organic carbon(as total C or COD/3) (TOC),6170100
2025/12/15,Sweden,2010,Cyanides (as total CN),263
2025/12/15,Sweden,2010,Zinc and compounds (as Zn),1576
2025/12/15,Sweden,2011,Chromium and compounds (as Cr),206
2025/12/15,Sweden,2011,Halogenated organic compounds (as AOX),1760
2025/12/15,Sweden,2012,Phenols (as total C),4162
2025/12/15,Sweden,2012,Total organic carbon(as total C or COD/3) (TOC),5562200
2025/12/15,Sweden,2013,Nonylphenol and Nonylphenol ethoxylates,47
2025/12/15,Sweden,2014,Chromium and compounds (as Cr),445
2025/12/15,Sweden,2014,Nickel and compounds (as Ni),311.90000000000003
2025/12/15,Sweden,2015,Phenols (as total C),11850
2025/12/15,Sweden,2015,Total organic carbon(as total C or COD/3) (TOC),5545800
2025/12/15,Sweden,2016,Nonylphenol and Nonylphenol ethoxylates,10
2025/12/15,Sweden,2017,Arsenic and compounds (as As),6.4
2025/12/15,Sweden,2017,Nickel and compounds (as Ni),149.8
2025/12/15,Sweden,2018,Total organic carbon(as total C or COD/3) (TOC),6364900
2025/12/15,Sweden,2019,Nonylphenol and Nonylphenol ethoxylates,15
2025/12/15,Sweden,2019,Total nitrogen,413600
2025/12/15,Sweden,2020,Arsenic and compounds (as As),5.1
2025/12/15,Sweden,2020,Chlorides (as total Cl),4220000
2025/12/15,Sweden,2022,Total nitrogen,347000
2025/12/15,Switzerland,2008,Total nitrogen,1046200
2025/12/15,Switzerland,2008,Xylenes,5521
2025/12/15,Switzerland,2011,Total nitrogen,766700
2025/12/15,Switzerland,2011,Xylenes,3816
2025/12/15,Switzerland,2014,Total nitrogen,716700
2025/12/15,Switzerland,2014,Xylenes,10082
2025/12/15,Switzerland,2017,Copper and compounds (as Cu),147
2025/12/15,Switzerland,2017,Total nitrogen,705700
2025/12/15,Switzerland,2019,Benzene,11
2025/12/15,Switzerland,2020,Copper and compounds (as Cu),188.82399999999998
2025/12/15,Switzerland,2021,Total phosphorus,129487.3
2025/12/15,Switzerland,2022,Toluene,6739
2025/12/15,United Kingdom,2007,Phenols (as total C),100093
2025/12/15,United Kingdom,2007,Total organic carbon(as total C or COD/3) (TOC),288306600
2025/12/15,United Kingdom,2008,Dichloromethane (DCM),3496.3
2025/12/15,United Kingdom,2008,Nonylphenol and Nonylphenol ethoxylates,2056.2599999999998
2025/12/15,United Kingdom,2008,Trichlorobenzenes (TCB),75.7
2025/12/15,United Kingdom,2009,Arsenic and compounds (as As),229.41
2025/12/15,United Kingdom,2009,Chromium and compounds (as Cr),71610.09999999999
2025/12/15,United Kingdom,2009,Tetrachloromethane (TCM),16.3
2025/12/15,United Kingdom,2010,Ethyl benzene,329
2025/12/15,United Kingdom,2010,Fluoranthene,721
2025/12/15,United Kingdom,2010,Total organic carbon(as total C or COD/3) (TOC),45747700
2025/12/15,United Kingdom,2011,Dichloromethane (DCM),661.6
2025/12/15,United Kingdom,2011,Nonylphenol and Nonylphenol ethoxylates,179.48
2025/12/15,United Kingdom,2011,Trichlorobenzenes (TCB),1.96
2025/12/15,United Kingdom,2012,Arsenic and compounds (as As),174.73000000000002
2025/12/15,United Kingdom,2012,Tetrachloromethane (TCM),6.1
2025/12/15,United Kingdom,2013,Fluoranthene,306.3
2025/12/15,United Kingdom,2013,Lead and compounds (as Pb),606.1999999999999
2025/12/15,United Kingdom,2013,Total organic carbon(as total C or COD/3) (TOC),44087300
2025/12/15,United Kingdom,2014,Dichloromethane (DCM),13778
2025/12/15,United Kingdom,2014,Fluorides (as total F),327800
2025/12/15,United Kingdom,2014,Nonylphenol and Nonylphenol ethoxylates,2.05
2025/12/15,United Kingdom,2014,Total nitrogen,7469800
2025/12/15,United Kingdom,2015,Arsenic and compounds (as As),504.40999999999997
2025/12/15,United Kingdom,2015,Chlorides (as total Cl),19220000
2025/12/15,United Kingdom,2016,Fluoranthene,2.55
2025/12/15,United Kingdom,2016,Lead and compounds (as Pb),602.3000000000001
2025/12/15,United Kingdom,2017,Fluorides (as total F),411850
2025/12/15,United Kingdom,2017,Total nitrogen,5809900
2025/12/15,United Kingdom,2017,Vinyl chloride,249
2025/12/15,United Kingdom,2018,Arsenic and compounds (as As),325.34999999999997
2025/12/15,United Kingdom,2018,Chlorides (as total Cl),20570000
2025/12/15,United Kingdom,2018,Octylphenols and Octylphenol ethoxylates,1.53
2025/12/15,United Kingdom,2019,Fluoranthene,102
2025/12/15,United Kingdom,2019,Lead and compounds (as Pb),4785.5
2025/12/15,Austria,2007,Cadmium and compounds (as Cd),14.9
2025/12/15,Austria,2007,Halogenated organic compounds (as AOX),132460
2025/12/15,Austria,2008,Polycyclic aromatic hydrocarbons (PAHs),569
2025/12/15,Austria,2008,Trichloromethane,39
2025/12/15,Austria,2009,Dichloromethane (DCM),243
2025/12/15,Austria,2009,Total nitrogen,1021300
2025/12/15,Austria,2010,Cadmium and compounds (as Cd),77.47
2025/12/15,Austria,2010,Halogenated organic compounds (as AOX),125210
2025/12/15,Austria,2010,Phenols (as total C),251635.7
2025/12/15,Austria,2011,Polycyclic aromatic hydrocarbons (PAHs),1790
2025/12/15,Austria,2011,Xylenes,2460
2025/12/15,Austria,2012,Total nitrogen,832600
2025/12/15,Austria,2013,Cadmium and compounds (as Cd),26.42
2025/12/15,Austria,2013,Phenols (as total C),268662.2
2025/12/15,Austria,2014,PCDD + PCDF (dioxins + furans) (as Teq),0.000959
2025/12/15,Austria,2014,Xylenes,5020
2025/12/15,Austria,2015,Total nitrogen,790200
2025/12/15,Austria,2016,Phenols (as total C),197683.1
2025/12/15,Austria,2016,Toluene,11400
2025/12/15,Austria,2017,PCDD + PCDF (dioxins + furans) (as Teq),0.0205
2025/12/15,Austria,2017,Xylenes,3200
2025/12/15,Austria,2019,Phenols (as total C),231392.8
2025/12/15,Austria,2019,Toluene,14600
2025/12/15,Austria,2020,Chromium and compounds (as Cr),94.4
2025/12/15,Austria,2020,Nonylphenol and Nonylphenol ethoxylates,10.1
2025/12/15,Austria,2020,PCDD + PCDF (dioxins + furans) (as Teq),0.0227
2025/12/15,Austria,2020,Xylenes,2660
2025/12/15,Austria,2022,Cyanides (as total CN),678
2025/12/15,Austria,2022,Toluene,15000
2025/12/15,Austria,2023,Chromium and compounds (as Cr),251
2025/12/15,Austria,2023,Nonylphenol and Nonylphenol ethoxylates,168.76
2025/12/15,Belgium,2007,Chlorides (as total Cl),2410000
2025/12/15,Belgium,2007,Polycyclic aromatic hydrocarbons (PAHs),141.99
2025/12/15,Belgium,2008,Dichloromethane (DCM),22.2
2025/12/15,Belgium,2009,Cyanides (as total CN),181.7
2025/12/15,Belgium,2009,Phenols (as total C),1737.2
2025/12/15,Belgium,2010,Chlorides (as total Cl),4650000
2025/12/15,Belgium,2010,Nonylphenol and Nonylphenol ethoxylates,6.4399999999999995
2025/12/15,Belgium,2015,Fluoranthene,6.73
2025/12/15,Belgium,2018,Fluoranthene,108000
2025/12/15,Belgium,2019,Total organic carbon(as total C or COD/3) (TOC),3292600
2025/12/15,Belgium,2020,"1,2-dichloroethane (DCE-1,2)",137
2025/12/15,Belgium,2021,Fluoranthene,4.73
2025/12/15,Belgium,2021,Total phosphorus,30350
2025/12/15,Belgium,2022,Total organic carbon(as total C or COD/3) (TOC),2001800
2025/12/15,Belgium,2023,"1,2-dichloroethane (DCE-1,2)",20.4
2025/12/15,Belgium,2024,Total phosphorus,37300
2025/12/15,Bulgaria,2007,Cadmium and compounds (as Cd),70.2
2025/12/15,Bulgaria,2007,Phenols (as total C),672
2025/12/15,Bulgaria,2009,Total nitrogen,1708000
2025/12/15,Bulgaria,2010,Phenols (as total C),506
2025/12/15,Bulgaria,2012,Total nitrogen,2651000
2025/12/15,Bulgaria,2013,Phenols (as total C),1565.7
2025/12/15,Bulgaria,2016,Phenols (as total C),3185
2025/12/15,Bulgaria,2019,Cyanides (as total CN),113
2025/12/15,Croatia,2023,Cadmium and compounds (as Cd),10.3
2025/12/15,Czechia,2007,Arsenic and compounds (as As),51.47
2025/12/15,Czechia,2007,Benzene,1933
2025/12/15,Czechia,2007,Mercury and compounds (as Hg),56.04
2025/12/15,Czechia,2007,Naphthalene,1460.8
2025/12/15,Czechia,2007,Zinc and compounds (as Zn),41973
2025/12/15,Czechia,2008,Copper and compounds (as Cu),3469
2025/12/15,Czechia,2008,Lead and compounds (as Pb),504
2025/12/15,Czechia,2008,Toluene,11300
2025/12/15,Czechia,2009,Chromium and compounds (as Cr),1412
2025/12/15,Czechia,2009,Di-(2-ethyl hexyl) phthalate (DEHP),2.22
2025/12/15,Czechia,2009,Tetrachloromethane (TCM),26
2025/12/15,Czechia,2010,Benzene,553
2025/12/15,Czechia,2010,Mercury and compounds (as Hg),35.47
2025/12/15,Czechia,2011,Copper and compounds (as Cu),5401.3
2025/12/15,Czechia,2011,Fluorides (as total F),24770
2025/12/15,Czechia,2011,Toluene,15366
2025/12/15,Czechia,2012,Chromium and compounds (as Cr),1623.2
2025/12/15,Czechia,2013,Benzene,6180
2025/12/15,Czechia,2014,Copper and compounds (as Cu),12343.199999999999
2025/12/15,Czechia,2014,Fluoranthene,16.4
2025/12/15,Czechia,2014,Fluorides (as total F),18850
2025/12/15,Czechia,2015,Chromium and compounds (as Cr),2758.2
2025/12/15,Czechia,2015,Di-(2-ethyl hexyl) phthalate (DEHP),15.35
2025/12/15,Czechia,2015,Ethyl benzene,1200
2025/12/15,Czechia,2016,Nickel and compounds (as Ni),6741.900000000001
2025/12/15,Czechia,2017,Copper and compounds (as Cu),6176
2025/12/15,Czechia,2017,Fluoranthene,14
2025/12/15,Czechia,2017,Fluorides (as total F),17170
2025/12/15,Czechia,2018,Ethyl benzene,678.78
2025/12/15,Czechia,2019,Nickel and compounds (as Ni),22086.364479999997
2025/12/15,Czechia,2019,Tetrachloroethylene,97.054
2025/12/15,Czechia,2020,Fluoranthene,0.0003
2025/12/15,Czechia,2020,Halogenated organic compounds (as AOX),18568.27
2025/12/15,Czechia,2020,Total phosphorus,265293.816
2025/12/15,Czechia,2022,Nickel and compounds (as Ni),11750.394741000004
2025/12/15,Czechia,2022,Tetrachloroethylene,0.011
2025/12/15,Denmark,2007,Mercury and compounds (as Hg),23.7
2025/12/15,Denmark,2007,Zinc and compounds (as Zn),186
2025/12/15,Denmark,2008,Phenols (as total C),200
2025/12/15,Denmark,2009,Polycyclic aromatic hydrocarbons (PAHs),9.33
2025/12/15,Denmark,2011,Phenols (as total C),300
2025/12/15,Denmark,2012,Polycyclic aromatic hydrocarbons (PAHs),10.8
2025/12/15,Denmark,2018,Chromium and compounds (as Cr),27.53887
2025/12/15,Denmark,2018,Nonylphenol and Nonylphenol ethoxylates,2
2025/12/15,Denmark,2020,Toluene,0
2025/12/15,Denmark,2021,Chromium and compounds (as Cr),21.854933999999997
2025/12/15,Denmark,2021,Ethyl benzene,0
2025/12/15,Denmark,2021,Nonylphenol and Nonylphenol ethoxylates,0.1
2025/12/15,Denmark,2022,Benzene,0
2025/12/15,Denmark,2024,Ethyl benzene,0
2025/12/15,Denmark,2024,Total organic carbon(as total C or COD/3) (TOC),14112143.26
2025/12/15,Finland,2007,Lead and compounds (as Pb),51.4
2025/12/15,Finland,2007,Toluene,508
2025/12/15,Finland,2008,PCDD + PCDF (dioxins + furans) (as Teq),0.0538
2025/12/15,Finland,2009,Arsenic and compounds (as As),25.4
2025/12/15,Finland,2009,Benzene,1650
2025/12/15,Finland,2009,Mercury and compounds (as Hg),11.29
2025/12/15,Finland,2009,Naphthalene,62
2025/12/15,Finland,2009,Zinc and compounds (as Zn),743
2025/12/15,Finland,2010,Copper and compounds (as Cu),175
2025/12/15,Finland,2010,Toluene,219
2025/12/15,Finland,2011,Chromium and compounds (as Cr),79.1
2025/12/15,Finland,2012,Benzene,2900
2025/12/15,Finland,2012,Mercury and compounds (as Hg),3.57
2025/12/15,Finland,2013,Copper and compounds (as Cu),195.6
2025/12/15,Finland,2013,Fluorides (as total F),164000
2025/12/15,Finland,2013,Toluene,263
2025/12/15,Finland,2014,Chromium and compounds (as Cr),75.4
2025/12/15,Finland,2014,Di-(2-ethyl hexyl) phthalate (DEHP),426.26
2025/12/15,Finland,2015,Benzene,1970
2025/12/15,Finland,2016,Copper and compounds (as Cu),470
2025/12/15,Finland,2016,Fluorides (as total F),247000
2025/12/15,Finland,2016,Toluene,449
2025/12/15,Finland,2017,Chromium and compounds (as Cr),84.9
2025/12/15,Finland,2018,Benzene,1810
2025/12/15,Finland,2019,Copper and compounds (as Cu),773.5
2025/12/15,Finland,2019,Fluorides (as total F),30600
2025/12/15,Finland,2021,Nickel and compounds (as Ni),222.2
2025/12/15,Finland,2022,Total phosphorus,151760
2025/12/15,Finland,2024,Nickel and compounds (as Ni),156.8
2025/12/15,France,2007,Copper and compounds (as Cu),2396
2025/12/15,France,2007,Fluorides (as total F),506660
2025/12/15,France,2007,Lead and compounds (as Pb),1210
2025/12/15,France,2007,Toluene,6638
2025/12/15,France,2008,Chromium and compounds (as Cr),11620.7
2025/12/15,France,2008,Di-(2-ethyl hexyl) phthalate (DEHP),2.66
2025/12/15,France,2009,Benzene,1020
2025/12/15,France,2009,Mercury and compounds (as Hg),26.669999999999998
2025/12/15,France,2010,Copper and compounds (as Cu),4809.4
2025/12/15,France,2010,Fluoranthene,8.68
2025/12/15,France,2010,Fluorides (as total F),146570
2025/12/15,France,2010,Toluene,8435
2025/12/15,France,2011,"1,2,3,4,5,6-hexachlorocyclohexane (HCH)",31
2025/12/15,France,2011,Chromium and compounds (as Cr),12872
2025/12/15,France,2012,Benzene,3230
2025/12/15,France,2013,Copper and compounds (as Cu),3018.7
2025/12/15,France,2013,Fluorides (as total F),170400
2025/12/15,France,2014,Chromium and compounds (as Cr),20296.899999999998
2025/12/15,France,2014,Di-(2-ethyl hexyl) phthalate (DEHP),37.38
2025/12/15,France,2014,Ethyl benzene,321
2025/12/15,France,2015,Nickel and compounds (as Ni),1662.6
2025/12/15,France,2018,Nickel and compounds (as Ni),1351
2025/12/15,France,2019,Halogenated organic compounds (as AOX),14010
2025/12/15,France,2019,Total phosphorus,436440
2025/12/15,France,2021,Nickel and compounds (as Ni),921.7000049999999
2025/12/15,France,2022,Halogenated organic compounds (as AOX),52400
2025/12/15,France,2022,Total phosphorus,515630
2025/12/15,France,2024,Nickel and compounds (as Ni),1007.7999920000001
2025/12/15,Germany,2007,Nonylphenol and Nonylphenol ethoxylates,656.4
2025/12/15,Germany,2009,Cyanides (as total CN),25607
2025/12/15,Germany,2009,Ethylene oxide,574
2025/12/15,Germany,2010,Nonylphenol and Nonylphenol ethoxylates,135.8
2025/12/15,Germany,2012,Cyanides (as total CN),17993
2025/12/15,Germany,2012,Ethylene oxide,90
2025/12/15,Germany,2013,"Chloro-alkanes, C10-C13",3.6
2025/12/15,Germany,2013,Nonylphenol and Nonylphenol ethoxylates,78.2
2025/12/15,Germany,2015,Cyanides (as total CN),23751.5
2025/12/15,Germany,2016,Cadmium and compounds (as Cd),1524.97
2025/12/15,Germany,2016,Total organic carbon(as total C or COD/3) (TOC),164577100
2025/12/15,Germany,2017,"1,2-dichloroethane (DCE-1,2)",10.6
2025/12/15,Germany,2019,Cadmium and compounds (as Cd),2068.1
2025/12/15,Germany,2019,Total organic carbon(as total C or COD/3) (TOC),155429700
2025/12/15,Germany,2020,"1,2-dichloroethane (DCE-1,2)",15
2025/12/15,Germany,2020,Polycyclic aromatic hydrocarbons (PAHs),168.5
2025/12/15,Germany,2021,Arsenic and compounds (as As),567.89
2025/12/15,Germany,2021,Naphthalene,4161.9
2025/12/15,Germany,2022,Cadmium and compounds (as Cd),1092.8
2025/12/15,Germany,2022,Total organic carbon(as total C or COD/3) (TOC),156871600
2025/12/15,Germany,2023,"1,2-dichloroethane (DCE-1,2)",26.8
2025/12/15,Germany,2023,PCDD + PCDF (dioxins + furans) (as Teq),0.00309
2025/12/15,Germany,2023,Polycyclic aromatic hydrocarbons (PAHs),37.94
2025/12/15,Germany,2024,Arsenic and compounds (as As),706.1800000000001
2025/12/15,Germany,2024,Naphthalene,3268
2025/12/15,Germany,2024,Zinc and compounds (as Zn),38547
2025/12/15,Greece,2013,Nickel and compounds (as Ni),235
2025/12/15,Greece,2013,Total nitrogen,584000
2025/12/15,Greece,2014,Arsenic and compounds (as As),19.5
2025/12/15,Greece,2014,Zinc and compounds (as Zn),404
2025/12/15,Greece,2016,Total nitrogen,183000
2025/12/15,Greece,2017,Arsenic and compounds (as As),68.5
2025/12/15,Greece,2019,Total nitrogen,183000
2025/12/15,Greece,2020,Arsenic and compounds (as As),19.7
2025/12/15,Greece,2021,Copper and compounds (as Cu),66.4
2025/12/15,Greece,2021,Fluorides (as total F),2300
2025/12/15,Greece,2021,Lead and compounds (as Pb),54.2
2025/12/15,Greece,2022,Total nitrogen,518000
2025/12/15,Greece,2024,Copper and compounds (as Cu),102
2025/12/15,Greece,2024,Fluorides (as total F),4140
2025/12/15,Hungary,2007,Zinc and compounds (as Zn),350
2025/12/15,Hungary,2008,Copper and compounds (as Cu),1793
2025/12/15,Hungary,2008,Lead and compounds (as Pb),105
2025/12/15,Hungary,2014,Copper and compounds (as Cu),7603.7
2025/12/15,Hungary,2020,Halogenated organic compounds (as AOX),1780
2025/12/15,Hungary,2023,Halogenated organic compounds (as AOX),1220
2025/12/15,Ireland,2007,Nickel and compounds (as Ni),20.5
2025/12/15,Ireland,2008,Arsenic and compounds (as As),20.3
2025/12/15,Ireland,2008,Mercury and compounds (as Hg),2.69
2025/12/15,Ireland,2008,Total phosphorus,37360
2025/12/15,Ireland,2008,Zinc and compounds (as Zn),300
2025/12/15,Ireland,2009,Total organic carbon(as total C or COD/3) (TOC),2757600
2025/12/15,Ireland,2011,Zinc and compounds (as Zn),154
2025/12/15,Ireland,2013,Total nitrogen,53600
2025/12/15,Ireland,2014,Mercury and compounds (as Hg),1.68
2025/12/15,Ireland,2014,Zinc and compounds (as Zn),450
2025/12/15,Ireland,2015,Copper and compounds (as Cu),189.6
2025/12/15,Ireland,2016,Total nitrogen,390700
2025/12/15,Ireland,2018,Copper and compounds (as Cu),443.58000000000004
2025/12/15,Ireland,2018,Fluorides (as total F),22141
2025/12/15,Ireland,2021,Copper and compounds (as Cu),622.081144
2025/12/15,Ireland,2021,Fluorides (as total F),26925.14
2025/12/15,Ireland,2022,Ethyl benzene,34.89
2025/12/15,Ireland,2024,Copper and compounds (as Cu),432.34000000000003
2025/12/15,Ireland,2024,Fluorides (as total F),31573.04
2025/12/15,Italy,2007,"Benzo(g,h,i)perylene",2.27
2025/12/15,Italy,2007,Chromium and compounds (as Cr),113966
2025/12/15,Italy,2007,Ethyl benzene,20083
2025/12/15,Italy,2007,Trichlorobenzenes (TCB),2.27
2025/12/15,Italy,2008,Benzene,169565
2025/12/15,Italy,2008,Isodrin,3.37
2025/12/15,Italy,2008,Pentachlorobenzene,2.17
2025/12/15,Italy,2008,Vinyl chloride,223.7
2025/12/15,Italy,2009,Copper and compounds (as Cu),9933.1
2025/12/15,Italy,2009,Fluoranthene,5.02
2025/12/15,Italy,2009,Fluorides (as total F),56060
2025/12/15,Italy,2010,Di-(2-ethyl hexyl) phthalate (DEHP),5.1
2025/12/15,Italy,2010,Ethyl benzene,9095
2025/12/15,Italy,2010,Heptachlor,3
2025/12/15,Italy,2010,Trichlorobenzenes (TCB),2.6
2025/12/15,Italy,2011,Isodrin,4.9
2025/12/15,Italy,2011,Nickel and compounds (as Ni),7250.499999999999
2025/12/15,Italy,2011,Octylphenols and Octylphenol ethoxylates,4.81
2025/12/15,Italy,2011,Tetrachloroethylene,178.7
2025/12/15,Italy,2012,Fluoranthene,12.4
2025/12/15,Italy,2012,Fluorides (as total F),191240
2025/12/15,Italy,2012,Total phosphorus,210810
2025/12/15,Italy,2013,Heptachlor,2.7
2025/12/15,Italy,2013,Trichlorobenzenes (TCB),13.54
2025/12/15,Italy,2014,Nickel and compounds (as Ni),6607.5
2025/12/15,Italy,2014,Tetrachloroethylene,62.5
2025/12/15,Italy,2015,Total phosphorus,168720
2025/12/15,Italy,2016,Asbestos,8710
2025/12/15,Italy,2016,Trichlorobenzenes (TCB),3.05
2025/12/15,Italy,2017,Isodrin,179
2025/12/15,Italy,2017,Nickel and compounds (as Ni),7461.799999999999
2025/12/15,Italy,2017,Tetrachloroethylene,225.70000000000002
2025/12/15,Italy,2018,Total phosphorus,198847.7327
2025/12/15,Italy,2019,Endrin,1.8155
2025/12/15,Italy,2019,Trichloromethane,114.9619
2025/12/15,Italy,2020,Dieldrin,1.6963
2025/12/15,Italy,2020,Endosulphan,1.6963
2025/12/15,Italy,2020,Tetrachloroethylene,16.9632
2025/12/15,Italy,2020,Total nitrogen,3181372.2
2025/12/15,Italy,2021,Hexachlorobutadiene (HCBD),22.5152
2025/12/15,Italy,2021,Lindane,1.7795
2025/12/15,Italy,2021,Total phosphorus,258955.43440000003
2025/12/15,Italy,2022,Endrin,3.4951999999999996
2025/12/15,Italy,2022,Trichloromethane,110.2507
2025/12/15,Italy,2023,Dichloromethane (DCM),545.5585
2025/12/15,Italy,2023,Dieldrin,3.4482
2025/12/15,Italy,2023,Endosulphan,1.8131
2025/12/15,Italy,2023,Total nitrogen,2359189.5
2025/12/15,Lithuania,2008,Total phosphorus,15070
2025/12/15,Lithuania,2014,Total phosphorus,89200
2025/12/15,Lithuania,2019,Chromium and compounds (as Cr),1180
2025/12/15,Lithuania,2020,Zinc and compounds (as Zn),330
2025/12/15,Lithuania,2021,Copper and compounds (as Cu),886
2025/12/15,Lithuania,2022,Di-(2-ethyl hexyl) phthalate (DEHP),3.9
2025/12/15,Netherlands,2007,"1,2-dichloroethane (DCE-1,2)",50
2025/12/15,Netherlands,2009,Total organic carbon(as total C or COD/3) (TOC),17012600
2025/12/15,Netherlands,2010,"1,2-dichloroethane (DCE-1,2)",32
2025/12/15,Netherlands,2010,Tetrachloromethane (TCM),2.4
2025/12/15,Netherlands,2011,Arsenic and compounds (as As),120.41
2025/12/15,Netherlands,2011,Naphthalene,158
2025/12/15,Netherlands,2011,Trichloroethylene (TRI),174
2025/12/15,Netherlands,2011,Zinc and compounds (as Zn),2695
2025/12/15,Netherlands,2012,Lead and compounds (as Pb),23.3
2025/12/15,Netherlands,2012,Total organic carbon(as total C or COD/3) (TOC),25877600
2025/12/15,Netherlands,2013,Tetrachloromethane (TCM),7.9
2025/12/15,Netherlands,2014,Arsenic and compounds (as As),114.55
2025/12/15,Netherlands,2014,Naphthalene,52
2025/12/15,Netherlands,2014,Trichloroethylene (TRI),39
2025/12/15,Netherlands,2014,Zinc and compounds (as Zn),2775
2025/12/15,Netherlands,2015,Lead and compounds (as Pb),21
2025/12/15,Netherlands,2015,Toluene,1609
2025/12/15,Netherlands,2017,Arsenic and compounds (as As),96.66000000000001
2025/12/15,Netherlands,2017,Benzene,1240
2025/12/15,Netherlands,2017,Naphthalene,71.6
2025/12/15,Netherlands,2017,Trichloroethylene (TRI),45
2025/12/15,Netherlands,2017,Zinc and compounds (as Zn),2720
2025/12/15,Netherlands,2018,Copper and compounds (as Cu),3488.1
2025/12/15,Netherlands,2018,Lead and compounds (as Pb),21
2025/12/15,Netherlands,2018,Toluene,154
2025/12/15,Netherlands,2019,Chromium and compounds (as Cr),384.3
2025/12/15,Netherlands,2019,Ethyl benzene,634
2025/12/15,Netherlands,2019,Tetrachloromethane (TCM),1.4
2025/12/15,Netherlands,2020,Benzene,732
2025/12/15,Netherlands,2020,Zinc and compounds (as Zn),2377
2025/12/15,Netherlands,2021,Copper and compounds (as Cu),2064.6
2025/12/15,Netherlands,2021,Fluorides (as total F),27000
2025/12/15,Netherlands,2021,Toluene,1153
2025/12/15,Netherlands,2022,"Benzo(g,h,i)perylene",1.4
2025/12/15,Netherlands,2022,Chromium and compounds (as Cr),200.4
2025/12/15,Netherlands,2022,Ethyl benzene,551.1
2025/12/15,Netherlands,2023,Benzene,420
2025/12/15,Netherlands,2023,Mercury and compounds (as Hg),1.16
2025/12/15,Netherlands,2023,Vinyl chloride,41
2025/12/15,Netherlands,2024,Copper and compounds (as Cu),1653.4
2025/12/15,Netherlands,2024,Fluorides (as total F),16490
2025/12/15,Netherlands,2024,Toluene,611.2
2025/12/15,Poland,2007,Chlorides (as total Cl),962990000
2025/12/15,Poland,2007,Polycyclic aromatic hydrocarbons (PAHs),1017.25
2025/12/15,Poland,2007,Trichloromethane,151.5
2025/12/15,Poland,2007,Xylenes,20911
2025/12/15,Poland,2008,Organotin compounds (as total Sn),134
2025/12/15,Poland,2008,Total nitrogen,1182100
2025/12/15,Poland,2008,Trichloroethylene (TRI),117.3
2025/12/15,Poland,2009,Phenols (as total C),112672
2025/12/15,Poland,2009,Toluene,1768
2025/12/15,Poland,2010,Chlorides (as total Cl),510080000
2025/12/15,Poland,2010,Polycyclic aromatic hydrocarbons (PAHs),930
2025/12/15,Poland,2011,Dichloromethane (DCM),446
2025/12/15,Poland,2011,Trichloroethylene (TRI),340.7
2025/12/15,Poland,2012,Phenols (as total C),880771.2999999999
2025/12/15,Poland,2012,Toluene,1120
2025/12/15,Poland,2013,Chlorides (as total Cl),478080000
2025/12/15,Poland,2013,Chromium and compounds (as Cr),751.2
2025/12/15,Poland,2013,Nonylphenol and Nonylphenol ethoxylates,417
2025/12/15,Poland,2013,Xylenes,289
2025/12/15,Poland,2014,Trichloroethylene (TRI),59.6
2025/12/15,Poland,2015,Cyanides (as total CN),13166
2025/12/15,Poland,2016,Chromium and compounds (as Cr),917.3
2025/12/15,Poland,2016,Nonylphenol and Nonylphenol ethoxylates,507
2025/12/15,Poland,2018,Cyanides (as total CN),59073
2025/12/15,Poland,2018,Fluoranthene,1.7
2025/12/15,Poland,2018,Toluene,481
2025/12/15,Poland,2019,Chromium and compounds (as Cr),2502.7000000000003
2025/12/15,Poland,2019,Nonylphenol and Nonylphenol ethoxylates,598
2025/12/15,Poland,2021,Cyanides (as total CN),96434
2025/12/15,Poland,2022,Chromium and compounds (as Cr),812
2025/12/15,Poland,2022,Nonylphenol and Nonylphenol ethoxylates,666
2025/12/15,Poland,2024,Fluoranthene,8.58
2025/12/15,Poland,2024,Total phosphorus,345580
2025/12/15,Portugal,2009,Cadmium and compounds (as Cd),66.6
2025/12/15,Portugal,2009,Halogenated organic compounds (as AOX),1060
2025/12/15,Portugal,2011,Naphthalene,3177
2025/12/15,Portugal,2012,Cadmium and compounds (as Cd),288.11
2025/12/15,Portugal,2012,Phenols (as total C),15034.6
2025/12/15,Portugal,2013,Chlorides (as total Cl),30350000
2025/12/15,Portugal,2013,Polycyclic aromatic hydrocarbons (PAHs),30.6
2025/12/15,Portugal,2013,Trichloromethane,52.4
2025/12/15,Portugal,2014,Dichloromethane (DCM),13.7
2025/12/15,Portugal,2015,Cadmium and compounds (as Cd),199.05
2025/12/15,Portugal,2015,Phenols (as total C),12787.1
2025/12/15,Portugal,2016,Chlorides (as total Cl),25020000
2025/12/15,Portugal,2016,PCDD + PCDF (dioxins + furans) (as Teq),0.00026
2025/12/15,Portugal,2016,Polycyclic aromatic hydrocarbons (PAHs),17.4
2025/12/15,Portugal,2016,Trichloromethane,44.5
2025/12/15,Portugal,2016,Xylenes,378
2025/12/15,Portugal,2017,Dichloromethane (DCM),110
2025/12/15,Portugal,2017,Naphthalene,91.8
2025/12/15,Portugal,2017,Trichloroethylene (TRI),82.6
2025/12/15,Portugal,2018,Phenols (as total C),24205.8
2025/12/15,Portugal,2018,Toluene,272
2025/12/15,Portugal,2019,Chlorides (as total Cl),8322000
2025/12/15,Portugal,2019,Polycyclic aromatic hydrocarbons (PAHs),13.36
2025/12/15,Portugal,2019,Xylenes,1890
2025/12/15,Portugal,2020,Benzene,1930
2025/12/15,Portugal,2020,Dichloromethane (DCM),96
2025/12/15,Portugal,2020,Naphthalene,681
2025/12/15,Portugal,2021,Phenols (as total C),45629
2025/12/15,Portugal,2021,Toluene,16100
2025/12/15,Portugal,2022,Chlorides (as total Cl),18490000
2025/12/15,Portugal,2022,Chromium and compounds (as Cr),354
2025/12/15,Portugal,2022,Nonylphenol and Nonylphenol ethoxylates,1.37
2025/12/15,Portugal,2022,Xylenes,5830
2025/12/15,Portugal,2023,Benzene,3090
2025/12/15,Portugal,2024,Toluene,2740
2025/12/15,Romania,2007,Nickel and compounds (as Ni),317.1
2025/12/15,Romania,2008,Total phosphorus,31900
2025/12/15,Romania,2008,Zinc and compounds (as Zn),4037
2025/12/15,Romania,2009,Lead and compounds (as Pb),74.5
2025/12/15,Romania,2009,Total organic carbon(as total C or COD/3) (TOC),3611800
2025/12/15,Romania,2010,Total nitrogen,454300
2025/12/15,Romania,2011,Zinc and compounds (as Zn),250
2025/12/15,Romania,2013,Total nitrogen,125000
2025/12/15,Romania,2014,Zinc and compounds (as Zn),359
2025/12/15,Romania,2015,Copper and compounds (as Cu),92.3
2025/12/15,Romania,2016,Total nitrogen,323000
2025/12/15,Romania,2018,Lead and compounds (as Pb),169.1
2025/12/15,Romania,2019,Total nitrogen,753000
2025/12/15,Serbia,2010,Chromium and compounds (as Cr),69.9
2025/12/15,Slovakia,2007,Total phosphorus,5070
2025/12/15,Slovakia,2007,Zinc and compounds (as Zn),2317
2025/12/15,Slovakia,2008,Total organic carbon(as total C or COD/3) (TOC),4230500
2025/12/15,Slovakia,2010,Total phosphorus,16770
2025/12/15,Slovakia,2010,Zinc and compounds (as Zn),519
2025/12/15,Slovakia,2011,Lead and compounds (as Pb),21.6
2025/12/15,Slovakia,2011,Total organic carbon(as total C or COD/3) (TOC),3689400
2025/12/15,Slovakia,2012,Total nitrogen,179700
2025/12/15,Slovakia,2013,Zinc and compounds (as Zn),848
2025/12/15,Slovakia,2015,Total nitrogen,688200
2025/12/15,Slovakia,2016,Zinc and compounds (as Zn),1959
2025/12/15,Slovakia,2018,Total nitrogen,451000
2025/12/15,Slovenia,2007,Total organic carbon(as total C or COD/3) (TOC),1455900
2025/12/15,Slovenia,2009,Total phosphorus,35780
2025/12/15,Slovenia,2009,Zinc and compounds (as Zn),244
2025/12/15,Slovenia,2010,Total organic carbon(as total C or COD/3) (TOC),1358600
2025/12/15,Slovenia,2012,Total phosphorus,42080
2025/12/15,Slovenia,2012,Zinc and compounds (as Zn),106
2025/12/15,Slovenia,2014,Total nitrogen,143000
2025/12/15,Slovenia,2017,Total nitrogen,175000
2025/12/15,Slovenia,2020,Total nitrogen,250580
2025/12/15,Slovenia,2022,Copper and compounds (as Cu),1.07
2025/12/15,Spain,2007,Di-(2-ethyl hexyl) phthalate (DEHP),14.379999999999999
2025/12/15,Spain,2008,Nickel and compounds (as Ni),5385.299999999999
2025/12/15,Spain,2009,Fluorides (as total F),334180
2025/12/15,Spain,2011,Nickel and compounds (as Ni),2170.4999999999995
2025/12/15,Spain,2012,Halogenated organic compounds (as AOX),138790
2025/12/15,Spain,2014,Nickel and compounds (as Ni),1215.8000000000002
2025/12/15,Spain,2015,Cadmium and compounds (as Cd),61.949999999999996
2025/12/15,Spain,2015,Halogenated organic compounds (as AOX),110470
2025/12/15,Spain,2016,Trichloromethane,179
2025/12/15,Spain,2017,Total nitrogen,2875100
2025/12/15,Spain,2018,Cadmium and compounds (as Cd),104.75
2025/12/15,Spain,2018,Halogenated organic compounds (as AOX),31170
2025/12/15,Spain,2019,Polycyclic aromatic hydrocarbons (PAHs),218.97000000000003
2025/12/15,Spain,2020,Dichloromethane (DCM),722
2025/12/15,Spain,2020,Total nitrogen,3110000
2025/12/15,Spain,2021,Cadmium and compounds (as Cd),120.66
2025/12/15,Spain,2021,Phenols (as total C),12735.5
2025/12/15,Spain,2022,"1,2-dichloroethane (DCE-1,2)",746
2025/12/15,Spain,2022,Chlorides (as total Cl),41150000
2025/12/15,Spain,2022,Polycyclic aromatic hydrocarbons (PAHs),2089.08
2025/12/15,Spain,2022,Trichloromethane,206
2025/12/15,Spain,2023,Dichloromethane (DCM),430.90000000000003
2025/12/15,Spain,2023,Organotin compounds (as total Sn),128.5
2025/12/15,Spain,2023,Total nitrogen,3183300
2025/12/15,Spain,2024,Brominated diphenylethers (PBDE),36200
2025/12/15,Spain,2024,Cadmium and compounds (as Cd),995.02
2025/12/15,Spain,2024,Phenols (as total C),4238.8
2025/12/15,Sweden,2010,Nickel and compounds (as Ni),116.3
2025/12/15,Sweden,2011,Fluorides (as total F),2450
2025/12/15,Sweden,2013,Nickel and compounds (as Ni),101
2025/12/15,Sweden,2016,Nickel and compounds (as Ni),112.8
2025/12/15,Switzerland,2007,Chromium and compounds (as Cr),346
2025/12/15,Switzerland,2007,Ethyl benzene,600
2025/12/15,Switzerland,2008,Nickel and compounds (as Ni),401
2025/12/15,Switzerland,2009,Fluorides (as total F),58940
2025/12/15,Switzerland,2011,Nickel and compounds (as Ni),195
2025/12/15,Switzerland,2011,Tributyltin and compounds,2.3
2025/12/15,Switzerland,2012,Halogenated organic compounds (as AOX),359690
2025/12/15,Switzerland,2012,Total phosphorus,98750
2025/12/15,Switzerland,2014,Nickel and compounds (as Ni),200
2025/12/15,Switzerland,2015,Halogenated organic compounds (as AOX),356610
2025/12/15,Switzerland,2015,Total phosphorus,87710
2025/12/15,Switzerland,2017,Nickel and compounds (as Ni),192
2025/12/15,Switzerland,2018,Diuron,13
2025/12/15,Switzerland,2018,Halogenated organic compounds (as AOX),409687.412
2025/12/15,Switzerland,2018,Total phosphorus,132871.5
2025/12/15,Switzerland,2020,Total nitrogen,754250.2
2025/12/15,Switzerland,2021,Halogenated organic compounds (as AOX),451183.277
2025/12/15,United Kingdom,2007,Nickel and compounds (as Ni),5568.2
2025/12/15,United Kingdom,2007,Octylphenols and Octylphenol ethoxylates,785
2025/12/15,United Kingdom,2007,Tetrachloromethane (TCM),2.44
2025/12/15,United Kingdom,2008,Arsenic and compounds (as As),213.94
2025/12/15,United Kingdom,2008,Mercury and compounds (as Hg),116.28
2025/12/15,United Kingdom,2008,Total phosphorus,978890
2025/12/15,United Kingdom,2008,Zinc and compounds (as Zn),48393
2025/12/15,United Kingdom,2009,Lead and compounds (as Pb),19501236.2
2025/12/15,United Kingdom,2009,Total organic carbon(as total C or COD/3) (TOC),340622600
2025/12/15,United Kingdom,2010,Tetrachloromethane (TCM),2.5999999999999996
2025/12/15,United Kingdom,2010,Total nitrogen,7297600
2025/12/15,United Kingdom,2010,Trifluralin,4.93
2025/12/15,United Kingdom,2011,Arsenic and compounds (as As),226.06
2025/12/15,United Kingdom,2011,Diuron,49.2
2025/12/15,United Kingdom,2011,Hexachlorobutadiene (HCBD),1.3
2025/12/15,United Kingdom,2011,Mercury and compounds (as Hg),48.72
2025/12/15,United Kingdom,2011,Zinc and compounds (as Zn),15129
2025/12/15,United Kingdom,2012,Lead and compounds (as Pb),372.00000000000006
2025/12/15,United Kingdom,2013,Tetrachloromethane (TCM),8.8
2025/12/15,United Kingdom,2013,Total nitrogen,8738300
2025/12/15,United Kingdom,2014,Arsenic and compounds (as As),492.94000000000005
2025/12/15,United Kingdom,2014,Diuron,15.690000000000001
2025/12/15,United Kingdom,2014,Mercury and compounds (as Hg),26.119999999999997
2025/12/15,United Kingdom,2014,Zinc and compounds (as Zn),14407
2025/12/15,United Kingdom,2015,Copper and compounds (as Cu),3672.8
2025/12/15,United Kingdom,2015,Lead and compounds (as Pb),640.9000000000001
2025/12/15,United Kingdom,2016,Di-(2-ethyl hexyl) phthalate (DEHP),1.14
2025/12/15,United Kingdom,2016,Total nitrogen,5642600
2025/12/15,United Kingdom,2017,Diuron,15.559999999999999
2025/12/15,United Kingdom,2017,Mercury and compounds (as Hg),10.46
2025/12/15,United Kingdom,2018,Copper and compounds (as Cu),3351
2025/12/15,United Kingdom,2018,Fluorides (as total F),467980
2025/12/15,United Kingdom,2018,Lead and compounds (as Pb),857.6999999999999
2025/12/15,United Kingdom,2019,Total nitrogen,2913900
2025/12/15,Austria,2007,Fluorides (as total F),48230
2025/12/15,Austria,2007,Phenols (as total C),265127.3
2025/12/15,Austria,2009,Nickel and compounds (as Ni),207.6
2025/12/15,Austria,2011,Nonylphenol and Nonylphenol ethoxylates,58.2
2025/12/15,Austria,2011,PCDD + PCDF (dioxins + furans) (as Teq),0.0009
2025/12/15,Austria,2011,Pentachlorophenol (PCP),7.0600000000000005
2025/12/15,Austria,2012,Nickel and compounds (as Ni),323.2
2025/12/15,Austria,2013,Fluoranthene,4.78
2025/12/15,Austria,2013,Halogenated organic compounds (as AOX),120310
2025/12/15,Austria,2014,Nonylphenol and Nonylphenol ethoxylates,32.58
2025/12/15,Austria,2015,Nickel and compounds (as Ni),421.09999999999997
2025/12/15,Austria,2016,Fluoranthene,11.979999999999999
2025/12/15,Austria,2016,Halogenated organic compounds (as AOX),116770
2025/12/15,Austria,2017,Nonylphenol and Nonylphenol ethoxylates,4.91
2025/12/15,Austria,2019,Fluoranthene,12.5
2025/12/15,Austria,2019,Halogenated organic compounds (as AOX),180370
2025/12/15,Austria,2020,Total organic carbon(as total C or COD/3) (TOC),38370700
2025/12/15,Austria,2021,Octylphenols and Octylphenol ethoxylates,2.3499999999999996
2025/12/15,Austria,2022,Fluoranthene,1.41
2025/12/15,Austria,2023,Total organic carbon(as total C or COD/3) (TOC),33803000
2025/12/15,Austria,2023,Xylenes,3580
2025/12/15,Belgium,2007,Trichloromethane,33.3
2025/12/15,Belgium,2009,Fluoranthene,23.5
2025/12/15,Belgium,2009,Halogenated organic compounds (as AOX),1150
2025/12/15,Belgium,2010,Total organic carbon(as total C or COD/3) (TOC),5829600
2025/12/15,Belgium,2011,Octylphenols and Octylphenol ethoxylates,1.49
2025/12/15,Belgium,2011,Tetrachloroethylene,11.2
2025/12/15,Belgium,2012,Anthracene,2.97
2025/12/15,Belgium,2013,Total organic carbon(as total C or COD/3) (TOC),4285900
2025/12/15,Belgium,2015,Arsenic and compounds (as As),15.1
2025/12/15,Belgium,2015,Zinc and compounds (as Zn),919
2025/12/15,Belgium,2016,Total organic carbon(as total C or COD/3) (TOC),5463600
2025/12/15,Belgium,2018,Arsenic and compounds (as As),22.66
2025/12/15,Belgium,2018,Toluene,18.2
2025/12/15,Belgium,2018,Zinc and compounds (as Zn),1107
2025/12/15,Belgium,2019,Lead and compounds (as Pb),20.9
2025/12/15,Belgium,2021,Arsenic and compounds (as As),17.92
2025/12/15,Belgium,2021,Mercury and compounds (as Hg),3.9
2025/12/15,Belgium,2021,Toluene,18.4
2025/12/15,Belgium,2021,Zinc and compounds (as Zn),649
2025/12/15,Belgium,2024,Arsenic and compounds (as As),14.740000000000002
2025/12/15,Belgium,2024,Mercury and compounds (as Hg),1.26
2025/12/15,Belgium,2024,Toluene,28.4
2025/12/15,Belgium,2024,Zinc and compounds (as Zn),181
2025/12/15,Bulgaria,2007,Cyanides (as total CN),265
2025/12/15,Bulgaria,2013,Cadmium and compounds (as Cd),5.59
2025/12/15,Bulgaria,2015,Total nitrogen,1548000
2025/12/15,Bulgaria,2016,Cadmium and compounds (as Cd),56.5
2025/12/15,Bulgaria,2018,Total nitrogen,1062826.47
2025/12/15,Bulgaria,2019,Cadmium and compounds (as Cd),49
2025/12/15,Bulgaria,2019,Phenols (as total C),3433
2025/12/15,Bulgaria,2021,Total nitrogen,193013
2025/12/15,Bulgaria,2022,Cadmium and compounds (as Cd),266
2025/12/15,Bulgaria,2022,Phenols (as total C),3552
2025/12/15,Croatia,2017,Cadmium and compounds (as Cd),5.05
2025/12/15,Croatia,2019,Zinc and compounds (as Zn),252
2025/12/15,Croatia,2020,Cadmium and compounds (as Cd),13.7
2025/12/15,Croatia,2020,Lead and compounds (as Pb),30.4
2025/12/15,Croatia,2022,Arsenic and compounds (as As),18.28
2025/12/15,Croatia,2022,Mercury and compounds (as Hg),2.46
2025/12/15,Croatia,2022,Zinc and compounds (as Zn),197
2025/12/15,Croatia,2023,Lead and compounds (as Pb),53.8
2025/12/15,Croatia,2024,Di-(2-ethyl hexyl) phthalate (DEHP),7.59
2025/12/15,Cyprus,2013,Total organic carbon(as total C or COD/3) (TOC),1823000
2025/12/15,Cyprus,2016,Total organic carbon(as total C or COD/3) (TOC),2408000
2025/12/15,Cyprus,2019,Total organic carbon(as total C or COD/3) (TOC),1469000
2025/12/15,Cyprus,2021,Zinc and compounds (as Zn),1420
2025/12/15,Cyprus,2022,Total organic carbon(as total C or COD/3) (TOC),1325300
2025/12/15,Cyprus,2023,Total nitrogen,266900
2025/12/15,Czechia,2007,Tetrachloroethylene,85
2025/12/15,Czechia,2008,Fluoranthene,1.27
2025/12/15,Czechia,2008,Hexachlorobenzene (HCB),1.2
2025/12/15,Czechia,2009,"1,2-dichloroethane (DCE-1,2)",21.3
2025/12/15,Czechia,2010,Naphthalene,2500
2025/12/15,Czechia,2010,Tetrachloroethylene,54.3
2025/12/15,Czechia,2012,"1,2-dichloroethane (DCE-1,2)",36.2
2025/12/15,Czechia,2012,Tetrachloromethane (TCM),18
2025/12/15,Czechia,2013,Naphthalene,478.9
2025/12/15,Czechia,2013,Tetrachloroethylene,17
2025/12/15,Czechia,2014,Toluene,43050
2025/12/15,Czechia,2015,Tetrachloromethane (TCM),8.53
2025/12/15,Czechia,2016,Naphthalene,17.7
2025/12/15,Czechia,2016,Total nitrogen,951600
2025/12/15,Czechia,2017,Toluene,9570
2025/12/15,Czechia,2018,"Benzo(g,h,i)perylene",3e-5
2025/12/15,Czechia,2018,Chromium and compounds (as Cr),3615.5816
2025/12/15,Czechia,2018,Tetrachloromethane (TCM),55.95
2025/12/15,Czechia,2019,Total nitrogen,881024.367
2025/12/15,Czechia,2020,Fluorides (as total F),93875.168
2025/12/15,Czechia,2020,Phenols (as total C),399740.463834
2025/12/15,Czechia,2020,Toluene,5405.011
2025/12/15,Czechia,2021,"Benzo(g,h,i)perylene",4e-5
2025/12/15,Czechia,2021,Chlorides (as total Cl),52363329.52
2025/12/15,Czechia,2021,Chromium and compounds (as Cr),24127.985282
2025/12/15,Czechia,2022,Total nitrogen,775883.178321
2025/12/15,Czechia,2022,Vinyl chloride,0.004
2025/12/15,Denmark,2015,Total organic carbon(as total C or COD/3) (TOC),11071600
2025/12/15,Denmark,2016,Octylphenols and Octylphenol ethoxylates,92.13
2025/12/15,Denmark,2018,Total organic carbon(as total C or COD/3) (TOC),10609098.620000001
2025/12/15,Denmark,2019,Octylphenols and Octylphenol ethoxylates,43.9
2025/12/15,Denmark,2021,Total organic carbon(as total C or COD/3) (TOC),11224544.98
2025/12/15,Denmark,2022,Chlorine and inorganic compounds (as HCl),16410.6
2025/12/15,Denmark,2022,Octylphenols and Octylphenol ethoxylates,0
2025/12/15,Denmark,2022,Total nitrogen,1215662.02
2025/12/15,Denmark,2023,Toluene,0
2025/12/15,Denmark,2024,Chromium and compounds (as Cr),22.928810000000002
2025/12/15,Denmark,2024,Lead and compounds (as Pb),3.6393999999999993
2025/12/15,Finland,2007,Cadmium and compounds (as Cd),25.7
2025/12/15,Finland,2007,Fluorides (as total F),49100
2025/12/15,Finland,2007,Total organic carbon(as total C or COD/3) (TOC),7328400
2025/12/15,Finland,2008,Chromium and compounds (as Cr),51
2025/12/15,Finland,2009,Nickel and compounds (as Ni),111.80000000000001
2025/12/15,Finland,2010,Fluorides (as total F),87000
2025/12/15,Finland,2010,Total organic carbon(as total C or COD/3) (TOC),10612900
2025/12/15,Finland,2010,Total phosphorus,305340
2025/12/15,Finland,2012,Arsenic and compounds (as As),164.14000000000001
2025/12/15,Finland,2012,Nickel and compounds (as Ni),98.7
2025/12/15,Finland,2012,Zinc and compounds (as Zn),101
2025/12/15,Finland,2013,Cadmium and compounds (as Cd),9.81
2025/12/15,Finland,2013,Total organic carbon(as total C or COD/3) (TOC),10929700
2025/12/15,Finland,2013,Total phosphorus,311540
2025/12/15,Finland,2014,PCDD + PCDF (dioxins + furans) (as Teq),0.001
2025/12/15,Finland,2015,Arsenic and compounds (as As),179.9
2025/12/15,Finland,2015,Nickel and compounds (as Ni),516.6999999999999
2025/12/15,Finland,2015,Zinc and compounds (as Zn),105
2025/12/15,Finland,2016,Total organic carbon(as total C or COD/3) (TOC),10959300
2025/12/15,Finland,2016,Total phosphorus,270070
2025/12/15,Finland,2017,PCDD + PCDF (dioxins + furans) (as Teq),0.002
2025/12/15,Finland,2018,Arsenic and compounds (as As),32.96
2025/12/15,Finland,2018,Mercury and compounds (as Hg),1.16
2025/12/15,Finland,2018,Nickel and compounds (as Ni),189.3
2025/12/15,Finland,2018,Zinc and compounds (as Zn),361
2025/12/15,Finland,2019,Halogenated organic compounds (as AOX),4580
2025/12/15,Finland,2019,Lead and compounds (as Pb),47.1
2025/12/15,Finland,2019,Total phosphorus,172680
2025/12/15,Finland,2020,PCDD + PCDF (dioxins + furans) (as Teq),0.00013
2025/12/15,Finland,2021,Arsenic and compounds (as As),47.129999999999995
2025/12/15,Finland,2021,Benzene,1170
2025/12/15,Finland,2021,Mercury and compounds (as Hg),1.36
2025/12/15,Finland,2021,Zinc and compounds (as Zn),805
2025/12/15,Finland,2022,Copper and compounds (as Cu),1169.2
2025/12/15,Finland,2022,Lead and compounds (as Pb),25.3
2025/12/15,Finland,2023,Di-(2-ethyl hexyl) phthalate (DEHP),1.5
2025/12/15,Finland,2023,PCDD + PCDF (dioxins + furans) (as Teq),0.000255
2025/12/15,France,2008,"1,2-dichloroethane (DCE-1,2)",2041
2025/12/15,France,2008,Tetrachloromethane (TCM),248
2025/12/15,France,2009,Naphthalene,29.1
2025/12/15,France,2009,Trichloroethylene (TRI),26
2025/12/15,France,2011,Tetrachloromethane (TCM),383
2025/12/15,France,2013,Cadmium and compounds (as Cd),5.9
2025/12/15,France,2013,Toluene,8650
2025/12/15,France,2014,Tetrachloromethane (TCM),2.37
2025/12/15,France,2015,Total nitrogen,2567100
2025/12/15,France,2016,Cadmium and compounds (as Cd),41.9
2025/12/15,France,2016,Toluene,3359
2025/12/15,France,2017,Chromium and compounds (as Cr),14471.3
2025/12/15,France,2017,Tetrachloromethane (TCM),1.52
2025/12/15,France,2018,Total nitrogen,2062500
2025/12/15,France,2019,Cadmium and compounds (as Cd),49.400002
2025/12/15,France,2019,Fluorides (as total F),29000
2025/12/15,France,2019,Phenols (as total C),76088.000003
2025/12/15,France,2019,Toluene,3292
2025/12/15,France,2020,Chlorides (as total Cl),23050000
2025/12/15,France,2020,Chromium and compounds (as Cr),16190
2025/12/15,France,2020,PCDD + PCDF (dioxins + furans) (as Teq),0.008426
2025/12/15,France,2021,Total nitrogen,3024700
2025/12/15,France,2022,Cadmium and compounds (as Cd),178.06
2025/12/15,France,2022,Fluorides (as total F),31710
2025/12/15,France,2022,Phenols (as total C),228101.600002
2025/12/15,France,2022,Toluene,3877
2025/12/15,France,2023,Chlorides (as total Cl),25100000
2025/12/15,France,2023,Chromium and compounds (as Cr),15384.699997
2025/12/15,France,2023,PCDD + PCDF (dioxins + furans) (as Teq),0.4896
2025/12/15,France,2024,Total nitrogen,4101000
2025/12/15,Germany,2007,Cadmium and compounds (as Cd),3018.8299999999995
2025/12/15,Germany,2007,Total organic carbon(as total C or COD/3) (TOC),134388000
2025/12/15,Germany,2007,Trichloromethane,27.700000000000003
2025/12/15,Germany,2007,Xylenes,10010
2025/12/15,Germany,2008,Dichloromethane (DCM),561
2025/12/15,Germany,2008,Organotin compounds (as total Sn),1630
2025/12/15,Germany,2008,Polycyclic aromatic hydrocarbons (PAHs),1239.2400000000002
2025/12/15,Germany,2009,Anthracene,1.56
2025/12/15,Germany,2009,Arsenic and compounds (as As),749.3499999999998
2025/12/15,Germany,2010,Cadmium and compounds (as Cd),397.31
2025/12/15,Germany,2010,Total organic carbon(as total C or COD/3) (TOC),130816200
2025/12/15,Germany,2010,Trichloromethane,59.5
2025/12/15,Germany,2010,Xylenes,3647
2025/12/15,Germany,2011,Dichloromethane (DCM),486.7
2025/12/15,Germany,2011,Organotin compounds (as total Sn),3121
2025/12/15,Germany,2011,PCDD + PCDF (dioxins + furans) (as Teq),0.001882
2025/12/15,Germany,2011,Polycyclic aromatic hydrocarbons (PAHs),86.2
2025/12/15,Germany,2012,Arsenic and compounds (as As),680.0799999999999
2025/12/15,Germany,2012,Zinc and compounds (as Zn),33158
2025/12/15,Germany,2013,Cadmium and compounds (as Cd),1184.28
2025/12/15,Germany,2013,Lead and compounds (as Pb),2771.2
2025/12/15,Germany,2013,Total organic carbon(as total C or COD/3) (TOC),141996400
2025/12/15,Germany,2013,Xylenes,1823
2025/12/15,Germany,2014,Dichloromethane (DCM),649.5
2025/12/15,Germany,2014,Organotin compounds (as total Sn),2738
2025/12/15,Germany,2014,PCDD + PCDF (dioxins + furans) (as Teq),0.000803
2025/12/15,Germany,2014,Polycyclic aromatic hydrocarbons (PAHs),29.63
2025/12/15,Germany,2015,Arsenic and compounds (as As),1005.44
2025/12/15,Germany,2015,Mercury and compounds (as Hg),680.98
2025/12/15,Germany,2015,Zinc and compounds (as Zn),50561
2025/12/15,Germany,2016,Lead and compounds (as Pb),3641.8999999999996
2025/12/15,Germany,2016,Xylenes,3733
2025/12/15,Germany,2017,Organotin compounds (as total Sn),6376.5
2025/12/15,Germany,2017,PCDD + PCDF (dioxins + furans) (as Teq),0.002082
2025/12/15,Germany,2017,Polycyclic aromatic hydrocarbons (PAHs),146.82999999999998
2025/12/15,Germany,2018,Arsenic and compounds (as As),531.4099999999999
2025/12/15,Germany,2018,Benzene,1913.2
2025/12/15,Germany,2018,Cyanides (as total CN),17155.3
2025/12/15,Germany,2018,Mercury and compounds (as Hg),1084.4700000000003
2025/12/15,Germany,2018,Zinc and compounds (as Zn),71228
2025/12/15,Germany,2019,Copper and compounds (as Cu),86545.4
2025/12/15,Germany,2019,Lead and compounds (as Pb),3522.9999999999995
2025/12/15,Germany,2020,Ethyl benzene,1811.66
2025/12/15,Germany,2020,PCDD + PCDF (dioxins + furans) (as Teq),0.001795333
2025/12/15,Germany,2021,Benzene,3034.2
2025/12/15,Germany,2021,Cyanides (as total CN),13857.8
2025/12/15,Germany,2021,Ethylene oxide,90
2025/12/15,Germany,2021,Mercury and compounds (as Hg),657.8299999999999
2025/12/15,Germany,2021,Zinc and compounds (as Zn),77067
2025/12/15,Germany,2022,Copper and compounds (as Cu),62417.2
2025/12/15,Germany,2022,Lead and compounds (as Pb),2332.5
2025/12/15,Germany,2023,Ethyl benzene,1178
2025/12/15,Germany,2024,Benzene,354
2025/12/15,Germany,2024,Cyanides (as total CN),19399.1
2025/12/15,Germany,2024,Ethylene oxide,90
2025/12/15,Germany,2024,Mercury and compounds (as Hg),780.25
2025/12/15,Greece,2007,Total nitrogen,111000
2025/12/15,Greece,2015,Copper and compounds (as Cu),84.2
2025/12/15,Greece,2016,Nickel and compounds (as Ni),70.4
2025/12/15,Greece,2017,Total phosphorus,16100
2025/12/15,Greece,2019,Nickel and compounds (as Ni),70.4
2025/12/15,Greece,2022,Nickel and compounds (as Ni),208.7
2025/12/15,Greece,2023,Total phosphorus,5860
2025/12/15,Hungary,2007,Cyanides (as total CN),229
2025/12/15,Hungary,2008,Total organic carbon(as total C or COD/3) (TOC),2580500
2025/12/15,Hungary,2010,Zinc and compounds (as Zn),108
2025/12/15,Hungary,2011,Total organic carbon(as total C or COD/3) (TOC),2425300
2025/12/15,Hungary,2012,Total nitrogen,285000
2025/12/15,Hungary,2013,Zinc and compounds (as Zn),130
2025/12/15,Hungary,2015,Total nitrogen,1193000
2025/12/15,Hungary,2016,Zinc and compounds (as Zn),8338
2025/12/15,Hungary,2017,Halogenated organic compounds (as AOX),34090
2025/12/15,Hungary,2017,Lead and compounds (as Pb),152
2025/12/15,Hungary,2018,Total nitrogen,658600
2025/12/15,Hungary,2019,Dichloromethane (DCM),149
2025/12/15,Hungary,2020,Copper and compounds (as Cu),100
2025/12/15,Hungary,2021,Total nitrogen,472500
2025/12/15,Hungary,2021,Xylenes,352
2025/12/15,Hungary,2022,Dichloromethane (DCM),131
2025/12/15,Ireland,2007,Total nitrogen,136700
2025/12/15,Ireland,2009,Copper and compounds (as Cu),240.7
2025/12/15,Ireland,2011,Total phosphorus,21070
2025/12/15,Ireland,2012,Copper and compounds (as Cu),138
2025/12/15,Ireland,2014,Total phosphorus,35390
2025/12/15,Ireland,2016,Nickel and compounds (as Ni),26.3
2025/12/15,Ireland,2017,Total phosphorus,49190
2025/12/15,Ireland,2019,Nickel and compounds (as Ni),22.27
2025/12/15,Ireland,2020,Total phosphorus,64716.215
2025/12/15,Italy,2007,Endrin,2.27
2025/12/15,Italy,2007,Tetrachloromethane (TCM),9.77
2025/12/15,Italy,2008,Endosulphan,22.3
2025/12/15,Italy,2008,Naphthalene,3749
2025/12/15,Italy,2008,Tetrachloroethylene,14.7
2025/12/15,Italy,2008,Total nitrogen,1721200
2025/12/15,Italy,2009,Diuron,2
2025/12/15,Italy,2009,Toluene,105209
2025/12/15,Italy,2010,"Benzo(g,h,i)perylene",3.7
2025/12/15,Italy,2010,Chromium and compounds (as Cr),141931.1
2025/12/15,Italy,2010,Endrin,5.6
2025/12/15,Italy,2011,Dieldrin,6.7
2025/12/15,Italy,2011,Naphthalene,7609
2025/12/15,Italy,2011,Pentachlorobenzene,2.5
2025/12/15,Italy,2011,Total nitrogen,3415900
2025/12/15,Italy,2011,Trichloroethylene (TRI),30.9
2025/12/15,Italy,2012,Toluene,68826
2025/12/15,Italy,2013,Chlorides (as total Cl),103990000
2025/12/15,Italy,2013,Chromium and compounds (as Cr),122563.5
2025/12/15,Italy,2013,Endrin,2.7
2025/12/15,Italy,2013,Tetrachloromethane (TCM),29.47
2025/12/15,Italy,2014,Dieldrin,1.2
2025/12/15,Italy,2014,Total nitrogen,3227700
2025/12/15,Italy,2014,Vinyl chloride,15
2025/12/15,Italy,2015,Fluorides (as total F),105180
2025/12/15,Italy,2015,Phenols (as total C),24600.199999999993
2025/12/15,Italy,2015,Toluene,28354
2025/12/15,Italy,2016,"Benzo(g,h,i)perylene",1.52
2025/12/15,Italy,2016,Chlorides (as total Cl),68480000
2025/12/15,Italy,2016,Chromium and compounds (as Cr),195585.6
2025/12/15,Italy,2017,Dieldrin,179.3
2025/12/15,Italy,2017,Total nitrogen,2621500
2025/12/15,Italy,2017,Tributyltin and compounds,12.809999999999999
2025/12/15,Italy,2018,Fluorides (as total F),94344.09469999999
2025/12/15,Italy,2018,Phenols (as total C),93165.7102
2025/12/15,Italy,2019,"Benzo(g,h,i)perylene",22.46
2025/12/15,Italy,2019,Chlorides (as total Cl),107420450.6
2025/12/15,Italy,2019,Chromium and compounds (as Cr),233186.31040000005
2025/12/15,Italy,2019,Hexabromobiphenyl,0.26
2025/12/15,Italy,2019,Trichlorobenzenes (TCB),18.1547
2025/12/15,Italy,2020,Isodrin,1.6963
2025/12/15,Italy,2020,Nickel and compounds (as Ni),5728.888699999999
2025/12/15,Italy,2020,Vinyl chloride,16.9632
2025/12/15,Italy,2021,Atrazine,1.7795
2025/12/15,Italy,2021,Fluorides (as total F),49125.0345
2025/12/15,Italy,2021,Phenols (as total C),89182.4549
2025/12/15,Italy,2022,Chlorides (as total Cl),59329489.5
2025/12/15,Italy,2022,Chlorpyrifos,1.5352
2025/12/15,Italy,2022,Heptachlor,1.5352
2025/12/15,Italy,2022,Nonylphenol and Nonylphenol ethoxylates,8.686
2025/12/15,Italy,2022,Trichlorobenzenes (TCB),17.8522
2025/12/15,Italy,2023,Isodrin,3.4482
2025/12/15,Italy,2023,Nickel and compounds (as Ni),4147.2171
2025/12/15,Italy,2023,Vinyl chloride,18.1311
2025/12/15,Lithuania,2016,Chromium and compounds (as Cr),656
2025/12/15,Luxembourg,2007,Copper and compounds (as Cu),80.8
2025/12/15,Netherlands,2007,Chromium and compounds (as Cr),281.6
2025/12/15,Netherlands,2008,Trichloroethylene (TRI),220
2025/12/15,Netherlands,2009,Fluorides (as total F),24180
2025/12/15,Netherlands,2009,Toluene,2471
2025/12/15,Netherlands,2010,Chromium and compounds (as Cr),386.9
2025/12/15,Netherlands,2011,Vinyl chloride,53
2025/12/15,Netherlands,2012,Fluorides (as total F),26850
2025/12/15,Netherlands,2012,Toluene,1911
2025/12/15,Netherlands,2013,Chromium and compounds (as Cr),97.4
2025/12/15,Netherlands,2014,Vinyl chloride,62
2025/12/15,Netherlands,2015,Fluorides (as total F),10200
2025/12/15,Netherlands,2015,Total organic carbon(as total C or COD/3) (TOC),27519100
2025/12/15,Netherlands,2016,Chromium and compounds (as Cr),438.5
2025/12/15,Netherlands,2017,Nickel and compounds (as Ni),577.4
2025/12/15,Netherlands,2017,Vinyl chloride,104
2025/12/15,Netherlands,2018,Fluorides (as total F),16700
2025/12/15,Netherlands,2018,Total organic carbon(as total C or COD/3) (TOC),27113600
2025/12/15,Netherlands,2018,Total phosphorus,1170700
2025/12/15,Netherlands,2020,Arsenic and compounds (as As),118.19999999999999
2025/12/15,Netherlands,2020,Nickel and compounds (as Ni),477.99999999999994
2025/12/15,Netherlands,2020,Vinyl chloride,50
2025/12/15,Netherlands,2021,Halogenated organic compounds (as AOX),33000
2025/12/15,Netherlands,2021,Total organic carbon(as total C or COD/3) (TOC),24688400
2025/12/15,Netherlands,2021,Total phosphorus,1211580
2025/12/15,Netherlands,2023,Anthracene,1.5
2025/12/15,Netherlands,2023,Arsenic and compounds (as As),158.79999999999995
2025/12/15,Netherlands,2023,Nickel and compounds (as Ni),495.4000000000001
2025/12/15,Netherlands,2023,Zinc and compounds (as Zn),14710
2025/12/15,Netherlands,2024,Cadmium and compounds (as Cd),10.1
2025/12/15,Netherlands,2024,Halogenated organic compounds (as AOX),42700
2025/12/15,Netherlands,2024,Total organic carbon(as total C or COD/3) (TOC),22532600
2025/12/15,Netherlands,2024,Total phosphorus,1019660
2025/12/15,Poland,2007,Nonylphenol and Nonylphenol ethoxylates,158
2025/12/15,Poland,2008,Nickel and compounds (as Ni),19004.9
2025/12/15,Poland,2009,Halogenated organic compounds (as AOX),241900
2025/12/15,Poland,2010,"1,2-dichloroethane (DCE-1,2)",364
2025/12/15,Poland,2010,Nonylphenol and Nonylphenol ethoxylates,102
2025/12/15,Poland,2010,Trichloromethane,2683
2025/12/15,Poland,2012,Halogenated organic compounds (as AOX),469500
2025/12/15,Poland,2013,"1,2-dichloroethane (DCE-1,2)",66.6
2025/12/15,Poland,2013,Total organic carbon(as total C or COD/3) (TOC),12425800
2025/12/15,Poland,2013,Trichloromethane,631.8
2025/12/15,Poland,2016,"1,2-dichloroethane (DCE-1,2)",97.6
2025/12/15,Poland,2016,Total organic carbon(as total C or COD/3) (TOC),8734000
2025/12/15,Poland,2016,Trichloromethane,430.70000000000005
2025/12/15,Poland,2017,Trichloroethylene (TRI),10.6
2025/12/15,Poland,2018,Anthracene,1.5
2025/12/15,Poland,2018,Arsenic and compounds (as As),444604.12999999995
2025/12/15,Poland,2019,Total organic carbon(as total C or COD/3) (TOC),8496200
2025/12/15,Poland,2019,Trichloromethane,370.9
2025/12/15,Poland,2019,Xylenes,758
2025/12/15,Poland,2020,Trichloroethylene (TRI),10
2025/12/15,Poland,2021,Arsenic and compounds (as As),563034.7
2025/12/15,Poland,2021,Zinc and compounds (as Zn),75154
2025/12/15,Poland,2022,Lead and compounds (as Pb),23929.6
2025/12/15,Poland,2022,Total organic carbon(as total C or COD/3) (TOC),11988700
2025/12/15,Poland,2022,Xylenes,226
2025/12/15,Poland,2024,Arsenic and compounds (as As),649128.6900000001
2025/12/15,Poland,2024,Cyanides (as total CN),21970
2025/12/15,Poland,2024,Mercury and compounds (as Hg),9445.69
2025/12/15,Poland,2024,Zinc and compounds (as Zn),92972
2025/12/15,Portugal,2007,Di-(2-ethyl hexyl) phthalate (DEHP),4.16
2025/12/15,Portugal,2008,Dichloromethane (DCM),34.8
2025/12/15,Portugal,2009,Copper and compounds (as Cu),359
2025/12/15,Portugal,2009,Toluene,1453
2025/12/15,Portugal,2010,Chromium and compounds (as Cr),1458.4
2025/12/15,Portugal,2013,Chromium and compounds (as Cr),2588
2025/12/15,Portugal,2014,Vinyl chloride,158
2025/12/15,Portugal,2015,Toluene,1010
2025/12/15,Portugal,2016,Chromium and compounds (as Cr),1277
2025/12/15,Portugal,2017,Vinyl chloride,98.6
2025/12/15,Portugal,2018,Cadmium and compounds (as Cd),172.23000000000002
2025/12/15,Portugal,2019,Chromium and compounds (as Cr),1077.8
2025/12/15,Portugal,2020,Nickel and compounds (as Ni),791.2
2025/12/15,Portugal,2021,Cadmium and compounds (as Cd),80.25000000000001
2025/12/15,Portugal,2021,Total phosphorus,65820
2025/12/15,Portugal,2022,Polycyclic aromatic hydrocarbons (PAHs),1987.3
2025/12/15,Portugal,2023,Nickel and compounds (as Ni),11426
2025/12/15,Portugal,2023,Vinyl chloride,107
2025/12/15,Portugal,2024,Cadmium and compounds (as Cd),5.59
2025/12/15,Portugal,2024,Phenols (as total C),36227.399999999994
2025/12/15,Portugal,2024,Total phosphorus,30050
2025/12/15,Romania,2007,Total nitrogen,180000
2025/12/15,Romania,2009,Copper and compounds (as Cu),99
2025/12/15,Romania,2010,Nickel and compounds (as Ni),65.5
2025/12/15,Romania,2011,Total phosphorus,29150
2025/12/15,Romania,2012,Copper and compounds (as Cu),98
2025/12/15,Romania,2013,Nickel and compounds (as Ni),192.7
2025/12/15,Romania,2014,Total phosphorus,44300
2025/12/15,Romania,2016,Nickel and compounds (as Ni),230
2025/12/15,Romania,2017,Total phosphorus,33990
2025/12/15,Romania,2019,Nickel and compounds (as Ni),145.8
2025/12/15,Romania,2020,Total phosphorus,82600
2025/12/15,Romania,2024,Cadmium and compounds (as Cd),6.08
2025/12/15,Serbia,2012,Mercury and compounds (as Hg),4
2025/12/15,Slovakia,2014,Total organic carbon(as total C or COD/3) (TOC),2704100
2025/12/15,Slovakia,2017,Total organic carbon(as total C or COD/3) (TOC),3502000
2025/12/15,Slovakia,2019,Zinc and compounds (as Zn),1590
2025/12/15,Slovakia,2020,Total organic carbon(as total C or COD/3) (TOC),2981000
2025/12/15,Slovakia,2021,Total nitrogen,297200
2025/12/15,Slovenia,2013,Total organic carbon(as total C or COD/3) (TOC),1167900
2025/12/15,Slovenia,2016,Total organic carbon(as total C or COD/3) (TOC),1091500
2025/12/15,Slovenia,2019,Total organic carbon(as total C or COD/3) (TOC),1573376
2025/12/15,Slovenia,2021,Zinc and compounds (as Zn),0.26
2025/12/15,Slovenia,2022,Total organic carbon(as total C or COD/3) (TOC),1059592
2025/12/15,Slovenia,2023,Total nitrogen,306954
2025/12/15,Slovenia,2024,Zinc and compounds (as Zn),1.28
2025/12/15,Spain,2007,"1,2-dichloroethane (DCE-1,2)",134
2025/12/15,Spain,2007,Trichloromethane,86.5
2025/12/15,Spain,2008,Arsenic and compounds (as As),776.31
2025/12/15,Spain,2008,Dichloromethane (DCM),174.3
2025/12/15,Spain,2008,Mercury and compounds (as Hg),102.88000000000001
2025/12/15,Spain,2008,Zinc and compounds (as Zn),27648
2025/12/15,Spain,2009,Copper and compounds (as Cu),10350.5
2025/12/15,Spain,2009,Halogenated organic compounds (as AOX),103540
2025/12/15,Spain,2009,Hexabromobiphenyl,0.31
2025/12/15,Spain,2009,Lead and compounds (as Pb),855.2
2025/12/15,Spain,2010,"1,2-dichloroethane (DCE-1,2)",27.5
2025/12/15,Spain,2010,Trichloromethane,13.1
2025/12/15,Spain,2011,Dichloromethane (DCM),89.89999999999999
2025/12/15,Spain,2011,Mercury and compounds (as Hg),22.340000000000003
2025/12/15,Spain,2011,Organotin compounds (as total Sn),55
2025/12/15,Spain,2012,Copper and compounds (as Cu),1211.4
2025/12/15,Spain,2013,Chlordane,1.92
2025/12/15,Spain,2013,Di-(2-ethyl hexyl) phthalate (DEHP),54.22
2025/12/15,Spain,2014,Dichloromethane (DCM),28.5
2025/12/15,Spain,2014,Organotin compounds (as total Sn),1569
2025/12/15,Spain,2015,Copper and compounds (as Cu),690.9000000000001
2025/12/15,Spain,2016,Di-(2-ethyl hexyl) phthalate (DEHP),14.850000000000001
2025/12/15,Spain,2018,Copper and compounds (as Cu),668.9
2025/12/15,Spain,2019,Chromium and compounds (as Cr),1607.8
2025/12/15,Spain,2021,Cyanides (as total CN),9246
2025/12/15,Spain,2021,Toluene,1220
2025/12/15,Spain,2022,"Benzo(g,h,i)perylene",1.22
2025/12/15,Spain,2022,Chromium and compounds (as Cr),1128.9
2025/12/15,Spain,2023,Vinyl chloride,447
2025/12/15,Spain,2024,Cyanides (as total CN),724.3
2025/12/15,Spain,2024,Toluene,255
2025/12/15,Sweden,2012,Chlorides (as total Cl),9990000
2025/12/15,Sweden,2014,Phenols (as total C),16460
2025/12/15,Sweden,2015,Chlorides (as total Cl),4280000
2025/12/15,Sweden,2017,Fluorides (as total F),2160
2025/12/15,Sweden,2017,Phenols (as total C),28737
2025/12/15,Sweden,2018,Chlorides (as total Cl),4110000
2025/12/15,Sweden,2019,Nickel and compounds (as Ni),46.5
2025/12/15,Sweden,2020,Phenols (as total C),13000
2025/12/15,Sweden,2021,Chlorides (as total Cl),4220000
2025/12/15,Sweden,2021,Nonylphenol and Nonylphenol ethoxylates,8.9
2025/12/15,Sweden,2022,Nickel and compounds (as Ni),28.5
2025/12/15,Switzerland,2008,Mercury and compounds (as Hg),6
2025/12/15,Switzerland,2008,Zinc and compounds (as Zn),1878
2025/12/15,Switzerland,2009,Copper and compounds (as Cu),1439
2025/12/15,Switzerland,2009,Halogenated organic compounds (as AOX),205970
2025/12/15,Switzerland,2009,Lead and compounds (as Pb),94
2025/12/15,Switzerland,2009,Total phosphorus,99910
2025/12/15,Switzerland,2011,Dichloromethane (DCM),2034
2025/12/15,Switzerland,2011,Mercury and compounds (as Hg),1
2025/12/15,Switzerland,2011,Zinc and compounds (as Zn),1517
2025/12/15,Switzerland,2012,Copper and compounds (as Cu),694
2025/12/15,Switzerland,2012,Lead and compounds (as Pb),125
2025/12/15,Switzerland,2013,Ethyl benzene,205
2025/12/15,Switzerland,2013,Xylenes,20655
2025/12/15,Switzerland,2014,Dichloromethane (DCM),911.4
2025/12/15,Switzerland,2015,Copper and compounds (as Cu),169
2025/12/15,Switzerland,2016,Ethyl benzene,697
2025/12/15,Switzerland,2016,Xylenes,8040
2025/12/15,Switzerland,2017,Dichloromethane (DCM),345
2025/12/15,Switzerland,2018,Copper and compounds (as Cu),228.84199999999998
2025/12/15,Switzerland,2019,Ethyl benzene,91
2025/12/15,Switzerland,2019,Xylenes,2396
2025/12/15,Switzerland,2020,Dichloromethane (DCM),743
2025/12/15,Switzerland,2021,Cyanides (as total CN),6.811
2025/12/15,Switzerland,2022,Xylenes,4860
2025/12/15,United Kingdom,2007,Benzene,23855
2025/12/15,United Kingdom,2008,Fluoranthene,8.96
2025/12/15,United Kingdom,2009,Chlorfenvinphos,1.25
2025/12/15,United Kingdom,2009,Fluorides (as total F),77890
2025/12/15,United Kingdom,2010,Octylphenols and Octylphenol ethoxylates,3.34
2025/12/15,United Kingdom,2010,Pentachlorophenol (PCP),2.53
2025/12/15,United Kingdom,2010,Tetrachloroethylene,427
2025/12/15,United Kingdom,2010,Trichlorobenzenes (TCB),10.5
2025/12/15,United Kingdom,2011,Cyanides (as total CN),46861
2025/12/15,United Kingdom,2011,Fluoranthene,32
2025/12/15,United Kingdom,2012,"1,1,2,2-tetrachloroethane (TETRACHLOROETHANE-1,1,2,2)",1e-5
2025/12/15,United Kingdom,2012,Carbon dioxide (CO2),1e-5
2025/12/15,United Kingdom,2012,Fluorides (as total F),150020
2025/12/15,United Kingdom,2012,Total organic carbon(as total C or COD/3) (TOC),42003400
2025/12/15,United Kingdom,2013,Pentachlorophenol (PCP),350
2025/12/15,United Kingdom,2013,Tetrachloroethylene,362
2025/12/15,United Kingdom,2014,Cyanides (as total CN),15398
2025/12/15,United Kingdom,2015,Fluorides (as total F),326670
2025/12/15,United Kingdom,2015,Total organic carbon(as total C or COD/3) (TOC),37812400
2025/12/15,United Kingdom,2016,Octylphenols and Octylphenol ethoxylates,4.29
2025/12/15,United Kingdom,2016,Pentachlorophenol (PCP),2.55
2025/12/15,United Kingdom,2016,Tetrachloroethylene,174
2025/12/15,United Kingdom,2017,Arsenic and compounds (as As),441.3900000000001
2025/12/15,United Kingdom,2017,Cyanides (as total CN),1260.5
2025/12/15,United Kingdom,2017,Zinc and compounds (as Zn),10323
2025/12/15,United Kingdom,2018,Halogenated organic compounds (as AOX),9770
2025/12/15,United Kingdom,2018,Total organic carbon(as total C or COD/3) (TOC),31957500
2025/12/15,United Kingdom,2019,Octylphenols and Octylphenol ethoxylates,1.35
2025/12/15,United Kingdom,2019,Pentachlorophenol (PCP),103.18
2025/12/15,United Kingdom,2019,Tetrachloroethylene,236
2025/12/15,Austria,2007,Arsenic and compounds (as As),6.2
2025/12/15,Austria,2008,"1,2-dichloroethane (DCE-1,2)",446
2025/12/15,Austria,2008,Lead and compounds (as Pb),335307.8
2025/12/15,Austria,2008,Xylenes,2570
2025/12/15,Austria,2010,Arsenic and compounds (as As),12.899999999999999
2025/12/15,Austria,2010,Benzene,32900
2025/12/15,Austria,2010,"Chloro-alkanes, C10-C13",66.14999999999999
2025/12/15,Austria,2011,Lead and compounds (as Pb),218202.10000000003
2025/12/15,Austria,2012,Di-(2-ethyl hexyl) phthalate (DEHP),46.690000000000005
2025/12/15,Austria,2013,Arsenic and compounds (as As),30.63
2025/12/15,Austria,2013,Benzene,17000
2025/12/15,Austria,2014,Copper and compounds (as Cu),532
2025/12/15,Austria,2014,Lead and compounds (as Pb),174073.7
2025/12/15,Austria,2015,Di-(2-ethyl hexyl) phthalate (DEHP),51.64
2025/12/15,Austria,2015,Naphthalene,701.6
2025/12/15,Austria,2016,Benzene,49300
2025/12/15,Austria,2017,Copper and compounds (as Cu),561
2025/12/15,Austria,2018,Di-(2-ethyl hexyl) phthalate (DEHP),54.89
2025/12/15,Austria,2018,Naphthalene,1327.4
2025/12/15,Austria,2019,Benzene,50100
2025/12/15,Austria,2019,Total phosphorus,203600
2025/12/15,Austria,2020,"Benzo(g,h,i)perylene",37.04
2025/12/15,Austria,2020,Copper and compounds (as Cu),551
2025/12/15,Austria,2021,Di-(2-ethyl hexyl) phthalate (DEHP),60
2025/12/15,Austria,2022,Phenols (as total C),210076.8
2025/12/15,Austria,2022,Total phosphorus,224600
2025/12/15,Belgium,2009,Total phosphorus,58520
2025/12/15,Belgium,2010,Chromium and compounds (as Cr),121.9
2025/12/15,Belgium,2010,Copper and compounds (as Cu),77.2
2025/12/15,Belgium,2011,Di-(2-ethyl hexyl) phthalate (DEHP),499.85
2025/12/15,Belgium,2012,Phenols (as total C),2867.2000000000003
2025/12/15,Belgium,2012,Total phosphorus,67490
2025/12/15,Belgium,2013,Chromium and compounds (as Cr),168.2
2025/12/15,Belgium,2015,Phenols (as total C),452.4
2025/12/15,Belgium,2015,Total phosphorus,116530
2025/12/15,Belgium,2016,"Benzo(g,h,i)perylene",1.8
2025/12/15,Belgium,2016,Chromium and compounds (as Cr),214.8
2025/12/15,Belgium,2018,Phenols (as total C),1002.3
2025/12/15,Belgium,2018,Total phosphorus,231400
2025/12/15,Belgium,2019,Nonylphenol and Nonylphenol ethoxylates,2.16
2025/12/15,Belgium,2020,Nickel and compounds (as Ni),935.6999999999999
2025/12/15,Belgium,2021,Phenols (as total C),731.6999999999999
2025/12/15,Belgium,2021,Total nitrogen,1308100
2025/12/15,Belgium,2022,Cadmium and compounds (as Cd),10.5
2025/12/15,Belgium,2023,Ethylene oxide,29.8
2025/12/15,Belgium,2023,Nickel and compounds (as Ni),24.3
2025/12/15,Belgium,2024,Total nitrogen,1311600
2025/12/15,Bulgaria,2007,Total phosphorus,171480
2025/12/15,Bulgaria,2009,Chromium and compounds (as Cr),473
2025/12/15,Bulgaria,2009,Zinc and compounds (as Zn),19437
2025/12/15,Bulgaria,2010,Total phosphorus,339920
2025/12/15,Bulgaria,2012,Chromium and compounds (as Cr),1990.6
2025/12/15,Bulgaria,2012,Zinc and compounds (as Zn),19651
2025/12/15,Bulgaria,2013,Total phosphorus,172870
2025/12/15,Bulgaria,2015,Chromium and compounds (as Cr),94.8
2025/12/15,Bulgaria,2015,Zinc and compounds (as Zn),8444
2025/12/15,Bulgaria,2017,Total organic carbon(as total C or COD/3) (TOC),1156200
2025/12/15,Bulgaria,2018,Chromium and compounds (as Cr),132.796
2025/12/15,Bulgaria,2018,Mercury and compounds (as Hg),11.67
2025/12/15,Bulgaria,2018,Zinc and compounds (as Zn),4759.814
2025/12/15,Bulgaria,2019,Nickel and compounds (as Ni),270
2025/12/15,Bulgaria,2020,Total organic carbon(as total C or COD/3) (TOC),1376675
2025/12/15,Bulgaria,2022,Arsenic and compounds (as As),6
2025/12/15,Bulgaria,2022,Nickel and compounds (as Ni),42
2025/12/15,Bulgaria,2023,Total organic carbon(as total C or COD/3) (TOC),892780
2025/12/15,Croatia,2016,Phenols (as total C),2065.4
2025/12/15,Croatia,2019,Phenols (as total C),220.3
2025/12/15,Croatia,2021,Nickel and compounds (as Ni),27
2025/12/15,Croatia,2022,Phenols (as total C),129.39999999999998
2025/12/15,Croatia,2024,Nickel and compounds (as Ni),69.4
2025/12/15,Cyprus,2011,Nickel and compounds (as Ni),31
2025/12/15,Czechia,2008,Fluorides (as total F),15670
2025/12/15,Czechia,2008,Total phosphorus,124590
2025/12/15,Czechia,2010,Zinc and compounds (as Zn),49276
2025/12/15,Czechia,2011,Halogenated organic compounds (as AOX),23290
2025/12/15,Czechia,2011,Total phosphorus,115030
2025/12/15,Czechia,2013,Mercury and compounds (as Hg),16.009999999999998
2025/12/15,Czechia,2013,Zinc and compounds (as Zn),49195
2025/12/15,Czechia,2014,Halogenated organic compounds (as AOX),16450
2025/12/15,Czechia,2014,Total phosphorus,159260
2025/12/15,Czechia,2015,Trichloromethane,95.6
2025/12/15,Czechia,2016,Cyanides (as total CN),6384.8
2025/12/15,Czechia,2016,Mercury and compounds (as Hg),36.67
2025/12/15,Czechia,2016,Zinc and compounds (as Zn),68969
2025/12/15,Czechia,2017,Halogenated organic compounds (as AOX),23160
2025/12/15,Czechia,2017,Total phosphorus,193020
2025/12/15,Czechia,2018,Cadmium and compounds (as Cd),42.43258
2025/12/15,Czechia,2018,Total organic carbon(as total C or COD/3) (TOC),7750764.68458
2025/12/15,Czechia,2018,Trichloromethane,133
2025/12/15,Czechia,2019,Cyanides (as total CN),5254.93564
2025/12/15,Czechia,2019,Dichloromethane (DCM),210.9
2025/12/15,Czechia,2019,Mercury and compounds (as Hg),8.336872
2025/12/15,Czechia,2019,Zinc and compounds (as Zn),69566.02
2025/12/15,Czechia,2021,Cadmium and compounds (as Cd),42.793583000000005
2025/12/15,Czechia,2021,Ethyl benzene,584.89
2025/12/15,Czechia,2021,Total organic carbon(as total C or COD/3) (TOC),6326106.023720001
2025/12/15,Czechia,2021,Trichloromethane,17.7
2025/12/15,Czechia,2021,Xylenes,0.179
2025/12/15,Czechia,2022,Cyanides (as total CN),4500.98724
2025/12/15,Czechia,2022,Dichloromethane (DCM),74.41600000000001
2025/12/15,Czechia,2022,Mercury and compounds (as Hg),43.11224
2025/12/15,Czechia,2022,Polycyclic aromatic hydrocarbons (PAHs),0.0009
2025/12/15,Denmark,2007,Di-(2-ethyl hexyl) phthalate (DEHP),2.4400000000000004
2025/12/15,Denmark,2007,Total nitrogen,1417300
2025/12/15,Denmark,2009,Chlorides (as total Cl),2100000
2025/12/15,Denmark,2009,Copper and compounds (as Cu),446
2025/12/15,Denmark,2010,Di-(2-ethyl hexyl) phthalate (DEHP),1.1
2025/12/15,Denmark,2010,Total nitrogen,863200
2025/12/15,Denmark,2012,Chlorides (as total Cl),4810000
2025/12/15,Denmark,2014,Total phosphorus,141640
2025/12/15,Denmark,2015,Chlorides (as total Cl),7250000
2025/12/15,Denmark,2016,Di-(2-ethyl hexyl) phthalate (DEHP),1.65
2025/12/15,Denmark,2016,Zinc and compounds (as Zn),140
2025/12/15,Denmark,2017,Phenols (as total C),816
2025/12/15,Denmark,2017,Total phosphorus,202480
2025/12/15,Denmark,2018,PCDD + PCDF (dioxins + furans) (as Teq),0.0527
2025/12/15,Denmark,2019,Mercury and compounds (as Hg),0.500982
2025/12/15,Denmark,2019,Zinc and compounds (as Zn),132.02310000000003
2025/12/15,Denmark,2020,Non-methane volatile organic compounds (NMVOC),585
2025/12/15,Denmark,2020,Phenols (as total C),327.1205
2025/12/15,Denmark,2020,Total phosphorus,201586.01
2025/12/15,Denmark,2021,PCDD + PCDF (dioxins + furans) (as Teq),0
2025/12/15,Denmark,2022,Cyanides (as total CN),0.4
2025/12/15,Denmark,2022,Mercury and compounds (as Hg),2.603638
2025/12/15,Denmark,2022,Zinc and compounds (as Zn),97.916
2025/12/15,Denmark,2023,Phenols (as total C),65.0815
2025/12/15,Denmark,2023,Total phosphorus,132880.73
2025/12/15,Denmark,2024,Nonylphenol and Nonylphenol ethoxylates,0.01
2025/12/15,Denmark,2024,PCDD + PCDF (dioxins + furans) (as Teq),0
2025/12/15,Finland,2008,Total nitrogen,883900
2025/12/15,Finland,2011,Total nitrogen,1391600
2025/12/15,Finland,2014,Total nitrogen,1447000
2025/12/15,Finland,2019,Toluene,285
2025/12/15,Finland,2023,Chromium and compounds (as Cr),59.1
2025/12/15,France,2007,Total organic carbon(as total C or COD/3) (TOC),32994400
2025/12/15,France,2007,Trichloromethane,1339.9
2025/12/15,France,2007,Xylenes,1828
2025/12/15,France,2008,Dichloromethane (DCM),3154.3
2025/12/15,France,2008,PCDD + PCDF (dioxins + furans) (as Teq),0.001976
2025/12/15,France,2008,Polycyclic aromatic hydrocarbons (PAHs),85.1
2025/12/15,France,2008,Tetrachloroethylene,145
2025/12/15,France,2009,Anthracene,8.08
2025/12/15,France,2009,Arsenic and compounds (as As),214.79000000000002
2025/12/15,France,2009,Nickel and compounds (as Ni),3305.9
2025/12/15,France,2010,Lead and compounds (as Pb),553.6
2025/12/15,France,2010,Total organic carbon(as total C or COD/3) (TOC),36536500
2025/12/15,France,2010,Xylenes,297
2025/12/15,France,2011,Dichloromethane (DCM),12367.2
2025/12/15,France,2011,Nonylphenol and Nonylphenol ethoxylates,2.51
2025/12/15,France,2011,Tetrachloroethylene,132
2025/12/15,France,2012,Arsenic and compounds (as As),81.03999999999999
2025/12/15,France,2012,Nickel and compounds (as Ni),2231.0000000000005
2025/12/15,France,2013,Lead and compounds (as Pb),265.4
2025/12/15,France,2014,Nonylphenol and Nonylphenol ethoxylates,14.059999999999999
2025/12/15,France,2015,Arsenic and compounds (as As),95.44999999999999
2025/12/15,France,2015,Benzene,7180
2025/12/15,France,2016,Copper and compounds (as Cu),2406
2025/12/15,France,2016,Lead and compounds (as Pb),155.6
2025/12/15,France,2017,Di-(2-ethyl hexyl) phthalate (DEHP),15.649999999999999
2025/12/15,France,2017,Vinyl chloride,57.9
2025/12/15,France,2018,Benzene,0.7
2025/12/15,France,2019,Copper and compounds (as Cu),1443.599998
2025/12/15,France,2019,Lead and compounds (as Pb),135.299999
2025/12/15,France,2020,Di-(2-ethyl hexyl) phthalate (DEHP),49.200001
2025/12/15,France,2020,Polychlorinated biphenyls (PCBs),0.1
2025/12/15,France,2020,Vinyl chloride,68.100002
2025/12/15,France,2021,Benzene,0.585
2025/12/15,France,2022,Copper and compounds (as Cu),5939.200001
2025/12/15,France,2023,Di-(2-ethyl hexyl) phthalate (DEHP),45.960001000000005
2025/12/15,France,2023,Vinyl chloride,17.200001
2025/12/15,France,2024,Benzene,300
2025/12/15,France,2024,Octylphenols and Octylphenol ethoxylates,5.69
2025/12/15,Germany,2007,Brominated diphenylethers (PBDE),11.9
2025/12/15,Germany,2007,Chlorides (as total Cl),397020000
2025/12/15,Germany,2007,Fluoranthene,100
2025/12/15,Germany,2008,"1,2-dichloroethane (DCE-1,2)",3094.3
2025/12/15,Germany,2008,Ethyl benzene,4657
2025/12/15,Germany,2008,Total nitrogen,12790900
2025/12/15,Germany,2008,Vinyl chloride,2978
2025/12/15,Germany,2009,Fluorides (as total F),228910
2025/12/15,Germany,2009,Naphthalene,2121
2025/12/15,Germany,2009,Octylphenols and Octylphenol ethoxylates,179.19
2025/12/15,Germany,2010,Brominated diphenylethers (PBDE),19
2025/12/15,Germany,2010,Chlorides (as total Cl),438600000
2025/12/15,Germany,2010,"Chloro-alkanes, C10-C13",2.31
2025/12/15,Germany,2010,Fluoranthene,47.42999999999999
2025/12/15,Germany,2011,Total nitrogen,11689000
2025/12/15,Germany,2011,Tributyltin and compounds,1.66
2025/12/15,Germany,2011,Vinyl chloride,2793.2
2025/12/15,Germany,2012,Fluorides (as total F),233250
2025/12/15,Germany,2012,Naphthalene,3200
2025/12/15,Germany,2012,Octylphenols and Octylphenol ethoxylates,169.92
2025/12/15,Germany,2013,Chlorides (as total Cl),483920000
2025/12/15,Germany,2014,Tributyltin and compounds,1.95
2025/12/15,Germany,2014,Vinyl chloride,2424.8
2025/12/15,Germany,2015,Fluorides (as total F),250520
2025/12/15,Germany,2015,Naphthalene,2410
2025/12/15,Germany,2015,Octylphenols and Octylphenol ethoxylates,11.18
2025/12/15,Germany,2015,Total phosphorus,2283760
2025/12/15,Germany,2016,Chlorides (as total Cl),582820000
2025/12/15,Germany,2016,Toluene,46269
2025/12/15,Germany,2017,"Benzo(g,h,i)perylene",2.48
2025/12/15,Germany,2017,Vinyl chloride,920.8000000000001
2025/12/15,Germany,2018,Halogenated organic compounds (as AOX),523420
2025/12/15,Germany,2018,Naphthalene,2853.7
2025/12/15,Germany,2018,Total phosphorus,2519540
2025/12/15,Germany,2019,Toluene,43353.05
2025/12/15,Germany,2020,"Benzo(g,h,i)perylene",2.05
2025/12/15,Germany,2020,Chromium and compounds (as Cr),602.5
2025/12/15,Germany,2021,Halogenated organic compounds (as AOX),493650
2025/12/15,Germany,2021,Total phosphorus,2660000
2025/12/15,Germany,2022,Phenols (as total C),439631.10000000003
2025/12/15,Germany,2022,Toluene,127542.1
2025/12/15,Germany,2023,"Benzo(g,h,i)perylene",1.33
2025/12/15,Germany,2023,Chromium and compounds (as Cr),802
2025/12/15,Germany,2024,Halogenated organic compounds (as AOX),624700
2025/12/15,Germany,2024,Total phosphorus,2082120
2025/12/15,Greece,2015,Phenols (as total C),523
2025/12/15,Greece,2018,Phenols (as total C),2280
2025/12/15,Greece,2020,Mercury and compounds (as Hg),5.37
2025/12/15,Greece,2021,Total organic carbon(as total C or COD/3) (TOC),176000
2025/12/15,Greece,2023,Arsenic and compounds (as As),95.3
2025/12/15,Greece,2023,Mercury and compounds (as Hg),8.66
2025/12/15,Greece,2024,Lead and compounds (as Pb),25
2025/12/15,Greece,2024,Total organic carbon(as total C or COD/3) (TOC),431000
2025/12/15,Hungary,2008,Fluorides (as total F),2260
2025/12/15,Hungary,2017,Fluorides (as total F),8890
2025/12/15,Hungary,2017,Total phosphorus,22980
2025/12/15,Hungary,2020,Phenols (as total C),176
2025/12/15,Hungary,2020,Total phosphorus,1194040
2025/12/15,Hungary,2023,Phenols (as total C),197
2025/12/15,Hungary,2023,Total phosphorus,44650
2025/12/15,Ireland,2009,Fluorides (as total F),16900
2025/12/15,Ireland,2012,Fluorides (as total F),13410
2025/12/15,Ireland,2013,Chlorides (as total Cl),2910000
2025/12/15,Ireland,2015,Fluorides (as total F),14000
2025/12/15,Ireland,2016,Chlorides (as total Cl),3960000
2025/12/15,Ireland,2017,Toluene,349
2025/12/15,Ireland,2017,Zinc and compounds (as Zn),232
2025/12/15,Ireland,2020,Benzene,0.03
2025/12/15,Ireland,2020,Toluene,331.5
2025/12/15,Ireland,2020,Zinc and compounds (as Zn),575.5899999999999
2025/12/15,Ireland,2023,Mercury and compounds (as Hg),3.1500000000000004
2025/12/15,Ireland,2023,Toluene,605.14
2025/12/15,Ireland,2023,Zinc and compounds (as Zn),233.5
2025/12/15,Italy,2007,Organotin compounds (as total Sn),244
2025/12/15,Italy,2007,PCDD + PCDF (dioxins + furans) (as Teq),0.0006
2025/12/15,Italy,2007,Trichloromethane,30.900000000000002
2025/12/15,Italy,2008,Cyanides (as total CN),1638.1
2025/12/15,Italy,2008,DDT (DDT),24.8
2025/12/15,Italy,2008,Mercury and compounds (as Hg),46.6
2025/12/15,Italy,2008,Zinc and compounds (as Zn),12948
2025/12/15,Italy,2009,Halogenated organic compounds (as AOX),2900
2025/12/15,Italy,2009,Total phosphorus,243750
2025/12/15,Italy,2010,Total organic carbon(as total C or COD/3) (TOC),24061400
2025/12/15,Italy,2010,Trichloromethane,59
2025/12/15,Italy,2011,Cyanides (as total CN),1964.5
2025/12/15,Italy,2011,DDT (DDT),5
2025/12/15,Italy,2011,Mercury and compounds (as Hg),41.300000000000004
2025/12/15,Italy,2011,Zinc and compounds (as Zn),22889
2025/12/15,Italy,2012,Halogenated organic compounds (as AOX),3630
2025/12/15,Italy,2013,Cadmium and compounds (as Cd),169.85
2025/12/15,Italy,2013,Ethyl benzene,6383
2025/12/15,Italy,2013,Total organic carbon(as total C or COD/3) (TOC),141127100
2025/12/15,Italy,2013,Trichloromethane,136
2025/12/15,Italy,2013,Xylenes,37440
2025/12/15,Italy,2014,Cyanides (as total CN),2988
2025/12/15,Italy,2014,DDT (DDT),1.6
2025/12/15,Italy,2014,Dichloromethane (DCM),115
2025/12/15,Italy,2014,Mercury and compounds (as Hg),15.750000000000002
2025/12/15,Italy,2015,Anthracene,33.45
2025/12/15,Italy,2015,"Chloro-alkanes, C10-C13",19.3
2025/12/15,Italy,2015,Fluoranthene,22.25
2025/12/15,Italy,2016,Cadmium and compounds (as Cd),107.07000000000001
2025/12/15,Italy,2016,Ethyl benzene,16482
2025/12/15,Italy,2016,Total organic carbon(as total C or COD/3) (TOC),18016800
2025/12/15,Italy,2016,Trichloromethane,19.7
2025/12/15,Italy,2016,Xylenes,67737
2025/12/15,Italy,2017,Cyanides (as total CN),1331
2025/12/15,Italy,2017,Dichloromethane (DCM),264.4
2025/12/15,Italy,2017,Polycyclic aromatic hydrocarbons (PAHs),44417.51
2025/12/15,Italy,2018,Anthracene,4.462999999999999
2025/12/15,Italy,2018,Arsenic and compounds (as As),1095.0792999999999
2025/12/15,Italy,2018,"Chloro-alkanes, C10-C13",37.6191
2025/12/15,Italy,2018,Fluoranthene,1.72
2025/12/15,Italy,2019,"1,2-dichloroethane (DCE-1,2)",44.1547
2025/12/15,Italy,2019,Cadmium and compounds (as Cd),144.53130000000002
2025/12/15,Italy,2019,Ethyl benzene,5139.5623000000005
2025/12/15,Italy,2019,Lead and compounds (as Pb),2257.6043
2025/12/15,Italy,2019,Total organic carbon(as total C or COD/3) (TOC),19933063.599999998
2025/12/15,Italy,2019,Xylenes,39451.4997
2025/12/15,Italy,2020,Dichloromethane (DCM),196.9752
2025/12/15,Italy,2020,Pentachlorophenol (PCP),29.704500000000003
2025/12/15,Italy,2020,Polycyclic aromatic hydrocarbons (PAHs),76622.4403
2025/12/15,Italy,2021,Arsenic and compounds (as As),950.1507000000001
2025/12/15,Italy,2021,Fluoranthene,4.7465
2025/12/15,Italy,2021,Hexachlorobenzene (HCB),1.7795
2025/12/15,Italy,2022,"1,2-dichloroethane (DCE-1,2)",15.3522
2025/12/15,Italy,2022,Chlordane,1.5352
2025/12/15,Italy,2022,Ethyl benzene,4809.2528
2025/12/15,Italy,2022,Lead and compounds (as Pb),5621.4368
2025/12/15,Italy,2022,Xylenes,14561.8927
2025/12/15,Italy,2023,Naphthalene,818.2399999999999
2025/12/15,Italy,2023,Pentachlorophenol (PCP),28.7136
2025/12/15,Italy,2023,Polycyclic aromatic hydrocarbons (PAHs),39957.9637
2025/12/15,Lithuania,2015,Copper and compounds (as Cu),106
2025/12/15,Lithuania,2017,Total phosphorus,47400
2025/12/15,Lithuania,2020,Phenols (as total C),38
2025/12/15,Lithuania,2020,Total phosphorus,70280
2025/12/15,Netherlands,2007,"1,2,3,4,5,6-hexachlorocyclohexane (HCH)",27403.9
2025/12/15,Netherlands,2008,Arsenic and compounds (as As),113.2
2025/12/15,Netherlands,2008,Benzene,7169
2025/12/15,Netherlands,2009,Copper and compounds (as Cu),2596.3
2025/12/15,Netherlands,2009,Lead and compounds (as Pb),80.6
2025/12/15,Netherlands,2011,Benzene,2630
2025/12/15,Netherlands,2012,Copper and compounds (as Cu),3336.5
2025/12/15,Netherlands,2014,Benzene,2530
2025/12/15,Netherlands,2015,Copper and compounds (as Cu),3038.9
2025/12/15,Netherlands,2017,Phenols (as total C),3553
2025/12/15,Netherlands,2020,Phenols (as total C),2822
2025/12/15,Netherlands,2021,Cyanides (as total CN),77.2
2025/12/15,Netherlands,2021,PCDD + PCDF (dioxins + furans) (as Teq),0.001
2025/12/15,Netherlands,2022,Tetrachloromethane (TCM),1.6
2025/12/15,Netherlands,2023,Phenols (as total C),10588
2025/12/15,Netherlands,2024,Cyanides (as total CN),63
2025/12/15,Netherlands,2024,Ethylene oxide,6110
2025/12/15,Poland,2007,Chromium and compounds (as Cr),29302.699999999997
2025/12/15,Poland,2007,Tetrachloromethane (TCM),106
2025/12/15,Poland,2008,Ethyl benzene,617
2025/12/15,Poland,2008,Total phosphorus,327170
2025/12/15,Poland,2009,Cadmium and compounds (as Cd),18489.53
2025/12/15,Poland,2009,Cyanides (as total CN),664
2025/12/15,Poland,2009,Mercury and compounds (as Hg),2612.0699999999997
2025/12/15,Poland,2010,Asbestos,14.1
2025/12/15,Poland,2010,Chromium and compounds (as Cr),23330.5
2025/12/15,Poland,2010,Tetrachloromethane (TCM),37.3
2025/12/15,Poland,2011,Total nitrogen,1433900
2025/12/15,Poland,2012,Cadmium and compounds (as Cd),8675.68
2025/12/15,Poland,2012,Cyanides (as total CN),8999
2025/12/15,Poland,2013,Asbestos,1.48
2025/12/15,Poland,2013,Polycyclic aromatic hydrocarbons (PAHs),978.6999999999999
2025/12/15,Poland,2013,Tetrachloromethane (TCM),1.73
2025/12/15,Poland,2014,Total nitrogen,1753300
2025/12/15,Poland,2015,Cadmium and compounds (as Cd),5768.159999999999
2025/12/15,Poland,2015,Fluorides (as total F),468180
2025/12/15,Poland,2016,Chlorides (as total Cl),444140000
2025/12/15,Poland,2016,Polycyclic aromatic hydrocarbons (PAHs),576.6
2025/12/15,Poland,2017,Total nitrogen,1634700
2025/12/15,Poland,2018,Cadmium and compounds (as Cd),3655.31
2025/12/15,Poland,2018,Fluorides (as total F),994290
2025/12/15,Poland,2018,Naphthalene,13
2025/12/15,Poland,2019,Chlorides (as total Cl),146010000
2025/12/15,Poland,2019,Polycyclic aromatic hydrocarbons (PAHs),243.9
2025/12/15,Poland,2020,Total nitrogen,1392600
2025/12/15,Poland,2021,Fluorides (as total F),1430430
2025/12/15,Poland,2022,Chlorides (as total Cl),125680000
2025/12/15,Poland,2022,Polycyclic aromatic hydrocarbons (PAHs),9.88
2025/12/15,Poland,2024,Fluorides (as total F),1342760
2025/12/15,Portugal,2007,Chlorides (as total Cl),11400000
2025/12/15,Portugal,2007,Polycyclic aromatic hydrocarbons (PAHs),316.77
2025/12/15,Portugal,2009,Fluorides (as total F),25300
2025/12/15,Portugal,2010,Chlorides (as total Cl),22090000
2025/12/15,Portugal,2010,Octylphenols and Octylphenol ethoxylates,5.63
2025/12/15,Portugal,2011,Benzene,83130
2025/12/15,Portugal,2012,Halogenated organic compounds (as AOX),54450
2025/12/15,Portugal,2012,Hexachlorobutadiene (HCBD),1.6
2025/12/15,Portugal,2014,Benzene,1510
2025/12/15,Portugal,2014,Zinc and compounds (as Zn),1192
2025/12/15,Portugal,2015,Halogenated organic compounds (as AOX),43300
2025/12/15,Portugal,2016,Octylphenols and Octylphenol ethoxylates,4.55
2025/12/15,Portugal,2017,Benzene,1720
2025/12/15,Portugal,2017,Mercury and compounds (as Hg),10.540000000000001
2025/12/15,Portugal,2017,Zinc and compounds (as Zn),2001
2025/12/15,Portugal,2018,Halogenated organic compounds (as AOX),134390
2025/12/15,Portugal,2020,Mercury and compounds (as Hg),79.13999999999999
2025/12/15,Portugal,2020,Zinc and compounds (as Zn),2440
2025/12/15,Portugal,2021,Cyanides (as total CN),667.5
2025/12/15,Portugal,2022,Ethyl benzene,760
2025/12/15,Portugal,2022,Total organic carbon(as total C or COD/3) (TOC),6302100
2025/12/15,Portugal,2023,Dichloromethane (DCM),40.5
2025/12/15,Portugal,2023,Mercury and compounds (as Hg),21.92
2025/12/15,Portugal,2023,Trichlorobenzenes (TCB),1.07
2025/12/15,Portugal,2023,Zinc and compounds (as Zn),3065
2025/12/15,Portugal,2024,Anthracene,2.85
2025/12/15,Portugal,2024,Cyanides (as total CN),733
2025/12/15,Romania,2007,Chlorides (as total Cl),2010000
2025/12/15,Romania,2009,"1,2-dichloroethane (DCE-1,2)",251
2025/12/15,Romania,2009,Cadmium and compounds (as Cd),29
2025/12/15,Romania,2009,Fluorides (as total F),3740
2025/12/15,Romania,2012,"1,2-dichloroethane (DCE-1,2)",225
2025/12/15,Romania,2015,"1,2-dichloroethane (DCE-1,2)",17
2025/12/15,Romania,2017,Zinc and compounds (as Zn),177
2025/12/15,Romania,2020,Zinc and compounds (as Zn),269
2025/12/15,Romania,2023,Zinc and compounds (as Zn),100
2025/12/15,Romania,2024,Chromium and compounds (as Cr),50
2025/12/15,Slovakia,2010,Fluorides (as total F),13700
2025/12/15,Slovakia,2011,Copper and compounds (as Cu),57.5
2025/12/15,Slovakia,2013,Fluorides (as total F),6960
2025/12/15,Slovakia,2013,Total phosphorus,13290
2025/12/15,Slovakia,2014,Copper and compounds (as Cu),68.9
2025/12/15,Slovakia,2014,Toluene,1130
2025/12/15,Slovakia,2016,Total phosphorus,39290
2025/12/15,Slovakia,2017,Toluene,372
2025/12/15,Slovakia,2018,Chromium and compounds (as Cr),255
2025/12/15,Slovakia,2018,Mercury and compounds (as Hg),1.59
2025/12/15,Slovakia,2019,Total phosphorus,41830
2025/12/15,Slovakia,2020,Toluene,373
2025/12/15,Slovakia,2021,Chromium and compounds (as Cr),76.4
2025/12/15,Slovakia,2021,Mercury and compounds (as Hg),12.84
2025/12/15,Slovakia,2022,Total phosphorus,34300
2025/12/15,Slovenia,2007,Copper and compounds (as Cu),50.3
2025/12/15,Slovenia,2007,Lead and compounds (as Pb),29
2025/12/15,Slovenia,2008,Total nitrogen,528000
2025/12/15,Slovenia,2011,Total nitrogen,198800
2025/12/15,Slovenia,2015,Total phosphorus,18990
2025/12/15,Slovenia,2018,Phenols (as total C),771
2025/12/15,Slovenia,2018,Total phosphorus,40336
2025/12/15,Slovenia,2021,Phenols (as total C),118
2025/12/15,Slovenia,2021,Total phosphorus,42898
2025/12/15,Slovenia,2023,Tetrachloromethane (TCM),3.495
2025/12/15,Slovenia,2024,Phenols (as total C),192
2025/12/15,Slovenia,2024,Total phosphorus,19712
2025/12/15,Spain,2008,Naphthalene,26.4
2025/12/15,Spain,2008,Vinyl chloride,61.5
2025/12/15,Spain,2009,Total phosphorus,199880
2025/12/15,Spain,2012,Phenols (as total C),7308.8
2025/12/15,Spain,2012,Total phosphorus,223020
2025/12/15,Spain,2015,Phenols (as total C),11109.6
2025/12/15,Spain,2015,Total organic carbon(as total C or COD/3) (TOC),10326100
2025/12/15,Spain,2015,Total phosphorus,234500
2025/12/15,Spain,2016,PCDD + PCDF (dioxins + furans) (as Teq),0.00797
2025/12/15,Spain,2017,Nickel and compounds (as Ni),1474.7
2025/12/15,Spain,2018,Phenols (as total C),9405
2025/12/15,Spain,2018,Total organic carbon(as total C or COD/3) (TOC),10282700
2025/12/15,Spain,2018,Total phosphorus,273490
2025/12/15,Spain,2019,Nonylphenol and Nonylphenol ethoxylates,12
2025/12/15,Spain,2020,Nickel and compounds (as Ni),1039.1999999999998
2025/12/15,Spain,2021,Total organic carbon(as total C or COD/3) (TOC),7722100
2025/12/15,Spain,2022,Nonylphenol and Nonylphenol ethoxylates,593
2025/12/15,Spain,2022,Trichlorobenzenes (TCB),7.64
2025/12/15,Spain,2023,Anthracene,2.8
2025/12/15,Spain,2023,Arsenic and compounds (as As),266.78000000000003
2025/12/15,Spain,2023,Ethylene oxide,372
2025/12/15,Spain,2023,Nickel and compounds (as Ni),1902
2025/12/15,Spain,2023,Tetrachloromethane (TCM),4.43
2025/12/15,Spain,2024,Lead and compounds (as Pb),2643.3
2025/12/15,Spain,2024,Total organic carbon(as total C or COD/3) (TOC),7037300
2025/12/15,Sweden,2007,Arsenic and compounds (as As),29.4
2025/12/15,Sweden,2007,Nickel and compounds (as Ni),316.4
2025/12/15,Sweden,2009,Total nitrogen,308500
2025/12/15,Sweden,2010,Arsenic and compounds (as As),6.78
2025/12/15,Sweden,2011,Copper and compounds (as Cu),346.3
2025/12/15,Sweden,2011,Lead and compounds (as Pb),50
2025/12/15,Sweden,2012,Total nitrogen,150300
2025/12/15,Sweden,2014,Copper and compounds (as Cu),336
2025/12/15,Sweden,2017,Toluene,1930
2025/12/15,Sweden,2017,Zinc and compounds (as Zn),348
2025/12/15,Sweden,2019,Total phosphorus,101190
2025/12/15,Sweden,2020,Toluene,1040
2025/12/15,Sweden,2020,Zinc and compounds (as Zn),376
2025/12/15,Sweden,2022,Total phosphorus,108300
2025/12/15,Switzerland,2008,Naphthalene,23
2025/12/15,Switzerland,2009,Toluene,23071
2025/12/15,Switzerland,2010,Chromium and compounds (as Cr),849
2025/12/15,Switzerland,2012,Phenols (as total C),6220.8
2025/12/15,Switzerland,2012,Toluene,22268
2025/12/15,Switzerland,2013,Chromium and compounds (as Cr),159
2025/12/15,Switzerland,2015,Phenols (as total C),6500
2025/12/15,Switzerland,2015,Toluene,20972
2025/12/15,Switzerland,2016,Chromium and compounds (as Cr),160
2025/12/15,Switzerland,2018,Cadmium and compounds (as Cd),10
2025/12/15,Switzerland,2018,Phenols (as total C),28092
2025/12/15,Switzerland,2018,Total organic carbon(as total C or COD/3) (TOC),12640263
2025/12/15,Switzerland,2019,Chromium and compounds (as Cr),148.173
2025/12/15,Switzerland,2020,Nickel and compounds (as Ni),141.077
2025/12/15,Switzerland,2021,Cadmium and compounds (as Cd),0.024
2025/12/15,Switzerland,2021,Phenols (as total C),39112
2025/12/15,Switzerland,2021,Total organic carbon(as total C or COD/3) (TOC),10687254
2025/12/15,Switzerland,2022,Nonylphenol and Nonylphenol ethoxylates,119.3
2025/12/15,United Kingdom,2007,"1,2-dichloroethane (DCE-1,2)",65.2
2025/12/15,United Kingdom,2007,Di-(2-ethyl hexyl) phthalate (DEHP),93.6
2025/12/15,United Kingdom,2007,Total nitrogen,20539500
2025/12/15,United Kingdom,2007,Vinyl chloride,563
2025/12/15,United Kingdom,2008,Naphthalene,4220
2025/12/15,United Kingdom,2008,Trichloroethylene (TRI),13.1
2025/12/15,United Kingdom,2009,Brominated diphenylethers (PBDE),6
2025/12/15,United Kingdom,2009,Copper and compounds (as Cu),3695.2999999999997
2025/12/15,United Kingdom,2010,Di-(2-ethyl hexyl) phthalate (DEHP),17.4
2025/12/15,United Kingdom,2010,Vinyl chloride,908
2025/12/15,United Kingdom,2011,Naphthalene,3216
2025/12/15,United Kingdom,2011,Total phosphorus,834400
2025/12/15,United Kingdom,2011,Trichloroethylene (TRI),21.9
2025/12/15,United Kingdom,2012,Copper and compounds (as Cu),2566.3
2025/12/15,United Kingdom,2012,Toluene,14175
2025/12/15,United Kingdom,2013,"Benzo(g,h,i)perylene",13.6
2025/12/15,United Kingdom,2013,Di-(2-ethyl hexyl) phthalate (DEHP),20.04
2025/12/15,United Kingdom,2014,Naphthalene,13660.9
2025/12/15,United Kingdom,2014,Nitrogen oxides (NOX),5800
2025/12/15,United Kingdom,2014,Non-methane volatile organic compounds (NMVOC),320
2025/12/15,United Kingdom,2014,Phenols (as total C),110969.70000000001
2025/12/15,United Kingdom,2014,Total phosphorus,471100
2025/12/15,United Kingdom,2014,Trichloroethylene (TRI),27
2025/12/15,United Kingdom,2015,Toluene,7233
2025/12/15,United Kingdom,2016,"Benzo(g,h,i)perylene",2.55
2025/12/15,United Kingdom,2016,Chromium and compounds (as Cr),2276.1000000000004
2025/12/15,United Kingdom,2017,Phenols (as total C),72450.2
2025/12/15,United Kingdom,2017,Total phosphorus,279380
2025/12/15,United Kingdom,2018,Toluene,6917
2025/12/15,United Kingdom,2019,"Benzo(g,h,i)perylene",102
2025/12/15,United Kingdom,2019,Chromium and compounds (as Cr),1917.6
