PublicationDate,countryName,reportingYear,featureType,unit,featureValue
2025/12/15,Czechia,2017,Installed capacity,MW,43427.579999999994
2025/12/15,Sweden,2021,NOX,tonnes,14530.243999999999
2025/12/15,Sweden,2021,SO2,tonnes,2050.91543
2025/12/15,Hungary,2019,Peat,TJ,0
2025/12/15,Cyprus,2020,SO2,tonnes,10055.61
2025/12/15,Austria,2022,NaturalGas,TJ,86853.33333899999
2025/12/15,France,2022,Biomass,TJ,76546.53661499999
2025/12/15,Poland,2018,NaturalGas,TJ,95879.84899999999
2025/12/15,Poland,2021,LiquidFuels,TJ,39708.143000000004
2025/12/15,Serbia,2024,Coal,TJ,3218.61
2025/12/15,Sweden,2020,NaturalGas,TJ,1334.48
2025/12/15,Portugal,2024,Biomass,TJ,25842.0946196
2025/12/15,Finland,2023,Installed capacity,MW,26124.8
2025/12/15,Lithuania,2022,Installed capacity,MW,12063.4
2025/12/15,Ireland,2017,DUST,tonnes,294.66499999999996
2025/12/15,Slovenia,2020,NOX,tonnes,2691.137
2025/12/15,Germany,2018,Lignite,TJ,805481.5950000001
2025/12/15,Bulgaria,2017,Lignite,TJ,193953
2025/12/15,Sweden,2023,LiquidFuels,TJ,5566.109999999999
2025/12/15,Bulgaria,2016,LiquidFuels,TJ,0
2025/12/15,Croatia,2017,Installed capacity,MW,7460.1140000000005
2025/12/15,France,2024,NOX,tonnes,31378.142105000003
2025/12/15,Poland,2023,OtherSolidFuels,TJ,0
2025/12/15,Denmark,2024,Peat,TJ,0
2025/12/15,Netherlands,2017,Lignite,TJ,0
2025/12/15,Romania,2017,Peat,TJ,0
2025/12/15,Cyprus,2018,Lignite,TJ,0
2025/12/15,Romania,2020,Installed capacity,MW,31430.002
2025/12/15,Croatia,2020,SO2,tonnes,585.3315
2025/12/15,Finland,2023,DUST,tonnes,229.15390000000002
2025/12/15,Greece,2016,DUST,tonnes,3258.0118724490003
2025/12/15,Ireland,2019,Peat,TJ,17986.340000000004
2025/12/15,Austria,2016,Lignite,TJ,0
2025/12/15,Sweden,2018,Lignite,TJ,0
2025/12/15,United Kingdom,2018,OtherSolidFuels,TJ,0
2025/12/15,Finland,2017,Lignite,TJ,0
2025/12/15,Romania,2024,Peat,TJ,0
2025/12/15,Poland,2020,OtherGases,TJ,35000.62358000001
2025/12/15,Greece,2023,Biomass,TJ,0
2025/12/15,Estonia,2018,Peat,TJ,1017.6800000000001
2025/12/15,Czechia,2019,DUST,tonnes,2259.485208
2025/12/15,Netherlands,2020,SO2,tonnes,4190.7845959999995
2025/12/15,Portugal,2021,DUST,tonnes,674.4403000000001
2025/12/15,France,2024,Lignite,TJ,0
2025/12/15,Italy,2020,OtherGases,TJ,170927.845633
2025/12/15,Italy,2017,OtherGases,TJ,208137.58
2025/12/15,Slovakia,2020,OtherGases,TJ,6219.629492
2025/12/15,Czechia,2021,Peat,TJ,0
2025/12/15,Denmark,2021,Biomass,TJ,78386.657
2025/12/15,Portugal,2021,OtherGases,TJ,22360.8102269
2025/12/15,Sweden,2022,Installed capacity,MW,38596.799999999996
2025/12/15,Denmark,2020,DUST,tonnes,157.919152
2025/12/15,Denmark,2016,NOX,tonnes,5570.0929
2025/12/15,Italy,2021,Biomass,TJ,32151.406117
2025/12/15,Czechia,2018,Coal,TJ,42745.883050000004
2025/12/15,Serbia,2020,Lignite,TJ,279303.04000000004
2025/12/15,Croatia,2021,Lignite,TJ,0
2025/12/15,Netherlands,2024,Installed capacity,MW,60705.92999999999
2025/12/15,United Kingdom,2019,NOX,tonnes,52902.457700000006
2025/12/15,Latvia,2019,DUST,tonnes,6.683000000000001
2025/12/15,Estonia,2018,DUST,tonnes,2398.1281
2025/12/15,Slovenia,2020,SO2,tonnes,1358.677
2025/12/15,Czechia,2021,NaturalGas,TJ,54496.10422900001
2025/12/15,Romania,2022,Coal,TJ,5669.555
2025/12/15,Croatia,2020,Peat,TJ,0
2025/12/15,Finland,2021,OtherGases,TJ,8776.476
2025/12/15,Cyprus,2022,Peat,TJ,0
2025/12/15,Estonia,2016,Lignite,TJ,0
2025/12/15,Hungary,2024,Peat,TJ,0
2025/12/15,Spain,2022,Installed capacity,MW,86205.79843612672
2025/12/15,Slovenia,2024,Installed capacity,MW,6002.500000000001
2025/12/15,Germany,2023,NOX,tonnes,83386.98195
2025/12/15,Sweden,2018,NOX,tonnes,14530.367600000001
2025/12/15,Romania,2021,NOX,tonnes,16474.449
2025/12/15,Romania,2019,DUST,tonnes,2281.4514
2025/12/15,Greece,2022,SO2,tonnes,19296.006040000004
2025/12/15,Poland,2019,LiquidFuels,TJ,54809.4322
2025/12/15,France,2023,OtherSolidFuels,TJ,2878.127971
2025/12/15,Sweden,2022,Peat,TJ,786
2025/12/15,United Kingdom,2019,OtherSolidFuels,TJ,8.1
2025/12/15,Ireland,2020,Peat,TJ,8731.5
2025/12/15,Portugal,2019,Lignite,TJ,0
2025/12/15,Slovakia,2017,Coal,TJ,18881.53
2025/12/15,Estonia,2019,NaturalGas,TJ,3158.65
2025/12/15,Bulgaria,2019,Lignite,TJ,168938
2025/12/15,Serbia,2024,Lignite,TJ,236376.07
2025/12/15,Netherlands,2022,NOX,tonnes,19508.238538999998
2025/12/15,Poland,2021,NaturalGas,TJ,119206.652
2025/12/15,Ireland,2016,Biomass,TJ,3527.57
2025/12/15,Ireland,2024,LiquidFuels,TJ,6173.390000000001
2025/12/15,France,2016,LiquidFuels,TJ,79030.13
2025/12/15,Portugal,2016,SO2,tonnes,11185.2
2025/12/15,Finland,2020,Lignite,TJ,0
2025/12/15,Poland,2021,Biomass,TJ,71320.81000000001
2025/12/15,Belgium,2017,OtherSolidFuels,TJ,1873.1100000000001
2025/12/15,Germany,2021,Installed capacity,MW,267607.32200000004
2025/12/15,Czechia,2017,NOX,tonnes,47220.2513
2025/12/15,Estonia,2024,DUST,tonnes,585.5100000000001
2025/12/15,Sweden,2024,SO2,tonnes,1874.6699999999998
2025/12/15,Germany,2022,NaturalGas,TJ,673635.42
2025/12/15,Luxembourg,2021,Installed capacity,MW,89
2025/12/15,Poland,2016,Peat,TJ,0
2025/12/15,Poland,2019,Coal,TJ,899723.28
2025/12/15,Germany,2023,OtherSolidFuels,TJ,1862.2023
2025/12/15,Sweden,2017,Biomass,TJ,176105.91999999998
2025/12/15,Poland,2017,OtherGases,TJ,43169.42
2025/12/15,Malta,2018,OtherSolidFuels,TJ,0
2025/12/15,Belgium,2022,OtherSolidFuels,TJ,3328.0860000000002
2025/12/15,Cyprus,2017,OtherSolidFuels,TJ,0
2025/12/15,Portugal,2019,Coal,TJ,50250.987
2025/12/15,Cyprus,2017,NaturalGas,TJ,0
2025/12/15,Poland,2016,Biomass,TJ,71940.93000000001
2025/12/15,Malta,2022,Installed capacity,MW,1367
2025/12/15,Cyprus,2022,SO2,tonnes,9643.17
2025/12/15,Lithuania,2016,Peat,TJ,0
2025/12/15,Poland,2020,NaturalGas,TJ,125636.51000000001
2025/12/15,Sweden,2019,Peat,TJ,2104.1
2025/12/15,Germany,2020,LiquidFuels,TJ,65630.967
2025/12/15,Hungary,2023,OtherGases,TJ,23201.704999999998
2025/12/15,Latvia,2017,NaturalGas,TJ,18097.680000000004
2025/12/15,Portugal,2024,Lignite,TJ,0
2025/12/15,Czechia,2020,Installed capacity,MW,42248.451
2025/12/15,Latvia,2020,Installed capacity,MW,4366.68
2025/12/15,Slovenia,2017,SO2,tonnes,1895.315
2025/12/15,Slovakia,2020,DUST,tonnes,235.09664800000002
2025/12/15,Lithuania,2018,LiquidFuels,TJ,2274
2025/12/15,Austria,2020,OtherSolidFuels,TJ,19245.43635
2025/12/15,Germany,2016,Biomass,TJ,48529.299999999996
2025/12/15,Ireland,2017,Peat,TJ,20141.92
2025/12/15,Bulgaria,2016,NaturalGas,TJ,29632
2025/12/15,Slovenia,2018,OtherGases,TJ,0
2025/12/15,Ireland,2022,OtherSolidFuels,TJ,0
2025/12/15,Austria,2022,Installed capacity,MW,21475.590000000004
2025/12/15,Germany,2022,SO2,tonnes,57708.077000000005
2025/12/15,Sweden,2022,SO2,tonnes,1887.3841200000002
2025/12/15,Latvia,2019,Installed capacity,MW,4366.68
2025/12/15,Belgium,2019,SO2,tonnes,2194.00382
2025/12/15,Ireland,2023,OtherSolidFuels,TJ,0
2025/12/15,Netherlands,2018,OtherGases,TJ,205949.941599
2025/12/15,Netherlands,2023,Lignite,TJ,0
2025/12/15,Slovakia,2019,Biomass,TJ,3995.56896989
2025/12/15,Latvia,2019,Peat,TJ,0
2025/12/15,Cyprus,2023,LiquidFuels,TJ,43766
2025/12/15,Finland,2016,SO2,tonnes,15142.880000000001
2025/12/15,Germany,2021,Biomass,TJ,44850.712
2025/12/15,Netherlands,2023,Coal,TJ,70645.00275099999
2025/12/15,Belgium,2019,Peat,TJ,0
2025/12/15,Greece,2019,Biomass,TJ,0
2025/12/15,Portugal,2020,Coal,TJ,22287.645
2025/12/15,Romania,2019,Peat,TJ,0
2025/12/15,Spain,2024,Installed capacity,MW,85959.01535507203
2025/12/15,United Kingdom,2016,Installed capacity,MW,143313.706
2025/12/15,Bulgaria,2018,DUST,tonnes,395
2025/12/15,Belgium,2024,SO2,tonnes,1050.94161
2025/12/15,Belgium,2019,NOX,tonnes,9214.555
2025/12/15,Greece,2024,Biomass,TJ,0
2025/12/15,Germany,2019,LiquidFuels,TJ,65966.272
2025/12/15,Germany,2020,NaturalGas,TJ,802294.8119999999
2025/12/15,Spain,2016,OtherSolidFuels,TJ,44756.2
2025/12/15,United Kingdom,2019,LiquidFuels,TJ,11061.307
2025/12/15,Poland,2019,OtherSolidFuels,TJ,2.23
2025/12/15,France,2018,LiquidFuels,TJ,68122.221257
2025/12/15,Cyprus,2020,NaturalGas,TJ,0
2025/12/15,Finland,2024,Biomass,TJ,61990.6
2025/12/15,Belgium,2019,OtherSolidFuels,TJ,2328.797885
2025/12/15,Romania,2023,OtherGases,TJ,1255.576
2025/12/15,Croatia,2016,LiquidFuels,TJ,3489.61
2025/12/15,Latvia,2023,OtherGases,TJ,0
2025/12/15,Estonia,2020,DUST,tonnes,436.869
2025/12/15,Lithuania,2018,SO2,tonnes,8926.1345
2025/12/15,Portugal,2018,DUST,tonnes,884.1036999999998
2025/12/15,Finland,2020,Coal,TJ,28445.23
2025/12/15,Lithuania,2017,OtherGases,TJ,14097
2025/12/15,Greece,2023,Peat,TJ,0
2025/12/15,Serbia,2022,Lignite,TJ,251029.87000000002
2025/12/15,Germany,2024,CONFIDENTIAL,tonnes,0
2025/12/15,Luxembourg,2020,SO2,tonnes,0.0001
2025/12/15,Estonia,2018,LiquidFuels,TJ,459.78700000000003
2025/12/15,Estonia,2019,Installed capacity,MW,9667.004
2025/12/15,Slovenia,2016,Lignite,TJ,39485.3
2025/12/15,Malta,2020,Biomass,TJ,0
2025/12/15,Malta,2020,Peat,TJ,0
2025/12/15,Latvia,2017,Peat,TJ,0
2025/12/15,Estonia,2021,OtherSolidFuels,TJ,38916
2025/12/15,Malta,2021,SO2,tonnes,18.6
2025/12/15,Malta,2016,NaturalGas,TJ,0
2025/12/15,Luxembourg,2022,NaturalGas,TJ,719
2025/12/15,Luxembourg,2023,Lignite,TJ,0
2025/12/15,Luxembourg,2024,Installed capacity,MW,89
2025/12/15,Luxembourg,2024,NaturalGas,TJ,619
2025/12/15,Luxembourg,2024,OtherGases,TJ,0
2025/12/15,Luxembourg,2016,Lignite,TJ,0
2025/12/15,Luxembourg,2022,OtherSolidFuels,TJ,0
2025/12/15,Spain,2019,Installed capacity,MW,98653.40710067749
2025/12/15,Denmark,2017,SO2,tonnes,2042.5839699999997
2025/12/15,Austria,2018,NOX,tonnes,6420.11633
2025/12/15,Spain,2018,LiquidFuels,TJ,100379.015685176
2025/12/15,Greece,2019,OtherGases,TJ,41737.340000000004
2025/12/15,Spain,2021,OtherSolidFuels,TJ,2282.7771000000002
2025/12/15,Finland,2016,LiquidFuels,TJ,6053.81
2025/12/15,Netherlands,2018,NaturalGas,TJ,417501.607435
2025/12/15,Sweden,2023,Coal,TJ,459
2025/12/15,Denmark,2018,OtherGases,TJ,13848.9625
2025/12/15,Estonia,2018,SO2,tonnes,23457.22397
2025/12/15,Bulgaria,2021,LiquidFuels,TJ,1263
2025/12/15,Latvia,2022,LiquidFuels,TJ,608.802
2025/12/15,Germany,2018,Installed capacity,MW,270249.11999999994
2025/12/15,Sweden,2024,Installed capacity,MW,37733.1
2025/12/15,Slovenia,2022,Installed capacity,MW,6096.6
2025/12/15,Belgium,2021,Peat,TJ,0
2025/12/15,Netherlands,2019,OtherGases,TJ,210685.83969399997
2025/12/15,Portugal,2019,Biomass,TJ,9409.762654
2025/12/15,Denmark,2017,Peat,TJ,0
2025/12/15,Portugal,2019,Peat,TJ,0
2025/12/15,Spain,2016,NOX,tonnes,88258.838
2025/12/15,Belgium,2020,NOX,tonnes,8487.471
2025/12/15,Poland,2020,LiquidFuels,TJ,34247.131100000006
2025/12/15,Denmark,2021,Lignite,TJ,0
2025/12/15,Hungary,2021,Coal,TJ,137.00699999999998
2025/12/15,Romania,2021,Lignite,TJ,112569.337
2025/12/15,Slovakia,2016,Lignite,TJ,24997.559999999998
2025/12/15,Malta,2019,Lignite,TJ,0
2025/12/15,Romania,2023,OtherSolidFuels,TJ,3559.103
2025/12/15,Italy,2021,Lignite,TJ,0
2025/12/15,Italy,2017,NaturalGas,TJ,946677.5299999998
2025/12/15,Austria,2020,DUST,tonnes,231.81087
2025/12/15,Italy,2020,LiquidFuels,TJ,21999.804308000002
2025/12/15,Romania,2016,Biomass,TJ,2944.46
2025/12/15,Greece,2020,OtherGases,TJ,42536.98
2025/12/15,Belgium,2016,Coal,TJ,4042.1899999999996
2025/12/15,Serbia,2023,Installed capacity,MW,19634.75
2025/12/15,Sweden,2017,DUST,tonnes,2132.25426483
2025/12/15,United Kingdom,2016,DUST,tonnes,2531.584846
2025/12/15,Sweden,2020,DUST,tonnes,1972.3910413000003
2025/12/15,Portugal,2018,NOX,tonnes,14350.32
2025/12/15,Slovakia,2022,SO2,tonnes,3777.03970582
2025/12/15,Spain,2021,OtherGases,TJ,142303.449
2025/12/15,Bulgaria,2018,SO2,tonnes,38404
2025/12/15,Serbia,2023,Peat,TJ,0
2025/12/15,Sweden,2019,Coal,TJ,3885.24
2025/12/15,Latvia,2021,Coal,TJ,0
2025/12/15,Spain,2018,NOX,tonnes,68732.617
2025/12/15,Cyprus,2017,DUST,tonnes,383.054
2025/12/15,Italy,2021,Coal,TJ,139843.750291
2025/12/15,Germany,2019,OtherGases,TJ,379499.25
2025/12/15,Estonia,2020,SO2,tonnes,4313.888000000001
2025/12/15,Estonia,2020,NOX,tonnes,3628.2982
2025/12/15,Bulgaria,2018,NOX,tonnes,17085.5
2025/12/15,Ireland,2019,DUST,tonnes,147.42034
2025/12/15,Sweden,2017,Peat,TJ,2907.08
2025/12/15,Ireland,2017,OtherSolidFuels,TJ,0
2025/12/15,Sweden,2023,OtherGases,TJ,42984.49
2025/12/15,Portugal,2023,OtherSolidFuels,TJ,19473.762455000004
2025/12/15,Latvia,2018,Biomass,TJ,1646
2025/12/15,Denmark,2017,Installed capacity,MW,18876.22
2025/12/15,Italy,2017,SO2,tonnes,18815.607660917
2025/12/15,Finland,2021,NOX,tonnes,11700.818
2025/12/15,Belgium,2017,SO2,tonnes,2127.45073
2025/12/15,Lithuania,2019,Installed capacity,MW,12063.4
2025/12/15,Slovenia,2019,Installed capacity,MW,5840.4
2025/12/15,Hungary,2024,Installed capacity,MW,11435.854
2025/12/15,Belgium,2019,DUST,tonnes,129.385937
2025/12/15,Lithuania,2020,SO2,tonnes,7784.794000000001
2025/12/15,Slovakia,2021,Biomass,TJ,4451.6637952
2025/12/15,France,2018,NaturalGas,TJ,289174.454707
2025/12/15,Germany,2019,Biomass,TJ,32343.895
2025/12/15,Croatia,2016,NOX,tonnes,5199.7306340000005
2025/12/15,Poland,2021,Peat,TJ,0
2025/12/15,Greece,2016,Peat,TJ,0
2025/12/15,Hungary,2021,Lignite,TJ,0
2025/12/15,Austria,2020,Peat,TJ,0
2025/12/15,Bulgaria,2016,DUST,tonnes,1299
2025/12/15,Greece,2021,NOX,tonnes,43297.246
2025/12/15,Poland,2022,SO2,tonnes,100081.6615329
2025/12/15,Netherlands,2022,DUST,tonnes,199.56992399999993
2025/12/15,Austria,2016,NOX,tonnes,6352.439999999999
2025/12/15,Netherlands,2019,NaturalGas,TJ,487617.409897
2025/12/15,France,2018,OtherGases,TJ,119172.75569999998
2025/12/15,Spain,2018,OtherSolidFuels,TJ,132982.274
2025/12/15,Netherlands,2016,Lignite,TJ,0
2025/12/15,Ireland,2023,LiquidFuels,TJ,2463.7899999999995
2025/12/15,Serbia,2019,OtherSolidFuels,TJ,0
2025/12/15,Cyprus,2019,Biomass,TJ,0
2025/12/15,Estonia,2020,OtherSolidFuels,TJ,25778
2025/12/15,Finland,2020,Installed capacity,MW,30055.899999999998
2025/12/15,Serbia,2019,NOX,tonnes,39210.590000000004
2025/12/15,Finland,2023,Peat,TJ,11754.6
2025/12/15,Netherlands,2018,LiquidFuels,TJ,5181.714250000001
2025/12/15,Ireland,2017,NOX,tonnes,8125.410000000002
2025/12/15,France,2022,Coal,TJ,52717.465099999994
2025/12/15,Romania,2022,LiquidFuels,TJ,685.014
2025/12/15,Austria,2021,OtherGases,TJ,49970.786244999996
2025/12/15,Austria,2017,Coal,TJ,0
2025/12/15,Czechia,2022,OtherSolidFuels,TJ,8554.557624000001
2025/12/15,Finland,2022,Biomass,TJ,60047.899999999994
2025/12/15,Netherlands,2021,OtherSolidFuels,TJ,4833.81246
2025/12/15,Czechia,2021,DUST,tonnes,1577.9429309999996
2025/12/15,Greece,2016,SO2,tonnes,35533.285832167996
2025/12/15,Croatia,2020,DUST,tonnes,102.172
2025/12/15,Italy,2017,LiquidFuels,TJ,34949.97
2025/12/15,Portugal,2021,OtherSolidFuels,TJ,19770.40284
2025/12/15,Cyprus,2017,Peat,TJ,0
2025/12/15,Serbia,2024,Biomass,TJ,0
2025/12/15,Ireland,2024,Coal,TJ,6724.01
2025/12/15,Slovakia,2018,Lignite,TJ,22355.096654
2025/12/15,Greece,2021,OtherSolidFuels,TJ,0
2025/12/15,Malta,2017,Biomass,TJ,0
2025/12/15,Slovenia,2023,OtherGases,TJ,0
2025/12/15,Germany,2022,DUST,tonnes,2339.7659999999996
2025/12/15,France,2021,NOX,tonnes,33124.206722999996
2025/12/15,Malta,2018,NOX,tonnes,281.82
2025/12/15,Luxembourg,2019,SO2,tonnes,1e-5
2025/12/15,Ireland,2023,SO2,tonnes,724.574606
2025/12/15,Belgium,2018,Biomass,TJ,32164.858892000004
2025/12/15,Lithuania,2021,OtherSolidFuels,TJ,816.27
2025/12/15,Germany,2023,CONFIDENTIAL,TJ,0
2025/12/15,Finland,2016,DUST,tonnes,867.62
2025/12/15,Greece,2021,SO2,tonnes,22278.896641
2025/12/15,Italy,2022,LiquidFuels,TJ,40299.885405
2025/12/15,Czechia,2016,OtherSolidFuels,TJ,12467.740000000002
2025/12/15,Denmark,2020,Peat,TJ,0
2025/12/15,Greece,2022,OtherGases,TJ,37154.39
2025/12/15,France,2024,Installed capacity,MW,68031
2025/12/15,Poland,2021,DUST,tonnes,6763.299209999999
2025/12/15,Ireland,2018,Installed capacity,MW,14528.84
2025/12/15,Hungary,2024,DUST,tonnes,38.38
2025/12/15,Finland,2024,Lignite,TJ,0
2025/12/15,Cyprus,2022,DUST,tonnes,273.124
2025/12/15,Belgium,2024,OtherSolidFuels,TJ,3335.2091960000002
2025/12/15,Romania,2024,Coal,TJ,1505.968
2025/12/15,Austria,2018,OtherSolidFuels,TJ,28502.188008
2025/12/15,Ireland,2018,Peat,TJ,19556.64
2025/12/15,Portugal,2017,Biomass,TJ,46604.1
2025/12/15,Spain,2020,Installed capacity,MW,97745.46707626343
2025/12/15,Germany,2020,OtherGases,TJ,370881.72500000003
2025/12/15,Belgium,2016,Lignite,TJ,0
2025/12/15,Finland,2018,NaturalGas,TJ,46054.53
2025/12/15,Serbia,2022,Biomass,TJ,0
2025/12/15,Finland,2024,Coal,TJ,11020.72
2025/12/15,Estonia,2022,Peat,TJ,160.32999999999998
2025/12/15,Luxembourg,2020,DUST,tonnes,0.0001
2025/12/15,Malta,2016,SO2,tonnes,1631.8
2025/12/15,Denmark,2020,Biomass,TJ,54533.696731
2025/12/15,Slovakia,2022,NaturalGas,TJ,18884.140590670002
2025/12/15,Finland,2021,LiquidFuels,TJ,5956.9580000000005
2025/12/15,France,2022,Lignite,TJ,0
2025/12/15,Austria,2019,Biomass,TJ,8087.415287000001
2025/12/15,Germany,2016,Installed capacity,MW,265237.115
2025/12/15,France,2023,DUST,tonnes,1661.229978
2025/12/15,Latvia,2020,SO2,tonnes,99.04499999999999
2025/12/15,Denmark,2019,Installed capacity,MW,19723.170000000002
2025/12/15,Romania,2023,NOX,tonnes,10826.125609
2025/12/15,Germany,2016,Peat,TJ,0
2025/12/15,Netherlands,2018,Coal,TJ,220366.209456
2025/12/15,Germany,2017,Coal,TJ,670142.6099999999
2025/12/15,Poland,2017,LiquidFuels,TJ,36966.630000000005
2025/12/15,Finland,2019,Peat,TJ,34832.89
2025/12/15,France,2021,OtherSolidFuels,TJ,2983.021484
2025/12/15,Portugal,2016,OtherSolidFuels,TJ,4720.51
2025/12/15,Cyprus,2021,Peat,TJ,0
2025/12/15,Estonia,2019,SO2,tonnes,11288.651
2025/12/15,Estonia,2021,Coal,TJ,0
2025/12/15,Estonia,2022,NaturalGas,TJ,1678.33
2025/12/15,Estonia,2017,SO2,tonnes,30393.018
2025/12/15,Latvia,2018,Coal,TJ,0
2025/12/15,Croatia,2024,Peat,TJ,0
2025/12/15,Slovenia,2020,DUST,tonnes,85.381
2025/12/15,Latvia,2016,Biomass,TJ,1747.51
2025/12/15,Croatia,2024,DUST,tonnes,72.4844
2025/12/15,Malta,2020,Coal,TJ,0
2025/12/15,Estonia,2023,Lignite,TJ,0
2025/12/15,Luxembourg,2022,DUST,tonnes,0
2025/12/15,Bulgaria,2016,OtherGases,TJ,1351
2025/12/15,Slovenia,2017,OtherSolidFuels,TJ,0
2025/12/15,Malta,2017,Coal,TJ,0
2025/12/15,Luxembourg,2020,Coal,TJ,0
2025/12/15,Malta,2020,DUST,tonnes,12.094999999999999
2025/12/15,Luxembourg,2019,NaturalGas,TJ,118
2025/12/15,Germany,2021,NOX,tonnes,103578.396
2025/12/15,Sweden,2017,LiquidFuels,TJ,5107.14
2025/12/15,Sweden,2024,Lignite,TJ,0
2025/12/15,Poland,2022,Lignite,TJ,442005
2025/12/15,Czechia,2022,Coal,TJ,33895.030736999994
2025/12/15,Greece,2023,NaturalGas,TJ,107240.48000000001
2025/12/15,Greece,2023,OtherSolidFuels,TJ,0
2025/12/15,Germany,2023,Coal,TJ,349006.5223
2025/12/15,Cyprus,2023,Installed capacity,MW,4884.5
2025/12/15,Hungary,2022,Installed capacity,MW,12092.734
2025/12/15,Portugal,2019,SO2,tonnes,5866.293029999999
2025/12/15,Romania,2021,DUST,tonnes,1201.414
2025/12/15,Ireland,2020,OtherGases,TJ,0.45
2025/12/15,Belgium,2021,OtherGases,TJ,67039.68040600001
2025/12/15,Slovenia,2024,NaturalGas,TJ,2949.453
2025/12/15,Portugal,2024,OtherSolidFuels,TJ,21880.644
2025/12/15,Luxembourg,2016,OtherGases,TJ,0
2025/12/15,Belgium,2020,Biomass,TJ,27784.98789
2025/12/15,Austria,2020,Lignite,TJ,0
2025/12/15,Belgium,2020,Peat,TJ,0
2025/12/15,United Kingdom,2016,LiquidFuels,TJ,20473.34
2025/12/15,Denmark,2024,OtherGases,TJ,12860.609424
2025/12/15,Croatia,2016,Installed capacity,MW,6255.2
2025/12/15,Bulgaria,2019,NaturalGas,TJ,29768
2025/12/15,Cyprus,2021,OtherGases,TJ,0
2025/12/15,Luxembourg,2019,Lignite,TJ,0
2025/12/15,United Kingdom,2019,NaturalGas,TJ,910396.741
2025/12/15,Poland,2019,Biomass,TJ,69041.99
2025/12/15,Finland,2020,OtherGases,TJ,7456.704
2025/12/15,Italy,2020,Installed capacity,MW,131139.731
2025/12/15,Estonia,2017,Biomass,TJ,8725.400000000001
2025/12/15,Slovakia,2018,OtherSolidFuels,TJ,0
2025/12/15,Bulgaria,2016,Lignite,TJ,173578
2025/12/15,France,2020,Coal,TJ,46081.919819
2025/12/15,Netherlands,2016,LiquidFuels,TJ,4639.0599999999995
2025/12/15,Lithuania,2016,LiquidFuels,TJ,3019.51
2025/12/15,Austria,2018,Biomass,TJ,8473.084008
2025/12/15,Estonia,2016,Installed capacity,MW,9580.004
2025/12/15,Bulgaria,2021,Installed capacity,MW,21804
2025/12/15,Malta,2018,Installed capacity,MW,1367
2025/12/15,Portugal,2023,Installed capacity,MW,11860.4
2025/12/15,Poland,2017,OtherSolidFuels,TJ,1.89
2025/12/15,Denmark,2019,Lignite,TJ,0
2025/12/15,Finland,2018,Coal,TJ,60577.638000000006
2025/12/15,Finland,2023,LiquidFuels,TJ,3004.0703
2025/12/15,Denmark,2016,Installed capacity,MW,18088.000000000004
2025/12/15,Latvia,2022,Installed capacity,MW,4285.28
2025/12/15,Greece,2020,Peat,TJ,0
2025/12/15,Greece,2022,Coal,TJ,0
2025/12/15,Croatia,2021,OtherGases,TJ,5268.87342
2025/12/15,Slovenia,2018,Peat,TJ,0
2025/12/15,Latvia,2016,Peat,TJ,0
2025/12/15,France,2020,LiquidFuels,TJ,56490.38040600001
2025/12/15,Spain,2022,NaturalGas,TJ,528413.3929133766
2025/12/15,Romania,2017,OtherGases,TJ,1290.67
2025/12/15,Belgium,2023,DUST,tonnes,91.76330000000002
2025/12/15,Greece,2020,DUST,tonnes,1420.2669999999998
2025/12/15,Ireland,2021,NOX,tonnes,6591.536000000001
2025/12/15,Latvia,2017,OtherGases,TJ,0
2025/12/15,Netherlands,2020,Lignite,TJ,0
2025/12/15,Latvia,2016,NOX,tonnes,1056.7363
2025/12/15,Slovakia,2018,LiquidFuels,TJ,9283.199982
2025/12/15,Croatia,2022,LiquidFuels,TJ,1949.8340500000002
2025/12/15,Austria,2021,Coal,TJ,1055.727
2025/12/15,Croatia,2024,OtherGases,TJ,5922
2025/12/15,Estonia,2023,Peat,TJ,34.7
2025/12/15,Belgium,2022,Biomass,TJ,19655.73746
2025/12/15,Belgium,2016,NOX,tonnes,9589.3675
2025/12/15,Finland,2017,OtherGases,TJ,5004.150000000001
2025/12/15,Slovakia,2021,OtherSolidFuels,TJ,0
2025/12/15,Estonia,2020,Coal,TJ,0
2025/12/15,Lithuania,2022,LiquidFuels,TJ,1722.7799999999995
2025/12/15,Finland,2024,DUST,tonnes,247.01425899999998
2025/12/15,Germany,2018,NaturalGas,TJ,674207.6339999998
2025/12/15,Finland,2021,Peat,TJ,21687.5
2025/12/15,France,2018,Installed capacity,MW,85605
2025/12/15,Sweden,2018,Installed capacity,MW,39565.8
2025/12/15,France,2019,Coal,TJ,57878.832022999995
2025/12/15,Romania,2021,OtherGases,TJ,1237.775
2025/12/15,Slovakia,2022,Lignite,TJ,13566.206041200001
2025/12/15,Estonia,2020,Biomass,TJ,14206.473
2025/12/15,Slovakia,2017,OtherSolidFuels,TJ,0
2025/12/15,Italy,2023,Coal,TJ,126893.18727499999
2025/12/15,Poland,2024,Coal,TJ,619280.2999999998
2025/12/15,Spain,2016,Installed capacity,MW,112229
2025/12/15,Finland,2021,DUST,tonnes,276.2185
2025/12/15,Spain,2024,OtherSolidFuels,TJ,2243.9129999999996
2025/12/15,Germany,2023,Biomass,TJ,41627.041999999994
2025/12/15,France,2017,Coal,TJ,141235
2025/12/15,Serbia,2024,OtherSolidFuels,TJ,48.44
2025/12/15,Czechia,2019,Coal,TJ,30192.364735
2025/12/15,Cyprus,2017,Biomass,TJ,0
2025/12/15,Ireland,2022,SO2,tonnes,3013.4927609999995
2025/12/15,Finland,2023,OtherGases,TJ,7149.56
2025/12/15,Lithuania,2016,NaturalGas,TJ,17723.690000000002
2025/12/15,Italy,2021,SO2,tonnes,9651.192566
2025/12/15,Luxembourg,2018,NaturalGas,TJ,115
2025/12/15,United Kingdom,2018,Coal,TJ,166374.74300000002
2025/12/15,Estonia,2023,Installed capacity,MW,8970.244
2025/12/15,Romania,2020,OtherGases,TJ,822.212
2025/12/15,Estonia,2017,Coal,TJ,0
2025/12/15,Ireland,2019,LiquidFuels,TJ,3426.3199999999997
2025/12/15,Lithuania,2022,NaturalGas,TJ,54305.63999999999
2025/12/15,Czechia,2018,OtherGases,TJ,36438.668482
2025/12/15,Italy,2022,NOX,tonnes,36184.226425999994
2025/12/15,France,2017,LiquidFuels,TJ,80114
2025/12/15,Hungary,2016,Peat,TJ,0
2025/12/15,Lithuania,2021,Biomass,TJ,16414
2025/12/15,Netherlands,2017,SO2,tonnes,7620.7887
2025/12/15,Spain,2023,Installed capacity,MW,86030.33535476685
2025/12/15,Cyprus,2018,SO2,tonnes,15378.45
2025/12/15,Netherlands,2019,Coal,TJ,143724.836298
2025/12/15,Belgium,2016,OtherSolidFuels,TJ,1898.1100000000001
2025/12/15,Austria,2018,Coal,TJ,9562.385893
2025/12/15,Hungary,2016,NOX,tonnes,8641.966999999999
2025/12/15,Czechia,2022,NaturalGas,TJ,54500.821217000004
2025/12/15,Portugal,2017,OtherSolidFuels,TJ,4491.36
2025/12/15,Sweden,2016,OtherSolidFuels,TJ,0
2025/12/15,Germany,2018,LiquidFuels,TJ,58053.83699999999
2025/12/15,Germany,2021,OtherSolidFuels,TJ,6756.947999999999
2025/12/15,Austria,2021,LiquidFuels,TJ,11593.235632
2025/12/15,Croatia,2018,SO2,tonnes,3623.299
2025/12/15,Sweden,2020,NOX,tonnes,13079.199599999998
2025/12/15,Netherlands,2023,SO2,tonnes,5580.322050000001
2025/12/15,Lithuania,2018,Lignite,TJ,3.83
2025/12/15,Cyprus,2016,SO2,tonnes,14595.046999999999
2025/12/15,Belgium,2019,Lignite,TJ,0
2025/12/15,Spain,2022,LiquidFuels,TJ,100136.78882384261
2025/12/15,Serbia,2022,OtherSolidFuels,TJ,0
2025/12/15,Germany,2017,NOX,tonnes,145528.37799999997
2025/12/15,Austria,2019,NOX,tonnes,6142.68885
2025/12/15,Croatia,2023,Installed capacity,MW,4955.192
2025/12/15,Hungary,2016,DUST,tonnes,214.6657
2025/12/15,Netherlands,2016,NaturalGas,TJ,392267.38999999996
2025/12/15,Austria,2022,OtherGases,TJ,43190.69354800001
2025/12/15,Serbia,2020,OtherGases,TJ,5156.54
2025/12/15,Estonia,2019,Lignite,TJ,0
2025/12/15,Finland,2017,DUST,tonnes,573.2871
2025/12/15,Netherlands,2017,NaturalGas,TJ,422540.01
2025/12/15,Italy,2019,OtherGases,TJ,292802.325553
2025/12/15,Poland,2023,OtherGases,TJ,31991.127349999995
2025/12/15,Germany,2016,OtherGases,TJ,432295.01999999996
2025/12/15,Finland,2024,NOX,tonnes,7131.509840000001
2025/12/15,Serbia,2022,SO2,tonnes,309496.71203
2025/12/15,Belgium,2023,NOX,tonnes,6778.264
2025/12/15,Romania,2023,NaturalGas,TJ,79300.17773400001
2025/12/15,Greece,2024,OtherSolidFuels,TJ,0
2025/12/15,Ireland,2021,DUST,tonnes,418.90287199999995
2025/12/15,Germany,2022,Lignite,TJ,566448.0679999999
2025/12/15,Slovakia,2018,NaturalGas,TJ,21666.088420999997
2025/12/15,Sweden,2021,Coal,TJ,246
2025/12/15,Sweden,2021,Biomass,TJ,243086.24000000002
2025/12/15,Serbia,2023,LiquidFuels,TJ,6835.609999999999
2025/12/15,Belgium,2023,Peat,TJ,0
2025/12/15,Belgium,2024,Coal,TJ,60.861
2025/12/15,Slovenia,2024,LiquidFuels,TJ,83.415
2025/12/15,Slovenia,2018,DUST,tonnes,79.256
2025/12/15,Portugal,2017,NOX,tonnes,15889.9028
2025/12/15,Latvia,2016,DUST,tonnes,5.8831940000000005
2025/12/15,Malta,2021,Coal,TJ,0
2025/12/15,Bulgaria,2020,NaturalGas,TJ,28934
2025/12/15,Slovenia,2022,OtherGases,TJ,0
2025/12/15,Bulgaria,2017,Coal,TJ,50497
2025/12/15,Luxembourg,2018,LiquidFuels,TJ,0.104
2025/12/15,Malta,2017,SO2,tonnes,573.6
2025/12/15,Malta,2018,Biomass,TJ,0
2025/12/15,Malta,2019,Installed capacity,MW,1367
2025/12/15,Luxembourg,2023,Installed capacity,MW,89
2025/12/15,Luxembourg,2023,Peat,TJ,0
2025/12/15,Luxembourg,2024,OtherSolidFuels,TJ,0
2025/12/15,France,2020,Installed capacity,MW,71198
2025/12/15,Finland,2020,SO2,tonnes,4974.6891
2025/12/15,Croatia,2017,DUST,tonnes,218.01723
2025/12/15,France,2022,OtherSolidFuels,TJ,4003.904785
2025/12/15,Slovenia,2019,SO2,tonnes,1402.818
2025/12/15,Finland,2020,Peat,TJ,24615.5
2025/12/15,Cyprus,2019,NaturalGas,TJ,0
2025/12/15,Belgium,2023,Coal,TJ,254.887
2025/12/15,Estonia,2024,Peat,TJ,0
2025/12/15,Portugal,2016,Installed capacity,MW,16895.7
2025/12/15,Romania,2017,SO2,tonnes,43657.77600000001
2025/12/15,Netherlands,2017,DUST,tonnes,351.69825375499994
2025/12/15,Sweden,2019,DUST,tonnes,2321.1577039999997
2025/12/15,Austria,2016,DUST,tonnes,340.19
2025/12/15,Italy,2020,Coal,TJ,132311.981928
2025/12/15,United Kingdom,2017,Lignite,TJ,0
2025/12/15,Netherlands,2024,Biomass,TJ,38532.111725
2025/12/15,France,2023,OtherGases,TJ,115699.48575999998
2025/12/15,Finland,2019,OtherSolidFuels,TJ,1331.6
2025/12/15,Finland,2022,LiquidFuels,TJ,9854.087
2025/12/15,Slovenia,2024,OtherSolidFuels,TJ,0
2025/12/15,Czechia,2022,Installed capacity,MW,39121.9
2025/12/15,Latvia,2020,NOX,tonnes,928.0020000000001
2025/12/15,Ireland,2018,DUST,tonnes,228.20228
2025/12/15,Poland,2017,Lignite,TJ,497275.22000000003
2025/12/15,Poland,2024,Peat,TJ,0
2025/12/15,Portugal,2022,Coal,TJ,0
2025/12/15,Denmark,2017,NaturalGas,TJ,11054.919999999998
2025/12/15,Estonia,2018,NaturalGas,TJ,4019.2493
2025/12/15,Belgium,2018,Coal,TJ,1206.711
2025/12/15,Denmark,2023,OtherSolidFuels,TJ,115.63900000000001
2025/12/15,France,2019,Installed capacity,MW,75457
2025/12/15,Belgium,2022,NOX,tonnes,7682.661999999999
2025/12/15,Poland,2016,DUST,tonnes,14268.937057562996
2025/12/15,Austria,2022,DUST,tonnes,177.447771
2025/12/15,Finland,2020,NOX,tonnes,11054.9849
2025/12/15,Croatia,2021,Installed capacity,MW,4362.892
2025/12/15,Bulgaria,2023,NaturalGas,TJ,26066
2025/12/15,Serbia,2020,OtherSolidFuels,TJ,0
2025/12/15,Netherlands,2020,Peat,TJ,0
2025/12/15,Netherlands,2019,Biomass,TJ,28152.153364
2025/12/15,Sweden,2021,Peat,TJ,1129
2025/12/15,Finland,2021,Coal,TJ,32079.93
2025/12/15,Austria,2024,LiquidFuels,TJ,11006.907639
2025/12/15,Austria,2017,NaturalGas,TJ,98519.32000000002
2025/12/15,Bulgaria,2022,Coal,TJ,19128
2025/12/15,United Kingdom,2018,Installed capacity,MW,131932.07
2025/12/15,France,2024,SO2,tonnes,14609.235784999999
2025/12/15,Serbia,2023,SO2,tonnes,324664.77748
2025/12/15,Ireland,2024,NOX,tonnes,3563.0854020000006
2025/12/15,Malta,2022,SO2,tonnes,23.130000000000003
2025/12/15,Slovakia,2016,OtherSolidFuels,TJ,0
2025/12/15,Poland,2021,OtherGases,TJ,37069.13129
2025/12/15,Romania,2021,OtherSolidFuels,TJ,2541.869
2025/12/15,Greece,2022,Biomass,TJ,0
2025/12/15,Austria,2016,Peat,TJ,0
2025/12/15,Sweden,2017,OtherGases,TJ,45489.23
2025/12/15,Belgium,2018,LiquidFuels,TJ,2545.304741
2025/12/15,Slovakia,2017,OtherGases,TJ,15455.45
2025/12/15,Bulgaria,2023,Biomass,TJ,15528
2025/12/15,Cyprus,2018,Biomass,TJ,0
2025/12/15,Serbia,2022,NaturalGas,TJ,23671.679999999997
2025/12/15,Malta,2022,OtherSolidFuels,TJ,0
2025/12/15,Netherlands,2020,Installed capacity,MW,62732.3
2025/12/15,United Kingdom,2018,NOX,tonnes,66477.704
2025/12/15,Denmark,2019,DUST,tonnes,187.78342300000006
2025/12/15,France,2017,NaturalGas,TJ,349202
2025/12/15,Austria,2020,OtherGases,TJ,46934.192864000004
2025/12/15,Poland,2017,Coal,TJ,941930.2999999999
2025/12/15,Denmark,2023,LiquidFuels,TJ,3286.0603840000003
2025/12/15,Belgium,2021,NaturalGas,TJ,167119.24671799998
2025/12/15,Slovakia,2021,NaturalGas,TJ,35777.278467790005
2025/12/15,Portugal,2022,NaturalGas,TJ,116322.99623855627
2025/12/15,Romania,2018,Coal,TJ,15878.543000000001
2025/12/15,Romania,2021,Coal,TJ,5201.4529999999995
2025/12/15,Lithuania,2016,SO2,tonnes,3634.2205999999996
2025/12/15,Slovenia,2019,NOX,tonnes,2974.331
2025/12/15,Bulgaria,2018,OtherGases,TJ,323
2025/12/15,Czechia,2017,OtherSolidFuels,TJ,13438.2
2025/12/15,Germany,2020,Lignite,TJ,438336.402
2025/12/15,Denmark,2017,OtherGases,TJ,12397.390000000001
2025/12/15,Slovakia,2019,LiquidFuels,TJ,9047.17411012
2025/12/15,Cyprus,2018,Peat,TJ,0
2025/12/15,Poland,2024,DUST,tonnes,2641.073991048
2025/12/15,Spain,2020,DUST,tonnes,975.1039782500002
2025/12/15,Portugal,2022,OtherGases,TJ,15965.57543222
2025/12/15,Portugal,2017,NaturalGas,TJ,124189.39000000001
2025/12/15,Lithuania,2019,Peat,TJ,0
2025/12/15,Spain,2017,DUST,tonnes,4568.9132
2025/12/15,Finland,2017,SO2,tonnes,11924.3775
2025/12/15,Cyprus,2020,Installed capacity,MW,4884.5
2025/12/15,Romania,2020,SO2,tonnes,23302.261000000002
2025/12/15,Croatia,2022,SO2,tonnes,722.3499800000001
2025/12/15,Germany,2020,Coal,TJ,356843.69099999993
2025/12/15,Sweden,2018,Peat,TJ,3854.8
2025/12/15,Luxembourg,2019,OtherGases,TJ,0
2025/12/15,Slovenia,2016,Biomass,TJ,1385.29
2025/12/15,Germany,2016,DUST,tonnes,3544.0879999999997
2025/12/15,United Kingdom,2016,SO2,tonnes,35941.37237999999
2025/12/15,Germany,2018,NOX,tonnes,137036.886
2025/12/15,Germany,2018,SO2,tonnes,72320.736
2025/12/15,Greece,2016,NOX,tonnes,59931.53766369718
2025/12/15,Czechia,2017,SO2,tonnes,64496.587337
2025/12/15,Lithuania,2022,SO2,tonnes,7259
2025/12/15,Greece,2016,OtherGases,TJ,38923.75
2025/12/15,Romania,2024,DUST,tonnes,425.83500000000004
2025/12/15,Malta,2016,Installed capacity,MW,1245
2025/12/15,Estonia,2021,NOX,tonnes,4023.92
2025/12/15,Latvia,2017,SO2,tonnes,131.5791
2025/12/15,Netherlands,2016,OtherSolidFuels,TJ,2785.7699999999995
2025/12/15,Slovakia,2021,OtherGases,TJ,4835.21297564
2025/12/15,Croatia,2019,Coal,TJ,14954.03744
2025/12/15,Serbia,2023,NaturalGas,TJ,20196.449999999997
2025/12/15,Bulgaria,2017,Peat,TJ,0
2025/12/15,Lithuania,2020,Installed capacity,MW,12063.4
2025/12/15,Sweden,2022,DUST,tonnes,1544.0587460000002
2025/12/15,Romania,2020,NOX,tonnes,18237.135
2025/12/15,Bulgaria,2019,Installed capacity,MW,21804
2025/12/15,Austria,2017,LiquidFuels,TJ,13567.08
2025/12/15,Spain,2019,OtherSolidFuels,TJ,31912.886
2025/12/15,Denmark,2020,NaturalGas,TJ,9052.67
2025/12/15,Cyprus,2017,OtherGases,TJ,0
2025/12/15,Serbia,2021,Lignite,TJ,258094.78999999998
2025/12/15,Denmark,2020,OtherGases,TJ,13329.90099
2025/12/15,France,2017,Installed capacity,MW,86843
2025/12/15,Italy,2018,DUST,tonnes,681.4549430000001
2025/12/15,Lithuania,2016,NOX,tonnes,1727.7170000000003
2025/12/15,Slovenia,2021,DUST,tonnes,64.471
2025/12/15,Ireland,2024,Installed capacity,MW,12270.84
2025/12/15,Germany,2018,OtherSolidFuels,TJ,2442.11
2025/12/15,United Kingdom,2019,Lignite,TJ,0
2025/12/15,Hungary,2021,OtherSolidFuels,TJ,860.746
2025/12/15,Belgium,2018,OtherSolidFuels,TJ,12251.924850000001
2025/12/15,France,2019,Peat,TJ,0
2025/12/15,Poland,2019,Lignite,TJ,394941.89999999997
2025/12/15,Croatia,2021,Peat,TJ,0
2025/12/15,Romania,2022,OtherGases,TJ,584.684
2025/12/15,Greece,2022,Peat,TJ,0
2025/12/15,Greece,2016,OtherSolidFuels,TJ,0
2025/12/15,Cyprus,2019,OtherGases,TJ,0
2025/12/15,Poland,2018,NOX,tonnes,133393.358
2025/12/15,France,2019,DUST,tonnes,1951.842478
2025/12/15,Spain,2017,Coal,TJ,443085.53
2025/12/15,Lithuania,2021,Installed capacity,MW,12063.400000000001
2025/12/15,Estonia,2017,NOX,tonnes,9104.94
2025/12/15,Germany,2024,LiquidFuels,TJ,67220.052268
2025/12/15,Poland,2020,Coal,TJ,779628.8986
2025/12/15,Cyprus,2021,OtherSolidFuels,TJ,0
2025/12/15,Bulgaria,2021,Lignite,TJ,171573
2025/12/15,Austria,2017,DUST,tonnes,310.231
2025/12/15,Denmark,2024,SO2,tonnes,1464.9123480000005
2025/12/15,Lithuania,2019,DUST,tonnes,871.3903
2025/12/15,Croatia,2021,DUST,tonnes,95.75515
2025/12/15,Netherlands,2022,Biomass,TJ,57105.94162299999
2025/12/15,Finland,2021,Lignite,TJ,0
2025/12/15,Lithuania,2017,NaturalGas,TJ,9711.87
2025/12/15,France,2024,Peat,TJ,0
2025/12/15,Italy,2016,LiquidFuels,TJ,33987.170000000006
2025/12/15,Austria,2019,OtherGases,TJ,48956.658744
2025/12/15,Portugal,2017,LiquidFuels,TJ,3152.17
2025/12/15,Denmark,2024,NOX,tonnes,3691.2167109999996
2025/12/15,Netherlands,2017,Peat,TJ,0
2025/12/15,Italy,2020,Lignite,TJ,0
2025/12/15,Spain,2020,OtherGases,TJ,115100.71299999999
2025/12/15,Hungary,2018,Coal,TJ,3730.54
2025/12/15,Czechia,2020,Biomass,TJ,17115.747905999997
2025/12/15,Ireland,2018,OtherGases,TJ,1.49
2025/12/15,Slovenia,2022,OtherSolidFuels,TJ,1.29
2025/12/15,Netherlands,2017,Installed capacity,MW,63514.58
2025/12/15,Ireland,2019,SO2,tonnes,2234.0692000000004
2025/12/15,Croatia,2023,Biomass,TJ,0
2025/12/15,Poland,2020,Lignite,TJ,364608.89999999997
2025/12/15,United Kingdom,2017,Coal,TJ,212299
2025/12/15,Estonia,2022,OtherSolidFuels,TJ,54945.2
2025/12/15,Slovenia,2024,SO2,tonnes,662.7328899999999
2025/12/15,Latvia,2022,Lignite,TJ,0
2025/12/15,Cyprus,2023,Biomass,TJ,0
2025/12/15,Malta,2021,Peat,TJ,0
2025/12/15,Slovenia,2023,Biomass,TJ,1635.123
2025/12/15,Luxembourg,2016,Peat,TJ,0
2025/12/15,Croatia,2016,Lignite,TJ,0
2025/12/15,Malta,2021,Installed capacity,MW,1367
2025/12/15,Luxembourg,2024,SO2,tonnes,0
2025/12/15,Luxembourg,2021,DUST,tonnes,0
2025/12/15,Luxembourg,2016,DUST,tonnes,0.000119
2025/12/15,France,2017,SO2,tonnes,41540.921444746105
2025/12/15,Hungary,2024,OtherSolidFuels,TJ,274.718
2025/12/15,Belgium,2020,OtherSolidFuels,TJ,2557.99596
2025/12/15,Poland,2019,Peat,TJ,0
2025/12/15,Bulgaria,2019,SO2,tonnes,34294
2025/12/15,Greece,2024,Peat,TJ,0
2025/12/15,Belgium,2018,Lignite,TJ,0
2025/12/15,Cyprus,2022,LiquidFuels,TJ,40704.6
2025/12/15,Netherlands,2019,NOX,tonnes,27074.507611000005
2025/12/15,Slovakia,2020,Coal,TJ,11745.314896
2025/12/15,Denmark,2017,OtherSolidFuels,TJ,0
2025/12/15,Belgium,2020,NaturalGas,TJ,177986.97634199998
2025/12/15,Italy,2023,NaturalGas,TJ,762119.0008630002
2025/12/15,Portugal,2023,DUST,tonnes,427.04682
2025/12/15,Bulgaria,2019,OtherSolidFuels,TJ,11193
2025/12/15,Portugal,2016,Lignite,TJ,0
2025/12/15,Estonia,2023,Biomass,TJ,13447.3
2025/12/15,Netherlands,2020,OtherGases,TJ,221897.76420400004
2025/12/15,Serbia,2021,Peat,TJ,0
2025/12/15,Slovakia,2018,Biomass,TJ,4134.863383
2025/12/15,Ireland,2022,LiquidFuels,TJ,10777.02
2025/12/15,Greece,2018,OtherGases,TJ,44521
2025/12/15,Portugal,2019,OtherSolidFuels,TJ,38856.404
2025/12/15,Latvia,2019,Biomass,TJ,1747
2025/12/15,Malta,2021,Biomass,TJ,0
2025/12/15,Poland,2021,Coal,TJ,911709.38
2025/12/15,Sweden,2021,NaturalGas,TJ,3508.5600000000004
2025/12/15,Sweden,2017,Installed capacity,MW,38116.549999999996
2025/12/15,Netherlands,2016,Installed capacity,MW,65203.58000000001
2025/12/15,Hungary,2023,Installed capacity,MW,11811.954000000002
2025/12/15,Spain,2023,LiquidFuels,TJ,86127.012409373
2025/12/15,Denmark,2018,LiquidFuels,TJ,8243.32042
2025/12/15,Croatia,2023,NaturalGas,TJ,40913.4645
2025/12/15,Italy,2020,DUST,tonnes,412.91545399999995
2025/12/15,Denmark,2016,Peat,TJ,0
2025/12/15,Spain,2019,LiquidFuels,TJ,66804.178335142
2025/12/15,Finland,2018,Biomass,TJ,61304.751000000004
2025/12/15,Greece,2017,Peat,TJ,0
2025/12/15,Belgium,2022,Lignite,TJ,0
2025/12/15,Ireland,2018,Lignite,TJ,0
2025/12/15,Austria,2018,LiquidFuels,TJ,11238.706717000001
2025/12/15,Latvia,2021,NaturalGas,TJ,18223.596999999998
2025/12/15,Slovenia,2020,Biomass,TJ,1123.779
2025/12/15,Romania,2017,NOX,tonnes,28699.961999999996
2025/12/15,Hungary,2020,SO2,tonnes,641.9584999999998
2025/12/15,Germany,2019,SO2,tonnes,55700.201
2025/12/15,Spain,2024,DUST,tonnes,496.64626999999996
2025/12/15,France,2019,Lignite,TJ,0
2025/12/15,Sweden,2024,Biomass,TJ,229828.09999999998
2025/12/15,Germany,2016,Lignite,TJ,834700.33
2025/12/15,France,2023,Biomass,TJ,78411.21454199999
2025/12/15,Austria,2024,NaturalGas,TJ,65303.122396
2025/12/15,Greece,2017,OtherGases,TJ,40939.170000000006
2025/12/15,Finland,2022,Lignite,TJ,0
2025/12/15,Italy,2022,Coal,TJ,222034.232088
2025/12/15,Finland,2022,NOX,tonnes,11373.4328
2025/12/15,Belgium,2017,Installed capacity,MW,19403.413
2025/12/15,France,2022,NOX,tonnes,35200.998008999995
2025/12/15,Cyprus,2022,NOX,tonnes,2778.3
2025/12/15,Lithuania,2021,Lignite,TJ,0
2025/12/15,Croatia,2020,OtherSolidFuels,TJ,635.09066
2025/12/15,Ireland,2021,OtherGases,TJ,0.48
2025/12/15,Estonia,2024,NaturalGas,TJ,3082.3900000000003
2025/12/15,Spain,2016,DUST,tonnes,3782.093
2025/12/15,Greece,2017,OtherSolidFuels,TJ,0
2025/12/15,United Kingdom,2019,OtherGases,TJ,133741.95
2025/12/15,France,2023,Coal,TJ,26084.363600000004
2025/12/15,Austria,2017,Lignite,TJ,0
2025/12/15,Bulgaria,2018,OtherSolidFuels,TJ,10884
2025/12/15,Serbia,2021,LiquidFuels,TJ,5466.569999999999
2025/12/15,Latvia,2018,SO2,tonnes,120.214
2025/12/15,Lithuania,2019,NaturalGas,TJ,54289.71169900001
2025/12/15,Latvia,2017,NOX,tonnes,847.212
2025/12/15,Austria,2016,NaturalGas,TJ,83034.05999999998
2025/12/15,Croatia,2021,Coal,TJ,13078.85924
2025/12/15,Slovenia,2019,OtherGases,TJ,0
2025/12/15,Portugal,2017,Peat,TJ,0
2025/12/15,Czechia,2019,LiquidFuels,TJ,3418.9676870000003
2025/12/15,Germany,2024,Coal,TJ,247530.8123
2025/12/15,Spain,2018,Coal,TJ,193402.0457
2025/12/15,Slovakia,2017,Biomass,TJ,3842.9399999999996
2025/12/15,Poland,2022,Biomass,TJ,66586.83611999999
2025/12/15,Cyprus,2019,SO2,tonnes,14197.880000000001
2025/12/15,Luxembourg,2024,NOX,tonnes,15.4
2025/12/15,Slovenia,2019,Peat,TJ,0
2025/12/15,Germany,2021,DUST,tonnes,2035.002
2025/12/15,Finland,2019,LiquidFuels,TJ,5135.088
2025/12/15,Denmark,2023,Lignite,TJ,0
2025/12/15,Bulgaria,2017,NOX,tonnes,19441
2025/12/15,Slovakia,2018,Installed capacity,MW,9716.957999999999
2025/12/15,Hungary,2019,Installed capacity,MW,15021.822
2025/12/15,Romania,2023,Installed capacity,MW,36321.502
2025/12/15,Greece,2024,Installed capacity,MW,28695.417
2025/12/15,Slovakia,2020,NaturalGas,TJ,31217.76630065
2025/12/15,Netherlands,2022,SO2,tonnes,4724.731654
2025/12/15,United Kingdom,2017,NOX,tonnes,78530.71995801
2025/12/15,Poland,2024,LiquidFuels,TJ,45704.147000000004
2025/12/15,Denmark,2022,LiquidFuels,TJ,5803.073810000001
2025/12/15,Hungary,2016,OtherSolidFuels,TJ,2799.57
2025/12/15,Denmark,2020,OtherSolidFuels,TJ,166.853
2025/12/15,Greece,2020,OtherSolidFuels,TJ,0
2025/12/15,Cyprus,2023,NOX,tonnes,3404.521
2025/12/15,Belgium,2023,OtherSolidFuels,TJ,2913.40532
2025/12/15,Ireland,2022,Peat,TJ,2094
2025/12/15,Bulgaria,2021,NaturalGas,TJ,33896
2025/12/15,Poland,2024,Lignite,TJ,329089.2
2025/12/15,Poland,2017,Peat,TJ,0
2025/12/15,Slovakia,2016,SO2,tonnes,12104.8319147866
2025/12/15,Belgium,2016,DUST,tonnes,152.728255
2025/12/15,Ireland,2016,SO2,tonnes,3914.64
2025/12/15,Slovenia,2016,Peat,TJ,0
2025/12/15,Poland,2016,OtherSolidFuels,TJ,5.45
2025/12/15,Poland,2018,LiquidFuels,TJ,34688.10770000001
2025/12/15,Finland,2023,OtherSolidFuels,TJ,735.115
2025/12/15,Hungary,2016,OtherGases,TJ,24741.38
2025/12/15,Belgium,2016,Biomass,TJ,35312.670000000006
2025/12/15,Croatia,2019,Installed capacity,MW,4566.556
2025/12/15,Portugal,2022,SO2,tonnes,2547.7834599999996
2025/12/15,Netherlands,2024,Lignite,TJ,0
2025/12/15,United Kingdom,2016,OtherSolidFuels,TJ,0
2025/12/15,Greece,2023,Coal,TJ,0
2025/12/15,Estonia,2019,Biomass,TJ,12526
2025/12/15,Belgium,2017,NaturalGas,TJ,167306.41000000003
2025/12/15,Slovakia,2018,Coal,TJ,22182.260974
2025/12/15,Slovenia,2016,OtherGases,TJ,0
2025/12/15,Poland,2018,OtherGases,TJ,45787.438400000014
2025/12/15,Germany,2017,OtherGases,TJ,424802.45
2025/12/15,France,2016,OtherGases,TJ,125841
2025/12/15,Belgium,2022,Peat,TJ,0
2025/12/15,Hungary,2018,Installed capacity,MW,14957.490000000002
2025/12/15,Romania,2019,Installed capacity,MW,32654.002
2025/12/15,Slovenia,2018,Installed capacity,MW,5840.4
2025/12/15,Sweden,2016,Biomass,TJ,144845.23000000004
2025/12/15,Belgium,2018,NaturalGas,TJ,173327.985653
2025/12/15,Cyprus,2016,Lignite,TJ,0
2025/12/15,Germany,2023,DUST,tonnes,1755.6912479999999
2025/12/15,Serbia,2020,NOX,tonnes,42451.16
2025/12/15,Austria,2022,Peat,TJ,0
2025/12/15,Serbia,2022,Coal,TJ,4015
2025/12/15,United Kingdom,2018,SO2,tonnes,23075.80902
2025/12/15,Slovakia,2019,SO2,tonnes,4113.243227
2025/12/15,Sweden,2016,Coal,TJ,4153.57
2025/12/15,Greece,2019,Coal,TJ,0
2025/12/15,Hungary,2022,NaturalGas,TJ,66271.95700000001
2025/12/15,Germany,2024,CONFIDENTIAL,TJ,0
2025/12/15,Croatia,2022,OtherGases,TJ,4541.42827
2025/12/15,Portugal,2024,Installed capacity,MW,11860.4
2025/12/15,Ireland,2024,SO2,tonnes,326.422035
2025/12/15,Serbia,2021,NOX,tonnes,38272.521
2025/12/15,Bulgaria,2022,LiquidFuels,TJ,922
2025/12/15,Sweden,2021,OtherSolidFuels,TJ,0
2025/12/15,Romania,2019,Biomass,TJ,3142.38
2025/12/15,Poland,2023,Peat,TJ,0
2025/12/15,Germany,2017,Biomass,TJ,45837.33
2025/12/15,Hungary,2017,OtherGases,TJ,21982.48
2025/12/15,Denmark,2023,NaturalGas,TJ,7568.181094
2025/12/15,Belgium,2023,OtherGases,TJ,71260.13080999999
2025/12/15,Austria,2018,Peat,TJ,0
2025/12/15,France,2020,NaturalGas,TJ,309415.850209
2025/12/15,Hungary,2023,Lignite,TJ,0
2025/12/15,Portugal,2020,OtherGases,TJ,16068.902063836029
2025/12/15,Cyprus,2021,NOX,tonnes,2916.7999999999997
2025/12/15,Hungary,2024,OtherGases,TJ,16584.128999999997
2025/12/15,Latvia,2021,Lignite,TJ,0
2025/12/15,Luxembourg,2023,OtherSolidFuels,TJ,0
2025/12/15,Latvia,2022,DUST,tonnes,11.26
2025/12/15,Malta,2021,LiquidFuels,TJ,442.7
2025/12/15,Slovakia,2021,DUST,tonnes,220.54636299999999
2025/12/15,Latvia,2023,Installed capacity,MW,4132.35
2025/12/15,Malta,2016,NOX,tonnes,978.5
2025/12/15,Malta,2020,OtherSolidFuels,TJ,0
2025/12/15,Malta,2018,DUST,tonnes,6.374000000000001
2025/12/15,Slovenia,2021,SO2,tonnes,1313.3839999999998
2025/12/15,Luxembourg,2016,NOX,tonnes,4.167
2025/12/15,Luxembourg,2024,DUST,tonnes,0
2025/12/15,Luxembourg,2018,Coal,TJ,0
2025/12/15,Luxembourg,2020,NaturalGas,TJ,119
2025/12/15,Luxembourg,2022,Installed capacity,MW,89
2025/12/15,Denmark,2021,DUST,tonnes,232.744391
2025/12/15,Czechia,2019,Biomass,TJ,15492.987163000002
2025/12/15,Slovakia,2017,NaturalGas,TJ,21181.149999999998
2025/12/15,Slovakia,2018,SO2,tonnes,6714.071043000001
2025/12/15,Ireland,2016,Coal,TJ,46106.07
2025/12/15,Poland,2024,Biomass,TJ,63652.143679999994
2025/12/15,Czechia,2020,Peat,TJ,172.899368
2025/12/15,Hungary,2016,Coal,TJ,58571.23
2025/12/15,Malta,2020,NaturalGas,TJ,15060
2025/12/15,Denmark,2023,OtherGases,TJ,13845.169
2025/12/15,Netherlands,2024,Peat,TJ,0
2025/12/15,France,2016,Biomass,TJ,70998.5
2025/12/15,Italy,2018,SO2,tonnes,16330.524743999998
2025/12/15,Austria,2021,Installed capacity,MW,21696.087
2025/12/15,Slovakia,2019,OtherGases,TJ,5563.6067695500005
2025/12/15,Austria,2019,LiquidFuels,TJ,11097.109475000001
2025/12/15,Estonia,2019,OtherGases,TJ,12665
2025/12/15,Spain,2020,NaturalGas,TJ,501523.70641409996
2025/12/15,Austria,2020,LiquidFuels,TJ,10811.687254
2025/12/15,Hungary,2019,OtherSolidFuels,TJ,1636.6999999999998
2025/12/15,Romania,2020,DUST,tonnes,2057.23
2025/12/15,Finland,2018,Installed capacity,MW,31211.4
2025/12/15,Belgium,2024,Installed capacity,MW,19510.93299847412
2025/12/15,Greece,2022,Installed capacity,MW,27002.405000000002
2025/12/15,Sweden,2020,SO2,tonnes,1908.6214650000002
2025/12/15,Romania,2024,NOX,tonnes,9078.8
2025/12/15,Belgium,2021,SO2,tonnes,1368.0889699999996
2025/12/15,Sweden,2023,Lignite,TJ,0
2025/12/15,Ireland,2019,OtherGases,TJ,0.5399999999999999
2025/12/15,Ireland,2018,OtherSolidFuels,TJ,0
2025/12/15,Spain,2022,SO2,tonnes,11478.764100000002
2025/12/15,Germany,2022,OtherGases,TJ,381071.941
2025/12/15,Italy,2016,Biomass,TJ,27290.78
2025/12/15,Romania,2017,NaturalGas,TJ,102683.98
2025/12/15,Greece,2024,NaturalGas,TJ,126456.2
2025/12/15,Germany,2018,DUST,tonnes,2828.819
2025/12/15,Lithuania,2019,Biomass,TJ,15227
2025/12/15,Ireland,2019,NaturalGas,TJ,115769.51999999999
2025/12/15,Romania,2018,LiquidFuels,TJ,1005.134
2025/12/15,Austria,2021,NaturalGas,TJ,96550.839511
2025/12/15,France,2023,NaturalGas,TJ,257452.22381600007
2025/12/15,Latvia,2022,NOX,tonnes,307.88
2025/12/15,Romania,2022,NOX,tonnes,14112.659802
2025/12/15,France,2018,Coal,TJ,102050.666184
2025/12/15,Denmark,2018,Biomass,TJ,41859.975
2025/12/15,Austria,2021,Biomass,TJ,7708.6373060000005
2025/12/15,Ireland,2020,OtherSolidFuels,TJ,0
2025/12/15,Greece,2024,LiquidFuels,TJ,33180.845
2025/12/15,Spain,2018,Lignite,TJ,19407.292
2025/12/15,Germany,2019,Lignite,TJ,587263.438
2025/12/15,Austria,2022,SO2,tonnes,2008.6258000000003
2025/12/15,Belgium,2017,Lignite,TJ,0
2025/12/15,Estonia,2016,Coal,TJ,0
2025/12/15,Denmark,2018,Coal,TJ,56828.32699999999
2025/12/15,Sweden,2022,OtherGases,TJ,41710.600510000004
2025/12/15,Finland,2017,OtherSolidFuels,TJ,8509.64
2025/12/15,Spain,2020,LiquidFuels,TJ,53064.97396298642
2025/12/15,Finland,2020,DUST,tonnes,251.6005
2025/12/15,Poland,2016,NaturalGas,TJ,61163.450000000004
2025/12/15,Croatia,2017,SO2,tonnes,5094.585383000001
2025/12/15,Greece,2017,Biomass,TJ,0
2025/12/15,Cyprus,2023,Coal,TJ,0
2025/12/15,Italy,2016,NaturalGas,TJ,857552.5399999999
2025/12/15,Germany,2019,OtherSolidFuels,TJ,1384.8880000000001
2025/12/15,France,2019,Biomass,TJ,69764.0043
2025/12/15,Italy,2016,Peat,TJ,0
2025/12/15,Croatia,2020,OtherGases,TJ,6094.855
2025/12/15,Romania,2017,OtherSolidFuels,TJ,3572.72
2025/12/15,Austria,2020,NaturalGas,TJ,90904.854312
2025/12/15,Germany,2023,CONFIDENTIAL,tonnes,0
2025/12/15,Lithuania,2022,DUST,tonnes,66
2025/12/15,Latvia,2022,Biomass,TJ,2416.79
2025/12/15,Portugal,2020,LiquidFuels,TJ,17983.630703
2025/12/15,Ireland,2021,OtherSolidFuels,TJ,0
2025/12/15,France,2020,SO2,tonnes,21601.619996999998
2025/12/15,Netherlands,2016,SO2,tonnes,9472.561306
2025/12/15,Czechia,2017,Peat,TJ,0
2025/12/15,Poland,2022,OtherGases,TJ,32259.903399999996
2025/12/15,Slovakia,2020,Biomass,TJ,3565.44707273
2025/12/15,Sweden,2024,NOX,tonnes,13398.390000000003
2025/12/15,Sweden,2021,Installed capacity,MW,38683.3
2025/12/15,Croatia,2017,NOX,tonnes,4979.400602
2025/12/15,Slovenia,2017,NOX,tonnes,4406.0830000000005
2025/12/15,Cyprus,2019,LiquidFuels,TJ,42321
2025/12/15,Slovakia,2017,LiquidFuels,TJ,8786.560000000001
2025/12/15,Latvia,2017,OtherSolidFuels,TJ,0
2025/12/15,Lithuania,2016,OtherSolidFuels,TJ,0
2025/12/15,Lithuania,2022,Peat,TJ,0
2025/12/15,Sweden,2017,NaturalGas,TJ,5039.53
2025/12/15,Spain,2016,Lignite,TJ,0
2025/12/15,Lithuania,2017,Peat,TJ,0
2025/12/15,Ireland,2016,NaturalGas,TJ,104883.28000000003
2025/12/15,Czechia,2020,DUST,tonnes,1748.2592080000004
2025/12/15,Greece,2020,Biomass,TJ,0
2025/12/15,Austria,2018,Lignite,TJ,0
2025/12/15,Denmark,2019,OtherSolidFuels,TJ,59
2025/12/15,Hungary,2016,Biomass,TJ,19945.129999999997
2025/12/15,Bulgaria,2019,Coal,TJ,15306
2025/12/15,Croatia,2016,Biomass,TJ,0
2025/12/15,France,2024,DUST,tonnes,1715.7166310000005
2025/12/15,France,2018,Lignite,TJ,0
2025/12/15,Sweden,2019,LiquidFuels,TJ,5561.7293
2025/12/15,Romania,2021,SO2,tonnes,17887.747000000003
2025/12/15,Spain,2021,Installed capacity,MW,94893.02945419312
2025/12/15,Portugal,2023,NOX,tonnes,14387.23
2025/12/15,Portugal,2019,DUST,tonnes,696.7419
2025/12/15,Slovenia,2019,DUST,tonnes,84.239
2025/12/15,Portugal,2016,NOX,tonnes,13833.1
2025/12/15,Czechia,2018,LiquidFuels,TJ,2958.3739940000005
2025/12/15,Poland,2016,OtherGases,TJ,49103.65000000001
2025/12/15,Denmark,2019,SO2,tonnes,1339.952547
2025/12/15,Sweden,2022,OtherSolidFuels,TJ,0
2025/12/15,Germany,2024,OtherGases,TJ,344347.631937
2025/12/15,Portugal,2024,Coal,TJ,0
2025/12/15,Belgium,2022,Installed capacity,MW,19419.73299771118
2025/12/15,Latvia,2018,LiquidFuels,TJ,29.611000000000004
2025/12/15,Serbia,2020,Coal,TJ,2264.75
2025/12/15,Netherlands,2024,DUST,tonnes,269.98373
2025/12/15,Finland,2016,Lignite,TJ,0
2025/12/15,Poland,2020,Biomass,TJ,76519.5
2025/12/15,Austria,2024,Coal,TJ,0
2025/12/15,Romania,2024,OtherSolidFuels,TJ,3886.225
2025/12/15,France,2023,LiquidFuels,TJ,61395.73544999999
2025/12/15,Estonia,2017,Installed capacity,MW,9580.004
2025/12/15,Slovenia,2024,DUST,tonnes,115.6006
2025/12/15,Slovenia,2021,Peat,TJ,0
2025/12/15,Malta,2019,Biomass,TJ,0
2025/12/15,Germany,2017,Lignite,TJ,847189.5700000002
2025/12/15,United Kingdom,2016,OtherGases,TJ,84688.65000000001
2025/12/15,Finland,2024,Peat,TJ,7703.5
2025/12/15,Netherlands,2018,Lignite,TJ,0
2025/12/15,Netherlands,2021,NOX,tonnes,20625.299667
2025/12/15,Spain,2017,SO2,tonnes,93776.5721
2025/12/15,Slovenia,2016,DUST,tonnes,90.52629999999999
2025/12/15,Netherlands,2021,Installed capacity,MW,63674.1
2025/12/15,Poland,2023,Installed capacity,MW,105615.33699999997
2025/12/15,Croatia,2023,Lignite,TJ,0
2025/12/15,Hungary,2023,Biomass,TJ,12551.229000000001
2025/12/15,Germany,2016,NaturalGas,TJ,731877.9500000002
2025/12/15,Sweden,2017,SO2,tonnes,2401.7892
2025/12/15,Sweden,2016,Installed capacity,MW,37181.35
2025/12/15,Cyprus,2021,SO2,tonnes,8404.09
2025/12/15,Greece,2020,Coal,TJ,0
2025/12/15,Ireland,2018,NaturalGas,TJ,158818.00000000003
2025/12/15,Bulgaria,2021,Biomass,TJ,18395
2025/12/15,Luxembourg,2021,NaturalGas,TJ,701
2025/12/15,Czechia,2017,DUST,tonnes,2464.571747
2025/12/15,Slovenia,2018,Coal,TJ,1082.508
2025/12/15,United Kingdom,2016,NaturalGas,TJ,997113.63
2025/12/15,Spain,2020,OtherSolidFuels,TJ,3997.763
2025/12/15,Denmark,2017,DUST,tonnes,252.00657999999999
2025/12/15,Italy,2023,Installed capacity,MW,127487.99500000001
2025/12/15,Slovenia,2017,Installed capacity,MW,5806.800000000001
2025/12/15,Denmark,2019,NOX,tonnes,4269.594853
2025/12/15,Cyprus,2017,SO2,tonnes,14722.217
2025/12/15,Denmark,2024,OtherSolidFuels,TJ,21
2025/12/15,Ireland,2024,Lignite,TJ,0
2025/12/15,Estonia,2017,Peat,TJ,963.47
2025/12/15,Greece,2024,Coal,TJ,0
2025/12/15,Portugal,2022,LiquidFuels,TJ,18188.51334132
2025/12/15,Slovenia,2016,Coal,TJ,7062.98
2025/12/15,Bulgaria,2017,Installed capacity,MW,13351.400000000001
2025/12/15,Estonia,2018,OtherGases,TJ,25653
2025/12/15,Latvia,2023,Coal,TJ,0
2025/12/15,Latvia,2020,DUST,tonnes,4.99
2025/12/15,Estonia,2024,Biomass,TJ,13540.68
2025/12/15,Malta,2018,Lignite,TJ,0
2025/12/15,Latvia,2023,Peat,TJ,0
2025/12/15,Malta,2022,DUST,tonnes,6.95
2025/12/15,Ireland,2018,LiquidFuels,TJ,1470.4099999999999
2025/12/15,Malta,2020,OtherGases,TJ,0
2025/12/15,Cyprus,2022,OtherGases,TJ,0
2025/12/15,Luxembourg,2021,OtherGases,TJ,0
2025/12/15,Luxembourg,2022,SO2,tonnes,0
2025/12/15,Luxembourg,2021,OtherSolidFuels,TJ,0
2025/12/15,Belgium,2024,DUST,tonnes,78.55992
2025/12/15,Ireland,2019,OtherSolidFuels,TJ,0
2025/12/15,Greece,2020,LiquidFuels,TJ,35382.465
2025/12/15,Ireland,2021,LiquidFuels,TJ,15127.55
2025/12/15,Austria,2017,Biomass,TJ,8586.73
2025/12/15,Austria,2020,Coal,TJ,2078.189582
2025/12/15,United Kingdom,2019,Peat,TJ,0
2025/12/15,Greece,2018,Peat,TJ,0
2025/12/15,Germany,2017,LiquidFuels,TJ,71742.30999999998
2025/12/15,Italy,2022,NaturalGas,TJ,901997.663653
2025/12/15,Spain,2022,Peat,TJ,0
2025/12/15,Finland,2017,Coal,TJ,66669.59999999999
2025/12/15,Netherlands,2024,NaturalGas,TJ,305030.51179400005
2025/12/15,Estonia,2019,NOX,tonnes,4907.5470000000005
2025/12/15,Serbia,2019,Lignite,TJ,265556
2025/12/15,Portugal,2021,Coal,TJ,7594.361
2025/12/15,Latvia,2019,NaturalGas,TJ,24363.891999999996
2025/12/15,Netherlands,2023,DUST,tonnes,237.94310000000002
2025/12/15,Poland,2020,NOX,tonnes,102918.26200000002
2025/12/15,France,2020,DUST,tonnes,2090.530001
2025/12/15,Finland,2016,Coal,TJ,78684.14
2025/12/15,Netherlands,2023,Biomass,TJ,42280.952356999995
2025/12/15,Bulgaria,2020,SO2,tonnes,27308
2025/12/15,Bulgaria,2023,Installed capacity,MW,22169
2025/12/15,Latvia,2016,LiquidFuels,TJ,3.4799999999999995
2025/12/15,Hungary,2016,LiquidFuels,TJ,1154.7600000000002
2025/12/15,France,2024,OtherGases,TJ,114731.64074499998
2025/12/15,Bulgaria,2019,NOX,tonnes,14171
2025/12/15,Spain,2021,NOX,tonnes,32262.38523
2025/12/15,Poland,2024,NaturalGas,TJ,128215.05014300001
2025/12/15,Spain,2023,OtherGases,TJ,128557.43100000003
2025/12/15,Denmark,2021,Coal,TJ,39641.325
2025/12/15,United Kingdom,2018,DUST,tonnes,2253.0746999999997
2025/12/15,Ireland,2017,Installed capacity,MW,13142.84
2025/12/15,Greece,2020,NOX,tonnes,44480.621
2025/12/15,Slovakia,2016,Coal,TJ,17794.32
2025/12/15,Romania,2016,Peat,TJ,0
2025/12/15,Denmark,2018,OtherSolidFuels,TJ,42
2025/12/15,Slovenia,2024,NOX,tonnes,2154.8854
2025/12/15,Cyprus,2019,NOX,tonnes,3895.1
2025/12/15,Belgium,2020,DUST,tonnes,72.805
2025/12/15,Romania,2024,LiquidFuels,TJ,246.82299999999998
2025/12/15,Czechia,2021,OtherSolidFuels,TJ,8554.557624
2025/12/15,Slovenia,2024,Peat,TJ,0
2025/12/15,Slovakia,2017,Lignite,TJ,23404.479999999996
2025/12/15,Spain,2018,Installed capacity,MW,95104.745
2025/12/15,Czechia,2016,Installed capacity,MW,44950.41200000001
2025/12/15,Croatia,2024,Installed capacity,MW,4168.996
2025/12/15,Hungary,2018,DUST,tonnes,117.71700000000003
2025/12/15,Czechia,2020,NaturalGas,TJ,46388.700774
2025/12/15,Sweden,2019,OtherSolidFuels,TJ,0
2025/12/15,Slovenia,2023,NaturalGas,TJ,2234.393
2025/12/15,Croatia,2016,OtherGases,TJ,2111.1400000000003
2025/12/15,Cyprus,2021,LiquidFuels,TJ,40023
2025/12/15,Italy,2016,OtherGases,TJ,217492.31999999998
2025/12/15,Poland,2022,Coal,TJ,847827.4899999999
2025/12/15,Cyprus,2023,OtherSolidFuels,TJ,0
2025/12/15,Germany,2024,Lignite,TJ,360515.769
2025/12/15,Czechia,2022,Lignite,TJ,344422.55357399996
2025/12/15,Finland,2018,Lignite,TJ,0
2025/12/15,Spain,2017,Installed capacity,MW,97118.41505615234
2025/12/15,Latvia,2021,Installed capacity,MW,4366.68
2025/12/15,France,2018,NOX,tonnes,51345.07000000001
2025/12/15,Sweden,2021,DUST,tonnes,1539.4673599999999
2025/12/15,Cyprus,2016,DUST,tonnes,463.616
2025/12/15,Greece,2021,NaturalGas,TJ,159474.479
2025/12/15,Belgium,2023,LiquidFuels,TJ,1486.9539170000003
2025/12/15,Hungary,2023,NaturalGas,TJ,54417.457
2025/12/15,Finland,2017,Installed capacity,MW,33432.399999999994
2025/12/15,Czechia,2021,NOX,tonnes,34425.94600000002
2025/12/15,Sweden,2019,SO2,tonnes,2518.72048
2025/12/15,Romania,2022,SO2,tonnes,14924.371416999998
2025/12/15,Hungary,2024,NOX,tonnes,2932.0060000000003
2025/12/15,Czechia,2018,Lignite,TJ,431498.823583
2025/12/15,Denmark,2021,NaturalGas,TJ,8732.94246
2025/12/15,Greece,2017,LiquidFuels,TJ,46071.350000000006
2025/12/15,Italy,2020,OtherSolidFuels,TJ,1715.379776
2025/12/15,Spain,2019,Peat,TJ,0
2025/12/15,France,2023,Lignite,TJ,0
2025/12/15,Italy,2018,Installed capacity,MW,131629
2025/12/15,Austria,2024,DUST,tonnes,192.25283000000002
2025/12/15,Estonia,2019,DUST,tonnes,1188.7150000000001
2025/12/15,France,2019,NaturalGas,TJ,336348.214387
2025/12/15,Poland,2016,SO2,tonnes,197938.61029491798
2025/12/15,Finland,2023,NOX,tonnes,8178.3221
2025/12/15,Lithuania,2022,NOX,tonnes,2582
2025/12/15,Bulgaria,2022,OtherSolidFuels,TJ,9550
2025/12/15,Finland,2017,Biomass,TJ,76823.17
2025/12/15,Finland,2016,Biomass,TJ,71119.72
2025/12/15,Germany,2018,OtherGases,TJ,407755.0120000001
2025/12/15,Spain,2019,OtherGases,TJ,144698.70599999998
2025/12/15,Netherlands,2021,SO2,tonnes,4263.803581
2025/12/15,Slovakia,2021,SO2,tonnes,3195.6439351800004
2025/12/15,Latvia,2021,DUST,tonnes,6.848000000000001
2025/12/15,Romania,2016,LiquidFuels,TJ,2187.86
2025/12/15,Cyprus,2016,Biomass,TJ,0
2025/12/15,Cyprus,2023,OtherGases,TJ,0
2025/12/15,Ireland,2020,Lignite,TJ,0
2025/12/15,Sweden,2016,Lignite,TJ,0
2025/12/15,Germany,2022,OtherSolidFuels,TJ,1700.94
2025/12/15,Finland,2022,Peat,TJ,19199.900999999998
2025/12/15,Italy,2023,Lignite,TJ,0
2025/12/15,Ireland,2023,Peat,TJ,1411.47
2025/12/15,Ireland,2022,OtherGases,TJ,0.6200000000000001
2025/12/15,Germany,2020,Installed capacity,MW,266252.23199999996
2025/12/15,Croatia,2019,DUST,tonnes,181.44000000000003
2025/12/15,Romania,2023,DUST,tonnes,656.334205
2025/12/15,Estonia,2021,Biomass,TJ,17002
2025/12/15,Czechia,2017,NaturalGas,TJ,26792.079999999994
2025/12/15,Spain,2018,Peat,TJ,0
2025/12/15,Denmark,2016,OtherGases,TJ,13141.25
2025/12/15,Germany,2023,SO2,tonnes,43149.855486
2025/12/15,Germany,2017,Peat,TJ,0
2025/12/15,Romania,2023,Coal,TJ,3333.611
2025/12/15,Denmark,2023,Coal,TJ,24518.817
2025/12/15,France,2021,Peat,TJ,0
2025/12/15,Slovenia,2016,NOX,tonnes,3681.902
2025/12/15,Bulgaria,2019,DUST,tonnes,286.32
2025/12/15,Serbia,2019,Peat,TJ,0
2025/12/15,Estonia,2020,Peat,TJ,525.5
2025/12/15,Cyprus,2022,OtherSolidFuels,TJ,0
2025/12/15,Estonia,2024,Lignite,TJ,0
2025/12/15,Germany,2024,NaturalGas,TJ,755581.2519289999
2025/12/15,Netherlands,2017,Biomass,TJ,14538.850000000002
2025/12/15,Czechia,2019,OtherGases,TJ,27943.682249
2025/12/15,Belgium,2017,DUST,tonnes,171.18699999999995
2025/12/15,Sweden,2023,DUST,tonnes,1502.3158361300002
2025/12/15,Austria,2019,SO2,tonnes,2136.827738
2025/12/15,Belgium,2024,Biomass,TJ,7996.3932778
2025/12/15,Croatia,2018,Peat,TJ,0
2025/12/15,Italy,2019,Installed capacity,MW,130251.24600000003
2025/12/15,Denmark,2024,Installed capacity,MW,18882.670000000002
2025/12/15,Greece,2021,DUST,tonnes,1406.9445999999998
2025/12/15,France,2021,Lignite,TJ,0
2025/12/15,Serbia,2021,OtherGases,TJ,4694.99
2025/12/15,Cyprus,2016,Coal,TJ,0
2025/12/15,Spain,2021,SO2,tonnes,11918.878457
2025/12/15,Netherlands,2020,LiquidFuels,TJ,4664.05038
2025/12/15,Austria,2023,OtherSolidFuels,TJ,26531.142332
2025/12/15,Belgium,2020,Lignite,TJ,0
2025/12/15,Latvia,2020,Biomass,TJ,1230
2025/12/15,United Kingdom,2016,NOX,tonnes,96151.03399999999
2025/12/15,Portugal,2020,NOX,tonnes,10684.119999999999
2025/12/15,Ireland,2023,NOX,tonnes,3674.3541499999997
2025/12/15,Estonia,2022,NOX,tonnes,5166.2665
2025/12/15,Czechia,2019,Peat,TJ,0
2025/12/15,Czechia,2018,NaturalGas,TJ,25958.329184
2025/12/15,Luxembourg,2018,Lignite,TJ,0
2025/12/15,United Kingdom,2016,Peat,TJ,0
2025/12/15,Hungary,2024,LiquidFuels,TJ,664.428
2025/12/15,Croatia,2022,Peat,TJ,0
2025/12/15,Denmark,2020,SO2,tonnes,1258.672694
2025/12/15,Hungary,2018,Biomass,TJ,16980.311999999998
2025/12/15,Latvia,2023,NaturalGas,TJ,13083
2025/12/15,Portugal,2016,Biomass,TJ,45523.399999999994
2025/12/15,Estonia,2018,Biomass,TJ,10937.38
2025/12/15,Lithuania,2021,NaturalGas,TJ,54305.64000000001
2025/12/15,Latvia,2018,DUST,tonnes,6.533
2025/12/15,Bulgaria,2016,Coal,TJ,44176
2025/12/15,Cyprus,2017,Installed capacity,MW,4884.5
2025/12/15,Lithuania,2017,LiquidFuels,TJ,2338.3
2025/12/15,Latvia,2022,OtherSolidFuels,TJ,458
2025/12/15,Ireland,2020,Installed capacity,MW,14528.84
2025/12/15,Cyprus,2019,DUST,tonnes,421.4
2025/12/15,Malta,2017,DUST,tonnes,26.599999999999998
2025/12/15,Malta,2016,Biomass,TJ,0
2025/12/15,Malta,2020,SO2,tonnes,47.092
2025/12/15,Luxembourg,2020,Biomass,TJ,0
2025/12/15,Luxembourg,2018,Biomass,TJ,0
2025/12/15,France,2023,NOX,tonnes,31090.857205
2025/12/15,Netherlands,2022,Lignite,TJ,0
2025/12/15,Finland,2019,NaturalGas,TJ,40831.71999999999
2025/12/15,Croatia,2022,Installed capacity,MW,4485.192
2025/12/15,Ireland,2023,DUST,tonnes,35.214
2025/12/15,France,2023,SO2,tonnes,17040.697633
2025/12/15,Germany,2021,Peat,TJ,0
2025/12/15,Italy,2018,OtherGases,TJ,165505.27271900003
2025/12/15,France,2016,NaturalGas,TJ,323160.25
2025/12/15,Spain,2017,OtherGases,TJ,179917.78
2025/12/15,Poland,2016,Installed capacity,MW,114396.9802
2025/12/15,Netherlands,2022,Installed capacity,MW,61530.87
2025/12/15,Ireland,2022,Installed capacity,MW,14528.84
2025/12/15,Latvia,2020,OtherSolidFuels,TJ,2550
2025/12/15,Germany,2020,NOX,tonnes,93106.64
2025/12/15,Poland,2023,DUST,tonnes,3147.096764
2025/12/15,Germany,2018,Coal,TJ,661848.483
2025/12/15,Serbia,2021,NaturalGas,TJ,23889.030000000002
2025/12/15,Netherlands,2023,OtherSolidFuels,TJ,9204.606246
2025/12/15,Lithuania,2016,Installed capacity,MW,11599.130000000001
2025/12/15,Austria,2018,SO2,tonnes,2537.4702770000004
2025/12/15,Austria,2024,Peat,TJ,0
2025/12/15,Croatia,2019,OtherGases,TJ,6090.510850000001
2025/12/15,Spain,2016,Peat,TJ,0
2025/12/15,Cyprus,2020,Biomass,TJ,0
2025/12/15,Lithuania,2017,Lignite,TJ,1
2025/12/15,Germany,2023,Lignite,TJ,458075.72699999996
2025/12/15,Spain,2019,DUST,tonnes,1637.4113580000003
2025/12/15,Hungary,2016,Installed capacity,MW,17305.93
2025/12/15,Austria,2024,NOX,tonnes,5059.61668
2025/12/15,Malta,2022,Peat,TJ,0
2025/12/15,Bulgaria,2021,OtherGases,TJ,2439
2025/12/15,Belgium,2020,OtherGases,TJ,59693.71709299999
2025/12/15,Netherlands,2018,DUST,tonnes,314.34096100000005
2025/12/15,Germany,2017,DUST,tonnes,3029.183
2025/12/15,Germany,2021,LiquidFuels,TJ,70666.93
2025/12/15,Czechia,2020,LiquidFuels,TJ,2869.8937640000004
2025/12/15,Greece,2017,Installed capacity,MW,35547.375
2025/12/15,Romania,2016,Installed capacity,MW,57230.842000000004
2025/12/15,Sweden,2017,NOX,tonnes,13036.9
2025/12/15,Lithuania,2021,SO2,tonnes,7729
2025/12/15,Latvia,2022,OtherGases,TJ,0
2025/12/15,United Kingdom,2018,Peat,TJ,0
2025/12/15,Sweden,2019,Biomass,TJ,198187.82
2025/12/15,France,2019,OtherGases,TJ,114658.672687
2025/12/15,Bulgaria,2017,NaturalGas,TJ,29364
2025/12/15,Slovakia,2016,NaturalGas,TJ,19932.230000000003
2025/12/15,Estonia,2021,LiquidFuels,TJ,613.71
2025/12/15,Croatia,2020,Biomass,TJ,0
2025/12/15,Austria,2020,NOX,tonnes,5650.199479999998
2025/12/15,Belgium,2017,NOX,tonnes,9538.7895
2025/12/15,Spain,2016,LiquidFuels,TJ,64213.04
2025/12/15,Czechia,2016,OtherGases,TJ,24581.57
2025/12/15,Denmark,2022,Installed capacity,MW,19208.370000000003
2025/12/15,Latvia,2016,Installed capacity,MW,4592.77
2025/12/15,Croatia,2024,NOX,tonnes,2154.8500000000004
2025/12/15,Sweden,2021,LiquidFuels,TJ,7246.449999999999
2025/12/15,France,2024,Coal,TJ,18094.336999
2025/12/15,Slovakia,2022,Coal,TJ,14781.223818299999
2025/12/15,Germany,2023,Peat,TJ,0
2025/12/15,Spain,2024,LiquidFuels,TJ,62805.68818767901
2025/12/15,Finland,2017,NOX,tonnes,21201.9379
2025/12/15,Slovakia,2017,SO2,tonnes,6971.773224302498
2025/12/15,Italy,2016,Installed capacity,MW,143341.58699999997
2025/12/15,Spain,2018,SO2,tonnes,66563.94517000002
2025/12/15,Greece,2021,OtherGases,TJ,43294.65000000001
2025/12/15,Croatia,2023,LiquidFuels,TJ,836.75
2025/12/15,Croatia,2018,DUST,tonnes,160.52599999999998
2025/12/15,Latvia,2016,NaturalGas,TJ,23108.06
2025/12/15,Poland,2021,NOX,tonnes,111913.36499999999
2025/12/15,Italy,2017,Coal,TJ,303675.22000000003
2025/12/15,Finland,2022,Coal,TJ,41855.261
2025/12/15,Netherlands,2020,OtherSolidFuels,TJ,3077.91602
2025/12/15,Estonia,2024,NOX,tonnes,2398.4400000000005
2025/12/15,Czechia,2021,Installed capacity,MW,41426.058
2025/12/15,Czechia,2022,SO2,tonnes,26568.419848
2025/12/15,Cyprus,2018,NOX,tonnes,3545.06
2025/12/15,Lithuania,2019,OtherGases,TJ,15009.28
2025/12/15,Romania,2019,LiquidFuels,TJ,413.20399999999995
2025/12/15,Italy,2020,Biomass,TJ,31728.774835
2025/12/15,Portugal,2020,DUST,tonnes,643.3711
2025/12/15,Sweden,2023,Biomass,TJ,230773.40000000002
2025/12/15,Greece,2023,LiquidFuels,TJ,33070.03
2025/12/15,Greece,2020,NaturalGas,TJ,136141.038
2025/12/15,Spain,2022,DUST,tonnes,1013.7728999999999
2025/12/15,United Kingdom,2019,Installed capacity,MW,128410.72599999998
2025/12/15,Serbia,2021,Installed capacity,MW,19325.75
2025/12/15,Romania,2017,Installed capacity,MW,54204.44200000001
2025/12/15,Austria,2020,SO2,tonnes,1798.4010999999998
2025/12/15,Serbia,2019,SO2,tonnes,331316.45399999997
2025/12/15,France,2020,OtherGases,TJ,100986.788145
2025/12/15,Bulgaria,2016,SO2,tonnes,55552
2025/12/15,Hungary,2022,OtherGases,TJ,16361.335000000001
2025/12/15,Romania,2020,Peat,TJ,0
2025/12/15,Malta,2018,Peat,TJ,0
2025/12/15,Slovenia,2016,NaturalGas,TJ,264.66
2025/12/15,Poland,2021,SO2,tonnes,115864.3746
2025/12/15,Greece,2022,LiquidFuels,TJ,39358.35999999999
2025/12/15,Italy,2022,OtherGases,TJ,182001.876952
2025/12/15,France,2016,Coal,TJ,121400.40999999999
2025/12/15,Czechia,2021,Biomass,TJ,21713.186007999997
2025/12/15,Finland,2019,Coal,TJ,47665.758
2025/12/15,Sweden,2018,Biomass,TJ,196742.95999999996
2025/12/15,Sweden,2023,Peat,TJ,751.8399999999999
2025/12/15,Ireland,2019,Installed capacity,MW,14528.84
2025/12/15,Cyprus,2017,NOX,tonnes,3639.8700000000003
2025/12/15,Czechia,2022,NOX,tonnes,34426.001
2025/12/15,Slovakia,2019,Lignite,TJ,20893.013876499997
2025/12/15,Belgium,2017,Peat,TJ,0
2025/12/15,Poland,2018,Installed capacity,MW,117632.67469999999
2025/12/15,Denmark,2018,Installed capacity,MW,19172.420000000002
2025/12/15,Slovakia,2019,NaturalGas,TJ,33526.00784992
2025/12/15,Estonia,2016,NOX,tonnes,7278.409999999999
2025/12/15,Austria,2023,Lignite,TJ,0
2025/12/15,Bulgaria,2023,Peat,TJ,0
2025/12/15,Bulgaria,2020,Lignite,TJ,133126
2025/12/15,Portugal,2023,OtherGases,TJ,15454.166
2025/12/15,France,2021,SO2,tonnes,23216.816612
2025/12/15,Netherlands,2022,NaturalGas,TJ,363237.48544300004
2025/12/15,United Kingdom,2018,Lignite,TJ,0
2025/12/15,Slovakia,2019,Coal,TJ,16133.21927034
2025/12/15,Finland,2022,DUST,tonnes,303.86199999999997
2025/12/15,Spain,2020,SO2,tonnes,14164.108715999997
2025/12/15,Romania,2019,NOX,tonnes,24743.418999999998
2025/12/15,Austria,2022,NOX,tonnes,5305.867690000001
2025/12/15,Malta,2020,Lignite,TJ,0
2025/12/15,Ireland,2017,LiquidFuels,TJ,1388.84
2025/12/15,Bulgaria,2017,Biomass,TJ,5089
2025/12/15,Hungary,2019,LiquidFuels,TJ,534.9434
2025/12/15,Bulgaria,2023,LiquidFuels,TJ,535
2025/12/15,Germany,2022,Coal,TJ,550568.806
2025/12/15,Belgium,2022,DUST,tonnes,96.55095
2025/12/15,Lithuania,2021,NOX,tonnes,2707
2025/12/15,Bulgaria,2016,NOX,tonnes,26536
2025/12/15,Poland,2024,OtherGases,TJ,33664.628209999995
2025/12/15,Bulgaria,2020,Coal,TJ,14861
2025/12/15,Belgium,2019,Coal,TJ,1226.6900030000002
2025/12/15,Ireland,2023,Coal,TJ,13196.79
2025/12/15,Spain,2024,NOX,tonnes,49117.499
2025/12/15,Germany,2022,Biomass,TJ,45172.19299999999
2025/12/15,Serbia,2023,DUST,tonnes,5951.973639999998
2025/12/15,Cyprus,2020,NOX,tonnes,2904.7000000000003
2025/12/15,Spain,2024,Peat,TJ,0
2025/12/15,France,2024,NaturalGas,TJ,188813.266556
2025/12/15,Lithuania,2018,Biomass,TJ,13722.55
2025/12/15,Latvia,2019,OtherSolidFuels,TJ,0
2025/12/15,Romania,2019,OtherSolidFuels,TJ,3385.502
2025/12/15,Estonia,2018,OtherSolidFuels,TJ,96684
2025/12/15,United Kingdom,2019,DUST,tonnes,1158.923566
2025/12/15,Italy,2021,DUST,tonnes,437.2405350000001
2025/12/15,Netherlands,2024,LiquidFuels,TJ,3929.243325
2025/12/15,France,2017,Lignite,TJ,0
2025/12/15,Latvia,2019,NOX,tonnes,1224.9489999999998
2025/12/15,Ireland,2019,Biomass,TJ,3095.96
2025/12/15,Croatia,2022,NaturalGas,TJ,35911.36812
2025/12/15,Portugal,2017,DUST,tonnes,982.4929000000001
2025/12/15,Croatia,2017,Biomass,TJ,0
2025/12/15,Croatia,2020,Coal,TJ,10551.79664
2025/12/15,Latvia,2017,Installed capacity,MW,4495.38
2025/12/15,Ireland,2016,Peat,TJ,21475.78
2025/12/15,Latvia,2019,LiquidFuels,TJ,0.9980000000000001
2025/12/15,Estonia,2021,Peat,TJ,109.39
2025/12/15,Cyprus,2022,Biomass,TJ,0
2025/12/15,Slovenia,2018,NOX,tonnes,4263.417
2025/12/15,Slovenia,2023,SO2,tonnes,630.2796
2025/12/15,Croatia,2016,DUST,tonnes,209.954932
2025/12/15,Luxembourg,2018,SO2,tonnes,1e-6
2025/12/15,Luxembourg,2020,LiquidFuels,TJ,0.03
2025/12/15,Luxembourg,2018,NOX,tonnes,11.9
2025/12/15,Luxembourg,2023,Biomass,TJ,0
2025/12/15,Luxembourg,2022,NOX,tonnes,17.5
2025/12/15,Estonia,2021,Installed capacity,MW,9063.004
2025/12/15,Slovakia,2021,Installed capacity,MW,8830.418
2025/12/15,Romania,2018,NOX,tonnes,30300.7994
2025/12/15,Poland,2019,SO2,tonnes,121319.14300999999
2025/12/15,Germany,2024,DUST,tonnes,1946.9213650000002
2025/12/15,Germany,2020,OtherSolidFuels,TJ,1804.25
2025/12/15,France,2019,LiquidFuels,TJ,61236.623042
2025/12/15,United Kingdom,2016,Coal,TJ,292304.6
2025/12/15,Cyprus,2018,DUST,tonnes,358.21
2025/12/15,Netherlands,2021,Coal,TJ,120394.52714199999
2025/12/15,Hungary,2024,Biomass,TJ,15005.154
2025/12/15,Czechia,2019,OtherSolidFuels,TJ,7179.828071
2025/12/15,Czechia,2017,Lignite,TJ,422204.64
2025/12/15,Slovakia,2021,Lignite,TJ,13640.478923
2025/12/15,Sweden,2016,OtherGases,TJ,42882.820000000014
2025/12/15,Poland,2016,Lignite,TJ,484800.2199999999
2025/12/15,Denmark,2020,Lignite,TJ,0
2025/12/15,Netherlands,2021,LiquidFuels,TJ,5135.77408
2025/12/15,Italy,2023,OtherSolidFuels,TJ,1772.1744099999999
2025/12/15,Spain,2017,NOX,tonnes,92492.4987
2025/12/15,Portugal,2017,Installed capacity,MW,16757
2025/12/15,Netherlands,2016,Coal,TJ,301353.41000000003
2025/12/15,Hungary,2020,OtherGases,TJ,22214.22
2025/12/15,Sweden,2017,Coal,TJ,5863.31
2025/12/15,France,2017,OtherSolidFuels,TJ,4341
2025/12/15,Lithuania,2021,LiquidFuels,TJ,1722.78
2025/12/15,Lithuania,2016,Coal,TJ,0
2025/12/15,Slovenia,2024,Biomass,TJ,1287.7630000000001
2025/12/15,Portugal,2017,Lignite,TJ,0
2025/12/15,Greece,2018,Biomass,TJ,0
2025/12/15,Czechia,2018,Installed capacity,MW,43204.08
2025/12/15,Germany,2017,Installed capacity,MW,240204.01
2025/12/15,Italy,2022,DUST,tonnes,479.09932100000003
2025/12/15,Austria,2017,NOX,tonnes,6481.440000000001
2025/12/15,Portugal,2019,NOX,tonnes,12101.599999999999
2025/12/15,Spain,2024,Lignite,TJ,0
2025/12/15,Sweden,2024,Coal,TJ,205.2
2025/12/15,Germany,2019,NaturalGas,TJ,734304.943
2025/12/15,Denmark,2019,Coal,TJ,38009.48369
2025/12/15,Poland,2021,Lignite,TJ,429112.80000000005
2025/12/15,Austria,2017,Peat,TJ,0
2025/12/15,Cyprus,2020,OtherSolidFuels,TJ,0
2025/12/15,Slovenia,2017,Coal,TJ,1101.01
2025/12/15,Sweden,2019,Installed capacity,MW,39480.3
2025/12/15,Serbia,2024,Installed capacity,MW,24123.750000000004
2025/12/15,France,2018,SO2,tonnes,36958.066
2025/12/15,Lithuania,2018,Installed capacity,MW,12063.400000000001
2025/12/15,Netherlands,2018,Peat,TJ,0
2025/12/15,Ireland,2020,Biomass,TJ,3954.69
2025/12/15,Czechia,2021,Coal,TJ,33895.030737
2025/12/15,Belgium,2022,LiquidFuels,TJ,2698.563299
2025/12/15,Croatia,2022,Coal,TJ,13876.55445
2025/12/15,Slovenia,2018,NaturalGas,TJ,489.97300000000007
2025/12/15,France,2016,DUST,tonnes,3047.4912145615303
2025/12/15,France,2019,NOX,tonnes,39495.781581999996
2025/12/15,Slovakia,2017,Installed capacity,MW,9396.083999999999
2025/12/15,Italy,2016,OtherSolidFuels,TJ,9174.01
2025/12/15,Austria,2021,OtherSolidFuels,TJ,27033.731961
2025/12/15,Spain,2018,OtherGases,TJ,151222.50934000002
2025/12/15,Bulgaria,2023,OtherSolidFuels,TJ,5760
2025/12/15,Bulgaria,2018,Peat,TJ,0
2025/12/15,Austria,2022,Lignite,TJ,0
2025/12/15,Belgium,2016,Installed capacity,MW,22822.64
2025/12/15,Cyprus,2022,Installed capacity,MW,4884.5
2025/12/15,Estonia,2024,OtherSolidFuels,TJ,16680
2025/12/15,Poland,2023,Lignite,TJ,325135.00000000006
2025/12/15,Portugal,2018,OtherGases,TJ,23041.744000000002
2025/12/15,Denmark,2017,NOX,tonnes,5491.2921
2025/12/15,Netherlands,2024,NOX,tonnes,16165.604000000001
2025/12/15,Austria,2023,DUST,tonnes,198.09570999999997
2025/12/15,Austria,2019,DUST,tonnes,306.76268500000003
2025/12/15,Malta,2021,NOX,tonnes,441.56
2025/12/15,Netherlands,2017,LiquidFuels,TJ,4713.86
2025/12/15,Finland,2021,NaturalGas,TJ,44348.797
2025/12/15,Austria,2016,OtherGases,TJ,47307.340000000004
2025/12/15,Denmark,2016,NaturalGas,TJ,16489.949999999997
2025/12/15,Estonia,2022,LiquidFuels,TJ,1033.72
2025/12/15,Bulgaria,2022,OtherGases,TJ,3512
2025/12/15,Denmark,2022,Coal,TJ,40179.45
2025/12/15,Italy,2017,OtherSolidFuels,TJ,7985.32
2025/12/15,Belgium,2017,Coal,TJ,1002.8299999999999
2025/12/15,Portugal,2018,OtherSolidFuels,TJ,20761.371
2025/12/15,Bulgaria,2020,LiquidFuels,TJ,0
2025/12/15,Cyprus,2018,OtherGases,TJ,0
2025/12/15,Italy,2021,NOX,tonnes,33301.76133299999
2025/12/15,Sweden,2018,SO2,tonnes,2522.7787201929996
2025/12/15,Latvia,2018,NOX,tonnes,1166.527
2025/12/15,Italy,2018,Lignite,TJ,0
2025/12/15,Italy,2020,NaturalGas,TJ,915898.5759038044
2025/12/15,Ireland,2019,Coal,TJ,6360.03
2025/12/15,Greece,2024,Lignite,TJ,31565.3
2025/12/15,France,2020,NOX,tonnes,33299.150009000005
2025/12/15,Austria,2021,NOX,tonnes,5769.08483
2025/12/15,Netherlands,2022,OtherGases,TJ,242373.50338199997
2025/12/15,Poland,2018,Coal,TJ,938503.1200000001
2025/12/15,Croatia,2016,SO2,tonnes,5801.6218905999995
2025/12/15,Bulgaria,2021,OtherSolidFuels,TJ,9748
2025/12/15,Spain,2021,Coal,TJ,46747.092979500005
2025/12/15,Lithuania,2020,Lignite,TJ,0
2025/12/15,Slovenia,2024,Coal,TJ,2201.154
2025/12/15,Serbia,2019,OtherGases,TJ,5954
2025/12/15,Belgium,2022,NaturalGas,TJ,166185.400674
2025/12/15,Croatia,2017,Peat,TJ,0
2025/12/15,Serbia,2023,Biomass,TJ,0
2025/12/15,Austria,2024,Installed capacity,MW,21518.24
2025/12/15,Netherlands,2023,NOX,tonnes,16832.466
2025/12/15,Slovenia,2023,NOX,tonnes,2006.0747
2025/12/15,Denmark,2019,Biomass,TJ,52383.4898
2025/12/15,Greece,2022,NOX,tonnes,40469.778000000006
2025/12/15,Spain,2022,Coal,TJ,70324.06585999999
2025/12/15,Romania,2017,Lignite,TJ,171415.21
2025/12/15,France,2024,Biomass,TJ,83982.237214
2025/12/15,Croatia,2022,Biomass,TJ,0
2025/12/15,Denmark,2024,Lignite,TJ,0
2025/12/15,Finland,2018,NOX,tonnes,18638.15075
2025/12/15,Greece,2018,DUST,tonnes,3509.7299999999996
2025/12/15,Denmark,2016,LiquidFuels,TJ,5004.9
2025/12/15,Germany,2021,Lignite,TJ,529130.1950000001
2025/12/15,Spain,2021,LiquidFuels,TJ,88805.60207949798
2025/12/15,Germany,2018,Biomass,TJ,33182.402
2025/12/15,Hungary,2019,Coal,TJ,3481.22
2025/12/15,Slovakia,2020,OtherSolidFuels,TJ,0
2025/12/15,Croatia,2018,NOX,tonnes,4281.040000000001
2025/12/15,Poland,2018,DUST,tonnes,10965.132374
2025/12/15,Finland,2021,SO2,tonnes,4893.0677000000005
2025/12/15,Austria,2019,Peat,TJ,0
2025/12/15,Italy,2022,Peat,TJ,0
2025/12/15,Denmark,2019,Peat,TJ,0
2025/12/15,Slovenia,2017,Biomass,TJ,1348.62
2025/12/15,Estonia,2022,Coal,TJ,0
2025/12/15,Romania,2022,Peat,TJ,0
2025/12/15,Greece,2016,Biomass,TJ,0
2025/12/15,Serbia,2020,Installed capacity,MW,19325.75
2025/12/15,Romania,2022,DUST,tonnes,1014.1624149999999
2025/12/15,Poland,2024,NOX,tonnes,72209.21951
2025/12/15,Romania,2019,Coal,TJ,12285.247000000001
2025/12/15,Poland,2018,Peat,TJ,0
2025/12/15,Poland,2019,NaturalGas,TJ,115016.02270000002
2025/12/15,Spain,2017,Lignite,TJ,0
2025/12/15,Slovenia,2021,OtherGases,TJ,0
2025/12/15,Malta,2019,OtherSolidFuels,TJ,0
2025/12/15,Germany,2016,NOX,tonnes,163134.28
2025/12/15,United Kingdom,2017,SO2,tonnes,29541.089620295996
2025/12/15,Italy,2020,SO2,tonnes,10637.165908
2025/12/15,Germany,2023,LiquidFuels,TJ,81559.97789999998
2025/12/15,Portugal,2020,Peat,TJ,0
2025/12/15,Austria,2023,OtherGases,TJ,43495.10619099999
2025/12/15,Czechia,2021,LiquidFuels,TJ,3367.3923259999997
2025/12/15,Sweden,2020,Installed capacity,MW,38811.9
2025/12/15,Czechia,2019,NOX,tonnes,39205.26663
2025/12/15,Bulgaria,2021,SO2,tonnes,32220
2025/12/15,Cyprus,2023,DUST,tonnes,273.32300000000004
2025/12/15,Netherlands,2017,OtherGases,TJ,190037.87
2025/12/15,Netherlands,2022,OtherSolidFuels,TJ,3993.619836
2025/12/15,Netherlands,2021,NaturalGas,TJ,401813.139618
2025/12/15,Romania,2020,Lignite,TJ,97580.63500000001
2025/12/15,Cyprus,2021,Biomass,TJ,0
2025/12/15,Lithuania,2022,Coal,TJ,0
2025/12/15,Luxembourg,2020,Peat,TJ,0
2025/12/15,Latvia,2020,Peat,TJ,0
2025/12/15,Ireland,2021,Biomass,TJ,4050.4
2025/12/15,Cyprus,2016,LiquidFuels,TJ,42281.7
2025/12/15,Luxembourg,2021,Lignite,TJ,0
2025/12/15,Malta,2016,OtherSolidFuels,TJ,0
2025/12/15,Slovenia,2022,Biomass,TJ,1393.415
2025/12/15,Croatia,2023,OtherSolidFuels,TJ,599
2025/12/15,Latvia,2017,Lignite,TJ,0
2025/12/15,Estonia,2024,OtherGases,TJ,10810
2025/12/15,Malta,2018,SO2,tonnes,10.996999999999998
2025/12/15,Luxembourg,2018,OtherGases,TJ,0
2025/12/15,Luxembourg,2022,Coal,TJ,0
2025/12/15,Luxembourg,2024,Peat,TJ,0
2025/12/15,Denmark,2023,SO2,tonnes,1277.208022
2025/12/15,Italy,2018,Peat,TJ,0
2025/12/15,Czechia,2016,LiquidFuels,TJ,1943.14
2025/12/15,Poland,2016,Coal,TJ,943923.88
2025/12/15,Romania,2022,NaturalGas,TJ,93406.30100000002
2025/12/15,Portugal,2022,Lignite,TJ,0
2025/12/15,Portugal,2021,LiquidFuels,TJ,15494.60706109
2025/12/15,Portugal,2018,NaturalGas,TJ,105268.61991649999
2025/12/15,Slovakia,2020,LiquidFuels,TJ,8636.6275827
2025/12/15,Denmark,2022,NaturalGas,TJ,5171.251549999999
2025/12/15,Estonia,2023,OtherSolidFuels,TJ,67040
2025/12/15,Croatia,2019,Peat,TJ,0
2025/12/15,United Kingdom,2017,Installed capacity,MW,132732.415
2025/12/15,Italy,2018,NOX,tonnes,38776.27039900001
2025/12/15,Hungary,2019,NOX,tonnes,4522.3060000000005
2025/12/15,Ireland,2020,NOX,tonnes,5382.188252000001
2025/12/15,Spain,2021,NaturalGas,TJ,414366.31959210004
2025/12/15,Bulgaria,2019,Biomass,TJ,12312
2025/12/15,Romania,2018,Peat,TJ,0
2025/12/15,Denmark,2017,Biomass,TJ,52085.62
2025/12/15,Serbia,2022,Peat,TJ,0
2025/12/15,Sweden,2016,SO2,tonnes,2351.87061106
2025/12/15,Croatia,2022,DUST,tonnes,102.4383
2025/12/15,Spain,2016,OtherGases,TJ,168340.9
2025/12/15,Sweden,2021,OtherGases,TJ,45380.19913400001
2025/12/15,United Kingdom,2018,Biomass,TJ,157550
2025/12/15,Serbia,2024,DUST,tonnes,5216.1469099999995
2025/12/15,Austria,2021,Lignite,TJ,0
2025/12/15,Hungary,2020,Peat,TJ,0
2025/12/15,Slovenia,2020,Peat,TJ,0
2025/12/15,Slovenia,2021,Coal,TJ,5384.3240000000005
2025/12/15,Germany,2016,SO2,tonnes,85758.7
2025/12/15,Croatia,2019,NOX,tonnes,3777.0099999999998
2025/12/15,Italy,2023,SO2,tonnes,9047.568414999998
2025/12/15,Bulgaria,2017,DUST,tonnes,559
2025/12/15,Hungary,2018,Peat,TJ,0
2025/12/15,Austria,2024,OtherGases,TJ,46255.590712
2025/12/15,Croatia,2024,OtherSolidFuels,TJ,594
2025/12/15,Sweden,2022,Coal,TJ,196.08
2025/12/15,Czechia,2020,OtherGases,TJ,23938.407645999996
2025/12/15,Lithuania,2020,Peat,TJ,0
2025/12/15,Poland,2023,SO2,tonnes,72735.61274253999
2025/12/15,Slovakia,2020,NOX,tonnes,5078.99196
2025/12/15,Czechia,2016,NOX,tonnes,50537.32099999999
2025/12/15,Spain,2023,Lignite,TJ,0
2025/12/15,Slovenia,2020,OtherSolidFuels,TJ,0
2025/12/15,Germany,2019,Coal,TJ,499707.46400000004
2025/12/15,Poland,2017,Biomass,TJ,54864.079999999994
2025/12/15,Hungary,2022,LiquidFuels,TJ,934.692
2025/12/15,Portugal,2018,Lignite,TJ,0
2025/12/15,Ireland,2021,Lignite,TJ,0
2025/12/15,Slovenia,2021,Lignite,TJ,32429.259
2025/12/15,Portugal,2018,Installed capacity,MW,16822
2025/12/15,Hungary,2020,Installed capacity,MW,14819.722000000002
2025/12/15,Bulgaria,2018,Coal,TJ,25040
2025/12/15,Hungary,2020,Lignite,TJ,0
2025/12/15,Romania,2023,LiquidFuels,TJ,52.893100000000004
2025/12/15,Slovakia,2022,Biomass,TJ,3352.2115499200004
2025/12/15,Finland,2021,Installed capacity,MW,29425.899999999998
2025/12/15,Poland,2017,Installed capacity,MW,117508.94420000001
2025/12/15,Finland,2022,SO2,tonnes,5845.21107
2025/12/15,France,2021,DUST,tonnes,2194.569324
2025/12/15,France,2019,SO2,tonnes,27127.332356
2025/12/15,Portugal,2016,DUST,tonnes,972.1321999999999
2025/12/15,Netherlands,2021,Lignite,TJ,0
2025/12/15,Ireland,2021,Coal,TJ,27963
2025/12/15,Serbia,2019,Coal,TJ,2432
2025/12/15,Spain,2017,Peat,TJ,0
2025/12/15,Sweden,2019,Lignite,TJ,0
2025/12/15,Romania,2022,Biomass,TJ,5317.353
2025/12/15,Romania,2018,Lignite,TJ,162225.654
2025/12/15,Serbia,2023,OtherSolidFuels,TJ,216.58
2025/12/15,Bulgaria,2018,Biomass,TJ,16067
2025/12/15,Slovenia,2022,LiquidFuels,TJ,874.4599999999999
2025/12/15,Bulgaria,2022,Installed capacity,MW,21804
2025/12/15,Germany,2024,SO2,tonnes,32975.10529000001
2025/12/15,Finland,2018,SO2,tonnes,10722.79679
2025/12/15,Austria,2017,SO2,tonnes,2475.6820000000002
2025/12/15,Serbia,2023,NOX,tonnes,36049.798
2025/12/15,Belgium,2022,SO2,tonnes,1914.5797999999995
2025/12/15,Belgium,2021,Installed capacity,MW,19292.13299923706
2025/12/15,Portugal,2022,Installed capacity,MW,14940.4
2025/12/15,Greece,2019,LiquidFuels,TJ,41921.742999999995
2025/12/15,Netherlands,2024,OtherGases,TJ,217724.243761
2025/12/15,Croatia,2016,OtherSolidFuels,TJ,0
2025/12/15,Latvia,2018,Lignite,TJ,0
2025/12/15,Latvia,2021,OtherGases,TJ,0
2025/12/15,Belgium,2024,NOX,tonnes,6202.456
2025/12/15,Poland,2021,OtherSolidFuels,TJ,0
2025/12/15,Austria,2018,DUST,tonnes,381.83778699999993
2025/12/15,Germany,2017,OtherSolidFuels,TJ,843.31
2025/12/15,Hungary,2022,Peat,TJ,0
2025/12/15,France,2020,Peat,TJ,0
2025/12/15,Hungary,2021,Biomass,TJ,17870.39
2025/12/15,Hungary,2018,LiquidFuels,TJ,573.339
2025/12/15,Portugal,2022,Peat,TJ,0
2025/12/15,Bulgaria,2023,OtherGases,TJ,3214
2025/12/15,Romania,2018,Installed capacity,MW,32538.002
2025/12/15,Belgium,2018,SO2,tonnes,2027.75215
2025/12/15,Czechia,2017,OtherGases,TJ,30607.440000000002
2025/12/15,Sweden,2024,Peat,TJ,503.05
2025/12/15,Croatia,2024,LiquidFuels,TJ,670.27
2025/12/15,Slovenia,2018,LiquidFuels,TJ,141.921
2025/12/15,Sweden,2017,OtherSolidFuels,TJ,0
2025/12/15,Latvia,2018,Peat,TJ,105
2025/12/15,Cyprus,2021,Installed capacity,MW,4884.500000000001
2025/12/15,Portugal,2017,SO2,tonnes,12760.034500000002
2025/12/15,Finland,2016,OtherSolidFuels,TJ,26474.77
2025/12/15,Spain,2023,NaturalGas,TJ,540704.0635991001
2025/12/15,Bulgaria,2022,Biomass,TJ,16972
2025/12/15,Finland,2023,Biomass,TJ,56849.2
2025/12/15,Croatia,2023,OtherGases,TJ,3697.0267
2025/12/15,Hungary,2023,NOX,tonnes,2347.9629999999997
2025/12/15,Portugal,2023,LiquidFuels,TJ,15093.8539625
2025/12/15,Netherlands,2018,Installed capacity,MW,62464.520000000004
2025/12/15,Netherlands,2016,NOX,tonnes,24577.98171281
2025/12/15,Austria,2016,SO2,tonnes,2642.73
2025/12/15,United Kingdom,2016,Biomass,TJ,131899.69999999998
2025/12/15,Ireland,2021,NaturalGas,TJ,106622.29
2025/12/15,Germany,2017,NaturalGas,TJ,744417.0800000002
2025/12/15,Austria,2019,NaturalGas,TJ,101922.19208
2025/12/15,Sweden,2020,Coal,TJ,135.88
2025/12/15,Portugal,2023,Peat,TJ,0
2025/12/15,Sweden,2024,OtherSolidFuels,TJ,0
2025/12/15,Croatia,2019,LiquidFuels,TJ,2305.94447
2025/12/15,Belgium,2023,Biomass,TJ,8637.785
2025/12/15,Ireland,2017,OtherGases,TJ,1.33
2025/12/15,Hungary,2023,LiquidFuels,TJ,685.5959999999999
2025/12/15,Hungary,2018,NOX,tonnes,4024.4700000000007
2025/12/15,Cyprus,2016,Peat,TJ,0
2025/12/15,Ireland,2023,Biomass,TJ,3140.38
2025/12/15,Slovenia,2023,Coal,TJ,3197.0860000000002
2025/12/15,Bulgaria,2020,Biomass,TJ,10576
2025/12/15,Slovakia,2017,DUST,tonnes,275.80980226349993
2025/12/15,Czechia,2022,DUST,tonnes,1577.942931
2025/12/15,Ireland,2023,NaturalGas,TJ,109393.28000000001
2025/12/15,Hungary,2021,NOX,tonnes,4217.147466
2025/12/15,Germany,2016,OtherSolidFuels,TJ,15083.429999999998
2025/12/15,Austria,2019,Lignite,TJ,0
2025/12/15,Slovenia,2020,LiquidFuels,TJ,69.978
2025/12/15,Portugal,2020,NaturalGas,TJ,118028.96976498417
2025/12/15,Ireland,2023,Installed capacity,MW,15068.84
2025/12/15,Hungary,2017,Installed capacity,MW,12162.36
2025/12/15,Belgium,2020,SO2,tonnes,1685.84999
2025/12/15,Poland,2023,NOX,tonnes,77391.25709000001
2025/12/15,Greece,2021,LiquidFuels,TJ,38122.72580000001
2025/12/15,Spain,2021,Lignite,TJ,0
2025/12/15,Netherlands,2021,Peat,TJ,0
2025/12/15,Lithuania,2019,LiquidFuels,TJ,2122.78
2025/12/15,Lithuania,2018,Coal,TJ,0
2025/12/15,Belgium,2023,Installed capacity,MW,19700.93299847412
2025/12/15,Serbia,2019,DUST,tonnes,9539.262
2025/12/15,Greece,2017,DUST,tonnes,4302.127
2025/12/15,Lithuania,2017,Installed capacity,MW,13405.6
2025/12/15,Romania,2023,Peat,TJ,0
2025/12/15,France,2021,Coal,TJ,62648.71058
2025/12/15,Spain,2024,OtherGases,TJ,176687.54699999996
2025/12/15,Ireland,2016,LiquidFuels,TJ,2651.3100000000004
2025/12/15,Slovenia,2021,NaturalGas,TJ,1367.727
2025/12/15,Slovakia,2018,NOX,tonnes,6822.12475
2025/12/15,Cyprus,2019,Peat,TJ,0
2025/12/15,Malta,2017,NOX,tonnes,479.69000000000005
2025/12/15,Malta,2017,Lignite,TJ,0
2025/12/15,Czechia,2016,Peat,TJ,1
2025/12/15,Latvia,2023,LiquidFuels,TJ,219.86999999999998
2025/12/15,Latvia,2021,NOX,tonnes,1041.133
2025/12/15,Slovakia,2021,Peat,TJ,0
2025/12/15,Lithuania,2021,DUST,tonnes,0
2025/12/15,Estonia,2022,Installed capacity,MW,9613.003999999999
2025/12/15,Slovenia,2017,Peat,TJ,0
2025/12/15,Estonia,2017,OtherSolidFuels,TJ,104417.34
2025/12/15,Croatia,2018,Biomass,TJ,0
2025/12/15,Malta,2022,OtherGases,TJ,0
2025/12/15,Cyprus,2019,Coal,TJ,0
2025/12/15,Lithuania,2020,LiquidFuels,TJ,2381.7600000000007
2025/12/15,Cyprus,2016,NOX,tonnes,4039.8700000000003
2025/12/15,Malta,2019,NOX,tonnes,378.66999999999996
2025/12/15,Luxembourg,2020,NOX,tonnes,10.4
2025/12/15,Luxembourg,2019,OtherSolidFuels,TJ,0
2025/12/15,Malta,2017,Peat,TJ,0
2025/12/15,Luxembourg,2020,OtherSolidFuels,TJ,0
2025/12/15,Luxembourg,2021,Coal,TJ,0
2025/12/15,Luxembourg,2018,OtherSolidFuels,TJ,0
2025/12/15,United Kingdom,2019,SO2,tonnes,12153.741021000002
2025/12/15,Netherlands,2019,SO2,tonnes,6090.117065
2025/12/15,Finland,2023,Lignite,TJ,0
2025/12/15,Finland,2019,Biomass,TJ,59167.79000000001
2025/12/15,Austria,2018,OtherGases,TJ,47522.827229
2025/12/15,Sweden,2020,OtherSolidFuels,TJ,0
2025/12/15,France,2020,Lignite,TJ,0
2025/12/15,Lithuania,2020,NOX,tonnes,3660.0139999999997
2025/12/15,Italy,2021,Installed capacity,MW,132252.102
2025/12/15,Ireland,2024,NaturalGas,TJ,93354.15
2025/12/15,Denmark,2023,Peat,TJ,0
2025/12/15,Ireland,2022,Coal,TJ,23629.54
2025/12/15,Cyprus,2017,Coal,TJ,0
2025/12/15,Slovenia,2021,LiquidFuels,TJ,470.39399999999995
2025/12/15,Bulgaria,2020,OtherGases,TJ,2883
2025/12/15,Croatia,2022,Lignite,TJ,0
2025/12/15,Poland,2022,DUST,tonnes,5503.0499310001
2025/12/15,Germany,2020,SO2,tonnes,40284.568
2025/12/15,Romania,2020,Coal,TJ,10353.409
2025/12/15,United Kingdom,2016,Lignite,TJ,0
2025/12/15,France,2016,OtherSolidFuels,TJ,4789
2025/12/15,Belgium,2018,Installed capacity,MW,20522.9
2025/12/15,Lithuania,2022,Lignite,TJ,0
2025/12/15,Netherlands,2020,NOX,tonnes,20522.157915
2025/12/15,Netherlands,2019,OtherSolidFuels,TJ,2328.8579
2025/12/15,Slovakia,2019,Peat,TJ,29.167765
2025/12/15,Czechia,2016,Coal,TJ,63818.62
2025/12/15,Czechia,2022,LiquidFuels,TJ,3367.3923259999997
2025/12/15,Denmark,2016,DUST,tonnes,334.644045
2025/12/15,Latvia,2018,Installed capacity,MW,4495.379999999999
2025/12/15,Lithuania,2018,DUST,tonnes,395.01109999999994
2025/12/15,Hungary,2023,OtherSolidFuels,TJ,557.383
2025/12/15,Denmark,2023,Biomass,TJ,57038.83899999999
2025/12/15,Austria,2023,NaturalGas,TJ,63732.990822
2025/12/15,Denmark,2016,Biomass,TJ,28295.4
2025/12/15,Cyprus,2017,LiquidFuels,TJ,42500.1
2025/12/15,Hungary,2019,Biomass,TJ,18831.164
2025/12/15,France,2021,NaturalGas,TJ,291193.56256999995
2025/12/15,France,2016,SO2,tonnes,43439.563719600046
2025/12/15,Denmark,2020,Installed capacity,MW,19865.17
2025/12/15,Italy,2022,SO2,tonnes,12957.750612999997
2025/12/15,Germany,2024,OtherSolidFuels,TJ,3134.1284
2025/12/15,Netherlands,2022,LiquidFuels,TJ,7132.988669999999
2025/12/15,Hungary,2020,Coal,TJ,425.086
2025/12/15,Germany,2022,Peat,TJ,0
2025/12/15,Estonia,2023,OtherGases,TJ,10850
2025/12/15,Estonia,2023,DUST,tonnes,501.057
2025/12/15,Finland,2016,Installed capacity,MW,34476
2025/12/15,Malta,2017,Installed capacity,MW,1699
2025/12/15,Bulgaria,2021,Peat,TJ,0
2025/12/15,Serbia,2023,Lignite,TJ,265781.64
2025/12/15,Slovakia,2016,Biomass,TJ,4461.960000000001
2025/12/15,Cyprus,2018,OtherSolidFuels,TJ,0
2025/12/15,Cyprus,2019,Lignite,TJ,0
2025/12/15,Lithuania,2018,Peat,TJ,0
2025/12/15,Bulgaria,2021,DUST,tonnes,273.09999999999997
2025/12/15,Romania,2016,NOX,tonnes,29207.420999999995
2025/12/15,Poland,2017,NaturalGas,TJ,83613.19
2025/12/15,Ireland,2024,Peat,TJ,0
2025/12/15,Slovakia,2022,OtherSolidFuels,TJ,0
2025/12/15,Belgium,2021,Coal,TJ,512.472944
2025/12/15,Poland,2017,SO2,tonnes,184608.338591777
2025/12/15,Greece,2017,NOX,tonnes,62543.420999999995
2025/12/15,Germany,2019,Installed capacity,MW,267699.54
2025/12/15,Estonia,2017,DUST,tonnes,3237.9999999999995
2025/12/15,Croatia,2017,Coal,TJ,13978.06
2025/12/15,Hungary,2017,LiquidFuels,TJ,797.64
2025/12/15,Italy,2019,LiquidFuels,TJ,49681.529041
2025/12/15,France,2022,Peat,TJ,0
2025/12/15,Italy,2023,LiquidFuels,TJ,30722.464223
2025/12/15,Ireland,2017,Coal,TJ,36326.020000000004
2025/12/15,Poland,2018,SO2,tonnes,159824.78689999998
2025/12/15,Czechia,2017,Biomass,TJ,14508.78
2025/12/15,Croatia,2023,DUST,tonnes,83.8877
2025/12/15,Spain,2023,Biomass,TJ,14121.732320000001
2025/12/15,France,2021,LiquidFuels,TJ,62489.559378
2025/12/15,Latvia,2021,Peat,TJ,0
2025/12/15,Portugal,2018,Coal,TJ,109284.45999999999
2025/12/15,Estonia,2019,Peat,TJ,721.5
2025/12/15,Germany,2023,OtherGases,TJ,330737.0576
2025/12/15,Sweden,2016,LiquidFuels,TJ,18490.279999999995
2025/12/15,Austria,2023,LiquidFuels,TJ,13416.922906000002
2025/12/15,Sweden,2018,OtherGases,TJ,46925.79968999999
2025/12/15,Hungary,2022,DUST,tonnes,52.34
2025/12/15,Serbia,2021,DUST,tonnes,7928.73906
2025/12/15,Slovakia,2019,DUST,tonnes,244.37168700000007
2025/12/15,Ireland,2020,NaturalGas,TJ,116365.95999999999
2025/12/15,Romania,2017,Coal,TJ,17221.829999999998
2025/12/15,Czechia,2016,Biomass,TJ,13547.06
2025/12/15,United Kingdom,2018,LiquidFuels,TJ,17636.163999999997
2025/12/15,Spain,2018,NaturalGas,TJ,319919.737875
2025/12/15,Serbia,2021,Coal,TJ,1320.1599999999999
2025/12/15,Poland,2019,Installed capacity,MW,121157.72670000001
2025/12/15,Denmark,2023,Installed capacity,MW,19037.670000000002
2025/12/15,Denmark,2021,OtherGases,TJ,14330.4855
2025/12/15,Portugal,2018,LiquidFuels,TJ,17683.953259
2025/12/15,Malta,2021,Lignite,TJ,0
2025/12/15,Latvia,2020,Coal,TJ,0
2025/12/15,Sweden,2023,SO2,tonnes,2059.8762899999992
2025/12/15,France,2018,DUST,tonnes,2499.6200000000003
2025/12/15,Portugal,2019,Installed capacity,MW,17173.9
2025/12/15,Slovenia,2016,OtherSolidFuels,TJ,0
2025/12/15,Ireland,2019,Lignite,TJ,0
2025/12/15,Lithuania,2016,Biomass,TJ,3201.4900000000002
2025/12/15,Bulgaria,2017,OtherGases,TJ,521
2025/12/15,Spain,2023,DUST,tonnes,611.1675099999999
2025/12/15,Italy,2019,NaturalGas,TJ,1263467.8980929998
2025/12/15,Sweden,2020,Lignite,TJ,0
2025/12/15,Ireland,2022,Biomass,TJ,4335
2025/12/15,Serbia,2024,NOX,tonnes,35114.987
2025/12/15,Austria,2017,Installed capacity,MW,21964.187
2025/12/15,Greece,2018,LiquidFuels,TJ,109711.73
2025/12/15,Poland,2022,Peat,TJ,0
2025/12/15,Hungary,2020,NaturalGas,TJ,71609.7306
2025/12/15,Finland,2018,LiquidFuels,TJ,4012.3545
2025/12/15,Belgium,2020,LiquidFuels,TJ,2460.94178
2025/12/15,Sweden,2022,Biomass,TJ,240831.13
2025/12/15,Spain,2022,Lignite,TJ,0
2025/12/15,Romania,2022,Installed capacity,MW,36217.301999999996
2025/12/15,Finland,2021,OtherSolidFuels,TJ,513.5
2025/12/15,Sweden,2023,NaturalGas,TJ,2627.02
2025/12/15,Cyprus,2020,Coal,TJ,0
2025/12/15,Ireland,2020,Coal,TJ,7868.5599999999995
2025/12/15,Slovenia,2024,Lignite,TJ,29450.97
2025/12/15,Serbia,2019,NaturalGas,TJ,18059.100000000002
2025/12/15,Croatia,2024,Coal,TJ,7160
2025/12/15,Serbia,2019,LiquidFuels,TJ,4172.291
2025/12/15,Denmark,2024,Coal,TJ,16174.565000000002
2025/12/15,Spain,2023,Peat,TJ,0
2025/12/15,Italy,2019,Coal,TJ,178447.168404
2025/12/15,Portugal,2024,NOX,tonnes,8959.211000000001
2025/12/15,Croatia,2018,Installed capacity,MW,7431.755999999999
2025/12/15,Hungary,2017,NaturalGas,TJ,64669.27
2025/12/15,Cyprus,2021,Coal,TJ,0
2025/12/15,Slovenia,2023,OtherSolidFuels,TJ,0.44
2025/12/15,Greece,2019,OtherSolidFuels,TJ,0
2025/12/15,Hungary,2017,OtherSolidFuels,TJ,566.92
2025/12/15,Sweden,2016,NaturalGas,TJ,11781.390000000001
2025/12/15,Czechia,2018,Peat,TJ,0
2025/12/15,Spain,2020,Biomass,TJ,13674.461
2025/12/15,Ireland,2020,LiquidFuels,TJ,4535.69
2025/12/15,Malta,2016,Coal,TJ,0
2025/12/15,Netherlands,2017,NOX,tonnes,22457.324870930002
2025/12/15,Netherlands,2018,SO2,tonnes,6583.181949999999
2025/12/15,Austria,2016,LiquidFuels,TJ,14558.74
2025/12/15,Austria,2024,Lignite,TJ,0
2025/12/15,Greece,2018,NaturalGas,TJ,133215.84
2025/12/15,Netherlands,2022,Coal,TJ,119394.927396
2025/12/15,Sweden,2018,DUST,tonnes,2316.8680759999993
2025/12/15,Portugal,2020,Installed capacity,MW,17173.9
2025/12/15,Hungary,2022,Biomass,TJ,18258.926
2025/12/15,Hungary,2020,LiquidFuels,TJ,367.15229999999997
2025/12/15,United Kingdom,2017,OtherSolidFuels,TJ,0
2025/12/15,Sweden,2017,Lignite,TJ,0
2025/12/15,Poland,2019,OtherGases,TJ,39684.927110000004
2025/12/15,Poland,2020,SO2,tonnes,107070.47094999997
2025/12/15,Romania,2024,Biomass,TJ,4213.883
2025/12/15,Croatia,2019,Lignite,TJ,0
2025/12/15,Bulgaria,2016,OtherSolidFuels,TJ,1
2025/12/15,Malta,2019,DUST,tonnes,8.2411
2025/12/15,Latvia,2017,Coal,TJ,0
2025/12/15,Estonia,2023,NOX,tonnes,3274.318
2025/12/15,Latvia,2021,Biomass,TJ,2166.797
2025/12/15,Cyprus,2019,Installed capacity,MW,4884.5
2025/12/15,Malta,2020,Installed capacity,MW,1367
2025/12/15,Estonia,2024,LiquidFuels,TJ,257.04
2025/12/15,Luxembourg,2019,DUST,tonnes,0.035
2025/12/15,Luxembourg,2020,Installed capacity,MW,54.4
2025/12/15,Luxembourg,2023,OtherGases,TJ,0
2025/12/15,Estonia,2018,Installed capacity,MW,9667.003999999999
2025/12/15,Estonia,2022,Biomass,TJ,15484.2
2025/12/15,Malta,2022,Biomass,TJ,0
2025/12/15,Luxembourg,2022,Lignite,TJ,0
2025/12/15,Luxembourg,2023,DUST,tonnes,0
2025/12/15,Italy,2023,Biomass,TJ,22437.012996
2025/12/15,Greece,2021,Coal,TJ,0
2025/12/15,Portugal,2016,Coal,TJ,113315.30000000002
2025/12/15,France,2022,SO2,tonnes,21837.286006000006
2025/12/15,Austria,2023,Peat,TJ,0
2025/12/15,Croatia,2019,OtherSolidFuels,TJ,577.22918
2025/12/15,Cyprus,2019,OtherSolidFuels,TJ,0
2025/12/15,Austria,2023,Biomass,TJ,9370.258757
2025/12/15,Slovakia,2021,Coal,TJ,12641.03947
2025/12/15,Sweden,2023,Installed capacity,MW,38262.6
2025/12/15,Poland,2016,LiquidFuels,TJ,39100.07
2025/12/15,Poland,2020,Peat,TJ,0
2025/12/15,Romania,2016,OtherSolidFuels,TJ,3316.4
2025/12/15,Ireland,2023,Lignite,TJ,0
2025/12/15,Portugal,2024,SO2,tonnes,2775.90869
2025/12/15,Finland,2020,NaturalGas,TJ,42792.25000000001
2025/12/15,Lithuania,2017,Coal,TJ,0
2025/12/15,Sweden,2016,Peat,TJ,3343.66
2025/12/15,Bulgaria,2019,OtherGases,TJ,2211
2025/12/15,Romania,2023,Biomass,TJ,3354.511
2025/12/15,Denmark,2020,LiquidFuels,TJ,3199.8882949999997
2025/12/15,Greece,2020,Installed capacity,MW,27200.234999999997
2025/12/15,Italy,2022,Installed capacity,MW,123127.37499999999
2025/12/15,Spain,2023,NOX,tonnes,30915.933999999997
2025/12/15,Spain,2020,Lignite,TJ,1385.41
2025/12/15,Belgium,2018,DUST,tonnes,106.900876
2025/12/15,Denmark,2018,NOX,tonnes,5126.12193
2025/12/15,Serbia,2020,SO2,tonnes,358374.4
2025/12/15,Greece,2023,DUST,tonnes,986.8136
2025/12/15,Romania,2022,Lignite,TJ,110067.34899999999
2025/12/15,Netherlands,2020,Coal,TJ,63195.772778
2025/12/15,Slovenia,2024,OtherGases,TJ,0
2025/12/15,Denmark,2022,OtherGases,TJ,13922.596
2025/12/15,Denmark,2021,OtherSolidFuels,TJ,100
2025/12/15,Latvia,2018,OtherSolidFuels,TJ,4620
2025/12/15,Finland,2019,DUST,tonnes,383.01433000000003
2025/12/15,Italy,2020,Peat,TJ,0
2025/12/15,Sweden,2018,NaturalGas,TJ,6975.31
2025/12/15,Italy,2018,LiquidFuels,TJ,148662.090384
2025/12/15,Italy,2017,Lignite,TJ,0
2025/12/15,Estonia,2020,Lignite,TJ,0
2025/12/15,Romania,2021,NaturalGas,TJ,97626.34700000001
2025/12/15,Italy,2021,OtherSolidFuels,TJ,1799.125664
2025/12/15,Croatia,2017,Lignite,TJ,0
2025/12/15,Germany,2016,LiquidFuels,TJ,74921.22
2025/12/15,Czechia,2021,OtherGases,TJ,16414.637899999998
2025/12/15,Estonia,2016,SO2,tonnes,22215.002000000004
2025/12/15,Denmark,2024,LiquidFuels,TJ,2153.14626
2025/12/15,Belgium,2022,Coal,TJ,414.01578800000004
2025/12/15,Greece,2022,Lignite,TJ,46958
2025/12/15,Hungary,2019,OtherGases,TJ,22000.019
2025/12/15,Spain,2022,OtherGases,TJ,108373.66277608562
2025/12/15,Italy,2022,Lignite,TJ,0
2025/12/15,Serbia,2019,Biomass,TJ,0
2025/12/15,Croatia,2021,SO2,tonnes,401.48004999999995
2025/12/15,France,2022,NaturalGas,TJ,355911.8265979999
2025/12/15,Netherlands,2020,Biomass,TJ,53282.820052999996
2025/12/15,Serbia,2023,OtherGases,TJ,15852.67
2025/12/15,Bulgaria,2022,Peat,TJ,0
2025/12/15,Lithuania,2020,Coal,TJ,0
2025/12/15,Netherlands,2019,Installed capacity,MW,63352.159999999996
2025/12/15,Austria,2023,Installed capacity,MW,21479.74
2025/12/15,Slovakia,2021,NOX,tonnes,4717.69545
2025/12/15,Sweden,2016,DUST,tonnes,2186.438004082
2025/12/15,Spain,2018,Biomass,TJ,11707.71
2025/12/15,Hungary,2022,NOX,tonnes,3902.0840000000003
2025/12/15,Denmark,2018,DUST,tonnes,242.05387499999998
2025/12/15,Serbia,2024,SO2,tonnes,224886.14435999998
2025/12/15,Finland,2022,OtherSolidFuels,TJ,362.37
2025/12/15,Bulgaria,2020,DUST,tonnes,227.04000000000002
2025/12/15,Hungary,2021,NaturalGas,TJ,73244.957
2025/12/15,Netherlands,2019,Lignite,TJ,0
2025/12/15,Netherlands,2024,Coal,TJ,59666.695378000004
2025/12/15,Croatia,2021,NaturalGas,TJ,41652.44296
2025/12/15,Czechia,2022,Biomass,TJ,21713.186008000004
2025/12/15,Greece,2021,Peat,TJ,0
2025/12/15,Cyprus,2023,Peat,TJ,0
2025/12/15,Slovakia,2016,OtherGases,TJ,14399.169999999998
2025/12/15,Spain,2019,NOX,tonnes,55348.402599999994
2025/12/15,Croatia,2016,Peat,TJ,0
2025/12/15,Germany,2023,NaturalGas,TJ,799062.3616999999
2025/12/15,Portugal,2021,Biomass,TJ,22352.521957
2025/12/15,Poland,2023,LiquidFuels,TJ,45287.889
2025/12/15,Cyprus,2020,Lignite,TJ,0
2025/12/15,Poland,2024,Installed capacity,MW,103676.059
2025/12/15,Greece,2018,Installed capacity,MW,26923.375
2025/12/15,Slovakia,2018,DUST,tonnes,282.157497
2025/12/15,Bulgaria,2023,NOX,tonnes,10793
2025/12/15,Denmark,2021,SO2,tonnes,1310.415232
2025/12/15,Greece,2021,Biomass,TJ,0
2025/12/15,Finland,2017,NaturalGas,TJ,38389.97000000001
2025/12/15,Croatia,2016,NaturalGas,TJ,17507.480000000003
2025/12/15,Slovenia,2022,NaturalGas,TJ,1226.7939999999999
2025/12/15,Denmark,2024,NaturalGas,TJ,9239.935075
2025/12/15,Poland,2020,Installed capacity,MW,117238.81
2025/12/15,France,2016,Lignite,TJ,0
2025/12/15,Malta,2019,SO2,tonnes,18.683
2025/12/15,Netherlands,2016,OtherGases,TJ,210326.49
2025/12/15,Poland,2023,Coal,TJ,690572.1600000001
2025/12/15,Austria,2020,Biomass,TJ,8200.487924000001
2025/12/15,Finland,2019,NOX,tonnes,15667.249269999998
2025/12/15,Netherlands,2018,NOX,tonnes,21997.348033
2025/12/15,Belgium,2016,SO2,tonnes,2529.4677
2025/12/15,France,2022,DUST,tonnes,2166.356641
2025/12/15,Bulgaria,2020,OtherSolidFuels,TJ,8612
2025/12/15,Latvia,2016,SO2,tonnes,118.08633999999999
2025/12/15,Malta,2020,NOX,tonnes,750.5999999999999
2025/12/15,Greece,2023,OtherGases,TJ,43669.96
2025/12/15,Romania,2016,SO2,tonnes,59688.957
2025/12/15,Austria,2018,NaturalGas,TJ,93650.44695499999
2025/12/15,Netherlands,2017,Coal,TJ,252922.59999999998
2025/12/15,Lithuania,2016,OtherGases,TJ,14027
2025/12/15,Austria,2024,OtherSolidFuels,TJ,29075.753764
2025/12/15,Finland,2024,SO2,tonnes,2959.8569499999994
2025/12/15,Bulgaria,2022,DUST,tonnes,367.435
2025/12/15,Romania,2019,OtherGases,TJ,909.4230000000001
2025/12/15,Hungary,2023,Coal,TJ,0
2025/12/15,Lithuania,2022,OtherGases,TJ,14009.44
2025/12/15,Germany,2017,SO2,tonnes,78151.54600000002
2025/12/15,Estonia,2023,SO2,tonnes,4533.505
2025/12/15,Belgium,2019,Biomass,TJ,27611.136349999997
2025/12/15,Hungary,2018,OtherSolidFuels,TJ,758
2025/12/15,Romania,2017,LiquidFuels,TJ,1690.79
2025/12/15,Belgium,2024,Lignite,TJ,0
2025/12/15,France,2017,Biomass,TJ,69521
2025/12/15,Malta,2019,Peat,TJ,0
2025/12/15,France,2016,Installed capacity,MW,88739
2025/12/15,Poland,2017,DUST,tonnes,13593.085424324001
2025/12/15,Belgium,2021,LiquidFuels,TJ,2417.491609
2025/12/15,Finland,2017,LiquidFuels,TJ,5211
2025/12/15,Romania,2024,SO2,tonnes,6299.6939999999995
2025/12/15,Czechia,2017,LiquidFuels,TJ,3716.959999999999
2025/12/15,Finland,2019,OtherGases,TJ,6950.4066
2025/12/15,Poland,2023,NaturalGas,TJ,105944.24080000001
2025/12/15,France,2021,Biomass,TJ,76196.637422
2025/12/15,Romania,2021,LiquidFuels,TJ,207.721
2025/12/15,Finland,2024,OtherSolidFuels,TJ,284.20000000000005
2025/12/15,Slovakia,2021,LiquidFuels,TJ,8871.2583563
2025/12/15,Denmark,2018,Peat,TJ,0
2025/12/15,Estonia,2018,NOX,tonnes,8023.50547
2025/12/15,Lithuania,2021,Coal,TJ,0
2025/12/15,Slovenia,2016,Installed capacity,MW,5806.8
2025/12/15,Bulgaria,2018,Lignite,TJ,180789
2025/12/15,Hungary,2021,SO2,tonnes,378.518926
2025/12/15,Slovakia,2020,Peat,TJ,0
2025/12/15,Malta,2022,Lignite,TJ,0
2025/12/15,Portugal,2018,Biomass,TJ,16282.155351000001
2025/12/15,Bulgaria,2022,NOX,tonnes,18669
2025/12/15,Malta,2017,OtherSolidFuels,TJ,0
2025/12/15,Portugal,2023,Biomass,TJ,23927.408618999998
2025/12/15,Belgium,2017,Biomass,TJ,38005.45
2025/12/15,Bulgaria,2017,SO2,tonnes,48567
2025/12/15,Latvia,2016,OtherSolidFuels,TJ,0
2025/12/15,Slovenia,2021,Biomass,TJ,1273.174
2025/12/15,Denmark,2020,NOX,tonnes,3875.92879
2025/12/15,Croatia,2020,Lignite,TJ,0
2025/12/15,Latvia,2022,Peat,TJ,1.21
2025/12/15,Estonia,2016,NaturalGas,TJ,4790.530000000001
2025/12/15,Latvia,2021,LiquidFuels,TJ,0.8300000000000001
2025/12/15,Estonia,2022,OtherGases,TJ,9750
2025/12/15,Slovakia,2018,OtherGases,TJ,15599.601948
2025/12/15,Croatia,2018,OtherSolidFuels,TJ,687.70237
2025/12/15,Cyprus,2016,OtherSolidFuels,TJ,0
2025/12/15,Slovenia,2023,Lignite,TJ,26077.902
2025/12/15,Slovenia,2018,OtherSolidFuels,TJ,0
2025/12/15,Latvia,2019,OtherGases,TJ,0
2025/12/15,Latvia,2020,Lignite,TJ,0
2025/12/15,Serbia,2020,NaturalGas,TJ,19609.039999999997
2025/12/15,Luxembourg,2024,Lignite,TJ,0
2025/12/15,Estonia,2017,Lignite,TJ,0
2025/12/15,Ireland,2016,OtherSolidFuels,TJ,0
2025/12/15,Slovenia,2019,Lignite,TJ,41575.217
2025/12/15,Cyprus,2021,NaturalGas,TJ,0
2025/12/15,Malta,2016,Lignite,TJ,0
2025/12/15,Estonia,2021,SO2,tonnes,5747.4169999999995
2025/12/15,Estonia,2024,Coal,TJ,0
2025/12/15,Luxembourg,2016,NaturalGas,TJ,141.35
2025/12/15,Malta,2018,NaturalGas,TJ,13929
2025/12/15,Luxembourg,2016,SO2,tonnes,0.000315
2025/12/15,Luxembourg,2021,LiquidFuels,TJ,0
2025/12/15,Luxembourg,2020,Lignite,TJ,0
2025/12/15,Luxembourg,2018,Peat,TJ,0
2025/12/15,Luxembourg,2019,Biomass,TJ,0
2025/12/15,Luxembourg,2019,NOX,tonnes,13.6
2025/12/15,Luxembourg,2018,DUST,tonnes,0.0693
2025/12/15,Luxembourg,2023,SO2,tonnes,0
2025/12/15,Poland,2022,Installed capacity,MW,110422.48300000002
2025/12/15,United Kingdom,2017,DUST,tonnes,1990.867138422
2025/12/15,Greece,2018,SO2,tonnes,36416.61
2025/12/15,Austria,2023,SO2,tonnes,1708.2793000000001
2025/12/15,Slovakia,2016,DUST,tonnes,408.65481720300005
2025/12/15,Hungary,2022,Lignite,TJ,0
2025/12/15,Spain,2024,Coal,TJ,29223.756
2025/12/15,Croatia,2024,Biomass,TJ,0
2025/12/15,Estonia,2020,LiquidFuels,TJ,320.19
2025/12/15,Hungary,2018,NaturalGas,TJ,54823.912
2025/12/15,Slovakia,2018,Peat,TJ,93.3365
2025/12/15,Austria,2020,Installed capacity,MW,21696.087000000003
2025/12/15,Romania,2018,SO2,tonnes,36276.377799999995
2025/12/15,Slovakia,2019,NOX,tonnes,5707.22021
2025/12/15,Lithuania,2017,DUST,tonnes,82.503
2025/12/15,Croatia,2019,Biomass,TJ,0
2025/12/15,Czechia,2017,Coal,TJ,52018.54
2025/12/15,Greece,2024,OtherGases,TJ,44806.840000000004
2025/12/15,Sweden,2022,LiquidFuels,TJ,8266.6711
2025/12/15,Ireland,2024,OtherSolidFuels,TJ,0
2025/12/15,Luxembourg,2024,Coal,TJ,0
2025/12/15,Czechia,2019,SO2,tonnes,42790.946358
2025/12/15,Hungary,2024,SO2,tonnes,348.3250000000001
2025/12/15,Denmark,2016,OtherSolidFuels,TJ,0
2025/12/15,Austria,2022,OtherSolidFuels,TJ,27597.265602
2025/12/15,Greece,2022,NaturalGas,TJ,136956.08000000002
2025/12/15,Austria,2016,Biomass,TJ,8903.960000000001
2025/12/15,Latvia,2020,NaturalGas,TJ,16889.271
2025/12/15,Sweden,2024,DUST,tonnes,1583.6599999999999
2025/12/15,Portugal,2021,Installed capacity,MW,17194.4
2025/12/15,Belgium,2022,OtherGases,TJ,62639.854158999995
2025/12/15,Cyprus,2022,Coal,TJ,0
2025/12/15,France,2024,LiquidFuels,TJ,63371.509335999996
2025/12/15,Romania,2018,OtherSolidFuels,TJ,3492.1
2025/12/15,Slovenia,2019,OtherSolidFuels,TJ,0
2025/12/15,Slovenia,2017,Lignite,TJ,45176.490000000005
2025/12/15,Netherlands,2023,Installed capacity,MW,59688.43
2025/12/15,Spain,2021,DUST,tonnes,720.9567259999999
2025/12/15,Netherlands,2021,DUST,tonnes,193.370113
2025/12/15,Denmark,2022,NOX,tonnes,4427.9933120000005
2025/12/15,Germany,2024,Biomass,TJ,42798.72
2025/12/15,Austria,2016,Coal,TJ,0
2025/12/15,Greece,2022,OtherSolidFuels,TJ,0
2025/12/15,Latvia,2019,Lignite,TJ,0
2025/12/15,France,2018,Biomass,TJ,69362.41230000001
2025/12/15,Belgium,2024,NaturalGas,TJ,66734.722448799
2025/12/15,Croatia,2017,OtherSolidFuels,TJ,0
2025/12/15,Malta,2022,Coal,TJ,0
2025/12/15,Germany,2019,NOX,tonnes,109160.59299999998
2025/12/15,Italy,2020,NOX,tonnes,34293.949908999995
2025/12/15,Italy,2017,NOX,tonnes,43085.85973113801
2025/12/15,Portugal,2018,SO2,tonnes,9631.1231
2025/12/15,Ireland,2021,SO2,tonnes,4686.5583
2025/12/15,Slovenia,2023,Peat,TJ,0
2025/12/15,Czechia,2018,Biomass,TJ,13757.751069000002
2025/12/15,Spain,2023,OtherSolidFuels,TJ,8041.1667839
2025/12/15,Greece,2023,Lignite,TJ,32284
2025/12/15,Belgium,2021,OtherSolidFuels,TJ,2783.725116
2025/12/15,Hungary,2023,Peat,TJ,0
2025/12/15,Croatia,2019,NaturalGas,TJ,39418.37525
2025/12/15,Latvia,2016,OtherGases,TJ,0
2025/12/15,Ireland,2017,Biomass,TJ,3446.4
2025/12/15,Estonia,2016,OtherSolidFuels,TJ,90750.81
2025/12/15,Denmark,2018,SO2,tonnes,1859.0044230000003
2025/12/15,Sweden,2022,NOX,tonnes,14027.945800000001
2025/12/15,Portugal,2023,Lignite,TJ,0
2025/12/15,Romania,2016,OtherGases,TJ,1999.22
2025/12/15,Netherlands,2023,NaturalGas,TJ,322379.5269899999
2025/12/15,Sweden,2018,OtherSolidFuels,TJ,0
2025/12/15,Romania,2020,NaturalGas,TJ,96467.868
2025/12/15,Bulgaria,2023,Lignite,TJ,115754
2025/12/15,Austria,2016,Installed capacity,MW,21920
2025/12/15,Belgium,2021,NOX,tonnes,7461.544999999999
2025/12/15,Greece,2021,Installed capacity,MW,27000.935
2025/12/15,Croatia,2020,NOX,tonnes,3661.3700000000003
2025/12/15,United Kingdom,2018,NaturalGas,TJ,921719.9717000001
2025/12/15,Croatia,2018,LiquidFuels,TJ,3219.1594800000003
2025/12/15,Hungary,2020,OtherSolidFuels,TJ,1004.0020000000001
2025/12/15,Croatia,2024,NaturalGas,TJ,34777.2
2025/12/15,Sweden,2023,OtherSolidFuels,TJ,0
2025/12/15,Spain,2017,NaturalGas,TJ,383606.70999999996
2025/12/15,Belgium,2018,NOX,tonnes,9381.498
2025/12/15,Serbia,2022,DUST,tonnes,6725.91337
2025/12/15,Lithuania,2020,DUST,tonnes,247.0203
2025/12/15,Greece,2019,DUST,tonnes,2138.4372
2025/12/15,Bulgaria,2022,SO2,tonnes,38265
2025/12/15,Lithuania,2017,NOX,tonnes,1349.96533
2025/12/15,Sweden,2021,Lignite,TJ,0
2025/12/15,Austria,2022,LiquidFuels,TJ,13163.043642
2025/12/15,Netherlands,2016,Peat,TJ,0
2025/12/15,Estonia,2017,LiquidFuels,TJ,575.3800000000001
2025/12/15,Belgium,2018,Peat,TJ,0
2025/12/15,Finland,2023,SO2,tonnes,4590.9579
2025/12/15,Spain,2019,SO2,tonnes,32454.754640000006
2025/12/15,Serbia,2022,Installed capacity,MW,19317.350000000002
2025/12/15,Portugal,2017,OtherGases,TJ,23843.870000000003
2025/12/15,Italy,2021,Peat,TJ,0
2025/12/15,Hungary,2019,Lignite,TJ,0
2025/12/15,Finland,2016,NaturalGas,TJ,43850.03999999999
2025/12/15,Belgium,2020,Coal,TJ,887.521112
2025/12/15,Cyprus,2016,NaturalGas,TJ,0
2025/12/15,Belgium,2020,Installed capacity,MW,19742.9
2025/12/15,Slovenia,2020,Installed capacity,MW,6256.2
2025/12/15,Poland,2016,NOX,tonnes,170749.35629619999
2025/12/15,Sweden,2019,NOX,tonnes,13908.465699999999
2025/12/15,Austria,2021,SO2,tonnes,1787.2707309999996
2025/12/15,Ireland,2022,NOX,tonnes,5841.2508499999985
2025/12/15,Italy,2018,Coal,TJ,266687.803329
2025/12/15,Serbia,2024,OtherGases,TJ,14503.579999999998
2025/12/15,Portugal,2016,OtherGases,TJ,23206.18
2025/12/15,Slovakia,2022,OtherGases,TJ,4149.33363614
2025/12/15,Lithuania,2019,Lignite,TJ,0
2025/12/15,Portugal,2022,OtherSolidFuels,TJ,21451.19298
2025/12/15,Czechia,2016,DUST,tonnes,2568.7446250000003
2025/12/15,Italy,2016,SO2,tonnes,21024.67886475
2025/12/15,Hungary,2017,SO2,tonnes,1111.226
2025/12/15,Sweden,2019,OtherGases,TJ,37410.924615
2025/12/15,Croatia,2017,LiquidFuels,TJ,4920.389999999999
2025/12/15,Portugal,2016,Peat,TJ,0
2025/12/15,France,2020,Biomass,TJ,69005.11036300001
2025/12/15,Finland,2021,Biomass,TJ,68305.59999999999
2025/12/15,Latvia,2023,Biomass,TJ,2010
2025/12/15,Lithuania,2018,OtherGases,TJ,14906
2025/12/15,Greece,2019,Lignite,TJ,128821
2025/12/15,Lithuania,2016,DUST,tonnes,91.11609999999999
2025/12/15,Denmark,2022,DUST,tonnes,202.99906600000006
2025/12/15,Austria,2024,Biomass,TJ,10846.93404
2025/12/15,Romania,2019,Lignite,TJ,140669.88100000002
2025/12/15,United Kingdom,2017,Biomass,TJ,138651
2025/12/15,Romania,2018,NaturalGas,TJ,103525.44013399999
2025/12/15,Sweden,2020,OtherGases,TJ,43276.117190000004
2025/12/15,Hungary,2021,OtherGases,TJ,21346.456
2025/12/15,Portugal,2024,OtherGases,TJ,14183.801
2025/12/15,Lithuania,2021,Peat,TJ,0
2025/12/15,Ireland,2017,NaturalGas,TJ,108689.87999999999
2025/12/15,Latvia,2018,NaturalGas,TJ,25101.091
2025/12/15,France,2016,Peat,TJ,0
2025/12/15,Germany,2021,Coal,TJ,465876.59800000006
2025/12/15,Czechia,2016,Lignite,TJ,414796.14
2025/12/15,Poland,2020,OtherSolidFuels,TJ,0
2025/12/15,Spain,2020,Coal,TJ,46044.616094000005
2025/12/15,Italy,2019,Biomass,TJ,65852.26179126378
2025/12/15,Lithuania,2021,OtherGases,TJ,14009.44
2025/12/15,Hungary,2018,Lignite,TJ,0
2025/12/15,Slovakia,2022,Peat,TJ,0
2025/12/15,Greece,2023,Installed capacity,MW,26973.454999999994
2025/12/15,Greece,2019,Installed capacity,MW,27064.234999999997
2025/12/15,Finland,2020,OtherSolidFuels,TJ,412.8
2025/12/15,Hungary,2017,Peat,TJ,0
2025/12/15,Belgium,2019,OtherGases,TJ,73427.08670700001
2025/12/15,Slovenia,2018,Biomass,TJ,1151.4560000000001
2025/12/15,Czechia,2020,Coal,TJ,26142.015247
2025/12/15,Portugal,2019,NaturalGas,TJ,116031.4453858
2025/12/15,Slovenia,2019,LiquidFuels,TJ,139.64000000000001
2025/12/15,Slovakia,2020,Lignite,TJ,17689.032096299998
2025/12/15,Lithuania,2018,OtherSolidFuels,TJ,0
2025/12/15,Denmark,2017,LiquidFuels,TJ,3901.7000000000003
2025/12/15,Croatia,2020,LiquidFuels,TJ,789.1198800000001
2025/12/15,Germany,2019,DUST,tonnes,2048.8849999999998
2025/12/15,Bulgaria,2020,NOX,tonnes,12320.33
2025/12/15,Italy,2021,LiquidFuels,TJ,33110.688086
2025/12/15,Spain,2016,Biomass,TJ,4779.900000000001
2025/12/15,Slovakia,2019,OtherSolidFuels,TJ,0
2025/12/15,Sweden,2020,Peat,TJ,808.71
2025/12/15,Bulgaria,2018,LiquidFuels,TJ,3258
2025/12/15,Lithuania,2022,Biomass,TJ,16414
2025/12/15,Estonia,2021,NaturalGas,TJ,3088.837
2025/12/15,Serbia,2021,OtherSolidFuels,TJ,0
2025/12/15,Cyprus,2018,LiquidFuels,TJ,43137.7
2025/12/15,Bulgaria,2016,Installed capacity,MW,21466.4
2025/12/15,Estonia,2022,DUST,tonnes,839.2463000000001
2025/12/15,Cyprus,2023,SO2,tonnes,9197.692000000001
2025/12/15,Malta,2017,NaturalGas,TJ,0
2025/12/15,Slovenia,2020,Lignite,TJ,40531.727000000006
2025/12/15,Bulgaria,2016,Peat,TJ,0
2025/12/15,Bulgaria,2017,OtherSolidFuels,TJ,0
2025/12/15,Estonia,2016,OtherGases,TJ,9524.84
2025/12/15,Slovenia,2023,LiquidFuels,TJ,70.482
2025/12/15,Malta,2022,NaturalGas,TJ,14900
2025/12/15,Bulgaria,2020,Peat,TJ,0
2025/12/15,Cyprus,2020,LiquidFuels,TJ,39097
2025/12/15,Malta,2019,OtherGases,TJ,0
2025/12/15,Luxembourg,2022,Peat,TJ,0
2025/12/15,Slovenia,2017,DUST,tonnes,101.42299999999999
2025/12/15,Luxembourg,2018,Installed capacity,MW,54.4
2025/12/15,Luxembourg,2022,OtherGases,TJ,0
2025/12/15,Luxembourg,2023,NOX,tonnes,15.4
2025/12/15,Luxembourg,2021,Peat,TJ,0
2025/12/15,Luxembourg,2021,NOX,tonnes,12.9
2025/12/15,Finland,2018,DUST,tonnes,469.33994000000007
2025/12/15,Spain,2016,SO2,tonnes,88261.24399999999
2025/12/15,Spain,2021,Biomass,TJ,9511.55608
2025/12/15,Sweden,2020,Biomass,TJ,229526.11999999997
2025/12/15,Germany,2020,Biomass,TJ,47010.093
2025/12/15,Serbia,2021,Biomass,TJ,0
2025/12/15,France,2017,Peat,TJ,0
2025/12/15,Hungary,2019,SO2,tonnes,993.5225
2025/12/15,Serbia,2022,NOX,tonnes,36358.469999999994
2025/12/15,Spain,2019,Lignite,TJ,10230.561
2025/12/15,Romania,2018,OtherGases,TJ,1300.279
2025/12/15,Cyprus,2023,Lignite,TJ,0
2025/12/15,Bulgaria,2022,Lignite,TJ,221004
2025/12/15,Austria,2017,OtherSolidFuels,TJ,33375.03
2025/12/15,Lithuania,2020,OtherGases,TJ,13635.49
2025/12/15,Croatia,2021,LiquidFuels,TJ,770.6148900000001
2025/12/15,Croatia,2016,Coal,TJ,15052.19
2025/12/15,United Kingdom,2019,Biomass,TJ,150120
2025/12/15,Greece,2016,Lignite,TJ,173666
2025/12/15,Poland,2018,Biomass,TJ,57424.42000000001
2025/12/15,Hungary,2017,DUST,tonnes,115.05980000000001
2025/12/15,Slovenia,2022,Coal,TJ,5395.469999999999
2025/12/15,Belgium,2017,LiquidFuels,TJ,2779.46
2025/12/15,Bulgaria,2019,Peat,TJ,0
2025/12/15,Lithuania,2019,OtherSolidFuels,TJ,508.24
2025/12/15,France,2023,Peat,TJ,0
2025/12/15,Ireland,2024,Biomass,TJ,4689.38
2025/12/15,Slovenia,2020,OtherGases,TJ,0
2025/12/15,Croatia,2018,NaturalGas,TJ,29665.18604
2025/12/15,Malta,2016,Peat,TJ,0
2025/12/15,Ireland,2022,Lignite,TJ,0
2025/12/15,Germany,2021,SO2,tonnes,44869.025
2025/12/15,Latvia,2023,DUST,tonnes,10.376999999999999
2025/12/15,Netherlands,2016,DUST,tonnes,395.51908133700005
2025/12/15,Spain,2019,Coal,TJ,92146.27984999999
2025/12/15,Lithuania,2018,NaturalGas,TJ,15027.465983
2025/12/15,Ireland,2020,SO2,tonnes,1997.334495
2025/12/15,Hungary,2023,DUST,tonnes,26.384999999999998
2025/12/15,Greece,2023,SO2,tonnes,14956.360920000001
2025/12/15,Slovenia,2016,LiquidFuels,TJ,127.67999999999999
2025/12/15,Slovakia,2022,DUST,tonnes,217.999064
2025/12/15,Malta,2021,OtherSolidFuels,TJ,0
2025/12/15,Belgium,2023,Lignite,TJ,0
2025/12/15,Greece,2016,Coal,TJ,0
2025/12/15,Hungary,2017,Lignite,TJ,0
2025/12/15,Estonia,2022,Lignite,TJ,0
2025/12/15,Netherlands,2024,SO2,tonnes,5212.121139999999
2025/12/15,Slovenia,2019,Biomass,TJ,1286.07
2025/12/15,Italy,2018,OtherSolidFuels,TJ,8196.742989
2025/12/15,Slovakia,2022,Installed capacity,MW,8697.018000000002
2025/12/15,Czechia,2020,NOX,tonnes,32434.94654
2025/12/15,Latvia,2019,SO2,tonnes,131.172
2025/12/15,Estonia,2024,SO2,tonnes,3702.6049999999996
2025/12/15,Romania,2020,LiquidFuels,TJ,276.932
2025/12/15,Portugal,2017,Coal,TJ,129645.67
2025/12/15,Czechia,2018,SO2,tonnes,56234.096235000005
2025/12/15,Czechia,2018,OtherSolidFuels,TJ,10890.701318
2025/12/15,Greece,2016,NaturalGas,TJ,101171.74999999999
2025/12/15,Germany,2022,Installed capacity,MW,269384.48199999996
2025/12/15,Slovakia,2017,NOX,tonnes,7098.779771674897
2025/12/15,Portugal,2024,DUST,tonnes,918.2917049999999
2025/12/15,Finland,2016,OtherGases,TJ,8385.94
2025/12/15,Estonia,2016,Biomass,TJ,8484.07
2025/12/15,Italy,2023,DUST,tonnes,366.634668
2025/12/15,France,2022,OtherGases,TJ,110272.843236
2025/12/15,Netherlands,2023,Peat,TJ,0
2025/12/15,Italy,2021,NaturalGas,TJ,951135.248137
2025/12/15,Serbia,2023,Coal,TJ,2725.58
2025/12/15,Italy,2022,OtherSolidFuels,TJ,2232.3044109999996
2025/12/15,Italy,2017,Installed capacity,MW,134453.452
2025/12/15,Finland,2022,Installed capacity,MW,29179.9
2025/12/15,Austria,2016,OtherSolidFuels,TJ,34417.090000000004
2025/12/15,Belgium,2016,OtherGases,TJ,64631.200000000004
2025/12/15,Poland,2022,OtherSolidFuels,TJ,0
2025/12/15,Denmark,2021,NOX,tonnes,4637.100321
2025/12/15,Greece,2024,DUST,tonnes,1056.7094
2025/12/15,Bulgaria,2023,SO2,tonnes,20022
2025/12/15,Slovenia,2019,NaturalGas,TJ,1186.192
2025/12/15,Slovakia,2016,Peat,TJ,0
2025/12/15,Bulgaria,2022,NaturalGas,TJ,28263
2025/12/15,Greece,2018,Lignite,TJ,106901
2025/12/15,Cyprus,2018,Installed capacity,MW,4884.5
2025/12/15,Slovakia,2016,NOX,tonnes,8032.325695716
2025/12/15,Denmark,2022,Biomass,TJ,64493.784
2025/12/15,Denmark,2021,Peat,TJ,0
2025/12/15,France,2019,OtherSolidFuels,TJ,3409.123451
2025/12/15,United Kingdom,2017,OtherGases,TJ,138416
2025/12/15,Belgium,2024,OtherGases,TJ,74676.8508936
2025/12/15,Slovenia,2017,OtherGases,TJ,0
2025/12/15,Estonia,2020,NaturalGas,TJ,3010.166999999999
2025/12/15,Bulgaria,2016,Biomass,TJ,3627
2025/12/15,Netherlands,2022,Peat,TJ,0
2025/12/15,United Kingdom,2019,Coal,TJ,68192.27
2025/12/15,Denmark,2017,Coal,TJ,61382.7
2025/12/15,Greece,2018,Coal,TJ,0
2025/12/15,Sweden,2024,OtherGases,TJ,42741.06
2025/12/15,Serbia,2020,LiquidFuels,TJ,3398.520000000001
2025/12/15,Croatia,2021,OtherSolidFuels,TJ,659.38156
2025/12/15,France,2020,OtherSolidFuels,TJ,3958.719971
2025/12/15,Czechia,2018,NOX,tonnes,44487.53551
2025/12/15,Denmark,2023,DUST,tonnes,101.62390099999999
2025/12/15,Croatia,2023,NOX,tonnes,2775.96
2025/12/15,Croatia,2018,Coal,TJ,12401.99305
2025/12/15,Bulgaria,2019,LiquidFuels,TJ,809
2025/12/15,Latvia,2020,LiquidFuels,TJ,0.156
2025/12/15,Portugal,2019,LiquidFuels,TJ,17707.019223
2025/12/15,Portugal,2020,Lignite,TJ,0
2025/12/15,Netherlands,2020,NaturalGas,TJ,499490.904966
2025/12/15,Spain,2017,OtherSolidFuels,TJ,35982.159999999996
2025/12/15,Finland,2019,Lignite,TJ,0
2025/12/15,Slovenia,2019,Coal,TJ,1075.061
2025/12/15,Netherlands,2023,LiquidFuels,TJ,3535.724918
2025/12/15,Spain,2024,SO2,tonnes,7306.898539999998
2025/12/15,Hungary,2021,DUST,tonnes,57.598945
2025/12/15,Belgium,2021,Lignite,TJ,0
2025/12/15,Finland,2022,NaturalGas,TJ,15924.048499999999
2025/12/15,Denmark,2017,Lignite,TJ,0
2025/12/15,Cyprus,2023,NaturalGas,TJ,0
2025/12/15,Croatia,2023,Peat,TJ,0
2025/12/15,Croatia,2018,Lignite,TJ,0
2025/12/15,Spain,2018,DUST,tonnes,3422.279670000001
2025/12/15,Germany,2016,Coal,TJ,905563.1799999998
2025/12/15,Poland,2022,LiquidFuels,TJ,49640.717
2025/12/15,Hungary,2018,OtherGases,TJ,23631.5
2025/12/15,Belgium,2019,Installed capacity,MW,20422.413
2025/12/15,Italy,2017,DUST,tonnes,877.003215835
2025/12/15,Greece,2023,NOX,tonnes,32508.560000000005
2025/12/15,Serbia,2022,LiquidFuels,TJ,7157.549999999999
2025/12/15,Denmark,2024,Biomass,TJ,68296.479
2025/12/15,Serbia,2020,Peat,TJ,0
2025/12/15,Hungary,2017,Coal,TJ,4609.969999999999
2025/12/15,Italy,2019,SO2,tonnes,12738.829209
2025/12/15,Netherlands,2021,OtherGases,TJ,237834.941741
2025/12/15,Netherlands,2017,OtherSolidFuels,TJ,3252.2300000000005
2025/12/15,Romania,2019,SO2,tonnes,28519.36499999999
2025/12/15,Slovakia,2019,Installed capacity,MW,9640.837999999998
2025/12/15,Cyprus,2021,Lignite,TJ,0
2025/12/15,Estonia,2019,LiquidFuels,TJ,359.4406
2025/12/15,Sweden,2016,NOX,tonnes,10771.214901
2025/12/15,Ireland,2022,NaturalGas,TJ,118258.33
2025/12/15,Belgium,2023,NaturalGas,TJ,107587.388424093
2025/12/15,Italy,2019,NOX,tonnes,35948.11141
2025/12/15,Finland,2024,OtherGases,TJ,7854.620000000001
2025/12/15,Finland,2020,Biomass,TJ,56161.4
2025/12/15,Latvia,2017,LiquidFuels,TJ,1.8399999999999999
2025/12/15,Hungary,2022,OtherSolidFuels,TJ,639.1120000000001
2025/12/15,Czechia,2020,SO2,tonnes,30503.72569700001
2025/12/15,Poland,2019,NOX,tonnes,120860.80099999999
2025/12/15,Italy,2019,OtherSolidFuels,TJ,7044.671562
2025/12/15,Spain,2019,NaturalGas,TJ,498341.6544726999
2025/12/15,Finland,2023,NaturalGas,TJ,15113.818500000001
2025/12/15,Austria,2019,Coal,TJ,7756.105524
2025/12/15,Finland,2019,Installed capacity,MW,31211.4
2025/12/15,Bulgaria,2020,Installed capacity,MW,21804
2025/12/15,Austria,2024,SO2,tonnes,1774.4032999999997
2025/12/15,Poland,2024,OtherSolidFuels,TJ,0
2025/12/15,Denmark,2019,OtherGases,TJ,20138.2722
2025/12/15,Luxembourg,2024,LiquidFuels,TJ,0
2025/12/15,Serbia,2022,OtherGases,TJ,4832.43
2025/12/15,Estonia,2017,NaturalGas,TJ,3890.7100000000005
2025/12/15,Bulgaria,2018,NaturalGas,TJ,31111
2025/12/15,Malta,2022,NOX,tonnes,552.23
2025/12/15,Latvia,2021,SO2,tonnes,135.236
2025/12/15,Malta,2018,LiquidFuels,TJ,221.73000000000002
2025/12/15,Estonia,2019,OtherSolidFuels,TJ,45835
2025/12/15,Croatia,2021,NOX,tonnes,3264.3720000000003
2025/12/15,Luxembourg,2016,OtherSolidFuels,TJ,0
2025/12/15,Slovenia,2022,DUST,tonnes,72.34920000000002
2025/12/15,Ireland,2017,SO2,tonnes,3939.6710000000007
2025/12/15,Croatia,2020,Installed capacity,MW,4247.892
2025/12/15,Latvia,2018,OtherGases,TJ,0
2025/12/15,Estonia,2024,Installed capacity,MW,8854.244
2025/12/15,Malta,2016,LiquidFuels,TJ,7328.490000000001
2025/12/15,Croatia,2023,SO2,tonnes,491.253
2025/12/15,Malta,2019,NaturalGas,TJ,14500
2025/12/15,Malta,2022,LiquidFuels,TJ,660.21
2025/12/15,Cyprus,2016,OtherGases,TJ,0
2025/12/15,Malta,2017,OtherGases,TJ,0
2025/12/15,Malta,2019,Coal,TJ,0
2025/12/15,Malta,2021,NaturalGas,TJ,14690
2025/12/15,Luxembourg,2021,Biomass,TJ,0
2025/12/15,Luxembourg,2019,Coal,TJ,0
2025/12/15,Luxembourg,2020,OtherGases,TJ,0
2025/12/15,Luxembourg,2016,LiquidFuels,TJ,0
2025/12/15,Netherlands,2018,OtherSolidFuels,TJ,4067.4710999999998
2025/12/15,Greece,2021,Lignite,TJ,64174
2025/12/15,Slovenia,2022,Lignite,TJ,25095.206
2025/12/15,Romania,2017,Biomass,TJ,2744.67
2025/12/15,Hungary,2021,LiquidFuels,TJ,684.991
2025/12/15,Luxembourg,2023,LiquidFuels,TJ,0
2025/12/15,Italy,2016,DUST,tonnes,1011.545984484
2025/12/15,Serbia,2021,SO2,tonnes,284120.12916000007
2025/12/15,Poland,2018,OtherSolidFuels,TJ,4
2025/12/15,Hungary,2020,NOX,tonnes,4035.63175
2025/12/15,Greece,2022,DUST,tonnes,1316.2864
2025/12/15,Romania,2022,OtherSolidFuels,TJ,4210.798
2025/12/15,Finland,2023,Coal,TJ,17576.46
2025/12/15,Spain,2016,NaturalGas,TJ,259140.93000000002
2025/12/15,Finland,2024,NaturalGas,TJ,18236.3085
2025/12/15,Italy,2018,Biomass,TJ,28128.695701831584
2025/12/15,Serbia,2024,LiquidFuels,TJ,4641.389999999999
2025/12/15,Romania,2024,OtherGases,TJ,1143.648
2025/12/15,Portugal,2020,SO2,tonnes,2893.6369999999997
2025/12/15,Ireland,2019,NOX,tonnes,5585.18036
2025/12/15,Serbia,2020,DUST,tonnes,9807.67
2025/12/15,Ireland,2018,Biomass,TJ,3034.63
2025/12/15,Greece,2018,NOX,tonnes,55267.979999999996
2025/12/15,Greece,2019,SO2,tonnes,33980.05526
2025/12/15,Portugal,2023,NaturalGas,TJ,93564.512782319
2025/12/15,Serbia,2020,Biomass,TJ,0
2025/12/15,Ireland,2016,Lignite,TJ,0
2025/12/15,France,2017,NOX,tonnes,56949.88967492057
2025/12/15,Germany,2022,NOX,tonnes,104471.59600000002
2025/12/15,Italy,2017,Peat,TJ,0
2025/12/15,Germany,2022,LiquidFuels,TJ,89445.024
2025/12/15,United Kingdom,2017,NaturalGas,TJ,962579.04
2025/12/15,Germany,2024,Installed capacity,MW,250555.972
2025/12/15,Czechia,2021,SO2,tonnes,26568.398848
2025/12/15,Finland,2019,SO2,tonnes,8459.99924
2025/12/15,Greece,2018,OtherSolidFuels,TJ,0
2025/12/15,Austria,2017,OtherGases,TJ,48187.37
2025/12/15,Finland,2022,OtherGases,TJ,8859.34
2025/12/15,Spain,2023,SO2,tonnes,10928.51015
2025/12/15,Ireland,2024,DUST,tonnes,47.2047
2025/12/15,Lithuania,2020,OtherSolidFuels,TJ,686.8
2025/12/15,Portugal,2023,Coal,TJ,0
2025/12/15,Spain,2022,OtherSolidFuels,TJ,11787.72775
2025/12/15,France,2022,Installed capacity,MW,70677
2025/12/15,Slovakia,2020,Installed capacity,MW,9579.228000000001
2025/12/15,Greece,2017,SO2,tonnes,42819.9092
2025/12/15,Sweden,2023,NOX,tonnes,13372.760000000002
2025/12/15,Finland,2020,LiquidFuels,TJ,22380.674000000003
2025/12/15,Estonia,2020,OtherGases,TJ,12039
2025/12/15,Portugal,2016,LiquidFuels,TJ,3883.21
2025/12/15,Italy,2022,Biomass,TJ,29018.45852
2025/12/15,Romania,2021,Installed capacity,MW,36566.302
2025/12/15,Poland,2021,Installed capacity,MW,114311.006
2025/12/15,Ireland,2016,Installed capacity,MW,15311.83
2025/12/15,Denmark,2021,Installed capacity,MW,19209.67
2025/12/15,Poland,2017,NOX,tonnes,158391.92033191
2025/12/15,Slovakia,2016,Installed capacity,MW,9720.884
2025/12/15,Belgium,2019,LiquidFuels,TJ,2569.9670800000004
2025/12/15,Italy,2016,NOX,tonnes,44617.608399876
2025/12/15,Denmark,2022,SO2,tonnes,1639.0995139999998
2025/12/15,Romania,2021,Peat,TJ,0
2025/12/15,Germany,2023,Installed capacity,MW,263285.92199999996
2025/12/15,Hungary,2016,SO2,tonnes,6295.286800000002
2025/12/15,Malta,2019,LiquidFuels,TJ,386.30000000000007
2025/12/15,Belgium,2016,NaturalGas,TJ,164919.35000000003
2025/12/15,Portugal,2022,NOX,tonnes,10096.2056
2025/12/15,Slovenia,2016,SO2,tonnes,1384.244
2025/12/15,Hungary,2019,NaturalGas,TJ,66630.53
2025/12/15,Ireland,2017,Lignite,TJ,0
2025/12/15,Denmark,2022,OtherSolidFuels,TJ,96
2025/12/15,Slovenia,2020,Coal,TJ,644.733
2025/12/15,Croatia,2021,Biomass,TJ,0
2025/12/15,Spain,2024,Biomass,TJ,14429.030999999999
2025/12/15,Germany,2018,Peat,TJ,0
2025/12/15,Sweden,2020,LiquidFuels,TJ,3942.2652
2025/12/15,Italy,2021,OtherGases,TJ,154578.83550499997
2025/12/15,Czechia,2016,NaturalGas,TJ,28149.98
2025/12/15,Cyprus,2021,DUST,tonnes,301.98900000000003
2025/12/15,Latvia,2022,NaturalGas,TJ,11858.756
2025/12/15,Romania,2023,Lignite,TJ,87882.2517
2025/12/15,Ireland,2023,OtherGases,TJ,0.55
2025/12/15,Croatia,2017,OtherGases,TJ,3306.2200000000003
2025/12/15,Lithuania,2019,Coal,TJ,0
2025/12/15,Slovenia,2022,NOX,tonnes,2213.9725
2025/12/15,Slovenia,2022,Peat,TJ,0
2025/12/15,Romania,2019,NaturalGas,TJ,91513.378
2025/12/15,Finland,2017,Peat,TJ,37435.009999999995
2025/12/15,Denmark,2019,NaturalGas,TJ,12940.70409
2025/12/15,Belgium,2018,OtherGases,TJ,67210.770162
2025/12/15,Estonia,2018,Lignite,TJ,0
2025/12/15,France,2023,Installed capacity,MW,69099
2025/12/15,Poland,2020,DUST,tonnes,7320.954059999999
2025/12/15,Croatia,2022,NOX,tonnes,2711.6800000000003
2025/12/15,Portugal,2024,LiquidFuels,TJ,14169.433292599997
2025/12/15,Hungary,2024,Coal,TJ,0
2025/12/15,Romania,2020,Biomass,TJ,3783.435
2025/12/15,Estonia,2023,Coal,TJ,0
2025/12/15,Latvia,2017,Biomass,TJ,1973.7
2025/12/15,Serbia,2024,Peat,TJ,0
2025/12/15,Portugal,2021,NaturalGas,TJ,103459.6040062
2025/12/15,Finland,2018,Peat,TJ,38343.78
2025/12/15,Italy,2019,Lignite,TJ,0
2025/12/15,France,2021,OtherGases,TJ,93114.86599700002
2025/12/15,Estonia,2016,Peat,TJ,1024.56
2025/12/15,France,2024,OtherSolidFuels,TJ,943.7940370000001
2025/12/15,France,2017,DUST,tonnes,2810.699004521995
2025/12/15,Netherlands,2019,DUST,tonnes,233.08713699999998
2025/12/15,Slovakia,2022,NOX,tonnes,4729.683920000001
2025/12/15,Czechia,2022,Peat,TJ,0
2025/12/15,Finland,2018,OtherGases,TJ,8527.2556
2025/12/15,Czechia,2022,OtherGases,TJ,16414.637899999998
2025/12/15,Poland,2022,NaturalGas,TJ,83350.49
2025/12/15,Spain,2017,Biomass,TJ,5674.8
2025/12/15,Luxembourg,2016,Installed capacity,MW,730
2025/12/15,Lithuania,2018,NOX,tonnes,3396.0879999999997
2025/12/15,Lithuania,2017,SO2,tonnes,2849.157
2025/12/15,Romania,2018,DUST,tonnes,2625.0527279999997
2025/12/15,Belgium,2023,SO2,tonnes,1162.9621399999999
2025/12/15,Slovakia,2022,LiquidFuels,TJ,10650.8683919
2025/12/15,Slovenia,2021,OtherSolidFuels,TJ,0
2025/12/15,Estonia,2019,Coal,TJ,0
2025/12/15,Ireland,2018,Coal,TJ,20457.78
2025/12/15,Slovenia,2020,NaturalGas,TJ,1824.587
2025/12/15,France,2016,NOX,tonnes,51667.14756449386
2025/12/15,Germany,2021,NaturalGas,TJ,779425.594
2025/12/15,Greece,2016,LiquidFuels,TJ,44061.939999999995
2025/12/15,Portugal,2020,OtherSolidFuels,TJ,34063.9295
2025/12/15,Cyprus,2016,Installed capacity,MW,4884.5
2025/12/15,Denmark,2016,SO2,tonnes,1837.1768100000004
2025/12/15,Ireland,2016,DUST,tonnes,346.8886
2025/12/15,Sweden,2024,NaturalGas,TJ,2191.84
2025/12/15,Slovenia,2018,Lignite,TJ,43997.241
2025/12/15,Bulgaria,2017,LiquidFuels,TJ,0
2025/12/15,Lithuania,2020,NaturalGas,TJ,61725.21000000001
2025/12/15,Slovenia,2017,NaturalGas,TJ,699.28
2025/12/15,Croatia,2023,Coal,TJ,12000
2025/12/15,Italy,2019,Peat,TJ,0
2025/12/15,Greece,2019,NaturalGas,TJ,124011.07999999999
2025/12/15,Lithuania,2017,OtherSolidFuels,TJ,0
2025/12/15,Finland,2024,Installed capacity,MW,26286.8
2025/12/15,Estonia,2022,SO2,tonnes,7995.101
2025/12/15,Slovenia,2021,NOX,tonnes,2505.2279999999996
2025/12/15,Croatia,2024,Lignite,TJ,0
2025/12/15,Germany,2020,Peat,TJ,0
2025/12/15,Bulgaria,2021,Coal,TJ,18746
2025/12/15,Spain,2024,NaturalGas,TJ,490818.2778854666
2025/12/15,Italy,2023,Peat,TJ,0
2025/12/15,Austria,2023,NOX,tonnes,4761.9268059999995
2025/12/15,Portugal,2022,DUST,tonnes,622.16504
2025/12/15,Cyprus,2020,OtherGases,TJ,0
2025/12/15,Hungary,2021,Peat,TJ,0
2025/12/15,Austria,2019,OtherSolidFuels,TJ,28530.484682000002
2025/12/15,Hungary,2022,Coal,TJ,128.529
2025/12/15,Spain,2016,Coal,TJ,359454.7
2025/12/15,Italy,2023,OtherGases,TJ,173748.80214600003
2025/12/15,Sweden,2018,LiquidFuels,TJ,6708.266
2025/12/15,Croatia,2018,OtherGases,TJ,6872.31094
2025/12/15,Czechia,2020,Lignite,TJ,333034.92576500005
2025/12/15,Portugal,2024,Peat,TJ,0
2025/12/15,Portugal,2021,Lignite,TJ,0
2025/12/15,Italy,2018,NaturalGas,TJ,857594.5209570001
2025/12/15,Denmark,2020,Coal,TJ,29026.840666999997
2025/12/15,Hungary,2017,NOX,tonnes,4698.749
2025/12/15,Greece,2020,SO2,tonnes,24912.3096
2025/12/15,Austria,2021,DUST,tonnes,222.18812200000002
2025/12/15,Romania,2017,DUST,tonnes,3067.1760000000004
2025/12/15,Latvia,2017,DUST,tonnes,6.90004
2025/12/15,Hungary,2020,DUST,tonnes,70.31939999999999
2025/12/15,Cyprus,2017,Lignite,TJ,0
2025/12/15,Estonia,2017,OtherGases,TJ,11875.720000000001
2025/12/15,Cyprus,2020,Peat,TJ,0
2025/12/15,Estonia,2021,Lignite,TJ,0
2025/12/15,Latvia,2023,Lignite,TJ,0
2025/12/15,Estonia,2023,NaturalGas,TJ,2295.64
2025/12/15,Estonia,2021,DUST,tonnes,470.86800000000005
2025/12/15,Slovakia,2017,Peat,TJ,192.47
2025/12/15,Bulgaria,2023,Coal,TJ,18788
2025/12/15,Latvia,2022,Coal,TJ,0
2025/12/15,Belgium,2021,DUST,tonnes,68.62577
2025/12/15,Croatia,2022,OtherSolidFuels,TJ,576.40955
2025/12/15,Estonia,2016,LiquidFuels,TJ,669.32
2025/12/15,Malta,2018,Coal,TJ,0
2025/12/15,Malta,2016,DUST,tonnes,75.7
2025/12/15,Luxembourg,2019,LiquidFuels,TJ,0.0296
2025/12/15,Malta,2021,OtherGases,TJ,0
2025/12/15,Luxembourg,2024,Biomass,TJ,0
2025/12/15,Luxembourg,2022,Biomass,TJ,0
2025/12/15,Luxembourg,2022,LiquidFuels,TJ,0
2025/12/15,Luxembourg,2021,SO2,tonnes,0
2025/12/15,Luxembourg,2016,Coal,TJ,0
2025/12/15,Luxembourg,2019,Peat,TJ,0
2025/12/15,Luxembourg,2016,Biomass,TJ,0
2025/12/15,Spain,2022,NOX,tonnes,36773.352000000006
2025/12/15,Germany,2021,OtherGases,TJ,399890.528
2025/12/15,Bulgaria,2023,DUST,tonnes,251.03
2025/12/15,Greece,2024,SO2,tonnes,14666.090099999998
2025/12/15,Romania,2023,SO2,tonnes,9431.571060999999
2025/12/15,Croatia,2019,SO2,tonnes,1956.9113000000002
2025/12/15,Netherlands,2019,Peat,TJ,0
2025/12/15,Denmark,2019,LiquidFuels,TJ,3329.3044099999997
2025/12/15,Portugal,2024,NaturalGas,TJ,41479.8140384
2025/12/15,Denmark,2023,NOX,tonnes,3877.925385
2025/12/15,Czechia,2019,NaturalGas,TJ,40151.886224
2025/12/15,Netherlands,2024,OtherSolidFuels,TJ,8361.513856000001
2025/12/15,Sweden,2018,Coal,TJ,6256.6
2025/12/15,Greece,2024,NOX,tonnes,35755.27
2025/12/15,Greece,2016,Installed capacity,MW,35547.375
2025/12/15,Serbia,2019,Installed capacity,MW,19325.75
2025/12/15,Poland,2024,SO2,tonnes,68656.890151408
2025/12/15,Austria,2022,Biomass,TJ,9279.01496
2025/12/15,Hungary,2024,NaturalGas,TJ,49328.51
2025/12/15,Belgium,2016,LiquidFuels,TJ,2919.66
2025/12/15,Italy,2016,Lignite,TJ,0
2025/12/15,Belgium,2019,NaturalGas,TJ,180731.308453
2025/12/15,Spain,2021,Peat,TJ,0
2025/12/15,Romania,2016,DUST,tonnes,4171.483
2025/12/15,Slovenia,2023,Installed capacity,MW,6002.5
2025/12/15,Croatia,2024,SO2,tonnes,264.12
2025/12/15,Sweden,2019,NaturalGas,TJ,5376.74
2025/12/15,Portugal,2019,OtherGases,TJ,17284.319589299997
2025/12/15,Greece,2017,NaturalGas,TJ,117203.79000000001
2025/12/15,Luxembourg,2023,Coal,TJ,0
2025/12/15,France,2017,OtherGases,TJ,120484
2025/12/15,Italy,2016,Coal,TJ,330180.67
2025/12/15,Denmark,2022,Peat,TJ,0
2025/12/15,Czechia,2018,DUST,tonnes,2572.4902739999998
2025/12/15,Bulgaria,2021,NOX,tonnes,15802.001
2025/12/15,Lithuania,2019,SO2,tonnes,8089.3339
2025/12/15,Ireland,2022,DUST,tonnes,215.04410000000001
2025/12/15,Slovenia,2023,DUST,tonnes,94.9378
2025/12/15,Poland,2023,Biomass,TJ,70903.69702000002
2025/12/15,Latvia,2020,OtherGases,TJ,0
2025/12/15,Germany,2019,Peat,TJ,0
2025/12/15,Romania,2018,Biomass,TJ,2334.8590000000004
2025/12/15,Greece,2017,Lignite,TJ,193096
2025/12/15,Latvia,2021,OtherSolidFuels,TJ,0
2025/12/15,Finland,2016,NOX,tonnes,24795.579999999994
2025/12/15,Bulgaria,2018,Installed capacity,MW,22408
2025/12/15,Portugal,2021,NOX,tonnes,10082.01
2025/12/15,Ireland,2018,SO2,tonnes,2801.98124
2025/12/15,Cyprus,2018,Coal,TJ,0
2025/12/15,Slovenia,2017,LiquidFuels,TJ,138.79
2025/12/15,Ireland,2024,OtherGases,TJ,0.32
2025/12/15,Romania,2021,Biomass,TJ,4926.527
2025/12/15,Sweden,2024,LiquidFuels,TJ,5907.23
2025/12/15,Portugal,2018,Peat,TJ,0
2025/12/15,Ireland,2021,Peat,TJ,2783.29
2025/12/15,United Kingdom,2018,OtherGases,TJ,135764.43899999998
2025/12/15,Spain,2022,Biomass,TJ,16357.922074
2025/12/15,France,2018,OtherSolidFuels,TJ,4000.110238
2025/12/15,Finland,2016,Peat,TJ,42232.47
2025/12/15,Finland,2018,OtherSolidFuels,TJ,1131.1
2025/12/15,Belgium,2021,Biomass,TJ,17507.41044
2025/12/15,Ireland,2021,Installed capacity,MW,14528.84
2025/12/15,Estonia,2020,Installed capacity,MW,9063.003999999999
2025/12/15,Portugal,2021,Peat,TJ,0
2025/12/15,Belgium,2017,OtherGases,TJ,63705.060000000005
2025/12/15,Belgium,2024,LiquidFuels,TJ,1385.8756602
2025/12/15,United Kingdom,2017,LiquidFuels,TJ,17752.33
2025/12/15,Cyprus,2018,NaturalGas,TJ,0
2025/12/15,Spain,2023,Coal,TJ,35950.844499
2025/12/15,Denmark,2022,Lignite,TJ,0
2025/12/15,Croatia,2020,NaturalGas,TJ,49143.610120000005
2025/12/15,Poland,2019,DUST,tonnes,8927.787814004
2025/12/15,Finland,2024,LiquidFuels,TJ,5162.4736
2025/12/15,Lithuania,2016,Lignite,TJ,0
2025/12/15,France,2018,Peat,TJ,0
2025/12/15,Sweden,2022,NaturalGas,TJ,1536.5
2025/12/15,Greece,2017,Coal,TJ,1
2025/12/15,Netherlands,2016,Biomass,TJ,14092.600000000002
2025/12/15,Lithuania,2019,NOX,tonnes,2896.6405
2025/12/15,Denmark,2024,DUST,tonnes,108.13152900000001
2025/12/15,Italy,2017,Biomass,TJ,28015.15
2025/12/15,Romania,2016,NaturalGas,TJ,96652.30999999997
2025/12/15,Hungary,2020,Biomass,TJ,17082.3492
2025/12/15,Ireland,2016,OtherGases,TJ,0.8799999999999999
2025/12/15,Poland,2018,Lignite,TJ,468915.8
2025/12/15,Latvia,2022,SO2,tonnes,64.503
2025/12/15,Italy,2019,DUST,tonnes,509.063443
2025/12/15,Ireland,2016,NOX,tonnes,8499.18
2025/12/15,Denmark,2018,Lignite,TJ,0
2025/12/15,Hungary,2016,Lignite,TJ,0
2025/12/15,Portugal,2023,SO2,tonnes,2103.7544
2025/12/15,Lithuania,2020,Biomass,TJ,18518
2025/12/15,Belgium,2016,Peat,TJ,0
2025/12/15,Ireland,2020,DUST,tonnes,170.906894
2025/12/15,Netherlands,2021,Biomass,TJ,67276.170321
2025/12/15,Poland,2022,NOX,tonnes,99124.0241
2025/12/15,Austria,2018,Installed capacity,MW,21420.787000000004
2025/12/15,Slovenia,2022,SO2,tonnes,880.9224999999999
2025/12/15,Cyprus,2022,NaturalGas,TJ,0
2025/12/15,Malta,2020,LiquidFuels,TJ,998
2025/12/15,France,2022,LiquidFuels,TJ,65539.834141
2025/12/15,Serbia,2024,NaturalGas,TJ,30882.62
2025/12/15,Latvia,2023,NOX,tonnes,467.566
2025/12/15,Romania,2020,OtherSolidFuels,TJ,3359.942
2025/12/15,Hungary,2022,SO2,tonnes,354.328
2025/12/15,Austria,2023,Coal,TJ,0
2025/12/15,Estonia,2021,OtherGases,TJ,11086
2025/12/15,Netherlands,2023,OtherGases,TJ,227320.539333
2025/12/15,Austria,2022,Coal,TJ,0
2025/12/15,Germany,2024,Peat,TJ,0
2025/12/15,United Kingdom,2017,Peat,TJ,0
2025/12/15,Latvia,2019,Coal,TJ,0
2025/12/15,Portugal,2022,Biomass,TJ,22139.60577143118
2025/12/15,Hungary,2016,NaturalGas,TJ,59503.1
2025/12/15,Romania,2024,Installed capacity,MW,33024.952
2025/12/15,Hungary,2019,DUST,tonnes,66.07
2025/12/15,Malta,2021,DUST,tonnes,11.73
2025/12/15,Spain,2019,Biomass,TJ,11837.904299999998
2025/12/15,Austria,2021,Peat,TJ,0
2025/12/15,Germany,2020,DUST,tonnes,1624.4740000000002
2025/12/15,Germany,2024,NOX,tonnes,89656.8494
2025/12/15,Romania,2024,NaturalGas,TJ,102899.27699999999
2025/12/15,Portugal,2016,NaturalGas,TJ,82034.52
2025/12/15,Romania,2016,Coal,TJ,22894.52
2025/12/15,Belgium,2024,Peat,TJ,0
2025/12/15,Hungary,2024,Lignite,TJ,0
2025/12/15,Czechia,2019,Lignite,TJ,401017.654731
2025/12/15,Estonia,2023,LiquidFuels,TJ,571.9
2025/12/15,Austria,2019,Installed capacity,MW,21420.787
2025/12/15,Hungary,2023,SO2,tonnes,3777.92
2025/12/15,Czechia,2021,Lignite,TJ,344422.5535740001
2025/12/15,Denmark,2016,Lignite,TJ,0
2025/12/15,Croatia,2017,NaturalGas,TJ,34505.799999999996
2025/12/15,Hungary,2017,Biomass,TJ,19212.51
2025/12/15,Denmark,2016,Coal,TJ,84228.90999999999
2025/12/15,Slovakia,2016,LiquidFuels,TJ,9576.29
2025/12/15,Sweden,2022,Lignite,TJ,0
2025/12/15,Netherlands,2019,LiquidFuels,TJ,4413.050259
2025/12/15,Spain,2020,Peat,TJ,0
2025/12/15,Romania,2016,Lignite,TJ,157669.49
2025/12/15,Czechia,2016,SO2,tonnes,68858.01439899998
2025/12/15,France,2021,Installed capacity,MW,71115
2025/12/15,Hungary,2021,Installed capacity,MW,14731.322
2025/12/15,Slovenia,2021,Installed capacity,MW,6096.6
2025/12/15,Slovakia,2020,SO2,tonnes,3129.14296181
2025/12/15,Portugal,2020,Biomass,TJ,19737.195400907167
2025/12/15,Denmark,2021,LiquidFuels,TJ,3520.6016430000004
2025/12/15,Denmark,2018,NaturalGas,TJ,13613.177
2025/12/15,Spain,2017,LiquidFuels,TJ,71406.19999999998
2025/12/15,Latvia,2016,Coal,TJ,0
2025/12/15,Czechia,2020,OtherSolidFuels,TJ,6928.1143139999995
2025/12/15,Spain,2020,NOX,tonnes,30448.373229999994
2025/12/15,Portugal,2021,SO2,tonnes,1575.64645
2025/12/15,Romania,2024,Lignite,TJ,76448.242
2025/12/15,Netherlands,2020,DUST,tonnes,163.209013
2025/12/15,Czechia,2019,Installed capacity,MW,43000.464
2025/12/15,Greece,2019,Peat,TJ,0
2025/12/15,Italy,2023,NOX,tonnes,28684.614600000004
2025/12/15,Ireland,2018,NOX,tonnes,6412.600200000001
2025/12/15,Netherlands,2018,Biomass,TJ,15111.650560999999
2025/12/15,Hungary,2018,SO2,tonnes,1059.719
2025/12/15,Greece,2019,NOX,tonnes,54239.745
2025/12/15,Slovenia,2018,SO2,tonnes,1894.8890000000001
2025/12/15,Greece,2020,Lignite,TJ,71006
2025/12/15,Estonia,2018,Coal,TJ,0
2025/12/15,Lithuania,2022,OtherSolidFuels,TJ,816.27
2025/12/15,Estonia,2016,DUST,tonnes,1951.971
2025/12/15,Cyprus,2020,DUST,tonnes,301.648
2025/12/15,Malta,2018,OtherGases,TJ,0
2025/12/15,Latvia,2023,OtherSolidFuels,TJ,0
2025/12/15,Latvia,2016,Lignite,TJ,0
2025/12/15,Lithuania,2017,Biomass,TJ,2655.69
2025/12/15,Cyprus,2022,Lignite,TJ,0
2025/12/15,Latvia,2023,SO2,tonnes,21.815
2025/12/15,Malta,2016,OtherGases,TJ,0
2025/12/15,Malta,2017,LiquidFuels,TJ,2175.3999999999996
2025/12/15,Luxembourg,2023,NaturalGas,TJ,619
2025/12/15,Luxembourg,2019,Installed capacity,MW,54.4
