NUTS_ID,year,co2_region_t,log_emissions,d_log_emissions,dii_regional_composite,n_components,CNTR_CODE
AT11,2023,,,,-0.8238926716902858,3.0,AT
AT12,2007,8533000000.0,22.86720683650086,,,,AT
AT12,2008,8312000000.0,22.840966090743336,-0.026240745757522888,,,AT
AT12,2009,7242000000.0,22.70316324828986,-0.13780284245347474,,,AT
AT12,2010,8216000000.0,22.829349309572667,0.12618606128280518,,,AT
AT12,2011,8494000000.0,22.86262586883749,0.033276559264823646,,,AT
AT12,2012,7713000000.0,22.766173053898275,-0.09645281493921587,,,AT
AT12,2013,7561000000.0,22.746269293522545,-0.019903760375729718,,,AT
AT12,2014,6588000000.0,22.608515649261804,-0.13775364426074077,,,AT
AT12,2015,6966000000.0,22.66430700889022,0.055791359628415194,,,AT
AT12,2016,6494000000.0,22.594144510627064,-0.07016249826315502,,,AT
AT12,2017,6522000000.0,22.598446914313538,0.00430240368647361,,,AT
AT12,2018,6632000000.0,22.615172254779406,0.016725340465868044,,,AT
AT12,2019,6332000000.0,22.568881978965177,-0.046290275814229176,,,AT
AT12,2020,5677000000.0,22.459688761135002,-0.10919321783017466,,,AT
AT12,2021,5744000000.0,22.471421668692333,0.011732907557330918,,,AT
AT12,2022,5000000000.0,22.33270374938051,-0.13871791931182287,,,AT
AT12,2023,4981000000.0,22.32889651103756,-0.003807238342950825,-0.21694294675588496,4.0,AT
AT12,2024,4421000000.0,22.209631751790518,-0.1192647592470415,0.3595299120143741,2.0,AT
AT12,2025,,,,0.5209851039062248,4.0,AT
AT13,2007,2542000000.0,21.656217009713675,,,,AT
AT13,2008,3106000000.0,21.856601561672907,0.20038455195923177,,,AT
AT13,2009,3596000000.0,22.003087953555784,0.1464863918828776,,,AT
AT13,2010,3943000000.0,22.0952076918419,0.0921197382861152,,,AT
AT13,2011,3519000000.0,21.98144269528586,-0.11376499655603922,,,AT
AT13,2012,2795000000.0,21.751097943553475,-0.23034475173238533,,,AT
AT13,2013,2614000000.0,21.68414745214844,-0.06695049140503428,,,AT
AT13,2014,2383000000.0,21.591626035063015,-0.09252141708542538,,,AT
AT13,2015,2852000000.0,21.77128633949846,0.17966030443544412,,,AT
AT13,2016,3070000000.0,21.844943398545517,0.07365705904705777,,,AT
AT13,2017,3219000000.0,21.89233658926308,0.04739319071756398,,,AT
AT13,2018,3183000000.0,21.881089985246366,-0.011246604016715622,,,AT
AT13,2019,3588000000.0,22.00086078114296,0.11977079589659567,,,AT
AT13,2020,3509000000.0,21.97859693354749,-0.02226384759547173,,,AT
AT13,2021,3433000000.0,21.956700351421965,-0.02189658212552459,,,AT
AT13,2022,3427000000.0,21.95495107983888,-0.001749271583083356,,,AT
AT13,2023,2891000000.0,21.78486829998062,-0.17008277985826226,0.6076310163564944,3.0,AT
AT13,2024,2580000000.0,21.671055235879937,-0.11381306410068248,,,AT
AT13,2025,,,,0.6317720185635052,3.0,AT
AT21,2007,1511000000.0,21.136037520237014,,,,AT
AT21,2008,1366000000.0,21.03515259809501,-0.10088492214200429,,,AT
AT21,2009,1390000000.0,21.05256958408901,0.0174169859940001,,,AT
AT21,2010,1443000000.0,21.089990116738146,0.03742053264913636,,,AT
AT21,2011,962000000.0,20.68452500862998,-0.40546510810816727,,,AT
AT21,2012,1493000000.0,21.124053355503463,0.43952834687348386,,,AT
AT21,2013,1136000000.0,20.85077915724537,-0.2732741982580933,,,AT
AT21,2014,1128000000.0,20.84371199002228,-0.0070671672230915306,,,AT
AT21,2015,1608000000.0,21.198257007703187,0.35454501768090907,,,AT
AT21,2016,741000000.0,20.42351118326036,-0.774745824442828,,,AT
AT21,2017,843000000.0,20.552477515966128,0.12896633270576885,,,AT
AT21,2018,1752000000.0,21.28402382946061,0.7315463134944835,,,AT
AT21,2019,1668000000.0,21.234891140882965,-0.04913268857764663,,,AT
AT21,2020,1551000000.0,21.162165721140813,-0.0727254197421523,,,AT
AT21,2021,1571000000.0,21.174978196219897,0.012812475079083896,,,AT
AT21,2022,1654000000.0,21.226462433547912,0.051484237328015325,,,AT
AT21,2023,1339000000.0,21.015188903655446,-0.21127352989246617,-0.44167102654795215,3.0,AT
AT21,2024,1555000000.0,21.16474138257761,0.14955247892216406,1.260282448666006,1.0,AT
AT21,2025,,,,-0.14488121625167433,2.0,AT
AT22,2007,5897000000.0,22.497709583964777,,,,AT
AT22,2008,6987000000.0,22.667317116516724,0.1696075325519466,,,AT
AT22,2009,5268000000.0,22.384916620827447,-0.28240049568927716,,,AT
AT22,2010,5464000000.0,22.4214469592149,0.03653033838745401,,,AT
AT22,2011,5834000000.0,22.48696870839194,0.06552174917704079,,,AT
AT22,2012,6748000000.0,22.632512001630133,0.14554329323819104,,,AT
AT22,2013,6499000000.0,22.59491415585862,-0.03759784577151137,,,AT
AT22,2014,6048000000.0,22.522993475823643,-0.07192068003497809,,,AT
AT22,2015,6307000000.0,22.564925964627925,0.041932488804281576,,,AT
AT22,2016,6407000000.0,22.580656979603297,0.01573101497537266,,,AT
AT22,2017,6323000000.0,22.567459616022887,-0.013197363580410126,,,AT
AT22,2018,5733000000.0,22.469504790872655,-0.09795482515023224,,,AT
AT22,2019,6788000000.0,22.63842218431839,0.1689173934457351,,,AT
AT22,2020,5778000000.0,22.477323438990453,-0.1610987453279371,,,AT
AT22,2021,6429000000.0,22.584084842105963,0.10676140311550952,,,AT
AT22,2022,6262000000.0,22.557765459850625,-0.026319382255337587,,,AT
AT22,2023,5770000000.0,22.47593791746642,-0.08182754238420387,-0.1528138555106362,4.0,AT
AT22,2024,5894000000.0,22.497200721261915,0.02126280379549428,0.47621898854510514,2.0,AT
AT22,2025,,,,0.2854716048038105,4.0,AT
AT31,2007,13981000000.0,23.3609651019521,,,,AT
AT31,2008,14467000000.0,23.395136030593864,0.034170928641763965,,,AT
AT31,2009,11985000000.0,23.20692170483276,-0.18821432576110553,,,AT
AT31,2010,14113000000.0,23.37036219537828,0.163440490545522,,,AT
AT31,2011,14065000000.0,23.36695527888823,-0.0034069164900500937,,,AT
AT31,2012,13681000000.0,23.33927384588439,-0.02768143300384196,,,AT
AT31,2013,13269000000.0,23.308696324500712,-0.030577521383676753,,,AT
AT31,2014,13249000000.0,23.307187914832397,-0.0015084096683146697,,,AT
AT31,2015,13500000000.0,23.325955522390796,0.01876760755839868,,,AT
AT31,2016,13615000000.0,23.334437963072133,0.008482440681337522,,,AT
AT31,2017,4462000000.0,22.218862932956753,-1.1155750301153802,,,AT
AT31,2018,12583000000.0,23.255612533556242,1.0367496005994887,,,AT
AT31,2019,13973000000.0,23.360392733044723,0.10478019948848072,,,AT
AT31,2020,13451000000.0,23.322319289672855,-0.03807344337186791,,,AT
AT31,2021,14626000000.0,23.40606660379517,0.0837473141223164,,,AT
AT31,2022,13944000000.0,23.35831514516413,-0.04775145863104058,,,AT
AT31,2023,13237000000.0,23.306281775678045,-0.052033369486085945,0.08883861811240909,4.0,AT
AT31,2024,13124000000.0,23.297708452045267,-0.00857332363277763,1.0313068924655833,2.0,AT
AT31,2025,,,,0.8957546138694046,4.0,AT
AT32,2007,1558000000.0,21.166668784394968,,,,AT
AT32,2008,1454000000.0,21.09758421605774,-0.06908456833722809,,,AT
AT32,2009,1232000000.0,20.93190470205774,-0.1656795140000007,,,AT
AT32,2010,1383000000.0,21.047520889629034,0.11561618757129466,,,AT
AT32,2011,1181000000.0,20.889627374161638,-0.15789351546739638,,,AT
AT32,2012,1155000000.0,20.86736618092017,-0.022261193241469357,,,AT
AT32,2013,1130000000.0,20.84548346967066,-0.021882711249507025,,,AT
AT32,2014,973000000.0,20.69589464015028,-0.14958882952038266,,,AT
AT32,2015,1007000000.0,20.730241450682836,0.034346810532557726,,,AT
AT32,2016,1082000000.0,20.8020770173707,0.07183556668786295,,,AT
AT32,2017,1117000000.0,20.833912357033476,0.031835339662777073,,,AT
AT32,2018,1136000000.0,20.85077915724537,0.016866800211893462,,,AT
AT32,2019,1102000000.0,20.820392547677134,-0.03038660956823591,,,AT
AT32,2020,1133000000.0,20.848134818992282,0.02774227131514806,,,AT
AT32,2021,954000000.0,20.67617422941256,-0.17196058957972227,,,AT
AT32,2022,1082000000.0,20.8020770173707,0.12590278795813958,,,AT
AT32,2023,1047000000.0,20.76919476883481,-0.032882248535887726,0.23840128157764123,2.0,AT
AT32,2024,1009000000.0,20.732225578317884,-0.0369691905169276,2.100156712983974,1.0,AT
AT32,2025,,,,-1.37610135742267,1.0,AT
AT33,2007,416000000.0,19.84619581822554,,,,AT
AT33,2008,401000000.0,19.809471985270843,-0.03672383295469572,,,AT
AT33,2009,380000000.0,19.755681810684706,-0.053790174586136885,,,AT
AT33,2010,358000000.0,19.696043544364976,-0.05963826631973035,,,AT
AT33,2011,374000000.0,19.739766355378805,0.043722811013829244,,,AT
AT33,2012,361000000.0,19.704388516297154,-0.03537783908165082,,,AT
AT33,2013,363000000.0,19.709913392229126,0.005524875931971707,,,AT
AT33,2014,467000000.0,19.961839815633173,0.25192642340404703,,,AT
AT33,2015,479000000.0,19.98721115537519,0.025371339742015664,,,AT
AT33,2016,484000000.0,19.997595464680906,0.01038430930571721,,,AT
AT33,2017,471000000.0,19.970368651980692,-0.027226812700213543,,,AT
AT33,2018,463000000.0,19.953237612050508,-0.0171310399301845,,,AT
AT33,2019,468000000.0,19.963978853881923,0.010741241831414783,,,AT
AT33,2020,465000000.0,19.95754796355163,-0.006430890330292982,,,AT
AT33,2021,450000000.0,19.92475814072864,-0.032789822822991255,,,AT
AT33,2022,598000000.0,20.209101311914907,0.2843431711862685,,,AT
AT33,2023,602000000.0,20.215768003273094,0.006666691358187649,-0.12633440555589032,1.0,AT
AT33,2024,409000000.0,19.829225714007077,-0.38654228926601775,,,AT
AT33,2025,,,,0.32713709895053034,3.0,AT
AT34,2023,,,,-0.15878456726677187,2.0,AT
AT34,2025,,,,0.21504291661958436,2.0,AT
BE10,2007,493000000.0,20.016019732006963,,,,BE
BE10,2008,441000000.0,19.90455543341112,-0.11146429859584472,,,BE
BE10,2009,481000000.0,19.991377828070036,0.08682239465891683,,,BE
BE10,2010,485000000.0,19.999659448901756,0.00828162083172046,,,BE
BE10,2011,397000000.0,19.799446838651466,-0.2002126102502899,,,BE
BE10,2012,345000000.0,19.659054974995634,-0.14039186365583234,,,BE
BE10,2013,397000000.0,19.799446838651466,0.14039186365583234,,,BE
BE10,2014,484000000.0,19.997595464680906,0.1981486260294396,,,BE
BE10,2015,473000000.0,19.974605946456208,-0.022989518224697747,,,BE
BE10,2016,492000000.0,20.01398927445658,0.039383328000372586,,,BE
BE10,2017,427000000.0,19.8722945711929,-0.14169470326368128,,,BE
BE10,2018,485000000.0,19.999659448901756,0.12736487770885674,,,BE
BE10,2019,625000000.0,20.253262207700676,0.2536027587989196,,,BE
BE10,2020,442000000.0,19.906820440041972,-0.34644176765870327,,,BE
BE10,2021,471000000.0,19.970368651980692,0.06354821193871985,,,BE
BE10,2022,504000000.0,20.03808682603564,0.06771817405494929,,,BE
BE10,2023,416000000.0,19.84619581822554,-0.19189100781010282,,,BE
BE10,2024,448000000.0,19.920303790379258,0.074107972153719,,,BE
BE21,2007,14935000000.0,23.426973288614484,,,,BE
BE21,2008,15131000000.0,23.440011456415846,0.013038167801362022,,,BE
BE21,2009,14454000000.0,23.3942370298072,-0.04577442660864506,,,BE
BE21,2010,15125000000.0,23.439614840863317,0.04537781105611671,,,BE
BE21,2011,14071000000.0,23.36738177875253,-0.0722330621107865,,,BE
BE21,2012,14197000000.0,23.37629651162785,0.00891473287531852,,,BE
BE21,2013,13828000000.0,23.34996135900579,-0.02633515262206032,,,BE
BE21,2014,13462000000.0,23.32313673853493,-0.026824620470858207,,,BE
BE21,2015,14353000000.0,23.387224816535653,0.06408807800072225,,,BE
BE21,2016,13811000000.0,23.348731213042203,-0.03849360349344977,,,BE
BE21,2017,14389000000.0,23.38972986272769,0.04099864968548772,,,BE
BE21,2018,14343000000.0,23.386527855258485,-0.0032020074692056255,,,BE
BE21,2019,14232000000.0,23.378758787309945,-0.007769067948540709,,,BE
BE21,2020,13919000000.0,23.356520650191676,-0.022238137118268497,,,BE
BE21,2021,13873000000.0,23.353210342045,-0.003310308146676988,,,BE
BE21,2022,12381000000.0,23.239428876384967,-0.11378146566003267,,,BE
BE21,2023,12422000000.0,23.242734931083522,0.003306054698555272,,,BE
BE21,2024,12742000000.0,23.268169460640706,0.025434529557184504,,,BE
BE22,2007,3074000000.0,21.846245482062816,,,,BE
BE22,2008,2988000000.0,21.817870104216983,-0.028375377845833327,,,BE
BE22,2009,2694000000.0,21.714292914934582,-0.1035771892824009,,,BE
BE22,2010,2904000000.0,21.78935493390896,0.07506201897437847,,,BE
BE22,2011,2990000000.0,21.818539224349006,0.029184290440046112,,,BE
BE22,2012,3098000000.0,21.854022578941088,0.035483354592081184,,,BE
BE22,2013,3407000000.0,21.94909797562524,0.09507539668415177,,,BE
BE22,2014,3132000000.0,21.864937615074968,-0.08416036055027121,,,BE
BE22,2015,3427000000.0,21.95495107983888,0.09001346476391348,,,BE
BE22,2016,1872000000.0,21.35027321500181,-0.6046778648370719,,,BE
BE22,2017,1514000000.0,21.138020991961668,-0.21225222304014224,,,BE
BE22,2018,1518000000.0,21.14065951591985,0.002638523958182759,,,BE
BE22,2019,1543000000.0,21.156994410327435,0.016334894407584954,,,BE
BE22,2020,1301000000.0,20.98639903647678,-0.17059537385065582,,,BE
BE22,2021,1042000000.0,20.764407780277587,-0.22199125619919258,,,BE
BE22,2022,1176000000.0,20.885384686422846,0.12097690614525902,,,BE
BE22,2023,548000000.0,20.12178584491229,-0.7635988415105572,,,BE
BE22,2024,419000000.0,19.853381477886412,-0.26840436702587667,,,BE
BE23,2007,13890000000.0,23.354434993712662,,,,BE
BE23,2008,13637000000.0,23.336052523822108,-0.01838246989055392,,,BE
BE23,2009,12297000000.0,23.23262116713672,-0.1034313566853875,,,BE
BE23,2010,14079000000.0,23.3679501624268,0.1353289952900809,,,BE
BE23,2011,12573000000.0,23.254817494557454,-0.11313266786934761,,,BE
BE23,2012,13244000000.0,23.30681045663141,0.05199296207395676,,,BE
BE23,2013,12967000000.0,23.28567350551316,-0.02113695111825109,,,BE
BE23,2014,12094000000.0,23.21597529879743,-0.0696982067157279,,,BE
BE23,2015,12904000000.0,23.280803177769318,0.06482787897188658,,,BE
BE23,2016,13251000000.0,23.30733885822891,0.02653568045959176,,,BE
BE23,2017,13979000000.0,23.3608220404354,0.05348318220649162,,,BE
BE23,2018,13514000000.0,23.326992022076393,-0.03383001835900856,,,BE
BE23,2019,13263000000.0,23.30824404045863,-0.018747981617764253,,,BE
BE23,2020,11398000000.0,23.15670373835922,-0.15154030209940927,,,BE
BE23,2021,11920000000.0,23.201483498583613,0.04477976022439378,,,BE
BE23,2022,12213000000.0,23.225766795135364,0.024283296551750766,,,BE
BE23,2023,9948000000.0,23.02063736288757,-0.20512943224779434,,,BE
BE23,2024,10472000000.0,23.07197086555401,0.05133350266644143,,,BE
BE24,2007,1957000000.0,21.39467852536035,,,,BE
BE24,2008,2109000000.0,21.46947973844305,0.07480121308269716,,,BE
BE24,2009,2150000000.0,21.488733679085982,0.019253940642933287,,,BE
BE24,2010,2026000000.0,21.4293292427729,-0.059404436313080566,,,BE
BE24,2011,1722000000.0,21.26675224295195,-0.16257699982095275,,,BE
BE24,2012,1138000000.0,20.85253817265055,-0.4142140703013979,,,BE
BE24,2013,321000000.0,19.58695168109429,-1.2655864915562596,,,BE
BE24,2014,262000000.0,19.38385506172537,-0.20309661936892098,,,BE
BE24,2015,448000000.0,19.920303790379258,0.5364487286538875,,,BE
BE24,2016,294000000.0,19.499090325302955,-0.42121346507630264,,,BE
BE24,2017,310000000.0,19.552082855443466,0.05299253014051075,,,BE
BE24,2018,471000000.0,19.970368651980692,0.4182857965372264,,,BE
BE24,2019,532000000.0,20.092154047305918,0.12178539532522592,,,BE
BE24,2020,623000000.0,20.250057076751727,0.15790302944580858,,,BE
BE24,2021,575000000.0,20.169880598761626,-0.08017647799010064,,,BE
BE24,2022,762000000.0,20.45145711365092,0.281576514889295,,,BE
BE24,2023,197000000.0,19.09871428670226,-1.3527428269486599,,,BE
BE24,2024,142000000.0,18.771337615565535,-0.32737667113672586,,,BE
BE25,2007,991000000.0,20.714225092294264,,,,BE
BE25,2008,925000000.0,20.6453042954767,-0.06892079681756513,,,BE
BE25,2009,1277000000.0,20.967779413996812,0.32247511852011357,,,BE
BE25,2010,1642000000.0,21.21918084797665,0.2514014339798365,,,BE
BE25,2011,1162000000.0,20.87340849537613,-0.34577235260051964,,,BE
BE25,2012,970000000.0,20.692806629461703,-0.18060186591442573,,,BE
BE25,2013,970000000.0,20.692806629461703,0.0,,,BE
BE25,2014,785000000.0,20.48119427574668,-0.2116123537150223,,,BE
BE25,2015,860000000.0,20.572442947211826,0.09124867146514504,,,BE
BE25,2016,1066000000.0,20.787179162690062,0.2147362154782364,,,BE
BE25,2017,973000000.0,20.69589464015028,-0.09128452253978381,,,BE
BE25,2018,893000000.0,20.61009713884077,-0.08579750130950714,,,BE
BE25,2019,929000000.0,20.649619296778113,0.03952215793734126,,,BE
BE25,2020,1085000000.0,20.804845823938834,0.15522652716072116,,,BE
BE25,2021,928000000.0,20.648542290750473,-0.15630353318836043,,,BE
BE25,2022,1176000000.0,20.885384686422846,0.23684239567237242,,,BE
BE25,2023,1246000000.0,20.943204257311674,0.057819570888828054,,,BE
BE25,2024,992000000.0,20.715233665249148,-0.22797059206252612,,,BE
BE32,2007,8523000000.0,22.866034228486573,,,,BE
BE32,2008,8229000000.0,22.83093033756999,-0.03510389091658439,,,BE
BE32,2009,5473000000.0,22.423092749108193,-0.4078375884617955,,,BE
BE32,2010,5511000000.0,22.43001193184751,0.006919182739316909,,,BE
BE32,2011,6242000000.0,22.554566480795,0.12455454894748996,,,BE
BE32,2012,6327000000.0,22.56809202711116,0.013525546316159875,,,BE
BE32,2013,6203000000.0,22.54829888293739,-0.019793144173767985,,,BE
BE32,2014,6124000000.0,22.535481314741848,-0.012817568195544027,,,BE
BE32,2015,6277000000.0,22.560157996281806,0.024676681539958167,,,BE
BE32,2016,6207000000.0,22.548943524377925,-0.011214471903880252,,,BE
BE32,2017,4742000000.0,22.279724824589625,-0.2692186997883006,,,BE
BE32,2018,4443000000.0,22.214595660900184,-0.06512916368944133,,,BE
BE32,2019,6129000000.0,22.536297441450007,0.321701780549823,,,BE
BE32,2020,5147000000.0,22.36167985761703,-0.1746175838329762,,,BE
BE32,2021,5386000000.0,22.407068831335817,0.045388973718786474,,,BE
BE32,2022,5608672000.0,22.44757980831578,0.040510976979962976,,,BE
BE32,2023,5073000000.0,22.347198195530964,-0.10038161278481539,,,BE
BE32,2024,4984000000.0,22.329498618431565,-0.017699577099399733,,,BE
BE33,2007,8283000000.0,22.83747105856254,,,,BE
BE33,2008,8706000000.0,22.88727828007652,0.04980722151397998,,,BE
BE33,2009,5555000000.0,22.437964260038004,-0.4493140200385142,,,BE
BE33,2010,6954000000.0,22.66258287053208,0.22461861049407617,,,BE
BE33,2011,6227000000.0,22.552160512836725,-0.1104223576953558,,,BE
BE33,2012,4237000000.0,22.167121308590833,-0.3850392042458921,,,BE
BE33,2013,4284000000.0,22.178152989531913,0.011031680941080424,,,BE
BE33,2014,3834000000.0,22.067174481569864,-0.11097850796204867,,,BE
BE33,2015,3815000000.0,22.06220650168283,-0.004967979887034346,,,BE
BE33,2016,4001000000.0,22.10981016682151,0.04760366513868064,,,BE
BE33,2017,4013000000.0,22.112804928231192,0.002994761409681246,,,BE
BE33,2018,4142000000.0,22.144444599919805,0.03163967168861248,,,BE
BE33,2019,4190000000.0,22.15596657088046,0.011521970960654215,,,BE
BE33,2020,4136000000.0,22.14299497415254,-0.012971596727918921,,,BE
BE33,2021,2843000000.0,21.768125669615273,-0.37486930453726686,,,BE
BE33,2022,3423000000.0,21.95378319649446,0.18565752687918646,,,BE
BE33,2023,2631000000.0,21.69062983900457,-0.263153357489891,,,BE
BE33,2024,2572000000.0,21.667949643321784,-0.0226801956827849,,,BE
BE34,2007,2487000000.0,21.63434300176768,,,,BE
BE34,2008,2624000000.0,21.687965708028255,0.05362270626057608,,,BE
BE34,2009,2784000000.0,21.747154579418584,0.05918887139032947,,,BE
BE34,2010,3200000000.0,21.886416646752092,0.1392620673335081,,,BE
BE34,2011,2984000000.0,21.816530519287927,-0.06988612746416578,,,BE
BE34,2012,2318000000.0,21.56397058186397,-0.2525599374239569,,,BE
BE34,2013,2540000000.0,21.655429917976857,0.09145933611288726,,,BE
BE34,2014,2626000000.0,21.688727612827016,0.03329769485015888,,,BE
BE34,2015,2673000000.0,21.706467274103193,0.017739661276177543,,,BE
BE34,2016,2694000000.0,21.714292914934582,0.00782564083138837,,,BE
BE34,2017,2545000000.0,21.657396486948898,-0.056896427985684284,,,BE
BE34,2018,2528000000.0,21.65069431323102,-0.006702173717876292,,,BE
BE34,2019,2373000000.0,21.587420814400037,-0.06327349883098421,,,BE
BE34,2020,2222000000.0,21.52167352816385,-0.06574728623618853,,,BE
BE34,2021,2303000000.0,21.55747845778496,0.03580492962111137,,,BE
BE34,2022,2187000000.0,21.505796578641043,-0.05168187914391709,,,BE
BE34,2023,2164000000.0,21.495224197930646,-0.010572380710396345,,,BE
BE34,2024,1877000000.0,21.352940594550784,-0.14228360337986246,,,BE
BE35,2007,2171000000.0,21.498453727842566,,,,BE
BE35,2008,2200000000.0,21.51172319731068,0.01326946946811347,,,BE
BE35,2009,1596000000.0,21.19076633597403,-0.3209568613366507,,,BE
BE35,2010,1826000000.0,21.325393619119186,0.13462728314515715,,,BE
BE35,2011,1841000000.0,21.333574739197353,0.008181120078166515,,,BE
BE35,2012,1644000000.0,21.2203981335804,-0.1131766056169532,,,BE
BE35,2013,1447000000.0,21.092758284595757,-0.12763984898464287,,,BE
BE35,2014,1503000000.0,21.130728947717248,0.037970663121491555,,,BE
BE35,2015,1515000000.0,21.138681275907743,0.00795232819049474,,,BE
BE35,2016,1510000000.0,21.135375487773246,-0.003305788134497334,,,BE
BE35,2017,1503000000.0,21.130728947717248,-0.004646540055997406,,,BE
BE35,2018,1128000000.0,20.84371199002228,-0.28701695769496993,,,BE
BE35,2019,1052000000.0,20.77395895126193,-0.06975303876035,,,BE
BE35,2020,849000000.0,20.55956974427562,-0.2143892069863078,,,BE
BE35,2021,1462000000.0,21.103071198273998,0.5435014539983776,,,BE
BE35,2022,1282042150.0,20.971720073219544,-0.13135112505445434,,,BE
BE35,2023,1211000000.0,20.914712301517365,-0.05700777170217819,,,BE
BE35,2024,1207000000.0,20.911403779061807,-0.0033085224555584603,,,BE
BG31,2007,2071000000.0,21.451297419359857,,,,BG
BG31,2008,1983000000.0,21.40787668648407,-0.04342073287578785,,,BG
BG31,2009,1254000000.0,20.94960427915714,-0.4582724073269304,,,BG
BG31,2010,803000000.0,20.503865271911035,-0.4457390072461038,,,BG
BG31,2011,1177000000.0,20.88623466522455,0.38236939331351394,,,BG
BG31,2012,1329000000.0,21.00769261667752,0.121457951452971,,,BG
BG31,2013,1159000000.0,20.870823401304026,-0.13686921537349406,,,BG
BG31,2014,1138000000.0,20.85253817265055,-0.01828522865347537,,,BG
BG31,2015,940000000.0,20.661390433228323,-0.1911477394222274,,,BG
BG31,2016,912000000.0,20.631150548038605,-0.030239885189718763,,,BG
BG31,2017,914000000.0,20.633341129418422,0.0021905813798177576,,,BG
BG31,2018,935776540.0,20.65688726662286,0.023546137204437656,,,BG
BG31,2019,956929129.0,20.679239891293594,0.0223526246707344,,,BG
BG31,2020,853023410.0,20.56429754939355,-0.11494234190004349,,,BG
BG31,2021,818035944.0,20.522416834921923,-0.041880714471627556,,,BG
BG31,2022,825123242.0,20.531043317384665,0.008626482462741336,,,BG
BG31,2023,877082844.0,20.59211200881696,0.06106869143229687,-1.500537533794449,2.0,BG
BG31,2024,,,,-0.9572599934142358,2.0,BG
BG31,2025,,,,-1.441768336257014,4.0,BG
BG32,2007,1839000000.0,21.332487782568595,,,,BG
BG32,2008,1106000000.0,20.824015740046555,-0.5084720425220404,,,BG
BG32,2009,1907000000.0,21.368797163564693,0.5447814235181383,,,BG
BG32,2010,1505000000.0,21.13205873514725,-0.23673842841744275,,,BG
BG32,2011,1485000000.0,21.118680609201075,-0.0133781259461756,,,BG
BG32,2012,1224000000.0,20.925390021036545,-0.1932905881645297,,,BG
BG32,2013,1523000000.0,21.143947910859435,0.2185578898228897,,,BG
BG32,2014,1331000000.0,21.009196376359387,-0.1347515345000474,,,BG
BG32,2015,899000000.0,20.616793592435894,-0.3924027839234938,,,BG
BG32,2016,652000000.0,20.295555119890928,-0.32123847254496596,,,BG
BG32,2017,880000000.0,20.595432465436527,0.29987734554559964,,,BG
BG32,2018,759645353.0,20.44836224154448,-0.14707022389204738,,,BG
BG32,2019,657038220.0,20.303252748272854,-0.14510949327162592,,,BG
BG32,2020,447090555.0,19.918271715953114,-0.38498103231973957,,,BG
BG32,2021,546529190.0,20.119098276780264,0.20082656082714934,,,BG
BG32,2022,731518730.0,20.410633383018048,0.29153510623778445,,,BG
BG32,2023,417658000.0,19.850173473777424,-0.5604599092406239,-1.2983641291144998,2.0,BG
BG32,2024,,,,-1.2905770584781635,2.0,BG
BG32,2025,,,,-1.2344454533005358,4.0,BG
BG33,2007,8099000000.0,22.815006434213263,,,,BG
BG33,2008,7478000000.0,22.735231213501333,-0.07977522071193022,,,BG
BG33,2009,3925000000.0,22.090632188180784,-0.6445990253205487,,,BG
BG33,2010,5524000000.0,22.432368072493457,0.34173588431267277,,,BG
BG33,2011,6095000000.0,22.530734599879647,0.09836652738619023,,,BG
BG33,2012,4902000000.0,22.312909122052332,-0.21782547782731498,,,BG
BG33,2013,3482000000.0,21.97087267829241,-0.34203644375992326,,,BG
BG33,2014,4654000000.0,22.260992901826512,0.29012022353410316,,,BG
BG33,2015,3489000000.0,21.972880999151048,-0.28811190267546394,,,BG
BG33,2016,1446000000.0,21.092066960682985,-0.8808140384680634,,,BG
BG33,2017,3171000000.0,21.87731283250262,0.7852458718196367,,,BG
BG33,2018,4650117566.0,22.26015833923682,0.38284550673419915,,,BG
BG33,2019,2546270500.0,21.657895576528354,-0.6022627627084667,,,BG
BG33,2020,2444630000.0,21.617159619178466,-0.040735957349888,,,BG
BG33,2021,2820418000.0,21.76015093786226,0.14299131868379433,,,BG
BG33,2022,2719101130.0,21.72356719572633,-0.03658374213593163,,,BG
BG33,2023,2295892668.0,21.55438756692428,-0.1691796288020484,-1.37912773960749,2.0,BG
BG33,2024,,,,-1.1072863545086784,2.0,BG
BG33,2025,,,,-1.0590339492170673,4.0,BG
BG34,2007,18912000000.0,23.663062478170097,,,,BG
BG34,2008,18673000000.0,23.650344467183356,-0.012718010986741746,,,BG
BG34,2009,17346000000.0,23.576627769208674,-0.07371669797468172,,,BG
BG34,2010,18576000000.0,23.645136261901946,0.06850849269327242,,,BG
BG34,2011,23811000000.0,23.89341349572326,0.2482772338213124,,,BG
BG34,2012,22478000000.0,23.835802890042487,-0.0576106056807717,,,BG
BG34,2013,18945000000.0,23.664805881416974,-0.1709970086255126,,,BG
BG34,2014,20102000000.0,23.72408514954896,0.05927926813198425,,,BG
BG34,2015,23923000000.0,23.898106176224854,0.17402102667589503,,,BG
BG34,2016,21053000000.0,23.77030890473483,-0.1277972714900244,,,BG
BG34,2017,23050000000.0,23.86093160638907,0.09062270165424025,,,BG
BG34,2018,20992833000.0,23.767446930704324,-0.09348467568474561,,,BG
BG34,2019,20221855000.0,23.730029787181444,-0.03741714352288028,,,BG
BG34,2020,13695269000.0,23.340316281673733,-0.3897135055077108,,,BG
BG34,2021,19203005000.0,23.678332614150335,0.33801633247660234,,,BG
BG34,2022,24985529000.0,23.941562654222064,0.2632300400717291,,,BG
BG34,2023,13402534000.0,23.31870963050289,-0.6228530237191734,-1.277820520973833,2.0,BG
BG34,2024,,,,-1.5100317095398275,2.0,BG
BG34,2025,,,,-1.375303917307285,4.0,BG
BG41,2007,5077000000.0,22.34798637291167,,,,BG
BG41,2008,4675000000.0,22.26549499968706,-0.08249137322460953,,,BG
BG41,2009,4120000000.0,22.139119000307847,-0.1263759993792135,,,BG
BG41,2010,4250000000.0,22.170184819882735,0.031065819574887854,,,BG
BG41,2011,4849000000.0,22.302038335069625,0.13185351518689004,,,BG
BG41,2012,3633000000.0,22.013324590185476,-0.2887137448841486,,,BG
BG41,2013,3794000000.0,22.056686708459235,0.04336211827375891,,,BG
BG41,2014,4267000000.0,22.174176841152274,0.11749013269303887,,,BG
BG41,2015,1899000000.0,21.36459326877656,-0.8095835723757148,,,BG
BG41,2016,1839000000.0,21.332487782568595,-0.03210548620796416,,,BG
BG41,2017,1862000000.0,21.344917015801286,0.012429233232690962,,,BG
BG41,2018,1649005308.52,21.223438099754592,-0.12147891604669425,,,BG
BG41,2019,2475826504.0,21.629840118231275,0.4064020184766832,,,BG
BG41,2020,1218289928.0,20.920714014032807,-0.709126104198468,,,BG
BG41,2021,1540908808.0,21.155638214375664,0.23492420034285644,,,BG
BG41,2022,1367162805.0,21.036003484158606,-0.11963473021705795,,,BG
BG41,2023,1295026000.0,20.981796609116444,-0.05420687504216204,-1.314629657437227,2.0,BG
BG41,2024,,,,-0.9336849468399389,2.0,BG
BG41,2025,,,,-0.8315599092715106,4.0,BG
BG42,2007,2036000000.0,21.43425293563469,,,,BG
BG42,2008,1675000000.0,21.23907900222344,-0.19517393341124745,,,BG
BG42,2009,1276000000.0,20.966996021869008,-0.27208298035443335,,,BG
BG42,2010,922000000.0,20.642055781520867,-0.3249402403481412,,,BG
BG42,2011,976000000.0,20.698973144377366,0.056917362856498954,,,BG
BG42,2012,763000000.0,20.45276858924873,-0.24620455512863515,,,BG
BG42,2013,1564000000.0,21.17051247906953,0.7177438898207988,,,BG
BG42,2014,1243000000.0,20.940793649474987,-0.22971882959454248,,,BG
BG42,2015,793000000.0,20.49133377959912,-0.4494598698758665,,,BG
BG42,2016,837000000.0,20.545334628453748,0.05400084885462775,,,BG
BG42,2017,855000000.0,20.566612026901034,0.02127739844728538,,,BG
BG42,2018,909700339.0,20.628625805442546,0.062013778541512465,,,BG
BG42,2019,901398611.0,20.619458127283313,-0.009167678159233361,,,BG
BG42,2020,991086736.0,20.714312612177707,0.09485448489439463,,,BG
BG42,2021,863330132.0,20.576307715874766,-0.13800489630294166,,,BG
BG42,2022,669599275.0,20.32218999440299,-0.2541177214717756,,,BG
BG42,2023,247543000.0,19.327094862256168,-0.9950951321468224,-1.3527965820700398,2.0,BG
BG42,2024,,,,-0.8770329938377095,2.0,BG
BG42,2025,,,,-1.02864528351593,4.0,BG
CH01,2007,2301000000.0,21.55660964799964,,,,CH
CH01,2008,2393000000.0,21.595813645872646,0.0392039978730061,,,CH
CH01,2009,2296000000.0,21.554434315403732,-0.04137933046891362,,,CH
CH01,2010,2347000000.0,21.5764037538153,0.021969438411566955,,,CH
CH01,2011,2101000000.0,21.465679258809274,-0.11072449500602488,,,CH
CH01,2012,2184000000.0,21.50442389482907,0.038744636019796275,,,CH
CH01,2013,2082000000.0,21.456594807139187,-0.04782908768988392,,,CH
CH01,2014,2243000000.0,21.531080092484483,0.07448528534529686,,,CH
CH01,2015,1638000000.0,21.21674182237729,-0.31433827010719284,,,CH
CH01,2016,1616000000.0,21.203219797045314,-0.01352202533197655,,,CH
CH01,2017,1630000000.0,21.211845851765084,0.008626054719769627,,,CH
CH01,2018,1661130000.0,21.230763930619695,0.018918078854611053,,,CH
CH01,2019,1666860000.0,21.234207453984922,0.0034435233652274633,,,CH
CH01,2020,1542320000.0,21.156553613255486,-0.07765384072943604,,,CH
CH01,2021,1639960000.0,21.217937688241168,0.06138407498568199,,,CH
CH01,2022,1528620000.0,21.147631204555054,-0.07030648368611381,,,CH
CH02,2007,1471000000.0,21.109208278565713,,,,CH
CH02,2008,1523000000.0,21.143947910859435,0.034739632293721456,,,CH
CH02,2009,1578000000.0,21.179424059370092,0.03547614851065717,,,CH
CH02,2010,1556000000.0,21.16538426270261,-0.014039796667482562,,,CH
CH02,2011,1641000000.0,21.218571649054365,0.05318738635175535,,,CH
CH02,2012,1638000000.0,21.21674182237729,-0.0018298266770742089,,,CH
CH02,2013,1748000000.0,21.281738114179756,0.06499629180246558,,,CH
CH02,2014,1715000000.0,21.262678917564315,-0.019059196615440754,,,CH
CH02,2015,1693000000.0,21.24976794009741,-0.012910977466905393,,,CH
CH02,2016,1840000000.0,21.333031408567305,0.08326346846989452,,,CH
CH02,2017,1649000000.0,21.22343488052387,-0.10959652804343278,,,CH
CH02,2018,1884060000.0,21.35669485972723,0.13325997920335908,,,CH
CH02,2019,1868581280.0,21.348445306077508,-0.008249553649722685,,,CH
CH02,2020,1693390900.0,21.24999880535383,-0.09844650072367855,,,CH
CH02,2021,1693000000.0,21.24976794009741,-0.00023086525641957678,,,CH
CH02,2022,1670500000.0,21.236388819761086,-0.01337912033632449,,,CH
CH03,2007,1569000000.0,21.173704310697307,,,,CH
CH03,2008,1697000000.0,21.2521278231985,0.0784235125011925,,,CH
CH03,2009,1709000000.0,21.259174241079865,0.007046417881365841,,,CH
CH03,2010,1717000000.0,21.26384441886175,0.0046701777818860535,,,CH
CH03,2011,1645000000.0,21.221006221163748,-0.042838197698003455,,,CH
CH03,2012,1613000000.0,21.201361636089484,-0.019644585074264143,,,CH
CH03,2013,1618000000.0,21.20445665558271,0.0030950194932266584,,,CH
CH03,2014,1591000000.0,21.18762858630206,-0.01682806928064906,,,CH
CH03,2015,1555000000.0,21.16474138257761,-0.02288720372445141,,,CH
CH03,2016,1607000000.0,21.197634923701788,0.03289354112417797,,,CH
CH03,2017,1659000000.0,21.22948084815472,0.031845924452930774,,,CH
CH03,2018,1675860728.0,21.239592737701457,0.010111889546738695,,,CH
CH03,2019,1620485773.0,21.20599180111826,-0.033600936583198404,,,CH
CH03,2020,1770887000.0,21.294746387951974,0.08875458683371562,,,CH
CH03,2021,1771092000.0,21.2948621424498,0.00011575449782696978,,,CH
CH03,2022,1749004000.0,21.282312320001417,-0.012549822448384873,,,CH
CH04,2007,1017000000.0,20.740122954012833,,,,CH
CH04,2008,1030000000.0,20.752824639187956,0.0127016851751236,,,CH
CH04,2009,1003000000.0,20.72626134592621,-0.026563293261745002,,,CH
CH04,2010,960000000.0,20.682443842426157,-0.043817503500054755,,,CH
CH04,2011,753000000.0,20.439575785764166,-0.2428680566619903,,,CH
CH04,2012,770000000.0,20.461901072812005,0.022325287047838316,,,CH
CH04,2013,792000000.0,20.4900719497787,0.02817087696669418,,,CH
CH04,2014,785000000.0,20.48119427574668,-0.00887767403201778,,,CH
CH04,2015,828000000.0,20.534523712349532,0.05332943660285139,,,CH
CH04,2016,832000000.0,20.539342998785482,0.0048192864359499765,,,CH
CH04,2017,944000000.0,20.665636724109774,0.12629372532429173,,,CH
CH04,2018,945552000.0,20.667279441906384,0.0016427177966100714,,,CH
CH04,2019,947132100.0,20.66894913455831,0.0016696926519266242,,,CH
CH04,2020,949159200.0,20.671087098036956,0.002137963478645588,,,CH
CH04,2021,853833900.0,20.56524723634883,-0.10583986168812487,,,CH
CH04,2022,867075200.0,20.580636266854295,0.015389030505463808,,,CH
CH05,2007,1384000000.0,21.04824369414189,,,,CH
CH05,2008,1342000000.0,21.0174268754959,-0.030816818645988064,,,CH
CH05,2009,1625000000.0,21.208773652728112,0.19134677723221216,,,CH
CH05,2010,1527000000.0,21.146570863182905,-0.06220278954520708,,,CH
CH05,2011,1582000000.0,21.181955706291873,0.035384843108968056,,,CH
CH05,2012,1159000000.0,20.870823401304026,-0.31113230498784716,,,CH
CH05,2013,1303000000.0,20.98793513508912,0.11711173378509443,,,CH
CH05,2014,1302000000.0,20.98716738073279,-0.0007677543563318068,,,CH
CH05,2015,988000000.0,20.711193255712143,-0.275974125020646,,,CH
CH05,2016,1191000000.0,20.898059127319573,0.18686587160743073,,,CH
CH05,2017,1314000000.0,20.996341757008828,0.09828262968925472,,,CH
CH05,2018,1263030000.0,20.95677943300179,-0.03956232400703996,,,CH
CH05,2019,1228812820.0,20.929314353245967,-0.02746507975582091,,,CH
CH05,2020,1253212740.0,20.94897628296574,0.019661929719774207,,,CH
CH05,2021,1484003210.0,21.118009144762038,0.16903286179629617,,,CH
CH05,2022,1411123420.0,21.06765197587134,-0.050357168890698745,,,CH
CH06,2007,114000000.0,18.55170900635877,,,,CH
CH06,2008,116000000.0,18.56910074907064,0.01739174271186883,,,CH
CH06,2009,115000000.0,18.560442686327523,-0.00865806274311609,,,CH
CH06,2010,116000000.0,18.56910074907064,0.00865806274311609,,,CH
CH06,2011,118000000.0,18.58619518242994,0.01709443335930061,,,CH
CH06,2013,115000000.0,18.560442686327523,-0.0257524961024167,,,CH
CH06,2015,231000000.0,19.25792826848607,0.6974855821585457,,,CH
CH06,2016,271000000.0,19.417629378843976,0.1597011103579078,,,CH
CH06,2017,287000000.0,19.474992773723894,0.057363394879917706,,,CH
CH06,2018,333881000.0,19.62629520003038,0.15130242630648638,,,CH
CH06,2019,341663000.0,19.649335429103772,0.023040229073391316,,,CH
CH06,2020,353198000.0,19.68253936416389,0.03320393506011854,,,CH
CH06,2021,342378000.0,19.651425947831143,-0.031113416332747335,,,CH
CH06,2022,349530000.0,19.672099952864233,0.020674005033090026,,,CH
CH07,2010,216000000.0,19.19078896564844,,,,CH
CH07,2011,184000000.0,19.03044631557326,-0.16034265007517945,,,CH
CH07,2012,181000000.0,19.0140075892301,-0.01643872634316068,,,CH
CH07,2013,183000000.0,19.024996710805695,0.010989121575594396,,,CH
CH07,2014,179000000.0,19.00289636380503,-0.02210034700066643,,,CH
CH07,2015,186000000.0,19.041257231677477,0.03836086787244852,,,CH
CH07,2016,189000000.0,19.057257573023918,0.016000341346440905,,,CH
CH07,2017,188000000.0,19.051952520794224,-0.00530505222969424,,,CH
CH07,2018,214820000.0,19.185311026134176,0.13335850533995242,,,CH
CH07,2019,214499000.0,19.183815634316815,-0.0014953918173610248,,,CH
CH07,2020,204720000.0,19.13715374981581,-0.04666188450100606,,,CH
CH07,2021,217140000.0,19.19605286476798,0.05889911495217248,,,CH
CH07,2022,207580000.0,19.151027365501417,-0.04502549926656485,,,CH
CY00,2007,5264000000.0,22.384157030969426,,,,CY
CY00,2008,5463000000.0,22.42126392635999,0.03710689539056489,,,CY
CY00,2009,5276000000.0,22.386434071801478,-0.03482985455851306,,,CY
CY00,2010,4955000000.0,22.323663004728363,-0.06277106707311475,,,CY
CY00,2011,4567000000.0,22.24212237114927,-0.0815406335790918,,,CY
CY00,2012,4355000000.0,22.194590447250878,-0.04753192389839356,,,CY
CY00,2013,4010000000.0,22.11205707826489,-0.08253336898598818,,,CY
CY00,2014,4450000000.0,22.21616993312456,0.1041128548596717,,,CY
CY00,2015,4380000000.0,22.200314561334768,-0.015855371789793793,,,CY
CY00,2016,4650000000.0,22.260133056545676,0.05981849521090865,,,CY
CY00,2017,4680000000.0,22.266563946875966,0.006430890330289429,,,CY
CY00,2018,4620000000.0,22.25366054204006,-0.012903404835906684,,,CY
CY00,2019,4500000000.0,22.227343233722685,-0.026317308317374,,,CY
CY00,2020,4380000000.0,22.200314561334768,-0.027028672387917396,,,CY
CY00,2021,4400000000.0,22.204870377870627,0.004555816535859236,,,CY
CY00,2022,4390000000.0,22.202595064033492,-0.0022753138371349735,,,CY
CY00,2023,4370000000.0,22.19802884605391,-0.004566217979583342,,,CY
CZ01,2007,1050000000.0,20.772056001115843,,,,CZ
CZ01,2008,1022000000.0,20.745027328727925,-0.027028672387917396,,,CZ
CZ01,2009,989000000.0,20.712204889586985,-0.03282243914093996,,,CZ
CZ01,2010,895000000.0,20.612334276239128,-0.09987061334785707,,,CZ
CZ01,2011,858000000.0,20.570114657452237,-0.04221961878689129,,,CZ
CZ01,2012,731000000.0,20.40992401771405,-0.16019063973818604,,,CZ
CZ01,2013,739000000.0,20.420808478912477,0.01088446119842601,,,CZ
CZ01,2014,753000000.0,20.439575785764166,0.01876730685168937,,,CZ
CZ01,2015,727000000.0,20.404437035497793,-0.035138750266373364,,,CZ
CZ01,2016,705000000.0,20.373708360776543,-0.030728674721249405,,,CZ
CZ01,2017,737000000.0,20.41809845015361,0.044390089377067454,,,CZ
CZ01,2018,749379770.0,20.434756449030214,0.01665799887660313,,,CZ
CZ01,2019,762682368.3,20.452352209389872,0.01759576035965793,,,CZ
CZ01,2020,775645921.5,20.469206687290225,0.01685447790035255,,,CZ
CZ01,2021,742641898.2,20.42572451906906,-0.04348216822116413,,,CZ
CZ01,2022,675480360.0,20.330934640182413,-0.09478987888664747,,,CZ
CZ01,2025,,,,1.114397084454004,4.0,CZ
CZ02,2007,10308000000.0,23.05618612973653,,,,CZ
CZ02,2008,10237000000.0,23.049274444884045,-0.006911684852486388,,,CZ
CZ02,2009,8772000000.0,22.894830667502053,-0.15444377738199222,,,CZ
CZ02,2010,9361000000.0,22.959817959336018,0.06498729183396534,,,CZ
CZ02,2011,10021000000.0,23.027948728022604,0.06813076868658641,,,CZ
CZ02,2012,9356000000.0,22.959283685668343,-0.06866504235426163,,,CZ
CZ02,2013,8067000000.0,22.81104750290125,-0.14823618276709283,,,CZ
CZ02,2014,8609000000.0,22.87607400462223,0.06502650172097901,,,CZ
CZ02,2015,9019000000.0,22.92259930012998,0.04652529550775242,,,CZ
CZ02,2016,8610000000.0,22.876190155386052,-0.04640914474392943,,,CZ
CZ02,2017,8528000000.0,22.8666207043699,-0.009569451016151476,,,CZ
CZ02,2018,7932476519.739599,22.79423112140963,-0.07238958296026965,,,CZ
CZ02,2019,7936618980.35264,22.794753200403623,0.0005220789939919257,,,CZ
CZ02,2020,6439783934.0079,22.585760825879948,-0.20899237452367458,,,CZ
CZ02,2021,6331181572.0641,22.56875271793668,-0.017008107943269124,,,CZ
CZ02,2022,6317612279.19874,22.566607169795045,-0.002145548141633924,,,CZ
CZ02,2025,,,,0.5718491910370882,4.0,CZ
CZ03,2007,2619000000.0,21.686058402471986,,,,CZ
CZ03,2008,2442000000.0,21.616083212634923,-0.06997518983706286,,,CZ
CZ03,2009,2279000000.0,21.54700258720996,-0.06908062542496296,,,CZ
CZ03,2010,2394000000.0,21.596231444082193,0.049228856872232996,,,CZ
CZ03,2011,2282000000.0,21.548318088386296,-0.04791335569589705,,,CZ
CZ03,2012,2282000000.0,21.548318088386296,0.0,,,CZ
CZ03,2013,2299000000.0,21.555740082727457,0.007421994341161309,,,CZ
CZ03,2014,2060000000.0,21.4459718197479,-0.10976826297955711,,,CZ
CZ03,2015,2036000000.0,21.43425293563469,-0.011718884113211203,,,CZ
CZ03,2016,1760000000.0,21.28857964599647,-0.1456732896382178,,,CZ
CZ03,2017,1747000000.0,21.28116586809833,-0.007413777898140239,,,CZ
CZ03,2018,1627828000.0,21.210512447839637,-0.0706534202586937,,,CZ
CZ03,2019,1659017000.0,21.229491095239048,0.01897864739941113,,,CZ
CZ03,2020,1177635000.0,20.886774026964602,-0.34271706827444604,,,CZ
CZ03,2021,1399745260.0,21.05955609986856,0.17278207290395642,,,CZ
CZ03,2022,1527153786.0,21.146671569310303,0.08711546944174486,,,CZ
CZ03,2025,,,,0.5233061207273527,4.0,CZ
CZ04,2007,38524000000.0,24.37454726064503,,,,CZ
CZ04,2008,35939000000.0,24.30508889376336,-0.06945836688166906,,,CZ
CZ04,2009,36449000000.0,24.319179860182487,0.01409096641912555,,,CZ
CZ04,2010,35752000000.0,24.299872048577562,-0.019307811604925007,,,CZ
CZ04,2011,33637000000.0,24.238892488526268,-0.0609795600512939,,,CZ
CZ04,2012,31514000000.0,24.173697728486264,-0.06519476004000424,,,CZ
CZ04,2013,30013000000.0,24.124896458080126,-0.048801270406137576,,,CZ
CZ04,2014,28179000000.0,24.0618428566269,-0.0630536014532268,,,CZ
CZ04,2015,28995000000.0,24.090389238274817,0.02854638164791723,,,CZ
CZ04,2016,30861000000.0,24.152759087763414,0.06236984948859714,,,CZ
CZ04,2017,30559000000.0,24.14292507819625,-0.009834009567164514,,,CZ
CZ04,2018,30822126897.70644,24.15149867476573,0.008573596569480202,,,CZ
CZ04,2019,30356098648.22085,24.136263278193592,-0.01523539657213746,,,CZ
CZ04,2020,23788306335.05361,23.892459966421548,-0.2438033117720444,,,CZ
CZ04,2021,27181331032.5531,24.02579621549881,0.1333362490772636,,,CZ
CZ04,2022,27236474542.56357,24.0278228877728,0.002026672273988339,,,CZ
CZ04,2025,,,,0.268553399154715,4.0,CZ
CZ05,2007,9131000000.0,22.934941054580616,,,,CZ
CZ05,2008,8230000000.0,22.83105185163539,-0.10388920294522563,,,CZ
CZ05,2009,7018000000.0,22.671744114107433,-0.15930773752795702,,,CZ
CZ05,2010,7686000000.0,22.762666329089065,0.09092221498163156,,,CZ
CZ05,2011,7593000000.0,22.75049260717751,-0.012173721911555191,,,CZ
CZ05,2012,7367000000.0,22.720276404647088,-0.03021620253042201,,,CZ
CZ05,2013,6318000000.0,22.566668539326304,-0.15360786532078308,,,CZ
CZ05,2014,6906000000.0,22.65565643591421,0.08898789658790562,,,CZ
CZ05,2015,6316000000.0,22.566351933339806,-0.0893045025744037,,,CZ
CZ05,2016,5750000000.0,22.47246569175567,-0.09388624158413705,,,CZ
CZ05,2017,6764000000.0,22.634880267982744,0.162414576227075,,,CZ
CZ05,2018,7970814273.49355,22.79905249184393,0.16417222386118624,,,CZ
CZ05,2019,6795020351.44179,22.63945587960637,-0.15959661223756072,,,CZ
CZ05,2020,5283522869.119289,22.387858922239378,-0.25159695736699206,,,CZ
CZ05,2021,6027402244.79776,22.519581949687794,0.13172302744841602,,,CZ
CZ05,2022,6931431570.01071,22.65933220457351,0.13975025488571546,,,CZ
CZ05,2025,,,,0.5978216211265612,4.0,CZ
CZ06,2007,2102000000.0,21.46615510940117,,,,CZ
CZ06,2008,2174000000.0,21.49983462564543,0.03367951624425913,,,CZ
CZ06,2009,1682000000.0,21.243249398497166,-0.25658522714826404,,,CZ
CZ06,2010,1988000000.0,21.410394945180794,0.1671455466836278,,,CZ
CZ06,2011,2021000000.0,21.426858275367895,0.016463330187100667,,,CZ
CZ06,2012,1853000000.0,21.340071784249634,-0.08678649111826076,,,CZ
CZ06,2013,1639000000.0,21.217352136708104,-0.12271964754152975,,,CZ
CZ06,2014,1341000000.0,21.016681441245954,-0.20067069546215066,,,CZ
CZ06,2015,1848000000.0,21.337369810165903,0.32068836891994934,,,CZ
CZ06,2016,1913000000.0,21.371938527404527,0.0345687172386242,,,CZ
CZ06,2017,2013000000.0,21.422891983604064,0.05095345619953662,,,CZ
CZ06,2018,2112793217.35,21.471276708676047,0.048384725071983326,,,CZ
CZ06,2019,2213759175.66,21.517957891901965,0.04668118322591752,,,CZ
CZ06,2020,1873315875.07059,21.35097589278314,-0.16698199911882483,,,CZ
CZ06,2021,2105860878.45293,21.46799018886217,0.1170142960790308,,,CZ
CZ06,2022,1822399082.32678,21.323419647105034,-0.1445705417571368,,,CZ
CZ06,2025,,,,0.7953593520162204,4.0,CZ
CZ07,2007,2971000000.0,21.812164433426883,,,,CZ
CZ07,2008,2843000000.0,21.768125669615273,-0.04403876381160998,,,CZ
CZ07,2009,2594000000.0,21.676466922840664,-0.09165874677460906,,,CZ
CZ07,2010,2519000000.0,21.647127834316883,-0.029339088523780532,,,CZ
CZ07,2011,2935000000.0,21.799973290226472,0.15284545590958842,,,CZ
CZ07,2012,2721000000.0,21.72426529674752,-0.07570799347895019,,,CZ
CZ07,2013,2428000000.0,21.610333710143664,-0.11393158660385794,,,CZ
CZ07,2014,2452000000.0,21.620169855020375,0.009836144876711472,,,CZ
CZ07,2015,2487000000.0,21.63434300176768,0.014173146747303633,,,CZ
CZ07,2016,2556000000.0,21.6617093734617,0.027366371694022007,,,CZ
CZ07,2017,2548000000.0,21.658574574656328,-0.0031347988053731513,,,CZ
CZ07,2018,2626743456.06097,21.689010686261746,0.030436111605418148,,,CZ
CZ07,2019,2541995783.85198,21.65621535111748,-0.03279533514426447,,,CZ
CZ07,2020,2436077726.27353,21.613655093622278,-0.04256025749520376,,,CZ
CZ07,2021,2375301134.72096,21.588390059962112,-0.025265033660165415,,,CZ
CZ07,2022,2232426872.03778,21.526355114092336,-0.06203494586977598,,,CZ
CZ07,2025,,,,0.8877060042337512,4.0,CZ
CZ08,2007,20000000000.0,23.7189981105004,,,,CZ
CZ08,2008,17053000000.0,23.55959197827719,-0.15940613222321076,,,CZ
CZ08,2009,13470000000.0,23.323730827368685,-0.23586115090850512,,,CZ
CZ08,2010,15141000000.0,23.440672132972647,0.11694130560396232,,,CZ
CZ08,2011,15085000000.0,23.436966709557435,-0.0037054234152122945,,,CZ
CZ08,2012,14070000000.0,23.367310708072708,-0.06965600148472717,,,CZ
CZ08,2013,14435000000.0,23.39292165006131,0.02561094198860303,,,CZ
CZ08,2014,14267000000.0,23.38121501507909,-0.011706634982221686,,,CZ
CZ08,2015,14237000000.0,23.37911004657802,-0.0021049685010687824,,,CZ
CZ08,2016,14578000000.0,23.402779379906434,0.0236693333284137,,,CZ
CZ08,2017,12745000000.0,23.26840487477449,-0.1343745051319445,,,CZ
CZ08,2018,12863251190.291151,23.277640337978816,0.009235463204326777,,,CZ
CZ08,2019,10993971291.22375,23.12061289506837,-0.15702744291044723,,,CZ
CZ08,2020,10876535427.54583,23.109873592694814,-0.010739302373554693,,,CZ
CZ08,2021,12299708412.360321,23.232841392731615,0.12296780003680041,,,CZ
CZ08,2022,11044045616.55259,23.125157261443366,-0.10768413128824861,,,CZ
CZ08,2025,,,,0.6602778497620705,4.0,CZ
DE11,2007,10004000000.0,23.026250849961784,,,,DE
DE11,2008,8137000000.0,22.819687398660932,-0.20656345130085185,,,DE
DE11,2009,7177000000.0,22.694147305394345,-0.12554009326658644,,,DE
DE11,2010,7761000000.0,22.77237702881841,0.07822972342406587,,,DE
DE11,2011,7585000000.0,22.749438449746908,-0.02293857907150354,,,DE
DE11,2012,8911000000.0,22.910552305576992,0.16111385583008442,,,DE
DE11,2013,9347000000.0,22.958321273146858,0.047768967569865595,,,DE
DE11,2014,7604000000.0,22.751940261572592,-0.20638101157426547,,,DE
DE11,2015,6762000000.0,22.634584541232105,-0.11735572034048758,,,DE
DE11,2016,5925000000.0,22.502446523967606,-0.1321380172644986,,,DE
DE11,2017,3045000000.0,21.83676673810827,-0.6656797858593357,,,DE
DE11,2018,5946000000.0,22.505984561522318,0.6692178234140478,,,DE
DE11,2019,4304000000.0,22.182810659805895,-0.323173901716423,,,DE
DE11,2020,3277000000.0,21.91019420666309,-0.27261645314280614,,,DE
DE11,2021,4989000000.0,22.33050132582531,0.42030711916222074,,,DE
DE11,2022,5316000000.0,22.39398697779741,0.06348565197210121,,,DE
DE11,2023,2990000000.0,21.818539224349006,-0.5754477534484046,,,DE
DE11,2024,2992000000.0,21.819207897058643,0.000668672709636553,,,DE
DE12,2007,14299000000.0,23.383455441697123,,,,DE
DE12,2008,14757000000.0,23.414983383427725,0.03152794173060158,,,DE
DE12,2009,13249000000.0,23.307187914832397,-0.10779546859532729,,,DE
DE12,2010,13680000000.0,23.339200749140815,0.03201283430841784,,,DE
DE12,2011,13470000000.0,23.323730827368685,-0.015469921772130135,,,DE
DE12,2012,13834000000.0,23.350395167124805,0.02666433975612037,,,DE
DE12,2013,15348000000.0,23.454251009331117,0.10385584220631117,,,DE
DE12,2014,14998000000.0,23.43118269582561,-0.023068313505508087,,,DE
DE12,2015,16030000000.0,23.497727803567873,0.06654510774226452,,,DE
DE12,2016,15986000000.0,23.49497917615024,-0.002748627417634708,,,DE
DE12,2017,15978000000.0,23.49447861300626,-0.0005005631439765068,,,DE
DE12,2018,15606000000.0,23.47092129264098,-0.023557320365281242,,,DE
DE12,2019,12538000000.0,23.25202986979819,-0.21889142284279117,,,DE
DE12,2020,11165000000.0,23.136049722238532,-0.11598014755965735,,,DE
DE12,2021,13580000000.0,23.331863959076962,0.19581423683843013,,,DE
DE12,2022,15293000000.0,23.450661044312398,0.11879708523543542,,,DE
DE12,2023,10425000000.0,23.067472604631277,-0.3831884396811205,,,DE
DE12,2024,9011000000.0,22.92171189019931,-0.14576071443196525,,,DE
DE13,2007,1448000000.0,21.093449130909935,,,,DE
DE13,2008,1249000000.0,20.94560906808985,-0.14784006282008377,,,DE
DE13,2009,1100000000.0,20.818576016750736,-0.12703305133911513,,,DE
DE13,2010,1144000000.0,20.857796729904017,0.039220713153280684,,,DE
DE13,2011,1174000000.0,20.883682558352316,0.02588582844829901,,,DE
DE13,2012,977000000.0,20.69999721000706,-0.18368534834525718,,,DE
DE13,2013,894000000.0,20.61121633313779,-0.08878087686926861,,,DE
DE13,2014,912000000.0,20.631150548038605,0.019934214900814595,,,DE
DE13,2015,883000000.0,20.598835758568235,-0.032314789470369476,,,DE
DE13,2016,1061000000.0,20.78247769657826,0.18364193801002315,,,DE
DE13,2017,806000000.0,20.507594300470902,-0.2748833961073558,,,DE
DE13,2018,1000000000.0,20.72326583694641,0.21567153647550796,,,DE
DE13,2019,892000000.0,20.608976690544285,-0.1142891464021254,,,DE
DE13,2020,966000000.0,20.688674392176793,0.079697701632508,,,DE
DE13,2021,986000000.0,20.70916691256691,0.02049252039011762,,,DE
DE13,2022,767000000.0,20.45799735933153,-0.2511695532353819,,,DE
DE13,2023,497000000.0,20.024100584060903,-0.4338967752706253,,,DE
DE13,2024,416000000.0,19.84619581822554,-0.17790476583536474,,,DE
DE14,2007,2306000000.0,21.558780258793277,,,,DE
DE14,2008,1983000000.0,21.40787668648407,-0.1509035723092076,,,DE
DE14,2009,1650000000.0,21.2240411248589,-0.18383556162516967,,,DE
DE14,2010,2215000000.0,21.51851824044351,0.2944771155846091,,,DE
DE14,2011,2240000000.0,21.52974170281336,0.011223462369851944,,,DE
DE14,2012,2257000000.0,21.53730233478181,0.0075606319684489165,,,DE
DE14,2013,2133000000.0,21.480795276435625,-0.056507058346184635,,,DE
DE14,2014,1989000000.0,21.410897836818247,-0.06989743961737815,,,DE
DE14,2015,1980000000.0,21.406362681652855,-0.004535155165392268,,,DE
DE14,2016,2220000000.0,21.5207730328306,0.1144103511777459,,,DE
DE14,2017,2241000000.0,21.530188031765203,0.009414998934602181,,,DE
DE14,2018,2390000000.0,21.59455920288983,0.06437117112462687,,,DE
DE14,2019,2109000000.0,21.46947973844305,-0.12507946444678097,,,DE
DE14,2020,2283000000.0,21.54875620449407,0.07927646605102012,,,DE
DE14,2021,2425000000.0,21.60909736133586,0.06034115684179042,,,DE
DE14,2022,2182000000.0,21.50350772435729,-0.10558963697856782,,,DE
DE14,2023,1340000000.0,21.015935450909232,-0.487572273448059,,,DE
DE14,2024,1261000000.0,20.955170893929193,-0.060764556980039686,,,DE
DE21,2007,12601000000.0,23.257042012833967,,,,DE
DE21,2008,12913000000.0,23.281500392810926,0.02445837997695932,,,DE
DE21,2009,13454000000.0,23.322542296549827,0.04104190373890049,,,DE
DE21,2010,14556000000.0,23.401269116696323,0.07872682014649612,,,DE
DE21,2011,14287000000.0,23.382615869829433,-0.018653246866890072,,,DE
DE21,2012,13791000000.0,23.34728204243861,-0.03533382739082214,,,DE
DE21,2013,12762000000.0,23.269737842392566,-0.07754420004604512,,,DE
DE21,2014,11335000000.0,23.151161120905904,-0.11857672148666154,,,DE
DE21,2015,11680000000.0,23.18114381434649,0.029982693440587127,,,DE
DE21,2016,11482000000.0,23.164046428691858,-0.017097385654633257,,,DE
DE21,2017,11160000000.0,23.135601793899575,-0.028444634792283097,,,DE
DE21,2018,10404000000.0,23.065456184532817,-0.07014560936675807,,,DE
DE21,2019,9635000000.0,22.98866813881274,-0.07678804572007536,,,DE
DE21,2020,10305000000.0,23.055895051288832,0.06722691247609092,,,DE
DE21,2021,11390000000.0,23.1560016144055,0.10010656311666821,,,DE
DE21,2022,10643000000.0,23.08816823600532,-0.06783337840018078,,,DE
DE21,2023,10108000000.0,23.03659302647236,-0.051575209532959576,,,DE
DE21,2024,9184000000.0,22.940728676523623,-0.09586434994873727,,,DE
DE22,2007,1872000000.0,21.35027321500181,,,,DE
DE22,2008,1776000000.0,21.29762948151639,-0.05264373348542151,,,DE
DE22,2009,2028000000.0,21.430315922675348,0.13268644115895967,,,DE
DE22,2010,2354000000.0,21.579381845784496,0.14906592310914846,,,DE
DE22,2011,2381000000.0,21.590786404451137,0.011404558666640696,,,DE
DE22,2012,2428000000.0,21.610333710143664,0.019547305692526606,,,DE
DE22,2013,2241000000.0,21.530188031765203,-0.08014567837846087,,,DE
DE22,2014,2094000000.0,21.462341949394755,-0.06784608237044765,,,DE
DE22,2015,2229000000.0,21.524818891350144,0.062476941955388554,,,DE
DE22,2016,2182000000.0,21.50350772435729,-0.021311166992852293,,,DE
DE22,2017,1965000000.0,21.398758082267637,-0.10474964208965432,,,DE
DE22,2018,2121000000.0,21.475153512528955,0.0763954302613179,,,DE
DE22,2019,2305000000.0,21.558346513395023,0.08319300086606773,,,DE
DE22,2020,1721000000.0,21.266171354175814,-0.2921751592192088,,,DE
DE22,2021,2042000000.0,21.437195556688884,0.17102420251307038,,,DE
DE22,2022,2046000000.0,21.439152504475846,0.001956947786961649,,,DE
DE22,2023,1395000000.0,21.05616025221974,-0.38299225225610556,,,DE
DE22,2024,1505000000.0,21.13205873514725,0.07589848292751,,,DE
DE23,2007,1678000000.0,21.240868444991424,,,,DE
DE23,2008,1489000000.0,21.121370590648283,-0.11949785434314109,,,DE
DE23,2009,2112000000.0,21.470901202790426,0.34953061214214287,,,DE
DE23,2010,2127000000.0,21.47797837316451,0.007077170374085284,,,DE
DE23,2011,2226000000.0,21.523472089799764,0.04549371663525292,,,DE
DE23,2012,2182000000.0,21.50350772435729,-0.019964365442472598,,,DE
DE23,2013,2167000000.0,21.496609559500634,-0.006898164856657729,,,DE
DE23,2014,2211000000.0,21.516710738821722,0.020101179321088125,,,DE
DE23,2015,2310000000.0,21.560513361480112,0.04380262265839008,,,DE
DE23,2016,2597000000.0,21.67762276962702,0.11710940814690929,,,DE
DE23,2017,2456000000.0,21.62179984723131,-0.05582292239571274,,,DE
DE23,2018,2471000000.0,21.627888763952885,0.006088916721576965,,,DE
DE23,2019,2494000000.0,21.637153684204257,0.009264920251371933,,,DE
DE23,2020,2371000000.0,21.58657764402968,-0.050576040174576065,,,DE
DE23,2021,2610000000.0,21.682616058281013,0.09603841425133197,,,DE
DE23,2022,2333000000.0,21.570420829985704,-0.11219522829530959,,,DE
DE23,2023,1689000000.0,21.247402474772073,-0.3230183552136303,,,DE
DE23,2024,1754000000.0,21.2851647308964,0.03776225612432782,,,DE
DE24,2007,101000000.0,18.430631074805532,,,,DE
DE24,2008,105000000.0,18.469470908121796,0.038839833316263395,,,DE
DE24,2009,105000000.0,18.469470908121796,0.0,,,DE
DE24,2010,113000000.0,18.542898376676614,0.07342746855481863,,,DE
DE24,2011,113000000.0,18.542898376676614,0.0,,,DE
DE24,2012,236000000.0,19.279342362989883,0.7364439863132688,,,DE
DE24,2013,234000000.0,19.270831673321975,-0.008510689667907911,,,DE
DE24,2014,239000000.0,19.291974109895786,0.021142436573811096,,,DE
DE24,2015,249000000.0,19.33296345442898,0.04098934453319458,,,DE
DE24,2016,243000000.0,19.30857200130482,-0.024391453124160023,,,DE
DE24,2017,118000000.0,18.58619518242994,-0.7223768188748814,,,DE
DE24,2018,251000000.0,19.34096349709606,0.7547683146661193,,,DE
DE24,2019,249000000.0,19.33296345442898,-0.008000042667077878,,,DE
DE24,2020,252000000.0,19.344939645475698,0.011976191046716878,,,DE
DE24,2021,248000000.0,19.328939304129257,-0.016000341346440905,,,DE
DE24,2022,350000000.0,19.67344371244773,0.34450440831847473,,,DE
DE24,2023,364000000.0,19.712664425601016,0.03922071315328424,,,DE
DE24,2024,355000000.0,19.68762834743969,-0.025036078161324582,,,DE
DE25,2007,1348000000.0,21.021887849436528,,,,DE
DE25,2008,1173000000.0,20.88283040661775,-0.1390574428187783,,,DE
DE25,2009,1504000000.0,21.131394062474058,0.24856365585630869,,,DE
DE25,2010,1512000000.0,21.136699114703752,0.00530505222969424,,,DE
DE25,2011,1290000000.0,20.977908055319993,-0.15879105938375915,,,DE
DE25,2012,1272000000.0,20.963856301864343,-0.014051753455650129,,,DE
DE25,2013,1170000000.0,20.880269585756075,-0.08358671610826818,,,DE
DE25,2014,1252000000.0,20.94800810962432,0.0677385238682433,,,DE
DE25,2015,1314000000.0,20.996341757008828,0.04833364738450996,,,DE
DE25,2016,1348000000.0,21.021887849436528,0.025546092427699563,,,DE
DE25,2017,1203000000.0,20.908084273938954,-0.11380357549757392,,,DE
DE25,2018,1297000000.0,20.983319742280717,0.07523546834176287,,,DE
DE25,2019,1178000000.0,20.887083922175805,-0.09623582010491205,,,DE
DE25,2020,1228000000.0,20.92865266667136,0.04156874449555659,,,DE
DE25,2021,1146000000.0,20.85954345523896,-0.06910921143240145,,,DE
DE25,2022,1146000000.0,20.85954345523896,0.0,,,DE
DE25,2023,890000000.0,20.60673202069046,-0.2528114345485015,,,DE
DE25,2024,965000000.0,20.68763865930326,0.08090663861280234,,,DE
DE26,2007,2773000000.0,21.74319560358005,,,,DE
DE26,2008,2823000000.0,21.761065986217762,0.017870382637710236,,,DE
DE26,2009,2988000000.0,21.817870104216983,0.056804117999220693,,,DE
DE26,2010,3413000000.0,21.95085750687098,0.132987402653999,,,DE
DE26,2011,3698000000.0,22.031057969911345,0.08020046304036299,,,DE
DE26,2012,3568000000.0,21.995271051664176,-0.03578691824716884,,,DE
DE26,2013,3399000000.0,21.94674710766039,-0.04852394400378657,,,DE
DE26,2014,3259000000.0,21.904686236801837,-0.04206087085855259,,,DE
DE26,2015,2980000000.0,21.815189137463726,-0.08949709933811079,,,DE
DE26,2016,3292000000.0,21.914761119761234,0.0995719822975083,,,DE
DE26,2017,3189000000.0,21.882973224974332,-0.031787894786901916,,,DE
DE26,2018,3477000000.0,21.969435689972137,0.08646246499780474,,,DE
DE26,2019,3257000000.0,21.90407236324051,-0.06536332673162804,,,DE
DE26,2020,3110000000.0,21.857888563137553,-0.04618380010295553,,,DE
DE26,2021,3325000000.0,21.92473551105423,0.06684694791667667,,,DE
DE26,2022,3040000000.0,21.83512335236454,-0.08961215868968964,,,DE
DE26,2023,2456000000.0,21.62179984723131,-0.21332350513323206,,,DE
DE26,2024,2376000000.0,21.58868423844681,-0.03311560878449882,,,DE
DE27,2007,1397000000.0,21.057592917221235,,,,DE
DE27,2008,1404000000.0,21.06259114255003,0.004998225328794348,,,DE
DE27,2009,1632000000.0,21.213072093488325,0.15048095093829517,,,DE
DE27,2010,1648000000.0,21.22282826843369,0.00975617494536607,,,DE
DE27,2011,1693000000.0,21.24976794009741,0.02693967166371891,,,DE
DE27,2012,1601000000.0,21.19389427096099,-0.055873669136421,,,DE
DE27,2013,1653000000.0,21.225857655785298,0.031963384824308605,,,DE
DE27,2014,1642000000.0,21.21918084797665,-0.006676807808648988,,,DE
DE27,2015,1645000000.0,21.221006221163748,0.0018253731870991885,,,DE
DE27,2016,1426000000.0,21.078139158938516,-0.14286706222523193,,,DE
DE27,2017,1486000000.0,21.11935378324198,0.04121462430346412,,,DE
DE27,2018,1719000000.0,21.265008563347124,0.14565478010514354,,,DE
DE27,2019,1681000000.0,21.24265469137289,-0.02235387197423222,,,DE
DE27,2020,1585000000.0,21.183850244275654,-0.058804447097237755,,,DE
DE27,2021,1617000000.0,21.20383841754138,0.019988173265726772,,,DE
DE27,2022,1366000000.0,21.03515259809501,-0.1686858194463703,,,DE
DE27,2023,1469000000.0,21.10784773413815,0.0726951360431407,,,DE
DE27,2024,1279000000.0,20.96934435954312,-0.13850337459503237,,,DE
DE30,2007,7271000000.0,22.70715967061433,,,,DE
DE30,2008,7301000000.0,22.71127716202036,0.004117491406027796,,,DE
DE30,2009,6735000000.0,22.630583646808738,-0.08069351521162105,,,DE
DE30,2010,7640000000.0,22.75666344012484,0.12607979331610153,,,DE
DE30,2011,6759000000.0,22.634140787064627,-0.12252265306021215,,,DE
DE30,2012,7088000000.0,22.68166905024919,0.04752826318456371,,,DE
DE30,2013,7199000000.0,22.697207964433577,0.015538914184386243,,,DE
DE30,2014,6953000000.0,22.662439058063292,-0.03476890637028518,,,DE
DE30,2015,6370000000.0,22.574865306530484,-0.08757375153280833,,,DE
DE30,2016,6863000000.0,22.649410500872907,0.07454519434242357,,,DE
DE30,2017,6420000000.0,22.58268395464828,-0.0667265462246256,,,DE
DE30,2018,5338000000.0,22.398116887928744,-0.18456706671953782,,,DE
DE30,2019,4676000000.0,22.265708880556232,-0.13240800737251135,,,DE
DE30,2020,4818000000.0,22.29562474113909,0.029915860582857334,,,DE
DE30,2021,5183000000.0,22.36864987615398,0.07302513501489116,,,DE
DE30,2022,4742000000.0,22.279724824589625,-0.08892505156435604,,,DE
DE30,2023,4686000000.0,22.267845177032015,-0.01187964755760973,,,DE
DE30,2024,4276000000.0,22.17628383010921,-0.0915613469228056,,,DE
DE40,2007,49026000000.0,24.615616606577035,,,,DE
DE40,2008,48495000000.0,24.60472653679192,-0.010890069785116196,,,DE
DE40,2009,45349000000.0,24.537653962547786,-0.06707257424413271,,,DE
DE40,2010,47003000000.0,24.57347726640667,0.03582330385888355,,,DE
DE40,2011,48341000000.0,24.6015458988096,0.028068632402931115,,,DE
DE40,2012,48868000000.0,24.612388622488226,0.010842723678624822,,,DE
DE40,2013,49326000000.0,24.621717162344464,0.009328539856237938,,,DE
DE40,2014,48385000000.0,24.602455685279317,-0.019261477065146693,,,DE
DE40,2015,49002000000.0,24.615126950550604,0.012671265271286813,,,DE
DE40,2016,47230000000.0,24.57829512085444,-0.036831829696165386,,,DE
DE40,2017,48864000000.0,24.612306765982634,0.03401164512819577,,,DE
DE40,2018,49077000000.0,24.616656330226554,0.004349564243920412,,,DE
DE40,2019,41303000000.0,24.44420097350048,-0.1724553567260756,,,DE
DE40,2020,37291000000.0,24.342017847618553,-0.10218312588192546,,,DE
DE40,2021,38408000000.0,24.37153160817505,0.02951376055649746,,,DE
DE40,2022,37520000000.0,24.348139961084435,-0.02339164709061592,,,DE
DE40,2023,35423000000.0,24.290627163625217,-0.05751279745921778,,,DE
DE40,2024,22819000000.0,23.8508593592107,-0.4397678044145188,,,DE
DE50,2007,10793000000.0,23.10216361278962,,,,DE
DE50,2008,9422000000.0,22.96631321722426,-0.1358503955653596,,,DE
DE50,2009,7584000000.0,22.749306601899132,-0.2170066153251291,,,DE
DE50,2010,7597000000.0,22.751019269467495,0.0017126675683627468,,,DE
DE50,2011,7144000000.0,22.68953868052061,-0.06148058894688546,,,DE
DE50,2012,8143000000.0,22.820424499431404,0.13088581891079443,,,DE
DE50,2013,8223000000.0,22.83020094293517,0.009776443503767496,,,DE
DE50,2014,7970000000.0,22.798950329748536,-0.03125061318663569,,,DE
DE50,2015,8230000000.0,22.83105185163539,0.032101521886854556,,,DE
DE50,2016,7480000000.0,22.735498628932795,-0.09555322270259481,,,DE
DE50,2017,10013000000.0,23.027150085672076,0.29165145673928095,,,DE
DE50,2018,10466000000.0,23.071397744896426,0.044247659224350144,,,DE
DE50,2019,9425000000.0,22.966631570280487,-0.10476617461593918,,,DE
DE50,2020,7252000000.0,22.704543129839017,-0.2620884404414703,,,DE
DE50,2021,8283000000.0,22.83747105856254,0.13292792872352166,,,DE
DE50,2022,8278000000.0,22.83686723027295,-0.0006038282895879377,,,DE
DE50,2023,7100000000.0,22.683360620993682,-0.15350660927926896,,,DE
DE50,2024,4287000000.0,22.17885302456225,-0.5045075964314307,,,DE
DE60,2007,3818000000.0,22.062992562249967,,,,DE
DE60,2008,3732000000.0,22.04021011993151,-0.022782442318458607,,,DE
DE60,2009,4957000000.0,22.32406655598485,0.2838564360533411,,,DE
DE60,2010,5140000000.0,22.360318916413483,0.03625236042863378,,,DE
DE60,2011,4918000000.0,22.31616778074041,-0.04415113567307216,,,DE
DE60,2012,4697000000.0,22.270189843991268,-0.045977936749142856,,,DE
DE60,2013,4182000000.0,22.154055437952852,-0.11613440603841596,,,DE
DE60,2014,4078000000.0,22.128872509098674,-0.0251829288541785,,,DE
DE60,2015,8376000000.0,22.848636310514646,0.7197638014159722,,,DE
DE60,2016,9257000000.0,22.948645859031487,0.10000954851684085,,,DE
DE60,2017,9994000000.0,23.025250749868423,0.07660489083693633,,,DE
DE60,2018,9725000000.0,22.99796572645092,-0.02728502341750172,,,DE
DE60,2019,8266000000.0,22.83541655303595,-0.16254917341496977,,,DE
DE60,2020,5197000000.0,22.371347372972718,-0.46406918006323394,,,DE
DE60,2021,3731000000.0,22.03994213118543,-0.33140524178728725,,,DE
DE60,2022,3496000000.0,21.9748852947397,-0.06505683644573068,,,DE
DE60,2023,2879000000.0,21.78070884857645,-0.19417644616325092,,,DE
DE60,2024,3163000000.0,21.874786781269922,0.09407793269347309,,,DE
DE71,2007,8558000000.0,22.870132354941035,,,,DE
DE71,2008,8163000000.0,22.82287758541563,-0.04725476952540575,,,DE
DE71,2009,8273000000.0,22.836263037154456,0.013385451738827214,,,DE
DE71,2010,8177000000.0,22.82459117212625,-0.011671865028205275,,,DE
DE71,2011,7537000000.0,22.743090061807745,-0.08150111031850571,,,DE
DE71,2012,7290000000.0,22.70976938296698,-0.033320678840766504,,,DE
DE71,2013,6085000000.0,22.529092563385902,-0.18067681958107684,,,DE
DE71,2014,4185000000.0,22.15477254088785,-0.3743200224980505,,,DE
DE71,2015,5845000000.0,22.48885243187044,0.33407989098258994,,,DE
DE71,2016,7137000000.0,22.688558356935342,0.19970592506490092,,,DE
DE71,2017,6367000000.0,22.5743942379813,-0.11416411895404366,,,DE
DE71,2018,5785000000.0,22.47853419759205,-0.09586004038924756,,,DE
DE71,2019,5154000000.0,22.363038949176584,-0.11549524841546699,,,DE
DE71,2020,5294000000.0,22.389839940751322,0.026800991574738475,,,DE
DE71,2021,5824000000.0,22.485253147840798,0.0954132070894751,,,DE
DE71,2022,6657000000.0,22.618934769564977,0.13368162172417897,,,DE
DE71,2023,5090000000.0,22.35054366750884,-0.26839110205613537,,,DE
DE71,2024,4660000000.0,22.262281285083965,-0.08826238242487605,,,DE
DE72,2007,673000000.0,20.327255887609002,,,,DE
DE72,2008,694000000.0,20.35798251847108,0.03072663086207683,,,DE
DE72,2009,507000000.0,20.044021561555457,-0.3139609569156221,,,DE
DE72,2010,499000000.0,20.02811665371579,-0.015904907839665583,,,DE
DE72,2011,659000000.0,20.30623409246678,0.27811743875098927,,,DE
DE72,2012,475000000.0,19.978825361998915,-0.3274087304678659,,,DE
DE72,2013,603000000.0,20.21742775469146,0.23860239269254535,,,DE
DE72,2014,542000000.0,20.11077655940392,-0.10665119528754019,,,DE
DE72,2015,584000000.0,20.1854115407925,0.07463498138858071,,,DE
DE72,2016,493000000.0,20.016019732006963,-0.16939180878553728,,,DE
DE72,2017,535000000.0,20.09777730486028,0.08175757285331642,,,DE
DE72,2018,510000000.0,20.049921283682647,-0.04785602117763332,,,DE
DE72,2019,485000000.0,19.999659448901756,-0.050261834780890524,,,DE
DE72,2020,415000000.0,19.843789078194973,-0.15587037070678278,,,DE
DE72,2021,483000000.0,19.995527211616846,0.1517381334218726,,,DE
DE72,2022,463000000.0,19.953237612050508,-0.042289599566338154,,,DE
DE72,2023,449000000.0,19.922533445706527,-0.030704166343980432,,,DE
DE72,2024,399000000.0,19.80447197485414,-0.11806147085238905,,,DE
DE73,2007,1299000000.0,20.984860574634872,,,,DE
DE73,2008,1331000000.0,21.009196376359387,0.024335801724514994,,,DE
DE73,2009,926000000.0,20.646384792610455,-0.3628115837489325,,,DE
DE73,2010,1791000000.0,21.306039960024986,0.659655167414531,,,DE
DE73,2011,1773000000.0,21.295938864038483,-0.010101095986502884,,,DE
DE73,2012,1868000000.0,21.348134176753064,0.052195312714580666,,,DE
DE73,2013,1975000000.0,21.403834235299495,0.05570005854643156,,,DE
DE73,2014,1873000000.0,21.350807260408363,-0.053026974891132284,,,DE
DE73,2015,1930000000.0,21.380785839863204,0.02997857945484128,,,DE
DE73,2016,1862000000.0,21.344917015801286,-0.03586882406191805,,,DE
DE73,2017,1906000000.0,21.36827264217842,0.023355626377135508,,,DE
DE73,2018,1968000000.0,21.40028363557647,0.03201099339804969,,,DE
DE73,2019,2077000000.0,21.454190381840387,0.053906746263916006,,,DE
DE73,2020,2014000000.0,21.423388631242783,-0.030801750597603927,,,DE
DE73,2021,2081000000.0,21.45611438435791,0.03272575311512682,,,DE
DE73,2022,2049000000.0,21.440617706203174,-0.015496678154736543,,,DE
DE73,2023,1523000000.0,21.143947910859435,-0.29666979534373894,,,DE
DE73,2024,1942000000.0,21.386984206815544,0.24303629595610943,,,DE
DE80,2007,2968000000.0,21.811154162251544,,,,DE
DE80,2008,3194000000.0,21.884539886739233,0.07338572448768943,,,DE
DE80,2009,2205000000.0,21.513993345845222,-0.3705465408940114,,,DE
DE80,2010,2937000000.0,21.800654489162895,0.2866611433176729,,,DE
DE80,2011,3132000000.0,21.864937615074968,0.0642831259120733,,,DE
DE80,2012,3370000000.0,21.93817858131068,0.07324096623571208,,,DE
DE80,2013,2768000000.0,21.741390874701835,-0.19678770660884481,,,DE
DE80,2014,2901000000.0,21.788321342085677,0.046930467383841545,,,DE
DE80,2015,2663000000.0,21.702719143778207,-0.08560219830746973,,,DE
DE80,2016,3110000000.0,21.857888563137553,0.15516941935934625,,,DE
DE80,2017,2777000000.0,21.744637045271073,-0.11325151786648036,,,DE
DE80,2018,2406000000.0,21.601231454498897,-0.14340559077217563,,,DE
DE80,2019,2309000000.0,21.56008036731877,-0.04115108718012905,,,DE
DE80,2020,1771000000.0,21.294810195747107,-0.265270171571661,,,DE
DE80,2021,2605000000.0,21.680698512151743,0.3858883164046354,,,DE
DE80,2022,2233000000.0,21.526611809804432,-0.15408670234731048,,,DE
DE80,2023,2263000000.0,21.53995720359781,0.013345393793379401,,,DE
DE80,2024,995000000.0,20.718253295122867,-0.8217039084749445,,,DE
DE91,2007,17298000000.0,23.57385672483073,,,,DE
DE91,2008,15658000000.0,23.474247805432135,-0.09960891939859451,,,DE
DE91,2009,14488000000.0,23.396586557527524,-0.07766124790461149,,,DE
DE91,2010,16666000000.0,23.536636552906426,0.14004999537890228,,,DE
DE91,2011,16852000000.0,23.54773518106318,0.011098628156755552,,,DE
DE91,2012,16916000000.0,23.551525756556654,0.0037905754934719482,,,DE
DE91,2013,16404000000.0,23.520791044476223,-0.03073471208043088,,,DE
DE91,2014,17627000000.0,23.592697654384228,0.07190660990800524,,,DE
DE91,2015,16289000000.0,23.51375587032188,-0.07894178406234786,,,DE
DE91,2016,17080000000.0,23.561174025306833,0.047418154984953276,,,DE
DE91,2017,13870000000.0,23.35299407127315,-0.20817995403368172,,,DE
DE91,2018,14140000000.0,23.372273497414838,0.01927942614168643,,,DE
DE91,2019,12418000000.0,23.24241286988911,-0.12986062752572636,,,DE
DE91,2020,11475000000.0,23.16343659289302,-0.07897627699609089,,,DE
DE91,2021,12299000000.0,23.232783795206686,0.06934720231366498,,,DE
DE91,2022,11830000000.0,23.19390451493671,-0.038879280269977556,,,DE
DE91,2023,10108000000.0,23.03659302647236,-0.15731148846434806,,,DE
DE91,2024,10165000000.0,23.042216284026722,0.005623257554361771,,,DE
DE92,2007,4805000000.0,22.292922879368668,,,,DE
DE92,2008,4892000000.0,22.310867054771336,0.01794417540266835,,,DE
DE92,2009,4997000000.0,22.33210356930848,0.02123651453714359,,,DE
DE92,2010,5186000000.0,22.369228524062883,0.037124954754403916,,,DE
DE92,2011,4876000000.0,22.307591048565435,-0.06163747549744869,,,DE
DE92,2012,4256000000.0,22.171595588985756,-0.13599545957967862,,,DE
DE92,2013,4050000000.0,22.12198271806486,-0.04961287092089606,,,DE
DE92,2014,3953000000.0,22.09774062126096,-0.024242096803899216,,,DE
DE92,2015,3635000000.0,22.013874947931892,-0.08386567332906836,,,DE
DE92,2016,4003000000.0,22.110309916956847,0.09643496902495485,,,DE
DE92,2017,3858000000.0,22.073414751429947,-0.03689516552690009,,,DE
DE92,2018,4659000000.0,22.26206666978107,0.18865191835112327,,,DE
DE92,2019,4325000000.0,22.187677977330253,-0.07438869245081747,,,DE
DE92,2020,4214000000.0,22.16167815232841,-0.02599982500184339,,,DE
DE92,2021,3938000000.0,22.093938817163345,-0.06773933516506503,,,DE
DE92,2022,3851000000.0,22.071598691779183,-0.022340125384161524,,,DE
DE92,2023,3898000000.0,22.08372943803178,0.012130746252598357,,,DE
DE92,2024,2367000000.0,21.58488916747826,-0.4988402705535222,,,DE
DE93,2007,1282000000.0,20.97168719544489,,,,DE
DE93,2008,1286000000.0,20.97480246276184,0.00311526731695011,,,DE
DE93,2009,538000000.0,20.103369118126057,-0.8714333446357827,,,DE
DE93,2010,616000000.0,20.238757521497792,0.13538840337173497,,,DE
DE93,2011,636000000.0,20.270709121304396,0.03195159980660378,,,DE
DE93,2012,663000000.0,20.312285548150136,0.041576426845740144,,,DE
DE93,2013,1304000000.0,20.98870230045087,0.6764167523007352,,,DE
DE93,2014,1279000000.0,20.96934435954312,-0.01935794090775289,,,DE
DE93,2015,1175000000.0,20.884533984542532,-0.08481037500058619,,,DE
DE93,2016,1132000000.0,20.847251816727404,-0.037282167815128275,,,DE
DE93,2017,1175000000.0,20.884533984542532,0.037282167815128275,,,DE
DE93,2018,1162000000.0,20.87340849537613,-0.011125489166403213,,,DE
DE93,2019,1105000000.0,20.82311117191613,-0.0502973234600006,,,DE
DE93,2020,1088000000.0,20.80760698538016,-0.01550418653596708,,,DE
DE93,2021,1192000000.0,20.89889840558957,0.09129142020940861,,,DE
DE93,2022,1072000000.0,20.79279189959502,-0.10610650599454985,,,DE
DE93,2023,654000000.0,20.298617909421473,-0.4941739901735467,,,DE
DE93,2024,1021000000.0,20.74404837612894,0.44543046670746733,,,DE
DE94,2007,8719000000.0,22.88877038939209,,,,DE
DE94,2008,9353000000.0,22.958962984398823,0.07019259500673414,,,DE
DE94,2009,9307000000.0,22.954032642149986,-0.0049303422488371496,,,DE
DE94,2010,8976000000.0,22.91782018572675,-0.036212456423236006,,,DE
DE94,2011,10331000000.0,23.05841492081372,0.14059473508697096,,,DE
DE94,2012,9042000000.0,22.925146225818825,-0.13326869499489646,,,DE
DE94,2013,9504000000.0,22.9749785995667,0.049832373747875636,,,DE
DE94,2014,10598000000.0,23.083931141016983,0.10895254145028233,,,DE
DE94,2015,10905000000.0,23.112487236600003,0.028556095583020635,,,DE
DE94,2016,10322000000.0,23.057543376672946,-0.054943859927057304,,,DE
DE94,2017,9629000000.0,22.988045215204558,-0.06949816146838828,,,DE
DE94,2018,9357000000.0,22.959390563240188,-0.028654651964370004,,,DE
DE94,2019,8308000000.0,22.840484742960278,-0.11890582027990959,,,DE
DE94,2020,7220000000.0,22.700120789851145,-0.14036395310913363,,,DE
DE94,2021,7945000000.0,22.79580863693509,0.09568784708394418,,,DE
DE94,2022,7121000000.0,22.6863140019464,-0.10949463498868894,,,DE
DE94,2023,6110000000.0,22.533192610129916,-0.15312139181648377,,,DE
DE94,2024,4989000000.0,22.33050132582531,-0.20269128430460626,,,DE
DEA1,2007,92601000000.0,25.251565777676305,,,,DE
DEA1,2008,90260000000.0,25.225960231345265,-0.02560554633103962,,,DE
DEA1,2009,74314000000.0,25.031565196223134,-0.19439503512213108,,,DE
DEA1,2010,84196000000.0,25.156413251128008,0.1248480549048736,,,DE
DEA1,2011,83851000000.0,25.152307251202952,-0.00410599992505567,,,DE
DEA1,2012,88894000000.0,25.210710485625057,0.058403234422105044,,,DE
DEA1,2013,86944000000.0,25.18853007019035,-0.022180415434707612,,,DE
DEA1,2014,85830000000.0,25.17563443267654,-0.012895637513810954,,,DE
DEA1,2015,86162000000.0,25.179495082152805,0.003860649476266076,,,DE
DEA1,2016,85829000000.0,25.175622781670768,-0.0038723004820369056,,,DE
DEA1,2017,76984000000.0,25.06686344500051,-0.10875933667025706,,,DE
DEA1,2018,74091000000.0,25.028559904382014,-0.03830354061849661,,,DE
DEA1,2019,62430000000.0,24.857311766020064,-0.17124813836194974,,,DE
DEA1,2020,53906000000.0,24.710507625920233,-0.14680414009983167,,,DE
DEA1,2021,60133000000.0,24.81982461265421,0.10931698673397605,,,DE
DEA1,2022,59985000000.0,24.817360367913302,-0.0024642447409064516,,,DE
DEA1,2023,50225000000.0,24.63977874764741,-0.17758162026589375,,,DE
DEA1,2024,42623000000.0,24.475659850628162,-0.16411889701924665,,,DE
DEA2,2007,72704000000.0,25.009662240605042,,,,DE
DEA2,2008,69002000000.0,24.957401326630844,-0.052260913974198075,,,DE
DEA2,2009,65893000000.0,24.911298051265163,-0.04610327536568093,,,DE
DEA2,2010,68988000000.0,24.957198413375565,0.045900362110401716,,,DE
DEA2,2011,68957000000.0,24.956748958875266,-0.0004494545002984296,,,DE
DEA2,2012,67727000000.0,24.938750755673855,-0.017998203201411656,,,DE
DEA2,2013,67100000000.0,24.929449880924047,-0.00930087474980823,,,DE
DEA2,2014,64678000000.0,24.892686949717746,-0.03676293120630092,,,DE
DEA2,2015,63747000000.0,24.878187961054117,-0.014498988663628865,,,DE
DEA2,2016,62672000000.0,24.861180613869887,-0.01700734718422936,,,DE
DEA2,2017,65694000000.0,24.908273434065755,0.0470928201958678,,,DE
DEA2,2018,61457000000.0,24.841603580221793,-0.06666985384396185,,,DE
DEA2,2019,51003000000.0,24.65515029147011,-0.18645328875168232,,,DE
DEA2,2020,41698000000.0,24.453719002970274,-0.20143128849983682,,,DE
DEA2,2021,48021000000.0,24.59490425217908,0.1411852492088066,,,DE
DEA2,2022,46693000000.0,24.566860097452576,-0.0280441547265049,,,DE
DEA2,2023,37484000000.0,24.34718001220799,-0.21968008524458682,,,DE
DEA2,2024,38619000000.0,24.377010220292018,0.029830208084028698,,,DE
DEA3,2007,30187000000.0,24.130677205075035,,,,DE
DEA3,2008,28010000000.0,24.05582742621843,-0.07484977885660626,,,DE
DEA3,2009,24787000000.0,23.933585159131493,-0.12224226708693564,,,DE
DEA3,2010,27098000000.0,24.02272576137065,0.08914060223915854,,,DE
DEA3,2011,27278000000.0,24.029346353451096,0.006620592080444965,,,DE
DEA3,2012,27791000000.0,24.047978064220377,0.01863171076928083,,,DE
DEA3,2013,26413000000.0,23.997122150140076,-0.050855914080301545,,,DE
DEA3,2014,25028000000.0,23.94326103508253,-0.05386111505754698,,,DE
DEA3,2015,19203000000.0,23.678332353774387,-0.26492868130814173,,,DE
DEA3,2016,18926000000.0,23.66380247503245,-0.014529878741935676,,,DE
DEA3,2017,18166000000.0,23.622817552026433,-0.04098492300601819,,,DE
DEA3,2018,17965000000.0,23.611691257511893,-0.011126294514539836,,,DE
DEA3,2019,15431000000.0,23.45964431003548,-0.15204694747641412,,,DE
DEA3,2020,16532000000.0,23.5285637335959,0.0689194235604198,,,DE
DEA3,2021,17383000000.0,23.578758554085816,0.05019482048991719,,,DE
DEA3,2022,15530000000.0,23.466039474107006,-0.11271907997880959,,,DE
DEA3,2023,14052000000.0,23.36603057134999,-0.1000089027570148,,,DE
DEA3,2024,11223000000.0,23.14123108098053,-0.22479949036946323,,,DE
DEA4,2007,5809000000.0,22.482674275956807,,,,DE
DEA4,2008,5903000000.0,22.498726533204962,0.0160522572481554,,,DE
DEA4,2009,6437000000.0,22.58532843001689,0.08660189681192776,,,DE
DEA4,2010,6560000000.0,22.604256439902407,0.018928009885517127,,,DE
DEA4,2011,6778000000.0,22.63694791013127,0.032691470228861874,,,DE
DEA4,2012,5058000000.0,22.344236985194186,-0.29271092493708295,,,DE
DEA4,2013,6444000000.0,22.586415302261138,0.24217831706695137,,,DE
DEA4,2014,4316000000.0,22.1855948843423,-0.4008204179188368,,,DE
DEA4,2015,3771000000.0,22.05060605522263,-0.13498882911967058,,,DE
DEA4,2016,3949000000.0,22.096728219250924,0.04612216402829361,,,DE
DEA4,2017,2937000000.0,21.800654489162895,-0.29607373008802895,,,DE
DEA4,2018,2739000000.0,21.730858727227353,-0.06979576193554138,,,DE
DEA4,2019,1007000000.0,20.730241450682836,-1.0006172765445172,,,DE
DEA4,2020,1934000000.0,21.382856233977513,0.6526147832946769,,,DE
DEA4,2021,1188000000.0,20.895537057886866,-0.48731917609064723,,,DE
DEA4,2022,2151000000.0,21.489198687232005,0.5936616293451387,,,DE
DEA4,2023,1552000000.0,21.162810258707438,-0.3263884285245666,,,DE
DEA4,2024,1313000000.0,20.99558043226707,-0.16722982644036932,,,DE
DEA5,2007,27422000000.0,24.034611447880874,,,,DE
DEA5,2008,26176000000.0,23.98810879736675,-0.04650265051412461,,,DE
DEA5,2009,24669000000.0,23.92881323160328,-0.05929556576347039,,,DE
DEA5,2010,24276000000.0,23.91275404492002,-0.016059186683257565,,,DE
DEA5,2011,22408000000.0,23.83268387490422,-0.08007017001580152,,,DE
DEA5,2012,22909000000.0,23.854795683397622,0.022111808493402663,,,DE
DEA5,2013,25310000000.0,23.954465411503445,0.0996697281058232,,,DE
DEA5,2014,26166000000.0,23.987726695035096,0.03326128353165103,,,DE
DEA5,2015,21577000000.0,23.79489376950366,-0.19283292553143738,,,DE
DEA5,2016,23415000000.0,23.876642679581916,0.08174891007825735,,,DE
DEA5,2017,18422000000.0,23.636811439512456,-0.23983124006946,,,DE
DEA5,2018,18589000000.0,23.645835844871417,0.009024405358960763,,,DE
DEA5,2019,13257000000.0,23.307791551763124,-0.3380442931082932,,,DE
DEA5,2020,11073000000.0,23.12777554966238,-0.18001600210074287,,,DE
DEA5,2021,12261000000.0,23.22968933019666,0.10191378053427869,,,DE
DEA5,2022,13919000000.0,23.356520650191676,0.1268313199950164,,,DE
DEA5,2023,10386000000.0,23.06372458236854,-0.2927960678231365,,,DE
DEA5,2024,9541000000.0,22.97886413871612,-0.08486044365242051,,,DE
DEB1,2007,935000000.0,20.65605708725296,,,,DE
DEB1,2008,914000000.0,20.633341129418422,-0.022715957834538614,,,DE
DEB1,2009,995000000.0,20.718253295122867,0.08491216570444493,,,DE
DEB1,2010,1008000000.0,20.73123400659559,0.012980711472721396,,,DE
DEB1,2011,1057000000.0,20.77870054383451,0.0474665372389218,,,DE
DEB1,2012,1042000000.0,20.764407780277587,-0.01429276355692366,,,DE
DEB1,2013,1137000000.0,20.85165905171481,0.08725127143722489,,,DE
DEB1,2014,1127000000.0,20.84282507200405,-0.008833979710761497,,,DE
DEB1,2015,1132000000.0,20.847251816727404,0.004426744723353693,,,DE
DEB1,2016,1068000000.0,20.789053577484413,-0.058198239242990724,,,DE
DEB1,2017,1017000000.0,20.740122954012833,-0.0489306234715805,,,DE
DEB1,2018,995000000.0,20.718253295122867,-0.021869658889965393,,,DE
DEB1,2019,832000000.0,20.539342998785482,-0.17891029633738498,,,DE
DEB1,2020,1125000000.0,20.841048872602794,0.30170587381731195,,,DE
DEB1,2021,1192000000.0,20.89889840558957,0.05784953298677564,,,DE
DEB1,2022,1185000000.0,20.893008611533507,-0.00588979405606338,,,DE
DEB1,2023,909000000.0,20.627855652141754,-0.2651529593917523,,,DE
DEB1,2024,860000000.0,20.572442947211826,-0.055412704929928225,,,DE
DEB2,2007,179000000.0,19.00289636380503,,,,DE
DEB2,2008,175000000.0,18.980296531887788,-0.022599831917240465,,,DE
DEB2,2009,164000000.0,18.915376985788473,-0.06491954609931483,,,DE
DEB2,2010,174000000.0,18.974565857178803,0.05918887139032947,,,DE
DEB2,2011,184000000.0,19.03044631557326,0.05588045839445854,,,DE
DEB2,2012,179000000.0,19.00289636380503,-0.027549951768232717,,,DE
DEB2,2013,166000000.0,18.927498346320817,-0.07539801748421127,,,DE
DEB2,2014,165000000.0,18.921456031864853,-0.006042314455964259,,,DE
DEB2,2015,175000000.0,18.980296531887788,0.05884050002293506,,,DE
DEB2,2016,184000000.0,19.03044631557326,0.05014978368547318,,,DE
DEB2,2017,178000000.0,18.99729410825636,-0.033152207316902604,,,DE
DEB2,2018,153000000.0,18.84594847935671,-0.15134562889964798,,,DE
DEB2,2019,167000000.0,18.93350437038103,0.08755589102431927,,,DE
DEB2,2020,160000000.0,18.890684373198102,-0.04281999718292795,,,DE
DEB2,2021,157000000.0,18.87175636331258,-0.01892800988552068,,,DE
DEB2,2022,170000000.0,18.951308995014536,0.07955263170195437,,,DE
DEB2,2023,147000000.0,18.80594314474301,-0.14536585027152427,,,DE
DEB2,2024,147000000.0,18.80594314474301,0.0,,,DE
DEB3,2007,10345000000.0,23.059769148143918,,,,DE
DEB3,2008,10296000000.0,23.055021307240235,-0.004747840903682743,,,DE
DEB3,2009,9892000000.0,23.014992186605582,-0.040029120634653026,,,DE
DEB3,2010,11072000000.0,23.127685235821726,0.1126930492161442,,,DE
DEB3,2011,10587000000.0,23.082892670307654,-0.04479256551407218,,,DE
DEB3,2012,10544000000.0,23.078822814706562,-0.004069855601091632,,,DE
DEB3,2013,10570000000.0,23.081285636828557,0.00246282212199489,,,DE
DEB3,2014,9971000000.0,23.02294671679307,-0.058338920035488684,,,DE
DEB3,2015,9912000000.0,23.017011981273253,-0.005934735519815604,,,DE
DEB3,2016,10349000000.0,23.060155733632445,0.04314375235919243,,,DE
DEB3,2017,10339000000.0,23.059188989550968,-0.0009667440814773443,,,DE
DEB3,2018,9789000000.0,23.004525143225706,-0.054663846325262,,,DE
DEB3,2019,9989000000.0,23.024750324496424,0.020225181270717485,,,DE
DEB3,2020,10234000000.0,23.04898134732931,0.02423102283288614,,,DE
DEB3,2021,10342000000.0,23.059479110920442,0.010497763591132525,,,DE
DEB3,2022,8950000000.0,22.914919369233175,-0.14455974168726726,,,DE
DEB3,2023,7197000000.0,22.696930109472078,-0.2179892597610973,,,DE
DEB3,2024,7260000000.0,22.705645665783116,0.008715556311038597,,,DE
DEC0,2007,18330000000.0,23.631804898798023,,,,DE
DEC0,2008,15875000000.0,23.488011381725165,-0.14379351707285792,,,DE
DEC0,2009,12506000000.0,23.24947436609152,-0.23853701563364638,,,DE
DEC0,2010,12224000000.0,23.226667069370574,-0.022807296720944947,,,DE
DEC0,2011,14246000000.0,23.379742002502574,0.15307493313200027,,,DE
DEC0,2012,15078000000.0,23.43650256473592,0.05676056223334669,,,DE
DEC0,2013,15782000000.0,23.482135887045253,0.0456333223093317,,,DE
DEC0,2014,14595000000.0,23.40394484125249,-0.0781910457927637,,,DE
DEC0,2015,14800000000.0,23.41789301771648,0.013948176463991047,,,DE
DEC0,2016,13203000000.0,23.303709913443477,-0.11418310427300327,,,DE
DEC0,2017,11555000000.0,23.170384080672754,-0.13332583277072274,,,DE
DEC0,2018,9008000000.0,22.921378908343744,-0.2490051723290101,,,DE
DEC0,2019,8354000000.0,22.846006303021394,-0.07537260532235024,,,DE
DEC0,2020,7127000000.0,22.687156225466143,-0.15885007755525038,,,DE
DEC0,2021,8877000000.0,22.906729499032593,0.21957327356644996,,,DE
DEC0,2022,9658000000.0,22.99105242439776,0.08432292536516783,,,DE
DEC0,2023,8478000000.0,22.860740409876858,-0.13031201452090357,,,DE
DEC0,2024,8067000000.0,22.81104750290125,-0.0496929069756078,,,DE
DED2,2007,17278000000.0,23.572699852883105,,,,DE
DED2,2008,16230000000.0,23.51012721847291,-0.0625726344101949,,,DE
DED2,2009,16038000000.0,23.498226743331248,-0.011900475141661815,,,DE
DED2,2010,15866000000.0,23.487444291826222,-0.010782451505026103,,,DE
DED2,2011,17140000000.0,23.564680750116043,0.07723645828982129,,,DE
DED2,2012,17102000000.0,23.562461252680176,-0.002219497435866913,,,DE
DED2,2013,20459000000.0,23.7416887204201,0.17922746773992415,,,DE
DED2,2014,19845000000.0,23.71121792318144,-0.030470797238660197,,,DE
DED2,2015,20822000000.0,23.759275956998973,0.04805803381753293,,,DE
DED2,2016,19870000000.0,23.712476893510136,-0.046799063488837334,,,DE
DED2,2017,20389000000.0,23.738261376681248,0.025784483171111816,,,DE
DED2,2018,20370000000.0,23.737329067185126,-0.0009323094961217748,,,DE
DED2,2019,19979000000.0,23.717947558864225,-0.01938150832090102,,,DE
DED2,2020,16643000000.0,23.535255544551,-0.18269201431322557,,,DE
DED2,2021,16942000000.0,23.55306158295577,0.01780603840477113,,,DE
DED2,2022,20395000000.0,23.738555609715934,0.18549402676016413,,,DE
DED2,2023,14604000000.0,23.4045613007398,-0.33399430897613414,,,DE
DED2,2024,15310000000.0,23.451772046616004,0.04721074587620322,,,DE
DED4,2007,1258000000.0,20.952788995224658,,,,DE
DED4,2008,1030000000.0,20.752824639187956,-0.19996435603670193,,,DE
DED4,2009,958000000.0,20.680358335935136,-0.07246630325282055,,,DE
DED4,2010,1070000000.0,20.790924485420227,0.11056614948509136,,,DE
DED4,2011,1350000000.0,21.02337042939675,0.23244594397652207,,,DE
DED4,2012,1285000000.0,20.974024555293596,-0.049345874103153164,,,DE
DED4,2013,1140000000.0,20.854294099352817,-0.11973045594077902,,,DE
DED4,2014,979000000.0,20.702042200494784,-0.15225189885803303,,,DE
DED4,2015,942000000.0,20.663515832540636,-0.0385263679541481,,,DE
DED4,2016,897000000.0,20.61456642002307,-0.04894941251756535,,,DE
DED4,2017,1080000000.0,20.80022687808254,0.18566045805946985,,,DE
DED4,2018,1020000000.0,20.74306846424259,-0.05715841383995013,,,DE
DED4,2019,1087000000.0,20.806687445085483,0.06361898084289308,,,DE
DED4,2020,878000000.0,20.593157151599392,-0.21353029348609098,,,DE
DED4,2021,1161000000.0,20.872547539662165,0.2793903880627724,,,DE
DED4,2022,1150000000.0,20.86302777932157,-0.009519760340594985,,,DE
DED4,2023,815000000.0,20.518698671205136,-0.34432910811643325,,,DE
DED4,2024,366000000.0,19.71814389136564,-0.8005547798394979,,,DE
DED5,2007,13528000000.0,23.32802744854269,,,,DE
DED5,2008,13405000000.0,23.318893608634333,-0.009133839908358254,,,DE
DED5,2009,14712000000.0,23.41192932424843,0.0930357156140964,,,DE
DED5,2010,14440000000.0,23.39326797041109,-0.018661353837337913,,,DE
DED5,2011,12880000000.0,23.27894155762262,-0.114326412788472,,,DE
DED5,2012,12877000000.0,23.27870861123806,-0.0002329463845605062,,,DE
DED5,2013,13551000000.0,23.329726182286986,0.051017571048927124,,,DE
DED5,2014,12539000000.0,23.252109624154812,-0.07761655813217416,,,DE
DED5,2015,11796000000.0,23.19102632789944,-0.06108329625537223,,,DE
DED5,2016,12660000000.0,23.261713253662442,0.0706869257630025,,,DE
DED5,2017,13161000000.0,23.300523747798596,0.038810494136154006,,,DE
DED5,2018,13470000000.0,23.323730827368685,0.023207079570088496,,,DE
DED5,2019,10410000000.0,23.06603271957329,-0.25769810779539526,,,DE
DED5,2020,10100000000.0,23.035801260793626,-0.03023145877966371,,,DE
DED5,2021,12729000000.0,23.26714869183471,0.23134743104108324,,,DE
DED5,2022,13340000000.0,23.31403287743389,0.04688418559917906,,,DE
DED5,2023,8880000000.0,22.90706739395049,-0.4069654834833969,,,DE
DED5,2024,7022000000.0,22.67231391469265,-0.23475347925784007,,,DE
DEE0,2007,18645000000.0,23.648843850577194,,,,DE
DEE0,2008,21086000000.0,23.77187515010117,0.1230312995239764,,,DE
DEE0,2009,20587000000.0,23.74792564557358,-0.023949504527589482,,,DE
DEE0,2010,20349000000.0,23.736297607578464,-0.011628037995116358,,,DE
DEE0,2011,21489000000.0,23.790807013246834,0.05450940566836948,,,DE
DEE0,2012,22112000000.0,23.81938628453167,0.02857927128483695,,,DE
DEE0,2013,22535000000.0,23.838335493089023,0.018949208557351938,,,DE
DEE0,2014,20237000000.0,23.730778449035935,-0.10755704405308819,,,DE
DEE0,2015,21204000000.0,23.77745568007197,0.046677231036035494,,,DE
DEE0,2016,21909000000.0,23.810163348252495,0.03270766818052451,,,DE
DEE0,2017,21956000000.0,23.812306287634055,0.0021429393815601827,,,DE
DEE0,2018,13423000000.0,23.32023549045191,-0.4920707971821443,,,DE
DEE0,2019,11841000000.0,23.19483392229523,-0.12540156815667913,,,DE
DEE0,2020,19203000000.0,23.678332353774387,0.4834984314791555,,,DE
DEE0,2021,15349000000.0,23.45431616227768,-0.22401619149670537,,,DE
DEE0,2022,16543000000.0,23.52922888857129,0.07491272629360779,,,DE
DEE0,2023,15614000000.0,23.47143378464451,-0.05779510392677878,,,DE
DEE0,2024,15809000000.0,23.48384523506046,0.012411450415950043,,,DE
DEF0,2007,8448000000.0,22.857195563910317,,,,DE
DEF0,2008,8873000000.0,22.90627879479961,0.04908323088929478,,,DE
DEF0,2009,8991000000.0,22.919489913949047,0.01321111914943529,,,DE
DEF0,2010,9075000000.0,22.928789217097325,0.009299303148278426,,,DE
DEF0,2011,8056000000.0,22.80968299236267,-0.11910622473465438,,,DE
DEF0,2012,9344000000.0,22.958000263032282,0.14831727066961164,,,DE
DEF0,2013,8345000000.0,22.844928394060208,-0.11307186897207444,,,DE
DEF0,2014,8086000000.0,22.81340000816499,-0.03152838589521778,,,DE
DEF0,2015,7990000000.0,22.801456596724595,-0.011943411440395124,,,DE
DEF0,2016,7361000000.0,22.71946163002298,-0.08199496670161466,,,DE
DEF0,2017,7347000000.0,22.717557903584552,-0.001903726438428066,,,DE
DEF0,2018,7112000000.0,22.685049335158016,-0.032508568426536044,,,DE
DEF0,2019,6478000000.0,22.59167765769555,-0.09337167746246777,,,DE
DEF0,2020,5931000000.0,22.503458669803,-0.08821898789254945,,,DE
DEF0,2021,5917000000.0,22.501095400640967,-0.002363269162032111,,,DE
DEF0,2022,5988000000.0,22.513023303503793,0.0119279028628263,,,DE
DEF0,2023,5809000000.0,22.482674275956807,-0.030349027546986207,,,DE
DEF0,2024,5445000000.0,22.417963593331336,-0.06471068262547064,,,DE
DEG0,2007,2849000000.0,21.770233892462183,,,,DE
DEG0,2008,2484000000.0,21.633136001017643,-0.1370978914445402,,,DE
DEG0,2009,2467000000.0,21.62626867449363,-0.0068673265240128956,,,DE
DEG0,2010,2770000000.0,21.74211315714566,0.11584448265202951,,,DE
DEG0,2011,2487000000.0,21.63434300176768,-0.10777015537798107,,,DE
DEG0,2012,2267000000.0,21.541723208471804,-0.09261979329587433,,,DE
DEG0,2013,2157000000.0,21.49198420435343,-0.04973900411837562,,,DE
DEG0,2014,1971000000.0,21.401806865116995,-0.09017733923643334,,,DE
DEG0,2015,1880000000.0,21.35453761378827,-0.04726925132872495,,,DE
DEG0,2016,2116000000.0,21.472793350942464,0.11825573715419324,,,DE
DEG0,2017,2144000000.0,21.485939080154967,0.013145729212503454,,,DE
DEG0,2018,2227000000.0,21.523921225221642,0.03798214506667463,,,DE
DEG0,2019,2010000000.0,21.421400559017396,-0.10252066620424571,,,DE
DEG0,2020,2237000000.0,21.528401519454405,0.10700096043700924,,,DE
DEG0,2021,2234000000.0,21.52705953759342,-0.0013419818609854417,,,DE
DEG0,2022,1990000000.0,21.41140047568281,-0.11565906191060904,,,DE
DEG0,2023,1712000000.0,21.260928114665962,-0.15047236101684902,,,DE
DEG0,2024,1515000000.0,21.138681275907743,-0.12224683875821896,,,DE
DK01,2007,4262000000.0,22.173004370622838,,,,DK
DK01,2008,3663000000.0,22.02154832074309,-0.15145604987974792,,,DK
DK01,2009,4355000000.0,22.194590447250878,0.17304212650778794,,,DK
DK01,2010,4084000000.0,22.13034273724883,-0.06424771000204643,,,DK
DK01,2011,3436000000.0,21.95757384106842,-0.17276889618041125,,,DK
DK01,2012,2533000000.0,21.65267020796595,-0.3049036331024695,,,DK
DK01,2013,3113000000.0,21.858852728405882,0.20618252043993124,,,DK
DK01,2014,2571000000.0,21.667560765230164,-0.1912919631757184,,,DK
DK01,2015,2273000000.0,21.54436638181682,-0.12319438341334532,,,DK
DK01,2016,2380000000.0,21.590366324629795,0.04599994281297626,,,DK
DK01,2017,1698000000.0,21.252716924835568,-0.3376493997942269,,,DK
DK01,2018,1839745526.227,21.332893098039257,0.08017617320368942,,,DK
DK01,2019,685760458.88,20.346038939404654,-0.9868541586346034,,,DK
DK01,2020,1358138875.0,21.029381125213625,0.6833421858089714,,,DK
DK01,2021,1305911270.1455631,20.99016692532842,-0.03921419988520469,,,DK
DK01,2022,1362032095.231198,21.032243609176703,0.04207668384828267,,,DK
DK01,2023,4526151228.83,22.23313779695129,1.200894187774587,-0.041878472770481234,2.0,DK
DK01,2024,4475548702.04,22.221894796137633,-0.011243000813657034,0.09603536084295261,2.0,DK
DK01,2025,,,,1.2097115441159292,4.0,DK
DK02,2007,4996000000.0,22.331903429209742,,,,DK
DK02,2008,3804000000.0,22.059318981629556,-0.2725844475801864,,,DK
DK02,2009,2996000000.0,21.820543902601383,-0.23877507902817285,,,DK
DK02,2010,2688000000.0,21.712063259607316,-0.10848064299406701,,,DK
DK02,2011,2324000000.0,21.566555675936076,-0.14550758367123962,,,DK
DK02,2012,1520000000.0,21.141976171804597,-0.42457950413147927,,,DK
DK02,2013,1946000000.0,21.389041820710226,0.24706564890562888,,,DK
DK02,2014,1588000000.0,21.185741199771353,-0.20330062093887236,,,DK
DK02,2015,1250000000.0,20.94640938826062,-0.23933181151073413,,,DK
DK02,2016,1384000000.0,21.04824369414189,0.10183430588126896,,,DK
DK02,2017,1594000000.0,21.189512417314436,0.1412687231725478,,,DK
DK02,2018,1135129898.0,20.850012928908246,-0.33949948840619015,,,DK
DK02,2019,987424101.2,20.7106101922414,-0.13940273666684533,,,DK
DK02,2020,807054589.012,20.50890186832315,-0.20170832391825044,,,DK
DK02,2021,813785789.66,20.51720773166891,0.00830586334576111,,,DK
DK02,2022,791264690.3,20.489143097190283,-0.028064634478628392,,,DK
DK02,2023,892929813.0,20.610018538887378,0.12087544169709474,0.5491701957920407,2.0,DK
DK02,2024,582939486.0,20.183593941328795,-0.426424597558583,1.21881213432443,2.0,DK
DK02,2025,,,,1.7494114697493783,4.0,DK
DK03,2007,4925000000.0,22.317590111570464,,,,DK
DK03,2008,6605000000.0,22.6110927749207,0.29350266335023534,,,DK
DK03,2009,6532000000.0,22.59997901205463,-0.011113762866070687,,,DK
DK03,2010,6337000000.0,22.56967130728779,-0.030307704766837418,,,DK
DK03,2011,5452000000.0,22.4192483507807,-0.15042295650709292,,,DK
DK03,2012,4578000000.0,22.244528058476785,-0.17472029230391328,,,DK
DK03,2013,4835000000.0,22.29914696585167,0.054618907374884174,,,DK
DK03,2014,3779000000.0,22.052725261313764,-0.24642170453790513,,,DK
DK03,2015,2091000000.0,21.46090825739291,-0.5918170039208555,,,DK
DK03,2016,2970000000.0,21.81182778976102,0.3509195323681098,,,DK
DK03,2017,2480000000.0,21.6315243971233,-0.18030339263771822,,,DK
DK03,2018,2771438880.7790003,21.742632473822173,0.11110807669887279,,,DK
DK03,2019,2853041745.3271,21.77165154115173,0.029019067329556947,,,DK
DK03,2020,2690122955.474,21.71285273787021,-0.058798803281518985,,,DK
DK03,2021,3065562244.3945,21.843496829770697,0.13064409190048565,,,DK
DK03,2022,3169801314.590561,21.876934746086018,0.03343791631532156,,,DK
DK03,2023,2203812245.1046,21.513454536361802,-0.3634802097242158,0.4904971031702707,2.0,DK
DK03,2024,2550983936.1219,21.65974497899567,0.14629044263386604,0.35056674772694363,2.0,DK
DK03,2025,,,,1.6599211596722476,4.0,DK
DK04,2007,2923000000.0,21.79587632307552,,,,DK
DK04,2008,3305000000.0,21.91870231025006,0.12282598717454007,,,DK
DK04,2009,3088000000.0,21.850789469108943,-0.06791284114111917,,,DK
DK04,2010,2829000000.0,21.763189129265843,-0.08760033984309956,,,DK
DK04,2011,2356000000.0,21.580231102735752,-0.1829580265300912,,,DK
DK04,2012,2427000000.0,21.609921763690874,0.029690660955122183,,,DK
DK04,2013,2778000000.0,21.744997081278562,0.1350753175876882,,,DK
DK04,2014,1850000000.0,21.338451476036646,-0.4065456052419165,,,DK
DK04,2015,1480000000.0,21.115307924722433,-0.22314355131421237,,,DK
DK04,2016,1488000000.0,21.12069877335731,0.005390848634878154,,,DK
DK04,2017,686000000.0,20.34638818569016,-0.7743105876671521,,,DK
DK04,2018,1186474369.0,20.894252031415444,0.5478638457252849,,,DK
DK04,2019,717996291.0,20.391974961260996,-0.5022770701544488,,,DK
DK04,2020,893125637.0,20.610237819874182,0.21826285861318695,,,DK
DK04,2021,1228839191.9,20.929335814298934,0.3190979944247516,,,DK
DK04,2022,1373974425.399008,21.040973417326622,0.11163760302768821,,,DK
DK04,2023,1697402064.7,21.252364721888885,0.2113913045622624,0.5357350688842368,2.0,DK
DK04,2024,2324767322.0,21.5668857944186,0.31452107252971473,1.750169749556369,2.0,DK
DK04,2025,,,,2.7328095199933005,4.0,DK
DK05,2007,5520000000.0,22.431643697235415,,,,DK
DK05,2008,4250000000.0,22.170184819882735,-0.2614588773526805,,,DK
DK05,2009,3996000000.0,22.10855969773272,-0.0616251221500157,,,DK
DK05,2010,4110000000.0,22.136688865454555,0.028129167721836268,,,DK
DK05,2011,3470000000.0,21.96742043090518,-0.16926843454937668,,,DK
DK05,2012,3060000000.0,21.8416807529107,-0.12573967799447772,,,DK
DK05,2013,3924000000.0,22.090377378649528,0.24869662573882678,,,DK
DK05,2014,3869000000.0,22.076261912664787,-0.014115465984740894,,,DK
DK05,2015,3334000000.0,21.927438621275012,-0.14882329138977468,,,DK
DK05,2016,2234000000.0,21.52705953759342,-0.40037908368159236,,,DK
DK05,2017,2584000000.0,21.672604422866765,0.14554488527334541,,,DK
DK05,2018,3612674000.0,22.007714055314977,0.3351096324482121,,,DK
DK05,2019,3291971000.0,21.914752310487923,-0.0929617448270541,,,DK
DK05,2020,2668709262.0,21.704860770000344,-0.20989154048757896,,,DK
DK05,2021,3923110544.85,22.09015068242836,0.38528991242801425,,,DK
DK05,2022,3331567814.5,21.926708845305246,-0.16344183712311278,,,DK
DK05,2023,2771898467.0,21.742798289536864,-0.18391055576838156,0.44153797004024253,2.0,DK
DK05,2024,2545234313.2,21.657488550765905,-0.0853097387709596,0.38326639165354726,2.0,DK
DK05,2025,,,,1.3862930981790322,4.0,DK
EE00,2007,14400000000.0,23.390494043528367,,,,EE
EE00,2008,12587000000.0,23.25593037225578,-0.13456367127258773,,,EE
EE00,2009,9628000000.0,22.987941356867235,-0.2679890153885438,,,EE
EE00,2010,13965000000.0,23.35982003634355,0.37187867947631403,,,EE
EE00,2011,13713000000.0,23.341610124964127,-0.018209911379422294,,,EE
EE00,2012,12737000000.0,23.267776980554032,-0.07383314441009503,,,EE
EE00,2013,15667000000.0,23.47482242635776,0.20704544580372897,,,EE
EE00,2014,15117000000.0,23.439085775312982,-0.035736651044778966,,,EE
EE00,2015,12186000000.0,23.223553588772713,-0.21553218654026907,,,EE
EE00,2016,13922000000.0,23.356736159692886,0.13318257092017305,,,EE
EE00,2017,24702000000.0,23.930150048962233,0.5734138892693466,,,EE
EE00,2018,14644000000.0,23.407296532204402,-0.5228535167578308,,,EE
EE00,2019,9575000000.0,22.98242137201312,-0.4248751601912808,,,EE
EE00,2020,6872000000.0,22.650721021628364,-0.3317003503847573,,,EE
EE00,2021,8409000000.0,22.85256839779717,0.2018473761688071,,,EE
EE00,2022,9979000000.0,23.023748721848587,0.17118032405141648,,,EE
EE00,2023,6458000000.0,22.588585509282495,-0.43516321256609203,,,EE
EE00,2024,6214000000.0,22.550070647917266,-0.03851486136522908,,,EE
EL30,2007,7896000000.0,22.78962213907759,,,,EL
EL30,2008,7562000000.0,22.746401542415153,-0.043220596662436606,,,EL
EL30,2009,5533000000.0,22.433996000862383,-0.31240554155277067,,,EL
EL30,2010,4074000000.0,22.127891154751026,-0.30610484611135647,,,EL
EL30,2011,3117000000.0,21.860136837731613,-0.26775431701941343,,,EL
EL30,2012,2750000000.0,21.734866748624892,-0.12527008910672066,,,EL
EL30,2013,4141000000.0,22.14420314150984,0.40933639288494916,,,EL
EL30,2014,4557000000.0,22.239930349228157,0.09572720771831555,,,EL
EL30,2015,3918000000.0,22.08884715646876,-0.15108319275939763,,,EL
EL30,2016,4460000000.0,22.218414602978385,0.12956744650962548,,,EL
EL30,2017,4477000000.0,22.22221901620524,0.003804413226855985,,,EL
EL30,2018,4270000000.0,22.174879664186946,-0.047339352018294534,,,EL
EL30,2019,4584000000.0,22.24583781635885,0.07095815217190449,,,EL
EL30,2020,4520000000.0,22.231777830790552,-0.014059985568298572,,,EL
EL30,2021,5238800000.0,22.379358301419522,0.14758047062897006,,,EL
EL30,2022,4571000000.0,22.24299783629602,-0.1363604651235022,,,EL
EL30,2023,4461000000.0,22.218638793092538,-0.024359043203482145,,,EL
EL30,2024,4750600000.0,22.281536762805267,0.06289796971272921,,,EL
EL41,2007,302000000.0,19.525937575339142,,,,EL
EL41,2008,150000000.0,18.82614585206053,-0.6997917232786115,,,EL
EL41,2009,284000000.0,19.46448479612548,0.6383389440649481,,,EL
EL41,2010,308000000.0,19.54561034093785,0.08112554481236955,,,EL
EL41,2011,305000000.0,19.535822334571687,-0.009788006366161284,,,EL
EL41,2012,300000000.0,19.519293032620475,-0.016529301951212716,,,EL
EL41,2013,277000000.0,19.439528064151613,-0.0797649684688615,,,EL
EL41,2014,275000000.0,19.432281655630845,-0.007246408520767744,,,EL
EL41,2015,288000000.0,19.47847103810022,0.04618938246937532,,,EL
EL41,2016,292000000.0,19.492264360232557,0.013793322132336527,,,EL
EL41,2017,294000000.0,19.499090325302955,0.006825965070397899,,,EL
EL41,2019,295000000.0,19.502485914304096,0.0033955890011405643,,,EL
EL41,2020,283000000.0,19.460957455607513,-0.041528458696582504,,,EL
EL41,2021,282000000.0,19.457417628902387,-0.0035398267051256482,,,EL
EL41,2022,258000000.0,19.36847014288589,-0.08894748601649738,,,EL
EL41,2023,261000000.0,19.380030965286966,0.011560822401076365,,,EL
EL41,2024,260000000.0,19.3761921889798,-0.003838776307166114,,,EL
EL42,2007,836000000.0,20.544139171048975,,,,EL
EL42,2008,856000000.0,20.567780934106015,0.023641763057039356,,,EL
EL42,2009,852000000.0,20.56309708479359,-0.004683849312424826,,,EL
EL42,2010,834000000.0,20.54174396032302,-0.021353124470568474,,,EL
EL42,2011,832000000.0,20.539342998785482,-0.0024009615375391036,,,EL
EL42,2012,814000000.0,20.517470923966815,-0.02187207481866693,,,EL
EL42,2013,671000000.0,20.324279694935957,-0.19319122903085884,,,EL
EL42,2014,756000000.0,20.44355193414381,0.11927223920785224,,,EL
EL42,2015,941000000.0,20.662453697549655,0.21890176340584588,,,EL
EL42,2016,950000000.0,20.671972542558862,0.00951884500920741,,,EL
EL42,2017,1104000000.0,20.822205784801316,0.1502332422424537,,,EL
EL42,2018,482000000.0,19.993454672014874,-0.828751112786442,,,EL
EL42,2019,908000000.0,20.62675493656557,0.6333002645506944,,,EL
EL42,2020,648000000.0,20.289401254316548,-0.3373536822490202,,,EL
EL42,2021,775000000.0,20.468373587317622,0.17897233300107374,,,EL
EL42,2022,910000000.0,20.62895515747517,0.1605815701575466,,,EL
EL42,2023,954000000.0,20.67617422941256,0.04721907193739128,,,EL
EL42,2024,1010000000.0,20.73321616779958,0.05704193838701954,,,EL
EL43,2007,2008000000.0,21.420405038775893,,,,EL
EL43,2008,1780000000.0,21.299879201250405,-0.12052583752548784,,,EL
EL43,2009,2013000000.0,21.422891983604064,0.12301278235365842,,,EL
EL43,2010,1995000000.0,21.413909887288238,-0.008982096315826027,,,EL
EL43,2011,1868000000.0,21.348134176753064,-0.06577571053517417,,,EL
EL43,2012,1861000000.0,21.344379814606526,-0.00375436214653746,,,EL
EL43,2013,1731000000.0,21.27196511314048,-0.07241470146604456,,,EL
EL43,2014,1828000000.0,21.32648830997837,0.054523196837887866,,,EL
EL43,2015,1836000000.0,21.33085512914471,0.0043668191663392975,,,EL
EL43,2016,1830000000.0,21.327581803799742,-0.0032733253449670485,,,EL
EL43,2017,1892000000.0,21.3609003075761,0.033318503776357034,,,EL
EL43,2018,1939000000.0,21.385438213206925,0.024537905630825918,,,EL
EL43,2019,1957000000.0,21.39467852536035,0.0092403121534268,,,EL
EL43,2020,1725000000.0,21.268492887429733,-0.1261856379306181,,,EL
EL43,2021,1702000000.0,21.255069867097593,-0.013423020332140823,,,EL
EL43,2022,1609000000.0,21.19887870495666,-0.05619116214093367,,,EL
EL43,2023,1353000000.0,21.025590186135062,-0.17328851882159668,,,EL
EL43,2024,1409000000.0,21.066146069862953,0.04055588372789032,,,EL
EL51,2007,1433000000.0,21.083035985792446,,,,EL
EL51,2008,1453000000.0,21.096896221534557,0.013860235742111371,,,EL
EL51,2009,988000000.0,20.711193255712143,-0.38570296582241426,,,EL
EL51,2010,799000000.0,20.49887150373055,-0.21232175198159453,,,EL
EL51,2011,773000000.0,20.465789606551695,-0.033081897178853126,,,EL
EL51,2012,556000000.0,20.136278852214858,-0.3295107543368374,,,EL
EL51,2013,503000000.0,20.036100728064014,-0.10017812415084393,,,EL
EL51,2014,391000000.0,19.78421811794964,-0.2518826101143752,,,EL
EL51,2015,446000000.0,19.915829509984338,0.1316113920346993,,,EL
EL51,2016,820000000.0,20.524814898222573,0.608985388238235,,,EL
EL51,2017,975000000.0,20.69794802896212,0.17313313073954717,,,EL
EL51,2018,932000000.0,20.652843372649865,-0.045104656312254576,,,EL
EL51,2019,741000000.0,20.42351118326036,-0.22933218938950617,,,EL
EL51,2020,798000000.0,20.497619155414082,0.07410797215372256,,,EL
EL51,2021,976000000.0,20.698973144377366,0.20135398896328383,,,EL
EL51,2022,819000000.0,20.523594641817343,-0.1753785025600223,,,EL
EL51,2023,312000000.0,19.558513745773755,-0.9650808960435882,,,EL
EL51,2024,568000000.0,20.157631976685426,0.5991182309116709,,,EL
EL52,2007,2252000000.0,21.535084547223857,,,,EL
EL52,2008,2075000000.0,21.453226990629073,-0.08185755659478389,,,EL
EL52,2009,1502000000.0,21.130063390288353,-0.32316360034072034,,,EL
EL52,2010,1886000000.0,21.357724021157676,0.2276606308693232,,,EL
EL52,2011,1485000000.0,21.118680609201075,-0.23904341195660095,,,EL
EL52,2012,1558000000.0,21.166668784394968,0.04798817519389331,,,EL
EL52,2013,1774000000.0,21.2965027208338,0.1298339364388319,,,EL
EL52,2014,1347000000.0,21.021145734374638,-0.27535698645916185,,,EL
EL52,2015,1244000000.0,20.941597831263397,-0.07954790311124071,,,EL
EL52,2016,1778000000.0,21.298754974038125,0.357157142774728,,,EL
EL52,2017,1357000000.0,21.028542217799142,-0.27021275623898333,,,EL
EL52,2018,1355000000.0,21.027067291278076,-0.0014749265210660667,,,EL
EL52,2019,1669000000.0,21.23549048162611,0.20842319034803225,,,EL
EL52,2020,1396000000.0,21.05687684128659,-0.17861364033951688,,,EL
EL52,2021,1706000000.0,21.257417286015897,0.200540444729306,,,EL
EL52,2022,1512500000.0,21.13702974786927,-0.12038753814662684,,,EL
EL52,2023,1529000000.0,21.147879763893336,0.010850016024065212,,,EL
EL52,2024,1482000000.0,21.116658363820306,-0.031221400073029315,,,EL
EL53,2007,33125000000.0,24.223554121252796,,,,EL
EL53,2008,33950000000.0,24.248154690951115,0.024600569698318253,,,EL
EL53,2009,34094000000.0,24.252387252675145,0.004232561724030859,,,EL
EL53,2010,33864000000.0,24.245618340165034,-0.006768912510111136,,,EL
EL53,2011,34984000000.0,24.27815665105703,0.03253831089199721,,,EL
EL53,2012,36422000000.0,24.31843882462004,0.04028217356300701,,,EL
EL53,2013,31188000000.0,24.163299242393766,-0.15513958222627267,,,EL
EL53,2014,29090000000.0,24.093660309453522,-0.06963893294024359,,,EL
EL53,2015,24820000000.0,23.934915616722872,-0.15874469273065017,,,EL
EL53,2016,18850000000.0,23.65977875084043,-0.27513686588244113,,,EL
EL53,2017,20370000000.0,23.737329067185126,0.07755031634469489,,,EL
EL53,2018,19320000000.0,23.684406665730783,-0.05292240145434235,,,EL
EL53,2019,12690000000.0,23.26408011867271,-0.4203265470580746,,,EL
EL53,2020,7594000000.0,22.750624298756023,-0.5134558199166861,,,EL
EL53,2021,6594000000.0,22.60942598159595,-0.1411983171600717,,,EL
EL53,2022,6799000000.0,22.640041379490732,0.030615397894781182,,,EL
EL53,2023,3738000000.0,22.04181654597978,-0.598224833510951,,,EL
EL53,2024,4248000000.0,22.16971412088605,0.1278975749062674,,,EL
EL61,2007,2971000000.0,21.812164433426883,,,,EL
EL61,2008,2752000000.0,21.735593757017508,-0.07657067640937498,,,EL
EL61,2009,1790000000.0,21.305481456799075,-0.4301123002184326,,,EL
EL61,2010,1440000000.0,21.08790895053432,-0.2175725062647551,,,EL
EL61,2011,955000000.0,20.677221898445005,-0.41068705208931533,,,EL
EL61,2012,1370000000.0,21.038076576786445,0.3608546783414397,,,EL
EL61,2013,1330000000.0,21.008444779180074,-0.02963179760637047,,,EL
EL61,2014,1290000000.0,20.977908055319993,-0.030536723860080883,,,EL
EL61,2015,1320000000.0,21.00089757354469,0.022989518224697747,,,EL
EL61,2016,1450000000.0,21.094829393378895,0.09393181983420362,,,EL
EL61,2017,1330000000.0,21.008444779180074,-0.08638461419882049,,,EL
EL61,2018,1270000000.0,20.96228273741691,-0.046162041763164297,,,EL
EL61,2019,1250000000.0,20.94640938826062,-0.015873349156290573,,,EL
EL61,2020,1098000000.0,20.81675618003375,-0.12965320822686976,,,EL
EL61,2021,1080000000.0,20.80022687808254,-0.016529301951209163,,,EL
EL61,2022,1070000000.0,20.790924485420227,-0.009302392662313252,,,EL
EL61,2023,1064000000.0,20.785301227865865,-0.005623257554361771,,,EL
EL61,2024,1031000000.0,20.753795041981235,-0.03150618588463061,,,EL
EL63,2007,1100000000.0,20.818576016750736,,,,EL
EL63,2008,1110000000.0,20.827625852270653,0.009049835519917337,,,EL
EL63,2009,942000000.0,20.663515832540636,-0.1641100197300176,,,EL
EL63,2010,978000000.0,20.70102022799909,0.03750439545845552,,,EL
EL63,2011,379000000.0,19.7530467630467,-0.9479734649523905,,,EL
EL63,2012,680000000.0,20.337603356134426,0.5845565930877257,,,EL
EL63,2013,758000000.0,20.446193943606644,0.10859058747221795,,,EL
EL63,2014,882000000.0,20.597702613971066,0.1515086703644215,,,EL
EL63,2015,815000000.0,20.518698671205136,-0.07900394276592948,,,EL
EL63,2016,738000000.0,20.419454382564748,-0.09924428864038859,,,EL
EL63,2017,671000000.0,20.324279694935957,-0.09517468762879133,,,EL
EL63,2018,717000000.0,20.390586398563894,0.06630670362793722,,,EL
EL63,2019,770000000.0,20.461901072812005,0.07131467424811078,,,EL
EL63,2020,569000000.0,20.159390992090604,-0.30251008072140095,,,EL
EL63,2021,724000000.0,20.40030195034999,0.2409109582593878,,,EL
EL63,2022,572000000.0,20.164649549344073,-0.23565240100591822,,,EL
EL63,2023,714000000.0,20.38639352030386,0.22174397095978549,,,EL
EL63,2024,552000000.0,20.12905860424137,-0.25733491606249004,,,EL
EL64,2007,7249000000.0,22.704129365265153,,,,EL
EL64,2008,6519000000.0,22.597986826888814,-0.10614253837633925,,,EL
EL64,2009,4257000000.0,22.171830523792426,-0.42615630309638775,,,EL
EL64,2010,5137000000.0,22.359735088431542,0.18790456463911553,,,EL
EL64,2011,4421000000.0,22.209631751790518,-0.15010333664102404,,,EL
EL64,2012,5818000000.0,22.484222397019423,0.27459064522890486,,,EL
EL64,2013,6577000000.0,22.606844551265624,0.12262215424620138,,,EL
EL64,2014,5975000000.0,22.510849934763986,-0.09599461650163832,,,EL
EL64,2015,4990000000.0,22.33070174670984,-0.18014818805414734,,,EL
EL64,2016,6068000000.0,22.526294898432695,0.19559315172285707,,,EL
EL64,2017,6769000000.0,22.63561920247288,0.1093243040401859,,,EL
EL64,2018,13081000000.0,23.294426632652502,0.6588074301796212,,,EL
EL64,2019,6147000000.0,22.539229994871285,-0.7551966377812178,,,EL
EL64,2020,6359000000.0,22.573136969231683,0.03390697436039858,,,EL
EL64,2021,6716000000.0,22.627758576161707,0.0546216069300236,,,EL
EL64,2022,6015000000.0,22.517522186373053,-0.11023638978865336,,,EL
EL64,2023,5399000000.0,22.40947958818256,-0.10804259819049378,,,EL
EL64,2024,5065700000.0,22.34575816845422,-0.06372141972833845,,,EL
EL65,2007,11070000000.0,23.12750458366696,,,,EL
EL65,2008,9430000000.0,22.96716193359178,-0.16034265007517945,,,EL
EL65,2009,9350000000.0,22.958642180247008,-0.008519753344771175,,,EL
EL65,2010,7990000000.0,22.801456596724595,-0.15718558352241274,,,EL
EL65,2011,8040000000.0,22.807694920137287,0.006238323412691926,,,EL
EL65,2012,8516000000.0,22.865212583977645,0.057517663840357613,,,EL
EL65,2013,7795000000.0,22.77674833945615,-0.08846424452149293,,,EL
EL65,2014,7438000000.0,22.72986783244929,-0.046880507006861194,,,EL
EL65,2015,7091000000.0,22.68209221126827,-0.047775621181020966,,,EL
EL65,2016,7027000000.0,22.673025709156473,-0.009066502111796382,,,EL
EL65,2017,8035000000.0,22.807072836135887,0.13404712697941434,,,EL
EL65,2018,7731000000.0,22.768504057284748,-0.03856877885113974,,,EL
EL65,2019,7578520000.0,22.748583766877168,-0.0199202904075797,,,EL
EL65,2020,5270000000.0,22.38529619949968,-0.3632875673774869,,,EL
EL65,2021,5816000000.0,22.48387857717763,0.09858237767794975,,,EL
EL65,2022,5715000000.0,22.466360134193184,-0.01751844298444638,,,EL
EL65,2023,4191000000.0,22.156205205889346,-0.31015492830383806,,,EL
EL65,2024,3802000000.0,22.05879308101265,-0.0974121248766977,,,EL
ES11,2007,18942000000.0,23.66464751575032,,,,ES
ES11,2008,13789000000.0,23.347137009806016,-0.3175105059443055,,,ES
ES11,2009,11509000000.0,23.166395174932767,-0.18074183487324902,,,ES
ES11,2010,10064000000.0,23.032230536904496,-0.1341646380282704,,,ES
ES11,2011,12310000000.0,23.233677777142773,0.2014472402382772,,,ES
ES11,2012,15656000000.0,23.474120067040186,0.24044228989741256,,,ES
ES11,2013,12883000000.0,23.2791744497558,-0.19494561728438597,,,ES
ES11,2014,12766000000.0,23.27005122378028,-0.00912322597552162,,,ES
ES11,2015,14195000000.0,23.376155626871345,0.1061044030910665,,,ES
ES11,2016,13853000000.0,23.351767652622154,-0.02438797424919059,,,ES
ES11,2017,14977000000.0,23.42978152795667,0.07801387533451631,,,ES
ES11,2018,14130000000.0,23.371566033642846,-0.05821549431382422,,,ES
ES11,2019,6431000000.0,22.584395884099138,-0.7871701495437087,,,ES
ES11,2020,3951000000.0,22.097234548375663,-0.4871613357234743,,,ES
ES11,2021,3935000000.0,22.093176718815776,-0.004057829559886983,,,ES
ES11,2022,5063000000.0,22.345225029934184,0.25204831111840775,,,ES
ES11,2023,3669000000.0,22.023184982319556,-0.3220400476146281,0.12916694210464072,4.0,ES
ES11,2024,2645000000.0,21.695936902256673,-0.3272480800628834,-0.13712140538867781,2.0,ES
ES11,2025,,,,0.5184441391677188,4.0,ES
ES12,2007,14703000000.0,23.41131739154193,,,,ES
ES12,2008,18978000000.0,23.666546250497976,0.25522885895604475,,,ES
ES12,2009,14596000000.0,23.40401335552061,-0.2625328949773653,,,ES
ES12,2010,14210000000.0,23.377211779055422,-0.026801576465189214,,,ES
ES12,2011,15246000000.0,23.447583010512492,0.07037123145707014,,,ES
ES12,2012,19504000000.0,23.693885409685326,0.24630239917283347,,,ES
ES12,2013,18873000000.0,23.660998166202415,-0.03288724348291083,,,ES
ES12,2014,17871000000.0,23.60644512426107,-0.05455304194134314,,,ES
ES12,2015,23770000000.0,23.891690118318515,0.2852449940574431,,,ES
ES12,2016,17903000000.0,23.60823413351555,-0.2834559848029663,,,ES
ES12,2017,22202000000.0,23.823448211856867,0.21521407834131878,,,ES
ES12,2018,19620000000.0,23.699815291083627,-0.12363292077323962,,,ES
ES12,2019,14242000000.0,23.379461182506343,-0.3203541085772841,,,ES
ES12,2020,11583000000.0,23.17280434289662,-0.20665683960972459,,,ES
ES12,2021,10161000000.0,23.041822699450154,-0.13098164344646435,,,ES
ES12,2022,11514000000.0,23.16682952320003,0.12500682374987448,,,ES
ES12,2023,11674000000.0,23.18062998372801,0.013800460527981784,0.6341343047365786,4.0,ES
ES12,2024,9952000000.0,23.021039372943235,-0.15959061078477532,-0.09452852869079847,2.0,ES
ES12,2025,,,,0.4524916556614919,4.0,ES
ES13,2007,3059000000.0,21.841353902115177,,,,ES
ES13,2008,3062000000.0,21.842334134181904,0.000980232066726927,,,ES
ES13,2009,2347000000.0,21.5764037538153,-0.2659303803666049,,,ES
ES13,2010,2489000000.0,21.635146860331865,0.058743106516566,,,ES
ES13,2011,2254000000.0,21.535972252563997,-0.09917460776786768,,,ES
ES13,2012,1732000000.0,21.272542647086656,-0.2634296054773415,,,ES
ES13,2013,1429000000.0,21.08024073589414,-0.19230191119251572,,,ES
ES13,2014,875000000.0,20.589734444321888,-0.49050629157225245,,,ES
ES13,2015,1813000000.0,21.318248768719126,0.7285143243972385,,,ES
ES13,2016,1897000000.0,21.363539527899288,0.0452907591801619,,,ES
ES13,2017,1774000000.0,21.2965027208338,-0.06703680706548809,,,ES
ES13,2018,1894000000.0,21.361956831710298,0.0654541108764981,,,ES
ES13,2019,1201000000.0,20.906420380044256,-0.45553645166604184,,,ES
ES13,2020,2032000000.0,21.432286366662648,0.5258659866183919,,,ES
ES13,2022,2016000000.0,21.424381187155532,-0.00790517950711589,,,ES
ES13,2023,143000000.0,18.778355188224182,-2.64602599893135,0.18501343511187202,4.0,ES
ES13,2024,,,,0.6661125817083438,2.0,ES
ES13,2025,,,,0.29211767992656723,4.0,ES
ES21,2007,9134000000.0,22.93526955170922,,,,ES
ES21,2008,5757000000.0,22.473682342640085,-0.4615872090691333,,,ES
ES21,2009,7079000000.0,22.680398491738462,0.20671614909837643,,,ES
ES21,2010,7165000000.0,22.692473898226545,0.012075406488083473,,,ES
ES21,2011,5352000000.0,22.40073615977234,-0.2917377384542057,,,ES
ES21,2012,6389000000.0,22.577843598566616,0.17710743879427682,,,ES
ES21,2013,5211000000.0,22.37403761287349,-0.20380598569312625,,,ES
ES21,2014,4247000000.0,22.169478688277547,-0.20455892459594338,,,ES
ES21,2015,4004000000.0,22.110559698399385,-0.05891898987816191,,,ES
ES21,2016,4273000000.0,22.1755819936083,0.06502229520891589,,,ES
ES21,2017,4287000000.0,22.17885302456225,0.0032710309539503157,,,ES
ES21,2018,4620000000.0,22.25366054204006,0.074807517477808,,,ES
ES21,2019,4963000000.0,22.325276233551715,0.07161569151165637,,,ES
ES21,2020,8255000000.0,22.834084914318503,0.5088086807667871,,,ES
ES21,2021,4665000000.0,22.263353671245717,-0.5707312430727853,,,ES
ES21,2022,3630000000.0,22.01249848522317,-0.2508551860225481,,,ES
ES21,2023,3892000000.0,22.08218900127017,0.06969051604700027,0.5437176943576882,4.0,ES
ES21,2024,3649000000.0,22.01771899440072,-0.06447000686944904,-0.07792712608232283,2.0,ES
ES21,2025,,,,0.7809191215844343,4.0,ES
ES22,2007,2202000000.0,21.5126318752469,,,,ES
ES22,2008,2846000000.0,21.76918033661407,0.2565484613671707,,,ES
ES22,2009,2399000000.0,21.59831782080397,-0.17086251581010004,,,ES
ES22,2010,2385000000.0,21.592464961286716,-0.005852859517254672,,,ES
ES22,2011,1652000000.0,21.2252525120452,-0.3672124492415172,,,ES
ES22,2012,1666000000.0,21.233691380691063,0.008438868645864517,,,ES
ES22,2013,1357000000.0,21.028542217799142,-0.20514916289192087,,,ES
ES22,2014,1364000000.0,21.033687396367682,0.005145178568540132,,,ES
ES22,2015,1529000000.0,21.147879763893336,0.11419236752565354,,,ES
ES22,2016,1676000000.0,21.239675839006303,0.09179607511296695,,,ES
ES22,2017,1785000000.0,21.302684252178015,0.06300841317171191,,,ES
ES22,2018,1573000000.0,21.17625046102255,-0.12643379115546338,,,ES
ES22,2019,1371000000.0,21.03880623752659,-0.13744422349596164,,,ES
ES22,2020,1639000000.0,21.217352136708104,0.17854589918151476,,,ES
ES22,2021,645000000.0,20.284760874760046,-0.9325912619480583,,,ES
ES22,2022,2472000000.0,21.628293376541855,1.3435325017818087,,,ES
ES22,2023,2076000000.0,21.453708802250052,-0.17458457429180285,0.5837498919299461,4.0,ES
ES22,2024,1583000000.0,21.182587617845286,-0.27112118440476607,0.006887700384650405,2.0,ES
ES22,2025,,,,1.3206990942323344,4.0,ES
ES23,2007,1440000000.0,21.08790895053432,,,,ES
ES23,2008,1300000000.0,20.985630101413904,-0.10227884912041674,,,ES
ES23,2009,660000000.0,20.307750392984744,-0.6778797084291597,,,ES
ES23,2010,480000000.0,19.98929666186621,-0.3184537311185345,,,ES
ES23,2011,362000000.0,19.707154769790044,-0.28214189207616513,,,ES
ES23,2013,151000000.0,18.8327903947792,-0.8743643750108454,,,ES
ES23,2016,375000000.0,19.742436583934683,0.9096461891554846,,,ES
ES23,2019,464000000.0,19.95539511019053,0.21295852625584644,,,ES
ES23,2020,244000000.0,19.312678783257475,-0.6427163269330549,,,ES
ES23,2021,353000000.0,19.68197861489757,0.3692998316400953,,,ES
ES23,2022,474000000.0,19.97671787965935,0.29473926476178036,,,ES
ES23,2023,463000000.0,19.953237612050508,-0.02348026760884281,0.3642213377202008,4.0,ES
ES23,2024,411000000.0,19.83410377246051,-0.11913383958999901,0.03202950574401958,2.0,ES
ES23,2025,,,,0.8970488872106068,4.0,ES
ES24,2007,10019000000.0,23.027749127223537,,,,ES
ES24,2008,9228000000.0,22.945508177257917,-0.08224094996561959,,,ES
ES24,2009,6643000000.0,22.616829505629514,-0.3286786716284027,,,ES
ES24,2010,5364000000.0,22.402975802365845,-0.21385370326366981,,,ES
ES24,2011,8507000000.0,22.86415519094016,0.4611793885743154,,,ES
ES24,2012,7053000000.0,22.676718895172453,-0.18743629576770715,,,ES
ES24,2013,5008000000.0,22.33430247074421,-0.3424164244282437,,,ES
ES24,2014,6393000000.0,22.578469478731,0.24416700798679258,,,ES
ES24,2015,6339000000.0,22.569986864248442,-0.008482614482559825,,,ES
ES24,2016,4896000000.0,22.311684382156436,-0.2583024820920059,,,ES
ES24,2017,6956000000.0,22.66287043343845,0.3511860512820135,,,ES
ES24,2018,4796000000.0,22.29104807411168,-0.3718223593267709,,,ES
ES24,2019,4021000000.0,22.11479646486155,-0.17625160925013006,,,ES
ES24,2020,2456000000.0,21.62179984723131,-0.49299661763024005,,,ES
ES24,2021,1909000000.0,21.369845381690023,-0.2519544655412851,,,ES
ES24,2022,2295000000.0,21.55399868045892,0.18415329876889786,,,ES
ES24,2023,1917000000.0,21.374027301009917,-0.17997137944900388,0.3571631799159929,4.0,ES
ES24,2024,1467000000.0,21.106485336107255,-0.26754196490266224,-0.2547619467279911,2.0,ES
ES24,2025,,,,0.8664517208005801,4.0,ES
ES30,2007,3403000000.0,21.94792323246518,,,,ES
ES30,2008,1985000000.0,21.408884751085566,-0.5390384813796132,,,ES
ES30,2009,1384000000.0,21.04824369414189,-0.36064105694367754,,,ES
ES30,2010,1361000000.0,21.03148556061574,-0.01675813352614952,,,ES
ES30,2011,1209000000.0,20.913059408579066,-0.1184261520366725,,,ES
ES30,2012,997000000.0,20.720261327926114,-0.19279808065295256,,,ES
ES30,2013,681000000.0,20.339072864113785,-0.38118846381232885,,,ES
ES30,2014,526000000.0,20.080811770701985,-0.25826109341180015,,,ES
ES30,2015,877000000.0,20.592017550336458,0.5112057796344729,,,ES
ES30,2016,797000000.0,20.49636523675449,-0.09565231358196868,,,ES
ES30,2017,1148000000.0,20.861287134843785,0.3649218980892961,,,ES
ES30,2018,1052000000.0,20.77395895126193,-0.08732818358185668,,,ES
ES30,2019,1476000000.0,21.11260156312469,0.33864261186276323,,,ES
ES30,2020,788000000.0,20.485008647822152,-0.6275929153025395,,,ES
ES30,2021,959000000.0,20.681401632847713,0.19639298502556102,,,ES
ES30,2022,708000000.0,20.377954651657994,-0.3034469811897189,,,ES
ES30,2023,776000000.0,20.469663078147494,0.09170842648950028,0.08875443104783398,4.0,ES
ES30,2024,947000000.0,20.66880965115035,0.19914657300285654,-0.37451364443387003,2.0,ES
ES30,2025,,,,0.9478479225018042,4.0,ES
ES41,2007,17183000000.0,23.56718635991102,,,,ES
ES41,2008,14268000000.0,23.381285104443055,-0.18590125546796443,,,ES
ES41,2009,7034000000.0,22.6740213709982,-0.7072637334448544,,,ES
ES41,2010,2718000000.0,21.723162152675364,-0.9508592183228366,,,ES
ES41,2011,11535000000.0,23.16865172857213,1.4454895758967652,,,ES
ES41,2012,13010000000.0,23.288984129470826,0.12033240089869679,,,ES
ES41,2013,8036000000.0,22.8071972838991,-0.481786845571726,,,ES
ES41,2014,10242000000.0,23.04976274998677,0.24256546608766882,,,ES
ES41,2015,11589000000.0,23.173322209298664,0.12355945931189538,,,ES
ES41,2016,8787000000.0,22.896539193460118,-0.2767830158385465,,,ES
ES41,2017,7615000000.0,22.753385823293538,-0.14315337016657992,,,ES
ES41,2018,5605000000.0,22.446924893470534,-0.3064609298230039,,,ES
ES41,2019,2667000000.0,21.70422008214629,-0.7427048113242449,,,ES
ES41,2020,2349000000.0,21.57725554262319,-0.12696453952310094,,,ES
ES41,2021,2256000000.0,21.536859170582222,-0.040396372040966355,,,ES
ES41,2022,1813000000.0,21.318248768719126,-0.21861040186309566,,,ES
ES41,2023,1998000000.0,21.415412517172772,0.09716374845364584,0.48998553342482876,4.0,ES
ES41,2024,1773000000.0,21.295938864038483,-0.11947365313428904,0.540044548483443,2.0,ES
ES41,2025,,,,1.1106528468569863,4.0,ES
ES42,2007,10715000000.0,23.09491046587195,,,,ES
ES42,2008,8855000000.0,22.904248108181207,-0.19066235769074424,,,ES
ES42,2009,7285000000.0,22.709083276593578,-0.1951648315876291,,,ES
ES42,2010,6782000000.0,22.63753788064986,-0.07154539594371911,,,ES
ES42,2011,6322000000.0,22.567301450739837,-0.07023642991002177,,,ES
ES42,2012,6144000000.0,22.538741832791782,-0.02855961794805495,,,ES
ES42,2013,3666000000.0,22.022366986363924,-0.5163748464278584,,,ES
ES42,2014,4057000000.0,22.123709621170722,0.10134263480679806,,,ES
ES42,2015,4195000000.0,22.15715917686558,0.03344955569485819,,,ES
ES42,2016,3571000000.0,21.996111505558723,-0.16104767130685715,,,ES
ES42,2017,3683000000.0,22.026993474409338,0.030881968850614783,,,ES
ES42,2018,3805000000.0,22.05958182826006,0.03258835385072345,,,ES
ES42,2019,4586000000.0,22.246274021382124,0.1866921931220631,,,ES
ES42,2020,4476000000.0,22.22199562739609,-0.02427839398603382,,,ES
ES42,2021,4314000000.0,22.185131384913376,-0.03686424248271436,,,ES
ES42,2022,4522000000.0,22.23222021080219,0.0470888258888138,,,ES
ES42,2023,4049000000.0,22.121735773996434,-0.11048443680575559,0.5214537311643542,4.0,ES
ES42,2024,10237000000.0,23.049274444884045,0.9275386708876106,-0.1955454653829276,2.0,ES
ES42,2025,,,,0.7977936994160877,4.0,ES
ES43,2007,783000000.0,20.478643253955077,,,,ES
ES43,2008,836000000.0,20.544139171048975,0.06549591709389802,,,ES
ES43,2009,596000000.0,20.205751225029623,-0.3383879460193526,,,ES
ES43,2010,529000000.0,20.086498989822573,-0.11925223520704975,,,ES
ES43,2011,501000000.0,20.032116659049137,-0.05438233077343568,,,ES
ES43,2012,544000000.0,20.114459804820218,0.08234314577108037,,,ES
ES43,2013,304000000.0,19.532538259370497,-0.5819215454497204,,,ES
ES43,2014,200000000.0,19.11382792451231,-0.41871033485818643,,,ES
ES43,2015,392000000.0,19.786772397754735,0.6729444732424241,,,ES
ES43,2016,225000000.0,19.231610960168695,-0.5551614375860403,,,ES
ES43,2017,408000000.0,19.826777732368434,0.5951667721997396,,,ES
ES43,2018,509000000.0,20.047958574514798,0.2211808421463637,,,ES
ES43,2019,529000000.0,20.086498989822573,0.03854041530777508,,,ES
ES43,2020,121000000.0,18.611301103561015,-1.475197886261558,,,ES
ES43,2021,586000000.0,20.188830347541288,1.5775292439802726,,,ES
ES43,2022,116000000.0,18.56910074907064,-1.6197295984706486,,,ES
ES43,2023,116000000.0,18.56910074907064,0.0,0.0012560018062250516,4.0,ES
ES43,2024,,,,-0.09424974985983642,2.0,ES
ES43,2025,,,,0.431009980923057,4.0,ES
ES51,2007,13298000000.0,23.310879484926673,,,,ES
ES51,2008,15832000000.0,23.485299045246677,0.17441956032000405,,,ES
ES51,2009,14425000000.0,23.392228649340574,-0.09307039590610344,,,ES
ES51,2010,13702000000.0,23.340807644527118,-0.051421004813455795,,,ES
ES51,2011,13094000000.0,23.29541994696531,-0.04538769756180727,,,ES
ES51,2012,12141000000.0,23.21985399150825,-0.07556595545706202,,,ES
ES51,2013,9820000000.0,23.007686959312785,-0.21216703219546318,,,ES
ES51,2014,10633000000.0,23.08722820961536,0.07954125030257586,,,ES
ES51,2015,12071000000.0,23.2140717186654,0.12684350905004038,,,ES
ES51,2016,11703000000.0,23.18311105613904,-0.030960662526361205,,,ES
ES51,2017,12388000000.0,23.239994099057366,0.0568830429183258,,,ES
ES51,2018,9786000000.0,23.004218629813344,-0.2357754692440217,,,ES
ES51,2019,13121000000.0,23.29747983706999,0.29326120725664495,,,ES
ES51,2020,8368000000.0,22.847680744268978,-0.4497990928010118,,,ES
ES51,2021,8151000000.0,22.82140645605873,-0.0262742882102458,,,ES
ES51,2022,8657000000.0,22.88163407918005,0.060227623121317464,,,ES
ES51,2023,9279000000.0,22.951019619317453,0.06938554013740372,0.5715088738790906,4.0,ES
ES51,2024,7431000000.0,22.728926276121744,-0.22209334319570928,0.3278680068221701,2.0,ES
ES51,2025,,,,1.3258800525122179,4.0,ES
ES52,2007,6207000000.0,22.548943524377925,,,,ES
ES52,2008,7462000000.0,22.733089311745378,0.18414578736745213,,,ES
ES52,2009,6843000000.0,22.64649206891677,-0.08659724282860637,,,ES
ES52,2010,6726000000.0,22.62924645026449,-0.017245618652282246,,,ES
ES52,2011,5585000000.0,22.443350269467576,-0.18589618079691306,,,ES
ES52,2012,4789000000.0,22.289587458306883,-0.1537628111606928,,,ES
ES52,2013,4856000000.0,22.303480890703607,0.013893432396724137,,,ES
ES52,2014,5009000000.0,22.33450213132189,0.031021240618283485,,,ES
ES52,2015,5341000000.0,22.398678738304046,0.064176606982155,,,ES
ES52,2016,5667000000.0,22.457925714133893,0.05924697582984706,,,ES
ES52,2017,5060000000.0,22.344632320245786,-0.11329339388810666,,,ES
ES52,2018,3409000000.0,21.94968483010218,-0.39494749014360764,,,ES
ES52,2019,3707000000.0,22.033488761115006,0.08380393101282735,,,ES
ES52,2020,4794000000.0,22.290630972958603,0.25714221184359687,,,ES
ES52,2021,3615000000.0,22.00835769255714,-0.28227328040146205,,,ES
ES52,2022,4727000000.0,22.27655658875751,0.26819889620037074,,,ES
ES52,2023,5110000000.0,22.354465241162025,0.07790865240451339,0.029351667222820704,4.0,ES
ES52,2024,4637000000.0,22.257333442355733,-0.09713179880629141,0.5633301903753642,2.0,ES
ES52,2025,,,,0.8281300467216217,4.0,ES
ES53,2007,5288000000.0,22.388705939495797,,,,ES
ES53,2008,5501000000.0,22.428195730839732,0.03948979134393582,,,ES
ES53,2009,5368000000.0,22.40372123661579,-0.024474494223941434,,,ES
ES53,2010,5075000000.0,22.347592361874263,-0.05612887474152828,,,ES
ES53,2011,4772000000.0,22.28603134118208,-0.0615610206921815,,,ES
ES53,2012,4962000000.0,22.32507472221602,0.03904338103393812,,,ES
ES53,2013,4186000000.0,22.15501146097022,-0.17006326124580085,,,ES
ES53,2014,4127000000.0,22.140816587716856,-0.014194873253362772,,,ES
ES53,2015,4063000000.0,22.125187453952,-0.015629133764853975,,,ES
ES53,2016,4289000000.0,22.179319442481155,0.054131988529153574,,,ES
ES53,2017,4490000000.0,22.225118538700574,0.0457990962194188,,,ES
ES53,2018,4252000000.0,22.170655297426112,-0.05446324127446189,,,ES
ES53,2019,3619000000.0,22.009463581528017,-0.1611917158980951,,,ES
ES53,2020,2056000000.0,21.44402818453933,-0.5654353969886863,,,ES
ES53,2021,2467000000.0,21.62626867449363,0.18224048995429953,,,ES
ES53,2022,2782000000.0,21.746435930447664,0.12016725595403344,,,ES
ES53,2023,2451000000.0,21.619761941492385,-0.12667398895527882,0.22472922380170007,4.0,ES
ES53,2024,2412000000.0,21.60372211581135,-0.016039825681033903,0.17853019817151328,2.0,ES
ES53,2025,,,,-0.5520038196693124,4.0,ES
ES61,2007,32719000000.0,24.21122178586673,,,,ES
ES61,2008,26481000000.0,23.999693331652615,-0.2115284542141147,,,ES
ES61,2009,25531000000.0,23.963159237037083,-0.03653409461553281,,,ES
ES61,2010,23667000000.0,23.887347509727473,-0.07581172730960972,,,ES
ES61,2011,24658000000.0,23.928367228392773,0.041019718665300076,,,ES
ES61,2012,25235000000.0,23.951497756738636,0.023130528345863155,,,ES
ES61,2013,22574000000.0,23.840064638479845,-0.1114331182587911,,,ES
ES61,2014,23026000000.0,23.859889849197884,0.019825210718039443,,,ES
ES61,2015,25573000000.0,23.96480294435769,0.10491309515980518,,,ES
ES61,2016,22507000000.0,23.83709220888287,-0.12771073547482104,,,ES
ES61,2017,25201000000.0,23.95014951321614,0.11305730433327099,,,ES
ES61,2018,25231000000.0,23.951339234168653,0.0011897209525137953,,,ES
ES61,2019,19240000000.0,23.680257282183973,-0.2710819519846801,,,ES
ES61,2020,14914000000.0,23.425566206068016,-0.2546910761159573,,,ES
ES61,2021,14020000000.0,23.363750718552854,-0.06181548751516175,,,ES
ES61,2022,15860000000.0,23.487066053153114,0.12331533460026023,,,ES
ES61,2023,13513000000.0,23.32691802200236,-0.16014803115075438,0.12317530885346528,4.0,ES
ES61,2024,12746000000.0,23.268483333838514,-0.058434688163846005,1.161617539790561,2.0,ES
ES61,2025,,,,0.3999489149512171,4.0,ES
ES62,2007,4610000000.0,22.25149369395497,,,,ES
ES62,2008,7115000000.0,22.685471068488226,0.43397737453325647,,,ES
ES62,2009,5251000000.0,22.381684371602134,-0.3037866968860925,,,ES
ES62,2010,4116000000.0,22.138147654918214,-0.24353671668391996,,,ES
ES62,2011,3767000000.0,22.049544765656314,-0.08860288926189952,,,ES
ES62,2012,3027000000.0,21.83083786698599,-0.2187068986703231,,,ES
ES62,2013,3094000000.0,21.852730589097284,0.021892722111292784,,,ES
ES62,2014,2955000000.0,21.80676448780447,-0.04596610129281231,,,ES
ES62,2015,3303000000.0,21.918096983355063,0.11133249555059166,,,ES
ES62,2016,2947000000.0,21.804053540701968,-0.11404344265309518,,,ES
ES62,2017,4008000000.0,22.111558200728975,0.30750466002700705,,,ES
ES62,2018,3334000000.0,21.927438621275012,-0.18411957945396296,,,ES
ES62,2019,5180000000.0,22.3680708932178,0.4406322719427891,,,ES
ES62,2020,5199000000.0,22.37173213634799,0.003661243130189007,,,ES
ES62,2021,5939000000.0,22.504806605980136,0.1330744696321453,,,ES
ES62,2022,5249000000.0,22.381303419216575,-0.12350318676356054,,,ES
ES62,2023,3845000000.0,22.07003943990402,-0.31126397931255667,0.24374014751549095,4.0,ES
ES62,2024,4199000000.0,22.158112238648467,0.08807279874444873,0.2164415159879865,2.0,ES
ES62,2025,,,,0.34352720925630037,4.0,ES
ES63,2008,141000000.0,18.764270448342444,,,,ES
ES63,2009,141000000.0,18.764270448342444,0.0,,,ES
ES63,2010,143000000.0,18.778355188224182,0.014084739881738528,,,ES
ES63,2011,139000000.0,18.749984491094967,-0.028370697129215472,,,ES
ES63,2012,144000000.0,18.785323857540273,0.03533936644530655,,,ES
ES63,2013,138000000.0,18.742764243121478,-0.04255961441879563,,,ES
ES63,2014,144000000.0,18.785323857540273,0.04255961441879563,,,ES
ES63,2015,140000000.0,18.75715298057358,-0.02817087696669418,,,ES
ES63,2017,141000000.0,18.764270448342444,0.0071174677688645716,,,ES
ES63,2018,144000000.0,18.785323857540273,0.02105340919782961,,,ES
ES63,2019,142000000.0,18.771337615565535,-0.013986241974738078,,,ES
ES63,2020,137000000.0,18.735491483792398,-0.03584613177313756,,,ES
ES63,2022,134000000.0,18.713350357915186,-0.022141125877212176,,,ES
ES63,2023,128000000.0,18.66754082188389,-0.045809536031296005,0.588348627905714,4.0,ES
ES63,2024,127000000.0,18.659697644422867,-0.007843177461023032,-0.4614518370119581,2.0,ES
ES63,2025,,,,-1.0539240774457816,4.0,ES
ES64,2007,123000000.0,18.627694913336693,,,,ES
ES64,2008,138000000.0,18.742764243121478,0.11506932978478446,,,ES
ES64,2009,134000000.0,18.713350357915186,-0.02941388520629218,,,ES
ES64,2010,141000000.0,18.764270448342444,0.0509200904272582,,,ES
ES64,2011,143000000.0,18.778355188224182,0.014084739881738528,,,ES
ES64,2012,148000000.0,18.81272283172839,0.034367643504207734,,,ES
ES64,2014,139000000.0,18.749984491094967,-0.0627383406334232,,,ES
ES64,2015,142000000.0,18.771337615565535,0.021353124470568474,,,ES
ES64,2016,141000000.0,18.764270448342444,-0.0070671672230915306,,,ES
ES64,2018,143000000.0,18.778355188224182,0.014084739881738528,,,ES
ES64,2019,143000000.0,18.778355188224182,0.0,,,ES
ES64,2020,140000000.0,18.75715298057358,-0.0212022076506031,,,ES
ES64,2021,138000000.0,18.742764243121478,-0.014388737452101452,,,ES
ES64,2022,132000000.0,18.698312480550644,-0.04445176257083361,,,ES
ES64,2023,135000000.0,18.720785336402702,0.02247285585205816,-1.5602271946407056,4.0,ES
ES64,2024,,,,-1.8730102168443095,2.0,ES
ES64,2025,,,,-0.08859285289760563,4.0,ES
ES70,2007,4152000000.0,22.14685598281,,,,ES
ES70,2008,4436000000.0,22.21301890643453,0.0661629236245318,,,ES
ES70,2009,4444000000.0,22.214820708723796,0.0018018022892647423,,,ES
ES70,2010,5142000000.0,22.360707945790107,0.14588723706631157,,,ES
ES70,2011,2774000000.0,21.743556158839052,-0.6171517869510552,,,ES
ES70,2012,5812000000.0,22.483190582654448,0.7396344238153958,,,ES
ES70,2013,5242000000.0,22.379968941847626,-0.10322164080682228,,,ES
ES70,2014,4980000000.0,22.32869572798297,-0.05127321386465411,,,ES
ES70,2015,5289000000.0,22.388895029030255,0.06019930104728388,,,ES
ES70,2016,5589000000.0,22.44406621723397,0.05517118820371536,,,ES
ES70,2017,5826000000.0,22.485596495483655,0.04153027824968447,,,ES
ES70,2018,5573000000.0,22.44119934553381,-0.04439714994984456,,,ES
ES70,2019,5268000000.0,22.384916620827447,-0.05628272470636375,,,ES
ES70,2020,4508000000.0,22.22911943312394,-0.1557971877035058,,,ES
ES70,2021,4096000000.0,22.13327672468362,-0.09584270844032261,,,ES
ES70,2022,4251000000.0,22.170420086323062,0.037143361639444095,,,ES
ES70,2023,4798000000.0,22.291465001363914,0.12104491504085146,0.06402069128990395,4.0,ES
ES70,2024,4721000000.0,22.275286478510562,-0.01617852285335175,-0.5756174493342827,2.0,ES
ES70,2025,,,,0.5269874977490319,4.0,ES
FI19,2007,18698000000.0,23.651682403215535,,,,FI
FI19,2008,15369000000.0,23.455618330571586,-0.19606407264394932,,,FI
FI19,2009,13707000000.0,23.341172488195657,-0.11444584237592892,,,FI
FI19,2010,17707000000.0,23.59722587857049,0.2560533903748343,,,FI
FI19,2011,14075000000.0,23.367666010972165,-0.2295598675983257,,,FI
FI19,2012,11736000000.0,23.185926877787093,-0.18173913318507218,,,FI
FI19,2013,13703000000.0,23.340880623910476,0.15495374612338253,,,FI
FI19,2014,11711000000.0,23.18379440800641,-0.1570862159040658,,,FI
FI19,2015,9990000000.0,23.02485042960687,-0.1589439783995381,,,FI
FI19,2016,10305000000.0,23.055895051288832,0.03104462168196065,,,FI
FI19,2017,9869000000.0,23.01266436813628,-0.04323068315255085,,,FI
FI19,2018,10890000000.0,23.11111077389128,0.09844640575499852,,,FI
FI19,2019,9975000000.0,23.023347799722337,-0.08776297416894252,,,FI
FI19,2020,8572000000.0,22.871766914557742,-0.151580885164595,,,FI
FI19,2021,9066000000.0,22.92779698946507,0.056030074907326366,,,FI
FI19,2022,9804000000.0,23.006056302612276,0.07825931314720691,,,FI
FI19,2023,9412000000.0,22.965251307811528,-0.04080499480074806,,,FI
FI19,2024,8503000000.0,22.863684879350068,-0.10156642846146013,,,FI
FI1B,2007,11055000000.0,23.12614865125582,,,,FI
FI1B,2008,9728000000.0,22.998274162170222,-0.12787448908559895,,,FI
FI1B,2009,9722000000.0,22.997657195569676,-0.0006169666005462204,,,FI
FI1B,2010,11378000000.0,23.154947503274865,0.15729030770518904,,,FI
FI1B,2011,10792000000.0,23.102070955851865,-0.05287654742300063,,,FI
FI1B,2012,9295000000.0,22.95274245811982,-0.14932849773204637,,,FI
FI1B,2013,9847000000.0,23.010432677212076,0.05769021909225813,,,FI
FI1B,2014,8447000000.0,22.85707718569177,-0.1533554915203048,,,FI
FI1B,2015,8074000000.0,22.81191485937716,-0.04516232631461037,,,FI
FI1B,2016,8750000000.0,22.892319537315934,0.08040467793877326,,,FI
FI1B,2017,8917000000.0,22.911225404099152,0.018905866783217817,,,FI
FI1B,2018,9186000000.0,22.94094642285001,0.029721018750858974,,,FI
FI1B,2019,9327000000.0,22.956179256691136,0.01523283384112517,,,FI
FI1B,2020,8037000000.0,22.807321716176993,-0.14885754051414324,,,FI
FI1B,2021,8309000000.0,22.840605101629254,0.03328338545226117,,,FI
FI1B,2022,8234000000.0,22.831537760294125,-0.009067341335128987,,,FI
FI1B,2023,7059000000.0,22.677569235359748,-0.15396852493437763,,,FI
FI1B,2024,5921000000.0,22.50177119049605,-0.1757980448636971,,,FI
FI1C,2007,15662000000.0,23.474503233275158,,,,FI
FI1C,2008,14959000000.0,23.428578962338737,-0.04592427093642115,,,FI
FI1C,2009,12665000000.0,23.26210812040005,-0.16647084193868622,,,FI
FI1C,2010,14759000000.0,23.41511890314605,0.1530107827459979,,,FI
FI1C,2011,14376000000.0,23.38882598642767,-0.02629291671837919,,,FI
FI1C,2012,13374000000.0,23.316578360578198,-0.07224762584947086,,,FI
FI1C,2013,13226000000.0,23.30545042619888,-0.01112793437931714,,,FI
FI1C,2014,12868000000.0,23.278009446323193,-0.027440979875688498,,,FI
FI1C,2015,12874000000.0,23.278475610576834,0.0004661642536412103,,,FI
FI1C,2016,13598000000.0,23.33318856005068,0.05471294947384564,,,FI
FI1C,2017,13715000000.0,23.341755961335977,0.008567401285297649,,,FI
FI1C,2018,13737000000.0,23.34335875928948,0.0016027979535024883,,,FI
FI1C,2019,14561000000.0,23.40161255867518,0.05825379938569952,,,FI
FI1C,2020,12734000000.0,23.267541418541246,-0.1340711401339334,,,FI
FI1C,2021,12638000000.0,23.259973985297673,-0.007567433243572452,,,FI
FI1C,2022,11330000000.0,23.150719911986325,-0.10925407331134807,,,FI
FI1C,2023,10225000000.0,23.048101538875276,-0.10261837311104927,,,FI
FI1C,2024,9528000000.0,22.97750066899941,-0.07060086987586445,,,FI
FI1D,2007,18500000000.0,23.64103656903069,,,,FI
FI1D,2008,17370000000.0,23.578010417199426,-0.06302615183126292,,,FI
FI1D,2009,13549000000.0,23.329578580810704,-0.2484318363887219,,,FI
FI1D,2010,17240000000.0,23.570498102181958,0.2409195213712536,,,FI
FI1D,2011,16375000000.0,23.519021618467725,-0.0514764837142323,,,FI
FI1D,2012,15615000000.0,23.471497827681453,-0.047523790786272,,,FI
FI1D,2013,15741000000.0,23.479534610319096,0.008036782637642403,,,FI
FI1D,2014,15550000000.0,23.467326475571653,-0.012208134747442756,,,FI
FI1D,2015,15076000000.0,23.4363699123513,-0.030956563220353672,,,FI
FI1D,2016,15183000000.0,23.44344221784646,0.007072305495160691,,,FI
FI1D,2017,14259000000.0,23.380654123246394,-0.06278809460006585,,,FI
FI1D,2018,15696000000.0,23.47667173976942,0.09601761652302443,,,FI
FI1D,2019,15858000000.0,23.486939941796617,0.01026820202719847,,,FI
FI1D,2020,12850000000.0,23.27660964828764,-0.21033029350897792,,,FI
FI1D,2021,14537000000.0,23.3999629603906,0.12335331210296019,,,FI
FI1D,2022,12357000000.0,23.237488541068466,-0.1624744193221339,,,FI
FI1D,2023,11269000000.0,23.145321429916624,-0.0921671111518414,,,FI
FI1D,2024,10039000000.0,23.029743344655802,-0.1155780852608217,,,FI
FR10,2007,8476000000.0,22.860504477352464,,,,FR
FR10,2008,10270000000.0,23.05249286088688,0.19198838353441516,,,FR
FR10,2009,8200000000.0,22.82739999121662,-0.22509286967025943,,,FR
FR10,2010,8076000000.0,22.812162537397,-0.015237453819619162,,,FR
FR10,2011,6716000000.0,22.627758576161707,-0.18440396123529368,,,FR
FR10,2012,8199000000.0,22.82727803256045,0.19951945639874324,,,FR
FR10,2013,8212000000.0,22.8288623361031,0.0015843035426499341,,,FR
FR10,2014,6706000000.0,22.626268484990447,-0.2025938511126526,,,FR
FR10,2015,6327000000.0,22.56809202711116,-0.058176457879287824,,,FR
FR10,2016,6493000000.0,22.59399051047276,0.025898483361601166,,,FR
FR10,2017,6073000000.0,22.52711855386185,-0.06687195661091039,,,FR
FR10,2018,5719000000.0,22.46705980187959,-0.06005875198226107,,,FR
FR10,2019,5357000000.0,22.401669953845236,-0.06538984803435355,,,FR
FR10,2020,4962000000.0,22.32507472221602,-0.07659523162921644,,,FR
FR10,2021,4883000000.0,22.309025622025935,-0.01604910019008443,,,FR
FR10,2022,4299000000.0,22.181648274460557,-0.12737734756537833,,,FR
FR10,2023,3836000000.0,22.067695993967604,-0.1139522804929527,,,FR
FR10,2024,4372000000.0,22.198486407260702,0.1307904132930986,,,FR
FRB0,2007,2019000000.0,21.425868176277113,,,,FR
FRB0,2008,1419000000.0,21.073218235124315,-0.3526499411527979,,,FR
FRB0,2009,1369000000.0,21.03734638325272,-0.03587185187159392,,,FR
FRB0,2010,1637000000.0,21.21613113533541,0.17878475208268796,,,FR
FRB0,2011,1369000000.0,21.03734638325272,-0.17878475208268796,,,FR
FRB0,2012,1299000000.0,20.984860574634872,-0.05248580861784902,,,FR
FRB0,2013,1310000000.0,20.99329297415947,0.0084323995245974,,,FR
FRB0,2014,1162000000.0,20.87340849537613,-0.11988447878334085,,,FR
FRB0,2015,1199000000.0,20.904753712991788,0.03134521761565878,,,FR
FRB0,2016,1092000000.0,20.811276714269123,-0.09347699872266446,,,FR
FRB0,2017,1251000000.0,20.947209068431185,0.13593235416206184,,,FR
FRB0,2018,1116000000.0,20.83301670090553,-0.11419236752565354,,,FR
FRB0,2019,1042000000.0,20.764407780277587,-0.06860892062794477,,,FR
FRB0,2020,968000000.0,20.69074264524085,-0.07366513503673744,,,FR
FRB0,2021,864000000.0,20.577083326768328,-0.11365931847252142,,,FR
FRB0,2022,952000000.0,20.67407559275564,0.09699226598731059,,,FR
FRB0,2023,805000000.0,20.506352835382838,-0.1677227573728004,,,FR
FRB0,2024,873000000.0,20.587446113803875,0.08109327842103653,,,FR
FRC1,2007,1156000000.0,20.8682316071966,,,,FR
FRC1,2008,1399000000.0,21.059023532629755,0.1907919254331567,,,FR
FRC1,2009,1022000000.0,20.745027328727925,-0.31399620390183003,,,FR
FRC1,2010,643000000.0,20.281655282201893,-0.4633720465260325,,,FR
FRC1,2011,430000000.0,19.879295766651882,-0.40235951555001037,,,FR
FRC1,2012,738000000.0,20.419454382564748,0.5401586159128655,,,FR
FRC1,2013,606000000.0,20.222390544033587,-0.19706383853116094,,,FR
FRC1,2014,266000000.0,19.399006866745975,-0.8233836772876124,,,FR
FRC1,2015,149000000.0,18.819456863909732,-0.5795500028362426,,,FR
FRC1,2016,149000000.0,18.819456863909732,0.0,,,FR
FRC1,2017,144000000.0,18.785323857540273,-0.034133006369458485,,,FR
FRC1,2018,145000000.0,18.792244300384848,0.0069204428445743815,,,FR
FRC1,2019,270000000.0,19.41393251696265,0.6216882165778017,,,FR
FRC1,2020,282000000.0,19.457417628902387,0.04348511193973792,,,FR
FRC1,2021,279000000.0,19.44672233978564,-0.010695289116746665,,,FR
FRC1,2022,249000000.0,19.33296345442898,-0.11375888535665979,,,FR
FRC1,2023,278000000.0,19.44313167165491,0.11016821722592951,,,FR
FRC1,2024,224000000.0,19.227156609819314,-0.21597506183559645,,,FR
FRC2,2007,994000000.0,20.717247764620847,,,,FR
FRC2,2008,939000000.0,20.66032603717254,-0.0569217274483087,,,FR
FRC2,2009,995000000.0,20.718253295122867,0.057927257950328936,,,FR
FRC2,2010,900000000.0,20.617905321288585,-0.10034797383428185,,,FR
FRC2,2011,865000000.0,20.578240064896153,-0.03966525639243201,,,FR
FRC2,2012,887000000.0,20.603355540273853,0.025115475377699426,,,FR
FRC2,2013,973000000.0,20.69589464015028,0.09253909987642572,,,FR
FRC2,2014,913000000.0,20.632246438559243,-0.06364820159103601,,,FR
FRC2,2015,846000000.0,20.5560299175705,-0.07621652098874421,,,FR
FRC2,2016,829000000.0,20.535730713099568,-0.020299204470930476,,,FR
FRC2,2017,865000000.0,20.578240064896153,0.04250935179658555,,,FR
FRC2,2018,928000000.0,20.648542290750473,0.07030222585432,,,FR
FRC2,2019,722000000.0,20.3975356968571,-0.2510065938933721,,,FR
FRC2,2020,652000000.0,20.295555119890928,-0.10198057696617369,,,FR
FRC2,2021,845000000.0,20.55484718532145,0.25929206543052175,,,FR
FRC2,2022,612000000.0,20.2322428404766,-0.3226043448448479,,,FR
FRC2,2023,1284000000.0,20.973246042214182,0.7410032017375805,,,FR
FRC2,2024,708000000.0,20.377954651657994,-0.5952913905561878,,,FR
FRD1,2007,358000000.0,19.696043544364976,,,,FR
FRD1,2008,369000000.0,19.7263072020048,0.03026365763982497,,,FR
FRD1,2009,331000000.0,19.617628933341337,-0.1086782686634642,,,FR
FRD1,2010,444000000.0,19.911335120396497,0.29370618705516094,,,FR
FRD1,2011,334000000.0,19.626651550940974,-0.28468356945552387,,,FR
FRD1,2012,327000000.0,19.605470728861526,-0.02118082207944738,,,FR
FRD1,2013,279000000.0,19.44672233978564,-0.1587483890758854,,,FR
FRD1,2014,332000000.0,19.62064552688076,0.1739231870951201,,,FR
FRD1,2015,290000000.0,19.485391480944795,-0.1352540459359659,,,FR
FRD1,2016,272000000.0,19.42131262426027,-0.06407885668452451,,,FR
FRD1,2017,309000000.0,19.54885183486202,0.12753921060174989,,,FR
FRD1,2018,321000000.0,19.58695168109429,0.038099846232270806,,,FR
FRD1,2019,305000000.0,19.535822334571687,-0.051129346522603925,,,FR
FRD1,2020,311000000.0,19.555303470143507,0.019481135571819408,,,FR
FRD1,2021,310000000.0,19.552082855443466,-0.003220614700040869,,,FR
FRD1,2022,287000000.0,19.474992773723894,-0.07709008171957166,,,FR
FRD1,2023,283000000.0,19.460957455607513,-0.014035318116381035,,,FR
FRD1,2024,384000000.0,19.766153110552,0.3051956549444874,,,FR
FRD2,2007,18184000000.0,23.623807923496653,,,,FR
FRD2,2008,18528000000.0,23.642548938336997,0.018741014840344405,,,FR
FRD2,2009,17176000000.0,23.56677889752289,-0.07577004081410621,,,FR
FRD2,2010,16238000000.0,23.510620011386667,-0.056158886136223884,,,FR
FRD2,2011,15444000000.0,23.460486415348402,-0.05013359603826473,,,FR
FRD2,2012,12358000000.0,23.2375694635852,-0.22291695176320303,,,FR
FRD2,2013,13960000000.0,23.359461934280638,0.12189247069543896,,,FR
FRD2,2014,11064000000.0,23.12696243130887,-0.2324995029717698,,,FR
FRD2,2015,11829000000.0,23.19381998051001,0.06685754920114206,,,FR
FRD2,2016,12708000000.0,23.26549755335368,0.07167757284366871,,,FR
FRD2,2017,12319000000.0,23.23440862292625,-0.031088930427429773,,,FR
FRD2,2018,10959000000.0,23.117426873427668,-0.11698174949858142,,,FR
FRD2,2019,8949000128.0,22.914807645450406,-0.20261922797726228,,,FR
FRD2,2020,8263000000.0,22.835053554665457,-0.07975409078494877,,,FR
FRD2,2021,8568000128.0,22.871300185031167,0.036246630365710075,,,FR
FRD2,2022,7946000064.0,22.795934502393184,-0.07536568263798316,,,FR
FRD2,2023,8444000064.0,22.85672197451183,0.060787472118647656,,,FR
FRD2,2024,7801000064.0,22.777517775756664,-0.07920419875516771,,,FR
FRE1,2007,21564000000.0,23.794291094535833,,,,FR
FRE1,2008,20297000000.0,23.7337389288219,-0.06055216571393274,,,FR
FRE1,2009,21062000000.0,23.770736305904816,0.036997377082915506,,,FR
FRE1,2010,21389000000.0,23.786142608129733,0.015406302224917567,,,FR
FRE1,2011,18574000000.0,23.645028590300228,-0.14111401782950495,,,FR
FRE1,2012,18877000000.0,23.661210086733007,0.016181496432778886,,,FR
FRE1,2013,22114000000.0,23.819476729066622,0.15826664233361498,,,FR
FRE1,2014,22353000000.0,23.83022637718611,0.010749648119489308,,,FR
FRE1,2015,21214000000.0,23.77792717802969,-0.05229919915642256,,,FR
FRE1,2016,23835000000.0,23.8944209256032,0.11649374757351083,,,FR
FRE1,2017,24456000000.0,23.920141421534943,0.025720495931743415,,,FR
FRE1,2018,19296000000.0,23.683163657491185,-0.2369777640437576,,,FR
FRE1,2019,18155999808.0,23.622266910965614,-0.06089674652557164,,,FR
FRE1,2020,15558000192.0,23.46784082507191,-0.15442608589370366,,,FR
FRE1,2021,18238999680.0,23.62682797798345,0.1589871529115392,,,FR
FRE1,2022,16787000192.0,23.54387062572411,-0.08295735225933853,,,FR
FRE1,2023,12242999872.0,23.228220171583235,-0.3156504541408758,,,FR
FRE1,2024,12592999872.0,23.256406930805742,0.028186759222506907,,,FR
FRE2,2007,1787000000.0,21.3038040731237,,,,FR
FRE2,2008,1318000000.0,20.999381273026728,-0.3044228000969724,,,FR
FRE2,2009,1268000000.0,20.960706692961445,-0.03867458006528324,,,FR
FRE2,2010,1340000000.0,21.015935450909232,0.0552287579477877,,,FR
FRE2,2011,1462000000.0,21.103071198273998,0.08713574736476559,,,FR
FRE2,2012,1354000000.0,21.026329011436495,-0.07674218683750311,,,FR
FRE2,2013,1205000000.0,20.90974540388903,-0.1165836075474651,,,FR
FRE2,2014,1287000000.0,20.9755797655604,0.0658343616713708,,,FR
FRE2,2015,1301000000.0,20.98639903647678,0.010819270916378798,,,FR
FRE2,2016,1507000000.0,21.13338675659077,0.14698772011399086,,,FR
FRE2,2017,2000000000.0,21.416413017506358,0.28302626091558736,,,FR
FRE2,2018,1566000000.0,21.17179043451502,-0.24462258299133666,,,FR
FRE2,2019,1089000000.0,20.808525680897233,-0.36326475361778776,,,FR
FRE2,2020,1204000000.0,20.90891518383304,0.1003895029358084,,,FR
FRE2,2021,1479000000.0,21.114632020675074,0.2057168368420328,,,FR
FRE2,2022,1328000000.0,21.00693988800065,-0.10769213267442268,,,FR
FRE2,2023,1280000000.0,20.970125914877936,-0.03681397312271528,,,FR
FRE2,2024,1173000000.0,20.88283040661775,-0.08729550826018695,,,FR
FRF1,2007,2795000000.0,21.751097943553475,,,,FR
FRF1,2008,2705000000.0,21.718367749244855,-0.03273019430861979,,,FR
FRF1,2009,2338000000.0,21.57256169999629,-0.14580604924856644,,,FR
FRF1,2010,2901000000.0,21.788321342085677,0.21575964208938814,,,FR
FRF1,2011,2482000000.0,21.632330523728825,-0.1559908183568517,,,FR
FRF1,2012,1684000000.0,21.244437752766547,-0.3878927709622779,,,FR
FRF1,2013,4080000000.0,22.12936282536248,0.8849250725959337,,,FR
FRF1,2014,4135000000.0,22.142753165422064,0.013390340059583394,,,FR
FRF1,2015,4110000000.0,22.136688865454555,-0.0060642999675089015,,,FR
FRF1,2016,2772000000.0,21.742834918274067,-0.3938539471804887,,,FR
FRF1,2017,2223000000.0,21.52212347192847,-0.22071144634559658,,,FR
FRF1,2018,2538000000.0,21.654642206238606,0.1325187343101355,,,FR
FRF1,2019,2286000000.0,21.55006940231903,-0.10457280391957724,,,FR
FRF1,2020,2329000000.0,21.568704827848617,0.01863542552958819,,,FR
FRF1,2021,2629000000.0,21.689869382694155,0.12116455484553867,,,FR
FRF1,2022,2356000000.0,21.580231102735752,-0.10963827995840347,,,FR
FRF1,2023,1703000000.0,21.255657238626963,-0.32457386410878897,,,FR
FRF1,2024,2084000000.0,21.45755496083753,0.20189772221056757,,,FR
FRF2,2007,1725000000.0,21.268492887429733,,,,FR
FRF2,2008,1379000000.0,21.044624435757576,-0.22386845167215697,,,FR
FRF2,2009,1636000000.0,21.215520075126967,0.170895639369391,,,FR
FRF2,2010,1589000000.0,21.18637072450099,-0.029149350625978343,,,FR
FRF2,2011,1557000000.0,21.166026729798272,-0.020343994702717083,,,FR
FRF2,2012,1355000000.0,21.027067291278076,-0.138959438520196,,,FR
FRF2,2013,1413000000.0,21.068980940648803,0.04191364937072706,,,FR
FRF2,2014,1457000000.0,21.09964536415948,0.03066442351067522,,,FR
FRF2,2015,1470000000.0,21.108528237737055,0.008882873577576333,,,FR
FRF2,2016,1454000000.0,21.09758421605774,-0.01094402167931463,,,FR
FRF2,2017,1357000000.0,21.028542217799142,-0.06904199825859791,,,FR
FRF2,2018,1651000000.0,21.224647001884403,0.19610478408526077,,,FR
FRF2,2019,1537000000.0,21.15309830150287,-0.07154870038153405,,,FR
FRF2,2020,1487000000.0,21.12002650442443,-0.033071797078438436,,,FR
FRF2,2021,1163000000.0,20.874268710482937,-0.24575779394149322,,,FR
FRF2,2022,1596000000.0,21.19076633597403,0.31649762549109184,,,FR
FRF2,2023,1280000000.0,20.970125914877936,-0.2206404210960926,,,FR
FRF2,2024,1537000000.0,21.15309830150287,0.18297238662493243,,,FR
FRF3,2007,20375000000.0,23.73757449607334,,,,FR
FRF3,2008,19126000000.0,23.674314502873763,-0.06325999319957631,,,FR
FRF3,2009,10961000000.0,23.117609355179997,-0.5567051476937657,,,FR
FRF3,2010,16013000000.0,23.49666672928675,0.379057374106754,,,FR
FRF3,2011,12671000000.0,23.262581754763183,-0.2340849745235687,,,FR
FRF3,2012,12680000000.0,23.26329178595549,0.0007100311923089464,,,FR
FRF3,2013,12637000000.0,23.259894855722955,-0.0033969302325367323,,,FR
FRF3,2014,8752000000.0,22.892548082626035,-0.3673467730969193,,,FR
FRF3,2015,8599000000.0,22.87491175437517,-0.01763632825086603,,,FR
FRF3,2016,8207000000.0,22.828253285593984,-0.04665846878118529,,,FR
FRF3,2017,11170000000.0,23.13649745002752,0.3082441644335354,,,FR
FRF3,2018,8166000000.0,22.823245029843797,-0.3132524201837228,,,FR
FRF3,2019,7119000000.0,22.686033103068148,-0.13721192677564886,,,FR
FRF3,2020,6022000000.0,22.518685267005953,-0.16734783606219494,,,FR
FRF3,2021,6589000000.0,22.608667428878093,0.0899821618721397,,,FR
FRF3,2022,7922000000.0,22.792909536146137,0.18424210726804446,,,FR
FRF3,2023,6609999936.0,22.611849481127706,-0.18106005501843114,,,FR
FRF3,2024,5275000000.0,22.38624451630854,-0.2256049648191656,,,FR
FRG0,2007,7719000000.0,22.766950658914126,,,,FR
FRG0,2008,6828000000.0,22.644297641878605,-0.12265301703552112,,,FR
FRG0,2009,6784000000.0,22.637832735436014,-0.006464906442591456,,,FR
FRG0,2010,7724000000.0,22.76759820151268,0.12976546607666606,,,FR
FRG0,2011,7320000000.0,22.713876164919633,-0.053722036593047306,,,FR
FRG0,2012,7642000000.0,22.75692518597112,0.04304902105148756,,,FR
FRG0,2013,7328000000.0,22.71496846431824,-0.041956721652880447,,,FR
FRG0,2014,5298000000.0,22.39059522779629,-0.32437323652195005,,,FR
FRG0,2015,5009000000.0,22.33450213132189,-0.05609309647439886,,,FR
FRG0,2016,4946000000.0,22.321845006045635,-0.012657125276255954,,,FR
FRG0,2017,7143000000.0,22.689398693119248,0.36755368707361313,,,FR
FRG0,2018,5897000000.0,22.497709583964777,-0.19168910915447057,,,FR
FRG0,2019,3695000000.0,22.030246391346576,-0.4674631926182009,,,FR
FRG0,2020,3449000000.0,21.961350170901117,-0.06889622044545973,,,FR
FRG0,2021,4540999872.0,22.2364130608746,0.2750628899734835,,,FR
FRG0,2022,9904999744.0,23.016305491251394,0.779892430376794,,,FR
FRG0,2023,2697000000.0,21.715405881104004,-1.3008996101473898,,,FR
FRG0,2024,2547000000.0,21.65818203294373,-0.05722384816027315,,,FR
FRH0,2007,215000000.0,19.186148586091935,,,,FR
FRH0,2008,247000000.0,19.324898894592252,0.13875030850031678,,,FR
FRH0,2009,122000000.0,18.61953160269753,-0.7053672918947207,,,FR
FRH0,2010,123000000.0,18.627694913336693,0.008163310639162091,,,FR
FRH0,2011,125000000.0,18.643824295266576,0.01612938192988267,,,FR
FRH0,2012,126000000.0,18.65179246491575,0.007968169649174683,,,FR
FRH0,2013,118000000.0,18.58619518242994,-0.06559728248581109,,,FR
FRH0,2014,228000000.0,19.244856186918714,0.6586610044887742,,,FR
FRH0,2015,344000000.0,19.656152215337674,0.41129602841895974,,,FR
FRH0,2016,368000000.0,19.723593496133205,0.06744128079553136,,,FR
FRH0,2017,400000000.0,19.806975105072254,0.08338160893904956,,,FR
FRH0,2018,379000000.0,19.7530467630467,-0.05392834202555363,,,FR
FRH0,2019,336000000.0,19.632621717927478,-0.12042504511922303,,,FR
FRH0,2020,230000000.0,19.25358986688747,-0.3790318510400077,,,FR
FRH0,2021,344000000.0,19.656152215337674,0.40256234845020344,,,FR
FRH0,2022,1135000000.0,20.849898487879777,1.1937462725421035,,,FR
FRH0,2023,783000000.0,20.478643253955077,-0.3712552339246997,,,FR
FRH0,2024,502000000.0,20.034110677656003,-0.44453257629907483,,,FR
FRI1,2007,3470000000.0,21.96742043090518,,,,FR
FRI1,2008,3391000000.0,21.94439070008991,-0.023029730815267158,,,FR
FRI1,2009,2391000000.0,21.5949775254226,-0.3494131746673119,,,FR
FRI1,2010,3091000000.0,21.85176050009639,0.25678297467378997,,,FR
FRI1,2011,3611000000.0,22.00725057924173,0.1554900791453413,,,FR
FRI1,2012,3255000000.0,21.903458112606945,-0.10379246663478625,,,FR
FRI1,2013,3382000000.0,21.9417330874228,0.038274974815855956,,,FR
FRI1,2014,3067000000.0,21.843965722078526,-0.09776736534427499,,,FR
FRI1,2015,3061000000.0,21.842007496909687,-0.001958225168838368,,,FR
FRI1,2016,3186000000.0,21.88203204843427,0.0400245515245814,,,FR
FRI1,2017,3314000000.0,21.92142175595078,0.03938970751651283,,,FR
FRI1,2018,3166000000.0,21.875734798405233,-0.04568695754554852,,,FR
FRI1,2019,2871000000.0,21.77792623808534,-0.09780856031989416,,,FR
FRI1,2020,3141000000.0,21.867807057502922,0.08988081941758352,,,FR
FRI1,2021,2609000000.0,21.682232843101,-0.185574214401921,,,FR
FRI1,2022,2762000000.0,21.739220891933513,0.05698804883251185,,,FR
FRI1,2023,2205000000.0,21.513993345845222,-0.22522754608829132,,,FR
FRI1,2024,2786000000.0,21.747872712304027,0.23387936645880458,,,FR
FRI2,2007,872000000.0,20.586299981873253,,,,FR
FRI2,2008,884000000.0,20.599967620601916,0.013667638728662723,,,FR
FRI2,2009,833000000.0,20.540544200131116,-0.05942342047080018,,,FR
FRI2,2010,852000000.0,20.56309708479359,0.02255288466247407,,,FR
FRI2,2011,927000000.0,20.647464123530128,0.08436703873653784,,,FR
FRI2,2012,904000000.0,20.62233991835645,-0.02512420517367886,,,FR
FRI2,2013,937000000.0,20.658193840202696,0.035853921846246806,,,FR
FRI2,2014,936000000.0,20.657126034441866,-0.0010678057608295433,,,FR
FRI2,2015,794000000.0,20.49259401921141,-0.16453201523045635,,,FR
FRI2,2016,795000000.0,20.493852672618605,0.0012586534071949984,,,FR
FRI2,2017,839000000.0,20.54772126443148,0.05386859181287562,,,FR
FRI2,2018,812000000.0,20.51501089812595,-0.0327103663055297,,,FR
FRI2,2019,786000000.0,20.48246735039348,-0.03254354773246959,,,FR
FRI2,2020,754000000.0,20.44090292597223,-0.04156442442124941,,,FR
FRI2,2021,754000000.0,20.44090292597223,0.0,,,FR
FRI2,2022,821000000.0,20.5260336674167,0.08513074144446975,,,FR
FRI2,2023,779000000.0,20.47352160383502,-0.05251206358168048,,,FR
FRI2,2024,897000000.0,20.61456642002307,0.14104481618804954,,,FR
FRI3,2007,2118000000.0,21.473738084125625,,,,FR
FRI3,2008,2039000000.0,21.43572532853873,-0.03801275558689454,,,FR
FRI3,2009,1881000000.0,21.355069387265303,-0.08065594127342735,,,FR
FRI3,2010,1950000000.0,21.391095209522067,0.03602582225676443,,,FR
FRI3,2011,1972000000.0,21.402314093126854,0.011218883604787067,,,FR
FRI3,2012,1904000000.0,21.367222773315586,-0.03509131981126856,,,FR
FRI3,2013,1842000000.0,21.334117774779525,-0.03310499853606075,,,FR
FRI3,2014,1718000000.0,21.264426660508473,-0.0696911142710519,,,FR
FRI3,2015,1565000000.0,21.171151660938527,-0.093274999569946,,,FR
FRI3,2016,1505000000.0,21.13205873514725,-0.039092925791276656,,,FR
FRI3,2017,1445000000.0,21.091375158510807,-0.040683576636443064,,,FR
FRI3,2018,1382000000.0,21.04679756229189,-0.0445775962189181,,,FR
FRI3,2019,1074000000.0,20.794655833033083,-0.2521417292588062,,,FR
FRI3,2020,959000000.0,20.681401632847713,-0.11325420018537002,,,FR
FRI3,2021,987000000.0,20.710180597397756,0.028778964550042474,,,FR
FRI3,2022,889000000.0,20.60560779347818,-0.10457280391957724,,,FR
FRI3,2023,528000000.0,20.084606841670535,-0.5210009518076433,,,FR
FRI3,2024,807000000.0,20.508834226234224,0.42422738456368947,,,FR
FRJ1,2007,1906000000.0,21.36827264217842,,,,FR
FRJ1,2008,1813000000.0,21.318248768719126,-0.05002387345929549,,,FR
FRJ1,2009,1102000000.0,20.820392547677134,-0.49785622104199234,,,FR
FRJ1,2010,1841000000.0,21.333574739197353,0.5131821915202188,,,FR
FRJ1,2011,1559000000.0,21.167310427022052,-0.1662643121753007,,,FR
FRJ1,2012,1544000000.0,21.157642288548995,-0.009668138473056587,,,FR
FRJ1,2013,1421000000.0,21.074626686061375,-0.0830156024876203,,,FR
FRJ1,2014,1452000000.0,21.096207753349017,0.02158106728764153,,,FR
FRJ1,2015,1500000000.0,21.128730945054574,0.03252319170555751,,,FR
FRJ1,2016,1574000000.0,21.176885986941624,0.048155041887049777,,,FR
FRJ1,2017,1598000000.0,21.192018684290495,0.01513269734887146,,,FR
FRJ1,2018,1644000000.0,21.2203981335804,0.028379449289904102,,,FR
FRJ1,2019,1589000000.0,21.18637072450099,-0.034027409079410376,,,FR
FRJ1,2020,1517000000.0,21.140000537312805,-0.04637018718818453,,,FR
FRJ1,2021,1681000000.0,21.24265469137289,0.10265415406008671,,,FR
FRJ1,2022,1432000000.0,21.082337905484867,-0.16031678588802478,,,FR
FRJ1,2023,1366000000.0,21.03515259809501,-0.04718530738985649,,,FR
FRJ1,2024,1461000000.0,21.102386969714974,0.06723437161996415,,,FR
FRJ2,2007,1870000000.0,21.349204267812908,,,,FR
FRJ2,2008,1790000000.0,21.305481456799075,-0.043722811013832796,,,FR
FRJ2,2009,713000000.0,20.38499197837857,-0.9204894784205067,,,FR
FRJ2,2010,1701000000.0,21.254482150360136,0.8694901719815675,,,FR
FRJ2,2011,1741000000.0,21.27772549773246,0.023243347372325474,,,FR
FRJ2,2012,1670000000.0,21.236089463375073,-0.041636034357388496,,,FR
FRJ2,2013,1579000000.0,21.180057572219916,-0.05603189115515761,,,FR
FRJ2,2014,1550000000.0,21.161520767877565,-0.018536804342350166,,,FR
FRJ2,2015,1637000000.0,21.21613113533541,0.05461036745784398,,,FR
FRJ2,2016,1708000000.0,21.25858893231279,0.042457796977380724,,,FR
FRJ2,2017,1828000000.0,21.32648830997837,0.06789937766557941,,,FR
FRJ2,2018,1785000000.0,21.302684252178015,-0.023804057800354883,,,FR
FRJ2,2019,1671000000.0,21.236688086559667,-0.06599616561834765,,,FR
FRJ2,2020,1638000000.0,21.21674182237729,-0.01994626418237644,,,FR
FRJ2,2021,1448000000.0,21.093449130909935,-0.12329269146735555,,,FR
FRJ2,2022,1520000000.0,21.141976171804597,0.048527040894661866,,,FR
FRJ2,2023,1548000000.0,21.160229612113948,0.018253440309351276,,,FR
FRJ2,2024,1563000000.0,21.16987288838575,0.009643276271802392,,,FR
FRK1,2007,560000000.0,20.14344734169347,,,,FR
FRK1,2008,527000000.0,20.082711106505638,-0.06073623518783222,,,FR
FRK1,2009,252000000.0,19.344939645475698,-0.73777146102994,,,FR
FRK1,2010,479000000.0,19.98721115537519,0.6422715098994907,,,FR
FRK1,2011,773000000.0,20.465789606551695,0.47857845117650655,,,FR
FRK1,2012,628000000.0,20.258050724432472,-0.20773888211922298,,,FR
FRK1,2013,337000000.0,19.635593488316637,-0.6224572361158351,,,FR
FRK1,2014,1013000000.0,20.736182062212958,1.1005885738963208,,,FR
FRK1,2015,982000000.0,20.70510186631874,-0.031080195894219287,,,FR
FRK1,2016,1381000000.0,21.046073711373566,0.3409718450548276,,,FR
FRK1,2017,1198000000.0,20.903919336639667,-0.1421543747338987,,,FR
FRK1,2018,959000000.0,20.681401632847713,-0.22251770379195435,,,FR
FRK1,2019,990000000.0,20.71321550109291,0.03181386824519805,,,FR
FRK1,2020,1117000000.0,20.833912357033476,0.12069685594056523,,,FR
FRK1,2021,1117000000.0,20.833912357033476,0.0,,,FR
FRK1,2022,1506000000.0,21.132722966324113,0.2988106092906371,,,FR
FRK1,2023,865000000.0,20.578240064896153,-0.55448290142796,,,FR
FRK1,2024,697000000.0,20.362295968724798,-0.21594409617135568,,,FR
FRK2,2007,7760000000.0,22.772248171141538,,,,FR
FRK2,2008,7704000000.0,22.765005511442236,-0.007242659699301157,,,FR
FRK2,2009,6593000000.0,22.609274317077574,-0.15573119436466243,,,FR
FRK2,2010,7350000000.0,22.717966150171158,0.10869183309358377,,,FR
FRK2,2011,7723000000.0,22.767468726533536,0.04950257636237865,,,FR
FRK2,2012,6907000000.0,22.655801227053246,-0.11166749948029064,,,FR
FRK2,2013,6891000000.0,22.653482049321482,-0.0023191777317634887,,,FR
FRK2,2014,6683000000.0,22.622832825475346,-0.030649223846136664,,,FR
FRK2,2015,6850000000.0,22.647514489220544,0.024681663745198534,,,FR
FRK2,2016,7044000000.0,22.67544202758037,0.027927538359826087,,,FR
FRK2,2017,6620000000.0,22.613361206895327,-0.06208082068504339,,,FR
FRK2,2018,6709000000.0,22.62671574552716,0.01335453863183389,,,FR
FRK2,2019,5976000000.0,22.511017284776926,-0.11569846075023449,,,FR
FRK2,2020,4977000000.0,22.32809313682283,-0.18292414795409684,,,FR
FRK2,2021,6198000000.0,22.547492496311968,0.21939935948913813,,,FR
FRK2,2022,5655000000.0,22.455805946514495,-0.0916865497974726,,,FR
FRK2,2023,20372999872.0,23.73747632546335,1.2816703789488564,,,FR
FRK2,2024,5337000000.0,22.397929534298218,-1.3395467911651338,,,FR
FRL0,2007,23641000000.0,23.886248329774073,,,,FR
FRL0,2008,21878000000.0,23.80874740264401,-0.07750092713006396,,,FR
FRL0,2009,13372000000.0,23.316428805504263,-0.49231859713974657,,,FR
FRL0,2010,20473000000.0,23.742372781816854,0.42594397631259184,,,FR
FRL0,2011,19047000000.0,23.670175445802833,-0.07219733601402112,,,FR
FRL0,2012,19603000000.0,23.698948452694697,0.028773006891864128,,,FR
FRL0,2013,20727000000.0,23.754703035121178,0.05575458242648068,,,FR
FRL0,2014,19384000000.0,23.687713820460637,-0.06698921466054131,,,FR
FRL0,2015,20790000000.0,23.757737938816334,0.07002411835569688,,,FR
FRL0,2016,21935000000.0,23.81134937156459,0.05361143274825508,,,FR
FRL0,2017,22048000000.0,23.81648773177766,0.00513836021307057,,,FR
FRL0,2018,18755000000.0,23.654726220480264,-0.1617615112973958,,,FR
FRL0,2019,19282999872.0,23.682489709045907,0.027763488565643257,,,FR
FRL0,2020,16835999744.0,23.546785272649224,-0.13570443639668284,,,FR
FRL0,2021,17452000064.0,23.582720095874976,0.0359348232257517,,,FR
FRL0,2022,17149000064.0,23.56520570355242,-0.017514392322556915,,,FR
FRL0,2023,14826999808.0,23.41971566703295,-0.1454900365194689,,,FR
FRL0,2024,12029000064.0,23.210586243278822,-0.20912942375412769,,,FR
FRM0,2007,728000000.0,20.40581160616096,,,,FR
FRM0,2008,657000000.0,20.303194576448885,-0.10261702971207498,,,FR
FRM0,2009,701000000.0,20.368018444998864,0.06482386854997912,,,FR
FRM0,2010,675000000.0,20.330223248836806,-0.037795196162058176,,,FR
FRM0,2011,812000000.0,20.51501089812595,0.18478764928914515,,,FR
FRM0,2012,758000000.0,20.446193943606644,-0.06881695451930625,,,FR
FRM0,2013,606000000.0,20.222390544033587,-0.2238033995730575,,,FR
FRM0,2014,551000000.0,20.12724536711719,-0.09514517691639668,,,FR
FRM0,2015,704000000.0,20.372288914122315,0.24504354700512465,,,FR
FRM0,2016,599000000.0,20.210772156079724,-0.16151675804259114,,,FR
FRM0,2017,684000000.0,20.343468475586825,0.13269631950710092,,,FR
FRM0,2018,562000000.0,20.147012407857964,-0.19645606772886026,,,FR
FRM0,2019,642000000.0,20.280098861654235,0.13308645379627038,,,FR
FRM0,2020,526000000.0,20.080811770701985,-0.19928709095225017,,,FR
FRM0,2021,619000000.0,20.24361583064887,0.16280405994688607,,,FR
FRM0,2022,745000000.0,20.428894776343835,0.1852789456949644,,,FR
FRM0,2023,712000000.0,20.38358846937625,-0.04530630696758564,,,FR
FRM0,2024,582000000.0,20.18198100569571,-0.2016074636805385,,,FR
FRY1,2007,1254000000.0,20.94960427915714,,,,FR
FRY1,2008,641000000.0,20.278540014884943,-0.6710642642721965,,,FR
FRY1,2009,1199000000.0,20.904753712991788,0.6262136981068451,,,FR
FRY1,2010,1292000000.0,20.97945724230682,0.07470352931503399,,,FR
FRY1,2011,1523000000.0,21.143947910859435,0.16449066855261307,,,FR
FRY1,2012,1334000000.0,21.01144778443984,-0.1325001264195933,,,FR
FRY1,2013,1263000000.0,20.956755680314764,-0.054692104125077634,,,FR
FRY1,2014,1173000000.0,20.88283040661775,-0.0739252736970144,,,FR
FRY1,2015,1219000000.0,20.921296687445544,0.03846628082779446,,,FR
FRY1,2016,1283000000.0,20.972466922579912,0.051170235134367914,,,FR
FRY1,2017,1417000000.0,21.071807797654955,0.0993408750750433,,,FR
FRY1,2018,1251000000.0,20.947209068431185,-0.12459872922377002,,,FR
FRY1,2019,1219000000.0,20.921296687445544,-0.025912380985641192,,,FR
FRY1,2020,1208000000.0,20.912231936459033,-0.009064750986510717,,,FR
FRY1,2021,1258000000.0,20.952788995224658,0.04055705876562499,,,FR
FRY1,2022,1323000000.0,21.00316772207923,0.050378726854571454,,,FR
FRY1,2023,1367000000.0,21.035884394688225,0.03271667260899491,,,FR
FRY1,2024,1484000000.0,21.1180069816916,0.08212258700337571,,,FR
FRY2,2007,1133000000.0,20.848134818992282,,,,FR
FRY2,2008,1202000000.0,20.90725267305943,0.059117854067146425,,,FR
FRY2,2009,1189000000.0,20.896378454655057,-0.010874218404371305,,,FR
FRY2,2010,1220000000.0,20.922116695691578,0.025738241036521003,,,FR
FRY2,2011,1138000000.0,20.85253817265055,-0.0695785230410273,,,FR
FRY2,2012,1167000000.0,20.87770219025083,0.025164017600278754,,,FR
FRY2,2013,1041000000.0,20.763447626579243,-0.1142545636715866,,,FR
FRY2,2014,1009000000.0,20.732225578317884,-0.031222048261358992,,,FR
FRY2,2015,1052000000.0,20.77395895126193,0.041733372944044334,,,FR
FRY2,2016,1063000000.0,20.78436093630622,0.010401985044293127,,,FR
FRY2,2017,1024000000.0,20.746982363563728,-0.03737857274249379,,,FR
FRY2,2018,972000000.0,20.694866362424712,-0.05211600113901582,,,FR
FRY2,2019,860000000.0,20.572442947211826,-0.1224234152128858,,,FR
FRY2,2020,735000000.0,20.41538105717711,-0.15706189003471493,,,FR
FRY2,2021,721000000.0,20.396149695249225,-0.019231361927886326,,,FR
FRY2,2022,815000000.0,20.518698671205136,0.12254897595591174,,,FR
FRY2,2023,857000000.0,20.568948476562053,0.050249805356916255,,,FR
FRY2,2024,776000000.0,20.469663078147494,-0.0992853984145583,,,FR
FRY3,2007,173000000.0,18.968802152462054,,,,FR
FRY3,2008,186000000.0,19.041257231677477,0.07245507921542327,,,FR
FRY3,2009,312000000.0,19.558513745773755,0.5172565140962782,,,FR
FRY3,2010,301000000.0,19.52262082271315,-0.03589292306060443,,,FR
FRY3,2011,224000000.0,19.227156609819314,-0.29546421289383673,,,FR
FRY3,2012,201000000.0,19.11881546602335,-0.10834114379596471,,,FR
FRY3,2013,266000000.0,19.399006866745975,0.28019140072262516,,,FR
FRY3,2014,212000000.0,19.172096832636285,-0.22691003410968946,,,FR
FRY3,2015,199000000.0,19.108815382688768,-0.06328144994751739,,,FR
FRY3,2016,280000000.0,19.450300161133523,0.3414847784447552,,,FR
FRY3,2017,214000000.0,19.181486572986124,-0.268813588147399,,,FR
FRY3,2018,237000000.0,19.283570699099407,0.10208412611328299,,,FR
FRY3,2019,107000000.0,18.48833939242618,-0.7952313066732266,,,FR
FRY3,2020,353000000.0,19.68197861489757,1.1936392224713899,,,FR
FRY3,2021,218000000.0,19.200005620753362,-0.4819729941442077,,,FR
FRY3,2022,175000000.0,18.980296531887788,-0.2197090888655744,,,FR
FRY3,2023,237000000.0,19.283570699099407,0.3032741672116188,,,FR
FRY3,2024,501000000.0,20.032116659049137,0.7485459599497304,,,FR
FRY4,2007,2193000000.0,21.50853630638216,,,,FR
FRY4,2008,2272000000.0,21.543926337805317,0.03539003142315522,,,FR
FRY4,2009,2303000000.0,21.55747845778496,0.013552119979642896,,,FR
FRY4,2010,2376000000.0,21.58868423844681,0.031205780661849758,,,FR
FRY4,2011,2486000000.0,21.63394083003493,0.0452565915881209,,,FR
FRY4,2012,2363000000.0,21.583197835151182,-0.05074299488374834,,,FR
FRY4,2013,2264000000.0,21.540398997287348,-0.04279883786383465,,,FR
FRY4,2014,2423000000.0,21.6082722787808,0.06787328149345129,,,FR
FRY4,2015,2369000000.0,21.58573376212306,-0.02253851665773965,,,FR
FRY4,2016,2396000000.0,21.597066517199615,0.0113327550765554,,,FR
FRY4,2017,2439000000.0,21.614853956180195,0.017787438980580106,,,FR
FRY4,2018,2239000000.0,21.52929517456303,-0.08555878161716635,,,FR
FRY4,2019,2460000000.0,21.623427186890684,0.09413201232765545,,,FR
FRY4,2020,2415000000.0,21.604965124050945,-0.01846206283973828,,,FR
FRY4,2021,2494000000.0,21.637153684204257,0.03218856015331184,,,FR
FRY4,2022,2104000000.0,21.467106131821875,-0.1700475523823819,,,FR
FRY4,2023,2184000000.0,21.50442389482907,0.037317763007195026,,,FR
FRY4,2024,2066000000.0,21.448880207643857,-0.05554368718521374,,,FR
FRY5,2017,166000000.0,18.927498346320817,,,,FR
FRY5,2018,163000000.0,18.909260758771037,-0.018237587549780443,,,FR
FRY5,2019,180000000.0,19.008467408854486,0.09920665008344898,,,FR
FRY5,2020,181000000.0,19.0140075892301,0.005540180375614767,,,FR
FRY5,2021,193000000.0,19.07820074686916,0.06419315763906042,,,FR
FRY5,2022,181000000.0,19.0140075892301,-0.06419315763906042,,,FR
FRY5,2023,201000000.0,19.11881546602335,0.10480787679324877,,,FR
FRY5,2024,205000000.0,19.138520537102682,0.019705071079332726,,,FR
HR02,2014,1669000000.0,21.23549048162611,,,,HR
HR02,2015,1792000000.0,21.30659815149915,0.07110766987304018,,,HR
HR02,2016,1782000000.0,21.30100216599503,-0.005595985504118772,,,HR
HR02,2017,2166000000.0,21.49614798552521,0.19514581953017895,,,HR
HR02,2018,2100000000.0,21.46520318167579,-0.03094480384941889,,,HR
HR02,2019,2203000000.0,21.513085904766616,0.04788272309082586,,,HR
HR02,2020,2022000000.0,21.42735295754469,-0.08573294722192415,,,HR
HR02,2021,1836000000.0,21.33085512914471,-0.09649782839998267,,,HR
HR02,2022,1347000000.0,21.021145734374638,-0.30970939477007065,,,HR
HR02,2023,1449000000.0,21.094139500284957,0.07299376591031859,-0.331919868086474,4.0,HR
HR02,2024,1274000000.0,20.965427394096384,-0.12871210618857276,0.11214137700484988,2.0,HR
HR02,2025,,,,-0.47181450529439073,4.0,HR
HR03,2014,4531000000.0,22.23420850263141,,,,HR
HR03,2015,4400000000.0,22.204870377870627,-0.029338124760784012,,,HR
HR03,2016,4503000000.0,22.228009678265845,0.0231393003952185,,,HR
HR03,2017,3621000000.0,22.010016067729914,-0.21799361053593103,,,HR
HR03,2018,3491000000.0,21.97345406506931,-0.03656200266060594,,,HR
HR03,2019,3303000000.0,21.918096983355063,-0.05535708171424503,,,HR
HR03,2020,3105000000.0,21.856279552331852,-0.061817431023211356,,,HR
HR03,2021,3186000000.0,21.88203204843427,0.0257524961024167,,,HR
HR03,2022,3074000000.0,21.846245482062816,-0.03578656637145272,,,HR
HR03,2023,3019000000.0,21.828191487671113,-0.0180539943917033,-0.07313368234955178,4.0,HR
HR03,2024,2202000000.0,21.5126318752469,-0.31555961242421304,0.36733609112955595,2.0,HR
HR03,2025,,,,-0.6858052469827715,4.0,HR
HR05,2014,633000000.0,20.265980980108452,,,,HR
HR05,2015,673000000.0,20.327255887609002,0.06127490750055031,,,HR
HR05,2016,683000000.0,20.342005417535063,0.01474952992606049,,,HR
HR05,2017,1090000000.0,20.809443533187462,0.46743811565239923,,,HR
HR05,2018,761000000.0,20.45014391582596,-0.3592996173615006,,,HR
HR05,2019,649000000.0,20.290943274668365,-0.15920064115759658,,,HR
HR05,2020,975000000.0,20.69794802896212,0.40700475429375516,,,HR
HR05,2021,972000000.0,20.694866362424712,-0.0030816665374082675,,,HR
HR05,2022,1069000000.0,20.78998946898932,0.09512310656460699,,,HR
HR05,2023,1107000000.0,20.82491949067291,0.03493002168359283,0.5917943711087739,4.0,HR
HR05,2024,979000000.0,20.702042200494784,-0.12287729017812765,1.2086058830956516,2.0,HR
HR05,2025,,,,0.4919398793152987,4.0,HR
HR06,2014,532000000.0,20.092154047305918,,,,HR
HR06,2015,370000000.0,19.729013563602543,-0.3631404837033756,,,HR
HR06,2016,342000000.0,19.650321295026878,-0.07869226857566503,,,HR
HR06,2017,424000000.0,19.865244013196232,0.2149227181693547,,,HR
HR06,2018,295000000.0,19.502485914304096,-0.3627580988921366,,,HR
HR06,2019,383000000.0,19.76354554714492,0.2610596328408228,,,HR
HR06,2020,247000000.0,19.324898894592252,-0.43864665255266644,,,HR
HR06,2021,372000000.0,19.73440441223742,0.40950551764516874,,,HR
HR06,2022,444000000.0,19.911335120396497,0.17693070815907674,,,HR
HR06,2023,390000000.0,19.781657297087968,-0.12967782330852984,0.029206934325783807,4.0,HR
HR06,2024,327000000.0,19.605470728861526,-0.1761865682264414,-0.029532823499781646,2.0,HR
HR06,2025,,,,0.1042794932181065,4.0,HR
HU11,2007,1925000000.0,21.378191804686157,,,,HU
HU11,2008,2215000000.0,21.51851824044351,0.14032643575735193,,,HU
HU11,2009,1330000000.0,21.008444779180074,-0.5100734612634348,,,HU
HU11,2010,1920000000.0,21.3755910229861,0.367146243806026,,,HU
HU11,2011,1729000000.0,21.270809043647564,-0.1047819793385365,,,HU
HU11,2012,1942000000.0,21.386984206815544,0.1161751631679806,,,HU
HU11,2013,1388000000.0,21.051129699031023,-0.3358545077845214,,,HU
HU11,2014,1333000000.0,21.010697878142985,-0.04043182088803832,,,HU
HU11,2015,1438000000.0,21.086519096245265,0.0758212181022806,,,HU
HU11,2016,1071000000.0,20.791858628412022,-0.29466046783324273,,,HU
HU11,2017,1267000000.0,20.959917738285412,0.1680591098733899,,,HU
HU11,2018,1155700000.0,20.86797205794567,-0.09194568033974093,,,HU
HU11,2019,1589150000.0,21.18646511903876,0.31849306109308984,,,HU
HU11,2020,1393741000.0,21.05525733575275,-0.1312077832860119,,,HU
HU11,2021,1461534000.0,21.102752406015078,0.04749507026232891,,,HU
HU11,2022,1407971000.0,21.06541549787924,-0.03733690813583834,,,HU
HU11,2023,981426000.0,20.70451717403459,-0.36089832384465126,-0.34973689856375684,4.0,HU
HU11,2024,1022762000.0,20.74577264777755,0.0412554737429609,-0.5600122323904337,2.0,HU
HU11,2025,,,,-0.1747159580204374,4.0,HU
HU12,2007,4231000000.0,22.165704208684343,,,,HU
HU12,2008,3947000000.0,22.09622163362712,-0.0694825750572221,,,HU
HU12,2009,2857000000.0,21.773037960195047,-0.323183673432073,,,HU
HU12,2010,3203000000.0,21.887353707573432,0.11431574737838446,,,HU
HU12,2011,2751000000.0,21.73523031888885,-0.15212338868458275,,,HU
HU12,2012,2625000000.0,21.68834673299,-0.046883585898850555,,,HU
HU12,2013,2131000000.0,21.47985719006289,-0.20848954292710786,,,HU
HU12,2014,1875000000.0,21.351874496368787,-0.1279826936941042,,,HU
HU12,2015,2244000000.0,21.53152582460686,0.17965132823807295,,,HU
HU12,2016,2293000000.0,21.553126840822177,0.021601016215317514,,,HU
HU12,2017,2597000000.0,21.67762276962702,0.12449592880484417,,,HU
HU12,2018,2417570000.0,21.606028740405094,-0.07159402922192726,,,HU
HU12,2019,2759300000.0,21.738242861319264,0.1322141209141705,,,HU
HU12,2020,2833244000.0,21.764688181865747,0.02644532054648252,,,HU
HU12,2021,2716760000.0,21.722705830769147,-0.04198235109659976,,,HU
HU12,2022,2389003000.0,21.59414196104484,-0.12856386972430656,,,HU
HU12,2023,3574904000.0,21.997204159584978,0.4030621985401375,-0.40470362653557695,4.0,HU
HU12,2024,2837490000.0,21.766185695518647,-0.23101846406633086,-0.321328528826233,2.0,HU
HU12,2025,,,,-0.4800173411131327,4.0,HU
HU21,2007,6423000000.0,22.583151135222067,,,,HU
HU21,2008,6397000000.0,22.579094967414413,-0.004056167807654276,,,HU
HU21,2009,5420000000.0,22.413361652397967,-0.16573331501644617,,,HU
HU21,2010,4785000000.0,22.288751861851328,-0.12460979054663923,,,HU
HU21,2011,5763000000.0,22.47472400940094,0.185972147549613,,,HU
HU21,2012,5710000000.0,22.46548486061433,-0.009239148786612361,,,HU
HU21,2013,4716000000.0,22.274226819621536,-0.19125804099279264,,,HU
HU21,2014,5042000000.0,22.34106866571214,0.06684184609060395,,,HU
HU21,2015,5798000000.0,22.480778867445874,0.1397102017337346,,,HU
HU21,2016,4057000000.0,22.123709621170722,-0.35706924627515235,,,HU
HU21,2017,3847000000.0,22.07055946071657,-0.053150160454151774,,,HU
HU21,2018,5507182000.0,22.429318895527576,0.3587594348110059,,,HU
HU21,2019,4056740000.0,22.123645532353457,-0.30567336317411886,,,HU
HU21,2020,5344008000.0,22.399241770185622,0.2755962378321648,,,HU
HU21,2021,4449158000.0,22.215980701738285,-0.18326106844733658,,,HU
HU21,2022,3647892000.0,22.017415303457092,-0.19856539828119324,,,HU
HU21,2023,5642502000.0,22.453593421108714,0.43617811765162173,-0.4332924239952196,4.0,HU
HU21,2024,2646791000.0,21.69661379976392,-0.7569796213447937,-0.6326057453253221,2.0,HU
HU21,2025,,,,-0.320902504044723,4.0,HU
HU22,2007,126000000.0,18.65179246491575,,,,HU
HU22,2008,123000000.0,18.627694913336693,-0.024097551579057352,,,HU
HU22,2009,127000000.0,18.659697644422867,0.03200273108617324,,,HU
HU22,2010,128000000.0,18.66754082188389,0.007843177461023032,,,HU
HU22,2011,363000000.0,19.709913392229126,1.0423725703452362,,,HU
HU22,2012,572000000.0,20.164649549344073,0.4547361571149473,,,HU
HU22,2013,207000000.0,19.14822935122964,-1.0164201981144316,,,HU
HU22,2014,958000000.0,20.680358335935136,1.5321289847054942,,,HU
HU22,2015,1052000000.0,20.77395895126193,0.09360061532679254,,,HU
HU22,2016,987000000.0,20.710180597397756,-0.06377835386417274,,,HU
HU22,2017,9080000000.0,22.92934002955961,2.219159432161856,,,HU
HU22,2018,845680000.0,20.55565159542468,-2.3736884341349302,,,HU
HU22,2019,912200000.0,20.631369822241876,0.07571822681719453,,,HU
HU22,2020,810153000.0,20.512733676682387,-0.11863614555948843,,,HU
HU22,2021,830836000.0,20.537942980755894,0.02520930407350619,,,HU
HU22,2022,1823077000.0,21.323791569820052,0.7858485890641589,,,HU
HU22,2023,3152070000.0,21.871325216817276,0.5475336469972234,-0.5088176883523231,4.0,HU
HU22,2024,786306000.0,20.482856587607944,-1.3884686292093313,-0.9423947021213872,2.0,HU
HU22,2025,,,,-0.44141411131817604,4.0,HU
HU23,2007,1497000000.0,21.126728942383902,,,,HU
HU23,2008,1386000000.0,21.049687737714123,-0.07704120466977926,,,HU
HU23,2009,1072000000.0,20.79279189959502,-0.2568958381191031,,,HU
HU23,2010,392000000.0,19.786772397754735,-1.006019501840285,,,HU
HU23,2011,926000000.0,20.646384792610455,0.8596123948557199,,,HU
HU23,2012,1006000000.0,20.729247908623957,0.08286311601350249,,,HU
HU23,2013,997000000.0,20.720261327926114,-0.008986580697843749,,,HU
HU23,2014,1198000000.0,20.903919336639667,0.18365800871355376,,,HU
HU23,2015,1381000000.0,21.046073711373566,0.1421543747338987,,,HU
HU23,2016,1339000000.0,21.015188903655446,-0.0308848077181203,,,HU
HU23,2017,1271000000.0,20.963069829153728,-0.05211907450171793,,,HU
HU23,2018,1716630000.0,21.263628903502532,0.30055907434880424,,,HU
HU23,2019,2180130000.0,21.502650344996955,0.2390214414944225,,,HU
HU23,2020,1935197000.0,21.383474967031525,-0.11917537796542987,,,HU
HU23,2021,1926061000.0,21.378742821679577,-0.004732145351947992,,,HU
HU23,2022,1750724554.0,21.283295570051852,-0.09544725162772494,,,HU
HU23,2023,1220838743.0,20.92280395373795,-0.3604916163139009,-0.501751473051468,4.0,HU
HU23,2024,951573000.0,20.67362696272447,-0.24917699101348134,-0.5819350519678135,2.0,HU
HU23,2025,,,,-0.20329517749882725,4.0,HU
HU31,2007,10197000000.0,23.0453593963285,,,,HU
HU31,2008,11614000000.0,23.17547710389627,0.13011770756776997,,,HU
HU31,2009,10682000000.0,23.09182591886399,-0.08365118503228075,,,HU
HU31,2010,9808000000.0,23.006464216140266,-0.08536170272372345,,,HU
HU31,2011,9612000000.0,22.986278154820635,-0.020186061319630966,,,HU
HU31,2012,7905000000.0,22.790761307607845,-0.19551684721279017,,,HU
HU31,2013,8154000000.0,22.82177444134347,0.031013133735626752,,,HU
HU31,2014,8228000000.0,22.83080880873712,0.00903436739364949,,,HU
HU31,2015,8310000000.0,22.840725445813767,0.00991663707664614,,,HU
HU31,2016,8529000000.0,22.866737958283384,0.026012512469616667,,,HU
HU31,2017,7714000000.0,22.766302696732446,-0.10043526155093829,,,HU
HU31,2018,7875950000.0,22.787079649302935,0.020776952570489726,,,HU
HU31,2019,6931290000.0,22.659311780011134,-0.12776786929180162,,,HU
HU31,2020,6803612000.0,22.640719484574777,-0.01859229543635621,,,HU
HU31,2021,5056686000.0,22.343977164966965,-0.2967423196078123,,,HU
HU31,2022,4717385000.0,22.274520457591354,-0.06945670737561116,,,HU
HU31,2023,4361071000.0,22.19598350634408,-0.07853695124727267,-0.6670162748650018,4.0,HU
HU31,2024,4120754000.0,22.13930199327235,-0.056681513071730194,-0.477625554247772,2.0,HU
HU31,2025,,,,0.03593234499003381,4.0,HU
HU32,2007,261000000.0,19.380030965286966,,,,HU
HU32,2008,346000000.0,19.661949333021997,0.281918367735031,,,HU
HU32,2009,153000000.0,18.84594847935671,-0.8160008536652867,,,HU
HU32,2010,377000000.0,19.747755745412285,0.9018072660555738,,,HU
HU32,2011,141000000.0,18.764270448342444,-0.9834852970698407,,,HU
HU32,2012,102000000.0,18.440483371248543,-0.3237870770939004,,,HU
HU32,2013,288000000.0,19.47847103810022,1.0379876668516772,,,HU
HU32,2014,481000000.0,19.991377828070036,0.512906789969815,,,HU
HU32,2015,122000000.0,18.61953160269753,-1.3718462253725043,,,HU
HU32,2016,195000000.0,19.08851011652802,0.46897851383048916,,,HU
HU32,2017,1014000000.0,20.737168742115404,1.6486586255873839,,,HU
HU32,2018,309000000.0,19.54885183486202,-1.188316907253384,,,HU
HU32,2019,355000000.0,19.68762834743969,0.13877651257767099,,,HU
HU32,2020,344000000.0,19.656152215337674,-0.03147613210201783,,,HU
HU32,2021,563063000.0,20.148902080376427,0.4927498650387534,,,HU
HU32,2022,555157050.0,20.134761604654383,-0.014140475722044243,,,HU
HU32,2023,527298165.0,20.08327672450223,-0.05148488015215236,-0.644446313862965,4.0,HU
HU32,2024,446830310.452,19.917689461828818,-0.16558726267341228,-0.6363253581686421,2.0,HU
HU32,2025,,,,-0.6103602137977938,4.0,HU
HU33,2007,248000000.0,19.328939304129257,,,,HU
HU33,2008,250000000.0,19.33697147582652,0.008032171697262669,,,HU
HU33,2009,233000000.0,19.266549011529975,-0.07042246429654497,,,HU
HU33,2010,228000000.0,19.244856186918714,-0.021692824611260875,,,HU
HU33,2011,118000000.0,18.58619518242994,-0.6586610044887742,,,HU
HU33,2012,116000000.0,18.56910074907064,-0.01709443335930061,,,HU
HU33,2013,111000000.0,18.525040759276607,-0.04405998979403236,,,HU
HU33,2014,234000000.0,19.270831673321975,0.7457909140453687,,,HU
HU33,2015,110000000.0,18.51599092375669,-0.754840749565286,,,HU
HU33,2016,229000000.0,19.249232561518514,0.7332416377618252,,,HU
HU33,2017,236000000.0,19.279342362989883,0.03010980147136877,,,HU
HU33,2018,222637000.0,19.2210532004235,-0.05828916256638195,,,HU
HU33,2020,101571000.0,18.43626861929402,-0.7847845811294825,,,HU
HU33,2023,,,,-0.6151304822073643,4.0,HU
HU33,2024,,,,-0.778625306344459,2.0,HU
HU33,2025,,,,-0.5112875767695182,4.0,HU
IE04,2007,1892000000.0,21.3609003075761,,,,IE
IE04,2008,1821000000.0,21.322651637691884,-0.03824866988421505,,,IE
IE04,2009,1609000000.0,21.19887870495666,-0.12377293273522483,,,IE
IE04,2010,1560000000.0,21.16795165820786,-0.030927046748800535,,,IE
IE04,2011,887000000.0,20.603355540273853,-0.5645961179340055,,,IE
IE04,2012,823000000.0,20.528466758641343,-0.07488878163250945,,,IE
IE04,2013,559000000.0,20.141660031119372,-0.38680672752197154,,,IE
IE04,2014,1052000000.0,20.77395895126193,0.6322989201425564,,,IE
IE04,2015,901000000.0,20.619015815572613,-0.15494313568931517,,,IE
IE04,2016,1060000000.0,20.78153474507039,0.16251892949777513,,,IE
IE04,2017,1054000000.0,20.77585828706558,-0.0056764580048067614,,,IE
IE04,2018,1317018697.0,20.998636456265857,0.22277816920027504,,,IE
IE04,2019,1511106389.0,21.136107927420845,0.13747147115498848,,,IE
IE04,2020,1418048547.0,21.072547500718535,-0.06356042670230977,,,IE
IE04,2021,1650110910.0,21.22410834078168,0.1515608400631443,,,IE
IE04,2022,1416725519.6,21.071614073598788,-0.15249426718289172,,,IE
IE04,2023,1121188480.0,20.83765510249645,-0.23395897110233932,,,IE
IE04,2024,1005012780.0,20.728266094794506,-0.10938900770194238,,,IE
IE05,2007,9293000000.0,22.952527265521613,,,,IE
IE05,2008,8291000000.0,22.83843642608049,-0.11409083944112197,,,IE
IE05,2009,6374000000.0,22.575493052941557,-0.2629433731389348,,,IE
IE05,2010,7353000000.0,22.718374230160496,0.14288117721893911,,,IE
IE05,2011,7058000000.0,22.67742756219949,-0.040946667961005545,,,IE
IE05,2012,7793000000.0,22.776491731807834,0.09906416960834363,,,IE
IE05,2013,7048000000.0,22.67600972558029,-0.10048200622754422,,,IE
IE05,2014,6989000000.0,22.667603321441405,-0.008406404138884938,,,IE
IE05,2015,8419000000.0,22.853756893301938,0.18615357186053316,,,IE
IE05,2016,9023000000.0,22.923042709958775,0.06928581665683708,,,IE
IE05,2017,8262000000.0,22.834932525920983,-0.08811018403779158,,,IE
IE05,2018,6371783048.6,22.575145180800018,-0.2597873451209658,,,IE
IE05,2019,4934603540.98214,22.3195381704309,-0.25560701036911837,,,IE
IE05,2020,5397266204.649743,22.409158403926394,0.08962023349549497,,,IE
IE05,2021,7797427586.4,22.77705971963171,0.36790131570531415,,,IE
IE05,2022,7119384214.0,22.686087071832343,-0.09097264779936509,,,IE
IE05,2023,5706130955.91,22.464807040036924,-0.22128003179541977,,,IE
IE05,2024,4662755338.17,22.262872384635607,-0.20193465540131683,,,IE
IE06,2007,8471000000.0,22.859914402395827,,,,IE
IE06,2008,9201000000.0,22.942578010746637,0.08266360835080988,,,IE
IE06,2009,8157000000.0,22.822142291264853,-0.12043571948178311,,,IE
IE06,2010,7484000000.0,22.736033245358254,-0.08610904590659985,,,IE
IE06,2011,6790000000.0,22.638716778517015,-0.09731646684123874,,,IE
IE06,2012,7333000000.0,22.715650546058075,0.0769337675410604,,,IE
IE06,2013,6908000000.0,22.655945997230845,-0.05970454882723075,,,IE
IE06,2014,6791000000.0,22.638864043078065,-0.017081954152779133,,,IE
IE06,2015,6467000000.0,22.589978159410865,-0.04888588366720015,,,IE
IE06,2016,5616000000.0,22.44888550366992,-0.14109265574094465,,,IE
IE06,2017,6728000000.0,22.629543759617057,0.18065825594713658,,,IE
IE06,2018,7511325270.0,22.73967775453075,0.11013399491369213,,,IE
IE06,2019,7326945555.0,22.714824561360995,-0.024853193169754206,,,IE
IE06,2020,6026300961.0,22.51939922015115,-0.19542534120984456,,,IE
IE06,2021,5509095802.146036,22.429666345401237,-0.0897328747499131,,,IE
IE06,2022,5876455420.0,22.49421959736019,0.06455325195895156,,,IE
IE06,2023,4970570985.7,22.32680055691476,-0.16741904044543077,,,IE
IE06,2024,5159012671.5130005,22.364011055401487,0.03721049848672919,,,IE
IS00,2007,1084000000.0,20.803923739963867,,,,IS
IS00,2008,1512000000.0,21.136699114703752,0.33277537473988517,,,IS
IS00,2009,1562000000.0,21.169232888363904,0.032533773660151866,,,IS
IS00,2010,1585000000.0,21.183850244275654,0.014617355911749286,,,IS
IS00,2011,1560000000.0,21.16795165820786,-0.01589858606779515,,,IS
IS00,2012,1632000000.0,21.213072093488325,0.04512043528046661,,,IS
IS00,2013,1701000000.0,21.254482150360136,0.04141005687181121,,,IS
IS00,2014,1654000000.0,21.226462433547912,-0.02801971681222426,,,IS
IS00,2015,1305000000.0,20.98946887772107,-0.23699355582684234,,,IS
IS00,2016,1279000000.0,20.96934435954312,-0.020124518177951245,,,IS
IS00,2017,1347000000.0,21.021145734374638,0.05180137483151981,,,IS
IS00,2018,1335410285.0,21.012504411170575,-0.008641323204063411,,,IS
IS00,2019,764170460.0,20.45430143742755,-0.5582029737430254,,,IS
IS00,2020,742836876.0,20.42598703079862,-0.02831440662892959,,,IS
IS00,2021,788781473.0,20.485999873400797,0.060012842602176875,,,IS
IS00,2022,937544712.0,20.658775007471576,0.17277513407077905,,,IS
ITC1,2007,8926000000.0,22.91223420315349,,,,IT
ITC1,2008,10102000000.0,23.035999260992273,0.123765057838785,,,IT
ITC1,2009,8809000000.0,22.899039763074068,-0.1369594979182054,,,IT
ITC1,2010,8688000000.0,22.88520860013799,-0.013831162936078556,,,IT
ITC1,2011,8665000000.0,22.88255776011398,-0.0026508400240103924,,,IT
ITC1,2012,8225000000.0,22.830444133597847,-0.05211362651613172,,,IT
ITC1,2013,7776000000.0,22.77430790410455,-0.05613622949329766,,,IT
ITC1,2014,6624000000.0,22.61396525402937,-0.16034265007517945,,,IT
ITC1,2015,7205000000.0,22.698041066397895,0.0840758123685248,,,IT
ITC1,2016,8331000000.0,22.843249333939184,0.1452082675412889,,,IT
ITC1,2017,9627000000.0,22.98783748774224,0.14458815380305623,,,IT
ITC1,2018,8303098267.4,22.839894567324283,-0.14794292041795742,,,IT
ITC1,2019,9426894770.0,22.96683258668011,0.12693801935582627,,,IT
ITC1,2020,9063854151.1,22.92756026953427,-0.039272317145840674,,,IT
ITC1,2021,9750838216.6,23.00061908919421,0.07305881965994132,,,IT
ITC1,2022,8930117838.3,22.91269542752603,-0.087923661668178,,,IT
ITC1,2023,7868731036.5,22.786162645777857,-0.12653278174817473,,,IT
ITC2,2014,105000000.0,18.469470908121796,,,,IT
ITC2,2017,109000000.0,18.50685844019342,0.03738753207162304,,,IT
ITC2,2018,107235300.0,18.490536043441356,-0.01632239675206293,,,IT
ITC2,2021,104847800.0,18.468020332736323,-0.022515710705032888,,,IT
ITC3,2007,9488000000.0,22.97329367920178,,,,IT
ITC3,2008,9741000000.0,22.99960961873523,0.02631593953345046,,,IT
ITC3,2009,7449000000.0,22.73134563214055,-0.26826398659468254,,,IT
ITC3,2010,8347000000.0,22.84516802981501,0.11382239767446123,,,IT
ITC3,2011,7863000000.0,22.78543404995579,-0.05973397985922091,,,IT
ITC3,2012,8296000000.0,22.839039307873637,0.05360525791784809,,,IT
ITC3,2013,7846000000.0,22.78326968473377,-0.05576962313986655,,,IT
ITC3,2014,5050000000.0,22.34265408023368,-0.44061560450009196,,,IT
ITC3,2015,4063000000.0,22.125187453952,-0.21746662628167712,,,IT
ITC3,2016,4328000000.0,22.18837137849059,0.06318392453858834,,,IT
ITC3,2017,3582000000.0,21.99918714058493,-0.18918423790566052,,,IT
ITC3,2018,3409062675.3,21.94970321517811,-0.04948392540681823,,,IT
ITC3,2019,2052091791.0,21.44212549571061,-0.507577719467502,,,IT
ITC3,2020,1197236484.4,20.903281808252945,-0.5388436874576641,,,IT
ITC3,2021,1322022817.1,21.002428837757975,0.09914702950502985,,,IT
ITC3,2022,1475190571.6,21.112053019477198,0.10962418171922295,,,IT
ITC3,2023,730431736.0,20.409146336465394,-0.702906683011804,,,IT
ITC4,2007,27051000000.0,24.020989810132292,,,,IT
ITC4,2008,27779000000.0,24.047546176504465,0.026556366372172846,,,IT
ITC4,2009,22094000000.0,23.818571915396493,-0.2289742611079717,,,IT
ITC4,2010,21885000000.0,23.80906730758927,-0.009504607807222953,,,IT
ITC4,2011,21331000000.0,23.783427250656093,-0.02564005693317739,,,IT
ITC4,2012,18745000000.0,23.654192887134286,-0.12923436352180673,,,IT
ITC4,2013,17201000000.0,23.568233358610666,-0.08595952852362032,,,IT
ITC4,2014,15399000000.0,23.457568409192685,-0.11066494941798055,,,IT
ITC4,2015,10791000000.0,23.101978290328006,-0.3555901188646793,,,IT
ITC4,2016,16614000000.0,23.53351155036329,0.4315332600352839,,,IT
ITC4,2017,16152000000.0,23.505309717956948,-0.02820183240634222,,,IT
ITC4,2018,18506916782.3,23.641410379279257,0.1361006613223097,,,IT
ITC4,2019,19045149033.5,23.670078262181093,0.02866788290183564,,,IT
ITC4,2020,17399378379.3,23.579700317201144,-0.09037794497994867,,,IT
ITC4,2021,19030902283.3,23.669329930861426,0.0896296136602821,,,IT
ITC4,2022,18952428249.4,23.66519790007567,-0.0041320307857581895,,,IT
ITC4,2023,16402655915.5,23.52070910473179,-0.1444887953438787,,,IT
ITF1,2007,2237000000.0,21.528401519454405,,,,IT
ITF1,2008,2522000000.0,21.64831807448914,0.11991655503473453,,,IT
ITF1,2009,2760000000.0,21.73849651667547,0.09017844218632831,,,IT
ITF1,2010,2015000000.0,21.42388503234506,-0.31461148433040975,,,IT
ITF1,2011,1769000000.0,21.29368025212406,-0.1302047802209998,,,IT
ITF1,2012,993000000.0,20.716241222009447,-0.5774390301146113,,,IT
ITF1,2013,645000000.0,20.284760874760046,-0.4314803472494013,,,IT
ITF1,2014,475000000.0,19.978825361998915,-0.3059355127611312,,,IT
ITF1,2015,436000000.0,19.89315280131331,-0.08567256068560525,,,IT
ITF1,2016,1706000000.0,21.257417286015897,1.3642644847025878,,,IT
ITF1,2017,740000000.0,20.42216074416249,-0.8352565418534077,,,IT
ITF1,2018,800296000.0,20.50049221719908,0.0783314730365916,,,IT
ITF1,2019,1135981000.0,20.850762431753388,0.35027021455430685,,,IT
ITF1,2020,1147182000.0,20.860574337309966,0.009811905556578182,,,IT
ITF1,2021,1195786000.0,20.902069546699124,0.04149520938915785,,,IT
ITF1,2022,991492000.0,20.71472143730862,-0.1873481093905056,,,IT
ITF1,2023,625793000.0,20.25453020345417,-0.4601912338544487,,,IT
ITF2,2007,2788000000.0,21.74859032984469,,,,IT
ITF2,2008,2667000000.0,21.70422008214629,-0.04437024769839937,,,IT
ITF2,2009,2052000000.0,21.442080764254936,-0.2621393178913536,,,IT
ITF2,2010,1391000000.0,21.053288749887717,-0.388792014367219,,,IT
ITF2,2011,1266000000.0,20.959128160668396,-0.09416058921932091,,,IT
ITF2,2012,786000000.0,20.48246735039348,-0.4766608102749146,,,IT
ITF2,2013,958000000.0,20.680358335935136,0.19789098554165463,,,IT
ITF2,2014,783000000.0,20.478643253955077,-0.20171508198005839,,,IT
ITF2,2015,684000000.0,20.343468475586825,-0.13517477836825265,,,IT
ITF2,2016,1023000000.0,20.746005323915902,0.40253684832907766,,,IT
ITF2,2017,1253000000.0,20.948806512860344,0.20280118894444144,,,IT
ITF2,2018,1168339642.2,20.878849468636155,-0.06995704422418925,,,IT
ITF2,2019,1625212507.9,21.208904418270233,0.33005494963407855,,,IT
ITF2,2020,1448114693.1,21.093528335715142,-0.11537608255509113,,,IT
ITF2,2021,1379914113.2,21.04528709736714,-0.04824123834800176,,,IT
ITF2,2022,1199269292.9,20.904978285688383,-0.1403088116787572,,,IT
ITF2,2023,987102788.7,20.71028473452849,-0.19469355115989373,,,IT
ITF3,2007,4013000000.0,22.112804928231192,,,,IT
ITF3,2008,4399000000.0,22.204643079312994,0.09183815108180227,,,IT
ITF3,2009,4086000000.0,22.130832333341843,-0.07381074597115145,,,IT
ITF3,2010,3435000000.0,21.957282762620725,-0.17354957072111787,,,IT
ITF3,2011,3471000000.0,21.96770857382606,0.010425811205333702,,,IT
ITF3,2012,3034000000.0,21.83314771787275,-0.1345608559533069,,,IT
ITF3,2013,1921000000.0,21.37611172073283,-0.45703599713992205,,,IT
ITF3,2014,1442000000.0,21.08929687580917,-0.2868148449236614,,,IT
ITF3,2015,2249000000.0,21.53375150992359,0.44445463411442176,,,IT
ITF3,2016,2433000000.0,21.612390900747798,0.07863939082420757,,,IT
ITF3,2017,2395000000.0,21.596649067809288,-0.015741832938509503,,,IT
ITF3,2018,1703061000.0,21.255693057128163,-0.3409560106811256,,,IT
ITF3,2019,2235956149.2,21.527934780776835,0.2722417236486727,,,IT
ITF3,2020,1809300479.2,21.3162061319431,-0.2117286488337342,,,IT
ITF3,2021,1819900297.9,21.322047555160935,0.005841423217834318,,,IT
ITF3,2022,1883848817.9,21.35658276460475,0.034535209443813386,,,IT
ITF3,2023,1717660715.0,21.264229152646525,-0.09235361195822378,,,IT
ITF4,2007,45890000000.0,24.549513065353153,,,,IT
ITF4,2008,44943000000.0,24.528660857149767,-0.020852208203386624,,,IT
ITF4,2009,32034000000.0,24.190063675692514,-0.3385971814572528,,,IT
ITF4,2010,36699000000.0,24.326015343679302,0.13595166798678804,,,IT
ITF4,2011,39573000000.0,24.401412904481305,0.07539756080200277,,,IT
ITF4,2012,37772000000.0,24.354833924347233,-0.04657898013407191,,,IT
ITF4,2013,31530000000.0,24.174205310503382,-0.18062861384385087,,,IT
ITF4,2014,28860000000.0,24.085722390292137,-0.08848292021124493,,,IT
ITF4,2015,30418000000.0,24.13830037539659,0.05257798510445255,,,IT
ITF4,2016,27851000000.0,24.050134709317806,-0.08816566607878329,,,IT
ITF4,2017,24216000000.0,23.91027940866583,-0.13985530065197693,,,IT
ITF4,2018,22634418313.8,23.842737518975294,-0.06754188969053487,,,IT
ITF4,2019,20394204735.0,23.73851661582011,-0.10422090315518417,,,IT
ITF4,2020,18888039160.3,23.661794710017393,-0.07672190580271732,,,IT
ITF4,2021,20205238633.7,23.729207746033186,0.06741303601579318,,,IT
ITF4,2022,22469506394.9,23.835424955608193,0.10621720957500713,,,IT
ITF4,2023,13860130686.8,23.352282259725765,-0.4831426958824281,,,IT
ITF5,2007,1184000000.0,20.892164373408225,,,,IT
ITF5,2008,1132000000.0,20.847251816727404,-0.044912556680820614,,,IT
ITF5,2009,1512000000.0,21.136699114703752,0.2894472979763485,,,IT
ITF5,2010,1342000000.0,21.0174268754959,-0.11927223920785224,,,IT
ITF5,2011,1406000000.0,21.064014630334885,0.04658775483898481,,,IT
ITF5,2012,1078000000.0,20.798373309433217,-0.26564132090166837,,,IT
ITF5,2013,1242000000.0,20.9399888204577,0.141615511024483,,,IT
ITF5,2014,1114000000.0,20.831222978451503,-0.10876584200619632,,,IT
ITF5,2015,450000000.0,19.92475814072864,-0.906464837722865,,,IT
ITF5,2016,1446000000.0,21.092066960682985,1.1673088199543464,,,IT
ITF5,2017,1469000000.0,21.10784773413815,0.01578077345516604,,,IT
ITF5,2018,1527169305.9,21.146681731889398,0.038833997751247296,,,IT
ITF5,2019,1543133292.0,21.157080791560823,0.010399059671424737,,,IT
ITF5,2020,1836104799.9,21.330912208071233,0.17383141651041,,,IT
ITF5,2021,1677831514.6,21.240768031487704,-0.09014417658352869,,,IT
ITF5,2022,1669580529.3,21.2358382517642,-0.0049297797235041685,,,IT
ITF5,2023,1470039160.0,21.108554876838014,-0.12728337492618635,,,IT
ITF6,2007,4138000000.0,22.14347841626976,,,,IT
ITF6,2008,5301000000.0,22.39116131895208,0.24768290268231752,,,IT
ITF6,2009,3943000000.0,22.0952076918419,-0.2959536271101797,,,IT
ITF6,2010,4045000000.0,22.120747387456866,0.025539695614966718,,,IT
ITF6,2011,3228000000.0,21.895128587354115,-0.22561880010275104,,,IT
ITF6,2012,3314000000.0,21.92142175595078,0.026293168596666305,,,IT
ITF6,2013,2355000000.0,21.579806564414792,-0.34161519153598974,,,IT
ITF6,2014,1760000000.0,21.28857964599647,-0.29122691841832093,,,IT
ITF6,2015,3995000000.0,22.108309416164648,0.8197297701681769,,,IT
ITF6,2016,4427000000.0,22.210987990696417,0.10267857453176887,,,IT
ITF6,2017,4903000000.0,22.313113099615506,0.10212510891908977,,,IT
ITF6,2018,4756495500.0,22.282776994536544,-0.03033610507896256,,,IT
ITF6,2019,5084533000.0,22.3494690234881,0.06669202895155735,,,IT
ITF6,2020,4520672900.0,22.231926691391678,-0.11754233209642351,,,IT
ITF6,2021,4090092300.0,22.13183337398365,-0.10009331740802807,,,IT
ITF6,2022,3958389360.0,22.0991030522041,-0.0327303217795496,,,IT
ITF6,2023,3551330580.0,21.990588181477143,-0.10851487072695676,,,IT
ITG1,2007,28698000000.0,24.080093270872627,,,,IT
ITG1,2008,26079000000.0,23.984396229711447,-0.09569704116118061,,,IT
ITG1,2009,23608000000.0,23.884851474587048,-0.09954475512439842,,,IT
ITG1,2010,24133000000.0,23.90684603541989,0.021994560832840904,,,IT
ITG1,2011,22755000000.0,23.848050738415015,-0.05879529700487396,,,IT
ITG1,2012,22710000000.0,23.846071193063878,-0.001979545351137091,,,IT
ITG1,2013,18757000000.0,23.654832853024615,-0.19123834003926277,,,IT
ITG1,2014,18244000000.0,23.627102095795866,-0.02773075722874907,,,IT
ITG1,2015,16823000000.0,23.546012834683435,-0.08108926111243164,,,IT
ITG1,2016,15729000000.0,23.478771979204918,-0.06724085547851644,,,IT
ITG1,2017,15198000000.0,23.444429677194005,-0.03434230201091282,,,IT
ITG1,2018,13367084154.9,23.316061115636735,-0.12836856155727006,,,IT
ITG1,2019,13273204420.5,23.309013134699935,-0.007047980936800258,,,IT
ITG1,2020,12893138430.1,23.27996110215917,-0.029052032540764827,,,IT
ITG1,2021,13302230802.1,23.311197587590307,0.031236485431136884,,,IT
ITG1,2022,15651949652.5,23.473861324607828,0.16266373701752102,,,IT
ITG1,2023,14454405387.3,23.39426507613453,-0.07959624847329749,,,IT
ITG2,2007,17203000000.0,23.568349624161314,,,,IT
ITG2,2008,16592000000.0,23.53218648843358,-0.03616313572773322,,,IT
ITG2,2009,14811000000.0,23.418635984891246,-0.11355050354233498,,,IT
ITG2,2010,14285000000.0,23.382475872629147,-0.03616011226209892,,,IT
ITG2,2011,13929000000.0,23.357238834652307,-0.02523703797684007,,,IT
ITG2,2012,13248000000.0,23.307112434589314,-0.05012640006299307,,,IT
ITG2,2013,12288000000.0,23.231889013351726,-0.07522342123758818,,,IT
ITG2,2014,11913000000.0,23.200896077763634,-0.030992935588091797,,,IT
ITG2,2015,10852000000.0,23.107615231743097,-0.09328084602053721,,,IT
ITG2,2016,10194000000.0,23.04506514886426,-0.06255008287883612,,,IT
ITG2,2017,11525000000.0,23.167784425829122,0.12271927696486173,,,IT
ITG2,2018,11361980819.3,23.153538602935228,-0.0142458228938942,,,IT
ITG2,2019,11457678942.3,23.16192599214399,0.008387389208760254,,,IT
ITG2,2020,10762231932.3,23.09930879882212,-0.06261719332186999,,,IT
ITG2,2021,10306025106.9,23.05599452299347,-0.04331427582864933,,,IT
ITG2,2022,11027032493.2,23.12361559441309,0.06762107141961948,,,IT
ITG2,2023,9581889430.8,22.98314063607965,-0.1404749583334386,,,IT
ITH1,2022,151232000.0,18.834325639528718,,,,IT
ITH1,2023,150544000.0,18.829765958228684,-0.004559681300033702,,,IT
ITH2,2007,362000000.0,19.707154769790044,,,,IT
ITH2,2008,338000000.0,19.638556453447293,-0.06859831634275082,,,IT
ITH2,2009,281000000.0,19.45386522729802,-0.18469122614927258,,,IT
ITH2,2010,346000000.0,19.661949333021997,0.20808410572397662,,,IT
ITH2,2011,317000000.0,19.574412331841554,-0.0875370011804435,,,IT
ITH2,2012,311000000.0,19.555303470143507,-0.019108861698047264,,,IT
ITH2,2013,312000000.0,19.558513745773755,0.0032102756302485602,,,IT
ITH2,2014,362000000.0,19.707154769790044,0.14864102401628898,,,IT
ITH2,2015,200000000.0,19.11382792451231,-0.5933268452777334,,,IT
ITH2,2016,329000000.0,19.611568308729645,0.4977403842173338,,,IT
ITH2,2017,332000000.0,19.62064552688076,0.009077218151116284,,,IT
ITH2,2018,322631400.0,19.59202105307867,-0.028624473802089767,,,IT
ITH2,2019,303552000.0,19.53106348821939,-0.0609575648592795,,,IT
ITH2,2020,266208900.0,19.399791896875037,-0.13127159134435473,,,IT
ITH2,2021,304761200.0,19.53503907708594,0.13524718021090365,,,IT
ITH2,2022,172110500.0,18.963647270360763,-0.5713918067251775,,,IT
ITH2,2023,268156700.0,19.407082069096354,0.44343479873559133,,,IT
ITH3,2007,13411000000.0,23.319341102675214,,,,IT
ITH3,2008,12627000000.0,23.259103215402956,-0.060237887272258206,,,IT
ITH3,2009,9836000000.0,23.00931496130036,-0.2497882541025973,,,IT
ITH3,2010,8163000000.0,22.82287758541563,-0.1864373758847293,,,IT
ITH3,2011,7024000000.0,22.672598693279227,-0.15027889213640222,,,IT
ITH3,2012,8079000000.0,22.812533939443984,0.1399352461647574,,,IT
ITH3,2013,7698000000.0,22.764226391807966,-0.048307547636017745,,,IT
ITH3,2014,7039000000.0,22.674731951572404,-0.08949444023556197,,,IT
ITH3,2015,8540000000.0,22.86802684474689,0.19329489317448534,,,IT
ITH3,2016,7972000000.0,22.79920123929696,-0.06882560544993055,,,IT
ITH3,2017,6973000000.0,22.665311385185284,-0.13388985411167553,,,IT
ITH3,2018,6482788044.0,22.592416508481715,-0.0728948767035682,,,IT
ITH3,2019,4880673274.0,22.308549013278643,-0.2838674952030722,,,IT
ITH3,2020,3397661354.0,21.94635319484126,-0.3621958184373817,,,IT
ITH3,2021,3987174158.0,22.10634858585638,0.15999539101511928,,,IT
ITH3,2022,5638019404.7,22.45279867140254,0.3464500855461594,,,IT
ITH3,2023,3957391554.8,22.098850946892945,-0.3539477245095952,,,IT
ITH4,2007,7770000000.0,22.77353600132597,,,,IT
ITH4,2008,6907000000.0,22.655801227053246,-0.11773477427272283,,,IT
ITH4,2009,5876000000.0,22.49414209525804,-0.1616591317952043,,,IT
ITH4,2010,6293000000.0,22.56270374149121,0.0685616462331673,,,IT
ITH4,2011,6057000000.0,22.52448046494522,-0.03822327654598823,,,IT
ITH4,2012,6039000000.0,22.521504272272175,-0.00297619267304583,,,IT
ITH4,2013,5797000000.0,22.480606379304007,-0.04089789296816804,,,IT
ITH4,2014,4694000000.0,22.269550934375243,-0.21105544492876405,,,IT
ITH4,2015,4611000000.0,22.25171059017098,-0.017840344204262948,,,IT
ITH4,2016,6268000000.0,22.558723161440184,0.30701257126920467,,,IT
ITH4,2017,5993000000.0,22.51385795842246,-0.04486520301772501,,,IT
ITH4,2018,6039714570.0,22.52162259115399,0.007764632731529275,,,IT
ITH4,2019,4128911028.0,22.141279535543607,-0.38034305561038195,,,IT
ITH4,2020,3170816634.0,21.877255004908218,-0.264024530635389,,,IT
ITH4,2021,3087687814.0,21.850688367495753,-0.0265666374124649,,,IT
ITH4,2022,3757570137.3,22.0470383453653,0.19634997786954855,,,IT
ITH4,2023,2852582302.1,21.771490491904785,-0.275547853460516,,,IT
ITH5,2007,12386000000.0,23.239832639462282,,,,IT
ITH5,2008,12310000000.0,23.233677777142773,-0.0061548623195086805,,,IT
ITH5,2009,10163000000.0,23.04201951110204,-0.19165826604073288,,,IT
ITH5,2010,11407000000.0,23.157493038992172,0.11547352789013132,,,IT
ITH5,2011,10318000000.0,23.05715577976887,-0.10033725922330206,,,IT
ITH5,2012,9129000000.0,22.934721996529355,-0.12243378323951504,,,IT
ITH5,2013,6902000000.0,22.655077061622222,-0.2796449349071324,,,IT
ITH5,2014,6319000000.0,22.56682680473773,-0.08825025688449273,,,IT
ITH5,2015,4105000000.0,22.1354715798508,-0.43135522488692857,,,IT
ITH5,2016,8419000000.0,22.853756893301938,0.7182853134511369,,,IT
ITH5,2017,8938000000.0,22.91357768745767,0.05982079415573338,,,IT
ITH5,2018,8074465037.5,22.81197245463455,-0.10160523282312184,,,IT
ITH5,2019,8994688191.5,22.919900039101048,0.10792758446649842,,,IT
ITH5,2020,8566002202.4,22.87106697324906,-0.0488330658519871,,,IT
ITH5,2021,10091092265.6,23.034918917742466,0.16385194449340545,,,IT
ITH5,2022,9041296047.5,22.925068369160556,-0.10985054858191035,,,IT
ITH5,2023,8226360303.5,22.830609506366784,-0.09445886279377191,,,IT
ITI1,2007,12252000000.0,23.22895502591694,,,,IT
ITI1,2008,10731000000.0,23.0964025858914,-0.13255244002553823,,,IT
ITI1,2009,8110000000.0,22.816363705073734,-0.28003888081766704,,,IT
ITI1,2010,8674000000.0,22.883595882359586,0.0672321772858524,,,IT
ITI1,2011,7698000000.0,22.764226391807966,-0.1193694905516196,,,IT
ITI1,2012,6803000000.0,22.640629528309336,-0.12359686349862997,,,IT
ITI1,2013,6093000000.0,22.53040640821277,-0.11022312009656687,,,IT
ITI1,2014,4381000000.0,22.200542845778173,-0.32986356243459625,,,IT
ITI1,2015,4063000000.0,22.125187453952,-0.07535539182617157,,,IT
ITI1,2016,4270000000.0,22.174879664186946,0.04969221023494441,,,IT
ITI1,2017,4944000000.0,22.321440557101802,0.14656089291485586,,,IT
ITI1,2018,4155963037.9,22.147810016472043,-0.1736305406297589,,,IT
ITI1,2019,4623107461.3,22.254332926609877,0.10652291013783355,,,IT
ITI1,2020,3181099448.3,21.880492712443846,-0.3738402141660302,,,IT
ITI1,2021,4048388117.0,22.12158464304104,0.24109193059719303,,,IT
ITI1,2022,3762949376.8,22.048468895583884,-0.07311574745715532,,,IT
ITI1,2023,3733683496.0,22.040661115752435,-0.007807779831448869,,,IT
ITI2,2007,4638000000.0,22.25754907577975,,,,IT
ITI2,2008,4929000000.0,22.31840196466965,0.060852888889900925,,,IT
ITI2,2009,4156000000.0,22.147818910183393,-0.17058305448625788,,,IT
ITI2,2010,3554000000.0,21.99133956667887,-0.15647934350452175,,,IT
ITI2,2011,3466000000.0,21.966267028239827,-0.025072538439044223,,,IT
ITI2,2012,2925000000.0,21.79656031763023,-0.16970671060959575,,,IT
ITI2,2013,2267000000.0,21.541723208471804,-0.2548371091584265,,,IT
ITI2,2014,2103000000.0,21.466630733666975,-0.07509247480482983,,,IT
ITI2,2015,1735000000.0,21.274273250345235,-0.1923574833217394,,,IT
ITI2,2016,1383000000.0,21.047520889629034,-0.2267523607162012,,,IT
ITI2,2017,1873000000.0,21.350807260408363,0.30328637077932896,,,IT
ITI2,2018,1831309795.1,21.3282972828109,-0.022509977597461983,,,IT
ITI2,2019,2050138555.0,21.441173215617653,0.11287593280675168,,,IT
ITI2,2020,1898090095.0,21.364114004395336,-0.07705921122231629,,,IT
ITI2,2021,2060211456.0,21.44607446302359,0.0819604586282523,,,IT
ITI2,2022,1705694870.0,21.2572384130437,-0.18883604997988712,,,IT
ITI2,2023,1597633841.8,21.191789522740873,-0.06544889030282874,,,IT
ITI3,2007,2882000000.0,21.781750334523743,,,,IT
ITI3,2008,2915000000.0,21.793135656748866,0.011385322225123673,,,IT
ITI3,2009,2704000000.0,21.717997995127128,-0.07513766162173852,,,IT
ITI3,2010,2680000000.0,21.709082631469176,-0.008915363657951758,,,IT
ITI3,2011,2228000000.0,21.52437015901145,-0.1847124724577256,,,IT
ITI3,2012,2161000000.0,21.49383691447116,-0.030533244540290383,,,IT
ITI3,2013,512000000.0,20.05383518300378,-1.4400017314673796,,,IT
ITI3,2014,746000000.0,20.430236158168036,0.3764009751642554,,,IT
ITI3,2015,581000000.0,20.180261314816185,-0.2499748433518505,,,IT
ITI3,2016,616000000.0,20.238757521497792,0.05849620668160682,,,IT
ITI3,2017,1018000000.0,20.74110575507474,0.5023482335769494,,,IT
ITI3,2018,587642000.0,20.191628476904995,-0.5494772781697463,,,IT
ITI3,2019,514528367.7,20.05876124816157,-0.13286722874342516,,,IT
ITI3,2020,423523030.0,19.864118450743124,-0.19464279741844592,,,IT
ITI3,2021,478343000.0,19.98583860634492,0.12172015560179617,,,IT
ITI3,2022,523999000.0,20.07700033388655,0.09116172754162832,,,IT
ITI3,2023,518892000.0,20.06720632699037,-0.009794006896179042,,,IT
ITI4,2007,10687000000.0,23.09229388648917,,,,IT
ITI4,2008,7642000000.0,22.75692518597112,-0.3353687005180497,,,IT
ITI4,2009,8005000000.0,22.80333218339509,0.04640699742396848,,,IT
ITI4,2010,10174000000.0,23.043101283346985,0.23976909995189644,,,IT
ITI4,2011,13359000000.0,23.315456151954088,0.2723548686071027,,,IT
ITI4,2012,13219000000.0,23.304921025543674,-0.010535126410413653,,,IT
ITI4,2013,11875000000.0,23.197701186867118,-0.10721983867655638,,,IT
ITI4,2014,13058000000.0,23.292666809710852,0.09496562284373411,,,IT
ITI4,2015,11684000000.0,23.181486221471907,-0.11118058823894472,,,IT
ITI4,2016,12688000000.0,23.263922501838902,0.08243628036699491,,,IT
ITI4,2017,12419000000.0,23.242493394912305,-0.02142910692659683,,,IT
ITI4,2018,10680276725.5,23.091664580770125,-0.15082881414218008,,,IT
ITI4,2019,7291845324.1,22.71002248181268,-0.38164209895744605,,,IT
ITI4,2020,6676932790.7,22.621924555978463,-0.08809792583421583,,,IT
ITI4,2021,7161739105.0,22.692018680185313,0.07009412420685024,,,IT
ITI4,2022,7814525587.8,22.779250093641316,0.08723141345600283,,,IT
ITI4,2023,5157653255.1,22.363747517465775,-0.4155025761755411,,,IT
LT01,2007,625000000.0,20.253262207700676,,,,LT
LT01,2008,600000000.0,20.21244021318042,-0.040821994520253924,,,LT
LT01,2009,629000000.0,20.259641814664715,0.047201601484292866,,,LT
LT01,2010,1953000000.0,21.392632488840952,1.1329906741762379,,,LT
LT01,2011,988000000.0,20.711193255712143,-0.6814392331288097,,,LT
LT01,2012,1578000000.0,21.179424059370092,0.4682308036579492,,,LT
LT01,2013,1198000000.0,20.903919336639667,-0.2755047227304246,,,LT
LT01,2014,858000000.0,20.570114657452237,-0.3338046791874305,,,LT
LT01,2015,2618000000.0,21.68567650443412,1.1155618469818833,,,LT
LT01,2016,519000000.0,20.06741444113016,-1.618262063303959,,,LT
LT01,2017,159000000.0,18.884414760184505,-1.182999680945656,,,LT
LT01,2019,700000000.0,20.36659089300768,1.4821761328231737,,,LT
LT01,2020,1302000000.0,20.98716738073279,0.6205764877251099,,,LT
LT01,2021,1126000000.0,20.84193736666391,-0.14523001406887914,,,LT
LT01,2022,1126000000.0,20.84193736666391,0.0,,,LT
LT01,2023,,,,0.6218504505519846,2.0,LT
LT01,2024,,,,1.0049989153537786,2.0,LT
LT01,2025,,,,1.4077984250714342,4.0,LT
LT02,2007,4464000000.0,22.219311062025422,,,,LT
LT02,2008,5751000000.0,22.472639589678028,0.25332852765260583,,,LT
LT02,2009,4327000000.0,22.188140298189158,-0.28449929148887065,,,LT
LT02,2010,4536000000.0,22.235311403371863,0.04717110518270573,,,LT
LT02,2011,3107000000.0,21.856923467357323,-0.37838793601454057,,,LT
LT02,2012,1423000000.0,21.076033156054127,-0.780890311303196,,,LT
LT02,2013,1464000000.0,21.10443825248553,0.028405096431402654,,,LT
LT02,2014,5017000000.0,22.33609798244853,1.231659729962999,,,LT
LT02,2015,5241000000.0,22.37977815676644,0.043680174317913156,,,LT
LT02,2016,4801000000.0,22.292090066495213,-0.0876880902712287,,,LT
LT02,2017,5190000000.0,22.369999534124208,0.07790946762899509,,,LT
LT02,2018,4057370000.0,22.123800817406597,-0.24619871671761118,,,LT
LT02,2019,6124000000.0,22.535481314741848,0.4116804973352508,,,LT
LT02,2020,5416000000.0,22.412623372556386,-0.12285794218546187,,,LT
LT02,2021,5271000000.0,22.38548593481948,-0.027137437736904246,,,LT
LT02,2022,5271000000.0,22.38548593481948,0.0,,,LT
LT02,2023,,,,0.050963756995949294,2.0,LT
LT02,2024,,,,0.34400129348081027,2.0,LT
LT02,2025,,,,0.8536494035423912,4.0,LT
LU00,2007,2180000000.0,21.50259071374741,,,,LU
LU00,2008,2103000000.0,21.466630733666975,-0.03595998008043466,,,LU
LU00,2009,2211000000.0,21.516710738821722,0.0500800051547472,,,LU
LU00,2010,2293000000.0,21.553126840822177,0.0364161020004552,,,LU
LU00,2011,2135000000.0,21.481732483627,-0.07139435719517806,,,LU
LU00,2012,2135000000.0,21.481732483627,0.0,,,LU
LU00,2013,1627000000.0,21.21000366518331,-0.27172881844368746,,,LU
LU00,2014,1770000000.0,21.29424538353215,0.08424171834883865,,,LU
LU00,2015,1523000000.0,21.143947910859435,-0.15029747267271532,,,LU
LU00,2016,1372000000.0,21.039535366250103,-0.1044125446093318,,,LU
LU00,2017,1396000000.0,21.05687684128659,0.01734147503648842,,,LU
LU00,2018,1191000000.0,20.898059127319573,-0.15881771396701794,,,LU
LU00,2019,1417000000.0,21.071807797654955,0.17374867033538166,,,LU
LU00,2020,1257000000.0,20.951993766554523,-0.11981403110043232,,,LU
LU00,2021,1229000000.0,20.92946666753031,-0.022527099024213015,,,LU
LU00,2022,792000000.0,20.4900719497787,-0.4393947177516111,,,LU
LU00,2023,566000000.0,20.154104636167457,-0.335967313611242,,,LU
LU00,2024,1512000000.0,21.136699114703752,0.9825944785362957,,,LU
LV00,2007,593000000.0,20.200704956962,,,,LV
LV00,2008,573000000.0,20.166396274679013,-0.03430868228298678,,,LV
LV00,2009,492000000.0,20.01398927445658,-0.15240700022243203,,,LV
LV00,2010,858000000.0,20.570114657452237,0.5561253829956563,,,LV
LV00,2011,1291000000.0,20.978682948810917,0.4085682913586801,,,LV
LV00,2012,2036000000.0,21.43425293563469,0.4555699868237717,,,LV
LV00,2013,1985000000.0,21.408884751085566,-0.02536818454912293,,,LV
LV00,2014,1846000000.0,21.33628697302707,-0.0725977780584941,,,LV
LV00,2015,1838000000.0,21.331943860879907,-0.004343112147164874,,,LV
LV00,2016,1737000000.0,21.27542532420538,-0.05651853667452755,,,LV
LV00,2017,1613000000.0,21.201361636089484,-0.07406368811589559,,,LV
LV00,2018,2155000000.0,21.491056560502123,0.28969492441263966,,,LV
LV00,2019,2129000000.0,21.478918222857754,-0.012138337644369557,,,LV
LV00,2020,1712000000.0,21.260928114665962,-0.21799010819179188,,,LV
LV00,2021,1654000000.0,21.226462433547912,-0.03446568111804993,,,LV
LV00,2022,1617000000.0,21.20383841754138,-0.022624016006531633,,,LV
LV00,2023,1959000000.0,21.395699975908816,0.19186155836743524,,,LV
MT00,2007,2024000000.0,21.42834158837163,,,,MT
MT00,2008,2015000000.0,21.42388503234506,-0.00445655602657169,,,MT
MT00,2009,1897000000.0,21.363539527899288,-0.06034550444577036,,,MT
MT00,2010,1878000000.0,21.353473217732482,-0.010066310166806147,,,MT
MT00,2011,1936000000.0,21.383889825800797,0.030416608068314588,,,MT
MT00,2012,2052000000.0,21.442080764254936,0.05819093845413903,,,MT
MT00,2013,1700000000.0,21.253894088008582,-0.1881866762463531,,,MT
MT00,2014,1660000000.0,21.230083439314864,-0.023810648693718406,,,MT
MT00,2017,603000000.0,20.21742775469146,-1.0126556846234038,,,MT
MT00,2019,544000000.0,20.114459804820218,-0.10296794987124258,,,MT
MT00,2020,462000000.0,19.951075449046012,-0.1633843557742054,,,MT
MT00,2021,565000000.0,20.152336289110714,0.2012608400647018,,,MT
MT00,2022,592000000.0,20.19901719284828,0.04668090373756684,,,MT
NL11,2007,7179000000.0,22.694425934540757,,,,NL
NL11,2008,6973000000.0,22.665311385185284,-0.029114549355472974,,,NL
NL11,2009,7650000000.0,22.757971484784857,0.09266009959957344,,,NL
NL11,2010,7310000000.0,22.712509110708098,-0.04546237407675946,,,NL
NL11,2011,5957000000.0,22.50783283559296,-0.20467627511513697,,,NL
NL11,2012,3253000000.0,21.902843484437625,-0.6049893511553357,,,NL
NL11,2013,4188000000.0,22.155489129954702,0.25264564551707736,,,NL
NL11,2014,5845000000.0,22.48885243187044,0.33336330191573893,,,NL
NL11,2015,10431000000.0,23.068047978640244,0.5791955467698031,,,NL
NL11,2016,13828000000.0,23.34996135900579,0.2819133803655447,,,NL
NL11,2017,13229000000.0,23.305677226426653,-0.044284132579136326,,,NL
NL11,2018,13515000000.0,23.327066016674824,0.021388790248170864,,,NL
NL11,2019,12310000000.0,23.233677777142773,-0.09338823953205022,,,NL
NL11,2020,9356000000.0,22.959283685668343,-0.2743940914744307,,,NL
NL11,2021,12007000000.0,23.20875564999499,0.24947196432664853,,,NL
NL11,2022,10047000000.0,23.030539919426587,-0.17821573056840379,,,NL
NL11,2023,7511000000.0,22.739634449650286,-0.29090546977630183,,,NL
NL11,2024,6888000000.0,22.65304660407184,-0.08658784557844612,,,NL
NL12,2007,943000000.0,20.664576840597732,,,,NL
NL12,2008,999000000.0,20.72226533661283,0.05768849601509629,,,NL
NL12,2009,971000000.0,20.6938370262556,-0.028428310357227815,,,NL
NL12,2010,585000000.0,20.18712240519613,-0.5067146210594693,,,NL
NL12,2011,195000000.0,19.08851011652802,-1.098612288668111,,,NL
NL12,2012,282000000.0,19.457417628902387,0.36890751237436703,,,NL
NL12,2013,286000000.0,19.471502368784126,0.014084739881738528,,,NL
NL12,2014,272000000.0,19.42131262426027,-0.050189744523855495,,,NL
NL12,2015,240000000.0,19.296149481306266,-0.12516314295400477,,,NL
NL12,2016,231000000.0,19.25792826848607,-0.03822121282019708,,,NL
NL12,2017,266000000.0,19.399006866745975,0.14107859825990587,,,NL
NL12,2018,231000000.0,19.25792826848607,-0.14107859825990587,,,NL
NL12,2019,246000000.0,19.320842093896637,0.06291382541056834,,,NL
NL12,2020,289000000.0,19.481937246076708,0.16109515218007076,,,NL
NL12,2021,303000000.0,19.529243363473643,0.047306117396935576,,,NL
NL12,2022,318000000.0,19.577561940744452,0.048318577270809016,,,NL
NL12,2023,237000000.0,19.283570699099407,-0.2939912416450454,,,NL
NL12,2024,254000000.0,19.35284482498281,0.06927412588340331,,,NL
NL13,2007,490000000.0,20.009915949068947,,,,NL
NL13,2008,743000000.0,20.426206602682033,0.4162906536130855,,,NL
NL13,2009,651000000.0,20.29402020017284,-0.13218640250919123,,,NL
NL13,2010,674000000.0,20.32874066887658,0.034720468703739016,,,NL
NL13,2011,699000000.0,20.365161300198086,0.03642063132150497,,,NL
NL13,2012,675000000.0,20.330223248836806,-0.03493805136128003,,,NL
NL13,2013,697000000.0,20.362295968724798,0.03207271988799221,,,NL
NL13,2014,916000000.0,20.635526922638405,0.2732309539136075,,,NL
NL13,2015,830000000.0,20.536936258754917,-0.09859066388348836,,,NL
NL13,2016,796000000.0,20.49510974380866,-0.04182651494625844,,,NL
NL13,2017,742000000.0,20.424859801131653,-0.07024994267700535,,,NL
NL13,2018,791000000.0,20.48880852573193,0.06394872460027656,,,NL
NL13,2019,723000000.0,20.398919780123038,-0.08988874560889215,,,NL
NL13,2020,764000000.0,20.454078347130796,0.05515856700775856,,,NL
NL13,2021,745000000.0,20.428894776343835,-0.025183570786960985,,,NL
NL13,2022,742000000.0,20.424859801131653,-0.00403497521218199,,,NL
NL13,2023,661000000.0,20.309264397815962,-0.11559540331569096,,,NL
NL13,2024,745000000.0,20.428894776343835,0.11963037852787295,,,NL
NL21,2007,1055000000.0,20.77680660387444,,,,NL
NL21,2008,1284000000.0,20.973246042214182,0.1964394383397412,,,NL
NL21,2009,1626000000.0,21.20938884807203,0.23614280585784897,,,NL
NL21,2010,1599000000.0,21.19264427079823,-0.016744577273801298,,,NL
NL21,2011,1143000000.0,20.856922221759085,-0.3357220490391448,,,NL
NL21,2012,1100000000.0,20.818576016750736,-0.03834620500834873,,,NL
NL21,2013,1081000000.0,20.801152375603483,-0.017423641147253477,,,NL
NL21,2014,1111000000.0,20.828526347603905,0.027373972000422242,,,NL
NL21,2015,1142000000.0,20.85604694818023,0.027520600576323773,,,NL
NL21,2016,1221000000.0,20.92293603207498,0.06688908389475046,,,NL
NL21,2017,1208000000.0,20.912231936459033,-0.010704095615945874,,,NL
NL21,2018,1125000000.0,20.841048872602794,-0.07118306385623896,,,NL
NL21,2019,1185000000.0,20.893008611533507,0.05195973893071226,,,NL
NL21,2020,1150000000.0,20.86302777932157,-0.029980832211936814,,,NL
NL21,2021,1141000000.0,20.85517090782635,-0.007856871495221185,,,NL
NL21,2022,1032000000.0,20.75476450400578,-0.10040640382056765,,,NL
NL21,2023,1012000000.0,20.735194407811687,-0.019570096194094333,,,NL
NL21,2024,945000000.0,20.666695485458018,-0.06849892235366895,,,NL
NL22,2007,4155000000.0,22.147578265253824,,,,NL
NL22,2008,4338000000.0,22.190679249351092,0.04310098409726848,,,NL
NL22,2009,3882000000.0,22.07961632169323,-0.11106292765786208,,,NL
NL22,2010,3891000000.0,22.081932030948828,0.0023157092555976533,,,NL
NL22,2011,4471000000.0,22.220877934198256,0.13894590324942868,,,NL
NL22,2012,3786000000.0,22.05457588973354,-0.16630204446471453,,,NL
NL22,2013,4167000000.0,22.150462189386726,0.09588629965318418,,,NL
NL22,2014,3989000000.0,22.10680640986968,-0.0436557795170458,,,NL
NL22,2015,4146000000.0,22.14540985096,0.03860344109031999,,,NL
NL22,2016,1268000000.0,20.960706692961445,-1.1847031579985554,,,NL
NL22,2017,1283000000.0,20.972466922579912,0.011760229618467122,,,NL
NL22,2018,1089146000.0,20.80865973986318,-0.1638071827167309,,,NL
NL22,2019,2106000000.0,21.468056250658194,0.6593965107950126,,,NL
NL22,2020,1299000000.0,20.984860574634872,-0.48319567602332114,,,NL
NL22,2021,1281000000.0,20.970906859861007,-0.013953714773865755,,,NL
NL22,2022,1225000000.0,20.9262066809431,-0.044700178917906896,,,NL
NL22,2023,1023000000.0,20.746005323915902,-0.18020135702719742,,,NL
NL22,2024,1025000000.0,20.74795844953678,0.001953125620879348,,,NL
NL23,2007,327000000.0,19.605470728861526,,,,NL
NL23,2008,347000000.0,19.664835337911132,0.05936460904960583,,,NL
NL23,2009,375000000.0,19.742436583934683,0.07760124602355134,,,NL
NL23,2010,1415000000.0,21.070395368041613,1.3279587841069294,,,NL
NL23,2011,2208000000.0,21.51535296536126,0.4449575973196467,,,NL
NL23,2012,1845000000.0,21.3357451144389,-0.1796078509223591,,,NL
NL23,2013,1420000000.0,21.073922708559582,-0.26182240587931815,,,NL
NL23,2014,1380000000.0,21.045349336115525,-0.028573372444057554,,,NL
NL23,2015,1230000000.0,20.930280006330737,-0.11506932978478801,,,NL
NL23,2016,1350000000.0,21.02337042939675,0.09309042306601256,,,NL
NL23,2017,1160000000.0,20.871685842064686,-0.15168458733206336,,,NL
NL23,2018,1290000000.0,20.977908055319993,0.10622221325530745,,,NL
NL23,2019,1840000000.0,21.333031408567305,0.35512335324731126,,,NL
NL23,2020,1790000000.0,21.305481456799075,-0.027549951768229164,,,NL
NL23,2021,950000000.0,20.671972542558862,-0.6335089142402133,,,NL
NL23,2022,1220000000.0,20.922116695691578,0.250144153132716,,,NL
NL23,2023,970000000.0,20.692806629461703,-0.22931006622987482,,,NL
NL23,2024,1170000000.0,20.880269585756075,0.1874629562943717,,,NL
NL31,2007,1076000000.0,20.796516298686004,,,,NL
NL31,2008,1039000000.0,20.761524549063502,-0.03499174962250251,,,NL
NL31,2009,1194000000.0,20.900574851916822,0.13905030285332032,,,NL
NL31,2010,1084000000.0,20.803923739963867,-0.09665111195295495,,,NL
NL31,2011,950000000.0,20.671972542558862,-0.13195119740500516,,,NL
NL31,2012,790000000.0,20.487543503425343,-0.18442903913351927,,,NL
NL31,2013,830000000.0,20.536936258754917,0.0493927553295741,,,NL
NL31,2014,571000000.0,20.162899767620285,-0.3740364911346319,,,NL
NL31,2015,665000000.0,20.315297598620127,0.15239783099984194,,,NL
NL31,2016,869000000.0,20.582853683229665,0.26755608460953795,,,NL
NL31,2017,868000000.0,20.581702272624625,-0.001151410605039871,,,NL
NL31,2018,856000000.0,20.567780934106015,-0.013921338518610327,,,NL
NL31,2019,715000000.0,20.387793100658282,-0.17998783344773273,,,NL
NL31,2020,783000000.0,20.478643253955077,0.09085015329679536,,,NL
NL31,2021,719000000.0,20.39337191568532,-0.08527133826975586,,,NL
NL31,2022,715000000.0,20.387793100658282,-0.0055788150270394965,,,NL
NL31,2023,455000000.0,19.935807976915225,-0.4519851237430572,,,NL
NL31,2024,489000000.0,20.007873047439148,0.07206507052392297,,,NL
NL32,2007,19506000000.0,23.693987947496236,,,,NL
NL32,2008,18308000000.0,23.630603959737808,-0.0633839877584279,,,NL
NL32,2009,16507000000.0,23.527050370311816,-0.10355358942599224,,,NL
NL32,2010,17727000000.0,23.59835473797806,0.0713043676662437,,,NL
NL32,2011,18197000000.0,23.624522582277518,0.026167844299457954,,,NL
NL32,2012,19024000000.0,23.66896717689484,0.04444459461732109,,,NL
NL32,2013,19486000000.0,23.69296209594956,0.023994919054722175,,,NL
NL32,2014,18052000000.0,23.616522318911166,-0.07643977703839511,,,NL
NL32,2015,19777000000.0,23.707785483286298,0.09126316437513182,,,NL
NL32,2016,20226000000.0,23.73023474242639,0.022449259140092437,,,NL
NL32,2017,19778000000.0,23.70783604579421,-0.022398696632180304,,,NL
NL32,2018,19876000000.0,23.712778810686487,0.004942764892277296,,,NL
NL32,2019,18746000000.0,23.654246233270705,-0.05853257741578233,,,NL
NL32,2020,15521000000.0,23.465459782615458,-0.1887864506552468,,,NL
NL32,2021,16095000000.0,23.501774501697184,0.036314719081726565,,,NL
NL32,2022,15325000000.0,23.452751318768687,-0.04902318292849728,,,NL
NL32,2023,12520000000.0,23.250593202618365,-0.2021581161503221,,,NL
NL32,2024,15178000000.0,23.44311284792813,0.1925196453097655,,,NL
NL33,2007,23985000000.0,23.90069447190044,,,,NL
NL33,2008,25881000000.0,23.976774945708964,0.07608047380852412,,,NL
NL33,2009,25718000000.0,23.970456972794658,-0.00631797291430658,,,NL
NL33,2010,27381000000.0,24.03311517914926,0.06265820635460173,,,NL
NL33,2011,27462000000.0,24.036069067845972,0.0029538886967124256,,,NL
NL33,2012,26512000000.0,24.00086329763062,-0.03520577021535232,,,NL
NL33,2013,26225000000.0,23.98997899122877,-0.010884306401848676,,,NL
NL33,2014,28067000000.0,24.057860345940618,0.06788135471184731,,,NL
NL33,2015,30415000000.0,24.13820174471908,0.08034139877846158,,,NL
NL33,2016,32189000000.0,24.194890616226278,0.05668887150719826,,,NL
NL33,2017,29767000000.0,24.116666234306344,-0.07822438191993442,,,NL
NL33,2018,28013000000.0,24.055934525088638,-0.06073170921770554,,,NL
NL33,2019,27255000000.0,24.028502827462656,-0.027431697625981855,,,NL
NL33,2020,25067000000.0,23.94481807701802,-0.08368475044463608,,,NL
NL33,2021,25470000000.0,23.960767125937778,0.015949048919758013,,,NL
NL33,2022,23747000000.0,23.890722043659075,-0.07004508227870332,,,NL
NL33,2023,20791000000.0,23.757786037707664,-0.13293600595141086,,,NL
NL33,2024,19219000000.0,23.67916520999868,-0.07862082770898482,,,NL
NL34,2007,11894000000.0,23.199299908230813,,,,NL
NL34,2008,11643000000.0,23.17797097800129,-0.021328930229522314,,,NL
NL34,2009,9395000000.0,22.96344346981184,-0.21452750818945177,,,NL
NL34,2010,13938000000.0,23.357884759962737,0.39444129015089757,,,NL
NL34,2011,13790000000.0,23.347209528751623,-0.010675231211113356,,,NL
NL34,2012,12234000000.0,23.227484797766785,-0.1197247309848386,,,NL
NL34,2013,11768000000.0,23.188649820245548,-0.03883497752123688,,,NL
NL34,2014,12174000000.0,23.222568367018145,0.03391854677259687,,,NL
NL34,2015,12014000000.0,23.20933847337438,-0.013229893643764257,,,NL
NL34,2016,10691000000.0,23.092668102977775,-0.116670370396605,,,NL
NL34,2017,10618000000.0,23.08581651110789,-0.006851591869885709,,,NL
NL34,2018,10706000000.0,23.0940701689176,0.008253657809710546,,,NL
NL34,2019,10785000000.0,23.101422116787532,0.007351947869931763,,,NL
NL34,2020,10495000000.0,23.074164790219008,-0.027257326568523865,,,NL
NL34,2021,9962000000.0,23.022043691597503,-0.05212109862150527,,,NL
NL34,2022,9092000000.0,22.93066074293671,-0.09138294866079377,,,NL
NL34,2023,8035000000.0,22.807072836135887,-0.12358790680082166,,,NL
NL34,2024,8276000000.0,22.83662559682971,0.02955276069382151,,,NL
NL41,2007,10840000000.0,23.10650883295791,,,,NL
NL41,2008,9074000000.0,22.928679018188184,-0.17782981476972637,,,NL
NL41,2009,13587000000.0,23.332379290188598,0.4037002720004139,,,NL
NL41,2010,12753000000.0,23.269032374991173,-0.06334691519742464,,,NL
NL41,2011,10946000000.0,23.116239929668136,-0.15279244532303693,,,NL
NL41,2012,11486000000.0,23.164394739388516,0.04815480972037989,,,NL
NL41,2013,12242000000.0,23.22813849937529,0.0637437599867745,,,NL
NL41,2014,11828000000.0,23.193735438936642,-0.034403060438648936,,,NL
NL41,2015,10264000000.0,23.051908464259746,-0.14182697467689565,,,NL
NL41,2016,9515000000.0,22.976135337694522,-0.07577312656522395,,,NL
NL41,2017,10325000000.0,23.057833975793507,0.08169863809898459,,,NL
NL41,2018,8621000000.0,22.8774669241742,-0.18036705161930655,,,NL
NL41,2019,8732000000.0,22.89026027563411,0.012793351459908564,,,NL
NL41,2020,9176000000.0,22.93985721677348,0.04959694113937019,,,NL
NL41,2021,8935000000.0,22.913241985557804,-0.02661523121567555,,,NL
NL41,2022,8752000000.0,22.892548082626035,-0.020693902931768093,,,NL
NL41,2023,7687000000.0,22.762796427313408,-0.1297516553126279,,,NL
NL41,2024,6609000000.0,22.611698193434727,-0.15109823387868104,,,NL
NL42,2007,8488000000.0,22.861919238258093,,,,NL
NL42,2008,8133000000.0,22.81919569613105,-0.042723542127042435,,,NL
NL42,2009,8099000000.0,22.815006434213263,-0.004189261917787235,,,NL
NL42,2010,7194000000.0,22.696513182219842,-0.11849325199342076,,,NL
NL42,2011,6416000000.0,22.582060707510625,-0.11445247470921771,,,NL
NL42,2012,7361000000.0,22.71946163002298,0.1374009225123558,,,NL
NL42,2013,6690000000.0,22.62387971108655,-0.09558191893643198,,,NL
NL42,2014,6001000000.0,22.515191958953785,-0.10868775213276294,,,NL
NL42,2015,5683000000.0,22.460745099261395,-0.0544468596923906,,,NL
NL42,2016,5679000000.0,22.460040997841705,-0.0007041014196893514,,,NL
NL42,2017,5752000000.0,22.472813457365156,0.012772459523450408,,,NL
NL42,2018,5530000000.0,22.433453652480654,-0.039359804884501415,,,NL
NL42,2019,4697000000.0,22.270189843991268,-0.16326380848938626,,,NL
NL42,2020,6742000000.0,22.63162245375828,0.36143260976701086,,,NL
NL42,2021,6107000000.0,22.53270149118741,-0.09892096257086891,,,NL
NL42,2022,4796000000.0,22.29104807411168,-0.24165341707573162,,,NL
NL42,2023,4045000000.0,22.120747387456866,-0.17030068665481224,,,NL
NL42,2024,4864000000.0,22.305126981610275,0.184379594153409,,,NL
NO02,2023,,,,0.46226751918566367,4.0,NO
NO02,2024,,,,-0.12496954898036303,2.0,NO
NO02,2025,,,,0.5527423077861979,4.0,NO
NO06,2007,1257000000.0,20.951993766554523,,,,NO
NO06,2008,1566000000.0,21.17179043451502,0.21979666796049813,,,NO
NO06,2009,1381000000.0,21.046073711373566,-0.12571672314145488,,,NO
NO06,2010,1850000000.0,21.338451476036646,0.29237776466307963,,,NO
NO06,2011,1594000000.0,21.189512417314436,-0.1489390587222097,,,NO
NO06,2012,1645000000.0,21.221006221163748,0.031493803849311774,,,NO
NO06,2013,2384000000.0,21.592045586149514,0.37103936498576573,,,NO
NO06,2014,2316000000.0,21.56310739665716,-0.028938189492354383,,,NO
NO06,2015,2206000000.0,21.514446757777723,-0.04866063887943639,,,NO
NO06,2016,2186000000.0,21.50533922670076,-0.009107531076963937,,,NO
NO06,2017,2266000000.0,21.541281999552226,0.03594277285146674,,,NO
NO06,2023,,,,0.7343865538273672,4.0,NO
NO06,2024,,,,0.19753723028696424,2.0,NO
NO06,2025,,,,0.7153549740176873,4.0,NO
NO07,2007,3018000000.0,21.82786019729207,,,,NO
NO07,2008,3099000000.0,21.854345315752024,0.026485118459955714,,,NO
NO07,2009,2203000000.0,21.513085904766616,-0.34125941098540835,,,NO
NO07,2010,2672000000.0,21.70609309262081,0.1930071878541959,,,NO
NO07,2011,2675000000.0,21.70721521729438,0.0011221246735679813,,,NO
NO07,2012,2790000000.0,21.749307432779684,0.04209221548530451,,,NO
NO07,2013,2380000000.0,21.590366324629795,-0.1589411081498895,,,NO
NO07,2014,2788000000.0,21.74859032984469,0.158224005214894,,,NO
NO07,2015,2706000000.0,21.718737366695006,-0.029852963149682665,,,NO
NO07,2016,3049000000.0,21.83807950495253,0.11934213825752238,,,NO
NO07,2017,2593000000.0,21.67608134350294,-0.16199816144958845,,,NO
NO07,2023,,,,0.20871388114181488,4.0,NO
NO07,2024,,,,-0.1182139519013842,2.0,NO
NO07,2025,,,,-0.06684799066376163,4.0,NO
NO08,2007,1007000000.0,20.730241450682836,,,,NO
NO08,2008,1310000000.0,20.99329297415947,0.2630515234766335,,,NO
NO08,2009,1099000000.0,20.817666512367897,-0.17562646179157326,,,NO
NO08,2010,1078000000.0,20.798373309433217,-0.019293202934679954,,,NO
NO08,2011,1110000000.0,20.827625852270653,0.029252542837436835,,,NO
NO08,2012,734000000.0,20.41401958657879,-0.41360626569186465,,,NO
NO08,2013,705000000.0,20.373708360776543,-0.04031122580224533,,,NO
NO08,2014,927000000.0,20.647464123530128,0.27375576275358426,,,NO
NO08,2015,902000000.0,20.6201250780269,-0.027339045503229187,,,NO
NO08,2016,944000000.0,20.665636724109774,0.0455116460828755,,,NO
NO08,2017,957000000.0,20.679313949417228,0.013677225307453966,,,NO
NO08,2023,,,,0.7396235046261359,4.0,NO
NO08,2024,,,,1.2208428909371847,2.0,NO
NO08,2025,,,,0.8128719674032187,4.0,NO
NO09,2007,3095000000.0,21.85305374308297,,,,NO
NO09,2008,2834000000.0,21.7649549782149,-0.08809876486807156,,,NO
NO09,2009,2883000000.0,21.782097255602675,0.017142277387776517,,,NO
NO09,2010,2342000000.0,21.574271102121937,-0.20782615348073818,,,NO
NO09,2011,2730000000.0,21.72756744614328,0.15329634402134218,,,NO
NO09,2012,2642000000.0,21.694802043046543,-0.03276540309673592,,,NO
NO09,2013,2908000000.0,21.790731396617684,0.0959293535711403,,,NO
NO09,2014,2867000000.0,21.776532023847643,-0.014199372770040242,,,NO
NO09,2015,3045000000.0,21.83676673810827,0.06023471426062699,,,NO
NO09,2016,2723000000.0,21.725000050638034,-0.11176668747023655,,,NO
NO09,2017,2700000000.0,21.716517609956693,-0.008482440681341075,,,NO
NO09,2023,,,,0.45683631996006197,4.0,NO
NO09,2024,,,,0.2059087419078399,2.0,NO
NO09,2025,,,,0.1613006222032431,4.0,NO
NO0A,2007,14218000000.0,23.377774604453702,,,,NO
NO0A,2008,14286000000.0,23.38254587367919,0.00477126922548976,,,NO
NO0A,2009,14259000000.0,23.380654123246394,-0.0018917504327973234,,,NO
NO0A,2010,14639000000.0,23.406955037135685,0.026300913889290456,,,NO
NO0A,2011,14071000000.0,23.36738177875253,-0.03957325838315384,,,NO
NO0A,2012,13646000000.0,23.336712275339643,-0.030669503412887877,,,NO
NO0A,2013,13774000000.0,23.346048594068918,0.009336318729275206,,,NO
NO0A,2014,14029000000.0,23.364392452683045,0.01834385861412713,,,NO
NO0A,2015,14288000000.0,23.382685861080553,0.018293408397507704,,,NO
NO0A,2016,14331000000.0,23.385690860022347,0.003004998941793957,,,NO
NO0A,2017,14837000000.0,23.42038989791507,0.03469903789272166,,,NO
NO0A,2023,,,,0.34459199178011407,4.0,NO
NO0A,2024,,,,0.004912290479353758,2.0,NO
NO0A,2025,,,,0.3454020275541926,4.0,NO
PL21,2007,14352000000.0,23.387155142262852,,,,PL
PL21,2008,11958000000.0,23.204666347405123,-0.18248879485772918,,,PL
PL21,2009,9454000000.0,22.969703769317455,-0.23496257808766785,,,PL
PL21,2010,9281000000.0,22.951235136559667,-0.018468632757787873,,,PL
PL21,2011,9750000000.0,23.000533121956167,0.049297985396499655,,,PL
PL21,2012,9515000000.0,22.976135337694522,-0.024397784261644517,,,PL
PL21,2013,9558000000.0,22.980644337102376,0.004508999407853764,,,PL
PL21,2014,9165000000.0,22.93865771823808,-0.04198661886429633,,,PL
PL21,2015,9783000000.0,23.0039120224217,0.06525430418362177,,,PL
PL21,2016,9205000000.0,22.943012651631452,-0.06089937079024921,,,PL
PL21,2017,9654000000.0,22.990638174184713,0.047625522553261135,,,PL
PL21,2018,9195000000.0,22.941925695002695,-0.0487124791820186,,,PL
PL21,2019,8028000000.0,22.806201267880503,-0.13572442712219157,,,PL
PL21,2020,5866000000.0,22.49243880750167,-0.3137624603788325,,,PL
PL21,2021,6485000000.0,22.59275765471482,0.1003188472131491,,,PL
PL21,2022,5897000000.0,22.497709583964777,-0.09504807075004251,,,PL
PL21,2023,5232000000.0,22.378059451101308,-0.1196501328634696,,,PL
PL21,2024,4633000000.0,22.256470443380923,-0.1215890077203845,,,PL
PL21,2025,,,,-0.5648080878557333,4.0,PL
PL22,2007,42170000000.0,24.464974904704878,,,,PL
PL22,2008,38191000000.0,24.365865722706165,-0.09910918199871332,,,PL
PL22,2009,33992000000.0,24.249391039758923,-0.11647468294724206,,,PL
PL22,2010,39044000000.0,24.38795505225913,0.13856401250020767,,,PL
PL22,2011,39098000000.0,24.38933715173434,0.001382099475208065,,,PL
PL22,2012,36660000000.0,24.32495207935797,-0.0643850723763677,,,PL
PL22,2013,36853000000.0,24.330202863394238,0.00525078403626722,,,PL
PL22,2014,33797000000.0,24.243637878099765,-0.08656498529447276,,,PL
PL22,2015,36064000000.0,24.308560974803775,0.06492309670401042,,,PL
PL22,2016,35031000000.0,24.2794992207081,-0.02906175409567524,,,PL
PL22,2017,35458000000.0,24.2916147344226,0.01211551371449815,,,PL
PL22,2018,31735000000.0,24.180686009704843,-0.1109287247177555,,,PL
PL22,2019,28342000000.0,24.06761064034909,-0.11307536935575158,,,PL
PL22,2020,25449000000.0,23.959942286440118,-0.10766835390897356,,,PL
PL22,2021,31653000000.0,24.178098767774475,0.21815648133435772,,,PL
PL22,2022,28594000000.0,24.076462742553385,-0.10163602522109016,,,PL
PL22,2023,23309000000.0,23.872105389030942,-0.20435735352244322,,,PL
PL22,2024,23569000000.0,23.883198126180663,0.011092737149720477,,,PL
PL22,2025,,,,-0.6499409245137495,4.0,PL
PL41,2007,15976000000.0,23.494353433059924,,,,PL
PL41,2008,15053000000.0,23.43484314382478,-0.059510289235145564,,,PL
PL41,2009,14901000000.0,23.424694161739733,-0.010148982085045333,,,PL
PL41,2010,13896000000.0,23.354866865885214,-0.06982729585451963,,,PL
PL41,2011,14586000000.0,23.403328001508452,0.048461135623238505,,,PL
PL41,2012,14756000000.0,23.41491561668084,0.011587615172388155,,,PL
PL41,2013,14707000000.0,23.41158940786459,-0.0033262088162508974,,,PL
PL41,2014,36454000000.0,24.319317028749154,0.9077276208845646,,,PL
PL41,2015,13762000000.0,23.3451770077267,-0.9741400210224533,,,PL
PL41,2016,12922000000.0,23.282197122082383,-0.06297988564431733,,,PL
PL41,2017,12318000000.0,23.234327444211264,-0.04786967787111962,,,PL
PL41,2018,6380000000.0,22.57643393430311,-0.6578935099081527,,,PL
PL41,2019,8850000000.0,22.90368329596625,0.32724936166313867,,,PL
PL41,2020,7313000000.0,22.712919423235224,-0.19076387273102569,,,PL
PL41,2021,6883000000.0,22.652320440362637,-0.06059898287258747,,,PL
PL41,2022,5006000000.0,22.333903029955994,-0.3184174104066422,,,PL
PL41,2023,3267000000.0,21.907137969565344,-0.4267650603906503,,,PL
PL41,2024,3568000000.0,21.995271051664176,0.08813308209883175,,,PL
PL41,2025,,,,-0.5348924060659248,4.0,PL
PL42,2007,8105000000.0,22.815746992134052,,,,PL
PL42,2008,8635000000.0,22.879089548545053,0.06334255641100128,,,PL
PL42,2009,7417000000.0,22.72704049970083,-0.15204904884422277,,,PL
PL42,2010,7178000000.0,22.694286629671826,-0.03275387002900487,,,PL
PL42,2011,8464000000.0,22.859087712062355,0.16480108239052882,,,PL
PL42,2012,9296000000.0,22.952850037055967,0.09376232499361237,,,PL
PL42,2013,8630000000.0,22.878510342041746,-0.07433969501422055,,,PL
PL42,2014,7821000000.0,22.780078260565887,-0.09843208147585969,,,PL
PL42,2015,7578000000.0,22.748515149542822,-0.03156311102306475,,,PL
PL42,2016,7402000000.0,22.725016070910375,-0.02349907863244738,,,PL
PL42,2017,6510000000.0,22.59660529316689,-0.1284107777434862,,,PL
PL42,2018,5734000000.0,22.46967920440759,-0.12692608875929778,,,PL
PL42,2019,5397000000.0,22.409109080582915,-0.06057012382467519,,,PL
PL42,2020,5687000000.0,22.461448705271074,0.05233962468815889,,,PL
PL42,2021,5572000000.0,22.44101989286397,-0.020428812407104147,,,PL
PL42,2022,4707000000.0,22.272316599365418,-0.1687032934985524,,,PL
PL42,2023,4658000000.0,22.26185200840856,-0.010464590956857478,,,PL
PL42,2024,4671100000.0,22.264660426929147,0.002808418520586997,,,PL
PL42,2025,,,,-0.695242515302419,4.0,PL
PL43,2007,1356000000.0,21.027805026464616,,,,PL
PL43,2008,1624000000.0,21.208158078685898,0.18035305222128173,,,PL
PL43,2009,1395000000.0,21.05616025221974,-0.15199782646615745,,,PL
PL43,2010,1573000000.0,21.17625046102255,0.12009020880281085,,,PL
PL43,2011,1603000000.0,21.195142710573826,0.018892249551274887,,,PL
PL43,2012,1592000000.0,21.188256924368602,-0.006885786205224065,,,PL
PL43,2013,1565000000.0,21.171151660938527,-0.017105263430075013,,,PL
PL43,2014,1520000000.0,21.141976171804597,-0.0291754891339302,,,PL
PL43,2015,1522000000.0,21.143291096385905,0.0013149245813082189,,,PL
PL43,2016,1533000000.0,21.15049243683609,0.007201340450183835,,,PL
PL43,2017,1729000000.0,21.270809043647564,0.12031660681147471,,,PL
PL43,2018,1712000000.0,21.260928114665962,-0.009880928981601755,,,PL
PL43,2019,1638000000.0,21.21674182237729,-0.044186292288671325,,,PL
PL43,2020,1581000000.0,21.181323395173745,-0.03541842720354538,,,PL
PL43,2021,1932000000.0,21.381821572736737,0.2004981775629915,,,PL
PL43,2022,1511000000.0,21.136037520237014,-0.24578405249972235,,,PL
PL43,2023,1447000000.0,21.092758284595757,-0.043279235641257685,,,PL
PL43,2024,1410000000.0,21.066855541336487,-0.025902743259269556,,,PL
PL43,2025,,,,-0.6566726103648168,4.0,PL
PL51,2007,15250000000.0,23.44784533999983,,,,PL
PL51,2008,16816000000.0,23.545596651081006,0.09775131108117563,,,PL
PL51,2009,15276000000.0,23.449548806309682,-0.09604784477132355,,,PL
PL51,2010,14469000000.0,23.395274266701357,-0.05427453960832551,,,PL
PL51,2011,14573000000.0,23.40243633849797,0.0071620717966141,,,PL
PL51,2012,14761000000.0,23.415254404501272,0.012818066003301709,,,PL
PL51,2013,14218000000.0,23.377774604453702,-0.03747980004757068,,,PL
PL51,2014,12372000000.0,23.238701691769233,-0.13907291268446897,,,PL
PL51,2015,11617000000.0,23.17573537947775,-0.06296631229148275,,,PL
PL51,2016,11651000000.0,23.178657850184216,0.002922470706465674,,,PL
PL51,2017,10515000000.0,23.076068646101074,-0.10258920408314154,,,PL
PL51,2018,10445000000.0,23.06938923195494,-0.006679414146134377,,,PL
PL51,2019,9083000000.0,22.92967037146649,-0.1397188604884505,,,PL
PL51,2020,9349000000.0,22.95853522265559,0.02886485118910187,,,PL
PL51,2021,13705000000.0,23.34102656670116,0.38249134404556884,,,PL
PL51,2022,14843000000.0,23.42079421058904,0.07976764388788027,,,PL
PL51,2023,12043000000.0,23.211749415224755,-0.2090447953642851,,,PL
PL51,2024,11348000000.0,23.152307353893015,-0.05944206133174035,,,PL
PL51,2025,,,,-0.6264128558272029,4.0,PL
PL52,2007,14428000000.0,23.392436599987704,,,,PL
PL52,2008,11278000000.0,23.146119762331402,-0.24631683765630186,,,PL
PL52,2009,11447000000.0,23.160993523882752,0.014873761551349673,,,PL
PL52,2010,11146000000.0,23.134346526093754,-0.026646997788997595,,,PL
PL52,2011,11095000000.0,23.12976039333097,-0.004586132762785411,,,PL
PL52,2012,12153000000.0,23.220841889835075,0.09108149650410624,,,PL
PL52,2013,11718000000.0,23.184391958069007,-0.03644993176606803,,,PL
PL52,2014,12558000000.0,23.25362374963833,0.06923179156932235,,,PL
PL52,2015,11420000000.0,23.158632041174275,-0.09499170846405391,,,PL
PL52,2016,11558000000.0,23.170643674841997,0.012011633667722066,,,PL
PL52,2017,12105000000.0,23.21688442733643,0.046240752494433934,,,PL
PL52,2018,13925000000.0,23.35695162275976,0.14006719542332746,,,PL
PL52,2019,12926000000.0,23.282506623787114,-0.07444499897264478,,,PL
PL52,2020,12511000000.0,23.249874094281672,-0.03263252950544171,,,PL
PL52,2021,16442000000.0,23.523104873676353,0.2732307793946802,,,PL
PL52,2022,14803000000.0,23.418095699877767,-0.10500917379858521,,,PL
PL52,2023,14034000000.0,23.364748793776506,-0.05334690610126103,,,PL
PL52,2024,12601000000.0,23.257042012833967,-0.10770678094253938,,,PL
PL52,2025,,,,-0.5989935447888268,4.0,PL
PL61,2007,5587000000.0,22.443708307423424,,,,PL
PL61,2008,6031000000.0,22.520178671415263,0.07647036399183804,,,PL
PL61,2009,4944000000.0,22.321440557101802,-0.19873811431346056,,,PL
PL61,2010,5891000000.0,22.49669159948596,0.17525104238415778,,,PL
PL61,2011,6085000000.0,22.529092563385902,0.03240096389994207,,,PL
PL61,2012,7637000000.0,22.75627069285266,0.22717812946675764,,,PL
PL61,2013,6418000000.0,22.582372379634077,-0.17389831321858296,,,PL
PL61,2014,7393000000.0,22.723799443521376,0.1414270638872992,,,PL
PL61,2015,7507000000.0,22.739101755537277,0.015302312015901265,,,PL
PL61,2016,8295000000.0,22.838918760588818,0.09981700505154123,,,PL
PL61,2017,8717000000.0,22.88854097897585,0.04962221838703229,,,PL
PL61,2018,8773000000.0,22.89494466009266,0.006403681116808002,,,PL
PL61,2019,8851000000.0,22.90379628393315,0.008851623840492095,,,PL
PL61,2020,8947000000.0,22.914584117511872,0.010787833578721262,,,PL
PL61,2021,8562000000.0,22.870599644669166,-0.04398447284270546,,,PL
PL61,2022,8762000000.0,22.893690026338117,0.0230903816689505,,,PL
PL61,2023,8171000000.0,22.82385713734898,-0.06983288898913642,,,PL
PL61,2024,7914000000.0,22.791899179909645,-0.03195795743933516,,,PL
PL61,2025,,,,-0.6174166919288689,4.0,PL
PL62,2007,717000000.0,20.390586398563894,,,,PL
PL62,2008,680000000.0,20.337603356134426,-0.052983042429467275,,,PL
PL62,2009,693000000.0,20.356540557154176,0.018937201019749494,,,PL
PL62,2010,743000000.0,20.426206602682033,0.06966604552785682,,,PL
PL62,2011,670000000.0,20.322788270349285,-0.10341833233274755,,,PL
PL62,2012,681000000.0,20.339072864113785,0.016284593764499533,,,PL
PL62,2013,674000000.0,20.32874066887658,-0.01033219523720419,,,PL
PL62,2014,647000000.0,20.287856852465175,-0.04088381641140515,,,PL
PL62,2015,543000000.0,20.112619877898208,-0.17523697456696752,,,PL
PL62,2016,670000000.0,20.322788270349285,0.21016839245107732,,,PL
PL62,2017,668000000.0,20.31979873150092,-0.0029895388483645036,,,PL
PL62,2018,681000000.0,20.339072864113785,0.019274132612864037,,,PL
PL62,2019,405000000.0,19.819397625070813,-0.5196752390429715,,,PL
PL62,2020,596000000.0,20.205751225029623,0.38635359995880947,,,PL
PL62,2021,726000000.0,20.40306057278907,0.19730934775944675,,,PL
PL62,2022,516000000.0,20.061617323445837,-0.3414432493432322,,,PL
PL62,2023,308000000.0,19.54561034093785,-0.5160069825079887,,,PL
PL62,2024,394000000.0,19.79186146726221,0.24625112632435986,,,PL
PL62,2025,,,,-1.1392081594500425,4.0,PL
PL63,2007,3828000000.0,22.06560831053712,,,,PL
PL63,2008,3458000000.0,21.96395622420751,-0.10165208632960798,,,PL
PL63,2009,3417000000.0,21.952028810079565,-0.011927414127946179,,,PL
PL63,2010,4378000000.0,22.199857836047084,0.2478290259675191,,,PL
PL63,2011,4832000000.0,22.298526297578924,0.09866846153184028,,,PL
PL63,2012,4750000000.0,22.28141045499296,-0.017115842585962326,,,PL
PL63,2013,4450000000.0,22.21616993312456,-0.06524052186840024,,,PL
PL63,2014,4410000000.0,22.207140526405166,-0.009029406719395894,,,PL
PL63,2015,4521000000.0,22.231999045258878,0.02485851885371204,,,PL
PL63,2016,4649000000.0,22.25991797965486,0.0279189343959807,,,PL
PL63,2017,3741000000.0,22.04261879231242,-0.21729918734243725,,,PL
PL63,2018,4445000000.0,22.215045705912278,0.17242691359985685,,,PL
PL63,2019,4557000000.0,22.239930349228157,0.024884643315878918,,,PL
PL63,2020,4528000000.0,22.233546177847295,-0.006384171380862114,,,PL
PL63,2021,4558000000.0,22.240149767769903,0.006603589922608677,,,PL
PL63,2022,4687000000.0,22.26805855588698,0.02790878811707742,,,PL
PL63,2023,2160000000.0,21.493374058642484,-0.7746844972444968,,,PL
PL63,2024,4402000000.0,22.20532482005068,0.7119507614081968,,,PL
PL63,2025,,,,-0.6274275525051647,4.0,PL
PL71,2007,32275000000.0,24.197558773679116,,,,PL
PL71,2008,34441000000.0,24.26251355208905,0.06495477840993402,,,PL
PL71,2009,32765000000.0,24.21262670943787,-0.04988684265117982,,,PL
PL71,2010,33850000000.0,24.245204836304694,0.03257812686682371,,,PL
PL71,2011,38263000000.0,24.36774920875752,0.12254437245282546,,,PL
PL71,2012,38765000000.0,24.380783614617332,0.013034405859812637,,,PL
PL71,2013,40734000000.0,24.430328961493977,0.04954534687664491,,,PL
PL71,2014,40110000000.0,24.41489151672837,-0.015437444765606045,,,PL
PL71,2015,40376000000.0,24.42150138598437,0.006609869255999712,,,PL
PL71,2016,38562000000.0,24.375533172563614,-0.045968213420756854,,,PL
PL71,2017,41242000000.0,24.442722991524487,0.06718981896087328,,,PL
PL71,2018,42024000000.0,24.46150672059807,0.018783729073582833,,,PL
PL71,2019,36641000000.0,24.324433668956324,-0.137073051641746,,,PL
PL71,2020,31936000000.0,24.186999737075464,-0.13743393188086017,,,PL
PL71,2021,37087000000.0,24.336532340841195,0.1495326037657314,,,PL
PL71,2022,38904000000.0,24.384362910047894,0.047830569206698925,,,PL
PL71,2023,29464000000.0,24.106435016089176,-0.27792789395871864,,,PL
PL71,2024,30399000000.0,24.1376755500807,0.031240533991525155,,,PL
PL71,2025,,,,-0.7395896330218543,4.0,PL
PL72,2007,11400000000.0,23.15687919234686,,,,PL
PL72,2008,10837000000.0,23.10623204188727,-0.05064715045958934,,,PL
PL72,2009,10945000000.0,23.116148567921236,0.009916526033965312,,,PL
PL72,2010,12291000000.0,23.232133124179256,0.11598455625802018,,,PL
PL72,2011,12981000000.0,23.28675258685727,0.0546194626780121,,,PL
PL72,2012,11620000000.0,23.175993588370176,-0.1107589984870927,,,PL
PL72,2013,10459000000.0,23.070728688718543,-0.10526489965163321,,,PL
PL72,2014,10968000000.0,23.118247779206424,0.0475190904878815,,,PL
PL72,2015,11287000000.0,23.1469174579199,0.028669678713477253,,,PL
PL72,2016,12905000000.0,23.28088067011699,0.13396321219708796,,,PL
PL72,2017,12526000000.0,23.251072321049634,-0.029808349067355522,,,PL
PL72,2018,14156000000.0,23.373404399429628,0.12233207837999416,,,PL
PL72,2019,12424000000.0,23.242895922792798,-0.1305084766368303,,,PL
PL72,2020,10159000000.0,23.04162584905582,-0.20127007373697836,,,PL
PL72,2021,11191000000.0,23.1383757207823,0.09674987172648031,,,PL
PL72,2022,12591000000.0,23.256248109965973,0.11787238918367393,,,PL
PL72,2023,9680000000.0,22.993327738234896,-0.2629203717310773,,,PL
PL72,2024,9173000000.0,22.93953022347393,-0.053797514760965726,,,PL
PL72,2025,,,,-0.7237602092503872,4.0,PL
PL81,2007,4019000000.0,22.114298952413474,,,,PL
PL81,2008,3909000000.0,22.086547423757228,-0.027751528656246194,,,PL
PL81,2009,3802000000.0,22.05879308101265,-0.02775434274457922,,,PL
PL81,2010,4176000000.0,22.152619687526748,0.09382660651409935,,,PL
PL81,2011,4516000000.0,22.230892483233827,0.07827279570707901,,,PL
PL81,2012,4200000000.0,22.158350362235733,-0.07254212099809365,,,PL
PL81,2013,3629000000.0,22.012222965177344,-0.14612739705838962,,,PL
PL81,2014,3882000000.0,22.07961632169323,0.06739335651588618,,,PL
PL81,2015,3741000000.0,22.04261879231242,-0.03699752938080891,,,PL
PL81,2016,2830000000.0,21.763542548601556,-0.2790762437108647,,,PL
PL81,2017,3684000000.0,22.027264955339472,0.2637224067379158,,,PL
PL81,2018,3746000000.0,22.043954440968307,0.016689485628834433,,,PL
PL81,2019,3766000000.0,22.049279267181372,0.0053248262130658475,,,PL
PL81,2020,3726000000.0,22.038601109125807,-0.01067815805556549,,,PL
PL81,2021,3761000000.0,22.04795071643461,0.009349607308802632,,,PL
PL81,2022,4539000000.0,22.23597256042074,0.18802184398613164,,,PL
PL81,2023,3744000000.0,22.043420395561757,-0.1925521648589843,,,PL
PL81,2024,3952000000.0,22.097487616832034,0.05406722127027663,,,PL
PL81,2025,,,,-0.7808155355005789,4.0,PL
PL82,2007,2764000000.0,21.739944742851833,,,,PL
PL82,2008,2531000000.0,21.6518803185094,-0.08806442434243422,,,PL
PL82,2009,2476000000.0,21.62991019176876,-0.02197012674063714,,,PL
PL82,2010,2560000000.0,21.663273095437884,0.03336290366912209,,,PL
PL82,2011,2556000000.0,21.6617093734617,-0.0015637219761828192,,,PL
PL82,2012,2284000000.0,21.549194128740176,-0.11251524472152497,,,PL
PL82,2013,2211000000.0,21.516710738821722,-0.03248338991845401,,,PL
PL82,2014,1511000000.0,21.136037520237014,-0.3806732185847075,,,PL
PL82,2015,2009000000.0,21.42090292277921,0.28486540254219506,,,PL
PL82,2016,1750000000.0,21.282881624881835,-0.1380212978973745,,,PL
PL82,2017,1675000000.0,21.23907900222344,-0.04380262265839363,,,PL
PL82,2018,1483000000.0,21.117332900102205,-0.12174610212123582,,,PL
PL82,2019,1883000000.0,21.356132086621425,0.23879918651921983,,,PL
PL82,2020,1792000000.0,21.30659815149915,-0.04953393512227677,,,PL
PL82,2021,2222000000.0,21.52167352816385,0.2150753766647,,,PL
PL82,2022,1135000000.0,20.849898487879777,-0.6717750402840714,,,PL
PL82,2023,1530000000.0,21.148533572350754,0.29863508447097686,,,PL
PL82,2024,1469000000.0,21.10784773413815,-0.04068583821260319,,,PL
PL82,2025,,,,-0.4955533458604613,4.0,PL
PL84,2007,1043000000.0,20.765367012965047,,,,PL
PL84,2008,1114000000.0,20.831222978451503,0.06585596548645611,,,PL
PL84,2009,1101000000.0,20.819484694686953,-0.011738283764550772,,,PL
PL84,2010,1096000000.0,20.814933025472236,-0.004551669214716725,,,PL
PL84,2011,1173000000.0,20.88283040661775,0.06789738114551369,,,PL
PL84,2012,1044000000.0,20.766325326406857,-0.11650508021089223,,,PL
PL84,2013,1354000000.0,21.026329011436495,0.26000368502963767,,,PL
PL84,2014,1319000000.0,21.000139710681587,-0.026189300754907663,,,PL
PL84,2015,1369000000.0,21.03734638325272,0.03720667257113419,,,PL
PL84,2016,1383000000.0,21.047520889629034,0.010174506376312564,,,PL
PL84,2017,327000000.0,19.605470728861526,-1.4420501607675078,,,PL
PL84,2018,322000000.0,19.590062103508682,-0.015408625352844041,,,PL
PL84,2019,1264000000.0,20.957547132671078,1.3674850291623954,,,PL
PL84,2020,220000000.0,19.209138104316636,-1.7484090283544411,,,PL
PL84,2021,1522000000.0,21.143291096385905,1.9341529920692686,,,PL
PL84,2022,1069000000.0,20.78998946898932,-0.3533016273965863,,,PL
PL84,2023,774000000.0,20.467082431554,-0.3229070374353178,,,PL
PL84,2024,1027000000.0,20.749907767892832,0.28282533633883133,,,PL
PL84,2025,,,,-0.7153707156358413,4.0,PL
PL91,2007,6106000000.0,22.532537731259097,,,,PL
PL91,2008,6013000000.0,22.51718962900384,-0.01534810225525618,,,PL
PL91,2009,5892000000.0,22.496861335546797,-0.020328293457044566,,,PL
PL91,2010,6486000000.0,22.592911844831537,0.09605050928474057,,,PL
PL91,2011,5867000000.0,22.492609266890135,-0.1003025779414024,,,PL
PL91,2012,5926000000.0,22.502615286097786,0.010006019207651207,,,PL
PL91,2013,6027000000.0,22.519515211447317,0.016899925349530776,,,PL
PL91,2014,5558000000.0,22.43850416826672,-0.08101104318059527,,,PL
PL91,2015,5396000000.0,22.40892377529192,-0.029580392974800418,,,PL
PL91,2016,5401000000.0,22.409849958557164,0.0009261832652427415,,,PL
PL91,2017,133000000.0,18.705859686186027,-3.7039902723711364,,,PL
PL91,2018,5478000000.0,22.424005907787297,3.7181462216012697,,,PL
PL91,2019,5251000000.0,22.381684371602134,-0.04232153618516321,,,PL
PL91,2020,5041000000.0,22.340870312046906,-0.040814059555227544,,,PL
PL91,2021,5520000000.0,22.431643697235415,0.09077338518850908,,,PL
PL91,2022,5003000000.0,22.33330356945248,-0.09834012778293655,,,PL
PL91,2023,4956000000.0,22.323864800713306,-0.009438768739173042,,,PL
PL91,2024,4901000000.0,22.31270510287382,-0.011159697839485005,,,PL
PL91,2025,,,,0.09507896011664142,4.0,PL
PL92,2007,20171000000.0,23.727511766265607,,,,PL
PL92,2008,19699000000.0,23.70383370998063,-0.023678056284978766,,,PL
PL92,2009,20274000000.0,23.73260511390662,0.028771403925990313,,,PL
PL92,2010,20743000000.0,23.75547467731042,0.022869563403801862,,,PL
PL92,2011,20535000000.0,23.745396584354932,-0.010078092955488671,,,PL
PL92,2012,20122000000.0,23.72507958081627,-0.020317003538661282,,,PL
PL92,2013,13835000000.0,23.3504674501853,-0.37461213063097176,,,PL
PL92,2014,14717000000.0,23.412269125128386,0.06180167494308719,,,PL
PL92,2015,14012000000.0,23.36317994228165,-0.04908918284673547,,,PL
PL92,2016,14758000000.0,23.415051145582588,0.051871203300937196,,,PL
PL92,2017,14884000000.0,23.42355264743079,0.008501501848201087,,,PL
PL92,2018,23925000000.0,23.89818977428543,0.4746371268546419,,,PL
PL92,2019,24977000000.0,23.94122123835487,0.043031464069439807,,,PL
PL92,2020,15705000000.0,23.477244969937022,-0.46397626841784856,,,PL
PL92,2021,25793000000.0,23.973368974231185,0.49612400429416326,,,PL
PL92,2022,26297000000.0,23.992720701182765,0.01935172695158016,,,PL
PL92,2023,21365000000.0,23.7850199060424,-0.2077007951403651,,,PL
PL92,2024,20529000000.0,23.745104357584882,-0.03991554845751821,,,PL
PL92,2025,,,,-0.9589748082452739,4.0,PL
PT11,2007,3320000000.0,21.923230619874808,,,,PT
PT11,2008,3343000000.0,21.93013444438437,0.0069038245095640605,,,PT
PT11,2009,4209000000.0,22.160490926734845,0.2303564823504729,,,PT
PT11,2010,3655000000.0,22.019361930148154,-0.14112899658669065,,,PT
PT11,2011,3597000000.0,22.0033660016599,-0.015995928488255373,,,PT
PT11,2012,4198000000.0,22.157874058344852,0.1545080566849535,,,PT
PT11,2013,3715000000.0,22.035644515116132,-0.1222295432287197,,,PT
PT11,2014,2138000000.0,21.483136649549266,-0.5525078655668665,,,PT
PT11,2015,2642000000.0,21.694802043046543,0.21166539349727742,,,PT
PT11,2016,3370000000.0,21.93817858131068,0.24337653826413685,,,PT
PT11,2017,4817000000.0,22.295417164594493,0.35723858328381297,,,PT
PT11,2018,3492000000.0,21.973740474923765,-0.3216766896707277,,,PT
PT11,2019,3148000000.0,21.870033167501568,-0.10370730742219791,,,PT
PT11,2020,3055000000.0,21.84004542956997,-0.0299877379315987,,,PT
PT11,2021,2687000000.0,21.711691166579765,-0.1283542629902037,,,PT
PT11,2022,2395000000.0,21.596649067809288,-0.115042098770477,,,PT
PT11,2023,2275000000.0,21.545245889349324,-0.05140317845996378,,,PT
PT11,2024,1111000000.0,20.828526347603905,-0.7167195417454195,,,PT
PT15,2007,656000000.0,20.301671346908364,,,,PT
PT15,2008,476000000.0,19.980928412195695,-0.3207429347126691,,,PT
PT15,2009,342000000.0,19.650321295026878,-0.3306071171688174,,,PT
PT15,2010,345000000.0,19.659054974995634,0.008733679968756292,,,PT
PT15,2011,172000000.0,18.963005034777726,-0.6960499402179074,,,PT
PT15,2012,321000000.0,19.58695168109429,0.6239466463165648,,,PT
PT15,2013,363000000.0,19.709913392229126,0.12296171113483467,,,PT
PT15,2014,320000000.0,19.583831553758046,-0.12608183847108023,,,PT
PT15,2015,370000000.0,19.729013563602543,0.14518200984449692,,,PT
PT15,2016,252000000.0,19.344939645475698,-0.38407391812684466,,,PT
PT15,2017,273000000.0,19.424982353149232,0.08004270767353461,,,PT
PT15,2018,266000000.0,19.399006866745975,-0.025975486403257975,,,PT
PT15,2019,283000000.0,19.460957455607513,0.06195058886153859,,,PT
PT15,2020,331000000.0,19.617628933341337,0.1566714777338234,,,PT
PT15,2021,257000000.0,19.364586642859493,-0.2530422904818437,,,PT
PT15,2022,262000000.0,19.38385506172537,0.01926841886587738,,,PT
PT15,2023,256000000.0,19.360688002443837,-0.023167059281533398,,,PT
PT15,2024,264000000.0,19.39145966111059,0.030771658666754576,,,PT
PT16,2007,9718000000.0,22.997245672930124,,,,PT
PT16,2008,9204000000.0,22.94290400911953,-0.05434166381059313,,,PT
PT16,2009,11576000000.0,23.172199826275595,0.22929581715606417,,,PT
PT16,2010,10320000000.0,23.057349596999828,-0.11485022927576694,,,PT
PT16,2011,10727000000.0,23.096029764561703,0.03868016756187487,,,PT
PT16,2012,10559000000.0,23.08024441377079,-0.01578535079091381,,,PT
PT16,2013,9118000000.0,22.93351631873766,-0.14672809503312934,,,PT
PT16,2014,8893000000.0,22.908530287363913,-0.024986031373746442,,,PT
PT16,2015,11485000000.0,23.16430767308747,0.2557773857235581,,,PT
PT16,2016,9818000000.0,23.00748327258227,-0.15682440050520086,,,PT
PT16,2017,13404000000.0,23.318819006821474,0.31133573423920424,,,PT
PT16,2018,10932000000.0,23.114960105012234,-0.20385890180924093,,,PT
PT16,2019,10189000000.0,23.04457454393856,-0.07038556107367455,,,PT
PT16,2020,9073000000.0,22.928568807133903,-0.11600573680465587,,,PT
PT16,2021,8834000000.0,22.901873750120746,-0.026695057013156998,,,PT
PT16,2022,9531000000.0,22.9778154809019,0.07594173078115318,,,PT
PT16,2023,7489000000.0,22.73670111421364,-0.24111436668825803,,,PT
PT16,2024,6801000000.0,22.640335497139912,-0.09636561707372948,,,PT
PT17,2007,5485000000.0,22.425282930673603,,,,PT
PT17,2008,5208000000.0,22.37346174185268,-0.05182118882092368,,,PT
PT17,2009,5040000000.0,22.34067191902969,-0.032789822822991255,,,PT
PT17,2010,5121000000.0,22.356615569426825,0.015943650397137077,,,PT
PT17,2011,4981000000.0,22.32889651103756,-0.027719058389266138,,,PT
PT17,2012,4460000000.0,22.218414602978385,-0.11048190805917457,,,PT
PT17,2013,4976000000.0,22.32789219238329,0.1094775894049036,,,PT
PT17,2014,4839000000.0,22.29997392475759,-0.02791826762569727,,,PT
PT17,2015,4860000000.0,22.304304274858815,0.0043303501012239565,,,PT
PT17,2016,4222000000.0,22.16357478637254,-0.14072948848627576,,,PT
PT17,2017,4560000000.0,22.240588460472704,0.07701367410016502,,,PT
PT17,2018,3965000000.0,22.100771692033224,-0.13981676843948065,,,PT
PT17,2019,4931000000.0,22.3188076441884,0.21803595215517646,,,PT
PT17,2020,5008000000.0,22.33430247074421,0.015494826555809027,,,PT
PT17,2021,5023000000.0,22.337293201714317,0.0029907309701080464,,,PT
PT17,2022,5181000000.0,22.36826392477906,0.03097072306474402,,,PT
PT17,2023,4511000000.0,22.22978469537267,-0.1384792294063928,,,PT
PT17,2024,3980000000.0,22.104547656242758,-0.12523703912991024,,,PT
PT18,2007,10339000000.0,23.059188989550968,,,,PT
PT18,2008,9011000000.0,22.92171189019931,-0.1374770993516563,,,PT
PT18,2009,10772000000.0,23.100216011895764,0.17850412169645224,,,PT
PT18,2010,7402000000.0,22.725016070910375,-0.37519994098538945,,,PT
PT18,2011,8589000000.0,22.8737481517305,0.14873208082012468,,,PT
PT18,2012,10601000000.0,23.08421417323737,0.21046602150687121,,,PT
PT18,2013,10899000000.0,23.111936878853587,0.027722705616216814,,,PT
PT18,2014,8906000000.0,22.90999104384592,-0.20194583500766683,,,PT
PT18,2015,9757000000.0,23.001250813072225,0.09125976922630485,,,PT
PT18,2016,10556000000.0,23.07996025558749,0.07870944251526524,,,PT
PT18,2017,11856000000.0,23.19609990550014,0.11613964991265036,,,PT
PT18,2018,10886000000.0,23.11074339695842,-0.08535650854172161,,,PT
PT18,2019,7467000000.0,22.733759148999976,-0.3769842479584433,,,PT
PT18,2020,5330000000.0,22.396617075124166,-0.3371420738758104,,,PT
PT18,2021,3691000000.0,22.029163260994274,-0.36745381412989175,,,PT
PT18,2022,3794000000.0,22.056686708459235,0.027523447464961492,,,PT
PT18,2023,2970000000.0,21.81182778976102,-0.24485891869821685,,,PT
PT18,2024,2965000000.0,21.8101428693961,-0.0016849203649194067,,,PT
PT20,2007,279000000.0,19.44672233978564,,,,PT
PT20,2008,297000000.0,19.509242696766975,0.0625203569813344,,,PT
PT20,2009,300000000.0,19.519293032620475,0.010050335853499348,,,PT
PT20,2010,292000000.0,19.492264360232557,-0.027028672387917396,,,PT
PT20,2011,276000000.0,19.435911423681425,-0.05635293655113216,,,PT
PT20,2012,276000000.0,19.435911423681425,0.0,,,PT
PT20,2013,247000000.0,19.324898894592252,-0.11101252908917303,,,PT
PT20,2014,241000000.0,19.30030749145493,-0.024591403137321777,,,PT
PT20,2015,247000000.0,19.324898894592252,0.024591403137321777,,,PT
PT20,2016,258000000.0,19.36847014288589,0.04357124829363812,,,PT
PT20,2017,142000000.0,18.771337615565535,-0.5971325273203547,,,PT
PT20,2018,144000000.0,18.785323857540273,0.013986241974738078,,,PT
PT20,2019,156000000.0,18.86536656521381,0.08004270767353816,,,PT
PT20,2020,142000000.0,18.771337615565535,-0.09402894964827624,,,PT
PT20,2021,179000000.0,19.00289636380503,0.23155874823949318,,,PT
PT20,2022,171000000.0,18.957174114466934,-0.045722249338094656,,,PT
PT20,2023,172000000.0,18.963005034777726,0.0058309203107924645,,,PT
PT20,2024,279000000.0,19.44672233978564,0.48371730500791443,,,PT
PT30,2007,544000000.0,20.114459804820218,,,,PT
PT30,2008,553000000.0,20.130868559486608,0.016408754666390024,,,PT
PT30,2009,496000000.0,20.0220864846892,-0.10878207479740709,,,PT
PT30,2010,442000000.0,19.906820440041972,-0.11526604464722823,,,PT
PT30,2011,443000000.0,19.90908032800941,0.0022598879674369243,,,PT
PT30,2012,441000000.0,19.90455543341112,-0.00452489459829053,,,PT
PT30,2013,422000000.0,19.860515872000285,-0.04403956141083398,,,PT
PT30,2014,386000000.0,19.771347927429105,-0.08916794457118016,,,PT
PT30,2015,398000000.0,19.80196256324871,0.03061463581960666,,,PT
PT30,2016,382000000.0,19.76093116657085,-0.041031396677862375,,,PT
PT30,2017,132000000.0,18.698312480550644,-1.0626186860202047,,,PT
PT30,2018,365000000.0,19.715407911546766,1.0170954309961218,,,PT
PT30,2019,814000000.0,20.517470923966815,0.8020630124200494,,,PT
PT30,2020,355000000.0,19.68762834743969,-0.829842576527124,,,PT
PT30,2021,339000000.0,19.641510665344725,-0.04611768209496603,,,PT
PT30,2022,377000000.0,19.747755745412285,0.10624508006755917,,,PT
PT30,2023,442000000.0,19.906820440041972,0.15906469462968786,,,PT
PT30,2024,386000000.0,19.771347927429105,-0.13547251261286775,,,PT
RO11,2007,1911000000.0,21.370892502204548,,,,RO
RO11,2008,2075000000.0,21.453226990629073,0.08233448842452518,,,RO
RO11,2009,1712000000.0,21.260928114665962,-0.19229887596311102,,,RO
RO11,2010,1677000000.0,21.240272319787483,-0.020655794878479128,,,RO
RO11,2011,1914000000.0,21.372461129977175,0.13218881018969242,,,RO
RO11,2012,1779000000.0,21.29931724563011,-0.07314388434706487,,,RO
RO11,2013,1748000000.0,21.281738114179756,-0.01757913145035417,,,RO
RO11,2014,1576000000.0,21.1781558283821,-0.10358228579765694,,,RO
RO11,2015,1930000000.0,21.380785839863204,0.20263001148110504,,,RO
RO11,2016,1225000000.0,20.9262066809431,-0.4545791589201045,,,RO
RO11,2017,902000000.0,20.6201250780269,-0.30608160291620123,,,RO
RO11,2018,1050000000.0,20.772056001115843,0.15193092308894407,,,RO
RO11,2019,1316000000.0,20.997862669849535,0.22580666873369282,,,RO
RO11,2020,1315000000.0,20.99710250257614,-0.0007601672733947851,,,RO
RO11,2021,1401000000.0,21.06045210430128,0.06334960172513959,,,RO
RO11,2022,1244000000.0,20.941597831263397,-0.11885427303788276,,,RO
RO11,2023,1152000000.0,20.86476539922011,-0.07683243204328605,-1.0249552446532522,4.0,RO
RO11,2024,1128000000.0,20.84371199002228,-0.02105340919783316,,,RO
RO12,2007,4224000000.0,22.164048383350373,,,,RO
RO12,2008,3964000000.0,22.100519453414154,-0.0635289299362185,,,RO
RO12,2009,2877000000.0,21.78001392151582,-0.3205055318983341,,,RO
RO12,2010,2689000000.0,21.71243521423314,-0.06757870728268145,,,RO
RO12,2011,2864000000.0,21.77548508604481,0.06304987181167121,,,RO
RO12,2012,2390000000.0,21.59455920288983,-0.18092588315498048,,,RO
RO12,2013,2947000000.0,21.804053540701968,0.20949433781213855,,,RO
RO12,2014,3362000000.0,21.935801871932835,0.1317483312308667,,,RO
RO12,2015,3741000000.0,22.04261879231242,0.10681692037958612,,,RO
RO12,2016,3320000000.0,21.923230619874808,-0.11938817243761335,,,RO
RO12,2017,3395000000.0,21.94556959795707,0.022338978082263594,,,RO
RO12,2018,3423000000.0,21.95378319649446,0.008213598537388123,,,RO
RO12,2019,2687000000.0,21.711691166579765,-0.24209202991469425,,,RO
RO12,2020,3173000000.0,21.87794334954747,0.16625218296770328,,,RO
RO12,2021,2637000000.0,21.692907744317562,-0.18503560522990625,,,RO
RO12,2022,1680000000.0,21.242059630361577,-0.4508481139559848,,,RO
RO12,2023,1487000000.0,21.12002650442443,-0.12203312593714699,-0.92342444971113,4.0,RO
RO12,2024,1762000000.0,21.2897153644604,0.1696888600359685,,,RO
RO21,2007,3262000000.0,21.905606341145234,,,,RO
RO21,2008,2419000000.0,21.6066200685743,-0.29898627257093224,,,RO
RO21,2009,2243000000.0,21.531080092484483,-0.07553997608981788,,,RO
RO21,2010,2504000000.0,21.641155290184262,0.11007519769977847,,,RO
RO21,2011,2588000000.0,21.674151213585066,0.03299592340080437,,,RO
RO21,2012,2385000000.0,21.592464961286716,-0.08168625229835058,,,RO
RO21,2013,1556000000.0,21.16538426270261,-0.42708069858410624,,,RO
RO21,2014,1508000000.0,21.134050106532175,-0.03133415617043411,,,RO
RO21,2015,1235000000.0,20.93433680702635,-0.19971329950582373,,,RO
RO21,2016,1056000000.0,20.777754022230482,-0.1565827847958694,,,RO
RO21,2017,1093000000.0,20.81219204614081,0.03443802391032946,,,RO
RO21,2018,1132000000.0,20.847251816727404,0.035059770586592265,,,RO
RO21,2019,1219000000.0,20.921296687445544,0.07404487071814003,,,RO
RO21,2020,1349000000.0,21.02262941417203,0.1013327267264863,,,RO
RO21,2021,1260000000.0,20.954377557909798,-0.06825185626223274,,,RO
RO21,2022,948000000.0,20.669865060219294,-0.28451249769050335,,,RO
RO21,2023,716000000.0,20.38919072492492,-0.2806743352943748,-0.8427047069438085,4.0,RO
RO21,2024,935000000.0,20.65605708725296,0.2668663623280416,,,RO
RO22,2007,14871000000.0,23.422678844652957,,,,RO
RO22,2008,11901000000.0,23.199888267146715,-0.22279057750624176,,,RO
RO22,2009,6954000000.0,22.66258287053208,-0.5373053966146344,,,RO
RO22,2010,7370000000.0,22.720683543147658,0.058100672615577054,,,RO
RO22,2011,7320000000.0,22.713876164919633,-0.006807378228025129,,,RO
RO22,2012,6752000000.0,22.633104594240066,-0.0807715706795662,,,RO
RO22,2013,6070000000.0,22.52662444201782,-0.10648015222224672,,,RO
RO22,2014,6182000000.0,22.544907680656337,0.01828323863851722,,,RO
RO22,2015,6717000000.0,22.62790746323114,0.08299978257480234,,,RO
RO22,2016,6993000000.0,22.66817548566814,0.040268022437000894,,,RO
RO22,2017,6727000000.0,22.62939511598988,-0.038780369678260485,,,RO
RO22,2018,6957000000.0,22.663014183887917,0.03361906789803726,,,RO
RO22,2019,6773000000.0,22.63620995717918,-0.02680422670873739,,,RO
RO22,2020,6183000000.0,22.545069427522844,-0.0911405296563359,,,RO
RO22,2021,6623000000.0,22.613814276449254,0.06874484892641064,,,RO
RO22,2022,5307000000.0,22.39229254079217,-0.22152173565708466,,,RO
RO22,2023,3372000000.0,21.93877187708602,-0.45352066370615063,-1.4595834826709404,4.0,RO
RO22,2024,2673000000.0,21.706467274103193,-0.23230460298282551,,,RO
RO31,2007,7336000000.0,22.716059571900576,,,,RO
RO31,2008,6918000000.0,22.657392547461388,-0.05866702443918825,,,RO
RO31,2009,5596000000.0,22.445317893749646,-0.21207465371174195,,,RO
RO31,2010,5082000000.0,22.348970721844385,-0.09634717190526132,,,RO
RO31,2011,4984000000.0,22.329498618431565,-0.01947210341282002,,,RO
RO31,2012,5245000000.0,22.38054107879467,0.05104246036310656,,,RO
RO31,2013,5435000000.0,22.416125357519583,0.035584278724911655,,,RO
RO31,2014,5053000000.0,22.343247963256182,-0.07287739426340067,,,RO
RO31,2015,5074000000.0,22.3473952981235,0.00414733486731933,,,RO
RO31,2016,5238000000.0,22.379205583031933,0.031810284908431186,,,RO
RO31,2017,5181000000.0,22.36826392477906,-0.010941658252871633,,,RO
RO31,2018,5487000000.0,22.42564749502325,0.05738357024418761,,,RO
RO31,2019,5672000000.0,22.458807626176238,0.033160131152989436,,,RO
RO31,2020,6532000000.0,22.59997901205463,0.1411713858783905,,,RO
RO31,2021,5960000000.0,22.50833631802367,-0.09164269403095915,,,RO
RO31,2022,5948000000.0,22.50632086554432,-0.002015452479348312,,,RO
RO31,2023,5174000000.0,22.366911920710248,-0.13940894483407362,-1.1834830246224488,4.0,RO
RO31,2024,5621000000.0,22.44977542096635,0.0828635002561029,,,RO
RO32,2007,3130000000.0,21.864298841498474,,,,RO
RO32,2008,2812000000.0,21.75716181089483,-0.10713703060364566,,,RO
RO32,2009,2662000000.0,21.70234355691933,-0.054818253975497555,,,RO
RO32,2010,2510000000.0,21.643548590090102,-0.05879496682922891,,,RO
RO32,2011,2525000000.0,21.649506899673735,0.005958309583633081,,,RO
RO32,2012,2412000000.0,21.60372211581135,-0.04578478386238416,,,RO
RO32,2013,2027000000.0,21.429822704416274,-0.1738994113950767,,,RO
RO32,2014,1922000000.0,21.37663214749451,-0.05319055692176278,,,RO
RO32,2015,1993000000.0,21.41290687817707,0.03627473068255682,,,RO
RO32,2016,2076000000.0,21.453708802250052,0.04080192407298355,,,RO
RO32,2017,2229000000.0,21.524818891350144,0.07111008910009176,,,RO
RO32,2018,2077000000.0,21.454190381840387,-0.0706285095097563,,,RO
RO32,2019,2026000000.0,21.4293292427729,-0.024861139067485993,,,RO
RO32,2020,1833000000.0,21.32921980580398,-0.10010943696892127,,,RO
RO32,2021,1931000000.0,21.38130384039279,0.05208403458880895,,,RO
RO32,2022,1613000000.0,21.201361636089484,-0.17994220430330543,,,RO
RO32,2023,1546000000.0,21.158936787111642,-0.04242484897784138,-0.47712991755865647,4.0,RO
RO32,2024,1439000000.0,21.087214264851642,-0.07172252225999998,,,RO
RO41,2007,24906000000.0,23.93837457524537,,,,RO
RO41,2008,24717000000.0,23.930757102947975,-0.007617472297393846,,,RO
RO41,2009,19979000000.0,23.717947558864225,-0.21280954408375052,,,RO
RO41,2010,18902000000.0,23.662533573519276,-0.05541398534494846,,,RO
RO41,2011,21902000000.0,23.809843793799978,0.1473102202807013,,,RO
RO41,2012,19887000000.0,23.713332088873777,-0.09651170492620054,,,RO
RO41,2013,14626000000.0,23.40606660379517,-0.30726548507860585,,,RO
RO41,2014,15884000000.0,23.488578150215417,0.08251154642024616,,,RO
RO41,2015,16399000000.0,23.52048619430772,0.03190804409230097,,,RO
RO41,2016,14906000000.0,23.425029653405915,-0.09545654090180378,,,RO
RO41,2017,15978000000.0,23.49447861300626,0.06944895960034714,,,RO
RO41,2018,14901000000.0,23.424694161739733,-0.06978445126652844,,,RO
RO41,2019,12554000000.0,23.253305176841753,-0.17138898489798038,,,RO
RO41,2020,8401000000.0,22.851616583329122,-0.4016885935126311,,,RO
RO41,2021,9855000000.0,23.011244777551095,0.15962819422197327,,,RO
RO41,2022,9033000000.0,22.924150375114117,-0.08709440243697841,,,RO
RO41,2023,7397000000.0,22.724340349552143,-0.19981002556197325,-1.2611866324198644,4.0,RO
RO41,2024,6465000000.0,22.58966884917023,-0.13467150038191278,,,RO
RO42,2007,6586000000.0,22.608212020900584,,,,RO
RO42,2008,6273000000.0,22.559520546061016,-0.04869147483956837,,,RO
RO42,2009,4685000000.0,22.267631752636795,-0.2918887934242207,,,RO
RO42,2010,3937000000.0,22.093684848908012,-0.1739469037287833,,,RO
RO42,2011,4673000000.0,22.2650671006647,0.17138225175668964,,,RO
RO42,2012,3938000000.0,22.093938817163345,-0.171128283501357,,,RO
RO42,2013,3861000000.0,22.07419205422851,-0.01974676293483313,,,RO
RO42,2014,3429000000.0,21.955534510427196,-0.11865754380131577,,,RO
RO42,2015,2615000000.0,21.6845299344633,-0.2710045759638966,,,RO
RO42,2016,2207000000.0,21.514899964221012,-0.169629970242287,,,RO
RO42,2017,2186000000.0,21.50533922670076,-0.009560737520253326,,,RO
RO42,2018,1830000000.0,21.327581803799742,-0.17775742290101704,,,RO
RO42,2019,1711000000.0,21.260343831856467,-0.06723797194327474,,,RO
RO42,2020,1807000000.0,21.314933848556503,0.05459001670003616,,,RO
RO42,2021,1530000000.0,21.148533572350754,-0.16640027620574926,,,RO
RO42,2022,960000000.0,20.682443842426157,-0.4660897299245974,,,RO
RO42,2023,961000000.0,20.683484966934568,0.0010411245084114285,-0.9210125194852103,4.0,RO
RO42,2024,900000000.0,20.617905321288585,-0.06557964564598251,,,RO
RS11,2023,17696000000.0,23.596604462286336,,,,RS
RS11,2024,18089000000.0,23.61856985566591,0.02196539337957404,,,RS
SE11,2007,2108000000.0,21.46900546762553,,,,SE
SE11,2008,2542000000.0,21.656217009713675,0.1872115420881464,,,SE
SE11,2009,3822000000.0,22.06403968276449,0.4078226730508163,,,SE
SE11,2010,4939000000.0,22.3204287185049,0.2563890357404084,,,SE
SE11,2011,4046000000.0,22.120994575691967,-0.19943414281293315,,,SE
SE11,2012,4007000000.0,22.11130866860042,-0.009685907091547818,,,SE
SE11,2013,4181000000.0,22.15381628932084,0.04250762072042136,,,SE
SE11,2014,3667000000.0,22.0226397260356,-0.13117656328524063,,,SE
SE11,2015,3499000000.0,21.97574305033196,-0.04689667570363909,,,SE
SE11,2016,4094000000.0,22.13278832418551,0.15704527385354794,,,SE
SE11,2017,4620000000.0,22.25366054204006,0.12087221785455071,,,SE
SE11,2018,3853000000.0,22.07211790259043,-0.18154263944962779,,,SE
SE11,2019,3807000000.0,22.060107314346773,-0.012010588243658304,,,SE
SE11,2020,2899000000.0,21.78763168688593,-0.2724756274608424,,,SE
SE11,2021,3794000000.0,22.056686708459235,0.26905502157330474,,,SE
SE11,2022,3490000000.0,21.973167573160747,-0.08351913529848787,,,SE
SE11,2023,3178244759.0,21.879594918772458,-0.09357265438828932,,,SE
SE11,2024,2926944140.0,21.797224760087307,-0.0823701586851513,,,SE
SE12,2007,9175000000.0,22.939748230887044,,,,SE
SE12,2008,9168000000.0,22.938984996918794,-0.0007632339682501765,,,SE
SE12,2009,9671000000.0,22.992397553681236,0.053412556762442165,,,SE
SE12,2010,11201000000.0,23.139268896976013,0.14687134329477658,,,SE
SE12,2011,10816000000.0,23.10429235624702,-0.034976540728994365,,,SE
SE12,2012,10297000000.0,23.055118427621025,-0.04917392862599357,,,SE
SE12,2013,9896000000.0,23.0153964720366,-0.03972195558442593,,,SE
SE12,2014,9376000000.0,22.96141906978107,-0.05397740225552994,,,SE
SE12,2015,10238000000.0,23.049372124981804,0.08795305520073526,,,SE
SE12,2016,9939000000.0,23.01973224893228,-0.029639876049525782,,,SE
SE12,2017,9841000000.0,23.00982316886326,-0.009909080069018472,,,SE
SE12,2018,10066000000.0,23.03242924530058,0.022606076437320155,,,SE
SE12,2019,9710000000.0,22.996422119249644,-0.03600712605093648,,,SE
SE12,2020,8576000000.0,22.872233441274858,-0.12418867797478583,,,SE
SE12,2021,9265000000.0,22.949509696683734,0.07727625540887573,,,SE
SE12,2022,9256000000.0,22.948537826837786,-0.0009718698459479924,,,SE
SE12,2023,8812531866.0,22.89944062107826,-0.049097205759526474,,,SE
SE12,2024,8092388562.4,22.81418977319102,-0.08525084788723802,,,SE
SE12,2025,,,,0.6868727986903249,4.0,SE
SE21,2007,4377000000.0,22.19962939515517,,,,SE
SE21,2008,4823000000.0,22.296661978033246,0.09703258287807515,,,SE
SE21,2009,4238000000.0,22.167357296792517,-0.12930468124072902,,,SE
SE21,2010,4577000000.0,22.244309598617917,0.07695230182540058,,,SE
SE21,2011,4492000000.0,22.22556387382261,-0.018745724795309116,,,SE
SE21,2012,4447000000.0,22.21549554847497,-0.010068325347639018,,,SE
SE21,2013,4535000000.0,22.23509092051351,0.019595372038541115,,,SE
SE21,2014,4464000000.0,22.219311062025422,-0.01577985848808794,,,SE
SE21,2015,4882000000.0,22.30882080891718,0.08950974689175695,,,SE
SE21,2016,4677000000.0,22.26592271569016,-0.042898093227019984,,,SE
SE21,2017,4697000000.0,22.270189843991268,0.004267128301108869,,,SE
SE21,2018,4469000000.0,22.220430506897724,-0.049759337093544076,,,SE
SE21,2019,4171000000.0,22.15142165216122,-0.06900885473650575,,,SE
SE21,2020,4169000000.0,22.15094203584507,-0.00047961631614867883,,,SE
SE21,2021,4038000000.0,22.119015356837057,-0.031926679008012826,,,SE
SE21,2022,4204000000.0,22.159302289961115,0.040286933124058066,,,SE
SE21,2023,4450592671.0,22.216303108750676,0.05700081878956098,,,SE
SE21,2024,4115853422.0,22.138112042525112,-0.07819106622556404,,,SE
SE21,2025,,,,0.481523983862832,3.0,SE
SE22,2007,3446000000.0,21.96047997505215,,,,SE
SE22,2008,3453000000.0,21.962509255354266,0.0020292803021177974,,,SE
SE22,2009,3830000000.0,22.066130640138965,0.10362138478469873,,,SE
SE22,2010,4852000000.0,22.302656828028216,0.2365261878892504,,,SE
SE22,2011,3819000000.0,22.06325444518979,-0.2394023828384242,,,SE
SE22,2012,3798000000.0,22.057740449336507,-0.0055139958532848254,,,SE
SE22,2013,3730000000.0,22.039674070602135,-0.018066378734371114,,,SE
SE22,2014,3245000000.0,21.900381187102465,-0.13929288349967095,,,SE
SE22,2015,3523000000.0,21.982578736305513,0.08219754920304823,,,SE
SE22,2016,3335000000.0,21.927738516313998,-0.05484021999151523,,,SE
SE22,2017,3398000000.0,21.94645286019615,0.018714343882152207,,,SE
SE22,2018,3411000000.0,21.95027134038292,0.003818480186769335,,,SE
SE22,2019,3359000000.0,21.934909147576565,-0.015362192806353647,,,SE
SE22,2020,3032000000.0,21.832488304726535,-0.10242084285003017,,,SE
SE22,2021,3391000000.0,21.94439070008991,0.11190239536337643,,,SE
SE22,2022,3490000000.0,21.973167573160747,0.028776873070835762,,,SE
SE22,2023,3265870053.0,21.90679204288929,-0.0663755302714577,,,SE
SE22,2024,3087204747.0,21.850531905825786,-0.056260137063503635,,,SE
SE22,2025,,,,1.0746904562321125,4.0,SE
SE23,2007,6689000000.0,22.62373022308268,,,,SE
SE23,2008,6533000000.0,22.600132092805026,-0.023598130277655116,,,SE
SE23,2009,7163000000.0,22.692194724578727,0.09206263177370033,,,SE
SE23,2010,8093000000.0,22.814265327459974,0.12207060288124794,,,SE
SE23,2011,7669000000.0,22.760452065729133,-0.05381326173084133,,,SE
SE23,2012,7817000000.0,22.779566686184605,0.019114620455471965,,,SE
SE23,2013,7262000000.0,22.705921109938554,-0.07364557624605084,,,SE
SE23,2014,7318000000.0,22.713602903543425,0.007681793604870535,,,SE
SE23,2015,7305000000.0,22.711824882149074,-0.0017780213943510148,,,SE
SE23,2016,7162000000.0,22.692055108522652,-0.01976977362642174,,,SE
SE23,2017,7704000000.0,22.765005511442236,0.07295040291958443,,,SE
SE23,2018,8195000000.0,22.826790049142204,0.0617845376999675,,,SE
SE23,2019,7492000000.0,22.737101621528254,-0.08968842761395024,,,SE
SE23,2020,6711000000.0,22.627013808122513,-0.11008781340574103,,,SE
SE23,2021,7862000000.0,22.78530686394608,0.15829305582356668,,,SE
SE23,2022,7350000000.0,22.717966150171158,-0.06734071377492157,,,SE
SE23,2023,7526588384.53,22.741707706307555,0.023741556136396724,,,SE
SE23,2024,7439608304.76,22.730084037195823,-0.011623669111731516,,,SE
SE23,2025,,,,1.0590756620336843,4.0,SE
SE31,2007,8325000000.0,22.84252887281292,,,,SE
SE31,2008,8084000000.0,22.813152636487786,-0.02937623632513464,,,SE
SE31,2009,6964000000.0,22.664019858852352,-0.1491327776354332,,,SE
SE31,2010,7586000000.0,22.749570280213117,0.08555042136076452,,,SE
SE31,2011,7327000000.0,22.71483199212424,-0.03473828808887802,,,SE
SE31,2012,6998000000.0,22.668890230891908,-0.0459417612323314,,,SE
SE31,2013,7086000000.0,22.681386843389692,0.012496612497784554,,,SE
SE31,2014,6804000000.0,22.640776511480027,-0.04061033190966512,,,SE
SE31,2015,6874000000.0,22.651012015374054,0.01023550389402672,,,SE
SE31,2016,7165000000.0,22.692473898226545,0.04146188285249153,,,SE
SE31,2017,7339000000.0,22.716468430509337,0.023994532282792136,,,SE
SE31,2018,7200000000.0,22.69734686296842,-0.01912156754091754,,,SE
SE31,2019,6949000000.0,22.6618636012786,-0.0354832616898193,,,SE
SE31,2020,6775000000.0,22.636505203712176,-0.025358397566424884,,,SE
SE31,2021,7025000000.0,22.67274105216622,0.03623584845404437,,,SE
SE31,2022,7402000000.0,22.725016070910375,0.05227501874415452,,,SE
SE31,2023,6864658103.0,22.64965207201281,-0.07536399889756495,,,SE
SE31,2024,6851845432.0,22.647783859068618,-0.001868212944192038,,,SE
SE31,2025,,,,0.6637542183191169,1.0,SE
SE32,2007,5263000000.0,22.38396704331805,,,,SE
SE32,2008,5025000000.0,22.337691290891552,-0.046275752426499395,,,SE
SE32,2009,5034000000.0,22.339480733659535,0.001789442767982763,,,SE
SE32,2010,5466000000.0,22.421812924452286,0.08233219079275145,,,SE
SE32,2011,5154000000.0,22.363038949176584,-0.058773975275702384,,,SE
SE32,2012,5330000000.0,22.396617075124166,0.03357812594758158,,,SE
SE32,2013,5368000000.0,22.40372123661579,0.007104161491625405,,,SE
SE32,2014,5163000000.0,22.364783642843925,-0.03893759377186612,,,SE
SE32,2015,5011000000.0,22.334901332923998,-0.029882309919926797,,,SE
SE32,2016,5058000000.0,22.344236985194186,0.009335652270188177,,,SE
SE32,2017,5313000000.0,22.39342248441522,0.0491854992210321,,,SE
SE32,2018,5133000000.0,22.358956120524578,-0.034466363890640395,,,SE
SE32,2019,5610000000.0,22.447816556481015,0.08886043595643756,,,SE
SE32,2020,5580000000.0,22.44245461333963,-0.005361943141384273,,,SE
SE32,2021,5538000000.0,22.434899261695183,-0.007555351644448649,,,SE
SE32,2022,5546000000.0,22.43634278414,0.0014435224448163808,,,SE
SE32,2023,5697602367.92,22.46331128608725,0.026968501947251866,,,SE
SE32,2024,5417720547.49,22.412941000742737,-0.05037028534451338,,,SE
SE32,2025,,,,0.8471272227141758,1.0,SE
SE33,2007,7828000000.0,22.780972886480242,,,,SE
SE33,2008,8189000000.0,22.826057627234462,0.045084740754219865,,,SE
SE33,2009,6900000000.0,22.654787248549624,-0.17127037868483797,,,SE
SE33,2010,8402000000.0,22.851735609693602,0.19694836114397773,,,SE
SE33,2011,8071000000.0,22.811543227288645,-0.04019238240495682,,,SE
SE33,2012,8011000000.0,22.80408143417939,-0.007461793109253989,,,SE
SE33,2013,8028000000.0,22.806201267880503,0.002119833701112128,,,SE
SE33,2014,8140000000.0,22.82005601696086,0.013854749080355333,,,SE
SE33,2015,7245000000.0,22.703577412719056,-0.11647860424180223,,,SE
SE33,2016,8111000000.0,22.81648700203462,0.11290958931556361,,,SE
SE33,2017,8362000000.0,22.846963469880784,0.030476467846163757,,,SE
SE33,2018,7989000000.0,22.801331432446315,-0.0456320374344692,,,SE
SE33,2019,8081000000.0,22.812781464197723,0.011450031751408574,,,SE
SE33,2020,7882000000.0,22.787847515719225,-0.02493394847849828,,,SE
SE33,2021,7999000000.0,22.802582370813095,0.01473485509387018,,,SE
SE33,2022,7856000000.0,22.784543407998576,-0.018038962814518555,,,SE
SE33,2023,8084166926.0,22.81317328521077,0.028629877212193122,,,SE
SE33,2024,7557018166.0,22.745742526846072,-0.06743075836469714,,,SE
SE33,2025,,,,-0.24744897517649278,1.0,SE
SI03,2007,6378000000.0,22.576120405534276,,,,SI
SI03,2008,6407000000.0,22.580656979603297,0.004536574069021526,,,SI
SI03,2009,1140000000.0,20.854294099352817,-1.7263628802504805,,,SI
SI03,2010,5861000000.0,22.491586074440704,1.6372919750878872,,,SI
SI03,2011,5913000000.0,22.500419153785103,0.008833079344398698,,,SI
SI03,2012,5546000000.0,22.43634278414,-0.06407636964510388,,,SI
SI03,2013,5483000000.0,22.424918233368324,-0.011424550771675257,,,SI
SI03,2014,4190000000.0,22.15596657088046,-0.26895166248786495,,,SI
SI03,2015,4157000000.0,22.148059497216913,-0.007907073663545816,,,SI
SI03,2016,4526000000.0,22.233104384157755,0.08504488694084245,,,SI
SI03,2017,4460000000.0,22.218414602978385,-0.014689781179370698,,,SI
SI03,2018,4351420000.0,22.19376806555972,-0.02464653741866485,,,SI
SI03,2019,4170958000.0,22.15141158258283,-0.04235648297688854,,,SI
SI03,2020,4019016000.0,22.114302933495374,-0.03710864908745748,,,SI
SI03,2021,3476806000.0,21.969379893189753,-0.14492304030562053,,,SI
SI03,2022,2729844000.0,21.72751030165342,-0.24186959153633225,,,SI
SI03,2023,2958337710.0,21.807893363075305,0.0803830614218839,-0.025131745563256425,4.0,SI
SI03,2024,3141872000.0,21.868084637566813,0.060191274491508295,0.10177668834074932,2.0,SI
SI03,2025,,,,-0.19159748217143055,4.0,SI
SI04,2007,1342000000.0,21.0174268754959,,,,SI
SI04,2008,1468000000.0,21.107166767138736,0.0897398916428358,,,SI
SI04,2009,1274000000.0,20.965427394096384,-0.14173937304235196,,,SI
SI04,2010,1232000000.0,20.93190470205774,-0.033522692038644664,,,SI
SI04,2011,1219000000.0,20.921296687445544,-0.010608014612195404,,,SI
SI04,2012,1227000000.0,20.927838002675184,0.006541315229640077,,,SI
SI04,2013,1227000000.0,20.927838002675184,0.0,,,SI
SI04,2014,1276000000.0,20.966996021869008,0.03915801919382389,,,SI
SI04,2015,1257000000.0,20.951993766554523,-0.015002255314485069,,,SI
SI04,2016,1285000000.0,20.974024555293596,0.02203078873907316,,,SI
SI04,2017,1336000000.0,21.012945912060864,0.03892135676726838,,,SI
SI04,2018,1462256780.0,21.103246818966692,0.09030090690582782,,,SI
SI04,2019,1366276720.0,21.035355154445853,-0.06789166452083961,,,SI
SI04,2020,1295250000.0,20.98196956365917,-0.05338559078668226,,,SI
SI04,2021,1343323000.0,21.018412231899614,0.03644266824044351,,,SI
SI04,2022,1402478278.0,21.061506707184144,0.04309447528452992,,,SI
SI04,2023,1188150000.0,20.895663312542673,-0.16584339464147035,0.13156226985295386,4.0,SI
SI04,2024,1081473000.0,20.801589837719813,-0.09407347482285999,0.2399068194832491,2.0,SI
SI04,2025,,,,0.41636413939947076,4.0,SI
SK01,2007,1827000000.0,21.32594111434228,,,,SK
SK01,2008,4055000000.0,22.123216524513786,0.7972754101715047,,,SK
SK01,2009,3754000000.0,22.046087775110728,-0.0771287494030588,,,SK
SK01,2010,3546000000.0,21.989086044598427,-0.05700173051230095,,,SK
SK01,2011,3574000000.0,21.996951253683648,0.007865209085220926,,,SK
SK01,2012,3252000000.0,21.902536028631975,-0.09441522505167299,,,SK
SK01,2013,3225000000.0,21.894198787194146,-0.00833724143782888,,,SK
SK01,2014,2770000000.0,21.74211315714566,-0.15208563004848585,,,SK
SK01,2015,3070000000.0,21.844943398545517,0.10283024139985741,,,SK
SK01,2016,3289000000.0,21.913849404153332,0.06890600560781479,,,SK
SK01,2017,3302000000.0,21.917794182444347,0.003944778291014472,,,SK
SK01,2018,3260000000.0,21.904993032325027,-0.01280115011931926,,,SK
SK01,2019,3188000000.0,21.88265959787438,-0.022333434450647616,,,SK
SK01,2020,3342000000.0,21.929835267119614,0.04717566924523453,,,SK
SK01,2021,3382000000.0,21.9417330874228,0.011897820303186535,,,SK
SK01,2022,3385000000.0,21.94261974331065,0.0008866558878501962,,,SK
SK01,2023,,,,-0.6849959877924312,4.0,SK
SK01,2024,,,,0.04751181952840336,2.0,SK
SK01,2025,,,,0.2316467536086815,4.0,SK
SK02,2007,3328000000.0,21.925637359905373,,,,SK
SK02,2008,5821000000.0,22.48473790523601,0.5591005453306366,,,SK
SK02,2009,5569000000.0,22.440481341553944,-0.04425656368206532,,,SK
SK02,2010,3795000000.0,22.056950247794003,-0.38353109375994165,,,SK
SK02,2011,4931000000.0,22.3188076441884,0.2618573963943973,,,SK
SK02,2012,4192000000.0,22.156443783965152,-0.16236386022324822,,,SK
SK02,2013,4515000000.0,22.23067102381536,0.07422723985020951,,,SK
SK02,2014,4142000000.0,22.144444599919805,-0.08622642389555679,,,SK
SK02,2015,4413000000.0,22.20782056723382,0.06337596731401618,,,SK
SK02,2016,3947000000.0,22.09622163362712,-0.11159893360670026,,,SK
SK02,2017,3953000000.0,22.09774062126096,0.0015189876338403963,,,SK
SK02,2018,3890000000.0,22.081674994576765,-0.016065626684195422,,,SK
SK02,2019,4054000000.0,22.122969884976218,0.041294890399452555,,,SK
SK02,2020,3937000000.0,22.093684848908012,-0.029285036068205983,,,SK
SK02,2021,4096000000.0,22.13327672468362,0.03959187577560641,,,SK
SK02,2022,2813000000.0,21.75751736645413,-0.37575935822948736,,,SK
SK02,2023,,,,-0.9960222040949475,4.0,SK
SK02,2024,,,,-0.8324352192874005,2.0,SK
SK02,2025,,,,-0.35175482739251457,4.0,SK
SK03,2007,1219000000.0,20.921296687445544,,,,SK
SK03,2008,1526000000.0,21.145915769808678,0.22461908236313377,,,SK
SK03,2009,1494000000.0,21.124722923657036,-0.021192846151642186,,,SK
SK03,2010,1654000000.0,21.226462433547912,0.10173950989087643,,,SK
SK03,2011,1607000000.0,21.197634923701788,-0.028827509846124144,,,SK
SK03,2012,1351000000.0,21.024110895924473,-0.17352402777731513,,,SK
SK03,2013,1419000000.0,21.073218235124315,0.04910733919984267,,,SK
SK03,2014,1041000000.0,20.763447626579243,-0.30977060854507243,,,SK
SK03,2015,1199000000.0,20.904753712991788,0.14130608641254483,,,SK
SK03,2016,1486000000.0,21.11935378324198,0.21460007025019223,,,SK
SK03,2017,1400000000.0,21.059738073567623,-0.059615709674357475,,,SK
SK03,2018,1533000000.0,21.15049243683609,0.09075436326846642,,,SK
SK03,2019,1463000000.0,21.1037549589844,-0.046737477851689135,,,SK
SK03,2020,988000000.0,20.711193255712143,-0.39256170327225703,,,SK
SK03,2021,1127000000.0,20.84282507200405,0.13163181629190746,,,SK
SK03,2022,706000000.0,20.375125795457517,-0.46769927654653287,,,SK
SK03,2023,,,,-0.728787930095873,4.0,SK
SK03,2024,,,,-0.9278056554304834,2.0,SK
SK03,2025,,,,0.04483651805407268,4.0,SK
SK04,2007,14402000000.0,23.390632922773086,,,,SK
SK04,2008,13427000000.0,23.320533442036982,-0.07009948073610417,,,SK
SK04,2009,10949000000.0,23.1165139648377,-0.2040194771992816,,,SK
SK04,2010,11490000000.0,23.164742928807076,0.04822896396937537,,,SK
SK04,2011,11461000000.0,23.162215804460974,-0.0025271243461020276,,,SK
SK04,2012,11239000000.0,23.14265570948254,-0.01956009497843425,,,SK
SK04,2013,10647000000.0,23.08854399927888,-0.054111710203660124,,,SK
SK04,2014,10919000000.0,23.11377022797834,0.02522622869945934,,,SK
SK04,2015,10664000000.0,23.09013941982282,-0.0236308081555201,,,SK
SK04,2016,10988000000.0,23.120069605179438,0.029930185356619177,,,SK
SK04,2017,11573000000.0,23.17194063581235,0.05187103063291332,,,SK
SK04,2018,11733000000.0,23.1856712213879,0.013730585575547849,,,SK
SK04,2019,9564000000.0,22.98127188654249,-0.20439933484540873,,,SK
SK04,2020,8082000000.0,22.812905203602693,-0.16836668293979784,,,SK
SK04,2021,10591000000.0,23.083270420807942,0.2703652172052493,,,SK
SK04,2022,8697000000.0,22.886243975554038,-0.19702644525390411,,,SK
SK04,2023,,,,-0.7183881220275795,4.0,SK
SK04,2024,,,,-1.0742056467372207,2.0,SK
SK04,2025,,,,-0.7990596706732742,4.0,SK
UKC1,2007,17322000000.0,23.575243206855266,,,,UK
UKC1,2008,16651000000.0,23.53573611162939,-0.03950709522587559,,,UK
UKC1,2009,13356000000.0,23.31523155902782,-0.22050455260157165,,,UK
UKC1,2010,9533000000.0,22.97802530045785,-0.33720625856996733,,,UK
UKC1,2011,5858000000.0,22.491074085351954,-0.486951215105897,,,UK
UKC1,2012,10273000000.0,23.052784931180536,0.561710845828582,,,UK
UKC1,2013,11491000000.0,23.164829957221908,0.1120450260413719,,,UK
UKC1,2014,10803000000.0,23.10308971028126,-0.061740246940647836,,,UK
UKC1,2015,8407000000.0,22.85233052909957,-0.2507591811816887,,,UK
UKC1,2016,3855000000.0,22.072636843961703,-0.7796936851378682,,,UK
UKC1,2017,4451000000.0,22.21639462698013,0.143757783018426,,,UK
UKC1,2018,4088000000.0,22.131321689847816,-0.08507293713231334,,,UK
UKC1,2019,2909000000.0,21.791075216459475,-0.3402464733883406,,,UK
UKC2,2007,4958000000.0,22.32426827055941,,,,UK
UKC2,2008,5128000000.0,22.35798155656478,0.03371328600536927,,,UK
UKC2,2009,7655000000.0,22.75862486605606,0.40064330949127935,,,UK
UKC2,2010,7541000000.0,22.74362063616692,-0.015004229889139964,,,UK
UKC2,2011,4744000000.0,22.280146498641834,-0.46347413752508615,,,UK
UKC2,2012,2812000000.0,21.75716181089483,-0.5229846877470052,,,UK
UKC2,2013,3393000000.0,21.944980322748503,0.18781851185367415,,,UK
UKC2,2014,3696000000.0,22.03051699072585,0.08553666797734749,,,UK
UKC2,2015,2048000000.0,21.44012954412367,-0.590387446602179,,,UK
UKC2,2016,208000000.0,19.15304863766559,-2.2870809064580797,,,UK
UKC2,2018,1537000000.0,21.15309830150287,2.0000496638372773,,,UK
UKC2,2019,2536000000.0,21.653853873521392,0.500755572018523,,,UK
UKD1,2007,1999000000.0,21.415912892464675,,,,UK
UKD1,2008,1939000000.0,21.385438213206925,-0.03047467925775038,,,UK
UKD1,2009,1835000000.0,21.330310318452945,-0.055127894753979945,,,UK
UKD1,2010,1673000000.0,21.237884258951098,-0.09242605950184668,,,UK
UKD1,2011,1225000000.0,20.9262066809431,-0.31167757800799833,,,UK
UKD1,2012,1101000000.0,20.819484694686953,-0.10672198625614726,,,UK
UKD1,2013,1741000000.0,21.27772549773246,0.4582408030455092,,,UK
UKD1,2014,1878000000.0,21.353473217732482,0.07574772000002028,,,UK
UKD1,2015,1895000000.0,21.3624846754808,0.009011457748318463,,,UK
UKD1,2016,1075000000.0,20.79558649852604,-0.5668981769547621,,,UK
UKD1,2017,781000000.0,20.47608570780396,-0.3195007907220777,,,UK
UKD1,2018,937000000.0,20.658193840202696,0.18210813239873502,,,UK
UKD1,2019,1214000000.0,20.917186529583716,0.2589926893810208,,,UK
UKD3,2007,128000000.0,18.66754082188389,,,,UK
UKD3,2008,468000000.0,19.963978853881923,1.2964380319980329,,,UK
UKD3,2009,671000000.0,20.324279694935957,0.36030084105403404,,,UK
UKD3,2010,714000000.0,20.38639352030386,0.06211382536790211,,,UK
UKD3,2011,605000000.0,20.220739015995115,-0.16565450430874407,,,UK
UKD3,2012,463000000.0,19.953237612050508,-0.26750140394460686,,,UK
UKD3,2013,644000000.0,20.28320928406863,0.3299716720181216,,,UK
UKD3,2014,318000000.0,19.577561940744452,-0.705647343324177,,,UK
UKD3,2015,317000000.0,19.574412331841554,-0.003149608902898393,,,UK
UKD3,2016,1319000000.0,21.000139710681587,1.4257273788400333,,,UK
UKD3,2017,2042000000.0,21.437195556688884,0.4370558460072971,,,UK
UKD3,2018,2043000000.0,21.437685152781896,0.0004895960930113574,,,UK
UKD3,2019,2450000000.0,21.619353861503047,0.18166870872115126,,,UK
UKD4,2007,784000000.0,20.479919578314682,,,,UK
UKD4,2008,754000000.0,20.44090292597223,-0.03901665234245044,,,UK
UKD4,2009,922000000.0,20.642055781520867,0.20115285554863505,,,UK
UKD4,2010,1200000000.0,20.905587393740365,0.2635316122194986,,,UK
UKD4,2011,655000000.0,20.300145793599526,-0.6054416001408391,,,UK
UKD4,2012,329000000.0,19.611568308729645,-0.6885774848698816,,,UK
UKD4,2013,462000000.0,19.951075449046012,0.33950714031636764,,,UK
UKD4,2014,591000000.0,20.197326575370372,0.24625112632435986,,,UK
UKD4,2015,615000000.0,20.237132825770793,0.03980625040042085,,,UK
UKD4,2016,601000000.0,20.21410549249948,-0.02302733327131179,,,UK
UKD4,2017,592000000.0,20.19901719284828,-0.015088299651200288,,,UK
UKD4,2018,574000000.0,20.16813995428384,-0.03087723856443958,,,UK
UKD4,2019,464000000.0,19.95539511019053,-0.2127448440933115,,,UK
UKD6,2007,10143000000.0,23.04004964934027,,,,UK
UKD6,2008,7211000000.0,22.698873474881033,-0.3411761744592354,,,UK
UKD6,2009,14901000000.0,23.424694161739733,0.7258206868587003,,,UK
UKD6,2010,17036000000.0,23.558594589007377,0.13390042726764406,,,UK
UKD6,2011,12742000000.0,23.268169460640706,-0.290425128366671,,,UK
UKD6,2012,13398000000.0,23.318371279032487,0.050201818391780506,,,UK
UKD6,2013,12412000000.0,23.241929583532546,-0.07644169549994118,,,UK
UKD6,2014,10376000000.0,23.062761283960555,-0.17916829957199099,,,UK
UKD6,2015,8771000000.0,22.894716661915655,-0.16804462204489923,,,UK
UKD6,2016,4781000000.0,22.287915566590378,-0.6068010953252774,,,UK
UKD6,2017,5049000000.0,22.34245604082319,0.054540474232812386,,,UK
UKD6,2018,3930000000.0,22.09190526282758,-0.25055077799560976,,,UK
UKD6,2019,4265000000.0,22.173708017890053,0.0818027550624727,,,UK
UKD7,2007,2725000000.0,21.725734265061618,,,,UK
UKD7,2008,2891000000.0,21.78486829998062,0.059134034919001266,,,UK
UKD7,2009,2505000000.0,21.64155457148324,-0.1433137284973789,,,UK
UKD7,2010,2989000000.0,21.81820472024821,0.17665014876497054,,,UK
UKD7,2011,2544000000.0,21.657003482424287,-0.16120123782392426,,,UK
UKD7,2012,2545000000.0,21.657396486948898,0.00039300452461077384,,,UK
UKD7,2013,964000000.0,20.68660185257482,-0.9707946343740765,,,UK
UKD7,2014,683000000.0,20.342005417535063,-0.3445964350397581,,,UK
UKD7,2015,1437000000.0,21.0858234440433,0.7438180265082366,,,UK
UKD7,2016,2895000000.0,21.786250947971368,0.7004275039280685,,,UK
UKD7,2017,2234000000.0,21.52705953759342,-0.259191410377948,,,UK
UKD7,2018,2071000000.0,21.451297419359857,-0.0757621182335626,,,UK
UKD7,2019,2687000000.0,21.711691166579765,0.2603937472199078,,,UK
UKE1,2007,24980000000.0,23.94134134164384,,,,UK
UKE1,2008,22172000000.0,23.82209606850397,-0.11924527313987099,,,UK
UKE1,2009,21032000000.0,23.76931092437399,-0.05278514412998092,,,UK
UKE1,2010,25396000000.0,23.957857518254613,0.18854659388062345,,,UK
UKE1,2011,22234000000.0,23.824888485757835,-0.13296903249677783,,,UK
UKE1,2012,17518000000.0,23.58649476068731,-0.23839372507052659,,,UK
UKE1,2013,17839000000.0,23.604652908715543,0.018158148028234677,,,UK
UKE1,2014,20613000000.0,23.74918778166346,0.144534872947915,,,UK
UKE1,2015,19764000000.0,23.707127937929915,-0.042059843733543545,,,UK
UKE1,2016,20813000000.0,23.758843628422525,0.05171569049261038,,,UK
UKE1,2017,20646000000.0,23.75078743298981,-0.008056195432715185,,,UK
UKE1,2018,20949000000.0,23.765356749478418,0.014569316488607598,,,UK
UKE1,2019,20118000000.0,23.72488077365856,-0.0404759758198594,,,UK
UKE2,2007,30556000000.0,24.142826902625526,,,,UK
UKE2,2008,31347000000.0,24.168384405666494,0.025557503040968044,,,UK
UKE2,2009,51524000000.0,24.665313555480253,0.49692914981375935,,,UK
UKE2,2010,52692000000.0,24.68772947831399,0.022415922833737056,,,UK
UKE2,2011,26608000000.0,24.004477759396984,-0.6832517189170062,,,UK
UKE2,2012,34232000000.0,24.256426716060925,0.25194895666394146,,,UK
UKE2,2013,34747000000.0,24.27135907429523,0.014932358234304388,,,UK
UKE2,2014,31712000000.0,24.17996099509399,-0.09139807920124099,,,UK
UKE2,2015,28258000000.0,24.064642440290026,-0.11531855480396302,,,UK
UKE2,2016,19910000000.0,23.714487955022516,-0.3501544852675096,,,UK
UKE2,2017,19117000000.0,23.673843828493293,-0.040644126529223,,,UK
UKE2,2018,17354000000.0,23.57708886431771,-0.09675496417558449,,,UK
UKE2,2019,13000000000.0,23.288215194407947,-0.28887366990976204,,,UK
UKE3,2007,545000000.0,20.11629635262752,,,,UK
UKE3,2008,440000000.0,19.90228528487658,-0.21401106775093837,,,UK
UKE3,2009,269000000.0,19.410221937566114,-0.4920633473104665,,,UK
UKE3,2010,507000000.0,20.044021561555457,0.6337996239893435,,,UK
UKE3,2011,455000000.0,19.935807976915225,-0.10821358464023234,,,UK
UKE3,2012,577000000.0,20.173352824472374,0.23754484755714955,,,UK
UKE3,2013,586000000.0,20.188830347541288,0.015477523068913257,,,UK
UKE3,2014,622000000.0,20.248450650703454,0.059620303162166266,,,UK
UKE3,2015,770000000.0,20.461901072812005,0.2134504221085507,,,UK
UKE3,2016,654000000.0,20.298617909421473,-0.16328316339053117,,,UK
UKE3,2017,632000000.0,20.26439995211113,-0.03421795731034294,,,UK
UKE3,2018,942000000.0,20.663515832540636,0.3991158804295054,,,UK
UKE3,2019,15534000000.0,23.466297006943865,2.802781174403229,,,UK
UKE4,2007,8927000000.0,22.912346229143637,,,,UK
UKE4,2008,4070000000.0,22.126908836400915,-0.7854373927427218,,,UK
UKE4,2009,9339000000.0,22.957465017073993,0.8305561806730779,,,UK
UKE4,2010,9916000000.0,23.017415451119355,0.059950434045362044,,,UK
UKE4,2011,7381000000.0,22.722174967734325,-0.2952404833850295,,,UK
UKE4,2012,9175000000.0,22.939748230887044,0.21757326315271897,,,UK
UKE4,2013,8368000000.0,22.847680744268978,-0.09206748661806685,,,UK
UKE4,2014,3276000000.0,21.909889002937234,-0.9377917413317434,,,UK
UKE4,2015,2164000000.0,21.495224197930646,-0.41466480500658776,,,UK
UKE4,2016,848000000.0,20.558391193756176,-0.9368330041744706,,,UK
UKE4,2017,2910000000.0,21.79141891812981,1.2330277243736347,,,UK
UKE4,2018,1198000000.0,20.903919336639667,-0.8874995814901432,,,UK
UKE4,2019,1470000000.0,21.108528237737055,0.20460890109738727,,,UK
UKF1,2007,33536000000.0,24.23588532564499,,,,UK
UKF1,2008,34724000000.0,24.270696927475974,0.03481160183098453,,,UK
UKF1,2009,43220000000.0,24.48956918802515,0.2188722605491762,,,UK
UKF1,2010,42205000000.0,24.465804534382094,-0.023764653643056022,,,UK
UKF1,2011,29747000000.0,24.115994123517186,-0.34981041086490805,,,UK
UKF1,2012,36788000000.0,24.32843754198686,0.2124434184696753,,,UK
UKF1,2013,37621000000.0,24.35082824207154,0.022390700084677917,,,UK
UKF1,2014,34440000000.0,24.262484516505943,-0.088343725565597,,,UK
UKF1,2015,27096000000.0,24.02265195246188,-0.23983256404406106,,,UK
UKF1,2016,13472000000.0,23.32387929444638,-0.6987726580154998,,,UK
UKF1,2017,14923000000.0,23.42616948389574,0.1022901894493593,,,UK
UKF1,2018,17440000000.0,23.582032255427244,0.15586277153150263,,,UK
UKF1,2019,11653000000.0,23.17882949453754,-0.4032027608897053,,,UK
UKF2,2007,1802000000.0,21.312162996132557,,,,UK
UKF2,2008,1627000000.0,21.21000366518331,-0.10215933094924523,,,UK
UKF2,2009,2168000000.0,21.49707092052381,0.28706725534049937,,,UK
UKF2,2010,1764000000.0,21.29084979453101,-0.2062211259928013,,,UK
UKF2,2011,880000000.0,20.595432465436527,-0.6954173290944823,,,UK
UKF2,2012,586000000.0,20.188830347541288,-0.4066021178952397,,,UK
UKF2,2013,1321000000.0,21.0016548624866,0.8128245149453122,,,UK
UKF2,2014,1175000000.0,20.884533984542532,-0.11712087794406756,,,UK
UKF2,2015,1115000000.0,20.832120241858494,-0.05241374268403831,,,UK
UKF2,2016,671000000.0,20.324279694935957,-0.5078405469225373,,,UK
UKF2,2017,643000000.0,20.281655282201893,-0.04262441273406381,,,UK
UKF2,2018,642000000.0,20.280098861654235,-0.0015564205476579218,,,UK
UKF2,2019,714000000.0,20.38639352030386,0.10629465864962384,,,UK
UKF3,2007,3940000000.0,22.094446560256255,,,,UK
UKF3,2008,4300000000.0,22.18188085964593,0.08743429938967395,,,UK
UKF3,2009,4460000000.0,22.218414602978385,0.036533743332455515,,,UK
UKF3,2010,3370000000.0,21.93817858131068,-0.28023602166770445,,,UK
UKF3,2011,3780000000.0,22.05298984657791,0.11481126526722818,,,UK
UKF3,2012,1643000000.0,21.219789676001543,-0.8332001705763652,,,UK
UKF3,2013,1415000000.0,21.070395368041613,-0.14939430795993047,,,UK
UKF3,2014,1597000000.0,21.191392706179286,0.12099733813767344,,,UK
UKF3,2015,1516000000.0,21.13934112416659,-0.05205158201269455,,,UK
UKF3,2016,3073000000.0,21.84592012009476,0.7065789959281688,,,UK
UKF3,2017,2764000000.0,21.739944742851833,-0.1059753772429275,,,UK
UKF3,2018,2143000000.0,21.48547255343785,-0.2544721894139812,,,UK
UKF3,2019,2926000000.0,21.796902139544343,0.31142958610649174,,,UK
UKG1,2007,1320000000.0,21.00089757354469,,,,UK
UKG1,2008,1341000000.0,21.016681441245954,0.01578386770126272,,,UK
UKG1,2009,1323000000.0,21.00316772207923,-0.013513719166724059,,,UK
UKG1,2010,1355000000.0,21.027067291278076,0.023899569198846393,,,UK
UKG1,2011,1469000000.0,21.10784773413815,0.08078044286007469,,,UK
UKG1,2012,1268000000.0,20.960706692961445,-0.147141041176706,,,UK
UKG1,2013,1180000000.0,20.888780275423983,-0.07192641753746187,,,UK
UKG1,2014,1270000000.0,20.96228273741691,0.07350246199292698,,,UK
UKG1,2015,1140000000.0,20.854294099352817,-0.10798863806409287,,,UK
UKG1,2016,1270000000.0,20.96228273741691,0.10798863806409287,,,UK
UKG1,2017,1170000000.0,20.880269585756075,-0.0820131516608349,,,UK
UKG1,2018,1286000000.0,20.97480246276184,0.09453287700576496,,,UK
UKG1,2019,1310000000.0,20.99329297415947,0.018490511397629916,,,UK
UKG2,2007,9781000000.0,23.003707565254768,,,,UK
UKG2,2008,6347000000.0,22.571248097270743,-0.43245946798402457,,,UK
UKG2,2009,7510000000.0,22.739501302722456,0.16825320545171252,,,UK
UKG2,2010,6479000000.0,22.59183201441423,-0.1476692883082258,,,UK
UKG2,2011,5742000000.0,22.471073418645283,-0.12075859576894743,,,UK
UKG2,2012,5948000000.0,22.50632086554432,0.03524744689903869,,,UK
UKG2,2013,8516000000.0,22.865212583977645,0.35889171843332335,,,UK
UKG2,2014,7626000000.0,22.754829298381782,-0.11038328559586219,,,UK
UKG2,2015,7149000000.0,22.690238323731126,-0.06459097465065611,,,UK
UKG2,2016,2660000000.0,21.701591959740018,-0.9886463639911085,,,UK
UKG2,2017,1547000000.0,21.15958340853734,-0.5420085512026773,,,UK
UKG2,2018,1498000000.0,21.12739672204144,-0.032186686495901284,,,UK
UKG2,2019,1567000000.0,21.172428800320294,0.04503207827885447,,,UK
UKG3,2007,248000000.0,19.328939304129257,,,,UK
UKG3,2008,367000000.0,19.720872406018845,0.3919331018895882,,,UK
UKG3,2009,634000000.0,20.2675595124015,0.5466871063826559,,,UK
UKG3,2010,429000000.0,19.87696747689229,-0.3905920355092114,,,UK
UKG3,2011,694000000.0,20.35798251847108,0.4810150415787895,,,UK
UKG3,2012,686000000.0,20.34638818569016,-0.011594332780919814,,,UK
UKG3,2013,691000000.0,20.353650381731946,0.00726219604178624,,,UK
UKG3,2014,757000000.0,20.444873811401724,0.09122342966977826,,,UK
UKG3,2015,790000000.0,20.487543503425343,0.04266969202361892,,,UK
UKG3,2016,769000000.0,20.46060152746992,-0.026941975955423914,,,UK
UKG3,2017,778000000.0,20.472237082142666,0.011635554672746906,,,UK
UKG3,2018,737000000.0,20.41809845015361,-0.054138631989054886,,,UK
UKG3,2019,795000000.0,20.493852672618605,0.07575422246499386,,,UK
UKH1,2007,4651000000.0,22.260348087188373,,,,UK
UKH1,2008,4142000000.0,22.144444599919805,-0.11590348726856803,,,UK
UKH1,2009,4079000000.0,22.12911769728183,-0.015326902637973205,,,UK
UKH1,2010,4619000000.0,22.25344406839488,0.12432637111304956,,,UK
UKH1,2011,2872000000.0,21.77827448813239,-0.47516958026249156,,,UK
UKH1,2012,1817000000.0,21.320452626360446,-0.4578218617719436,,,UK
UKH1,2013,2348000000.0,21.57682973891226,0.2563771125518137,,,UK
UKH1,2014,1663000000.0,21.231889037157202,-0.344940701755057,,,UK
UKH1,2015,2685000000.0,21.71094656490724,0.4790575277500366,,,UK
UKH1,2016,2342000000.0,21.574271102121937,-0.13667546278530196,,,UK
UKH1,2017,2696000000.0,21.71503502999647,0.1407639278745343,,,UK
UKH1,2018,2565000000.0,21.665224315569144,-0.049810714427326985,,,UK
UKH1,2019,3290000000.0,21.91415340172369,0.248929086154547,,,UK
UKH2,2007,3030000000.0,21.83182845646769,,,,UK
UKH2,2008,3352000000.0,21.932823019566246,0.10099456309855626,,,UK
UKH2,2009,3070000000.0,21.844943398545517,-0.0878796210207291,,,UK
UKH2,2010,3060000000.0,21.8416807529107,-0.0032626456348161526,,,UK
UKH2,2011,1269000000.0,20.961495025678662,-0.880185727232039,,,UK
UKH2,2012,806000000.0,20.507594300470902,-0.4539007252077596,,,UK
UKH2,2013,1245000000.0,20.94240136686308,0.43480706639217814,,,UK
UKH2,2014,1607000000.0,21.197634923701788,0.2552335568387072,,,UK
UKH2,2015,1380000000.0,21.045349336115525,-0.1522855875862632,,,UK
UKH2,2016,2120000000.0,21.474681925630332,0.42933258951480724,,,UK
UKH2,2017,2114000000.0,21.471847724394458,-0.0028342012358741897,,,UK
UKH2,2018,2169000000.0,21.49753206879115,0.02568434439669076,,,UK
UKH2,2019,1626000000.0,21.20938884807203,-0.28814322071911747,,,UK
UKH3,2007,7671000000.0,22.76071282192357,,,,UK
UKH3,2008,7958000000.0,22.797443548951147,0.03673072702757807,,,UK
UKH3,2009,8250000000.0,22.833479037293,0.03603548834185233,,,UK
UKH3,2010,9630000000.0,22.988149062756445,0.15467002546344588,,,UK
UKH3,2011,3880000000.0,22.079100990581594,-0.9090480721748513,,,UK
UKH3,2012,3305000000.0,21.91870231025006,-0.16039868033153226,,,UK
UKH3,2013,3195000000.0,21.88485292477591,-0.03384938547415217,,,UK
UKH3,2014,453000000.0,19.93140268344731,-1.9534502413286,,,UK
UKH3,2015,790000000.0,20.487543503425343,0.5561408199780331,,,UK
UKH3,2016,1400000000.0,21.059738073567623,0.5721945701422797,,,UK
UKH3,2017,606000000.0,20.222390544033587,-0.8373475295340356,,,UK
UKH3,2018,837000000.0,20.545334628453748,0.3229440844201612,,,UK
UKH3,2019,1063000000.0,20.78436093630622,0.23902630785247325,,,UK
UKI4,2007,422000000.0,19.860515872000285,,,,UK
UKI4,2008,430000000.0,19.879295766651882,0.018779894651597573,,,UK
UKI4,2009,399000000.0,19.80447197485414,-0.07482379179774412,,,UK
UKI4,2010,545000000.0,20.11629635262752,0.31182437777338023,,,UK
UKI4,2011,497000000.0,20.024100584060903,-0.09219576856661504,,,UK
UKI4,2012,522000000.0,20.073178145846914,0.04907756178601019,,,UK
UKI4,2013,514000000.0,20.05773382341944,-0.015444322427473622,,,UK
UKI4,2014,517000000.0,20.063553432472702,0.005819609053261843,,,UK
UKI4,2015,671000000.0,20.324279694935957,0.2607262624632547,,,UK
UKI4,2016,518000000.0,20.065485800223758,-0.2587938947121984,,,UK
UKI4,2017,515000000.0,20.05967745862801,-0.005808341595749056,,,UK
UKI4,2018,485000000.0,19.999659448901756,-0.06001800972625304,,,UK
UKI4,2019,469000000.0,19.966113326410554,-0.03354612249120237,,,UK
UKI5,2007,4199000000.0,22.158112238648467,,,,UK
UKI5,2008,4756000000.0,22.282672815774948,0.12456057712648061,,,UK
UKI5,2009,4431000000.0,22.211891129163764,-0.07078168661118411,,,UK
UKI5,2010,3844000000.0,22.06977932805446,-0.142111801109305,,,UK
UKI5,2011,3037000000.0,21.83413602301002,-0.2356433050444373,,,UK
UKI5,2012,2606000000.0,21.681082315649064,-0.15305370736095725,,,UK
UKI5,2013,1972000000.0,21.402314093126854,-0.2787682225222099,,,UK
UKI5,2014,1809000000.0,21.316040043359568,-0.0862740497672867,,,UK
UKI5,2015,1926000000.0,21.378711150322346,0.06267110696277811,,,UK
UKI5,2016,2372000000.0,21.58699931808189,0.2082881677595445,,,UK
UKI5,2017,1691000000.0,21.248585906862854,-0.3384134112190367,,,UK
UKI5,2018,1816000000.0,21.319902117125512,0.07131621026265833,,,UK
UKI5,2019,1526000000.0,21.145915769808678,-0.17398634731683416,,,UK
UKI6,2019,263000000.0,19.387664590142037,,,,UK
UKJ1,2007,8765000000.0,22.89403235531961,,,,UK
UKJ1,2008,8847000000.0,22.90334425544766,0.00931190012805061,,,UK
UKJ1,2009,5275000000.0,22.38624451630854,-0.5170997391391197,,,UK
UKJ1,2010,8052000000.0,22.809186344723955,0.4229418284154143,,,UK
UKJ1,2011,5432000000.0,22.415573227202806,-0.3936131175211486,,,UK
UKJ1,2012,10203000000.0,23.045947631639578,0.6303744044367718,,,UK
UKJ1,2013,3355000000.0,21.933717607370056,-1.1122300242695218,,,UK
UKJ1,2014,1942000000.0,21.386984206815544,-0.5467334005545119,,,UK
UKJ1,2015,2547000000.0,21.65818203294373,0.2711978261281871,,,UK
UKJ1,2016,3283000000.0,21.912023475465865,0.25384144252213403,,,UK
UKJ1,2017,3379000000.0,21.940845644678564,0.028822169212698867,,,UK
UKJ1,2018,3511000000.0,21.979166734132708,0.038321089454143475,,,UK
UKJ1,2019,3344000000.0,21.930433532168866,-0.048733201963841566,,,UK
UKJ2,2007,297000000.0,19.509242696766975,,,,UK
UKJ2,2008,1256000000.0,20.95119790499242,1.441955208225444,,,UK
UKJ2,2009,1050000000.0,20.772056001115843,-0.1791419038765767,,,UK
UKJ2,2010,962000000.0,20.68452500862998,-0.08753099248586338,,,UK
UKJ2,2011,895000000.0,20.612334276239128,-0.07219073239085105,,,UK
UKJ2,2012,343000000.0,19.653241005130216,-0.9590932711089124,,,UK
UKJ2,2013,404000000.0,19.816925435925423,0.16368443079520745,,,UK
UKJ2,2014,360000000.0,19.70161458941443,-0.11531084651099377,,,UK
UKJ2,2015,776000000.0,20.469663078147494,0.768048488733065,,,UK
UKJ2,2016,1038000000.0,20.76056162169011,0.2908985435426139,,,UK
UKJ2,2017,1141000000.0,20.85517090782635,0.0946092861362402,,,UK
UKJ2,2018,549000000.0,20.123608999473806,-0.7315619083525426,,,UK
UKJ2,2019,200000000.0,19.11382792451231,-1.009781074961495,,,UK
UKJ3,2007,4394000000.0,22.20350581090883,,,,UK
UKJ3,2008,4590000000.0,22.247145861018865,0.04364005011003513,,,UK
UKJ3,2009,4237000000.0,22.167121308590833,-0.08002455242803208,,,UK
UKJ3,2010,6600000000.0,22.61033548597879,0.4432141773879579,,,UK
UKJ3,2011,6266000000.0,22.55840402947641,-0.05193145650238051,,,UK
UKJ3,2012,4897000000.0,22.311888609666592,-0.24651541980981762,,,UK
UKJ3,2013,5042000000.0,22.34106866571214,0.029180056045547076,,,UK
UKJ3,2014,5213000000.0,22.37442134273238,0.033352677020239696,,,UK
UKJ3,2015,4977000000.0,22.32809313682283,-0.04632820590954978,,,UK
UKJ3,2016,5470000000.0,22.4225444533803,0.09445131655747119,,,UK
UKJ3,2017,5598000000.0,22.445675228039672,0.02313077465937141,,,UK
UKJ3,2018,5357000000.0,22.401669953845236,-0.04400527419443634,,,UK
UKJ3,2019,5140000000.0,22.360318916413483,-0.0413510374317525,,,UK
UKJ4,2007,15083000000.0,23.436834118732527,,,,UK
UKJ4,2008,10457000000.0,23.070537447562863,-0.366296671169664,,,UK
UKJ4,2009,11930000000.0,23.202322073056237,0.1317846254933741,,,UK
UKJ4,2010,11534000000.0,23.168565032139632,-0.03375704091660481,,,UK
UKJ4,2011,9750000000.0,23.000533121956167,-0.16803191018346553,,,UK
UKJ4,2012,10879000000.0,23.110100162385358,0.10956704042919085,,,UK
UKJ4,2013,5107000000.0,22.35387798461192,-0.7562221777734379,,,UK
UKJ4,2014,5243000000.0,22.380159690536807,0.026281705924887433,,,UK
UKJ4,2015,4714000000.0,22.27380264146035,-0.1063570490764576,,,UK
UKJ4,2016,6271000000.0,22.559201668507296,0.285399027046946,,,UK
UKJ4,2017,5249000000.0,22.381303419216575,-0.1778982492907204,,,UK
UKJ4,2018,5106000000.0,22.353682155765703,-0.02762126345087168,,,UK
UKJ4,2019,4860000000.0,22.304304274858815,-0.04937788090688855,,,UK
UKK1,2007,3168000000.0,21.87636631089859,,,,UK
UKK1,2008,2944000000.0,21.80303503781304,-0.07333127308555021,,,UK
UKK1,2009,2490000000.0,21.635548547423028,-0.1674864903900115,,,UK
UKK1,2010,2710000000.0,21.72021447183802,0.08466592441499188,,,UK
UKK1,2011,1760000000.0,21.28857964599647,-0.4316348258415488,,,UK
UKK1,2012,558000000.0,20.139869520345584,-1.1487101256508865,,,UK
UKK1,2013,840000000.0,20.548912449801634,0.40904292945604936,,,UK
UKK1,2014,978000000.0,20.70102022799909,0.15210777819745758,,,UK
UKK1,2015,679000000.0,20.33613168552297,-0.3648885424761197,,,UK
UKK1,2016,1530000000.0,21.148533572350754,0.8124018868277822,,,UK
UKK1,2017,2297000000.0,21.55486976065337,0.40633618830261753,,,UK
UKK1,2018,1822000000.0,21.32320063578418,-0.23166912486919244,,,UK
UKK1,2019,1460000000.0,21.101702272666657,-0.22149836311752225,,,UK
UKK2,2007,152000000.0,18.83939107881055,,,,UK
UKK2,2008,127000000.0,18.659697644422867,-0.17969343438768348,,,UK
UKK2,2011,172000000.0,18.963005034777726,0.30330739035485976,,,UK
UKK2,2012,109000000.0,18.50685844019342,-0.4561465945843075,,,UK
UKK3,2009,402000000.0,19.811962646583297,,,,UK
UKK3,2010,319000000.0,19.580701660749117,-0.23126098583417942,,,UK
UKK3,2011,242000000.0,19.304448284120962,-0.27625337662815497,,,UK
UKK3,2012,218000000.0,19.200005620753362,-0.10444266336759966,,,UK
UKK3,2013,378000000.0,19.75040475358386,0.5503991328304991,,,UK
UKK3,2014,345000000.0,19.659054974995634,-0.09134977858822779,,,UK
UKK3,2015,303000000.0,19.529243363473643,-0.1298116115219905,,,UK
UKK3,2017,157000000.0,18.87175636331258,-0.657487000161062,,,UK
UKK3,2019,226000000.0,19.23604555723656,0.3642891939239803,,,UK
UKK4,2010,1960000000.0,21.396210310188838,,,,UK
UKK4,2011,1870000000.0,21.349204267812908,-0.04700604237592998,,,UK
UKK4,2012,1100000000.0,20.818576016750736,-0.530628251062172,,,UK
UKK4,2013,1190000000.0,20.89721914406985,0.07864312731911483,,,UK
UKK4,2014,1040000000.0,20.76248655009969,-0.1347325939701598,,,UK
UKK4,2015,444000000.0,19.911335120396497,-0.8511514297031937,,,UK
UKK4,2016,896000000.0,20.613450970939205,0.7021158505427074,,,UK
UKK4,2017,1240000000.0,20.938377216563357,0.32492624562415173,,,UK
UKK4,2018,1191000000.0,20.898059127319573,-0.040318089243783106,,,UK
UKK4,2019,951000000.0,20.673024620509665,-0.22503450680990866,,,UK
UKL1,2007,12659000000.0,23.261634261601102,,,,UK
UKL1,2008,11193000000.0,23.13855441985354,-0.12307984174756115,,,UK
UKL1,2009,9508000000.0,22.97539938644436,-0.1631550334091827,,,UK
UKL1,2010,12401000000.0,23.241042951467048,0.26564356502268893,,,UK
UKL1,2011,11748000000.0,23.186948850282786,-0.054094101184261945,,,UK
UKL1,2012,11870000000.0,23.19728004556799,0.010331195285203876,,,UK
UKL1,2013,15897000000.0,23.489396249125146,0.29211620355715695,,,UK
UKL1,2014,16239000000.0,23.51068159342936,0.02128534430421425,,,UK
UKL1,2015,14815000000.0,23.41890601797194,-0.09177557545742232,,,UK
UKL1,2016,10370000000.0,23.062182859187846,-0.3567231587840922,,,UK
UKL1,2017,9773000000.0,23.00288931830311,-0.0592935408847346,,,UK
UKL1,2018,13185000000.0,23.302345656751662,0.29945633844855024,,,UK
UKL1,2019,13446000000.0,23.321947500993257,0.0196018442415955,,,UK
UKL2,2007,11324000000.0,23.150190204196065,,,,UK
UKL2,2008,16274000000.0,23.512834579220875,0.36264437502481073,,,UK
UKL2,2009,17989000000.0,23.61302629692696,0.10019171770608537,,,UK
UKL2,2010,16098000000.0,23.501960877617954,-0.11106541930900704,,,UK
UKL2,2011,10078000000.0,23.03362066720482,-0.46834021041313534,,,UK
UKL2,2012,12157000000.0,23.221170972520067,0.18755030531524852,,,UK
UKL2,2013,13100000000.0,23.295878067153517,0.0747070946334496,,,UK
UKL2,2014,9273000000.0,22.9503727887645,-0.345505278389016,,,UK
UKL2,2015,10379000000.0,23.063050370929563,0.11267758216506252,,,UK
UKL2,2016,9527000000.0,22.977395709671054,-0.08565466125850918,,,UK
UKL2,2017,6467000000.0,22.589978159410865,-0.38741755026018865,,,UK
UKL2,2018,4116000000.0,22.138147654918214,-0.4518305044926514,,,UK
UKL2,2019,3618000000.0,22.009187223919515,-0.12896043099869914,,,UK
UKM5,2007,7775000000.0,22.77417929501171,,,,UK
UKM5,2008,7907000000.0,22.791014280035203,0.016834985023493232,,,UK
UKM5,2009,6090000000.0,22.529913918668218,-0.2611003613669851,,,UK
UKM5,2010,5733000000.0,22.469504790872655,-0.06040912779556251,,,UK
UKM5,2011,5361000000.0,22.40241636179181,-0.06708842908084378,,,UK
UKM5,2012,4067000000.0,22.126171463871497,-0.27624489792031426,,,UK
UKM5,2013,3871000000.0,22.076778708541923,-0.0493927553295741,,,UK
UKM5,2014,2782000000.0,21.746435930447664,-0.33034277809425916,,,UK
UKM5,2015,3181000000.0,21.88046144971342,0.13402551926575512,,,UK
UKM5,2016,3835000000.0,22.067435271765632,0.18697382205221302,,,UK
UKM5,2017,4487000000.0,22.224450163940258,0.15701489217462594,,,UK
UKM5,2018,5146000000.0,22.361485550805963,0.13703538686570482,,,UK
UKM5,2019,4778000000.0,22.287287885850027,-0.0741976649559355,,,UK
UKM6,2007,8119000000.0,22.81747283082672,,,,UK
UKM6,2008,7955000000.0,22.79706649873616,-0.020406332090558976,,,UK
UKM6,2009,7748000000.0,22.77070058249116,-0.02636591624500184,,,UK
UKM6,2010,7904000000.0,22.790634797391977,0.019934214900818148,,,UK
UKM6,2011,6674000000.0,22.621485217275595,-0.16914958011638248,,,UK
UKM6,2012,5979000000.0,22.51151916684518,-0.10996605043041541,,,UK
UKM6,2013,5978000000.0,22.511351900808158,-0.00016726603702110765,,,UK
UKM6,2014,5593000000.0,22.444781652785863,-0.06657024802229472,,,UK
UKM6,2015,5525000000.0,22.432549084350228,-0.012232568435635471,,,UK
UKM6,2016,6155000000.0,22.54053059658283,0.10798151223260177,,,UK
UKM6,2017,6932000000.0,22.65941420879977,0.11888361221694055,,,UK
UKM6,2018,6426000000.0,22.583618097640077,-0.07579611115969342,,,UK
UKM6,2019,6426000000.0,22.583618097640077,0.0,,,UK
UKM7,2007,19384000000.0,23.687713820460637,,,,UK
UKM7,2008,27591000000.0,24.040755469535082,0.353041649074445,,,UK
UKM7,2009,27791000000.0,24.047978064220377,0.007222594685295292,,,UK
UKM7,2010,28832000000.0,24.08475171837234,0.03677365415196121,,,UK
UKM7,2011,14439000000.0,23.393198715935494,-0.6915530024368444,,,UK
UKM7,2012,17366000000.0,23.577780108584864,0.18458139264937046,,,UK
UKM7,2013,15670000000.0,23.47501389331434,-0.10276621527052399,,,UK
UKM7,2014,14872000000.0,23.422746087365553,-0.05226780594878733,,,UK
UKM7,2015,13430000000.0,23.320756847481558,-0.101989239883995,,,UK
UKM7,2016,7810000000.0,22.778670800798007,-0.5420860466835506,,,UK
UKM7,2017,6320000000.0,22.566985045105177,-0.2116857556928302,,,UK
UKM7,2018,6090000000.0,22.529913918668218,-0.037071126436959645,,,UK
UKM7,2019,6120000000.0,22.534827933470645,0.004914014802427147,,,UK
UKM8,2010,108000000.0,18.497641785088494,,,,UK
UKM8,2011,104000000.0,18.459901457105648,-0.037740327982845656,,,UK
UKM8,2012,101000000.0,18.430631074805532,-0.02927038230011547,,,UK
UKM9,2007,318000000.0,19.577561940744452,,,,UK
UKM9,2008,706000000.0,20.375125795457517,0.797563854713065,,,UK
UKM9,2009,1001000000.0,20.724265337279494,0.3491395418219767,,,UK
UKM9,2010,1051000000.0,20.773007928841224,0.04874259156173011,,,UK
UKM9,2011,966000000.0,20.688674392176793,-0.08433353666443111,,,UK
UKM9,2012,1065000000.0,20.7862406361078,0.09756624393100566,,,UK
UKM9,2013,1019000000.0,20.742087591186998,-0.044153044920800966,,,UK
UKM9,2014,1012000000.0,20.735194407811687,-0.006893183375311196,,,UK
UKM9,2015,963000000.0,20.6855639697624,-0.04963043804928802,,,UK
UKM9,2016,925000000.0,20.6453042954767,-0.04025967428569999,,,UK
UKM9,2017,965000000.0,20.68763865930326,0.04233436382656208,,,UK
UKM9,2018,860000000.0,20.572442947211826,-0.11519571209143464,,,UK
UKM9,2019,820000000.0,20.524814898222573,-0.0476280489892531,,,UK
UKN0,2007,5570000000.0,22.440660890885603,,,,UK
UKN0,2008,5530000000.0,22.433453652480654,-0.007207238404948413,,,UK
UKN0,2009,3710000000.0,22.034297713565756,-0.3991559389148982,,,UK
UKN0,2010,4406000000.0,22.206233085326563,0.17193537176080653,,,UK
UKN0,2011,2770000000.0,21.74211315714566,-0.464119928180903,,,UK
UKN0,2012,4297000000.0,22.18118294173927,0.43906978459360957,,,UK
UKN0,2013,4471000000.0,22.220877934198256,0.03969499245898689,,,UK
UKN0,2014,4079000000.0,22.12911769728183,-0.09176023691642499,,,UK
UKN0,2015,4355000000.0,22.194590447250878,0.06547274996904662,,,UK
UKN0,2016,4496000000.0,22.226453949537802,0.03186350228692447,,,UK
UKN0,2017,3960000000.0,22.099509862212802,-0.1269440873250005,,,UK
UKN0,2018,3500000000.0,21.97602880544178,-0.12348105677102339,,,UK
UKN0,2019,3252000000.0,21.902536028631975,-0.07349277680980393,,,UK
