FacilityInspireId,facilityName,countryName,Longitude,Latitude,NUTS_ID,CNTR_CODE,pollutant_def
IT.CAED/900181001.FACILITY,Power Plant South - Impianto di Termini Imerese - Centrale Ettore Majorana,Italy,13.7483,37.9691,ITG1,IT,incl_biomass
https://registry.gdi-de.org/id/de.bw.lubw.inspire.pf/pf-450-2951606-00000000,Essity Operations Mannheim GmbH ,Germany,8.45708,49.53548,DE12,DE,incl_biomass
https://registry.gdi-de.org/id/de.by.inspire.pf.ied/S00114,"Wacker Chemie AG, Werk Burghausen",Germany,12.84424296167955,48.1851505043508,DE21,DE,incl_biomass
https://registry.gdi-de.org/id/de.bb.inspire.pf.eureg/45039245,Hamburger Rieger GmbH Geschäftsfeld Kraftwerk,Germany,14.36495,51.52854,DE40,DE,incl_biomass
ES.CAED/001998000.FACILITY,ALUMINA ESPAÑOLA S.A.,Spain,-7.454929,43.697515,ES11,ES,incl_biomass
FR.CAED/13783.FACILITY,SA DE LA RAFFINERIE DES ANTILLES,France,-61.02625,14.61665,FRY2,FR,incl_biomass
https://registry.gdi-de.org/id/de.nw.inspire.pf.bube-eureg/arb-2017-114000-100-0006538,Outokumpu Nirosta GmbH,Germany,6.55585,51.30168,DEA1,DE,incl_biomass
SE.CAED/10020849.Facility,"NG Nordic Sweden AB, Norrtorp",Sweden,15.27978,59.11531,SE12,SE,incl_biomass
http://paikkatiedot.fi/so/1002031/pf/ProductionFacility/0000018120.ProductionFacility,"Stora Enso Oyj, Varkauden tehtaat",Finland,27.89859,62.3164,FI1D,FI,incl_biomass
RO.CAED/101TM0001.FACILITY,SC COLTERM SA - CET SUD,Romania,21.197777,45.708051,RO42,RO,incl_biomass
ES.CAED/000214000.FACILITY,"GLOBAL STEEL WIRE, S.A.",Spain,-3.843327,43.440705,ES13,ES,incl_biomass
DK.CAED/000104665.FACILITY,"Ørsted Bioenergy & Thermal Power A/S, Studstrupvær",Denmark,10.34353597045722,56.25139187561966,DK04,DK,incl_biomass
https://registry.gdi-de.org/id/de.th/5bf25e39-19d5-4254-adac-63f1b1cec499/86012942,TWS Thüringer Wärme Service GmbH ,Germany,11.32862,50.6862,DEG0,DE,incl_biomass
ES.CAED/002928000.FACILITY,CENTRAL TÉRMICA DE ABOÑO,Spain,-5.723454,43.552693,ES12,ES,incl_biomass
CZ.MZP.K413/CZ88718507.FACILITY,Elektrárna Tisová,Czechia,12.6102165,50.15217856,CZ04,CZ,incl_biomass
https://registry.gdi-de.org/id/de.be.pf.lisa/172656,BEW HKW Marzahn ,Germany,13.5221,52.5234,DE30,DE,incl_biomass
DK.CAED/000106129.FACILITY,ALK-ABELLO A/S,Denmark,12.486068743145555,55.87444406316153,DK01,DK,incl_biomass
CH.CAED/000000279.Facility,GEVAG Trimmis,Switzerland,9.5569,46.9161,CH05,CH,incl_biomass
https://registry.gdi-de.org/id/de.nw.inspire.pf.bube-eureg/arb-2017-112000-100-0365906,STEAG Power GmbH,Germany,6.71962,51.526,DEA1,DE,incl_biomass
UK.LAED/E375_434.FACILITY,EGGER (UK) LIMITED,United Kingdom,-2.0874,54.9774,UKC2,UK,incl_biomass
CZ.MZP.T806/CZ85250575.FACILITY,Teplárna Přívoz,Czechia,18.2763519,49.86115088,CZ08,CZ,incl_biomass
https://registry.gdi-de.org/id/de.sn.sax4inspire.pf/70015868,DREWAG Gasturbinen-Heizkraftwerk Nossener Brücke ,Germany,13.70819,51.04179,DED2,DE,incl_biomass
FR.CAED/5900.FACILITY,SOLVAY OPERATIONS FRANCE,France,6.35778,48.6196,FRF3,FR,incl_biomass
UK.CAED/EW_EA-1608.FACILITY,Whitwell Works,United Kingdom,-1.1986549,53.270735,UKF1,UK,incl_biomass
IT.EEA/2007001898.FACILITY,STABILIMENTO DI PONTE DELLA PRIULA,Italy,12.259722,45.815833,ITH3,IT,incl_biomass
ES.CAED/001585000.FACILITY,FERTIBERIA,Spain,-4.0586,38.6659,ES42,ES,incl_biomass
http://paikkatiedot.fi/so/1002031/pf/ProductionFacility/0000002416.ProductionFacility,"Tampereen Energia Oy, Lielahden voimalaitos",Finland,23.6752,61.51025,FI19,FI,incl_biomass
CH.CAED/000000286.Facility,ERZ KHKW Hagenholz,Switzerland,8.5653,47.4142,CH04,CH,incl_biomass
FR.CAED/3466.FACILITY,TEREOS FRANCE,France,3.92123,48.7222,FRF2,FR,incl_biomass
SE.CAED/10024885.Facility,LKAB - Kirunagruvan,Sweden,20.19092,67.84939,SE33,SE,incl_biomass
SE.CAED/10014500.Facility,"HPC Simpan och Ena Kraft, kraftvärmeverket",Sweden,17.07766,59.62796,SE12,SE,incl_biomass
FR.CAED/10820.FACILITY,CHAUX ET DOLOMIES DU BOULONNAIS,France,1.78175,50.78067,FRE1,FR,incl_biomass
https://registry.gdi-de.org/id/de.nw.inspire.pf.bube-eureg/arb-2017-915000-900-0079017,RWE Generation SE Kraftwerk Westfalen,Germany,7.96992,51.68261,DEA5,DE,incl_biomass
https://registry.gdi-de.org/id/de.hb/de.hb.pf.bube-eureg.06-04-11/2001178/8/1,swb Erzeugung AG & Co. KG / Heizkraftwerk Hafen ,Germany,8.72734,53.12392,DE50,DE,incl_biomass
ES.EEA/3744.FACILITY,"IBERDROLA GENERACION , S.A. (IBERDROLA GENERACIÓN C. T. PASAJES)",Spain,-1.90921,43.325539,ES21,ES,incl_biomass
IT.CAED/170471001.FACILITY,Centrale Vado Ligure,Italy,8.4308,44.2766,ITC3,IT,incl_biomass
BE.WA/187010000.FACILITY,2VALORISE AMEL,Belgium,6.085657,50.335556,BE33,BE,incl_biomass
ES.CAED/002762000.FACILITY,SAICA PAPER EL BURGO DE EBRO,Spain,-0.678377,41.546601,ES24,ES,incl_biomass
DK.EEA/1513.FACILITY,Vattenfall A/S                   Fynsværket,Denmark,10.4102116826366,55.4294116608398,DK03,DK,incl_biomass
NO.EEA/1201.0113.01.FACILITY,BIR Avfallsenergi,Norway,5.31782,60.2826,NO0A,NO,incl_biomass
FR.CAED/2280.FACILITY,VALOREIZH,France,-1.68726,48.12701,FRH0,FR,incl_biomass
UK.CAED/EW_EA-1028.FACILITY,Ratcliffe-On-Soar Power Station EPR/EP3133RZ,United Kingdom,-1.2542591,52.866039,UKF1,UK,incl_biomass
UK.CAED/EW_EA-156.FACILITY,Blackburn Papermill CHP Facility EPR/BK4723IL,United Kingdom,-2.5385223,53.719657,UKD4,UK,incl_biomass
http://paikkatiedot.fi/so/1002031/pf/ProductionFacility/0100050963.ProductionFacility,"Metsä Board Oyj, Metsä Board Kaskinen Pulp Mill",Finland,21.24458,62.35491,FI19,FI,incl_biomass
EE.KAUR.TTR/30.FACILITY,"Enefit Green AS, Iru elektrijaam",Estonia,24.9258289552,59.4519681701,EE00,EE,incl_biomass
CZ.MZP.T803/CZ26269297.FACILITY,Elektrárna Dětmarovice,Czechia,18.46560372,49.90636847,CZ08,CZ,incl_biomass
SE.CAED/10022490.Facility,Domsjö Fabriker AB,Sweden,18.69583,63.26929,SE32,SE,incl_biomass
RO.CAED/103OT0001.FACILITY,SC ALRO SA SLATINA - Sediu primar,Romania,24.3902516,44.4458066,RO41,RO,incl_biomass
https://registry.gdi-de.org/id/de.he.0945.de7.pf.eu_industrie/50002043,ZKW Otterbein Zementwerk ,Germany,9.50952,50.58452,DE73,DE,incl_biomass
ES.CAED/001600000.FACILITY,COMPLEJO INDUSTRIAL DE HUELVA,Spain,-6.861228,37.310089,ES61,ES,incl_biomass
https://data.ied_registry.omgeving.vlaanderen.be/id/productionfacility/BE.VL.000000711.FACILITY,LUMINUS,Belgium,3.72598,51.10492,BE23,BE,incl_biomass
https://registry.gdi-de.org/id/de.mv.land.inspire.pf.bube/50002562,HKW Altholz ,Germany,12.78233,53.74189,DE80,DE,incl_biomass
https://data.ied_registry.omgeving.vlaanderen.be/id/productionfacility/BE.VL.000000714.FACILITY,STORA ENSO LANGERBRUGGE,Belgium,3.73374,51.10665,BE23,BE,incl_biomass
IT.CAED/960101005.FACILITY,Raffineria ISAB Impianti NORD,Italy,15.1825,37.1791,ITG1,IT,incl_biomass
ES.CAED/005509000.FACILITY,SAN ROQUE GRUPO 1,Spain,-5.412848,36.199789,ES61,ES,incl_biomass
AT.CAED/9008390967331.FACILITY,Fritz Egger GmbH & Co. OG,Austria,12.399889,47.504806,AT33,AT,incl_biomass
https://data.gov.sk/set/data/so/b4d884b3-4442-43db-a19c-ceb6e127960f/SK57002803.NRZ.FACILITY,U.S.Steel s.r.o.,Slovakia,21.198325,48.617783,SK04,SK,incl_biomass
ES.CAED/002585000.FACILITY,"CEMEX ESPAÑA OPERACIONES, S.L.U. - PLANTA DE MORATA",Spain,-1.488365,41.475622,ES24,ES,incl_biomass
ES.CAED/003408000.FACILITY,"FÁBRICA DE MENGÍBAR (SMURFIT KAPPA ESPAÑA, S.A.)",Spain,-3.799581,37.978635,ES61,ES,incl_biomass
IT.EEA/2007001003.FACILITY,CENTRALE BG ITALIA POWER DI MELFI,Italy,15.711111,41.066111,ITF5,IT,incl_biomass
DK.CAED/000105331.FACILITY,NLMK DanSteel A/S,Denmark,12.013102371066257,55.96652977433936,DK01,DK,incl_biomass
https://registry.gdi-de.org/id/de.nw.inspire.pf.bube-eureg/arb-2017-112000-100-0431367,thyssenkrupp Steel Europe AG Kraftwerk Ruhrort,Germany,6.73103,51.4603,DEA1,DE,incl_biomass
SE.CAED/10020018.Facility,"Lidköpings Värmeverk, Filen",Sweden,13.17413,58.50765,SE23,SE,incl_biomass
PL.MŚ/000000767.FACILITY,"BIOAGRA SA Zakład Produkcji Etanolu ""Goświnowice""",Poland,17.262866973877,50.4798927307129,PL52,PL,incl_biomass
https://registry.gdi-de.org/id/de.sn.sax4inspire.pf/80011248,Dow Olefinverbund GmbH Werk Böhlen ,Germany,12.3561,51.19143,DED5,DE,incl_biomass
IS.CAED/570297-2609,Norðurál Grundartangi ehf.,Iceland,-21.773782,64.363836,IS00,IS,incl_biomass
IT.CAED/888311001.FACILITY,Centrale di Scandale,Italy,17.0326,39.1022,ITF6,IT,incl_biomass
https://registry.gdi-de.org/id/de.bw.lubw.inspire.pf/pf-450-7024258-00000000,EEW MHKW Göppingen ,Germany,9.67149,48.68215,DE11,DE,incl_biomass
https://registry.gdi-de.org/id/de.st.lau.pf.anlagen-ied-euregistry/100609,Kraftwerk Dessau GmbH ,Germany,12.23057,51.82765,DEE0,DE,incl_biomass
NO.EEA/0814.0019.01.FACILITY,NORETYL AS,Norway,9.593346,59.09613,NO09,NO,incl_biomass
CZ.MZP.U427/CZ34594641.FACILITY,Teplárna Trmice,Czechia,13.98540938,50.64622167,CZ04,CZ,incl_biomass
HU.OKIR/100426945.FACILITY,FALCO Zrt.,Hungary,16.643348,47.235848,HU22,HU,incl_biomass
SE.CAED/10017901.Facility,Höganäs Sweden AB,Sweden,12.54737,56.20871,SE22,SE,incl_biomass
BE.WA/032010000.FACILITY,CARMEUSE - Site d'Aisemont,Belgium,4.641672,50.409557,BE35,BE,incl_biomass
RO.CAED/104BB0001.FACILITY,SC ELECTROCENTRALE BUCURESTI SA - Cet Grozavesti,Romania,26.063337,44.440378,RO32,RO,incl_biomass
CH.CAED/000000283.Facility,KVA Thurgau,Switzerland,9.1383,47.5575,CH05,CH,incl_biomass
FR.CAED/9415.FACILITY,ROQUETTE FRERES,France,8.08496,48.85849,FRF1,FR,incl_biomass
https://data.ied_registry.omgeving.vlaanderen.be/id/productionfacility/BE.VL.000000093.FACILITY,INEOS Aromatics Belgium,Belgium,5.00127,51.11506,BE21,BE,incl_biomass
DK.CAED/000062358.FACILITY,"Royal Unibrew A/S, Faxe Bryggeri",Denmark,12.11498982188784,55.2599382559352,DK02,DK,incl_biomass
BG.CAED/013001002.FACILITY,Maritsa East 2 power station,Bulgaria,26.132015,42.25642,BG34,BG,incl_biomass
BG.CAED/013000041.FACILITY,Maritsa East 1 power station,Bulgaria,25.908917,42.159083,BG34,BG,incl_biomass
IT.CAED/301751001.FACILITY,Raffineria di Venezia,Italy,12.2667,45.4594,ITH3,IT,incl_biomass
SE.CAED/10015075.Facility,Billerud Sweden AB Skärblacka Bruk,Sweden,15.90144,58.57869,SE12,SE,incl_biomass
NO.EEA/0805.0039.01.FACILITY,"Yara Norge, Yara Porsgrunn",Norway,9.621395,59.1204567,NO09,NO,incl_biomass
https://registry.gdi-de.org/id/de.by.inspire.pf.ied/S00845,Heizkraftwerk an der Friedensbrücke,Germany,9.92325928165318,49.79992751447541,DE26,DE,incl_biomass
FR.CAED/6033.FACILITY,ARCELORMITTAL GANDRANGE,France,6.06039,49.2196,FRF3,FR,incl_biomass
IT.EEA/2007000026.FACILITY,CEMENTERIA DI TRAVESIO,Italy,12.866667,46.183333,ITH4,IT,incl_biomass
https://registry.gdi-de.org/id/de.nw.inspire.pf.bube-eureg/arb-2017-362040-300-0215520,Basell Polyolefine GmbH Werk Wesseling,Germany,6.96312,50.84233,DEA2,DE,incl_biomass
https://registry.gdi-de.org/id/de.by.inspire.pf.ied/S00600,"Heidelberg Materials AG, Zementwerk Burglengenfeld",Germany,12.028282784446738,49.21282917234831,DE23,DE,incl_biomass
FR.CAED/7642.FACILITY,COMPAGNIE INDUSTRIELLE DES FILLERS ET CHAUX,France,4.88914,43.43069,FRL0,FR,incl_biomass
HR.CAED/000000210.FACILITY,Proizvodnja aluminatnog cementa,Croatia,13.82722,44.86378,HR03,HR,incl_biomass
BG.CAED/002000008.FACILITY,Lukoil Neftohim Burgas AD,Bulgaria,27.336508,42.54544,BG34,BG,incl_biomass
IT.CAED/120392002.FACILITY,SMURFIT KAPPA CARTIERA DI VERZUOLO SRL,Italy,7.4847,44.5942,ITC1,IT,incl_biomass
IT.CAED/741231004.FACILITY,STABILIMENTO DI TARANTO,Italy,17.1999,40.5167,ITF4,IT,incl_biomass
ES.CAED/001527000.FACILITY,REPSOL REFINERIA TARRAGONA,Spain,1.227106,41.173678,ES51,ES,incl_biomass
DK.CAED/000106193.FACILITY,"Ørsted Bioenergy & Thermal Power A/S,Esbjergværket",Denmark,8.45534222038491,55.45631964018969,DK03,DK,incl_biomass
PL.MŚ/000004638.FACILITY,Nowe Jaworzno Grupa TAURON sp. z o.o.,Poland,19.228333,50.210278,PL22,PL,incl_biomass
PL.MŚ/000000352.FACILITY,PGE Górnictwo i Energetyka Konwencjonalna S.A. - Oddział Elektrowni Dolna Odra - Elektrownia Dolna Odra,Poland,14.4679107666016,53.2068481445313,PL42,PL,incl_biomass
UK.CAED/EW_EA-373.FACILITY,Westbury Cement Works EPR/BL7752IT,United Kingdom,-2.160933,51.272978,UKK1,UK,incl_biomass
PL.MŚ/000000363.FACILITY,PGE Górnictwo i Energetyka Konwencjonalna S.A. - Oddział Zespół Elektrociepłowni Bydgoszcz - EC Bydgoszcz II,Poland,18.0875015258789,53.0991668701172,PL61,PL,incl_biomass
PL.MŚ/000000104.FACILITY,Górażdże Cement S.A. - Cementowia Górażdże,Poland,17.9777222222222,50.5348055555556,PL52,PL,incl_biomass
IT.CAED/330501001.FACILITY,CENTRALE TERMOELETTRICA DI TORVISCOSA,Italy,13.2897,45.8169,ITH4,IT,incl_biomass
https://registry.gdi-de.org/id/de.bb.inspire.pf.eureg/45027005,Pfleiderer Baruth GmbH ,Germany,13.51716,52.0781,DE40,DE,incl_biomass
http://paikkatiedot.fi/so/1002031/pf/ProductionFacility/0000001111.ProductionFacility,"Stora Enso Oyj, Uimaharjun tehdas",Finland,30.22521,62.92722,FI1D,FI,incl_biomass
IT.CAED/710161001.FACILITY,En Plus S.r.l.,Italy,15.4237,41.6578,ITF4,IT,incl_biomass
NO.EEA/1149.0029.01.FACILITY,"Hydro Aluminium, Karmøy",Norway,5.312593,59.3149071,NO0A,NO,incl_biomass
IT.CAED/960101007.FACILITY,Versalis S.p.A.,Italy,15.1973,37.167,ITG1,IT,incl_biomass
PL.MŚ/000000136.FACILITY,"Celsa ""Huta Ostrowiec"" Sp.o.o.",Poland,21.4450912475586,50.9482231140137,PL72,PL,incl_biomass
https://registry.gdi-de.org/id/de.nw.inspire.pf.bube-eureg/arb-2017-974016-900-0014514,thomas zement GmbH & Co. KG Werk Erwitte,Germany,8.33468,51.59721,DEA5,DE,incl_biomass
https://registry.gdi-de.org/id/de.nw.inspire.pf.bube-eureg/arb-2017-978004-900-0205103,STEAG Power GmbH Kraftwerk Bergkamen,Germany,7.61913,51.63717,DEA5,DE,incl_biomass
http://paikkatiedot.fi/so/1002031/pf/ProductionFacility/0000001833.ProductionFacility,"UPM-Kymmene Oyj, Pietarsaaren tehtaat",Finland,22.70534,63.70312,FI19,FI,incl_biomass
UK.CAED/P0120_06A.FACILITY,EP Kilroot  Ltd,United Kingdom,-5.7661,54.7258,UKN0,UK,incl_biomass
NL.RIVM/000010057.FACILITY,Shell Nederland Raffinaderij BV,Netherlands,4.33533,51.88013,NL33,NL,incl_biomass
BG.CAED/005000005.FACILITY,Cement company Holcim BG,Bulgaria,23.463966,43.28318,BG31,BG,incl_biomass
PL.MŚ/000000041.FACILITY,ELEKTROCIEPŁOWNIA BĘDZIN Sp. z o.o.,Poland,19.1388893127441,50.3030548095703,PL22,PL,incl_biomass
FR.CAED/9662.FACILITY,SIVOM MULHOUSE SUD ALSACE,France,7.40237,47.77443,FRF1,FR,incl_biomass
https://registry.gdi-de.org/id/de.hb/de.hb.pf.bube-eureg.06-04-11/2005382/5/0,ArcelorMittal Bremen GmbH ,Germany,8.68673,53.12494,DE50,DE,incl_biomass
AT.CAED/9008391215707.FACILITY,Wiener Kommunal-Umweltschutzprojekt- gesellschaft mbH,Austria,16.461944,48.176167,AT13,AT,incl_biomass
https://registry.gdi-de.org/id/de.nw.inspire.pf.bube-eureg/arb-2017-315000-300-0928938,INEOS Manufacturing Deutschland GmbH,Germany,6.84674,51.06764,DEA2,DE,incl_biomass
SE.CAED/10018336.Facility,Hylte Paper AB,Sweden,13.23512,56.99926,SE23,SE,incl_biomass
https://registry.gdi-de.org/id/de.hb/de.hb.pf.bube-eureg.06-04-11/2001178/8/2,ArcelorMittal Bremen GmbH,Germany,8.68615,53.12872,DE50,DE,incl_biomass
PL.MŚ/000000468.FACILITY,ENEA Elektrownia Połaniec Spółka Akcyjna,Poland,21.3368034362793,50.4380874633789,PL72,PL,incl_biomass
IT.CAED/121002002.FACILITY,ENGIE SERVIZI S.p.A,Italy,7.5678,44.4378,ITC1,IT,incl_biomass
EL.CAED/100072.FACILITY,"PPC S.A. SES MEGALOPOLIS, UNIT V",Greece,22.06661,37.41566,EL65,EL,incl_biomass
IT.CAED/090101001.FACILITY,"Enel Produzione S.p.A. - Centrale Sulcis ""Grazia Deledda""",Italy,8.4008,39.1962,ITG2,IT,incl_biomass
https://registry.gdi-de.org/id/de.ni.mu/04041505980,Steinbeis Energie Papenburg GmbH,Germany,7.39777,53.09951,DE94,DE,incl_biomass
UK.CAED/BEISOffsh-Nelson.FACILITY,Nelson Platform,United Kingdom,1.14555,57.66301,UKM5,UK,incl_biomass
PL.MŚ/000000005.FACILITY,Zakład Z-2 Knurów,Poland,18.6784400939941,50.215217590332,PL22,PL,incl_biomass
PL.MŚ/000000190.FACILITY,CEMEX Polska Sp. z o.o. - Zakład Cementownia Rudniki,Poland,19.2573299407959,50.8750915527344,PL22,PL,incl_biomass
UK.CAED/EW_EA-2677.FACILITY,BECKTON STW,United Kingdom,0.095074261,51.51523,UKI4,UK,incl_biomass
BE.WA/028010000.FACILITY,HOLCIM Belgique - Usine d'OBOURG,Belgium,3.9938896,50.4723,BE32,BE,incl_biomass
IT.EEA/2007001002.FACILITY,Centrale BG ITALIA POWER di Cassino,Italy,13.751389,41.474167,ITI4,IT,incl_biomass
ES.CAED/000141000.FACILITY,HOLCIM ESPAÑA SAU,Spain,-0.245249,39.666318,ES52,ES,incl_biomass
https://registry.gdi-de.org/id/de.sl.inspire.pf/0078532-G,AHKW Neunkirchen ,Germany,7.1684,49.33814,DEC0,DE,incl_biomass
IT.CAED/920141001.FACILITY,Centrale Termoelettrica di Porto Empedocle,Italy,13.5215,37.2869,ITG1,IT,incl_biomass
https://data.ied_registry.omgeving.vlaanderen.be/id/productionfacility/BE.VL.000000468.FACILITY,VYNOVA BELGIUM,Belgium,5.0958,51.05785,BE22,BE,incl_biomass
https://registry.gdi-de.org/id/de.nw.inspire.pf.bube-eureg/arb-2017-362028-300-9975553,Statkraft Markets GmbH,Germany,6.84717,50.8616,DEA2,DE,incl_biomass
https://registry.gdi-de.org/id/de.sl.inspire.pf/0105352-G,Energie SaarLorLux AG Heizkraftwerk Römerbrücke,Germany,7.01481,49.2237,DEC0,DE,incl_biomass
https://registry.gdi-de.org/id/de.ni.mu/10100029340,KÄMMERER Energie GmbH ,Germany,8.02346,52.2963,DE94,DE,incl_biomass
SE.CAED/10024810.Facility,"Bodens värmeverk, BEAB",Sweden,21.65303,65.82875,SE33,SE,incl_biomass
UK.CAED/EW_EA-1562.FACILITY,Fiddlers Ferry Power Station EPR/BS8192IV,United Kingdom,-2.6883565,53.373371,UKD6,UK,incl_biomass
PL.MŚ/000000391.FACILITY,EDF Polska S.A. Oddział nr 1 w Krakowie,Poland,20.0103340148926,50.0534706115723,PL21,PL,incl_biomass
UK.CAED/EW_EA-13640.FACILITY,Chilton BioMass Plant,United Kingdom,-1.5652233,54.667806,UKC1,UK,incl_biomass
https://data.ied_registry.omgeving.vlaanderen.be/id/productionfacility/BE.VL.000001872.FACILITY,AIR LIQUIDE LARGE INDUSTRY,Belgium,4.32686,51.29134,BE21,BE,incl_biomass
PL.MŚ/000000088.FACILITY,Ciepłownia centralna K-173 w Opolu,Poland,17.9201354980469,50.6855506896973,PL52,PL,incl_biomass
ES.CAED/005889000.FACILITY,"EDERFIL, S.COOP. (EDERFIL S.COOP.)",Spain,-2.127925,43.092545,ES21,ES,incl_biomass
https://registry.gdi-de.org/id/de.nw.inspire.pf.bube-eureg/arb-2017-954020-900-0125939,Mark-E Aktiengesellschaft Cuno Heizkraftwerk,Germany,7.40853,51.40155,DEA5,DE,incl_biomass
HU.OKIR/100351304.FACILITY,Bakonyi Erőmű Zrt.,Hungary,17.558444,47.0956,HU21,HU,incl_biomass
NL.RIVM/000012175.FACILITY,Air Liquide Industrie BV,Netherlands,4.25626,51.88525,NL33,NL,incl_biomass
ES.CAED/001759000.FACILITY,CEMENTOS PORTLAND VALDERRIVAS (FÁBRICA EL ALTO),Spain,-3.47434,40.24483,ES30,ES,incl_biomass
https://registry.gdi-de.org/id/de.nw.inspire.pf.bube-eureg/arb-2017-119000-100-0990908,OQ Chemicals Produktion GmbH & Co. KG Werk Ruhrchemie,Germany,6.79845,51.5255,DEA1,DE,incl_biomass
SE.CAED/10022356.Facility,"SCA Massa AB, Ortvikens massafabrik",Sweden,17.36212,62.39497,SE32,SE,incl_biomass
IT.CAED/200562001.FACILITY,IMPIANTO DI TERMOVALORIZZAZIONE RIFIUTI SOLIDI URBANI E NON PERICOLOSI,Italy,9.5078,45.5936,ITC4,IT,incl_biomass
https://registry.gdi-de.org/id/de.bw.lubw.inspire.pf/pf-450-8683034-00000000,RBB RMHKW Böblingen ,Germany,9.06186,48.69329,DE11,DE,incl_biomass
https://registry.gdi-de.org/id/de.hh/pf.bube-eureg_/12233,"TRIMET Aluminium SE, Niederlassung Hamburg ",Germany,9.88721,53.5124,DE60,DE,incl_biomass
https://registry.gdi-de.org/id/de.th/5bf25e39-19d5-4254-adac-63f1b1cec499/77012792,"Dyckerhoff GmbH, Werk Deuna ",Germany,10.48357,51.36276,DEG0,DE,incl_biomass
UK.CAED/EW_EA-564.FACILITY,Newark Sugar Factory EPR/BK9385IH,United Kingdom,-0.81741601,53.088135,UKF1,UK,incl_biomass
ES.CAED/002578000.FACILITY,CEMEX ESPAÑA OPERACIONES (ALCANAR),Spain,0.545266,40.578911,ES51,ES,incl_biomass
IT.CAED/210202005.FACILITY,Holcim (Italia) S.p.A. - unità produttiva di Ternate,Italy,8.6794,45.7794,ITC4,IT,incl_biomass
UK.CAED/EW_EA-2363.FACILITY,Saltend Cogeneration Plant EPR/QP3539LE,United Kingdom,-0.41534129,53.524674,UKE1,UK,incl_biomass
ES.CAED/002033000.FACILITY,BIOETANOL GALICIA,Spain,-8.022836,43.157278,ES11,ES,incl_biomass
FR.CAED/428.FACILITY,SOCIETE DE COGENERATION DE PICARDIE,France,2.26379,49.93039,FRE2,FR,incl_biomass
https://registry.gdi-de.org/id/de.bw.lubw.inspire.pf/pf-450-1371304-00000000,EnBW HKW Stuttgart-Gaisburg HKW Stuttgart-Gaisburg,Germany,9.23125,48.78274,DE11,DE,incl_biomass
IT.CAED/980571002.FACILITY,Termica Milazzo S.r.l.,Italy,15.268,38.1977,ITG1,IT,incl_biomass
DK.CAED/000106351.FACILITY,Sonoco Skjern ApS,Denmark,8.500012495185617,55.9354563327972,DK04,DK,incl_biomass
IT.CAED/961003163.FACILITY,Raffineria ISAB Impianti SUD,Italy,15.219444,37.135556,ITG1,IT,incl_biomass
NL.RIVM/000047001.FACILITY,Slibverwerking Noord-Brabant NV,Netherlands,4.58016,51.68962,NL41,NL,incl_biomass
IT.CAED/660521001.FACILITY,CENTRALE DI GISSI,Italy,14.5638,42.0497,ITF1,IT,incl_biomass
HR.CAED/000000064.FACILITY,Proizvodnja gnojiva,Croatia,16.79753,45.46648,HR02,HR,incl_biomass
NL.RIVM/000019070.FACILITY,Indorama Ventures Europe BV,Netherlands,4.09801,51.96093,NL33,NL,incl_biomass
FR.CAED/6402.FACILITY,TOTALENERGIES - CENTRALE ELECTRIQUE TOUL,France,5.91212,48.6937,FRF3,FR,incl_biomass
https://registry.gdi-de.org/id/de.sh/10038064,YARA Brunsbüttel GmbH ,Germany,9.2078,53.91069,DEF0,DE,incl_biomass
IT.CAED/730132001.FACILITY,COLACEM S.P.A. - CEMENTERIA DI GALATINA,Italy,18.1997,40.1678,ITF4,IT,incl_biomass
ES.CAED/001594000.FACILITY,CENTRAL TÉRMICA  DE LA PEREDA,Spain,-5.809021,43.272737,ES12,ES,incl_biomass
ES.CAED/001790000.FACILITY,VISCOFAN ESPAÑA S.L.U.,Spain,-1.357477,42.546488,ES22,ES,incl_biomass
https://registry.gdi-de.org/id/de.nw.inspire.pf.bube-eureg/arb-2017-911000-900-9000294,thyssenkrupp Steel Europe AG Werk Bochum-Höntrop,Germany,7.16596,51.47076,DEA5,DE,incl_biomass
IT.CAED/291222003.FACILITY,INDUSTRIA CEMENTI GIOVANNI ROSSI S.P.A.,Italy,9.7186,45.0497,ITH5,IT,incl_biomass
https://data.ied_registry.omgeving.vlaanderen.be/id/productionfacility/BE.VL.000000991.FACILITY,BIOSTOOM OOSTENDE,Belgium,2.9953,51.21008,BE25,BE,incl_biomass
ES.CAED/003536000.FACILITY,UNIDAD DE PRODUCCION TERMICA  AS PONTES,Spain,-7.860833,43.443333,ES11,ES,incl_biomass
SE.CAED/10021742.Facility,SSAB EMEA AB,Sweden,15.4512,60.4906,SE31,SE,incl_biomass
UK.CAED/EW_EA-761.FACILITY,Teesside Crude Oil Stabilisation Terminal,United Kingdom,-1.1729941,54.620021,UKC1,UK,incl_biomass
FR.CAED/3829.FACILITY,YARA FRANCE,France,0.20993,49.50521,FRD2,FR,incl_biomass
SI.ARSO/000000022.FACILITY,VIPAP VIDEM KRŠKO,Slovenia,15.491861,45.954139,SI03,SI,incl_biomass
DK.CAED/000105671.FACILITY,Nordværk I/S - Energianlæg Aalborg,Denmark,10.015705127396204,57.024513639095474,DK05,DK,incl_biomass
IT.CAED/201532001.FACILITY,Impianto di termovalorizzazione Silla 2,Italy,9.0706,45.5042,ITC4,IT,incl_biomass
https://registry.gdi-de.org/id/de.sn.sax4inspire.pf/80011252,Saint Gobain Glass Flachglas Torgau GmbH ,Germany,13.00355,51.57965,DED5,DE,incl_biomass
https://data.gov.sk/set/data/so/b4d884b3-4442-43db-a19c-ceb6e127960f/SK57011803.NRZ.FACILITY,Ferroenergy s.r.o. - Výroba tepla,Slovakia,21.194546,48.615938,SK04,SK,incl_biomass
https://registry.gdi-de.org/id/de.he.0945.de7.pf.eu_industrie/50002119,Werk Werra Standort Hattorf,Germany,9.98085,50.83919,DE73,DE,incl_biomass
HU.OKIR/101722426.FACILITY,MVM Balance Zrt.,Hungary,19.037777,47.563797,HU11,HU,incl_biomass
https://registry.gdi-de.org/id/de.nw.inspire.pf.bube-eureg/arb-2017-162024-100-0042820,MM Neuss GmbH,Germany,6.69212,51.21866,DEA1,DE,incl_biomass
BE.WA/103010000.FACILITY,BURGO ARDENNES,Belgium,5.5042443,49.549896,BE34,BE,incl_biomass
SE.CAED/10020777.Facility,"Navirum Energi AB, Åbyverket",Sweden,15.1783,59.26523,SE12,SE,incl_biomass
HU.OKIR/100412328.FACILITY,MOL Petrolkémia Zrt.,Hungary,21.033317,47.910679,HU31,HU,incl_biomass
IT.CAED/000342001.FACILITY,Heidelberg Materials Italia Cementi S.p.A. (ex ITALCEMENTI SPA),Italy,13.0042,41.7367,ITI4,IT,incl_biomass
ES.CAED/003643000.FACILITY,"GUARDIAN LLODIO UNO, S.L.",Spain,-2.950052,43.144824,ES21,ES,incl_biomass
ES.CAED/006333000.FACILITY,"COMPAÑÍA ENERGÉTICA DE PATA DE MULO, S.L.",Spain,-4.810097,37.451988,ES61,ES,incl_biomass
http://paikkatiedot.fi/so/1002031/pf/ProductionFacility/0100198201.ProductionFacility,"Jyväskylän Voima Oy, Keljonlahden voimalaitos",Finland,25.73719,62.19241,FI19,FI,incl_biomass
CZ.MZP.U423/CZ14819275.FACILITY,energetika,Czechia,14.3803701,50.4622963388889,CZ04,CZ,incl_biomass
https://registry.gdi-de.org/id/de.be.pf.lisa/760,BSR / MHKW ,Germany,13.23792,52.52904,DE30,DE,incl_biomass
GB.EEA/EW_EA-6328.FACILITY,"E.On Uk Plc, Kingsnorth Power Station",United Kingdom,0.603841,51.4185,UKJ4,UK,incl_biomass
IT.CAED/550162001.FACILITY,Impianto di cogenerazione,Italy,10.6002,43.8233,ITI1,IT,incl_biomass
https://registry.gdi-de.org/id/de.nw.inspire.pf.bube-eureg/arb-2017-978040-900-0220187,Open Grid Europe GmbH Erdgasverdichterstation Werne,Germany,7.57957,51.68267,DEA5,DE,incl_biomass
IT.CAED/251242002.FACILITY,Termoutilizzatore di Brescia,Italy,10.2114,45.5119,ITC4,IT,incl_biomass
SE.CAED/10019434.Facility,Preem  AB Preemraff Göteborg,Sweden,11.82119,57.71094,SE23,SE,incl_biomass
EE.KAUR.TTR/155.FACILITY,"AS Utilitas Tallinn, Mustamäe katlamaja",Estonia,24.6521707066,59.4009138832,EE00,EE,incl_biomass
RO.CAED/101CT0001.FACILITY,SC ROMPETROL ENERGY SA,Romania,28.648292,44.346828,RO22,RO,incl_biomass
SE.CAED/10019773.Facility,Vargön Alloys AB,Sweden,12.3793,58.35852,SE23,SE,incl_biomass
IT.CAED/900402001.FACILITY,Italcementi di Isola delle Femmine,Italy,13.2503,38.190833,ITG1,IT,incl_biomass
https://registry.gdi-de.org/id/de.nw.inspire.pf.bube-eureg/arb-2017-978004-900-9139027,Biomasseheizkraftwerk Bergkamen,Germany,7.62976,51.62109,DEA5,DE,incl_biomass
https://registry.gdi-de.org/id/de.nw.inspire.pf.bube-eureg/arb-2017-962060-900-0045033,Mark-E Aktiengesellschaft,Germany,7.70726,51.27573,DEA5,DE,incl_biomass
https://registry.gdi-de.org/id/de.bw.lubw.inspire.pf/pf-450-1574906-00000000,"Mercedes Benz AG, Werk Sindelfingen Mercedes-Benz Werk Sindelfingen",Germany,8.99611,48.69992,DE11,DE,incl_biomass
DK.CAED/000071770.FACILITY,VIBORG VARME PRODUKTION A/S,Denmark,9.414888628361776,56.47387978075634,DK04,DK,incl_biomass
IS.CAED/640675-0209,Elkem Ísland ehf.,Iceland,-21.785483,64.357596,IS00,IS,incl_biomass
NL.RIVM/000114757.FACILITY,Eurogen CV,Netherlands,4.25733,51.88462,NL33,NL,incl_biomass
ES.CAED/003686000.FACILITY,"SOCIEDAD FINANCIERA Y MINERA, S.A. (CEMENTOS REZOLA ARRIGORRIAGA)",Spain,-2.884469,43.205201,ES21,ES,incl_biomass
EL.CAED/100075.FACILITY,TITAN CEMENT S.A. - DREPANO PLANT,Greece,21.84543,38.33557,EL63,EL,incl_biomass
PT.CAED/100009180.FACILITY,Central Termoelétrica do Caldeirão,Portugal,-25.613451,37.780619,PT20,PT,incl_biomass
AT.CAED/9008390705353.FACILITY,Lenzing Aktiengesellschaft,Austria,13.616,47.979,AT31,AT,incl_biomass
UK.CAED/BEISOffsh-ETAP-CPF.FACILITY,Marnock ETAP,United Kingdom,1.66147,57.29446,UKM5,UK,incl_biomass
BE.WA/049010000.FACILITY,INOVYN Manufacturing Belgium,Belgium,4.6626925,50.447224,BE35,BE,incl_biomass
CZ.MZP.K413/CZ39774818.FACILITY,"Sokolovská uhelná,právní nástupce,a.s.-zpracovatelská část",Czechia,12.69636069,50.25595177,CZ04,CZ,incl_biomass
SE.CAED/10022364.Facility,"Sundsvall Energi AB, Korstaverk",Sweden,17.39061,62.40352,SE32,SE,incl_biomass
FR.CAED/5913.FACILITY,NOVACOGE,France,6.26553,48.63936,FRF3,FR,incl_biomass
AT.EEA/20000.00291.FACILITY,Mondi Frantschach GmbH,Austria,14.86525,46.86222,AT21,AT,incl_biomass
PL.MŚ/000000356.FACILITY,PGE Górnictwo i Energetyka Konwencjonalna S.A. - Oddział Elektrociepłownia Lublin Wrotków,Poland,22.55778,51.21584,PL81,PL,incl_biomass
http://paikkatiedot.fi/so/1002031/pf/ProductionFacility/0000002346.ProductionFacility,"Nokianvirran Energia Oy, Nokian voimalaitos",Finland,23.49659,61.47344,FI19,FI,incl_biomass
https://registry.gdi-de.org/id/de.nw.inspire.pf.bube-eureg/arb-2017-915000-900-9140178,Trianel Gaskraftwerk Hamm GmbH & Co. KG,Germany,7.92866,51.67329,DEA5,DE,incl_biomass
IT.CAED/240442001.FACILITY,REA Dalmine SpA,Italy,9.6097,45.6356,ITC4,IT,incl_biomass
CH.CAED/000000285.Facility,ERZ KHKW Josefstrasse,Switzerland,8.5222,47.3867,CH04,CH,incl_biomass
AT.EEA/20000.00129.FACILITY,VERBUND Thermal Power GmbH & Co KG in Liqu.,Austria,15.483611,46.90889,AT22,AT,incl_biomass
FR.CAED/5236.FACILITY,TREDI,France,4.79303,45.34173,FRK2,FR,incl_biomass
IT.CAED/090122001.FACILITY,Piattaforma Ambientale Integrata,Italy,9.0178,39.1861,ITG2,IT,incl_biomass
FR.CAED/6045.FACILITY,ARCELORMITTAL FRANCE,France,6.06608,49.33155,FRF3,FR,incl_biomass
FR.CAED/3572.FACILITY,CRISTAL UNION,France,4.11393,48.53275,FRF2,FR,incl_biomass
NO.EEA/1224.0008.01.FACILITY,Sør-Norge Aluminium,Norway,5.768265,59.86813,NO0A,NO,incl_biomass
http://paikkatiedot.fi/so/1002031/pf/ProductionFacility/0100183092.ProductionFacility,"Rauman Biovoima Oy, Rauman voimalaitos",Finland,21.47863,61.11848,FI19,FI,incl_biomass
DE.EEA/03-06-06063822850.FACILITY,Gemeinschaftskraftwerk Hannover-Linden GmbH,Germany,9.7143038277638,52.3733799921746,DE92,DE,incl_biomass
https://registry.gdi-de.org/id/de.nw.inspire.pf.bube-eureg/arb-2017-315000-300-0213768,"Shell Deutschland GmbH, Shell Energy and Chemicals Park Rheinland Nord",Germany,6.97685,50.85499,DEA2,DE,incl_biomass
ES.CAED/003531000.FACILITY,CENTRAL TÉRMICA LOS BARRIOS,Spain,-5.418414,36.183696,ES61,ES,incl_biomass
https://data.ied_registry.omgeving.vlaanderen.be/id/productionfacility/BE.VL.000000424.FACILITY,APERAM GENK,Belgium,5.50021,50.93828,BE22,BE,incl_biomass
FR.CAED/5624.FACILITY,OSIRIS,France,4.79959,45.3616,FRK2,FR,incl_biomass
https://registry.gdi-de.org/id/de.sh/10000385,Covestro Deutschland AG ,Germany,9.18658,53.90196,DEF0,DE,incl_biomass
https://registry.gdi-de.org/id/de.sh/50081814,Müllverbrennung Kiel GmbH & Co. KG - Müllheizkraftwerk Kiel ,Germany,10.1115,54.30724,DEF0,DE,incl_biomass
UK.CAED/NRW170258.FACILITY,Padeswood Cement Works,United Kingdom,-3.06202,53.15499,UKL2,UK,incl_biomass
PL.MŚ/000004844.FACILITY,Elektrociepłownia Stalowa Wola S.A.,Poland,22.080833,50.552222,PL82,PL,incl_biomass
SE.CAED/10024325.Facility,Billerud Karlsborgs bruk,Sweden,23.28767,65.79194,SE33,SE,incl_biomass
IT.CAED/251241001.FACILITY,A2A Calore & Servizi S.r.l.  -Lamarmora,Italy,10.2122,45.5163,ITC4,IT,incl_biomass
UK.CAED/BEISOffsh-Tartan-Alpha.FACILITY,Tartan Alpha,United Kingdom,0.07369,58.36983,UKM6,UK,incl_biomass
https://registry.gdi-de.org/id/de.bw.lubw.inspire.pf/pf-450-34033281-00000000,TREA Breisgau ,Germany,7.61646,47.89016,DE13,DE,incl_biomass
FR.CAED/653.FACILITY,SIMOREP ET CIE,France,-0.52135,44.91249,FRI1,FR,incl_biomass
PL.MŚ/000000273.FACILITY,Euroglas Polska Sp. z o.o.,Poland,19.9349212646484,51.6197776794434,PL71,PL,incl_biomass
ES.CAED/001482000.FACILITY,REFINERÍA LA RÁBIDA,Spain,-6.894507,37.184329,ES61,ES,incl_biomass
ES.CAED/002580000.FACILITY,"CIMSA CEMENTOS ESPAÑA, SAU",Spain,-0.776613,39.437751,ES52,ES,incl_biomass
https://registry.gdi-de.org/id/de.hh/pf.bube-eureg_/6856,MVR Müllverwertung Rugenberger Damm GmbH ,Germany,9.93473,53.52117,DE60,DE,incl_biomass
FR.CAED/9659.FACILITY,LINDE GAS SA,France,7.54591,47.8265,FRF1,FR,incl_biomass
IT.CAED/101372002.FACILITY,TRM - TERMOVALORIZZATORE DEL GERBIDO,Italy,7.5856,45.0381,ITC1,IT,incl_biomass
EL.CAED/100091.FACILITY,HERON ENERGY S.A. (ASSAK),Greece,23.32946,38.27948,EL64,EL,incl_biomass
CH.CAED/000000344.Facility,Axpo Tegra AG,Switzerland,9.4246,46.8263,CH05,CH,incl_biomass
https://registry.gdi-de.org/id/de.by.inspire.pf.ied/S00522,Walhalla Kalk GmbH & Co. KG,Germany,12.138730569853648,49.02994874901086,DE23,DE,incl_biomass
https://registry.gdi-de.org/id/de.sh/10000140,Sasol Germany GmbH ,Germany,9.15802,53.91288,DEF0,DE,incl_biomass
NO.EEA/0000.0035.02.FACILITY,Balder,Norway,2.3858,59.1909943,NO0A,NO,incl_biomass
EL.CAED/100089.FACILITY,ELPEDISON S.A.- THISVI POWER PLANT,Greece,22.9489,38.23702,EL64,EL,incl_biomass
NL.RIVM/000102620.FACILITY,Coöperatie AVEBE U.A.,Netherlands,7.04573,52.92103,NL11,NL,incl_biomass
https://registry.gdi-de.org/id/de.hb/de.hb.pf.bube-eureg.06-04-11/2005384/0/0,BRE.M.A Warmwalz GmbH & Co. KG,Germany,8.68673,53.12494,DE50,DE,incl_biomass
https://registry.gdi-de.org/id/de.nw.inspire.pf.bube-eureg/arb-2017-913000-900-0148555,KG Deutsche Gasrußwerke GmbH & Co,Germany,7.43915,51.54511,DEA5,DE,incl_biomass
IT.CAED/741231001.FACILITY,ENI S.P.A. CENTRALE TERMOELETTRICA DI TARANTO,Italy,17.1955,40.4921,ITF4,IT,incl_biomass
https://registry.gdi-de.org/id/de.rp.inspire.pf.bube-eureg/5000603,EEW Energy from Waste Saarbrücken GmbH,Germany,7.59582,49.22807,DEB3,DE,incl_biomass
BG.CAED/013000002.FACILITY,Maritsa East 2 power station,Bulgaria,26.132015,42.25642,BG34,BG,incl_biomass
NL.RIVM/000044007.FACILITY,PreZero Energy Roosendaal B.V.,Netherlands,4.44383,51.54854,NL41,NL,incl_biomass
PL.EEA/10B000230.FACILITY,"Miejskie Przedsiębiorstwo Energetyki Cieplnej Sp. z o.o. w Białymstoku, Zakład Produkcji i Przesyłu Ciepła - Ciepłownia ""Zachód""",Poland,23.105514,53.111201,PL84,PL,incl_biomass
IT.CAED/880442001.FACILITY,CAL.ME. Spa,Italy,16.4489,38.9141,ITF6,IT,incl_biomass
FR.CAED/5097.FACILITY,LAFARGE CIMENTS,France,4.68728,44.52186,FRK2,FR,incl_biomass
DK.CAED/000103549.FACILITY,Svendborgvej Varmecentral,Denmark,10.018749062493496,57.0271328217397,DK05,DK,incl_biomass
NO.EEA/1424.0004.01.FACILITY,"Hydro Aluminium, Årdal Metallverk",Norway,7.82489,61.311573,NO0A,NO,incl_biomass
PT.CAED/PT.APA05763522.CI,Central Termoeléctrica de Lares (CI),Portugal,-8.77444,40.12417,PT16,PT,incl_biomass
https://registry.gdi-de.org/id/de.he.0945.de7.pf.eu_industrie/60002258,"Schaefer Kalk GmbH & Co. KG, Werk Steeden ",Germany,8.11154,50.41886,DE72,DE,incl_biomass
FR.CAED/12066.FACILITY,COMPAGNIE PARISIENNE DE CHAUFFAGE URBAIN,France,2.32523,48.91203,FR10,FR,incl_biomass
RO.CAED/106BH0001.FACILITY,HOLCIM  (Romania) SA - Ciment Alesd,Romania,22.331876,47.038682,RO11,RO,incl_biomass
IT.CAED/191361001.FACILITY,"Enel Produzione S.P.A. Centrale della Spezia ""Eugenio Montale""",Italy,9.8722,44.1111,ITC3,IT,incl_biomass
https://registry.gdi-de.org/id/de.sn.sax4inspire.pf/80011256,"Stadtwerke Leipzig GmbH, HKW Leipzig Nord ",Germany,12.37816,51.35144,DED5,DE,incl_biomass
https://registry.gdi-de.org/id/de.ni.mu/10285139970,Felix Schoeller GmbH & Co. KG ,Germany,8.12062,52.27459,DE94,DE,incl_biomass
BG.CAED/009000012.FACILITY,Plovdiv North power station ,Bulgaria,24.740972,42.183806,BG42,BG,incl_biomass
IE.CAED/P0577.FACILITY,Electricity Supply Board (Poolbeg),Ireland,-6.187482,53.339393,IE06,IE,incl_biomass
https://registry.gdi-de.org/id/de.ni.mu/04041762920,Statkraft Markets GmbH (Biomasseheizkraftwerk Emden),Germany,7.2017,53.34068,DE94,DE,incl_biomass
ES.CAED/000138000.FACILITY,C.D.E. MAÓ,Spain,4.259713,39.896436,ES53,ES,incl_biomass
EL.CAED/100039.FACILITY,PPC S.A. SES CHANION (ex PPC S.A. SES HANION),Greece,24.03834,35.48812,EL43,EL,incl_biomass
AT.CAED/9008390968734.FACILITY,AustroCel Hallein GmbH,Austria,13.108722,47.67575,AT32,AT,incl_biomass
PL.MŚ/000000359.FACILITY,PGE Górnictwo i Energetyka Konwencjonalna S.A. - Oddział Elektrociepłownia Zgierz,Poland,19.3941669464111,51.8408317565918,PL71,PL,incl_biomass
PL.MŚ/000000130.FACILITY,TAURON Wytwarzanie Spółka Akcyjna - Elektrownia Jaworzno III w Jaworznie - Elektrownia III,Poland,19.2105560302734,50.2038879394531,PL22,PL,incl_biomass
IT.CAED/810561001.FACILITY,Calenia Energia S.p.A.,Italy,14.1129,41.1774,ITF3,IT,incl_biomass
UK.CAED/EW_EA-776.FACILITY,Corby Power Station EPR/LP3833LM,United Kingdom,-0.68120926,52.510438,UKF2,UK,incl_biomass
ES.CAED/007460000.FACILITY,CENTRAL DE CICLO COMBINADO PLANA DEL VENT-GRUPO 2,Spain,0.865002,40.960084,ES51,ES,incl_biomass
https://registry.gdi-de.org/id/de.bw.lubw.inspire.pf/pf-450-2719371-00000000,MIRO-Mineralölraffinerie Oberrhein GmbH & Co.KG Werk 1,Germany,8.32905,49.05779,DE12,DE,incl_biomass
NO.EEA/0000.0075.01.FACILITY,Eldfisk,Norway,3.264366,56.3761749,NO0A,NO,incl_biomass
CH.CAED/000000176.Facility,Holcim (Schweiz) AG,Switzerland,9.5529,46.9155,CH05,CH,incl_biomass
https://registry.gdi-de.org/id/de.rp.inspire.pf.bube-eureg/5000299,GML - Gemeinschafts-Müllheizkraftwerk Ludwigshafen GmbH,Germany,8.42636,49.48468,DEB3,DE,incl_biomass
FR.CAED/1422.FACILITY,HEIDELBERG MATERIALS FRANCE CIMENTS,France,-0.27772,49.22259,FRD1,FR,incl_biomass
RO.CAED/101BB0001.FACILITY,SC ELECTROCENTRALE BUCURESTI SA - Cet Progresu,Romania,26.107311,44.372867,RO32,RO,incl_biomass
FR.CAED/12507.FACILITY,UVEA,France,1.77382,48.35546,FRB0,FR,incl_biomass
IT.CAED/441221001.FACILITY,S.E.F. S.R.L. SOCIETA' ENIPOWER FERRARA S.R.L.,Italy,11.5833,44.8499,ITH5,IT,incl_biomass
FR.CAED/6752.FACILITY,CHAUX ET DOLOMIE FRANCAISES,France,-0.41583,48.1574,FRG0,FR,incl_biomass
IT.EEA/2007000603.FACILITY,STABILIMENTO DI PORTOVESME,Italy,8.397222,39.196111,ITG2,IT,incl_biomass
https://registry.gdi-de.org/id/de.by.inspire.pf.ied/S00560,Pilkington Deutschland AG,Germany,12.076468864230357,49.62008818529257,DE23,DE,incl_biomass
EE.KAUR.TTR/67.FACILITY,"Kunda Nordic Tsement AS, Kunda tsemenditehas",Estonia,26.5310907995,59.4964408669,EE00,EE,incl_biomass
CH.CAED/000000268.Facility,LONZA AG,Switzerland,7.8882,46.2967,CH01,CH,incl_biomass
UK.CAED/BEISOffsh-Thistle.FACILITY,Thistle Alpha,United Kingdom,1.57976,61.36304,UKM6,UK,incl_biomass
CZ.MZP.H525/CZ18989196.FACILITY,"Elektrárny Poříčí, Hodonín, Lokalita Poříčí, provoz Elektrárna Poříčí",Czechia,15.9634282,50.57239738,CZ05,CZ,incl_biomass
https://data.ied_registry.omgeving.vlaanderen.be/id/productionfacility/BE.VL.000000931.FACILITY,A & S ENERGIE,Belgium,3.30631,50.91097,BE25,BE,incl_biomass
NL.RIVM/000000062.FACILITY,Chemelot Site Permit BV,Netherlands,5.79632,50.98059,NL42,NL,incl_biomass
IT.CAED/251282002.FACILITY,ORI MATIN SPA stabilimento di Brescia,Italy,10.2269,45.5333,ITC4,IT,incl_biomass
NL.RIVM/000042310.FACILITY,Cosun Beet Company-Dinteloord,Netherlands,4.43437,51.61818,NL41,NL,incl_biomass
FR.CAED/12030.FACILITY,ELECTRICITE DE FRANCE,France,9.43719,42.5256,FRM0,FR,incl_biomass
LU.EEA/LU-14.FACILITY,Twinerg,Luxembourg,5.963556,49.510957,LU00,LU,incl_biomass
UK.SEPA/200000142.Facility,Peterhead Power Station,United Kingdom,-1.78838,57.4779,UKM5,UK,incl_biomass
DK.CAED/000057740.FACILITY,Helsingør Kraftvarmeværk,Denmark,12.557803568163235,56.0201289426011,DK01,DK,incl_biomass
UK.LAED/E292_428.FACILITY,Greengate  Works,United Kingdom,-2.74354,53.4423,UKD7,UK,incl_biomass
FR.CAED/12109.FACILITY,TSI,France,2.26197,48.831,FR10,FR,incl_biomass
ES.CAED/003701000.FACILITY,"PETROLEOS DEL NORTE, PETRONOR, S.A. (PETRONOR)",Spain,-3.110944,43.325743,ES21,ES,incl_biomass
UK.CAED/P0129_06A.FACILITY,The Lycra Company ,United Kingdom,-7.2394,55.0325,UKN0,UK,incl_biomass
CZ.MZP.J632/CZ42968796.FACILITY,KRONOSPAN OSB,Czechia,15.60391911,49.420049,CZ06,CZ,incl_biomass
IT.CAED/250862002.FACILITY,HM ITALIA CEMENTI SPA,Italy,10.3444,45.5153,ITC4,IT,incl_biomass
HU.OKIR/100430355.FACILITY,Birla Carbon Hungary Kft.,Hungary,21.022157,47.916708,HU31,HU,incl_biomass
IT.EEA/2010000030.FACILITY,ALTO GARDA POWER S.R.L.,Italy,10.853472,45.887,ITH2,IT,incl_biomass
PL.MŚ/000000034.FACILITY,Elektrociepłownia Gdańska,Poland,18.6404361724854,54.377742767334,PL63,PL,incl_biomass
PL.MŚ/000002110.FACILITY,Cukrownia Glinojeck,Poland,20.2684078216553,52.8404197692871,PL92,PL,incl_biomass
EE.KAUR.TTR/38.FACILITY,"Silpower AS, Silpower Aktsiaselts",Estonia,27.7449635041,59.4036557852,EE00,EE,incl_biomass
https://registry.gdi-de.org/id/de.bb.inspire.pf.eureg/45026224,BASF Schwarzheide GmbH,Germany,13.88698,51.48034,DE40,DE,incl_biomass
ES.CAED/003462000.FACILITY,"XALLAS ELECTRICIDAD Y ALEACIONES, SAU-DUMBRIA",Spain,-9.08549,42.983626,ES11,ES,incl_biomass
https://registry.gdi-de.org/id/de.nw.inspire.pf.bube-eureg/arb-2017-570020-500-0055819,Heidelberg Materials AG Zementwerk Ennigerloh,Germany,8.02882,51.85617,DEA3,DE,incl_biomass
NO.EEA/1833.0035.01.FACILITY,Elkem Rana AS,Norway,14.16755,66.31336,NO07,NO,incl_biomass
CZ.MZP.M714/CZ44196175.FACILITY,"Cement Hranice, akciová společnost",Czechia,17.760955555555,49.561166666666,CZ07,CZ,incl_biomass
FR.CAED/6359.FACILITY,INEOS POLYMERS SARRALBE SAS,France,7.03121,49.0053,FRF3,FR,incl_biomass
PL.MŚ/000000124.FACILITY,TAURON Wytwarzanie Spółka Akcyjna - Oddział Elektrownia Siersza w Trzebini,Poland,19.4627780914307,50.2063903808594,PL21,PL,incl_biomass
DK.CAED/000106201.FACILITY,H.C. Ørsted Værket,Denmark,12.557639743126568,55.65735552062659,DK01,DK,incl_biomass
PL.MŚ/000000898.FACILITY,"ZAKŁAD PRODUKCYJNY ""JANIKOSODA"" W JANIKOWIE",Poland,18.1108341217041,52.7644462585449,PL61,PL,incl_biomass
https://registry.gdi-de.org/id/de.by.inspire.pf.ied/S00233,HBB Heizkraftwerk Bauernfeind Betreibergesellschaft mbH,Germany,12.1183570779477,47.79596928009436,DE21,DE,incl_biomass
UK.CAED/EW_EA-1567.FACILITY,Ince Fertiliser Manufacturing Site EPR/JP3837KT,United Kingdom,-2.7971083,53.281007,UKD6,UK,incl_biomass
DK.CAED/000095033.FACILITY,Scanfield ApS (tidligere navn Jordrens Køge ApS),Denmark,12.195936583169768,55.46507822968011,DK02,DK,incl_biomass
https://registry.gdi-de.org/id/de.bw.lubw.inspire.pf/pf-450-1383701-00000000,Fernwärme Ulm HKW ,Germany,9.96546,48.39664,DE14,DE,incl_biomass
PL.MŚ/000000268.FACILITY,Veolia Energia Poznań ZEC  Spółka Akcyjna EC II Karolin,Poland,16.9888896942139,52.4361114501953,PL41,PL,incl_biomass
FR.CAED/7420.FACILITY,ZEPHIRE,France,5.93276,43.13648,FRL0,FR,incl_biomass
https://registry.gdi-de.org/id/de.bw.lubw.inspire.pf/pf-450-9169156-00000000,MVV Umwelt Asset GmbH - MHKW Mannheim ,Germany,8.45246,49.52137,DE12,DE,incl_biomass
https://registry.gdi-de.org/id/de.sl.inspire.pf/0101003-G,Kraftwerk Weiher ,Germany,7.03091,49.33559,DEC0,DE,incl_biomass
UK.CAED/EW_EA-1563.FACILITY,Keadby Power Station EPR/YP3133LL,United Kingdom,-0.75044205,53.594445,UKE1,UK,incl_biomass
UK.CAED/EW_EA-17008.FACILITY,Eye Power Station EPR/BP3635LA,United Kingdom,1.128652,52.335662,UKH1,UK,incl_biomass
NO.EEA/0000.0004.01.FACILITY,Visund,Norway,2.457112,61.3696442,NO0A,NO,incl_biomass
FR.CAED/11626.FACILITY,VERALLIA FRANCE,France,-0.31449,45.67644,FRI3,FR,incl_biomass
IT.CAED/101562001.FACILITY,Sito Basse di Stura,Italy,7.6942,45.1031,ITC1,IT,incl_biomass
FR.CAED/146.FACILITY,SAICA PAPER FRANCE,France,3.41373,49.36547,FRE2,FR,incl_biomass
PL.MŚ/000000260.FACILITY,PGE Górnictwo i Energetyka Konwencjonalna S.A. - Oddział Elektrownia Opole,Poland,17.8822231292725,50.7516670227051,PL52,PL,incl_biomass
IT.CAED/301761003.FACILITY,Stabilimento di P.to Marghera,Italy,12.2363,45.4438,ITH3,IT,incl_biomass
ES.CAED/006133000.FACILITY,SAICA 3,Spain,-0.678377,41.546601,ES24,ES,incl_biomass
ES.CAED/001529000.FACILITY,"REPSOL PETRÓLEO, S.A. - C.I. CARTAGENA",Spain,-0.982184,37.622214,ES62,ES,incl_biomass
IT.CAED/471222018.FACILITY,HERAMBIENTE - 3^ LINEA,Italy,12.0883,44.2331,ITH5,IT,incl_biomass
ES.CAED/005819000.FACILITY,COGENERACIÓN SIDERÚRGICA ASTURIANA S.A.,Spain,-5.85391,43.549466,ES12,ES,incl_biomass
NL.RIVM/000115181.FACILITY,EP NL Rijnmond 1 B.V.,Netherlands,4.35179,51.89085,NL33,NL,incl_biomass
UK.CAED/EW_EA-10346.FACILITY,Saddlebow Paper Mill,United Kingdom,0.38603075,52.733809,UKH1,UK,incl_biomass
NO.EEA/0805.0028.01.FACILITY,Norcem Brevik,Norway,9.68933,59.06192,NO09,NO,incl_biomass
UK.CAED/EW_EA-676.FACILITY,Trafford Park Wheat Milling Plant,United Kingdom,-2.3288724,53.476834,UKD3,UK,incl_biomass
https://registry.gdi-de.org/id/de.st.lau.pf.anlagen-ied-euregistry/100150,MHKW Müllheizkraftwerk Rothensee GmbH ,Germany,11.68033,52.1852,DEE0,DE,incl_biomass
FR.CAED/8363.FACILITY,ENORIS,France,2.27887,48.71938,FR10,FR,incl_biomass
http://paikkatiedot.fi/so/1002031/pf/ProductionFacility/0000001115.ProductionFacility,"Fortum Power and Heat Oy, Suomenojan voimalaitos",Finland,24.7174,60.14913,FI1B,FI,incl_biomass
ES.CAED/008330000.FACILITY,CENTRAL TÉRMICA DE CICLO COMBINADO BAHÍA DE ALGECIRAS,Spain,-5.39,36.18,ES61,ES,incl_biomass
NL.RIVM/000028091.FACILITY,HVC N.V.,Netherlands,4.76268,52.60979,NL32,NL,incl_biomass
CZ.MZP.U424/CZ44746297.FACILITY,Elektrárna Počerady,Czechia,13.67737464,50.42667116,CZ04,CZ,incl_biomass
BG.CAED/003000005.FACILITY,Cement company Devnia cement,Bulgaria,27.594131,43.235107,BG33,BG,incl_biomass
https://registry.gdi-de.org/id/de.nw.inspire.pf.bube-eureg/arb-2017-754008-700-0128330,Pfleiderer Gütersloh GmbH (Werk 2),Germany,8.40002,51.91545,DEA4,DE,incl_biomass
ES.CAED/003590000.FACILITY,CENTRAL TÉRMICA DE VELILLA,Spain,-4.854434,42.818259,ES41,ES,incl_biomass
https://registry.gdi-de.org/id/de.he.0945.de7.pf.eu_industrie/20000094,HIM GmbH ,Germany,8.49491,49.77909,DE71,DE,incl_biomass
https://registry.gdi-de.org/id/de.rp.inspire.pf.bube-eureg/1000136,Moritz J. Weig GmbH & Co. KG,Germany,7.23433,50.32068,DEB1,DE,incl_biomass
http://paikkatiedot.fi/so/1002031/pf/ProductionFacility/0000027131.ProductionFacility,"Neve Oy, Suosiolan voimalaitos",Finland,25.67594,66.4953,FI1D,FI,incl_biomass
https://data.ied_registry.omgeving.vlaanderen.be/id/productionfacility/BE.VL.000000876.FACILITY,ELECTRABEL - CENTRALE DROGENBOS,Belgium,4.30104,50.80405,BE24,BE,incl_biomass
FR.CAED/11460.FACILITY,EDF PRODUCTION ELECTRIQUE INSULAIRE SAS,France,55.32781,-20.92879,FRY4,FR,incl_biomass
ES.CAED/007775000.FACILITY,UFICSA,Spain,1.686739,41.553074,ES51,ES,incl_biomass
SI.ARSO/000000018.FACILITY,"Energetika Ljubljana, (Lokacija Toplarniška)",Slovenia,14.545125,46.057961,SI04,SI,incl_biomass
AT.CAED/9008390976579.FACILITY,Sandoz GmbH,Austria,11.979528,47.467306,AT33,AT,incl_biomass
FR.CAED/7494.FACILITY,SUEZ RV ENERGIE,France,4.89041,43.97171,FRL0,FR,incl_biomass
CZ.MZP.S20B/CZ84413131.FACILITY,CZT,Czechia,13.995878055,49.697813333,CZ02,CZ,incl_biomass
UK.SEPA/200000050.Facility,Grangemouth CHP Plant,United Kingdom,-3.69854,56.01201,UKM7,UK,incl_biomass
http://paikkatiedot.fi/so/1002031/pf/ProductionFacility/0000027819.ProductionFacility,"SMA Mineral Oy, Röyttän Kalkkitehdas",Finland,24.1556,65.75984,FI1D,FI,incl_biomass
FR.CAED/12510.FACILITY,LHOIST FRANCE OUEST,France,1.42277,46.64019,FRB0,FR,incl_biomass
https://registry.gdi-de.org/id/de.nw.inspire.pf.bube-eureg/arb-2017-513000-500-0342658,Uniper Kraftwerk Scholven,Germany,7.00482,51.59736,DEA3,DE,incl_biomass
PL.MŚ/000000146.FACILITY,Elektrociepłownia EC-3,Poland,19.4206943511963,51.7981948852539,PL71,PL,incl_biomass
ES.CAED/005989000.FACILITY,CENTRAL CICLO COMBINADO ARCOS DE LA FRONTERA,Spain,-5.815155,36.675206,ES61,ES,incl_biomass
HU.OKIR/100373971.FACILITY,Calmit Hungária Mészművek Kft.,Hungary,18.506007,47.74909,HU21,HU,incl_biomass
IT.CAED/721001002.FACILITY,"Centrale Termoelettrica ""Federico II""",Italy,18.0321,40.5638,ITF4,IT,incl_biomass
https://registry.gdi-de.org/id/de.bb.inspire.pf.eureg/23019618,1Heiz Energie GmbH Binnenhafen Eberswalde,Germany,13.77847,52.85126,DE40,DE,incl_biomass
CZ.MZP.M714/CZ24145642.FACILITY,Teplárna Přerov,Czechia,17.42852611,49.44506129,CZ07,CZ,incl_biomass
https://registry.gdi-de.org/id/de.be.pf.lisa/166927,BEW HKW Reuter ,Germany,13.24556,52.53095,DE30,DE,incl_biomass
IT.CAED/810301001.FACILITY,SET S.p.A.,Italy,14.2297,41.0088,ITF3,IT,incl_biomass
GB.EEA/EW_EA-671.FACILITY,"Centrica Kps Ltd, Centrica Killingholme Power Station",United Kingdom,-0.255176,53.6593,UKE1,UK,incl_biomass
BE.EEA/W089.FACILITY,ARCELORMITTAL LIEGE sa - Centrale dénergies,Belgium,5.5494,50.6045,BE33,BE,incl_biomass
https://registry.gdi-de.org/id/de.rp.inspire.pf.bube-eureg/5000180,Ardagh Glass GmbH,Germany,8.37491,49.23311,DEB3,DE,incl_biomass
FR.CAED/7438.FACILITY,LAFARGE CIMENTS,France,7.34414,43.81287,FRL0,FR,incl_biomass
FR.CAED/673.FACILITY,VALBOM,France,-0.50707,44.85131,FRI1,FR,incl_biomass
https://registry.gdi-de.org/id/de.by.inspire.pf.ied/S00009,Onyx Kraftwerk Zolling GmbH & Co. KGaA,Germany,11.799472712633357,48.45533819556414,DE21,DE,incl_biomass
http://paikkatiedot.fi/so/1002031/pf/ProductionFacility/0000002096.ProductionFacility,"Tampereen Energia Oy, Naistenlahden voimalaitos",Finland,23.77675,61.50999,FI19,FI,incl_biomass
PL.MŚ/000000128.FACILITY,Zakład Wytwarzania Bielsko-Biała  EC1,Poland,19.0524997711182,49.8119430541992,PL22,PL,incl_biomass
https://registry.gdi-de.org/id/de.nw.inspire.pf.bube-eureg/arb-2017-711000-700-0020290,Stadtwerke Bielefeld GmbH,Germany,8.53851,52.03352,DEA4,DE,incl_biomass
UK.CAED/EW_EA-2401.FACILITY,Seabank Power Station EPR/BV3006IN,United Kingdom,-2.6534001,51.528968,UKK1,UK,incl_biomass
UK.CAED/BEISOffsh-Brent-Charlie.FACILITY,Brent Charlie,United Kingdom,1.72167,61.09611,UKM6,UK,incl_biomass
https://registry.gdi-de.org/id/de.by.inspire.pf.ied/S00311,"Kraftwerk Plattling GmbH, Industriekraftwerk Plattling",Germany,12.868228967042464,48.80083267620244,DE22,DE,incl_biomass
IT.CAED/741231002.FACILITY,RAFFINERIA DI TARANTO,Italy,17.193,40.4892,ITF4,IT,incl_biomass
FR.CAED/7801.FACILITY,LES CHAUX DE LA TOUR,France,5.18596,43.36486,FRL0,FR,incl_biomass
IT.CAED/050352007.FACILITY,STABILIMENTO DI SAN PELLEGRINO,Italy,12.487222,42.539722,ITI2,IT,incl_biomass
ES.CAED/005882000.FACILITY,BAHIA DE BIZKAIA ELECTRICIDAD,Spain,-3.091585,43.361795,ES21,ES,incl_biomass
https://registry.gdi-de.org/id/de.nw.inspire.pf.bube-eureg/arb-2017-316000-300-0535035,AVEA Entsorgungsbetriebe GmbH & Co. KG,Germany,7.0042,51.04232,DEA2,DE,incl_biomass
https://registry.gdi-de.org/id/de.by.inspire.pf.ied/S00044,SWM Heizkraftwerk Süd,Germany,11.555684283934186,48.11410573021798,DE21,DE,incl_biomass
NO.EEA/0101.0031.01.FACILITY,Norske Skog Saugbrugs,Norway,11.402339,59.12504,NO08,NO,incl_biomass
ES.CAED/002468000.FACILITY,TARRAGONA POWER,Spain,1.171925,41.105973,ES51,ES,incl_biomass
IT.CAED/341702001.FACILITY,ENERGIA PULITA SPA,Italy,13.5906,45.9153,ITH4,IT,incl_biomass
https://registry.gdi-de.org/id/de.st.lau.pf.anlagen-ied-euregistry/100850,envia THERM Kraftwerk Bitterfeld ,Germany,12.30461,51.62915,DEE0,DE,incl_biomass
http://paikkatiedot.fi/so/1002031/pf/ProductionFacility/0000013337.ProductionFacility,"Nevel Oy, Salon voimalaitos",Finland,23.11114,60.37144,FI1C,FI,incl_biomass
RO.EEA/RO1IS_11.FACILITY,CET I IASI,Romania,27.6072997,47.1497661,RO21,RO,incl_biomass
FR.CAED/10743.FACILITY,ALUMINIUM DUNKERQUE,France,2.19077,51.00821,FRE1,FR,incl_biomass
CH.CAED/000000287.Facility,KVA Winterthur,Switzerland,8.7525,47.4981,CH04,CH,incl_biomass
https://registry.gdi-de.org/id/de.he.0945.de7.pf.eu_industrie/30000963,EVO - Heizkraftwerk Offenbach ,Germany,8.74536,50.11132,DE71,DE,incl_biomass
PT.CAED/PT.APA05766202.CI,Central de Ciclo Combinado da Tapada do Outeiro (CI),Portugal,-8.461053,41.069609,PT11,PT,incl_biomass
PT.CAED/PT.APA05764962.CI,Centro de Produção de Loulé (CI),Portugal,-8.097592,37.134296,PT15,PT,incl_biomass
IT.CAED/000531001.FACILITY,CENTRALE TORREVALDALIGA SUD,Italy,11.7654,42.1231,ITI4,IT,incl_biomass
DK.CAED/000082966.FACILITY,TOTAL E&P Danmark A/S - Dan F,Denmark,5.1088522,55.4807992,NL12,NL,incl_biomass
https://registry.gdi-de.org/id/de.nw.inspire.pf.bube-eureg/arb-2017-170024-100-0989193,Huntsman Products GmbH,Germany,6.64674,51.46969,DEA1,DE,incl_biomass
https://registry.gdi-de.org/id/de.he.0945.de7.pf.eu_industrie/80000011,Dyckerhoff GmbH Werk Amöneburg ,Germany,8.257,50.03191,DE71,DE,incl_biomass
https://registry.gdi-de.org/id/de.sl.inspire.pf/0079761-G,NEUE HALBERG-GUSS GmbH,Germany,7.035872844391871,49.21041702843621,DEC0,DE,incl_biomass
https://registry.gdi-de.org/id/de.st.lau.pf.anlagen-ied-euregistry/100326,GUARDIAN Flachglas GmbH ,Germany,12.24339,51.65123,DEE0,DE,incl_biomass
https://registry.gdi-de.org/id/de.nw.inspire.pf.bube-eureg/arb-2017-915000-900-0302988,MHB Betriebsführungsgesellschaft mbH,Germany,7.74479,51.68006,DEA5,DE,incl_biomass
EL.CAED/100009.FACILITY,PPC S.A. SES RODOY,Greece,28.01736,36.37757,EL42,EL,incl_biomass
https://registry.gdi-de.org/id/de.sn.sax4inspire.pf/70015959,DREWAG AMD EVC 2 EnergyCenter Wilschdorf ,Germany,13.71277,51.12636,DED2,DE,incl_biomass
ES.CAED/007198000.FACILITY,GAS NATURAL FENOSA GENERACION S.L.U. (ACECA IV),Spain,-3.8532,39.9447,ES42,ES,incl_biomass
https://data.gov.sk/set/data/so/b4d884b3-4442-43db-a19c-ceb6e127960f/SK37158403.NRZ.FACILITY,"eustream, a.s. - Kompresorová stanica č. 4",Slovakia,18.101255,48.217616,SK02,SK,incl_biomass
LT.CAED/110012450.FACILITY,UAB „Grigeo Tissue“,Lithuania,25.086705,54.678451,LT01,LT,incl_biomass
NL.RIVM/000010059.FACILITY,Gunvor Energy Rotterdam B.V. (GPR),Netherlands,4.16573,51.93494,NL33,NL,incl_biomass
https://registry.gdi-de.org/id/de.nw.inspire.pf.bube-eureg/arb-2017-358008-300-0890760,Schoellershammer GmbH,Germany,6.48949,50.77652,DEA2,DE,incl_biomass
LT.CAED/147031669.FACILITY,AB „Roquette Amilina“,Lithuania,24.324309,55.742176,LT02,LT,incl_biomass
https://registry.gdi-de.org/id/de.by.inspire.pf.ied/S00839,Solnhofer Portland-Zementwerke GmbH & Co. KG,Germany,10.997724552321378,48.88491198532347,DE25,DE,incl_biomass
GB.EEA/EW_EA-7606.FACILITY,"Uk Coal Mining Ltd, Thoresby Colliery",United Kingdom,-1.05451,53.2039,UKF1,UK,incl_biomass
PL.MŚ/000000462.FACILITY,Elektrociepłownia Czechnica,Poland,17.1494445800781,51.0377769470215,PL51,PL,incl_biomass
IT.CAED/111002001.FACILITY,COGNE ACCIAI SPECIALI SPA,Italy,7.3222,45.7336,ITC2,IT,incl_biomass
NL.EEA/5746.FACILITY,Nuon Power Generation BV (Buggenum),Netherlands,5.97168,51.2235,NL42,NL,incl_biomass
ES.CAED/003067000.FACILITY,FACTORIA MONTAÑANESA,Spain,-0.825523,41.693825,ES24,ES,incl_biomass
UK.CAED/NRW170230.FACILITY,Milford Haven Refinery,United Kingdom,-5.06445,51.73521,UKL1,UK,incl_biomass
PT.CAED/PT.APA05766122.CI,Central Termoeléctrica Sines (CI),Portugal,-8.806991,37.930618,PT18,PT,incl_biomass
EE.KAUR.TTR/41.FACILITY,"VKG Energia OÜ, Kohtla-Järve Põhja soojuselektrijaam",Estonia,27.2415406996,59.3949970991,EE00,EE,incl_biomass
PL.MŚ/000003643.FACILITY,Synthos Dwory 7 spółka z ograniczoną odpowiedzialnością spółka jawna,Poland,19.273889541626,50.0400009155273,PL21,PL,incl_biomass
DE.EEA/15282.FACILITY,MVV Umwelt Asset GmbH,Germany,11.9958015031325,51.3299389872186,DEE0,DE,incl_biomass
FR.CAED/7374.FACILITY,ALTEO GARDANNE,France,5.46655,43.44405,FRL0,FR,incl_biomass
EL.CAED/100099.FACILITY,PPC S.A. LIGNITIKI MELITIS (UNIT I),Greece,21.59829,40.81402,EL53,EL,incl_biomass
UK.CAED/NRW170265.FACILITY,Pembroke Power Station,United Kingdom,-5.0002,51.6838,UKL1,UK,incl_biomass
https://registry.gdi-de.org/id/de.nw.inspire.pf.bube-eureg/arb-2017-711000-700-9073508,Stadtwerke Bielefeld GmbH,Germany,8.6181,51.99968,DEA4,DE,incl_biomass
PL.MŚ/000000058.FACILITY,ArcelorMittal Poland S.A. Oddział Dąbrowa Górnicza,Poland,19.28444480896,50.3461112976074,PL22,PL,incl_biomass
EE.KAUR.TTR/74.FACILITY,"Enefit Power AS, Balti Elektrijaam
    Enefit Power AS, Balti Elektrijaam
    Enefit Power AS, Balti elektrijaam",Estonia,28.1258147762,59.3529644401,EE00,EE,incl_biomass
IE.CAED/P0777.FACILITY,Energia Power Generation Limited,Ireland,-6.327038,53.411865,IE06,IE,incl_biomass
HU.OKIR/100352666.FACILITY,Budapesti Erőmű Zrt.,Hungary,19.103282,47.553512,HU11,HU,incl_biomass
PL.MŚ/000004119.FACILITY,"ENERGETYKA Sp. z o.o., Wydział EC - 4 Legnica",Poland,16.110249,51.182894,PL51,PL,incl_biomass
HU.OKIR/100318695.FACILITY,Pannon Hőerőmű Zrt.,Hungary,18.240206,46.114049,HU23,HU,incl_biomass
IT.CAED/930121001.FACILITY,Bioraffineria di Gela S.p.A  (ex RAFFINERIA di Gela SpA),Italy,14.2772,37.0554,ITG1,IT,incl_biomass
https://registry.gdi-de.org/id/de.ni.mu/31000006225,EMPG - EAA Großenkneten Erdgas-Aufbereitungsanlage,Germany,8.2275,52.9562,DE94,DE,incl_biomass
https://data.gov.sk/set/data/so/b4d884b3-4442-43db-a19c-ceb6e127960f/SK77042302.NRZ.FACILITY,"Považská cementáreň, a.s. - Výroba cementu",Slovakia,18.292761,49.033025,SK02,SK,incl_biomass
IT.EEA/2008000001.FACILITY,Linde Gas Italia Srl - Sito di Milazzo,Italy,15.266667,38.2,ITG1,IT,incl_biomass
CH.CAED/000000177.Facility,Jura Cement Fabriken,Switzerland,8.1568,47.4147,CH03,CH,incl_biomass
AT.CAED/9008391215745.FACILITY,LAT Nitrogen Linz GmbH,Austria,14.324667,48.293222,AT31,AT,incl_biomass
PL.MŚ/000000693.FACILITY,Elektrownia Pątnów I,Poland,18.2345199584961,52.3011093139648,PL41,PL,incl_biomass
PL.MŚ/000000599.FACILITY,"ODDZIAŁ  ""ZOFIÓWKA""",Poland,18.6265697479248,49.964542388916,PL22,PL,incl_biomass
PL.MŚ/000000072.FACILITY,International Paper - Kwidzyn Sp. z o.o.,Poland,18.9216861724854,53.6997413635254,PL63,PL,incl_biomass
EL.CAED/100268.FACILITY,Sanitary Landfill - 2nd Management Section of Western Attica - FYLI,Greece,23.65238,38.0747,EL30,EL,incl_biomass
UK.CAED/EW_EA-67.FACILITY,Drax Power Station EPR/VP3530LS,United Kingdom,-0.996528,53.736715,UKE2,UK,incl_biomass
https://registry.gdi-de.org/id/de.by.inspire.pf.ied/S00282,"UPM GmbH, Werk Schongau",Germany,10.900079378186666,47.807257120988936,DE21,DE,incl_biomass
UK.CAED/NRW170229.FACILITY,Milford Haven Energy,United Kingdom,-4.98811,51.71118,UKL1,UK,incl_biomass
RO.CAED/101BH0001.FACILITY,TERMOFICARE ORADEA SA,Romania,21.895833,47.082514,RO11,RO,incl_biomass
https://registry.gdi-de.org/id/de.th/5bf25e39-19d5-4254-adac-63f1b1cec499/77012924,Biomassekraftwerk Bischofferode/Holungen ,Germany,10.41297,51.49008,DEG0,DE,incl_biomass
IT.CAED/100401001.FACILITY,CENTRALE DI LEINI',Italy,7.7516,45.1622,ITC1,IT,incl_biomass
IT.EEA/2007000050.FACILITY,CENTRALE TERMOELETTRICA DI JESI,Italy,13.285,43.553611,ITI3,IT,incl_biomass
http://paikkatiedot.fi/so/1002031/pf/ProductionFacility/0000011323.ProductionFacility,"Helen Oy, Vuosaaren voimalaitokset",Finland,25.17286,60.21984,FI1B,FI,incl_biomass
UK.CAED/P0052_04A.FACILITY,Lafarge Tarmac Cement & Lime Ltd,United Kingdom,-6.7661,54.6178,UKN0,UK,incl_biomass
FR.CAED/5004.FACILITY,SYND INTERCOMMUNAL DE VALORISATION,France,5.81411,46.08494,FRK2,FR,incl_biomass
https://data.ied_registry.omgeving.vlaanderen.be/id/productionfacility/BE.VL.000000132.FACILITY,BAYER AGRICULTURE,Belgium,4.28916,51.31566,BE21,BE,incl_biomass
https://data.ied_registry.omgeving.vlaanderen.be/id/productionfacility/BE.VL.000000665.FACILITY,INTERGEMEENTELIJKE OPDRACHTHOUDENDE VERENIGING VOOR HUISVUILVERWERKING MEETJESLAND,Belgium,3.5171,51.21203,BE23,BE,incl_biomass
CH.CAED/000000149.Facility,DGS Druckguss Systeme AG,Switzerland,9.3028,47.4051,CH05,CH,incl_biomass
FR.CAED/4602.FACILITY,SYLVAMO FRANCE SA,France,0.82809,45.86907,FRI2,FR,incl_biomass
PT.CAED/PT.APA05770962.CI,Central Termoeléctrica a Biomassa da Figueira da Foz (CI),Portugal,-8.87674,40.05203,PT16,PT,incl_biomass
IT.CAED/280691001.FACILITY,RAFFINERIA SARPOM DI TRECATE,Italy,8.7858,45.4372,ITC1,IT,incl_biomass
IT.CAED/240602021.FACILITY,Stabilimento di Tavernola Bergamasca,Italy,10.0333,45.7167,ITC4,IT,incl_biomass
RO.CAED/115MS0001.FACILITY,SC AZOMURES SA,Romania,24.506814,46.515151,RO12,RO,incl_biomass
FR.CAED/9450.FACILITY,CONSTELLIUM NEUF BRISACH,France,7.56927,48.0302,FRF1,FR,incl_biomass
ES.CAED/003463000.FACILITY,"FERROGLOBE SPAIN METALS, SA.",Spain,-8.494415,43.33508,ES11,ES,incl_biomass
https://registry.gdi-de.org/id/de.nw.inspire.pf.bube-eureg/arb-2017-162004-300-9046923,CURRENTA GmbH & Co. OHG,Germany,6.83172,51.07673,DEA1,DE,incl_biomass
UK.CAED/BEISOffsh-Clair.FACILITY,Clair,United Kingdom,-2.54426,60.69183,UKM6,UK,incl_biomass
https://registry.gdi-de.org/id/de.rp.inspire.pf.bube-eureg/5000152,Südzucker AG Werk Offstein,Germany,8.22098,49.60039,DEB3,DE,incl_biomass
SE.CAED/10016162.Facility,Sandviksverket,Sweden,14.83779,56.86799,SE21,SE,incl_biomass
FR.CAED/7560.FACILITY,ARKEMA FRANCE,France,5.49868,43.2833,FRL0,FR,incl_biomass
https://registry.gdi-de.org/id/de.nw.inspire.pf.bube-eureg/arb-2017-366044-300-0079450,Smurfit Westrock Zülpich Paper GmbH,Germany,6.65301,50.70659,DEA2,DE,incl_biomass
FR.CAED/573.FACILITY,KOGEBAN,France,2.90038,49.76517,FRE2,FR,incl_biomass
FR.CAED/8155.FACILITY,LA ROUTIERE DE L'EST PARISIEN-REP,France,2.73551,48.95392,FR10,FR,incl_biomass
IT.CAED/980571001.FACILITY,Raffineria di Milazzo S.C.p.A.,Italy,15.2723,38.2027,ITG1,IT,incl_biomass
https://registry.gdi-de.org/id/de.nw.inspire.pf.bube-eureg/arb-2017-974016-900-0255642,Spenner GmbH & Co. KG,Germany,8.33625,51.60177,DEA5,DE,incl_biomass
PT.CAED/PT.APA05764282.CI,Fábrica Secil - Outão (CI),Portugal,-8.935265,38.500542,PT17,PT,incl_biomass
BG.CAED/017000005.FACILITY,Republika power station,Bulgaria,23.078333,42.606667,BG41,BG,incl_biomass
PL.MŚ/000000521.FACILITY,Tłocznia Gazu i SSRP Włocławek,Poland,18.9533348083496,52.7391662597656,PL61,PL,incl_biomass
PT.CAED/PT.APA05762702.CI,ETAR Coimbrão (Norte) (CI),Portugal,-8.911068,39.893165,PT16,PT,incl_biomass
IT.CAED/860391001.FACILITY,CENTRALE A CICLO COMBINATO DI TERMOLI,Italy,15.0005,41.9372,ITF2,IT,incl_biomass
IE.CAED/P0483.FACILITY,Huntstown Power Company Limited,Ireland,-6.326141,53.412877,IE06,IE,incl_biomass
UK.CAED/EW_EA-3047.FACILITY,Sutton Bridge Power Station EPR/FP3835LS,United Kingdom,0.1916851,52.757342,UKF3,UK,incl_biomass
https://registry.gdi-de.org/id/de.ni.mu/01000259750,EEW Energy from Waste Helmstedt GmbH,Germany,10.97775,52.17005,DE91,DE,incl_biomass
IT.CAED/268361001.FACILITY,centrale di Tavazzano e  Montanaso,Italy,9.4359,45.3345,ITC4,IT,incl_biomass
https://registry.gdi-de.org/id/de.st.lau.pf.anlagen-ied-euregistry/100194,"TOTALEnergies Raffinerie Mitteldeutschland GmbH (Raffinerie, BB01) ",Germany,12.00012,51.28764,DEE0,DE,incl_biomass
http://paikkatiedot.fi/so/1002031/pf/ProductionFacility/0000001349.ProductionFacility,"Stora Enso Veitsiluoto Oy, Puunjalostusteollisuus",Finland,24.62165,65.69358,FI1D,FI,incl_biomass
UK.CAED/BEISOffsh-Piper-Bravo.FACILITY,Piper Bravo,United Kingdom,0.25111,58.46139,UKM6,UK,incl_biomass
IT.CAED/060242002.FACILITY,COLACEM S.P.A. - CEMENTERIA DI GHIGIANO,Italy,12.6178,43.2844,ITI2,IT,incl_biomass
BG.CAED/003000008.FACILITY,"Solvey sody Company for Production of 
    Inorganic  chemicals",Bulgaria,27.635453,43.199561,BG33,BG,incl_biomass
RO.CAED/101VL0001.FACILITY,SC CET GOVORA SA,Romania,24.289399,45.040894,RO41,RO,incl_biomass
UK.CAED/BEISOffsh-Triton-FPSO.FACILITY,Triton (Guillemot West) FPSO,United Kingdom,0.89245,57.08393,UKM5,UK,incl_biomass
EL.CAED/100037.FACILITY,PPC S.A. SES ATHERINOLAKKOY,Greece,26.13804,35.00491,EL43,EL,incl_biomass
https://registry.gdi-de.org/id/de.ni.mu/07070168330,Enertec Hameln GmbH ,Germany,9.3884,52.09887,DE92,DE,incl_biomass
PL.MŚ/000000282.FACILITY,Elektrociepłownia Łąkowa,Poland,18.7724380493164,53.4790649414063,PL61,PL,incl_biomass
https://registry.gdi-de.org/id/de.nw.inspire.pf.bube-eureg/arb-2017-566040-500-0106867,Dyckerhoff GmbH,Germany,7.88783,52.17499,DEA3,DE,incl_biomass
https://registry.gdi-de.org/id/de.ni.mu/06221720040,Holcim (Deutschland) GmbH Werk Höver,Germany,9.88593,52.34983,DE92,DE,incl_biomass
EL.CAED/100079.FACILITY,TITAN CEMENT S.A. - THESSALONIKI PLANT,Greece,22.9532,40.6991,EL52,EL,incl_biomass
IT.CAED/060492008.FACILITY,Stabilimento di Spoleto,Italy,12.6772,42.7453,ITI2,IT,incl_biomass
UK.CAED/EW_EA-18767.FACILITY,Mercia EnviRecover EPR/XP3935TX,United Kingdom,-2.2074329,52.326472,UKG1,UK,incl_biomass
AT.CAED/9008391178545.FACILITY,WIEN ENERGIE GmbH,Austria,16.289472,48.206944,AT13,AT,incl_biomass
NO.EEA/192328.FACILITY,Elkem Thamshavn,Norway,9.894434,63.32585,NO06,NO,incl_biomass
CZ.MZP.E532/CZ53884341.FACILITY,Synthesia a. s.,Czechia,15.71540491,50.05719241,CZ05,CZ,incl_biomass
http://paikkatiedot.fi/so/1002031/pf/ProductionFacility/0000001294.ProductionFacility,"UPM Communication Papers Oy, Jämsänkosken paperitehdas",Finland,25.16002,61.91536,FI19,FI,incl_biomass
CH.CAED/000000055.Facility,Chemische Fabrik Schärer & Schläpfer AG,Switzerland,7.8729,47.3065,CH03,CH,incl_biomass
AT.CAED/9008391215806.FACILITY,Schretter & Cie GmbH & Co KG,Austria,10.637861,47.551528,AT33,AT,incl_biomass
PL.MŚ/000001902.FACILITY,ZTPO,Poland,20.0801601409912,50.0588150024414,PL21,PL,incl_biomass
https://registry.gdi-de.org/id/de.he.0945.de7.pf.eu_industrie/30001503,Thermal Conversion Compound Industriepark Höchst GmbH,Germany,8.53683,50.08842,DE71,DE,incl_biomass
https://data.gov.sk/set/data/so/b4d884b3-4442-43db-a19c-ceb6e127960f/SK77065511.NRZ.FACILITY,"MH Teplárenský holding, a.s. - závod Žilina",Slovakia,18.761256,49.220128,SK03,SK,incl_biomass
FR.CAED/11830.FACILITY,HEIDELBERG MATERIALS FRANCE CIMENTS,France,-0.36424,45.22599,FRI3,FR,incl_biomass
UK.SEPA/200000207.Facility,DSM @ Drakemyre Chemical Works,United Kingdom,-4.71475,55.71643,UKM9,UK,incl_biomass
PL.MŚ/000000197.FACILITY,ANWIL S.A.,Poland,18.9658336639404,52.7022247314453,PL61,PL,incl_biomass
IT.CAED/860782001.FACILITY,COLACEM S.P.A.,Italy,14.0658,41.4456,ITF2,IT,incl_biomass
https://data.ied_registry.omgeving.vlaanderen.be/id/productionfacility/BE.VL.000000667.FACILITY,KRONOS EUROPE,Belgium,3.75495,51.12108,BE23,BE,incl_biomass
FR.CAED/33013.FACILITY,NOVAWOOD,France,6.26559,48.63936,FRF3,FR,incl_biomass
EE.KAUR.TTR/185.FACILITY,"VKG Oil AS, Kohtla-Järve Petroter põlevkiviõlitehas",Estonia,27.2380242422,59.3867080255,EE00,EE,incl_biomass
FR.CAED/5628.FACILITY,ADISSEO FRANCE S.A.S.,France,4.76737,45.44225,FRK2,FR,incl_biomass
CH.CAED/000000175.Facility,Holcim (Schweiz) AG,Switzerland,8.2391,47.5217,CH03,CH,incl_biomass
FR.CAED/6265.FACILITY,SOC DES FOURS A CHAUX DE SORCY,France,5.63152,48.7112,FRF3,FR,incl_biomass
https://registry.gdi-de.org/id/de.ni.mu/10102275040,EBE Holzheizkraftwerk GmbH ,Germany,6.87345,52.61934,DE94,DE,incl_biomass
https://registry.gdi-de.org/id/de.nw.inspire.pf.bube-eureg/arb-2017-974020-900-0009912,Dyckerhoff GmbH Werksgruppe Nord-Werk Geseke-,Germany,8.50439,51.62256,DEA5,DE,incl_biomass
FR.CAED/7783.FACILITY,LAVERA ENERGIES,France,5.0,43.38,FRL0,FR,incl_biomass
FR.CAED/7945.FACILITY,EVERÉ SAS,France,4.8602,43.42011,FRL0,FR,incl_biomass
ES.CAED/000137000.FACILITY,CENTRAL TÉRMICA ALCÚDIA,Spain,3.091257,39.810605,ES53,ES,incl_biomass
AT.CAED/9008391215585.FACILITY,WIEN ENERGIE Bundesforste Biomasse Kraftwerk GmbH & Co KG,Austria,16.433333,48.183333,AT13,AT,incl_biomass
https://registry.gdi-de.org/id/de.nw.inspire.pf.bube-eureg/arb-2017-916000-900-0327252,STEAG Power GmbH HKW Herne,Germany,7.18746,51.55074,DEA5,DE,incl_biomass
HU.OKIR/100400015.FACILITY,Budapesti Erőmű Zrt.,Hungary,19.164244,47.458005,HU11,HU,incl_biomass
https://registry.gdi-de.org/id/de.bb.inspire.pf.eureg/23020947,CEMEX Zement GmbH,Germany,13.83693,52.48907,DE40,DE,incl_biomass
FR.CAED/10723.FACILITY,ETABLISSEMENTS BOCAHUT,France,3.91058,50.11494,FRE1,FR,incl_biomass
IT.CAED/120102003.FACILITY,UNICALCE S.P.A. - STABILIMENTO DI BERNEZZO,Italy,7.4175,44.3911,ITC1,IT,incl_biomass
https://registry.gdi-de.org/id/de.he.0945.de7.pf.eu_industrie/50002126,Werk Werra Standort Wintershall,Germany,9.99586,50.89359,DE73,DE,incl_biomass
PL.MŚ/000000673.FACILITY,Kronopol Sp. z o.o.,Poland,15.1000804901123,51.6341667175293,PL43,PL,incl_biomass
FR.CAED/7646.FACILITY,RHONE ENERGIES FOS-SUR-MER SAS,France,4.93111,43.44832,FRL0,FR,incl_biomass
https://registry.gdi-de.org/id/de.st.lau.pf.anlagen-ied-euregistry/100920,Kalkwerk Hornberg ,Germany,10.7639,51.76,DEE0,DE,incl_biomass
DE.EEA/06-00004610433.FACILITY,Ticona GmbH,Germany,8.48569288795079,50.0280809587466,DE71,DE,incl_biomass
https://registry.gdi-de.org/id/de.nw.inspire.pf.bube-eureg/arb-2017-570008-500-0050929,Phoenix Zementwerke Krogbeumker GmbH & Co. KG,Germany,8.07317,51.76025,DEA3,DE,incl_biomass
UK.CAED/EW_EA-2267.FACILITY,Derby Sinfin CHP Plant EPR/FP3739LK,United Kingdom,-1.469884,52.895783,UKF1,UK,incl_biomass
FR.CAED/9451.FACILITY,LAT NITROGEN OTTMARSHEIM,France,7.51929,47.79004,FRF1,FR,incl_biomass
DK.CAED/000106222.FACILITY,Ørsted Skærbækværket,Denmark,9.618162284288424,55.51252632531211,DK03,DK,incl_biomass
ES.CAED/002716000.FACILITY,DOW CHEMICAL IBERICA (DOW NORD),Spain,1.220202,41.178667,ES51,ES,incl_biomass
FR.CAED/8544.FACILITY,VALO'MARNE,France,2.45498,48.78368,FR10,FR,incl_biomass
PL.MŚ/000000358.FACILITY,PGE Górnictwo i Energetyka Konwencjonalna S.A. - Oddział Elektrociepłownia Kielce,Poland,20.61518,50.89771,PL72,PL,incl_biomass
https://registry.gdi-de.org/id/de.be.pf.lisa/169709,BEW HKW Klingenberg ,Germany,13.49597,52.49003,DE30,DE,incl_biomass
FR.CAED/12029.FACILITY,ELECTRICITE DE FRANCE,France,8.75774,41.9305,FRM0,FR,incl_biomass
IE.CAED/P0610.FACILITY,Electricity Supply Board (Lough Ree Power),Ireland,-7.984462,53.674611,IE06,IE,incl_biomass
BG.CAED/009000004.FACILITY,Bi Ei Glas BG glass manufacturing company,Bulgaria,24.739861,42.169777,BG42,BG,incl_biomass
FR.CAED/8386.FACILITY,SEMARIV,France,2.3634,48.58212,FR10,FR,incl_biomass
IT.CAED/250182006.FACILITY,UNITA' PRODUTTIVA DI MONTICHIARI,Italy,10.3316,45.4594,ITC4,IT,incl_biomass
SE.CAED/10018098.Facility,Allöverket,Sweden,14.14955,56.0395,SE22,SE,incl_biomass
ES.CAED/003718000.FACILITY,"LEMONA INDUSTRIAL, S.A. (LEMONA INDUSTRIAL, S.A)",Spain,-2.771422,43.206875,ES21,ES,incl_biomass
PL.MŚ/000000361.FACILITY,PGE Górnictwo i Energetyka Konwencjonalna S.A. - Oddział Zespół Elektrowni Dolna Odra -  Ektrownia Szczecin,Poland,14.5858106613159,53.4118537902832,PL42,PL,incl_biomass
LV.LVGMC.PRTR/310017.Facility,AS “Latvenergo” Rīgas TEC-2,Latvia,24.284166,56.919167,LV00,LV,incl_biomass
http://paikkatiedot.fi/so/1002031/pf/ProductionFacility/0000001931.ProductionFacility,"NG Nordic Finland Oy, Riihimäen toimipiste",Finland,24.83237,60.77227,FI1C,FI,incl_biomass
FR.CAED/3834.FACILITY,ESSO RAFFINAGE,France,0.56521,49.48838,FRD2,FR,incl_biomass
NO.EEA/0000.0011.01.FACILITY,Jotun,Norway,2.384727,59.45466,NO0A,NO,incl_biomass
ES.CAED/001760000.FACILITY,"CEMENTOS PORTLAND VALDERRIVAS, S.A.-FABRICA CEMENTO",Spain,-2.189981,42.882946,ES22,ES,incl_biomass
https://registry.gdi-de.org/id/de.mv.land.inspire.pf.bube/50000071,Heizkraftwerk GuD ,Germany,13.29594,53.56157,DE80,DE,incl_biomass
FR.CAED/8921.FACILITY,LAFARGE CIMENTS,France,3.0325,43.02208,FRJ1,FR,incl_biomass
DK.CAED/000105461.FACILITY,I/S Amager Ressourcecenter,Denmark,12.619182903975656,55.684214425328406,DK01,DK,incl_biomass
https://registry.gdi-de.org/id/de.ni.mu/01012110180,Helmstedter Revier GmbH Kraftwerk Buschhaus,Germany,10.976816416513286,52.172385699248224,DE91,DE,incl_biomass
FR.EEA/062.00673.FACILITY,GENSEL,France,6.32,48.64,FRF3,FR,incl_biomass
https://registry.gdi-de.org/id/de.nw.inspire.pf.bube-eureg/arb-2017-112000-100-0077961,Hüttenwerke Krupp Mannesmann GmbH,Germany,6.71227,51.36823,DEA1,DE,incl_biomass
HU.OKIR/100329299.FACILITY,Duna-Dráva Cement Kft.,Hungary,18.398833,45.811201,HU23,HU,incl_biomass
FR.CAED/13734.FACILITY,ALBIOMA LE MOULE,France,-61.32613,16.3129,FRY1,FR,incl_biomass
https://data.gov.sk/set/data/so/b4d884b3-4442-43db-a19c-ceb6e127960f/SK57104807.NRZ.FACILITY,"eustream, a.s. - Kompresorová stanica č. 1",Slovakia,22.069183,48.531986,SK04,SK,incl_biomass
IT.CAED/570251001.FACILITY,SNAM ITALIA TERMINALE FSRU DI PIOMBINO,Italy,10.55925,42.93918,ITI1,IT,incl_biomass
AT.CAED/9008391591573.FACILITY,Holcim (Österreich) GmbH,Austria,15.58,46.744722,AT22,AT,incl_biomass
ES.CAED/004922000.FACILITY,CENTRAL DE CICLO COMBINADO DE ARRÚBAL,Spain,-2.251731,42.419287,ES23,ES,incl_biomass
http://paikkatiedot.fi/so/1002031/pf/ProductionFacility/0000002157.ProductionFacility,"Vaasan Voima Oy, Vaasan voimalaitos, VL2",Finland,21.55384,63.09079,FI19,FI,incl_biomass
IT.CAED/411222010.FACILITY,HERAMBIENTE S.R.L.  - IMPIANTO DI TERMOVALORIZZAZIONE RIFIUTI NON PERICOLOSI,Italy,10.9439,44.6714,ITH5,IT,incl_biomass
NL.RIVM/000012134.FACILITY,Archer Daniels Midland Europoort BV (ADM),Netherlands,4.12249,51.95597,NL33,NL,incl_biomass
HR.CAED/000000024.FACILITY,Rafinerija nafte Sisak,Croatia,16.38287,45.46583,HR02,HR,incl_biomass
SE.CAED/10020475.Facility,Hedenverket,Sweden,13.57206,59.38647,SE31,SE,incl_biomass
https://registry.gdi-de.org/id/de.sl.inspire.pf/0078668-G,ZKS - Zentralkokerei Saar GmbH ,Germany,6.74358,49.34781,DEC0,DE,incl_biomass
ES.CAED/003036000.FACILITY,CEMENTOS PORTLAND VALDERRIVAS (SANTA MARGARIDA I ELS MONJOS),Spain,1.663019,41.314665,ES51,ES,incl_biomass
CZ.EEA/CZ74038719.FACILITY,Rafinérie Litvínov,Czechia,13.60565515,50.5623143,CZ04,CZ,incl_biomass
NL.RIVM/000000148.FACILITY,ENCI BV (Maastricht),Netherlands,5.68909,50.81815,NL42,NL,incl_biomass
https://registry.gdi-de.org/id/de.nw.inspire.pf.bube-eureg/arb-2017-111000-100-0407176,Stadtwerke Düsseldorf AG,Germany,6.823,51.22567,DEA1,DE,incl_biomass
NL.RIVM/000075305.FACILITY,locatie Boeldershoek,Netherlands,6.78419,52.23427,NL21,NL,incl_biomass
UK.CAED/EW_EA-5766.FACILITY,Enfield Power Station EPR/NP3833RC,United Kingdom,-0.023550721,51.66144,UKI5,UK,incl_biomass
https://registry.gdi-de.org/id/de.nw.inspire.pf.bube-eureg/arb-2017-112000-100-0215455,thyssenkrupp Steel Europe AG Werk Hamborn,Germany,6.73172,51.48466,DEA1,DE,incl_biomass
CH.CAED/000000278.Facility,KVA Linth,Switzerland,9.04,47.135,CH05,CH,incl_biomass
SE.CAED/10019441.Facility,Sävenäs Kraftvärmeverk,Sweden,12.03552,57.73024,SE23,SE,incl_biomass
NL.RIVM/000051105.FACILITY,YARA Sluiskil BV,Netherlands,3.85005,51.27764,NL34,NL,incl_biomass
CZ.MZP.U425/CZ17751142.FACILITY,ORLEN Unipetrol RPA,Czechia,13.61185648,50.56136055,CZ04,CZ,incl_biomass
https://registry.gdi-de.org/id/de.ni.mu/06063351970,Statkraft Markets GmbH (Biomasseheizkraftwerk),Germany,9.1151,52.54585,DE92,DE,incl_biomass
ES.CAED/003070000.FACILITY,PAPELERA DE SARRIA (FÀBRICA DE PAPER),Spain,2.821262,42.014509,ES51,ES,incl_biomass
SE.CAED/10014459.Facility,"Boländeranläggningarna, Avfallsförbränningsanläggn",Sweden,17.67576,59.85219,SE12,SE,incl_biomass
ES.CAED/004264000.FACILITY,"DOLOMITAS DEL NORTE,S.A",Spain,-3.49513,43.35597,ES13,ES,incl_biomass
NL.RIVM/000010058.FACILITY,BP Raffinaderij Rotterdam B.V.,Netherlands,4.10779,51.94499,NL33,NL,incl_biomass
ES.CAED/003494000.FACILITY,SNIACE COGENERACIÓN,Spain,-4.059448,43.361007,ES13,ES,incl_biomass
ES.EEA/2116.FACILITY,CENTRAL TÈRMICA DE CERCS,Spain,1.856748,42.176449,ES51,ES,incl_biomass
NL.RIVM/000102302.FACILITY,Cosun Beet Company-Vierverlaten,Netherlands,6.49511,53.21379,NL11,NL,incl_biomass
IE.CAED/P0487.FACILITY,Breedon Cement Ireland Limited,Ireland,-7.140934,53.435529,IE06,IE,incl_biomass
ES.CAED/006329000.FACILITY,"BIOENERGÉTICA EGABRENSE, S.A.",Spain,-4.491705,37.473165,ES61,ES,incl_biomass
IT.CAED/070461002.FACILITY,CONFIDENTIAL -Article4(2)(e),Italy,8.375939,40.831425,ITG2,IT,incl_biomass
ES.CAED/003100000.FACILITY,COMPAÑIA ESPAÑOLA DE LAMINACION (CELSA 1-4),Spain,1.979523,41.457531,ES51,ES,incl_biomass
FR.CAED/10757.FACILITY,FERROGLOBE MANGANESE FRANCE,France,2.27213,51.03569,FRE1,FR,incl_biomass
https://data.ied_registry.omgeving.vlaanderen.be/id/productionfacility/BE.VL.000000113.FACILITY,INEOS OXIDE UTILITIES,Belgium,4.3192,51.23458,BE21,BE,incl_biomass
SE.CAED/10022087.Facility,Johannes Kraftvärmeverk,Sweden,17.13577,60.6347,SE31,SE,incl_biomass
IT.CAED/960101006.FACILITY,SASOL ITALY ENERGIA SRL,Italy,15.1752,37.2191,ITG1,IT,incl_biomass
BE.WA/030010000.FACILITY,CARMEUSE - Site de Moha,Belgium,5.179099,50.557106,BE33,BE,incl_biomass
HU.OKIR/100501563.FACILITY,Tvk-Erőmű Kft.,Hungary,21.02302,47.91439,HU31,HU,incl_biomass
NO.EEA/0105.0014.01.FACILITY,"Borregaard AS, avd. spesialcellulose",Norway,11.1162872,59.2729225,NO08,NO,incl_biomass
GB.EEA/EW_EA-672.FACILITY,"Centrica Rps Ltd, Roosecote Power Station",United Kingdom,-3.18983,54.1047,UKD1,UK,incl_biomass
RO.CAED/101GJ0001.FACILITY,SUCURSALA ELECTROCENTRALE TURCENI,Romania,23.409223,44.670484,RO41,RO,incl_biomass
IE.CAED/P0376.FACILITY,Premier Periclase Limited,Ireland,-6.318228,53.722056,IE06,IE,incl_biomass
https://registry.gdi-de.org/id/de.st.lau.pf.anlagen-ied-euregistry/101086,CIECH Energy Deutschland GmbH ,Germany,11.57336,51.86363,DEE0,DE,incl_biomass
LU.CAED/000002000.FACILITY,ArcelorMittal Belval & Differdange S.A.,Luxembourg,5.89753,49.52597,LU00,LU,incl_biomass
BG.CAED/013000017.FACILITY, Sliven power station,Bulgaria,26.325853,42.654762,BG34,BG,incl_biomass
https://registry.gdi-de.org/id/de.sn.sax4inspire.pf/70015926,EVC Dresden-Wilschdorf /Reichenberg ,Germany,13.71283,51.12741,DED2,DE,incl_biomass
PT.CAED/PT.APA05771242.CI,Central Termoeléctrica do Pego (CI),Portugal,-8.111977,39.466027,PT16,PT,incl_biomass
http://paikkatiedot.fi/so/1002031/pf/ProductionFacility/0100203967.ProductionFacility,"Tuusulanjärven Lämpö Oy, Järvenpään voimalaitos",Finland,25.128,60.45549,FI1B,FI,incl_biomass
UK.CAED/EW_EA-17165.FACILITY,Beckton Sludge Powered Generator,United Kingdom,0.080650994,51.521332,UKI4,UK,incl_biomass
https://registry.gdi-de.org/id/de.st.lau.pf.anlagen-ied-euregistry/100477,thomas zement GmbH,Germany,11.66034,51.27022,DEE0,DE,incl_biomass
RO.CAED/102DJ0001.FACILITY,SOCIETATEA ELECTROCENTRALE CRAIOVA SA,Romania,23.815663,44.344025,RO41,RO,incl_biomass
IT.CAED/801461001.FACILITY,CENTRALE NAPOLI LEVANTE,Italy,14.301,40.834,ITF3,IT,incl_biomass
PL.MŚ/000000267.FACILITY,Elektrociepłownia Mielec Spółka z o.o.,Poland,21.4617481231689,50.3046073913574,PL82,PL,incl_biomass
UK.CAED/EW_EA-16737.FACILITY,Cottam Power Station EPR/SP3535LT,United Kingdom,-0.78176602,53.303342,UKF1,UK,incl_biomass
NL.RIVM/000104001.FACILITY,ENGIE Energie Nederland NV,Netherlands,6.8809,53.43663,NL11,NL,incl_biomass
FR.CAED/8288.FACILITY,SARP INDUSTRIES,France,1.75086,48.97521,FR10,FR,incl_biomass
http://paikkatiedot.fi/so/1002031/pf/ProductionFacility/0000016248.ProductionFacility,"Kymin Voima Oy, Energiantuotanto",Finland,26.66629,60.90683,FI1C,FI,incl_biomass
CZ.MZP.S202/CZ49789451.FACILITY,"Vápenka Čertovy schody, a.s.",Czechia,14.05710849,49.91027826,CZ02,CZ,incl_biomass
GR.EEA/ELA400939.FACILITY,PPC S.A. SES AGIOY GEORGIOY,Greece,23.610405,37.953882,EL30,EL,incl_biomass
https://data.gov.sk/set/data/so/b4d884b3-4442-43db-a19c-ceb6e127960f/SK37086402.NRZ.FACILITY,"Veolia Energia Levice, a.s. - PPC 80 Mwe",Slovakia,18.600594,48.193021,SK02,SK,incl_biomass
UK.LAED/E11_179.FACILITY,Ardagh Glass Barnsley,United Kingdom,-1.43893,53.5704,UKE3,UK,incl_biomass
http://paikkatiedot.fi/so/1002031/pf/ProductionFacility/0000002234.ProductionFacility,"Metsä Fibre Oy, Äänekosken sellutehdas",Finland,25.75298,62.59055,FI19,FI,incl_biomass
PL.MŚ/000000384.FACILITY,TRZUSKAWICA S.A.,Poland,20.5660972595215,50.8081398010254,PL72,PL,incl_biomass
https://data.ied_registry.omgeving.vlaanderen.be/id/productionfacility/BE.VL.000000618.FACILITY,BOREALIS KALLO,Belgium,4.271,51.26858,BE23,BE,incl_biomass
CZ.MZP.T802/CZ33886785.FACILITY,Teplárna Frýdek-Místek,Czechia,18.32445365,49.69812255,CZ08,CZ,incl_biomass
IT.CAED/570162008.FACILITY,SOLVAY CHIMICA ITALIA S.P.A. ROSIGNANO,Italy,10.4739,43.4089,ITI1,IT,incl_biomass
https://data.ied_registry.omgeving.vlaanderen.be/id/productionfacility/BE.VL.000000992.FACILITY,GREENPOWER OOSTENDE,Belgium,2.9953,51.21008,BE25,BE,incl_biomass
CZ.MZP.E531/CZ27995052.FACILITY,"CEMEX Czech Republic, s.r.o.",Czechia,15.64044044,49.89545861,CZ05,CZ,incl_biomass
IE.CAED/P0611.FACILITY,Electricity Supply Board (West Offaly Power),Ireland,-8.041,53.273658,IE06,IE,incl_biomass
https://registry.gdi-de.org/id/de.nw.inspire.pf.bube-eureg/arb-2017-162024-100-0173542,Aluminium Norf GmbH,Germany,6.76972,51.15049,DEA1,DE,incl_biomass
DK.CAED/000105124.FACILITY,TOTAL E&P Danmark A/S - Halfdan B,Denmark,5.03127702,55.53891287,NL12,NL,incl_biomass
FR.CAED/7874.FACILITY,PETROINEOS MANUFACTURING FRANCE SAS,France,5.02829,43.38403,FRL0,FR,incl_biomass
NL.RIVM/000201386.FACILITY,EP NL Sloe Centrale B.V. (Vlissingen),Netherlands,3.69338,51.44882,NL34,NL,incl_biomass
IT.CAED/461001001.FACILITY,IES Italiana Energia e Servizi S.p.A.,Italy,10.822,45.1481,ITC4,IT,incl_biomass
AT.CAED/9008390928783.FACILITY,Energie AG Oberösterreich Erzeugung GmbH,Austria,13.589111,48.010806,AT31,AT,incl_biomass
BG.CAED/012000004.FACILITY,Sofia East power station,Bulgaria,23.414279,42.65044,BG41,BG,incl_biomass
DK.CAED/000101311.FACILITY,Faxe Kalk - Industrikalkfabrikken,Denmark,12.16185193308303,55.21486535600714,DK02,DK,incl_biomass
NL.RIVM/000010063.FACILITY,AVR-Afvalverwerking,Netherlands,4.27639,51.89704,NL33,NL,incl_biomass
NL.RIVM/000203411.FACILITY,Pergen VOF,Netherlands,4.36753,51.88581,NL33,NL,incl_biomass
https://registry.gdi-de.org/id/de.bb.inspire.pf.eureg/23020389,LEIPA Georg Leinfelder Werk Schwedt Süd,Germany,14.31977,53.0791,DE40,DE,incl_biomass
GB.EEA/EW_EA-2319.FACILITY,"Rwe Npower Plc, Fawley Power Station",United Kingdom,-1.32922,50.8177,UKJ3,UK,incl_biomass
CZ.MZP.B643/CZ23625775.FACILITY,závod Mokrá,Czechia,16.77168227,49.21641099,CZ06,CZ,incl_biomass
CZ.MZP.A100/CZ26416675.FACILITY,Spalovna Malešice,Czechia,14.54113899,50.07892459,CZ01,CZ,incl_biomass
ES.CAED/005513000.FACILITY,"ENERGÍA DE LA LOMA, S.A.",Spain,-3.0,38.167304,ES61,ES,incl_biomass
https://registry.gdi-de.org/id/de.bb.inspire.pf.eureg/45025564,"LEAG, Kraftwerk Jänschwalde",Germany,14.45799,51.8336,DE40,DE,incl_biomass
UK.CAED/EW_EA-16008.FACILITY,Staffordshire Energy Recovery Facility EPR/HP3431HK/V003,United Kingdom,-2.1145704,52.672711,UKG2,UK,incl_biomass
ES.CAED/006160000.FACILITY,BIOCARBURANTES DE CASTILLA Y LEÓN S.A.-BABILAFUENTE,Spain,-5.436111,40.969722,ES41,ES,incl_biomass
ES.CAED/001915000.FACILITY,TUDELA VEGUÍN - FÁBRICA DE CEMENTOS DE ABOÑO,Spain,-5.723233,43.560118,ES12,ES,incl_biomass
https://registry.gdi-de.org/id/de.sh/50083712,Hamburger Energiewerke GmbH ,Germany,9.72575,53.56675,DEF0,DE,incl_biomass
https://registry.gdi-de.org/id/de.nw.inspire.pf.bube-eureg/arb-2017-774032-700-0038968,Heidelberg Materials AG Zementwerk Paderborn,Germany,8.74405,51.6989,DEA4,DE,incl_biomass
FR.CAED/3839.FACILITY,TOTALENERGIES PETROCHEMICALS FRANCE,France,0.20609,49.50488,FRD2,FR,incl_biomass
FR.CAED/3810.FACILITY,CABOT CARBONE,France,0.52159,49.53435,FRD2,FR,incl_biomass
RO.CAED/108HD0001.FACILITY,HEIDELBERG MATERIALS ROMANIA SA - FABRICA DE CIMENT CHISCADAGA,Romania,22.866436,45.954952,RO42,RO,incl_biomass
SE.CAED/10013884.Facility,JORDBRO KRAFTVÄRMEVERK,Sweden,18.13086,59.15166,SE11,SE,incl_biomass
IT.CAED/481232015.FACILITY,Orion (ex Evonik),Italy,12.2333,44.4333,ITH5,IT,incl_biomass
https://registry.gdi-de.org/id/de.nw.inspire.pf.bube-eureg/arb-2017-162008-100-0081105,RWE Power AG - Kraftwerk Frimmersdorf ,Germany,6.57802,51.0522,DEA1,DE,incl_biomass
UK.CAED/BEISOffsh-LOGGS-Complex.FACILITY,LOGGS Complex,United Kingdom,2.00464,53.38951,UKH1,UK,incl_biomass
DK.EEA/2619.FACILITY,VATTENFALL A/S                     Hillerød Kraftvarmeværk,Denmark,12.311432303215,55.907498947213,DK01,DK,incl_biomass
UK.CAED/EW_EA-1014.FACILITY,Winnington Sodium Carbonate Manufacturing Site EPR/EP3337NY,United Kingdom,-2.5261278,52.84339,UKG2,UK,incl_biomass
AT.CAED/9008391745020.FACILITY,Alpacem Zement Austria GmbH,Austria,14.533667,46.849889,AT21,AT,incl_biomass
BE.WA/047010000.FACILITY,TotalEnergies Petrochemicals Feluy SA,Belgium,4.2185373,50.54922,BE32,BE,incl_biomass
https://registry.gdi-de.org/id/de.st.lau.pf.anlagen-ied-euregistry/100486,Schwenk Zement GmbH & Co. KG Bernburg ,Germany,11.75633,51.81275,DEE0,DE,incl_biomass
https://registry.gdi-de.org/id/de.sn.sax4inspire.pf/60015149,Heizkraftwerk Nord II ,Germany,12.92304,50.85662,DED4,DE,incl_biomass
SE.CAED/10014170.Facility,HALLSTA PAPPERSBRUK,Sweden,18.5925,60.06177,SE11,SE,incl_biomass
https://registry.gdi-de.org/id/de.by.inspire.pf.ied/S00552,Pfleiderer Neumarkt GmbH,Germany,11.451355059291622,49.26170873700737,DE23,DE,incl_biomass
PL.MŚ/000000346.FACILITY,Grupa Azoty Spółka Akcyjna,Poland,20.9216651916504,50.022777557373,PL21,PL,incl_biomass
DE.EEA/15985.FACILITY,RKB Raffinerie-Kraftwerks Betriebs GmbH,Germany,12.0000627886805,51.2971340669027,DEE0,DE,incl_biomass
https://registry.gdi-de.org/id/de.by.inspire.pf.ied/S00041,SWM Heizkraftwerk Nord,Germany,11.639799553913267,48.18119974964636,DE21,DE,incl_biomass
https://registry.gdi-de.org/id/de.ni.mu/06060316030,GKH - Gemeinschaftskraftwerk Hannover GmbH,Germany,9.6476,52.42032,DE92,DE,incl_biomass
HU.OKIR/100368276.FACILITY,Dunamenti Erőmű Zrt.,Hungary,18.918461,47.328165,HU12,HU,incl_biomass
https://registry.gdi-de.org/id/de.nw.inspire.pf.bube-eureg/arb-2017-112000-100-0220947,Hüttenwerke Krupp Mannesmann GmbH KW Huckingen,Germany,6.71912,51.3709,DEA1,DE,incl_biomass
https://registry.gdi-de.org/id/de.hb/de.hb.pf.bube-eureg.06-04-11/2001178/8/6,swb Entsorgung GmbH & Co. KG,Germany,8.72721,53.12476,DE50,DE,incl_biomass
CH.CAED/000000282.Facility,ZAB Bazenheid,Switzerland,9.0686,47.4233,CH05,CH,incl_biomass
HU.OKIR/100431466.FACILITY,Bc-Erőmű Kft,Hungary,20.647105,48.247852,HU31,HU,incl_biomass
https://registry.gdi-de.org/id/de.nw.inspire.pf.bube-eureg/arb-2017-970040-900-0113962,Deutsche Edelstahlwerke Siegen/Hagen GmbH & Co. KG Werk Siegen,Germany,8.01425,50.91737,DEA5,DE,incl_biomass
CZ.MZP.T806/CZ95150686.FACILITY,Liberty Ostrava a.s.,Czechia,18.30577783,49.7958697,CZ08,CZ,incl_biomass
FR.CAED/82.FACILITY,TEREOS FRANCE,France,3.37064,49.39409,FRE2,FR,incl_biomass
CZ.MZP.P323/CZ47150542.FACILITY,Teplárna ELÚ III,Czechia,13.34546117,49.73952909,CZ03,CZ,incl_biomass
NL.RIVM/000019071.FACILITY,Shin-Etsu PVC BV (VCM Botlek),Netherlands,4.27797,51.87111,NL33,NL,incl_biomass
ES.CAED/003527000.FACILITY,"ENERGYWORKS ARANDA, S.L.",Spain,-3.710147,41.664861,ES41,ES,incl_biomass
IT.CAED/721001005.FACILITY,ENIPOWER S.P.A. - Stabilimento di Brindisi,Italy,17.9919,40.6411,ITF4,IT,incl_biomass
SE.CAED/10017499.Facility,Ångcentralen,Sweden,13.38388,56.12476,SE22,SE,incl_biomass
PT.CAED/PT.APA05769742.CI,Petrogal-Refinaria do Porto (CI),Portugal,-8.7105946,41.2018948,PT11,PT,incl_biomass
https://registry.gdi-de.org/id/de.by.inspire.pf.ied/S01166,Märker Kalk GmbH,Germany,10.699618563238984,48.77379192026292,DE27,DE,incl_biomass
PL.MŚ/000000033.FACILITY,Elektrociepłownia Gdyńska,Poland,18.4796333312988,54.5539016723633,PL63,PL,incl_biomass
LT.CAED/303792888.FACILITY,UAB Kauno kogeneracinė jėgainė,Lithuania,24.002708,54.932576,LT02,LT,incl_biomass
PL.MŚ/000000362.FACILITY,PGE Górnictwo i Energetyka Konwencjonalna S.A. - Oddział Zespół Elektrowni Dolna Odra - Elektrownia Pomorzany,Poland,14.5252771377563,53.39111328125,PL42,PL,incl_biomass
PL.MŚ/000000163.FACILITY,Elektrociepłownia Siekierki,Poland,21.0908069610596,52.1874465942383,PL91,PL,incl_biomass
RO.EEA/RO1SV_11.FACILITY,SC TERMICA SA SUCEAVA,Romania,26.2986944,47.6518888,RO21,RO,incl_biomass
ES.CAED/001528000.FACILITY,REPSOL PETROLEO S.A.,Spain,-4.0497,38.672,ES42,ES,incl_biomass
ES.CAED/007150000.FACILITY,"NATURGY CICLOS COMBINADOS, S.L.",Spain,-0.279673,39.677606,ES52,ES,incl_biomass
GB.EEA/EW_EA-1610.FACILITY,Thrislington Works And Quarry,United Kingdom,-1.52373,54.6893,UKC1,UK,incl_biomass
https://registry.gdi-de.org/id/de.ni.mu/04000025140,Klingele Paper Weener SE & Co. KG Kraftwerk,Germany,7.35639,53.18065,DE94,DE,incl_biomass
ES.CAED/007252000.FACILITY,ENERGÍAS DE LA MANCHA S.A. (ENEMANSA),Spain,-3.4406,39.03,ES42,ES,incl_biomass
https://registry.gdi-de.org/id/de.nw.inspire.pf.bube-eureg/arb-2017-562020-500-0414594,AGR mbH,Germany,7.16343,51.55652,DEA3,DE,incl_biomass
NO.EEA/0000.0044.02.FACILITY,Brage,Norway,3.045078,60.5420074,NO0A,NO,incl_biomass
HU.OKIR/100326726.FACILITY,Bunge Zrt.,Hungary,20.29166,47.040111,HU32,HU,incl_biomass
DK.CAED/000104752.FACILITY,Svanemølleværket,Denmark,12.587546676867785,55.712432180338894,DK01,DK,incl_biomass
UK.CAED/EW_EA-405.FACILITY,Hull Chemical Industry EPR/BJ8162IR,United Kingdom,-0.2368711,53.738822,UKE1,UK,incl_biomass
https://registry.gdi-de.org/id/de.ni.mu/10000167470,EVI Abfallverwertung B.V. & Co. KG ,Germany,6.74319,52.64359,DE94,DE,incl_biomass
https://registry.gdi-de.org/id/de.bw.lubw.inspire.pf/pf-450-2797933-00000000,EnBW Energie Baden-Württemberg AG (RDK) ,Germany,8.30421,49.01429,DE12,DE,incl_biomass
UK.CAED/BEISOffsh-Cormorant-North.FACILITY,Cormorant North,United Kingdom,1.14944,61.24061,UKM6,UK,incl_biomass
EL.CAED/100093.FACILITY,PPC S.A. AES LESVOS,Greece,26.54913,39.11857,EL41,EL,incl_biomass
PL.MŚ/000000010.FACILITY,Zakład Wytwarzania Nowa,Poland,19.2767219543457,50.3478050231934,PL22,PL,incl_biomass
ES.CAED/008202000.FACILITY,"RUGUI ÓLVEGA, S.L.U.",Spain,-1.996111,41.796111,ES41,ES,incl_biomass
UK.SEPA/200001408.Facility,"Sullom Voe Terminal CHP, Shetland",United Kingdom,-1.27183,60.45741,UKM6,UK,incl_biomass
LU.CAED/000007000.FACILITY,Sidor,Luxembourg,6.06991,49.55374,LU00,LU,incl_biomass
CH.CAED/000000174.Facility,Holcim (Suisse) SA,Switzerland,6.5464,46.6557,CH01,CH,incl_biomass
FR.CAED/5335.FACILITY,LAFARGE CIMENTS,France,4.68449,45.85501,FRK2,FR,incl_biomass
BE.WA/136010000.FACILITY,"ARCELORMITTAL LIEGE - Chertal (Aciérie, CC, Laminoir à chaud)",Belgium,5.6631,50.6927,BE33,BE,incl_biomass
ES.CAED/001767000.FACILITY,"SMURFIT NAVARRA, S.A.-SANGÜESA",Spain,-1.28274,42.591005,ES22,ES,incl_biomass
https://registry.gdi-de.org/id/de.nw.inspire.pf.bube-eureg/arb-2017-974016-900-0014855,Portlandzementwerk -Wittekind- Hugo Miebach Söhne KG,Germany,8.33468,51.59448,DEA5,DE,incl_biomass
UK.CAED/NRW170312.FACILITY,Severn Power Station,United Kingdom,-2.97543,51.54796,UKL2,UK,incl_biomass
FR.CAED/3899.FACILITY,SYNDICAT MIXTE D ELIMINATION DES DECHETS DE L ARRONDISSEMENT DE ROUEN,France,1.03375,49.42982,FRD2,FR,incl_biomass
IT.EEA/2007001393.FACILITY,SACCI SPA - Stabilimento di Pescara,Italy,14.1925,42.452778,ITF1,IT,incl_biomass
ES.CAED/001752000.FACILITY,COMPLEJO INDUSTRIAL SABIC ”FINCA CASA GRANDE”,Spain,-1.099456,37.706219,ES62,ES,incl_biomass
UK.SEPA/200000143.Facility,Shell North Sea Gas Terminal,United Kingdom,-1.84334,57.58006,UKM5,UK,incl_biomass
NL.RIVM/000000060.FACILITY,Sappi Maastricht BV,Netherlands,5.69424,50.85772,NL42,NL,incl_biomass
FR.CAED/12451.FACILITY,CHARTRES METROPOLE TRAITEMENT ET VALORISATION,France,1.44378,48.46724,FRB0,FR,incl_biomass
FR.CAED/5506.FACILITY,LA ROCHETTE CARTONBOARD SAS,France,6.1185,45.4537,FRK2,FR,incl_biomass
DK.CAED/000104649.FACILITY,INEOS E&P - Syd Arne,Denmark,4.22078695,56.09764404,NO0A,NO,incl_biomass
https://registry.gdi-de.org/id/de.nw.inspire.pf.bube-eureg/arb-2017-378004-300-0261171,Zanders Paper GmbH ,Germany,7.12707,50.98891,DEA2,DE,incl_biomass
https://registry.gdi-de.org/id/de.rp.inspire.pf.bube-eureg/4000267,Entsorgungsgesellschaft Mainz mbH,Germany,8.24251,50.02551,DEB3,DE,incl_biomass
NL.RIVM/000041521.FACILITY,Afvalstoffen Terminal Moerdijk BV (ATM),Netherlands,4.59954,51.69383,NL41,NL,incl_biomass
http://paikkatiedot.fi/so/1002031/pf/ProductionFacility/0000001992.ProductionFacility,"Seinäjoen Voima Oy, Seinäjoen voimalaitos",Finland,22.81697,62.74109,FI19,FI,incl_biomass
FR.CAED/6046.FACILITY,EQIOM,France,6.96899,48.6902,FRF3,FR,incl_biomass
FR.CAED/3848.FACILITY,SEDIBEX,France,0.31926,49.49827,FRD2,FR,incl_biomass
NO.EEA/0000.0050.01.FACILITY,Gjøa,Norway,3.895116,61.3318863,NO0A,NO,incl_biomass
https://registry.gdi-de.org/id/de.sl.inspire.pf/0050559-G,AG der Dillinger Hüttenwerke ,Germany,6.75414,49.35717,DEC0,DE,incl_biomass
AT.CAED/9008390975701.FACILITY,voestalpine Stahl Donawitz GmbH,Austria,15.067,47.379,AT22,AT,incl_biomass
https://registry.gdi-de.org/id/de.rp.inspire.pf.bube-eureg/5000164,Dyckerhoff GmbH,Germany,8.03701,49.60203,DEB3,DE,incl_biomass
SE.CAED/10019131.Facility,Munksjö Paper AB Billingsfors,Sweden,12.25601,58.9878,SE23,SE,incl_biomass
UK.CAED/EW_EA-13672.FACILITY,NEWHAVEN INCINERATOR,United Kingdom,0.04919386,50.802043,UKJ2,UK,incl_biomass
SE.CAED/10014052.Facility,HÄSSELBYVERKET,Sweden,17.82521,59.36258,SE11,SE,incl_biomass
PL.MŚ/000000153.FACILITY,EDF RYBNIK S.A. Oddział w Rybniku,Poland,18.5233020782471,50.134593963623,PL22,PL,incl_biomass
SE.CAED/10014156.Facility,SOLNAVERKET,Sweden,17.97267,59.35201,SE11,SE,incl_biomass
UK.LAED/E100_165.FACILITY,Guardian Industries UK Ltd,United Kingdom,-0.90936,53.6978,UKE1,UK,incl_biomass
PL.MŚ/000000916.FACILITY,"ZAKŁAD PRODUKCYJNY ""SODA MĄTWY"" W INOWROCŁAWIU",Poland,18.2366676330566,52.7494430541992,PL61,PL,incl_biomass
PL.MŚ/000000185.FACILITY,Ciepłownia Rejonowa Dąbska,Poland,14.6753196716309,53.3732452392578,PL42,PL,incl_biomass
https://registry.gdi-de.org/id/de.st.lau.pf.anlagen-ied-euregistry/100064,Ravapor GmbH ,Germany,11.94965,51.39173,DEE0,DE,incl_biomass
UK.CAED/EW_EA-1021.FACILITY,Cottam CDC Power Station EPR/NP3033RD,United Kingdom,-0.78568665,53.307967,UKF1,UK,incl_biomass
RO.CAED/102NT0001.FACILITY,HEIDELBERGCEMENT ROMANIA SA,Romania,26.029587,46.897861,RO21,RO,incl_biomass
AT.EEA/20000.00533.FACILITY,Linz Strom GmbH,Austria,14.346667,48.268055,AT31,AT,incl_biomass
NO.EEA/0704.0064.01.FACILITY,"Esso Norge, Slagentangen",Norway,10.5136118,59.3211441,NO09,NO,incl_biomass
ES.CAED/003461000.FACILITY,"XALLAS ELECTRICIDAD Y ALEACIONES, SAU-CEE",Spain,-9.17315,42.948199,ES11,ES,incl_biomass
http://paikkatiedot.fi/so/1002031/pf/ProductionFacility/0000001861.ProductionFacility,"Pori Energia Oy, Aittaluodon voimalaitos",Finland,21.81623,61.48722,FI19,FI,incl_biomass
PL.MŚ/000000741.FACILITY,GUARDIAN CZĘSTOCHOWA Sp. z o. o.,Poland,19.1899871826172,50.780345916748,PL22,PL,incl_biomass
http://paikkatiedot.fi/so/1002031/pf/ProductionFacility/0100215001.ProductionFacility,"Vantaan Energia Oy, Jätevoimala",Finland,25.12936,60.26051,FI1B,FI,incl_biomass
IT.EEA/2007000625.FACILITY,Pilkington Italia S.p.A,Italy,14.733333,42.066666,ITF1,IT,incl_biomass
PL.MŚ/000003652.FACILITY,"Oddział Huta Miedzi ""Głogów""",Poland,15.9883890151978,51.6836814880371,PL51,PL,incl_biomass
FR.CAED/3183.FACILITY,TOTALENERGIES - CENTRALE ELECTRIQUE BAYET,France,3.29976,46.27157,FRK1,FR,incl_biomass
https://registry.gdi-de.org/id/de.nw.inspire.pf.bube-eureg/arb-2017-170020-100-0501870,Kreis Weseler Abfallgesellschaft mbH & Co. KG Abfallentsorgungszentrum Asdonkshof,Germany,6.57641,51.51888,DEA1,DE,incl_biomass
FR.CAED/8261.FACILITY,HELYSEO,France,2.02313,48.95501,FR10,FR,incl_biomass
https://registry.gdi-de.org/id/de.ni.mu/01211092310,Salzgitter Flachstahl GmbH ,Germany,10.40308,52.15476,DE91,DE,incl_biomass
IT.CAED/850122001.FACILITY,CENTRO OLI TEMPA ROSSA,Italy,16.0871,40.4101,ITF5,IT,incl_biomass
FR.CAED/8452.FACILITY,CYDEC,France,2.12906,49.04448,FR10,FR,incl_biomass
FR.CAED/1884.FACILITY,DIJON METROPOLE,France,5.03913,47.35892,FRC1,FR,incl_biomass
http://paikkatiedot.fi/so/1002031/pf/ProductionFacility/0000001784.ProductionFacility,"Oulun Energia Oy, Toppilan voimalaitokset",Finland,25.43516,65.03762,FI1D,FI,incl_biomass
https://registry.gdi-de.org/id/de.st.lau.pf.anlagen-ied-euregistry/100921,Kalkwerk Kaltes Tal ,Germany,10.83402,51.77061,DEE0,DE,incl_biomass
PL.MŚ/000000300.FACILITY,Rockwool Polska Sp. z o.o. Zakład w Cigacicach,Poland,15.5998611450195,52.042667388916,PL43,PL,incl_biomass
https://registry.gdi-de.org/id/de.sh/50079832,EEW Energy from Waste Stapelfeld GmbH ,Germany,10.22436,53.6191,DEF0,DE,incl_biomass
ES.CAED/003535000.FACILITY,UPT COMPOSTILLA,Spain,-6.566111,42.611389,ES41,ES,incl_biomass
FR.CAED/4109.FACILITY,ELECTRICITE DE FRANCE,France,0.14032,49.4746,FRD2,FR,incl_biomass
http://paikkatiedot.fi/so/1002031/pf/ProductionFacility/0000001177.ProductionFacility,"Vantaan Energia Oy, Martinlaakson voimalaitos",Finland,24.83669,60.28212,FI1B,FI,incl_biomass
ES.CAED/004642000.FACILITY,"DEGUISA, S.A.",Spain,-2.99493,43.032914,ES21,ES,incl_biomass
PT.CAED/PT.APA05763242.CI,"Unidade da Resiestrela (Aterro, TMB e Triagem) (CI)",Portugal,-7.472355,40.208342,PT16,PT,incl_biomass
FR.CAED/11416.FACILITY,ALBIOMA LE GOL,France,55.39911,-21.27898,FRY4,FR,incl_biomass
CZ.MZP.E532/CZ66069097.FACILITY,Elektrárna Opatovice,Czechia,15.79189458,50.12707297,CZ05,CZ,incl_biomass
FR.CAED/8958.FACILITY,HEIDELBERG MATERIALS FRANCE CIMENTS,France,4.53224,43.79239,FRJ1,FR,incl_biomass
SE.CAED/10024576.Facility,Luleå kraftvärmeverk LUKAB,Sweden,22.21368,65.56796,SE33,SE,incl_biomass
FR.CAED/7659.FACILITY,ELECTRICITE DE FRANCE,France,5.02812,43.35307,FRL0,FR,incl_biomass
AT.CAED/9008390487495.FACILITY,TAG GmbH,Austria,14.756639,46.674417,AT21,AT,incl_biomass
FR.CAED/3879.FACILITY,SOCIETE NOUVELLE DARBLAY PRODUCTION,France,1.02692,49.34914,FRD2,FR,incl_biomass
https://registry.gdi-de.org/id/de.rp.inspire.pf.bube-eureg/1000266,Schaefer Kalk  GmbH & Co. KG,Germany,8.05233,50.31748,DEB1,DE,incl_biomass
UK.CAED/P0126_06A.FACILITY,Coolkeeragh ESB Ltd,United Kingdom,-7.2456,55.0441,UKN0,UK,incl_biomass
IT.CAED/268211001.FACILITY,CENTRALE A CICLO COMBINATO DI TURANO LODIGIANO E BERTONICO,Italy,9.6491,45.2219,ITC4,IT,incl_biomass
AT.CAED/9008390951965.FACILITY,LINZ STROM GAS WÄRME GmbH für Energie- dienstleistungen und Telekommunikation,Austria,14.323611,48.298889,AT31,AT,incl_biomass
FR.CAED/5200.FACILITY,FERROGLOBE FRANCE,France,5.87595,45.0727,FRK2,FR,incl_biomass
AT.CAED/9008391215820.FACILITY,RVL Reststoffverwertung Lenzing GmbH,Austria,13.61675,47.975556,AT31,AT,incl_biomass
RO.CAED/101HD0001.FACILITY,Societatea Complexul Energetic Hunedoara S.A. - Sucursala Electrocentrale Deva S.A.,Romania,22.825758,45.914627,RO42,RO,incl_biomass
PL.MŚ/000000031.FACILITY,ENEA Wytwarzanie Spółka z ograniczoną odpowiedzialnością,Poland,21.466667175293,51.6500015258789,PL92,PL,incl_biomass
https://data.ied_registry.omgeving.vlaanderen.be/id/productionfacility/BE.VL.000000687.FACILITY,VPK Paper,Belgium,4.06802,51.01564,BE23,BE,incl_biomass
PT.EEA/100009360.FACILITY,"SPCG - Sociedade Portuguesa de Co-Geração Eléctrica, SA",Portugal,-8.80599,38.4937,PT17,PT,incl_biomass
SE.CAED/10022062.Facility,Gävle bruk,Sweden,17.26746,60.6811,SE31,SE,incl_biomass
https://registry.gdi-de.org/id/de.bw.lubw.inspire.pf/pf-450-34044741-00000000,BEB Bioenergie Baden GmbH ,Germany,7.81992,48.5829,DE13,DE,incl_biomass
ES.CAED/003037000.FACILITY,CEMENTOS PORTLAND VALDERRIVAS (VALLCARCA),Spain,1.861898,41.242654,ES51,ES,incl_biomass
PL.MŚ/000000164.FACILITY,Elektrociepłownia Pruszków,Poland,20.8001194000244,52.1704216003418,PL91,PL,incl_biomass
GB.EEA/SCOTLAND-49.FACILITY,Fife Power Station,United Kingdom,-3.29658,56.1699,UKM7,UK,incl_biomass
FR.CAED/4172.FACILITY,BIO COGELYO NORMANDIE,France,0.99572,49.36075,FRD2,FR,incl_biomass
AT.EEA/20000.00272.FACILITY,Energie AG Oberösterreich Erzeugung GmbH,Austria,12.843889,48.032223,AT31,AT,incl_biomass
PT.CAED/PT.APA05764642.CI,CTRSU - Central de Tratamento de Resíduos Sólidos Urbanos (CI),Portugal,-9.082436,38.827578,PT17,PT,incl_biomass
BG.CAED/013000004.FACILITY,Brikel power station,Bulgaria,25.90614,42.154472,BG34,BG,incl_biomass
https://registry.gdi-de.org/id/de.nw.inspire.pf.bube-eureg/arb-2017-913000-900-0888950,"RWE Generation SE, Region Kundenkraftwerke HKW Dortmund ",Germany,7.47849,51.52015,DEA5,DE,incl_biomass
NO.EEA/0106.0048.01.FACILITY,FREVAR - Forbrenningsanlegget,Norway,10.9671888,59.18537,NO08,NO,incl_biomass
NL.RIVM/000203273.FACILITY,RWE Eemshaven Holding II B.V.,Netherlands,6.86172,53.44212,NL11,NL,incl_biomass
CZ.MZP.B642/CZ46810675.FACILITY,"Teplárny Brno a.s., Provoz Červený Mlýn",Czechia,16.60640497,49.21585934,CZ06,CZ,incl_biomass
NO.EEA/1003.0009.01.FACILITY,"Alcoa aluminium, Lista",Norway,6.783232,58.07307,NO09,NO,incl_biomass
https://data.ied_registry.omgeving.vlaanderen.be/id/productionfacility/BE.VL.000000642.FACILITY,ELECTRABEL CENTRALE RODENHUIZE,Belgium,3.77472,51.13471,BE23,BE,incl_biomass
UK.CAED/EW_EA-1370.FACILITY,North Tees Aromatics EPR/BU4503IW,United Kingdom,-1.1857943,54.599438,UKC1,UK,incl_biomass
NL.RIVM/000085002.FACILITY,Attero BV,Netherlands,6.51498,52.79127,NL13,NL,incl_biomass
AT.CAED/9008391215769.FACILITY,Heinzel Steyrermühl Energie GmbH,Austria,13.799917,47.992333,AT31,AT,incl_biomass
PL.MŚ/000000454.FACILITY,MICHELIN POLSKA  SPÓŁKA  AKCYJNA,Poland,20.5128917694092,53.7709846496582,PL62,PL,incl_biomass
GB.EEA/Scotland-30.FACILITY,Cockenzie Power Station,United Kingdom,-2.96903,55.9684,UKM7,UK,incl_biomass
UK.CAED/NRW170281.FACILITY,Port Talbot Steelworks Tata Steel,United Kingdom,-3.76471,51.55608,UKL1,UK,incl_biomass
IT.CAED/520221001.FACILITY,Impianto Termoelettrico di Santa Barbara,Italy,11.4777,43.5643,ITI1,IT,incl_biomass
FR.CAED/771.FACILITY,EGGER PANNEAUX ET DECORS,France,-0.91382,43.91568,FRI1,FR,incl_biomass
https://registry.gdi-de.org/id/de.ni.mu/06277201660,Smurfit Westrock Hoya Papier & Board GmbH,Germany,9.1502,52.81138,DE92,DE,incl_biomass
PT.CAED/PT.APA05764382.CI,Europaec (CI),Portugal,-8.712395,41.703661,PT11,PT,incl_biomass
GB.EEA/EW_EA-1018.FACILITY,Uniper UK Limited,United Kingdom,-2.51293,52.63,UKG2,UK,incl_biomass
BG.CAED/015000013.FACILITY,Trakia glass BG glass manufacturing company,Bulgaria,26.519583,43.275276,BG33,BG,incl_biomass
https://registry.gdi-de.org/id/de.he.0945.de7.pf.eu_industrie/30000112,AVA/HKW Nordweststadt ,Germany,8.63537,50.16155,DE71,DE,incl_biomass
IT.CAED/210322001.FACILITY,CONFIDENTIAL -Article4(2)(d),Italy,,,,,incl_biomass
ES.CAED/007824000.FACILITY,"INDUSTRIA DE TRANSFORMACIONES, S.A.",Spain,-0.241632,40.939978,ES24,ES,incl_biomass
FR.CAED/6705.FACILITY,TOTALENERGIES MARKETING SERVICES,France,-2.12805,47.37229,FRG0,FR,incl_biomass
UK.CAED/BEISOffsh-Judy.FACILITY,Judy,United Kingdom,2.33704,56.69678,UKE1,UK,incl_biomass
http://paikkatiedot.fi/so/1002031/pf/ProductionFacility/0100180527.ProductionFacility,"Porin Prosessivoima Oy, Energiantuotanto",Finland,21.55255,61.57752,FI19,FI,incl_biomass
NL.RIVM/000010076.FACILITY,HVC AfvalEnergieCentrale Dordrecht,Netherlands,4.73767,51.81542,NL33,NL,incl_biomass
UK.SEPA/200000018.Facility,"Kinneil Terminal, Forties Pipeline System",United Kingdom,-3.67143,56.00597,UKM7,UK,incl_biomass
EL.CAED/100029.FACILITY,PPC S.A. SES AGIOY DHMHTRIOY,Greece,21.92941,40.3921,EL53,EL,incl_biomass
NL.RIVM/000051104.FACILITY,Dow Benelux BV (Hoek),Netherlands,3.78247,51.34225,NL34,NL,incl_biomass
http://paikkatiedot.fi/so/1002031/pf/ProductionFacility/0000001216.ProductionFacility,"Loimua Oy, Vanajan voimalaitos, Hämeenlinna",Finland,24.50551,60.9748,FI1C,FI,incl_biomass
IT.CAED/981491001.FACILITY,Centrale compressione gas di Messina,Italy,15.6048,38.274,ITG1,IT,incl_biomass
FR.CAED/584.FACILITY,COGENERATION BIOMASSE D'ESTREES-MONS,France,3.04422,49.87818,FRE2,FR,incl_biomass
https://registry.gdi-de.org/id/de.nw.inspire.pf.bube-eureg/arb-2017-562008-500-0342713,Uniper Kraftwerk Datteln (alt),Germany,7.330652788196462,51.62931782307576,DEA3,DE,incl_biomass
ES.CAED/002761000.FACILITY,SAICA 1,Spain,-0.871259,41.670085,ES24,ES,incl_biomass
BG.CAED/004000004.FACILITY,Cellulose plant Sviloza,Bulgaria,25.305538,43.639465,BG32,BG,incl_biomass
PL.MŚ/000000357.FACILITY,PGE Górnictwo i Energetyka Konwencjonalna S.A Oddział Elektrociepłownia Rzeszów - Instalacja Termicznego Przekształcanie z Odzyskiem Energii ITPOE,Poland,22.03069,50.0648,PL82,PL,incl_biomass
HU.OKIR/102144241.FACILITY,Hamburger Hungária KFT.,Hungary,18.940022,46.92113,HU21,HU,incl_biomass
ES.CAED/004615000.FACILITY,"ALUDIUM TRANSFORMACIÓN DE PRODUCTOS, S.L.U.(ALCOA TRANSFORMACIÓN DE PRODUCTOS, S.L.)",Spain,-2.711608,43.208909,ES21,ES,incl_biomass
HU.OKIR/100423302.FACILITY,Isd Dunaferr Zrt.,Hungary,18.940529,46.943314,HU21,HU,incl_biomass
UK.SEPA/200000157.Facility,"Flotta North Sea Terminal, Orkney",United Kingdom,-3.12212,58.83599,UKM6,UK,incl_biomass
RO.CAED/105AG0001.FACILITY,SC CARMEUSE HOLDING SRL,Romania,25.109331,45.292761,RO31,RO,incl_biomass
https://registry.gdi-de.org/id/de.nw.inspire.pf.bube-eureg/arb-2017-315000-300-0370387,RheinEnergie AG (GuD-Heizkraftwerk Niehl),Germany,6.99077,50.97411,DEA2,DE,incl_biomass
PL.MŚ/000000212.FACILITY,Kronospan Mielec Sp. z o.o.,Poland,21.470874786377,50.307014465332,PL82,PL,incl_biomass
https://registry.gdi-de.org/id/de.nw.inspire.pf.bube-eureg/arb-2017-112000-100-0990890,thyssenkrupp Steel Europe AG Werk Kokerei Schwelgern,Germany,6.72887,51.50099,DEA1,DE,incl_biomass
https://registry.gdi-de.org/id/de.nw.inspire.pf.bube-eureg/arb-2017-113000-100-0204710,RWE Generation SE MHKW Karnap,Germany,7.00026,51.51543,DEA1,DE,incl_biomass
https://data.ied_registry.omgeving.vlaanderen.be/id/productionfacility/BE.VL.000000987.FACILITY,ELECTRABEL CENTRALE HERDERSBRUG,Belgium,3.2105,51.26208,BE25,BE,incl_biomass
https://registry.gdi-de.org/id/de.ni.mu/07244141350,Sappi Alfeld GmbH ,Germany,9.82076,51.98596,DE92,DE,incl_biomass
https://data.ied_registry.omgeving.vlaanderen.be/id/productionfacility/BE.VL.000000605.FACILITY,ARCELORMITTAL BELGIUM - GENT,Belgium,3.81872,51.18184,BE23,BE,incl_biomass
IT.EEA/2007001729.FACILITY,ERG Nuove Centrali Impianti Sud,Italy,15.201944,37.129167,ITG1,IT,incl_biomass
DK.CAED/000084482.FACILITY,Leca Danmark A/S,Denmark,10.041736503514418,56.3749694495596,DK04,DK,incl_biomass
MT.EEA/PS2.FACILITY,DELIMARA POWER STATION,Malta,14.5563789,35.8345631,MT00,MT,incl_biomass
HU.OKIR/100372804.FACILITY,ISD POWER Kft.,Hungary,18.943049,46.944216,HU21,HU,incl_biomass
SE.CAED/10019386.Facility,Sävenäs,Sweden,12.05243,57.73201,SE23,SE,incl_biomass
PL.MŚ/000000095.FACILITY,MEGATEM EC-LUBLIN Sp. z o.o.,Poland,22.6018390655518,51.2399406433105,PL81,PL,incl_biomass
https://registry.gdi-de.org/id/de.he.0945.de7.pf.eu_industrie/50003355,EEW Energy from Waste Heringen GmbH,Germany,9.99811,50.8933,DE73,DE,incl_biomass
FR.CAED/7624.FACILITY,KEM ONE,France,4.93172,43.45583,FRL0,FR,incl_biomass
https://registry.gdi-de.org/id/de.th/5bf25e39-19d5-4254-adac-63f1b1cec499/30013152,Stadtwerke Erfurt / HKW Ost ,Germany,11.04012,51.01724,DEG0,DE,incl_biomass
https://registry.gdi-de.org/id/de.bw.lubw.inspire.pf/pf-450-2719398-00000000,MIRO-Mineralölraffinerie Oberrhein GmbH & Co.KG Werk 2,Germany,8.34641,49.05682,DE12,DE,incl_biomass
PL.MŚ/000000950.FACILITY,Zakład Produkcyjny Jarosław,Poland,22.714111328125,50.0008888244629,PL82,PL,incl_biomass
BG.CAED/002000017.FACILITY,Lukoil Energia I gaz BG power station,Bulgaria,27.316666,42.54333,BG34,BG,incl_biomass
AT.EEA/20000.00028.FACILITY,EVN AG,Austria,15.08425,48.018223,AT12,AT,incl_biomass
IE.CAED/P0700.FACILITY,Tynagh Energy Limited,Ireland,-8.382838,53.166873,IE04,IE,incl_biomass
FR.CAED/3437.FACILITY,CRISTAL UNION,France,4.15622,49.35335,FRF2,FR,incl_biomass
FR.CAED/10017.FACILITY,LAFARGE CIMENTS,France,0.99741,43.19431,FRJ2,FR,incl_biomass
ES.CAED/001526000.FACILITY,REPSOL COMPLEJO INDUSTRIAL A CORUÑA,Spain,-8.446743,43.353129,ES11,ES,incl_biomass
FR.CAED/10883.FACILITY,PAPREC ENERGIE CENTRE EST,France,3.5507,50.39351,FRE1,FR,incl_biomass
https://registry.gdi-de.org/id/de.ni.mu/09281337040,Papier- u. Kartonfabrik Varel GmbH & Co. KG,Germany,8.13282,53.40306,DE94,DE,incl_biomass
LT.CAED/111760831.FACILITY1,"AB ,,Vilniaus šilumos tinklai“, Termofikacinė elektrinė Nr.2 (E-2)",Lithuania,25.235239,54.665707,LT01,LT,incl_biomass
IT.CAED/330282002.FACILITY,Stabilimento di Tolmezzo,Italy,13.0169,46.3939,ITH4,IT,incl_biomass
EL.CAED/100001.FACILITY,PPC S.A. LIGNITIKI MEGALOPOLIS (SES UNIT III),Greece,22.10828,37.41813,EL65,EL,incl_biomass
FR.CAED/5491.FACILITY,SAVOIE DECHETS,France,5.89551,45.59021,FRK2,FR,incl_biomass
DK.CAED/000104750.FACILITY,Vestfyns Affalds og Deponeringsanlæg I/S §60 selsk,Denmark,9.825179250121924,55.50721329915387,DK03,DK,incl_biomass
PL.MŚ/000000425.FACILITY,Enea Wytwarzanie Sp. z o.o.,Poland,23.1682605743408,53.1485252380371,PL84,PL,incl_biomass
PT.CAED/100009185.FACILITY,Central Termoelétrica do Belo Jardim,Portugal,-27.070924,38.716614,PT20,PT,incl_biomass
AT.CAED/9008391215684.FACILITY,InterCal Austria GmbH,Austria,15.345833,47.212778,AT22,AT,incl_biomass
IT.CAED/941002002.FACILITY,SPER S.p.a. Enna,Italy,14.441111,37.5425,ITG1,IT,incl_biomass
ES.CAED/001497000.FACILITY,"VOTORANTIM CEMENTOS ESPAÑA, (TORAL DE LOS VADOS)",Spain,-6.768889,42.553611,ES41,ES,incl_biomass
IT.EEA/2007001690.FACILITY,Cofely Italia S.p.A. -  Centrale termoelettrica di Nera Montoro,Italy,12.474444,42.495278,ITI2,IT,incl_biomass
https://registry.gdi-de.org/id/de.nw.inspire.pf.bube-eureg/arb-2017-114000-100-0250693,EGK Entsorgungsgesellschaft Krefeld GmbH & Co. KG,Germany,6.6344,51.37891,DEA1,DE,incl_biomass
HU.OKIR/100452988.FACILITY,Hungrana Kft.,Hungary,18.719982,47.08588,HU21,HU,incl_biomass
https://registry.gdi-de.org/id/de.he.0945.de7.pf.eu_industrie/30001045,Uniper Kraftwerk Staudinger ,Germany,8.95345,50.08768,DE71,DE,incl_biomass
AT.CAED/9008390933787.FACILITY,WIEN ENERGIE GmbH,Austria,16.359917,48.233917,AT13,AT,incl_biomass
SE.CAED/10018458.Facility,Kristinehedsverket,Sweden,12.90604,56.69214,SE23,SE,incl_biomass
CH.CAED/000000382.Facility,Transitgas AG / Station Ruswil,Switzerland,8.0923,47.0625,CH06,CH,incl_biomass
EL.CAED/100058.FACILITY,HELLENIC PETROLEUM R.S.S.O.P.P. S.A. –SOUTH REFINERIES COMPLEX – ELEFSIS INDUSTRIAL FACILITIES,Greece,23.51083,38.04222,EL30,EL,incl_biomass
SE.CAED/10020389.Facility,Gruvöns bruk,Sweden,13.12153,59.33827,SE31,SE,incl_biomass
FR.CAED/1287.FACILITY,BIOLACQ ENERGIES,France,-0.60949,43.4312,FRI1,FR,incl_biomass
HR.CAED/000000033.FACILITY,EL-TO Zagreb,Croatia,15.94858,45.80881,HR05,HR,incl_biomass
NO.EEA/0000.0054.01.FACILITY,Skarv,Norway,7.654019,65.73843,NO06,NO,incl_biomass
SE.CAED/10014053.Facility,HÖGDALENVERKET,Sweden,18.06066,59.25761,SE11,SE,incl_biomass
https://registry.gdi-de.org/id/de.sn.sax4inspire.pf/70019073,Thermische Abfallbehandlung Lauta GmbH & Co. oHG ,Germany,14.1121,51.45044,DED2,DE,incl_biomass
UK.CAED/BEISOffsh-Montrose-Alpha.FACILITY,Montrose Alpha,United Kingdom,1.38826,57.45068,UKM5,UK,incl_biomass
UK.CAED/EW_EA-6934.FACILITY,Hindlow Quarry Lime Works,United Kingdom,-1.8554665,53.210776,UKF1,UK,incl_biomass
DK.CAED/000105787.FACILITY,Svendborg Kraftvarme P/S,Denmark,10.608578025004949,55.05991919297627,DK03,DK,incl_biomass
UK.CAED/EW_EA-1716.FACILITY,Cassel Works,United Kingdom,-1.2759475,54.586979,UKC1,UK,incl_biomass
FR.CAED/10011.FACILITY,FIBRE EXCELLENCE SAINT-GAUDENS SAS,France,0.72184,43.09995,FRJ2,FR,incl_biomass
UK.LAED/E274_278.FACILITY,Ibstock Brick Limited - Cattybrook Factory,United Kingdom,-2.59501,51.547,UKK1,UK,incl_biomass
GR.EEA/ELA301196.FACILITY,K. RAIKOS S.A.,Greece,23.636425,38.048474,EL30,EL,incl_biomass
GB.EEA/EW_EA-1265.FACILITY,"Hanson Aggregates (North) Ltd, Batts Combe Quarry",United Kingdom,-2.77714,51.2862,UKK2,UK,incl_biomass
FR.CAED/6066.FACILITY,UEM,France,6.1816,49.1258,FRF3,FR,incl_biomass
ES.CAED/008739000.FACILITY,TORTOSA ENERGIA,Spain,0.555009,40.768365,ES51,ES,incl_biomass
SE.CAED/10020499.Facility,Bäckhammars Bruk,Sweden,14.18117,59.16017,SE31,SE,incl_biomass
SE.CAED/10020098.Facility,Heidelberg Materials Cement Sverige AB,Sweden,13.82477,58.38436,SE23,SE,incl_biomass
NO.EEA/0301.0263.01.FACILITY,Haraldrud energigjenvinningsanlegg,Norway,10.8271294,59.9295425,NO08,NO,incl_biomass
http://paikkatiedot.fi/so/1002031/pf/ProductionFacility/0000002300.ProductionFacility,"Lahti Energia Oy, Kymijärven voimalaitoskokonaisuus, Lahti",Finland,25.72008,60.99101,FI1C,FI,incl_biomass
https://registry.gdi-de.org/id/de.nw.inspire.pf.bube-eureg/arb-2017-962040-900-0174739,Rheinkalk GmbH,Germany,7.84168,51.3977,DEA5,DE,incl_biomass
FR.CAED/7963.FACILITY,ENGIE FLEXIBLE GENERATION FRANCE,France,4.9343,43.46265,FRL0,FR,incl_biomass
PL.MŚ/000000278.FACILITY,"Huta Miedzi ""Legnica""",Poland,16.1176204681396,51.1823844909668,PL51,PL,incl_biomass
FR.CAED/8549.FACILITY,IVRY PARIS XIII,France,2.38593,48.82345,FR10,FR,incl_biomass
https://registry.gdi-de.org/id/de.ni.mu/09261732970,KRONOS TITAN GmbH Werk Nordenham,Germany,8.54674,53.53068,DE94,DE,incl_biomass
GB.EEA/EW_EA-7546.FACILITY,"Uk Coal Mining Ltd, Daw Mill Colliery",United Kingdom,-1.62053,52.5094,UKG1,UK,incl_biomass
AT.CAED/9008391215639.FACILITY,Kirchdorfer Zementwerk Hofmann Gesellschaft m.b.H.,Austria,14.117306,47.90825,AT31,AT,incl_biomass
PL.MŚ/000003661.FACILITY,Polchar Sp. z o.o.,Poland,14.5166664123535,53.5666656494141,PL42,PL,incl_biomass
CH.CAED/000000016.Facility,DSM Nutritional Products AG - Werk Sisseln / Zweigniederlassung Werk Sisseln,Switzerland,7.9786,47.5476,CH03,CH,incl_biomass
IT.CAED/251342001.FACILITY,ALFA ACCIAI SPA,Italy,10.2269,45.5333,ITC4,IT,incl_biomass
https://data.ied_registry.omgeving.vlaanderen.be/id/productionfacility/BE.VL.000000118.FACILITY,EXXONMOBIL PETROLEUM & CHEMICAL - ESSO RAFFINADERIJ,Belgium,4.34517,51.25712,BE21,BE,incl_biomass
ES.CAED/002377000.FACILITY,"COGENERACIÓN MOTRIL, S.A.",Spain,-3.541294,36.733447,ES61,ES,incl_biomass
https://data.gov.sk/set/data/so/b4d884b3-4442-43db-a19c-ceb6e127960f/SK47025613.NRZ.FACILITY,"Slovalco, a.s.",Slovakia,18.846948,48.564183,SK03,SK,incl_biomass
ES.CAED/000169000.FACILITY,HYCO (LA POBLA DE MAFUMENT),Spain,1.231349,41.186207,ES51,ES,incl_biomass
PT.CAED/PT.APA05764262.CI,Fábrica Maceira-Liz (CI),Portugal,-8.903386,39.686559,PT16,PT,incl_biomass
CH.CAED/000000227.Facility,TRIDEL Lausanne,Switzerland,6.6392,46.5277,CH01,CH,incl_biomass
https://registry.gdi-de.org/id/de.hh/pf.bube-eureg_/3277,Hamburger Energiewerke GmbH Heizkraftwerk Tiefstack,Germany,10.06552,53.52609,DE60,DE,incl_biomass
CH.CAED/000000231.Facility,GEKAL Buchs,Switzerland,8.1035,47.389,CH03,CH,incl_biomass
EL.CAED/100078.FACILITY,"HERACLES G.C.Co, MILAKI PLANT",Greece,24.06393,38.37488,EL64,EL,incl_biomass
FR.CAED/5760.FACILITY,DROME ENERGIE SERVICES,France,4.70818,44.33877,FRK2,FR,incl_biomass
IT.CAED/341452003.FACILITY,Stabilimento di Trieste,Italy,13.7669,45.6172,ITH4,IT,incl_biomass
IT.CAED/240442002.FACILITY,Tenaris Dalmine - Stabilimento di Dalmine,Italy,9.5969,45.6425,ITC4,IT,incl_biomass
AT.CAED/9008390707227.FACILITY,Smurfit Westrock Nettingsdorf AG & Co KG,Austria,14.256111,48.183056,AT31,AT,incl_biomass
DE.EEA/15397.FACILITY,"Nordzucker AG, Werk Klein Wanzleben",Germany,11.3851889409363,52.0742401640894,DEE0,DE,incl_biomass
https://registry.gdi-de.org/id/de.nw.inspire.pf.bube-eureg/arb-2017-112000-100-0209686,thyssenkrupp Steel Europe AG Werk Schwelgern,Germany,6.73512,51.50698,DEA1,DE,incl_biomass
NL.RIVM/000051501.FACILITY,Zeeland Refinery N.V.,Netherlands,3.72705,51.44562,NL34,NL,incl_biomass
DK.CAED/000105244.FACILITY,Kalundborg Refinery A/S,Denmark,11.1036079016392,55.65493036361946,DK02,DK,incl_biomass
https://registry.gdi-de.org/id/de.sh/50080412,Gemeinschaftskraftwerk Kiel GmbH GKK,Germany,10.17697626583238,54.33865273379622,DEF0,DE,incl_biomass
NL.RIVM/000012150.FACILITY,Uniper Centrale RoCa,Netherlands,4.56111,51.95359,NL33,NL,incl_biomass
ES.CAED/004774000.FACILITY,MOSTOS VINOS Y ALCOHOLES S.A. (MOVIALSA),Spain,-3.1176,39.3954,ES42,ES,incl_biomass
RO.CAED/103PH0001.FACILITY,SC PETROTEL LUKOIL SA- CET,Romania,26.078308,44.950054,RO31,RO,incl_biomass
NO.EEA/0000.0028.01.FACILITY,Kristin,Norway,6.549454,64.99371,NO0A,NO,incl_biomass
https://registry.gdi-de.org/id/de.he.0945.de7.pf.eu_industrie/30000036,"Mainova, HKW West",Germany,8.65323,50.09855,DE71,DE,incl_biomass
SE.CAED/10014775.Facility,Värmeverket Vattumannen,Sweden,16.49657,59.38069,SE12,SE,incl_biomass
http://paikkatiedot.fi/so/1002031/pf/ProductionFacility/0000001300.ProductionFacility,"Kainuun Voima Oy, Kainuun Voima Oy:n höyryvoimalaitos",Finland,27.6889,64.23316,FI1D,FI,incl_biomass
IT.CAED/290102006.FACILITY,BUZZI UNICEM S.p.A.,Italy,9.81,44.7667,ITH5,IT,incl_biomass
PT.EEA/100004332.FACILITY,Central de Cogeração de Lavos,Portugal,-8.85344,40.0606,PT16,PT,incl_biomass
https://registry.gdi-de.org/id/de.hh/pf.bube-eureg_/13200,Aurubis AG ,Germany,10.03497,53.51799,DE60,DE,incl_biomass
IT.CAED/051002002.FACILITY,ACCIAI SPECIALI TERNI S.P.A. - stabilimento di TERNI,Italy,12.6667,42.5667,ITI2,IT,incl_biomass
http://paikkatiedot.fi/so/1002031/pf/ProductionFacility/0000011208.ProductionFacility,"Porvoon Energia Oy - Borgå Energi Ab, Tolkkisten voimalaitokset",Finland,25.58304,60.33168,FI1B,FI,incl_biomass
https://registry.gdi-de.org/id/de.nw.inspire.pf.bube-eureg/arb-2017-170044-100-0382786,TRIMET Aluminium SE Niederlassung Voerde,Germany,6.61541,51.62554,DEA1,DE,incl_biomass
ES.CAED/008329000.FACILITY,COGENERACIÓN DE LUBRISUR (DETISA),Spain,-5.39,36.19,ES61,ES,incl_biomass
UK.CAED/EW_EA-16776.FACILITY,Goosey Lodge EPR/NP3338SZ,United Kingdom,-0.59095616,52.263499,UKH2,UK,incl_biomass
UK.CAED/BEISOffsh-Solepit-Clipper-PT.FACILITY,Clipper PT,United Kingdom,1.73222,55.42971,UKE1,UK,incl_biomass
NL.RIVM/000064005.FACILITY,ARN B.V.,Netherlands,5.79452,51.8463,NL22,NL,incl_biomass
https://registry.gdi-de.org/id/de.rp.inspire.pf.bube-eureg/3000130,Wotan Zement GmbH & Co. KG,Germany,6.76683,50.33399,DEB2,DE,incl_biomass
ES.CAED/000151000.FACILITY,NESTLE ESPAÑA (FÀBRICA DE GIRONA),Spain,2.791314,41.988189,ES51,ES,incl_biomass
DK.CAED/000071221.FACILITY,Dan-Color A/S,Denmark,9.580678974924156,56.09632193422114,DK04,DK,incl_biomass
FR.CAED/10012.FACILITY,ECONOTRE,France,1.59807,43.80083,FRJ2,FR,incl_biomass
https://registry.gdi-de.org/id/de.nw.inspire.pf.bube-eureg/arb-2017-112000-100-0388700,DK Recycling und Roheisen GmbH,Germany,6.74199,51.42228,DEA1,DE,incl_biomass
FR.CAED/9964.FACILITY,SOC D'EXPLOITATION THERMIQUE DU MIRAIL,France,1.39858,43.55826,FRJ2,FR,incl_biomass
HR.CAED/000000028.FACILITY,TE-TO Zagreb,Croatia,16.01502,45.78393,HR05,HR,incl_biomass
ES.CAED/005203000.FACILITY,"COMPLEJO DE PALENCIANA (OLEÍCOLA EL TEJAR NUESTRA SEÑORA DE ARACELI, S.C.A.)",Spain,-4.57027,37.240991,ES61,ES,incl_biomass
CZ.MZP.T806/CZ61143631.FACILITY,Teplárna Vítkovice,Czechia,18.2732898194444,49.8160046388889,CZ08,CZ,incl_biomass
UK.CAED/P0125_06A.FACILITY,EP  Ballylumford Ltd,United Kingdom,-5.7864,54.845,UKN0,UK,incl_biomass
UK.CAED/EW_EA-406.FACILITY,Hythe Cogen,United Kingdom,-1.3823131,50.849904,UKJ3,UK,incl_biomass
ES.CAED/007193000.FACILITY,CTCC SOTO DE RIBERA,Spain,-5.875078,43.316076,ES12,ES,incl_biomass
DK.CAED/000105037.FACILITY,Skodsbøl Deponi,Denmark,9.652386149629566,54.90437475586452,DK03,DK,incl_biomass
https://registry.gdi-de.org/id/de.nw.inspire.pf.bube-eureg/arb-2017-978024-900-0877505,Aurubis AG,Germany,7.50803,51.60659,DEA5,DE,incl_biomass
https://data.ied_registry.omgeving.vlaanderen.be/id/productionfacility/BE.VL.000000172.FACILITY,UMICORE - HOBOKEN,Belgium,4.33484,51.16771,BE21,BE,incl_biomass
IT.CAED/301752010.FACILITY,PILKINGTON ITALIA SPA,Italy,12.2592,45.4644,ITH3,IT,incl_biomass
FR.CAED/13773.FACILITY,ELECTRICITE DE FRANCE,France,-61.05718,14.6001,FRY2,FR,incl_biomass
http://paikkatiedot.fi/so/1002031/pf/ProductionFacility/0000001726.ProductionFacility,"Neste Oyj, Naantalin Terminaali",Finland,22.09755,60.44674,FI1C,FI,incl_biomass
HU.OKIR/101690594.FACILITY,Uniper Hungary Kft.,Hungary,17.802561,47.73823,HU22,HU,incl_biomass
https://registry.gdi-de.org/id/de.st.lau.pf.anlagen-ied-euregistry/101049,Stadtwerke Leipzig GmbH ,Germany,12.56994,51.87085,DEE0,DE,incl_biomass
FR.CAED/5978.FACILITY,CARRIERES & FOURS A CHAUX DE DUGNY,France,5.38547,49.1132,FRF3,FR,incl_biomass
UK.CAED/BEISOffsh-Beryl-Alpha.FACILITY,Beryl Alpha,United Kingdom,1.32164,59.32444,UKM6,UK,incl_biomass
RO.CAED/108BV0001.FACILITY,SC ROMCIM SA punct de lucru Hoghiz,Romania,25.281858,45.951652,RO12,RO,incl_biomass
CZ.MZP.P323/CZ56736663.FACILITY,"Plzeňská teplárenská, a.s. - areál Teplárna",Czechia,13.39895888,49.75448223,CZ03,CZ,incl_biomass
ES.CAED/006619000.FACILITY,"FINANCIERA MADERERA, S.A. - COGENERACION DEL NOROESTE S.L.",Spain,-8.498791,42.913554,ES11,ES,incl_biomass
HU.OKIR/101626353.FACILITY,DBM Zrt.,Hungary,21.906,47.737169,HU32,HU,incl_biomass
IT.EEA/2007001844.FACILITY,Ahlstrom Italy S.p.A.,Italy,7.539722,45.253333,ITC1,IT,incl_biomass
UK.CAED/EW_EA-6933.FACILITY,Tunstead Cement and Lime Works,United Kingdom,-1.8571937,53.276846,UKF1,UK,incl_biomass
GB.EEA/GB-BEISOFFSH-VIKING-COMPLEX-(PREVIOUSLY DECCOFFSH-VIKING-SATELLITE-BD).FACILITY,Viking Complex,United Kingdom,2.33166,53.4467,UKH1,UK,incl_biomass
https://registry.gdi-de.org/id/de.ni.mu/10285005160,Georgsmarienhütte GmbH ,Germany,8.0495,52.20914,DE94,DE,incl_biomass
HU.OKIR/100368287.FACILITY,Alpiq Csepel Kft.,Hungary,19.051854,47.428174,HU11,HU,incl_biomass
https://registry.gdi-de.org/id/de.nw.inspire.pf.bube-eureg/arb-2017-362028-300-9968049,EEW Energy from Waste Saarbrücken GmbH,Germany,6.84358,50.85665,DEA2,DE,incl_biomass
CZ.MZP.T803/CZ31880242.FACILITY,Teplárna Dolu ČSM,Czechia,18.54945116,49.81708866,CZ08,CZ,incl_biomass
AT.CAED/9008390402368.FACILITY,Jungbunzlauer Austria AG,Austria,16.278111,48.721222,AT12,AT,incl_biomass
IE.CAED/W0167.FACILITY,Indaver Ireland Limited (Duleek),Ireland,-6.391748,53.676916,IE06,IE,incl_biomass
FR.CAED/10849.FACILITY,IMERYS ALUMINATES,France,2.25864,50.99846,FRE1,FR,incl_biomass
FR.CAED/11610.FACILITY,HEIDELBERG MATERIALS FRANCE CIMENTS,France,-0.1446,46.80705,FRI3,FR,incl_biomass
PL.MŚ/000000162.FACILITY,Elektrociepłownia Żerań,Poland,20.9962787628174,52.2953872680664,PL91,PL,incl_biomass
CH.CAED/000000289.Facility,KEZO Hinwil,Switzerland,8.8206,47.3083,CH04,CH,incl_biomass
https://registry.gdi-de.org/id/de.by.inspire.pf.ied/S00894,Sappi Stockstadt GmbH,Germany,9.069356255540614,49.97632753354964,DE26,DE,incl_biomass
IT.CAED/301761001.FACILITY,CENTRALE TERMOELETTRICA DI MARGHERA LEVANTE,Italy,12.2549,45.4458,ITH3,IT,incl_biomass
LV.LVGMC.PRTR/056901.Facility,"SIA ""SCHWENK Latvija"", Brocēnu cementa rūpnīca",Latvia,22.594722222,56.687222222,LV00,LV,incl_biomass
ES.CAED/001929000.FACILITY,SAINT GOBAIN CRISTALERIA - FÁBRICA DE AVILÉS,Spain,-5.929742,43.575665,ES12,ES,incl_biomass
https://registry.gdi-de.org/id/de.nw.inspire.pf.bube-eureg/arb-2017-914000-900-0189517,Hagener Umweltservice- und Investitionsgesellschaft mbH (HUI GmbH),Germany,7.47067,51.3776,DEA5,DE,incl_biomass
CZ.MZP.C317/CZ80135653.FACILITY,C-Energy Planá s.r.o.,Czechia,14.70002942,49.36673727,CZ03,CZ,incl_biomass
https://registry.gdi-de.org/id/de.ni.mu/01010098080,Kraftwerk Mehrum GmbH ,Germany,10.09142,52.31504,DE91,DE,incl_biomass
IT.CAED/850222001.FACILITY,Cementeria Costantinopoli srl,Italy,15.6736,40.9497,ITF5,IT,incl_biomass
https://registry.gdi-de.org/id/de.nw.inspire.pf.bube-eureg/arb-2017-978024-900-0884101,Steag GmbH KW Lünen,Germany,7.478144055187683,51.61599067558871,DEA5,DE,incl_biomass
SE.CAED/10023763.Facility,Dåva kraftvärmeverk,Sweden,20.41062,63.8685,SE33,SE,incl_biomass
DK.CAED/000097307.FACILITY,Hillerød Kraftvarmeværk ,Denmark,12.311211462581817,55.90745247541797,DK01,DK,incl_biomass
https://data.ied_registry.omgeving.vlaanderen.be/id/productionfacility/BE.VL.000000003.FACILITY,TotalEnergies Olefins Antwerp,Belgium,4.33203,51.2549,BE21,BE,incl_biomass
HU.OKIR/100329026.FACILITY,BorsodChem Zrt.,Hungary,20.644422,48.252601,HU31,HU,incl_biomass
https://registry.gdi-de.org/id/de.rp.inspire.pf.bube-eureg/4000021,Kraftwerke Mainz-Wiesbaden AG,Germany,8.24088,50.02697,DEB3,DE,incl_biomass
https://registry.gdi-de.org/id/de.by.inspire.pf.ied/S00323,"BAYERNOIL Raffineriegesellschaft mbH, Betriebsteil Neustadt",Germany,11.758003314163709,48.7849835929634,DE22,DE,incl_biomass
ES.CAED/001758000.FACILITY,CEMENTOS PORTLAND VALDERRIVAS,Spain,-4.466111,41.941389,ES41,ES,incl_biomass
https://registry.gdi-de.org/id/de.ni.mu/01244136460,Peiner Träger GmbH ,Germany,10.23819,52.31636,DE91,DE,incl_biomass
https://registry.gdi-de.org/id/de.by.inspire.pf.ied/S00860,"DS Smith Paper Deutschland GmbH, Werk Aschaffenburg",Germany,9.155849276374886,49.9881697466161,DE26,DE,incl_biomass
PL.MŚ/000000109.FACILITY,Trzuskawica Spółka Akcyjna Zakład Kujawy,Poland,18.0081462860107,52.8271408081055,PL61,PL,incl_biomass
FR.EEA/052.00266.FACILITY,ORION ENGENEERED CARBONS SAS,France,-0.54,45.01,FRI1,FR,incl_biomass
NL.EEA/24007.FACILITY,Nuon Power Generation BV Purmerend WKC,Netherlands,4.99503,52.51593,NL32,NL,incl_biomass
ES.CAED/001479000.FACILITY,REFINERÍA GIBRALTAR,Spain,-5.39647,36.185634,ES61,ES,incl_biomass
https://registry.gdi-de.org/id/de.hh/pf.bube-eureg_/11643,Vattenfall Heizkraftwerk Moorburg GmbH ,Germany,9.95021,53.49102,DE60,DE,incl_biomass
CZ.MZP.U425/CZ88860818.FACILITY,Teplárna Komořany,Czechia,13.57208569,50.52233538,CZ04,CZ,incl_biomass
CZ.MZP.U422/CZ49480308.FACILITY,Elektrárny Tušimice,Czechia,13.33814515,50.38259908,CZ04,CZ,incl_biomass
SE.CAED/10014627.Facility,Idbäckens Kraftvärmeverk,Sweden,17.0011,58.74324,SE12,SE,incl_biomass
BE.WA/004010000.FACILITY,INTRADEL - UVELIA - Usine d'incinération,Belgium,5.6436443,50.679726,BE33,BE,incl_biomass
FR.CAED/10710.FACILITY,ARC FRANCE,France,2.30179,50.73032,FRE1,FR,incl_biomass
https://registry.gdi-de.org/id/de.nw.inspire.pf.bube-eureg/arb-2017-362028-300-9046030,Knapsack Power GmbH & Co. KG,Germany,6.8408,50.85911,DEA2,DE,incl_biomass
SE.CAED/10022175.Facility,Vallviks Bruk,Sweden,17.18282,61.18825,SE31,SE,incl_biomass
https://registry.gdi-de.org/id/de.st.lau.pf.anlagen-ied-euregistry/100607,Linde Gas Produktionsgesellschaft mbH & Co. KG ,Germany,12.00214,51.32259,DEE0,DE,incl_biomass
IT.CAED/461001002.FACILITY,Stabilimento di Mantova,Italy,10.8376,45.1457,ITC4,IT,incl_biomass
https://registry.gdi-de.org/id/de.bw.lubw.inspire.pf/pf-450-3265552-00000000,OPTERRA Wössingen GmbH Werk Wössingen ,Germany,8.61446,49.01703,DE12,DE,incl_biomass
PT.CAED/PT.APA05769542.CI,CENTRAL TÉRMICA DA VITÓRIA (CI),Portugal,-16.946105,32.644905,PT30,PT,incl_biomass
UK.CAED/EW_EA-1048.FACILITY,Cottam Ash Disposal Site,United Kingdom,-0.78142504,53.304777,UKF1,UK,incl_biomass
UK.CAED/EW_EA-1986.FACILITY,SHEFFIELD ENERGY RECOVERY FACILITY,United Kingdom,-1.4492198,53.387031,UKE3,UK,incl_biomass
NO.EEA/0000.0039.02.FACILITY,Ula,Norway,2.84584,57.1107445,NO0A,NO,incl_biomass
BE.WA/033010000.FACILITY,CARRIERES ET FOURS A CHAUX DUMONT WAUTIER,Belgium,5.3703413,50.570454,BE33,BE,incl_biomass
CH.CAED/000000320.Facility,Stahl Gerlafingen AG,Switzerland,7.5639,47.175,CH02,CH,incl_biomass
PL.MŚ/000000695.FACILITY,Elektrownia Adamów,Poland,18.5464572906494,52.0115394592285,PL41,PL,incl_biomass
https://registry.gdi-de.org/id/de.nw.inspire.pf.bube-eureg/arb-2017-111000-100-0167182,Stadtwerke Düsseldorf AG,Germany,6.72915,51.2191,DEA1,DE,incl_biomass
https://registry.gdi-de.org/id/de.sh/50080603,SWN Stadtwerke Neumünster GmbH ,Germany,9.99102,54.08296,DEF0,DE,incl_biomass
PL.MŚ/000000141.FACILITY,CEZ Chorzów S.A.,Poland,18.9684524536133,50.3084754943848,PL22,PL,incl_biomass
IT.CAED/301761002.FACILITY,Impianto termoelettrico di Fusina,Italy,12.2458,45.4313,ITH3,IT,incl_biomass
UK.CAED/BEISOffsh-Buzzard.FACILITY,Buzzard,United Kingdom,-0.97597,57.81391,UKM5,UK,incl_biomass
FR.CAED/8201.FACILITY,SOC MONTHYONAISE DE VALORISATION,France,2.82381,49.01993,FR10,FR,incl_biomass
ES.CAED/001563000.FACILITY,COGENERACIÓN REPSOL QUÍMICA,Spain,-3.75087,43.42204,ES13,ES,incl_biomass
HU.OKIR/100392651.FACILITY,Nitrogénművek Zrt.,Hungary,18.139487,47.158499,HU21,HU,incl_biomass
SE.CAED/10023054.Facility,Jämtkraft Lugnviksverket,Sweden,14.65081,63.20689,SE32,SE,incl_biomass
https://registry.gdi-de.org/id/de.nw.inspire.pf.bube-eureg/arb-2017-974020-900-0009824,Heidelberg Material AG Zementwerk Geseke (Milke),Germany,8.51066,51.61884,DEA5,DE,incl_biomass
EL.CAED/100095.FACILITY,PPC S.A. SES KOMOTINIS,Greece,25.48961,41.06447,EL51,EL,incl_biomass
UK.CAED/NRW170120.FACILITY,Barry CHP,United Kingdom,-3.24155,51.40625,UKL2,UK,incl_biomass
NO.EEA/0000.0009.01.FACILITY,Snorre,Norway,2.142531,61.448822,NO0A,NO,incl_biomass
PL.MŚ/000000108.FACILITY,Grupa Azoty Zakłady Azotowe Kędzierzyn Spółka Akcyjna,Poland,18.2594203948975,50.303394317627,PL52,PL,incl_biomass
UK.SEPA/200000160.Facility,Morayhill Timber Mill,United Kingdom,-4.08473,57.5195,UKM6,UK,incl_biomass
SE.CAED/10022449.Facility,Mondi Dynäs AB,Sweden,17.7151,62.97543,SE32,SE,incl_biomass
CZ.MZP.U423/CZ15080054.FACILITY,"Lovochemie, a.s., Lovosice",Czechia,14.07952847,50.51210615,CZ04,CZ,incl_biomass
GB.EEA/EW_EA-12957.FACILITY,Park Wall North Surface Mine,United Kingdom,-1.78776,54.7297,UKC1,UK,incl_biomass
https://registry.gdi-de.org/id/de.th/5bf25e39-19d5-4254-adac-63f1b1cec499/79012857,Erdgasverdichterstation Rückersdorf ,Germany,12.23298,50.81449,DEG0,DE,incl_biomass
BE.EEA/W018.FACILITY,CBR sa - Site dHarmignies,Belgium,4.0166,50.4168,BE32,BE,incl_biomass
https://registry.gdi-de.org/id/de.bw.lubw.inspire.pf/pf-450-5307279-00000000,Verallia Deutschland ,Germany,9.87544,47.90605,DE14,DE,incl_biomass
FR.CAED/7656.FACILITY,ARCELORMITTAL MEDITERRANEE,France,4.93663,43.46551,FRL0,FR,incl_biomass
ES.CAED/005916000.FACILITY,ZABALGARBI,Spain,-2.969134,43.251759,ES21,ES,incl_biomass
ES.CAED/003588000.FACILITY,CENTRAL TÉRMICA DE LADA,Spain,-5.682542,43.296361,ES12,ES,incl_biomass
DK.CAED/000106208.FACILITY,Horsens Deponeringsanlæg,Denmark,9.863743634914904,55.85007684765352,DK04,DK,incl_biomass
BE.WA/034010000.FACILITY,LHOIST INDUSTRIE - Site de On,Belgium,5.2680287,50.164894,BE34,BE,incl_biomass
BE.WA/026010000.FACILITY,HEIDELBERG MATERIALS BENELUX s.a. - Site de Lixhe,Belgium,5.6725326,50.76022,BE33,BE,incl_biomass
PL.MŚ/000000643.FACILITY,Miejskie Przedsiębiorstwo Energetyki Cieplnej Spółka z o.o.,Poland,20.4440574645996,53.7466049194336,PL62,PL,incl_biomass
https://registry.gdi-de.org/id/de.nw.inspire.pf.bube-eureg/arb-2017-112000-100-0888309,Venator Germany GmbH,Germany,6.70524,51.43953,DEA1,DE,incl_biomass
NL.RIVM/000052612.FACILITY,Cargill Benelux BV,Netherlands,3.8026,51.23582,NL34,NL,incl_biomass
FR.CAED/13581.FACILITY,O-I FRANCE SAS,France,3.47482,45.95868,FRK1,FR,incl_biomass
IT.CAED/000531002.FACILITY,Centrale Torrevaldaliga Nord,Italy,11.7586,42.1275,ITI4,IT,incl_biomass
PT.CAED/PT.APA05774482.CI,"Celulose Beira Industrial (Celbi), S.A. (CI)",Portugal,-8.873595,40.053571,PT16,PT,incl_biomass
IT.CAED/220462001.FACILITY,Unità Produttiva di Merone,Italy,9.2406,45.7808,ITC4,IT,incl_biomass
FR.CAED/8983.FACILITY,FERROGLOBE FRANCE,France,4.69729,44.09091,FRJ1,FR,incl_biomass
UK.CAED/EW_EA-1787.FACILITY,Stoke EfW Facility,United Kingdom,-2.1827354,52.987885,UKG2,UK,incl_biomass
FR.CAED/10600.FACILITY,EDF PRODUCTION ELECTRIQUE INSULAIRE BELLEFONTAINE SAS,France,-61.155,14.66751,FRY2,FR,incl_biomass
NL.RIVM/000004753.FACILITY,Rockwool B.V.,Netherlands,6.04371,51.17062,NL42,NL,incl_biomass
https://registry.gdi-de.org/id/de.rp.inspire.pf.bube-eureg/5000671,BASF SE,Germany,8.42345,49.51739,DEB3,DE,incl_biomass
SE.CAED/10016489.Facility,Södra Cell Mönsterås,Sweden,16.55049,57.09152,SE21,SE,incl_biomass
IT.CAED/380602001.FACILITY,CARTIERE VILLA LAGARINA SPA,Italy,11.0347,45.9197,ITH2,IT,incl_biomass
BE.WA/114010000.FACILITY,ELECTRABEL - CENTRALE BAUDOUR/St GHISLAIN,Belgium,5.912952,50.25002,BE34,BE,incl_biomass
PL.MŚ/000000687.FACILITY,NOVICHEM  SPÓŁKA Z OGRANICZONĄ  ODPOWIEDZIALNOŚCIĄ,Poland,18.9760246276855,50.3220901489258,PL22,PL,incl_biomass
FR.CAED/5206.FACILITY,RHODIA OPERATIONS,France,5.70912,45.12131,FRK2,FR,incl_biomass
SE.CAED/10021702.Facility,Västermalmsverket,Sweden,15.61128,60.6078,SE31,SE,incl_biomass
ES.CAED/002115000.FACILITY,C.T. PUENTE NUEVO,Spain,-4.933416,38.112854,ES61,ES,incl_biomass
PL.MŚ/000000052.FACILITY,TAURON Wytwarzanie Spółka Akcyjna - Oddział Elektrownia Stalowa Wola w Stalowej Woli,Poland,22.0805568695068,50.5508308410645,PL82,PL,incl_biomass
https://registry.gdi-de.org/id/de.by.inspire.pf.ied/S00052,Müllheizkraftwerk Burgkirchen,Germany,12.73468924808328,48.185158456956536,DE21,DE,incl_biomass
ES.CAED/003464000.FACILITY,"FERROGLOBE SPAIN METALS, S.A.U.",Spain,-3.839765,43.41228,ES13,ES,incl_biomass
NO.EEA/1824.0013.01.FACILITY,Alcoa Mosjøen,Norway,13.1902637,65.8471146,NO07,NO,incl_biomass
https://registry.gdi-de.org/id/de.ni.mu/03030273580,Dow Deutschland Anlagenges. mbH Werk Stade,Germany,9.50412,53.64036,DE93,DE,incl_biomass
FR.CAED/8281.FACILITY,HEIDELBERG MATERIALS FRANCE CIMENTS,France,1.80894,48.98116,FR10,FR,incl_biomass
https://data.ied_registry.omgeving.vlaanderen.be/id/productionfacility/BE.VL.000000034.FACILITY,AGC GLASS EUROPE VESTIGING MOL,Belgium,5.16206,51.19396,BE21,BE,incl_biomass
PT.CAED/PT.APA05766542.CI,Centro de Produção de Alhandra (CI),Portugal,-9.00969,38.92382,PT17,PT,incl_biomass
FR.CAED/437.FACILITY,IDDEO,France,2.50034,49.27966,FRE2,FR,incl_biomass
NO.EEA/1228.0021.01.FACILITY,TiZir Titanium & Iron AS,Norway,6.55428,60.1151352,NO0A,NO,incl_biomass
PL.MŚ/000000794.FACILITY,PGE Toruń Spółka Akcyjna - Elektrociepłownia EC1,Poland,18.6932888031006,53.0479393005371,PL61,PL,incl_biomass
https://registry.gdi-de.org/id/de.rp.inspire.pf.bube-eureg/4000041,Grace GmbH,Germany,8.35773,49.66326,DEB3,DE,incl_biomass
PL.MŚ/000000122.FACILITY,TAURON Wytwarzanie  Spółka Akcyjna - Oddział Elektrownia Jaworzno III w Jaworznie - Elektrownia II,Poland,19.2294445037842,50.214168548584,PL22,PL,incl_biomass
https://registry.gdi-de.org/id/de.be.pf.lisa/166928,BEW HKW Reuter-West ,Germany,13.24373,52.53526,DE30,DE,incl_biomass
FR.CAED/1260.FACILITY,STE BEARNAISE DE GESTION INDUSTRIELLE,France,-0.61294,43.41473,FRI1,FR,incl_biomass
http://paikkatiedot.fi/so/1002031/pf/ProductionFacility/0100239220.ProductionFacility,"Oy Linde Gas Ab, Kilpilahden vedyntuotantolaitos",Finland,25.51675,60.31768,FI1B,FI,incl_biomass
RO.CAED/101GL0001.FACILITY,SC ELECTROCENTRALE SA GALATI,Romania,27.982248,45.434237,RO22,RO,incl_biomass
RO.EEA/RO3GR_11.FACILITY,S.C. UZINA TERMOELECTRICA GIURGIU S.A.,Romania,25.928361,43.879555,RO31,RO,incl_biomass
ES.CAED/000011000.FACILITY,"CRISNOVA VIDRIO, S.A.",Spain,-0.9578,38.7149,ES42,ES,incl_biomass
CZ.MZP.S207/CZ47823175.FACILITY,Cukrovar Dobrovice,Czechia,14.9645253,50.36812786,CZ02,CZ,incl_biomass
https://data.ied_registry.omgeving.vlaanderen.be/id/productionfacility/BE.VL.000000640.FACILITY,Electrabel - Centrale Knippegroen,Belgium,3.81295,51.15711,BE23,BE,incl_biomass
UK.CAED/BEISOffsh-Ninian-Southern.FACILITY,Ninian Southern,United Kingdom,1.45037,60.80556,UKM6,UK,incl_biomass
https://data.ied_registry.omgeving.vlaanderen.be/id/productionfacility/BE.VL.000000997.FACILITY,FLUXYS - LNG TERMINAL,Belgium,3.22501,51.34861,BE25,BE,incl_biomass
PL.MŚ/000000884.FACILITY,ZAKŁAD GOSPODARKI ODPADAMI,Poland,16.0204448699951,53.7776947021484,PL42,PL,incl_biomass
FR.CAED/12062.FACILITY,COGE VITRY,France,2.41637,48.78917,FR10,FR,incl_biomass
ES.CAED/001916000.FACILITY,FÁBRICA DE CEMENTOS DE LA ROBLA,Spain,-5.619827,42.799394,ES41,ES,incl_biomass
UK.CAED/BEISOffsh-Pierce-FPSO.FACILITY,Pierce FPSO,United Kingdom,2.09383,57.16741,NO0A,NO,incl_biomass
PT.CAED/PT.APA05771662.CI,"Promor-Abastecedora de Produtos Agro-Pecuários, S.A. (CI)",Portugal,-8.749239,39.783782,PT16,PT,incl_biomass
NL.RIVM/000202824.FACILITY,Eneco Merwedekanaal,Netherlands,5.07916,52.10093,NL31,NL,incl_biomass
https://registry.gdi-de.org/id/de.nw.inspire.pf.bube-eureg/arb-2017-978024-900-9139128,Biomassekraftwerk Lünen GmbH,Germany,7.47233,51.61958,DEA5,DE,incl_biomass
https://registry.gdi-de.org/id/de.by.inspire.pf.ied/S00984,Müllheizkraftwerk Kempten,Germany,10.319142884876312,47.75885402913922,DE27,DE,incl_biomass
https://data.ied_registry.omgeving.vlaanderen.be/id/productionfacility/BE.VL.000000194.FACILITY,ZANDVLIET POWER - TERREIN BASF,Belgium,4.2669,51.36912,BE21,BE,incl_biomass
PL.MŚ/000000125.FACILITY,Zakład Wytwarzania Katowice,Poland,19.0505275726318,50.2848739624023,PL22,PL,incl_biomass
IT.CAED/431222007.FACILITY,BARILLA G. E R. F.LLI S.P.A. (Pedrignano),Italy,10.3783,44.8336,ITH5,IT,incl_biomass
https://registry.gdi-de.org/id/de.by.inspire.pf.ied/S00638,Müllheizkraftwerk Bamberg,Germany,10.853814164324552,49.91194518071083,DE24,DE,incl_biomass
CZ.MZP.Z723/CZ92460364.FACILITY,CS CABOT,Czechia,17.95567516,49.50139807,CZ07,CZ,incl_biomass
CH.CAED/000000206.Facility,Les Cheneviers / UIOM,Switzerland,6.0322,46.1942,CH01,CH,incl_biomass
FR.CAED/7788.FACILITY,LAFARGE CIMENTS,France,5.39075,43.42341,FRL0,FR,incl_biomass
FI.EEA/28058.FACILITY,"AVILON OY ( ent. KUITU FINLAND OY ent.Säteri Oy), Voimalaitos ja käyttöhyödykkeet",Finland,24.047384,61.278531,FI19,FI,incl_biomass
https://data.gov.sk/set/data/so/b4d884b3-4442-43db-a19c-ceb6e127960f/SK77039506.NRZ.FACILITY,"MH Teplárenský holding, a.s. - závod Martin",Slovakia,18.907019,49.059218,SK03,SK,incl_biomass
AT.CAED/9008390404355.FACILITY,Norske Skog Bruck GmbH,Austria,15.277111,47.416861,AT22,AT,incl_biomass
https://data.ied_registry.omgeving.vlaanderen.be/id/productionfacility/BE.VL.000000516.FACILITY,T POWER,Belgium,5.10484,51.05821,BE22,BE,incl_biomass
FR.CAED/7444.FACILITY,VICAT,France,7.33352,43.76863,FRL0,FR,incl_biomass
CZ.MZP.T803/CZ99166596.FACILITY,Teplárna Karviná,Czechia,18.47851564,49.8232018,CZ08,CZ,incl_biomass
https://registry.gdi-de.org/id/de.mv.land.inspire.pf.bube/30000226,KNG Kraftwerks- und Netzgesellschaft mbH Kraftwerk Rostock ,Germany,12.13294,54.14281,DE80,DE,incl_biomass
SE.CAED/10024561.Facility,SSAB EMEA AB i Luleå,Sweden,22.21426,65.56204,SE33,SE,incl_biomass
HR.CAED/000000199.FACILITY,Objekti prerade plina Molve,Croatia,17.00142,46.10825,HR06,HR,incl_biomass
https://registry.gdi-de.org/id/de.hb/de.hb.pf.bube-eureg.06-04-11/2039669/2/0,Onyx Kraftwerk Farge GmbH & Co. KGaA ,Germany,8.51617,53.2021,DE50,DE,incl_biomass
https://registry.gdi-de.org/id/de.ni.mu/06060181710,EEW Energy from Waste Hannover GmbH,Germany,9.85303,52.41209,DE92,DE,incl_biomass
HU.EEA/100325877.FACILITY,Főtáv Zrt.,Hungary,19.037458,47.564219,HU11,HU,incl_biomass
FR.CAED/4122.FACILITY,AIR LIQUIDE HYDROGENE,France,0.56521,49.48838,FRD2,FR,incl_biomass
https://registry.gdi-de.org/id/de.he.0945.de7.pf.eu_industrie/30000936,BKF I - Biomasse-Kraftwerk Fechenheim GmbH ,Germany,8.76211,50.12942,DE71,DE,incl_biomass
HR.CAED/000000019.FACILITY,TE Plomin,Croatia,14.16465,45.13794,HR03,HR,incl_biomass
http://paikkatiedot.fi/so/1002031/pf/ProductionFacility/0000002160.ProductionFacility,"UPM Specialty Papers Oy, Tervasaari, Valkeakoski",Finland,24.02246,61.26414,FI19,FI,incl_biomass
FR.CAED/9479.FACILITY,SENERVAL UIOM,France,7.79033,48.51817,FRF1,FR,incl_biomass
https://registry.gdi-de.org/id/de.ni.mu/06291730660,Heidelberg Materials AG Zementwerke Hannover,Germany,9.86504,52.37538,DE92,DE,incl_biomass
https://registry.gdi-de.org/id/de.st.lau.pf.anlagen-ied-euregistry/100864,ROMONTA  Amsdorf ,Germany,11.71791,51.46161,DEE0,DE,incl_biomass
ES.CAED/001496000.FACILITY,"VOTORANTIM CEMENTOS ESPAÑA, S.A.",Spain,-7.448854,42.719113,ES11,ES,incl_biomass
AT.CAED/9008391228615.FACILITY,TAG GmbH,Austria,16.875083,48.316222,AT12,AT,incl_biomass
CZ.MZP.T801/CZ73899995.FACILITY,Teplárna Krnov,Czechia,17.69186692,50.08738608,CZ08,CZ,incl_biomass
NO.EEA/0000.0012.01.FACILITY,Heimdal,Norway,2.227158,59.5735626,NO0A,NO,incl_biomass
DK.CAED/000105324.FACILITY,"Kredsløb, Affaldsenergi A/S",Denmark,10.157105017075976,56.22760187938795,DK04,DK,incl_biomass
PL.MŚ/000000070.FACILITY,Przedsiębiorstwo Energetyki Cieplnej - Gliwice Sp. z o.o.,Poland,18.7108554840088,50.2922782897949,PL22,PL,incl_biomass
BE.WA/146010000.FACILITY,APERAM STAINLESS BELGIUM,Belgium,4.5354776,50.415962,BE32,BE,incl_biomass
NL.RIVM/000024003.FACILITY,Vattenfall Power Generation B.V. (Velsen),Netherlands,4.63213,52.47276,NL32,NL,incl_biomass
NO.EEA/0000.0030.01.FACILITY,Alvheim,Norway,1.996792,59.5669174,UKM6,UK,incl_biomass
ES.CAED/001593000.FACILITY,UBE CORPORATION EUROPE S.A. UNIPERSONAL,Spain,-0.005726,39.952916,ES52,ES,incl_biomass
IT.CAED/330102002.FACILITY,FERRIERE NORD STABILIMENTO DI OSOPPO,Italy,13.0778,46.2306,ITH4,IT,incl_biomass
FR.CAED/8610.FACILITY,SYNDICAT INTERDEPARTEMENTAL POUR L ASSAINISSEMENT DE L AGGLOMERATION PARISIENNE,France,2.1115,48.98432,FR10,FR,incl_biomass
https://registry.gdi-de.org/id/de.nw.inspire.pf.bube-eureg/arb-2017-124000-100-0113340,AWG Abfallwirtschaftsgesellschaft mbH Wuppertal,Germany,7.14281,51.22531,DEA1,DE,incl_biomass
PT.CAED/PT.APA05766522.CI,"CIMPOR - Industria de Cimentos, S.A. - C.P.Souselas (CI)",Portugal,-8.41955,40.292873,PT16,PT,incl_biomass
IT.CAED/880501001.FACILITY,CENTRALE TERMOELETTRICA DI SIMERI CRICHI,Italy,16.6566,38.875,ITF6,IT,incl_biomass
https://registry.gdi-de.org/id/de.bb.inspire.pf.eureg/16018546,B.E.S. Brandenburger Elektrostahlwerke GmbH,Germany,12.49889,52.40195,DE40,DE,incl_biomass
FI.EEA/2683.FACILITY,"Stora Enso Oyj, Veitsiluodon voimalaitos",Finland,24.6243,65.6887,FI1D,FI,incl_biomass
PL.MŚ/000000973.FACILITY,HOMANIT KROSNO ODRZAŃSKIE Sp. z o.o.,Poland,15.0831890106201,52.0219345092773,PL43,PL,incl_biomass
http://paikkatiedot.fi/so/1002031/pf/ProductionFacility/0100204977.ProductionFacility,"Nordkalk Oy Ab, Raahen kalkinpolttamo",Finland,24.41319,64.65493,FI1D,FI,incl_biomass
ES.CAED/008402000.FACILITY,CENTRAL TERMICA DE CICLE COMBINAT (SANT ADRIÀ DE BESÒS - GRUP 5),Spain,2.231541,41.420804,ES51,ES,incl_biomass
UK.CAED/EW_EA-1433.FACILITY,Immingham CHP Power Station EPR/BJ8022IZ,United Kingdom,-0.23947463,53.636561,UKE1,UK,incl_biomass
IT.CAED/741232009.FACILITY,Stabilimento di Taranto,Italy,17.2031,40.4861,ITF4,IT,incl_biomass
PL.MŚ/000002308.FACILITY,Zakłady Wapiennicze Lhoist S.A. Jednostka Produkcyjna w Górażdżach-Zakład Nowy,Poland,18.0278968811035,50.5266761779785,PL52,PL,incl_biomass
ES.EEA/2114.FACILITY,CENTRAL DE ESCUCHA,Spain,-0.816297,41.29665,ES24,ES,incl_biomass
SE.CAED/10020999.Facility,"Billerud Skog & Industri AB, Frövi",Sweden,15.32691,59.47975,SE12,SE,incl_biomass
https://data.ied_registry.omgeving.vlaanderen.be/id/productionfacility/BE.VL.000000162.FACILITY,INEOS STYROLUTION BELGIUM,Belgium,4.26567,51.3623,BE21,BE,incl_biomass
UK.SEPA/200002618.Facility,Dunbar Energy Recovery Facility,United Kingdom,-2.46306,55.97522,UKM7,UK,incl_biomass
SE.CAED/10015102.Facility,Händelöverket,Sweden,16.23333,58.61956,SE12,SE,incl_biomass
DE.EEA/16591.FACILITY,SOLVAY Chemicals GmbH,Germany,11.7505878874227,51.8010998895414,DEE0,DE,incl_biomass
https://registry.gdi-de.org/id/de.sl.inspire.pf/0075248-G,VSE Kraftwerk Ensdorf,Germany,6.77077512765422,49.293154091634726,DEC0,DE,incl_biomass
CZ.MZP.C311/CZ65747796.FACILITY,Teplárna České Budějovice-Novohradská ulice,Czechia,14.4855011,48.9673896,CZ03,CZ,incl_biomass
ES.CAED/002344000.FACILITY,"ANDALUZA DE CALES, S.A.",Spain,-5.480688,37.100491,ES61,ES,incl_biomass
BG.CAED/012000011.FACILITY,Sofia  Zemliane power station,Bulgaria,23.28439,42.68682,BG41,BG,incl_biomass
https://registry.gdi-de.org/id/de.hh/pf.bube-eureg_/12562,VERA Klärschlammverbrennung ,Germany,9.94293,53.5345,DE60,DE,incl_biomass
UK.SEPA/200000073.Facility,Alloa Glass Factory,United Kingdom,-3.80083,56.11113,UKM7,UK,incl_biomass
HU.OKIR/101716090.FACILITY,Pannon-Hő Kft.,Hungary,18.263555,46.064781,HU23,HU,incl_biomass
SE.CAED/10017666.Facility,Sysavs avfallsförbränningsanläggning,Sweden,13.04528,55.63196,SE22,SE,incl_biomass
CZ.MZP.J632/CZ13996896.FACILITY,KRONOSPAN CR,Czechia,15.60364155,49.42393788,CZ06,CZ,incl_biomass
FR.CAED/7588.FACILITY,FIBRE EXCELLENCE PROVENCE,France,4.66201,43.7932,FRL0,FR,incl_biomass
PL.MŚ/000000053.FACILITY,Grupa Ożarów S.A.,Poland,21.6765041351318,50.9304275512695,PL72,PL,incl_biomass
AT.CAED/9008390481905.FACILITY,OMV Austria Exploration & Production GmbH,Austria,16.547028,48.284,AT12,AT,incl_biomass
IT.EEA/2007000744.FACILITY,TERMOVALORIZZATORE,Italy,10.028333,45.134722,ITC4,IT,incl_biomass
RO.EEA/RO1BC_14.FACILITY,SUCURSALA ELECTROCENTRALE BORZESTI,Romania,26.8371324,46.24843805,RO21,RO,incl_biomass
UK.CAED/EW_EA-755.FACILITY,Theddlethorpe Gas Terminal,United Kingdom,0.23310205,53.361661,UKF3,UK,incl_biomass
IT.CAED/360452001.FACILITY,STABILIMENTO DI LONIGO,Italy,11.3731,45.4181,ITH3,IT,incl_biomass
ES.CAED/000112000.FACILITY,BA GLASS SPAIN VILLAFRANCA,Spain,-6.356428,38.566875,ES43,ES,incl_biomass
CH.CAED/000000374.Facility,Cremo SA / Usine de Lucens,Switzerland,6.8469,46.7117,CH01,CH,incl_biomass
PL.MŚ/000000127.FACILITY,Zakład Wytwarzania Blachownia,Poland,18.2922210693359,50.3571968078613,PL52,PL,incl_biomass
SI.ARSO/000000015.FACILITY,Talum,Slovenia,15.790806,46.393036,SI03,SI,incl_biomass
CH.CAED/000000274.Facility,IWB Basel,Switzerland,7.5833,47.5467,CH03,CH,incl_biomass
http://paikkatiedot.fi/so/1002031/pf/ProductionFacility/0000001172.ProductionFacility,"Helen Oy, Hanasaari B -voimalaitos",Finland,24.97122,60.18363,FI1B,FI,incl_biomass
FR.CAED/8449.FACILITY,AEROPORTS DE PARIS,France,2.51393,49.00153,FR10,FR,incl_biomass
FR.EEA/221.00044.FACILITY,CENTRALE DE JARRY-NORD,France,-61.59,16.26,FRY1,FR,incl_biomass
PL.MŚ/000000340.FACILITY,CHP CZĘSTOCHOWA,Poland,19.1440906524658,50.7945175170898,PL22,PL,incl_biomass
https://registry.gdi-de.org/id/de.bb.inspire.pf.eureg/45024504,Danpower GmbH; Biomasse-HKW Elsterwerda,Germany,13.50473,51.46606,DE40,DE,incl_biomass
DK.CAED/000062315.FACILITY,Faxe Kalk - Ovnanlæg,Denmark,12.134319381054956,55.24431922560357,DK02,DK,incl_biomass
IT.CAED/670123158.FACILITY,ITALSACCI S.p.A.,Italy,13.258717,42.463755,ITF1,IT,incl_biomass
FR.CAED/330.FACILITY,TEREOS STARCH & SWEETENERS EUROPE,France,2.90966,49.76834,FRE2,FR,incl_biomass
IE.CAED/P0607.FACILITY,SSE Generation Ireland Limited (Tarbert),Ireland,-9.364819,52.588766,IE05,IE,incl_biomass
FR.CAED/5892.FACILITY,ELECTRICITE DE FRANCE,France,6.03856,48.8827,FRF3,FR,incl_biomass
IT.CAED/481232018.FACILITY,Polynt spa,Italy,12.2375,44.4333,ITH5,IT,incl_biomass
https://registry.gdi-de.org/id/de.by.inspire.pf.ied/S00007,Biomasseheizkraftwerk Zolling GmbH,Germany,11.799938959458393,48.45619062896844,DE21,DE,incl_biomass
ES.CAED/003483000.FACILITY,BIRLA CARBON SPAIN SL,Spain,-3.780037,43.413535,ES13,ES,incl_biomass
PT.CAED/PT.APA05770942.CI,"Caima - Indústria de Celulose, S.A. (CI)",Portugal,-8.331757,39.471594,PT16,PT,incl_biomass
https://data.gov.sk/set/data/so/b4d884b3-4442-43db-a19c-ceb6e127960f/SK57105803.NRZ.FACILITY,"Carmeuse Slovakia, s.r.o. - Závod Vápenka Košice",Slovakia,21.18369522,48.60596805,SK04,SK,incl_biomass
RO.EEA/RO3TR_41.FACILITY,SC DONAU CHEM SRL,Romania,24.8929599,43.7166666,RO31,RO,incl_biomass
https://data.ied_registry.omgeving.vlaanderen.be/id/productionfacility/BE.VL.000001755.FACILITY,2VALORISE HAM,Belgium,5.15779,51.0814,BE22,BE,incl_biomass
https://registry.gdi-de.org/id/de.he.0945.de7.pf.eu_industrie/80000333,InfraServ GmbH & Co. Wiesbaden KG,Germany,8.24776,50.03543,DE71,DE,incl_biomass
IT.CAED/561212001.FACILITY,SAINT-GOBAIN GLASS ITALIA S.p.A.,Italy,10.3858,43.7061,ITI1,IT,incl_biomass
https://registry.gdi-de.org/id/de.bb.inspire.pf.eureg/23020490,PCK Raffinerie GmbH,Germany,14.23812,53.08759,DE40,DE,incl_biomass
PL.EEA/06K000011.FACILITY,BOLESŁAW RECYCLING Sp. z o.o.,Poland,19.474039,50.277054,PL21,PL,incl_biomass
CZ.MZP.S204/CZ44305642.FACILITY,Elektrárna Kolín,Czechia,15.21014615,50.03035608,CZ02,CZ,incl_biomass
http://paikkatiedot.fi/so/1002031/pf/ProductionFacility/0000002779.ProductionFacility,"Finnsementti Oy, Parainen / Sementtitehdas",Finland,22.29048,60.28625,FI1C,FI,incl_biomass
IT.CAED/120512002.FACILITY,FERRERO INDUSTRIALE ITALIA S.r.l. con socio unico - Stabilimento di Alba,Italy,8.0236,44.6986,ITC1,IT,incl_biomass
UK.CAED/BEISOffsh-Douglas.FACILITY,Douglas,United Kingdom,3.57687,53.53804,NL32,NL,incl_biomass
PL.MŚ/000000606.FACILITY,Huta Łaziska S.A. w upadłości układowej,Poland,18.8347225189209,50.1494445800781,PL22,PL,incl_biomass
DK.CAED/000104576.FACILITY,TOTAL E&P Danmark A/S - Tyra E,Denmark,4.80320236,55.72320351,NL12,NL,incl_biomass
UK.CAED/BEISOffsh-Tern-Alpha.FACILITY,Tern Alpha,United Kingdom,0.91948,61.27611,UKM6,UK,incl_biomass
PL.MŚ/000000685.FACILITY,Pfleiderer Grajewo Sp. z o.o.,Poland,22.468111038208,53.6245269775391,PL84,PL,incl_biomass
CZ.MZP.T806/CZ78824241.FACILITY,Koksovna Svoboda,Czechia,18.27581868,49.85923962,CZ08,CZ,incl_biomass
UK.CAED/BEISOffsh-Curlew.FACILITY,Curlew FPSO,United Kingdom,1.30583,56.73581,UKE2,UK,incl_biomass
IT.EEA/2007001732.FACILITY,CENTRALE TERMOELETTRICA DI AUGUSTA,Italy,15.177777,37.208333,ITG1,IT,incl_biomass
EL.CAED/100074.FACILITY,HEIDELBERG MATERIALS HELLAS S.A.,Greece,23.59286,38.03679,EL30,EL,incl_biomass
RO.CAED/102SV0001.FACILITY,SC EGGER ROMANIA SRL Radauti,Romania,25.975734,47.855328,RO21,RO,incl_biomass
IT.CAED/460401001.FACILITY,Centrale Termoelettrica del Mincio,Italy,10.7146,45.3983,ITC4,IT,incl_biomass
ES.CAED/003896000.FACILITY,ECOCARBURANTES ESPAÑOLES,Spain,-0.924361,37.65789,ES62,ES,incl_biomass
BE.WA/357010000.FACILITY,DC ENVIRONMENT,Belgium,4.3939013,50.43739,BE32,BE,incl_biomass
UK.CAED/EW_EA-5702.FACILITY,Killingholme Power Station EPR/VP3933RJ,United Kingdom,-0.25526961,53.653333,UKE1,UK,incl_biomass
DE.EEA/16873.FACILITY,"Südzucker AG Mannheim / Ochsenfurt, Werk Zeitz",Germany,12.1100118833055,51.0489946167405,DEE0,DE,incl_biomass
IT.CAED/481232012.FACILITY,CABOT ITALIANA S.P.A.,Italy,12.25,44.45,ITH5,IT,incl_biomass
IT.CAED/090101002.FACILITY,Portovesme S.r.l.,Italy,8.4079,39.2091,ITG2,IT,incl_biomass
IT.CAED/160121001.FACILITY,Iplom S.p.A - Raffineria di Busalla,Italy,8.9466,44.5752,ITC3,IT,incl_biomass
EL.CAED/100066.FACILITY,MOTOR OIL HELLLAS-CORINTH REFINERIES S.A.,Greece,23.07361,37.91778,EL65,EL,incl_biomass
ES.CAED/001592000.FACILITY,FÁBRICA DE PUENTE DE MAYORGA (CEPSA QUÍMICA),Spain,-5.395147,36.189644,ES61,ES,incl_biomass
FR.CAED/9409.FACILITY,SOCIETE COLMARIENNE DE CHAUFFAGE URBAIN,France,7.38085,48.1032,FRF1,FR,incl_biomass
ES.CAED/001769000.FACILITY,"TIMAC AGRO ESPAÑA, S.A.-FABRICA",Spain,-2.07756,42.42676,ES22,ES,incl_biomass
https://registry.gdi-de.org/id/de.nw.inspire.pf.bube-eureg/arb-2017-124000-100-0030712,WSW Energie & Wasser AG,Germany,7.19932,51.2692,DEA1,DE,incl_biomass
FR.CAED/7598.FACILITY,CHAUX DE PROVENCE - SACAM,France,5.14736,43.38636,FRL0,FR,incl_biomass
PL.MŚ/000000554.FACILITY,ARCELORMITTAL POLAND SPÓŁKA AKCYJNA ODDZIAŁ W ZDZIESZOWICACH,Poland,18.1425285339355,50.4191131591797,PL52,PL,incl_biomass
https://registry.gdi-de.org/id/de.bw.lubw.inspire.pf/pf-450-1479296-00000000,Papierfabrik Palm GmbH & Co. KG ,Germany,10.11761,48.82386,DE11,DE,incl_biomass
NL.RIVM/000203505.FACILITY,EP NL Rijnmond 2 B.V.,Netherlands,4.35213,51.88984,NL33,NL,incl_biomass
SE.CAED/10014118.Facility,Igelsta värmeverk,Sweden,17.66523,59.17748,SE11,SE,incl_biomass
FR.CAED/3938.FACILITY,SAINT LOUIS SUCRE,France,1.62519,49.3246,FRD2,FR,incl_biomass
https://registry.gdi-de.org/id/de.nw.inspire.pf.bube-eureg/arb-2017-978040-900-0364506,RWE Generation SE KW Gersteinwerk,Germany,7.71253,51.67278,DEA5,DE,incl_biomass
https://registry.gdi-de.org/id/de.sl.inspire.pf/0100999-G,Kraftwerk Bexbach ,Germany,7.23549,49.3649,DEC0,DE,incl_biomass
EE.KAUR.TTR/213.FACILITY,"Utilitas Tallinna Elektrijaam OÜ, Väo Reservkatlamaja CHP",Estonia,24.9053950825,59.4373788831,EE00,EE,incl_biomass
https://registry.gdi-de.org/id/de.bw.lubw.inspire.pf/pf-450-4124448-00000000,Koehler Oberkirch GmbH ,Germany,8.08623,48.52679,DE13,DE,incl_biomass
https://registry.gdi-de.org/id/de.nw.inspire.pf.bube-eureg/arb-2017-958004-900-0001413,R.D.M. Arnsberg GmbH,Germany,8.07386,51.39113,DEA5,DE,incl_biomass
https://registry.gdi-de.org/id/de.bw.lubw.inspire.pf/pf-450-4664299-00000000,HeidelbergCement ,Germany,9.73471,48.36859,DE14,DE,incl_biomass
https://registry.gdi-de.org/id/de.bw.lubw.inspire.pf/pf-450-3042693-00000000,Heizkraftwerk Pforzheim ,Germany,8.72547,48.89699,DE12,DE,incl_biomass
ES.CAED/004848000.FACILITY,CENTRAL TERMICA DE CICLE COMBINAT (SANT ADRIÀ DE BESÒS - GRUPS 3 I 4),Spain,2.228956,41.420832,ES51,ES,incl_biomass
IT.CAED/200621001.FACILITY,CENTRALE TERMOELETTRICA DI CASSANO D'ADDA,Italy,9.5102,45.5119,ITC4,IT,incl_biomass
IT.CAED/100241001.FACILITY,CENTRALE TERMOELETTRICA DI COGENERAZIONE DI MONCALIERI,Italy,7.6763,44.9925,ITC1,IT,incl_biomass
https://registry.gdi-de.org/id/de.by.inspire.pf.ied/S01167,Märker Zement GmbH,Germany,10.70034369196446,48.776723072445805,DE27,DE,incl_biomass
ES.CAED/006644000.FACILITY,CENTRAL TERMICA DE CICLO COMBINADO DE CARTAGENA,Spain,-0.939224,37.573222,ES62,ES,incl_biomass
FR.CAED/5338.FACILITY,RHODIA OPERATIONS,France,4.8478,45.8284,FRK2,FR,incl_biomass
IT.CAED/270391001.FACILITY,RAFFINERIA DI SANNAZZARO DE' BURGONDI,Italy,8.8768,45.0997,ITC4,IT,incl_biomass
https://registry.gdi-de.org/id/de.nw.inspire.pf.bube-eureg/arb-2018-562008-500-0915123,Uniper Kraftwerke GmbH Kraftwerk Datteln IV,Germany,7.34248,51.63309,DEA3,DE,incl_biomass
PT.CAED/PT.APA05762862.CI,"LUSICAL, Companhia Lusitana de Cal  SA (CI)",Portugal,-8.84746,39.44757,PT18,PT,incl_biomass
NL.RIVM/000010004.FACILITY,Lyondell Chemical Nederland Ltd.,Netherlands,4.25308,51.88297,NL33,NL,incl_biomass
https://registry.gdi-de.org/id/de.bb.inspire.pf.eureg/23021047,IKW Rüdersdorf GmbH,Germany,13.83079,52.49065,DE40,DE,incl_biomass
https://registry.gdi-de.org/id/de.bw.lubw.inspire.pf/pf-450-3192067-00000000,HeidelbergCement AG Zementwerk Leimen Zementwerk Leimen,Germany,8.68583,49.35766,DE12,DE,incl_biomass
SI.ARSO/000000017.FACILITY,Termoelektrarna Šoštanj,Slovenia,15.053442,46.372286,SI03,SI,incl_biomass
PL.MŚ/000000629.FACILITY,Zaklady Wapiennicze Lhoist S.A. Jednostka Produkcyjna w Częstochowie,Poland,19.0974597930908,50.763069152832,PL22,PL,incl_biomass
AT.EEA/20000.00052.FACILITY,EVN AG,Austria,15.708278,48.394833,AT12,AT,incl_biomass
IT.EEA/2007000781.FACILITY,Raffineria di Cremona,Italy,9.967778,45.1325,ITC4,IT,incl_biomass
IT.CAED/310583183.FACILITY,STABILIMENTO DI PONTE DELLA PRIULA,Italy,12.259722,45.815833,ITH3,IT,incl_biomass
SE.CAED/10014660.Facility,SSAB EMEA AB Oxelösund,Sweden,17.12562,58.67695,SE12,SE,incl_biomass
https://registry.gdi-de.org/id/de.nw.inspire.pf.bube-eureg/arb-2017-354012-300-0877384,RWE Power AG,Germany,6.31458,50.83316,DEA2,DE,incl_biomass
SK.EEA/47043609.FACILITY,"Calmit, spol. s.r.o. - Výroba vápna",Slovakia,19.945139,48.689294,SK03,SK,incl_biomass
FR.CAED/8527.FACILITY,PAPREC ENERGIES SAINT OUEN,France,2.32146,48.91406,FR10,FR,incl_biomass
FR.CAED/12922.FACILITY,SWISS KRONO SAS,France,2.37389,47.75842,FRB0,FR,incl_biomass
CZ.MZP.U424/CZ0117068E.FACILITY,Paroplynový zdroj Počerady,Czechia,13.676777778,50.429361111,CZ04,CZ,incl_biomass
ES.CAED/002072000.FACILITY,FABRICA DE MATAPORQUERA (CEMENTOS ALFA),Spain,-4.162595,42.874835,ES13,ES,incl_biomass
ES.CAED/001480000.FACILITY,REFINERÍA DE TENERIFE Y COTESA,Spain,-16.260967,28.455185,ES70,ES,incl_biomass
https://registry.gdi-de.org/id/de.nw.inspire.pf.bube-eureg/arb-2017-513000-500-0073211,Ruhr Oel GmbH Werk Horst,Germany,7.0372,51.53961,DEA3,DE,incl_biomass
IE.CAED/P0029.FACILITY,Irish Cement Limited (Limerick),Ireland,-8.693808,52.645359,IE05,IE,incl_biomass
BG.CAED/012000005.FACILITY,Sofia  power station,Bulgaria,23.0375,42.8442,BG41,BG,incl_biomass
https://registry.gdi-de.org/id/de.bw.lubw.inspire.pf/pf-450-4650956-00000000,Schwenk Zement ,Germany,9.7305,48.33197,DE14,DE,incl_biomass
IT.CAED/130442002.FACILITY,CONFIDENTIAL -Article4(2)(d),Italy,,,,,incl_biomass
CZ.MZP.Z723/CZ11453276.FACILITY,"DEZA, a.s., Valašské Meziříčí",Czechia,17.95504475,49.49471568,CZ07,CZ,incl_biomass
https://registry.gdi-de.org/id/de.ni.mu/04247180070,Nordland Papier GmbH Papierfabrik,Germany,7.36236,52.97775,DE94,DE,incl_biomass
UK.CAED/NRW170020.FACILITY,Baglan Power Station,United Kingdom,-3.83413,51.61582,UKL1,UK,incl_biomass
PL.MŚ/000000466.FACILITY,Ciepłownia Południe,Poland,21.1070556640625,51.3566932678223,PL92,PL,incl_biomass
AT.CAED/9008391215837.FACILITY,Leube Zement GmbH,Austria,13.052528,47.721444,AT32,AT,incl_biomass
FR.CAED/9545.FACILITY,HOLCIM HAUT RHIN,France,7.23784,47.62908,FRF1,FR,incl_biomass
http://paikkatiedot.fi/so/1002031/pf/ProductionFacility/0000002611.ProductionFacility,"Kokkolan Energia Oy, Voimalaitos Power",Finland,23.0476,63.86,FI1D,FI,incl_biomass
http://paikkatiedot.fi/so/1002031/pf/ProductionFacility/0000001409.ProductionFacility,"Stora Enso Oyj, Sunilan tehdas",Finland,26.95161,60.49098,FI1C,FI,incl_biomass
HU.OKIR/100327538.FACILITY,MVM Mátra Energia Zrt.,Hungary,20.067043,47.788452,HU31,HU,incl_biomass
UK.CAED/EW_EA-17037.FACILITY,Risley Landfill EPR/BV7877IR,United Kingdom,-2.5024337,53.437669,UKD6,UK,incl_biomass
https://registry.gdi-de.org/id/de.he.0945.de7.pf.eu_industrie/30000163,InfraServ GmbH & Co. Höchst KG ,Germany,8.53683,50.08842,DE71,DE,incl_biomass
https://registry.gdi-de.org/id/de.rp.inspire.pf.bube-eureg/5000031,SWK Stadtwerke Kaiserslautern Versorgung s-AG,Germany,7.76087,49.43497,DEB3,DE,incl_biomass
NL.RIVM/000041003.FACILITY,Shell Nederland Chemie BV (Moerdijk),Netherlands,4.56212,51.68786,NL41,NL,incl_biomass
HU.EEA/100327594.FACILITY,AES Borsodi Energetikai Kft.,Hungary,21.055306,47.904814,HU31,HU,incl_biomass
NL.RIVM/000203228.FACILITY,RWE Eemshaven Magnum B.V.,Netherlands,6.85915,53.44777,NL11,NL,incl_biomass
IT.CAED/980441001.FACILITY,CENTRALE TERMOELETTRICA DI SAN FILIPPO DEL MELA ,Italy,15.2808,38.2019,ITG1,IT,incl_biomass
DK.CAED/000105733.FACILITY,Fortum Waste Solutions A/S,Denmark,10.813663958426533,55.30361417134788,DK03,DK,incl_biomass
https://registry.gdi-de.org/id/de.st.lau.pf.anlagen-ied-euregistry/100861,IKW Deuben ,Germany,12.07678,51.11207,DEE0,DE,incl_biomass
UK.SEPA/200000015.Facility,"Pulp and Board Plant, Cowie",United Kingdom,-3.86979,56.07711,UKM7,UK,incl_biomass
FR.CAED/5359.FACILITY,AIR LIQUIDE FRANCE INDUSTRIE,France,4.84497,45.68923,FRK2,FR,incl_biomass
https://registry.gdi-de.org/id/de.nw.inspire.pf.bube-eureg/arb-2017-512000-500-1185268,ArcelorMittal Bremen GmbH Kokerei Prosper,Germany,6.97077,51.52128,DEA3,DE,incl_biomass
ES.CAED/001615000.FACILITY,"COMPAÑÍA ESPAÑOLA DE PETRÓLEOS, S.A.U.",Spain,-5.39647,36.185634,ES61,ES,incl_biomass
NL.RIVM/000204654.FACILITY,ENECOGEN V.O.F.,Netherlands,4.09409,51.95838,NL33,NL,incl_biomass
CH.CAED/000000417.Facility,Renergia Zentralschweiz AG,Switzerland,8.376,47.1135,CH06,CH,incl_biomass
https://registry.gdi-de.org/id/de.bb.inspire.pf.eureg/16018798,Uniper Kraftwerke GmbH,Germany,12.41715,52.39476,DE40,DE,incl_biomass
ES.CAED/000538000.FACILITY,COGENERACIÓN GETESA (FÁBRICA DE GUADARRANQUE),Spain,-5.407446,36.205306,ES61,ES,incl_biomass
PL.MŚ/000000486.FACILITY,Elektrociepłownia Zielona Góra S.A.,Poland,15.4888887405396,51.9511108398438,PL43,PL,incl_biomass
https://registry.gdi-de.org/id/de.he.0945.de7.pf.eu_industrie/50002167,DS Smith Paper Deutschland GmbH ,Germany,9.84838,51.31799,DE73,DE,incl_biomass
ES.CAED/001081000.FACILITY,COGENERACIÓN DE CEPSA QUÍMICA FÁBRICA DE PALOS DE LA FRONTERA,Spain,-6.905508,37.185348,ES61,ES,incl_biomass
BE.WA/003010000.FACILITY,IPALLE - Usine d'incinération,Belgium,3.626551,50.54903,BE32,BE,incl_biomass
IT.EEA/2007000906.FACILITY,Sito di Piombino,Italy,10.604166,42.955555,ITI1,IT,incl_biomass
UK.CAED/NRW170324.FACILITY,SOUTH HOOK LIQUEFIED NATURAL GAS TERMINAL,United Kingdom,-5.08436,51.71922,UKL1,UK,incl_biomass
UK.CAED/EW_EA-5464.FACILITY,Stanlow Manufacturing Complex,United Kingdom,-2.8412063,53.273513,UKD6,UK,incl_biomass
FR.CAED/11016.FACILITY,NATRAN,France,3.86734,50.32404,FRE1,FR,incl_biomass
FR.CAED/5447.FACILITY,NEOVALY,France,4.91605,45.8224,FRK2,FR,incl_biomass
http://paikkatiedot.fi/so/1002031/pf/ProductionFacility/0000001262.ProductionFacility,"Savon Voima Oyj, Joensuun voimalaitos",Finland,29.83795,62.59351,FI1D,FI,incl_biomass
NL.RIVM/000104003.FACILITY,Delesto B.V.,Netherlands,6.95435,53.31883,NL11,NL,incl_biomass
IT.CAED/461002008.FACILITY,Sapio Unità locale di Mantova,Italy,10.8544,45.1381,ITC4,IT,incl_biomass
NL.RIVM/000028085.FACILITY,AEB Amsterdam,Netherlands,4.79289,52.39975,NL32,NL,incl_biomass
https://registry.gdi-de.org/id/de.hh/pf.bube-eureg_/8159,"Müllverwertung Borsigstraße GmbH, (MVB) ",Germany,10.074,53.53143,DE60,DE,incl_biomass
UK.CAED/EW_EA-559.FACILITY,Bury St Edmunds Sugar Factory EPR/BX2094IJ,United Kingdom,0.72693145,52.253717,UKH1,UK,incl_biomass
ES.CAED/003537000.FACILITY,CENTRAL TÉRMICA LITORAL DE ALMERÍA,Spain,-1.903682,36.980187,ES61,ES,incl_biomass
DE.EEA/03-31-31000006275.FACILITY,EMPG - NEAG Norddeutsche Erdgasaufbereitungs-GmbH,Germany,8.88682705341906,52.6233889300096,DE92,DE,incl_biomass
RO.CAED/104AG0001.FACILITY,SC HOLCIM ROMANIA SA,Romania,25.1110277,45.2901138,RO31,RO,incl_biomass
https://registry.gdi-de.org/id/de.hh/pf.bube-eureg_/12273,ADM Hamburg Aktiengesellschaft Werk Hamburg,Germany,9.95292,53.51869,DE60,DE,incl_biomass
https://registry.gdi-de.org/id/de.bb.inspire.pf.eureg/45025575,Heizkraftwerk Cottbus,Germany,14.36963,51.75975,DE40,DE,incl_biomass
FR.CAED/9469.FACILITY,BUTACHIMIE,France,7.53852,47.81907,FRF1,FR,incl_biomass
AT.CAED/9008391215752.FACILITY,EVN Wärmekraftwerke GmbH,Austria,15.932417,48.327389,AT12,AT,incl_biomass
UK.CAED/EW_EA-1362.FACILITY,South Humber Bank Power Station EPR/MP3235LY,United Kingdom,-0.14480713,53.6016,UKE1,UK,incl_biomass
FR.CAED/13341.FACILITY,SI TRAITEMENT ORDURE MENAGERE NORD-ISERE,France,5.26072,45.59613,FRK2,FR,incl_biomass
DK.CAED/000098597.FACILITY,Lyngvej Centralen,Denmark,9.89702532266759,57.02474201636369,DK05,DK,incl_biomass
UK.CAED/EW_EA-2321.FACILITY,Little Barford Power Station EPR/AP3630LG,United Kingdom,-0.26734612,52.204796,UKH2,UK,incl_biomass
RO.CAED/103BB0001.FACILITY,SC ELECTROCENTRALE BUCURESTI SA - Cet Bucuresti Vest,Romania,25.979132,44.423271,RO32,RO,incl_biomass
NO.EEA/192336.FACILITY,NorFraKalk,Norway,11.444128,63.7843475,NO06,NO,incl_biomass
SE.CAED/10019583.Facility,Riskullaverket,Sweden,11.99908,57.6401,SE23,SE,incl_biomass
FR.CAED/5509.FACILITY,TRIMET FRANCE,France,6.35903,45.2767,FRK2,FR,incl_biomass
http://paikkatiedot.fi/so/1002031/pf/ProductionFacility/0100222765.ProductionFacility,"Riikinvoima Oy, Jätteenpolttolaitos",Finland,27.74137,62.37297,FI1D,FI,incl_biomass
IT.CAED/570171001.FACILITY,Eni S.p.A. Raffineria di Livorno,Italy,10.3365,43.5872,ITI1,IT,incl_biomass
NO.EEA/1146.0004.01.FACILITY,Gassco Kårstø,Norway,5.512849,59.27473,NO0A,NO,incl_biomass
ES.CAED/000768000.FACILITY,"FORESTAL DEL ATLANTICO, SA",Spain,-8.234449,43.45918,ES11,ES,incl_biomass
CH.CAED/000000181.Facility,Siegfried Evionnaz SA,Switzerland,7.0239,46.1728,CH01,CH,incl_biomass
UK.CAED/BEISOffsh-Banff-FPSO.FACILITY,Petrojarl Banff ,United Kingdom,1.29415,57.00125,UKM5,UK,incl_biomass
RO.CAED/102HD0001.FACILITY,Societatea Complexul Energetic Hunedoara SA - SUCURSALA ELECTROCENTRALE PAROSENI,Romania,23.261338,45.364411,RO42,RO,incl_biomass
HU.OKIR/100367833.FACILITY,Guardian Orosháza Korlátolt Felelősségű Társaság,Hungary,20.686429,46.586773,HU33,HU,incl_biomass
FR.CAED/4151.FACILITY,TEREOS STARCH & SWEETENERS LBN,France,0.52521,49.48913,FRD2,FR,incl_biomass
RO.CAED/101AR0001.FACILITY,SC CET ARAD SA  - pe lignit,Romania,21.327129,46.221359,RO42,RO,incl_biomass
NL.RIVM/000064360.FACILITY,Smurfit Westrock Parenco B.V.,Netherlands,5.72846,51.96997,NL22,NL,incl_biomass
BG.CAED/008000002.FACILITY,Cement company Zlatna Panega Ciment,Bulgaria,24.170937,43.088184,BG31,BG,incl_biomass
HU.OKIR/102298371.FACILITY,Bakony Bio Zrt.,Hungary,18.049614,47.489512,HU21,HU,incl_biomass
IT.CAED/870421001.FACILITY,CENTRALE TERMOELETTRICA DI ALTOMONTE,Italy,16.2147,39.7111,ITF6,IT,incl_biomass
UK.CAED/EW_EA-2303.FACILITY,South Ferriby Cement Plant EPR/BL1029IP,United Kingdom,-0.52852895,53.67552,UKE1,UK,incl_biomass
UK.SEPA/200000136.Facility,Sage North Sea Gas Terminal,United Kingdom,-1.84851,57.5827,UKM5,UK,incl_biomass
ES.CAED/001478000.FACILITY,"ALU IBÉRICA LC, SL - LA CORUÑA",Spain,-8.4359,43.3507,ES11,ES,incl_biomass
IT.CAED/500222002.FACILITY,Stabilimento di Testi,Italy,11.2825,43.615833,ITI1,IT,incl_biomass
IE.CAED/P0378.FACILITY,Mannok Cement Limited,Ireland,-7.579216,54.131276,IE04,IE,incl_biomass
BE.WA/119010000.FACILITY,LUMINUS - Centrale de Seraing,Belgium,5.490941,50.603073,BE33,BE,incl_biomass
FR.CAED/8463.FACILITY,HESTIA,France,2.3873,48.99887,FR10,FR,incl_biomass
http://paikkatiedot.fi/so/1002031/pf/ProductionFacility/0000001254.ProductionFacility,"Stora Enso Oyj, Imatran tehtaat",Finland,28.85848,61.24909,FI1C,FI,incl_biomass
CH.CAED/000000280.Facility,VfA Buchs,Switzerland,9.4836,47.1756,CH05,CH,incl_biomass
IT.CAED/121002001.FACILITY,AGC FLAT GLASS ITALIA S.r.l. - SITO DI CUNEO,Italy,7.5908,44.3867,ITC1,IT,incl_biomass
UK.CAED/EW_EA-16783.FACILITY,Integra South East Energy Recovery Facility,United Kingdom,-1.0544553,50.82181,UKJ3,UK,incl_biomass
https://registry.gdi-de.org/id/de.ni.mu/09281566110,Uniper Kraftwerke GmbH Kraftwerk Wilhelmshaven,Germany,8.14692,53.56497,DE94,DE,incl_biomass
AT.CAED/9008390972700.FACILITY,"Salzburg AG für Energie, Verkehr und Telekommunikation",Austria,13.038111,47.8095,AT32,AT,incl_biomass
https://registry.gdi-de.org/id/de.he.0945.de7.pf.eu_industrie/50006414,B+T Energie GmbH,Germany,9.8492,51.3181,DE73,DE,incl_biomass
NL.EEA/12176.FACILITY,Air Products Nederland BV (Pernis),Netherlands,4.33004,51.88852,NL33,NL,incl_biomass
PL.MŚ/000000215.FACILITY,CEMEX Polska Sp. z o.o - Zakład Cementownia Chełm,Poland,23.5443572998047,51.1371726989746,PL81,PL,incl_biomass
BE.WA/215010000.FACILITY,INDUSTRIE DU BOIS VIELSALM & CIE - IBV,Belgium,5.954014,50.29308,BE34,BE,incl_biomass
UK.CAED/NRW170005.FACILITY,Aberthaw Works,United Kingdom,-3.3897,51.39407,UKL2,UK,incl_biomass
https://registry.gdi-de.org/id/de.nw.inspire.pf.bube-eureg/arb-2017-978024-900-9141660,Trianel Kohlekraftwerk Lünen GmbH & Co. KG,Germany,7.46524,51.61411,DEA5,DE,incl_biomass
FR.CAED/4111.FACILITY,OREADE SAS,France,0.46744,49.48622,FRD2,FR,incl_biomass
CH.CAED/000000230.Facility,SATOM Monthey,Switzerland,6.96,46.2781,CH01,CH,incl_biomass
https://data.gov.sk/set/data/so/b4d884b3-4442-43db-a19c-ceb6e127960f/SK77066306.NRZ.FACILITY,"TEPLÁREŇ Považská Bystrica, s.r.o.",Slovakia,18.416884,49.118109,SK02,SK,incl_biomass
ES.CAED/008509000.FACILITY,ENERCRISA,Spain,-3.148889,42.484444,ES41,ES,incl_biomass
BE.WA/113010000.FACILITY,ELECTRABEL - CENTRALE DES AWIRS,Belgium,5.4226394,50.586403,BE33,BE,incl_biomass
https://registry.gdi-de.org/id/de.th/5bf25e39-19d5-4254-adac-63f1b1cec499/30013178,Heizkraftwerk Gera-Nord,Germany,12.06317728024121,50.90448346645462,DEG0,DE,incl_biomass
IS.CAED/520303-4210,Alcoa Fjarðaál,Iceland,-14.099652,65.033756,IS00,IS,incl_biomass
ES.CAED/000687000.FACILITY,"AZULMED, S.L.U.",Spain,-0.176455,39.790974,ES52,ES,incl_biomass
http://paikkatiedot.fi/so/1002031/pf/ProductionFacility/0000001337.ProductionFacility,"Metsä Fibre Oy, Kaskisten tehdas",Finland,21.24924,62.35616,FI19,FI,incl_biomass
SE.CAED/10022357.Facility,Kubikenborg Aluminium AB (Kubal),Sweden,17.36375,62.37568,SE32,SE,incl_biomass
https://registry.gdi-de.org/id/de.ni.mu/01227571140,Fels-Werke GmbH Kalkwerk Münchehof,Germany,10.1909,51.84359,DE91,DE,incl_biomass
GB.EEA/EW_EA-10373.FACILITY,"Uk Coal Mining Ltd, Lodge House",United Kingdom,-7.01481,50.1912,UKK3,UK,incl_biomass
IT.CAED/200291001.FACILITY,IREN ENERGIA S.P.A. - Turbigo,Italy,8.739,45.5212,ITC4,IT,incl_biomass
UK.CAED/EW_EA-1011.FACILITY,Port Of Liverpool CHP Plant EPR/BK3506IS,United Kingdom,-3.0081171,53.451998,UKD7,UK,incl_biomass
DK.CAED/000062651.FACILITY,Faxe Kalks Modtageplads for affald fra ovnanlægget,Denmark,12.134527088325491,55.25477357862585,DK02,DK,incl_biomass
CZ.MZP.S206/CZ33698019.FACILITY,Elektrárna Mělník,Czechia,14.41332782,50.41451601,CZ02,CZ,incl_biomass
BE.EEA/W101.FACILITY,INOVYN - COGENERATION INOVYN,Belgium,4.6654,50.4492,BE35,BE,incl_biomass
http://paikkatiedot.fi/so/1002031/pf/ProductionFacility/0000003438.ProductionFacility,"Nordkalk Oy Ab, Tytyrin kalkkitehdas",Finland,24.06608,60.26032,FI1B,FI,incl_biomass
https://registry.gdi-de.org/id/de.bw.lubw.inspire.pf/pf-450-2486806-00000000,Märker Kalk GmbH ,Germany,9.90242,48.4191,DE14,DE,incl_biomass
DK.CAED/000095432.FACILITY,HOFOR - Amagerværket,Denmark,12.626106879399748,55.68459741582288,DK01,DK,incl_biomass
ES.CAED/000135000.FACILITY,C.D.E. EIVISSA,Spain,1.4315,38.919048,ES53,ES,incl_biomass
FR.CAED/9517.FACILITY,TEREOS STARCH & SWEETENERS EUROPE,France,7.59363,48.1668,FRF1,FR,incl_biomass
AT.CAED/9008390614785.FACILITY,Zellstoff Pöls Aktiengesellschaft,Austria,14.590389,47.2175,AT22,AT,incl_biomass
IT.EEA/2007000652.FACILITY,Albapower,Italy,8.028333,44.700833,ITC1,IT,incl_biomass
DK.EEA/1516.FACILITY,Nordjyllandsværket,Denmark,10.0404144509151,57.0775664198691,DK05,DK,incl_biomass
IT.CAED/370202003.FACILITY,STABILIMENTO DI CERAINO DI DOLCE',Italy,10.8333,45.5792,ITH3,IT,incl_biomass
FR.CAED/22915.FACILITY,COMPAGNIE ELECTRIQUE DE BRETAGNE,France,-4.07035,48.5228,FRH0,FR,incl_biomass
ES.CAED/000296000.FACILITY,CEMENTOS MOLINS INDUSTRIAL (SANT VICENÇ DELS HORTS),Spain,1.999262,41.408723,ES51,ES,incl_biomass
UK.CAED/BEISOffsh-Golden-Eagle.FACILITY,Golden Eagle,United Kingdom,0.91611,57.96194,UKM5,UK,incl_biomass
https://registry.gdi-de.org/id/de.nw.inspire.pf.bube-eureg/arb-2017-570008-500-0053376,Holcim WestZement GmbH Werk: Kollenbach,Germany,8.05403,51.76517,DEA3,DE,incl_biomass
https://registry.gdi-de.org/id/de.rp.inspire.pf.bube-eureg/4000050,Röhm GmbH,Germany,8.36411,49.6554,DEB3,DE,incl_biomass
IT.EEA/2007001324.FACILITY,Cofely Italia S.p.A.- Centrale termoelettrica di Acerra,Italy,14.368333,40.931944,ITF3,IT,incl_biomass
FR.CAED/1634.FACILITY,INCINERATION RESIDUS URBAIN AGGLO CAEN,France,-0.28702,49.19713,FRD1,FR,incl_biomass
IT.CAED/120172001.FACILITY,BUZZI UNICEM SPA,Italy,7.5,44.2833,ITC1,IT,incl_biomass
FR.CAED/8007.FACILITY,ENGIE FLEXIBLE GENERATION FRANCE,France,4.94425,43.4368,FRL0,FR,incl_biomass
https://registry.gdi-de.org/id/de.nw.inspire.pf.bube-eureg/arb-2017-362008-300-0181417,Martinswerk GmbH,Germany,6.66665,50.94593,DEA2,DE,incl_biomass
UK.CAED/P0053_04A.FACILITY,Encirc Ltd.,United Kingdom,-7.5844,54.1592,UKN0,UK,incl_biomass
PL.MŚ/000000350.FACILITY,PGE Górnictwo i Energetyka Konwencjonalna S.A. - Oddział Elektrownia Turów,Poland,14.9135274887085,50.9479446411133,PL51,PL,incl_biomass
NL.RIVM/000101103.FACILITY,BioMCN B.V.,Netherlands,6.96243,53.31375,NL11,NL,incl_biomass
IT.CAED/130461001.FACILITY,CENTRALE DI LIVORNO FERRARIS,Italy,8.1927,45.2377,ITC1,IT,incl_biomass
FR.CAED/11006.FACILITY,ENERSOL,France,1.87795,50.9644,FRE1,FR,incl_biomass
IT.CAED/750102001.FACILITY,TECNOPARCO VALBASENTO S.P.A.,Italy,16.5486,40.4175,ITF5,IT,incl_biomass
CH.CAED/000000223.Facility,SAIDEF Fribourg,Switzerland,7.1218,46.7725,CH02,CH,incl_biomass
AT.CAED/9008391215691.FACILITY,FCC Zistersdorf Abfall Service GmbH,Austria,16.783472,48.548083,AT12,AT,incl_biomass
IT.CAED/890161001.FACILITY,Rizziconi Energia S.p.A.,Italy,15.9735,38.4408,ITF6,IT,incl_biomass
http://paikkatiedot.fi/so/1002031/pf/ProductionFacility/0000001728.ProductionFacility,"Turun Seudun Energiantuotanto Oy, Naantalin voimalaitos",Finland,22.05252,60.45833,FI1C,FI,incl_biomass
FR.CAED/4473.FACILITY,INOVYN FRANCE,France,5.41265,47.03851,FRC2,FR,incl_biomass
UK.CAED/EW_EA-670.FACILITY,Peterborough Power Station EPR/AP3233LU,United Kingdom,-0.20386566,52.576803,UKH1,UK,incl_biomass
IT.CAED/960101002.FACILITY,ISAB S.r.l.-IGCC,Italy,15.2022,37.1291,ITG1,IT,incl_biomass
AT.CAED/9008390397176.FACILITY,Fritz Egger GmbH & Co. OG,Austria,15.691833,48.259556,AT12,AT,incl_biomass
PL.MŚ/000000126.FACILITY,TAURON Wytwarzanie Spółka Akcyjna - Oddział Elektrownia Łaziska w Łaziskach Górnych,Poland,18.8464736938477,50.1336975097656,PL22,PL,incl_biomass
http://paikkatiedot.fi/so/1002031/pf/ProductionFacility/0000001862.ProductionFacility,"Fortum Power and Heat Oy, Meri-Porin voimalaitos",Finland,21.40704,61.63153,FI19,FI,incl_biomass
UK.CAED/EW_EA-6557.FACILITY,Great Yarmouth Power Station EPR/KP3531US,United Kingdom,1.7314323,52.585022,UKH1,UK,incl_biomass
UK.CAED/EW_EA-1089.FACILITY,Fawley Refinery EPR/BR6996IC,United Kingdom,-1.354595,50.830601,UKJ3,UK,incl_biomass
IT.EEA/2008000002.FACILITY,Cogeneration Spinetta S.p.a - Centrale di cogenerazione Spinetta Marengo,Italy,8.670277,44.885555,ITC1,IT,incl_biomass
PL.MŚ/000000091.FACILITY,Elektrociepłownia Miechowice,Poland,18.8427791595459,50.3486633300781,PL22,PL,incl_biomass
RO.CAED/105PH0001.FACILITY,SC PETROTEL LUKOIL SA,Romania,26.079463,44.946413,RO31,RO,incl_biomass
https://registry.gdi-de.org/id/de.by.inspire.pf.ied/S00499,Müllkraftwerk Schwandorf,Germany,12.087908090681992,49.31003767338597,DE23,DE,incl_biomass
CZ.MZP.S206/CZ41646031.FACILITY,Rafinérie Kralupy nad Vltavou,Czechia,14.32869175,50.25840943,CZ02,CZ,incl_biomass
PL.MŚ/000000900.FACILITY,DSO Sp. z o.o.,Poland,18.2865085601807,50.5458755493164,PL52,PL,incl_biomass
UK.CAED/EW_EA-2660.FACILITY,Billingham Fertiliser Works EPR/BX3287IK,United Kingdom,-1.2670638,54.581893,UKC1,UK,incl_biomass
LU.CAED/000003000.FACILITY,ArcelorMittal Belval & Differdange S.A.,Luxembourg,5.95579,49.5019,LU00,LU,incl_biomass
https://registry.gdi-de.org/id/de.bb.inspire.pf.eureg/45043366,GASCADE Gastransport GmbH ,Germany,13.5391,52.07794,DE40,DE,incl_biomass
UK.SEPA/200002494.Facility,INEOS Infrastructure (Grangemouth) Ltd,United Kingdom,-3.69158,56.01847,UKM7,UK,incl_biomass
NL.RIVM/000204944.FACILITY,Eneco Bio Golden Raand C.V.,Netherlands,6.98393,53.31022,NL11,NL,incl_biomass
EL.CAED/100048.FACILITY,METLEN ENERGY & METALS S.A. - ALOUMINIUM OF GREECE,Greece,22.69167,38.36083,EL64,EL,incl_biomass
GB.EEA/DECCOffsh-Thames-Production-Platform.FACILITY,Thames Production Platform,United Kingdom,2.54703,53.0844,UKH1,UK,incl_biomass
UK.CAED/NRW170207.FACILITY,Llanwern Steelworks,United Kingdom,-2.90775,51.5762,UKL2,UK,incl_biomass
AT.CAED/9008390940686.FACILITY,Energie Steiermark Wärme GmbH,Austria,15.435972,47.048556,AT22,AT,incl_biomass
BE.WA/053010000.FACILITY,YARA TERTRE - CETPROBEL,Belgium,3.8020701,50.474808,BE32,BE,incl_biomass
ES.CAED/007464000.FACILITY,ALIER (PLANTA DE COGENERACIO),Spain,0.608412,41.691258,ES51,ES,incl_biomass
FR.CAED/7225.FACILITY,ENGIE FLEXIBLE GENERATION FRANCE,France,-2.13511,47.30934,FRG0,FR,incl_biomass
UK.CAED/EW_EA-18367.FACILITY,Cornwall Energy Recovery Centre EPR/GP3433GH,United Kingdom,-4.8912823,50.376648,UKK3,UK,incl_biomass
https://registry.gdi-de.org/id/de.by.inspire.pf.ied/S00108,"OMV Deutschland Operations GmbH & Co. KG, Werk Burghausen",Germany,12.836526876207548,48.19300392423097,DE21,DE,incl_biomass
http://paikkatiedot.fi/so/1002031/pf/ProductionFacility/0000016028.ProductionFacility,"Kotkan Energia Oy, Hovinsaaren voimalaitos",Finland,26.91692,60.47105,FI1C,FI,incl_biomass
ES.CAED/008153000.FACILITY,CENTRAL TERMICA DE CICLE COMBINAT (PORT DE BARCELONA),Spain,2.160452,41.338591,ES51,ES,incl_biomass
DE.EEA/06-05-800-0203946.FACILITY,RWE Power AG Kraftwerk Goldenberg,Germany,6.84341740216134,50.8609945450991,DEA2,DE,incl_biomass
ES.CAED/007945000.FACILITY,PLANTA DE TRATAMIENTO INTEGRAL DEL ALPERUJO EN LINARES,Spain,-3.633,38.083,ES61,ES,incl_biomass
IT.EEA/2007000822.FACILITY,Centro Energia Ferrara,Italy,11.586666,44.860833,ITH5,IT,incl_biomass
NL.RIVM/000024302.FACILITY,Crown van Gelder International B.V.,Netherlands,4.63896,52.46697,NL32,NL,incl_biomass
IT.CAED/051002003.FACILITY,ACEA AMBIENTE Srl UL1_Impianto di Termovalorizzazione,Italy,12.6615,42.5806,ITI2,IT,incl_biomass
IT.CAED/650222002.FACILITY,CENTRALE TERMOELETTRICA DI BUSSI,Italy,13.8397,42.2,ITF1,IT,incl_biomass
ES.CAED/003965000.FACILITY,ENERGYWORKS CARTAGENA,Spain,-1.098333,37.705278,ES62,ES,incl_biomass
AT.CAED/9008390470305.FACILITY,Kaindl Boards GmbH,Austria,12.999722,47.822778,AT32,AT,incl_biomass
ES.CAED/001530000.FACILITY,SEAT,Spain,1.90352,41.497077,ES51,ES,incl_biomass
https://registry.gdi-de.org/id/de.st.lau.pf.anlagen-ied-euregistry/100933,Kalkwerk Rübeland ,Germany,10.82767,51.75301,DEE0,DE,incl_biomass
ES.CAED/002927000.FACILITY,CENTRAL TÉRMICA DE SOTO DE RIBERA,Spain,-5.87316,43.31161,ES12,ES,incl_biomass
http://paikkatiedot.fi/so/1002031/pf/ProductionFacility/0000002336.ProductionFacility,"Mäntän Energia Oy, Voimalaitos",Finland,24.63539,62.02764,FI19,FI,incl_biomass
SI.ARSO/000000011.FACILITY,Alpacem Cement Anhovo,Slovenia,13.628036,46.06865,SI04,SI,incl_biomass
IE.CAED/P0482.FACILITY,Edenderry Power Limited,Ireland,-7.085629,53.29005,IE06,IE,incl_biomass
EL.CAED/100090.FACILITY,HERON ENERGY S.A. (HERON II),Greece,23.32946,38.27949,EL64,EL,incl_biomass
DE.EEA/06-02-B2A100H003.FACILITY,Nynas GmbH & Co. KG Raffinerie Harburg,Germany,9.97024203411488,53.4865900821362,DE60,DE,incl_biomass
DK.CAED/000082948.FACILITY,Ørsted Asnæsværket,Denmark,11.079610019681116,55.659724727218695,DK02,DK,incl_biomass
UK.CAED/EW_EA-1988.FACILITY,Marchwood Transfer Station,United Kingdom,-1.454199,50.897923,UKJ3,UK,incl_biomass
BE.WA/112010000.FACILITY,ELECTRABEL - CENTRALE D'AMERCOEUR,Belgium,4.3954873,50.431004,BE32,BE,incl_biomass
ES.CAED/003518000.FACILITY,CENTRAL TERMICA DE SABON (CTCC SABON),Spain,-8.499971,43.332727,ES11,ES,incl_biomass
ES.CAED/004030000.FACILITY,"IBERDROLA GENERACION TERMICA, S.L.",Spain,-1.677389,42.169129,ES22,ES,incl_biomass
https://data.gov.sk/set/data/so/b4d884b3-4442-43db-a19c-ceb6e127960f/SK57093808.NRZ.FACILITY,"eustream, a.s. - Kompresorová stanica č. 2",Slovakia,20.664919,48.580306,SK04,SK,incl_biomass
BE.BRU/100010004.FACILITY,BRUXELLES ENERGIE,Belgium,4.38037,50.8831,BE10,BE,incl_biomass
IT.CAED/360452002.FACILITY,STABILIMENTO DI LONIGO,Italy,11.3631,45.4336,ITH3,IT,incl_biomass
UK.CAED/EW_EA-2764.FACILITY,Tyseley Energy from Waste Plant,United Kingdom,-1.8417493,52.458434,UKG3,UK,incl_biomass
EL.CAED/100120.FACILITY,G.M.M.S.A. LARCO,Greece,23.29475,38.56539,EL64,EL,incl_biomass
PL.MŚ/000000067.FACILITY,"CEMENTOWNIA ""WARTA"" SPÓŁKA AKCYJNA",Poland,18.9263877868652,51.1030540466309,PL71,PL,incl_biomass
IT.CAED/240332003.FACILITY,HEIDELBERG MATERIALS ITALIA CEMENTI S.p.A  (EX   ITALCEMENTI CEMENTERIA DI CALUSCO D`ADDA),Italy,9.4667,45.6847,ITC4,IT,incl_biomass
FR.CAED/8264.FACILITY,SUEZ RV ENERGIE,France,2.16141,48.90838,FR10,FR,incl_biomass
NL.RIVM/000049016.FACILITY,BECC B.V.,Netherlands,5.85219,51.75386,NL41,NL,incl_biomass
CZ.MZP.B642/CZ86471652.FACILITY,"SAKO Brno, a.s. - divize 3 ZEVO",Czechia,16.6670154,49.19038303,CZ06,CZ,incl_biomass
FR.CAED/5914.FACILITY,NOVACARB,France,6.26553,48.6394,FRF3,FR,incl_biomass
ES.CAED/001946000.FACILITY,"PLANTA DE GENERACIÓN DE ENERGÍA ELÉCTRICA, AGUA CALIENTE Y VAPOR",Spain,-6.698699,43.507663,ES12,ES,incl_biomass
FR.CAED/4291.FACILITY,EQIOM,France,5.56257,47.12532,FRC2,FR,incl_biomass
CZ.MZP.T802/CZ29145586.FACILITY,Provozovna Třinec,Czechia,18.64728154,49.68810552,CZ08,CZ,incl_biomass
PL.MŚ/000000156.FACILITY,CHP Zabrze,Poland,18.8105545043945,50.2980537414551,PL22,PL,incl_biomass
SE.CAED/10018827.Facility,"Perstorp Oxo AB, Stenungsund",Sweden,11.85685,58.09578,SE23,SE,incl_biomass
NL.RIVM/000064335.FACILITY,DS Smith De Hoop B.V.,Netherlands,6.05477,52.09757,NL22,NL,incl_biomass
https://registry.gdi-de.org/id/de.nw.inspire.pf.bube-eureg/arb-2017-112000-100-0229264,Stadtwerke Duisburg AG,Germany,6.74807,51.39051,DEA1,DE,incl_biomass
PL.MŚ/000000039.FACILITY,Elektrociepłownia Marcel Sp. z o.o.,Poland,18.4842758178711,50.0435981750488,PL22,PL,incl_biomass
FR.CAED/8528.FACILITY,COMPAGNIE PARISIENNE DE CHAUFFAGE URBAIN,France,2.32523,48.91203,FR10,FR,incl_biomass
AT.CAED/9008390509852.FACILITY,Baumit GmbH,Austria,16.085917,47.87225,AT12,AT,incl_biomass
FR.CAED/12044.FACILITY,EDF PRODUCTION ELECTRIQUE INSULAIRE SAS,France,9.4464,42.52691,FRM0,FR,incl_biomass
https://registry.gdi-de.org/id/de.bb.inspire.pf.eureg/23020136,LEIPA Georg Leinfelder Werk Schwedt Nord,Germany,14.31884,53.08676,DE40,DE,incl_biomass
FR.CAED/1080.FACILITY,PERIGORD ENERGIE,France,1.22656,45.12348,FRI1,FR,incl_biomass
http://paikkatiedot.fi/so/1002031/pf/ProductionFacility/0000002577.ProductionFacility,"Finnsementti Oy, Lappeenrannan sementtitehdas",Finland,28.17438,61.03057,FI1C,FI,incl_biomass
NO.EEA/1845.0004.01.FACILITY,Elkem Salten,Norway,15.5893822,67.36347,NO07,NO,incl_biomass
https://registry.gdi-de.org/id/de.by.inspire.pf.ied/S00719,"N-ERGIE Kraftwerke GmbH, Heizkraftwerke Sandreuth",Germany,11.06078956372636,49.43875040858933,DE25,DE,incl_biomass
LV.LVGMC.PRTR/310001.Facility,"AS ""Latvenergo"", Rīgas TEC-1",Latvia,24.183068,56.989796,LV00,LV,incl_biomass
IT.EEA/2007001075.FACILITY,CTEC LAMARMORA,Italy,10.212222,45.516389,ITC4,IT,incl_biomass
BE.EEA/vl01853961001717.FACILITY,ELECTRABEL CENTRALE MOL,Belgium,5.1101995,51.222977,BE21,BE,incl_biomass
UK.SEPA/200000052.Facility,Grangemouth Refinery,United Kingdom,-3.68694,56.02005,UKM7,UK,incl_biomass
NO.EEA/1850.0002.01.FACILITY,Norcem Kjøpsvik,Norway,16.3739433,68.09417,NO07,NO,incl_biomass
https://registry.gdi-de.org/id/de.by.inspire.pf.ied/S00935,"Heidelberg Materials AG, Zementwerk Lengfurt",Germany,9.617891164731216,49.80845200690917,DE26,DE,incl_biomass
SE.CAED/10017848.Facility,"Västhamnsverket, (VHV)",Sweden,12.69391,56.03393,SE22,SE,incl_biomass
IT.EEA/2007001682.FACILITY,CEMENTERIA DI CAGNANO AMITERNO,Italy,13.258611,42.463611,ITF1,IT,incl_biomass
ES.CAED/004984000.FACILITY,"AGROENERGÉTICA DE BAENA, S.L.",Spain,-4.295953,37.60976,ES61,ES,incl_biomass
https://data.ied_registry.omgeving.vlaanderen.be/id/productionfacility/BE.VL.000000717.FACILITY,TEREOS STARCH & SWEETENERS BELGIUM,Belgium,4.0448,50.93764,BE23,BE,incl_biomass
UK.CAED/EW_EA-1390.FACILITY,Barrow Gas Terminals EPR/BX1675IT,United Kingdom,-3.1841082,54.102414,UKD1,UK,incl_biomass
UK.CAED/EW_EA-2486.FACILITY,Vine Street Mrf,United Kingdom,-1.7776449,53.656308,UKE4,UK,incl_biomass
DE.EEA/06-05-500-0152577.FACILITY,Infracor GmbH,Germany,7.1030543339249,51.6783863835973,DEA3,DE,incl_biomass
AT.EEA/20000.00106.FACILITY,VERBUND Thermal Power GmbH & Co KG in Liqu.,Austria,15.923333,48.32611,AT12,AT,incl_biomass
SE.CAED/10023940.Facility,Rönnskärsverken,Sweden,21.26869,64.6681,SE33,SE,incl_biomass
SE.CAED/10016819.Facility,Kalkproduktion Storugns AB,Sweden,18.80276,57.84205,SE21,SE,incl_biomass
AT.CAED/9008390971345.FACILITY,VERBUND Thermal Power GmbH & Co KG,Austria,15.488333,46.911667,AT22,AT,incl_biomass
CH.CAED/000000122.Facility,Elsa Group SA / Site Estavayer,Switzerland,6.8516,46.846,CH02,CH,incl_biomass
NO.EEA/0000.0021.01.FACILITY,Sleipner Vest,Norway,1.716314,58.417244,UKM6,UK,incl_biomass
UK.CAED/EW_EA-5680.FACILITY,Glanford Brigg Generating Station EPR/ZP3133LM,United Kingdom,-0.50709491,53.540867,UKE1,UK,incl_biomass
https://data.ied_registry.omgeving.vlaanderen.be/id/productionfacility/BE.VL.000000015.FACILITY,VOPAK ENERGY PARK ANTWERP,Belgium,4.2884,51.32542,BE21,BE,incl_biomass
RO.CAED/104PH0001.FACILITY,SC OMV Petrom SA Brazi (cogenerare),Romania,25.9987928,44.8800279,RO31,RO,incl_biomass
IT.CAED/751002001.FACILITY,Italcementi di  Matera,Italy,16.6569,40.6753,ITF5,IT,incl_biomass
https://registry.gdi-de.org/id/de.by.inspire.pf.ied/S00056,AUDI AG,Germany,11.41976221579993,48.78419166756407,DE21,DE,incl_biomass
SE.CAED/10015586.Facility,"Kraftvärmeverket Torsvik, KVVT1 (avfall) och KVVT2 (flis)",Sweden,14.15166,57.69603,SE21,SE,incl_biomass
CZ.MZP.S203/CZ84874607.FACILITY,Teplárna Kladno - ELEKTRÁRNA KLADNO,Czechia,14.12858139,50.15349761,CZ02,CZ,incl_biomass
DE.EEA/18038.FACILITY,MIBRAG Mumsdorf,Germany,12.2607730981018,51.0711513135837,DEE0,DE,incl_biomass
UK.CAED/EW_EA-2497.FACILITY,Slough Heat and Power,United Kingdom,-0.6254345,51.523818,UKJ1,UK,incl_biomass
IT.CAED/740162005.FACILITY,Appia Energy S.r.l.,Italy,17.2758,40.4757,ITF4,IT,incl_biomass
GB.EEA/EW_EA-4093.FACILITY,"Tate & Lyle UK Limited, The Refinery, Greenwich",United Kingdom,0.0057519,51.4934,UKI5,UK,incl_biomass
NL.RIVM/000010689.FACILITY,Air Products Nederland BV (Botlek),Netherlands,4.25934,51.87894,NL33,NL,incl_biomass
https://registry.gdi-de.org/id/de.hb/de.hb.pf.bube-eureg.06-04-11/2001178/8/0,swb Erzeugung AG & Co. KG,Germany,8.87302,53.05928,DE50,DE,incl_biomass
https://registry.gdi-de.org/id/de.he.0945.de7.pf.eu_industrie/50000118,"Städtische Werke, Kraftwerk Kassel ",Germany,9.48333,51.27928,DE73,DE,incl_biomass
IT.EEA/2007000629.FACILITY,ENGIE PRODUZIONE SPA,Italy,10.448166,43.382016,ITI1,IT,incl_biomass
ES.CAED/000132000.FACILITY,"TIRME,S.A. COMPLEJO DE TRATAMIENTO INTEGRAL DE RESIDUOS URBANOS DE SON REUS",Spain,2.681217,39.644351,ES53,ES,incl_biomass
PL.MŚ/000000368.FACILITY,"Energetyka sp. z o.o. w Lubinie, Elektrociepłownia E-1 Lubin",Poland,16.1552772521973,51.4320831298828,PL51,PL,incl_biomass
UK.CAED/NRW170266.FACILITY,Pembroke Refinery,United Kingdom,-5.02788,51.68669,UKL1,UK,incl_biomass
CZ.MZP.T804/CZ32201987.FACILITY,"KOMTERM Morava, s. r. o.",Czechia,18.1333646194444,49.5833249694444,CZ08,CZ,incl_biomass
https://registry.gdi-de.org/id/de.nw.inspire.pf.bube-eureg/arb-2017-566028-800-4101019,WH Ibbenbüren,Germany,7.74155,52.28716,DEA3,DE,incl_biomass
NL.RIVM/000049006.FACILITY,WKC Moerdijk,Netherlands,4.58078,51.6849,NL41,NL,incl_biomass
https://registry.gdi-de.org/id/de.by.inspire.pf.ied/S00313,"Rhein Papier GmbH, Werk Plattling",Germany,12.865928455535094,48.7974904885365,DE22,DE,incl_biomass
ES.CAED/001829000.FACILITY,"ACCIONA ENERGÍA, S.A. (PLANTA DE BIOMASA DE SANGÜESA)",Spain,-1.28138,42.57708,ES22,ES,incl_biomass
FR.CAED/5952.FACILITY,VICAT,France,6.10325,48.5674,FRF3,FR,incl_biomass
ES.CAED/003687000.FACILITY,CEMENTOS REZOLA AÑORGA,Spain,-1.999106,43.286599,ES21,ES,incl_biomass
BG.CAED/003000001.FACILITY,Deven power station,Bulgaria,27.613583,43.202807,BG33,BG,incl_biomass
SE.CAED/10022522.Facility,Kraftvärmeverket Övik Energi A,Sweden,18.71087,63.27298,SE32,SE,incl_biomass
FR.CAED/10942.FACILITY,SA ETUD REALIS GESTION RESEAU CHALEUR ND,France,3.00309,50.6509,FRE1,FR,incl_biomass
IT.CAED/600151001.FACILITY,api Raffineria di Ancona spa,Italy,13.3813,43.6395,ITI3,IT,incl_biomass
DK.EEA/6458.FACILITY,"I/S VESTFORBRÆNDING, GLOSTRUP",Denmark,12.4216820860102,55.7066139939913,DK01,DK,incl_biomass
https://registry.gdi-de.org/id/de.by.inspire.pf.ied/S00400,"RW silicium GmbH, Werk Pocking",Germany,13.330244161361913,48.41872513309072,DE22,DE,incl_biomass
NL.EEA/44005.FACILITY,Essent Energie Productie BV (Dongecentrale),Netherlands,4.84757,51.69508,NL41,NL,incl_biomass
ES.CAED/003520000.FACILITY,CENTRAL TÉRMICA DEL NARCEA,Spain,-6.39473,43.291951,ES12,ES,incl_biomass
IT.CAED/101511001.FACILITY,CENTRALE TERMOELETTRICA DI COGENERAZIONE TORINO NORD,Italy,7.6105,45.103,ITC1,IT,incl_biomass
https://registry.gdi-de.org/id/de.by.inspire.pf.ied/S00015,GSB Sonderabfall-Entsorgung Bayern GmbH - Ebenhausen,Germany,11.478970850487306,48.694572005799685,DE21,DE,incl_biomass
https://data.ied_registry.omgeving.vlaanderen.be/id/productionfacility/BE.VL.000000661.FACILITY,INEOS PHENOL BELGIUM,Belgium,4.27366,51.29118,BE23,BE,incl_biomass
IT.EEA/2007000048.FACILITY,CENTRALE TERMOELETTRICA DI CONTARINA,Italy,12.240833,45.017777,ITH3,IT,incl_biomass
UK.CAED/EW_EA-1936.FACILITY,Cheshire Power Station,United Kingdom,-2.916116,53.29831,UKD6,UK,incl_biomass
https://registry.gdi-de.org/id/de.st.lau.pf.anlagen-ied-euregistry/100317,EUROGLAS AG ,Germany,11.58078,52.05757,DEE0,DE,incl_biomass
SE.CAED/10017067.Facility,Södra Cell Mörrum,Sweden,14.76467,56.16098,SE22,SE,incl_biomass
UK.CAED/EW_EA-896.FACILITY,Damhead Creek Power Station EPR/DP3933DN,United Kingdom,0.61157746,51.428059,UKJ4,UK,incl_biomass
NL.RIVM/000010061.FACILITY,Esso Nederland BV (Raffinaderij Rotterdam),Netherlands,4.29626,51.87221,NL33,NL,incl_biomass
UK.CAED/BEISOffsh-Heather.FACILITY,Heather Alpha,United Kingdom,0.12183,60.12358,UKM6,UK,incl_biomass
FR.CAED/12675.FACILITY,TEREOS FRANCE,France,1.88246,48.08478,FRB0,FR,incl_biomass
ES.CAED/005666000.FACILITY,CENTRE DE TRACTAMENT DE RESIDUS MUNICIPALS DE SOLIUS,Spain,2.937106,41.799173,ES51,ES,incl_biomass
DK.CAED/000105658.FACILITY,Fjernvarme Fyn Affaldsenergi,Denmark,10.405211661181568,55.42782102817274,DK03,DK,incl_biomass
PL.MŚ/000000221.FACILITY,"Huta Cynku ""Miasteczko Śląskie"" S.A.",Poland,18.9307708740234,50.5025901794434,PL22,PL,incl_biomass
ES.CAED/007626000.FACILITY,CENTRAL DE CICLO COMBINADO AS PONTES,Spain,-7.862932,43.447809,ES11,ES,incl_biomass
PL.MŚ/000000596.FACILITY,Polenergia Elektrociepłownia Nowa Sarzyna Spółka z o.o.,Poland,22.3233337402344,50.3172225952148,PL82,PL,incl_biomass
BG.CAED/004000017.FACILITY,Teheko Energy power station,Bulgaria,25.304722,43.641945,BG32,BG,incl_biomass
http://paikkatiedot.fi/so/1002031/pf/ProductionFacility/0000003574.ProductionFacility,"ESE-Energia Oy, PURSIALAN VOIMALAITOS",Finland,27.28942,61.66892,FI1D,FI,incl_biomass
http://paikkatiedot.fi/so/1002031/pf/ProductionFacility/0000020744.ProductionFacility,"Oy Alholmens Kraft Ab, Pietarsaaren voimalaitos",Finland,22.7037,63.7046,FI19,FI,incl_biomass
FR.EEA/065.06558.FACILITY,Centre de Production Thermique de VITRY SUR SEINE,France,2.39,48.78,FR10,FR,incl_biomass
https://registry.gdi-de.org/id/de.nw.inspire.pf.bube-eureg/arb-2017-316000-300-9970711,Currenta GmbH & Co. OHG Entsorgungszentrum Bürrig,Germany,6.96823,51.04141,DEA2,DE,incl_biomass
AT.CAED/9008391215721.FACILITY,ROHRDORFER ZEMENT GmbH,Austria,13.778,47.922778,AT31,AT,incl_biomass
https://registry.gdi-de.org/id/de.by.inspire.pf.ied/S00053,Müllverwertungsanlage Ingolstadt,Germany,11.492979449703324,48.76433927468097,DE21,DE,incl_biomass
RO.CAED/101CT0002.FACILITY,SC ROMPETROL RAFINARE SA - punct de lucru Rompetrol Rafinare - Navodari,Romania,28.646779,44.339117,RO22,RO,incl_biomass
https://registry.gdi-de.org/id/de.nw.inspire.pf.bube-eureg/arb-2017-314000-300-0362088,Müllverwertungsanlage Bonn GmbH,Germany,7.0775,50.73361,DEA2,DE,incl_biomass
https://registry.gdi-de.org/id/de.nw.inspire.pf.bube-eureg/arb-2017-711000-700-0297171,MVA Bielefeld-Herford GmbH,Germany,8.60626,52.04257,DEA4,DE,incl_biomass
https://registry.gdi-de.org/id/de.st.lau.pf.anlagen-ied-euregistry/100464,PreZero Energy Zorbau GmbH ,Germany,12.01945,51.18156,DEE0,DE,incl_biomass
NO.EEA/192295.FACILITY,Wacker Chemicals Norway,Norway,9.143573,63.3178329,NO06,NO,incl_biomass
NL.RIVM/000071105.FACILITY,Nobian Chemicals BV (Hengelo),Netherlands,6.79425,52.24675,NL21,NL,incl_biomass
AT.CAED/9008390661741.FACILITY,OMV Downstream GmbH,Austria,16.493889,48.144722,AT12,AT,incl_biomass
ES.CAED/001914000.FACILITY,TUDELA VEGUIN - FÁBRICA DE CALES Y CEMENTOS DE TUDELA VEGUÍN,Spain,-5.773367,43.330897,ES12,ES,incl_biomass
FR.CAED/13703.FACILITY,PAPREC ENERGIES 66,France,2.76435,42.73443,FRJ1,FR,incl_biomass
https://registry.gdi-de.org/id/de.by.inspire.pf.ied/S00904,Palm Power GmbH & Co. KG,Germany,10.652985674629509,49.9840533037844,DE26,DE,incl_biomass
https://registry.gdi-de.org/id/de.by.inspire.pf.ied/S00962,"Südzucker AG, Werk Ochsenfurt",Germany,10.080158129789456,49.66662751803512,DE26,DE,incl_biomass
CZ.MZP.T806/CZ90276630.FACILITY,"BorsodChem MCHZ, s.r.o.",Czechia,18.23310059,49.83498533,CZ08,CZ,incl_biomass
https://registry.gdi-de.org/id/de.nw.inspire.pf.bube-eureg/arb-2017-113000-100-0866675,Verallia Deutschland AG,Germany,6.99564,51.53004,DEA1,DE,incl_biomass
https://registry.gdi-de.org/id/de.sh/10030084,Steinbeis Energie GmbH ,Germany,9.426,53.78149,DEF0,DE,incl_biomass
BE.WA/035010000.FACILITY,DOLOMIES DE MARCHE-LES-DAMES,Belgium,4.979032,50.47862,BE35,BE,incl_biomass
CY.CAED/0020020000.FACILITY,"Electricity Authority of Cyprus, Dhekelia Power Station",Cyprus,33.7462,34.9801,CY00,CY,incl_biomass
https://registry.gdi-de.org/id/de.by.inspire.pf.ied/S00857,Müllheizkraftwerk Würzburg,Germany,9.994592637697522,49.79268123123012,DE26,DE,incl_biomass
CZ.MZP.B645/CZ68607441.FACILITY,"Elektrárny Poříčí, Hodonín, lokalita Hodonín",Czechia,17.1197165,48.84695965,CZ06,CZ,incl_biomass
FR.CAED/4455.FACILITY,SYND ETU REALIS POUR TRAIT INTER DECHET,France,6.9233,47.55402,FRC2,FR,incl_biomass
IT.EEA/2007001005.FACILITY,Centrale BG ITALIA POWER di Sulmona,Italy,13.901944,42.077222,ITF1,IT,incl_biomass
ES.CAED/004771000.FACILITY,COGENERACIÓN DE CICLO COMBINADO,Spain,-2.0371,39.9968,ES42,ES,incl_biomass
RO.CAED/102GL0001.FACILITY,LIBERTY GALATI SA,Romania,27.972194,45.440355,RO22,RO,incl_biomass
PL.MŚ/000000586.FACILITY,"Grupa Azoty Zakłady Azotowe ""Puławy"" S.A.",Poland,21.9740314483643,51.4607086181641,PL81,PL,incl_biomass
BE.WA/027010000.FACILITY,CCB - Site de Gaurain-Ramecroix,Belgium,3.4877694,50.600388,BE32,BE,incl_biomass
UK.SEPA/200001997.Facility,Steven's Croft Power Station,United Kingdom,-3.38077,55.15282,UKM9,UK,incl_biomass
https://registry.gdi-de.org/id/de.nw.inspire.pf.bube-eureg/arb-2017-114000-100-9021016,CURRENTA GmbH & Co. OHG,Germany,6.66238,51.36819,DEA1,DE,incl_biomass
AT.CAED/9008390537091.FACILITY,Sappi Austria Produktions-GmbH & Co. KG,Austria,15.334056,47.134111,AT22,AT,incl_biomass
DE.EEA/06-05-900-0320357.FACILITY,E.ON Kraftwerke GmbH Kraftwerk Knepper,Germany,7.35018182742593,51.5685263598373,DEA5,DE,incl_biomass
FR.CAED/5235.FACILITY,EUROFLOAT,France,4.79524,45.33358,FRK2,FR,incl_biomass
https://registry.gdi-de.org/id/de.bw.lubw.inspire.pf/pf-450-7897669-00000000,Holcim (Süddeutschland) GmbH ,Germany,8.77911,48.22701,DE14,DE,incl_biomass
FR.CAED/9077.FACILITY,OCTAV,France,4.0814,43.67549,FRJ1,FR,incl_biomass
DE.EEA/06-00082310532.FACILITY,HeidelbergCement AG - Zementwerk Wetzlar,Germany,8.49570556537677,50.569119279654,DE72,DE,incl_biomass
https://registry.gdi-de.org/id/de.hb/de.hb.pf.bube-eureg.06-04-11/2000122/0/0,Gemeinschaftskraftwerk Bremen GmbH & Co. KG ,Germany,8.68266,53.12908,DE50,DE,incl_biomass
IT.EEA/2007000156.FACILITY,Italcementi di Monselice,Italy,11.716667,45.233333,ITH3,IT,incl_biomass
PL.MŚ/000000309.FACILITY,SAINT-GOBAIN INNOVATIVE MATERIALS POLSKA SPÓŁKA Z O.O. ODDZIAŁ GLASS,Poland,19.3013935089111,50.3058013916016,PL22,PL,incl_biomass
ES.CAED/003519000.FACILITY,CENTRAL TERMICA DE MEIRAMA,Spain,-8.410616,43.170181,ES11,ES,incl_biomass
UK.CAED/EW_EA-1814.FACILITY,Stallingborough  Titanium Dioxide Site,United Kingdom,-0.16025843,53.614694,UKE1,UK,incl_biomass
PL.MŚ/000000894.FACILITY,"""Homanit Polska Spółka z Ograniczoną Odpowiedzialnością i Spółka"" Spółka Komandytowa",Poland,15.8714532852173,54.062931060791,PL42,PL,incl_biomass
https://registry.gdi-de.org/id/de.bb.inspire.pf.eureg/16018080,EEW Energy from Waste Premnitz GmbH,Germany,12.35994,52.5275,DE40,DE,incl_biomass
FR.EEA/059.06226.FACILITY,SOLVAY Tavaux SAS,France,5.4,47.03,FRC2,FR,incl_biomass
RO.CAED/101MS0001.FACILITY,SNGN ROMGAZ SA MEDIAS - Sucursala de Productie Energie Electrica Iernut,Romania,24.183442,46.467739,RO12,RO,incl_biomass
https://registry.gdi-de.org/id/de.by.inspire.pf.ied/S00018,Heizkraftwerk Altenstadt GmbH & Co. KG,Germany,10.859167191786426,47.79750761485306,DE21,DE,incl_biomass
SE.CAED/10014983.Facility,Kraftvärmeverket i Linköping,Sweden,15.62498,58.41941,SE12,SE,incl_biomass
IT.EEA/2007001736.FACILITY,Raffineria ISAB Impianti SUD,Italy,15.219444,37.135555,ITG1,IT,incl_biomass
NL.RIVM/000204851.FACILITY,Air Products HyCO 4 (Botlekweg),Netherlands,4.28743,51.87,NL33,NL,incl_biomass
FR.CAED/5125.FACILITY,SAICA PAPER FRANCE,France,4.81297,45.21534,FRK2,FR,incl_biomass
ES.CAED/003564000.FACILITY,"CALGOV, S.A.",Spain,-4.857662,37.274125,ES61,ES,incl_biomass
https://registry.gdi-de.org/id/de.be.pf.lisa/172654,BEW HKW Mitte ,Germany,13.42063,52.51159,DE30,DE,incl_biomass
FR.CAED/11114.FACILITY,COVALYS,France,3.11018,50.7824,FRE1,FR,incl_biomass
DK.CAED/000096042.FACILITY,Volstrup Teglværk,Denmark,10.42680304834172,57.32417928426607,DK05,DK,incl_biomass
GB.EEA/DECCOffsh-Murchison.FACILITY,Murchison,United Kingdom,1.74042,61.3969,UKM6,UK,incl_biomass
CH.CAED/000000372.Facility,Cremo SA,Switzerland,7.1244,46.7992,CH02,CH,incl_biomass
UK.CAED/BEISOffsh-Global-Producer-III.FACILITY,Global Producer III FPSO,United Kingdom,1.65833,59.56194,UKM6,UK,incl_biomass
IT.CAED/070461001.FACILITY,Centrale Fiume Santo,Italy,8.2991,40.8516,ITG2,IT,incl_biomass
IT.EEA/2007000161.FACILITY,Italcementi di Sarche di Calavino,Italy,10.963888,46.040555,ITH2,IT,incl_biomass
ES.CAED/000602000.FACILITY,"CERÁMICA NULENSE, S.A.",Spain,-0.172821,39.855976,ES52,ES,incl_biomass
CZ.MZP.U422/CZ88427918.FACILITY,"ACTHERM, spol. s r.o., odštěpný závod Chomutov",Czechia,13.4273983194444,50.4621832111111,CZ04,CZ,incl_biomass
PL.MŚ/000000630.FACILITY,Zakłady Wapiennicze Lhoist S.A. Jednostka Produkcyjna w Tarnowie Opolskim,Poland,18.0791759490967,50.5646171569824,PL52,PL,incl_biomass
ES.CAED/005717000.FACILITY,CENTRAL TERMICA DE CICLE COMBINAT (SANT ADRIÀ DE BESÒS - GRUP 3),Spain,2.230771,41.421186,ES51,ES,incl_biomass
HR.CAED/000000067.FACILITY,Rafinerija nafte Rijeka,Croatia,14.5342,45.28543,HR03,HR,incl_biomass
http://paikkatiedot.fi/so/1002031/pf/ProductionFacility/0000003158.ProductionFacility,"Kuopion Energia Oy, Haapaniemen voimalaitos",Finland,27.67666,62.87962,FI1D,FI,incl_biomass
https://registry.gdi-de.org/id/de.bw.lubw.inspire.pf/pf-450-1020129-00000000,EnBW HKW Heilbronn ,Germany,9.20759,49.17562,DE11,DE,incl_biomass
ES.CAED/000121000.FACILITY,A.G. CEMENTOS BALBOA,Spain,-6.483457,38.378807,ES43,ES,incl_biomass
FR.CAED/662.FACILITY,SMURFIT WESTROCK CELLULOSE DU PIN,France,-0.97612,44.62884,FRI1,FR,incl_biomass
EL.CAED/100035.FACILITY,PPC S.A. SES KARDIAS,Greece,21.78838,40.40715,EL53,EL,incl_biomass
FR.CAED/10785.FACILITY,EQIOM,France,2.11284,50.699,FRE1,FR,incl_biomass
PT.CAED/PT.APA05765162.CI,NAVIGATOR Setúbal (CI),Portugal,-8.80816,38.493319,PT17,PT,incl_biomass
HR.CAED/000000223.FACILITY,"INA d.d. Istr. i proizv. NiP, Proizvodna jedinica-procesi, Objekti frakcionacije Ivanić Grad",Croatia,16.39852,45.71722,HR06,HR,incl_biomass
http://paikkatiedot.fi/so/1002031/pf/ProductionFacility/0000001592.ProductionFacility,"UPM-Kymmene Oyj, Kaukaan tehtaat",Finland,28.24899,61.06625,FI1C,FI,incl_biomass
PL.MŚ/000000062.FACILITY,"Cementownia ""Odra"" S.A.",Poland,17.9139156341553,50.6806411743164,PL52,PL,incl_biomass
SI.ARSO/000000019.FACILITY,HSE-Energetska družba Trbovlje,Slovenia,15.061139,46.125756,SI03,SI,incl_biomass
ES.CAED/001982000.FACILITY,CENTRAL DIESEL LOS GUINCHOS,Spain,-17.791705,28.662979,ES70,ES,incl_biomass
IT.CAED/301751002.FACILITY,CENTRALE TERMOELETTRICA DI MARGHERA AZOTATI,Italy,12.2383,45.4619,ITH3,IT,incl_biomass
UK.LAED/E263_64.FACILITY,Saint-Gobain Glass (UNITED KINGDON ) LTD,United Kingdom,-1.13882,53.7056,UKE2,UK,incl_biomass
UK.CAED/EW_EA-1561.FACILITY,Ferrybridge C Power Station EPR/VP3337SR,United Kingdom,-1.2817283,53.71674,UKE4,UK,incl_biomass
https://data.gov.sk/set/data/so/b4d884b3-4442-43db-a19c-ceb6e127960f/SK57047713a.NRZ.FACILITY,BUKÓZA ENERGO a.s. - Výroba energií,Slovakia,21.736244,48.858408,SK04,SK,incl_biomass
https://registry.gdi-de.org/id/de.nw.inspire.pf.bube-eureg/arb-2017-362008-300-0326774,RWE Power AG Kraftwerk Niederaußem,Germany,6.66658,50.97093,DEA2,DE,incl_biomass
SE.EEA/1380-136.FACILITY,Pilkington Floatglas AB,Sweden,12.9366309,56.6366085,SE23,SE,incl_biomass
UK.CAED/EW_EA-2397.FACILITY,Rye House Power Station EPR/RP3632SF,United Kingdom,0.0087891239,51.761606,UKH2,UK,incl_biomass
https://data.ied_registry.omgeving.vlaanderen.be/id/productionfacility/BE.VL.000000169.FACILITY,TotalEnergies Refinery Antwerp,Belgium,4.32261,51.27011,BE21,BE,incl_biomass
NO.EEA/1037.0010.01.FACILITY,Eramet Norway Kvinesdal,Norway,6.891349,58.2768364,NO09,NO,incl_biomass
CZ.MZP.A100/CZ43518031.FACILITY,závod Radotín,Czechia,14.33978782,49.99618792,CZ01,CZ,incl_biomass
https://data.gov.sk/set/data/so/b4d884b3-4442-43db-a19c-ceb6e127960f/SK47050608.NRZ.FACILITY,"SMZ, a.s. Jelšava - Výroba magnezitového slinku v rotačných šachtových peciach",Slovakia,20.223414,48.647483,SK03,SK,incl_biomass
FR.CAED/5422.FACILITY,TOTALENERGIES RAFFINAGE FRANCE,France,4.86113,45.67743,FRK2,FR,incl_biomass
SE.CAED/10022056.Facility,Karskärsverket,Sweden,17.27094,60.68225,SE31,SE,incl_biomass
LT.CAED/153009143.FACILITY,"AB ""Akmenės cementas""",Lithuania,22.911998,56.314417,LT02,LT,incl_biomass
IT.CAED/200972003.FACILITY,Centrale di Cogenerazione,Italy,9.2828,45.4172,ITC4,IT,incl_biomass
IT.CAED/350432003.FACILITY,BUZZI UNICEM SRL,Italy,,,,,incl_biomass
ES.CAED/002586000.FACILITY,CEMEX ESPAÑA-ALICANTE (CEMENTO BLANCO),Spain,-0.541845,38.378608,ES52,ES,incl_biomass
https://registry.gdi-de.org/id/de.nw.inspire.pf.bube-eureg/arb-2017-170044-100-0431554,Kraftwerk Voerde beschränkt haftende oHG Kraftwerk Voerde Blöcke A und B,Germany,6.68191648123606,51.57850291919513,DEA1,DE,incl_biomass
NL.EEA/114002.FACILITY,Nuon Power Generation BV (HWC Hogering),Netherlands,5.21568,52.38831,NL23,NL,incl_biomass
https://registry.gdi-de.org/id/de.by.inspire.pf.ied/S00334,Kelheim Fibres GmbH,Germany,11.903295825411895,48.906098456176544,DE22,DE,incl_biomass
NL.RIVM/000104710.FACILITY,ESD-SIC BV,Netherlands,6.96542,53.2972,NL11,NL,incl_biomass
ES.CAED/001606000.FACILITY,ACERINOX EUROPA S.A.U.,Spain,-5.421245,36.183927,ES61,ES,incl_biomass
PL.EEA/12S000296.FACILITY,"TAURON WYTWARZANIE S.A., Oddział Zespół Elektrociepłowni Bielsko-Biała, Elektrociepłownia Bielsko-Biała EC1 ",Poland,19.0525,49.812,PL22,PL,incl_biomass
HU.OKIR/101537691.FACILITY,Holcim Magyarország Kft.,Hungary,17.98419,46.016013,HU23,HU,incl_biomass
PT.EEA/100001502.FACILITY,Repsol-Produção de Electricidade e Calor - ACE,Portugal,-8.83216,37.984,PT18,PT,incl_biomass
FR.EEA/072.01529.FACILITY,Lafarge ciments - Usine de La Couronne,France,0.1,45.6,FRI3,FR,incl_biomass
CZ.MZP.U426/CZ50009387.FACILITY,"Závod Řetenice, Servisní středisko",Czechia,13.80121838,50.64063215,CZ04,CZ,incl_biomass
https://registry.gdi-de.org/id/de.nw.inspire.pf.bube-eureg/arb-2017-770028-700-0105516,Uniper Kraftwerke GmbH Kraftwerk Heyden,Germany,8.996,52.38282,DEA4,DE,incl_biomass
IT.CAED/100341001.FACILITY,CENTRALE TERMOELETTRICA DI CHIVASSO,Italy,7.9005,45.1854,ITC1,IT,incl_biomass
https://registry.gdi-de.org/id/de.by.inspire.pf.ied/S00557,"MEGAL Mittel-Europäische-Gasleitungsgesellschaft mbH & Co. KG, Erdgasverdichterstation Waidhaus",Germany,12.513694517670949,49.65518948455945,DE23,DE,incl_biomass
IT.CAED/170142003.FACILITY,ITALIANA COKE SRL,Italy,8.2897,44.3808,ITC3,IT,incl_biomass
ES.CAED/002710000.FACILITY,DOLOMITAS DEL NORTE,Spain,-3.21759,43.37949,ES13,ES,incl_biomass
UK.CAED/EW_EA-16042.FACILITY,Saltend Chemical Site,United Kingdom,-0.235272,53.73718,UKE1,UK,incl_biomass
UK.SEPA/200002509.Facility,Markinch Biomass CHP,United Kingdom,-3.16208,56.20153,UKM7,UK,incl_biomass
EL.CAED/100076.FACILITY,TITAN CEMENT S.A. - KAMARI PLANT,Greece,23.52458,38.13018,EL64,EL,incl_biomass
http://paikkatiedot.fi/so/1002031/pf/ProductionFacility/0000001291.ProductionFacility,"UPM Communication Papers Oy, Kaipolan tehdas",Finland,25.23839,61.81047,FI19,FI,incl_biomass
PL.MŚ/000000355.FACILITY,PGE Górnictwo i Energetyka Konwencjonalna S.A. - Oddział Elektrociepłownia Gorzów - EC Gorzów,Poland,15.2688055038452,52.750862121582,PL43,PL,incl_biomass
https://registry.gdi-de.org/id/de.bw.lubw.inspire.pf/pf-450-34064722-00000000,Kraftwerk Grenzach-Wyhlen ,Germany,7.66225,47.55009,DE13,DE,incl_biomass
IT.CAED/850592002.FACILITY,Centro Olio Val d'Agri,Italy,15.8972,40.3136,ITF5,IT,incl_biomass
https://registry.gdi-de.org/id/de.by.inspire.pf.ied/S01047,Lech-Stahlwerke GmbH,Germany,10.86020423692544,48.51065656011756,DE27,DE,incl_biomass
FR.CAED/8312.FACILITY,ELECTRICITE DE FRANCE,France,1.76457,48.9885,FR10,FR,incl_biomass
PL.MŚ/000000009.FACILITY,ENERGA ELEKTROWNIE OSTROŁĘKA SPÓŁKA AKCYJNA,Poland,21.6120281219482,53.1044425964355,PL92,PL,incl_biomass
SE.CAED/10016795.Facility,"Heidelberg Materials Cement Sverige AB, Slitefabriken",Sweden,18.80539,57.71172,SE21,SE,incl_biomass
PL.MŚ/000000129.FACILITY,Zakład Wytwarzania Bielsko-Biała EC2,Poland,19.0297222137451,49.875,PL22,PL,incl_biomass
IT.CAED/330101001.FACILITY,Centrale compressione gas di Malborghetto,Italy,13.4158,46.5038,ITH4,IT,incl_biomass
UK.CAED/EW_EA-16978.FACILITY,Suffolk EfW Facility EPR/WP3438HZ,United Kingdom,1.0985239,52.103972,UKH1,UK,incl_biomass
UK.CAED/EW_EA-16635.FACILITY,Melton Ross Lime Works EPR/BL8805IZ,United Kingdom,-0.37976187,53.587303,UKE1,UK,incl_biomass
HU.EEA/101855300.FACILITY,Dunai Gőzfejlesztő Kft.,Hungary,18.900174,47.281421,HU12,HU,incl_biomass
PL.MŚ/000000518.FACILITY,TŁOCZNIA GAZU SZAMOTUŁY,Poland,16.5546207427979,52.565055847168,PL41,PL,incl_biomass
https://registry.gdi-de.org/id/de.nw.inspire.pf.bube-eureg/arb-2017-113000-100-0327911,TRIMET Aluminium SE,Germany,6.96817,51.49005,DEA1,DE,incl_biomass
CZ.MZP.M715/CZ18806508.FACILITY,VÁPENKA VITOŠOV s.r.o.,Czechia,16.94784761,49.85958766,CZ07,CZ,incl_biomass
UK.CAED/BEISOffsh-Bruce.FACILITY,Bruce,United Kingdom,1.67096,59.74243,UKM6,UK,incl_biomass
EL.CAED/100630.FACILITY,GRECIAN MAGNESITE YERAKINI,Greece,23.44638,40.28608,EL52,EL,incl_biomass
AT.CAED/9008390973899.FACILITY,Energie AG Oberösterreich Umwelt Service GmbH,Austria,14.076083,48.169833,AT31,AT,incl_biomass
DE.EEA/17928.FACILITY,Zellstoff Stendal GmbH,Germany,11.9858983281428,52.6906182450519,DEE0,DE,incl_biomass
http://paikkatiedot.fi/so/1002031/pf/ProductionFacility/0000011179.ProductionFacility,"Sappi Finland Operations Oy, Kirkniemen voimalaitos",Finland,23.94552,60.19051,FI1B,FI,incl_biomass
PL.MŚ/000000169.FACILITY,Ciepłownia Główna,Poland,22.9672222137451,54.1044425964355,PL84,PL,incl_biomass
IT.CAED/960101003.FACILITY,"ENEL PRODUZIONE SPA - CENTRALE ""ARCHIMEDE"" DI PRIOLO GARGALLO",Italy,15.2164,37.1399,ITG1,IT,incl_biomass
https://registry.gdi-de.org/id/de.nw.inspire.pf.bube-eureg/arb-2017-124000-100-0030723,WSW Energie & Wasser AG,Germany,7.120125897499348,51.248172531221,DEA1,DE,incl_biomass
http://paikkatiedot.fi/so/1002031/pf/ProductionFacility/0000001406.ProductionFacility,"MM Kotkamills Boards Oy, Kotkan tehtaat",Finland,26.95694,60.46577,FI1C,FI,incl_biomass
SE.CAED/10014984.Facility,Gärstadverket,Sweden,15.65453,58.43668,SE12,SE,incl_biomass
NO.EEA/0000.0047.02.FACILITY,Troll Vest (B og C),Norway,4.823304,60.6366158,NO0A,NO,incl_biomass
BG.CAED/017000006.FACILITY,Bobov dol power station,Bulgaria,23.0344,42.285164,BG41,BG,incl_biomass
RO.EEA/RO1BC_42.FACILITY,SC AMURCO  SRL BACAU,Romania,26.9433055,46.5142777,RO21,RO,incl_biomass
https://registry.gdi-de.org/id/de.nw.inspire.pf.bube-eureg/arb-2017-566044-500-0109203,Calcis Lienen GmbH & Co.KG,Germany,7.96906,52.16274,DEA3,DE,incl_biomass
UK.CAED/EW_EA-2520.FACILITY,SELCHP Energy Recovery Facility,United Kingdom,-0.046436737,51.485479,UKI4,UK,incl_biomass
IT.CAED/400572001.FACILITY,FRULLO ENERGIA AMBIENTE S.R.L.,Italy,11.4311,44.5239,ITH5,IT,incl_biomass
RO.CAED/108DB0001.FACILITY,HEIDELBERG MATERIALS ROMANIA SA - Sucursala Fieni,Romania,25.41758611,45.12266666,RO31,RO,incl_biomass
NO.EEA/1146.0006.01.FACILITY,Naturkraft Kårstø,Norway,5.517933,59.27447,NO0A,NO,incl_biomass
NO.EEA/1135.0001.01.FACILITY,"ERAMET NORWAY AS, Sauda",Norway,6.360833,59.646965,NO0A,NO,incl_biomass
https://registry.gdi-de.org/id/de.sh/10038078,Holcim (Deutschland) GmbH ,Germany,9.57999,53.87707,DEF0,DE,incl_biomass
https://registry.gdi-de.org/id/de.by.inspire.pf.ied/S00727,"Uniper Kraftwerke GmbH, Kraftwerk Franken I",Germany,11.007678812277526,49.42082981139423,DE25,DE,incl_biomass
ES.CAED/005718000.FACILITY,CENTRAL TERMICA DE CICLE COMBINAT TARRAGONA 1,Spain,1.191858,41.109931,ES51,ES,incl_biomass
RO.CAED/102BB0001.FACILITY,SC ELECTROCENTRALE BUCURESTI SA - Cet Bucuresti Sud,Romania,26.155651,44.405821,RO32,RO,incl_biomass
FR.CAED/6581.FACILITY,LAFARGE CIMENTS,France,-1.04102,48.11938,FRG0,FR,incl_biomass
https://registry.gdi-de.org/id/de.nw.inspire.pf.bube-eureg/arb-2017-962024-900-0235202,AMK Abfallentsorgungsgesellschaft des Märkischen Kreises mbH,Germany,7.69614,51.39787,DEA5,DE,incl_biomass
CH.CAED/000000435.Facility,Arxada AG,Switzerland,7.8914,46.299,CH01,CH,incl_biomass
AT.CAED/9008390972489.FACILITY,WIEN ENERGIE GmbH,Austria,16.432,48.182,AT13,AT,incl_biomass
FR.EEA/062.05633.FACILITY,EDF - Centre de Production de LA MAXE,France,6.15,49.16,FRF3,FR,incl_biomass
ES.CAED/000704000.FACILITY,"BP ENERGÍA ESPAÑA, S.A.",Spain,0.014574,39.976742,ES52,ES,incl_biomass
UK.CAED/BEISOffsh-Inde-49-23-A.FACILITY,Indefatigable AC,United Kingdom,2.57501,53.32361,UKH1,UK,incl_biomass
CZ.MZP.S207/CZ92220409.FACILITY,Teplárna ŠKO-ENERGO s.r.o.,Czechia,14.93453297,50.41783895,CZ02,CZ,incl_biomass
https://registry.gdi-de.org/id/de.by.inspire.pf.ied/S00135,Gunvor Raffinerie Ingolstadt GmbH,Germany,11.472950828513063,48.7893600121951,DE21,DE,incl_biomass
DK.CAED/000104565.FACILITY,H. Lundbeck A/S,Denmark,11.509317235208805,55.943369885765065,DK02,DK,incl_biomass
HU.OKIR/100289649.FACILITY,Linde Gáz Magyarország Zrt.,Hungary,20.682133,48.230315,HU31,HU,incl_biomass
IE.CAED/P0561.FACILITY,Electricity Supply Board (Aghada),Ireland,-8.233573,51.835582,IE05,IE,incl_biomass
PL.MŚ/000000123.FACILITY,TAURON Wytwarzanie S.A Elektrownia Łagisza,Poland,19.1416664123535,50.3499984741211,PL22,PL,incl_biomass
FR.CAED/5161.FACILITY,VICAT,France,5.42269,45.79881,FRK2,FR,incl_biomass
FR.CAED/6792.FACILITY,ALCEA,France,-1.50494,47.22358,FRG0,FR,incl_biomass
HU.OKIR/100377441.FACILITY,Arconic-Köfém Mill Products Hungary KFT.,Hungary,18.467243,47.189803,HU21,HU,incl_biomass
RO.CAED/107PH0001.FACILITY,SC VEOLIA ENERGIE  PRAHOVA SRL,Romania,26.009166,44.882674,RO31,RO,incl_biomass
ES.CAED/000359000.FACILITY,"MONTEFIBRE HISPANIA, S.A.",Spain,-2.9233,42.6825,ES41,ES,incl_biomass
https://registry.gdi-de.org/id/de.nw.inspire.pf.bube-eureg/arb-2017-362040-300-0420058,Evonik Operations GmbH - Werk Wesseling,Germany,6.97511,50.83174,DEA2,DE,incl_biomass
https://registry.gdi-de.org/id/de.nw.inspire.pf.bube-eureg/arb-2017-119000-100-0431192,Gemeinschafts-Müllverbrennungsanlage Niederrhein GmbH,Germany,6.83334,51.48444,DEA1,DE,incl_biomass
HU.EEA/HU-100506085.FACILITY,Linde Gáz Magyarország Zrt.,Hungary,20.641151,48.244695,HU31,HU,incl_biomass
EE.KAUR.TTR/135.FACILITY,"Utilitas Tallinna Elektrijaam OÜ, Tallinna elektrijaam",Estonia,24.9053950825,59.4373788831,EE00,EE,incl_biomass
PL.MŚ/000000021.FACILITY,KOKSOWNIA RADLIN,Poland,18.4866676330566,50.0377769470215,PL22,PL,incl_biomass
SE.CAED/10018676.Facility,Södra Cell Värö,Sweden,12.17193,57.22166,SE23,SE,incl_biomass
https://registry.gdi-de.org/id/de.nw.inspire.pf.bube-eureg/arb-2017-362008-800-0197043,RWE Power AG-Fabrik Fortuna Nord,Germany,6.65805,50.98695,DEA2,DE,incl_biomass
UK.SEPA/200000034.Facility,Longannet Power Station,United Kingdom,-3.68255,56.04996,UKM7,UK,incl_biomass
BE.WA/029010000.FACILITY,HEIDELBERG MATERIALS BENELUX s.a. - Site d'Antoing,Belgium,3.442585,50.576035,BE32,BE,incl_biomass
RO.EEA/RO4MH_12.FACILITY,REGIA AUTONOMA PENTRU ACTIVITATI NUCLEARE - Sucursala Romag Termo,Romania,22.688333,44.675444,RO41,RO,incl_biomass
PL.MŚ/000000167.FACILITY,Przedsiębiorstwo Energetyczne w Siedlcach Sp. z o.o.,Poland,22.3036079406738,52.1589508056641,PL92,PL,incl_biomass
UK.CAED/EW_EA-3048.FACILITY,West Burton Power Station EPR/SP3935LW,United Kingdom,-0.81153637,53.360724,UKF1,UK,incl_biomass
NL.RIVM/000042034.FACILITY,FrieslandCampina DMV B.V.,Netherlands,5.52509,51.61507,NL41,NL,incl_biomass
UK.CAED/EW_EA-15375.FACILITY,Partington Paper Mill EPR/ZP3736XH,United Kingdom,-2.4193716,53.425585,UKD3,UK,incl_biomass
SE.CAED/10014265.Facility,"NYNAS AB, Oljeraffinaderiet i Nynäshamn",Sweden,17.96672,58.92093,SE11,SE,incl_biomass
DE.EEA/06-05-500-0875741.FACILITY,Evonik Stockhausen GmbH,Germany,7.10303987874825,51.6783861500897,DEA3,DE,incl_biomass
IT.CAED/421242002.FACILITY,IREN ENERGIA SpA - Polo Energetico Hiroshima,Italy,10.6167,44.7,ITH5,IT,incl_biomass
FR.CAED/3833.FACILITY,EXXONMOBIL CHEMICAL FRANCE,France,0.56521,49.48838,FRD2,FR,incl_biomass
PL.EEA/02C_002206.FACILITY,Mondi Świecie S.A.,Poland,18.397101,53.398541,PL61,PL,incl_biomass
IT.CAED/341472001.FACILITY,HESTAMBIENTE S.R.L.,Italy,13.7994,45.6111,ITH4,IT,incl_biomass
https://registry.gdi-de.org/id/de.nw.inspire.pf.bube-eureg/arb-2017-112000-100-0209697,thyssenkrupp Steel Europe AG Werk Bruckhausen,Germany,6.73795,51.49409,DEA1,DE,incl_biomass
ES.CAED/003648000.FACILITY,PAPELERA GUIPUZCOANA DE ZICUÑAGA,Spain,-1.967369,43.2612,ES21,ES,incl_biomass
IT.EEA/2007000160.FACILITY,Italcementi di Samatzai,Italy,9.024166,39.469722,ITG2,IT,incl_biomass
NL.RIVM/000012177.FACILITY,VPR Energy B.V.,Netherlands,4.21727,51.91026,NL33,NL,incl_biomass
IT.CAED/000122001.FACILITY,CEMENTERIA DI GUIDONIA,Italy,12.7167,42.0001,ITI4,IT,incl_biomass
https://registry.gdi-de.org/id/de.mv.land.inspire.pf.bube/30000298,Stadtwerke Rostock AG   ,Germany,12.08383,54.12778,DE80,DE,incl_biomass
https://registry.gdi-de.org/id/de.nw.inspire.pf.bube-eureg/arb-2017-562024-500-0875785,Evonik Operations GmbH,Germany,7.10304,51.67839,DEA3,DE,incl_biomass
PL.MŚ/000000461.FACILITY,Elektrociepłownia Wrocław,Poland,17.0244445800781,51.1238861083984,PL51,PL,incl_biomass
PT.CAED/PT.APA05769662.CI,Refinaria de Sines (CI),Portugal,-8.800138,37.963901,PT18,PT,incl_biomass
IE.CAED/P0605.FACILITY,Electricity Supply Board (Moneypoint),Ireland,-9.42322,52.607832,IE05,IE,incl_biomass
IT.CAED/060242001.FACILITY,Stabilimento di Gubbio CEMENTERIE ALDO BARBETTI S.p.A.,Italy,12.5467,43.3636,ITI2,IT,incl_biomass
UK.CAED/EW_EA-12827.FACILITY,Marchwood Power Station EPR/BL6217IM,United Kingdom,-1.4314543,50.897365,UKJ3,UK,incl_biomass
UK.CAED/EW_EA-122.FACILITY,Lynemouth Power Station,United Kingdom,-1.5390161,55.20069,UKC2,UK,incl_biomass
NL.RIVM/000012149.FACILITY,Uniper Benelux NV (Maasvlakte),Netherlands,4.02657,51.95906,NL33,NL,incl_biomass
ES.CAED/007280000.FACILITY,TÉRMICA AFAP S.A.,Spain,-3.3176,39.6337,ES42,ES,incl_biomass
NL.RIVM/000010079.FACILITY,Chemours Netherlands B.V.,Netherlands,4.7273,51.81815,NL33,NL,incl_biomass
FR.CAED/3507.FACILITY,HEIDELBERG MATERIALS FRANCE CIMENTS,France,4.57792,48.76578,FRF2,FR,incl_biomass
PL.MŚ/000000517.FACILITY,Tłocznia i Pomiarownia Gazu Kondratki,Poland,23.8989524841309,53.0181121826172,PL84,PL,incl_biomass
https://registry.gdi-de.org/id/de.by.inspire.pf.ied/S00047,"Uniper Kraftwerke GmbH, Kraftwerk Ingolstadt",Germany,11.50294541642978,48.76085718302828,DE21,DE,incl_biomass
https://registry.gdi-de.org/id/de.nw.inspire.pf.bube-eureg/arb-2017-978040-900-0865327,RWE Generation SE Kraftwerk Werne Gersteinwerk,Germany,7.71682,51.67348,DEA5,DE,incl_biomass
https://registry.gdi-de.org/id/de.nw.inspire.pf.bube-eureg/arb-2017-978024-900-9103527,Remondis Production GmbH,Germany,7.46597,51.62248,DEA5,DE,incl_biomass
DK.CAED/000104657.FACILITY,Herningværket,Denmark,9.006448600427822,56.12173431518647,DK04,DK,incl_biomass
https://registry.gdi-de.org/id/de.th/5bf25e39-19d5-4254-adac-63f1b1cec499/86013077,Stahlwerk Thüringen GmbH ,Germany,11.43429,50.6535,DEG0,DE,incl_biomass
NL.EEA/64001.FACILITY,ENGIE Energie Centrale Gelderland,Netherlands,5.82887,51.85591,NL22,NL,incl_biomass
CZ.MZP.E532/CZ11020488.FACILITY,HS Pardubice,Czechia,15.74508121,50.03146588,CZ05,CZ,incl_biomass
FR.CAED/5938.FACILITY,SAINT-GOBAIN PAM CANALISATION,France,6.05187,48.89672,FRF3,FR,incl_biomass
PT.CAED/PT.APA05768902.CI,Atlantic Islands Electricity  (Madeira) S.A. (CI),Portugal,-16.722961,32.744724,PT30,PT,incl_biomass
FR.CAED/9155.FACILITY,EVOLIA,France,4.34382,43.79115,FRJ1,FR,incl_biomass
GB.EEA/EW_EA-1856.FACILITY,Sheerness Steel Works,United Kingdom,0.751989,51.4401,UKJ4,UK,incl_biomass
PL.MŚ/000000147.FACILITY,Elektrociepłownia EC-4,Poland,19.5400829315186,51.7470817565918,PL71,PL,incl_biomass
PT.EEA/100004092.FACILITY,Complexo Industrial de Setúbal da Navigator,Portugal,-8.80816,38.4933,PT17,PT,incl_biomass
ES.CAED/005514000.FACILITY,CENTRAL TÉRMICA CICLO COMBINADO SAN ROQUE GRUPO 2,Spain,-5.412848,36.199789,ES61,ES,incl_biomass
PL.MŚ/000000113.FACILITY,Elektrociepłownia Elbląg,Poland,19.3852920532227,54.1797943115234,PL62,PL,incl_biomass
SE.CAED/10022299.Facility,"SCA Massa, Östrands massafabrik",Sweden,17.33031,62.47519,SE32,SE,incl_biomass
CZ.MZP.U423/CZ47356419.FACILITY,"Holcim (Česko), a.s.",Czechia,14.04509457,50.48952639,CZ04,CZ,incl_biomass
IT.CAED/238682003.FACILITY,Impianto di termovalorizzazione di Valmadrera ,Italy,9.3583,45.8378,ITC4,IT,incl_biomass
https://registry.gdi-de.org/id/de.hb/de.hb.pf.bube-eureg.06-04-11/2013754/1/0,swb Entsorgung GmbH & Co. KG,Germany,8.81704,53.11461,DE50,DE,incl_biomass
UK.CAED/EW_EA-2390.FACILITY,Snodland Paper Mill CHP EPR/BJ7506IM,United Kingdom,0.44983748,51.327857,UKJ4,UK,incl_biomass
PL.MŚ/000000272.FACILITY,Zakład Wytwarzania Tychy,Poland,19.0193328857422,50.106388092041,PL22,PL,incl_biomass
UK.CAED/EW_EA-16923.FACILITY,Blackburn Meadows Renewable Energy Plant,United Kingdom,-1.403064,53.419079,UKE3,UK,incl_biomass
IT.EEA/2007000340.FACILITY,MINERMIX Srl,Italy,18.169992,40.192794,ITF4,IT,incl_biomass
SE.CAED/10021743.Facility,"STORA ENSO PAPER AB, Kvarnsveden Mill",Sweden,15.42088,60.52322,SE31,SE,incl_biomass
LT.CAED/302648707.FACILITY2," ,,Lietuvos energijos gamyba“ AB, Elektrėnų elektrinė",Lithuania,24.647993,54.773398,LT01,LT,incl_biomass
RO.CAED/102VL0001.FACILITY,SC CHIM COMPLEX S.A. Borzesti - Sucursala Ramnicu Valcea,Romania,24.296956,45.045965,RO41,RO,incl_biomass
IE.CAED/P0606.FACILITY,SSE Generation Ireland Limited (Great Island),Ireland,-6.991127,52.279006,IE05,IE,incl_biomass
IT.CAED/270581001.FACILITY,Voghera Energia S.p.A.,Italy,8.9733,45.0286,ITC4,IT,incl_biomass
RO.CAED/101DJ0001.FACILITY,SOCIETATEA COMPLEXUL ENERGETIC OLTENIA SA - SUCURSALA ELECTROCENTRALE ISALNITA,Romania,23.718711,44.388895,RO41,RO,incl_biomass
UK.CAED/EW_EA-10174.FACILITY,Total Lindsey Oil Refinery EPR/TP3633NH,United Kingdom,-0.25703528,53.639874,UKE1,UK,incl_biomass
LV.LVGMC.PRTR/310005.Facility,"AS ""Rīgas siltums"", siltumcentrāles „Imanta” iecirknis „Zasulauks”",Latvia,24.04417,56.948059,LV00,LV,incl_biomass
EL.CAED/100046.FACILITY,PPC S.A. AES CHIOS,Greece,26.15408,38.33126,EL41,EL,incl_biomass
IT.CAED/660502004.FACILITY, TRIGNO ENERGY s.r.l. impianto di cogenerazione,Italy,14.7591,42.0628,ITF1,IT,incl_biomass
https://registry.gdi-de.org/id/de.sn.sax4inspire.pf/70015792,Sachsenmilch Leppersdorf GmbH ,Germany,13.9792,51.15116,DED2,DE,incl_biomass
UK.CAED/NRW170377.FACILITY,Uskmouth Power Plant,United Kingdom,-2.97486,51.54814,UKL2,UK,incl_biomass
IT.CAED/090182004.FACILITY,versalis stabilimento di Sarroch,Italy,8.9801,39.0783,ITG2,IT,incl_biomass
PL.MŚ/000000718.FACILITY,Ciepłownia MPEC,Poland,19.0989875793457,52.6524314880371,PL61,PL,incl_biomass
SE.CAED/10021814.Facility,STORA ENSO FORS AB,Sweden,16.31202,60.20553,SE31,SE,incl_biomass
FR.CAED/5088.FACILITY,HEIDELBERG MATERIALS FRANCE CIMENTS,France,4.75853,44.64818,FRK2,FR,incl_biomass
GB.EEA/EW_EA-7541.FACILITY,"Uk Coal Mining Ltd, Cutacre Reclamation",United Kingdom,-2.45867,53.5336,UKD3,UK,incl_biomass
MT.ERA/000000183.FACILITY,Delimara Power Station EGM,Malta,14.553715,35.8338321,MT00,MT,incl_biomass
IT.CAED/481231006.FACILITY,EniPower  stabilimento di Ravenna,Italy,12.236944,44.448611,ITH5,IT,incl_biomass
SE.CAED/10020920.Facility,Karlskoga kraftvärmeverk,Sweden,14.5435,59.34484,SE12,SE,incl_biomass
IT.CAED/040111001.FACILITY,CENTRALE A CICLO COMBINATO DI APRILIA,Italy,12.6308,41.5494,ITI4,IT,incl_biomass
https://registry.gdi-de.org/id/de.st.lau.pf.anlagen-ied-euregistry/100430,EUROGLAS GmbH ,Germany,11.44018,52.27442,DEE0,DE,incl_biomass
FR.CAED/9481.FACILITY,ALSACHIMIE,France,7.54591,47.8265,FRF1,FR,incl_biomass
IT.CAED/330582006.FACILITY,SISECAM FLAT GLASS ITALY SRL,Italy,13.2324,45.7701,ITH4,IT,incl_biomass
SE.CAED/10019475.Facility,Rya Gaskraftvärmeverk,Sweden,11.88873,57.692,SE23,SE,incl_biomass
UK.CAED/EW_EA-2700.FACILITY,Greatham Works EPR/TP3532PK,United Kingdom,-1.2035841,54.631729,UKC1,UK,incl_biomass
http://paikkatiedot.fi/so/1002031/pf/ProductionFacility/0000001162.ProductionFacility,"Stora Enso Oyj, Heinolan Flutingtehdas",Finland,26.08156,61.17867,FI1C,FI,incl_biomass
IT.CAED/670431001.FACILITY,Termica Celano S.p.A.,Italy,13.5371,42.0469,ITF1,IT,incl_biomass
https://registry.gdi-de.org/id/de.by.inspire.pf.ied/S00842,"GKS, Müllheizkraftwerk Schweinfurt",Germany,10.223629202376348,50.03010352251912,DE26,DE,incl_biomass
FR.CAED/5469.FACILITY,METROPOLE DE LYON,France,4.83773,45.72515,FRK2,FR,incl_biomass
SE.CAED/10019896.Facility,Ryaverket,Sweden,12.92871,57.72856,SE23,SE,incl_biomass
FR.CAED/11428.FACILITY,ALBIOMA BOIS-ROUGE,France,55.63896,-20.91533,FRY4,FR,incl_biomass
ES.CAED/003641000.FACILITY,"SIDENOR INDUSTRIAL, S.L. (FABRICA DE BASAURI)",Spain,-3.153114,43.268739,ES21,ES,incl_biomass
GR.EEA/EL5800902.FACILITY,PPC S.A. SES PTOLEMAIDAS,Greece,21.728031,40.479278,EL53,EL,incl_biomass
FR.CAED/3601.FACILITY,UNILIN SAS,France,4.95079,49.6961,FRF2,FR,incl_biomass
https://registry.gdi-de.org/id/de.st.lau.pf.anlagen-ied-euregistry/100414,Linde Gas Produktionsgesellschaft mbH & Co. KG / TOTAL ,Germany,11.99582,51.29011,DEE0,DE,incl_biomass
https://registry.gdi-de.org/id/de.bw.lubw.inspire.pf/pf-450-1195689-00000000,EnBW HKW Stuttgart-Münster (mit MVA) HKW Stuttgart-Münster (mit MVA),Germany,9.21984,48.81432,DE11,DE,incl_biomass
DK.CAED/000106168.FACILITY,TOTAL E&P Danmark A/S - Harald,Denmark,4.27355939,56.34715957,NO0A,NO,incl_biomass
NL.RIVM/000044009.FACILITY,BV Afvalverbranding Zuid Nederland (AZN),Netherlands,4.58162,51.68326,NL41,NL,incl_biomass
https://data.ied_registry.omgeving.vlaanderen.be/id/productionfacility/BE.VL.000000174.FACILITY,UMICORE,Belgium,4.88719,51.17922,BE21,BE,incl_biomass
UK.CAED/BEISOffsh-BW-Catcher-FPSO.FACILITY,BW Catcher FPSO,United Kingdom,0.71304,56.77012,UKC2,UK,incl_biomass
UK.CAED/EW_EA-2302.FACILITY,Rugby Cement Plant,United Kingdom,-1.2863181,52.377094,UKG1,UK,incl_biomass
NO.EEA/1576.0023.01.FACILITY,Equinor ASA avd.Tjeldbergodden Metanolfabrikk,Norway,8.68502,63.4124222,NO0A,NO,incl_biomass
UK.SEPA/200000214.Facility,"The Girvan Distillery, Grangeston",United Kingdom,-4.8334,55.26071,UKM9,UK,incl_biomass
ES.CAED/001662000.FACILITY,CAL DE CASTILLA S.A.,Spain,-3.411738,40.280205,ES30,ES,incl_biomass
https://registry.gdi-de.org/id/de.ni.mu/06060117340,enercity AG Heizkraftwerk Linden,Germany,9.7143,52.37338,DE92,DE,incl_biomass
https://registry.gdi-de.org/id/de.nw.inspire.pf.bube-eureg/arb-2017-958012-900-0040215,Rheinkalk GmbH Werk Messinghausen,Germany,8.68464,51.39501,DEA5,DE,incl_biomass
https://registry.gdi-de.org/id/de.nw.inspire.pf.bube-eureg/arb-2017-362024-800-0197054,RWE Power AG-Fabrik Frechen,Germany,6.7991,50.89921,DEA2,DE,incl_biomass
IT.CAED/310402007.FACILITY,CEMENTERIA DI PEDEROBBA,Italy,11.966666,45.877777,ITH3,IT,incl_biomass
EL.CAED/100062.FACILITY,HELLENIC PETROLEUM R.S.S.O.P.P. S.A. - THESSALONIKI INDUSTRIAL COMPLEX,Greece,22.87819,40.67952,EL52,EL,incl_biomass
https://data.gov.sk/set/data/so/b4d884b3-4442-43db-a19c-ceb6e127960f/SK75081806.NRZ.FACILITY,Danucem Slovensko a.s. - Cementáreň Turňa nad Bodvou,Slovakia,20.842372,48.592156,SK04,SK,incl_biomass
IT.CAED/240122001.FACILITY,UNICALCE S.P.A. - STABILIMENTO DI VAL BREMBILLA,Italy,9.6261,45.7886,ITC4,IT,incl_biomass
https://registry.gdi-de.org/id/de.nw.inspire.pf.bube-eureg/arb-2017-566028-500-0338944,RWE Generation SE Kraftwerk Ibbenbüren,Germany,7.74789,52.28885,DEA3,DE,incl_biomass
IT.CAED/520162001.FACILITY,COLACEM S.P.A. - CEMENTERIA DI RASSINA,Italy,11.8367,43.6581,ITI1,IT,incl_biomass
IT.CAED/030392001.FACILITY,Stabilimento di Sora (FR),Italy,13.5869,41.6994,ITI4,IT,incl_biomass
https://registry.gdi-de.org/id/de.bb.inspire.pf.eureg/45025611,"LEAG, Kraftwerk Schwarze Pumpe ",Germany,14.35358,51.5355,DE40,DE,incl_biomass
HU.OKIR/101437494.FACILITY,Pannongreen Kft.,Hungary,21.699013,47.957081,HU32,HU,incl_biomass
UK.CAED/EW_EA-1023.FACILITY,Grain Power Station EPR/EP3533RY,United Kingdom,0.71282154,51.444375,UKJ4,UK,incl_biomass
https://registry.gdi-de.org/id/de.be.pf.lisa/222276,BEW HKW Charlottenburg ,Germany,13.30879,52.52206,DE30,DE,incl_biomass
UK.CAED/BEISOffsh-Alwyn-North-A.FACILITY,Alwyn North,United Kingdom,1.73353,60.80961,UKM6,UK,incl_biomass
IT.EEA/2008000018.FACILITY,Cofely Italia S.p.A.- Centrale termoelettrica di Castelmassa,Italy,11.312778,45.02,ITH3,IT,incl_biomass
UK.CAED/BEISOffsh-Captain-Platform.FACILITY,Captain Platform (WHP & BLP),United Kingdom,-1.77001,58.30701,UKM5,UK,incl_biomass
UK.CAED/EW_EA-669.FACILITY,Kings Lynn Power Station EPR/BP3239LA,United Kingdom,0.380041,52.727186,UKH1,UK,incl_biomass
PL.MŚ/000000686.FACILITY,Pfleiderer MDF Grajewo Sp. z o.o.,Poland,22.4770278930664,53.6319999694824,PL84,PL,incl_biomass
SE.CAED/10022147.Facility,Björksätra Kraftvärmeverk,Sweden,16.74873,60.6111,SE31,SE,incl_biomass
SE.CAED/10020366.Facility,Skoghalls Bruk,Sweden,13.43826,59.31854,SE31,SE,incl_biomass
CZ.MZP.T804/CZ80742253.FACILITY,KOTOUČ ŠTRAMBERK,Czechia,18.11595116,49.57982179,CZ08,CZ,incl_biomass
CZ.MZP.B643/CZ49244053.FACILITY,závod Mokrá,Czechia,16.77406374,49.21546634,CZ06,CZ,incl_biomass
EL.CAED/100082.FACILITY,ELPEDISON S.A. -THESSALONIKI POWER PLANT,Greece,22.8853,40.68713,EL52,EL,incl_biomass
FR.CAED/10960.FACILITY,ENGIE FLEXIBLE GENERATION FRANCE,France,2.31966,51.03208,FRE1,FR,incl_biomass
BG.EEA/14000010.FACILITY,VULKAN,Bulgaria,25.544722,42.069168,BG42,BG,incl_biomass
NL.RIVM/000114001.FACILITY,Maxima-centrale,Netherlands,5.53022,52.57722,NL23,NL,incl_biomass
PL.MŚ/000000138.FACILITY,Arctic Paper Kostrzyn S.A.,Poland,14.6254749298096,52.5945816040039,PL43,PL,incl_biomass
NO.EEA/0301.0430.01.FACILITY,Fortum Oslo Varme,Norway,10.835762,59.8406258,NO08,NO,incl_biomass
UK.CAED/EW_EA-16898.FACILITY,Shoreham Power Station EPR/EP3934WC,United Kingdom,-0.23241172,50.82988,UKJ2,UK,incl_biomass
NO.EEA/0605.0024.01.FACILITY,"Norske Skogindustrier ASA, Follum Fabrikker",Norway,10.2392626,60.18416,NO08,NO,incl_biomass
https://data.ied_registry.omgeving.vlaanderen.be/id/productionfacility/BE.VL.000000021.FACILITY,ISVAG INTERCOMMUNALE,Belgium,4.37709,51.14667,BE21,BE,incl_biomass
UK.CAED/BEISOffsh-Beryl-Bravo.FACILITY,Beryl Bravo,United Kingdom,1.30468,59.36372,UKM6,UK,incl_biomass
IT.EEA/2007002277.FACILITY,ACCIAIERIE BERTOLI SAFAU SPA,Italy,13.206944,45.995555,ITH4,IT,incl_biomass
https://registry.gdi-de.org/id/de.nw.inspire.pf.bube-eureg/arb-2017-358024-300-0907015,Pfeifer & Langen GmbH & Co. KG Werk Jülich,Germany,6.37312,50.91662,DEA2,DE,incl_biomass
https://registry.gdi-de.org/id/de.by.inspire.pf.ied/S00328,"Fels-Werke GmbH, Kalkwerk Saal",Germany,11.934038611612094,48.89059106792249,DE22,DE,incl_biomass
FR.EEA/058.00360.FACILITY,Petroplus Raffinage Petit-Couronne SAS,France,1.03,49.38,FRD2,FR,incl_biomass
UK.CAED/EW_EA-1427.FACILITY,Workington Board Mill EPR/BJ7590IB,United Kingdom,-3.5457831,54.666899,UKD1,UK,incl_biomass
UK.CAED/BEISOffsh-Leman-Alpha.FACILITY,Leman Alpha (D1),United Kingdom,2.29444,53.09031,UKH1,UK,incl_biomass
FR.CAED/11375.FACILITY,ELECTRICITE DE FRANCE,France,3.30532,50.28503,FRE1,FR,incl_biomass
NL.RIVM/000201304.FACILITY,BMC Moerdijk BV,Netherlands,4.57803,51.68798,NL41,NL,incl_biomass
PT.CAED/PT.APA05771942.CI,Central de Ciclo Combinado do Pego (CI),Portugal,-8.11105,39.46891,PT16,PT,incl_biomass
UK.CAED/BEISOffsh-Clyde.FACILITY,Clyde Alpha,United Kingdom,2.28833,56.45251,UKE1,UK,incl_biomass
UK.CAED/EW_EA-558.FACILITY,Wissington Sugar Factory EPR/BX2108IQ,United Kingdom,0.45208327,52.551275,UKH1,UK,incl_biomass
CH.CAED/000000330.Facility,Imerys Graphite & Carbon / Imerys Graphite & Carbon,Switzerland,8.9011,46.383,CH07,CH,incl_biomass
UK.CAED/BEISOffsh-Gryphon-Alpha.FACILITY,Gryphon Alpha PV,United Kingdom,1.57099,59.36088,UKM6,UK,incl_biomass
PL.MŚ/000000349.FACILITY,PGE Górnictwo i Energetyka Konwencjonalna S.A. - Oddział Elektrownia Bełchatów,Poland,19.3166675567627,51.2666664123535,PL71,PL,incl_biomass
IT.EEA/2007000059.FACILITY,Termica Cologno Srl - Centrale Termoelettrica,Italy,9.291944,45.540222,ITC4,IT,incl_biomass
BG.CAED/009000022.FACILITY,Mondy Stamboliiski papermaking company,Bulgaria,24.522258,42.134638,BG42,BG,incl_biomass
PL.EEA/05E000472.FACILITY,"Veolia Energia Łódź S.A., Zakład nr 2",Poland,19.447646,51.742443,PL71,PL,incl_biomass
http://paikkatiedot.fi/so/1002031/pf/ProductionFacility/0000003500.ProductionFacility,"Borealis Polymers Oy, Petrokemian laitokset",Finland,25.5211,60.30049,FI1B,FI,incl_biomass
IT.CAED/960111001.FACILITY,Sonatrach Raffineria Italiana-Raffineria di Augusta,Italy,15.1905,37.2216,ITG1,IT,incl_biomass
ES.CAED/000534000.FACILITY,GEPESA (GEGSA I Y II),Spain,-5.385402,36.21002,ES61,ES,incl_biomass
https://registry.gdi-de.org/id/de.by.inspire.pf.ied/S00014,Abfallheizkraftwerk Geiselbullach,Germany,11.359532151825702,48.235327523071184,DE21,DE,incl_biomass
UK.CAED/BEISOffsh-Gannet-Alpha.FACILITY,Gannet Alpha,United Kingdom,1.00001,57.18528,UKM5,UK,incl_biomass
UK.CAED/EW_EA-1930.FACILITY,Stallingborough Titanium Dioxide Site EPR/FP3031HJ,United Kingdom,-0.16173021,53.615615,UKE1,UK,incl_biomass
PT.CAED/PT.APA05767022.CI,CIRES (CI),Portugal,-8.57331,40.78086,PT16,PT,incl_biomass
DK.CAED/000106181.FACILITY,Avedøreværket,Denmark,12.48152777031473,55.60399886511819,DK01,DK,incl_biomass
CH.CAED/000000367.Facility,AVAG KVA AG,Switzerland,7.6062,46.7621,CH02,CH,incl_biomass
IT.EEA/2007002367.FACILITY,Impianto CAL.ME: di Marcellinara,Italy,16.901388,38.915,ITF6,IT,incl_biomass
http://paikkatiedot.fi/so/1002031/pf/ProductionFacility/0000001866.ProductionFacility,"Neste Oyj, Porvoon jalostamo",Finland,25.52596,60.31311,FI1B,FI,incl_biomass
https://data.gov.sk/set/data/so/b4d884b3-4442-43db-a19c-ceb6e127960f/SK57102807.NRZ.FACILITY,"Slovenské elektrárne, a.s. - Elektrárne Vojany, závod",Slovakia,21.972625,48.5525,SK04,SK,incl_biomass
https://data.ied_registry.omgeving.vlaanderen.be/id/productionfacility/BE.VL.000000110.FACILITY,ELECTRABEL SITE ARLANXEO,Belgium,4.33641,51.23968,BE21,BE,incl_biomass
ES.CAED/001985000.FACILITY,CENTRAL TÉRMICA BARRANCO DE TIRAJANA,Spain,-15.435877,27.804006,ES70,ES,incl_biomass
ES.CAED/002583000.FACILITY,"CEMEX ESPAÑA OPERACIONES, S.L.U.",Spain,-3.7418,39.9382,ES42,ES,incl_biomass
UK.LAED/E368_189.FACILITY,Encirc UK,United Kingdom,-2.815975,53.280942,UKD6,UK,incl_biomass
LU.CAED/000011000.FACILITY,Circuit Foil Luxembourg,Luxembourg,5.91048,49.96129,LU00,LU,incl_biomass
UK.CAED/BEISOffsh-Magnus.FACILITY,Magnus,United Kingdom,1.30543,61.61961,UKM6,UK,incl_biomass
http://paikkatiedot.fi/so/1002031/pf/ProductionFacility/0000002591.ProductionFacility,"Stora Enso Anjalankoski Oy, Anjalankosken tehtaat",Finland,26.82108,60.70799,FI1C,FI,incl_biomass
https://registry.gdi-de.org/id/de.nw.inspire.pf.bube-eureg/arb-2017-114000-100-9021122,LANXESS Deutschland GmbH CHEMPARK Krefeld-Uerdingen,Germany,6.66238,51.36819,DEA1,DE,incl_biomass
ES.CAED/001573000.FACILITY,FÁBRICA DE CARBONERAS (LAFARGEHOLCIM ESPAÑA SAU),Spain,-1.9029,36.9665,ES61,ES,incl_biomass
https://registry.gdi-de.org/id/de.be.pf.lisa/173145,BEW HKW Moabit ,Germany,13.34494,52.53741,DE30,DE,incl_biomass
http://paikkatiedot.fi/so/1002031/pf/ProductionFacility/0100304897.ProductionFacility,"Oulun Energia Oy, Laanilan Biovoimalaitos",Finland,25.51528,65.03573,FI1D,FI,incl_biomass
AT.CAED/9008390486467.FACILITY,TAG GmbH,Austria,16.020806,47.340028,AT22,AT,incl_biomass
AT.EEA/20000.00377.FACILITY,Sappi Austria Produktions-GmbH & Co. KG,Austria,15.334056,47.13411,AT22,AT,incl_biomass
PL.MŚ/000004708.FACILITY,Destylacje Wawrzyniak Przedsiębiorstwo Handlowo Produkcyjne Wojciech Wawrzyniak; Kotłownia Zbiersk Cukrownia,Poland,18.1446018218994,51.949649810791,PL41,PL,incl_biomass
NL.EEA/64735.FACILITY,AGC Flatglass Nederland BV,Netherlands,5.44407,51.91135,NL22,NL,incl_biomass
IT.EEA/2007001004.FACILITY,CENTRALE BG ITALIA POWER DI RIVALTA,Italy,7.509444,44.989722,ITC1,IT,incl_biomass
CZ.MZP.S206/CZ32569075.FACILITY,"ČEZ, a. s. Elektrárna Mělník, Teplárna Trmice - provoz Mělník",Czechia,14.4153666666667,50.4139611111111,CZ02,CZ,incl_biomass
NO.EEA/0104.0036.01.FACILITY,"PETERSON LINERBOARD AS, Moss",Norway,10.6677647,59.44151,NO08,NO,incl_biomass
LU.CAED/000004000.FACILITY,Cimalux S.A.,Luxembourg,6.00588,49.46619,LU00,LU,incl_biomass
IT.CAED/090203012.FACILITY,Heidelberg Materials Italia Cementi SpA (ex Italcementi di Samatzai),Italy,9.024167,39.469722,ITG2,IT,incl_biomass
LU.CAED/000005000.FACILITY,Guardian Luxguard II S.A.,Luxembourg,5.93165,49.56496,LU00,LU,incl_biomass
PL.MŚ/000000165.FACILITY,Ciepłownia Kawęczyn,Poland,21.1306667327881,52.2683868408203,PL91,PL,incl_biomass
UK.CAED/EW_EA-3999.FACILITY,Didcot B Power Station EPR/YP3930LZ,United Kingdom,-1.2690166,51.623643,UKJ1,UK,incl_biomass
IT.EEA/2007000857.FACILITY,CENTRALE TERMOELETTRICA DI GENOVA,Italy,8.903055,44.403888,ITC3,IT,incl_biomass
https://registry.gdi-de.org/id/de.by.inspire.pf.ied/S00708,Heizkraftwerk Erlangen,Germany,11.002113106236434,49.59251892469603,DE25,DE,incl_biomass
GB.EEA/EW_EA-1179.FACILITY,"Gaz De France Marketing Limited , Deeside Papermill",United Kingdom,-2.9838,53.214,UKL2,UK,incl_biomass
RO.EEA/RO4DJ_43.FACILITY,SC PETROM SA BUCURESTI - Combinatul Doljchim Craiova,Romania,23.72179,44.37709,RO41,RO,incl_biomass
PL.MŚ/000000584.FACILITY,Tłocznia Gazu Zambrów,Poland,22.1830883026123,52.9383163452148,PL84,PL,incl_biomass
EE.KAUR.TTR/75.FACILITY,"Enefit Power AS, Eesti elektrijaam",Estonia,27.9012302078,59.2743753804,EE00,EE,incl_biomass
FR.CAED/791.FACILITY,LES DERIVES RESINIQUES ET TERPENIQUES,France,-1.29872,43.94703,FRI1,FR,incl_biomass
BE.EEA/W006.FACILITY,CARSID S.A. (Coke-fonte /Aciérie-CC),Belgium,4.4231,50.4093,BE32,BE,incl_biomass
CZ.MZP.U422/CZ34736841.FACILITY,Elektrárny Prunéřov,Czechia,13.25870292,50.41871194,CZ04,CZ,incl_biomass
DE.EEA/06-05-700-0090319.FACILITY,Gemeinschaftskraftwerk Veltheim GmbH,Germany,8.93218365977665,52.1889655024997,DEA4,DE,incl_biomass
FR.EEA/057.02992.FACILITY,CRISTANOL,France,4.17,49.37,FRF2,FR,incl_biomass
DK.CAED/000105673.FACILITY,Klintholm I/S,Denmark,10.797981688537549,55.18354327536586,DK03,DK,incl_biomass
IT.CAED/741231003.FACILITY,CENTRALE TERMOELETTRICA DI TARANTO,Italy,17.2152,40.5108,ITF4,IT,incl_biomass
FR.CAED/7381.FACILITY,GAZELENERGIE GENERATION,France,5.50552,43.48744,FRL0,FR,incl_biomass
NO.EEA/0000.0027.01.FACILITY,Njord,Norway,7.199765,64.2707062,NO0A,NO,incl_biomass
https://registry.gdi-de.org/id/de.nw.inspire.pf.bube-eureg/arb-2017-515000-500-0221194,Stadtwerke Münster GmbH,Germany,7.64051,51.95026,DEA3,DE,incl_biomass
ES.CAED/000142000.FACILITY,"FÁBRICA DE CÓRDOBA (VOTORANTIM CEMENTOS ESPAÑA, S.A.)",Spain,-4.763037,37.902838,ES61,ES,incl_biomass
https://registry.gdi-de.org/id/de.be.pf.lisa/173097,Vattenfall Wärme Berlin AG HKW Lichterfelde,Germany,13.309609173190026,52.42339409206991,DE30,DE,incl_biomass
UK.SEPA/200000176.Facility,Caledonian Paper Mill,United Kingdom,-4.63957,55.57964,UKM9,UK,incl_biomass
GB.EEA/EW_EA-2318.FACILITY,"Rwe Npower Plc, Didcot A Power Station",United Kingdom,-1.26081,51.6222,UKJ1,UK,incl_biomass
IT.EEA/2007001412.FACILITY,COLACEM S.P.A. - CEMENTERIA DI MODICA,Italy,14.827777,36.727777,ITG1,IT,incl_biomass
https://registry.gdi-de.org/id/de.nw.inspire.pf.bube-eureg/arb-2017-170032-100-0989137,Solvay GmbH,Germany,6.57783,51.56471,DEA1,DE,incl_biomass
ES.CAED/003199000.FACILITY,"TIOXIDE EUROPE, S.L.",Spain,-6.879285,37.192909,ES61,ES,incl_biomass
https://registry.gdi-de.org/id/de.th/5bf25e39-19d5-4254-adac-63f1b1cec499/62013494,"K+S Minerals and Agriculture GmbH, Werk Werra, Standort Unterbreizbach ",Germany,9.97729,50.81219,DEG0,DE,incl_biomass
SE.CAED/10024718.Facility,SCA Munksunds pappersbruk,Sweden,21.50386,65.27232,SE33,SE,incl_biomass
https://registry.gdi-de.org/id/de.he.0945.de7.pf.eu_industrie/60000291,F ritz Winter Eisengießerei GmbH & Co. KG ,Germany,9.01114,50.81891,DE72,DE,incl_biomass
ES.CAED/004857000.FACILITY,PLANTA DE VALORITZACIO ENERGETICA DE SANT ADRIA DE BESOS,Spain,2.229837,41.419171,ES51,ES,incl_biomass
DK.CAED/000105786.FACILITY,Aalborg Portland A/S,Denmark,9.972783690408685,57.0632413325794,DK05,DK,incl_biomass
FR.CAED/3911.FACILITY,VPK PAPER NORMANDIE,France,1.17345,49.31652,FRD2,FR,incl_biomass
GB.EEA/E185_583.FACILITY,Howarth Metals,United Kingdom,-2.20727,53.473,UKD3,UK,incl_biomass
CH.EEA/49.FACILITY,Tamoil SA Raffinerie de Collombey,Switzerland,6.95205175624681,46.2861671146413,CH01,CH,incl_biomass
CH.CAED/000000148.Facility,vonRoll casting (rondez) sa,Switzerland,7.3608,47.3658,CH02,CH,incl_biomass
UK.CAED/BEISOffsh-Tiffany.FACILITY,Tiffany,United Kingdom,1.10001,58.48333,UKM6,UK,incl_biomass
GB.EEA/EW_EA-16938.FACILITY,Damhead Creek Power Station,United Kingdom,0.611577,51.4281,UKJ4,UK,incl_biomass
ES.CAED/001564000.FACILITY,REPSOL QUÍMICA S.A.,Spain,-4.051,38.6804,ES42,ES,incl_biomass
IT.EEA/2007000593.FACILITY,Feralpi Siderurgica S.p.A,Italy,10.459166,45.4625,ITC4,IT,incl_biomass
RO.EEA/RO6BH_11.FACILITY,SC ELECTROCENTRALE ORADEA SA,Romania,21.8927777,47.0841666,RO11,RO,incl_biomass
CH.CAED/000000316.Facility,OM PHARMA,Switzerland,6.0749,46.2252,CH01,CH,incl_biomass
https://registry.gdi-de.org/id/de.bb.inspire.pf.eureg/45035910,EEW Energy from Waste Großräschen GmbH,Germany,13.97745,51.58196,DE40,DE,incl_biomass
FR.CAED/32898.FACILITY,TOTALENERGIES - CENTRALE ELECTRIQUE SAINT-AVOLD,France,6.70456,49.14955,FRF3,FR,incl_biomass
IT.CAED/400262016.FACILITY,Hera S.p.A. - Centrale di cogenerazione a ciclo combinato da 80 MW,Italy,11.7031,44.3697,ITH5,IT,incl_biomass
UK.CAED/EW_EA-2314.FACILITY,Rugeley Ash Storage Lagoons EPR/JP3139SG,United Kingdom,-1.9036611,52.749679,UKG2,UK,incl_biomass
RO.CAED/102CT0001.FACILITY,Societatea ELECTROCENTRALE CONSTANTA S.A. - Centrala Termoelectrica Palas,Romania,28.607716,44.158228,RO22,RO,incl_biomass
ES.CAED/000046000.FACILITY,HIJOS DE FRANCISCO MORANT,Spain,-0.636308,38.432072,ES52,ES,incl_biomass
PL.MŚ/000000063.FACILITY,LAFARGE CEMENT S.A,Poland,20.2727031707764,50.8286399841309,PL72,PL,incl_biomass
SE.CAED/10017854.Facility,Filborna Kraftvärmeverk,Sweden,12.76912,56.07038,SE22,SE,incl_biomass
IT.CAED/700261001.FACILITY,CENTRALE A CICLO COMBINATO DI MODUGNO,Italy,16.7564,41.1024,ITF4,IT,incl_biomass
ES.CAED/005986000.FACILITY,"BIOENERGÍA SANTAMARÍA, S.A.",Spain,-4.500743,37.361209,ES61,ES,incl_biomass
UK.CAED/EW_EA-1788.FACILITY,Wolverhampton EfW Facility,United Kingdom,-2.1245608,52.597637,UKG3,UK,incl_biomass
UK.CAED/BEISOffsh-Alba-Northern.FACILITY,Alba Northern,United Kingdom,1.07963,58.05869,UKM5,UK,incl_biomass
NL.RIVM/000004301.FACILITY,Smurfit Westrock Roermond Paper BV,Netherlands,6.00251,51.20616,NL42,NL,incl_biomass
UK.CAED/EW_EA-12834.FACILITY,Lakeside EfW Facility EPR/BT7116IW,United Kingdom,-0.50648114,51.485136,UKJ1,UK,incl_biomass
AT.CAED/9008390952283.FACILITY,EMACS Steyrermühl GmbH,Austria,13.816667,47.983333,AT31,AT,incl_biomass
https://registry.gdi-de.org/id/de.bb.inspire.pf.eureg/23024015,FELS-WERKE GmbH,Germany,13.83005,52.48645,DE40,DE,incl_biomass
BG.CAED/012000010.FACILITY,Sofia  Lulin power station,Bulgaria,23.25249,42.75155,BG41,BG,incl_biomass
SE.CAED/10017639.Facility,"Heleneholmsverket, (HVK)",Sweden,13.01159,55.57812,SE22,SE,incl_biomass
PL.MŚ/000003674.FACILITY,PCC Rokita S.A.,Poland,16.7353744506836,51.2689208984375,PL51,PL,incl_biomass
PL.MŚ/000000597.FACILITY,"ODDZIAŁ ""MOSZCZENICA""",Poland,18.5707931518555,49.9413757324219,PL22,PL,incl_biomass
DK.CAED/000112739.FACILITY,Crossbridge Energy Fredericia A/S,Denmark,9.7524233697535,55.5912278550192,DK03,DK,incl_biomass
FR.CAED/10790.FACILITY,VERSALIS FRANCE S.A.S.,France,2.2455,51.03032,FRE1,FR,incl_biomass
https://registry.gdi-de.org/id/de.sl.inspire.pf/0075674-G,AVA Velsen ,Germany,6.83473,49.21428,DEC0,DE,incl_biomass
SE.CAED/10014721.Facility,Kraftvärmeverket i Katrineholm,Sweden,16.18368,58.99896,SE12,SE,incl_biomass
HU.EEA/100284965.FACILITY,DKCE Kft.,Hungary,21.630453,47.518647,HU32,HU,incl_biomass
SE.CAED/10020871.Facility,Aspa Pulp AB,Sweden,14.80669,58.75529,SE12,SE,incl_biomass
NL.RIVM/000114744.FACILITY,Elsta P&U,Netherlands,3.77857,51.33316,NL34,NL,incl_biomass
ES.CAED/001986000.FACILITY,CENTRAL TÉRMICA JINÁMAR,Spain,-15.411372,28.042431,ES70,ES,incl_biomass
FR.CAED/10838.FACILITY,SUCRERIES DISTILLERIES HAUTS DE FRANCE,France,2.49065,50.55963,FRE1,FR,incl_biomass
BE.EEA/vl01853961011518.FACILITY,ELECTRABEL CENTRALE KALLO,Belgium,4.286311,51.2538,BE23,BE,incl_biomass
IT.CAED/761212002.FACILITY,CEMENTERIA DI BARLETTA,Italy,16.2892,41.3167,ITF4,IT,incl_biomass
https://data.ied_registry.omgeving.vlaanderen.be/id/productionfacility/BE.VL.000000590.FACILITY,ALCO BIO FUEL,Belgium,3.79426,51.14163,BE23,BE,incl_biomass
FR.CAED/2190.FACILITY,SOTRAVAL-SPL,France,-4.50881,48.41292,FRH0,FR,incl_biomass
NL.EEA/4001.FACILITY,Clauscentrale,Netherlands,5.90718,51.15446,NL42,NL,incl_biomass
FR.CAED/8160.FACILITY,TOTALENERGIES MARKETING SERVICES,France,3.0079,48.58466,FR10,FR,incl_biomass
UK.CAED/EW_EA-2484.FACILITY,Campwood Landfill EPR/BS9989IJ,United Kingdom,-0.36411336,53.585652,UKE1,UK,incl_biomass
NL.RIVM/000041101.FACILITY,SABIC Innovative Plastics BV,Netherlands,4.25585,51.51059,NL41,NL,incl_biomass
DK.CAED/000074159.FACILITY,Reservecentral Borgmester Jørgensens Vej,Denmark,9.947310535931464,57.03090195858506,DK05,DK,incl_biomass
PL.MŚ/000000318.FACILITY,Mondi Świecie S.A.,Poland,18.3743133544922,53.3935470581055,PL61,PL,incl_biomass
NL.RIVM/000010953.FACILITY,Uniper Centrale Den Haag,Netherlands,4.29057,52.07592,NL33,NL,incl_biomass
FR.CAED/12665.FACILITY,TRISALID,France,1.85829,47.95272,FRB0,FR,incl_biomass
LT.CAED/302648707.FACILITY1,"AB ,,Lietuvos energijos gamyba“, Ignitis gamyba, Vilniaus termofikacinė elektrinė Nr.3 (E-3)",Lithuania,25.158345,54.667095,LT01,LT,incl_biomass
UK.CAED/EW_EA-16899.FACILITY,Ardley EfW Plant EPR/FP3134GU,United Kingdom,-1.215424,51.932956,UKJ1,UK,incl_biomass
ES.CAED/001960000.FACILITY,"DS SMITH SPAIN, S.A.",Spain,-4.559444,41.84,ES41,ES,incl_biomass
DK.CAED/000105214.FACILITY,TOTAL E&P Danmark A/S - Tyra W,Denmark,4.75057605,55.71727957,NL12,NL,incl_biomass
PL.MŚ/000000551.FACILITY,CMC Poland Sp. z o.o.,Poland,19.4551811218262,50.4941749572754,PL22,PL,incl_biomass
PT.CAED/PT.APA05768802.CI,Central de Cogeração da FISIGEN (CI),Portugal,-9.050405,38.678114,PT17,PT,incl_biomass
HU.EEA/100328605.FACILITY,Vértesi Erőmű Zrt.,Hungary,18.271041,47.501688,HU21,HU,incl_biomass
FR.CAED/2750.FACILITY,DALKIA BIOMASSE RENNES,France,-1.67315,48.09493,FRH0,FR,incl_biomass
ES.CAED/006516000.FACILITY,CENTRAL CICLO COMBINADO CA'S TRESORER,Spain,2.689966,39.567803,ES53,ES,incl_biomass
IT.CAED/860772001.FACILITY,TERMOVALORIZZATORE CCS POZZILLI,Italy,14.1103,41.5136,ITF2,IT,incl_biomass
UK.CAED/EW_EA-829.FACILITY,Coventry Incinerator EPR/NP3739PD,United Kingdom,-1.4914687,52.395955,UKG3,UK,incl_biomass
FR.CAED/5369.FACILITY,SPECIALTY OPERATIONS FRANCE,France,4.84941,45.70453,FRK2,FR,incl_biomass
https://registry.gdi-de.org/id/de.nw.inspire.pf.bube-eureg/arb-2017-170032-100-0004303,INOVYN Deutschland GmbH,Germany,6.57853,51.56157,DEA1,DE,incl_biomass
https://registry.gdi-de.org/id/de.nw.inspire.pf.bube-eureg/arb-2017-315000-300-0923949,RheinEnergie AG,Germany,6.96337,51.01677,DEA2,DE,incl_biomass
UK.CAED/EW_EA-8.FACILITY,Arpley Landfill,United Kingdom,-2.6183583,53.376451,UKD6,UK,incl_biomass
https://registry.gdi-de.org/id/de.nw.inspire.pf.bube-eureg/arb-2017-562014-500-0359243,Pilkington Deutschland AG -Werk Gladbeck-,Germany,6.93342,51.56623,DEA3,DE,incl_biomass
CH.CAED/000000178.Facility,Juracime SA,Switzerland,7.0296,47.034,CH02,CH,incl_biomass
ES.CAED/006515000.FACILITY,"ENGIE CARTAGENA, S.L.",Spain,-0.946256,37.570458,ES62,ES,incl_biomass
PT.EEA/100001494.FACILITY,"Repsol Polimeros , Lda.",Portugal,-8.83258,37.9841,PT18,PT,incl_biomass
https://registry.gdi-de.org/id/de.he.0945.de7.pf.eu_industrie/20000115,ENTEGA AG (MHKW) ,Germany,8.64631,49.88413,DE71,DE,incl_biomass
FR.CAED/10862.FACILITY,PAPREC ENERGIES OPERATIONS,France,2.86751,50.42924,FRE1,FR,incl_biomass
https://data.gov.sk/set/data/so/b4d884b3-4442-43db-a19c-ceb6e127960f/SK37084106.NRZ.FACILITY,Danucem Slovensko a.s. - Výroba cementu,Slovakia,17.189656,48.458203,SK01,SK,incl_biomass
UK.CAED/EW_EA-13608.FACILITY,Scunthorpe Iron & Steel Works EPR/HP3736AW,United Kingdom,-0.62002078,53.581236,UKE1,UK,incl_biomass
CH.CAED/000000290.Facility,Limeco,Switzerland,8.403,47.4166,CH04,CH,incl_biomass
SE.CAED/10015070.Facility,Fiskeby bruk,Sweden,16.1147,58.59262,SE12,SE,incl_biomass
IT.EEA/2007000102.FACILITY,IMPIANTO TERMOELETTRICO DI BARI,Italy,16.883333,41.116667,ITF4,IT,incl_biomass
DE.EEA/06-05-500-0875729.FACILITY,Evonik Oxeno GmbH,Germany,7.10303987874825,51.6783861500897,DEA3,DE,incl_biomass
BE.EEA/14830.FACILITY,LANGERLO,Belgium,5.4927263,50.93684,BE22,BE,incl_biomass
ES.CAED/008143000.FACILITY,PAPELERA DE SARRIA (CICLE COMBINAT),Spain,2.82235,42.014105,ES51,ES,incl_biomass
IE.CAED/W0232.FACILITY,Dublin Waste to Energy Limited,Ireland,-6.200382,53.338968,IE06,IE,incl_biomass
PL.MŚ/000000429.FACILITY,"Grupa Azoty Zakłady Chemiczne ""POLICE"" SA",Poland,14.5381364822388,53.5698280334473,PL42,PL,incl_biomass
https://registry.gdi-de.org/id/de.bw.lubw.inspire.pf/pf-450-1926772-00000000,SCHWENK Zement GmbH & Co. KG ,Germany,10.16248,48.65368,DE11,DE,incl_biomass
NL.RIVM/000044004.FACILITY,Amer Centrale,Netherlands,4.84388,51.70785,NL41,NL,incl_biomass
IT.EEA/2007000600.FACILITY,EURALLUMINA SPA,Italy,8.381666,39.208055,ITG2,IT,incl_biomass
IT.CAED/101351001.FACILITY,COMPRENSORIO INDUSTRIALE DI MIRAFIORI (TO),Italy,7.6156,45.026,ITC1,IT,incl_biomass
http://paikkatiedot.fi/so/1002031/pf/ProductionFacility/0000001919.ProductionFacility,"Metsä Fibre Oy, Rauman tehdas",Finland,21.46621,61.1107,FI19,FI,incl_biomass
SE.CAED/10015046.Facility,Bravikens Pappersbruk,Sweden,16.26148,58.63975,SE12,SE,incl_biomass
UK.CAED/EW_EA-557.FACILITY,Cantley Sugar Factory,United Kingdom,1.520252,52.575665,UKH1,UK,incl_biomass
PL.MŚ/000000510.FACILITY,Lhoist Bukowa Sp.zo.o.,Poland,20.2093276977539,50.857967376709,PL72,PL,incl_biomass
https://registry.gdi-de.org/id/de.bw.lubw.inspire.pf/pf-450-2142201-00000000,EnBW KW Walheim ,Germany,9.15771,49.01765,DE11,DE,incl_biomass
NO.EEA/0000.0041.02.FACILITY,Veslefrikk,Norway,2.89612,60.78217,NO0A,NO,incl_biomass
DK.CAED/000104482.FACILITY,Brødrene Hartmann A/S,Denmark,8.852227565487073,54.9267295278619,DK03,DK,incl_biomass
CH.CAED/000000141.Facility,Dörrer AG,Switzerland,8.5172,47.3589,CH04,CH,incl_biomass
FR.CAED/7652.FACILITY,IMERYS ALUMINATES,France,4.93663,43.46551,FRL0,FR,incl_biomass
NO.EEA/1238.0012.01.FACILITY,ELKEM ASA AVD BJØLVEFOSSEN,Norway,6.430421,60.43092,NO0A,NO,incl_biomass
FR.CAED/3176.FACILITY,VERNEA,France,3.15711,45.76353,FRK1,FR,incl_biomass
ES.CAED/005534000.FACILITY,CENTRAL TERMICA DE CICLO COMBINADO CAMPO DE GIBRALTAR,Spain,-5.391025,36.185373,ES61,ES,incl_biomass
IT.EEA/2007000867.FACILITY,Termovalorizzatore di Scarlino,Italy,10.799167,42.920278,ITI1,IT,incl_biomass
https://registry.gdi-de.org/id/de.nw.inspire.pf.bube-eureg/arb-2017-362040-300-0215443,"Shell Deutschland GmbH, Shell Energy and Chemicals Park Rheinland Süd",Germany,7.00576,50.81411,DEA2,DE,incl_biomass
DK.CAED/000114122.FACILITY,"Hovedcentralen, varmeværk",Denmark,12.075006617383028,55.63714913160517,DK02,DK,incl_biomass
IT.EEA/2007000152.FACILITY,Italcementi di Castrovillari,Italy,16.233333,39.833333,ITF6,IT,incl_biomass
CZ.MZP.M712/CZ79386174.FACILITY,Teplárna Olomouc,Czechia,17.26642348,49.58725905,CZ07,CZ,incl_biomass
AT.CAED/9008390974230.FACILITY,FunderMax GmbH,Austria,14.377222,46.758111,AT21,AT,incl_biomass
UK.CAED/EW_EA-1139.FACILITY,Glanford Power Station EPR/UP3232SX,United Kingdom,-0.70122447,53.622685,UKE1,UK,incl_biomass
HR.EEA/HR010288724.FACILITY,TE Plomin 2,Croatia,14.164665,45.137905,HR03,HR,incl_biomass
ES.CAED/002698000.FACILITY,"MERCANTIL UVE, S.A.",Spain,-0.340981,39.593214,ES52,ES,incl_biomass
FR.EEA/070.00504.FACILITY,Centre de Production Thermique EDF de BOUCHAIN,France,3.31,50.28,FRE1,FR,incl_biomass
ES.CAED/006026000.FACILITY,AIR LIQUIDE IBERICA DE GASES,Spain,-8.47791,43.31573,ES11,ES,incl_biomass
NL.RIVM/000011024.FACILITY,Cabot B.V.,Netherlands,4.26431,51.89142,NL33,NL,incl_biomass
FR.EEA/064.00982.FACILITY,KEM ONE FOS (Ex VINYLFOS),France,4.9,43.45,FRL0,FR,incl_biomass
PL.EEA/12S003547.FACILITY, Elektrociepłownia Bielsko-Biała EC1 Blok Ciepłowniczy BC-50,Poland,19.0525,49.812,PL22,PL,incl_biomass
UK.SEPA/200000116.Facility,"Greengairs Landfill Site, Airdrie",United Kingdom,-3.93872,55.90603,UKM8,UK,incl_biomass
ES.CAED/001570000.FACILITY,FÁBRICA DE JEREZ (LAFARGEHOLCIM ESPAÑA SAU),Spain,-6.072171,36.619502,ES61,ES,incl_biomass
CH.EEA/224.FACILITY,Services Industriels de Genève SIG,Switzerland,6.03189165522,46.195699019954,CH01,CH,incl_biomass
FR.CAED/4307.FACILITY,COMPAGNIE FRANCAISE DU PANNEAU,France,6.32795,47.88989,FRC2,FR,incl_biomass
CZ.MZP.C316/CZ49165297.FACILITY, Teplárna Strakonice,Czechia,13.90696928,49.25536759,CZ03,CZ,incl_biomass
IT.CAED/400351001.FACILITY,Centrale termoelettrica di Ostiglia,Italy,11.1387,45.0593,ITC4,IT,incl_biomass
https://registry.gdi-de.org/id/de.rp.inspire.pf.bube-eureg/5001005,Palm Power GmbH & Co. KG,Germany,8.3038,49.06958,DEB3,DE,incl_biomass
DK.EEA/6630.FACILITY,ODENSE KRAFTVARMEVÆRK A/S,Denmark,10.4102116826366,55.4294116608398,DK03,DK,incl_biomass
UK.CAED/BEISOffsh-Brae-Alpha.FACILITY,Brae Alpha,United Kingdom,1.28186,58.69263,UKM6,UK,incl_biomass
CH.CAED/000000373.Facility,Cremo SA,Switzerland,6.6286,46.5442,CH01,CH,incl_biomass
SE.CAED/10014055.Facility,VÄRTAVERKET,Sweden,18.1033,59.35339,SE11,SE,incl_biomass
FR.CAED/7943.FACILITY,AIR LIQUIDE HYDROGENE,France,5.02602,43.38944,FRL0,FR,incl_biomass
CZ.MZP.K413/CZ67078452.FACILITY,Synthomer a.s.,Czechia,12.66782347,50.18125435,CZ04,CZ,incl_biomass
FR.CAED/7626.FACILITY,LYONDELL CHIMIE FRANCE,France,4.8602,43.42011,FRL0,FR,incl_biomass
CH.CAED/000000362.Facility,ACR Giubiasco,Switzerland,8.9887,46.1722,CH07,CH,incl_biomass
https://registry.gdi-de.org/id/de.by.inspire.pf.ied/S00925,Kraftwerk Obernburg GmbH,Germany,9.148080453586742,49.8293873054521,DE26,DE,incl_biomass
HU.OKIR/100500821.FACILITY,"ISD Kokszoló Kft. ""f. a.""",Hungary,18.937737,46.940316,HU21,HU,incl_biomass
http://paikkatiedot.fi/so/1002031/pf/ProductionFacility/0100239774.ProductionFacility,"Raahen Voima Oy, Energiantuotanto",Finland,24.41754,64.6548,FI1D,FI,incl_biomass
NL.RIVM/000010073.FACILITY,Tronox Pigments (Holland) BV,Netherlands,4.2697,51.89823,NL33,NL,incl_biomass
https://registry.gdi-de.org/id/de.bb.inspire.pf.eureg/23022811,Stadtwerke Frankfurt (Oder) GmbH ,Germany,14.53152,52.31822,DE40,DE,incl_biomass
https://registry.gdi-de.org/id/de.nw.inspire.pf.bube-eureg/arb-2017-974016-900-0014503,Portland-Zementwerke Seibel & Söhne GmbH & Co. KG,Germany,8.3507,51.59855,DEA5,DE,incl_biomass
BE.WA/012010000.FACILITY,INDUSTEEL BELGIUM,Belgium,4.4111433,50.40992,BE32,BE,incl_biomass
UK.CAED/EW_EA-592.FACILITY,Lostock Sodium Carbonate Manufacturing Site EPR/SP3430BF,United Kingdom,-2.453925,53.26456,UKD6,UK,incl_biomass
FR.EEA/058.00433.FACILITY,Lafarge Ciments Usine du Havre Saint Vigor,France,0.13,49.49,FRD2,FR,incl_biomass
SE.CAED/10021292.Facility,Nordkalk / Köping,Sweden,16.02847,59.49812,SE12,SE,incl_biomass
https://registry.gdi-de.org/id/de.st.lau.pf.anlagen-ied-euregistry/101422,CIECH Soda Deutschland GmbH & Co. KG ,Germany,11.57605,51.86468,DEE0,DE,incl_biomass
https://registry.gdi-de.org/id/de.he.0945.de7.pf.eu_industrie/80007914,Biomasseheizkraftwerk ,Germany,8.26277,50.0453,DE71,DE,incl_biomass
https://registry.gdi-de.org/id/de.nw.inspire.pf.bube-eureg/arb-2017-562014-500-0342669,Uniper Dampfwerk Zweckel,Germany,6.96813,51.59542,DEA3,DE,incl_biomass
ES.CAED/001838000.FACILITY,"GUARDIAN INDUSTRIES NAVARRA, S.L.U.",Spain,-1.665802,42.125474,ES22,ES,incl_biomass
ES.CAED/006017000.FACILITY,IBERDROLA GENERACIÓN TÉRMICA S.L. (ACECA 3),Spain,-3.8528,39.9417,ES42,ES,incl_biomass
https://registry.gdi-de.org/id/de.sl.inspire.pf/0107401-G,GKW -Gichtgaskraftwerk Dillingen GmbH & Co. KG ,Germany,6.74167,49.35459,DEC0,DE,incl_biomass
FR.CAED/6144.FACILITY,NORSKE SKOG GOLBEY,France,6.42027,48.20944,FRF3,FR,incl_biomass
https://registry.gdi-de.org/id/de.by.inspire.pf.ied/S00637,MHKW Coburg,Germany,10.954882757162023,50.28528813810614,DE24,DE,incl_biomass
FR.CAED/7658.FACILITY,TOTALENERGIES RAFFINAGE FRANCE,France,5.15267,43.38846,FRL0,FR,incl_biomass
https://registry.gdi-de.org/id/de.be.pf.lisa/234566,BEW GuD HKW Lichterfelde ,Germany,13.31141,52.42629,DE30,DE,incl_biomass
https://registry.gdi-de.org/id/de.ni.mu/08271405180,Nordzucker AG Werk Uelzen,Germany,10.55955,52.97837,DE93,DE,incl_biomass
CZ.MZP.Z724/CZ15297397.FACILITY,Teplárna Zlín s.r.o.,Czechia,17.65382956,49.22539815,CZ07,CZ,incl_biomass
FR.CAED/7615.FACILITY,NAPHTACHIMIE,France,5.01737,43.38438,FRL0,FR,incl_biomass
RO.EEA/RO7BV_33.FACILITY,SC PRESCON BV SA - Fabrica de var Stejaris,Romania,25.55336166,45.6442999,RO12,RO,incl_biomass
AT.EEA/20000.00169.FACILITY,Zementwerk Leube GmbH,Austria,13.17725,47.57711,AT32,AT,incl_biomass
DE.EEA/14-65-60319980000.FACILITY,Befesa Zinc Freiberg GmbH (vormahls B.U.S Zinkrecycling GmbH Freiberg),Germany,13.3690796585431,50.9084227798132,DED4,DE,incl_biomass
FR.CAED/8403.FACILITY,SUEZ RV ENERGIE,France,2.20503,48.95847,FR10,FR,incl_biomass
https://registry.gdi-de.org/id/de.rp.inspire.pf.bube-eureg/1000901,Biomasse Heizkraftwerk Siegerland GmbH & Co. KG,Germany,8.07318,50.70242,DEB1,DE,incl_biomass
AT.CAED/9008390956830.FACILITY,WIEN ENERGIE GmbH,Austria,16.463222,48.198972,AT13,AT,incl_biomass
DK.CAED/000107279.FACILITY,Envases,Denmark,10.367772634187803,55.4103199998339,DK03,DK,incl_biomass
ES.CAED/003526000.FACILITY,ENERGYWORKS VITVALL S.L.,Spain,-4.709634,41.677037,ES41,ES,incl_biomass
FR.CAED/5246.FACILITY,METROPOLE GRENOBLE-ALPES-METROPOLE (METRO),France,5.7488,45.22186,FRK2,FR,incl_biomass
NL.RIVM/000201241.FACILITY,EMMTEC Services BV,Netherlands,6.90699,52.77499,NL13,NL,incl_biomass
http://paikkatiedot.fi/so/1002031/pf/ProductionFacility/0100198358.ProductionFacility,"Keravan Lämpövoima Oy, Keravan voimalaitos",Finland,25.11473,60.36898,FI1B,FI,incl_biomass
https://registry.gdi-de.org/id/de.ni.mu/10257673950,RWE Generation SE Gaskraftwerk Emsland,Germany,7.30606,52.48073,DE94,DE,incl_biomass
https://data.ied_registry.omgeving.vlaanderen.be/id/productionfacility/BE.VL.000000067.FACILITY,BASF ANTWERPEN,Belgium,4.27224,51.36175,BE21,BE,incl_biomass
https://registry.gdi-de.org/id/de.by.inspire.pf.ied/S00212,Leipa Georg Leinfelder GmbH,Germany,11.262428613622756,48.556696436869,DE21,DE,incl_biomass
SE.CAED/10021812.Facility,"Outokumpu Stainless AB, Avesta",Sweden,16.18031,60.13507,SE31,SE,incl_biomass
RO.CAED/102GJ0001.FACILITY,SC COMPLEXUL ENERGETIC ROVINARI SA (SUCURSALA ELECTROCENTRALE ROVINARI),Romania,23.135748,44.909736,RO41,RO,incl_biomass
IT.CAED/150632002.FACILITY,CONFIDENTIAL -Article4(2)(d),Italy,,,,,incl_biomass
FR.CAED/8322.FACILITY,PAPREC ENERGIES RESEAU THIVERVAL GRIGNON,France,1.91595,48.8516,FR10,FR,incl_biomass
FR.CAED/6155.FACILITY,EGGER PANNEAUX ET DECORS,France,6.65654,48.33671,FRF3,FR,incl_biomass
NL.RIVM/000010951.FACILITY,Uniper Centrale Leiden,Netherlands,4.49404,52.16399,NL33,NL,incl_biomass
ES.CAED/006524000.FACILITY,"BIZKAIA ENERGIA, S.L.",Spain,-2.734466,43.252674,ES21,ES,incl_biomass
UK.CAED/BEISOffsh-Rough-47-3B.FACILITY,Rough,United Kingdom,0.44278,53.83444,UKE1,UK,incl_biomass
CZ.MZP.T802/CZ10693120.FACILITY,Provozy  Teplárny  a  Tepelná  energetika,Czechia,18.64454782,49.69528249,CZ08,CZ,incl_biomass
https://registry.gdi-de.org/id/de.rp.inspire.pf.bube-eureg/4000095,Boehringer Ingelheim Pharma GmbH & Co. KG,Germany,8.0469,49.97489,DEB3,DE,incl_biomass
EL.CAED/100129.FACILITY,ELVALHALCOR S.A. - ALUMINIUM ROLLING DIVISION,Greece,23.624167,38.31638,EL64,EL,incl_biomass
https://registry.gdi-de.org/id/de.by.inspire.pf.ied/S01026,Pfeifer Holz GmbH - Werk Unterbernbach,Germany,11.174460620502195,48.52839576697334,DE27,DE,incl_biomass
https://data.ied_registry.omgeving.vlaanderen.be/id/productionfacility/BE.VL.000001999.FACILITY,Gentse Warmte Centrale,Belgium,3.76423,51.12406,BE23,BE,incl_biomass
RO.CAED/106PH0001.FACILITY,OMV PETROM SA - Petrobrazi,Romania,26.010388,44.876519,RO31,RO,incl_biomass
UK.CAED/BEISOffsh-Elgin-PUQ.FACILITY,Elgin-PUQ,United Kingdom,1.83624,57.01106,UKE1,UK,incl_biomass
PT.CAED/PT.APA05765202.CI,"Navigator Pulp Cacia, S.A. (CI)",Portugal,-8.587658,40.6846,PT16,PT,incl_biomass
DE.EEA/06-05-900-0097093.FACILITY,Rheinkalk Hagen-Halden GmbH & Co.KG Werk Hagen-Halden,Germany,7.5279586222249,51.3773382398365,DEA5,DE,incl_biomass
EL.CAED/100080.FACILITY,"HERACLES G.C.Co, VOLOS PLANT",Greece,22.9845,39.35171,EL61,EL,incl_biomass
EL.CAED/100053.FACILITY,HELLENIC PETROLEUM R.S.S.O.P.P. S.A. - INDUSTRIAL DIVISION OF ASPROPYRGOS,Greece,23.60276,38.03236,EL30,EL,incl_biomass
FR.CAED/12874.FACILITY,HEIDELBERG MATERIALS FRANCE CIMENTS,France,3.00319,47.08149,FRB0,FR,incl_biomass
FR.CAED/7785.FACILITY,SETHELEC,France,4.61332,43.67627,FRL0,FR,incl_biomass
ES.CAED/003673000.FACILITY,"ARCELOR OLABERRIA, S.L. (ACERALIA PERFILES OLABERRÍA, S.L.)",Spain,-2.214624,43.041305,ES21,ES,incl_biomass
IS.CAED/680466-0179,Rio Tinto á Íslandi hf.,Iceland,-22.02865,64.046185,IS00,IS,incl_biomass
BE.WA/017010000.FACILITY,NLMK LA LOUVIERE sa  ,Belgium,4.1788726,50.482944,BE32,BE,incl_biomass
IT.EEA/2007000020.FACILITY,CEMENTERIA DI CADOLA,Italy,12.3,46.166667,ITH3,IT,incl_biomass
IE.CAED/P0030.FACILITY,Irish Cement Limited (Platin),Ireland,-6.386672,53.684594,IE06,IE,incl_biomass
UK.CAED/BEISOffsh-Leman-49-27-A.FACILITY,Leman 49-27a,United Kingdom,2.23501,53.05472,UKH1,UK,incl_biomass
FR.CAED/4998.FACILITY,FERROGLOBE FRANCE,France,5.81144,45.9061,FRK2,FR,incl_biomass
EE.KAUR.TTR/76.FACILITY,"Enefit Power AS, Enefit õlitööstus",Estonia,27.895653742,59.2732286256,EE00,EE,incl_biomass
NL.RIVM/000202825.FACILITY,Eneco Lage Weide,Netherlands,5.07229,52.10303,NL31,NL,incl_biomass
DK.CAED/000062156.FACILITY,Fjernvarme Fyn Produktion A/S,Denmark,10.405211661181568,55.42782102817274,DK03,DK,incl_biomass
PL.MŚ/000000140.FACILITY,CEZ Skawina S.A.,Poland,19.8019409179688,49.9743118286133,PL21,PL,incl_biomass
IE.CAED/P0035.FACILITY,Aughinish Alumina Limited,Ireland,-9.059835,52.624625,IE05,IE,incl_biomass
https://registry.gdi-de.org/id/de.ni.mu/03267770260,Aluminium Oxid Stade GmbH ,Germany,9.49794,53.64429,DE93,DE,incl_biomass
EE.KAUR.TTR/48.FACILITY,"KIVIÕLI KEEMIATÖÖSTUSE OSAÜHING, Kiviõli keemiatööstus",Estonia,26.9413822406,59.3549029624,EE00,EE,incl_biomass
https://registry.gdi-de.org/id/de.nw.inspire.pf.bube-eureg/arb-2017-112000-100-0031758,Stadtwerke Duisburg AG,Germany,6.75076,51.42908,DEA1,DE,incl_biomass
LT.CAED/166451720.FACILITY,"AB ""ORLEN Lietuva""",Lithuania,22.176387,56.381366,LT02,LT,incl_biomass
HR.CAED/000000051.FACILITY,"TVORNICA CEMENTA ""SVETI KAJO""",Croatia,16.46418,43.5392,HR03,HR,incl_biomass
IT.CAED/710241001.FACILITY,CENTRALE TERMOELETTRICA DI CANDELA,Italy,15.4759,41.2018,ITF4,IT,incl_biomass
RO.CAED/104AB0001.FACILITY,SC KRONOSPAN TRADING SRL,Romania,23.552011,45.970996,RO12,RO,incl_biomass
https://registry.gdi-de.org/id/de.nw.inspire.pf.bube-eureg/arb-2017-170044-100-0853075,Gemeinschaftskraftwerk West GbR der STEAG GmbH STEAG Kraftwerk West,Germany,6.684128390810663,51.5761633877917,DEA1,DE,incl_biomass
PL.MŚ/000000705.FACILITY,Elektrownia Pątnów II,Poland,18.2368335723877,52.3011512756348,PL41,PL,incl_biomass
SE.CAED/10014121.Facility,Igelsta kraftvärmeverk,Sweden,17.66523,59.17748,SE11,SE,incl_biomass
IT.CAED/100752001.FACILITY,Ahlstrom-Munksjö Italia S.p.A.,Italy,7.5397,45.2533,ITC1,IT,incl_biomass
ES.CAED/008068000.FACILITY,CENTRAL DE CICLO COMBINADO DE MÁLAGA,Spain,-4.56,36.75,ES61,ES,incl_biomass
LT.EEA/000000003.FACILITY,Kauno elektrine,Lithuania,24.019529,54.92009,LT02,LT,incl_biomass
PT.CAED/PT.APA05764442.CI,Santos Barosa vidros SA (CI),Portugal,-8.91975,39.73671,PT16,PT,incl_biomass
SE.CAED/10014262.Facility,BRISTAVERKET,Sweden,17.86174,59.60967,SE11,SE,incl_biomass
SE.CAED/10022115.Facility,Bomhus Energi,Sweden,17.2693,60.6839,SE31,SE,incl_biomass
RO.CAED/102DB0001.FACILITY,DONALAM SRL Punct de lucru Targoviste,Romania,25.455651,44.907717,RO31,RO,incl_biomass
https://registry.gdi-de.org/id/de.nw.inspire.pf.bube-eureg/arb-2017-316000-300-9046797,CURRENTA GmbH & Co. OHG,Germany,6.9859,51.02221,DEA2,DE,incl_biomass
IT.CAED/080202003.FACILITY,Stabilimento Ottana Energia s.p.a.,Italy,9.033333,40.25,ITG2,IT,incl_biomass
BG.CAED/013000001.FACILITY,Maritsa East 3 Kontur Global power station,Bulgaria,26.002517,42.144905,BG34,BG,incl_biomass
PL.MŚ/000000508.FACILITY,"Zakłady Górniczo-Hutnicze ""Bolesław"" S.A.",Poland,19.4754886627197,50.2766876220703,PL21,PL,incl_biomass
AT.CAED/9008391181606.FACILITY,WIEN ENERGIE GmbH,Austria,16.460528,48.173944,AT13,AT,incl_biomass
EL.CAED/100085.FACILITY,PPC S.A. AES PAROS,Greece,25.25468,37.126,EL42,EL,incl_biomass
SE.CAED/10024476.Facility,LKAB - Malmbergsgruvan,Sweden,20.70867,67.19643,SE33,SE,incl_biomass
https://registry.gdi-de.org/id/de.bw.lubw.inspire.pf/pf-450-2719142-00000000,Maxauer Papierfabrik GmbH ,Germany,8.31327,49.04256,DE12,DE,incl_biomass
HU.OKIR/101281761.FACILITY,Tatabánya Erőmű Kft.,Hungary,18.426762,47.560344,HU21,HU,incl_biomass
HU.OKIR/100401517.FACILITY,Duna-Dráva Cement Kft.,Hungary,19.104605,47.811315,HU12,HU,incl_biomass
NL.RIVM/000054001.FACILITY,EPZ NV (Conventional Operations),Netherlands,3.716,51.43318,NL34,NL,incl_biomass
FR.CAED/13309.FACILITY,SUEZ RR IWS CHEMICALS FRANCE,France,4.8213,45.34839,FRK2,FR,incl_biomass
FR.CAED/7442.FACILITY,ARIANEO,France,7.29205,43.73415,FRL0,FR,incl_biomass
ES.CAED/007591000.FACILITY,"COMPAÑÍA ENERGÉTICA LAS VILLAS, S.L.",Spain,-3.003387,38.17151,ES61,ES,incl_biomass
ES.CAED/000143000.FACILITY,FABRICA DE VILLALUENGA (LAFARGEHOLCIM ESPAÑA SAU),Spain,-3.9,40.011,ES42,ES,incl_biomass
UK.SEPA/200000046.Facility,Dundee Energy Recycling Ltd,United Kingdom,-2.90211,56.48585,UKM7,UK,incl_biomass
https://data.gov.sk/set/data/so/b4d884b3-4442-43db-a19c-ceb6e127960f/SK37021405.NRZ.FACILITY,Duslo a.s.,Slovakia,17.937156,48.181531,SK02,SK,incl_biomass
http://paikkatiedot.fi/so/1002031/pf/ProductionFacility/0100178732.ProductionFacility,"LAANILAN VOIMA OY, Laanilan teollisuusalueen voimalaitos",Finland,25.51999,65.03543,FI1D,FI,incl_biomass
UK.SEPA/200000035.Facility,Fife NGL Plant,United Kingdom,-3.29872,56.09746,UKM7,UK,incl_biomass
https://registry.gdi-de.org/id/de.sn.sax4inspire.pf/80011277,LEAG Lausitz Energie Kraftwerke AG  Kraftwerk Lippendorf ,Germany,12.37164,51.18414,DED5,DE,incl_biomass
UK.CAED/BEISOffsh-Murdoch-MC.FACILITY,Murdoch,United Kingdom,2.32233,54.23745,UKH1,UK,incl_biomass
DE.EEA/14-30-56918040000.FACILITY,Stora Enso Sachsen GmbH,Germany,12.5913679230815,51.4646104615512,DED5,DE,incl_biomass
IT.CAED/341451001.FACILITY,Acciaieria Arvedi S.p.A. ,Italy,13.7834,45.6192,ITH4,IT,incl_biomass
IT.CAED/960101001.FACILITY,ERG Power Impianti Nord,Italy,15.1825,37.1791,ITG1,IT,incl_biomass
SE.CAED/10019436.Facility,St1 Refinery AB,Sweden,11.87983,57.70185,SE23,SE,incl_biomass
NO.EEA/0000.0078.01.FACILITY,Sleipner Øst,Norway,1.90703,58.36666,NO0A,NO,incl_biomass
UK.CAED/NRW170003.FACILITY,Aberthaw Power Station,United Kingdom,-3.39504,51.39005,UKL2,UK,incl_biomass
NL.RIVM/000064004.FACILITY,AVR Afvalverwerking BV (Duiven),Netherlands,6.00036,51.97054,NL22,NL,incl_biomass
SE.CAED/10019649.Facility,"Preemraff, Lysekil",Sweden,11.42308,58.34674,SE23,SE,incl_biomass
UK.CAED/EW_EA-7030.FACILITY,Coryton Power Station EPR/EP3833LY,United Kingdom,0.50526849,51.51231,UKH3,UK,incl_biomass
NL.RIVM/000012158.FACILITY,HVC Slibverbrandingsinstallatie,Netherlands,4.74067,51.81651,NL33,NL,incl_biomass
FR.CAED/5307.FACILITY,VERALLIA FRANCE,France,4.12182,45.55786,FRK2,FR,incl_biomass
RO.CAED/104CL0001.FACILITY,SC SAINT GOBAIN STICLA ROMANIA SRL,Romania,27.328113,44.219374,RO31,RO,incl_biomass
RO.CAED/102BC0001.FACILITY,THERMOENERGY GROUP SA BACAU,Romania,26.938691,46.531089,RO21,RO,incl_biomass
RO.EEA/RO3AG_11.FACILITY,SC OMV PETROM SA-rafinaria ARPECHIM Bradu,Romania,24.931669,44.81319,RO31,RO,incl_biomass
DK.CAED/000105110.FACILITY,TOTAL E&P Danmark A/S - Gorm,Denmark,4.76022128,55.5815499,NL12,NL,incl_biomass
CZ.MZP.Z724/CZ14837619.FACILITY,Teplárna Otrokovice,Czechia,17.52029028,49.20472665,CZ07,CZ,incl_biomass
IT.CAED/971002002.FACILITY,Ragusa Cementi,Italy,14.725278,36.903056,ITG1,IT,incl_biomass
ES.CAED/000136000.FACILITY,C.T.C.C. SON REUS,Spain,2.680348,39.648724,ES53,ES,incl_biomass
NL.RIVM/000028176.FACILITY,Vattenfall Power Generation B.V. (IJmond 1),Netherlands,4.60557,52.47489,NL32,NL,incl_biomass
DK.CAED/000082980.FACILITY,Verdo Produktion A/S,Denmark,10.04739991097117,56.45801425221483,DK04,DK,incl_biomass
UK.CAED/EW_EA-16632.FACILITY,Wilton Power Station EPR/NP3438LK,United Kingdom,-1.120837,54.589727,UKC1,UK,incl_biomass
https://registry.gdi-de.org/id/de.nw.inspire.pf.bube-eureg/arb-2017-162004-300-9002708,RWE Generation SE GuD-Anlage,Germany,6.82763,51.08052,DEA1,DE,incl_biomass
CH.EEA/371.FACILITY,Monthel AG,Switzerland,6.971930151398,46.254450820492,CH01,CH,incl_biomass
IT.CAED/441221002.FACILITY,YARA ITALIA SPA - STABILIMENTO DI FERRARA,Italy,11.5921,44.856,ITH5,IT,incl_biomass
http://paikkatiedot.fi/so/1002031/pf/ProductionFacility/0100088039.ProductionFacility,"Oulun Energia Oy, Laanilan ekovoimalaitos",Finland,25.51853,65.0345,FI1D,FI,incl_biomass
IT.EEA/2007002107.FACILITY,"ACQUE VERONESI S.C.AR.L. - ""DEPURATORE CITTA DI VERONA""",Italy,10.996944,45.420277,ITH3,IT,incl_biomass
CZ.MZP.U427/CZ50357131.FACILITY,"ENERGY Ústí nad Labem, a.s.",Czechia,14.0528497,50.65435275,CZ04,CZ,incl_biomass
UK.SEPA/200002651.Facility,Millerhill Recycling & Energy Recovery Centre,United Kingdom,-3.08594,55.92507,UKM7,UK,incl_biomass
DE.EEA/06-05-100-0988652.FACILITY,RWE Generation SE HKW Hamborn,Germany,6.72708758993154,51.4921251097776,DEA1,DE,incl_biomass
IT.EEA/2007001085.FACILITY,centrale cogenerazione IRENE,Italy,9.733333,45.733333,ITC4,IT,incl_biomass
IT.CAED/210102002.FACILITY,Centrale di Cogenerazione di Malpensa,Italy,8.7397,45.6203,ITC4,IT,incl_biomass
https://registry.gdi-de.org/id/de.th/5bf25e39-19d5-4254-adac-63f1b1cec499/30013248,Restabfallbehandlungsanlage (RABA) Zella-Mehlis ,Germany,10.68781,50.63844,DEG0,DE,incl_biomass
https://data.ied_registry.omgeving.vlaanderen.be/id/productionfacility/BE.VL.000001873.FACILITY,A&U ENERGIE,Belgium,3.36109,50.9201,BE25,BE,incl_biomass
CZ.MZP.S206/CZ94743330.FACILITY,Spolana Neratovice,Czechia,14.52408893,50.27387367,CZ02,CZ,incl_biomass
ES.CAED/002112000.FACILITY,CENTRAL DE ESCATRON,Spain,-0.337601,41.296097,ES24,ES,incl_biomass
IT.CAED/290151001.FACILITY,ENEL PRODUZIONE S.P.A. - POWER PLANT NORTH C.LE LA CASELLA,Italy,9.4794,45.0899,ITH5,IT,incl_biomass
http://paikkatiedot.fi/so/1002031/pf/ProductionFacility/0000001348.ProductionFacility,"Metsä Fibre Oy, Puunjalostusteollisuus",Finland,24.51977,65.75583,FI1D,FI,incl_biomass
NO.EEA/192335.FACILITY,Norske Skog Skogn,Norway,11.158329,63.711853,NO06,NO,incl_biomass
ES.CAED/006543000.FACILITY,BUNGE IBERICA,Spain,-3.086221,43.356358,ES21,ES,incl_biomass
https://registry.gdi-de.org/id/de.by.inspire.pf.ied/S00223,"BAYERNOIL Raffineriegesellschaft mbH, Betriebsteil Vohburg",Germany,11.598882900310576,48.765795078837954,DE21,DE,incl_biomass
https://registry.gdi-de.org/id/de.ni.mu/10285630660,Kämmerer Paper GmbH ,Germany,8.02422,52.29477,DE94,DE,incl_biomass
SE.CAED/10015061.Facility,Lantmännen Biorefineries AB,Sweden,16.22923,58.61405,SE12,SE,incl_biomass
https://registry.gdi-de.org/id/de.th/5bf25e39-19d5-4254-adac-63f1b1cec499/72012874,Heizkraftwerk Jena Süd ,Germany,11.58528,50.89756,DEG0,DE,incl_biomass
BE.WA/189010000.FACILITY,BIOWANZE,Belgium,5.2071075,50.530754,BE33,BE,incl_biomass
PT.CAED/PT.APA05771362.CI,"CELTEJO,Empresa de Celulose do Tejo,S.A. (CI)",Portugal,-7.669786,39.661452,PT16,PT,incl_biomass
https://registry.gdi-de.org/id/de.he.0945.de7.pf.eu_industrie/20000004,Opel Automobile GmbH ,Germany,8.39753,49.99482,DE71,DE,incl_biomass
https://registry.gdi-de.org/id/de.nw.inspire.pf.bube-eureg/arb-2017-362028-800-0009877,RWE Power AG Veredlungsstandort Knapsacker Hügel,Germany,6.84623,50.86356,DEA2,DE,incl_biomass
PL.MŚ/000000293.FACILITY,Elektrociepłownia Piaskówka,Poland,20.983699798584,50.0368843078613,PL21,PL,incl_biomass
ES.CAED/000144000.FACILITY,FÁBRICA DE MONTCADA (LAFARGEHOLCIM ESPAÑA SAU),Spain,2.186544,41.477659,ES51,ES,incl_biomass
https://registry.gdi-de.org/id/de.hh/pf.bube-eureg_/3426,Holborn Europa Raffinerie GmbH ,Germany,9.95158,53.47709,DE60,DE,incl_biomass
http://paikkatiedot.fi/so/1002031/pf/ProductionFacility/0000001560.ProductionFacility,"UPM-Kymmene Oyj, Kymi",Finland,26.66421,60.91123,FI1C,FI,incl_biomass
https://data.ied_registry.omgeving.vlaanderen.be/id/productionfacility/BE.VL.000000016.FACILITY,INEOS,Belgium,4.3192,51.23458,BE21,BE,incl_biomass
ES.CAED/001014000.FACILITY,"VERALLIA-SPAIN, S.A. - BURGOS",Spain,-3.655664,42.349764,ES41,ES,incl_biomass
BE.EEA/W030.FACILITY,SAINT-GOBAIN GLASS sa,Belgium,4.6163,50.4499,BE35,BE,incl_biomass
EE.KAUR.TTR/156.FACILITY,"Gren Eesti AS, Pärnu koostootmisjaam",Estonia,24.5440619332,58.3991567504,EE00,EE,incl_biomass
http://paikkatiedot.fi/so/1002031/pf/ProductionFacility/0000002674.ProductionFacility,"Kumpuniemen Voima Oy, Voimalaitos",Finland,25.83929,62.57335,FI19,FI,incl_biomass
HR.CAED/000000025.FACILITY,TE-TO Sisak,Croatia,16.41377,45.45562,HR02,HR,incl_biomass
IT.CAED/960101004.FACILITY,Air Liquide Italia Produzione - Impianto Produzione Idrogeno Melilli,Italy,15.1839,37.1841,ITG1,IT,incl_biomass
ES.CAED/001619000.FACILITY,FÁBRICA DE PALOS DE LA FRONTERA (CEPSA QUÍMICA),Spain,-6.889568,37.18396,ES61,ES,incl_biomass
UK.CAED/EW_EA-1010.FACILITY,Kemsley Paper Mill CHP Plant EPR/BJ7395IG,United Kingdom,0.75120261,51.362175,UKJ4,UK,incl_biomass
https://data.gov.sk/set/data/so/b4d884b3-4442-43db-a19c-ceb6e127960f/SK37012102.NRZ.FACILITY,"SLOVNAFT, a.s.",Slovakia,17.18056,48.119024,SK01,SK,incl_biomass
https://registry.gdi-de.org/id/de.by.inspire.pf.ied/S00242,Zementwerk Rohrdorf,Germany,12.181625734464664,47.79082077827796,DE21,DE,incl_biomass
UK.CAED/EW_EA-6278.FACILITY,Leeds Generating Station Complex,United Kingdom,-1.5535662,53.802818,UKE4,UK,incl_biomass
https://registry.gdi-de.org/id/de.bb.inspire.pf.eureg/23024012,Sonae Arauco Beeskow GmbH,Germany,14.25602,52.18105,DE40,DE,incl_biomass
NL.RIVM/000061424.FACILITY,Veolia Industriediensten BV,Netherlands,5.94187,51.96647,NL22,NL,incl_biomass
SE.CAED/10023612.Facility,SCA Obbola AB,Sweden,20.32111,63.70116,SE33,SE,incl_biomass
NO.EEA/1416.0007.01.FACILITY,"Hydro Aluminium, Høyanger",Norway,6.06832,61.21873,NO0A,NO,incl_biomass
https://data.gov.sk/set/data/so/b4d884b3-4442-43db-a19c-ceb6e127960f/SK77050511.NRZ.FACILITY,DOLVAP s.r.o. - Výroba vápna,Slovakia,18.847665,49.200126,SK03,SK,incl_biomass
UK.CAED/EW_EA-365.FACILITY,Cauldon Cement Plant,United Kingdom,-1.8746695,53.043603,UKG2,UK,incl_biomass
http://paikkatiedot.fi/so/1002031/pf/ProductionFacility/0000001572.ProductionFacility,"Koskisen Oyj, Tehdastien laitosalue",Finland,25.26495,60.86224,FI1C,FI,incl_biomass
FR.CAED/1904.FACILITY,VERALLIA FRANCE,France,4.8424,46.8017,FRC1,FR,incl_biomass
FR.CAED/30364.FACILITY,LYONDELLBASELL SERVICES FRANCE SAS,France,5.16206,43.50295,FRL0,FR,incl_biomass
FR.CAED/32773.FACILITY,COGENERATION BIOMASSE DE NOVILLARS,France,6.131,47.2829,FRC2,FR,incl_biomass
GR.EEA/EL5801162.FACILITY,PPC S.A. SES LIPTOL,Greece,21.735434,40.475185,EL53,EL,incl_biomass
NL.RIVM/000024000.FACILITY,Vattenfall Power Generation B.V. (Hemweg),Netherlands,4.8471,52.40531,NL32,NL,incl_biomass
https://data.gov.sk/set/data/so/b4d884b3-4442-43db-a19c-ceb6e127960f/SK47061611.NRZ.FACILITY,"MH Teplárenský holding, a.s. - závod Zvolen",Slovakia,19.169953,48.566664,SK03,SK,incl_biomass
FR.EEA/063.03809.FACILITY,SECHE ECO INDUSTRIES site : la Cousinière,France,-0.79,48.1,FRG0,FR,incl_biomass
CZ.MZP.U423/CZ63876696.FACILITY,Mondi Štětí a.s. - Celulozka,Czechia,14.37481449,50.46118536,CZ04,CZ,incl_biomass
UK.CAED/EW_EA-1786.FACILITY,Dudley Energy from Waste Facility EPR/AP3435SD,United Kingdom,-2.082889,52.499145,UKG3,UK,incl_biomass
UK.CAED/EW_EA-10358.FACILITY,Staythorpe C Power Station EPR/VP3538XX,United Kingdom,-0.86486931,53.077899,UKF1,UK,incl_biomass
https://registry.gdi-de.org/id/de.nw.inspire.pf.bube-eureg/arb-2017-354012-300-9001747,MVA Weisweiler GmbH & Co. KG,Germany,6.31466,50.84083,DEA2,DE,incl_biomass
ES.CAED/001481000.FACILITY,COGENERACIÓN DE REFINERÍA LA RÁBIDA (DETISA),Spain,-6.895319,37.182824,ES61,ES,incl_biomass
https://data.ied_registry.omgeving.vlaanderen.be/id/productionfacility/BE.VL.000000111.FACILITY,ELECTRABEL WKK COVESTRO,Belgium,4.32097,51.296,BE21,BE,incl_biomass
SE.CAED/10022145.Facility,Alleima Tube AB,Sweden,16.79534,60.6167,SE31,SE,incl_biomass
AT.CAED/9008390731697.FACILITY,voestalpine Stahl GmbH,Austria,14.34,48.284,AT31,AT,incl_biomass
UK.CAED/NRW170087.FACILITY,Connah's Quay Power Station,United Kingdom,-3.07414,53.22697,UKL2,UK,incl_biomass
http://paikkatiedot.fi/so/1002031/pf/ProductionFacility/0000001926.ProductionFacility,"Metsä Board Oyj, Simpeleen kartonkitehdas",Finland,29.34397,61.43514,FI1C,FI,incl_biomass
IT.CAED/450352003.FACILITY,Cogenio - Centrale di Castelmassa,Italy,11.313167,45.019778,ITH3,IT,incl_biomass
PL.MŚ/000000314.FACILITY,KRONOSPAN SZCZECINEK Sp. z o.o.,Poland,16.7112789154053,53.6921081542969,PL42,PL,incl_biomass
https://registry.gdi-de.org/id/de.rp.inspire.pf.bube-eureg/1000729,Kandelium Barium Strontium GmbH & Co. KG,Germany,7.31615,50.51121,DEB1,DE,incl_biomass
NL.RIVM/000024002.FACILITY,Vattenfall Power Generation B.V. (Diemen),Netherlands,5.02118,52.33886,NL32,NL,incl_biomass
LT.CAED/156667399.FACILITY,"AB ""Achema""",Lithuania,24.335496,55.083703,LT02,LT,incl_biomass
UK.CAED/EW_EA-2330.FACILITY,Tilbury Power Station EPR/EP3433LZ,United Kingdom,0.39015013,51.455268,UKH3,UK,incl_biomass
ES.CAED/001636000.FACILITY,DEPOSITO CONTROLADO DE RESIDUOS URBANOS DE PINTO,Spain,-3.63755,40.257118,ES30,ES,incl_biomass
PT.CAED/PT.APA05770322.CI,Central de Valorização Energética e Confinamento Técnico (CI),Portugal,-8.65048,41.2284,PT11,PT,incl_biomass
ES.CAED/003375000.FACILITY,AZUCARERA DE JEREZ - CENTRO DE GUADALETE,Spain,-6.12817,36.658576,ES61,ES,incl_biomass
NO.EEA/0000.0040.02.FACILITY,Grane,Norway,2.485774,59.1646233,NO0A,NO,incl_biomass
https://registry.gdi-de.org/id/de.ni.mu/09281734280,VYNOVA Wilhelmshaven GmbH ,Germany,8.07042,53.6263,DE94,DE,incl_biomass
FR.EEA/054.01195.FACILITY,E.ON - Centrale de LUCY,France,4.35,46.67,FRC1,FR,incl_biomass
CZ.MZP.E532/CZ90841608.FACILITY,Elektrárna Chvaletice,Czechia,15.453,50.028394167,CZ05,CZ,incl_biomass
CY.CAED/0030030000.FACILITY,"Electricity Authority of Cyprus, Vassilikos Power Station",Cyprus,33.2898,34.7285,CY00,CY,incl_biomass
SE.CAED/10014449.Facility,"Boländeranläggningarna, Kraftvärmeverket o Bolandv",Sweden,17.67576,59.85219,SE12,SE,incl_biomass
IT.CAED/450352002.FACILITY,CARGILL S.R.L. - STABILIMENTO DI CASTELMASSA,Italy,11.3028,45.0292,ITH3,IT,incl_biomass
ES.CAED/005591000.FACILITY,"HYDRO ALUMINIUM IBERIA, S.A.U.",Spain,-3.2667,40.55,ES42,ES,incl_biomass
FR.CAED/8159.FACILITY,LAT NITROGEN FRANCE,France,2.88563,48.6105,FR10,FR,incl_biomass
CH.CAED/000000190.Facility,Constellium Valais SA,Switzerland,7.5416,46.2819,CH01,CH,incl_biomass
IT.CAED/570141001.FACILITY,Eni S.p.A. Raffineria di Livorno - CTE,Italy,10.3413,43.5879,ITI1,IT,incl_biomass
EL.CAED/100687.FACILITY,PPC S.A. LIGNITIKI MEGALOPOLIS (SES UNIT ΙV),Greece,22.06661,37.41566,EL65,EL,incl_biomass
PL.MŚ/000001740.FACILITY,TAMEH POLSKA sp. z o. o. - Zakład Wytwarzania Kraków (Elektrociepłownia),Poland,20.0931930541992,50.0807418823242,PL21,PL,incl_biomass
HR.CAED/000000050.FACILITY,Proizvodnja cementa Koromačno,Croatia,14.12122,44.96732,HR03,HR,incl_biomass
PL.MŚ/000000331.FACILITY,KRONOSPAN POLSKA Sp. z o.o.,Poland,16.7136402130127,53.6934280395508,PL42,PL,incl_biomass
SE.CAED/10024717.Facility,Smurfit Westrock Piteå AB,Sweden,21.44037,65.31475,SE33,SE,incl_biomass
http://paikkatiedot.fi/so/1002031/pf/ProductionFacility/0000063404.ProductionFacility,"Kaukaan Voima Oy, Energiantuotanto",Finland,28.25099,61.06663,FI1C,FI,incl_biomass
FR.CAED/6334.FACILITY,DALKIA,France,6.13503,49.32797,FRF3,FR,incl_biomass
http://paikkatiedot.fi/so/1002031/pf/ProductionFacility/0000003238.ProductionFacility,"Fortum Power and Heat Oy, Kivenlahden lämpökeskus",Finland,24.62883,60.16132,FI1B,FI,incl_biomass
FR.CAED/10877.FACILITY,CARGILL HAUBOURDIN SAS,France,2.9847,50.60672,FRE1,FR,incl_biomass
PL.MŚ/000000366.FACILITY,"Energetyka sp. z o.o., Elektrociepłownia E-3 Głogów",Poland,15.9886388778687,51.6840553283691,PL51,PL,incl_biomass
DK.CAED/000057637.FACILITY,Energnist Kolding A/S,Denmark,9.44676090347895,55.511304126068445,DK03,DK,incl_biomass
AT.CAED/9008390397220.FACILITY,voestalpine Stahl GmbH,Austria,14.159778,47.807083,AT31,AT,incl_biomass
IT.CAED/670512001.FACILITY,Stabilimento di Avezzano,Italy,13.4408,41.9941,ITF1,IT,incl_biomass
FR.EEA/054.01296.FACILITY,Usine de Frangey,France,4.07,47.8,FRC1,FR,incl_biomass
HU.OKIR/102053840.FACILITY,Pannonia Bio Zrt,Hungary,18.912516,46.83268,HU23,HU,incl_biomass
ES.CAED/001987000.FACILITY,CENTRAL DIESEL LAS SALINAS,Spain,-13.862837,28.500821,ES70,ES,incl_biomass
DE.EEA/06-05-112-0458158.FACILITY,Stadtwerke Duisburg AG Heizkraftwerk II,Germany,6.75242915583158,51.4279606366349,DEA1,DE,incl_biomass
BG.CAED/010000011.FACILITY,Ruse power station,Bulgaria,26.0,43.52,BG32,BG,incl_biomass
FR.CAED/10845.FACILITY,ARCELORMITTAL FRANCE,France,2.3358,51.01638,FRE1,FR,incl_biomass
BE.WA/057010000.FACILITY,INEOS FELUY,Belgium,4.216302,50.56053,BE32,BE,incl_biomass
NO.EEA/0000.0025.01.FACILITY,Åsgard,Norway,6.725545,65.06417,NO0A,NO,incl_biomass
EL.CAED/100015.FACILITY,PPC S.A. AES KOS,Greece,27.04849,36.82242,EL42,EL,incl_biomass
UK.CAED/BEISOffsh-Claymore.FACILITY,Claymore Alpha,United Kingdom,-0.31667,58.41667,UKM6,UK,incl_biomass
ES.CAED/001507000.FACILITY,CENTRAL TÉRMICA CRISTÓBAL COLÓN,Spain,-6.943695,37.19141,ES61,ES,incl_biomass
CY.CAED/0060500000.FACILITY,"VASSILIKO CEMENT WORKS PUBLIC COMPANY LTD, Vassilikos Plant",Cyprus,33.3164,34.7217,CY00,CY,incl_biomass
UK.CAED/BEISOffsh-Forties-Alpha.FACILITY,Forties Alpha,United Kingdom,0.58217,57.43551,UKM5,UK,incl_biomass
https://registry.gdi-de.org/id/de.ni.mu/09000237910,Onyx Kraftwerk Wilhelmshaven GmbH & Co. KG,Germany,8.1383,53.57354,DE94,DE,incl_biomass
FR.EEA/052.02609.FACILITY,TOTAL E&P France - Usine de Lacq,France,-0.61,43.42,FRI1,FR,incl_biomass
https://data.gov.sk/set/data/so/b4d884b3-4442-43db-a19c-ceb6e127960f/SK57084805.NRZ.FACILITY,"Tepláreň Košice, a.s.",Slovakia,21.273053,48.699668,SK04,SK,incl_biomass
FR.CAED/10775.FACILITY,AGC GLASS FRANCE,France,4.0304,50.28769,FRE1,FR,incl_biomass
IT.CAED/330102006.FACILITY,FANTONI SPA - Divisione Pannelli e Colla,Italy,13.0739,46.2325,ITH4,IT,incl_biomass
UK.CAED/EW_EA-163.FACILITY,Ancillary Components Ltd,United Kingdom,-0.59080969,52.263498,UKH2,UK,incl_biomass
https://registry.gdi-de.org/id/de.sh/10039818,Raffinerie Heide GmbH ,Germany,9.07971,54.16075,DEF0,DE,incl_biomass
NL.RIVM/000053504.FACILITY,Zeeland Aluminium Company (Zalco BV),Netherlands,3.70297,51.4587,NL34,NL,incl_biomass
UK.CAED/EW_EA-2421.FACILITY,Calvert Landfill Site,United Kingdom,-1.0014125,51.91587,UKJ1,UK,incl_biomass
FR.CAED/11255.FACILITY,PAPREC ENERGIES 59,France,2.3358,51.01638,FRE1,FR,incl_biomass
CH.CAED/000000187.Facility,DSM Nutrional Products - Werk Lalden / Zweigniederlassung Werk Lalden,Switzerland,7.8819,46.3023,CH01,CH,incl_biomass
ES.CAED/003378000.FACILITY,CEASA ENCE- FÁBRICA DE NAVIA,Spain,-6.72114,43.54111,ES12,ES,incl_biomass
http://paikkatiedot.fi/so/1002031/pf/ProductionFacility/0000001269.ProductionFacility,"Metsä Fibre Oy, Joutsenon tehdas",Finland,28.45687,61.13091,FI1C,FI,incl_biomass
https://registry.gdi-de.org/id/de.nw.inspire.pf.bube-eureg/arb-2017-112000-100-0209707,thyssenkrupp Steel Europe AG Werk Beeckerwerth,Germany,6.70664,51.48409,DEA1,DE,incl_biomass
PT.CAED/PT.APA05771462.CI,Central Termoeléctrica do Ribatejo (CI),Portugal,-8.950252,39.011505,PT16,PT,incl_biomass
IT.CAED/600442001.FACILITY,CONFIDENTIAL -Article4(2)(d),Italy,12.8986,43.33,ITI3,IT,incl_biomass
https://registry.gdi-de.org/id/de.hb/de.hb.pf.bube-eureg.06-04-12/2177562/6/0,Bremerhavener Entsorgungsgesellschaft mbH,Germany,8.61801,53.54791,DE50,DE,incl_biomass
PT.EEA/100005074.FACILITY,Central de Cogeração da Energin,Portugal,-9.065,38.85538,PT17,PT,incl_biomass
UK.SEPA/200000061.Facility,Fife Ethylene Plant,United Kingdom,-3.31055,56.09354,UKM7,UK,incl_biomass
http://paikkatiedot.fi/so/1002031/pf/ProductionFacility/0000002110.ProductionFacility,"Outokumpu Chrome Oy, Tornion tehtaat",Finland,24.19413,65.76894,FI1D,FI,incl_biomass
UK.CAED/EW_EA-654.FACILITY,Ketton Works,United Kingdom,-0.54633668,52.636704,UKF2,UK,incl_biomass
BG.CAED/003000003.FACILITY,Varna power station,Bulgaria,27.765472,43.19477,BG33,BG,incl_biomass
GB.EEA/EW_EA-10057.FACILITY,"UK Coal Mining Ltd, Sharlston Colliery Reclamation Site",United Kingdom,-1.41714,53.6778,UKE4,UK,incl_biomass
NL.EEA/56121.FACILITY,ThermPhos International BV,Netherlands,3.68971,51.45211,NL34,NL,incl_biomass
ES.CAED/001983000.FACILITY,CENTRAL TÉRMICA DE GRANADILLA,Spain,-16.573048,28.12218,ES70,ES,incl_biomass
RO.CAED/105CT0001.FACILITY,ROMCIM SA - PUNCT DE LUCRU MEDGIDIA,Romania,28.307913,44.241846,RO22,RO,incl_biomass
IT.EEA/2008000020.FACILITY,Cofathec Energia Srl - Centrale termoelettrica di Acerra,Italy,14.368333,40.931944,ITF3,IT,incl_biomass
ES.CAED/003182000.FACILITY,SOLVAY QUIMICA (FÁBRICA DE TORRELAVEGA),Spain,-4.038539,43.363203,ES13,ES,incl_biomass
FR.CAED/6253.FACILITY,HAGANIS,France,6.1816,49.12578,FRF3,FR,incl_biomass
AT.EEA/20000.00197.FACILITY,Borealis Agrolinz Melamine GmbH,Austria,14.035333,48.01786,AT31,AT,incl_biomass
NO.EEA/0000.0043.02.FACILITY,Volve,Norway,1.9297,58.4371834,NO0A,NO,incl_biomass
http://paikkatiedot.fi/so/1002031/pf/ProductionFacility/0000001780.ProductionFacility,"Stora Enso Oulu Oy, Oulun tehdas, Oulu",Finland,25.43152,65.00547,FI1D,FI,incl_biomass
PL.MŚ/000000028.FACILITY,ELEKTROCIEPŁOWNIA FENICE W RZESZOWIE,Poland,21.9808330535889,50.014720916748,PL82,PL,incl_biomass
https://data.gov.sk/set/data/so/b4d884b3-4442-43db-a19c-ceb6e127960f/SK77062508.NRZ.FACILITY,"Mondi SCP, a.s. - výroba papiera a celulózy",Slovakia,19.320079,49.079935,SK03,SK,incl_biomass
GB.EEA/EW_EA-2392.FACILITY,"Sse Generation Ltd, Weston Point Salt Works Chp Pant",United Kingdom,-2.75851,53.329,UKD7,UK,incl_biomass
NO.EEA/0000.0061.01.FACILITY,Oseberg Sør,Norway,2.795247,60.3896065,NO0A,NO,incl_biomass
HU.OKIR/100985361.FACILITY,Bakonyi Bioenergia Kft.,Hungary,17.558444,47.0956,HU21,HU,incl_biomass
UK.CAED/EW_EA-2531.FACILITY,Spalding Power Station EPR/BK0701IW,United Kingdom,-0.1321921,52.807839,UKF3,UK,incl_biomass
ES.CAED/006010000.FACILITY,CENTRAL TÉRMICA DE CICLO COMBINADO DE PALOS DE LA FRONTERA,Spain,-6.886133,37.186144,ES61,ES,incl_biomass
DE.EEA/16574.FACILITY,SKW Stickstoffwerke Piesteritz GmbH,Germany,12.5751285471335,51.8785933698079,DEE0,DE,incl_biomass
https://registry.gdi-de.org/id/de.by.inspire.pf.ied/S00104,InfraServ GmbH & Co. Gendorf KG,Germany,12.731253884065575,48.17714406076905,DE21,DE,incl_biomass
https://registry.gdi-de.org/id/de.st.lau.pf.anlagen-ied-euregistry/100030,RKB Raffinerie-Kraftwerks Betriebs GmbH ,Germany,12.0005,51.29107,DEE0,DE,incl_biomass
https://registry.gdi-de.org/id/de.nw.inspire.pf.bube-eureg/arb-2017-162008-100-0248923,RWE Power AG,Germany,6.61229,51.03765,DEA1,DE,incl_biomass
PT.EEA/100002393.FACILITY,"Navigator Pulp Cacia, S.A.",Portugal,-8.58976,40.6846,PT16,PT,incl_biomass
UK.CAED/BEISOffsh-Balmoral.FACILITY,Balmoral FPV,United Kingdom,1.08373,58.22835,UKM6,UK,incl_biomass
IT.CAED/090321001.FACILITY,Centrale Turbogas Assemini,Italy,8.9992,39.2282,ITG2,IT,incl_biomass
https://registry.gdi-de.org/id/de.bb.inspire.pf.eureg/23023936,GASCADE Gastransport GmbH ,Germany,14.47411,52.44294,DE40,DE,incl_biomass
FR.CAED/6088.FACILITY,ARKEMA FRANCE,France,6.70733,49.1401,FRF3,FR,incl_biomass
CH.CAED/000000284.Facility,Cerbios-Pharma SA,Switzerland,8.9225,45.9636,CH07,CH,incl_biomass
FR.CAED/13737.FACILITY,ELECTRICITE DE FRANCE,France,-63.08026,18.0769,FRY1,FR,incl_biomass
EL.CAED/100004.FACILITY,PPC S.A. SES KERATEAS-LAYRIOY,Greece,24.06633,37.74695,EL30,EL,incl_biomass
https://registry.gdi-de.org/id/de.sn.sax4inspire.pf/80011253,Model Sachsen Papier GmbH ,Germany,12.59134,51.46462,DED5,DE,incl_biomass
ES.CAED/001757000.FACILITY,"FÁBRICA DE ALCALÁ DE GUADAIRA (CEMENTOS PORTLAND VALDERRIVAS, S.A.)",Spain,-6.204397,37.353682,ES61,ES,incl_biomass
FR.CAED/788.FACILITY,RAYONIER A.M. TARTAS,France,-0.82634,43.83137,FRI1,FR,incl_biomass
NL.RIVM/000202990.FACILITY,Alco Energy Rotterdam,Netherlands,4.18356,51.92637,NL33,NL,incl_biomass
AT.CAED/9008391597537.FACILITY,Holcim (Österreich) GmbH,Austria,16.6,47.983333,AT12,AT,incl_biomass
PL.EEA/12S000405.FACILITY,"Zakład Elektroenergetyczny H.CZ. ""ELSEN"" S.A.",Poland,19.183056,50.795278,PL22,PL,incl_biomass
FR.EEA/052.01648.FACILITY,DARBO SAS,France,-1.21,43.92,FRI1,FR,incl_biomass
https://registry.gdi-de.org/id/de.st.lau.pf.anlagen-ied-euregistry/100125,Saale Energie GmbH ,Germany,11.9504,51.39846,DEE0,DE,incl_biomass
NL.EEA/10062.FACILITY,ExxonMobil Chemical Holland BV (RAP),Netherlands,4.29532,51.87332,NL33,NL,incl_biomass
ES.CAED/003530000.FACILITY,CENTRAL TERMICA DE ANDORRA,Spain,-0.380582,40.997107,ES24,ES,incl_biomass
CZ.MZP.U426/CZ95978240.FACILITY,Elektrárna Ledvice,Czechia,13.78065568,50.57647677,CZ04,CZ,incl_biomass
UK.SEPA/200000008.Facility,"Dunbar Works, East Lothian",United Kingdom,-2.4715,55.97901,UKM7,UK,incl_biomass
PL.MŚ/000001618.FACILITY,Blok Gazowo Parowy w Polkowicach,Poland,16.069242477417,51.4836959838867,PL51,PL,incl_biomass
https://registry.gdi-de.org/id/de.he.0945.de7.pf.eu_industrie/50001960,Papierfabrik A. Jass GmbH & Co.KG ,Germany,9.68162,50.56751,DE73,DE,incl_biomass
https://registry.gdi-de.org/id/de.nw.inspire.pf.bube-eureg/arb-2017-170024-100-0387357,INEOS Solvents Germany GmbH Werk Moers,Germany,6.64674,51.46969,DEA1,DE,incl_biomass
FR.CAED/6388.FACILITY,GAZELENERGIE GENERATION,France,6.70617,49.1161,FRF3,FR,incl_biomass
HU.OKIR/100333274.FACILITY,Carmeuse Hungária Kft.,Hungary,18.403853,45.806534,HU23,HU,incl_biomass
UK.CAED/EW_EA-5974.FACILITY,Dimlington Terminal,United Kingdom,0.11369477,53.660152,UKE1,UK,incl_biomass
DE.EEA/109022.FACILITY,Heizkraftwerk Gera-Nord,Germany,12.0631772802412,50.9044834664546,DEG0,DE,incl_biomass
PT.CAED/PT.APA05764242.CI,Fábrica Cibra-Pataias (CI),Portugal,-8.986598,39.656338,PT16,PT,incl_biomass
PL.EEA/06K000099.FACILITY,Energomedia Sp. z o.o.,Poland,19.443569,50.162274,PL21,PL,incl_biomass
DK.CAED/000177590.FACILITY,CTR I/S,Denmark,12.5202137748373,55.682949067581085,DK01,DK,incl_biomass
ES.CAED/001586000.FACILITY,"FÁBRICA DE HUELVA (FERTIBERIA, S.A.)",Spain,-6.949461,37.226368,ES61,ES,incl_biomass
IT.CAED/370602007.FACILITY,STABILIMENTO DI GAZZO VERONESE,Italy,11.0928,45.1436,ITH3,IT,incl_biomass
AT.EEA/20000.00019.FACILITY,Patheon Austria GmbH & Co KG,Austria,14.328611,48.288055,AT31,AT,incl_biomass
GB.EEA/EW_EA-12958.FACILITY,Portland Burn Surface Mine,United Kingdom,-1.60899,55.1802,UKC2,UK,incl_biomass
PL.MŚ/000000626.FACILITY,KOKSOWNIA PRZYJAŹŃ,Poland,19.3372249603271,50.3400917053223,PL22,PL,incl_biomass
HU.OKIR/100430056.FACILITY,Tungsram Operations Kft. felszámolás alatt,Hungary,16.992636,46.470976,HU22,HU,incl_biomass
FR.CAED/10589.FACILITY,ALBIOMA CARAÏBES,France,-61.3202,16.3102,FRY1,FR,incl_biomass
https://registry.gdi-de.org/id/de.nw.inspire.pf.bube-eureg/arb-2021-562024-500-0016694,Stockhausen Superabsorber GmbH,Germany,7.08971,51.68789,DEA3,DE,incl_biomass
http://paikkatiedot.fi/so/1002031/pf/ProductionFacility/0100184511.ProductionFacility,"Tornion Voima Oy, Röyttän teollisuusalueen voimalaitos ja kattilalai",Finland,24.17603,65.76958,FI1D,FI,incl_biomass
GB.EEA/EW_EA-10056.FACILITY,"UK Coal Mining Ltd, Long Moor",United Kingdom,-1.42415,52.7133,UKF2,UK,incl_biomass
PL.MŚ/000000065.FACILITY,ArcelorMittal Poland S.A. - Oddział Kraków,Poland,20.0667419433594,50.0798645019531,PL21,PL,incl_biomass
DK.CAED/000068265.FACILITY,SILKEBORG VARME A/S,Denmark,9.556894202416276,56.18199765871436,DK04,DK,incl_biomass
AT.EEA/20000.00125.FACILITY,WIEN ENERGIE GmbH,Austria,16.434,48.274918,AT13,AT,incl_biomass
PT.CAED/PT.APA07272643.CI,Central Termoelétrica a Biomassa (CI),Portugal,-8.875618,40.049206,PT16,PT,incl_biomass
ES.CAED/003120000.FACILITY,"ARTESANOS ENVASES RECICLADOS CALVO, S. L.",Spain,1.954544,41.458428,ES51,ES,incl_biomass
SE.CAED/10019709.Facility,Lillesjö Avfallskraftvärmeverk,Sweden,11.9835,58.37412,SE23,SE,incl_biomass
IT.EEA/2007001041.FACILITY,ELETTRA PRODUZIONE S.R.L. - SITO DI PIOMBINO-,Italy,10.536667,42.936667,ITI1,IT,incl_biomass
GB.EEA/EW_EA-2322.FACILITY,"Rwe Npower Plc, Littlebrook Power Station",United Kingdom,0.24188,51.4669,UKJ4,UK,incl_biomass
https://registry.gdi-de.org/id/de.he.0945.de7.pf.eu_industrie/50000213,"VW Kraftwerk GmbH, HKW Baunatal ",Germany,9.43723,51.25261,DE73,DE,incl_biomass
IT.CAED/281002007.FACILITY,Novel S.p.A.,Italy,8.6505,45.4593,ITC1,IT,incl_biomass
NO.EEA/0000.0008.01.FACILITY,Statfjord,Norway,1.852061,61.2551537,UKM6,UK,incl_biomass
ES.CAED/001599000.FACILITY,"ENCE ENERGÍA Y CELULOSA, SA - FABRICA DE PONTEVEDRA",Spain,-8.668889,42.416667,ES11,ES,incl_biomass
FR.CAED/8791.FACILITY,ELECTRICITE DE FRANCE,France,2.85234,48.3797,FR10,FR,incl_biomass
ES.CAED/006626000.FACILITY,SAMPOL - CENTRAL DE COGENERACION AEROPUERTO DE BARAJAS,Spain,-3.603304,40.480415,ES30,ES,incl_biomass
GR.EEA/ELA300924.FACILITY,TITAN CEMENT S.A. - ELEFSIS   PLANT,Greece,23.531022,38.042081,EL30,EL,incl_biomass
ES.CAED/000306000.FACILITY,CALES DE PACHS,Spain,1.684755,41.366699,ES51,ES,incl_biomass
IT.CAED/380662001.FACILITY,ALTO GARDA POWER S.R.L.,Italy,10.853472,45.887,ITH2,IT,incl_biomass
FR.CAED/5503.FACILITY,FERROGLOBE FRANCE,France,6.41779,45.2343,FRK2,FR,incl_biomass
GB.EEA/12923.FACILITY,Janice Alpha,United Kingdom,2.25527,56.3951,UKE1,UK,incl_biomass
IT.CAED/060661001.FACILITY,Enel Produzione S.p.A. - IMPIANTO TERMOELETTRICO DI PIETRAFITTA,Italy,12.2003,42.9946,ITI2,IT,incl_biomass
FR.CAED/13777.FACILITY,ELECTRICITE DE FRANCE,France,-61.15564,14.66514,FRY2,FR,incl_biomass
IT.CAED/240202009.FACILITY,STABILIMENTO DI SCANZOROSCIATE,Italy,9.7667,45.7136,ITC4,IT,incl_biomass
BG.CAED/017000003.FACILITY,"Stomana Industry company for production 
    of ferrous metals ",Bulgaria,23.10493,42.593002,BG41,BG,incl_biomass
UK.CAED/EW_EA-377.FACILITY,BOC Hydrogen PLant,United Kingdom,-1.1878099,54.599271,UKC1,UK,incl_biomass
IT.EEA/2007002020.FACILITY,IMPIANTO TERMOELETTRICO DI PORTO MARGHERA - VB DI FUSINA,Italy,12.231944,45.459444,ITH3,IT,incl_biomass
http://paikkatiedot.fi/so/1002031/pf/ProductionFacility/0000002677.ProductionFacility,"Metsä Fibre Oy, Energiantuotanto",Finland,25.74089,62.59464,FI19,FI,incl_biomass
IT.EEA/2007002317.FACILITY,Centrale Portoscuso,Italy,8.4,39.203055,ITG2,IT,incl_biomass
NO.EEA/1931.0020.01.FACILITY,Finnfjord,Norway,18.0821819,69.2225952,NO07,NO,incl_biomass
https://data.ied_registry.omgeving.vlaanderen.be/id/productionfacility/BE.VL.000000900.FACILITY,TIENSE SUIKERRAFFINADERIJ,Belgium,4.94797,50.80114,BE24,BE,incl_biomass
NL.RIVM/000203496.FACILITY,Reststoffen Energie Centrale (REC),Netherlands,5.4291,53.19045,NL12,NL,incl_biomass
SK.EEA/37069103.FACILITY,"PPC Investments, a.s.",Slovakia,17.154583,48.177613,SK01,SK,incl_biomass
GB.EEA/EW_EA-155.FACILITY,Newport Steelworks,United Kingdom,-2.96401,51.561,UKL2,UK,incl_biomass
RO.CAED/102IL0001.FACILITY,SC NITRAMONIA BC SRL - Combinat chimic Slobozia,Romania,27.385171,44.533743,RO31,RO,incl_biomass
IT.EEA/2007001691.FACILITY,Raffineria di Roma,Italy,12.323611,41.857222,ITI4,IT,incl_biomass
DE.EEA/17193.FACILITY,TOTAL Raffinerie Mitteldeutschland GmbH (POX/Methanol),Germany,12.0149750371508,51.2962933440763,DEE0,DE,incl_biomass
FR.CAED/1252.FACILITY,DALKIA,France,-0.96444,44.63367,FRI1,FR,incl_biomass
SK.EEA/37068103.FACILITY,"Bratislavská teplárenská, a.s. - Tepláreň Východ",Slovakia,17.153409,48.177039,SK01,SK,incl_biomass
IT.CAED/239002006.FACILITY,CONFIDENTIAL -Article4(2)(d),Italy,,,,,incl_biomass
PL.MŚ/000000148.FACILITY,Grupa Ożarów S.A. Zakład Cementownia Rejowiec,Poland,23.2255554199219,51.1205520629883,PL81,PL,incl_biomass
SE.CAED/10018832.Facility,Borealis Krackeranl.,Sweden,11.82554,58.08325,SE23,SE,incl_biomass
https://registry.gdi-de.org/id/de.nw.inspire.pf.bube-eureg/arb-2017-111000-100-0036701,Henkel AG & Co. KGaA,Germany,6.83939,51.17555,DEA1,DE,incl_biomass
https://registry.gdi-de.org/id/de.nw.inspire.pf.bube-eureg/arb-2017-766032-700-0001580,B+T Horn Energie GmbH,Germany,8.95242,51.88492,DEA4,DE,incl_biomass
NO.EEA/0805.0042.01.FACILITY,"Eramet Norway AS, Porsgrunn",Norway,9.623832,59.1272,NO09,NO,incl_biomass
UK.CAED/BEISOffsh-Northern-Producer.FACILITY,Northern Producer,United Kingdom,1.46434,61.48752,UKM6,UK,incl_biomass
FR.CAED/10640.FACILITY,DILLINGER FRANCE,France,2.29726,51.02407,FRE1,FR,incl_biomass
PT.CAED/PT.APA05768042.CI,Central de Cogeração do Carriço (CI),Portugal,-8.852159,39.981028,PT16,PT,incl_biomass
NL.EEA/44008.FACILITY,Ennatuurlijk; WKC Helmond,Netherlands,5.68868,51.46358,NL41,NL,incl_biomass
https://registry.gdi-de.org/id/de.sn.sax4inspire.pf/70015796,Kraftwerk Boxberg ,Germany,14.57432,51.41885,DED2,DE,incl_biomass
DK.CAED/000105551.FACILITY,I/S Norfors,Denmark,12.492612283553996,55.90108898168228,DK01,DK,incl_biomass
IT.CAED/261002002.FACILITY,Acciaieria Arvedi S.p.A.,Italy,9.9469,45.1494,ITC4,IT,incl_biomass
UK.CAED/BEISOffsh-Britannia.FACILITY,Britannia,United Kingdom,1.13876,58.04865,UKM5,UK,incl_biomass
IT.CAED/291211001.FACILITY,Centrale Termoelettrica di Piacenza,Italy,9.7104,45.0545,ITH5,IT,incl_biomass
FR.EEA/062.01074.FACILITY,Cokes de Carling SAS,France,6.71,49.16,FRF3,FR,incl_biomass
UK.CAED/EW_EA-1451.FACILITY,Runcorn Halochemicals EPR/BS5428IP,United Kingdom,-2.694495,53.325695,UKD7,UK,incl_biomass
ES.CAED/000773000.FACILITY,COMPLEJO MEDIOAMBIENTAL DE CERCEDA,Spain,-8.437946,43.173593,ES11,ES,incl_biomass
https://data.ied_registry.omgeving.vlaanderen.be/id/productionfacility/BE.VL.000001005.FACILITY,INTERGEMEENTELIJKE VERENIGING VOOR HET AFVALBEHEER VOOR OOSTENDE EN OMMELAND,Belgium,2.96519,51.21187,BE25,BE,incl_biomass
NL.RIVM/000204617.FACILITY,Power Plant Rotterdam,Netherlands,4.07205,51.94482,NL33,NL,incl_biomass
https://data.ied_registry.omgeving.vlaanderen.be/id/productionfacility/BE.VL.000000712.FACILITY,LUMINUS,Belgium,3.73475,51.06039,BE23,BE,incl_biomass
IT.CAED/441242002.FACILITY,HERAMBIENTE Spa -Termovalorizzatore,Italy,11.5535,44.8605,ITH5,IT,incl_biomass
https://registry.gdi-de.org/id/de.nw.inspire.pf.bube-eureg/arb-2017-314000-300-0838652,Energie- und Wasserversorgung Bonn/Rhein-Sieg GmbH,Germany,7.08116,50.73395,DEA2,DE,incl_biomass
NO.EEA/0000.0048.05.FACILITY,Ekofisk,Norway,3.221415,56.5203133,NO0A,NO,incl_biomass
https://registry.gdi-de.org/id/de.by.inspire.pf.ied/S00627,Schott AG,Germany,12.243578546678249,49.94657683005343,DE23,DE,incl_biomass
ES.CAED/003563000.FACILITY,"CAL INDUSTRIAL, S.L",Spain,-1.63725,42.69604,ES22,ES,incl_biomass
DE.EEA/16874.FACILITY,CropEnergies Bioethanol GmbH,Germany,12.116388985444,51.0538529142495,DEE0,DE,incl_biomass
FR.CAED/6708.FACILITY,ELECTRICITE DE FRANCE,France,-1.87564,47.29202,FRG0,FR,incl_biomass
https://data.gov.sk/set/data/so/b4d884b3-4442-43db-a19c-ceb6e127960f/SK47056307.NRZ.FACILITY,"Slovenské elektrárne, a.s. - Elektrárne Nováky, závod",Slovakia,18.532067,48.693672,SK02,SK,incl_biomass
IT.CAED/280692006.FACILITY,Birla Carbon,Italy,8.7952,45.4334,ITC1,IT,incl_biomass
http://paikkatiedot.fi/so/1002031/pf/ProductionFacility/0000024256.ProductionFacility,"Kokkolan Energia Oy, Voimalaitos Voima (Ykspihlajan voimalaitos)",Finland,23.05069,63.85568,FI1D,FI,incl_biomass
RO.CAED/109DB0001.FACILITY,SC CARMEUSE HOLDING SRL,Romania,25.41907778,45.124725,RO31,RO,incl_biomass
CZ.MZP.T803/CZ31406387.FACILITY,Teplárna Československé armády,Czechia,18.49604454,49.84425687,CZ08,CZ,incl_biomass
CH.CAED/000000179.Facility,Vigier Cement AG,Switzerland,7.2493,47.1848,CH02,CH,incl_biomass
https://registry.gdi-de.org/id/de.by.inspire.pf.ied/S00706,Müllverbrennungsanlage Nürnberg,Germany,11.055495433051997,49.43552520642738,DE25,DE,incl_biomass
UK.CAED/EW_EA-16600.FACILITY,Wilton Olefins Installation,United Kingdom,-1.1010294,54.582661,UKC1,UK,incl_biomass
FR.EEA/070.00588.FACILITY,SRD - Société de la Raffinerie de Dunkerque,France,2.36,51.03,FRE1,FR,incl_biomass
https://registry.gdi-de.org/id/de.st.lau.pf.anlagen-ied-euregistry/100344,"Nordzucker AG, Werk Klein Wanzleben ",Germany,11.38524,52.071,DEE0,DE,incl_biomass
IT.EEA/2007000057.FACILITY,CENTRALE TERMOELETTRICA DI PORCARI (LU),Italy,10.602083,43.823556,ITI1,IT,incl_biomass
PL.EEA/01D002779.FACILITY,"Wojewódzkie Przedsiębiorstwo Energetyki Cieplnej w Legnicy S. A., Zakład Energetyki Cieplnej w Lubinie",Poland,16.18585,51.37969,PL51,PL,incl_biomass
NO.EEA/1263.0002.01.FACILITY,Equinor avd. Mongstad raffineri,Norway,5.033256,60.8149376,NO0A,NO,incl_biomass
UK.CAED/EW_EA-1691.FACILITY,Brierlow Lime Works,United Kingdom,-1.8707148,53.218973,UKF1,UK,incl_biomass
HU.OKIR/100368313.FACILITY,MOL Nyrt.,Hungary,18.896743,47.288829,HU12,HU,incl_biomass
ES.CAED/000284000.FACILITY,BARCELONA CARTONBOARD,Spain,1.967756,41.504895,ES51,ES,incl_biomass
ES.CAED/002715000.FACILITY,DOW CHEMICAL IBERICA (DOW SUD),Spain,1.190673,41.103198,ES51,ES,incl_biomass
FR.CAED/7632.FACILITY,COMPAGNIE PETROCHIMIQUE DE BERRE,France,5.16206,43.50295,FRL0,FR,incl_biomass
CH.CAED/000000351.Facility,Givaudan Suisse SA site de Vernier,Switzerland,6.0797,46.2054,CH01,CH,incl_biomass
NL.RIVM/000010928.FACILITY,Aluminium & Chemie Rotterdam B.V.,Netherlands,4.32096,51.87343,NL33,NL,incl_biomass
EL.CAED/100100.FACILITY,KORINTHOS POWER S.A.,Greece,23.06881,37.92361,EL65,EL,incl_biomass
PL.MŚ/000000299.FACILITY,Rockwool Polska Sp. z o.o. Zakład w Małkini,Poland,22.0610275268555,52.7085151672363,PL92,PL,incl_biomass
https://registry.gdi-de.org/id/de.nw.inspire.pf.bube-eureg/arb-2017-124000-100-0848198,Kalkwerke H. Oetelshofen GmbH & Co. KG,Germany,7.0419,51.24815,DEA1,DE,incl_biomass
http://paikkatiedot.fi/so/1002031/pf/ProductionFacility/0100335579.ProductionFacility,"Helen Oy, Vuosaaren biolämpökeskus",Finland,25.16717,60.2212,FI1B,FI,incl_biomass
FR.CAED/9528.FACILITY,BLUE PAPER,France,7.76783,48.57163,FRF1,FR,incl_biomass
https://registry.gdi-de.org/id/de.nw.inspire.pf.bube-eureg/arb-2017-958012-900-0235121,Egger Holzwerkstoffe Brilon GmbH & Co. KG,Germany,8.59807,51.40669,DEA5,DE,incl_biomass
DK.CAED/000073590.FACILITY,RGS Nordic A/S Industrispildevand,Denmark,11.283395935675696,55.2095620741591,DK02,DK,incl_biomass
ES.CAED/007096000.FACILITY,COMPACGLASS SL,Spain,-0.21574,39.960433,ES52,ES,incl_biomass
IE.CAED/P0830.FACILITY,Bord Gais Energy Ltd,Ireland,-8.251072,51.815217,IE05,IE,incl_biomass
https://registry.gdi-de.org/id/de.nw.inspire.pf.bube-eureg/arb-2017-513000-500-0053929,Ruhr Oel GmbH Werk Scholven,Germany,7.02891,51.59603,DEA3,DE,incl_biomass
PT.CAED/PT.APA05765342.CI,"GALLOVIDRO, S.A. (CI)",Portugal,-8.93059,39.75452,PT16,PT,incl_biomass
AT.CAED/9008390973059.FACILITY,Mondi Frantschach GmbH,Austria,14.86525,46.862222,AT21,AT,incl_biomass
IT.CAED/000342006.FACILITY,LAZIO AMBIENTE S.P.A.,Italy,12.9943,41.7421,ITI4,IT,incl_biomass
http://paikkatiedot.fi/so/1002031/pf/ProductionFacility/0000001131.ProductionFacility,"NordFuel Oy, Haapaveden voimalaitos",Finland,25.4097,64.12151,FI1D,FI,incl_biomass
http://paikkatiedot.fi/so/1002031/pf/ProductionFacility/0000052805.ProductionFacility,"Järvi-Suomen Voima Oy, Ristiinan voimalaitos",Finland,27.26546,61.47262,FI1D,FI,incl_biomass
https://registry.gdi-de.org/id/de.st.lau.pf.anlagen-ied-euregistry/100276,Mercer Stendal GmbH ,Germany,12.00586,52.72827,DEE0,DE,incl_biomass
IT.CAED/461001003.FACILITY,EniPower Mantova S.p.A.,Italy,10.8354,45.149,ITC4,IT,incl_biomass
https://registry.gdi-de.org/id/de.ni.mu/01241117210,Volkswagen AG Werk Wolfsburg,Germany,10.76834,52.42954,DE91,DE,incl_biomass
BG.CAED/003000006.FACILITY,Agropolihim AD,Bulgaria,27.660154,43.200798,BG33,BG,incl_biomass
UK.CAED/BEISOffsh-Fulmar-Alpha.FACILITY,Fulmar Alpha,United Kingdom,2.13164,56.49371,UKE1,UK,incl_biomass
CH.CAED/000000115.Facility,CIMO Compagnie Industrielle de Monthey,Switzerland,6.9653,46.2529,CH01,CH,incl_biomass
NO.EEA/0000.0046.02.FACILITY,Gullfaks,Norway,2.187338,61.1755829,NO0A,NO,incl_biomass
UK.CAED/NRW170059.FACILITY,Cardiff Energy Recovery Facility,United Kingdom,-3.14958,51.47094,UKL2,UK,incl_biomass
BE.WA/117010000.FACILITY,LUMINUS - Centrale d'Angleur,Belgium,5.5826173,50.61833,BE33,BE,incl_biomass
PL.MŚ/000000365.FACILITY,"Energetyka sp. z o.o., Elektrociepłownia E-2 Polkowice",Poland,16.0658874511719,51.482723236084,PL51,PL,incl_biomass
CH.CAED/000000410.Facility,Energiezentrale Forsthaus (KVA),Switzerland,7.4139,46.9515,CH02,CH,incl_biomass
UK.CAED/BEISOffsh-Ninian-Central.FACILITY,Ninian Central,United Kingdom,1.46909,60.85678,UKM6,UK,incl_biomass
https://registry.gdi-de.org/id/de.nw.inspire.pf.bube-eureg/arb-2017-111000-100-0085062,Vallourec Deutschland GmbH Werk Rath,Germany,6.80213,51.26548,DEA1,DE,incl_biomass
UK.CAED/BEISOffsh-East-Brae.FACILITY,Brae East,United Kingdom,1.52706,58.87616,UKM6,UK,incl_biomass
ES.CAED/007939000.FACILITY,KRONOSPAN MDF S.L. (SALAS DE LOS INFANTES),Spain,-3.270556,42.007222,ES41,ES,incl_biomass
FR.CAED/6343.FACILITY,TOTALENERGIES PETROCHEMICALS FRANCE,France,6.70733,49.1401,FRF3,FR,incl_biomass
https://registry.gdi-de.org/id/de.nw.inspire.pf.bube-eureg/arb-2017-315000-300-0271861,Saint-Gobain Glass Deutschland GmbH,Germany,7.06459,50.87448,DEA2,DE,incl_biomass
FR.CAED/2853.FACILITY,VICAT,France,3.42781,46.26106,FRK1,FR,incl_biomass
DE.EEA/06-05-100-0989335.FACILITY,ArcelorMittal Ruhrort GmbH Werk Ruhrort,Germany,6.74917290245173,51.4608318042529,DEA1,DE,incl_biomass
FR.CAED/8556.FACILITY,VALORGIS,France,2.35212,48.74956,FR10,FR,incl_biomass
BG.CAED/012000002.FACILITY,Lime company Ognianovo K,Bulgaria,22.976383,42.90878,BG41,BG,incl_biomass
UK.LAED/E89_143.FACILITY,Ardagh Glass Doncaster,United Kingdom,-1.085694,53.552344,UKE3,UK,incl_biomass
http://paikkatiedot.fi/so/1002031/pf/ProductionFacility/0000001170.ProductionFacility,"Helen Oy, Salmisaaren voimalaitokset",Finland,24.90581,60.1604,FI1B,FI,incl_biomass
FI.EEA/1148.FACILITY,"FNsteel Oy Ab:n konkurssipesä, Koverharin terästehdas",Finland,23.21386,59.87787,FI1B,FI,incl_biomass
FR.CAED/6753.FACILITY,SYNER'VAL,France,0.17665,47.98465,FRG0,FR,incl_biomass
IT.CAED/120372006.FACILITY,Sedamyl Spa,Italy,7.483333,44.649444,ITC1,IT,incl_biomass
ES.CAED/001512000.FACILITY,"FÁBRICA DE CEMENTOS DE MÁLAGA (VOTORANTIM CEMENTOS ESPAÑA, S.A.)",Spain,-4.326742,36.716601,ES61,ES,incl_biomass
LU.CAED/000006000.FACILITY,Guardian Luxguard I S.à r.l.,Luxembourg,6.08293,49.50434,LU00,LU,incl_biomass
https://registry.gdi-de.org/id/de.bb.inspire.pf.eureg/23023645,VEO Vulkan-Energiewirtschaft - Oderbrücke GmbH ,Germany,14.6334,52.16281,DE40,DE,incl_biomass
FR.CAED/5921.FACILITY,VAL'ERGIE,France,6.19711,48.61613,FRF3,FR,incl_biomass
https://registry.gdi-de.org/id/de.nw.inspire.pf.bube-eureg/arb-2017-114000-100-0018507,Cargill Deutschland GmbH,Germany,6.66358,51.33899,DEA1,DE,incl_biomass
DK.EEA/1530.FACILITY,Amagerværket,Denmark,12.6218513520315,55.6844027955489,DK01,DK,incl_biomass
UK.CAED/EW_EA-16885.FACILITY,Sleaford Renewable Energy Plant EPR/DP3030XH,United Kingdom,-0.38367314,52.999517,UKF3,UK,incl_biomass
RO.CAED/102IS0001.FACILITY,MUNICIPIUL IASI - CET II,Romania,27.718194,47.147953,RO21,RO,incl_biomass
PL.MŚ/000000214.FACILITY,Grupa LOTOS S.A.,Poland,18.7371673583984,54.3453598022461,PL63,PL,incl_biomass
IT.CAED/060351001.FACILITY,ENEL,Italy,12.5392,42.8963,ITI2,IT,incl_biomass
https://registry.gdi-de.org/id/de.nw.inspire.pf.bube-eureg/arb-2023-562024-500-0018899,Evonik Oxeno GmbH & Co. KG,Germany,7.10304,51.67839,DEA3,DE,incl_biomass
DE.EEA/06-05-800-0197010.FACILITY,RWE Power AG-Fabrik Ville/Berrenrath,Germany,6.83605559371525,50.8671450391517,DEA2,DE,incl_biomass
UK.CAED/EW_EA-18702.FACILITY,Ridham Biomass Power Plant,United Kingdom,0.76135415,51.380464,UKJ4,UK,incl_biomass
IE.CAED/P0486.FACILITY,Synergen Power Limited,Ireland,-6.20501,53.339946,IE06,IE,incl_biomass
https://registry.gdi-de.org/id/de.nw.inspire.pf.bube-eureg/arb-2017-112000-100-0008504,thyssenkrupp Steel Europe AG Kraftwerk Hamborn,Germany,6.72648,51.49125,DEA1,DE,incl_biomass
https://registry.gdi-de.org/id/de.by.inspire.pf.ied/S00316,"Südzucker AG, Werk Plattling",Germany,12.88275016136665,48.78761959706416,DE22,DE,incl_biomass
FR.CAED/3936.FACILITY,LAT NITROGEN FRANCE,France,1.03674,49.42375,FRD2,FR,incl_biomass
FR.CAED/44.FACILITY,SOLVAY FRANCE,France,5.41265,47.03851,FRC2,FR,incl_biomass
https://registry.gdi-de.org/id/de.st.lau.pf.anlagen-ied-euregistry/100876,IKW Wählitz ,Germany,12.0764,51.16633,DEE0,DE,incl_biomass
UK.CAED/EW_EA-18706.FACILITY,Beddington Energy Recovery Facility EPR/TP3836CT,United Kingdom,-0.146744,51.38594,UKI6,UK,incl_biomass
UK.CAED/EW_EA-4051.FACILITY,Grain LNG Site EPR/BV5572IB,United Kingdom,0.67863347,51.44795,UKJ4,UK,incl_biomass
SE.CAED/10014057.Facility,HAMMARBYVERKET,Sweden,18.09073,59.3036,SE11,SE,incl_biomass
PL.EEA/02C_000194.FACILITY,"LAFARGE CEMENT S.A., Cementownia ""Kujawy"" w Bielawach",Poland,17.506502,52.73621,PL61,PL,incl_biomass
IT.CAED/570161004.FACILITY,ENGIE PRODUZIONE SPA,Italy,10.4494,43.3816,ITI1,IT,incl_biomass
BE.WA/037010000.FACILITY,AGC GLASS EUROPE - Site de Moustier,Belgium,4.692587,50.447548,BE35,BE,incl_biomass
ES.CAED/003768000.FACILITY,SECADO SUR DE LODOS,Spain,-3.72768,40.30777,ES30,ES,incl_biomass
https://registry.gdi-de.org/id/de.bb.inspire.pf.eureg/16011292,H.E.S. Hennigsdorfer Elektrostahlwerke GmbH ,Germany,13.21143,52.65327,DE40,DE,incl_biomass
https://registry.gdi-de.org/id/de.nw.inspire.pf.bube-eureg/arb-2024-170008-100-0013484,DHE Dinslakener Holz-Energiezentrum GmbH & Co. KG,Germany,6.75279,51.55536,DEA1,DE,incl_biomass
DK.CAED/000106063.FACILITY,Topsoe A/S ,Denmark,12.054895685002576,55.852341585801405,DK01,DK,incl_biomass
https://registry.gdi-de.org/id/de.ni.mu/07244473830,Nordzucker AG Werk Nordstemmen,Germany,9.79506,52.1709,DE92,DE,incl_biomass
IT.CAED/841312001.FACILITY,CONFIDENTIAL -Article4(2)(d),Italy,14.8686,40.6611,ITF3,IT,incl_biomass
https://registry.gdi-de.org/id/de.nw.inspire.pf.bube-eureg/arb-2017-914000-900-0071172,thyssenkrupp Hohenlimburg GmbH Warmwalzwerk,Germany,7.59202,51.3457,DEA5,DE,incl_biomass
https://registry.gdi-de.org/id/de.hh/pf.bube-eureg_/4383,Nynas GmbH & Co. KG Raffinerie Harburg,Germany,9.97024,53.48659,DE60,DE,incl_biomass
DK.CAED/000098610.FACILITY,Nordic Sugar A/S Nykøbing,Denmark,11.876688067294022,54.762222129364574,DK02,DK,incl_biomass
https://registry.gdi-de.org/id/de.bb.inspire.pf.eureg/23040177,Progroup Power 1 GmbH ,Germany,14.64053,52.17258,DE40,DE,incl_biomass
LT.CAED/245358580.FACILITY,Šauliai southern boiler,Lithuania,23.312483,55.910936,LT02,LT,incl_biomass
ES.CAED/006236000.FACILITY,CENTRAL DIESEL CEUTA,Spain,-5.32,35.89,ES63,ES,incl_biomass
DK.CAED/000098598.FACILITY,Nørre Uttrup-Centralen,Denmark,9.9522684468596,57.072005052473095,DK05,DK,incl_biomass
FR.CAED/297.FACILITY,SAINT LOUIS SUCRE,France,3.05559,49.74205,FRE2,FR,incl_biomass
IT.CAED/340112001.FACILITY,STABILIMENTO DI DUINO,Italy,13.5831,45.7933,ITH4,IT,incl_biomass
CH.CAED/000000072.Facility,Schmiedewerk Stooss AG,Switzerland,8.4435,47.3007,CH04,CH,incl_biomass
IT.EEA/2011000067.FACILITY,EP Sistemi S.p.A.,Italy,12.995024,41.742811,ITI4,IT,incl_biomass
RO.CAED/119MS0001.FACILITY,SC KASTAMONU ROMANIA SA,Romania,24.733465,46.775614,RO12,RO,incl_biomass
LT.CAED/118188317.FACILITY1,"UAB ,,Litesko“ filialo „Alytaus energija“, Alytus district boiler",Lithuania,24.011566,54.422754,LT02,LT,incl_biomass
AT.CAED/9008391215714.FACILITY,W. Hamburger GmbH,Austria,16.175639,47.707278,AT12,AT,incl_biomass
ES.CAED/002584000.FACILITY,CEMEX ESPAÑA OPERACIONES S.L.U. (FÁBRICA DE LLOSETA),Spain,2.867968,39.702944,ES53,ES,incl_biomass
FR.CAED/13735.FACILITY,ELECTRICITE DE FRANCE,France,-61.57371,16.23878,FRY1,FR,incl_biomass
FR.CAED/12539.FACILITY,HEIDELBERG MATERIALS FRANCE CIMENTS,France,0.32928,47.58797,FRB0,FR,incl_biomass
HR.CAED/000000073.FACILITY,NEXE d.o.o.,Croatia,18.03978,45.45294,HR02,HR,incl_biomass
IT.CAED/460281001.FACILITY,A2A GENCOGAS - CENTRALE TERMOELETTRICA SERMIDE,Italy,11.2511,45.0297,ITC4,IT,incl_biomass
ES.CAED/000711000.FACILITY,SERVIKER 1,Spain,-0.225991,40.068654,ES52,ES,incl_biomass
BG.CAED/006000001.FACILITY,Vidahim power station ,Bulgaria,22.850779,43.947945,BG31,BG,incl_biomass
UK.CAED/BEISOffsh-Ninian-Northern.FACILITY,Ninian Northern,United Kingdom,1.42124,60.40606,UKM6,UK,incl_biomass
FR.CAED/6248.FACILITY,AGC GLASS SEINGBOUSE,France,6.84162,49.10456,FRF3,FR,incl_biomass
NO.EEA/1563.0008.01.FACILITY,"Hydro Aluminium, Sunndal",Norway,8.553916,62.6805153,NO0A,NO,incl_biomass
NL.RIVM/000010001.FACILITY,Nobian Industrial Chemicals BV (Rotterdam),Netherlands,4.27863,51.874,NL33,NL,incl_biomass
CH.CAED/000000110.Facility,KEBAG AG,Switzerland,7.5706,47.2153,CH02,CH,incl_biomass
IT.CAED/090181001.FACILITY,Sarlux srl,Italy,9.0113,39.0971,ITG2,IT,incl_biomass
ES.CAED/001988000.FACILITY,CENTRAL DIESEL DE PUNTA GRANDE,Spain,-13.54123,28.97001,ES70,ES,incl_biomass
DK.CAED/000083543.FACILITY,Nordic Sugar A/S  Nakskov,Denmark,11.147332871711852,54.83090330914613,DK02,DK,incl_biomass
UK.CAED/EW_EA-12824.FACILITY,Langage Energy Centre EPR/AP3633BL,United Kingdom,-4.0102612,50.387758,UKK4,UK,incl_biomass
ES.CAED/002582000.FACILITY,CEMENTOS MOLINS INDUSTRIAL (SANT FELIU DE LLOBREGAT),Spain,2.055273,41.403416,ES51,ES,incl_biomass
SE.CAED/10022227.Facility,Iggesunds Bruk,Sweden,17.09807,61.63863,SE31,SE,incl_biomass
IT.CAED/330922001.FACILITY,Cementeria di Fanna ,Italy,12.7394,46.1778,ITH4,IT,incl_biomass
NL.RIVM/000203220.FACILITY,EEW Energy from Waste Delfzijl B.V.,Netherlands,6.98765,53.30972,NL11,NL,incl_biomass
NL.RIVM/000115036.FACILITY,LyondellBasell Covestro Manufacturing Maasvlakte VOF,Netherlands,4.01932,51.96786,NL33,NL,incl_biomass
FR.CAED/7633.FACILITY,BASELL POLYOLEFINES FRANCE,France,5.16206,43.50295,FRL0,FR,incl_biomass
PL.MŚ/000001312.FACILITY,Zakład Produkcji Etanolu i Pasz,Poland,17.315896987915,52.7870979309082,PL41,PL,incl_biomass
LT.CAED/301276531.FACILITY,UAB „Fortum Klaipėda“,Lithuania,21.202935,55.68099,LT02,LT,incl_biomass
https://data.gov.sk/set/data/so/b4d884b3-4442-43db-a19c-ceb6e127960f/SK77010309.NRZ.FACILITY,Cemmac a.s. - Výroba cementu,Slovakia,18.103758,48.997314,SK02,SK,incl_biomass
SE.CAED/10021163.Facility,Västerås kraftvärmeverk,Sweden,16.51352,59.58845,SE12,SE,incl_biomass
BE.WA/001010000.FACILITY,TIBI sc - Usine d'incinération,Belgium,4.5452027,50.420174,BE32,BE,incl_biomass
BG.CAED/014000002.FACILITY,"Neochim Company for Production of 
    Inorganic and organic chemicals",Bulgaria,25.615,42.0725,BG42,BG,incl_biomass
ES.CAED/001587000.FACILITY,"FÁBRICA DE PALOS (FERTIBERIA, S.A.)",Spain,-6.887875,37.184313,ES61,ES,incl_biomass
FR.CAED/30362.FACILITY,IDEX VAR BIOMASSE (IVB),France,6.07663,43.39933,FRL0,FR,incl_biomass
FR.CAED/5217.FACILITY,VICAT,France,5.66991,45.2344,FRK2,FR,incl_biomass
CH.CAED/000000292.Facility,Kubrix AG / Werk Frick,Switzerland,8.0108,47.5078,CH03,CH,incl_biomass
ES.CAED/010852000.FACILITY,PLANTA BIOMASA DE 50 MWE,Spain,-3.98806,38.6212,ES42,ES,incl_biomass
https://registry.gdi-de.org/id/de.by.inspire.pf.ied/S00686,"Wiegand-Glashüttenwerke GmbH, Werk Steinbach a.Wald",Germany,11.382093585875404,50.43954768607689,DE24,DE,incl_biomass
CZ.MZP.S20C/CZ92280475.FACILITY,"Procter & Gamble - Rakona, s.r.o",Czechia,13.72275878,50.09960741,CZ02,CZ,incl_biomass
PL.MŚ/000005296.FACILITY,"Tartak ""OLCZYK"" Spółka z ograniczoną odpowiedzialnośćią",Poland,20.106335,50.916948,PL72,PL,incl_biomass
ES.CAED/005966000.FACILITY,"ENGIE CASTELNOU, S.L.U.",Spain,-0.294715,41.215786,ES24,ES,incl_biomass
ES.CAED/003455000.FACILITY,UTE LAS LOMAS,Spain,-3.599238,40.335361,ES30,ES,incl_biomass
PT.EEA/100004225.FACILITY,Central Termoeléctrica do Barreiro,Portugal,-9.05355143133,38.6751901351,PT17,PT,incl_biomass
FR.CAED/3814.FACILITY,TOTALENERGIES RAFFINAGE FRANCE,France,0.22592,49.51034,FRD2,FR,incl_biomass
https://registry.gdi-de.org/id/de.nw.inspire.pf.bube-eureg/arb-2017-158036-100-0238246,Rheinkalk GmbH,Germany,7.00751,51.28931,DEA1,DE,incl_biomass
UK.CAED/EW_EA-2678.FACILITY,Crossness Sewage Treatment Works,United Kingdom,0.14692712,51.505299,UKI5,UK,incl_biomass
https://registry.gdi-de.org/id/de.bw.lubw.inspire.pf/pf-450-2948214-00000000,GKM Grosskraftwerk Mannheim AG ,Germany,8.49223,49.44575,DE12,DE,incl_biomass
UK.CAED/EW_EA-16786.FACILITY,Intera South West Energy Recovery Facility,United Kingdom,-1.4314543,50.897365,UKJ3,UK,incl_biomass
UK.CAED/BEISOffsh-Anasuria.FACILITY,Anasuria,United Kingdom,-0.80813,57.25654,UKM5,UK,incl_biomass
FR.CAED/9483.FACILITY,EUROGLAS,France,7.50798,47.7587,FRF1,FR,incl_biomass
CH.CAED/000000270.Facility,KVA Turgi,Switzerland,8.2678,47.4844,CH03,CH,incl_biomass
EL.CAED/100084.FACILITY,PPC S.A. - AES MYKONOS,Greece,25.3255,37.43437,EL42,EL,incl_biomass
IT.EEA/2007000003.FACILITY,Stabilimento di Arquata Scrivia,Italy,8.875833,44.693611,ITC1,IT,incl_biomass
https://data.gov.sk/set/data/so/b4d884b3-4442-43db-a19c-ceb6e127960f/SK47033613.NRZ.FACILITY,"Veolia Utilities Žiar nad Hronom, a.s. - prevádzka Tepláreň",Slovakia,18.861339,48.569641,SK03,SK,incl_biomass
UK.CAED/EW_EA-800.FACILITY,Rotherham Aldwarke Site,United Kingdom,-1.3238814,53.449848,UKE3,UK,incl_biomass
UK.CAED/EW_EA-413.FACILITY,Thames Enterprise Park,United Kingdom,0.52444022,51.514957,UKH3,UK,incl_biomass
IE.CAED/P0579.FACILITY,Electricity Supply Board (North Wall),Ireland,-6.211221,53.349753,IE06,IE,incl_biomass
ES.CAED/000162000.FACILITY,ERCROS (FÀBRICA DE VILA-SECA II),Spain,1.161068,41.104976,ES51,ES,incl_biomass
DK.CAED/000105366.FACILITY,"CARLSBERG SUPPLY COMPANY DANMARK A/S, TAP ØL, TERM",Denmark,9.73136312214836,55.58525492881462,DK03,DK,incl_biomass
ES.CAED/001572000.FACILITY,FÁBRICA DE GÁDOR (CEMEX ESPAÑA OPERACIONES SLU),Spain,-2.4774,36.9325,ES61,ES,incl_biomass
https://registry.gdi-de.org/id/de.he.0945.de7.pf.eu_industrie/30001052,EVO - MHKW Offenbach ,Germany,8.76893,50.06489,DE71,DE,incl_biomass
ES.CAED/003681000.FACILITY,PAPEL ARALAR,Spain,-2.084587,43.050814,ES21,ES,incl_biomass
HU.EEA/102600002.FACILITY,AUDI HUNGARIA Zrt.,Hungary,17.694035,47.699024,HU22,HU,incl_biomass
UK.CAED/EW_EA-18795.FACILITY,Severnside Energy Recovery Centre EPR/ZP3937KL,United Kingdom,-2.6534001,51.528968,UKK1,UK,incl_biomass
ES.CAED/006240000.FACILITY,CENTRAL DIESEL DE MELILLA,Spain,-2.937943,35.290441,ES64,ES,incl_biomass
UK.CAED/EW_EA-18583.FACILITY,Carrington Power Station EPR/RP3438GG,United Kingdom,-2.4109007,53.43667,UKD3,UK,incl_biomass
BE.WA/225010000.FACILITY,Total Energies Centrale Electrique Marchienne au Pont,Belgium,4.433236,50.40981,BE32,BE,incl_biomass
PL.MŚ/000000069.FACILITY,Ciepłownia główna (DC),Poland,21.445140838623,50.9474716186523,PL72,PL,incl_biomass
ES.CAED/001282000.FACILITY,S.A.T. NUFRI 1956,Spain,0.889134,41.641266,ES51,ES,incl_biomass
DE.EEA/06-05-300-0881669.FACILITY,Lafarge Zement Karsdorfer Zement GmbH,Germany,6.55709334760165,50.5206431135647,DEA2,DE,incl_biomass
FR.CAED/2968.FACILITY,ROCKWOOL FRANCE SAS,France,2.84582,46.16742,FRK1,FR,incl_biomass
GB.EEA/EW_EA-10154.FACILITY,"Scottishpower Generation Limited , Shoreham Power Station",United Kingdom,-0.232412,50.8299,UKJ2,UK,incl_biomass
IT.CAED/001342003.FACILITY,ECOFER AMBIENTE SRL - impianto di discarica,Italy,12.561608,41.751056,ITI4,IT,incl_biomass
IT.CAED/351272002.FACILITY,Impianto di Termovalorizzazione di San Lazzaro (PD),Italy,11.9231,45.4083,ITH3,IT,incl_biomass
ES.CAED/003486000.FACILITY,ARCELORMITTAL ESPAÑA - PLANTA SIDERÚRGICA DE AVILÉS Y GIJÓN,Spain,-5.91113,43.55611,ES12,ES,incl_biomass
CZ.EEA/CZ36664530.FACILITY,Koksovna Jan Šverma,Czechia,18.23692213888889,49.83869633888889,CZ08,CZ,incl_biomass
IT.CAED/478532001.FACILITY,HERAMBIENTE s.p.a (inceneritore),Italy,12.6345,43.9793,ITH5,IT,incl_biomass
ES.CAED/006157000.FACILITY,"IGNIS GENERACIÓN, S.L",Spain,-0.217769,41.280778,ES24,ES,incl_biomass
ES.CAED/006119000.FACILITY,SAICA 4,Spain,-0.670765,41.549915,ES24,ES,incl_biomass
CZ.MZP.S206/CZ0030745E.FACILITY,SYNTHOS Kralupy a.s.,Czechia,14.330154166666,50.254298333333,CZ02,CZ,incl_biomass
IT.EEA/2007000150.FACILITY,Cementeria di Broni,Italy,9.254722,45.0625,ITC4,IT,incl_biomass
UK.CAED/BEISOffsh-Forties-Delta.FACILITY,Forties Delta,United Kingdom,0.54112,57.43206,UKM5,UK,incl_biomass
IE.CAED/P0266.FACILITY,Irving Oil Whitegate Refinery Limited,Ireland,-8.24794,51.820571,IE05,IE,incl_biomass
ES.CAED/001984000.FACILITY,CENTRAL TÉRMICA DE CANDELARIA,Spain,-16.357656,28.381697,ES70,ES,incl_biomass
https://registry.gdi-de.org/id/de.sl.inspire.pf/0096761-G,FVS Fernwärme-Verbund Saar GmbH Zentralstation Saarlouis,Germany,6.73766,49.34627,DEC0,DE,incl_biomass
UK.CAED/EW_EA-5644.FACILITY,Eggborough Power Station,United Kingdom,-1.1252609,53.713723,UKE2,UK,incl_biomass
ES.CAED/003970000.FACILITY,"SOLVAY QUÍMICA, S.L. (FÁBRICA DE TORRELAVEGA)",Spain,-4.04713,43.34901,ES13,ES,incl_biomass
NL.RIVM/000010723.FACILITY,O-I Netherlands BV (Leerdam),Netherlands,5.08588,51.88821,NL33,NL,incl_biomass
RO.CAED/108CT0001.FACILITY,SC CELCO SA,Romania,28.635171,44.358823,RO22,RO,incl_biomass
ES.CAED/009567000.FACILITY,CCC CAMPO DE GIBRALTAR GRUPO 10,Spain,-5.391025,36.185373,ES61,ES,incl_biomass
DK.CAED/000082879.FACILITY,"LEO PHARMA A/S, Esbjerg",Denmark,8.493504921856747,55.45760001487737,DK03,DK,incl_biomass
http://paikkatiedot.fi/so/1002031/pf/ProductionFacility/0000003607.ProductionFacility,"Järvi-Suomen Voima Oy, Savonlinnan voimalaitos",Finland,28.92253,61.85967,FI1D,FI,incl_biomass
UK.CAED/EW_EA-1572.FACILITY,Allington Incinerator - EPR/BR4551IC/V010,United Kingdom,0.49650163,51.293685,UKJ4,UK,incl_biomass
FR.EEA/067.00479.FACILITY,Petroplus Raffinage Reichstett,France,7.71,48.64,FRF1,FR,incl_biomass
UK.CAED/EW_EA-1711.FACILITY,Edmonton EfW Facility EPR/YP3033BE,United Kingdom,-0.040538506,51.616222,UKI5,UK,incl_biomass
UK.CAED/EW_EA-2067.FACILITY,Central Bacton Gas Terminal EPR/PP3633LM,United Kingdom,1.4649647,52.858539,UKH1,UK,incl_biomass
IT.CAED/380722001.FACILITY,Italcementi di Madruzzo,Italy,10.963889,46.040556,ITH2,IT,incl_biomass
https://data.ied_registry.omgeving.vlaanderen.be/id/productionfacility/BE.VL.000000121.FACILITY,Envalior,Belgium,4.32097,51.296,BE21,BE,incl_biomass
https://registry.gdi-de.org/id/de.nw.inspire.pf.bube-eureg/arb-2017-354032-300-0875380,Saint-Gobain Glass Deutschland GmbH,Germany,6.22004,50.78484,DEA2,DE,incl_biomass
FR.CAED/5504.FACILITY,FERROPEM CHATEAU FEUILLET,France,6.47927,45.52461,FRK2,FR,incl_biomass
https://registry.gdi-de.org/id/de.he.0945.de7.pf.eu_industrie/60002264,Buderus Edelstahl GmbH ,Germany,8.48923,50.57494,DE72,DE,incl_biomass
NO.EEA/1833.0007.01.FACILITY,Ferroglobe Mangan Norge AS,Norway,14.1634941,66.31256,NO07,NO,incl_biomass
RO.CAED/102TL0001.FACILITY,SC ALUM SA,Romania,28.76814666,45.17985833,RO22,RO,incl_biomass
IT.EEA/2007000162.FACILITY,Cementeria di Scafa,Italy,14.0025,42.265278,ITF1,IT,incl_biomass
CH.CAED/000000011.Facility,Varo Refining Cressier SA / Raffinerie de Cressier,Switzerland,7.0358,47.04,CH02,CH,incl_biomass
FR.CAED/5031.FACILITY,VERALLIA FRANCE,France,5.34748,45.89544,FRK2,FR,incl_biomass
UK.CAED/BEISOffsh-Foinaven-FPSO.FACILITY,Foinaven FPSO,United Kingdom,-4.27515,60.31556,UKM6,UK,incl_biomass
DE.EEA/18042.FACILITY,Werk  Zielitz,Germany,11.6792316420522,52.2985206513434,DEE0,DE,incl_biomass
GB.EEA/EW_EA-612.FACILITY,"Cabot Carbon Ltd, Cabot Carbon Ltd Stanlow",United Kingdom,-2.88089,53.2775,UKD6,UK,incl_biomass
IT.CAED/080292001.FACILITY,CEMENTERIA DI SINISCOLA,Italy,9.7192,40.5425,ITG2,IT,incl_biomass
UK.CAED/EW_EA-1118.FACILITY,Fawley Refinery EPR/ZP3839MG,United Kingdom,-1.354742,50.830562,UKJ3,UK,incl_biomass
DK.CAED/000106172.FACILITY,Nordværk I/S - Energianlæg Hjørring,Denmark,10.032037873867246,57.453080568279,DK05,DK,incl_biomass
UK.CAED/BEISOffsh-Forties-Charlie.FACILITY,Forties Charlie,United Kingdom,0.50507,57.43371,UKM5,UK,incl_biomass
FI.EEA/16212.FACILITY,"Vamy Oy, Myllykosken voimalaitos",Finland,26.774177,60.769068,FI1C,FI,incl_biomass
PT.CAED/PT.APA05765022.CI,S. Pedro da Cova (CI),Portugal,-8.5147337,41.1716987,PT11,PT,incl_biomass
AT.EEA/20000.00051.FACILITY,EVN AG,Austria,16.337944,48.33053,AT12,AT,incl_biomass
FR.CAED/11135.FACILITY,ROQUETTE FRERES,France,2.67593,50.63404,FRE1,FR,incl_biomass
UK.CAED/EW_EA-754.FACILITY,Humber Oil Refinery EPR/UP3230LR,United Kingdom,-0.24406367,53.631684,UKE1,UK,incl_biomass
EL.CAED/100017.FACILITY,PPC S.A. SES ALIVERIOY,Greece,24.05234,38.38992,EL64,EL,incl_biomass
IT.CAED/721001004.FACILITY,Versalis S.p.A.,Italy,18.0022,40.6395,ITF4,IT,incl_biomass
NL.RIVM/000081103.FACILITY,Norit Nederland B.V.,Netherlands,6.99788,52.72845,NL13,NL,incl_biomass
https://registry.gdi-de.org/id/de.bb.inspire.pf.eureg/23024102,ArcelorMittal Eisenhüttenstadt GmbH ,Germany,14.61768,52.16614,DE40,DE,incl_biomass
ES.CAED/006531000.FACILITY,ENERGYWORKS VITORIA,Spain,-2.668048,42.869474,ES21,ES,incl_biomass
FR.CAED/13901.FACILITY,TOTALENERGIES - CENTRALE ELECTRIQUE PONT-SUR-SAMBRE,France,3.86174,50.2323,FRE1,FR,incl_biomass
GB.EEA/EW_EA-1937.FACILITY,"Esso Petroleum Company Ltd, Fawley Refinery Cogen Plant",United Kingdom,-1.37656,50.8339,UKJ3,UK,incl_biomass
FR.CAED/132.FACILITY,TEREOS FRANCE,France,3.48056,49.83966,FRE2,FR,incl_biomass
NL.RIVM/000023301.FACILITY,Tata Steel IJmuiden BV,Netherlands,4.59217,52.47656,NL32,NL,incl_biomass
https://registry.gdi-de.org/id/de.nw.inspire.pf.bube-eureg/arb-2017-112000-100-9973329,ArcelorMittal Hochfeld GmbH,Germany,6.74522,51.4639,DEA1,DE,incl_biomass
ES.CAED/004908000.FACILITY,STAHL IBERICA,Spain,2.247324,41.575998,ES51,ES,incl_biomass
IT.EEA/2009000153.FACILITY,TERMOUTILIZZATORE DI PARONA,Italy,8.784722,45.286111,ITC4,IT,incl_biomass
ES.EEA/1494.FACILITY,"CEMEX ESPAÑA OPERACIONES, S.L.U.",Spain,-3.7869,40.1272,ES42,ES,incl_biomass
CH.CAED/000000136.Facility,"GETEC PARK.SWISS AG / Health, Safety, Environment and Quality",Switzerland,7.6647,47.5325,CH03,CH,incl_biomass
IT.EEA/2007000909.FACILITY,Sito di Livorno,Italy,10.31288,42.803916,ITI1,IT,incl_biomass
ES.CAED/002117000.FACILITY,E.ON GENERACIÓN S.L.,Spain,-4.1218,38.6505,ES42,ES,incl_biomass
GB.EEA/EW_EA-240.FACILITY,"Aylesford Newsprint  Ltd , Aylesford Newsprint Paper Mill",United Kingdom,0.455738,51.3069,UKJ4,UK,incl_biomass
IT.CAED/291222006.FACILITY,IREN AMBIENTE S.p.A. (CENTRO STOCCAGGIO E TRATTAMENTO RIFIUTI),Italy,9.7325,45.0585,ITH5,IT,incl_biomass
IT.EEA/2007001700.FACILITY,CENTRALE TERMOELETTRICA DI PORTO TOLLE,Italy,12.490833,44.9575,ITH3,IT,incl_biomass
RO.EEA/RO7AB_41.FACILITY,SC GHCL UPSOM ROMANIA SA,Romania,23.86031111,46.3944277,RO12,RO,incl_biomass
IT.CAED/151222008.FACILITY,Solvay Specialty Polymers Italy S.p.A. - Stabilimento di Spinetta Marengo - Centrale termoelettrica,Italy,,,,,incl_biomass
PT.CAED/PT.APA05772242.CI,"Luso Finsa - Indústria e Comércio de Madeiras, S.A. (CI)",Portugal,-7.836574,40.548428,PT16,PT,incl_biomass
IT.CAED/001441001.FACILITY,ACEA Produzione S.p.A.,Italy,12.422778,41.811667,ITI4,IT,incl_biomass
DE.EEA/07-05-8785447.FACILITY,BASF Power GmbH & Co. KG,Germany,8.43161585116903,49.5138559563565,DEB3,DE,incl_biomass
UK.CAED/BEISOffsh-Captain-FPSO.FACILITY,Captain FPSO,United Kingdom,-1.74301,58.30601,UKM5,UK,incl_biomass
https://registry.gdi-de.org/id/de.sh/50082038,Stadtwerke Flensburg GmbH ,Germany,9.43265,54.80498,DEF0,DE,incl_biomass
HU.EEA/101422364.FACILITY,Kalcinátor Kft.,Hungary,20.79433,48.06543,HU31,HU,incl_biomass
https://registry.gdi-de.org/id/de.st.lau.pf.anlagen-ied-euregistry/18046,Werk  Zielitz ,Germany,11.67923,52.29852,DEE0,DE,incl_biomass
GB.EEA/EW_EA-5578.FACILITY,"Derwent Cogeneration Limited, Derwent Power Station",United Kingdom,-1.46623,52.915,UKF1,UK,incl_biomass
BE.EEA/W005.FACILITY,ARCELORMITTAL LIEGE sa (COKE-FONTE),Belgium,5.5494,50.6045,BE33,BE,incl_biomass
https://registry.gdi-de.org/id/de.nw.inspire.pf.bube-eureg/arb-2017-316000-300-1114955,Kronos Titan GmbH,Germany,6.98519,51.02554,DEA2,DE,incl_biomass
DE.EEA/13770.FACILITY,InfraLeuna GmbH GuD WT 1,Germany,12.0056724340397,51.3197377479834,DEE0,DE,incl_biomass
NO.EEA/0000.0062.01.FACILITY,Oseberg Øst,Norway,2.933486,60.699955,NO0A,NO,incl_biomass
FR.CAED/10599.FACILITY,EDF PRODUCTION ELECTRIQUE INSULAIRE SAS,France,-61.57371,16.23878,FRY1,FR,incl_biomass
IT.CAED/710282001.FACILITY,IMPIANTO A BIOMASSE AGRITRE,Italy,15.423906,41.197708,ITF4,IT,incl_biomass
EL.CAED/100020.FACILITY,PPC S.A. SES LINOPERAMATON,Greece,25.05117,35.34118,EL43,EL,incl_biomass
https://registry.gdi-de.org/id/de.bb.inspire.pf.eureg/45025138,Deponie Saspow ,Germany,14.3688,51.79501,DE40,DE,incl_biomass
FI.EEA/1239.FACILITY,"FORTUM POWER AND HEAT OY, INKOON VOIMALAITOS",Finland,23.912,60.0195,FI1B,FI,incl_biomass
https://registry.gdi-de.org/id/de.by.inspire.pf.ied/S00941,"SCHWENK Zement GmbH & Co. KG, Werk Karlstadt",Germany,9.76852424826162,49.95499579630938,DE26,DE,incl_biomass
IT.CAED/860402001.FACILITY,CEFLA GEST S.R.L.,Italy,15.0628,41.7397,ITF2,IT,incl_biomass
RO.CAED/101CV0001.FACILITY,HS TIMBER PRODUCTIONS RECI SRL -  Punct de lucru RECI,Romania,25.948046,45.848615,RO12,RO,incl_biomass
MT.ERA/000000017.FACILITY,Marsa Power Station,Malta,14.497697,35.882495,MT00,MT,incl_biomass
UK.CAED/EW_EA-1374.FACILITY,Teesside Polyethylene Plant EPR/TP3139UR,United Kingdom,-1.1039657,54.589873,UKC1,UK,incl_biomass
UK.CAED/EW_EA-811.FACILITY,Teeside Integrated Iron & Steelworks EPR/JP3638HM,United Kingdom,-1.1083404,54.609227,UKC1,UK,incl_biomass
https://registry.gdi-de.org/id/de.bw.lubw.inspire.pf/pf-450-1741292-00000000,EnBW HKW Altbach ,Germany,9.37131,48.7191,DE11,DE,incl_biomass
DK.CAED/000098592.FACILITY,Reservecentral Gasværksvej,Denmark,9.94932453511674,57.047093815883336,DK05,DK,incl_biomass
ES.CAED/003769000.FACILITY,"PENINSULAR COGENERACIÓN, S.A.",Spain,-3.767323,40.267935,ES30,ES,incl_biomass
SE.CAED/10017658.Facility,Norcarb Engineered Carbons AB,Sweden,13.03125,55.63645,SE22,SE,incl_biomass
IT.EEA/2007001677.FACILITY,ENEL PRODUZIONE SPA - CENTRALE DI LERI,Italy,8.1925,45.253889,ITC1,IT,incl_biomass
HU.OKIR/100312660.FACILITY,Győr-Szol Zrt.,Hungary,17.671426,47.682044,HU22,HU,incl_biomass
UK.SEPA/200000153.Facility,Sullom Voe Terminal,United Kingdom,-1.28082,60.46599,UKM6,UK,incl_biomass
DK.CAED/000096764.FACILITY,"I/S Vestforbrænding, Glostrup",Denmark,12.42220219858454,55.706479905675614,DK01,DK,incl_biomass
UK.CAED/BEISOffsh-Andrew.FACILITY,Andrew,United Kingdom,1.40274,58.04691,UKM6,UK,incl_biomass
IT.CAED/810252002.FACILITY,CEMENTIR ITALIA S.p.A.,Italy,14.3783,41.0506,ITF3,IT,incl_biomass
DK.CAED/000110130.FACILITY,Micro Matic A/S,Denmark,10.325362088650357,55.36203236496056,DK03,DK,incl_biomass
https://data.gov.sk/set/data/so/b4d884b3-4442-43db-a19c-ceb6e127960f/SK57087808.NRZ.FACILITY,"Carmeuse Slovakia, s.r.o. - Závod Vápenka Slavec, lom Gombasek (Slavec)",Slovakia,20.45085,48.575158,SK04,SK,incl_biomass
ES.CAED/004072000.FACILITY,TABLEROS LOSÁN,Spain,-2.510556,41.7825,ES41,ES,incl_biomass
FR.CAED/659.FACILITY,VALBOM,France,-0.52971,44.79738,FRI1,FR,incl_biomass
https://data.ied_registry.omgeving.vlaanderen.be/id/productionfacility/BE.VL.000000503.FACILITY,IPPAS INVEST,Belgium,5.64152,50.88175,BE22,BE,incl_biomass
HU.OKIR/100376880.FACILITY,Zoltek Zrt.,Hungary,18.573961,47.760262,HU21,HU,incl_biomass
https://registry.gdi-de.org/id/de.by.inspire.pf.ied/S00971,AVA Abfallverwertung Augsburg Kommunalunternehmen,Germany,10.933246141515742,48.40212645145267,DE27,DE,incl_biomass
NO.EEA/0000.0038.02.FACILITY,Heidrun,Norway,7.315686,65.32562,NO06,NO,incl_biomass
UK.CAED/P0095_05A.FACILITY,LacPatrick Dairies (NI) Ltd,United Kingdom,-7.4022,54.8558,UKN0,UK,incl_biomass
ES.CAED/003381000.FACILITY,CENTRAL TÉRMICA DE ANLLARES,Spain,-6.532453,42.836796,ES41,ES,incl_biomass
http://paikkatiedot.fi/so/1002031/pf/ProductionFacility/0000001495.ProductionFacility,"Mondi Powerflute Oy, Puunjalostusteollisuus, Mondi Powerflute Oy",Finland,27.71085,62.94477,FI1D,FI,incl_biomass
CZ.MZP.C317/CZ69801963.FACILITY,C-Energy Teplárna Tábor,Czechia,14.687532,49.41257073,CZ03,CZ,incl_biomass
FR.CAED/10728.FACILITY,TEREOS FRANCE,France,3.25913,50.19253,FRE1,FR,incl_biomass
ES.EEA/3533.FACILITY,CENTRAL TÈRMICA DE SANT ADRIÀ DEL BESÒS,Spain,2.230886,41.421583,ES51,ES,incl_biomass
https://registry.gdi-de.org/id/de.ni.mu/10257401440,BP Europa SE BP Lingen,Germany,7.31181,52.56185,DE94,DE,incl_biomass
UK.CAED/EW_EA-1081.FACILITY,Elean Power Station EPR/AP3130LY,United Kingdom,0.1311985,52.397888,UKH1,UK,incl_biomass
UK.LAED/E52_34.FACILITY,CROWN Packaging UK PLC,United Kingdom,-2.9085,54.8886,UKD1,UK,incl_biomass
FR.CAED/5190.FACILITY,COMPAGNIE DE CHAUFFAGE INTERCOMMUNALE DE L'AGGLOMERATION GRENOBLOISE CC,France,5.75137,45.17312,FRK2,FR,incl_biomass
PL.MŚ/000000232.FACILITY,Dyckerhoff Polska Sp. z o.o.,Poland,20.5222225189209,50.806941986084,PL72,PL,incl_biomass
https://registry.gdi-de.org/id/de.by.inspire.pf.ied/S00048,"Uniper Kraftwerke GmbH, Kraftwerk Irsching",Germany,11.579212931100288,48.767055996527965,DE21,DE,incl_biomass
ES.CAED/003724000.FACILITY,"ARCELORMITTAL SESTAO, S.L.",Spain,-2.991646,43.311945,ES21,ES,incl_biomass
LV.LVGMC.PRTR/310051.Facility,AS “ KVV Liepājas Metalurgs”,Latvia,21.027765,56.524362,LV00,LV,incl_biomass
UK.CAED/BEISOffsh-Armada.FACILITY,Armada,United Kingdom,1.84591,57.95743,NO0A,NO,incl_biomass
EL.CAED/100098.FACILITY,PPC S.A. SES AMYNTAIOY,Greece,21.68234,40.61868,EL53,EL,incl_biomass
https://registry.gdi-de.org/id/de.nw.inspire.pf.bube-eureg/arb-2017-562004-500-9981505,Rain Carbon Germany GmbH,Germany,7.29834,51.57449,DEA3,DE,incl_biomass
SE.CAED/10014311.Facility,Skutskärs Bruk,Sweden,17.38983,60.64365,SE12,SE,incl_biomass
ES.CAED/001562000.FACILITY,REPSOL QUIMICA,Spain,1.226122,41.194305,ES51,ES,incl_biomass
AT.CAED/9008390317211.FACILITY,Mondi Neusiedler GmbH & Co KG,Austria,14.82,48.07,AT12,AT,incl_biomass
PL.MŚ/000001531.FACILITY,IKEA INDUSTRY POLAND SP. Z O.O. ODDZIAŁ ORLA,Poland,23.227222442627,52.6944465637207,PL84,PL,incl_biomass
IT.CAED/960112003.FACILITY,CEMENTERIA DI AUGUSTA,Italy,15.180555,37.194444,ITG1,IT,incl_biomass
DE.EEA/16584.FACILITY,CIECH Soda Deutschland GmbH & Co. KG,Germany,11.564549152355,51.8897185010909,DEE0,DE,incl_biomass
https://registry.gdi-de.org/id/de.rp.inspire.pf.bube-eureg/1000878,IHKW Industrieheizkraftwerk Andernach GmbH,Germany,7.40816,50.43202,DEB1,DE,incl_biomass
DE.EEA/06-09-100-2076-0001.FACILITY,Biomassen-Heizkraftwerk Altenstadt GmbH,Germany,10.8591408198579,47.797517040086,DE21,DE,incl_biomass
CZ.MZP.T806/CZ01171445.FACILITY,Provoz 46 - Teplárna,Czechia,18.31420993,49.79442884,CZ08,CZ,incl_biomass
DE.EEA/01-10-56050192711.FACILITY,Vattenfall Europe Wärme AG,Germany,9.72567272005308,53.5664652610015,DEF0,DE,incl_biomass
PT.CAED/PT.APA05763542.CI,"Repsol Polimeros , Lda. (CI)",Portugal,-8.83258,37.984145,PT18,PT,incl_biomass
IT.CAED/340741001.FACILITY,Centrale Termoelettrica di Monfalcone,Italy,13.5455,45.7969,ITH4,IT,incl_biomass
SE.CAED/10024886.Facility,LKAB - Svappavaaragruvan Leveäniemi,Sweden,21.01035,67.63903,SE33,SE,incl_biomass
https://data.ied_registry.omgeving.vlaanderen.be/id/productionfacility/BE.VL.000000664.FACILITY,IVAGO - SITE PROEFTUINSTRAAT,Belgium,3.74149,51.02076,BE23,BE,incl_biomass
IT.CAED/800112001.FACILITY,TERMOVALORIZZATORE DI ACERRA,Italy,14.3883,40.9667,ITF3,IT,incl_biomass
NO.EEA/0805.0003.01.FACILITY,RHI Normag AS,Norway,9.625256,59.1219063,NO09,NO,incl_biomass
IT.CAED/870681001.FACILITY,centrale termoelettrica di Rossano,Italy,16.6032,39.6231,ITF6,IT,incl_biomass
PL.MŚ/000001836.FACILITY,Zakład Unieszkodliwiania Odpadów Komunalnych w Białymstoku,Poland,23.1688690185547,53.1583976745605,PL84,PL,incl_biomass
PT.CAED/PT.APA05773162.CI,"Rações Avenal, SA (CI)",Portugal,-9.120751,39.401315,PT16,PT,incl_biomass
EL.CAED/100088.FACILITY,METLEN ENERGY & METALS S.A. (PROTERGIA POWER PLANT),Greece,22.68859,38.35739,EL64,EL,incl_biomass
FR.CAED/8246.FACILITY,GENERIS,France,2.68862,48.54045,FR10,FR,incl_biomass
UK.SEPA/200000138.Facility,NGG North Sea Gas Terminal,United Kingdom,-1.8432,57.57308,UKM5,UK,incl_biomass
UK.CAED/EW_EA-595.FACILITY,Winnington Sodium Carbonate Manufacturing Site EPR/SP3630BE,United Kingdom,-2.5322402,53.269001,UKD6,UK,incl_biomass
https://data.ied_registry.omgeving.vlaanderen.be/id/productionfacility/BE.VL.000000039.FACILITY,AIR LIQUIDE LARGE INDUSTRY,Belgium,4.28761,51.34162,BE21,BE,incl_biomass
https://registry.gdi-de.org/id/de.st.lau.pf.anlagen-ied-euregistry/100575,"Dow Olefinverbund GmbH, Werk Schkopau ",Germany,11.95518,51.39529,DEE0,DE,incl_biomass
IT.CAED/010351001.FACILITY,Centrale compressione gas di Gallese,Italy,12.4432,42.3621,ITI4,IT,incl_biomass
https://registry.gdi-de.org/id/de.mv.land.inspire.pf.bube/40000004,Heizkraftwerk Energieversorgung Schwerin-Süd ,Germany,11.39653,53.57778,DE80,DE,incl_biomass
UK.CAED/BEISOffsh-Brent-Bravo.FACILITY,Brent Bravo,United Kingdom,1.71306,61.05583,UKM6,UK,incl_biomass
UK.CAED/BEISOffsh-Bleo-Holm.FACILITY,Bleo Holm FPSO,United Kingdom,1.43833,58.10139,UKM6,UK,incl_biomass
RO.EEA/RO3AG_12.FACILITY,SC TERMOFICARE 2000 SA - Sud,Romania,24.9138472,44.8070194,RO31,RO,incl_biomass
http://paikkatiedot.fi/so/1002031/pf/ProductionFacility/0000001913.ProductionFacility,"SSAB Europe Oy, Raahen terästehdas",Finland,24.42882,64.65403,FI1D,FI,incl_biomass
NL.RIVM/000103010.FACILITY,DAMCO Aluminium Delfzijl Coöperatie U.A.,Netherlands,6.97859,53.31256,NL11,NL,incl_biomass
NO.EEA/0000.0019.01.FACILITY,Valhall,Norway,3.393894,56.27745,NO0A,NO,incl_biomass
AT.CAED/9008391215622.FACILITY,Cogeneration-Kraftwerke Management Oberösterreich GmbH,Austria,13.814333,47.980611,AT31,AT,incl_biomass
UK.CAED/EW_EA-16079.FACILITY,Lincolnshire EfW Facility,United Kingdom,-0.59503681,53.199438,UKF3,UK,incl_biomass
https://registry.gdi-de.org/id/de.sl.inspire.pf/0033945-G,Saarstahl AG - Werk Völklingen ,Germany,6.84706,49.25077,DEC0,DE,incl_biomass
https://registry.gdi-de.org/id/de.nw.inspire.pf.bube-eureg/arb-2017-366016-300-0072412,Pfeifer & Langen GmbH & Co. KG Werk Euskirchen,Germany,6.81023,50.65877,DEA2,DE,incl_biomass
IT.CAED/010141001.FACILITY,Centrale termoelettrica di Montalto di Castro,Italy,11.5338,42.3589,ITI4,IT,incl_biomass
FR.CAED/10641.FACILITY,SAINT GOBAIN GLASS FRANCE,France,3.26527,50.31635,FRE1,FR,incl_biomass
SE.CAED/10024059.Facility,Hedensbyns kraftvärmeverk,Sweden,21.04404,64.74415,SE33,SE,incl_biomass
IT.CAED/030402001.FACILITY,Unità Locale 3 - Impianto di Termovalorizzazione rifiuti non pericolosi.,Italy,13.8971,41.4375,ITI4,IT,incl_biomass
DK.CAED/000082396.FACILITY,BIOFOS  Spildevandscenter  Avedøre A/S,Denmark,12.450555085734148,55.60852620337333,DK01,DK,incl_biomass
SE.CAED/10022491.Facility,"Metsä Board Sverige AB, Husums fabr",Sweden,19.16185,63.32278,SE32,SE,incl_biomass
UK.CAED/EW_EA-17044.FACILITY,West Burton CCGT Power Station EPR/CP3035MK,United Kingdom,-0.79927458,53.363927,UKF1,UK,incl_biomass
PL.EEA/06K000097.FACILITY,Energetyka Dwory Sp. z o.o.,Poland,19.274487,50.036135,PL21,PL,incl_biomass
UK.SEPA/200000014.Facility,Cameronbridge Distillery,United Kingdom,-3.05514,56.18891,UKM7,UK,incl_biomass
FR.EEA/068.02504.FACILITY,ALUMINIUM PECHINEY - USINE DE LANNEMEZAN,France,0.39,43.11,FRJ2,FR,incl_biomass
NL.RIVM/000004001.FACILITY,Clauscentrale,Netherlands,5.90717,51.15446,NL42,NL,incl_biomass
IT.CAED/481231001.FACILITY,ENEL PRODUZIONE SPA - CENTRALE A CICLO COMBINATO DI PORTO CORSINI,Italy,12.2661,44.4844,ITH5,IT,incl_biomass
PL.MŚ/000000023.FACILITY,LOTOS ASfalt Sp. z o.o.,Poland,18.7296676635742,54.3499298095703,PL63,PL,incl_biomass
IT.CAED/200992007.FACILITY,CENTRALE TERMOELETTRICA DI SESTO SAN GIOVANNI,Italy,9.2525,45.5422,ITC4,IT,incl_biomass
PL.MŚ/000000513.FACILITY,Polchar Sp. z o.o.,Poland,14.6273193359375,52.592414855957,PL43,PL,incl_biomass
ES.CAED/006528000.FACILITY,CENTRAL TÉRMICA DE CICLO COMBINADO DE SANTURTZI,Spain,-3.050893,43.34284,ES21,ES,incl_biomass
IT.CAED/810501001.FACILITY,Centrale termoelettrica di Presenzano,Italy,14.1132,41.3774,ITF3,IT,incl_biomass
UK.CAED/EW_EA-5345.FACILITY,Sellafield Site EPR/BM4317IX,United Kingdom,-3.5008405,54.41913,UKD1,UK,incl_biomass
DK.EEA/5330.FACILITY,SILKEBORG KRAFTVARMEVÆRK,Denmark,9.560559851386,56.201017159298,DK04,DK,incl_biomass
ES.CAED/004812000.FACILITY,ARCILLAS ATOMIZADAS,Spain,-0.235392,39.973254,ES52,ES,incl_biomass
NL.RIVM/000203416.FACILITY,IHC Krimpen,Netherlands,4.57334,51.90718,NL33,NL,incl_biomass
DK.EEA/9673.FACILITY,Hillerød Kraftvarmeværk,Denmark,12.3112041579107,55.9074511407148,DK01,DK,incl_biomass
UK.CAED/EW_EA-1015.FACILITY,Sandbach Power Installation EPR/BS5371IZ,United Kingdom,-2.4036371,53.162268,UKD6,UK,incl_biomass
RO.EEA/RO5TM_134.FACILITY,CET TIMISOARA CENTRU,Romania,21.246944,45.755555,RO42,RO,incl_biomass
RO.CAED/106CT0001.FACILITY,COMPLEX EXPLOATARE OFFSHORE,Romania,29.565711,44.522987,RO22,RO,incl_biomass
PL.MŚ/000000615.FACILITY,Pilkington Polska Sp. z o.o.,Poland,21.7458896636963,50.6641693115234,PL72,PL,incl_biomass
IT.EEA/2007000053.FACILITY,CENTRALE TERMOELETTRICA DI TERNI,Italy,12.6175,42.553888,ITI2,IT,incl_biomass
GB.EEA/EW_EA-6831.FACILITY,"Thames Power Services Ltd, Barking Power",United Kingdom,0.147395,51.5214,UKI5,UK,incl_biomass
IT.CAED/170582001.FACILITY,STABILIMENTO DI DEGO,Italy,8.3089,44.4447,ITC3,IT,incl_biomass
https://registry.gdi-de.org/id/de.st.lau.pf.anlagen-ied-euregistry/100205,Ilsenburger Grobblech GmbH ,Germany,10.69714,51.87262,DEE0,DE,incl_biomass
https://registry.gdi-de.org/id/de.nw.inspire.pf.bube-eureg/arb-2017-911000-900-0021170,"RWE Generation SE, Region Kundenkraftwerke",Germany,7.21953950941205,51.45162710096106,DEA5,DE,incl_biomass
CH.CAED/000000121.Facility,Tela GmbH,Switzerland,7.7042,47.2747,CH02,CH,incl_biomass
PL.MŚ/000003640.FACILITY,Polski Koncern Naftowy ORLEN S.A.,Poland,19.67325,52.58617,PL92,PL,incl_biomass
BE.WA/093010000.FACILITY,BENEO - ORAFTI,Belgium,5.352415,50.724537,BE33,BE,incl_biomass
UK.CAED/EW_EA-1269.FACILITY,Kings Dyke Works EPR/GP3435WX,United Kingdom,-0.1605109,52.558335,UKH1,UK,incl_biomass
UK.CAED/EW_EA-13691.FACILITY,RIVERSIDE RESOURCE RECOVERY,United Kingdom,0.15542173,51.505144,UKI5,UK,incl_biomass
ES.CAED/008519000.FACILITY,CELULOSA ENERGÍA,Spain,-6.866,37.308,ES61,ES,incl_biomass
https://data.ied_registry.omgeving.vlaanderen.be/id/productionfacility/BE.VL.000000117.FACILITY,EVONIK ANTWERPEN,Belgium,4.30723,51.30411,BE21,BE,incl_biomass
PL.EEA/12S000277.FACILITY,TAURON Wytarzanie Spólka Akcyjna-Oddział Elektrownia Halemba,Poland,18.849698,50.234448,PL22,PL,incl_biomass
https://data.ied_registry.omgeving.vlaanderen.be/id/productionfacility/BE.VL.000000514.FACILITY,TESSENDERLO GROUP HAM,Belgium,5.1513,51.08563,BE22,BE,incl_biomass
http://paikkatiedot.fi/so/1002031/pf/ProductionFacility/0000001856.ProductionFacility,"PVO-Lämpövoima Oy, Tahkoluodon voimalaitos",Finland,21.40442,61.63225,FI19,FI,incl_biomass
IT.EEA/2007000023.FACILITY,CEMENTERIA DI SANTARCANGELO DI ROMAGNA,Italy,12.436379,44.053312,ITH5,IT,incl_biomass
CZ.MZP.B642/CZ34883430.FACILITY,"Teplárny Brno a.s., Provoz Špitálka",Czechia,16.62002715,49.19558912,CZ06,CZ,incl_biomass
UK.CAED/EW_EA-282.FACILITY,Seal Sands Acrylonitrile Production EPR/FP3435GZ,United Kingdom,-1.2450507,54.575826,UKC1,UK,incl_biomass
UK.CAED/BEISOffsh-Harding.FACILITY,Harding,United Kingdom,1.51466,59.27889,UKM6,UK,incl_biomass
ES.CAED/001015000.FACILITY,SAINT GOBAIN VICASA - AZUQUECA,Spain,-3.2595,40.5618,ES42,ES,incl_biomass
ES.CAED/003676000.FACILITY,CORRUGADOS AZPEITIA,Spain,-2.261653,43.186042,ES21,ES,incl_biomass
https://registry.gdi-de.org/id/de.st.lau.pf.anlagen-ied-euregistry/101071,SOLVAY GmbH ,Germany,11.75059,51.8011,DEE0,DE,incl_biomass
UK.CAED/EW_EA-789.FACILITY,Shapfell Lime Works,United Kingdom,-2.6649095,54.512993,UKD1,UK,incl_biomass
https://registry.gdi-de.org/id/de.ni.mu/07236240800,Ardagh Glass GmbH Werk Obernkirchen,Germany,9.14073,52.26438,DE92,DE,incl_biomass
PL.MŚ/000000339.FACILITY,CIEPŁOWNIA REJTANA,Poland,19.142359,50.794399,PL22,PL,incl_biomass
https://data.gov.sk/set/data/so/b4d884b3-4442-43db-a19c-ceb6e127960f/SK37486203.NRZ.FACILITY,ZSE Elektrárne s.r.o. - Elektráreň s kombinovaným paroplynovým cyklom Malženice PC1-Elektráreň PPC Malženice,Slovakia,17.689971,48.458334,SK02,SK,incl_biomass
IT.EEA/2007000659.FACILITY,Sedamyl Spa,Italy,7.483333,44.649444,ITC1,IT,incl_biomass
FR.CAED/7447.FACILITY,VALOMED,France,7.06537,43.59961,FRL0,FR,incl_biomass
IT.CAED/721001001.FACILITY,Centrale termoelettrica di Brindisi,Italy,17.9785,40.6437,ITF4,IT,incl_biomass
UK.CAED/EW_EA-17033.FACILITY,BROGBOROUGH LANDFILL,United Kingdom,-0.58549139,52.048097,UKH2,UK,incl_biomass
IT.CAED/270321001.FACILITY,stabilimento di Ferrera Erbognone,Italy,8.8666,45.1002,ITC4,IT,incl_biomass
ES.EEA/516.FACILITY,"GENFIBRE, S.A.",Spain,-2.9233,42.6825,ES41,ES,incl_biomass
IT.CAED/570252003.FACILITY,JSW STEEL ITALY PIOMBINO S.P.A. (Ex AFERPI),Italy,10.5333,42.9333,ITI1,IT,incl_biomass
BG.CAED/001000011.FACILITY,Landfill of the Goce Delchev municipality,Bulgaria,23.700172,41.588619,BG41,BG,incl_biomass
UK.CAED/EW_EA-18746.FACILITY,Devonport Energy from Waste CHP Facility,United Kingdom,-4.1863485,50.395913,UKK4,UK,incl_biomass
https://registry.gdi-de.org/id/de.by.inspire.pf.ied/S00471,BMW Werk Dingolfing 02.40,Germany,12.471151064053675,48.64667364463158,DE22,DE,incl_biomass
DE.EEA/14-10-46630660001.FACILITY,Kraftwerk Boxberg,Germany,14.5743568514502,51.4188525318053,DED2,DE,incl_biomass
PT.CAED/PT.APA05765662.CI,Central Termoeléctrica de Setúbal (CI),Portugal,-8.84316,38.508729,PT17,PT,incl_biomass
DK.CAED/000105660.FACILITY,"Energnist, Energnist Esbjerg",Denmark,8.508008524262898,55.4619001254646,DK03,DK,incl_biomass
https://registry.gdi-de.org/id/de.he.0945.de7.pf.eu_industrie/680034603,Konsortium Energieversorgung Opel (KEO),Germany,8.39574,49.99506,DE71,DE,incl_biomass
CH.CAED/000000305.Facility,Deponie Tännlimoos,Switzerland,8.5608,47.2182,CH06,CH,incl_biomass
https://registry.gdi-de.org/id/de.nw.inspire.pf.bube-eureg/arb-2017-162024-100-0082185,Speira GmbH,Germany,6.7806,51.15188,DEA1,DE,incl_biomass
PL.MŚ/000000694.FACILITY,Elektrownia Konin,Poland,18.2686882019043,52.2851676940918,PL41,PL,incl_biomass
RO.EEA/RO3AG_41.FACILITY,ARPECHIM,Romania,24.9235611,44.8185833,RO31,RO,incl_biomass
UK.CAED/EW_EA-18626.FACILITY,Ferrybridge Multifuel Plant EPR/SP3239FU,United Kingdom,-1.2817283,53.71674,UKE4,UK,incl_biomass
HU.OKIR/100392330.FACILITY,MOHU BUDAPEST Zrt.,Hungary,19.135098,47.582716,HU11,HU,incl_biomass
https://registry.gdi-de.org/id/de.sn.sax4inspire.pf/70015911,Wacker Chemie AG ,Germany,13.40011,51.29418,DED2,DE,incl_biomass
ES.CAED/003587000.FACILITY,"IBERDROLA GENERACION TERMICA, S.L",Spain,-0.00573,39.957654,ES52,ES,incl_biomass
https://registry.gdi-de.org/id/de.nw.inspire.pf.bube-eureg/arb-2017-362040-300-0013790,Röhm GmbH,Germany,6.97629,50.8341,DEA2,DE,incl_biomass
https://registry.gdi-de.org/id/de.by.inspire.pf.ied/S00045,SWM Heizkraftwerk Freimann,Germany,11.596051274453831,48.18902614119984,DE21,DE,incl_biomass
https://data.gov.sk/set/data/so/b4d884b3-4442-43db-a19c-ceb6e127960f/SK57024702.NRZ.FACILITY,"CHEMES, a.s. Humenné - Tepláreň",Slovakia,21.901042,48.926806,SK04,SK,incl_biomass
CH.EEA/276.FACILITY,KVA Luzern,Switzerland,8.29038932796387,47.0666586374033,CH06,CH,incl_biomass
FI.EEA/1575.FACILITY,"Stora Enso Oyj, Kemijärven tehdas",Finland,27.49774,66.7307,FI1D,FI,incl_biomass
https://registry.gdi-de.org/id/de.nw.inspire.pf.bube-eureg/arb-2017-916000-900-0271161,Uniper Kraftwerke GmbH - Heizwerk Shamrock -,Germany,7.17776,51.52853,DEA5,DE,incl_biomass
UK.CAED/EW_EA-6326.FACILITY,Medway Power Station EPR/HP3939LN,United Kingdom,0.68911546,51.437727,UKJ4,UK,incl_biomass
ES.CAED/004638000.FACILITY,EDAR GALINDO,Spain,-2.994715,43.308869,ES21,ES,incl_biomass
UK.CAED/EW_EA-656.FACILITY,Ribblesdale Cement Works,United Kingdom,-2.3844346,53.888327,UKD4,UK,incl_biomass
https://registry.gdi-de.org/id/de.st.lau.pf.anlagen-ied-euregistry/100995,MVV Umwelt Asset GmbH ,Germany,11.99576,51.32474,DEE0,DE,incl_biomass
ES.CAED/005296000.FACILITY,CELLA II,Spain,-1.24777,40.454116,ES24,ES,incl_biomass
IT.EEA/2007000163.FACILITY,Italcementi di Trieste,Italy,13.8,45.616666,ITH4,IT,incl_biomass
RO.CAED/103VL0001.FACILITY,UZINELE SODICE GOVORA - CIECH CHEMICAL GROUP SA,Romania,24.289853,45.034531,RO41,RO,incl_biomass
FR.CAED/10553.FACILITY,ELECTRICITE DE FRANCE,France,-52.27192,4.8569,FRY3,FR,incl_biomass
AT.EEA/20000.00532.FACILITY,Linz Strom GmbH,Austria,14.323611,48.29889,AT31,AT,incl_biomass
FR.CAED/5530.FACILITY,SYNDICAT MIXTE DU LAC D ANNECY,France,6.07094,45.87177,FRK2,FR,incl_biomass
PL.EEA/01D000269.FACILITY,"Przedsiębiorstwo Energetyczne ""Energetyka-Rokita"" Sp. z o.o.",Poland,16.729513,51.275588,PL51,PL,incl_biomass
FR.CAED/13934.FACILITY,ELECTRICITE DE MAYOTTE,France,45.16739,-12.73089,FRY5,FR,incl_biomass
https://registry.gdi-de.org/id/de.sl.inspire.pf/0101000-G,Kraftwerk Fenne ,Germany,6.879,49.24913,DEC0,DE,incl_biomass
https://registry.gdi-de.org/id/de.bw.lubw.inspire.pf/pf-450-9840001-00000000,Wärmeverbundkraftwerk Freiburg GmbH ,Germany,7.844,48.02314,DE13,DE,incl_biomass
IT.EEA/2007001382.FACILITY,Cementeria di Este,Italy,11.650278,45.234722,ITH3,IT,incl_biomass
UK.CAED/EW_EA-2939.FACILITY,Eastcroft EFW Plant,United Kingdom,-1.1351676,52.945958,UKF1,UK,incl_biomass
FR.CAED/5626.FACILITY,ADISSEO FRANCE S.A.S.,France,4.8213,45.34839,FRK2,FR,incl_biomass
DK.CAED/000098898.FACILITY,A/S Østbirk Bygningsindustri,Denmark,8.971879825669811,55.755273561421184,DK03,DK,incl_biomass
GB.EEA/GB-EW_EA-16627.FACILITY,"Rugeley Power Limited, Rugeley Power Station",United Kingdom,-1.90366,52.7497,UKG2,UK,incl_biomass
NL.RIVM/000115085.FACILITY,Enecal Energy VOF,Netherlands,4.25436,51.89,NL33,NL,incl_biomass
RO.EEA/RO7BV_16.FACILITY,SC CENTRALA ELECTRICA DE TERMOFICARE BRASOV SA,Romania,25.646728,45.662293,RO12,RO,incl_biomass
https://registry.gdi-de.org/id/de.sn.sax4inspire.pf/80550473,"Stadtwerke Leipzig GmbH, HKW Leipzig Süd",Germany,12.3838,51.29708,DED5,DE,incl_biomass
https://registry.gdi-de.org/id/de.st.lau.pf.anlagen-ied-euregistry/100498,"Südzucker AG Mannheim / Ochsenfurt, Werk Zeitz ",Germany,12.11345,51.05402,DEE0,DE,incl_biomass
IT.EEA/2014000514.FACILITY,Servizi Milazzo S.r.l.,Italy,15.266666,38.2,ITG1,IT,incl_biomass
CZ.MZP.T806/CZ72662053.FACILITY,"VÍTKOVICE STEEL, a. s.",Czechia,18.25685166,49.81623067,CZ08,CZ,incl_biomass
IT.CAED/290101001.FACILITY,Edison di Sarmato,Italy,9.5077,45.0521,ITH5,IT,incl_biomass
UK.CAED/EW_EA-2489.FACILITY,Teesside EfW Plant EPR/VP3034SG,United Kingdom,-1.2586181,54.595412,UKC1,UK,incl_biomass
SK.EEA/37019102.FACILITY,"Slovnaft Petrochemicals, s.r.o.",Slovakia,17.171301,48.124164,SK01,SK,incl_biomass
PL.MŚ/000000087.FACILITY,STEICO Sp. z o.o. Zakład w Czarnkowie,Poland,16.5313892364502,52.8972244262695,PL41,PL,incl_biomass
DK.CAED/000104838.FACILITY,Syntese A/S,Denmark,12.479041146895412,55.61134927290379,DK01,DK,incl_biomass
IT.EEA/2007000164.FACILITY,Cementeria di Vibo Valentia,Italy,16.111667,38.708889,ITF6,IT,incl_biomass
FR.EEA/066.00429.FACILITY,CPT dAramon,France,4.68,43.9,FRJ1,FR,incl_biomass
IT.CAED/920142002.FACILITY,Italcementi di Porto Empedocle,Italy,13.533333,37.283333,ITG1,IT,incl_biomass
DE.EEA/06-09-161-0110-0001.FACILITY,BAYERNOIL Betriebsteil Ingolstadt,Germany,11.4805964407772,48.7524965486964,DE21,DE,incl_biomass
https://registry.gdi-de.org/id/de.bw.lubw.inspire.pf/pf-450-3610519-00000000,Universitätsklinikum Freiburg Heizkraftwerk ,Germany,7.8365,48.0085,DE13,DE,incl_biomass
NL.RIVM/000095007.FACILITY,Frisia Zout BV,Netherlands,5.4263,53.18691,NL12,NL,incl_biomass
IT.EEA/2007001681.FACILITY,Cementeria di Castelraimondo,Italy,13.084444,43.218611,ITI3,IT,incl_biomass
DK.CAED/000106482.FACILITY,CP Kelco ApS,Denmark,12.142718743083872,55.50938692394866,DK02,DK,incl_biomass
ES.CAED/010549000.FACILITY,PLANTA DE DESTILACIÓN DE ALCOHOL,Spain,-3.58229,39.0224,ES42,ES,incl_biomass
GB.EEA/DECCOffsh-Schiehallion-FPSO.FACILITY,Schiehallion FPSO,United Kingdom,-4.06786,60.3564,UKM6,UK,incl_biomass
IT.CAED/400262004.FACILITY,COOPERATIVA CERAMICA D'IMOLA s.c.a.r.l.,Italy,11.7111,44.3806,ITH5,IT,incl_biomass
CZ.MZP.T806/CZ51473353.FACILITY,Elektrárna Třebovice,Czechia,18.21054494,49.83176365,CZ08,CZ,incl_biomass
UK.CAED/EW_EA-1017.FACILITY,Castleford Power Station EPR/BK1627IX,United Kingdom,-1.3465067,53.731402,UKE4,UK,incl_biomass
SE.CAED/10017446.Facility,Nymölla bruk,Sweden,14.47983,56.04379,SE22,SE,incl_biomass
https://registry.gdi-de.org/id/de.by.inspire.pf.ied/S00216,ROCKWOOL Operations GmbH & Co. KG,Germany,11.242479815136884,48.74465705375956,DE21,DE,incl_biomass
ES.CAED/003521000.FACILITY,CENTRAL TERMICA LA ROBLA,Spain,-5.631351,42.794558,ES41,ES,incl_biomass
PT.CAED/PT.APA05767902.CI,ETAR do AVE (CI),Portugal,-8.7063514,41.3678747,PT11,PT,incl_biomass
IT.EEA/2007000052.FACILITY,Centrale termoelettrica di Sarmato,Italy,9.5075,45.052222,ITH5,IT,incl_biomass
UK.CAED/EW_EA-2071.FACILITY,North Tees Oil Refinery & Road/Rail Terminal,United Kingdom,-1.1878099,54.599271,UKC1,UK,incl_biomass
FR.CAED/4071.FACILITY,VERESCENCE FRANCE,France,1.38792,50.05537,FRD2,FR,incl_biomass
CZ.MZP.J635/CZ10246154.FACILITY,"ŽĎAS, a.s.",Czechia,15.93184241,49.55511941,CZ06,CZ,incl_biomass
CH.CAED/000000195.Facility,Constellium Valais SA,Switzerland,7.755,46.3117,CH01,CH,incl_biomass
ES.CAED/008700000.FACILITY,INDUSTRIAS DEL TABLERO S.A. (INTASA),Spain,-8.0683,43.5349,ES11,ES,incl_biomass
ES.CAED/003469000.FACILITY,PLANTA DE COGENERACIÓN DE GRELVA,Spain,-3.638377,37.179212,ES61,ES,incl_biomass
FR.CAED/759.FACILITY,GASCOGNE PAPIER,France,-1.2716,44.20724,FRI1,FR,incl_biomass
IT.EEA/2007002352.FACILITY,IMPIANTO DEPURAZIONE ACQUE REFLUE URBANE,Italy,9.18,45.177777,ITC4,IT,incl_biomass
http://paikkatiedot.fi/so/1002031/pf/ProductionFacility/0000003642.ProductionFacility,"Lahti Energia Oy, Heinolan voimalaitos",Finland,26.06479,61.18437,FI1C,FI,incl_biomass
DE.EEA/03-01-01010356620.FACILITY,VW Kraftwerk GmbH Heizkraftwerk West,Germany,10.7650793873727,52.4415440885264,DE91,DE,incl_biomass
DK.CAED/000105775.FACILITY,Sønderborg Kraftvarme A/S,Denmark,9.781271690247534,54.93000511295234,DK03,DK,incl_biomass
https://registry.gdi-de.org/id/de.he.0945.de7.pf.eu_industrie/30000030,"Mainova, HKW Niederrad ",Germany,8.62783,50.0857,DE71,DE,incl_biomass
NL.EEA/94003.FACILITY,Centrale Bergum,Netherlands,6.02977,53.20955,NL12,NL,incl_biomass
UK.CAED/BEISOffsh-Shearwater.FACILITY,Shearwater,United Kingdom,1.95381,57.03155,UKE1,UK,incl_biomass
GB.EEA/EW_EA-7592.FACILITY,"UK Coal Mining Ltd, North Stobswood Revised",United Kingdom,-1.64825,55.2455,UKC2,UK,incl_biomass
https://registry.gdi-de.org/id/de.nw.inspire.pf.bube-eureg/arb-2017-978024-900-9000377,INNOVATHERM -Ges.zur innovativen Nu tzung v.Brennstoffen,Germany,7.46506,51.6112,DEA5,DE,incl_biomass
GB.EEA/Scotland-62.FACILITY,Markinch Papermill,United Kingdom,-3.16457,56.2028,UKM7,UK,incl_biomass
NO.EEA/0000.0003.01.FACILITY,Draugen,Norway,7.780844,64.3529358,NO06,NO,incl_biomass
http://paikkatiedot.fi/so/1002031/pf/ProductionFacility/0100252736.ProductionFacility,"Metsä Fibre Oy, Äänekosken biotuotetehdas",Finland,25.74986,62.59286,FI19,FI,incl_biomass
EL.CAED/100083.FACILITY,PPC S.A. - AES THIRA,Greece,25.47789,36.41309,EL42,EL,incl_biomass
CZ.MZP.S206/CZ91501864.FACILITY,SYNTHOS Kralupy a.s.,Czechia,14.32785848,50.25952056,CZ02,CZ,incl_biomass
https://registry.gdi-de.org/id/de.st.lau.pf.anlagen-ied-euregistry/100674,"Pfeifer & Langen GmbH & Co. KG, Werk Könnern ",Germany,11.7597,51.69735,DEE0,DE,incl_biomass
ES.CAED/003453000.FACILITY,ELCOGAS S.A. - CENTRAL TÉRMICA GICC,Spain,-3.9806,38.659,ES42,ES,incl_biomass
NO.EEA/0000.0095.01.FACILITY,Troll,Norway,3.72485,60.645134,NO0A,NO,incl_biomass
IT.EEA/2007002103.FACILITY,Riva Acciaio S.p.A. Stabilimento di Verona,Italy,11.0,45.433333,ITH3,IT,incl_biomass
IT.EEA/2007002090.FACILITY,Cartiera di Toscolano,Italy,10.619166,45.635833,ITC4,IT,incl_biomass
ES.CAED/000723000.FACILITY,CERÁMICA MATEO S.L.,Spain,-3.4666,38.6455,ES42,ES,incl_biomass
FR.CAED/4039.FACILITY,TARANIS DU ROUVRAY,France,1.11024,49.37012,FRD2,FR,incl_biomass
ES.CAED/000145000.FACILITY,"FÁBRICA DE NIEBLA (SOCIEDAD DE CEMENTOS Y MATERIALES DE CONSTRUCCIÓN DE ANDALUCÍA, S.A.)",Spain,-6.670802,37.363554,ES61,ES,incl_biomass
https://registry.gdi-de.org/id/de.sl.inspire.pf/0078699-G,ROGESA Roheisengesellschaft Saar mbH ,Germany,6.74365,49.35214,DEC0,DE,incl_biomass
SE.CAED/10016446.Facility,"CEMENTA, Degerhamn",Sweden,16.40859,56.35328,SE21,SE,incl_biomass
ES.CAED/003532000.FACILITY,CENTRAL TERMICA DE FOIX,Spain,1.655494,41.202374,ES51,ES,incl_biomass
https://data.ied_registry.omgeving.vlaanderen.be/id/productionfacility/BE.VL.000000874.FACILITY,ELECTRABEL CENTRALE VILVOORDE,Belgium,4.42339,50.94085,BE24,BE,incl_biomass
CZ.MZP.B642/CZ82167741.FACILITY,"Teplárny Brno a.s., Provoz Brno - sever",Czechia,16.6469608,49.22308058,CZ06,CZ,incl_biomass
RO.CAED/101NT0001.FACILITY,SC ARCELORMITTAL TUBULAR PRODUCTS ROMAN SA,Romania,26.8891401,46.964367,RO21,RO,incl_biomass
FR.CAED/11440.FACILITY,ELECTRICITE DE FRANCE,France,55.31959,-20.93222,FRY4,FR,incl_biomass
IT.EEA/2008000005.FACILITY,Stabilimento di Scanzorosciate,Italy,9.766667,45.713611,ITC4,IT,incl_biomass
ES.CAED/003627000.FACILITY,"AIALA VIDRIO,  S.A. (VIDRALA)",Spain,-2.946433,43.149036,ES21,ES,incl_biomass
PT.EEA/100007307.FACILITY,"AP - Amoníaco de Portugal, S.A.",Portugal,-9.05220325155,38.6713093269,PT17,PT,incl_biomass
FR.CAED/8473.FACILITY,COMPAGNIE PARISIENNE DE CHAUFFAGE URBAIN,France,2.31037,48.83489,FR10,FR,incl_biomass
PL.MŚ/000000467.FACILITY,Ciepłownia Północ,Poland,21.1878871917725,51.4222793579102,PL92,PL,incl_biomass
FR.EEA/070.00918.FACILITY,Etablissement des Flandres,France,2.22,51.0,FRE1,FR,incl_biomass
FR.CAED/7002.FACILITY,ANJOU VALORISATION ENERGIE DECHE,France,0.05063,47.51737,FRG0,FR,incl_biomass
UK.CAED/EW_EA-7307.FACILITY,Rocksavage Power Station EPR/BS5380IC,United Kingdom,-2.7255485,53.315352,UKD7,UK,incl_biomass
http://paikkatiedot.fi/so/1002031/pf/ProductionFacility/0000001284.ProductionFacility,"Alva-yhtiöt Oy, Rauhalahden voimalaitos",Finland,25.81081,62.23887,FI19,FI,incl_biomass
AT.CAED/9008390306826.FACILITY,Mondi Neusiedler GmbH & Co KG,Austria,14.753333,48.022778,AT12,AT,incl_biomass
https://registry.gdi-de.org/id/de.bw.lubw.inspire.pf/pf-450-50902148-00000000,Rheinkalk GmbH ,Germany,7.54368,47.66096,DE13,DE,incl_biomass
NO.EEA/0000.0037.02.FACILITY,Norne,Norway,8.086531,66.02713,NO06,NO,incl_biomass
https://registry.gdi-de.org/id/de.hh/pf.bube-eureg_/7046,AVG Abfall-Verwertungs-Gesellschaft mbH SAV und CPA,Germany,10.07171,53.53157,DE60,DE,incl_biomass
HU.OKIR/100385055.FACILITY,Veolia Energia Magyarország Zrt.,Hungary,18.72642,47.723945,HU21,HU,incl_biomass
DK.CAED/000082929.FACILITY,Kyndbyværket,Denmark,11.878951358937504,55.80980451834031,DK01,DK,incl_biomass
DE.EEA/12344.FACILITY,InfraLeuna GmbH KWS WT 2,Germany,11.9983996471311,51.3041925809091,DEE0,DE,incl_biomass
FR.CAED/10554.FACILITY,ELECTRICITE DE FRANCE,France,-52.66794,5.16016,FRY3,FR,incl_biomass
DK.CAED/000104564.FACILITY,Bornholms El-Produktion  A/S,Denmark,14.696953571322682,55.09257940186515,DK01,DK,incl_biomass
IT.EEA/2008000017.FACILITY,COFELY ENERGIA SRL - CENTRALE DI SETTIMO TORINESE,Italy,7.737778,45.126111,ITC1,IT,incl_biomass
ES.EEA/5762.FACILITY,CEMEX ESPAÑA-SAN VICENTE (FABRICA CEMENTO GRIS),Spain,-0.541765,38.379273,ES52,ES,incl_biomass
BG.CAED/013000010.FACILITY,Bulgartransgaz Lozenec power station,Bulgaria,26.731417,42.649044,BG34,BG,incl_biomass
CH.CAED/000000368.Facility,ara region bern ag,Switzerland,7.4284,46.972,CH02,CH,incl_biomass
UK.CAED/BEISOffsh-Cormorant-Alpha.FACILITY,Cormorant Alpha,United Kingdom,1.07278,61.10251,UKM6,UK,incl_biomass
https://registry.gdi-de.org/id/de.ni.mu/01010157480,"Braunschweiger Versorgungs-AG & Co. KG, Heizkraftwerk Mitte",Germany,10.5147,52.27797,DE91,DE,incl_biomass
PT.CAED/PT.APA05769922.CI,Navarra - Extrusão de Alumínio S.A. (CI),Portugal,-8.379789,41.602066,PT11,PT,incl_biomass
FR.CAED/5933.FACILITY,SAM SOCIETE DES ACIERS D'ARMATURE POUR LE BETON,France,6.10217,48.61,FRF3,FR,incl_biomass
UK.CAED/EW_EA-12905.FACILITY,Wilton Bioethanol Plant  EA/EPR/VP3831XJ/V005,United Kingdom,-1.1204929,54.576962,UKC1,UK,incl_biomass
http://paikkatiedot.fi/so/1002031/pf/ProductionFacility/0000003626.ProductionFacility,"Nevel Oy, Forssan voimalaitos ",Finland,23.58147,60.7877,FI1C,FI,incl_biomass
IT.EEA/2007001869.FACILITY,Nuova Terni Industrie Chimiche SpA,Italy,12.5175,42.500278,ITI2,IT,incl_biomass
LT.CAED/303332338.FACILITY2,"UAB ""Idex Paneriškės""",Lithuania,25.153158,54.668059,LT01,LT,incl_biomass
DK.CAED/000106227.FACILITY,Novo Nordisk A/S Kalundborg,Denmark,11.120720314030937,55.67076245284729,DK02,DK,incl_biomass
CY.CAED/0010010000.FACILITY,"Electricity Authority of Cyprus, Moni Power Station",Cyprus,33.1825,34.7101,CY00,CY,incl_biomass
DK.EEA/1533.FACILITY,"DONG ENERGY THERMAL POWER A/S, Stignæsværket",Denmark,11.2512953746156,55.2072395452253,DK02,DK,incl_biomass
https://registry.gdi-de.org/id/de.nw.inspire.pf.bube-eureg/arb-2017-122000-100-0496099,Borbet Solingen GmbH,Germany,7.01639,51.17099,DEA1,DE,incl_biomass
PL.MŚ/000000520.FACILITY,Tłocznia Gazu Ciechanów,Poland,20.5501804351807,52.9375419616699,PL92,PL,incl_biomass
FR.EEA/064.01012.FACILITY,RAFFINERIE DE BERRE,France,5.16,43.5,FRL0,FR,incl_biomass
PL.MŚ/000002919.FACILITY,Zakład PTA we Włocławku,Poland,18.9709720611572,52.7102241516113,PL61,PL,incl_biomass
ES.CAED/004832000.FACILITY,AGC FLATGLASS IBERICA,Spain,-0.255923,39.643104,ES52,ES,incl_biomass
AT.CAED/9008392209743.FACILITY,Veitsch-Radex GmbH & Co OG,Austria,12.6315,47.467861,AT33,AT,incl_biomass
IT.CAED/208322001.FACILITY,Brianza Energia Ambiente S.p.A.,Italy,9.1825,45.6164,ITC4,IT,incl_biomass
GB.EEA/EW_EA-7569.FACILITY,"Uk Coal Mining Ltd, Kellingley Colliery",United Kingdom,-1.2031,53.708,UKE2,UK,incl_biomass
UK.CAED/EW_EA-707.FACILITY,Ellesmere Port Incinerator,United Kingdom,-2.8664974,53.278366,UKD6,UK,incl_biomass
HU.OKIR/100293428.FACILITY,Swiss Krono Kft,Hungary,22.29935,48.130874,HU32,HU,incl_biomass
IT.CAED/221002005.FACILITY,TERMOVALORIZZATORE COMO,Italy,9.0725,45.7733,ITC4,IT,incl_biomass
ES.CAED/001997000.FACILITY,"ALUMINIO ESPAÑOL, SA",Spain,-7.473746,43.69597,ES11,ES,incl_biomass
NO.EEA/0000.0090.01.FACILITY,Goliat,Norway,22.3188038,71.2882843,NO07,NO,incl_biomass
https://data.gov.sk/set/data/so/b4d884b3-4442-43db-a19c-ceb6e127960f/SK57047713.NRZ.FACILITY,Bukocel a.s.,Slovakia,21.738881,48.863239,SK04,SK,incl_biomass
IT.CAED/270202001.FACILITY,LOMELLINA ENERGIA,Italy,8.7776,45.2804,ITC4,IT,incl_biomass
https://registry.gdi-de.org/id/de.nw.inspire.pf.bube-eureg/arb-2017-315000-300-0214067,Orion Engineered Carbons GmbH Werk Kalscheuren,Germany,6.91846,50.8735,DEA2,DE,incl_biomass
DK.CAED/000106229.FACILITY,Nordjyllandsværket,Denmark,10.044202196284552,57.07284287038003,DK05,DK,incl_biomass
DK.CAED/000106235.FACILITY,"LEO PHARMA A/S, Ballerup",Denmark,12.39372311565619,55.72676756990059,DK01,DK,incl_biomass
https://registry.gdi-de.org/id/de.ni.mu/06060116320,enercity AG Kraftwerk Herrenhausen,Germany,9.68063,52.39864,DE92,DE,incl_biomass
DE.EEA/DE-06-02-B28903H003.FACILITY,ADM Hamburg Aktiengesellschaft Werk Hamburg,Germany,9.95292127256902,53.5186944326294,DE60,DE,incl_biomass
ES.CAED/008423000.FACILITY,CORSA PETFOOD (CARDONA),Spain,1.713645,41.900239,ES51,ES,incl_biomass
UK.CAED/BEISOffsh-Scott.FACILITY,Scott,United Kingdom,0.20023,58.28934,UKM5,UK,incl_biomass
https://registry.gdi-de.org/id/de.nw.inspire.pf.bube-eureg/arb-2017-914000-900-0080266,Mark-E Aktiengesellschaft,Germany,7.48884,51.41121,DEA5,DE,incl_biomass
https://registry.gdi-de.org/id/de.st.lau.pf.anlagen-ied-euregistry/100419,"EVH GmbH, Dieselstr. ",Germany,11.99288,51.4591,DEE0,DE,incl_biomass
CH.CAED/000000375.Facility,Cremo SA / Werk Thun,Switzerland,7.6194,46.7628,CH02,CH,incl_biomass
FR.CAED/7373.FACILITY,SECHE ECO INDUSTRIES,France,-0.84488,48.11492,FRG0,FR,incl_biomass
EL.CAED/100626.FACILITY,PPC S.A. SOUTHERN RHODES TPP,Greece,27.77893,35.91697,EL42,EL,incl_biomass
https://registry.gdi-de.org/id/de.nw.inspire.pf.bube-eureg/arb-2017-916000-900-0163177,INEOS Solvents Germany GmbH - Werk Herne -,Germany,7.21432,51.53418,DEA5,DE,incl_biomass
BE.WA/010010000.FACILITY,Unilin BVBA - Division Panels - Division Flooring,Belgium,5.956051,50.291027,BE34,BE,incl_biomass
UK.CAED/EW_EA-18365.FACILITY,Veolia Leeds Recycling and Energy Recovery Facility,United Kingdom,-1.5042477,53.787525,UKE4,UK,incl_biomass
IT.EEA/2007002537.FACILITY,Boffalora Energia srl- Centrale termoelettrica di Boffalora S/Ticino,Italy,8.846389,45.465833,ITC4,IT,incl_biomass
SE.EEA/1780-1055.FACILITY,Heden kraftvärmeverk (se 1780-1118),Sweden,13.57068521,59.38643567,SE31,SE,incl_biomass
ES.CAED/001868000.FACILITY,"TOTALENERGIES CLIENTES, S.A.U.",Spain,-1.687775,42.175109,ES22,ES,incl_biomass
ES.EEA/1076.FACILITY,"CELULOSA ENERGÍA, S.L.U.",Spain,-6.86591,37.307909,ES61,ES,incl_biomass
IT.CAED/000001002.FACILITY,Terminale GNL Adriatico s.r.l.,Italy,12.5844,45.0905,ITH3,IT,incl_biomass
HU.OKIR/100308168.FACILITY,MOL Nyrt.,Hungary,20.188964,46.298841,HU33,HU,incl_biomass
CH.EEA/271.FACILITY,KVA Bern,Switzerland,7.418053962301,46.948605582377,CH02,CH,incl_biomass
EL.CAED/100211.FACILITY,KAVALA NOVAFERT LTD,Greece,24.47708,40.95552,EL51,EL,incl_biomass
DE.EEA/06-08-4380932.FACILITY,RWV GmbH,Germany,8.13060705630423,47.5898089880622,DE13,DE,incl_biomass
AT.EEA/20000.00397.FACILITY,Mitteldichte Faserplatten Hallein GmbH&Co KG,Austria,13.0795,47.701805,AT32,AT,incl_biomass
LT.CAED/141011268.FACILITY,AB „Grigeo Klaipėda“,Lithuania,21.13694,55.695719,LT02,LT,incl_biomass
ES.CAED/000607000.FACILITY,KERABEN GRUPO-PLANTA 1 Y PLANTA 2,Spain,-0.164183,39.825364,ES52,ES,incl_biomass
SK.EEA/37012102a.FACILITY,CM European Power Slovakia s.r.o.,Slovakia,17.180128,48.115647,SK01,SK,incl_biomass
https://registry.gdi-de.org/id/de.sn.sax4inspire.pf/80031611,Trinseo Deutschland GmbH ,Germany,12.3588,51.18782,DED5,DE,incl_biomass
FR.CAED/10625.FACILITY,EQIOM,France,1.62614,50.59551,FRE1,FR,incl_biomass
PT.CAED/PT.APA05770882.CI,SN Seixal - Siderurgia Nacional SA (CI),Portugal,-9.082164,38.629948,PT17,PT,incl_biomass
NL.EEA/205168.FACILITY,Nuon Power Generation BV (Eemshaven),Netherlands,6.85915,53.44777,NL11,NL,incl_biomass
FR.CAED/8972.FACILITY,GRAP'SUD,France,4.2048,44.00266,FRJ1,FR,incl_biomass
UK.CAED/EW_EA-16950.FACILITY,Runcorn Energy From Waste Facility,United Kingdom,-2.754611,53.329105,UKD7,UK,incl_biomass
BE.EEA/vl01853961001010.FACILITY,ELECTRABEL - CENTRALE RUIEN,Belgium,3.4883854,50.78342,BE23,BE,incl_biomass
FR.EEA/121.00006.FACILITY,SOCIETE DE COGENERATION DE TAVAUX,France,5.4,47.03,FRC2,FR,incl_biomass
ES.CAED/005649000.FACILITY,AIR LIQUIDE IBERICA DE GASES S.L.U.,Spain,-4.0571,38.6673,ES42,ES,incl_biomass
UK.CAED/EW_EA-17836.FACILITY,Wilton 11 EfW EPR/XP3436WB,United Kingdom,-1.1225333,54.590009,UKC1,UK,incl_biomass
PT.CAED/PT.APA05765222.CI,Navigator Figueira (CI),Portugal,-8.856643,40.058793,PT16,PT,incl_biomass
EE.KAUR.TTR/77.FACILITY,"Nitrofert AS, Mineraalväetisetehas Nitrofert",Estonia,27.2347719103,59.4074488519,EE00,EE,incl_biomass
CZ.MZP.H523/CZ94350475.FACILITY,"innogy Energo, s.r.o. - Teplárna Náchod",Czechia,16.17103242,50.4204638,CZ05,CZ,incl_biomass
PT.CAED/PT.APA05766442.CI,"SCC - Sociedade Central de Cervejas e Bebidas,S.A. (CI)",Portugal,-9.0577218,38.8825694,PT17,PT,incl_biomass
PL.MŚ/000004618.FACILITY,Egger Biskupiec Sp. z o.o.,Poland,20.9705,53.8534,PL62,PL,incl_biomass
HU.EEA/100327295.FACILITY,AES Tisza Erőmű Kft.,Hungary,21.075933,47.916826,HU31,HU,incl_biomass
DK.CAED/000086365.FACILITY,DTU Kraftvarmeværk ApS,Denmark,12.523110192594409,55.78489538036501,DK01,DK,incl_biomass
DK.EEA/6622.FACILITY,DONG Energy A/S - Enstedværket,Denmark,9.4412598265897,55.0208625309283,DK03,DK,incl_biomass
SE.CAED/10024478.Facility,Boliden Mineral AB - Aitikgruv,Sweden,20.96005,67.07162,SE33,SE,incl_biomass
https://data.ied_registry.omgeving.vlaanderen.be/id/productionfacility/BE.VL.000000089.FACILITY,BASF DOW HPPO PRODUCTION,Belgium,4.26375,51.36887,BE21,BE,incl_biomass
NO.EEA/0000.0042.02.FACILITY,Kvitebjørn,Norway,2.497937,61.07978,NO0A,NO,incl_biomass
RO.EEA/RO1NT_412.FACILITY,SC GA PRO CO CHEMICALS SA,Romania,26.47386388,46.87346666,RO21,RO,incl_biomass
AT.CAED/9008391215646.FACILITY,LINZ STROM GAS WÄRME GmbH für Energie- dienstleistungen und Telekommunikation,Austria,14.346667,48.268056,AT31,AT,incl_biomass
IT.EEA/2007000042.FACILITY,CENTRALE TERMOELETTRICA DI TARANTO,Italy,17.215278,40.510833,ITF4,IT,incl_biomass
SI.EEA/2.FACILITY,Lafarge Cement d.d.,Slovenia,15.03495,46.128575,SI03,SI,incl_biomass
IT.EEA/2007001006.FACILITY,CENTRALE BG ITALIA POWER DI TERMOLI,Italy,14.983333,42.0,ITF2,IT,incl_biomass
PT.CAED/PT.APA05772062.CI,Indorama Ventures Portugal PTA (Fábrica de PTA) (CI),Portugal,-8.82023,37.9804,PT18,PT,incl_biomass
https://registry.gdi-de.org/id/de.nw.inspire.pf.bube-eureg/arb-2017-315000-300-1350016,AVG Abfallentsorgungs- und Verwertungsgesellschaft Köln mbH,Germany,6.94885,51.00688,DEA2,DE,incl_biomass
SE.CAED/10022071.Facility,Norrsundets Bruk,Sweden,17.13646,60.94,SE31,SE,incl_biomass
CH.CAED/000000306.Facility,ProRheno AG,Switzerland,7.6008,47.5833,CH03,CH,incl_biomass
BG.EEA/08000003.FACILITY,zavod Pleven,Bulgaria,24.556396,43.43723,BG31,BG,incl_biomass
UK.CAED/NRW170100.FACILITY,Deeside Power Station,United Kingdom,-3.05393,53.23363,UKL2,UK,incl_biomass
https://registry.gdi-de.org/id/de.nw.inspire.pf.bube-eureg/arb-2017-974044-900-0840277,Calcis Warstein GmbH & Co. KG,Germany,8.37499,51.4361,DEA5,DE,incl_biomass
SE.CAED/10018242.Facility,Åkerslund,Sweden,12.90188,56.24767,SE22,SE,incl_biomass
BG.CAED/010000049.FACILITY,Amilum BG EAD,Bulgaria,26.5279,43.5692,BG32,BG,incl_biomass
ES.CAED/001576000.FACILITY,COMPLEJO MEDIOAMBIENTAL MONTEMARTA-CÓNICA,Spain,-5.833487,37.333934,ES61,ES,incl_biomass
NL.RIVM/000074003.FACILITY,Centrale Harculo,Netherlands,6.10739,52.46895,NL21,NL,incl_biomass
RO.EEA/RO2CT_44.FACILITY,SC ROMPETROL PETROCHEMICALS SRL,Romania,28.64660555,44.3375555,RO22,RO,incl_biomass
SE.CAED/10021537.Facility,SMA Mineral AB Rättvik Kalkverk,Sweden,15.16696,60.90529,SE31,SE,incl_biomass
DK.CAED/000104654.FACILITY,TOTAL E&P Danmark A/S - Halfdan A,Denmark,5.00729211,55.53202066,NL12,NL,incl_biomass
CZ.MZP.L513/CZ89043064.FACILITY,TERMIZO a.s.,Czechia,15.05649694,50.75727925,CZ05,CZ,incl_biomass
IT.EEA/2007002061.FACILITY,Impianto di termovalorizzazione dei rifiuti,Italy,11.358611,45.703333,ITH3,IT,incl_biomass
https://registry.gdi-de.org/id/de.by.inspire.pf.ied/S00222,"Basell Polyolefine GmbH, Standort Münchsmünster",Germany,11.708640023998395,48.75855140858705,DE21,DE,incl_biomass
https://registry.gdi-de.org/id/de.bw.lubw.inspire.pf/pf-450-4004094-00000000,LWE Rheinkalk GmbH Werk Istein ,Germany,7.54366,47.66095,DE13,DE,incl_biomass
BG.CAED/001000009.FACILITY,Landfill of thePetrich municipality,Bulgaria,23.25816,41.585047,BG41,BG,incl_biomass
http://paikkatiedot.fi/so/1002031/pf/ProductionFacility/0000053641.ProductionFacility,"Kotkan Energia Oy, Hyötyvoimalaitos",Finland,26.91075,60.53199,FI1C,FI,incl_biomass
ES.CAED/000030000.FACILITY,REINOSA FORGINGS & CASTINGS Y SIDENOR ACEROS ESPECIALES S.L.U,Spain,-4.139952,42.998111,ES13,ES,incl_biomass
FR.CAED/2851.FACILITY,ADISSEO FRANCE S.A.S.,France,2.74843,46.2952,FRK1,FR,incl_biomass
https://registry.gdi-de.org/id/de.st.lau.pf.anlagen-ied-euregistry/102693,Progroup Paper PM3 GmbH ,Germany,12.23096,51.63897,DEE0,DE,incl_biomass
UK.CAED/EW_EA-6056.FACILITY,Thetford Power Station,United Kingdom,0.72374753,52.447764,UKH1,UK,incl_biomass
UK.CAED/EW_EA-17781.FACILITY,Templeborough Biomass Power Plant,United Kingdom,-1.3742767,53.422347,UKE3,UK,incl_biomass
DE.EEA/14-50-52316709002.FACILITY,DREWAG Gasturbinen-Heizkraftwerk Nossener Brücke,Germany,13.7082189995972,51.0417904748153,DED2,DE,incl_biomass
RS.SEPA.NRIZ/FACILITY.000000025,Ogranak Termoelektrane Nikola Tesla - TENT A,Serbia,20.16015,44.66639,RS11,RS,incl_biomass
ES.CAED/000096000.FACILITY,"A.G.SIDERÚRGICA BALBOA, S.A.",Spain,-6.714513,38.324639,ES43,ES,incl_biomass
PT.CAED/PT.APA05771122.CI,"RESPOL, Resinas, S.A. (CI)",Portugal,-8.783307,39.775662,PT16,PT,incl_biomass
GB.EEA/EW_EA-17177.FACILITY,"UK Coal Surface Mines Limited, Minorca Surface Mine",United Kingdom,-1.4924,52.7013,UKF2,UK,incl_biomass
UK.CAED/EW_EA-1976.FACILITY,Portsmouth Waste Transfer Station,United Kingdom,-1.0541567,50.821133,UKJ3,UK,incl_biomass
FR.EEA/074.02241.FACILITY,PLACOPLATRE,France,2.58,48.93,FR10,FR,incl_biomass
https://registry.gdi-de.org/id/de.by.inspire.pf.ied/S00035,Heizkraftwerk Rosenheim,Germany,12.134004538455208,47.856212485553655,DE21,DE,incl_biomass
https://registry.gdi-de.org/id/de.st.lau.pf.anlagen-ied-euregistry/100032,InfraLeuna GmbH WT 1 ,Germany,12.00567,51.31974,DEE0,DE,incl_biomass
http://paikkatiedot.fi/so/1002031/pf/ProductionFacility/0000001211.ProductionFacility,"Metsä Board Oyj, Metsä Board Kyro Board",Finland,23.18398,61.68074,FI19,FI,incl_biomass
FR.CAED/1173.FACILITY,BIOENERGIE DU SUD-OUEST,France,-0.64053,43.41103,FRI1,FR,incl_biomass
ES.CAED/001477000.FACILITY,"ALU IBÉRICA AVL, S.L.",Spain,-5.921992,43.55547,ES12,ES,incl_biomass
DE.EEA/06-05-100-0989292.FACILITY,TSTG Schienen Technik GmbH & Co. KG,Germany,6.74289641550549,51.4931949818644,DEA1,DE,incl_biomass
DK.EEA/9857.FACILITY,FJERNVARME FYN FYNSVÆRKET A/S,Denmark,9.80973039123284,5.33467590910096,ITG1,IT,incl_biomass
SE.CAED/10017644.Facility,"Öresundsverket, (ÖVT) - kraftvärme",Sweden,13.03997,55.62603,SE22,SE,incl_biomass
PL.MŚ/000004455.FACILITY,Blok Gazowo Parowy w Głogowie,Poland,15.98489,51.68353,PL51,PL,incl_biomass
RO.EEA/RO2BR_12.FACILITY,SC TERMOELECTRICA SA,Romania,27.9240649,45.1652366,RO22,RO,incl_biomass
http://paikkatiedot.fi/so/1002031/pf/ProductionFacility/0000001431.ProductionFacility,"PVO-Lämpövoima Oy, Kristiinan voimalaitos",Finland,21.3254,62.25581,FI19,FI,incl_biomass
https://registry.gdi-de.org/id/de.by.inspire.pf.ied/S00998,"UPM GmbH, Werk Augsburg",Germany,10.901461334946028,48.3798845060966,DE27,DE,incl_biomass
NL.EEA/10017.FACILITY,Evonik Carbon Black Nederland BV,Netherlands,4.28194,51.87981,NL33,NL,incl_biomass
AT.CAED/9008390853801.FACILITY,MM Frohnleiten GmbH,Austria,15.328056,47.278056,AT22,AT,incl_biomass
https://registry.gdi-de.org/id/de.rp.inspire.pf.bube-eureg/2000208,OIE AG,Germany,7.17141,49.6035,DEB1,DE,incl_biomass
PL.MŚ/000004579.FACILITY,Zakład Unieszkodliwiania Odpadów Sp. z o.o.,Poland,14.593734,53.427043,PL42,PL,incl_biomass
UK.CAED/BEISOffsh-North-Everest.FACILITY,North Everest,United Kingdom,1.79999,57.75804,NO0A,NO,incl_biomass
IT.CAED/040202002.FACILITY,STABILIMENTO DI ITRI,Italy,13.5392,41.2844,ITI4,IT,incl_biomass
UK.SEPA/200002493.Facility,INEOS Chemicals Grangemouth Ltd,United Kingdom,-3.68727,56.00704,UKM7,UK,incl_biomass
IT.EEA/2007000616.FACILITY,cementi moccia s.p.a.,Italy,14.369166,41.064444,ITF3,IT,incl_biomass
NO.EEA/2004.0004.01.FACILITY,Hammerfest LNG,Norway,23.602005,70.69107,NO07,NO,incl_biomass
http://paikkatiedot.fi/so/1002031/pf/ProductionFacility/0100334781.ProductionFacility,"Metsä Fibre Oy, Kemin biotuotetehdas",Finland,24.52726,65.75829,FI1D,FI,incl_biomass
UK.CAED/EW_EA-2116.FACILITY,Poplars Landfill & AD Facility,United Kingdom,-2.0117909,52.682295,UKG2,UK,incl_biomass
FI.EEA/3015.FACILITY,"FORTUM POWER AND HEAT OY, UIMAHARJUN VOIMALAITOS",Finland,30.222305,62.923009,FI1D,FI,incl_biomass
GB.EEA/EW_EA-668.FACILITY,"Centrica Barry Ltd, Barry Power Station",United Kingdom,-3.22777,51.4073,UKL2,UK,incl_biomass
PL.MŚ/000001999.FACILITY,Zakład CCGT we Włocławku,Poland,18.9635848999023,52.7247505187988,PL61,PL,incl_biomass
https://data.gov.sk/set/data/so/b4d884b3-4442-43db-a19c-ceb6e127960f/SK77001503.NRZ.FACILITY,OFZ a.s. Istebné - prevádzka Široká,Slovakia,19.340795,49.246894,SK03,SK,incl_biomass
FR.EEA/064.00024.FACILITY,SOCIETE GARDANNAISE DE COGENERATION,France,5.47,43.45,FRL0,FR,incl_biomass
HU.OKIR/101996360.FACILITY,Bc-Erőmű Kft,Hungary,20.664146,48.242833,HU31,HU,incl_biomass
IT.CAED/330502002.FACILITY,ACCIAIERIE BERTOLI SAFAU SPA,Italy,13.2534,46.0067,ITH4,IT,incl_biomass
ES.CAED/009575000.FACILITY,CENTRAL TÉRMICA DE CICLO COMBINADO DE GIBRALTAR (G20),Spain,-5.391,36.185,ES61,ES,incl_biomass
UK.CAED/BEISOffsh-Cleeton.FACILITY,Cleeton,United Kingdom,0.72775,54.03333,UKE1,UK,incl_biomass
PL.MŚ/000000343.FACILITY,Cukrownia Środa,Poland,17.4652252197266,52.3654747009277,PL41,PL,incl_biomass
UK.CAED/BEISOffsh-Brae-Bravo.FACILITY,Brae Bravo,United Kingdom,1.34739,58.79236,UKM6,UK,incl_biomass
FR.CAED/10671.FACILITY,COMILOG DUNKERQUE,France,2.15932,51.0126,FRE1,FR,incl_biomass
FR.CAED/8230.FACILITY,SIETREM (EXPLOITATION NOVERGIE IDF),France,2.67509,48.87431,FR10,FR,incl_biomass
HU.OKIR/100379364.FACILITY,Budapesti Erőmű Zrt.,Hungary,19.055637,47.463478,HU11,HU,incl_biomass
https://data.gov.sk/set/data/so/b4d884b3-4442-43db-a19c-ceb6e127960f/SK47007608.NRZ.FACILITY,"SLOVMAG, a.s. Lubeník",Slovakia,20.180396,48.655945,SK03,SK,incl_biomass
ES.CAED/001610000.FACILITY,FÁBRICA DE GUADARRANQUE (IVQ),Spain,-5.409685,36.20435,ES61,ES,incl_biomass
PL.MŚ/000000942.FACILITY,"Elektrociepłownia ""Mikołaj""",Poland,18.8459033966064,50.2890472412109,PL22,PL,incl_biomass
DE.EEA/06-02-B98201B001.FACILITY,"Stadtreinigung Hamburg AöR, MVA Stellinger Moor",Germany,9.91114574128645,53.5842167933776,DE60,DE,incl_biomass
CZ.MZP.T805/CZ93379263.FACILITY,"Moravskoslezské cukrovary s.r.o., o.z. Opava",Czechia,17.86922797,49.95909306,CZ08,CZ,incl_biomass
PL.MŚ/000000068.FACILITY,Holcim Polska S.A.; ODDZIAŁ W BIELAWACH,Poland,17.9895725250244,52.8368148803711,PL61,PL,incl_biomass
PT.CAED/PT.APA05771482.CI,Central Termoeléctrica do Carregado (CI),Portugal,-8.957268,39.01514,PT16,PT,incl_biomass
LV.EEA/310231.FACILITY,"'CEMEX' SIA, cementa ražotne",Latvia,22.566302,56.690591,LV00,LV,incl_biomass
IT.EEA/2007000827.FACILITY,SANGALLI VETRO MANFREDONIA S.P.A.,Italy,15.9388,41.650728,ITF4,IT,incl_biomass
UK.CAED/EW_EA-411.FACILITY,BP WYTCH FARM GATHERING STATION AND WELLSITES,United Kingdom,-2.036736,50.665835,UKK2,UK,incl_biomass
BE.EEA/vl01853961002424.FACILITY,ELECTRABEL centrale LANGERBRUGGE,Belgium,3.7452233,51.114876,BE23,BE,incl_biomass
UK.CAED/BEISOffsh-Kittiwake-Alpha.FACILITY,Kittiwake Alpha,United Kingdom,0.51219,57.46831,UKM5,UK,incl_biomass
GB.EEA/EW_EA-2661.FACILITY,"Growhow UK (East)Ltd, Severnside Fertilizer Works",United Kingdom,-2.66255,51.5427,UKK1,UK,incl_biomass
IT.CAED/660503069.FACILITY,Pilkington Italia S.p.A.,Italy,14.75,42.066667,ITF1,IT,incl_biomass
NL.EEA/10815.FACILITY,AVR NV (Rotterdam),Netherlands,4.47324,51.89474,NL33,NL,incl_biomass
CZ.MZP.T802/CZ72777707.FACILITY,Biocel Paskov a.s.,Czechia,18.28977134,49.7139622,CZ08,CZ,incl_biomass
GR.EEA/EL0401038.FACILITY,"HERACLES G.C.Co, HALKIS PLANT",Greece,23.597,38.4411,EL64,EL,incl_biomass
https://registry.gdi-de.org/id/de.rp.inspire.pf.bube-eureg/5000656,Papierfabrik Palm GmbH & Co. KG,Germany,8.3038,49.06958,DEB3,DE,incl_biomass
BE.EEA/14827.FACILITY,E.ON GENERATION BELGIUM,Belgium,4.422338,50.940598,BE24,BE,incl_biomass
NO.EEA/0000.0104.01.FACILITY,Knarr,Norway,2.773479,61.8134727,NO0A,NO,incl_biomass
EE.KAUR.TTR/13.FACILITY,"Gren Viru AS, Ahtme tipu- ja reservkatlamaja",Estonia,27.463511,59.314934,EE00,EE,incl_biomass
FR.CAED/10727.FACILITY,TEREOS FRANCE,France,2.76763,50.20943,FRE1,FR,incl_biomass
DK.CAED/000105086.FACILITY,Dong Efterforskning og Produktion A/S - Hejre,Denmark,12.51660034275861,55.75742805987549,DK01,DK,incl_biomass
DK.CAED/000074615.FACILITY,adapa flexibles Denmark Slagelse A/S,Denmark,11.37360999105592,55.40632325027808,DK02,DK,incl_biomass
ES.CAED/007909000.FACILITY,"KRONOSPAN, S.L. (DIVISIÓN TABLEROS)",Spain,-3.620833,42.341667,ES41,ES,incl_biomass
ES.CAED/000210000.FACILITY,ROQUETTE LAISA ESPAÑA,Spain,-0.424301,39.286119,ES52,ES,incl_biomass
HR.CAED/000000052.FACILITY,"TVORNICA CEMENTA ""SVETI JURAJ""",Croatia,16.44352,43.54171,HR03,HR,incl_biomass
NL.RIVM/000011366.FACILITY,LANXESS Rotterdam Botlek,Netherlands,4.26066,51.88617,NL33,NL,incl_biomass
ES.CAED/008417000.FACILITY,IDAE SANT JOAN,Spain,2.517295,42.217371,ES51,ES,incl_biomass
UK.CAED/EW_EA-17768.FACILITY,Ferrybridge Multifuel Plant 2 EPR/XP3833DK,United Kingdom,-1.2852732,53.722154,UKE4,UK,incl_biomass
FR.EEA/071.00593.FACILITY,EDF - CENTRALE THERMIQUE du PORT,France,55.310595474,-20.9315870496,FRY4,FR,incl_biomass
https://registry.gdi-de.org/id/de.sn.sax4inspire.pf/60015087,Knauf Insulation GmbH ,Germany,12.62109,50.79138,DED4,DE,incl_biomass
https://registry.gdi-de.org/id/de.nw.inspire.pf.bube-eureg/arb-2017-112000-100-0209675,thyssenkrupp Steel Europe AG Werk Hüttenheim,Germany,6.71303,51.36415,DEA1,DE,incl_biomass
HU.OKIR/100284965.FACILITY,Pannongreen Kft.,Hungary,21.630453,47.518647,HU32,HU,incl_biomass
RO.EEA/RO2BR_11.FACILITY,SC CET SA,Romania,27.8975683,45.1891999,RO22,RO,incl_biomass
DK.CAED/000097993.FACILITY,SILKEBORG VARME A/S,Denmark,9.559858672064836,56.20071512109326,DK04,DK,incl_biomass
FR.CAED/6139.FACILITY,O-I FRANCE SAS,France,5.9152,48.30767,FRF3,FR,incl_biomass
ES.CAED/003589000.FACILITY,CENTRAL TÉRMICA DE ESCOMBRERAS,Spain,-0.952502,37.564802,ES62,ES,incl_biomass
CZ.MZP.M714/CZ45503087.FACILITY,PRECHEZA a.s.,Czechia,17.43183152,49.44981568,CZ07,CZ,incl_biomass
DE.EEA/03-01-01010062790.FACILITY,VW Kraftwerk GmbH Heizkraftwerk Nord/Süd,Germany,10.7869573823288,52.4317025461889,DE91,DE,incl_biomass
PL.MŚ/000001940.FACILITY,Zakład Termicznego Przekształcania Odpadów Komunalnych,Poland,18.0832862854004,53.0692024230957,PL61,PL,incl_biomass
CH.CAED/000000249.Facility,vR production (choindez) sa,Switzerland,7.38,47.3211,CH02,CH,incl_biomass
LV.LVGMC.PRTR/ROUXQO.Facility,"SIA ""Gren Latvija"", biokurināmā koģenerācijas stacija",Latvia,23.710953724,56.635127563,LV00,LV,incl_biomass
SE.CAED/10019446.Facility,Rya Värmecentral,Sweden,11.89092,57.69464,SE23,SE,incl_biomass
FR.CAED/15325.FACILITY,CA EVREUX PORTES DE NORMANDIE,France,1.17446,49.05479,FRD2,FR,incl_biomass
UK.CAED/EW_EA-18716.FACILITY,Greatmoor EfW EPR/UP3734HT,United Kingdom,-0.97976911,51.895724,UKJ1,UK,incl_biomass
UK.CAED/EW_EA-16004.FACILITY,Westcott Biogas Generation Plant,United Kingdom,-0.9791962,51.84402,UKJ1,UK,incl_biomass
ES.CAED/007640000.FACILITY,ÁREA DE TINTURA,Spain,-0.479329,38.697526,ES52,ES,incl_biomass
ES.CAED/000584000.FACILITY,"TAU PORCELANICO, S.L.",Spain,-0.104481,40.003122,ES52,ES,incl_biomass
DE.EEA/06-85300230632.FACILITY,ETN Wintershall E.ON Energy from Waste Heringen GmbH,Germany,9.99815279375005,50.8932717231179,DE73,DE,incl_biomass
BG.CAED/002000009.FACILITY,Kronoshpan BG EOOD,Bulgaria,27.433,42.5184,BG34,BG,incl_biomass
IT.EEA/2007001359.FACILITY,Industria Cementi Giovanni Rossi S.p.A. - CEMENTERIA DI FUMANE,Italy,10.891667,45.552778,ITH3,IT,incl_biomass
ES.CAED/001506000.FACILITY,"FERROATLANTICA DEL CINCA, S.L.",Spain,0.178053,41.921713,ES24,ES,incl_biomass
GB.EEA/EW_EA-360.FACILITY,Hope Works,United Kingdom,-1.75381,53.3387,UKF1,UK,incl_biomass
IT.EEA/2007000618.FACILITY,CENTRO ENERGIA TEVEROLA S.p.A.– centrale termoelettrica di cogenerazione,Italy,14.228056,41.009722,ITF3,IT,incl_biomass
https://registry.gdi-de.org/id/de.by.inspire.pf.ied/S00968,MHKW Weißenhorn,Germany,10.133934335670649,48.29890951982563,DE27,DE,incl_biomass
ES.CAED/003099000.FACILITY,COMPAÑIA ESPAÑOLA DE LAMINACION (CELSA 3),Spain,1.967934,41.465733,ES51,ES,incl_biomass
FR.CAED/96.FACILITY,VERALLIA FRANCE,France,3.33314,49.39552,FRE2,FR,incl_biomass
DK.CAED/000104651.FACILITY,INEOS E&P A/S - Siri,Denmark,4.91272086,56.48459909,NO0A,NO,incl_biomass
GB.EEA/EW_EA-1012.FACILITY,"Iggesund Paperboard (Workington) Limited, Workington Boardmill",United Kingdom,-3.54578,54.6669,UKD1,UK,incl_biomass
IT.CAED/350142001.FACILITY,FORNACI ZULIAN S.R.L.,Italy,11.7543,45.6298,ITH3,IT,incl_biomass
BG.CAED/014000008.FACILITY,Maritsa 3 power station ,Bulgaria,25.624778,42.052722,BG42,BG,incl_biomass
PL.EEA/02C_000081.FACILITY,"Elektrociepłownie Kujawskie Sp. z o.o., Zakład Janikowo",Poland,18.1108,52.7644,PL61,PL,incl_biomass
AT.EEA/20000.00033.FACILITY,w&p Zement GmbH,Austria,14.533056,46.850555,AT21,AT,incl_biomass
https://registry.gdi-de.org/id/de.nw.inspire.pf.bube-eureg/arb-2017-315000-300-0054298,RheinEnergie AG,Germany,6.95661,50.91736,DEA2,DE,incl_biomass
IT.CAED/660412007.FACILITY,UNITA' OPERATIVA DI ATESSA,Italy,14.4581,42.1333,ITF1,IT,incl_biomass
BG.CAED/009000015.FACILITY,Lime company Kalcit,Bulgaria,24.864027,42.026443,BG42,BG,incl_biomass
IE.CAED/P0578.FACILITY,Electricity Supply Board (Marina),Ireland,-8.446164,51.900323,IE05,IE,incl_biomass
SE.CAED/10023758.Facility,Ålidhemsanläggningen,Sweden,20.32398,63.81296,SE33,SE,incl_biomass
DK.CAED/000105648.FACILITY,ROCKWOOL Danmark A/S - Hobro,Denmark,9.841398786843724,56.71652011001657,DK05,DK,incl_biomass
FR.CAED/10732.FACILITY,UNIPER - CENTRALE D'HORNAING,France,3.34064,50.36853,FRE1,FR,incl_biomass
EE.KAUR.TTR/125.FACILITY,"Gren Tartu AS, Gren Anne tootmisüksus",Estonia,26.7903247445,58.3694670752,EE00,EE,incl_biomass
SK.EEA/37063404.FACILITY,Priemyselný park Štúrovo a.s. - Kotolňa na výrobu tepla a pary,Slovakia,18.694229,47.781241,SK02,SK,incl_biomass
PL.MŚ/000003636.FACILITY,ArcelorMittal Refractories Sp. z o. o.,Poland,15.27361,51.09917,PL51,PL,incl_biomass
FR.EEA/103.00043.FACILITY,Compagnie de Cogénération de Champblain,France,4.81,45.17,FRK2,FR,incl_biomass
FR.EEA/058.00316.FACILITY,AIR LIQUIDE HYDROGENE,France,0.57,49.48,FRD2,FR,incl_biomass
IT.CAED/000342003.FACILITY,Centrale Termoelettrica di Colleferro,Italy,12.9717,41.7625,ITI4,IT,incl_biomass
https://data.gov.sk/set/data/so/b4d884b3-4442-43db-a19c-ceb6e127960f/SK47011610.NRZ.FACILITY,"eustream, a.s. - Kompresorová stanica č. 3",Slovakia,19.468952,48.178791,SK03,SK,incl_biomass
DE.EEA/03-06-06254353820.FACILITY,Statkraft Markets GmbH Kraftwerk Robert Frank,Germany,9.11450683622419,52.5457674006115,DE92,DE,incl_biomass
UK.SEPA/200000044.Facility,Westfield Biomass Plant,United Kingdom,-3.30583,56.16874,UKM7,UK,incl_biomass
UK.CAED/EW_EA-16798.FACILITY,Kirklees EfW EPR/BJ6178IX,United Kingdom,-1.7775451,53.655139,UKE4,UK,incl_biomass
NL.RIVM/000000151.FACILITY,O-I Netherlands BV (Maastricht),Netherlands,5.70421,50.85899,NL42,NL,incl_biomass
GB.EEA/EW_EA-17176.FACILITY,"UK Coal Surface Mines Limited, Butterwell DP Surface Mine",United Kingdom,-1.61689,55.2105,UKC2,UK,incl_biomass
DE.EEA/03-09-09281445470.FACILITY,WRG - Wilhelmshavener Raffinerie- gesellschaft mbH,Germany,8.10749829684472,53.617759858201,DE94,DE,incl_biomass
ES.CAED/005529000.FACILITY,"SMURFIT KAPPA ESPAÑA, S.L.",Spain,-3.800039,37.967293,ES61,ES,incl_biomass
LT.CAED/126142011.FACILITY,"UAB ""NEO Group""",Lithuania,21.228177,55.674855,LT02,LT,incl_biomass
ES.CAED/004894000.FACILITY,BASF SONATRACH PROPANCHEM,Spain,1.178207,41.11091,ES51,ES,incl_biomass
NO.EEA/1438.0002.01.FACILITY,Elkem Bremanger,Norway,5.29649,61.77319,NO0A,NO,incl_biomass
HR.CAED/000000055.FACILITY,"Tvornica papira, ambalaže i energetika",Croatia,18.41069,45.68608,HR02,HR,incl_biomass
EE.KAUR.TTR/192.FACILITY,"Enefit Power AS, Auvere elektrijaam",Estonia,27.8935658964,59.270467278,EE00,EE,incl_biomass
UK.CAED/BEISOffsh-Voyageur-Spirit.FACILITY,Voyageur Spirit,United Kingdom,1.64118,57.61685,UKM5,UK,incl_biomass
HR.CAED/000000008.FACILITY,TE-TO OSIJEK,Croatia,18.74227,45.54316,HR02,HR,incl_biomass
GB.EEA/E292_427.FACILITY,Cowley Hill Works,United Kingdom,-2.73624,53.4637,UKD7,UK,incl_biomass
NO.EEA/1424.0003.01.FACILITY,"Hydro Aluminium, Årdal Karbon",Norway,7.709004,61.23639,NO0A,NO,incl_biomass
FR.EEA/062.01721.FACILITY,EDF - CPE Richemont,France,6.16,49.28,FRF3,FR,incl_biomass
PT.CAED/PT.APA05775822.CI,Rações Pro-Ave Lda. (CI),Portugal,-9.2425529,39.186941,PT16,PT,incl_biomass
https://registry.gdi-de.org/id/de.ni.mu/04224004080,Statkraft Markets GmbH Kraftwerk Emden (Block 4),Germany,7.20619,53.34103,DE94,DE,incl_biomass
IT.EEA/2008000250.FACILITY,O-I MANUFACTURING ITALY S.p.A. Stab. DI SAN POLO DI PIAVE,Italy,12.4,45.783333,ITH3,IT,incl_biomass
https://registry.gdi-de.org/id/de.st.lau.pf.anlagen-ied-euregistry/100035,Heizkraftwerk Halle-Trotha ,Germany,11.94331,51.52363,DEE0,DE,incl_biomass
IT.CAED/710302001.FACILITY,SISECAM FLAT GLASS SOUTH ITALY SRL,Italy,15.938142,41.6503009,ITF4,IT,incl_biomass
GB.EEA/EW_EA-2648.FACILITY,CONFIDENTIAL -Article4(2)(d),United Kingdom,,,,,incl_biomass
DK.CAED/900000024.FACILITY,Spildevandscenter Avedøre (renseanlæg),Denmark,12.45055509,55.6085262,DK01,DK,incl_biomass
IT.CAED/250172001.FACILITY,Feralpi Siderurgica S.p.A,Italy,10.459167,45.4625,ITC4,IT,incl_biomass
AT.CAED/9008390975244.FACILITY,EVN Wärmekraftwerke GmbH,Austria,15.708278,48.394833,AT12,AT,incl_biomass
PL.MŚ/000000051.FACILITY,POLSKA GRUPA GÓRNICZA SP. Z O.O. ODDZIAŁ ZAKŁAD ELEKTROCIEPŁOWNIE EC CHWAŁOWICE,Poland,18.5524997711182,50.0708312988281,PL22,PL,incl_biomass
GR.EEA/EL0302006.FACILITY,TITAN CEMENT S.A. – KAMARI PLANT LIMESTONE QUARRY,Greece,23.521385,38.135818,EL64,EL,incl_biomass
DE.EEA/06-05-100-0078369.FACILITY,Oxea Deutschland GmbH Werk Ruhrchemie,Germany,6.79844793202542,51.5255027365178,DEA1,DE,incl_biomass
PL.MŚ/000001942.FACILITY,Terminal LNG,Poland,14.2962980270386,53.9062004089355,PL42,PL,incl_biomass
IT.CAED/840331001.FACILITY,Centrale compressione gas di Montesano sulla Marcellana,Italy,15.7796,40.2672,ITF3,IT,incl_biomass
https://registry.gdi-de.org/id/de.by.inspire.pf.ied/S00726,TEAtherm GmbH,Germany,10.25021053493264,49.09963093626141,DE25,DE,incl_biomass
SK.EEA/37486203.FACILITY,Elektráreň s kombinovaným paroplynovým cyklom Malženice PC1-Elektráreň PPC Malženice,Slovakia,17.689971,48.458334,SK02,SK,incl_biomass
HR.CAED/000000207.FACILITY,Vetropack Straža d.d.,Croatia,15.7059,46.22116,HR06,HR,incl_biomass
IT.EEA/2007000149.FACILITY,Cementeria di Borgo San Dalmazzo,Italy,7.483333,44.322778,ITC1,IT,incl_biomass
UK.SEPA/200000037.Facility,"Kirriemuir Compressor Station, Forfar",United Kingdom,-2.92785,56.68264,UKM7,UK,incl_biomass
UK.CAED/EW_EA-17840.FACILITY,Widnes Biomass Facility EPR/JP3132RV,United Kingdom,-2.7513047,53.354564,UKD7,UK,incl_biomass
IT.EEA/2007000051.FACILITY,CENTRALE TERMOELETTRICA DI SAN QUIRICO,Italy,10.305278,44.928611,ITH5,IT,incl_biomass
https://registry.gdi-de.org/id/de.nw.inspire.pf.bube-eureg/arb-2022-916000-900-0011514,GuD Herne GmbH,Germany,7.18396,51.5492,DEA5,DE,incl_biomass
HU.EEA/100333366.FACILITY,Holcim Hungária Cementipari Zrt.,Hungary,18.498318,47.729374,HU21,HU,incl_biomass
UK.CAED/EW_EA-1609.FACILITY,Cotesbach Landfill EPR/BK1449IK,United Kingdom,-1.2073851,52.420734,UKF2,UK,incl_biomass
HU.EEA/100327376.FACILITY,AES Borsodi Energetikai Kft.,Hungary,20.684352,48.235402,HU31,HU,incl_biomass
FR.CAED/8257.FACILITY,ITON SEINE,France,1.56543,49.03412,FR10,FR,incl_biomass
LT.CAED/301150568.FACILITY,"UAB ""Idex Taika power plant""",Lithuania,24.009141,54.914868,LT02,LT,incl_biomass
NO.EEA/0000.0010.01.FACILITY,Oseberg,Norway,2.8256,60.49131,NO0A,NO,incl_biomass
UK.CAED/EW_EA-18408.FACILITY,Brigg Renewable Energy Plant,United Kingdom,-0.51171439,53.542543,UKE1,UK,incl_biomass
IT.EEA/2007001109.FACILITY,Alpiq Vercelli S.r.l.,Italy,8.405278,45.301944,ITC1,IT,incl_biomass
IT.CAED/461002004.FACILITY,CARTIERE VILLA LAGARINA SPA STABILIMENTO DI MANTOVA,Italy,10.7984,45.1776,ITC4,IT,incl_biomass
http://paikkatiedot.fi/so/1002031/pf/ProductionFacility/0000011204.ProductionFacility,"Adven Oy, LK174 Hangon kattilalaitos Genencor International Oy:n tehdasalueella ",Finland,23.02385,59.85385,FI1B,FI,incl_biomass
BE.EEA/W090.FACILITY,CARSID (Centrale dénergie),Belgium,4.4123,50.4141,BE32,BE,incl_biomass
GB.EEA/EW_EA-4000.FACILITY,"Humber Energy Limited, Grimsby Fibres Power Station",United Kingdom,-0.130915,53.5945,UKE1,UK,incl_biomass
NL.EEA/202219.FACILITY,Air Products Nederland BV (Europoort),Netherlands,4.09357,51.95975,NL33,NL,incl_biomass
UK.SEPA/200002620.Facility,Shetland Gas Plant,United Kingdom,-1.25986,60.46839,UKM6,UK,incl_biomass
RO.EEA/RO4GJ_34.FACILITY,SC SIMCOR VAR SA ORADEA PUNCT DE LUCRU TG-JIU,Romania,23.2275805,45.0518083,RO41,RO,incl_biomass
PT.CAED/PT.APA05771862.CI,"Sonae Arauco Portugal, S.A. Mangualde (CI)",Portugal,-7.79324,40.58268,PT16,PT,incl_biomass
GB.EEA/EW_EA-6496.FACILITY,"Eni Hewett Limited, Western Bacton Gas Terminal",United Kingdom,1.46496,52.8585,UKH1,UK,incl_biomass
UK.CAED/EW_EA-1941.FACILITY,Seal Sands Power Station,United Kingdom,-1.1856371,54.615074,UKC1,UK,incl_biomass
https://registry.gdi-de.org/id/de.nw.inspire.pf.bube-eureg/arb-2017-111000-100-9350370,BASF Personal Care and Nutrition GmbH,Germany,6.83939,51.17555,DEA1,DE,incl_biomass
FR.CAED/3678.FACILITY,CRISTAL UNION,France,4.16283,49.35026,FRF2,FR,incl_biomass
UK.CAED/EW_EA-1101.FACILITY,Runcorn Halochemicals EPR/GP3536AC,United Kingdom,-2.7429477,53.314616,UKD7,UK,incl_biomass
UK.CAED/BEISOffsh-Morecambe-CPC-1.FACILITY,Morecambe-CPC-1,United Kingdom,-3.58056,53.84167,UKD1,UK,incl_biomass
UK.SEPA/200000152.Facility,Lochaber Smelter,United Kingdom,-5.0721,56.82787,UKM6,UK,incl_biomass
AT.CAED/9008390975220.FACILITY,EVN Wärmekraftwerke GmbH,Austria,15.923806,48.325528,AT12,AT,incl_biomass
UK.CAED/EW_EA-1470.FACILITY,Interconnector Bacton Terminal,United Kingdom,1.4562846,52.854025,UKH1,UK,incl_biomass
FR.CAED/8198.FACILITY,SAM MONTEREAU,France,2.97937,48.38585,FR10,FR,incl_biomass
BE.WA/018010000.FACILITY,THY MARCINELLE,Belgium,4.4312053,50.409863,BE32,BE,incl_biomass
ES.CAED/008371000.FACILITY,PLANTA VALORIZACIÓN ENERGÉTICA,Spain,-0.679137,41.538421,ES24,ES,incl_biomass
GB.EEA/EW_EA-2308.FACILITY,"Cemex UK Cement Ltd, BARRINGTON CEMENT WORKS",United Kingdom,0.0395712,52.1353,UKH1,UK,incl_biomass
CH.CAED/000000013.Facility,Kubrix AG / Werk Paradies,Switzerland,8.6908,47.68,CH05,CH,incl_biomass
FR.CAED/626.FACILITY,CONDAT,France,1.22656,45.12348,FRI1,FR,incl_biomass
https://registry.gdi-de.org/id/de.by.inspire.pf.ied/S01153,Gebr. Lang GmbH Papierfabrik,Germany,10.66641560536514,48.1098975627524,DE27,DE,incl_biomass
DE.EEA/06-08-4864565.FACILITY,Arctic Paper Mochenwangen GmbH,Germany,9.64400412778314,47.8821720837836,DE14,DE,incl_biomass
FR.CAED/5635.FACILITY,SUEZ RR IWS CHEMICALS FRANCE,France,5.70701,45.13621,FRK2,FR,incl_biomass
https://registry.gdi-de.org/id/de.sn.sax4inspire.pf/70015867,Kronospan GmbH Lampertswalde ,Germany,13.66308,51.30586,DED2,DE,incl_biomass
NO.EEA/1833.0034.01.FACILITY,Celsa Armeringsstål AS,Norway,14.1576023,66.31329,NO07,NO,incl_biomass
IT.EEA/2007000642.FACILITY,POLIMERIEUROPA S.p.A. - STABILIMENTO DI GELA,Italy,14.283333,37.066667,ITG1,IT,incl_biomass
DE.EEA/18147.FACILITY,Heizkraftwerk Halle-Dieselstraße,Germany,11.9928995907086,51.4590906276205,DEE0,DE,incl_biomass
GB.EEA/EW_EA-12956.FACILITY,Huntington Lane Surface Mine,United Kingdom,-2.51273,52.6693,UKG2,UK,incl_biomass
IT.CAED/850252009.FACILITY,UNITA'OPERATIVA DI MELFI ,Italy,15.6975,41.07,ITF5,IT,incl_biomass
UK.CAED/EW_EA-17122.FACILITY,Mucking Generation Plant EPR/TP3538UB,United Kingdom,0.4244408,51.493864,UKH3,UK,incl_biomass
DE.EEA/14-20-48821410003.FACILITY,Heizkraftwerk Nord II,Germany,12.9230730615283,50.8566158903571,DED4,DE,incl_biomass
UK.CAED/EW_EA-17731.FACILITY,Tilbury Green Power EPR/KP3936ZB,United Kingdom,0.33100218,51.469679,UKH3,UK,incl_biomass
DE.EEA/07-02-2038097.FACILITY,Schaefer Kalk GmbH & Co. KG,Germany,7.76548641104842,49.9475632750931,DEB1,DE,incl_biomass
DK.CAED/000110610.FACILITY,Xellia Pharmaceuticals ApS,Denmark,12.60524866100344,55.66710713738545,DK01,DK,incl_biomass
https://registry.gdi-de.org/id/de.st.lau.pf.anlagen-ied-euregistry/100787,SKW Stickstoffwerke Piesteritz GmbH ,Germany,12.58348,51.88852,DEE0,DE,incl_biomass
FR.CAED/9531.FACILITY,SOCIETE DE VALORISATION DES EFFLUENTS DE L'EUROMETROPOLE DE STRASBOURG,France,7.83348,48.63555,FRF1,FR,incl_biomass
FR.CAED/5360.FACILITY,METROPOLE DE LYON,France,4.84604,45.69013,FRK2,FR,incl_biomass
IT.CAED/380662002.FACILITY,CARTIERE DEL GARDA S.P.A.,Italy,10.8536,45.885,ITH2,IT,incl_biomass
LT.CAED/147248313.FACILITY2,"AB ""Panevėžio energija"", Panevėžio RK-1 (Pušaloto rajoninė katilinė)",Lithuania,24.317765,55.749369,LT02,LT,incl_biomass
FR.EEA/052.02759.FACILITY,ACETEX CHIMIE,France,-0.58,43.36,FRI1,FR,incl_biomass
UK.CAED/BEISOffsh-Lomond.FACILITY,Lomond,United Kingdom,2.17666,57.28691,NO0A,NO,incl_biomass
https://registry.gdi-de.org/id/de.nw.inspire.pf.bube-eureg/arb-2017-954036-900-0897639,Evonik Operations GmbH - Werk Herne/Witten Betriebsteil W-,Germany,7.35788,51.44135,DEA5,DE,incl_biomass
https://registry.gdi-de.org/id/de.sn.sax4inspire.pf/60015086,Heizwerk Altchemnitz ,Germany,12.91691,50.79839,DED4,DE,incl_biomass
DE.EEA/06-08-3809951.FACILITY,Knauf Marmorit GmbH,Germany,7.76945129587204,47.925934625452,DE13,DE,incl_biomass
https://registry.gdi-de.org/id/de.ni.mu/10101772630,SRS EcoTherm GmbH ,Germany,7.35054,52.31847,DE94,DE,incl_biomass
PT.CAED/PT.APA05766582.CI,"Carnes Landeiro, S.A (CI)",Portugal,-8.565363,41.471909,PT11,PT,incl_biomass
GB.EEA/EW_EA-1296.FACILITY,"Powergen Chp Ltd, Stoke Chp Plant",United Kingdom,-2.19064,52.9896,UKG2,UK,incl_biomass
NL.EEA/9014.FACILITY,Essent Productie Geleen B.V.,Netherlands,5.80661,50.98125,NL42,NL,incl_biomass
DE.EEA/14-20-60319980000.FACILITY,Befesa Zinc Freiberg GmbH & Co. KG (vormahls B.U.S Zinkrecycling GmbH Freiberg),Germany,13.3691241343806,50.9084201595474,DED4,DE,incl_biomass
https://registry.gdi-de.org/id/de.by.inspire.pf.ied/S12167,Sustainable Energy Aschaffenburg GmbH,Germany,9.156573942997491,49.98794391902315,DE26,DE,incl_biomass
UK.CAED/BEISOffsh-Clair-Ridge-Platform.FACILITY,Clair Ridge,United Kingdom,-2.29392,60.44111,UKM6,UK,incl_biomass
BG.CAED/003000019.FACILITY,Veolia power station,Bulgaria,27.869692,43.237406,BG33,BG,incl_biomass
PL.MŚ/000000460.FACILITY,Orion Engineered Carbons Sp. z o.o.,Poland,21.4614734649658,49.7235832214355,PL82,PL,incl_biomass
UK.CAED/BEISOffsh-Alma-FPSO-Enquest-Producer.FACILITY,Alma FPSO - Enquest Producer,United Kingdom,2.78424,56.18587,UKE1,UK,incl_biomass
PL.MŚ/000000275.FACILITY,"Wałbrzyskie Zakłady Koksownicze ""Victoria"" S.A.",Poland,16.2420425415039,50.7558288574219,PL51,PL,incl_biomass
PL.MŚ/000003735.FACILITY,"PGNiG TERMIKA SA, Składowisko Odpadów Paleniskowych Zawady",Poland,21.145328,52.150214,PL91,PL,incl_biomass
RO.EEA/RO1BC_11.FACILITY,SC RAFO SA,Romania,26.8151218,46.252456,RO21,RO,incl_biomass
UK.CAED/BEISOffsh-Stella-FPF-1.FACILITY,Stella FPF 1,United Kingdom,2.08996,56.79052,UKE1,UK,incl_biomass
FR.CAED/3449.FACILITY,REMOISE DE VALORISATION DES DECHET.,France,4.05071,49.23471,FRF2,FR,incl_biomass
UK.CAED/EW_EA-3620.FACILITY,Erith Oil Works EPR/QP3331PQ,United Kingdom,0.16793916,51.492593,UKI5,UK,incl_biomass
PL.MŚ/000000704.FACILITY,ISD Huta Częstochowa Sp. z o.o.,Poland,19.1703319549561,50.7878036499023,PL22,PL,incl_biomass
FR.CAED/33009.FACILITY,BIOMASSE ENERGIE D'ALIZAY,France,1.18239,49.31161,FRD2,FR,incl_biomass
PT.EEA/100002757.FACILITY,"Navigator Paper Figueira, SA",Portugal,-8.85664,40.0588,PT16,PT,incl_biomass
IS.CAED/600407-0580,Molta ehf.,Iceland,-18.048646,65.614079,IS00,IS,incl_biomass
FR.CAED/11545.FACILITY,GRAND POITIERS COMMUNAUTE URBAINE,France,0.38953,46.59406,FRI3,FR,incl_biomass
UK.CAED/EW_EA-822.FACILITY,MUCKING LANDFILL,United Kingdom,0.429144,51.503749,UKH3,UK,incl_biomass
FR.EEA/074.05212.FACILITY,SMURFIT Kappa Papier Recyclé France Papeterie de la Seine,France,2.2,48.89,FR10,FR,incl_biomass
DE.EEA/16-85-00100060000.FACILITY,BHT Bau- und Holztechnik Thüringen GmbH,Germany,11.6558697599597,50.5005514387119,DEG0,DE,incl_biomass
DE.EEA/14-60-60319980000.FACILITY,Befesa Zinc Freiberg GmbH (vormals B.U.S Zinkrecycling GmbH Freiberg),Germany,13.3690938759811,50.9084229784578,DED4,DE,incl_biomass
CY.EEA/51.FACILITY,"VASSILIKO CEMENT WORKS PUBLIC COMPANY LTD, Moni Plant",Cyprus,33.191388,34.710277,CY00,CY,incl_biomass
https://registry.gdi-de.org/id/de.ni.mu/02020265720,Dow Deutschland Anlagengesellschaft mbH,Germany,9.65719,52.91351,DE93,DE,incl_biomass
RO.CAED/102TR0001.FACILITY,SC DONAU CHEM SRL,Romania,24.893961,43.716716,RO31,RO,incl_biomass
NL.EEA/105014.FACILITY,Brunner Mond BV (inrichting bestaat niet meer),Netherlands,6.94789,53.3196,NL11,NL,incl_biomass
PL.MŚ/000000382.FACILITY,Koksownia Częstochowa Nowa Sp. z o.o.,Poland,19.1877212524414,50.7967224121094,PL22,PL,incl_biomass
GB.EEA/EW_EA-2162.FACILITY,"Gdf Suez Teesside Limited, Teesside Power Station",United Kingdom,-1.13665,54.5811,UKC1,UK,incl_biomass
FR.EEA/070.00940.FACILITY,STORA ENSO CORBEHEM,France,3.02,50.33,FRE1,FR,incl_biomass
IT.EEA/2007001689.FACILITY,Cofathec Energia Srl - Contrale termoelettrica di Spinetta Marengo,Italy,8.670278,44.885556,ITC1,IT,incl_biomass
https://registry.gdi-de.org/id/de.sl.inspire.pf/0105354-G,Gas- und Dampfturbinenanlage Gas- und Dampfturbinenanlage Südraum,Germany,6.97818,49.21367,DEC0,DE,incl_biomass
FR.CAED/725.FACILITY,O-I FRANCE SAS,France,-0.33796,44.90684,FRI1,FR,incl_biomass
UK.CAED/EW_EA-1932.FACILITY,INEOS Nitriles CHP Plant - EPR/HP3137ZK,United Kingdom,-1.2450507,54.575826,UKC1,UK,incl_biomass
IT.CAED/570161001.FACILITY,CENTRALE DI COGENERAZIONE (ex-Solvay Chimica Italia S.p.A.; ex-Rosen) ,Italy,10.4494,43.3822,ITI1,IT,incl_biomass
IT.EEA/2007002013.FACILITY,Vinyls Italia Stabilimento di Porto Marghera,Italy,12.223611,45.448333,ITH3,IT,incl_biomass
BG.CAED/002000006.FACILITY,Burgas power station,Bulgaria,27.405866,42.524313,BG34,BG,incl_biomass
NL.RIVM/000101408.FACILITY,Nedmag B.V.,Netherlands,6.89667,53.11432,NL11,NL,incl_biomass
UK.CAED/BEISOffsh-Western-Isles-FPSO.FACILITY,Western Isles FPSO,United Kingdom,0.70778,61.21667,UKM6,UK,incl_biomass
IT.EEA/2007001730.FACILITY,ERG Nuove Centrali Impianti Nord,Italy,15.1825,37.179167,ITG1,IT,incl_biomass
RS.SEPA.NRIZ/FACILITY.000000035,Ogranak RB Kolubara - Prerada,Serbia,20.27948,44.43001,RS11,RS,incl_biomass
CZ.MZP.A100/CZ83095419.FACILITY,Teplárna Malešice PT a.s.,Czechia,14.52542389,50.08482011,CZ01,CZ,incl_biomass
PT.CAED/PT.APA05773362.CI,"Gamil - Galvanização do Minho, Lda. (CI)",Portugal,-8.763949,41.630164,PT11,PT,incl_biomass
NL.EEA/115085.FACILITY,Enecal Energy VOF,Netherlands,4.25414,51.88905,NL33,NL,incl_biomass
ES.CAED/010903000.FACILITY,CERAMICAS TESANY SL - MONCOFA,Spain,-0.177051,39.797267,ES52,ES,incl_biomass
https://registry.gdi-de.org/id/de.sl.inspire.pf/0108733-G,Saarschmiede GmbH Freiformschmiede Schmiedezentrum Saarstahl,Germany,6.84473,49.25162,DEC0,DE,incl_biomass
https://registry.gdi-de.org/id/de.st.lau.pf.anlagen-ied-euregistry/101051,InfraLeuna GmbH WT 2 ,Germany,11.99824,51.29895,DEE0,DE,incl_biomass
DK.CAED/000106359.FACILITY,"Danish Crown A/S, Blans",Denmark,9.654773119631496,54.981858770956094,DK03,DK,incl_biomass
NL.EEA/74005.FACILITY,Ennatuurlijk; WKC Enschede,Netherlands,6.82796,52.21402,NL21,NL,incl_biomass
PT.CAED/PT.APA05768542.CI,"Unidade da Meia Serra (A, EVE, TM, VO, S) (CI)",Portugal,-16.8698714,32.7031149,PT30,PT,incl_biomass
SE.CAED/10019894.Facility,Energi- och miljöcenter Sobacken,Sweden,12.91372,57.65159,SE23,SE,incl_biomass
FR.EEA/065.07039.FACILITY,Centrale de Cogénération de Renault Flins,France,1.84,48.96,FR10,FR,incl_biomass
PL.MŚ/000004782.FACILITY,LGESWA,Poland,16.886944,51.016666,PL51,PL,incl_biomass
IT.CAED/151223266.FACILITY,Centrale termoelettrica,Italy,8.670278,44.885556,ITC1,IT,incl_biomass
UK.CAED/EW_EA-2938.FACILITY,BLACKBURN MEADOWS STW,United Kingdom,-1.4065973,53.419267,UKE3,UK,incl_biomass
PL.MŚ/000003637.FACILITY,SW-SOLAR CZARNA WODA SPÓŁKA Z OGRANICZONĄ ODPOWIEDZIALNOŚCIĄ,Poland,18.6742153167725,53.5258178710938,PL61,PL,incl_biomass
ES.CAED/007330000.FACILITY,ACEITES DEL SUR COOSUR S.A. (OLCESA REFINERÍA),Spain,-3.0319,40.0128,ES42,ES,incl_biomass
SE.CAED/10015909.Facility,Värmeverket Södra Vakten,Sweden,14.97475,58.04109,SE21,SE,incl_biomass
IT.CAED/431222010.FACILITY,TERMOVALORIZZATORE - PAIP,Italy,10.3557,44.8382,ITH5,IT,incl_biomass
HU.EEA/100874043.FACILITY,Robert Bosch Power Tool Kft.,Hungary,20.78634,48.129981,HU31,HU,incl_biomass
BE.WA/226010000.FACILITY,DEQUENNE CHIMIE ,Belgium,3.8751636,50.48301,BE32,BE,incl_biomass
LV.LVGMC.PRTR/953592.Facility,"SIA “KRONOSPAN Riga""",Latvia,24.059836,57.019768,LV00,LV,incl_biomass
IT.CAED/911001001.FACILITY,Centrale Turbogas di Trapani,Italy,12.5905,37.8765,ITG1,IT,incl_biomass
GB.EEA/EW_EA-164.FACILITY,Holyhead Aluminium Smelter,United Kingdom,-4.60486,53.2975,UKL1,UK,incl_biomass
DE.EEA/14-30-55047380000.FACILITY,Stadtwerke Leipzig GmbH HKW Nord,Germany,12.3774710527427,51.3520614956275,DED5,DE,incl_biomass
DE.EEA/06-00007060433.FACILITY,Konsortium Energieversorgung Opel oHG,Germany,8.39582089844711,49.9942930345359,DE71,DE,incl_biomass
UK.CAED/BEISOffsh-Armada-Kraken-FPSO.FACILITY,Armada Kraken FPSO,United Kingdom,1.29175,59.92844,UKM6,UK,incl_biomass
PL.EEA/02C_002193.FACILITY,Elana-Energetyka Sp. z o.o.,Poland,18.665278,53.039167,PL61,PL,incl_biomass
FR.CAED/12629.FACILITY,ESSITY OPERATIONS FRANCE,France,2.71044,47.70262,FRB0,FR,incl_biomass
ES.CAED/004811000.FACILITY,SOCIEDAD ANONIMA MINERA CATALANO-ARAGONESA,Spain,-0.173479,39.95033,ES52,ES,incl_biomass
CZ.MZP.T803/CZ62774430.FACILITY,"OKD,a.s., vnitřní organizační jednotka nezapsaná v obchodním rejstříku, Důl ČSM",Czechia,18.54911996,49.81774218,CZ08,CZ,incl_biomass
DK.EEA/1529.FACILITY,DONG Energy Power A/S - Svanemølleværket,Denmark,12.5883502159674,55.7135860638732,DK01,DK,incl_biomass
DE.EEA/14-30-54102340000.FACILITY,"Dow Olefinverbund GmbH, Werk Böhlen",Germany,12.3561307601096,51.1914134727165,DED5,DE,incl_biomass
DK.CAED/000089035.FACILITY,Grundfos A/S,Denmark,9.669192146284676,56.38077335598116,DK04,DK,incl_biomass
https://registry.gdi-de.org/id/de.nw.inspire.pf.bube-eureg/arb-2017-119000-100-0188391,Air Liquide Deutschland GmbH Werk Ruhrchemie,Germany,6.81039,51.52176,DEA1,DE,incl_biomass
FR.CAED/7786.FACILITY,ORANGINA SUNTORY FRANCE PRODUCTION,France,4.95119,43.92994,FRL0,FR,incl_biomass
HU.EEA/100289627.FACILITY,Holcim Hungária Zrt.,Hungary,20.796874,48.065306,HU31,HU,incl_biomass
ES.CAED/003528000.FACILITY,ENERGYWORKS VILLARROBLEDO S.L.,Spain,-2.5909,39.2825,ES42,ES,incl_biomass
ES.CAED/003733000.FACILITY,"NERVACERO , S.A. (NERVACERO)",Spain,-3.020769,43.309876,ES21,ES,incl_biomass
UK.CAED/BEISOffsh-Glen-Lyon-FPSO.FACILITY,Glen Lyon FPSO,United Kingdom,-4.08581,60.36441,UKM6,UK,incl_biomass
CH.CAED/000000432.Facility,Clariant Additives (Switzerland) AG,Switzerland,7.6631,47.5337,CH03,CH,incl_biomass
SI.ARSO/000000153.FACILITY,Premogovnik Velenje,Slovenia,15.085617,46.374539,SI03,SI,incl_biomass
CZ.MZP.U421/CZ0001877E.FACILITY,"Silike keramika, spol. s r.o. provoz Děčín",Czechia,14.201299444444,50.763395555556,CZ04,CZ,incl_biomass
IT.EEA/2007002417.FACILITY,Centrale termoelettrica di Boffalora S/Ticino,Italy,8.846389,45.465833,ITC4,IT,incl_biomass
DK.CAED/000105668.FACILITY,I/S REFA - Affaldsforbrændingsanlæg,Denmark,11.883928805588964,54.78009313340748,DK02,DK,incl_biomass
FR.CAED/13736.FACILITY,ELECTRICITE DE FRANCE,France,-62.85001,17.89456,FRY1,FR,incl_biomass
BE.WA/063010000.FACILITY,PRAYON,Belgium,5.386373,50.574093,BE33,BE,incl_biomass
https://registry.gdi-de.org/id/de.by.inspire.pf.ied/S00635,"Veolia Umweltservice Süd GmbH & Co. KG, Bio- u. Holzkraftwerk Zapfendorf",Germany,10.930535313645978,50.02030583052241,DE24,DE,incl_biomass
https://data.ied_registry.omgeving.vlaanderen.be/id/productionfacility/BE.VL.000000090.FACILITY,COVESTRO,Belgium,4.32097,51.296,BE21,BE,incl_biomass
https://registry.gdi-de.org/id/de.mv.land.inspire.pf.bube/30005775,Vattenfall Europe New Energy Ecopower GmbH Betriebsstätte HKW Rostock ,Germany,12.1447,54.14492,DE80,DE,incl_biomass
PL.MŚ/000001886.FACILITY,ITPOK Poznań,Poland,16.9854507446289,52.4333457946777,PL41,PL,incl_biomass
IT.CAED/150672001.FACILITY,ILVA SPA STABILIMENTO DI NOVI LIGURE,Italy,8.7647,44.7764,ITC1,IT,incl_biomass
EE.KAUR.TTR/88.FACILITY,"Horizon Tselluloosi ja Paberi AS, Kehra paberivabrik",Estonia,25.3401582309,59.3405854971,EE00,EE,incl_biomass
SE.CAED/10021916.Facility,"Ovako Sweden AB, Hofors",Sweden,16.30633,60.55353,SE31,SE,incl_biomass
DK.CAED/000085734.FACILITY,KVERNELAND GROUP KERTEMINDE A/S ,Denmark,10.656125151974305,55.46186256978535,DK03,DK,incl_biomass
IT.EEA/2007002380.FACILITY,ICC spa Industria Cartaria Cadidavid,Italy,11.006389,45.382778,ITH3,IT,incl_biomass
SE.CAED/10013851.Facility,FITTJAVERKET,Sweden,17.865,59.25727,SE11,SE,incl_biomass
IT.CAED/570163070.FACILITY,ENGIE PRODUZIONE SPA,Italy,10.44817,43.38202,ITI1,IT,incl_biomass
GB.EEA/Scotland-135.FACILITY,Inverurie Paper Mill,United Kingdom,-2.36146,57.264,UKM5,UK,incl_biomass
DK.CAED/000107307.FACILITY,ROYAL UNIBREW A/S Albani Bryggerierne A/S,Denmark,10.397651300649986,55.395963210555806,DK03,DK,incl_biomass
ES.CAED/004095000.FACILITY,"COMERCIAL INDUSTRIAL ARIES, S.A.",Spain,-0.871932,41.364028,ES24,ES,incl_biomass
UK.CAED/NRW170048.FACILITY,Bryn Posteg Landfill,United Kingdom,-3.51355,52.4271,UKL2,UK,incl_biomass
ES.CAED/001571000.FACILITY,"FÁBRICA DE TORREDONJIMENO (HOLCIM ESPAÑA, S.A.)",Spain,-3.942331,37.76356,ES61,ES,incl_biomass
NL.RIVM/000200544.FACILITY,Depot Slufter,Netherlands,4.004,51.92596,NL33,NL,incl_biomass
https://registry.gdi-de.org/id/de.bw.lubw.inspire.pf/pf-450-80920445-00000000,Palm Power GmbH Co. KG ,Germany,10.11755,48.82167,DE11,DE,incl_biomass
DK.CAED/000065335.FACILITY,Københavns Lufthavns Varmecentral KLC2,Denmark,12.678000317437697,55.62692906585359,DK01,DK,incl_biomass
NO.EEA/0000.0112.02.FACILITY,Edvard Grieg,Norway,2.248272,58.84408,NO0A,NO,incl_biomass
FI.EEA/1416.FACILITY,Mussalon Voima Oy,Finland,26.919045,60.437627,FI1C,FI,incl_biomass
https://data.gov.sk/set/data/so/b4d884b3-4442-43db-a19c-ceb6e127960f/SK37641103.NRZ.FACILITY,"PPC Energy a.s. - 58 MW zdroj pre PPC Energy, a.s.",Slovakia,17.153698,48.178935,SK01,SK,incl_biomass
ES.CAED/001646000.FACILITY,OPEL ESPAÑA,Spain,-1.179359,41.754145,ES24,ES,incl_biomass
RO.EEA/RO5HD_318.FACILITY,SC CARMEUSE HOLDING SRL,Romania,22.87078999,45.95750916,RO42,RO,incl_biomass
HU.OKIR/100978514.FACILITY,TÓNUS Kft.,Hungary,20.156675,47.182914,HU32,HU,incl_biomass
https://registry.gdi-de.org/id/de.sn.sax4inspire.pf/70015917,DREWAG HKW Dresden-Reick ,Germany,13.78323,51.02448,DED2,DE,incl_biomass
FR.EEA/051.00220.FACILITY,SAINT LOUIS SUCRE ÉTABLISSEMENT NORD EST,France,3.94,49.41,FRE2,FR,incl_biomass
FR.CAED/5704.FACILITY,CERDIA FRANCE SAS,France,4.79959,45.3616,FRK2,FR,incl_biomass
PL.MŚ/000002010.FACILITY,TANNE SP. Z O.O. UL DUBOWO I 60,Poland,22.9290046691895,54.0415000915527,PL84,PL,incl_biomass
GB.EEA/DECCOffsh-Brent-Delta.FACILITY,Brent Delta,United Kingdom,1.73616,61.1323,UKM6,UK,incl_biomass
GB.EEA/EW_EA-372.FACILITY,"Lafarge Cement Uk Plc, Northfleet Works, Blue Circle Industries PLC",United Kingdom,0.353063,51.4453,UKJ4,UK,incl_biomass
GB.EEA/EW_EA-2459.FACILITY,Shoreham Power Station,United Kingdom,-0.232148,50.829336,UKJ2,UK,incl_biomass
https://registry.gdi-de.org/id/de.nw.inspire.pf.bube-eureg/arb-2017-362012-300-0192439,Eisenwerk Brühl GmbH,Germany,6.91312,50.84235,DEA2,DE,incl_biomass
BG.CAED/003000011.FACILITY,Bulgartransgaz Provadia power station,Bulgaria,27.3885,43.2148,BG33,BG,incl_biomass
LV.LVGMC.PRTR/310006.Facility,AS “Rīgas siltums” siltumcentrāle “Imanta”,Latvia,24.03608,56.962256,LV00,LV,incl_biomass
IT.EEA/2013000328.FACILITY,Firenze FPSO,Italy,17.899444,40.606944,ITF4,IT,incl_biomass
https://registry.gdi-de.org/id/de.sh/50079798,Covestro Deutschland AG ,Germany,9.19043,53.9016,DEF0,DE,incl_biomass
FR.CAED/22894.FACILITY,B + T ENERGIE FRANCE,France,7.54777,47.82944,FRF1,FR,incl_biomass
FR.CAED/4316.FACILITY,CF2P,France,6.51795,47.6828,FRC2,FR,incl_biomass
RO.CAED/106HD0001.FACILITY,SC CARMEUSE HOLDING SRL,Romania,22.870488,45.956684,RO42,RO,incl_biomass
PT.CAED/PT.APA05766042.CI,"BA GLASS PORTUGAL, SA - Unidade Fabril de Avintes (CI)",Portugal,-8.531166,41.086928,PT11,PT,incl_biomass
IT.CAED/330502024.FACILITY,Caffaro Industrie SpA,Italy,13.281,45.8246,ITH4,IT,incl_biomass
HU.OKIR/102188784.FACILITY,AUDI HUNGARIA Zártkörűen Működő Részvénytársaság,Hungary,17.702022,47.69829,HU22,HU,incl_biomass
http://paikkatiedot.fi/so/1002031/pf/ProductionFacility/0000001600.ProductionFacility,"Lappeenrannan Lämpövoima Oy, Mertaniemen voimalaitos",Finland,28.1712,61.08038,FI1C,FI,incl_biomass
FR.CAED/7578.FACILITY,ARKEMA FRANCE,France,6.00061,44.08322,FRL0,FR,incl_biomass
RS.SEPA.NRIZ/FACILITY.000000026,Ogranak Termoelektrane Nikola Tesla - TENT B,Serbia,20.0043,44.65487,RS11,RS,incl_biomass
FR.CAED/8760.FACILITY,ELECTRICITE DE FRANCE,France,2.65533,48.8724,FR10,FR,incl_biomass
NL.EEA/48084.FACILITY,Ennatuurlijk; WKC Eindhoven,Netherlands,5.45407,51.44927,NL41,NL,incl_biomass
FR.CAED/8525.FACILITY,PLAINE COMMUNE ENERGIE,France,2.37083,48.92883,FR10,FR,incl_biomass
IS.CAED/450612-0140,PCC BakkiSilicon,Iceland,-17.34345,66.066959,IS00,IS,incl_biomass
PT.CAED/PT.APA05771042.CI,Adreta Plásticos S.A. (CI),Portugal,-9.34926,38.78029,PT17,PT,incl_biomass
NL.RIVM/000022602.FACILITY,Tate & Lyle Netherlands BV,Netherlands,4.81213,52.4657,NL32,NL,incl_biomass
GB.EEA/EW_EA-16588.FACILITY,"Aylesford Newsprint Services Ltd , Aylesford Paper Mill Services",United Kingdom,0.455738,51.3069,UKJ4,UK,incl_biomass
AT.EEA/20000.00340.FACILITY,Salzburg AG f. Energie Verkehr und Telekommunikation,Austria,13.033333,47.8,AT32,AT,incl_biomass
EE.KAUR.TTR/35.FACILITY,"Repo Vabrikud AS, Püssi puitlaastplaaditehas",Estonia,27.0456140571,59.3547276495,EE00,EE,incl_biomass
https://registry.gdi-de.org/id/de.by.inspire.pf.ied/S00107,"Linde Gas Produktionsgesellschaft mbH & Co. KG, Werk Burghausen",Germany,12.844187018894948,48.18871603695967,DE21,DE,incl_biomass
DK.EEA/170.FACILITY,AarhusKarlshamn Denmark A/S,Denmark,10.2036092342669,56.1486550416632,DK04,DK,incl_biomass
NL.EEA/12147.FACILITY,E.ON Warmte Station Galileistraat,Netherlands,4.42707,51.91036,NL33,NL,incl_biomass
UK.CAED/EW_EA-1228.FACILITY,SecAnim Limited,United Kingdom,-2.7465849,53.350998,UKD7,UK,incl_biomass
BG.CAED/003000059.FACILITY,Landfill of the Aksakovo municipality 3,Bulgaria,27.855556,43.280278,BG33,BG,incl_biomass
BG.CAED/003000010.FACILITY,Bulgartransgaz Kardam power station,Bulgaria,28.124077,43.77921,BG33,BG,incl_biomass
DK.CAED/000067430.FACILITY,a. h. nichro HAARDCHROM A/S,Denmark,12.46438215183356,55.62103180966257,DK01,DK,incl_biomass
BG.CAED/004000051.FACILITY,Kronospan Bulgaria EOOD,Bulgaria,25.610555,43.060555,BG32,BG,incl_biomass
NL.EEA/66321.FACILITY,Minnewit BV (Berkelcentrale),Netherlands,6.5293,52.11812,NL22,NL,incl_biomass
SE.CAED/10024566.Facility,SMA Mineral AB,Sweden,22.21479,65.56331,SE33,SE,incl_biomass
DE.EEA/06-08-9611355.FACILITY,Stora Enso Baienfurt GmbH,Germany,9.66359058157273,47.8301811273264,DE14,DE,incl_biomass
ES.CAED/000910000.FACILITY,SYSFEED (LA VALL D´EN BAS),Spain,2.452918,42.131137,ES51,ES,incl_biomass
FR.CAED/811.FACILITY,LHOIST FRANCE OUEST,France,1.01104,44.58869,FRI1,FR,incl_biomass
https://registry.gdi-de.org/id/de.ni.mu/31000006232,SEFE Storage GmbH Speicher Rheden,Germany,8.49401,52.61412,DE92,DE,incl_biomass
DK.CAED/000105746.FACILITY,Danpo A/S,Denmark,9.256730033942697,55.805601730184215,DK03,DK,incl_biomass
GB.EEA/EW_EA-7571.FACILITY,"Uk Coal Mining Ltd, Steadsburn Quarry",United Kingdom,-1.62595,55.2668,UKC2,UK,incl_biomass
FR.EEA/064.00979.FACILITY,CABOT France,France,5.16,43.5,FRL0,FR,incl_biomass
HU.OKIR/100335681.FACILITY,Heineken Hungária Zrt.,Hungary,16.568844,47.697127,HU22,HU,incl_biomass
RO.EEA/RO3DB_19.FACILITY,SC TERMOELECTRICA SA,Romania,25.39760277,45.00181,RO31,RO,incl_biomass
DK.EEA/519.FACILITY,AVV I/S Forbrændingsanlægget,Denmark,10.030618705684,57.452887893231,DK05,DK,incl_biomass
http://paikkatiedot.fi/so/1002031/pf/ProductionFacility/0100300015.ProductionFacility,"Lahti Energia Oy, Kymijärven jätteenpolttolaitos, Lahti",Finland,25.72008,60.99101,FI1C,FI,incl_biomass
UK.CAED/EW_EA-16879.FACILITY,Hope Cement Works,United Kingdom,-1.7538125,53.3387,UKF1,UK,incl_biomass
DE.EEA/14-30-00009560000.FACILITY,Vattenfall Europe Generation AG & Co. KG Kraftwerk Lippendorf,Germany,12.3717283410419,51.1832302233965,DED5,DE,incl_biomass
PL.MŚ/000001405.FACILITY,SW-SOLAR CZARNA WODA SPÓŁKA Z OGRANICZONĄ ODPOWIEDZIALNOŚCIĄ,Poland,18.0900001525879,53.8494415283203,PL63,PL,incl_biomass
PL.MŚ/000000395.FACILITY,Centralna Cieplownia w Legnicy,Poland,16.1906318664551,51.2351760864258,PL51,PL,incl_biomass
PL.EEA/06K002827.FACILITY,Polska Energetyka Holding S.A. Cementownia w Krakowie w upadłości,Poland,20.11628,50.076886,PL21,PL,incl_biomass
UK.CAED/EW_EA-17854.FACILITY,South Kirkby WMF - EPR/VP3535CL,United Kingdom,-1.3260065,53.600868,UKE4,UK,incl_biomass
DE.EEA/14-10-98211930000.FACILITY,Sustec Schwarze Pumpe GmbH,Germany,14.3693726953007,51.522579015926,DED2,DE,incl_biomass
BE.EEA/W095.FACILITY,BIOCHIM sa,Belgium,4.2142,50.5371,BE32,BE,incl_biomass
ES.CAED/000164000.FACILITY,INDUSTRIAS QUIMICAS DEL OXIDO DE ETILENO (LA CANONJA),Spain,1.200805,41.111576,ES51,ES,incl_biomass
IT.EEA/2007002303.FACILITY,Centrale elettrica a ciclo combinato di Elettrogorizia S.p.A.,Italy,13.593889,45.917778,ITH4,IT,incl_biomass
DK.CAED/000105794.FACILITY,Lantmännen Cerealia A/S,Denmark,9.546706035801494,55.70492728481774,DK03,DK,incl_biomass
ES.CAED/005694000.FACILITY,RITRAMA,Spain,2.147006,41.524181,ES51,ES,incl_biomass
BG.CAED/001000013.FACILITY,Landfill of the Razlog municipality,Bulgaria,23.532042,41.906266,BG41,BG,incl_biomass
FR.CAED/5364.FACILITY,POLYTECHNYL,France,4.84634,45.68526,FRK2,FR,incl_biomass
DK.CAED/000060725.FACILITY,CTR Høje Gladsaxe Varmecentral,Denmark,12.486341878990885,55.73245922324217,DK01,DK,incl_biomass
IT.EEA/2007002415.FACILITY,COFATHEC  ENERGIA SRL - CENTRALE DI SETTIMO TORINESE,Italy,7.76686,45.13553,ITC1,IT,incl_biomass
NL.RIVM/000200606.FACILITY,Theo Pouw Secundaire Bouwstoffen B.V.,Netherlands,6.83783,53.4414,NL11,NL,incl_biomass
PL.MŚ/000000392.FACILITY,Miejskie Przedsiębiorstwo Energetyki Cieplnej  Sp. z o.o.,Poland,23.4969425201416,51.1489868164063,PL81,PL,incl_biomass
UK.CAED/EW_EA-675.FACILITY,Easington Gas Terminal EPR/AP3833LW,United Kingdom,0.11369477,53.660152,UKE1,UK,incl_biomass
ES.CAED/009993000.FACILITY,COFELY ENERGIA MARTORELL,Spain,1.923292,41.489607,ES51,ES,incl_biomass
FR.CAED/15412.FACILITY,STEP - NEUVILLE SUR OISE.,France,2.42,49.011,FR10,FR,incl_biomass
ES.EEA/1574.FACILITY,HOLCIM FÁBRICA DE LORCA,Spain,-1.706507,37.697404,ES62,ES,incl_biomass
http://paikkatiedot.fi/so/1002031/pf/ProductionFacility/0000001596.ProductionFacility,"Nordkalk Oy Ab, Ihalaisen kaivos",Finland,28.17831,61.03664,FI1C,FI,incl_biomass
UK.CAED/P0054_04A.FACILITY,Gortmullan Cement Works,United Kingdom,-7.5717,54.1497,UKN0,UK,incl_biomass
PT.CAED/PT.APA05762442.CI,"Unidade da Valorlis (Aterro, TMB e Triagem) (CI)",Portugal,-8.881576,39.73916,PT16,PT,incl_biomass
UK.CAED/EW_EA-2239.FACILITY,Frampton Landfill EPR/BK3166IP,United Kingdom,-2.3513247,51.762506,UKK1,UK,incl_biomass
RO.EEA/RO3AG_13.FACILITY,CET GAVANA,Romania,24.85288333,44.86925555,RO31,RO,incl_biomass
https://registry.gdi-de.org/id/de.ni.mu/10101531850,H&R Chemisch Pharmazeutische Spezialitäten GmbH,Germany,7.34858,52.3176,DE94,DE,incl_biomass
DK.CAED/000105368.FACILITY,Maabjerg Energy Center – BioHeat & Power A/S,Denmark,8.617716425405005,56.39536700680778,DK04,DK,incl_biomass
HU.OKIR/100400808.FACILITY,LIGHTTECH Kft.,Hungary,19.127984,47.626183,HU12,HU,incl_biomass
DE.EEA/06-09-100-0001-0003.FACILITY,"E.ON Kraftwerke GmbH, Kraftwerk Zolling",Germany,11.7995193321975,48.4552020943074,DE21,DE,incl_biomass
GB.EEA/P0131/06A.FACILITY,Balcas Timber Ltd,United Kingdom,-7.6403,54.3992,UKN0,UK,incl_biomass
PL.EEA/12S002348.FACILITY,"ISD HUTA CZĘSTOCHOWA Sp. z o.o., Zakład Stalownia",Poland,19.165556,50.783889,PL22,PL,incl_biomass
HU.OKIR/100239482.FACILITY,Veolia Energia Magyarország Zrt.,Hungary,21.629474,47.517625,HU32,HU,incl_biomass
IT.EEA/2008000019.FACILITY,Cofathec Energia Srl - Contrale termoelettrica di Nera Montoro,Italy,12.474444,42.495278,ITI2,IT,incl_biomass
PT.CAED/PT.APA05762422.CI,Unidade de Portimão (CI),Portugal,-8.527696,37.212298,PT15,PT,incl_biomass
https://registry.gdi-de.org/id/de.hh/pf.bube-eureg_/4448,ArcelorMittal Hamburg GmbH ,Germany,9.8984,53.52295,DE60,DE,incl_biomass
https://registry.gdi-de.org/id/de.nw.inspire.pf.bube-eureg/arb-2017-562032-500-0891848,Ökotech Ingenieurgesellschaft mbH,Germany,7.24972,51.60473,DEA3,DE,incl_biomass
RS.SEPA.NRIZ/FACILITY.000000028,Ogranak Termoelektrane Nikola Tesla - TE Kolubara,Serbia,20.28361,44.46643,RS11,RS,incl_biomass
HU.OKIR/100278137.FACILITY,FGSZ Zrt.,Hungary,22.488093,48.197076,HU32,HU,incl_biomass
FR.CAED/173.FACILITY,TEREOS FRANCE,France,2.67969,49.34846,FRE2,FR,incl_biomass
ES.CAED/001603000.FACILITY,CENTRAL TÉRMICA DE ACECA C.B.,Spain,-3.8557,39.943,ES42,ES,incl_biomass
CH.CAED/000000444.Facility,"Entsorgung & Recycling der Stadt Zürich, ERZ / Fernwärme, Heizkraftwerk Aubrugg",Switzerland,8.5751,47.4125,CH04,CH,incl_biomass
ES.CAED/007931000.FACILITY,"UVE, S.A. (FAB. PIENSOS)",Spain,-4.698611,41.63,ES41,ES,incl_biomass
UK.CAED/EW_EA-16599.FACILITY,Bolton Thermal Recovery Facility,United Kingdom,-2.404795,53.567006,UKD3,UK,incl_biomass
IT.CAED/371242001.FACILITY,CENTRALE DI COGENERAZIONE DI BORGO TRENTO,Italy,10.9667,45.4614,ITH3,IT,incl_biomass
FR.CAED/24218.FACILITY,SARL LANFRANCHI ENVIRONNEMENT,France,8.94104,41.65856,FRM0,FR,incl_biomass
FR.CAED/4249.FACILITY,SM POUR LA PREVENTION ET LA VALORISATION DES DECHETS DU HAUT-DOUBS,France,6.35577,46.90066,FRC2,FR,incl_biomass
https://registry.gdi-de.org/id/de.sn.sax4inspire.pf/70015904,CONFIDENTIAL -Article4(2)(d),Germany,,,,,incl_biomass
UK.CAED/EW_EA-2848.FACILITY,Knapton Generating Station EPR/HP3038LA,United Kingdom,-0.64272,54.181217,UKE2,UK,incl_biomass
IT.CAED/360152007.FACILITY,Impianto di termovalorizzazione dei rifiuti,Italy,11.358611,45.703333,ITH3,IT,incl_biomass
IT.CAED/391002004.FACILITY,Termovalorizzatore rifiuti residui di Bolzano,Italy,11.3079,46.4674,ITH1,IT,incl_biomass
NO.EEA/0814.0017.01.FACILITY,"Inovyn Norge AS, klor/VCM fabrikken, Rafnes",Norway,9.58691,59.10155,NO09,NO,incl_biomass
CH.CAED/000000022.Facility,"Valorec Services AG, ALV 1+2",Switzerland,7.6653,47.532,CH03,CH,incl_biomass
IT.CAED/360153201.FACILITY,Impianto di termovalorizzazione dei rifiuti,Italy,11.35861,45.70333,ITH3,IT,incl_biomass
ES.CAED/000588000.FACILITY,PRODUCTOS FLORIDA,Spain,-0.143257,39.965329,ES52,ES,incl_biomass
UK.CAED/EW_EA-18515.FACILITY,Peterborough Energy Recovery Facility,United Kingdom,-0.20585277,52.575125,UKH1,UK,incl_biomass
PL.MŚ/000005646.FACILITY,Zakład Sitkówka,Poland,20.562687,50.806308,PL72,PL,incl_biomass
PL.MŚ/000001331.FACILITY,ZAKŁAD GOSPODARKI KOMUNALNEJ W OSTROWI MAZOWIECKIEJ SP. Z O.O.,Poland,21.863639831543,52.8713722229004,PL92,PL,incl_biomass
UK.LAED/E31_114.FACILITY,Omega Proteins Ltd,United Kingdom,-1.87235,53.7968,UKE4,UK,incl_biomass
https://data.ied_registry.omgeving.vlaanderen.be/id/productionfacility/BE.VL.000000122.FACILITY,ARLANXEO BELGIUM,Belgium,4.33641,51.23968,BE21,BE,incl_biomass
FR.CAED/3867.FACILITY,ECOLOGIC PETROLEUM RECOVERY,France,0.53694,49.50341,FRD2,FR,incl_biomass
PL.MŚ/000000371.FACILITY,ARCELORMITTAL WARSZAWA SP. Z O.O.,Poland,20.915943145752,52.2936096191406,PL91,PL,incl_biomass
https://registry.gdi-de.org/id/de.st.lau.pf.anlagen-ied-euregistry/102622,CropEnergies Bioethanol GmbH ,Germany,12.10851,51.04666,DEE0,DE,incl_biomass
SE.CAED/10017066.Facility,Karlshamnsverket,Sweden,14.83397,56.15316,SE22,SE,incl_biomass
ES.CAED/003428000.FACILITY,"NANTA, S.A.U. LAS PALAS",Spain,-1.140003,37.73,ES62,ES,incl_biomass
HU.OKIR/101875179.FACILITY,Hamburger Hungária KFT.,Hungary,18.939296,46.922802,HU21,HU,incl_biomass
DE.EEA/06-09-100-8018-0001.FACILITY,Gasturbinenanlage Irsching,Germany,11.5816272674036,48.7668939382516,DE21,DE,incl_biomass
PT.CAED/PT.APA05766002.CI,"BA GLASS PORTUGAL, SA - Unidade Fabril da Marinha Grande (CI)",Portugal,-8.929045,39.74332,PT16,PT,incl_biomass
IT.CAED/250542001.FACILITY,Dolomite Franchi S.p.A.,Italy,10.093611,45.737778,ITC4,IT,incl_biomass
http://paikkatiedot.fi/so/1002031/pf/ProductionFacility/0000017269.ProductionFacility,"Nordkalk Oy Ab, LOUHI",Finland,29.02752,61.92459,FI1D,FI,incl_biomass
IT.CAED/660502001.FACILITY,Pilkington Italia S.p.A,Italy,14.7333,42.0667,ITF1,IT,incl_biomass
HU.OKIR/103112830.FACILITY,Duna Furnace Dunai Vasmű Kft.,Hungary,18.93897,46.947504,HU21,HU,incl_biomass
UK.SEPA/200001696.Facility,"Bathgate Compressor Station, Falkirk",United Kingdom,-3.74224,55.91895,UKM7,UK,incl_biomass
AT.EEA/20000.00296.FACILITY,Stadtwerke Klagenfurt AG,Austria,14.3,46.61667,AT21,AT,incl_biomass
PT.CAED/PT.APA05769882.CI,Campoaves - Unidade de Transformação de Subprodutos (CI),Portugal,-8.84792,40.1062,PT16,PT,incl_biomass
ES.CAED/000724000.FACILITY,MANCOMUNIDAD DE SERVICIOS COMSERMANCHA,Spain,-3.2187,39.4353,ES42,ES,incl_biomass
DK.EEA/4418.FACILITY,Novo Nordisk A/S,Denmark,11.1214459053295,55.6711893776739,DK02,DK,incl_biomass
PT.CAED/PT.APA05776422.CI,"SN Maia - Siderurgia Nacional, S.A (CI)",Portugal,-8.556622,41.256721,PT11,PT,incl_biomass
IT.EEA/2007000024.FACILITY,CEMENTERIA DI SETTIMELLO,Italy,11.166667,43.85,ITI1,IT,incl_biomass
RO.EEA/RO7BV_43.FACILITY,SC NITROPOROS SRL,Romania,24.974672,45.814258,RO12,RO,incl_biomass
ES.EEA/1079.FACILITY,"FORSEAN, S.L.",Spain,-6.952192,37.238321,ES61,ES,incl_biomass
EL.CAED/100106.FACILITY,SOVEL HELLENIC STEEL PROCESSING COMPANY S.A.,Greece,22.84056,39.16998,EL61,EL,incl_biomass
GB.EEA/EW_EA-2584.FACILITY,"P R Singleton Ltd, Singleton Well Site",United Kingdom,-0.742582,50.9315,UKJ2,UK,incl_biomass
ES.CAED/001032000.FACILITY,"KIMBERLY-CLARK,S.L.",Spain,-5.721944,40.983056,ES41,ES,incl_biomass
DK.CAED/000199288.FACILITY,Kredsløb Halmenergi A/S,Denmark,10.157105017075976,56.22760187938795,DK04,DK,incl_biomass
PT.CAED/PT.APA05763022.CI,ETAR Frielas (CI),Portugal,-9.15013,38.81975,PT17,PT,incl_biomass
NL.EEA/48020.FACILITY,CNC Grondstoffen BV,Netherlands,4.60072,51.6748,NL41,NL,incl_biomass
EL.CAED/100748.FACILITY,PPC S.A. PTOLEMAIS V,Greece,21.77415,40.48797,EL53,EL,incl_biomass
PL.MŚ/000005726.FACILITY,PGE Gryfino Dolna Odra Sp. z o.o.,Poland,14.461135,53.203174,PL42,PL,incl_biomass
DK.CAED/000106077.FACILITY,FMC (Cheminova A/S),Denmark,8.20118920097831,56.656991226925655,DK04,DK,incl_biomass
DE.EEA/03-10-10101051210.FACILITY,Technocell Dekor GmbH & Co. KG,Germany,8.11840823444963,52.2761846126864,DE94,DE,incl_biomass
EE.KAUR.TTR/93.FACILITY,"Skano Fibreboard OÜ, Pärnu ehitusmaterjalide divisjon",Estonia,24.528791323,58.3879436303,EE00,EE,incl_biomass
NL.RIVM/000202419.FACILITY,Eneco HWC Nieuwegein,Netherlands,5.08426,52.02578,NL31,NL,incl_biomass
http://paikkatiedot.fi/so/1002031/pf/ProductionFacility/0100191651.ProductionFacility,"Westenergy Oy, Mustasaaren jätteenpolttolaitos",Finland,21.76975,63.12516,FI19,FI,incl_biomass
CH.EEA/415.FACILITY,Energie Wasser Bern / Energiezentrale Forsthaus,Switzerland,7.41416448720509,46.9516362009517,CH02,CH,incl_biomass
PT.CAED/PT.APA05766602.CI,"SUGAL - Alimentos, SA (CI)",Portugal,-8.80054,39.00313,PT18,PT,incl_biomass
https://registry.gdi-de.org/id/de.hb/de.hb.pf.bube-eureg.06-04-12-2187248-0-0,swb Erzeugung AG & Co. KG ,Germany,8.87312,53.05962,DE50,DE,incl_biomass
FR.CAED/13332.FACILITY,IDEX ENVIRONNEMENT,France,6.00365,45.42299,FRK2,FR,incl_biomass
PT.EEA/100002542.FACILITY,"PROGADO - SOCIEDADE PRODUTORA DE RAÇÕES, S.A.",Portugal,-8.6461,41.0568,PT11,PT,incl_biomass
ES.CAED/000182000.FACILITY,ALIER,Spain,0.607716,41.692541,ES51,ES,incl_biomass
FR.CAED/5988.FACILITY,COMMUNAUTE DE COMMUNES DE L ARC MOSELLAN,France,6.34677,49.259,FRF3,FR,incl_biomass
BG.CAED/001000012.FACILITY,Landfill of the Sandanski municipality,Bulgaria,23.25816,41.585047,BG41,BG,incl_biomass
CH.CAED/000000094.Facility,Sihl AG,Switzerland,7.4764,46.9619,CH02,CH,incl_biomass
ES.CAED/004797000.FACILITY,ATOMIZADORA DEL MEDITERRANEO,Spain,-0.173248,40.050714,ES52,ES,incl_biomass
IT.EEA/2007002416.FACILITY,Cofathec Energia Srl - Contrale termoelettrica di Castelmassa,Italy,11.312778,45.02,ITH3,IT,incl_biomass
UK.CAED/EW_EA-2932.FACILITY,SUTTON COURTENAY LANDFILL  EPR/BV7001IK,United Kingdom,-1.2645671,51.630809,UKJ1,UK,incl_biomass
LU.CAED/000055000.FACILITY,Kronospan Energy s.a.,Luxembourg,5.92111,49.52943,LU00,LU,incl_biomass
FR.CAED/3362.FACILITY,CANELIA ROUVROY POUDRE,France,4.48066,49.78671,FRF2,FR,incl_biomass
DK.CAED/000106866.FACILITY,Højvangcentralen,Denmark,9.834908520114144,56.97438697651775,DK05,DK,incl_biomass
FR.CAED/8480.FACILITY,IDEX LA DEFENSE,France,2.23297,48.89792,FR10,FR,incl_biomass
DK.CAED/000105139.FACILITY,"BIOFOS A/S, Renseanlæg Lynetten",Denmark,12.615072817345112,55.69498247820931,DK01,DK,incl_biomass
FR.CAED/10638.FACILITY,HEINEKEN ENTREPRISE,France,3.11808,50.64661,FRE1,FR,incl_biomass
