country_code,main_activity_code,year,verified_emissions_t,log_emissions,d_log_emissions,dii_high_share,dii_version,ets_activity_code,ets_activity_name,dii_nace_r2,crosswalk_confidence,gdp_per_capita,d_log_gdp_per_capita,energy_import_dependency_pct,eu_accession_cohort,dii_version_break_vs_prior_year,dii_lag,dii_lead,energy_dep_2021_baseline,crisis_period,energy_shock_exposure,accession_2004plus
AT,21,2005,2826917.0,14.854697276499408,,,,21,Refining of mineral oil,C19,high,40270.0,0.0162727335929577,71.76,EU-15,True,,,51.952,0.0,0.0,0.0
AT,21,2006,2829983.0,14.85578126253424,0.0010839860348319,,,21,Refining of mineral oil,C19,high,41370.0,0.0269492056099576,72.248,EU-15,True,,,51.952,0.0,0.0,0.0
AT,21,2007,2867629.0,14.868996113896188,0.0132148513619476,,,21,Refining of mineral oil,C19,high,42790.0,0.0337484499554054,68.475,EU-15,True,,,51.952,0.0,0.0,0.0
AT,21,2008,2806071.0,14.84729584224674,-0.0217002716494487,,,21,Refining of mineral oil,C19,high,43270.0,0.0111551238080682,68.738,EU-15,True,,,51.952,0.0,0.0,0.0
AT,21,2009,2809228.0,14.848420270467791,0.001124428221054,,,21,Refining of mineral oil,C19,high,41620.0,-0.0388787332713054,65.122,EU-15,True,,,51.952,0.0,0.0,0.0
AT,21,2010,2724479.0,14.817787775139283,-0.0306324953285095,,,21,Refining of mineral oil,C19,high,42280.0,0.0157333400365491,62.782,EU-15,True,,,51.952,0.0,0.0,0.0
AT,21,2011,2768078.0,14.833663774513422,0.0158759993741384,,,21,Refining of mineral oil,C19,high,43370.0,0.0254537968452375,69.981,EU-15,True,,,51.952,0.0,0.0,0.0
AT,21,2012,2836130.0,14.857951004793726,0.0242872302803043,,,21,Refining of mineral oil,C19,high,43450.0,0.0018428938641257,63.785,EU-15,True,,,51.952,0.0,0.0,0.0
AT,21,2013,2826640.0,14.854599285093212,-0.0033517197005146,,,21,Refining of mineral oil,C19,high,43080.0,-0.0085519994232132,61.26,EU-15,True,,,51.952,0.0,0.0,0.0
AT,21,2014,2713186.0,14.813634148082029,-0.0409651370111827,,,21,Refining of mineral oil,C19,high,43070.0,-0.0002321532221678,65.625,EU-15,True,,,51.952,0.0,0.0,0.0
AT,21,2015,2804050.0,14.84657535864668,0.0329412105646511,,,21,Refining of mineral oil,C19,high,43200.0,0.0030137961840459,60.379,EU-15,True,,,51.952,0.0,0.0,0.0
AT,21,2016,2784461.0,14.839564875808549,-0.0070104828381314,,,21,Refining of mineral oil,C19,high,43550.0,0.0080692080484467,62.102,EU-15,False,,,51.952,0.0,0.0,0.0
AT,21,2017,2738604.0,14.82295885947951,-0.0166060163290389,,,21,Refining of mineral oil,C19,high,44260.0,0.0161716313243918,63.93,EU-15,False,,,51.952,0.0,0.0,0.0
AT,21,2018,2824369.0,14.853795534781629,0.0308366753021172,,,21,Refining of mineral oil,C19,high,45140.0,0.0196874367664854,64.223,EU-15,False,,,51.952,0.0,0.0,0.0
AT,21,2019,2791040.0,14.841924844196484,-0.0118706905851428,,,21,Refining of mineral oil,C19,high,45730.0,0.0129857662805736,71.601,EU-15,False,,,51.952,0.0,0.0,0.0
AT,21,2020,2731772.0,14.820461040846157,-0.0214638033503273,,,21,Refining of mineral oil,C19,high,42650.0,-0.0697272637322754,58.281,EU-15,True,,,51.952,0.0,0.0,0.0
AT,21,2021,2749644.0,14.826982006717335,0.0065209658711804,,,21,Refining of mineral oil,C19,high,44580.0,0.0442580540200356,51.952,EU-15,True,,,51.952,0.0,0.0,0.0
AT,21,2022,2255065.0,14.62868935533719,-0.1982926513801466,,,21,Refining of mineral oil,C19,high,46430.0,0.040660474074107,73.986,EU-15,True,,,51.952,1.0,51.952,0.0
AT,21,2023,2579589.0,14.763140641882256,0.1344512865450653,,,21,Refining of mineral oil,C19,high,45670.0,-0.0165041748349228,60.317,EU-15,True,,,51.952,1.0,51.952,0.0
AT,21,2024,2620210.0,14.778765025196982,0.0156243833147264,,,21,Refining of mineral oil,C19,high,45140.0,-0.011672855807518,53.325,EU-15,True,,,51.952,0.0,0.0,0.0
AT,21,2025,2648397.0,14.789465109272784,0.0107000840758022,,,21,Refining of mineral oil,C19,high,45390.0,0.0055230450789842,,EU-15,True,,,51.952,0.0,0.0,0.0
BE,21,2005,5576153.0,15.534009670070445,,,,21,Refining of mineral oil,C19,high,38100.0,0.0174746305232638,79.912,EU-15,True,,,70.773,0.0,0.0,0.0
BE,21,2006,5636635.0,15.544797814213345,0.0107881441429,,,21,Refining of mineral oil,C19,high,38810.0,0.0184636632481591,79.486,EU-15,True,,,70.773,0.0,0.0,0.0
BE,21,2007,5679818.0,15.552429747930448,0.0076319337171035,,,21,Refining of mineral oil,C19,high,39950.0,0.0289507268314697,76.882,EU-15,True,,,70.773,0.0,0.0,0.0
BE,21,2008,6305836.0,15.656986111771474,0.1045563638410254,,,21,Refining of mineral oil,C19,high,39810.0,-0.0035105352000588,80.846,EU-15,True,,,70.773,0.0,0.0,0.0
BE,21,2009,6234962.0,15.645683042450596,-0.0113030693208777,,,21,Refining of mineral oil,C19,high,38740.0,-0.0272454790333753,75.921,EU-15,True,,,70.773,0.0,0.0,0.0
BE,21,2010,6361609.0,15.665791890741769,0.0201088482911711,,,21,Refining of mineral oil,C19,high,39420.0,0.0174006437457237,78.656,EU-15,True,,,70.773,0.0,0.0,0.0
BE,21,2011,5785148.0,15.570804501688023,-0.0949873890537436,,,21,Refining of mineral oil,C19,high,39670.0,0.006321932801665,76.588,EU-15,True,,,70.773,0.0,0.0,0.0
BE,21,2012,5935326.0,15.596432512908295,0.0256280112202738,,,21,Refining of mineral oil,C19,high,39510.0,-0.004041430102939,76.673,EU-15,True,,,70.773,0.0,0.0,0.0
BE,21,2013,5959060.0,15.600423308481917,0.0039907955736193,,,21,Refining of mineral oil,C19,high,39440.0,-0.0017732746888654,77.858,EU-15,True,,,70.773,0.0,0.0,0.0
BE,21,2014,6173719.0,15.635811969565,0.0353886610830844,,,21,Refining of mineral oil,C19,high,39960.0,0.0130984240459195,80.19,EU-15,True,,,70.773,0.0,0.0,0.0
BE,21,2015,6267719.0,15.65092305056607,0.0151110810010681,,,21,Refining of mineral oil,C19,high,40310.0,0.0087206233487204,84.227,EU-15,True,,,70.773,0.0,0.0,0.0
BE,21,2016,6083321.0,15.62106132192535,-0.0298617286407196,,,21,Refining of mineral oil,C19,high,40590.0,0.0069221537217316,75.982,EU-15,False,,,70.773,0.0,0.0,0.0
BE,21,2017,6051996.0,15.615898692951632,-0.0051626289737178,,,21,Refining of mineral oil,C19,high,41030.0,0.0107817756032897,75.318,EU-15,False,,,70.773,0.0,0.0,0.0
BE,21,2018,6141592.0,15.63059454990282,0.014695856951187,,,21,Refining of mineral oil,C19,high,41610.0,0.0140370165407546,83.043,EU-15,False,,,70.773,0.0,0.0,0.0
BE,21,2019,6616155.0,15.705024943464435,0.0744303935616166,,,21,Refining of mineral oil,C19,high,42400.0,0.0188078392430615,77.668,EU-15,False,,,70.773,0.0,0.0,0.0
BE,21,2020,5792283.0,15.572037072351293,-0.1329878711131442,,,21,Refining of mineral oil,C19,high,40190.0,-0.0535301537768013,78.133,EU-15,True,,,70.773,0.0,0.0,0.0
BE,21,2021,6039538.0,15.613838076919258,0.0418010045679668,,,21,Refining of mineral oil,C19,high,42530.0,0.0565915008044317,70.773,EU-15,True,,,70.773,0.0,0.0,0.0
BE,21,2022,5657781.0,15.548542323837916,-0.065295753081342,,,21,Refining of mineral oil,C19,high,43890.0,0.0314767944346012,73.697,EU-15,True,,,70.773,1.0,70.773,0.0
BE,21,2023,5475804.0,15.515849672200602,-0.0326926516373138,,,21,Refining of mineral oil,C19,high,44190.0,0.0068120154425059,75.763,EU-15,True,,1.0,70.773,1.0,70.773,0.0
BE,21,2024,5821512.0,15.577070579781484,0.061220907580882,1.0,4.0,21,Refining of mineral oil,C19,high,44410.0,0.004966150161362,75.448,EU-15,True,,1.0,70.773,0.0,0.0,0.0
BE,21,2025,5513324.0,15.522678266024498,-0.0543923137569866,1.0,3.0,21,Refining of mineral oil,C19,high,44650.0,0.0053896380184976,,EU-15,True,1.0,,70.773,0.0,0.0,0.0
BG,21,2007,2737055.0,14.822393082815434,,,,21,Refining of mineral oil,C19,high,6670.0,0.069849953176444,51.233,2007,True,,,36.178,0.0,0.0,1.0
BG,21,2008,2503782.0,14.733312946709248,-0.0890801361061868,,,21,Refining of mineral oil,C19,high,7110.0,0.0638823838876181,52.154,2007,True,,,36.178,0.0,0.0,1.0
BG,21,2009,1158853.0,13.962941280800708,-0.7703716659085398,,,21,Refining of mineral oil,C19,high,6910.0,-0.0285326060355721,45.393,2007,True,,,36.178,0.0,0.0,1.0
BG,21,2010,1086746.0,13.898698468144932,-0.0642428126557757,,,21,Refining of mineral oil,C19,high,7060.0,0.0214754137255717,40.146,2007,True,,,36.178,0.0,0.0,1.0
BG,21,2011,2229964.0,14.617495999808236,0.718797531663304,,,21,Refining of mineral oil,C19,high,7390.0,0.0456826834549612,36.732,2007,True,,,36.178,0.0,0.0,1.0
BG,21,2012,1093760.0,13.905131859469307,-0.7123641403389271,,,21,Refining of mineral oil,C19,high,7530.0,0.0187673068516911,36.859,2007,True,,,36.178,0.0,0.0,1.0
BG,21,2013,1152162.0,13.957150735351204,0.0520188758818953,,,21,Refining of mineral oil,C19,high,7600.0,0.0092532054804834,38.313,2007,True,,,36.178,0.0,0.0,1.0
BG,21,2014,1039349.0,13.854105113583374,-0.1030456217678299,,,21,Refining of mineral oil,C19,high,7770.0,0.0221219170872704,35.171,2007,True,,,36.178,0.0,0.0,1.0
BG,21,2015,1246484.0,14.035837345922737,0.1817322323393604,,,21,Refining of mineral oil,C19,high,8130.0,0.0452907591801636,36.446,2007,True,,,36.178,0.0,0.0,1.0
BG,21,2016,1657733.0,14.320961564315011,0.2851242183922782,,,21,Refining of mineral oil,C19,high,8490.0,0.0433280767635366,38.472,2007,False,,,36.178,0.0,0.0,1.0
BG,21,2017,1781588.0,14.393015659383977,0.0720540950689638,,,21,Refining of mineral oil,C19,high,8840.0,0.0403978763262955,39.362,2007,False,,,36.178,0.0,0.0,1.0
BG,21,2018,1570907.0,14.26716371752241,-0.1258519418615673,,,21,Refining of mineral oil,C19,high,9170.0,0.0366504096188222,36.596,2007,False,,,36.178,0.0,0.0,1.0
BG,21,2019,2070184.0,14.543148050180058,0.2759843326576483,,,21,Refining of mineral oil,C19,high,9650.0,0.0510206290825205,38.457,2007,False,,,36.178,0.0,0.0,1.0
BG,21,2020,1773167.0,14.388277771258023,-0.1548702789220346,,,21,Refining of mineral oil,C19,high,9440.0,-0.0220019351934848,38.171,2007,True,,,36.178,0.0,0.0,1.0
BG,21,2021,1488705.0,14.21341717249456,-0.1748605987634643,,,21,Refining of mineral oil,C19,high,10250.0,0.0823217254270076,36.178,2007,True,,,36.178,0.0,0.0,1.0
BG,21,2022,2003944.0,14.510627796684672,0.2972106241901127,,,21,Refining of mineral oil,C19,high,10740.0,0.0466973834963013,37.11,2007,True,,,36.178,1.0,36.178,1.0
BG,21,2023,1640959.0,14.310791384994715,-0.1998364116899544,,,21,Refining of mineral oil,C19,high,10950.0,0.0193643671817902,39.512,2007,True,,,36.178,1.0,36.178,1.0
BG,21,2024,1812114.0,14.41000467751335,0.0992132925186322,,,21,Refining of mineral oil,C19,high,11330.0,0.034114618777405,41.936,2007,True,,,36.178,0.0,0.0,1.0
BG,21,2025,1388561.0,14.14377851706504,-0.2662261604483085,,,21,Refining of mineral oil,C19,high,11710.0,0.0329891025697115,,2007,True,,,36.178,0.0,0.0,1.0
CZ,21,2005,996971.0,13.812476961259147,,,,21,Refining of mineral oil,C19,high,16180.0,0.0591964085769252,27.846,2004,True,,,39.958,0.0,0.0,1.0
CZ,21,2006,1105483.0,13.915792901504233,0.1033159402450856,,,21,Refining of mineral oil,C19,high,17200.0,0.061133472189061,27.498,2004,True,,,39.958,0.0,0.0,1.0
CZ,21,2007,1094932.0,13.906202818847804,-0.0095900826564285,,,21,Refining of mineral oil,C19,high,18050.0,0.0482363009594823,24.989,2004,True,,,39.958,0.0,0.0,1.0
CZ,21,2008,1086771.0,13.898721472335836,-0.0074813465119678,,,21,Refining of mineral oil,C19,high,18330.0,0.0153933770727245,27.737,2004,True,,,39.958,0.0,0.0,1.0
CZ,21,2009,979895.0,13.795200702049408,-0.1035207702864298,,,21,Refining of mineral oil,C19,high,17350.0,-0.0549465554587467,26.867,2004,True,,,39.958,0.0,0.0,1.0
CZ,21,2010,1053795.0,13.86790849201272,0.0727077899633137,,,21,Refining of mineral oil,C19,high,17770.0,0.023919135773692,25.38,2004,True,,,39.958,0.0,0.0,1.0
CZ,21,2011,988077.0,13.803515908915886,-0.0643925830968346,,,21,Refining of mineral oil,C19,high,18120.0,0.0195046584482732,28.832,2004,True,,,39.958,0.0,0.0,1.0
CZ,21,2012,951345.0,13.765632051765452,-0.0378838571504331,,,21,Refining of mineral oil,C19,high,17970.0,-0.0083125998193658,25.413,2004,True,,,39.958,0.0,0.0,1.0
CZ,21,2013,819541.0,13.616499706420944,-0.1491323453445083,,,21,Refining of mineral oil,C19,high,17970.0,0.0,27.58,2004,True,,,39.958,0.0,0.0,1.0
CZ,21,2014,913700.0,13.725257568986711,0.108757862565767,,,21,Refining of mineral oil,C19,high,18370.0,0.0220151984315677,30.227,2004,True,,,39.958,0.0,0.0,1.0
CZ,21,2015,925482.0,13.73806996186004,0.0128123928733288,,,21,Refining of mineral oil,C19,high,19270.0,0.0478305831992393,32.089,2004,True,,,39.958,0.0,0.0,1.0
CZ,21,2016,714284.0,13.47903592134018,-0.2590340405198592,,,21,Refining of mineral oil,C19,high,19760.0,0.0251102098934481,32.8,2004,False,,,39.958,0.0,0.0,1.0
CZ,21,2017,995680.0,13.811181199803045,0.332145278462864,,,21,Refining of mineral oil,C19,high,20760.0,0.0493683659779655,37.162,2004,False,,,39.958,0.0,0.0,1.0
CZ,21,2018,922926.0,13.735304336923155,-0.0758768628798893,,,21,Refining of mineral oil,C19,high,21320.0,0.0266175409999558,36.879,2004,False,,,39.958,0.0,0.0,1.0
CZ,21,2019,980700.0,13.796021881380412,0.0607175444572565,,,21,Refining of mineral oil,C19,high,22050.0,0.0336670025952106,40.81,2004,False,,,39.958,0.0,0.0,1.0
CZ,21,2020,804323.0,13.59775620877821,-0.1982656726022025,,,21,Refining of mineral oil,C19,high,20980.0,-0.0497429989247031,38.768,2004,True,,0.25,39.958,0.0,0.0,1.0
CZ,21,2021,957662.0,13.772250176326343,0.1744939675481358,0.25,3.0,21,Refining of mineral oil,C19,high,21830.0,0.039715567593701,39.958,2004,True,,,39.958,0.0,0.0,1.0
CZ,21,2022,901918.0,13.71227888582137,-0.0599712905049756,,,21,Refining of mineral oil,C19,high,21910.0,0.0036579830455227,41.772,2004,True,0.25,,39.958,1.0,39.958,1.0
CZ,21,2023,946111.0,13.760115177302888,0.0478362914815182,,,21,Refining of mineral oil,C19,high,21680.0,-0.01055297703593,41.679,2004,True,,,39.958,1.0,39.958,1.0
CZ,21,2024,879694.0,13.687329398710515,-0.0727857785923724,,,21,Refining of mineral oil,C19,high,21950.0,0.0123769629497356,39.32,2004,True,,,39.958,0.0,0.0,1.0
CZ,21,2025,925128.0,13.737687385299536,0.0503579865890202,,,21,Refining of mineral oil,C19,high,22510.0,0.0251925153974603,,2004,True,,,39.958,0.0,0.0,1.0
DE,21,2005,26370312.0,17.087749389886326,,,,21,Refining of mineral oil,C19,high,35770.0,0.0101152871471139,60.74,EU-15,True,,,63.395,0.0,0.0,0.0
DE,21,2006,25527455.0,17.055265097605457,-0.0324842922808699,,,21,Refining of mineral oil,C19,high,37230.0,0.0400053346136992,60.981,EU-15,True,,,63.395,0.0,0.0,0.0
DE,21,2007,25374008.0,17.049235900965993,-0.0060291966394636,,,21,Refining of mineral oil,C19,high,38390.0,0.0306821211280805,58.516,EU-15,True,,,63.395,0.0,0.0,0.0
DE,21,2008,23582572.0,16.9760185226129,-0.0732173783530925,,,21,Refining of mineral oil,C19,high,38840.0,0.0116536344104183,60.769,EU-15,True,,,63.395,0.0,0.0,0.0
DE,21,2009,22925869.0,16.9477764816043,-0.0282420410085997,,,21,Refining of mineral oil,C19,high,36810.0,-0.0536810960321947,61.103,EU-15,True,,,63.395,0.0,0.0,0.0
DE,21,2010,22271725.0,16.9188284946981,-0.0289479869061999,,,21,Refining of mineral oil,C19,high,38440.0,0.043329036711162,59.992,EU-15,True,,,63.395,0.0,0.0,0.0
DE,21,2011,21756601.0,16.895427763706778,-0.0234007309913231,,,21,Refining of mineral oil,C19,high,39890.0,0.0370270818152231,61.801,EU-15,True,,,63.395,0.0,0.0,0.0
DE,21,2012,21072408.0,16.863475064964543,-0.0319526987422342,,,21,Refining of mineral oil,C19,high,40040.0,0.0037532885297046,61.215,EU-15,True,,,63.395,0.0,0.0,0.0
DE,21,2013,24548765.0,17.016172105440457,0.152697040475914,,,21,Refining of mineral oil,C19,high,40160.0,0.0029925209364538,62.411,EU-15,True,,,63.395,0.0,0.0,0.0
DE,21,2014,23382857.0,16.967513705002794,-0.0486584004376631,,,21,Refining of mineral oil,C19,high,40930.0,0.0189918151208381,61.779,EU-15,True,,,63.395,0.0,0.0,0.0
DE,21,2015,23694616.0,16.980758407301884,0.0132447022990902,,,21,Refining of mineral oil,C19,high,41360.0,0.0104509396958629,62.132,EU-15,True,,,63.395,0.0,0.0,0.0
DE,21,2016,23890174.0,16.988977802657637,0.0082193953557521,,,21,Refining of mineral oil,C19,high,42030.0,0.0160694188168513,63.752,EU-15,False,,,63.395,0.0,0.0,0.0
DE,21,2017,23643929.0,16.978616938045896,-0.0103608646117407,,,21,Refining of mineral oil,C19,high,43160.0,0.0265304913729078,63.959,EU-15,False,,,63.395,0.0,0.0,0.0
DE,21,2018,22585575.0,16.93282198612245,-0.0457949519234475,,,21,Refining of mineral oil,C19,high,43630.0,0.0108308467455842,63.478,EU-15,False,,,63.395,0.0,0.0,0.0
DE,21,2019,22156016.0,16.913619620286884,-0.0192023658355644,,,21,Refining of mineral oil,C19,high,44080.0,0.0102611777091414,67.055,EU-15,False,,,63.395,0.0,0.0,0.0
DE,21,2020,21480022.0,16.88263385181298,-0.0309857684739043,,,21,Refining of mineral oil,C19,high,42350.0,-0.0400377437465948,63.676,EU-15,True,,0.8158,63.395,0.0,0.0,0.0
DE,21,2021,21398094.0,16.878812410604958,-0.0038214412080215,0.8158,3.0,21,Refining of mineral oil,C19,high,44090.0,0.0402645782717829,63.395,EU-15,True,,,63.395,0.0,0.0,0.0
DE,21,2022,22337081.0,16.921758680579433,0.0429462699744753,,,21,Refining of mineral oil,C19,high,44620.0,0.0119491896345387,68.652,EU-15,True,0.8158,,63.395,1.0,63.395,0.0
DE,21,2023,20052218.0,16.813850329039926,-0.1079083515395069,,,21,Refining of mineral oil,C19,high,43770.0,-0.0192335378015826,66.831,EU-15,True,,0.8772,63.395,1.0,63.395,0.0
DE,21,2024,20618094.0,16.84167959775117,0.027829268711244,0.8772,4.0,21,Refining of mineral oil,C19,high,43650.0,-0.0027453689171927,66.812,EU-15,True,,0.9348,63.395,0.0,0.0,0.0
DE,21,2025,19709616.0,16.79661719644292,-0.0450624013082503,0.9348,3.0,21,Refining of mineral oil,C19,high,43750.0,0.002288330518013,,EU-15,True,0.8772,,63.395,0.0,0.0,0.0
DK,21,2005,924181.0,13.736663218886267,,,,21,Refining of mineral oil,C19,high,49780.0,0.0204979272174856,-50.618,EU-15,True,,,32.225,0.0,0.0,0.0
DK,21,2006,953340.0,13.767726887110468,0.0310636682242009,,,21,Refining of mineral oil,C19,high,51510.0,0.0341626666380481,-35.492,EU-15,True,,,32.225,0.0,0.0,0.0
DK,21,2007,960849.0,13.77557254761486,0.0078456605043903,,,21,Refining of mineral oil,C19,high,51790.0,0.0054211168583062,-24.247,EU-15,True,,,32.225,0.0,0.0,0.0
DK,21,2008,916113.0,13.72789499849316,-0.0476775491216976,,,21,Refining of mineral oil,C19,high,51270.0,-0.0100912946401923,-21.129,EU-15,True,,,32.225,0.0,0.0,0.0
DK,21,2009,927494.0,13.740241604440108,0.0123466059469468,,,21,Refining of mineral oil,C19,high,48460.0,-0.0563670704072283,-18.8,EU-15,True,,,32.225,0.0,0.0,0.0
DK,21,2010,875212.0,13.682221421707592,-0.0580201827325144,,,21,Refining of mineral oil,C19,high,49010.0,0.0112856435330765,-16.235,EU-15,True,,,32.225,0.0,0.0,0.0
DK,21,2011,855276.0,13.659179502845468,-0.0230419188621269,,,21,Refining of mineral oil,C19,high,49440.0,0.0087354542279776,-6.315,EU-15,True,,,32.225,0.0,0.0,0.0
DK,21,2012,948991.0,13.763154593880076,0.1039750910346093,,,21,Refining of mineral oil,C19,high,49260.0,-0.0036474204570424,-3.175,EU-15,True,,,32.225,0.0,0.0,0.0
DK,21,2013,930478.0,13.743453711582358,-0.0197008822977178,,,21,Refining of mineral oil,C19,high,49750.0,0.0098980709122091,12.312,EU-15,True,,,32.225,0.0,0.0,0.0
DK,21,2014,943464.0,13.757313487259928,0.0138597756775702,,,21,Refining of mineral oil,C19,high,50110.0,0.0072101253670329,12.225,EU-15,True,,,32.225,0.0,0.0,0.0
DK,21,2015,990980.0,13.80644963147376,0.0491361442138327,,,21,Refining of mineral oil,C19,high,50810.0,0.0138725966340071,13.078,EU-15,True,,,32.225,0.0,0.0,0.0
DK,21,2016,885080.0,13.693433315384867,-0.1130163160888937,,,21,Refining of mineral oil,C19,high,51950.0,0.0221885319395944,13.57,EU-15,False,,,32.225,0.0,0.0,0.0
DK,21,2017,947335.0,13.761408058293943,0.0679747429090777,,,21,Refining of mineral oil,C19,high,53200.0,0.0237766788023634,11.344,EU-15,False,,,32.225,0.0,0.0,0.0
DK,21,2018,920522.0,13.732696179423986,-0.0287118788699594,,,21,Refining of mineral oil,C19,high,53920.0,0.0134430702564518,22.704,EU-15,False,,,32.225,0.0,0.0,0.0
DK,21,2019,973439.0,13.788590441327802,0.0558942619038163,,,21,Refining of mineral oil,C19,high,54630.0,0.0130817158035743,38.882,EU-15,False,,,32.225,0.0,0.0,0.0
DK,21,2020,931660.0,13.744723220242562,-0.0438672210852395,,,21,Refining of mineral oil,C19,high,53540.0,-0.0201541443154198,44.89,EU-15,True,,0.7893000000000001,32.225,0.0,0.0,0.0
DK,21,2021,961078.0,13.775810850111348,0.0310876298687841,0.7893000000000001,3.0,21,Refining of mineral oil,C19,high,56780.0,0.0587551129526193,32.225,EU-15,True,,1.0,32.225,0.0,0.0,0.0
DK,21,2022,929632.0,13.74254408789523,-0.0332667622161171,1.0,4.0,21,Refining of mineral oil,C19,high,56530.0,-0.0044126803576247,43.142,EU-15,True,0.7893000000000001,0.4982999999999999,32.225,1.0,32.225,0.0
DK,21,2023,928199.0,13.741001428434611,-0.0015426594606164,0.4982999999999999,3.0,21,Refining of mineral oil,C19,high,56770.0,0.0042365464954343,39.705,EU-15,True,1.0,1.0,32.225,1.0,32.225,0.0
DK,21,2024,883175.0,13.69127864794492,-0.0497227804896915,1.0,4.0,21,Refining of mineral oil,C19,high,58670.0,0.0329205057551345,38.229,EU-15,True,0.4982999999999999,,32.225,0.0,0.0,0.0
DK,21,2025,929338.0,13.742227783702637,0.0509491357577154,,,21,Refining of mineral oil,C19,high,60390.0,0.02889500538204,,EU-15,True,1.0,,32.225,0.0,0.0,0.0
EE,21,2005,70298.0,11.160498627891927,,,,21,Refining of mineral oil,C19,high,15400.0,0.0967397726139207,26.878,2004,True,,,1.412,0.0,0.0,1.0
EE,21,2006,69513.0,11.149269064420858,-0.011229563471069,,,21,Refining of mineral oil,C19,high,17010.0,0.0994338969881862,30.03,2004,True,,,1.412,0.0,0.0,1.0
EE,21,2007,53129.0,10.880478197509904,-0.2687908669109529,,,21,Refining of mineral oil,C19,high,18400.0,0.07854925820717,24.288,2004,True,,,1.412,0.0,0.0,1.0
EE,21,2008,54905.0,10.913359698031812,0.032881500521908,,,21,Refining of mineral oil,C19,high,17510.0,-0.0495785183171797,27.215,2004,True,,,1.412,0.0,0.0,1.0
EE,21,2009,39198.0,10.576381004068804,-0.3369786939630081,,,21,Refining of mineral oil,C19,high,14980.0,-0.1560561682086874,27.175,2004,True,,,1.412,0.0,0.0,1.0
EE,21,2010,49996.0,10.819698281210112,0.2433172771413065,,,21,Refining of mineral oil,C19,high,15380.0,0.0263519859884251,14.68,2004,True,,,1.412,0.0,0.0,1.0
EE,21,2011,252442.0,12.438936798341487,1.6192385171313752,,,21,Refining of mineral oil,C19,high,16590.0,0.0757321401248543,13.646,2004,True,,,1.412,0.0,0.0,1.0
EE,21,2012,212597.0,12.267153633783838,-0.1717831645576488,,,21,Refining of mineral oil,C19,high,17260.0,0.0395915814529281,20.648,2004,True,,,1.412,0.0,0.0,1.0
EE,21,2013,666076.0,13.40915905712612,1.1420054233422814,,,21,Refining of mineral oil,C19,high,17630.0,0.0212103107544976,14.522,2004,True,,,1.412,0.0,0.0,1.0
EE,21,2014,922809.0,13.735177558160052,0.3260185010339338,,,21,Refining of mineral oil,C19,high,18280.0,0.0362055696162251,11.562,2004,True,,,1.412,0.0,0.0,1.0
EE,21,2015,1223359.0,14.017110912068976,0.2819333539089239,,,21,Refining of mineral oil,C19,high,18650.0,0.0200385800638205,11.182,2004,True,,,1.412,0.0,0.0,1.0
EE,21,2016,1300912.0,14.078576114930224,0.0614652028612479,,,21,Refining of mineral oil,C19,high,19190.0,0.0285431639297844,8.069,2004,False,,,1.412,0.0,0.0,1.0
EE,21,2017,1512893.0,14.229534269846685,0.1509581549164593,,,21,Refining of mineral oil,C19,high,20270.0,0.0547526504442998,4.584,2004,False,,,1.412,0.0,0.0,1.0
EE,21,2018,1603842.0,14.287912558816137,0.0583782889694521,,,21,Refining of mineral oil,C19,high,20970.0,0.0339508844499203,1.229,2004,False,,,1.412,0.0,0.0,1.0
EE,21,2019,1663747.0,14.32458284553431,0.0366702867181736,,,21,Refining of mineral oil,C19,high,21650.0,0.03191260953467,4.724,2004,False,,,1.412,0.0,0.0,1.0
EE,21,2020,1608677.0,14.290922660017536,-0.0336601855167746,,,21,Refining of mineral oil,C19,high,20960.0,-0.0323895949956583,10.528,2004,True,,,1.412,0.0,0.0,1.0
EE,21,2021,1595268.0,14.28255230516482,-0.0083703548527171,,,21,Refining of mineral oil,C19,high,22670.0,0.0784266050665962,1.412,2004,True,,,1.412,0.0,0.0,1.0
EE,21,2022,1602972.0,14.287369964190228,0.0048176590254094,,,21,Refining of mineral oil,C19,high,22800.0,0.0057180714409579,6.159,2004,True,,0.0,1.412,1.0,1.412,1.0
EE,21,2023,1960729.0,14.48882690083013,0.2014569366399019,0.0,3.0,21,Refining of mineral oil,C19,high,21580.0,-0.054993576130407,3.471,2004,True,,0.6667000000000001,1.412,1.0,1.412,1.0
EE,21,2024,1800947.0,14.403823195629576,-0.0850037052005543,0.6667000000000001,4.0,21,Refining of mineral oil,C19,high,21470.0,-0.0051103479392988,4.622,2004,True,0.0,0.6667000000000001,1.412,0.0,0.0,1.0
EE,21,2025,1701472.0,14.34700431671952,-0.0568188789100556,0.6667000000000001,3.0,21,Refining of mineral oil,C19,high,21820.0,0.0161703685142349,,2004,True,0.6667000000000001,,1.412,0.0,0.0,1.0
EL,21,2005,3637235.0,15.106734335574355,,,,21,Refining of mineral oil,C19,high,19590.0,0.0087157690932713,68.204,EU-15,True,,,73.819,0.0,0.0,0.0
EL,21,2006,4303109.0,15.274848342664212,0.1681140070898568,,,21,Refining of mineral oil,C19,high,20790.0,0.0594528699134713,71.419,EU-15,True,,,73.819,0.0,0.0,0.0
EL,21,2007,4368268.0,15.289877149836071,0.0150288071718609,,,21,Refining of mineral oil,C19,high,21470.0,0.0321845100207678,70.858,EU-15,True,,,73.819,0.0,0.0,0.0
EL,21,2008,4154603.0,15.239727434173636,-0.050149715662437,,,21,Refining of mineral oil,C19,high,21420.0,-0.0023315468710869,72.915,EU-15,True,,,73.819,0.0,0.0,0.0
EL,21,2009,3979497.0,15.196665987364206,-0.0430614468094301,,,21,Refining of mineral oil,C19,high,20490.0,-0.044388102768794,67.341,EU-15,True,,,73.819,0.0,0.0,0.0
EL,21,2010,4017632.0,15.20620323230794,0.0095372449437327,,,21,Refining of mineral oil,C19,high,19300.0,-0.0598318663399677,68.584,EU-15,True,,,73.819,0.0,0.0,0.0
EL,21,2011,3655978.0,15.111874194032602,-0.0943290382753367,,,21,Refining of mineral oil,C19,high,17420.0,-0.102486124486484,64.677,EU-15,True,,,73.819,0.0,0.0,0.0
EL,21,2012,3875568.0,15.170202790672851,0.0583285966402513,,,21,Refining of mineral oil,C19,high,16050.0,-0.0819101218483311,65.889,EU-15,True,,,73.819,0.0,0.0,0.0
EL,21,2013,5372270.0,15.496761095972817,0.3265583052999634,,,21,Refining of mineral oil,C19,high,15800.0,-0.0156989095431043,61.75,EU-15,True,,,73.819,0.0,0.0,0.0
EL,21,2014,5653216.0,15.547735144727556,0.0509740487547407,,,21,Refining of mineral oil,C19,high,16030.0,0.0144520265885415,65.455,EU-15,True,,,73.819,0.0,0.0,0.0
EL,21,2015,5517482.0,15.523432154760629,-0.0243029899669284,,,21,Refining of mineral oil,C19,high,16100.0,0.0043573053689556,71.047,EU-15,True,,,73.819,0.0,0.0,0.0
EL,21,2016,5879297.0,15.586947754904074,0.0635156001434449,,,21,Refining of mineral oil,C19,high,16160.0,0.0037197811025322,72.911,EU-15,False,,,73.819,0.0,0.0,0.0
EL,21,2017,5468660.0,15.514544171809783,-0.0724035830942888,,,21,Refining of mineral oil,C19,high,16430.0,0.0165698789562274,71.282,EU-15,False,,,73.819,0.0,0.0,0.0
EL,21,2018,5786481.0,15.571034892760167,0.0564907209503839,,,21,Refining of mineral oil,C19,high,16810.0,0.0228650153713463,70.681,EU-15,False,,,73.819,0.0,0.0,0.0
EL,21,2019,5364430.0,15.495300684227416,-0.0757342085327543,,,21,Refining of mineral oil,C19,high,17210.0,0.0235166628029244,74.103,EU-15,False,,,73.819,0.0,0.0,0.0
EL,21,2020,5247998.0,15.473357228508428,-0.0219434557189863,,,21,Refining of mineral oil,C19,high,15660.0,-0.0943809196607912,81.415,EU-15,True,,0.1667,73.819,0.0,0.0,0.0
EL,21,2021,5876502.0,15.586472244893624,0.1131150163851959,0.1667,3.0,21,Refining of mineral oil,C19,high,17110.0,0.0885533973414443,73.819,EU-15,True,,0.2857,73.819,0.0,0.0,0.0
EL,21,2022,5902182.0,15.590832671013976,0.0043604261203515,0.2857,4.0,21,Refining of mineral oil,C19,high,18160.0,0.0595582852690466,79.506,EU-15,True,0.1667,0.2857,73.819,1.0,73.819,0.0
EL,21,2023,5872376.0,15.585769879924031,-0.0050627910899443,0.2857,3.0,21,Refining of mineral oil,C19,high,18600.0,0.0239402075460084,75.447,EU-15,True,0.2857,0.5714,73.819,1.0,73.819,0.0
EL,21,2024,6033604.0,15.612855068440131,0.0270851885161018,0.5714,4.0,21,Refining of mineral oil,C19,high,19020.0,0.0223294763980881,77.714,EU-15,True,0.2857,,73.819,0.0,0.0,0.0
EL,21,2025,5758334.0,15.566158754724132,-0.0466963137160014,,,21,Refining of mineral oil,C19,high,19400.0,0.0197820089520384,,EU-15,True,0.5714,,73.819,0.0,0.0,0.0
ES,21,2005,14786977.0,16.509257418934112,,,,21,Refining of mineral oil,C19,high,25000.0,0.0165359686400989,81.534,EU-15,True,,,69.38,0.0,0.0,0.0
ES,21,2006,14836807.0,16.512621610827836,0.0033641918937235,,,21,Refining of mineral oil,C19,high,25600.0,0.0237165266173153,81.304,EU-15,True,,,69.38,0.0,0.0,0.0
ES,21,2007,14465162.0,16.4872536957766,-0.025367915051234,,,21,Refining of mineral oil,C19,high,25990.0,0.0151194971678823,79.56,EU-15,True,,,69.38,0.0,0.0,0.0
ES,21,2008,13929338.0,16.44950782129578,-0.037745874480823,,,21,Refining of mineral oil,C19,high,25760.0,-0.0088889474172457,81.605,EU-15,True,,,69.38,0.0,0.0,0.0
ES,21,2009,13037520.0,16.383341912326422,-0.0661659089693564,,,21,Refining of mineral oil,C19,high,24590.0,-0.0464830450080508,79.549,EU-15,True,,,69.38,0.0,0.0,0.0
ES,21,2010,12570228.0,16.346841718826752,-0.0365001934996698,,,21,Refining of mineral oil,C19,high,24510.0,-0.0032586586880807,77.003,EU-15,True,,,69.38,0.0,0.0,0.0
ES,21,2011,13368609.0,16.40841990477266,0.0615781859459083,,,21,Refining of mineral oil,C19,high,24260.0,-0.0102522940241165,76.012,EU-15,True,,,69.38,0.0,0.0,0.0
ES,21,2012,14392750.0,16.48223516553931,0.0738152607666506,,,21,Refining of mineral oil,C19,high,23560.0,-0.0292785447325183,72.798,EU-15,True,,,69.38,0.0,0.0,0.0
ES,21,2013,14242398.0,16.47173384864701,-0.0105013168923022,,,21,Refining of mineral oil,C19,high,23310.0,-0.0106679057357208,69.997,EU-15,True,,,69.38,0.0,0.0,0.0
ES,21,2014,14087575.0,16.460803761184675,-0.0109300874623343,,,21,Refining of mineral oil,C19,high,23730.0,0.017857617400006,72.557,EU-15,True,,,69.38,0.0,0.0,0.0
ES,21,2015,14351173.0,16.479342238989474,0.0185384778047996,,,21,Refining of mineral oil,C19,high,24720.0,0.0408725621418195,72.741,EU-15,True,,,69.38,0.0,0.0,0.0
ES,21,2016,14289811.0,16.475057323786395,-0.0042849152030797,,,21,Refining of mineral oil,C19,high,25420.0,0.0279236331718166,71.486,EU-15,False,,,69.38,0.0,0.0,0.0
ES,21,2017,14004119.0,16.45486205859271,-0.0201952651936849,,,21,Refining of mineral oil,C19,high,26110.0,0.0267821169497306,73.886,EU-15,False,,,69.38,0.0,0.0,0.0
ES,21,2018,14199654.0,16.468728156077447,0.0138660974847368,,,21,Refining of mineral oil,C19,high,26620.0,0.0193444302559271,73.613,EU-15,False,,,69.38,0.0,0.0,0.0
ES,21,2019,13693425.0,16.432426348589228,-0.0363018074882184,,,21,Refining of mineral oil,C19,high,26930.0,0.0115780938565421,75.034,EU-15,False,,,69.38,0.0,0.0,0.0
ES,21,2020,12539845.0,16.344421732646087,-0.0880046159431415,,,21,Refining of mineral oil,C19,high,23850.0,-0.1214566894891575,67.892,EU-15,True,,,69.38,0.0,0.0,0.0
ES,21,2021,12768480.0,16.36249019195005,0.018068459303965,,,21,Refining of mineral oil,C19,high,25440.0,0.064538521137571,69.38,EU-15,True,,,69.38,0.0,0.0,0.0
ES,21,2022,13577339.0,16.423912710967766,0.0614225190177144,,,21,Refining of mineral oil,C19,high,26820.0,0.0528251393816106,74.202,EU-15,True,,,69.38,1.0,69.38,0.0
ES,21,2023,12762278.0,16.362004346592702,-0.0619083643750641,,,21,Refining of mineral oil,C19,high,27150.0,0.0122291685264119,68.261,EU-15,True,,1.0,69.38,1.0,69.38,0.0
ES,21,2024,13060145.0,16.385075784354296,0.0230714377615939,1.0,4.0,21,Refining of mineral oil,C19,high,27800.0,0.0236589743166479,68.871,EU-15,True,,1.0,69.38,0.0,0.0,0.0
ES,21,2025,12837143.0,16.367853323679398,-0.0172224606748976,1.0,3.0,21,Refining of mineral oil,C19,high,28320.0,0.0185322481289276,,EU-15,True,1.0,,69.38,0.0,0.0,0.0
FI,21,2005,2660894.0,14.794172714517778,,,,21,Refining of mineral oil,C19,high,40680.0,0.023881732003387,54.459,EU-15,True,,,37.933,0.0,0.0,0.0
FI,21,2006,2820834.0,14.85254314387131,0.0583704293535323,,,21,Refining of mineral oil,C19,high,42150.0,0.0354981132675042,54.073,EU-15,True,,,37.933,0.0,0.0,0.0
FI,21,2007,3167151.0,14.968343003575823,0.1157998597045146,,,21,Refining of mineral oil,C19,high,44210.0,0.0477163233902881,53.32,EU-15,True,,,37.933,0.0,0.0,0.0
FI,21,2008,3398489.0,15.038841479041508,0.0704984754656834,,,21,Refining of mineral oil,C19,high,44350.0,0.0031617009174365,54.483,EU-15,True,,,37.933,0.0,0.0,0.0
FI,21,2009,3468966.0,15.05936712480844,0.0205256457669307,,,21,Refining of mineral oil,C19,high,40570.0,-0.0890838315372324,54.795,EU-15,True,,,37.933,0.0,0.0,0.0
FI,21,2010,3310397.0,15.012578679738107,-0.0467884450703302,,,21,Refining of mineral oil,C19,high,41660.0,0.0265125586144705,48.852,EU-15,True,,,37.933,0.0,0.0,0.0
FI,21,2011,3359069.0,15.027174410211376,0.0145957304732657,,,21,Refining of mineral oil,C19,high,42460.0,0.0190210204422829,53.897,EU-15,True,,,37.933,0.0,0.0,0.0
FI,21,2012,3133843.0,14.957770604918956,-0.0694038052924188,,,21,Refining of mineral oil,C19,high,41620.0,-0.0199816353096213,47.103,EU-15,True,,,37.933,0.0,0.0,0.0
FI,21,2013,3214522.0,14.983189226528635,0.0254186216096812,,,21,Refining of mineral oil,C19,high,41020.0,-0.0145210683212528,49.64,EU-15,True,,,37.933,0.0,0.0,0.0
FI,21,2014,3083734.0,14.941651758324202,-0.0415374682044351,,,21,Refining of mineral oil,C19,high,40650.0,-0.0090609166504158,49.89,EU-15,True,,,37.933,0.0,0.0,0.0
FI,21,2015,2909575.0,14.883517580371644,-0.0581341779525566,,,21,Refining of mineral oil,C19,high,40700.0,0.0012292564547298,47.901,EU-15,True,,,37.933,0.0,0.0,0.0
FI,21,2016,3240705.0,14.99130145669127,0.1077838763196243,,,21,Refining of mineral oil,C19,high,41640.0,0.0228331512982187,46.104,EU-15,False,,,37.933,0.0,0.0,0.0
FI,21,2017,3298474.0,15.008970495243222,0.0176690385519524,,,21,Refining of mineral oil,C19,high,42910.0,0.0300436552566658,43.868,EU-15,False,,,37.933,0.0,0.0,0.0
FI,21,2018,3168344.0,14.968719611880022,-0.0402508833631998,,,21,Refining of mineral oil,C19,high,43360.0,0.0104324581279566,45.23,EU-15,False,,,37.933,0.0,0.0,0.0
FI,21,2019,3301425.0,15.009864751411888,0.0411451395318653,,,21,Refining of mineral oil,C19,high,43910.0,0.0126047274422358,42.894,EU-15,False,,,37.933,0.0,0.0,0.0
FI,21,2020,3056496.0,14.932779719763657,-0.0770850316482327,,,21,Refining of mineral oil,C19,high,42740.0,-0.0270068346826253,43.031,EU-15,True,,,37.933,0.0,0.0,0.0
FI,21,2021,2565250.0,14.757566497724456,-0.1752132220391988,,,21,Refining of mineral oil,C19,high,43800.0,0.0244985674913991,37.933,EU-15,True,,,37.933,0.0,0.0,0.0
FI,21,2022,2737356.0,14.822503048983595,0.0649365512591391,,,21,Refining of mineral oil,C19,high,44010.0,0.0047830634406,40.919,EU-15,True,,,37.933,1.0,37.933,0.0
FI,21,2023,2768570.0,14.833841499375575,0.01133845039198,,,21,Refining of mineral oil,C19,high,43280.0,-0.0167262462847741,29.709,EU-15,True,,,37.933,1.0,37.933,0.0
FI,21,2024,2067148.0,14.541680437455272,-0.2921610619203036,,,21,Refining of mineral oil,C19,high,43330.0,0.0011546012135923,32.973,EU-15,True,,,37.933,0.0,0.0,0.0
FI,21,2025,2447257.0,14.710478363473044,0.1687979260177723,,,21,Refining of mineral oil,C19,high,43450.0,0.0027656159595821,,EU-15,True,,,37.933,0.0,0.0,0.0
FR,21,2005,17335054.0,16.668241252181495,,,,21,Refining of mineral oil,C19,high,33680.0,0.0113467923877266,51.698,EU-15,True,,,44.036,0.0,0.0,0.0
FR,21,2006,17657068.0,16.686646714441363,0.0184054622598672,,,21,Refining of mineral oil,C19,high,34360.0,0.0199889077419292,51.518,EU-15,True,,,44.036,0.0,0.0,0.0
FR,21,2007,17732070.0,16.69088542250453,0.0042387080631662,,,21,Refining of mineral oil,C19,high,35010.0,0.0187406378505201,50.42,EU-15,True,,,44.036,0.0,0.0,0.0
FR,21,2008,17879271.0,16.69915255506637,0.0082671325618406,,,21,Refining of mineral oil,C19,high,34960.0,-0.0014291841792406,50.748,EU-15,True,,,44.036,0.0,0.0,0.0
FR,21,2009,16889637.0,16.64221079654592,-0.0569417585204483,,,21,Refining of mineral oil,C19,high,33800.0,-0.0337437482983613,50.652,EU-15,True,,,44.036,0.0,0.0,0.0
FR,21,2010,15114499.0,16.531165039764783,-0.111045756781138,,,21,Refining of mineral oil,C19,high,34310.0,0.0149760543813854,48.668,EU-15,True,,,44.036,0.0,0.0,0.0
FR,21,2011,14459301.0,16.4868484332775,-0.0443166064872819,,,21,Refining of mineral oil,C19,high,34990.0,0.0196254495092382,49.012,EU-15,True,,,44.036,0.0,0.0,0.0
FR,21,2012,11963425.0,16.297364636727803,-0.1894837965496982,,,21,Refining of mineral oil,C19,high,34880.0,-0.0031487073388181,48.133,EU-15,True,,,44.036,0.0,0.0,0.0
FR,21,2013,11656601.0,16.271383186955525,-0.0259814497722778,,,21,Refining of mineral oil,C19,high,34990.0,0.0031487073388181,47.934,EU-15,True,,,44.036,0.0,0.0,0.0
FR,21,2014,11564639.0,16.263462638288022,-0.0079205486675029,,,21,Refining of mineral oil,C19,high,35150.0,0.004562311877077,46.215,EU-15,True,,,44.036,0.0,0.0,0.0
FR,21,2015,11102567.0,16.22268690080706,-0.0407757374809634,,,21,Refining of mineral oil,C19,high,35370.0,0.0062393849607165,45.895,EU-15,True,,,44.036,0.0,0.0,0.0
FR,21,2016,10886461.0,16.2030304650495,-0.0196564357575574,,,21,Refining of mineral oil,C19,high,35540.0,0.0047948195091152,47.327,EU-15,False,,,44.036,0.0,0.0,0.0
FR,21,2017,10288451.0,16.146532561979264,-0.0564979030702375,,,21,Refining of mineral oil,C19,high,36140.0,0.0167414624375776,48.703,EU-15,False,,,44.036,0.0,0.0,0.0
FR,21,2018,9800198.0,16.097913147518334,-0.0486194144609299,,,21,Refining of mineral oil,C19,high,36570.0,0.0118279469972062,46.735,EU-15,False,,,44.036,0.0,0.0,0.0
FR,21,2019,9385444.0,16.05467053642018,-0.0432426110981545,,,21,Refining of mineral oil,C19,high,37160.0,0.0160046817843486,47.584,EU-15,False,,,44.036,0.0,0.0,0.0
FR,21,2020,7836632.0,15.874319708188848,-0.1803508282313313,,,21,Refining of mineral oil,C19,high,34230.0,-0.082130461403544,44.424,EU-15,True,,,44.036,0.0,0.0,0.0
FR,21,2021,7192233.0,15.788512251716716,-0.085807456472132,,,21,Refining of mineral oil,C19,high,36460.0,0.0631133167084225,44.036,EU-15,True,,,44.036,0.0,0.0,0.0
FR,21,2022,7184502.0,15.78743676402842,-0.0010754876882952,,,21,Refining of mineral oil,C19,high,37280.0,0.0222412205668742,51.819,EU-15,True,,,44.036,1.0,44.036,0.0
FR,21,2023,7772770.0,15.866137158169533,0.0787003941411121,,,21,Refining of mineral oil,C19,high,37730.0,0.0119985441588283,44.773,EU-15,True,,,44.036,1.0,44.036,0.0
FR,21,2024,7595049.0,15.8430071456041,-0.0231300125654314,,,21,Refining of mineral oil,C19,high,38180.0,0.0118562843213823,41.672,EU-15,True,,,44.036,0.0,0.0,0.0
FR,21,2025,6026271.0,15.611638969450098,-0.2313681761540031,,,21,Refining of mineral oil,C19,high,38360.0,0.0047034317176368,,EU-15,True,,,44.036,0.0,0.0,0.0
HR,21,2013,1328739.0,14.099740930146831,,,,21,Refining of mineral oil,C19,high,11340.0,0.0061919702479222,47.436,2013,True,,,54.539,0.0,0.0,1.0
HR,21,2014,1210101.0,14.006214385163789,-0.0935265449830442,,,21,Refining of mineral oil,C19,high,11370.0,0.0026420094628374,44.206,2013,True,,,54.539,0.0,0.0,1.0
HR,21,2015,1319967.0,14.093117294250048,0.0869029090862607,,,21,Refining of mineral oil,C19,high,11760.0,0.0337256347080359,48.791,2013,True,,,54.539,0.0,0.0,1.0
HR,21,2016,1301702.0,14.079183196905705,-0.0139340973443449,,,21,Refining of mineral oil,C19,high,12320.0,0.0465200156348935,48.43,2013,False,,,54.539,0.0,0.0,1.0
HR,21,2017,1343886.0,14.11107597503912,0.0318927781334164,,,21,Refining of mineral oil,C19,high,12910.0,0.0467782467531776,53.157,2013,False,,,54.539,0.0,0.0,1.0
HR,21,2018,1316700.0,14.090639164344434,-0.0204368106946848,,,21,Refining of mineral oil,C19,high,13460.0,0.0417201193580307,52.695,2013,False,,,54.539,0.0,0.0,1.0
HR,21,2019,1016922.0,13.832290975924204,-0.2583481884202303,,,21,Refining of mineral oil,C19,high,14020.0,0.0407625573898613,56.216,2013,False,,,54.539,0.0,0.0,1.0
HR,21,2020,806029.0,13.599875000990378,-0.2324159749338257,,,21,Refining of mineral oil,C19,high,12980.0,-0.0770751703304988,53.564,2013,True,,,54.539,0.0,0.0,1.0
HR,21,2021,733819.0,13.506017683181902,-0.0938573178084762,,,21,Refining of mineral oil,C19,high,14750.0,0.1278333715098849,54.539,2013,True,,,54.539,0.0,0.0,1.0
HR,21,2022,698532.0,13.456736269085056,-0.0492814140968462,,,21,Refining of mineral oil,C19,high,15900.0,0.0750760264403567,60.303,2013,True,,,54.539,1.0,54.539,1.0
HR,21,2023,678325.0,13.427381803102977,-0.0293544659820792,,,21,Refining of mineral oil,C19,high,16490.0,0.0364350273453215,55.721,2013,True,,,54.539,1.0,54.539,1.0
HR,21,2024,663741.0,13.405647292124325,-0.0217345109786535,,,21,Refining of mineral oil,C19,high,17060.0,0.0339824054920256,59.929,2013,True,,,54.539,0.0,0.0,1.0
HR,21,2025,915840.0,13.727596955910167,0.3219496637858459,,,21,Refining of mineral oil,C19,high,17590.0,0.0305940166859333,,2013,True,,,54.539,0.0,0.0,1.0
IE,21,2005,411369.0,12.927245900906824,,,,21,Refining of mineral oil,C19,high,47240.0,0.0333615357539809,89.647,EU-15,True,,,76.997,0.0,0.0,0.0
IE,21,2006,376666.0,12.839114132107342,-0.0881317687994815,,,21,Refining of mineral oil,C19,high,48320.0,0.0226045622973991,90.745,EU-15,True,,,76.997,0.0,0.0,0.0
IE,21,2007,360331.0,12.794778332446608,-0.0443357996607343,,,21,Refining of mineral oil,C19,high,49380.0,0.0216999302904739,87.548,EU-15,True,,,76.997,0.0,0.0,0.0
IE,21,2008,366959.0,12.813005404174689,0.018227071728079,,,21,Refining of mineral oil,C19,high,46160.0,-0.0674318617171891,89.991,EU-15,True,,,76.997,0.0,0.0,0.0
IE,21,2009,314976.0,12.66025172442894,-0.1527536797457482,,,21,Refining of mineral oil,C19,high,43390.0,-0.0618846223895861,87.797,EU-15,True,,,76.997,0.0,0.0,0.0
IE,21,2010,310211.0,12.645007990088756,-0.0152437343401814,,,21,Refining of mineral oil,C19,high,43920.0,0.0121407973910159,87.462,EU-15,True,,,76.997,0.0,0.0,0.0
IE,21,2011,285226.0,12.561037127462455,-0.0839708626263018,,,21,Refining of mineral oil,C19,high,44450.0,0.0119951647586393,90.312,EU-15,True,,,76.997,0.0,0.0,0.0
IE,21,2012,313366.0,12.655127115463015,0.0940899880005616,,,21,Refining of mineral oil,C19,high,44090.0,-0.0081319625900668,83.677,EU-15,True,,,76.997,0.0,0.0,0.0
IE,21,2013,294315.0,12.592405901322312,-0.0627212141407049,,,21,Refining of mineral oil,C19,high,44830.0,0.0166445587975001,91.506,EU-15,True,,,76.997,0.0,0.0,0.0
IE,21,2014,279270.0,12.539934334778644,-0.0524715665436676,,,21,Refining of mineral oil,C19,high,48700.0,0.0828014719211971,86.012,EU-15,True,,,76.997,0.0,0.0,0.0
IE,21,2015,358459.0,12.789569567070153,0.2496352322915083,,,21,Refining of mineral oil,C19,high,60150.0,0.2111624123321434,88.653,EU-15,True,,,76.997,0.0,0.0,0.0
IE,21,2016,313412.0,12.655273897896617,-0.1342956691735377,,,21,Refining of mineral oil,C19,high,60160.0,0.0001662372208972,68.951,EU-15,False,,,76.997,0.0,0.0,0.0
IE,21,2017,310947.0,12.647377758632144,-0.0078961392644725,,,21,Refining of mineral oil,C19,high,65290.0,0.0818312055569574,66.021,EU-15,False,,,76.997,0.0,0.0,0.0
IE,21,2018,321932.0,12.68209562210066,0.0347178634685167,,,21,Refining of mineral oil,C19,high,69310.0,0.059750310731351,67.576,EU-15,False,,,76.997,0.0,0.0,0.0
IE,21,2019,274295.0,12.521959448542278,-0.1601361735583815,,,21,Refining of mineral oil,C19,high,71640.0,0.0330643812626174,68.673,EU-15,False,,,76.997,0.0,0.0,0.0
IE,21,2020,300762.0,12.614074533290308,0.0921150847480305,,,21,Refining of mineral oil,C19,high,75620.0,0.0540672212702766,71.125,EU-15,True,,0.0,76.997,0.0,0.0,0.0
IE,21,2021,294148.0,12.591838321017404,-0.0222362122729045,0.0,3.0,21,Refining of mineral oil,C19,high,87150.0,0.1419099735032425,76.997,EU-15,True,,,76.997,0.0,0.0,0.0
IE,21,2022,308081.0,12.638118014393676,0.0462796933762721,,,21,Refining of mineral oil,C19,high,92300.0,0.0574133695427754,79.086,EU-15,True,0.0,0.5,76.997,1.0,76.997,0.0
IE,21,2023,286922.0,12.56696568080021,-0.0711523335934654,0.5,3.0,21,Refining of mineral oil,C19,high,87630.0,-0.0519207364410458,77.761,EU-15,True,,1.0,76.997,1.0,76.997,0.0
IE,21,2024,209799.0,12.253905208488742,-0.3130604723114683,1.0,4.0,21,Refining of mineral oil,C19,high,89300.0,0.0188780828146928,79.533,EU-15,True,0.5,1.0,76.997,0.0,0.0,0.0
IE,21,2025,291879.0,12.58409461180818,0.330189403319439,1.0,3.0,21,Refining of mineral oil,C19,high,94930.0,0.0611382900112538,,EU-15,True,1.0,,76.997,0.0,0.0,0.0
IT,21,2005,18439587.0,16.73001037887878,,,,21,Refining of mineral oil,C19,high,31850.0,0.0018856070954615,83.348,EU-15,True,,,73.416,0.0,0.0,0.0
IT,21,2006,17814931.0,16.695547483873963,-0.0344628950048182,,,21,Refining of mineral oil,C19,high,32290.0,0.0137202027520118,85.867,EU-15,True,,,73.416,0.0,0.0,0.0
IT,21,2007,18449443.0,16.730544738293194,0.0349972544192311,,,21,Refining of mineral oil,C19,high,32570.0,0.0086340345179571,83.002,EU-15,True,,,73.416,0.0,0.0,0.0
IT,21,2008,17362868.0,16.669844460924516,-0.060700277368678,,,21,Refining of mineral oil,C19,high,31990.0,-0.017968265326715,82.804,EU-15,True,,,73.416,0.0,0.0,0.0
IT,21,2009,16342113.0,16.609255953601206,-0.0605885073233096,,,21,Refining of mineral oil,C19,high,30110.0,-0.0605660114677846,80.777,EU-15,True,,,73.416,0.0,0.0,0.0
IT,21,2010,17123071.0,16.65593729343217,0.0466813398309646,,,21,Refining of mineral oil,C19,high,30440.0,0.0109001904998429,82.571,EU-15,True,,,73.416,0.0,0.0,0.0
IT,21,2011,16257679.0,16.60407590896777,-0.0518613844644022,,,21,Refining of mineral oil,C19,high,30550.0,0.0036071526241201,81.353,EU-15,True,,,73.416,0.0,0.0,0.0
IT,21,2012,14703670.0,16.503607680453072,-0.1004682285146962,,,21,Refining of mineral oil,C19,high,29510.0,-0.0346354966627568,79.109,EU-15,True,,,73.416,0.0,0.0,0.0
IT,21,2013,12791569.0,16.364296839995223,-0.1393108404578491,,,21,Refining of mineral oil,C19,high,28920.0,-0.0201957916642836,76.736,EU-15,True,,,73.416,0.0,0.0,0.0
IT,21,2014,12285050.0,16.323893633933203,-0.0404032060620203,,,21,Refining of mineral oil,C19,high,28910.0,-0.0003458412623089,75.811,EU-15,True,,,73.416,0.0,0.0,0.0
IT,21,2015,12280143.0,16.323494125566608,-0.0003995083665948,,,21,Refining of mineral oil,C19,high,29210.0,0.0103235603713933,77.03,EU-15,True,,,73.416,0.0,0.0,0.0
IT,21,2016,12071906.0,16.306391492785856,-0.0171026327807517,,,21,Refining of mineral oil,C19,high,29630.0,0.0142762451858242,77.653,EU-15,False,,,73.416,0.0,0.0,0.0
IT,21,2017,11698849.0,16.275001018860365,-0.0313904739254908,,,21,Refining of mineral oil,C19,high,30160.0,0.0177291815542819,76.979,EU-15,False,,,73.416,0.0,0.0,0.0
IT,21,2018,11281623.0,16.238685676662747,-0.0363153421976178,,,21,Refining of mineral oil,C19,high,30470.0,0.010226049857863,76.338,EU-15,False,,,73.416,0.0,0.0,0.0
IT,21,2019,11362659.0,16.245843010769306,0.0071573341065587,,,21,Refining of mineral oil,C19,high,30680.0,0.0068683835014375,77.484,EU-15,False,,,73.416,0.0,0.0,0.0
IT,21,2020,9613725.0,16.078702322907944,-0.1671406878613623,,,21,Refining of mineral oil,C19,high,28100.0,-0.0878414001593554,73.454,EU-15,True,,,73.416,0.0,0.0,0.0
IT,21,2021,9850196.0,16.103001911427455,0.0242995885195114,,,21,Refining of mineral oil,C19,high,30760.0,0.0904455682977438,73.416,EU-15,True,,,73.416,0.0,0.0,0.0
IT,21,2022,10543856.0,16.171053878575023,0.0680519671475679,,,21,Refining of mineral oil,C19,high,32310.0,0.0491616351989634,79.49,EU-15,True,,,73.416,1.0,73.416,0.0
IT,21,2023,10448276.0,16.161947546688488,-0.0091063318865352,,,21,Refining of mineral oil,C19,high,32630.0,0.009855330768822,75.356,EU-15,True,,,73.416,1.0,73.416,0.0
IT,21,2024,9944663.0,16.11254658332099,-0.0494009633674963,,,21,Refining of mineral oil,C19,high,32900.0,0.0082405471660962,73.884,EU-15,True,,,73.416,0.0,0.0,0.0
IT,21,2025,9629555.0,16.080347572945442,-0.0321990103755496,,,21,Refining of mineral oil,C19,high,33080.0,0.0054562123841641,,EU-15,True,,,73.416,0.0,0.0,0.0
LT,21,2005,1870375.0,14.44164950348572,,,,21,Refining of mineral oil,C19,high,9940.0,0.0904928280552805,55.332,2004,True,,,73.272,0.0,0.0,1.0
LT,21,2006,1624066.0,14.300443439272051,-0.1412060642136694,,,21,Refining of mineral oil,C19,high,10850.0,0.087598059317985,60.351,2004,True,,,73.272,0.0,0.0,1.0
LT,21,2007,1201673.0,13.999225310476886,-0.3012181287951652,,,21,Refining of mineral oil,C19,high,12190.0,0.1164508635067118,59.111,2004,True,,,73.272,0.0,0.0,1.0
LT,21,2008,2090742.0,14.553029584858358,0.5538042743814717,,,21,Refining of mineral oil,C19,high,12640.0,0.0362504452255318,56.016,2004,True,,,73.272,0.0,0.0,1.0
LT,21,2009,2102763.0,14.558762752185787,0.0057331673274312,,,21,Refining of mineral oil,C19,high,10880.0,-0.1499401472909145,48.045,2004,True,,,73.272,0.0,0.0,1.0
LT,21,2010,1967110.0,14.49207601853254,-0.066686733653249,,,21,Refining of mineral oil,C19,high,11160.0,0.0254097155253667,79.045,2004,True,,,73.272,0.0,0.0,1.0
LT,21,2011,1903476.0,14.459192246372169,-0.0328837721603711,,,21,Refining of mineral oil,C19,high,12140.0,0.0841698286781884,78.604,2004,True,,,73.272,0.0,0.0,1.0
LT,21,2012,1731630.0,14.364573719417212,-0.0946185269549566,,,21,Refining of mineral oil,C19,high,12830.0,0.0552803929961918,77.534,2004,True,,,73.272,0.0,0.0,1.0
LT,21,2013,1812299.0,14.410106763009766,0.0455330435925542,,,21,Refining of mineral oil,C19,high,13480.0,0.0494209268566159,75.556,2004,True,,,73.272,0.0,0.0,1.0
LT,21,2014,1631285.0,14.304878605761662,-0.1052281572481046,,,21,Refining of mineral oil,C19,high,14100.0,0.0449676918999628,74.935,2004,True,,,73.272,0.0,0.0,1.0
LT,21,2015,1755789.0,14.378428886504173,0.0735502807425092,,,21,Refining of mineral oil,C19,high,14630.0,0.0368994176479091,75.452,2004,True,,,73.272,0.0,0.0,1.0
LT,21,2016,1830717.0,14.42021825136143,0.0417893648572587,,,21,Refining of mineral oil,C19,high,15200.0,0.0382212128201988,74.784,2004,False,,,73.272,0.0,0.0,1.0
LT,21,2017,1709530.0,14.351729036898444,-0.0684892144629856,,,21,Refining of mineral oil,C19,high,16090.0,0.0569025331520602,71.965,2004,False,,,73.272,0.0,0.0,1.0
LT,21,2018,1680865.0,14.334819099826106,-0.016909937072338,,,21,Refining of mineral oil,C19,high,17030.0,0.0567785336703057,73.897,2004,False,,,73.272,0.0,0.0,1.0
LT,21,2019,1599384.0,14.28512911307848,-0.0496899867476248,,,21,Refining of mineral oil,C19,high,17870.0,0.0481468344967392,75.202,2004,False,,,73.272,0.0,0.0,1.0
LT,21,2020,1478463.0,14.206513592597986,-0.0786155204804952,,,21,Refining of mineral oil,C19,high,17890.0,0.0011185683492911,74.909,2004,True,,,73.272,0.0,0.0,1.0
LT,21,2021,1501524.0,14.221991150293762,0.0154775576957764,,,21,Refining of mineral oil,C19,high,19040.0,0.0623001318425924,73.272,2004,True,,,73.272,0.0,0.0,1.0
LT,21,2022,1668831.0,14.327633939278543,0.1056427889847828,,,21,Refining of mineral oil,C19,high,19350.0,0.0161503901125712,72.434,2004,True,,,73.272,1.0,73.272,1.0
LT,21,2023,1646257.0,14.314014784118667,-0.0136191551598781,,,21,Refining of mineral oil,C19,high,19220.0,-0.0067410159336454,69.498,2004,True,,,73.272,1.0,73.272,1.0
LT,21,2024,1605458.0,14.288919632094782,-0.0250951520238853,,,21,Refining of mineral oil,C19,high,19690.0,0.0241594891088876,66.014,2004,True,,,73.272,0.0,0.0,1.0
LT,21,2025,1689963.0,14.340217193168463,0.0512975610736834,,,21,Refining of mineral oil,C19,high,20260.0,0.0285376061695039,,2004,True,,,73.272,0.0,0.0,1.0
NL,21,2005,12118675.0,16.310258209196856,,,,21,Refining of mineral oil,C19,high,42160.0,0.0177080482656677,37.784,EU-15,True,,,58.451,0.0,0.0,0.0
NL,21,2006,11470000.0,16.255245489105555,-0.0550127200913017,,,21,Refining of mineral oil,C19,high,43590.0,0.0333558620171938,38.561,EU-15,True,,,58.451,0.0,0.0,0.0
NL,21,2007,11428292.0,16.251602593283938,-0.003642895821617,,,21,Refining of mineral oil,C19,high,45180.0,0.0358267447895563,37.407,EU-15,True,,,58.451,0.0,0.0,0.0
NL,21,2008,11872409.0,16.289727694604508,0.0381251013205705,,,21,Refining of mineral oil,C19,high,45960.0,0.0171169419406975,33.555,EU-15,True,,,58.451,0.0,0.0,0.0
NL,21,2009,10837884.0,16.198558331969167,-0.0911693626353411,,,21,Refining of mineral oil,C19,high,44050.0,-0.0424461005983651,34.059,EU-15,True,,,58.451,0.0,0.0,0.0
NL,21,2010,10697697.0,16.18553904262119,-0.0130192893479765,,,21,Refining of mineral oil,C19,high,44400.0,0.0079141170559893,28.279,EU-15,True,,,58.451,0.0,0.0,0.0
NL,21,2011,10884441.0,16.202844896256277,0.0173058536350865,,,21,Refining of mineral oil,C19,high,44980.0,0.0129784770929912,29.357,EU-15,True,,,58.451,0.0,0.0,0.0
NL,21,2012,10604962.0,16.176832562759035,-0.0260123334972419,,,21,Refining of mineral oil,C19,high,44370.0,-0.013654381140352,30.635,EU-15,True,,,58.451,0.0,0.0,0.0
NL,21,2013,10466416.0,16.163682212879003,-0.013150349880032,,,21,Refining of mineral oil,C19,high,44230.0,-0.0031602735105824,23.738,EU-15,True,,,58.451,0.0,0.0,0.0
NL,21,2014,10751867.0,16.190589971876896,0.0269077589978934,,,21,Refining of mineral oil,C19,high,44780.0,0.0123583192903726,30.948,EU-15,True,,,58.451,0.0,0.0,0.0
NL,21,2015,11144316.0,16.226440150105798,0.0358501782289018,,,21,Refining of mineral oil,C19,high,45530.0,0.0166098381760821,48.372,EU-15,True,,,58.451,0.0,0.0,0.0
NL,21,2016,10698842.0,16.185646069276398,-0.0407940808294,,,21,Refining of mineral oil,C19,high,46380.0,0.0184968824806954,45.874,EU-15,False,,,58.451,0.0,0.0,0.0
NL,21,2017,10137174.0,16.13171981905889,-0.0539262502175077,,,21,Refining of mineral oil,C19,high,47390.0,0.0215429041521115,51.699,EU-15,False,,,58.451,0.0,0.0,0.0
NL,21,2018,10180327.0,16.135967690378223,0.0042478713193325,,,21,Refining of mineral oil,C19,high,48180.0,0.0165327612072285,59.517,EU-15,False,,,58.451,0.0,0.0,0.0
NL,21,2019,11003839.0,16.21375476987631,0.077787079498087,,,21,Refining of mineral oil,C19,high,48970.0,0.0162638685275009,64.304,EU-15,False,,,58.451,0.0,0.0,0.0
NL,21,2020,10233055.0,16.141133724822357,-0.0726210450539532,,,21,Refining of mineral oil,C19,high,46810.0,-0.0451110104022483,68.023,EU-15,True,,0.775,58.451,0.0,0.0,0.0
NL,21,2021,10674160.0,16.18333642545827,0.0422027006359115,0.775,3.0,21,Refining of mineral oil,C19,high,49490.0,0.0556737736518169,58.451,EU-15,True,,0.9286,58.451,0.0,0.0,0.0
NL,21,2022,10710919.0,16.18677424639906,0.0034378209407925,0.9286,4.0,21,Refining of mineral oil,C19,high,51480.0,0.0394227537641302,80.242,EU-15,True,0.775,0.75,58.451,1.0,58.451,0.0
NL,21,2023,10669231.0,16.18287454945294,-0.0038996969461209,0.75,3.0,21,Refining of mineral oil,C19,high,50660.0,-0.016056738154397,70.411,EU-15,True,0.9286,0.8571000000000001,58.451,1.0,58.451,0.0
NL,21,2024,10197179.0,16.13762167137489,-0.045252878078049,0.8571000000000001,4.0,21,Refining of mineral oil,C19,high,50870.0,0.0041367142611452,70.564,EU-15,True,0.75,,58.451,0.0,0.0,0.0
NL,21,2025,10393323.0,16.156674138698232,0.0190524673233412,,,21,Refining of mineral oil,C19,high,51400.0,0.0103648136264453,,EU-15,True,0.8571000000000001,,58.451,0.0,0.0,0.0
NO,21,2008,1794116.0,14.400022979488217,,,,21,Refining of mineral oil,C19,high,61200.0,-0.0042393671840574,-592.319,,True,,,-622.175,0.0,-0.0,0.0
NO,21,2009,1898188.0,14.45641030488002,0.056387325391805,,,21,Refining of mineral oil,C19,high,59450.0,-0.0290115663814898,-601.253,,True,,,-622.175,0.0,-0.0,0.0
NO,21,2010,1832396.0,14.42113495806285,-0.0352753468171691,,,21,Refining of mineral oil,C19,high,59310.0,-0.0023576972861558,-536.301,,True,,,-622.175,0.0,-0.0,0.0
NO,21,2011,1922346.0,14.469056873122229,0.0479219150593763,,,21,Refining of mineral oil,C19,high,59350.0,0.0006741952050415,-590.038,,True,,,-622.175,0.0,-0.0,0.0
NO,21,2012,1986712.0,14.501991568905025,0.0329346957827976,,,21,Refining of mineral oil,C19,high,60230.0,0.0147184459999536,-568.081,,True,,,-622.175,0.0,-0.0,0.0
NO,21,2013,2008402.0,14.512849938959755,0.0108583700547324,,,21,Refining of mineral oil,C19,high,60260.0,0.0004979666465256,-508.738,,True,,,-622.175,0.0,-0.0,0.0
NO,21,2014,1671782.0,14.32940068135109,-0.1834492576086663,,,21,Refining of mineral oil,C19,high,60840.0,0.0095789336889353,-566.17,,True,,,-622.175,0.0,-0.0,0.0
NO,21,2015,1906090.0,14.46056458138894,0.1311639000378477,,,21,Refining of mineral oil,C19,high,61450.0,0.0099763686209524,-678.008,,True,,,-622.175,0.0,-0.0,0.0
NO,21,2016,1703967.0,14.348469619986687,-0.112094961402251,,,21,Refining of mineral oil,C19,high,61700.0,0.0040600948992981,-608.666,,False,,,-622.175,0.0,-0.0,0.0
NO,21,2017,2649794.0,14.78999245909176,0.4415228391050725,,,21,Refining of mineral oil,C19,high,62850.0,0.0184670041249148,-595.383,,False,,,-622.175,0.0,-0.0,0.0
NO,21,2018,2485529.0,14.725996072121298,-0.0639963869704622,,,21,Refining of mineral oil,C19,high,63130.0,0.0044451573432766,-563.803,,False,,,-622.175,0.0,-0.0,0.0
NO,21,2019,2059624.0,14.538033999834337,-0.187962072286961,,,21,Refining of mineral oil,C19,high,63630.0,0.0078889648651667,-561.944,,False,,,-622.175,0.0,-0.0,0.0
NO,21,2020,1983065.0,14.50015418558298,-0.0378798142513563,,,21,Refining of mineral oil,C19,high,62400.0,-0.0195197818693184,-603.999,,True,,,-622.175,0.0,-0.0,0.0
NO,21,2021,2179246.0,14.594489503378275,0.094335317795295,,,21,Refining of mineral oil,C19,high,64640.0,0.0352681388374573,-622.175,,True,,,-622.175,0.0,-0.0,0.0
NO,21,2022,1688141.0,14.339138481455224,-0.2553510219230528,,,21,Refining of mineral oil,C19,high,66670.0,0.0309216624171302,-682.103,,True,,,-622.175,1.0,-622.175,0.0
NO,21,2023,1670350.0,14.328543743272265,-0.0105947381829576,,,21,Refining of mineral oil,C19,high,66140.0,-0.0079813690763224,-655.137,,True,,,-622.175,1.0,-622.175,0.0
NO,21,2024,1621874.0,14.299092828765874,-0.0294509145063912,,,21,Refining of mineral oil,C19,high,66460.0,0.0048265553728015,-677.196,,True,,,-622.175,0.0,-0.0,0.0
NO,21,2025,1485426.0,14.211212157766852,-0.0878806709990218,,,21,Refining of mineral oil,C19,high,66720.0,0.0039044951240434,,,True,,,-622.175,0.0,-0.0,0.0
PL,21,2005,3221316.0,14.985300529679446,,,,21,Refining of mineral oil,C19,high,8080.0,0.0327073179757846,17.748,2004,True,,,40.464,0.0,0.0,1.0
PL,21,2006,3083839.0,14.941685807373968,-0.0436147223054774,,,21,Refining of mineral oil,C19,high,8590.0,0.061206863463159,20.149,2004,True,,,40.464,0.0,0.0,1.0
PL,21,2007,2837279.0,14.85835605227601,-0.0833297550979583,,,21,Refining of mineral oil,C19,high,9170.0,0.0653385502722105,25.79,2004,True,,,40.464,0.0,0.0,1.0
PL,21,2008,3016119.0,14.91948146356503,0.0611254112890193,,,21,Refining of mineral oil,C19,high,9570.0,0.0426959191964879,30.862,2004,True,,,40.464,0.0,0.0,1.0
PL,21,2009,2939758.0,14.8938378230018,-0.0256436405632296,,,21,Refining of mineral oil,C19,high,9810.0,0.024769068112409,32.041,2004,True,,,40.464,0.0,0.0,1.0
PL,21,2010,2788111.0,14.840874863556389,-0.0529629594454128,,,21,Refining of mineral oil,C19,high,10150.0,0.0340714319105242,31.559,2004,True,,,40.464,0.0,0.0,1.0
PL,21,2011,3667570.0,15.115039875388362,0.2741650118319754,,,21,Refining of mineral oil,C19,high,10680.0,0.0508991280442536,34.008,2004,True,,,40.464,0.0,0.0,1.0
PL,21,2012,3856110.0,15.16516946127664,0.0501295858882784,,,21,Refining of mineral oil,C19,high,10840.0,0.0148701624794505,31.613,2004,True,,,40.464,0.0,0.0,1.0
PL,21,2013,4003031.0,15.20256238213658,0.0373929208599399,,,21,Refining of mineral oil,C19,high,10930.0,0.0082683061769479,26.236,2004,True,,,40.464,0.0,0.0,1.0
PL,21,2014,3896245.0,15.17552382677765,-0.0270385553589296,,,21,Refining of mineral oil,C19,high,11360.0,0.0385871111045581,29.395,2004,True,,,40.464,0.0,0.0,1.0
PL,21,2015,4284107.0,15.270422686895197,0.094898860117544,,,21,Refining of mineral oil,C19,high,11870.0,0.0439157953285711,29.829,2004,True,,,40.464,0.0,0.0,1.0
PL,21,2016,4211498.0,15.25332896184726,-0.0170937250479337,,,21,Refining of mineral oil,C19,high,12240.0,0.0306950684626023,30.744,2004,False,,,40.464,0.0,0.0,1.0
PL,21,2017,4018133.0,15.206327924854486,-0.0470010369927749,,,21,Refining of mineral oil,C19,high,12870.0,0.0501897445238554,38.255,2004,False,,,40.464,0.0,0.0,1.0
PL,21,2018,4321108.0,15.279022408816022,0.072694483961536,,,21,Refining of mineral oil,C19,high,13680.0,0.0610358905863694,43.52,2004,False,,,40.464,0.0,0.0,1.0
PL,21,2019,4463662.0,15.31148006333074,0.0324576545147188,,,21,Refining of mineral oil,C19,high,14310.0,0.045023681373955,45.251,2004,False,,,40.464,0.0,0.0,1.0
PL,21,2020,4324966.0,15.27991483704554,-0.0315652262852008,,,21,Refining of mineral oil,C19,high,14310.0,0.0,42.775,2004,True,,,40.464,0.0,0.0,1.0
PL,21,2021,4527942.0,15.325778089595838,0.0458632525502977,,,21,Refining of mineral oil,C19,high,15380.0,0.0721093705091391,40.464,2004,True,,,40.464,0.0,0.0,1.0
PL,21,2022,9636088.0,16.08102577509529,0.7552476854994534,,,21,Refining of mineral oil,C19,high,15840.0,0.0294704223087816,46.115,2004,True,,0.1735,40.464,1.0,40.464,1.0
PL,21,2023,8766464.0,15.98644409034194,-0.0945816847533524,0.1735,3.0,21,Refining of mineral oil,C19,high,15950.0,0.0069204428445726,47.996,2004,True,,,40.464,1.0,40.464,1.0
PL,21,2024,9149092.0,16.02916519735491,0.0427211070129711,,,21,Refining of mineral oil,C19,high,16510.0,0.0345074287011843,45.669,2004,True,0.1735,,40.464,0.0,0.0,1.0
PL,21,2025,9574358.0,16.074599041174704,0.0454338438197936,,,21,Refining of mineral oil,C19,high,17170.0,0.0391974169773465,,2004,True,,,40.464,0.0,0.0,1.0
PT,21,2005,3009030.0,14.917128325652213,,,,21,Refining of mineral oil,C19,high,19000.0,0.0058062976530219,88.561,EU-15,True,,,66.925,0.0,0.0,0.0
PT,21,2006,3018380.0,14.920230821583251,0.0031024959310386,,,21,Refining of mineral oil,C19,high,19280.0,0.0146293100159589,83.967,EU-15,True,,,66.925,0.0,0.0,0.0
PT,21,2007,2938373.0,14.89336658477127,-0.0268642368119813,,,21,Refining of mineral oil,C19,high,19720.0,0.0225650599920896,81.519,EU-15,True,,,66.925,0.0,0.0,0.0
PT,21,2008,2949946.0,14.897297423063716,0.0039308382924474,,,21,Refining of mineral oil,C19,high,19760.0,0.0020263431452338,83.623,EU-15,True,,,66.925,0.0,0.0,0.0
PT,21,2009,2616075.0,14.777185660873029,-0.1201117621906888,,,21,Refining of mineral oil,C19,high,19120.0,-0.0329247846964673,81.434,EU-15,True,,,66.925,0.0,0.0,0.0
PT,21,2010,2832142.0,14.856543873781655,0.0793582129086267,,,21,Refining of mineral oil,C19,high,19440.0,0.0165978914090381,75.22,EU-15,True,,,66.925,0.0,0.0,0.0
PT,21,2011,2612182.0,14.77569644535838,-0.080847428423274,,,21,Refining of mineral oil,C19,high,19110.0,-0.0171210407801112,77.792,EU-15,True,,,66.925,0.0,0.0,0.0
PT,21,2012,2722030.0,14.816888483440676,0.0411920380822952,,,21,Refining of mineral oil,C19,high,18410.0,-0.037317763007195,79.461,EU-15,True,,,66.925,0.0,0.0,0.0
PT,21,2013,3696387.0,15.12286641405444,0.3059779306137642,,,21,Refining of mineral oil,C19,high,18330.0,-0.0043549333933725,73.347,EU-15,True,,,66.925,0.0,0.0,0.0
PT,21,2014,3102290.0,14.947651106421096,-0.175215307633346,,,21,Refining of mineral oil,C19,high,18560.0,0.0124696655064404,70.234,EU-15,True,,,66.925,0.0,0.0,0.0
PT,21,2015,3468029.0,15.059096979016005,0.1114458725949081,,,21,Refining of mineral oil,C19,high,18920.0,0.0192108362656764,76.293,EU-15,True,,,66.925,0.0,0.0,0.0
PT,21,2016,3424131.0,15.046358274857694,-0.0127387041583091,,,21,Refining of mineral oil,C19,high,19350.0,0.0224728558520599,72.241,EU-15,False,,,66.925,0.0,0.0,0.0
PT,21,2017,3578168.0,15.090361495553882,0.0440032206961884,,,21,Refining of mineral oil,C19,high,20020.0,0.0340393544112824,77.965,EU-15,False,,,66.925,0.0,0.0,0.0
PT,21,2018,3216219.0,14.983717003977423,-0.1066444915764588,,,21,Refining of mineral oil,C19,high,20620.0,0.0295297047017406,75.657,EU-15,False,,,66.925,0.0,0.0,0.0
PT,21,2019,3258709.0,14.996841662639383,0.0131246586619617,,,21,Refining of mineral oil,C19,high,21150.0,0.0253784269034724,73.875,EU-15,False,,,66.925,0.0,0.0,0.0
PT,21,2020,3067805.0,14.93647288012727,-0.0603687825121141,,,21,Refining of mineral oil,C19,high,19360.0,-0.088430823643856,65.282,EU-15,True,,0.2858,66.925,0.0,0.0,0.0
PT,21,2021,2674058.0,14.799107726760326,-0.1373651533669448,0.2858,3.0,21,Refining of mineral oil,C19,high,20390.0,0.0518355027379335,66.925,EU-15,True,,,66.925,0.0,0.0,0.0
PT,21,2022,2664396.0,14.79548794824395,-0.0036197785163754,,,21,Refining of mineral oil,C19,high,21690.0,0.0618067402524182,71.274,EU-15,True,0.2858,0.4443999999999999,66.925,1.0,66.925,0.0
PT,21,2023,2359568.0,14.673989109398484,-0.1214988388454667,0.4443999999999999,3.0,21,Refining of mineral oil,C19,high,22130.0,0.0200828292241759,66.866,EU-15,True,,0.25,66.925,1.0,66.925,0.0
PT,21,2024,2630514.0,14.78268982232093,0.1087007129224471,0.25,4.0,21,Refining of mineral oil,C19,high,22370.0,0.0107866214390792,64.524,EU-15,True,0.4443999999999999,0.5,66.925,0.0,0.0,0.0
PT,21,2025,2202697.0,14.60519307660646,-0.1774967457144711,0.5,3.0,21,Refining of mineral oil,C19,high,22560.0,0.00845765112782,,EU-15,True,0.25,,66.925,0.0,0.0,0.0
RO,21,2007,2002718.0,14.510015815919504,,,,21,Refining of mineral oil,C19,high,7870.0,0.0848190262586374,31.46,2007,True,,,31.65,0.0,0.0,1.0
RO,21,2008,1736196.0,14.36720707105515,-0.1428087448643555,,,21,Refining of mineral oil,C19,high,8740.0,0.1048521272381322,27.65,2007,True,,,31.65,0.0,0.0,1.0
RO,21,2009,1442020.0,14.18155546635637,-0.1856516046987799,,,21,Refining of mineral oil,C19,high,8330.0,-0.0480467334886913,19.89,2007,True,,,31.65,0.0,0.0,1.0
RO,21,2010,1288685.0,14.069132876571896,-0.1124225897844724,,,21,Refining of mineral oil,C19,high,8050.0,-0.0341913647482794,21.386,2007,True,,,31.65,0.0,0.0,1.0
RO,21,2011,1146089.0,13.951865834672391,-0.1172670418995043,,,21,Refining of mineral oil,C19,high,8460.0,0.0496770821876602,21.14,2007,True,,,31.65,0.0,0.0,1.0
RO,21,2012,1218162.0,14.012853723333716,0.0609878886613231,,,21,Refining of mineral oil,C19,high,8660.0,0.0233655489562103,22.463,2007,True,,,31.65,0.0,0.0,1.0
RO,21,2013,1116600.0,13.925798911858395,-0.0870548114753191,,,21,Refining of mineral oil,C19,high,8710.0,0.0057570682900678,18.317,2007,True,,,31.65,0.0,0.0,1.0
RO,21,2014,1296850.0,14.07544880510696,0.1496498932485632,,,21,Refining of mineral oil,C19,high,9100.0,0.0438026226583936,16.663,2007,True,,,31.65,0.0,0.0,1.0
RO,21,2015,1201234.0,13.998859919719038,-0.0765888853879221,,,21,Refining of mineral oil,C19,high,9430.0,0.0356216831225619,16.687,2007,True,,,31.65,0.0,0.0,1.0
RO,21,2016,1455149.0,14.190618858842926,0.191758939123888,,,21,Refining of mineral oil,C19,high,9760.0,0.0343963037796353,21.901,2007,False,,,31.65,0.0,0.0,1.0
RO,21,2017,1355754.0,14.119868315095417,-0.0707505437475113,,,21,Refining of mineral oil,C19,high,10620.0,0.0844466153887903,23.295,2007,False,,,31.65,0.0,0.0,1.0
RO,21,2018,1384870.0,14.141116830382302,0.0212485152868868,,,21,Refining of mineral oil,C19,high,11260.0,0.0585176068977517,24.291,2007,False,,,31.65,0.0,0.0,1.0
RO,21,2019,1660131.0,14.3224070728817,0.1812902424993971,,,21,Refining of mineral oil,C19,high,11760.0,0.0434473197589362,30.282,2007,False,,,31.65,0.0,0.0,1.0
RO,21,2020,1599302.0,14.285077842025297,-0.0373292308564039,,,21,Refining of mineral oil,C19,high,11390.0,-0.0319681650113885,28.191,2007,True,,0.4163,31.65,0.0,0.0,1.0
RO,21,2021,1382740.0,14.139577595865488,-0.1455002461598074,0.4163,3.0,21,Refining of mineral oil,C19,high,12130.0,0.0629459454968675,31.65,2007,True,,0.2143,31.65,0.0,0.0,1.0
RO,21,2022,1744459.0,14.371955036896551,0.2323774410310637,0.2143,4.0,21,Refining of mineral oil,C19,high,12690.0,0.0451325587703372,32.423,2007,True,0.4163,0.1578,31.65,1.0,31.65,1.0
RO,21,2023,1635602.0,14.307521490264737,-0.0644335466318164,0.1578,3.0,21,Refining of mineral oil,C19,high,12970.0,0.0218247166020564,27.863,2007,True,0.2143,0.3334,31.65,1.0,31.65,1.0
RO,21,2024,1526077.0,14.238210948269138,-0.0693105419955966,0.3334,4.0,21,Refining of mineral oil,C19,high,13090.0,0.0092095815934563,30.356,2007,True,0.1578,0.2307,31.65,0.0,0.0,1.0
RO,21,2025,1617557.0,14.296427544303526,0.0582165960343878,0.2307,3.0,21,Refining of mineral oil,C19,high,13190.0,0.0076103868074142,,2007,True,0.3334,,31.65,0.0,0.0,1.0
SE,21,2005,2451693.0,14.712289364284404,,,,21,Refining of mineral oil,C19,high,41330.0,0.0237494330382315,38.075,EU-15,True,,,21.224,0.0,0.0,0.0
SE,21,2006,2939240.0,14.89366160249574,0.1813722382113365,,,21,Refining of mineral oil,C19,high,42990.0,0.0393789019845502,38.227,EU-15,True,,,21.224,0.0,0.0,0.0
SE,21,2007,2739082.0,14.823133385730635,-0.0705282167651031,,,21,Refining of mineral oil,C19,high,44080.0,0.0250386343364681,36.797,EU-15,True,,,21.224,0.0,0.0,0.0
SE,21,2008,3018116.0,14.92014335362165,0.0970099678910134,,,21,Refining of mineral oil,C19,high,43330.0,-0.0171609290928405,38.416,EU-15,True,,,21.224,0.0,0.0,0.0
SE,21,2009,2939159.0,14.893634043971726,-0.0265093096499242,,,21,Refining of mineral oil,C19,high,41130.0,-0.0521074535094854,38.186,EU-15,True,,,21.224,0.0,0.0,0.0
SE,21,2010,2957670.0,14.899912354163268,0.0062783101915417,,,21,Refining of mineral oil,C19,high,43130.0,0.0474810284174189,37.99,EU-15,True,,,21.224,0.0,0.0,0.0
SE,21,2011,2847035.0,14.86178865982704,-0.0381236943362282,,,21,Refining of mineral oil,C19,high,44150.0,0.023374116390217,36.483,EU-15,True,,,21.224,0.0,0.0,0.0
SE,21,2012,3023274.0,14.921850908092818,0.0600622482657779,,,21,Refining of mineral oil,C19,high,43650.0,-0.0113896447643586,30.169,EU-15,True,,,21.224,0.0,0.0,0.0
SE,21,2013,2596336.0,14.769611778322934,-0.1522391297698835,,,21,Refining of mineral oil,C19,high,43770.0,0.0027453689171927,32.8,EU-15,True,,,21.224,0.0,0.0,0.0
SE,21,2014,2786094.0,14.84015117288192,0.0705393945589865,,,21,Refining of mineral oil,C19,high,44330.0,0.0127129975541588,32.345,EU-15,True,,,21.224,0.0,0.0,0.0
SE,21,2015,2865251.0,14.86816651336857,0.0280153404866485,,,21,Refining of mineral oil,C19,high,45790.0,0.0324040779120426,30.071,EU-15,True,,,21.224,0.0,0.0,0.0
SE,21,2016,2786353.0,14.840244130248832,-0.027922383119737,,,21,Refining of mineral oil,C19,high,46220.0,0.0093468781772294,33.311,EU-15,False,,,21.224,0.0,0.0,0.0
SE,21,2017,2859499.0,14.866156992625958,0.025912862377126,,,21,Refining of mineral oil,C19,high,46420.0,0.0043177960000573,26.668,EU-15,False,,,21.224,0.0,0.0,0.0
SE,21,2018,3018719.0,14.920343127179152,0.0541861345531948,,,21,Refining of mineral oil,C19,high,46700.0,0.0060137638285606,29.072,EU-15,False,,,21.224,0.0,0.0,0.0
SE,21,2019,2391596.0,14.687471483467,-0.2328716437121532,,,21,Refining of mineral oil,C19,high,47410.0,0.0150890122391746,30.056,EU-15,False,,,21.224,0.0,0.0,0.0
SE,21,2020,2332033.0,14.662250977295791,-0.0252205061712071,,,21,Refining of mineral oil,C19,high,46180.0,-0.0262863729876769,31.982,EU-15,True,,,21.224,0.0,0.0,0.0
SE,21,2021,2766327.0,14.833031005477393,0.1707800281815998,,,21,Refining of mineral oil,C19,high,48300.0,0.044884756732177,21.224,EU-15,True,,,21.224,0.0,0.0,0.0
SE,21,2022,2671892.0,14.79829739366012,-0.0347336118172716,,,21,Refining of mineral oil,C19,high,48390.0,0.0018616201467001,26.961,EU-15,True,,0.6,21.224,1.0,21.224,0.0
SE,21,2023,2652799.0,14.79112586696285,-0.007171526697272,0.6,3.0,21,Refining of mineral oil,C19,high,47960.0,-0.0089258506459142,26.388,EU-15,True,,1.0,21.224,1.0,21.224,0.0
SE,21,2024,2692926.0,14.806138892767844,0.0150130258049934,1.0,4.0,21,Refining of mineral oil,C19,high,48770.0,0.016748039562648,26.504,EU-15,True,0.6,0.875,21.224,0.0,0.0,0.0
SE,21,2025,2527973.0,14.742928353812102,-0.0632105389557402,0.875,3.0,21,Refining of mineral oil,C19,high,49250.0,0.0097939978961374,,EU-15,True,1.0,,21.224,0.0,0.0,0.0
SK,21,2005,2292788.0,14.645279102267052,,,,21,Refining of mineral oil,C19,high,11070.0,0.0614718640936686,65.99,2004,True,,,52.584,0.0,0.0,1.0
SK,21,2006,2190190.0,14.599498856020295,-0.0457802462467569,,,21,Refining of mineral oil,C19,high,12050.0,0.0848259132161182,64.344,2004,True,,,52.584,0.0,0.0,1.0
SK,21,2007,2250495.0,14.626660749984152,0.0271618939638571,,,21,Refining of mineral oil,C19,high,13340.0,0.1017023805508134,69.736,2004,True,,,52.584,0.0,0.0,1.0
SK,21,2008,2249322.0,14.626139395437258,-0.000521354546894,,,21,Refining of mineral oil,C19,high,14030.0,0.0504308536268922,65.842,2004,True,,,52.584,0.0,0.0,1.0
SK,21,2009,1375190.0,14.134102461354765,-0.4920369340824955,,,21,Refining of mineral oil,C19,high,13230.0,-0.0587109159875058,67.692,2004,True,,,52.584,0.0,0.0,1.0
SK,21,2010,1012665.0,13.828096027648773,-0.3060064337059902,,,21,Refining of mineral oil,C19,high,14100.0,0.0636878192572591,61.942,2004,True,,,52.584,0.0,0.0,1.0
SK,21,2011,1086090.0,13.898094648970424,0.0699986213216501,,,21,Refining of mineral oil,C19,high,14540.0,0.0307286747212494,63.462,2004,True,,,52.584,0.0,0.0,1.0
SK,21,2012,999190.0,13.81470022973702,-0.0833944192334037,,,21,Refining of mineral oil,C19,high,14750.0,0.0143396106804569,58.952,2004,True,,,52.584,0.0,0.0,1.0
SK,21,2013,1110700.0,13.920501005155211,0.1058007754181922,,,21,Refining of mineral oil,C19,high,14830.0,0.0054090733640119,58.4,2004,True,,,52.584,0.0,0.0,1.0
SK,21,2014,991575.0,13.807049867046407,-0.1134511381088039,,,21,Refining of mineral oil,C19,high,15220.0,0.0259581962836978,60.698,2004,True,,,52.584,0.0,0.0,1.0
SK,21,2015,1145821.0,13.951631968594562,0.1445821015481545,,,21,Refining of mineral oil,C19,high,16000.0,0.0499783698062419,58.013,2004,True,,,52.584,0.0,0.0,1.0
SK,21,2016,1097457.0,13.908506243209468,-0.043125725385094,,,21,Refining of mineral oil,C19,high,16280.0,0.0173486383346137,58.206,2004,False,,,52.584,0.0,0.0,1.0
SK,21,2017,1110767.0,13.920561325655152,0.0120550824456842,,,21,Refining of mineral oil,C19,high,16730.0,0.0272661544243373,62.541,2004,False,,,52.584,0.0,0.0,1.0
SK,21,2018,1032430.0,13.84742580490886,-0.0731355207462911,,,21,Refining of mineral oil,C19,high,17380.0,0.0381166048385139,61.905,2004,False,,,52.584,0.0,0.0,1.0
SK,21,2019,962563.0,13.777354797547476,-0.0700710073613848,,,21,Refining of mineral oil,C19,high,17760.0,0.0216286177267779,69.785,2004,False,,,52.584,0.0,0.0,1.0
SK,21,2020,1014614.0,13.830018802560824,0.052664005013348,,,21,Refining of mineral oil,C19,high,17270.0,-0.0279778454054362,56.329,2004,True,,0.6666,52.584,0.0,0.0,1.0
SK,21,2021,1054576.0,13.868649348375971,0.0386305458151472,0.6666,3.0,21,Refining of mineral oil,C19,high,18320.0,0.0590224670873968,52.584,2004,True,,,52.584,0.0,0.0,1.0
SK,21,2022,1034694.0,13.849616288793973,-0.0190330595819983,,,21,Refining of mineral oil,C19,high,18360.0,0.0021810259463599,69.595,2004,True,0.6666,0.3333,52.584,1.0,52.584,1.0
SK,21,2023,1018878.0,13.83421257981642,-0.0154037089775513,0.3333,3.0,21,Refining of mineral oil,C19,high,18750.0,0.0210193672240741,58.41,2004,True,,1.0,52.584,1.0,52.584,1.0
SK,21,2024,961309.0,13.776051176331936,-0.058161403484485,1.0,4.0,21,Refining of mineral oil,C19,high,19110.0,0.0190180058357629,53.501,2004,True,0.3333,0.3333,52.584,0.0,0.0,1.0
SK,21,2025,1089081.0,13.90084477931432,0.1247936029823826,0.3333,3.0,21,Refining of mineral oil,C19,high,19270.0,0.0083377241740922,,2004,True,1.0,,52.584,0.0,0.0,1.0
UK,21,2005,12918085.0,16.374138825518845,,,,21,Refining of mineral oil,C19,high,,,13.363,EU-15,True,,,,0.0,,0.0
UK,21,2006,12518738.0,16.34273711983365,-0.0314017056851945,,,21,Refining of mineral oil,C19,high,,,21.132,EU-15,True,,,,0.0,,0.0
UK,21,2007,12651196.0,16.35326231412321,0.0105251942895598,,,21,Refining of mineral oil,C19,high,,,20.378,EU-15,True,,,,0.0,,0.0
UK,21,2008,12359802.0,16.32995999044803,-0.0233023236751783,,,21,Refining of mineral oil,C19,high,,,26.236,EU-15,True,,,,0.0,,0.0
UK,21,2009,11321812.0,16.242241688600746,-0.0877183018472855,,,21,Refining of mineral oil,C19,high,,,27.274,EU-15,True,,,,0.0,,0.0
UK,21,2010,11362275.0,16.24580921529161,0.0035675266908654,,,21,Refining of mineral oil,C19,high,,,29.008,EU-15,True,,,,0.0,,0.0
UK,21,2011,11634057.0,16.269447302873537,0.0236380875819257,,,21,Refining of mineral oil,C19,high,,,36.942,EU-15,True,,,,0.0,,0.0
UK,21,2012,10735843.0,16.189098514390697,-0.0803487884828406,,,21,Refining of mineral oil,C19,high,,,43.387,EU-15,True,,,,0.0,,0.0
UK,21,2013,9630688.0,16.080465224628373,-0.1086332897623236,,,21,Refining of mineral oil,C19,high,,,47.758,EU-15,True,,,,0.0,,0.0
UK,21,2014,8722770.0,15.98144740599219,-0.0990178186361827,,,21,Refining of mineral oil,C19,high,,,46.773,EU-15,True,,,,0.0,,0.0
UK,21,2015,8444624.0,15.949040583846225,-0.0324068221459672,,,21,Refining of mineral oil,C19,high,,,37.638,EU-15,True,,,,0.0,,0.0
UK,21,2016,8442559.0,15.948796019668729,-0.0002445641774944,,,21,Refining of mineral oil,C19,high,,,35.639,EU-15,False,,,,0.0,,0.0
UK,21,2017,8583014.0,15.965295691830333,0.0164996721616041,,,21,Refining of mineral oil,C19,high,,,35.575,EU-15,False,,,,0.0,,0.0
UK,21,2018,8429767.0,15.947279690212907,-0.0180160016174255,,,21,Refining of mineral oil,C19,high,,,35.513,EU-15,False,,,,0.0,,0.0
UK,21,2019,7907083.0,15.88326949802592,-0.064010192186986,,,21,Refining of mineral oil,C19,high,,,34.829,EU-15,False,,,,0.0,,0.0
UK,21,2020,6969546.0,15.757060644316825,-0.1262088537090964,,,21,Refining of mineral oil,C19,high,,,,EU-15,True,,,,0.0,,0.0
AT,42,2005,75116.0,11.226788864328096,,,,42,Production of bulk chemicals,C20,medium-high,40270.0,0.0162727335929577,71.76,EU-15,True,,,51.952,0.0,0.0,0.0
AT,42,2006,72323.0,11.188897476506575,-0.0378913878215207,,,42,Production of bulk chemicals,C20,medium-high,41370.0,0.0269492056099576,72.248,EU-15,True,,,51.952,0.0,0.0,0.0
AT,42,2007,65933.0,11.09639435387813,-0.0925031226284449,,,42,Production of bulk chemicals,C20,medium-high,42790.0,0.0337484499554054,68.475,EU-15,True,,,51.952,0.0,0.0,0.0
AT,42,2008,57385.0,10.957538224114767,-0.1388561297633614,,,42,Production of bulk chemicals,C20,medium-high,43270.0,0.0111551238080682,68.738,EU-15,True,,,51.952,0.0,0.0,0.0
AT,42,2009,34712.0,10.454840727478189,-0.502697496636582,,,42,Production of bulk chemicals,C20,medium-high,41620.0,-0.0388787332713054,65.122,EU-15,True,,,51.952,0.0,0.0,0.0
AT,42,2010,48243.0,10.784006018522136,0.3291652910439477,,,42,Production of bulk chemicals,C20,medium-high,42280.0,0.0157333400365491,62.782,EU-15,True,,,51.952,0.0,0.0,0.0
AT,42,2011,46611.0,10.749591843760111,-0.0344141747620234,,,42,Production of bulk chemicals,C20,medium-high,43370.0,0.0254537968452375,69.981,EU-15,True,,,51.952,0.0,0.0,0.0
AT,42,2012,42443.0,10.655917278259798,-0.0936745655003132,,,42,Production of bulk chemicals,C20,medium-high,43450.0,0.0018428938641257,63.785,EU-15,True,,,51.952,0.0,0.0,0.0
AT,42,2013,66362.0,11.102879882487954,0.4469626042281565,,,42,Production of bulk chemicals,C20,medium-high,43080.0,-0.0085519994232132,61.26,EU-15,True,,,51.952,0.0,0.0,0.0
AT,42,2014,59640.0,10.996081768878676,-0.1067981136092797,,,42,Production of bulk chemicals,C20,medium-high,43070.0,-0.0002321532221678,65.625,EU-15,True,,,51.952,0.0,0.0,0.0
AT,42,2015,60923.0,11.017366050707968,0.0212842818292919,,,42,Production of bulk chemicals,C20,medium-high,43200.0,0.0030137961840459,60.379,EU-15,True,,,51.952,0.0,0.0,0.0
AT,42,2016,155833.0,11.956540200003047,0.9391741492950808,,,42,Production of bulk chemicals,C20,medium-high,43550.0,0.0080692080484467,62.102,EU-15,False,,,51.952,0.0,0.0,0.0
AT,42,2017,152761.0,11.936629887534313,-0.0199103124687347,,,42,Production of bulk chemicals,C20,medium-high,44260.0,0.0161716313243918,63.93,EU-15,False,,,51.952,0.0,0.0,0.0
AT,42,2018,153735.0,11.942985619933774,0.0063557323994611,,,42,Production of bulk chemicals,C20,medium-high,45140.0,0.0196874367664854,64.223,EU-15,False,,,51.952,0.0,0.0,0.0
AT,42,2019,153034.0,11.938415397909091,-0.0045702220246806,,,42,Production of bulk chemicals,C20,medium-high,45730.0,0.0129857662805736,71.601,EU-15,False,,,51.952,0.0,0.0,0.0
AT,42,2020,154012.0,11.944785800437922,0.0063704025288284,,,42,Production of bulk chemicals,C20,medium-high,42650.0,-0.0697272637322754,58.281,EU-15,True,,,51.952,0.0,0.0,0.0
AT,42,2021,150304.0,11.920415188826722,-0.0243706116112001,,,42,Production of bulk chemicals,C20,medium-high,44580.0,0.0442580540200356,51.952,EU-15,True,,,51.952,0.0,0.0,0.0
AT,42,2022,146746.0,11.896458480078651,-0.0239567087480683,,,42,Production of bulk chemicals,C20,medium-high,46430.0,0.040660474074107,73.986,EU-15,True,,,51.952,1.0,51.952,0.0
AT,42,2023,111846.0,11.6248782040973,-0.2715802759813535,,,42,Production of bulk chemicals,C20,medium-high,45670.0,-0.0165041748349228,60.317,EU-15,True,,,51.952,1.0,51.952,0.0
AT,42,2024,120114.0,11.69619657079977,0.0713183667024708,,,42,Production of bulk chemicals,C20,medium-high,45140.0,-0.011672855807518,53.325,EU-15,True,,,51.952,0.0,0.0,0.0
AT,42,2025,121574.0,11.708278409862876,0.0120818390631054,,,42,Production of bulk chemicals,C20,medium-high,45390.0,0.0055230450789842,,EU-15,True,,,51.952,0.0,0.0,0.0
BE,42,2005,3283348.0,15.00437419147526,,,,42,Production of bulk chemicals,C20,medium-high,38100.0,0.0174746305232638,79.912,EU-15,True,,,70.773,0.0,0.0,0.0
BE,42,2006,3292752.0,15.007234247256145,0.0028600557808822,,,42,Production of bulk chemicals,C20,medium-high,38810.0,0.0184636632481591,79.486,EU-15,True,,,70.773,0.0,0.0,0.0
BE,42,2007,3060016.0,14.933930702673065,-0.07330354458308,,,42,Production of bulk chemicals,C20,medium-high,39950.0,0.0289507268314697,76.882,EU-15,True,,,70.773,0.0,0.0,0.0
BE,42,2008,5615619.0,15.541062380506078,0.6071316778330154,,,42,Production of bulk chemicals,C20,medium-high,39810.0,-0.0035105352000588,80.846,EU-15,True,,,70.773,0.0,0.0,0.0
BE,42,2009,5001548.0,15.425258022482184,-0.1158043580238938,,,42,Production of bulk chemicals,C20,medium-high,38740.0,-0.0272454790333753,75.921,EU-15,True,,,70.773,0.0,0.0,0.0
BE,42,2010,5552528.0,15.529763877511533,0.1045058550293465,,,42,Production of bulk chemicals,C20,medium-high,39420.0,0.0174006437457237,78.656,EU-15,True,,,70.773,0.0,0.0,0.0
BE,42,2011,5445303.0,15.51026396018386,-0.0194999173276713,,,42,Production of bulk chemicals,C20,medium-high,39670.0,0.006321932801665,76.588,EU-15,True,,,70.773,0.0,0.0,0.0
BE,42,2012,5384831.0,15.499096484607543,-0.0111674755763147,,,42,Production of bulk chemicals,C20,medium-high,39510.0,-0.004041430102939,76.673,EU-15,True,,,70.773,0.0,0.0,0.0
BE,42,2013,6873390.0,15.743167992273884,0.2440715076663391,,,42,Production of bulk chemicals,C20,medium-high,39440.0,-0.0017732746888654,77.858,EU-15,True,,,70.773,0.0,0.0,0.0
BE,42,2014,6947414.0,15.753880061968744,0.0107120696948594,,,42,Production of bulk chemicals,C20,medium-high,39960.0,0.0130984240459195,80.19,EU-15,True,,,70.773,0.0,0.0,0.0
BE,42,2015,7171786.0,15.785665275002092,0.0317852130333484,,,42,Production of bulk chemicals,C20,medium-high,40310.0,0.0087206233487204,84.227,EU-15,True,,,70.773,0.0,0.0,0.0
BE,42,2016,6875092.0,15.743415583245556,-0.0422496917565364,,,42,Production of bulk chemicals,C20,medium-high,40590.0,0.0069221537217316,75.982,EU-15,False,,,70.773,0.0,0.0,0.0
BE,42,2017,7276215.0,15.80012136738644,0.0567057841408846,,,42,Production of bulk chemicals,C20,medium-high,41030.0,0.0107817756032897,75.318,EU-15,False,,,70.773,0.0,0.0,0.0
BE,42,2018,7115404.0,15.77777256934173,-0.0223487980447103,,,42,Production of bulk chemicals,C20,medium-high,41610.0,0.0140370165407546,83.043,EU-15,False,,,70.773,0.0,0.0,0.0
BE,42,2019,6286884.0,15.653976116423548,-0.1237964529181816,,,42,Production of bulk chemicals,C20,medium-high,42400.0,0.0188078392430615,77.668,EU-15,False,,,70.773,0.0,0.0,0.0
BE,42,2020,6720835.0,15.720722960732582,0.0667468443090335,,,42,Production of bulk chemicals,C20,medium-high,40190.0,-0.0535301537768013,78.133,EU-15,True,,,70.773,0.0,0.0,0.0
BE,42,2021,6900516.0,15.747106749380103,0.0263837886475215,,,42,Production of bulk chemicals,C20,medium-high,42530.0,0.0565915008044317,70.773,EU-15,True,,,70.773,0.0,0.0,0.0
BE,42,2022,5927766.0,15.595157971494745,-0.1519487778853605,,,42,Production of bulk chemicals,C20,medium-high,43890.0,0.0314767944346012,73.697,EU-15,True,,,70.773,1.0,70.773,0.0
BE,42,2023,5804015.0,15.57406047740741,-0.021097494087332,,,42,Production of bulk chemicals,C20,medium-high,44190.0,0.0068120154425059,75.763,EU-15,True,,0.6834,70.773,1.0,70.773,0.0
BE,42,2024,6516097.0,15.689786135026663,0.1157256576192544,0.6834,4.0,42,Production of bulk chemicals,C20,medium-high,44410.0,0.004966150161362,75.448,EU-15,True,,,70.773,0.0,0.0,0.0
BE,42,2025,6247549.0,15.647699784797744,-0.0420863502289226,,,42,Production of bulk chemicals,C20,medium-high,44650.0,0.0053896380184976,,EU-15,True,0.6834,,70.773,0.0,0.0,0.0
CZ,42,2005,293871.0,12.590896174520472,,,,42,Production of bulk chemicals,C20,medium-high,16180.0,0.0591964085769252,27.846,2004,True,,,39.958,0.0,0.0,1.0
CZ,42,2006,327017.0,12.697767436295658,0.1068712617751845,,,42,Production of bulk chemicals,C20,medium-high,17200.0,0.061133472189061,27.498,2004,True,,,39.958,0.0,0.0,1.0
CZ,42,2007,319223.0,12.67364519709979,-0.0241222391958686,,,42,Production of bulk chemicals,C20,medium-high,18050.0,0.0482363009594823,24.989,2004,True,,,39.958,0.0,0.0,1.0
CZ,42,2008,305636.0,12.630150130383624,-0.0434950667161651,,,42,Production of bulk chemicals,C20,medium-high,18330.0,0.0153933770727245,27.737,2004,True,,,39.958,0.0,0.0,1.0
CZ,42,2009,307596.0,12.636542512627903,0.0063923822442806,,,42,Production of bulk chemicals,C20,medium-high,17350.0,-0.0549465554587467,26.867,2004,True,,,39.958,0.0,0.0,1.0
CZ,42,2010,315817.0,12.662918210893762,0.0263756982658573,,,42,Production of bulk chemicals,C20,medium-high,17770.0,0.023919135773692,25.38,2004,True,,,39.958,0.0,0.0,1.0
CZ,42,2011,292137.0,12.584978149302987,-0.0779400615907732,,,42,Production of bulk chemicals,C20,medium-high,18120.0,0.0195046584482732,28.832,2004,True,,,39.958,0.0,0.0,1.0
CZ,42,2012,253418.0,12.442795578284825,-0.1421825710181661,,,42,Production of bulk chemicals,C20,medium-high,17970.0,-0.0083125998193658,25.413,2004,True,,,39.958,0.0,0.0,1.0
CZ,42,2013,366005.0,12.810402273492375,0.3676066952075523,,,42,Production of bulk chemicals,C20,medium-high,17970.0,0.0,27.58,2004,True,,,39.958,0.0,0.0,1.0
CZ,42,2014,396841.0,12.891290975667932,0.0808887021755566,,,42,Production of bulk chemicals,C20,medium-high,18370.0,0.0220151984315677,30.227,2004,True,,,39.958,0.0,0.0,1.0
CZ,42,2015,376707.0,12.839222975933817,-0.0520679997341169,,,42,Production of bulk chemicals,C20,medium-high,19270.0,0.0478305831992393,32.089,2004,True,,,39.958,0.0,0.0,1.0
CZ,42,2016,375040.0,12.83478796593073,-0.0044350100030854,,,42,Production of bulk chemicals,C20,medium-high,19760.0,0.0251102098934481,32.8,2004,False,,,39.958,0.0,0.0,1.0
CZ,42,2017,362347.0,12.800357595215171,-0.0344303707155564,,,42,Production of bulk chemicals,C20,medium-high,20760.0,0.0493683659779655,37.162,2004,False,,,39.958,0.0,0.0,1.0
CZ,42,2018,353955.0,12.776925065391584,-0.0234325298235891,,,42,Production of bulk chemicals,C20,medium-high,21320.0,0.0266175409999558,36.879,2004,False,,,39.958,0.0,0.0,1.0
CZ,42,2019,316866.0,12.666234250557366,-0.1106908148342178,,,42,Production of bulk chemicals,C20,medium-high,22050.0,0.0336670025952106,40.81,2004,False,,,39.958,0.0,0.0,1.0
CZ,42,2020,238260.0,12.381117793353352,-0.2851164572040137,,,42,Production of bulk chemicals,C20,medium-high,20980.0,-0.0497429989247031,38.768,2004,True,,0.3665,39.958,0.0,0.0,1.0
CZ,42,2021,234775.0,12.366382887672817,-0.0147349056805374,0.3665,3.0,42,Production of bulk chemicals,C20,medium-high,21830.0,0.039715567593701,39.958,2004,True,,0.6121,39.958,0.0,0.0,1.0
CZ,42,2022,217120.0,12.288205475068697,-0.0781774126041181,0.6121,4.0,42,Production of bulk chemicals,C20,medium-high,21910.0,0.0036579830455227,41.772,2004,True,0.3665,0.5204000000000001,39.958,1.0,39.958,1.0
CZ,42,2023,177788.0,12.088347108220727,-0.1998583668479678,0.5204000000000001,3.0,42,Production of bulk chemicals,C20,medium-high,21680.0,-0.01055297703593,41.679,2004,True,0.6121,0.6784,39.958,1.0,39.958,1.0
CZ,42,2024,191658.0,12.163467812697736,0.0751207044770065,0.6784,4.0,42,Production of bulk chemicals,C20,medium-high,21950.0,0.0123769629497356,39.32,2004,True,0.5204000000000001,0.5777,39.958,0.0,0.0,1.0
CZ,42,2025,150399.0,11.921047041539602,-0.2424207711581338,0.5777,3.0,42,Production of bulk chemicals,C20,medium-high,22510.0,0.0251925153974603,,2004,True,0.6784,,39.958,0.0,0.0,1.0
DE,42,2005,860748.0,13.665557057643031,,,,42,Production of bulk chemicals,C20,medium-high,35770.0,0.0101152871471139,60.74,EU-15,True,,,63.395,0.0,0.0,0.0
DE,42,2006,770384.0,13.554644370818403,-0.1109126868246281,,,42,Production of bulk chemicals,C20,medium-high,37230.0,0.0400053346136992,60.981,EU-15,True,,,63.395,0.0,0.0,0.0
DE,42,2007,772362.0,13.557208631019174,0.0025642602007707,,,42,Production of bulk chemicals,C20,medium-high,38390.0,0.0306821211280805,58.516,EU-15,True,,,63.395,0.0,0.0,0.0
DE,42,2008,5854434.0,15.58270988082792,2.0255012498087464,,,42,Production of bulk chemicals,C20,medium-high,38840.0,0.0116536344104183,60.769,EU-15,True,,,63.395,0.0,0.0,0.0
DE,42,2009,5240765.0,15.471978038007787,-0.1107318428201313,,,42,Production of bulk chemicals,C20,medium-high,36810.0,-0.0536810960321947,61.103,EU-15,True,,,63.395,0.0,0.0,0.0
DE,42,2010,5610771.0,15.540198701210889,0.0682206632030997,,,42,Production of bulk chemicals,C20,medium-high,38440.0,0.043329036711162,59.992,EU-15,True,,,63.395,0.0,0.0,0.0
DE,42,2011,5623868.0,15.542530241357934,0.0023315401470451,,,42,Production of bulk chemicals,C20,medium-high,39890.0,0.0370270818152231,61.801,EU-15,True,,,63.395,0.0,0.0,0.0
DE,42,2012,5467556.0,15.514342273821716,-0.0281879675362191,,,42,Production of bulk chemicals,C20,medium-high,40040.0,0.0037532885297046,61.215,EU-15,True,,,63.395,0.0,0.0,0.0
DE,42,2013,8040901.0,15.90005169955299,0.3857094257312745,,,42,Production of bulk chemicals,C20,medium-high,40160.0,0.0029925209364538,62.411,EU-15,True,,,63.395,0.0,0.0,0.0
DE,42,2014,8358400.0,15.93877757918414,0.0387258796311495,,,42,Production of bulk chemicals,C20,medium-high,40930.0,0.0189918151208381,61.779,EU-15,True,,,63.395,0.0,0.0,0.0
DE,42,2015,8049888.0,15.90116873625448,-0.037608842929659,,,42,Production of bulk chemicals,C20,medium-high,41360.0,0.0104509396958629,62.132,EU-15,True,,,63.395,0.0,0.0,0.0
DE,42,2016,8311523.0,15.933153423204018,0.0319846869495386,,,42,Production of bulk chemicals,C20,medium-high,42030.0,0.0160694188168513,63.752,EU-15,False,,,63.395,0.0,0.0,0.0
DE,42,2017,8287747.0,15.930288716953696,-0.0028647062503228,,,42,Production of bulk chemicals,C20,medium-high,43160.0,0.0265304913729078,63.959,EU-15,False,,,63.395,0.0,0.0,0.0
DE,42,2018,8022211.0,15.89772462763389,-0.0325640893198055,,,42,Production of bulk chemicals,C20,medium-high,43630.0,0.0108308467455842,63.478,EU-15,False,,,63.395,0.0,0.0,0.0
DE,42,2019,7593729.0,15.842833333069173,-0.054891294564717,,,42,Production of bulk chemicals,C20,medium-high,44080.0,0.0102611777091414,67.055,EU-15,False,,,63.395,0.0,0.0,0.0
DE,42,2020,7864808.0,15.877908682224854,0.0350753491556812,,,42,Production of bulk chemicals,C20,medium-high,42350.0,-0.0400377437465948,63.676,EU-15,True,,0.3824,63.395,0.0,0.0,0.0
DE,42,2021,8045209.0,15.900587316940038,0.0226786347151843,0.3824,3.0,42,Production of bulk chemicals,C20,medium-high,44090.0,0.0402645782717829,63.395,EU-15,True,,0.6175,63.395,0.0,0.0,0.0
DE,42,2022,6873752.0,15.743220657766113,-0.1573666591739257,0.6175,4.0,42,Production of bulk chemicals,C20,medium-high,44620.0,0.0119491896345387,68.652,EU-15,True,0.3824,0.3791,63.395,1.0,63.395,0.0
DE,42,2023,5769492.0,15.56809459301394,-0.1751260647521739,0.3791,3.0,42,Production of bulk chemicals,C20,medium-high,43770.0,-0.0192335378015826,66.831,EU-15,True,0.6175,0.6816,63.395,1.0,63.395,0.0
DE,42,2024,6184077.0,15.637488320659584,0.0693937276456466,0.6816,4.0,42,Production of bulk chemicals,C20,medium-high,43650.0,-0.0027453689171927,66.812,EU-15,True,0.3791,0.6264,63.395,0.0,0.0,0.0
DE,42,2025,6068134.0,15.6185617022654,-0.0189266183941843,0.6264,3.0,42,Production of bulk chemicals,C20,medium-high,43750.0,0.002288330518013,,EU-15,True,0.6816,,63.395,0.0,0.0,0.0
DK,42,2005,3245.0,8.08487062913819,,,,42,Production of bulk chemicals,C20,medium-high,49780.0,0.0204979272174856,-50.618,EU-15,True,,,32.225,0.0,0.0,0.0
DK,42,2006,1829.0,7.511524648390866,-0.5733459807473249,,,42,Production of bulk chemicals,C20,medium-high,51510.0,0.0341626666380481,-35.492,EU-15,True,,,32.225,0.0,0.0,0.0
EL,42,2006,5611.0,8.632484235750972,,,,42,Production of bulk chemicals,C20,medium-high,20790.0,0.0594528699134713,71.419,EU-15,True,,,73.819,0.0,0.0,0.0
EL,42,2007,15168.0,9.626943224494804,0.9944589887438317,,,42,Production of bulk chemicals,C20,medium-high,21470.0,0.0321845100207678,70.858,EU-15,True,,,73.819,0.0,0.0,0.0
ES,42,2005,955905.0,13.77041381471084,,,,42,Production of bulk chemicals,C20,medium-high,25000.0,0.0165359686400989,81.534,EU-15,True,,,69.38,0.0,0.0,0.0
ES,42,2006,1726995.0,14.361893461930649,0.5914796472198081,,,42,Production of bulk chemicals,C20,medium-high,25600.0,0.0237165266173153,81.304,EU-15,True,,,69.38,0.0,0.0,0.0
ES,42,2007,2010534.0,14.513910916392588,0.1520174544619408,,,42,Production of bulk chemicals,C20,medium-high,25990.0,0.0151194971678823,79.56,EU-15,True,,,69.38,0.0,0.0,0.0
ES,42,2008,2725982.0,14.818339288135377,0.3044283717427891,,,42,Production of bulk chemicals,C20,medium-high,25760.0,-0.0088889474172457,81.605,EU-15,True,,,69.38,0.0,0.0,0.0
ES,42,2009,2540464.0,14.747857299476632,-0.0704819886587451,,,42,Production of bulk chemicals,C20,medium-high,24590.0,-0.0464830450080508,79.549,EU-15,True,,,69.38,0.0,0.0,0.0
ES,42,2010,2593347.0,14.768459877395458,0.0206025779188259,,,42,Production of bulk chemicals,C20,medium-high,24510.0,-0.0032586586880807,77.003,EU-15,True,,,69.38,0.0,0.0,0.0
ES,42,2011,2549846.0,14.751543523154066,-0.0169163542413919,,,42,Production of bulk chemicals,C20,medium-high,24260.0,-0.0102522940241165,76.012,EU-15,True,,,69.38,0.0,0.0,0.0
ES,42,2012,2242825.0,14.62324678995034,-0.1282967332037259,,,42,Production of bulk chemicals,C20,medium-high,23560.0,-0.0292785447325183,72.798,EU-15,True,,,69.38,0.0,0.0,0.0
ES,42,2013,2845772.0,14.861344941984251,0.2380981520339116,,,42,Production of bulk chemicals,C20,medium-high,23310.0,-0.0106679057357208,69.997,EU-15,True,,,69.38,0.0,0.0,0.0
ES,42,2014,3077726.0,14.939701570575144,0.0783566285908925,,,42,Production of bulk chemicals,C20,medium-high,23730.0,0.017857617400006,72.557,EU-15,True,,,69.38,0.0,0.0,0.0
ES,42,2015,3297878.0,15.00878978930102,0.0690882187258772,,,42,Production of bulk chemicals,C20,medium-high,24720.0,0.0408725621418195,72.741,EU-15,True,,,69.38,0.0,0.0,0.0
ES,42,2016,3184107.0,14.973682430909395,-0.0351073583916257,,,42,Production of bulk chemicals,C20,medium-high,25420.0,0.0279236331718166,71.486,EU-15,False,,,69.38,0.0,0.0,0.0
ES,42,2017,3271071.0,15.000628012185288,0.0269455812758927,,,42,Production of bulk chemicals,C20,medium-high,26110.0,0.0267821169497306,73.886,EU-15,False,,,69.38,0.0,0.0,0.0
ES,42,2018,3189431.0,14.975353088945267,-0.0252749232400208,,,42,Production of bulk chemicals,C20,medium-high,26620.0,0.0193444302559271,73.613,EU-15,False,,,69.38,0.0,0.0,0.0
ES,42,2019,3287518.0,15.005643430738338,0.0302903417930711,,,42,Production of bulk chemicals,C20,medium-high,26930.0,0.0115780938565421,75.034,EU-15,False,,,69.38,0.0,0.0,0.0
ES,42,2020,3130097.0,14.956574552451478,-0.0490688782868602,,,42,Production of bulk chemicals,C20,medium-high,23850.0,-0.1214566894891575,67.892,EU-15,True,,,69.38,0.0,0.0,0.0
ES,42,2021,3125780.0,14.955194410007742,-0.001380142443736,,,42,Production of bulk chemicals,C20,medium-high,25440.0,0.064538521137571,69.38,EU-15,True,,,69.38,0.0,0.0,0.0
ES,42,2022,3008654.0,14.917003360632284,-0.0381910493754578,,,42,Production of bulk chemicals,C20,medium-high,26820.0,0.0528251393816106,74.202,EU-15,True,,,69.38,1.0,69.38,0.0
ES,42,2023,2784447.0,14.839559847892842,-0.0774435127394426,,,42,Production of bulk chemicals,C20,medium-high,27150.0,0.0122291685264119,68.261,EU-15,True,,0.3926,69.38,1.0,69.38,0.0
ES,42,2024,2827705.0,14.854975986554688,0.0154161386618465,0.3926,4.0,42,Production of bulk chemicals,C20,medium-high,27800.0,0.0236589743166479,68.871,EU-15,True,,0.5538000000000001,69.38,0.0,0.0,0.0
ES,42,2025,2566777.0,14.758161584244874,-0.096814402309814,0.5538000000000001,3.0,42,Production of bulk chemicals,C20,medium-high,28320.0,0.0185322481289276,,EU-15,True,0.3926,,69.38,0.0,0.0,0.0
FI,42,2008,442414.0,13.000001374259172,,,,42,Production of bulk chemicals,C20,medium-high,44350.0,0.0031617009174365,54.483,EU-15,True,,,37.933,0.0,0.0,0.0
FI,42,2009,429918.0,12.971349771810214,-0.0286516024489582,,,42,Production of bulk chemicals,C20,medium-high,40570.0,-0.0890838315372324,54.795,EU-15,True,,,37.933,0.0,0.0,0.0
FI,42,2010,456840.0,13.032088499164542,0.0607387273543285,,,42,Production of bulk chemicals,C20,medium-high,41660.0,0.0265125586144705,48.852,EU-15,True,,,37.933,0.0,0.0,0.0
FI,42,2011,441851.0,12.998728000155086,-0.033360499009456,,,42,Production of bulk chemicals,C20,medium-high,42460.0,0.0190210204422829,53.897,EU-15,True,,,37.933,0.0,0.0,0.0
FI,42,2012,400199.0,12.899717202378024,-0.0990107977770637,,,42,Production of bulk chemicals,C20,medium-high,41620.0,-0.0199816353096213,47.103,EU-15,True,,,37.933,0.0,0.0,0.0
FI,42,2013,540165.0,13.19962992742342,0.2999127250453988,,,42,Production of bulk chemicals,C20,medium-high,41020.0,-0.0145210683212528,49.64,EU-15,True,,,37.933,0.0,0.0,0.0
FI,42,2014,537361.0,13.194425400888845,-0.0052045265345785,,,42,Production of bulk chemicals,C20,medium-high,40650.0,-0.0090609166504158,49.89,EU-15,True,,,37.933,0.0,0.0,0.0
FI,42,2015,554162.0,13.225212341755949,0.0307869408671042,,,42,Production of bulk chemicals,C20,medium-high,40700.0,0.0012292564547298,47.901,EU-15,True,,,37.933,0.0,0.0,0.0
FI,42,2016,572356.0,13.257516454387682,0.0323041126317349,,,42,Production of bulk chemicals,C20,medium-high,41640.0,0.0228331512982187,46.104,EU-15,False,,,37.933,0.0,0.0,0.0
FI,42,2017,531690.0,13.183815891717297,-0.0737005626703872,,,42,Production of bulk chemicals,C20,medium-high,42910.0,0.0300436552566658,43.868,EU-15,False,,,37.933,0.0,0.0,0.0
FI,42,2018,548245.0,13.214477546311509,0.0306616545942119,,,42,Production of bulk chemicals,C20,medium-high,43360.0,0.0104324581279566,45.23,EU-15,False,,,37.933,0.0,0.0,0.0
FI,42,2019,562045.0,13.23933719684468,0.0248596505331732,,,42,Production of bulk chemicals,C20,medium-high,43910.0,0.0126047274422358,42.894,EU-15,False,,,37.933,0.0,0.0,0.0
FI,42,2020,559227.0,13.23431075199794,-0.0050264448467398,,,42,Production of bulk chemicals,C20,medium-high,42740.0,-0.0270068346826253,43.031,EU-15,True,,,37.933,0.0,0.0,0.0
FI,42,2021,561678.0,13.238684010938458,0.004373258940518,,,42,Production of bulk chemicals,C20,medium-high,43800.0,0.0244985674913991,37.933,EU-15,True,,,37.933,0.0,0.0,0.0
FI,42,2022,554268.0,13.225403603270564,-0.013280407667894,,,42,Production of bulk chemicals,C20,medium-high,44010.0,0.0047830634406,40.919,EU-15,True,,,37.933,1.0,37.933,0.0
FI,42,2023,468691.0,13.057698981678218,-0.1677046215923461,,,42,Production of bulk chemicals,C20,medium-high,43280.0,-0.0167262462847741,29.709,EU-15,True,,,37.933,1.0,37.933,0.0
FI,42,2024,561636.0,13.23860923220336,0.1809102505251409,,,42,Production of bulk chemicals,C20,medium-high,43330.0,0.0011546012135923,32.973,EU-15,True,,,37.933,0.0,0.0,0.0
FI,42,2025,535357.0,13.190689093058978,-0.0479201391443808,,,42,Production of bulk chemicals,C20,medium-high,43450.0,0.0027656159595821,,EU-15,True,,,37.933,0.0,0.0,0.0
FR,42,2005,872997.0,13.679687398389715,,,,42,Production of bulk chemicals,C20,medium-high,33680.0,0.0113467923877266,51.698,EU-15,True,,,44.036,0.0,0.0,0.0
FR,42,2006,797007.0,13.588618740669792,-0.0910686577199246,,,42,Production of bulk chemicals,C20,medium-high,34360.0,0.0199889077419292,51.518,EU-15,True,,,44.036,0.0,0.0,0.0
FR,42,2007,780184.0,13.567285068282247,-0.021333672387545,,,42,Production of bulk chemicals,C20,medium-high,35010.0,0.0187406378505201,50.42,EU-15,True,,,44.036,0.0,0.0,0.0
FR,42,2008,1149780.0,13.955081177690596,0.3877961094083488,,,42,Production of bulk chemicals,C20,medium-high,34960.0,-0.0014291841792406,50.748,EU-15,True,,,44.036,0.0,0.0,0.0
FR,42,2009,1003244.0,13.81874930754811,-0.1363318701424862,,,42,Production of bulk chemicals,C20,medium-high,33800.0,-0.0337437482983613,50.652,EU-15,True,,,44.036,0.0,0.0,0.0
FR,42,2010,731495.0,13.502845664148962,-0.3159036433991478,,,42,Production of bulk chemicals,C20,medium-high,34310.0,0.0149760543813854,48.668,EU-15,True,,,44.036,0.0,0.0,0.0
FR,42,2011,689435.0,13.44362770056066,-0.059217963588301,,,42,Production of bulk chemicals,C20,medium-high,34990.0,0.0196254495092382,49.012,EU-15,True,,,44.036,0.0,0.0,0.0
FR,42,2012,709909.0,13.472892071789063,0.0292643712284021,,,42,Production of bulk chemicals,C20,medium-high,34880.0,-0.0031487073388181,48.133,EU-15,True,,,44.036,0.0,0.0,0.0
FR,42,2013,1323925.0,14.096111367348936,0.6232192955598723,,,42,Production of bulk chemicals,C20,medium-high,34990.0,0.0031487073388181,47.934,EU-15,True,,,44.036,0.0,0.0,0.0
FR,42,2014,1404646.0,14.155295871708038,0.0591845043591021,,,42,Production of bulk chemicals,C20,medium-high,35150.0,0.004562311877077,46.215,EU-15,True,,,44.036,0.0,0.0,0.0
FR,42,2015,1348217.0,14.11429353672711,-0.0410023349809272,,,42,Production of bulk chemicals,C20,medium-high,35370.0,0.0062393849607165,45.895,EU-15,True,,,44.036,0.0,0.0,0.0
FR,42,2016,1191251.0,13.990514573404552,-0.1237789633225592,,,42,Production of bulk chemicals,C20,medium-high,35540.0,0.0047948195091152,47.327,EU-15,False,,,44.036,0.0,0.0,0.0
FR,42,2017,1365663.0,14.12715058296591,0.136636009561359,,,42,Production of bulk chemicals,C20,medium-high,36140.0,0.0167414624375776,48.703,EU-15,False,,,44.036,0.0,0.0,0.0
FR,42,2018,1352400.0,14.117391349815868,-0.0097592331500422,,,42,Production of bulk chemicals,C20,medium-high,36570.0,0.0118279469972062,46.735,EU-15,False,,,44.036,0.0,0.0,0.0
FR,42,2019,1258823.0,14.045687715375028,-0.0717036344408406,,,42,Production of bulk chemicals,C20,medium-high,37160.0,0.0160046817843486,47.584,EU-15,False,,,44.036,0.0,0.0,0.0
FR,42,2020,1223571.0,14.017284190422286,-0.0284035249527416,,,42,Production of bulk chemicals,C20,medium-high,34230.0,-0.082130461403544,44.424,EU-15,True,,0.1923,44.036,0.0,0.0,0.0
FR,42,2021,1300360.0,14.07815170717257,0.0608675167502834,0.1923,3.0,42,Production of bulk chemicals,C20,medium-high,36460.0,0.0631133167084225,44.036,EU-15,True,,,44.036,0.0,0.0,0.0
FR,42,2022,1010634.0,13.82608841465419,-0.252063292518379,,,42,Production of bulk chemicals,C20,medium-high,37280.0,0.0222412205668742,51.819,EU-15,True,0.1923,,44.036,1.0,44.036,0.0
FR,42,2023,904561.0,13.715205022118376,-0.110883392535813,,,42,Production of bulk chemicals,C20,medium-high,37730.0,0.0119985441588283,44.773,EU-15,True,,,44.036,1.0,44.036,0.0
FR,42,2024,1047405.0,13.861826234541546,0.1466212124231685,,,42,Production of bulk chemicals,C20,medium-high,38180.0,0.0118562843213823,41.672,EU-15,True,,,44.036,0.0,0.0,0.0
FR,42,2025,1011018.0,13.82646830199842,-0.0353579325431265,,,42,Production of bulk chemicals,C20,medium-high,38360.0,0.0047034317176368,,EU-15,True,,,44.036,0.0,0.0,0.0
HU,42,2005,57890.0,10.96629993707305,,,,42,Production of bulk chemicals,C20,medium-high,11050.0,0.0444106280816161,62.254,2004,True,,,54.121,0.0,0.0,1.0
HU,42,2006,63344.0,11.056335469345912,0.0900355322728625,,,42,Production of bulk chemicals,C20,medium-high,11500.0,0.0399166074054413,61.819,2004,True,,,54.121,0.0,0.0,1.0
HU,42,2007,74151.0,11.213858833651807,0.1575233643058968,,,42,Production of bulk chemicals,C20,medium-high,11550.0,0.0043384015985985,60.362,2004,True,,,54.121,0.0,0.0,1.0
HU,42,2008,1216824.0,14.011754743598583,2.797895909946776,,,42,Production of bulk chemicals,C20,medium-high,11690.0,0.0120483385161751,62.589,2004,True,,,54.121,0.0,0.0,1.0
HU,42,2009,1108997.0,13.91896656118908,-0.0927881824095049,,,42,Production of bulk chemicals,C20,medium-high,10920.0,-0.0681378051672183,57.574,2004,True,,,54.121,0.0,0.0,1.0
HU,42,2010,1183125.0,13.983669800945725,0.0647032397566444,,,42,Production of bulk chemicals,C20,medium-high,11060.0,0.0127390257774298,56.93,2004,True,,,54.121,0.0,0.0,1.0
HU,42,2011,1177418.0,13.97883446338198,-0.0048353375637439,,,42,Production of bulk chemicals,C20,medium-high,11300.0,0.0214677296241063,50.273,2004,True,,,54.121,0.0,0.0,1.0
HU,42,2012,972339.0,13.78745978807015,-0.191374675311831,,,42,Production of bulk chemicals,C20,medium-high,11220.0,-0.0071048256237453,50.146,2004,True,,,54.121,0.0,0.0,1.0
HU,42,2013,1122826.0,13.931359279596489,0.1438994915263372,,,42,Production of bulk chemicals,C20,medium-high,11490.0,0.0237791917661134,50.122,2004,True,,,54.121,0.0,0.0,1.0
HU,42,2014,1149967.0,13.955243804275533,0.023884524679044,,,42,Production of bulk chemicals,C20,medium-high,12040.0,0.0467573480200105,59.845,2004,True,,,54.121,0.0,0.0,1.0
HU,42,2015,1217923.0,14.012657506862809,0.0574137025872776,,,42,Production of bulk chemicals,C20,medium-high,12530.0,0.0398913290273021,53.875,2004,True,,,54.121,0.0,0.0,1.0
HU,42,2016,1057168.0,13.87110419262004,-0.1415533142427687,,,42,Production of bulk chemicals,C20,medium-high,12880.0,0.0275499517682309,55.823,2004,False,,,54.121,0.0,0.0,1.0
HU,42,2017,1166936.0,13.96989206829098,0.0987878756709399,,,42,Production of bulk chemicals,C20,medium-high,13460.0,0.0440466035403748,62.645,2004,False,,,54.121,0.0,0.0,1.0
HU,42,2018,1199689.0,13.997572914502078,0.0276808462110977,,,42,Production of bulk chemicals,C20,medium-high,14240.0,0.056332581767247,58.123,2004,False,,,54.121,0.0,0.0,1.0
HU,42,2019,1121990.0,13.93061445236909,-0.0669584621329875,,,42,Production of bulk chemicals,C20,medium-high,14980.0,0.0506610721052442,69.712,2004,False,,,54.121,0.0,0.0,1.0
HU,42,2020,1166775.0,13.969754090623432,0.0391396382543423,,,42,Production of bulk chemicals,C20,medium-high,14370.0,-0.0415732779981397,56.618,2004,True,,0.0774,54.121,0.0,0.0,1.0
HU,42,2021,1196633.0,13.995022337695856,0.0252682470724234,0.0774,3.0,42,Production of bulk chemicals,C20,medium-high,15470.0,0.0737599644940409,54.121,2004,True,,0.3354,54.121,0.0,0.0,1.0
HU,42,2022,934048.0,13.747283107753418,-0.2477392299424377,0.3354,4.0,42,Production of bulk chemicals,C20,medium-high,16160.0,0.0436363885079753,64.206,2004,True,0.0774,0.278,54.121,1.0,54.121,1.0
HU,42,2023,1001495.0,13.817004441564317,0.0697213338108966,0.278,3.0,42,Production of bulk chemicals,C20,medium-high,16050.0,-0.0068302035169249,62.087,2004,True,0.3354,0.475,54.121,1.0,54.121,1.0
HU,42,2024,1060452.0,13.87420579029351,0.0572013487291958,0.475,4.0,42,Production of bulk chemicals,C20,medium-high,16210.0,0.0099194861715599,48.943,2004,True,0.278,0.4777,54.121,0.0,0.0,1.0
HU,42,2025,885986.0,13.694456428107973,-0.1797493621855377,0.4777,3.0,42,Production of bulk chemicals,C20,medium-high,16370.0,0.0098220556354586,,2004,True,0.475,,54.121,0.0,0.0,1.0
IE,42,2005,75914.0,11.237356399602248,,,,42,Production of bulk chemicals,C20,medium-high,47240.0,0.0333615357539809,89.647,EU-15,True,,,76.997,0.0,0.0,0.0
IT,42,2005,2819132.0,14.851939594115278,,,,42,Production of bulk chemicals,C20,medium-high,31850.0,0.0018856070954615,83.348,EU-15,True,,,73.416,0.0,0.0,0.0
IT,42,2006,3068557.0,14.936717976490153,0.0847783823748749,,,42,Production of bulk chemicals,C20,medium-high,32290.0,0.0137202027520118,85.867,EU-15,True,,,73.416,0.0,0.0,0.0
IT,42,2007,2833769.0,14.857118185677736,-0.0795997908124164,,,42,Production of bulk chemicals,C20,medium-high,32570.0,0.0086340345179571,83.002,EU-15,True,,,73.416,0.0,0.0,0.0
IT,42,2008,4394195.0,15.295794909640213,0.4386767239624767,,,42,Production of bulk chemicals,C20,medium-high,31990.0,-0.017968265326715,82.804,EU-15,True,,,73.416,0.0,0.0,0.0
IT,42,2009,4061046.0,15.216951133863578,-0.0788437757766349,,,42,Production of bulk chemicals,C20,medium-high,30110.0,-0.0605660114677846,80.777,EU-15,True,,,73.416,0.0,0.0,0.0
IT,42,2010,4076310.0,15.22070272538856,0.0037515915249812,,,42,Production of bulk chemicals,C20,medium-high,30440.0,0.0109001904998429,82.571,EU-15,True,,,73.416,0.0,0.0,0.0
IT,42,2011,3431425.0,15.048486184760923,-0.1722165406276357,,,42,Production of bulk chemicals,C20,medium-high,30550.0,0.0036071526241201,81.353,EU-15,True,,,73.416,0.0,0.0,0.0
IT,42,2012,2961907.0,14.901343875612708,-0.1471423091482151,,,42,Production of bulk chemicals,C20,medium-high,29510.0,-0.0346354966627568,79.109,EU-15,True,,,73.416,0.0,0.0,0.0
IT,42,2013,3237562.0,14.990331135385713,0.0889872597730025,,,42,Production of bulk chemicals,C20,medium-high,28920.0,-0.0201957916642836,76.736,EU-15,True,,,73.416,0.0,0.0,0.0
IT,42,2014,2602364.0,14.771930820661028,-0.2184003147246827,,,42,Production of bulk chemicals,C20,medium-high,28910.0,-0.0003458412623089,75.811,EU-15,True,,,73.416,0.0,0.0,0.0
IT,42,2015,2624133.0,14.780261113737236,0.0083302930762076,,,42,Production of bulk chemicals,C20,medium-high,29210.0,0.0103235603713933,77.03,EU-15,True,,,73.416,0.0,0.0,0.0
IT,42,2016,2708568.0,14.811930639912251,0.0316695261750155,,,42,Production of bulk chemicals,C20,medium-high,29630.0,0.0142762451858242,77.653,EU-15,False,,,73.416,0.0,0.0,0.0
IT,42,2017,2694570.0,14.80674919486404,-0.0051814450482101,,,42,Production of bulk chemicals,C20,medium-high,30160.0,0.0177291815542819,76.979,EU-15,False,,,73.416,0.0,0.0,0.0
IT,42,2018,2763387.0,14.831967659243926,0.0252184643798845,,,42,Production of bulk chemicals,C20,medium-high,30470.0,0.010226049857863,76.338,EU-15,False,,,73.416,0.0,0.0,0.0
IT,42,2019,2498413.0,14.7311662882676,-0.1008013709763258,,,42,Production of bulk chemicals,C20,medium-high,30680.0,0.0068683835014375,77.484,EU-15,False,,,73.416,0.0,0.0,0.0
IT,42,2020,2367426.0,14.677313846954084,-0.0538524413135164,,,42,Production of bulk chemicals,C20,medium-high,28100.0,-0.0878414001593554,73.454,EU-15,True,,,73.416,0.0,0.0,0.0
IT,42,2021,2463581.0,14.717126540474329,0.0398126935202451,,,42,Production of bulk chemicals,C20,medium-high,30760.0,0.0904455682977438,73.416,EU-15,True,,,73.416,0.0,0.0,0.0
IT,42,2022,2135115.0,14.574031067362858,-0.1430954731114706,,,42,Production of bulk chemicals,C20,medium-high,32310.0,0.0491616351989634,79.49,EU-15,True,,,73.416,1.0,73.416,0.0
IT,42,2023,1782790.0,14.393690110884666,-0.1803409564781919,,,42,Production of bulk chemicals,C20,medium-high,32630.0,0.009855330768822,75.356,EU-15,True,,,73.416,1.0,73.416,0.0
IT,42,2024,1694774.0,14.343059956573676,-0.0506301543109906,,,42,Production of bulk chemicals,C20,medium-high,32900.0,0.0082405471660962,73.884,EU-15,True,,,73.416,0.0,0.0,0.0
IT,42,2025,1167776.0,13.9706116431561,-0.3724483134175766,,,42,Production of bulk chemicals,C20,medium-high,33080.0,0.0054562123841641,,EU-15,True,,,73.416,0.0,0.0,0.0
NL,42,2005,1108653.0,13.918656322871255,,,,42,Production of bulk chemicals,C20,medium-high,42160.0,0.0177080482656677,37.784,EU-15,True,,,58.451,0.0,0.0,0.0
NL,42,2006,748496.0,13.525821138806164,-0.3928351840650919,,,42,Production of bulk chemicals,C20,medium-high,43590.0,0.0333558620171938,38.561,EU-15,True,,,58.451,0.0,0.0,0.0
NL,42,2007,805184.0,13.598826101710802,0.0730049629046369,,,42,Production of bulk chemicals,C20,medium-high,45180.0,0.0358267447895563,37.407,EU-15,True,,,58.451,0.0,0.0,0.0
NL,42,2008,5099819.0,15.444715606868684,1.8458895051578812,,,42,Production of bulk chemicals,C20,medium-high,45960.0,0.0171169419406975,33.555,EU-15,True,,,58.451,0.0,0.0,0.0
NL,42,2009,4777929.0,15.37951774698352,-0.0651978598851634,,,42,Production of bulk chemicals,C20,medium-high,44050.0,-0.0424461005983651,34.059,EU-15,True,,,58.451,0.0,0.0,0.0
NL,42,2010,4958535.0,15.416620892169671,0.0371031451861512,,,42,Production of bulk chemicals,C20,medium-high,44400.0,0.0079141170559893,28.279,EU-15,True,,,58.451,0.0,0.0,0.0
NL,42,2011,4579142.0,15.3370222022962,-0.079598689873471,,,42,Production of bulk chemicals,C20,medium-high,44980.0,0.0129784770929912,29.357,EU-15,True,,,58.451,0.0,0.0,0.0
NL,42,2012,4782829.0,15.380542770403007,0.0435205681068069,,,42,Production of bulk chemicals,C20,medium-high,44370.0,-0.013654381140352,30.635,EU-15,True,,,58.451,0.0,0.0,0.0
NL,42,2013,4763476.0,15.376488211804114,-0.0040545585988933,,,42,Production of bulk chemicals,C20,medium-high,44230.0,-0.0031602735105824,23.738,EU-15,True,,,58.451,0.0,0.0,0.0
NL,42,2014,4707948.0,15.364762702271571,-0.0117255095325425,,,42,Production of bulk chemicals,C20,medium-high,44780.0,0.0123583192903726,30.948,EU-15,True,,,58.451,0.0,0.0,0.0
NL,42,2015,4257847.0,15.264274191427369,-0.1004885108442046,,,42,Production of bulk chemicals,C20,medium-high,45530.0,0.0166098381760821,48.372,EU-15,True,,,58.451,0.0,0.0,0.0
NL,42,2016,5093979.0,15.443569812015989,0.1792956205886202,,,42,Production of bulk chemicals,C20,medium-high,46380.0,0.0184968824806954,45.874,EU-15,False,,,58.451,0.0,0.0,0.0
NL,42,2017,5044685.0,15.433845771763028,-0.0097240402529603,,,42,Production of bulk chemicals,C20,medium-high,47390.0,0.0215429041521115,51.699,EU-15,False,,,58.451,0.0,0.0,0.0
NL,42,2018,5205220.0,15.465172526188892,0.0313267544258657,,,42,Production of bulk chemicals,C20,medium-high,48180.0,0.0165327612072285,59.517,EU-15,False,,,58.451,0.0,0.0,0.0
NL,42,2019,4735272.0,15.370549727514216,-0.0946227986746777,,,42,Production of bulk chemicals,C20,medium-high,48970.0,0.0162638685275009,64.304,EU-15,False,,,58.451,0.0,0.0,0.0
NL,42,2020,4516924.0,15.32334178916865,-0.047207938345565,,,42,Production of bulk chemicals,C20,medium-high,46810.0,-0.0451110104022483,68.023,EU-15,True,,0.4618,58.451,0.0,0.0,0.0
NL,42,2021,7374306.0,15.8135123540674,0.4901705648987509,0.4618,3.0,42,Production of bulk chemicals,C20,medium-high,49490.0,0.0556737736518169,58.451,EU-15,True,,0.6869,58.451,0.0,0.0,0.0
NL,42,2022,6709040.0,15.71896642866766,-0.0945459253997409,0.6869,4.0,42,Production of bulk chemicals,C20,medium-high,51480.0,0.0394227537641302,80.242,EU-15,True,0.4618,0.6648000000000001,58.451,1.0,58.451,0.0
NL,42,2023,6129520.0,15.628627001420746,-0.0903394272469135,0.6648000000000001,3.0,42,Production of bulk chemicals,C20,medium-high,50660.0,-0.016056738154397,70.411,EU-15,True,0.6869,0.6845,58.451,1.0,58.451,0.0
NL,42,2024,6305641.0,15.65695518755855,0.0283281861378039,0.6845,4.0,42,Production of bulk chemicals,C20,medium-high,50870.0,0.0041367142611452,70.564,EU-15,True,0.6648000000000001,0.8101999999999999,58.451,0.0,0.0,0.0
NL,42,2025,5834588.0,15.579314212812305,-0.0776409747462469,0.8101999999999999,3.0,42,Production of bulk chemicals,C20,medium-high,51400.0,0.0103648136264453,,EU-15,True,0.6845,,58.451,0.0,0.0,0.0
NO,42,2008,1230657.0,14.023058731084683,,,,42,Production of bulk chemicals,C20,medium-high,61200.0,-0.0042393671840574,-592.319,,True,,,-622.175,0.0,-0.0,0.0
NO,42,2009,1267108.0,14.052247696396616,0.0291889653119312,,,42,Production of bulk chemicals,C20,medium-high,59450.0,-0.0290115663814898,-601.253,,True,,,-622.175,0.0,-0.0,0.0
NO,42,2010,1176091.0,13.977706785399338,-0.0745409109972783,,,42,Production of bulk chemicals,C20,medium-high,59310.0,-0.0023576972861558,-536.301,,True,,,-622.175,0.0,-0.0,0.0
NO,42,2011,1152979.0,13.957859585728867,-0.0198471996704689,,,42,Production of bulk chemicals,C20,medium-high,59350.0,0.0006741952050415,-590.038,,True,,,-622.175,0.0,-0.0,0.0
NO,42,2012,1065277.0,13.878745417203822,-0.0791141685250469,,,42,Production of bulk chemicals,C20,medium-high,60230.0,0.0147184459999536,-568.081,,True,,,-622.175,0.0,-0.0,0.0
NO,42,2013,1838683.0,14.424560112436495,0.5458146952326732,,,42,Production of bulk chemicals,C20,medium-high,60260.0,0.0004979666465256,-508.738,,True,,,-622.175,0.0,-0.0,0.0
NO,42,2014,1781854.0,14.393164953241149,-0.0313951591953465,,,42,Production of bulk chemicals,C20,medium-high,60840.0,0.0095789336889353,-566.17,,True,,,-622.175,0.0,-0.0,0.0
NO,42,2015,2077724.0,14.5467836218007,0.1536186685595524,,,42,Production of bulk chemicals,C20,medium-high,61450.0,0.0099763686209524,-678.008,,True,,,-622.175,0.0,-0.0,0.0
NO,42,2016,1873022.0,14.443063727219496,-0.1037198945812054,,,42,Production of bulk chemicals,C20,medium-high,61700.0,0.0040600948992981,-608.666,,False,,,-622.175,0.0,-0.0,0.0
NO,42,2017,1550362.0,14.253999010014349,-0.1890647172051487,,,42,Production of bulk chemicals,C20,medium-high,62850.0,0.0184670041249148,-595.383,,False,,,-622.175,0.0,-0.0,0.0
NO,42,2018,1821923.0,14.415403094657636,0.1614040846432889,,,42,Production of bulk chemicals,C20,medium-high,63130.0,0.0044451573432766,-563.803,,False,,,-622.175,0.0,-0.0,0.0
NO,42,2019,1759967.0,14.38080561683855,-0.0345974778190854,,,42,Production of bulk chemicals,C20,medium-high,63630.0,0.0078889648651667,-561.944,,False,,,-622.175,0.0,-0.0,0.0
NO,42,2020,1640761.0,14.3106707165646,-0.0701349002739508,,,42,Production of bulk chemicals,C20,medium-high,62400.0,-0.0195197818693184,-603.999,,True,,0.5097999999999999,-622.175,0.0,-0.0,0.0
NO,42,2021,1451430.0,14.18805983531078,-0.1226108812538182,0.5097999999999999,3.0,42,Production of bulk chemicals,C20,medium-high,64640.0,0.0352681388374573,-622.175,,True,,0.8011999999999999,-622.175,0.0,-0.0,0.0
NO,42,2022,1552466.0,14.255355192388928,0.0672953570781462,0.8011999999999999,4.0,42,Production of bulk chemicals,C20,medium-high,66670.0,0.0309216624171302,-682.103,,True,0.5097999999999999,0.5650999999999999,-622.175,1.0,-622.175,0.0
NO,42,2023,1623394.0,14.300029577355604,0.0446743849666759,0.5650999999999999,3.0,42,Production of bulk chemicals,C20,medium-high,66140.0,-0.0079813690763224,-655.137,,True,0.8011999999999999,0.7265999999999999,-622.175,1.0,-622.175,0.0
NO,42,2024,1394560.0,14.148089511298338,-0.151940066057266,0.7265999999999999,4.0,42,Production of bulk chemicals,C20,medium-high,66460.0,0.0048265553728015,-677.196,,True,0.5650999999999999,0.7342,-622.175,0.0,-0.0,0.0
NO,42,2025,1735067.0,14.366556587332187,0.2184670760338498,0.7342,3.0,42,Production of bulk chemicals,C20,medium-high,66720.0,0.0039044951240434,,,True,0.7265999999999999,,-622.175,0.0,-0.0,0.0
PL,42,2008,850723.0,13.653841855156625,,,,42,Production of bulk chemicals,C20,medium-high,9570.0,0.0426959191964879,30.862,2004,True,,,40.464,0.0,0.0,1.0
PL,42,2009,783642.0,13.571707562391046,-0.082134292765577,,,42,Production of bulk chemicals,C20,medium-high,9810.0,0.024769068112409,32.041,2004,True,,,40.464,0.0,0.0,1.0
PL,42,2010,771024.0,13.555474780465657,-0.0162327819253889,,,42,Production of bulk chemicals,C20,medium-high,10150.0,0.0340714319105242,31.559,2004,True,,,40.464,0.0,0.0,1.0
PL,42,2011,840023.0,13.641184551397028,0.0857097709313698,,,42,Production of bulk chemicals,C20,medium-high,10680.0,0.0508991280442536,34.008,2004,True,,,40.464,0.0,0.0,1.0
PL,42,2012,799279.0,13.591465350280105,-0.0497192011169218,,,42,Production of bulk chemicals,C20,medium-high,10840.0,0.0148701624794505,31.613,2004,True,,,40.464,0.0,0.0,1.0
PL,42,2013,4236144.0,15.259163979459917,1.667698629179812,,,42,Production of bulk chemicals,C20,medium-high,10930.0,0.0082683061769479,26.236,2004,True,,,40.464,0.0,0.0,1.0
PL,42,2014,4131197.0,15.234077753452942,-0.0250862260069748,,,42,Production of bulk chemicals,C20,medium-high,11360.0,0.0385871111045581,29.395,2004,True,,,40.464,0.0,0.0,1.0
PL,42,2015,4262311.0,15.2653220594149,0.0312443059619589,,,42,Production of bulk chemicals,C20,medium-high,11870.0,0.0439157953285711,29.829,2004,True,,,40.464,0.0,0.0,1.0
PL,42,2016,4123712.0,15.23226428656886,-0.0330577728460408,,,42,Production of bulk chemicals,C20,medium-high,12240.0,0.0306950684626023,30.744,2004,False,,,40.464,0.0,0.0,1.0
PL,42,2017,4109861.0,15.228899765949173,-0.003364520619689,,,42,Production of bulk chemicals,C20,medium-high,12870.0,0.0501897445238554,38.255,2004,False,,,40.464,0.0,0.0,1.0
PL,42,2018,4139069.0,15.23598144128532,0.0070816753361491,,,42,Production of bulk chemicals,C20,medium-high,13680.0,0.0610358905863694,43.52,2004,False,,,40.464,0.0,0.0,1.0
PL,42,2019,4154421.0,15.239683626381042,0.0037021850957223,,,42,Production of bulk chemicals,C20,medium-high,14310.0,0.045023681373955,45.251,2004,False,,,40.464,0.0,0.0,1.0
PL,42,2020,4094290.0,15.225103878063498,-0.0145797483175442,,,42,Production of bulk chemicals,C20,medium-high,14310.0,0.0,42.775,2004,True,,0.2579,40.464,0.0,0.0,1.0
PL,42,2021,4055882.0,15.215678731127786,-0.0094251469357118,0.2579,3.0,42,Production of bulk chemicals,C20,medium-high,15380.0,0.0721093705091391,40.464,2004,True,,0.3717,40.464,0.0,0.0,1.0
PL,42,2022,2844758.0,14.86098856041321,-0.3546901707145764,0.3717,4.0,42,Production of bulk chemicals,C20,medium-high,15840.0,0.0294704223087816,46.115,2004,True,0.2579,0.2827,40.464,1.0,40.464,1.0
PL,42,2023,2128516.0,14.570935581252863,-0.290052979160345,0.2827,3.0,42,Production of bulk chemicals,C20,medium-high,15950.0,0.0069204428445726,47.996,2004,True,0.3717,,40.464,1.0,40.464,1.0
PL,42,2024,2685642.0,14.803430363489037,0.23249478223617,,,42,Production of bulk chemicals,C20,medium-high,16510.0,0.0345074287011843,45.669,2004,True,0.2827,0.5433,40.464,0.0,0.0,1.0
PL,42,2025,2779965.0,14.837948895659508,0.0345185321704732,0.5433,3.0,42,Production of bulk chemicals,C20,medium-high,17170.0,0.0391974169773465,,2004,True,,,40.464,0.0,0.0,1.0
PT,42,2005,105860.0,11.56987274541198,,,,42,Production of bulk chemicals,C20,medium-high,19000.0,0.0058062976530219,88.561,EU-15,True,,,66.925,0.0,0.0,0.0
PT,42,2006,83512.0,11.332745613088134,-0.2371271323238453,,,42,Production of bulk chemicals,C20,medium-high,19280.0,0.0146293100159589,83.967,EU-15,True,,,66.925,0.0,0.0,0.0
PT,42,2007,122035.0,11.712063167817591,0.3793175547294574,,,42,Production of bulk chemicals,C20,medium-high,19720.0,0.0225650599920896,81.519,EU-15,True,,,66.925,0.0,0.0,0.0
PT,42,2008,88967.0,11.396020793439105,-0.3160423743784868,,,42,Production of bulk chemicals,C20,medium-high,19760.0,0.0020263431452338,83.623,EU-15,True,,,66.925,0.0,0.0,0.0
PT,42,2009,18.0,2.8903717578961645,-8.505649035542941,,,42,Production of bulk chemicals,C20,medium-high,19120.0,-0.0329247846964673,81.434,EU-15,True,,,66.925,0.0,0.0,0.0
PT,42,2013,45478.0,10.724983971523736,7.8346122136275715,,,42,Production of bulk chemicals,C20,medium-high,18330.0,-0.0043549333933725,73.347,EU-15,True,,,66.925,0.0,0.0,0.0
PT,42,2014,16994.0,9.740615619563489,-0.9843683519602492,,,42,Production of bulk chemicals,C20,medium-high,18560.0,0.0124696655064404,70.234,EU-15,True,,,66.925,0.0,0.0,0.0
PT,42,2015,18473.0,9.824065485558638,0.083449865995151,,,42,Production of bulk chemicals,C20,medium-high,18920.0,0.0192108362656764,76.293,EU-15,True,,,66.925,0.0,0.0,0.0
PT,42,2016,14490.0,9.581214035314728,-0.2428514502439096,,,42,Production of bulk chemicals,C20,medium-high,19350.0,0.0224728558520599,72.241,EU-15,False,,,66.925,0.0,0.0,0.0
PT,42,2017,13710.0,9.52588077255636,-0.0553332627583689,,,42,Production of bulk chemicals,C20,medium-high,20020.0,0.0340393544112824,77.965,EU-15,False,,,66.925,0.0,0.0,0.0
PT,42,2018,48175.0,10.782595493282567,1.2567147207262082,,,42,Production of bulk chemicals,C20,medium-high,20620.0,0.0295297047017406,75.657,EU-15,False,,,66.925,0.0,0.0,0.0
PT,42,2019,64651.0,11.076758851984476,0.2941633587019083,,,42,Production of bulk chemicals,C20,medium-high,21150.0,0.0253784269034724,73.875,EU-15,False,,,66.925,0.0,0.0,0.0
PT,42,2020,60095.0,11.003681922386887,-0.0730769295975868,,,42,Production of bulk chemicals,C20,medium-high,19360.0,-0.088430823643856,65.282,EU-15,True,,0.262,66.925,0.0,0.0,0.0
PT,42,2021,73802.0,11.20914111049236,0.2054591881054719,0.262,3.0,42,Production of bulk chemicals,C20,medium-high,20390.0,0.0518355027379335,66.925,EU-15,True,,,66.925,0.0,0.0,0.0
PT,42,2022,58081.0,10.96959386698131,-0.2395472435110512,,,42,Production of bulk chemicals,C20,medium-high,21690.0,0.0618067402524182,71.274,EU-15,True,0.262,0.3689,66.925,1.0,66.925,0.0
PT,42,2023,43538.0,10.68138939896088,-0.2882044680204281,0.3689,3.0,42,Production of bulk chemicals,C20,medium-high,22130.0,0.0200828292241759,66.866,EU-15,True,,0.5761999999999999,66.925,1.0,66.925,0.0
PT,42,2024,41162.0,10.625270779632404,-0.0561186193284761,0.5761999999999999,4.0,42,Production of bulk chemicals,C20,medium-high,22370.0,0.0107866214390792,64.524,EU-15,True,0.3689,0.4988,66.925,0.0,0.0,0.0
PT,42,2025,38628.0,10.56173268108681,-0.063538098545596,0.4988,3.0,42,Production of bulk chemicals,C20,medium-high,22560.0,0.00845765112782,,EU-15,True,0.5761999999999999,,66.925,0.0,0.0,0.0
RO,42,2007,846632.0,13.649021404606456,,,,42,Production of bulk chemicals,C20,medium-high,7870.0,0.0848190262586374,31.46,2007,True,,,31.65,0.0,0.0,1.0
RO,42,2008,710024.0,13.473054051263098,-0.1759673533433581,,,42,Production of bulk chemicals,C20,medium-high,8740.0,0.1048521272381322,27.65,2007,True,,,31.65,0.0,0.0,1.0
RO,42,2009,512942.0,13.147918057332245,-0.3251359939308536,,,42,Production of bulk chemicals,C20,medium-high,8330.0,-0.0480467334886913,19.89,2007,True,,,31.65,0.0,0.0,1.0
RO,42,2010,336515.0,12.726398003596447,-0.4215200537357972,,,42,Production of bulk chemicals,C20,medium-high,8050.0,-0.0341913647482794,21.386,2007,True,,,31.65,0.0,0.0,1.0
RO,42,2011,216017.0,12.283112387273032,-0.4432856163234149,,,42,Production of bulk chemicals,C20,medium-high,8460.0,0.0496770821876602,21.14,2007,True,,,31.65,0.0,0.0,1.0
RO,42,2012,143553.0,11.874459583972424,-0.4086528033006082,,,42,Production of bulk chemicals,C20,medium-high,8660.0,0.0233655489562103,22.463,2007,True,,,31.65,0.0,0.0,1.0
RO,42,2013,125229.0,11.73789934021916,-0.136560243753264,,,42,Production of bulk chemicals,C20,medium-high,8710.0,0.0057570682900678,18.317,2007,True,,,31.65,0.0,0.0,1.0
RO,42,2014,146048.0,11.891690613781693,0.1537912735625326,,,42,Production of bulk chemicals,C20,medium-high,9100.0,0.0438026226583936,16.663,2007,True,,,31.65,0.0,0.0,1.0
RO,42,2015,129893.0,11.77446631360085,-0.1172243001808421,,,42,Production of bulk chemicals,C20,medium-high,9430.0,0.0356216831225619,16.687,2007,True,,,31.65,0.0,0.0,1.0
RO,42,2016,105106.0,11.562724643722712,-0.2117416698781387,,,42,Production of bulk chemicals,C20,medium-high,9760.0,0.0343963037796353,21.901,2007,False,,,31.65,0.0,0.0,1.0
RO,42,2017,107301.0,11.583393248239856,0.0206686045171426,,,42,Production of bulk chemicals,C20,medium-high,10620.0,0.0844466153887903,23.295,2007,False,,,31.65,0.0,0.0,1.0
RO,42,2018,131790.0,11.788965025637935,0.2055717773980809,,,42,Production of bulk chemicals,C20,medium-high,11260.0,0.0585176068977517,24.291,2007,False,,,31.65,0.0,0.0,1.0
RO,42,2019,116504.0,11.665680886162416,-0.123284139475519,,,42,Production of bulk chemicals,C20,medium-high,11760.0,0.0434473197589362,30.282,2007,False,,,31.65,0.0,0.0,1.0
RO,42,2020,69883.0,11.154577694064905,-0.5111031920975133,,,42,Production of bulk chemicals,C20,medium-high,11390.0,-0.0319681650113885,28.191,2007,True,,0.0414,31.65,0.0,0.0,1.0
RO,42,2021,129485.0,11.771320323297074,0.6167426292321707,0.0414,3.0,42,Production of bulk chemicals,C20,medium-high,12130.0,0.0629459454968675,31.65,2007,True,,0.1934999999999999,31.65,0.0,0.0,1.0
RO,42,2022,51026.0,10.84009058572216,-0.9312297375749132,0.1934999999999999,4.0,42,Production of bulk chemicals,C20,medium-high,12690.0,0.0451325587703372,32.423,2007,True,0.0414,0.1067999999999999,31.65,1.0,31.65,1.0
RO,42,2023,23888.0,10.081131519778973,-0.7589590659431895,0.1067999999999999,3.0,42,Production of bulk chemicals,C20,medium-high,12970.0,0.0218247166020564,27.863,2007,True,0.1934999999999999,0.1675,31.65,1.0,31.65,1.0
RO,42,2024,165862.0,12.018911396294968,1.9377798765159968,0.1675,4.0,42,Production of bulk chemicals,C20,medium-high,13090.0,0.0092095815934563,30.356,2007,True,0.1067999999999999,0.1685,31.65,0.0,0.0,1.0
RO,42,2025,129792.0,11.773688448070745,-0.2452229482242227,0.1685,3.0,42,Production of bulk chemicals,C20,medium-high,13190.0,0.0076103868074142,,2007,True,0.1675,,31.65,0.0,0.0,1.0
SE,42,2013,1204.0,7.093404625868766,,,,42,Production of bulk chemicals,C20,medium-high,43770.0,0.0027453689171927,32.8,EU-15,True,,,21.224,0.0,0.0,0.0
SE,42,2014,1053.0,6.959398512133975,-0.1340061137347907,,,42,Production of bulk chemicals,C20,medium-high,44330.0,0.0127129975541588,32.345,EU-15,True,,,21.224,0.0,0.0,0.0
SE,42,2015,1361.0,7.215975002651466,0.2565764905174905,,,42,Production of bulk chemicals,C20,medium-high,45790.0,0.0324040779120426,30.071,EU-15,True,,,21.224,0.0,0.0,0.0
SE,42,2016,1841.0,7.518064181233078,0.3020891785816122,,,42,Production of bulk chemicals,C20,medium-high,46220.0,0.0093468781772294,33.311,EU-15,False,,,21.224,0.0,0.0,0.0
SE,42,2017,1868.0,7.532623618788788,0.01455943755571,,,42,Production of bulk chemicals,C20,medium-high,46420.0,0.0043177960000573,26.668,EU-15,False,,,21.224,0.0,0.0,0.0
SE,42,2018,1852.0,7.524021415206125,-0.0086022035826633,,,42,Production of bulk chemicals,C20,medium-high,46700.0,0.0060137638285606,29.072,EU-15,False,,,21.224,0.0,0.0,0.0
SE,42,2019,1398.0,7.242797922793756,-0.2812234924123693,,,42,Production of bulk chemicals,C20,medium-high,47410.0,0.0150890122391746,30.056,EU-15,False,,,21.224,0.0,0.0,0.0
SE,42,2020,1960.0,7.580699752224563,0.3379018294308071,,,42,Production of bulk chemicals,C20,medium-high,46180.0,-0.0262863729876769,31.982,EU-15,True,,0.5588000000000001,21.224,0.0,0.0,0.0
SE,42,2021,1486.0,7.303843225277705,-0.2768565269468581,0.5588000000000001,3.0,42,Production of bulk chemicals,C20,medium-high,48300.0,0.044884756732177,21.224,EU-15,True,,0.785,21.224,0.0,0.0,0.0
SE,42,2022,1567.0,7.356918242356021,0.0530750170783163,0.785,4.0,42,Production of bulk chemicals,C20,medium-high,48390.0,0.0018616201467001,26.961,EU-15,True,0.5588000000000001,0.6068,21.224,1.0,21.224,0.0
SE,42,2023,1136.0,7.035268599281097,-0.3216496430749238,0.6068,3.0,42,Production of bulk chemicals,C20,medium-high,47960.0,-0.0089258506459142,26.388,EU-15,True,0.785,0.8142,21.224,1.0,21.224,0.0
SE,42,2024,1515.0,7.323170717943469,0.2879021186623722,0.8142,4.0,42,Production of bulk chemicals,C20,medium-high,48770.0,0.016748039562648,26.504,EU-15,True,0.6068,0.7768,21.224,0.0,0.0,0.0
SE,42,2025,1289.0,7.161622002939187,-0.1615487150042822,0.7768,3.0,42,Production of bulk chemicals,C20,medium-high,49250.0,0.0097939978961374,,EU-15,True,0.8142,,21.224,0.0,0.0,0.0
SK,42,2008,353915.0,12.776812050289822,,,,42,Production of bulk chemicals,C20,medium-high,14030.0,0.0504308536268922,65.842,2004,True,,,52.584,0.0,0.0,1.0
SK,42,2009,373568.0,12.830855328563462,0.0540432782736406,,,42,Production of bulk chemicals,C20,medium-high,13230.0,-0.0587109159875058,67.692,2004,True,,,52.584,0.0,0.0,1.0
SK,42,2010,367453.0,12.814350698299794,-0.0165046302636682,,,42,Production of bulk chemicals,C20,medium-high,14100.0,0.0636878192572591,61.942,2004,True,,,52.584,0.0,0.0,1.0
SK,42,2011,389674.0,12.87306577111286,0.0587150728130669,,,42,Production of bulk chemicals,C20,medium-high,14540.0,0.0307286747212494,63.462,2004,True,,,52.584,0.0,0.0,1.0
SK,42,2012,280646.0,12.544849367640948,-0.328216403471913,,,42,Production of bulk chemicals,C20,medium-high,14750.0,0.0143396106804569,58.952,2004,True,,,52.584,0.0,0.0,1.0
SK,42,2013,313160.0,12.65446952102185,0.1096201533809022,,,42,Production of bulk chemicals,C20,medium-high,14830.0,0.0054090733640119,58.4,2004,True,,,52.584,0.0,0.0,1.0
SK,42,2014,250126.0,12.429720069879044,-0.2247494511428076,,,42,Production of bulk chemicals,C20,medium-high,15220.0,0.0259581962836978,60.698,2004,True,,,52.584,0.0,0.0,1.0
SK,42,2015,327779.0,12.700094879786391,0.2703748099073486,,,42,Production of bulk chemicals,C20,medium-high,16000.0,0.0499783698062419,58.013,2004,True,,,52.584,0.0,0.0,1.0
SK,42,2016,347951.0,12.759816944245012,0.0597220644586204,,,42,Production of bulk chemicals,C20,medium-high,16280.0,0.0173486383346137,58.206,2004,False,,,52.584,0.0,0.0,1.0
SK,42,2017,358644.0,12.790085532012718,0.030268587767706,,,42,Production of bulk chemicals,C20,medium-high,16730.0,0.0272661544243373,62.541,2004,False,,,52.584,0.0,0.0,1.0
SK,42,2018,400061.0,12.899372314463175,0.109286782450459,,,42,Production of bulk chemicals,C20,medium-high,17380.0,0.0381166048385139,61.905,2004,False,,,52.584,0.0,0.0,1.0
SK,42,2019,350258.0,12.766425304766386,-0.1329470096967906,,,42,Production of bulk chemicals,C20,medium-high,17760.0,0.0216286177267779,69.785,2004,False,,,52.584,0.0,0.0,1.0
SK,42,2020,403437.0,12.90777562067299,0.1413503159066031,,,42,Production of bulk chemicals,C20,medium-high,17270.0,-0.0279778454054362,56.329,2004,True,,0.1501,52.584,0.0,0.0,1.0
SK,42,2021,411181.0,12.92678878582987,0.0190131651568812,0.1501,3.0,42,Production of bulk chemicals,C20,medium-high,18320.0,0.0590224670873968,52.584,2004,True,,,52.584,0.0,0.0,1.0
SK,42,2022,362306.0,12.800244437607205,-0.1265443482226675,,,42,Production of bulk chemicals,C20,medium-high,18360.0,0.0021810259463599,69.595,2004,True,0.1501,0.1288,52.584,1.0,52.584,1.0
SK,42,2023,394656.0,12.885769778365717,0.0855253407585117,0.1288,3.0,42,Production of bulk chemicals,C20,medium-high,18750.0,0.0210193672240741,58.41,2004,True,,0.3752,52.584,1.0,52.584,1.0
SK,42,2024,267846.0,12.49816746746603,-0.387602310899684,0.3752,4.0,42,Production of bulk chemicals,C20,medium-high,19110.0,0.0190180058357629,53.501,2004,True,0.1288,0.2078,52.584,0.0,0.0,1.0
SK,42,2025,362838.0,12.801711732642252,0.303544265176221,0.2078,3.0,42,Production of bulk chemicals,C20,medium-high,19270.0,0.0083377241740922,,2004,True,0.3752,,52.584,0.0,0.0,1.0
UK,42,2005,874882.0,13.681844299102853,,,,42,Production of bulk chemicals,C20,medium-high,,,13.363,EU-15,True,,,,0.0,,0.0
UK,42,2006,814246.0,13.610017810630252,-0.0718264884726007,,,42,Production of bulk chemicals,C20,medium-high,,,21.132,EU-15,True,,,,0.0,,0.0
UK,42,2007,772739.0,13.5576966250176,-0.0523211856126515,,,42,Production of bulk chemicals,C20,medium-high,,,20.378,EU-15,True,,,,0.0,,0.0
UK,42,2008,2768011.0,14.83363956970024,1.2759429446826402,,,42,Production of bulk chemicals,C20,medium-high,,,26.236,EU-15,True,,,,0.0,,0.0
UK,42,2009,2499851.0,14.73174168806228,-0.1018978816379618,,,42,Production of bulk chemicals,C20,medium-high,,,27.274,EU-15,True,,,,0.0,,0.0
UK,42,2010,2652635.0,14.791064043556863,0.0593223554945865,,,42,Production of bulk chemicals,C20,medium-high,,,29.008,EU-15,True,,,,0.0,,0.0
UK,42,2011,2640349.0,14.786421663354949,-0.0046423802019184,,,42,Production of bulk chemicals,C20,medium-high,,,36.942,EU-15,True,,,,0.0,,0.0
UK,42,2012,2514913.0,14.737748768472317,-0.04867289488263,,,42,Production of bulk chemicals,C20,medium-high,,,43.387,EU-15,True,,,,0.0,,0.0
UK,42,2013,2921458.0,14.887593364696668,0.1498445962243515,,,42,Production of bulk chemicals,C20,medium-high,,,47.758,EU-15,True,,,,0.0,,0.0
UK,42,2014,2294763.0,14.646140128170424,-0.2414532365262456,,,42,Production of bulk chemicals,C20,medium-high,,,46.773,EU-15,True,,,,0.0,,0.0
UK,42,2015,2472076.0,14.72056884142369,0.0744287132532672,,,42,Production of bulk chemicals,C20,medium-high,,,37.638,EU-15,True,,,,0.0,,0.0
UK,42,2016,2490451.0,14.72797437653782,0.0074055351141311,,,42,Production of bulk chemicals,C20,medium-high,,,35.639,EU-15,False,,,,0.0,,0.0
UK,42,2017,2548838.0,14.751148127003557,0.0231737504657356,,,42,Production of bulk chemicals,C20,medium-high,,,35.575,EU-15,False,,,,0.0,,0.0
UK,42,2018,2437795.0,14.706604500172151,-0.0445436268314036,,,42,Production of bulk chemicals,C20,medium-high,,,35.513,EU-15,False,,,,0.0,,0.0
UK,42,2019,2199490.0,14.60373607327274,-0.1028684268994144,,,42,Production of bulk chemicals,C20,medium-high,,,34.829,EU-15,False,,,,0.0,,0.0
UK,42,2020,2074524.0,14.545242287740924,-0.0584937855318159,,,42,Production of bulk chemicals,C20,medium-high,,,,EU-15,True,,,,0.0,,0.0
AT,24,2005,5953621.0,15.599510163845888,,,,24,Production of pig iron or steel,C24_C25,medium,40270.0,0.0162727335929577,71.76,EU-15,True,,,51.952,0.0,0.0,0.0
AT,24,2006,6206756.0,15.641148934167177,0.0416387703212883,,,24,Production of pig iron or steel,C24_C25,medium,41370.0,0.0269492056099576,72.248,EU-15,True,,,51.952,0.0,0.0,0.0
AT,24,2007,6480131.0,15.6842512841735,0.0431023500063219,,,24,Production of pig iron or steel,C24_C25,medium,42790.0,0.0337484499554054,68.475,EU-15,True,,,51.952,0.0,0.0,0.0
AT,24,2008,6684056.0,15.715235546878962,0.0309842627054628,,,24,Production of pig iron or steel,C24_C25,medium,43270.0,0.0111551238080682,68.738,EU-15,True,,,51.952,0.0,0.0,0.0
AT,24,2009,5028199.0,15.430572426270247,-0.2846631206087124,,,24,Production of pig iron or steel,C24_C25,medium,41620.0,-0.0388787332713054,65.122,EU-15,True,,,51.952,0.0,0.0,0.0
AT,24,2010,5584393.0,15.535486300603974,0.1049138743337252,,,24,Production of pig iron or steel,C24_C25,medium,42280.0,0.0157333400365491,62.782,EU-15,True,,,51.952,0.0,0.0,0.0
AT,24,2011,5527736.0,15.52528888641515,-0.0101974141888234,,,24,Production of pig iron or steel,C24_C25,medium,43370.0,0.0254537968452375,69.981,EU-15,True,,,51.952,0.0,0.0,0.0
AT,24,2012,5343862.0,15.491459170511895,-0.0338297159032539,,,24,Production of pig iron or steel,C24_C25,medium,43450.0,0.0018428938641257,63.785,EU-15,True,,,51.952,0.0,0.0,0.0
AT,24,2013,11754714.0,16.279764909588017,0.7883057390761206,,,24,Production of pig iron or steel,C24_C25,medium,43080.0,-0.0085519994232132,61.26,EU-15,True,,,51.952,0.0,0.0,0.0
AT,24,2014,11692553.0,16.27446270139209,-0.0053022081959284,,,24,Production of pig iron or steel,C24_C25,medium,43070.0,-0.0002321532221678,65.625,EU-15,True,,,51.952,0.0,0.0,0.0
AT,24,2015,11870296.0,16.289549703090437,0.0150870016983475,,,24,Production of pig iron or steel,C24_C25,medium,43200.0,0.0030137961840459,60.379,EU-15,True,,,51.952,0.0,0.0,0.0
AT,24,2016,11615716.0,16.26786956671202,-0.0216801363784178,,,24,Production of pig iron or steel,C24_C25,medium,43550.0,0.0080692080484467,62.102,EU-15,False,,0.1579,51.952,0.0,0.0,0.0
AT,24,2017,12483149.0,16.33989021279523,0.0720206460832102,0.1579,1.0,24,Production of pig iron or steel,C24_C25,medium,44260.0,0.0161716313243918,63.93,EU-15,False,,0.1023,51.952,0.0,0.0,0.0
AT,24,2018,10931695.0,16.20717692589702,-0.132713286898209,0.1023,1.0,24,Production of pig iron or steel,C24_C25,medium,45140.0,0.0196874367664854,64.223,EU-15,False,0.1579,0.1773,51.952,0.0,0.0,0.0
AT,24,2019,11852236.0,16.288027099728442,0.080850173831422,0.1773,1.0,24,Production of pig iron or steel,C24_C25,medium,45730.0,0.0129857662805736,71.601,EU-15,False,0.1023,0.1383,51.952,0.0,0.0,0.0
AT,24,2020,10975189.0,16.21114773773395,-0.0768793619944929,0.1383,2.0,24,Production of pig iron or steel,C24_C25,medium,42650.0,-0.0697272637322754,58.281,EU-15,True,0.1773,0.2395,51.952,0.0,0.0,0.0
AT,24,2021,12552097.0,16.34539830121728,0.1342505634833308,0.2395,3.0,24,Production of pig iron or steel,C24_C25,medium,44580.0,0.0442580540200356,51.952,EU-15,True,0.1383,0.3319,51.952,0.0,0.0,0.0
AT,24,2022,11851704.0,16.287982212675903,-0.0574160885413768,0.3319,4.0,24,Production of pig iron or steel,C24_C25,medium,46430.0,0.040660474074107,73.986,EU-15,True,0.2395,0.222,51.952,1.0,51.952,0.0
AT,24,2023,11593307.0,16.265938506799365,-0.0220437058765377,0.222,3.0,24,Production of pig iron or steel,C24_C25,medium,45670.0,-0.0165041748349228,60.317,EU-15,True,0.3319,0.3673,51.952,1.0,51.952,0.0
AT,24,2024,11384165.0,16.247733912673493,-0.0182045941258728,0.3673,4.0,24,Production of pig iron or steel,C24_C25,medium,45140.0,-0.011672855807518,53.325,EU-15,True,0.222,0.3375999999999999,51.952,0.0,0.0,0.0
AT,24,2025,11826626.0,16.285863988174697,0.0381300755012041,0.3375999999999999,3.0,24,Production of pig iron or steel,C24_C25,medium,45390.0,0.0055230450789842,,EU-15,True,0.3673,,51.952,0.0,0.0,0.0
BE,24,2005,9060399.0,16.01942371678454,,,,24,Production of pig iron or steel,C24_C25,medium,38100.0,0.0174746305232638,79.912,EU-15,True,,,70.773,0.0,0.0,0.0
BE,24,2006,9347962.0,16.050668909591973,0.0312451928074324,,,24,Production of pig iron or steel,C24_C25,medium,38810.0,0.0184636632481591,79.486,EU-15,True,,,70.773,0.0,0.0,0.0
BE,24,2007,8337441.0,15.936266892719209,-0.1144020168727646,,,24,Production of pig iron or steel,C24_C25,medium,39950.0,0.0289507268314697,76.882,EU-15,True,,,70.773,0.0,0.0,0.0
BE,24,2008,8658756.0,15.974081621259378,0.0378147285401695,,,24,Production of pig iron or steel,C24_C25,medium,39810.0,-0.0035105352000588,80.846,EU-15,True,,,70.773,0.0,0.0,0.0
BE,24,2009,4416241.0,15.300799439725308,-0.6732821815340699,,,24,Production of pig iron or steel,C24_C25,medium,38740.0,-0.0272454790333753,75.921,EU-15,True,,,70.773,0.0,0.0,0.0
BE,24,2010,6123409.0,15.627629525550825,0.3268300858255166,,,24,Production of pig iron or steel,C24_C25,medium,39420.0,0.0174006437457237,78.656,EU-15,True,,,70.773,0.0,0.0,0.0
BE,24,2011,5627395.0,15.5431571932149,-0.0844723323359257,,,24,Production of pig iron or steel,C24_C25,medium,39670.0,0.006321932801665,76.588,EU-15,True,,,70.773,0.0,0.0,0.0
BE,24,2012,4525390.0,15.32521431924751,-0.2179428739673898,,,24,Production of pig iron or steel,C24_C25,medium,39510.0,-0.004041430102939,76.673,EU-15,True,,,70.773,0.0,0.0,0.0
BE,24,2013,4692235.0,15.361419572752771,0.0362052535052619,,,24,Production of pig iron or steel,C24_C25,medium,39440.0,-0.0017732746888654,77.858,EU-15,True,,,70.773,0.0,0.0,0.0
BE,24,2014,4624143.0,15.3468016144617,-0.0146179582910708,,,24,Production of pig iron or steel,C24_C25,medium,39960.0,0.0130984240459195,80.19,EU-15,True,,0.1447,70.773,0.0,0.0,0.0
BE,24,2015,4523573.0,15.324812726263998,-0.0219888881977023,0.1447,1.0,24,Production of pig iron or steel,C24_C25,medium,40310.0,0.0087206233487204,84.227,EU-15,True,,0.0795,70.773,0.0,0.0,0.0
BE,24,2016,5078033.0,15.44043453984715,0.1156218135831519,0.0795,1.0,24,Production of pig iron or steel,C24_C25,medium,40590.0,0.0069221537217316,75.982,EU-15,False,0.1447,0.1994999999999999,70.773,0.0,0.0,0.0
BE,24,2017,4920479.0,15.408916441453112,-0.0315180983940379,0.1994999999999999,1.0,24,Production of pig iron or steel,C24_C25,medium,41030.0,0.0107817756032897,75.318,EU-15,False,0.0795,0.0935999999999999,70.773,0.0,0.0,0.0
BE,24,2018,5049448.0,15.43478948834641,0.0258730468932988,0.0935999999999999,1.0,24,Production of pig iron or steel,C24_C25,medium,41610.0,0.0140370165407546,83.043,EU-15,False,0.1994999999999999,0.1545,70.773,0.0,0.0,0.0
BE,24,2019,4841850.0,15.39280743706596,-0.0419820512804509,0.1545,1.0,24,Production of pig iron or steel,C24_C25,medium,42400.0,0.0188078392430615,77.668,EU-15,False,0.0935999999999999,,70.773,0.0,0.0,0.0
BE,24,2020,3924794.0,15.182824423744876,-0.209983013321084,,,24,Production of pig iron or steel,C24_C25,medium,40190.0,-0.0535301537768013,78.133,EU-15,True,0.1545,0.1006999999999999,70.773,0.0,0.0,0.0
BE,24,2021,4520538.0,15.324141571273987,0.1413171475291132,0.1006999999999999,3.0,24,Production of pig iron or steel,C24_C25,medium,42530.0,0.0565915008044317,70.773,EU-15,True,,0.1712999999999999,70.773,0.0,0.0,0.0
BE,24,2022,4230026.0,15.257718697575674,-0.0664228736983147,0.1712999999999999,4.0,24,Production of pig iron or steel,C24_C25,medium,43890.0,0.0314767944346012,73.697,EU-15,True,0.1006999999999999,,70.773,1.0,70.773,0.0
BE,24,2023,4084628.0,15.222741217258102,-0.0349774803175719,,,24,Production of pig iron or steel,C24_C25,medium,44190.0,0.0068120154425059,75.763,EU-15,True,0.1712999999999999,,70.773,1.0,70.773,0.0
BE,24,2024,5033290.0,15.43158440380846,0.2088431865503572,,,24,Production of pig iron or steel,C24_C25,medium,44410.0,0.004966150161362,75.448,EU-15,True,,,70.773,0.0,0.0,0.0
BE,24,2025,5143924.0,15.453326770295892,0.0217423664874321,,,24,Production of pig iron or steel,C24_C25,medium,44650.0,0.0053896380184976,,EU-15,True,,,70.773,0.0,0.0,0.0
BG,24,2007,174513.0,12.069754516417074,,,,24,Production of pig iron or steel,C24_C25,medium,6670.0,0.069849953176444,51.233,2007,True,,,36.178,0.0,0.0,1.0
BG,24,2008,206930.0,12.240135850805874,0.1703813343888001,,,24,Production of pig iron or steel,C24_C25,medium,7110.0,0.0638823838876181,52.154,2007,True,,,36.178,0.0,0.0,1.0
BG,24,2009,150522.0,11.921864531889891,-0.3182713189159809,,,24,Production of pig iron or steel,C24_C25,medium,6910.0,-0.0285326060355721,45.393,2007,True,,,36.178,0.0,0.0,1.0
BG,24,2010,152282.0,11.933489344111264,0.0116248122213704,,,24,Production of pig iron or steel,C24_C25,medium,7060.0,0.0214754137255717,40.146,2007,True,,,36.178,0.0,0.0,1.0
BG,24,2011,186872.0,12.138179169486524,0.2046898253752598,,,24,Production of pig iron or steel,C24_C25,medium,7390.0,0.0456826834549612,36.732,2007,True,,,36.178,0.0,0.0,1.0
BG,24,2012,145299.0,11.886548967222234,-0.2516302022642893,,,24,Production of pig iron or steel,C24_C25,medium,7530.0,0.0187673068516911,36.859,2007,True,,,36.178,0.0,0.0,1.0
BG,24,2013,100949.0,11.522370717797912,-0.364178249424322,,,24,Production of pig iron or steel,C24_C25,medium,7600.0,0.0092532054804834,38.313,2007,True,,,36.178,0.0,0.0,1.0
BG,24,2014,123592.0,11.724741096991886,0.2023703791939741,,,24,Production of pig iron or steel,C24_C25,medium,7770.0,0.0221219170872704,35.171,2007,True,,0.062,36.178,0.0,0.0,1.0
BG,24,2015,129914.0,11.774627972063062,0.0498868750711753,0.062,1.0,24,Production of pig iron or steel,C24_C25,medium,8130.0,0.0452907591801636,36.446,2007,True,,0.0349,36.178,0.0,0.0,1.0
BG,24,2016,124563.0,11.732566890996264,-0.0420610810667962,0.0349,1.0,24,Production of pig iron or steel,C24_C25,medium,8490.0,0.0433280767635366,38.472,2007,False,0.062,0.0204999999999999,36.178,0.0,0.0,1.0
BG,24,2017,127067.0,11.752469785385491,0.0199028943892258,0.0204999999999999,1.0,24,Production of pig iron or steel,C24_C25,medium,8840.0,0.0403978763262955,39.362,2007,False,0.0349,0.0151,36.178,0.0,0.0,1.0
BG,24,2018,131245.0,11.784821084490131,0.0323512991046417,0.0151,1.0,24,Production of pig iron or steel,C24_C25,medium,9170.0,0.0366504096188222,36.596,2007,False,0.0204999999999999,,36.178,0.0,0.0,1.0
BG,24,2019,109744.0,11.605905659739102,-0.1789154247510307,,,24,Production of pig iron or steel,C24_C25,medium,9650.0,0.0510206290825205,38.457,2007,False,0.0151,0.0144,36.178,0.0,0.0,1.0
BG,24,2020,91676.0,11.426015900979298,-0.1798897587598045,0.0144,2.0,24,Production of pig iron or steel,C24_C25,medium,9440.0,-0.0220019351934848,38.171,2007,True,,0.0266,36.178,0.0,0.0,1.0
BG,24,2021,95247.0,11.464228796429945,0.0382128954506466,0.0266,3.0,24,Production of pig iron or steel,C24_C25,medium,10250.0,0.0823217254270076,36.178,2007,True,0.0144,,36.178,0.0,0.0,1.0
BG,24,2022,93260.0,11.443146570362313,-0.0210822260676319,,,24,Production of pig iron or steel,C24_C25,medium,10740.0,0.0466973834963013,37.11,2007,True,0.0266,0.0279999999999999,36.178,1.0,36.178,1.0
BG,24,2023,87953.0,11.3845578598739,-0.0585887104884133,0.0279999999999999,3.0,24,Production of pig iron or steel,C24_C25,medium,10950.0,0.0193643671817902,39.512,2007,True,,,36.178,1.0,36.178,1.0
BG,24,2024,83284.0,11.330011732875084,-0.0545461269988152,,,24,Production of pig iron or steel,C24_C25,medium,11330.0,0.034114618777405,41.936,2007,True,0.0279999999999999,,36.178,0.0,0.0,1.0
BG,24,2025,84557.0,11.345181142147505,0.0151694092724188,,,24,Production of pig iron or steel,C24_C25,medium,11710.0,0.0329891025697115,,2007,True,,,36.178,0.0,0.0,1.0
CZ,24,2005,9542867.0,16.07130452238516,,,,24,Production of pig iron or steel,C24_C25,medium,16180.0,0.0591964085769252,27.846,2004,True,,,39.958,0.0,0.0,1.0
CZ,24,2006,10206140.0,16.138500057933097,0.0671955355479383,,,24,Production of pig iron or steel,C24_C25,medium,17200.0,0.061133472189061,27.498,2004,True,,,39.958,0.0,0.0,1.0
CZ,24,2007,10504550.0,16.16731905459931,0.0288189966662137,,,24,Production of pig iron or steel,C24_C25,medium,18050.0,0.0482363009594823,24.989,2004,True,,,39.958,0.0,0.0,1.0
CZ,24,2008,9532006.0,16.07016574665924,-0.0971533079400721,,,24,Production of pig iron or steel,C24_C25,medium,18330.0,0.0153933770727245,27.737,2004,True,,,39.958,0.0,0.0,1.0
CZ,24,2009,7382160.0,15.814576836680192,-0.2555889099790462,,,24,Production of pig iron or steel,C24_C25,medium,17350.0,-0.0549465554587467,26.867,2004,True,,,39.958,0.0,0.0,1.0
CZ,24,2010,5891518.0,15.589024247379951,-0.2255525893002392,,,24,Production of pig iron or steel,C24_C25,medium,17770.0,0.023919135773692,25.38,2004,True,,,39.958,0.0,0.0,1.0
CZ,24,2011,5748505.0,15.564450378967674,-0.0245738684122791,,,24,Production of pig iron or steel,C24_C25,medium,18120.0,0.0195046584482732,28.832,2004,True,,,39.958,0.0,0.0,1.0
CZ,24,2012,5697856.0,15.555600521695377,-0.008849857272299,,,24,Production of pig iron or steel,C24_C25,medium,17970.0,-0.0083125998193658,25.413,2004,True,,,39.958,0.0,0.0,1.0
CZ,24,2013,5775462.0,15.569128811172302,0.0135282894769268,,,24,Production of pig iron or steel,C24_C25,medium,17970.0,0.0,27.58,2004,True,,,39.958,0.0,0.0,1.0
CZ,24,2014,5781860.0,15.570235988190229,0.0011071770179249,,,24,Production of pig iron or steel,C24_C25,medium,18370.0,0.0220151984315677,30.227,2004,True,,0.095,39.958,0.0,0.0,1.0
CZ,24,2015,5583535.0,15.535332646317936,-0.0349033418722921,0.095,1.0,24,Production of pig iron or steel,C24_C25,medium,19270.0,0.0478305831992393,32.089,2004,True,,0.0977,39.958,0.0,0.0,1.0
CZ,24,2016,5940892.0,15.59736984841486,0.0620372020969242,0.0977,1.0,24,Production of pig iron or steel,C24_C25,medium,19760.0,0.0251102098934481,32.8,2004,False,0.095,0.0925,39.958,0.0,0.0,1.0
CZ,24,2017,5324360.0,15.487803074543203,-0.1095667738716539,0.0925,1.0,24,Production of pig iron or steel,C24_C25,medium,20760.0,0.0493683659779655,37.162,2004,False,0.0977,0.0487,39.958,0.0,0.0,1.0
CZ,24,2018,5685918.0,15.553503149703232,0.0657000751600271,0.0487,1.0,24,Production of pig iron or steel,C24_C25,medium,21320.0,0.0266175409999558,36.879,2004,False,0.0925,0.2253,39.958,0.0,0.0,1.0
CZ,24,2019,5192491.0,15.462724101461763,-0.0907790482414672,0.2253,1.0,24,Production of pig iron or steel,C24_C25,medium,22050.0,0.0336670025952106,40.81,2004,False,0.0487,0.1314,39.958,0.0,0.0,1.0
CZ,24,2020,5261668.0,15.475958644711218,0.0132345432494531,0.1314,2.0,24,Production of pig iron or steel,C24_C25,medium,20980.0,-0.0497429989247031,38.768,2004,True,0.2253,0.0806,39.958,0.0,0.0,1.0
CZ,24,2021,5682673.0,15.552932278592094,0.0769736338808755,0.0806,3.0,24,Production of pig iron or steel,C24_C25,medium,21830.0,0.039715567593701,39.958,2004,True,0.1314,0.2339,39.958,0.0,0.0,1.0
CZ,24,2022,4918263.0,15.40846597735161,-0.1444663012404827,0.2339,4.0,24,Production of pig iron or steel,C24_C25,medium,21910.0,0.0036579830455227,41.772,2004,True,0.0806,0.1213,39.958,1.0,39.958,1.0
CZ,24,2023,3880522.0,15.171480238632764,-0.2369857387188467,0.1213,3.0,24,Production of pig iron or steel,C24_C25,medium,21680.0,-0.01055297703593,41.679,2004,True,0.2339,0.228,39.958,1.0,39.958,1.0
CZ,24,2024,2690854.0,14.805369173313371,-0.3661110653193926,0.228,4.0,24,Production of pig iron or steel,C24_C25,medium,21950.0,0.0123769629497356,39.32,2004,True,0.1213,0.3533999999999999,39.958,0.0,0.0,1.0
CZ,24,2025,2585952.0,14.765604276656754,-0.0397648966566173,0.3533999999999999,3.0,24,Production of pig iron or steel,C24_C25,medium,22510.0,0.0251925153974603,,2004,True,0.228,,39.958,0.0,0.0,1.0
DE,24,2005,27482415.0,17.12905690355309,,,,24,Production of pig iron or steel,C24_C25,medium,35770.0,0.0101152871471139,60.74,EU-15,True,,,63.395,0.0,0.0,0.0
DE,24,2006,28686716.0,17.17194471643556,0.0428878128824727,,,24,Production of pig iron or steel,C24_C25,medium,37230.0,0.0400053346136992,60.981,EU-15,True,,,63.395,0.0,0.0,0.0
DE,24,2007,29482856.0,17.19931949983308,0.0273747833975193,,,24,Production of pig iron or steel,C24_C25,medium,38390.0,0.0306821211280805,58.516,EU-15,True,,,63.395,0.0,0.0,0.0
DE,24,2008,29477294.0,17.199130830027578,-0.0001886698055031,,,24,Production of pig iron or steel,C24_C25,medium,38840.0,0.0116536344104183,60.769,EU-15,True,,,63.395,0.0,0.0,0.0
DE,24,2009,21726971.0,16.8940649499717,-0.3050658800558778,,,24,Production of pig iron or steel,C24_C25,medium,36810.0,-0.0536810960321947,61.103,EU-15,True,,,63.395,0.0,0.0,0.0
DE,24,2010,27492856.0,17.129436747069477,0.2353717970977769,,,24,Production of pig iron or steel,C24_C25,medium,38440.0,0.043329036711162,59.992,EU-15,True,,,63.395,0.0,0.0,0.0
DE,24,2011,27675464.0,17.136056802452753,0.0066200553832764,,,24,Production of pig iron or steel,C24_C25,medium,39890.0,0.0370270818152231,61.801,EU-15,True,,,63.395,0.0,0.0,0.0
DE,24,2012,26854846.0,17.10595684680516,-0.0300999556475929,,,24,Production of pig iron or steel,C24_C25,medium,40040.0,0.0037532885297046,61.215,EU-15,True,,,63.395,0.0,0.0,0.0
DE,24,2013,28166384.0,17.15363976810598,0.0476829213008187,,,24,Production of pig iron or steel,C24_C25,medium,40160.0,0.0029925209364538,62.411,EU-15,True,,,63.395,0.0,0.0,0.0
DE,24,2014,28640505.0,17.17033253258283,0.0166927644768506,,,24,Production of pig iron or steel,C24_C25,medium,40930.0,0.0189918151208381,61.779,EU-15,True,,0.115,63.395,0.0,0.0,0.0
DE,24,2015,29544004.0,17.201391370905807,0.031058838322977,0.115,1.0,24,Production of pig iron or steel,C24_C25,medium,41360.0,0.0104509396958629,62.132,EU-15,True,,0.0587,63.395,0.0,0.0,0.0
DE,24,2016,28610011.0,17.16926724950717,-0.0321241213986382,0.0587,1.0,24,Production of pig iron or steel,C24_C25,medium,42030.0,0.0160694188168513,63.752,EU-15,False,0.115,0.1775,63.395,0.0,0.0,0.0
DE,24,2017,29877260.0,17.212608213890306,0.0433409643831375,0.1775,1.0,24,Production of pig iron or steel,C24_C25,medium,43160.0,0.0265304913729078,63.959,EU-15,False,0.0587,0.0664999999999999,63.395,0.0,0.0,0.0
DE,24,2018,30139010.0,17.22133090390783,0.0087226900175245,0.0664999999999999,1.0,24,Production of pig iron or steel,C24_C25,medium,43630.0,0.0108308467455842,63.478,EU-15,False,0.1775,0.1791,63.395,0.0,0.0,0.0
DE,24,2019,28342719.0,17.15988072975592,-0.0614501741519113,0.1791,1.0,24,Production of pig iron or steel,C24_C25,medium,44080.0,0.0102611777091414,67.055,EU-15,False,0.0664999999999999,0.0891,63.395,0.0,0.0,0.0
DE,24,2020,25065607.0,17.03700722542222,-0.1228735043337003,0.0891,2.0,24,Production of pig iron or steel,C24_C25,medium,42350.0,-0.0400377437465948,63.676,EU-15,True,0.1791,0.1382,63.395,0.0,0.0,0.0
DE,24,2021,28285827.0,17.157871424444043,0.1208641990218239,0.1382,3.0,24,Production of pig iron or steel,C24_C25,medium,44090.0,0.0402645782717829,63.395,EU-15,True,0.0891,0.2664999999999999,63.395,0.0,0.0,0.0
DE,24,2022,26375075.0,17.087929993358358,-0.0699414310856845,0.2664999999999999,4.0,24,Production of pig iron or steel,C24_C25,medium,44620.0,0.0119491896345387,68.652,EU-15,True,0.1382,0.1526,63.395,1.0,63.395,0.0
DE,24,2023,26282318.0,17.084406951648326,-0.0035230417100322,0.1526,3.0,24,Production of pig iron or steel,C24_C25,medium,43770.0,-0.0192335378015826,66.831,EU-15,True,0.2664999999999999,0.3006,63.395,1.0,63.395,0.0
DE,24,2024,27005004.0,17.111532740129835,0.0271257884815092,0.3006,4.0,24,Production of pig iron or steel,C24_C25,medium,43650.0,-0.0027453689171927,66.812,EU-15,True,0.1526,0.2988,63.395,0.0,0.0,0.0
DE,24,2025,24219218.0,17.00265700820216,-0.1088757319276751,0.2988,3.0,24,Production of pig iron or steel,C24_C25,medium,43750.0,0.002288330518013,,EU-15,True,0.3006,,63.395,0.0,0.0,0.0
DK,24,2005,4893.0,8.495560891289124,,,,24,Production of pig iron or steel,C24_C25,medium,49780.0,0.0204979272174856,-50.618,EU-15,True,,,32.225,0.0,0.0,0.0
DK,24,2006,258.0,5.552959584921617,-2.9426013063675063,,,24,Production of pig iron or steel,C24_C25,medium,51510.0,0.0341626666380481,-35.492,EU-15,True,,,32.225,0.0,0.0,0.0
DK,24,2007,257.0,5.54907608489522,-0.0038835000263972,,,24,Production of pig iron or steel,C24_C25,medium,51790.0,0.0054211168583062,-24.247,EU-15,True,,,32.225,0.0,0.0,0.0
DK,24,2008,4790.0,8.474285690404962,2.9252096055097416,,,24,Production of pig iron or steel,C24_C25,medium,51270.0,-0.0100912946401923,-21.129,EU-15,True,,,32.225,0.0,0.0,0.0
DK,24,2009,646.0,6.470799503782602,-2.00348618662236,,,24,Production of pig iron or steel,C24_C25,medium,48460.0,-0.0563670704072283,-18.8,EU-15,True,,,32.225,0.0,0.0,0.0
EL,24,2005,385807.0,12.863092523405284,,,,24,Production of pig iron or steel,C24_C25,medium,19590.0,0.0087157690932713,68.204,EU-15,True,,,73.819,0.0,0.0,0.0
EL,24,2006,395983.0,12.8891265600222,0.0260340366169149,,,24,Production of pig iron or steel,C24_C25,medium,20790.0,0.0594528699134713,71.419,EU-15,True,,,73.819,0.0,0.0,0.0
EL,24,2007,411003.0,12.926355792721806,0.0372292326996053,,,24,Production of pig iron or steel,C24_C25,medium,21470.0,0.0321845100207678,70.858,EU-15,True,,,73.819,0.0,0.0,0.0
EL,24,2008,378795.0,12.844750440629332,-0.0816053520924739,,,24,Production of pig iron or steel,C24_C25,medium,21420.0,-0.0023315468710869,72.915,EU-15,True,,,73.819,0.0,0.0,0.0
EL,24,2009,286061.0,12.5639603537729,-0.2807900868564328,,,24,Production of pig iron or steel,C24_C25,medium,20490.0,-0.044388102768794,67.341,EU-15,True,,,73.819,0.0,0.0,0.0
EL,24,2010,247489.0,12.419121415558754,-0.1448389382141446,,,24,Production of pig iron or steel,C24_C25,medium,19300.0,-0.0598318663399677,68.584,EU-15,True,,,73.819,0.0,0.0,0.0
EL,24,2011,254192.0,12.445845165959804,0.0267237504010502,,,24,Production of pig iron or steel,C24_C25,medium,17420.0,-0.102486124486484,64.677,EU-15,True,,,73.819,0.0,0.0,0.0
EL,24,2012,153473.0,11.941279934772442,-0.5045652311873621,,,24,Production of pig iron or steel,C24_C25,medium,16050.0,-0.0819101218483311,65.889,EU-15,True,,,73.819,0.0,0.0,0.0
EL,24,2013,122849.0,11.718711237908057,-0.2225686968643874,,,24,Production of pig iron or steel,C24_C25,medium,15800.0,-0.0156989095431043,61.75,EU-15,True,,,73.819,0.0,0.0,0.0
EL,24,2014,116192.0,11.662999274214062,-0.0557119636939926,,,24,Production of pig iron or steel,C24_C25,medium,16030.0,0.0144520265885415,65.455,EU-15,True,,0.0924,73.819,0.0,0.0,0.0
EL,24,2015,99455.0,11.507460559539162,-0.1555387146749005,0.0924,1.0,24,Production of pig iron or steel,C24_C25,medium,16100.0,0.0043573053689556,71.047,EU-15,True,,0.0974,73.819,0.0,0.0,0.0
EL,24,2016,100698.0,11.519881217536234,0.0124206579970724,0.0974,1.0,24,Production of pig iron or steel,C24_C25,medium,16160.0,0.0037197811025322,72.911,EU-15,False,0.0924,0.0576999999999999,73.819,0.0,0.0,0.0
EL,24,2017,110218.0,11.610215501745468,0.0903342842092325,0.0576999999999999,1.0,24,Production of pig iron or steel,C24_C25,medium,16430.0,0.0165698789562274,71.282,EU-15,False,0.0974,0.0645,73.819,0.0,0.0,0.0
EL,24,2018,114208.0,11.645776626289887,0.0355611245444205,0.0645,1.0,24,Production of pig iron or steel,C24_C25,medium,16810.0,0.0228650153713463,70.681,EU-15,False,0.0576999999999999,0.0294,73.819,0.0,0.0,0.0
EL,24,2019,107615.0,11.58631532219828,-0.0594613040916076,0.0294,1.0,24,Production of pig iron or steel,C24_C25,medium,17210.0,0.0235166628029244,74.103,EU-15,False,0.0645,0.0374,73.819,0.0,0.0,0.0
EL,24,2020,103844.0,11.550645051997243,-0.0356702702010363,0.0374,2.0,24,Production of pig iron or steel,C24_C25,medium,15660.0,-0.0943809196607912,81.415,EU-15,True,0.0294,0.0613999999999999,73.819,0.0,0.0,0.0
EL,24,2021,128614.0,11.76457094955706,0.2139258975598164,0.0613999999999999,3.0,24,Production of pig iron or steel,C24_C25,medium,17110.0,0.0885533973414443,73.819,EU-15,True,0.0374,0.1679,73.819,0.0,0.0,0.0
EL,24,2022,125045.0,11.736428951499986,-0.0281419980570731,0.1679,4.0,24,Production of pig iron or steel,C24_C25,medium,18160.0,0.0595582852690466,79.506,EU-15,True,0.0613999999999999,0.1187,73.819,1.0,73.819,0.0
EL,24,2023,92172.0,11.431411675786682,-0.305017275713304,0.1187,3.0,24,Production of pig iron or steel,C24_C25,medium,18600.0,0.0239402075460084,75.447,EU-15,True,0.1679,0.1052999999999999,73.819,1.0,73.819,0.0
EL,24,2024,101474.0,11.52755788701454,0.0961462112278574,0.1052999999999999,4.0,24,Production of pig iron or steel,C24_C25,medium,19020.0,0.0223294763980881,77.714,EU-15,True,0.1187,0.1433,73.819,0.0,0.0,0.0
EL,24,2025,105845.0,11.56973103879168,0.0421731517771402,0.1433,3.0,24,Production of pig iron or steel,C24_C25,medium,19400.0,0.0197820089520384,,EU-15,True,0.1052999999999999,,73.819,0.0,0.0,0.0
ES,24,2005,7783541.0,15.867521933997326,,,,24,Production of pig iron or steel,C24_C25,medium,25000.0,0.0165359686400989,81.534,EU-15,True,,,69.38,0.0,0.0,0.0
ES,24,2006,7820431.0,15.872250226092229,0.0047282920949012,,,24,Production of pig iron or steel,C24_C25,medium,25600.0,0.0237165266173153,81.304,EU-15,True,,,69.38,0.0,0.0,0.0
ES,24,2007,7915050.0,15.88427656839669,0.0120263423044626,,,24,Production of pig iron or steel,C24_C25,medium,25990.0,0.0151194971678823,79.56,EU-15,True,,,69.38,0.0,0.0,0.0
ES,24,2008,7554996.0,15.837719624238142,-0.0465569441585476,,,24,Production of pig iron or steel,C24_C25,medium,25760.0,-0.0088889474172457,81.605,EU-15,True,,,69.38,0.0,0.0,0.0
ES,24,2009,6030656.0,15.612366352172634,-0.225353272065508,,,24,Production of pig iron or steel,C24_C25,medium,24590.0,-0.0464830450080508,79.549,EU-15,True,,,69.38,0.0,0.0,0.0
ES,24,2010,7072163.0,15.771676931676534,0.1593105795039004,,,24,Production of pig iron or steel,C24_C25,medium,24510.0,-0.0032586586880807,77.003,EU-15,True,,,69.38,0.0,0.0,0.0
ES,24,2011,6695052.0,15.716879304067538,-0.0547976276089965,,,24,Production of pig iron or steel,C24_C25,medium,24260.0,-0.0102522940241165,76.012,EU-15,True,,,69.38,0.0,0.0,0.0
ES,24,2012,6002193.0,15.607635460413476,-0.1092438436540632,,,24,Production of pig iron or steel,C24_C25,medium,23560.0,-0.0292785447325183,72.798,EU-15,True,,,69.38,0.0,0.0,0.0
ES,24,2013,6530192.0,15.69194690357687,0.0843114431633953,,,24,Production of pig iron or steel,C24_C25,medium,23310.0,-0.0106679057357208,69.997,EU-15,True,,,69.38,0.0,0.0,0.0
ES,24,2014,6421798.0,15.675208698761312,-0.0167382048155566,,,24,Production of pig iron or steel,C24_C25,medium,23730.0,0.017857617400006,72.557,EU-15,True,,0.1384,69.38,0.0,0.0,0.0
ES,24,2015,7420029.0,15.81969352349172,0.1444848247304069,0.1384,1.0,24,Production of pig iron or steel,C24_C25,medium,24720.0,0.0408725621418195,72.741,EU-15,True,,0.109,69.38,0.0,0.0,0.0
ES,24,2016,7050143.0,15.768558458270684,-0.051135065221036,0.109,1.0,24,Production of pig iron or steel,C24_C25,medium,25420.0,0.0279236331718166,71.486,EU-15,False,0.1384,0.1214,69.38,0.0,0.0,0.0
ES,24,2017,6693546.0,15.71665433652331,-0.0519041217473734,0.1214,1.0,24,Production of pig iron or steel,C24_C25,medium,26110.0,0.0267821169497306,73.886,EU-15,False,0.109,0.0436,69.38,0.0,0.0,0.0
ES,24,2018,7045960.0,15.76796496088736,0.0513106243640493,0.0436,1.0,24,Production of pig iron or steel,C24_C25,medium,26620.0,0.0193444302559271,73.613,EU-15,False,0.1214,0.0909,69.38,0.0,0.0,0.0
ES,24,2019,6441308.0,15.67824218304745,-0.0897227778399099,0.0909,1.0,24,Production of pig iron or steel,C24_C25,medium,26930.0,0.0115780938565421,75.034,EU-15,False,0.0436,0.1254,69.38,0.0,0.0,0.0
ES,24,2020,5101081.0,15.444963036018354,-0.233279147029096,0.1254,2.0,24,Production of pig iron or steel,C24_C25,medium,23850.0,-0.1214566894891575,67.892,EU-15,True,0.0909,0.1396,69.38,0.0,0.0,0.0
ES,24,2021,6604935.0,15.703327654860615,0.258364618842263,0.1396,3.0,24,Production of pig iron or steel,C24_C25,medium,25440.0,0.064538521137571,69.38,EU-15,True,0.1254,0.1714999999999999,69.38,0.0,0.0,0.0
ES,24,2022,5937730.0,15.596837463416886,-0.106490191443731,0.1714999999999999,4.0,24,Production of pig iron or steel,C24_C25,medium,26820.0,0.0528251393816106,74.202,EU-15,True,0.1396,0.1287,69.38,1.0,69.38,0.0
ES,24,2023,5304746.0,15.484112449524872,-0.1127250138920139,0.1287,3.0,24,Production of pig iron or steel,C24_C25,medium,27150.0,0.0122291685264119,68.261,EU-15,True,0.1714999999999999,0.1877,69.38,1.0,69.38,0.0
ES,24,2024,5911823.0,15.592464802055089,0.1083523525302165,0.1877,4.0,24,Production of pig iron or steel,C24_C25,medium,27800.0,0.0236589743166479,68.871,EU-15,True,0.1287,0.2814,69.38,0.0,0.0,0.0
ES,24,2025,5846622.0,15.581374616530288,-0.0110901855248002,0.2814,3.0,24,Production of pig iron or steel,C24_C25,medium,28320.0,0.0185322481289276,,EU-15,True,0.1877,,69.38,0.0,0.0,0.0
FI,24,2005,6309509.0,15.657568418494565,,,,24,Production of pig iron or steel,C24_C25,medium,40680.0,0.023881732003387,54.459,EU-15,True,,,37.933,0.0,0.0,0.0
FI,24,2006,6496868.0,15.686830772586855,0.0292623540922942,,,24,Production of pig iron or steel,C24_C25,medium,42150.0,0.0354981132675042,54.073,EU-15,True,,,37.933,0.0,0.0,0.0
FI,24,2007,6107137.0,15.624968645226945,-0.0618621273599142,,,24,Production of pig iron or steel,C24_C25,medium,44210.0,0.0477163233902881,53.32,EU-15,True,,,37.933,0.0,0.0,0.0
FI,24,2008,5999147.0,15.607127850419024,-0.0178407948079186,,,24,Production of pig iron or steel,C24_C25,medium,44350.0,0.0031617009174365,54.483,EU-15,True,,,37.933,0.0,0.0,0.0
FI,24,2009,4331547.0,15.28143531099801,-0.3256925394210146,,,24,Production of pig iron or steel,C24_C25,medium,40570.0,-0.0890838315372324,54.795,EU-15,True,,,37.933,0.0,0.0,0.0
FI,24,2010,5527322.0,15.525213988571975,0.2437786775739656,,,24,Production of pig iron or steel,C24_C25,medium,41660.0,0.0265125586144705,48.852,EU-15,True,,,37.933,0.0,0.0,0.0
FI,24,2011,5456834.0,15.51237932606119,-0.0128346625107855,,,24,Production of pig iron or steel,C24_C25,medium,42460.0,0.0190210204422829,53.897,EU-15,True,,,37.933,0.0,0.0,0.0
FI,24,2012,4672213.0,15.357143393204398,-0.155235932856792,,,24,Production of pig iron or steel,C24_C25,medium,41620.0,-0.0199816353096213,47.103,EU-15,True,,,37.933,0.0,0.0,0.0
FI,24,2013,4357385.0,15.287382664748652,-0.0697607284557442,,,24,Production of pig iron or steel,C24_C25,medium,41020.0,-0.0145210683212528,49.64,EU-15,True,,,37.933,0.0,0.0,0.0
FI,24,2014,4544269.0,15.329377436574598,0.0419947718259443,,,24,Production of pig iron or steel,C24_C25,medium,40650.0,-0.0090609166504158,49.89,EU-15,True,,0.1730999999999999,37.933,0.0,0.0,0.0
FI,24,2015,4703761.0,15.36387295944671,0.0344955228721115,0.1730999999999999,1.0,24,Production of pig iron or steel,C24_C25,medium,40700.0,0.0012292564547298,47.901,EU-15,True,,0.2885,37.933,0.0,0.0,0.0
FI,24,2016,4891081.0,15.402923900414828,0.0390509409681172,0.2885,1.0,24,Production of pig iron or steel,C24_C25,medium,41640.0,0.0228331512982187,46.104,EU-15,False,0.1730999999999999,0.1538,37.933,0.0,0.0,0.0
FI,24,2017,4516679.0,15.323287547245451,-0.0796363531693735,0.1538,1.0,24,Production of pig iron or steel,C24_C25,medium,42910.0,0.0300436552566658,43.868,EU-15,False,0.2885,0.3394,37.933,0.0,0.0,0.0
FI,24,2018,4807428.0,15.385672779733856,0.0623852324884044,0.3394,1.0,24,Production of pig iron or steel,C24_C25,medium,43360.0,0.0104324581279566,45.23,EU-15,False,0.1538,0.4233,37.933,0.0,0.0,0.0
FI,24,2019,4068769.0,15.218851054666976,-0.1668217250668817,0.4233,1.0,24,Production of pig iron or steel,C24_C25,medium,43910.0,0.0126047274422358,42.894,EU-15,False,0.3394,0.3551999999999999,37.933,0.0,0.0,0.0
FI,24,2020,4039810.0,15.21170821912843,-0.007142835538545,0.3551999999999999,2.0,24,Production of pig iron or steel,C24_C25,medium,42740.0,-0.0270068346826253,43.031,EU-15,True,0.4233,0.4158999999999999,37.933,0.0,0.0,0.0
FI,24,2021,5012511.0,15.427447545108269,0.2157393259798379,0.4158999999999999,3.0,24,Production of pig iron or steel,C24_C25,medium,43800.0,0.0244985674913991,37.933,EU-15,True,0.3551999999999999,0.4745999999999999,37.933,0.0,0.0,0.0
FI,24,2022,4300088.0,15.274146045570662,-0.1533014995376067,0.4745999999999999,4.0,24,Production of pig iron or steel,C24_C25,medium,44010.0,0.0047830634406,40.919,EU-15,True,0.4158999999999999,0.3861,37.933,1.0,37.933,0.0
FI,24,2023,4408290.0,15.29899741712454,0.0248513715538774,0.3861,3.0,24,Production of pig iron or steel,C24_C25,medium,43280.0,-0.0167262462847741,29.709,EU-15,True,0.4745999999999999,0.5714,37.933,1.0,37.933,0.0
FI,24,2024,4304796.0,15.275240307961598,-0.0237571091629416,0.5714,4.0,24,Production of pig iron or steel,C24_C25,medium,43330.0,0.0011546012135923,32.973,EU-15,True,0.3861,0.6013,37.933,0.0,0.0,0.0
FI,24,2025,4502416.0,15.320124699556162,0.0448843915945644,0.6013,3.0,24,Production of pig iron or steel,C24_C25,medium,43450.0,0.0027656159595821,,EU-15,True,0.5714,,37.933,0.0,0.0,0.0
FR,24,2005,26400020.0,17.088875325692015,,,,24,Production of pig iron or steel,C24_C25,medium,33680.0,0.0113467923877266,51.698,EU-15,True,,,44.036,0.0,0.0,0.0
FR,24,2006,27223246.0,17.11958179862888,0.0307064729368633,,,24,Production of pig iron or steel,C24_C25,medium,34360.0,0.0199889077419292,51.518,EU-15,True,,,44.036,0.0,0.0,0.0
FR,24,2007,26465227.0,17.091342240603772,-0.0282395580251062,,,24,Production of pig iron or steel,C24_C25,medium,35010.0,0.0187406378505201,50.42,EU-15,True,,,44.036,0.0,0.0,0.0
FR,24,2008,23916673.0,16.99008638874422,-0.1012558518595518,,,24,Production of pig iron or steel,C24_C25,medium,34960.0,-0.0014291841792406,50.748,EU-15,True,,,44.036,0.0,0.0,0.0
FR,24,2009,16978719.0,16.647471294305493,-0.3426150944387274,,,24,Production of pig iron or steel,C24_C25,medium,33800.0,-0.0337437482983613,50.652,EU-15,True,,,44.036,0.0,0.0,0.0
FR,24,2010,20953687.0,16.85782517930138,0.2103538849958859,,,24,Production of pig iron or steel,C24_C25,medium,34310.0,0.0149760543813854,48.668,EU-15,True,,,44.036,0.0,0.0,0.0
FR,24,2011,19987942.0,16.81063974970098,-0.0471854296004004,,,24,Production of pig iron or steel,C24_C25,medium,34990.0,0.0196254495092382,49.012,EU-15,True,,,44.036,0.0,0.0,0.0
FR,24,2012,19803140.0,16.80135106894994,-0.0092886807510375,,,24,Production of pig iron or steel,C24_C25,medium,34880.0,-0.0031487073388181,48.133,EU-15,True,,,44.036,0.0,0.0,0.0
FR,24,2013,17705092.0,16.68936283978688,-0.1119882291630602,,,24,Production of pig iron or steel,C24_C25,medium,34990.0,0.0031487073388181,47.934,EU-15,True,,,44.036,0.0,0.0,0.0
FR,24,2014,17563129.0,16.681312319363517,-0.0080505204233638,,,24,Production of pig iron or steel,C24_C25,medium,35150.0,0.004562311877077,46.215,EU-15,True,,0.1069,44.036,0.0,0.0,0.0
FR,24,2015,16643487.0,16.627529526692154,-0.0537827926713632,0.1069,1.0,24,Production of pig iron or steel,C24_C25,medium,35370.0,0.0062393849607165,45.895,EU-15,True,,0.0314,44.036,0.0,0.0,0.0
FR,24,2016,15995479.0,16.587816677775752,-0.0397128489164018,0.0314,1.0,24,Production of pig iron or steel,C24_C25,medium,35540.0,0.0047948195091152,47.327,EU-15,False,0.1069,0.0621,44.036,0.0,0.0,0.0
FR,24,2017,17459747.0,16.675408618007285,0.0875919402315332,0.0621,1.0,24,Production of pig iron or steel,C24_C25,medium,36140.0,0.0167414624375776,48.703,EU-15,False,0.0314,0.0308999999999999,44.036,0.0,0.0,0.0
FR,24,2018,16988142.0,16.6480261292219,-0.0273824887853848,0.0308999999999999,1.0,24,Production of pig iron or steel,C24_C25,medium,36570.0,0.0118279469972062,46.735,EU-15,False,0.0621,0.0951999999999999,44.036,0.0,0.0,0.0
FR,24,2019,16459942.0,16.616440229513188,-0.0315858997087126,0.0951999999999999,1.0,24,Production of pig iron or steel,C24_C25,medium,37160.0,0.0160046817843486,47.584,EU-15,False,0.0308999999999999,0.0617,44.036,0.0,0.0,0.0
FR,24,2020,12754474.0,16.3613926699778,-0.255047559535388,0.0617,2.0,24,Production of pig iron or steel,C24_C25,medium,34230.0,-0.082130461403544,44.424,EU-15,True,0.0951999999999999,0.0639,44.036,0.0,0.0,0.0
FR,24,2021,15481146.0,16.55513345439345,0.1937407844156489,0.0639,3.0,24,Production of pig iron or steel,C24_C25,medium,36460.0,0.0631133167084225,44.036,EU-15,True,0.0617,,44.036,0.0,0.0,0.0
FR,24,2022,14056865.0,16.45862144651165,-0.0965120078817989,,,24,Production of pig iron or steel,C24_C25,medium,37280.0,0.0222412205668742,51.819,EU-15,True,0.0639,,44.036,1.0,44.036,0.0
FR,24,2023,11508929.0,16.258633726846536,-0.1999877196651134,,,24,Production of pig iron or steel,C24_C25,medium,37730.0,0.0119985441588283,44.773,EU-15,True,,0.1866,44.036,1.0,44.036,0.0
FR,24,2024,10573841.0,16.173893678781557,-0.0847400480649795,0.1866,4.0,24,Production of pig iron or steel,C24_C25,medium,38180.0,0.0118562843213823,41.672,EU-15,True,,0.2958,44.036,0.0,0.0,0.0
FR,24,2025,9828164.0,16.100762699500667,-0.07313097928089,0.2958,3.0,24,Production of pig iron or steel,C24_C25,medium,38360.0,0.0047034317176368,,EU-15,True,0.1866,,44.036,0.0,0.0,0.0
HR,24,2013,35626.0,10.48083098735243,,,,24,Production of pig iron or steel,C24_C25,medium,11340.0,0.0061919702479222,47.436,2013,True,,,54.539,0.0,0.0,1.0
HR,24,2014,34983.0,10.462617508188442,-0.0182134791639878,,,24,Production of pig iron or steel,C24_C25,medium,11370.0,0.0026420094628374,44.206,2013,True,,0.1058,54.539,0.0,0.0,1.0
HR,24,2015,22612.0,10.02623601779518,-0.436381490393261,0.1058,1.0,24,Production of pig iron or steel,C24_C25,medium,11760.0,0.0337256347080359,48.791,2013,True,,0.0964,54.539,0.0,0.0,1.0
HR,24,2016,4394.0,8.387995252944556,-1.6382407648506252,0.0964,1.0,24,Production of pig iron or steel,C24_C25,medium,12320.0,0.0465200156348935,48.43,2013,False,0.1058,0.0795,54.539,0.0,0.0,1.0
HR,24,2017,4722.0,8.459987717645458,0.0719924647009015,0.0795,1.0,24,Production of pig iron or steel,C24_C25,medium,12910.0,0.0467782467531776,53.157,2013,False,0.0964,0.0183,54.539,0.0,0.0,1.0
HR,24,2018,23103.0,10.04771775820736,1.5877300405619028,0.0183,1.0,24,Production of pig iron or steel,C24_C25,medium,13460.0,0.0417201193580307,52.695,2013,False,0.0795,0.0683,54.539,0.0,0.0,1.0
HR,24,2019,13576.0,9.516058806914062,-0.5316589512932985,0.0683,1.0,24,Production of pig iron or steel,C24_C25,medium,14020.0,0.0407625573898613,56.216,2013,False,0.0183,,54.539,0.0,0.0,1.0
HR,24,2020,10389.0,9.248502833070532,-0.26755597384353,,,24,Production of pig iron or steel,C24_C25,medium,12980.0,-0.0770751703304988,53.564,2013,True,0.0683,0.0694,54.539,0.0,0.0,1.0
HR,24,2021,25512.0,10.146904208689891,0.8984013756193612,0.0694,3.0,24,Production of pig iron or steel,C24_C25,medium,14750.0,0.1278333715098849,54.539,2013,True,,0.2104,54.539,0.0,0.0,1.0
HR,24,2022,25041.0,10.128269760518846,-0.0186344481710474,0.2104,4.0,24,Production of pig iron or steel,C24_C25,medium,15900.0,0.0750760264403567,60.303,2013,True,0.0694,0.0873,54.539,1.0,54.539,1.0
HR,24,2023,33099.0,10.407258349428416,0.27898858890957,0.0873,3.0,24,Production of pig iron or steel,C24_C25,medium,16490.0,0.0364350273453215,55.721,2013,True,0.2104,0.192,54.539,1.0,54.539,1.0
HR,24,2024,22946.0,10.040898908359088,-0.3663594410693278,0.192,4.0,24,Production of pig iron or steel,C24_C25,medium,17060.0,0.0339824054920256,59.929,2013,True,0.0873,0.1268,54.539,0.0,0.0,1.0
HR,24,2025,67.0,4.204692619390966,-5.836206288968122,0.1268,3.0,24,Production of pig iron or steel,C24_C25,medium,17590.0,0.0305940166859333,,2013,True,0.192,,54.539,0.0,0.0,1.0
HU,24,2005,1204047.0,14.001198940633849,,,,24,Production of pig iron or steel,C24_C25,medium,11050.0,0.0444106280816161,62.254,2004,True,,,54.121,0.0,0.0,1.0
HU,24,2006,1142629.0,13.948842305661074,-0.0523566349727744,,,24,Production of pig iron or steel,C24_C25,medium,11500.0,0.0399166074054413,61.819,2004,True,,,54.121,0.0,0.0,1.0
HU,24,2007,1171944.0,13.974174466407554,0.0253321607464798,,,24,Production of pig iron or steel,C24_C25,medium,11550.0,0.0043384015985985,60.362,2004,True,,,54.121,0.0,0.0,1.0
HU,24,2008,1119020.0,13.927963860235325,-0.0462106061722309,,,24,Production of pig iron or steel,C24_C25,medium,11690.0,0.0120483385161751,62.589,2004,True,,,54.121,0.0,0.0,1.0
HU,24,2009,903149.0,13.713642824324303,-0.2143210359110181,,,24,Production of pig iron or steel,C24_C25,medium,10920.0,-0.0681378051672183,57.574,2004,True,,,54.121,0.0,0.0,1.0
HU,24,2010,947669.0,13.761760564149826,0.0481177398255212,,,24,Production of pig iron or steel,C24_C25,medium,11060.0,0.0127390257774298,56.93,2004,True,,,54.121,0.0,0.0,1.0
HU,24,2011,953653.0,13.768055152607836,0.0062945884580098,,,24,Production of pig iron or steel,C24_C25,medium,11300.0,0.0214677296241063,50.273,2004,True,,,54.121,0.0,0.0,1.0
HU,24,2012,869268.0,13.67540675716218,-0.0926483954456554,,,24,Production of pig iron or steel,C24_C25,medium,11220.0,-0.0071048256237453,50.146,2004,True,,,54.121,0.0,0.0,1.0
HU,24,2013,495200.0,13.112717000352523,-0.5626897568096574,,,24,Production of pig iron or steel,C24_C25,medium,11490.0,0.0237791917661134,50.122,2004,True,,,54.121,0.0,0.0,1.0
HU,24,2014,595432.0,13.297042471500838,0.1843254711483144,,,24,Production of pig iron or steel,C24_C25,medium,12040.0,0.0467573480200105,59.845,2004,True,,0.0326,54.121,0.0,0.0,1.0
HU,24,2015,844864.0,13.646930946640431,0.3498884751395934,0.0326,1.0,24,Production of pig iron or steel,C24_C25,medium,12530.0,0.0398913290273021,53.875,2004,True,,0.0233999999999999,54.121,0.0,0.0,1.0
HU,24,2016,608837.0,13.319305858978533,-0.3276250876618984,0.0233999999999999,1.0,24,Production of pig iron or steel,C24_C25,medium,12880.0,0.0275499517682309,55.823,2004,False,0.0326,0.0469,54.121,0.0,0.0,1.0
HU,24,2017,883692.0,13.69186386461913,0.372558005640597,0.0469,1.0,24,Production of pig iron or steel,C24_C25,medium,13460.0,0.0440466035403748,62.645,2004,False,0.0233999999999999,0.0347,54.121,0.0,0.0,1.0
HU,24,2018,788606.0,13.578022108816704,-0.1138417558024258,0.0347,1.0,24,Production of pig iron or steel,C24_C25,medium,14240.0,0.056332581767247,58.123,2004,False,0.0469,0.0471,54.121,0.0,0.0,1.0
HU,24,2019,830014.0,13.629197847100404,0.0511757382837014,0.0471,1.0,24,Production of pig iron or steel,C24_C25,medium,14980.0,0.0506610721052442,69.712,2004,False,0.0347,0.0482,54.121,0.0,0.0,1.0
HU,24,2020,756094.0,13.535920986056604,-0.0932768610438028,0.0482,2.0,24,Production of pig iron or steel,C24_C25,medium,14370.0,-0.0415732779981397,56.618,2004,True,0.0471,0.0417,54.121,0.0,0.0,1.0
HU,24,2021,567294.0,13.248632966844132,-0.28728801921247,0.0417,3.0,24,Production of pig iron or steel,C24_C25,medium,15470.0,0.0737599644940409,54.121,2004,True,0.0482,0.1679,54.121,0.0,0.0,1.0
HU,24,2022,449869.0,13.016711708254329,-0.2319212585898054,0.1679,4.0,24,Production of pig iron or steel,C24_C25,medium,16160.0,0.0436363885079753,64.206,2004,True,0.0417,0.1416,54.121,1.0,54.121,1.0
HU,24,2023,225714.0,12.32702399012425,-0.6896877181300773,0.1416,3.0,24,Production of pig iron or steel,C24_C25,medium,16050.0,-0.0068302035169249,62.087,2004,True,0.1679,0.1091,54.121,1.0,54.121,1.0
HU,24,2024,43647.0,10.683889830383498,-1.643134159740752,0.1091,4.0,24,Production of pig iron or steel,C24_C25,medium,16210.0,0.0099194861715599,48.943,2004,True,0.1416,0.1697,54.121,0.0,0.0,1.0
HU,24,2025,41643.0,10.636888566243218,-0.0470012641402792,0.1697,3.0,24,Production of pig iron or steel,C24_C25,medium,16370.0,0.0098220556354586,,2004,True,0.1091,,54.121,0.0,0.0,1.0
IT,24,2005,11399470.0,16.249077421055905,,,,24,Production of pig iron or steel,C24_C25,medium,31850.0,0.0018856070954615,83.348,EU-15,True,,,73.416,0.0,0.0,0.0
IT,24,2006,12025321.0,16.302525067986505,0.0534476469306,,,24,Production of pig iron or steel,C24_C25,medium,32290.0,0.0137202027520118,85.867,EU-15,True,,,73.416,0.0,0.0,0.0
IT,24,2007,12179358.0,16.31525310949723,0.0127280415107264,,,24,Production of pig iron or steel,C24_C25,medium,32570.0,0.0086340345179571,83.002,EU-15,True,,,73.416,0.0,0.0,0.0
IT,24,2008,13740467.0,16.435855832536053,0.1206027230388215,,,24,Production of pig iron or steel,C24_C25,medium,31990.0,-0.017968265326715,82.804,EU-15,True,,,73.416,0.0,0.0,0.0
IT,24,2009,7397426.0,15.816642659826949,-0.6192131727091059,,,24,Production of pig iron or steel,C24_C25,medium,30110.0,-0.0605660114677846,80.777,EU-15,True,,,73.416,0.0,0.0,0.0
IT,24,2010,11293369.0,16.239726297280463,0.4230836374535158,,,24,Production of pig iron or steel,C24_C25,medium,30440.0,0.0109001904998429,82.571,EU-15,True,,,73.416,0.0,0.0,0.0
IT,24,2011,12988422.0,16.37956890320768,0.1398426059272175,,,24,Production of pig iron or steel,C24_C25,medium,30550.0,0.0036071526241201,81.353,EU-15,True,,,73.416,0.0,0.0,0.0
IT,24,2012,12988514.0,16.379575986414103,7.08320642317517e-06,,,24,Production of pig iron or steel,C24_C25,medium,29510.0,-0.0346354966627568,79.109,EU-15,True,,,73.416,0.0,0.0,0.0
IT,24,2013,9880765.0,16.106100495876365,-0.2734754905377379,,,24,Production of pig iron or steel,C24_C25,medium,28920.0,-0.0201957916642836,76.736,EU-15,True,,,73.416,0.0,0.0,0.0
IT,24,2014,10283241.0,16.146026040676944,0.0399255448005781,,,24,Production of pig iron or steel,C24_C25,medium,28910.0,-0.0003458412623089,75.811,EU-15,True,,0.0423,73.416,0.0,0.0,0.0
IT,24,2015,8971350.0,16.00954672438298,-0.1364793162939648,0.0423,1.0,24,Production of pig iron or steel,C24_C25,medium,29210.0,0.0103235603713933,77.03,EU-15,True,,0.0248,73.416,0.0,0.0,0.0
IT,24,2016,9710135.0,16.088680743363444,0.079134018980465,0.0248,1.0,24,Production of pig iron or steel,C24_C25,medium,29630.0,0.0142762451858242,77.653,EU-15,False,0.0423,0.0401999999999999,73.416,0.0,0.0,0.0
IT,24,2017,9415225.0,16.05783861782289,-0.0308421255405555,0.0401999999999999,1.0,24,Production of pig iron or steel,C24_C25,medium,30160.0,0.0177291815542819,76.979,EU-15,False,0.0248,0.0248,73.416,0.0,0.0,0.0
IT,24,2018,9276599.0,16.04300555052062,-0.0148330673022698,0.0248,1.0,24,Production of pig iron or steel,C24_C25,medium,30470.0,0.010226049857863,76.338,EU-15,False,0.0401999999999999,0.0828999999999999,73.416,0.0,0.0,0.0
IT,24,2019,8900414.0,16.001608350474427,-0.041397200046191,0.0828999999999999,1.0,24,Production of pig iron or steel,C24_C25,medium,30680.0,0.0068683835014375,77.484,EU-15,False,0.0248,0.0938,73.416,0.0,0.0,0.0
IT,24,2020,7613674.0,15.845456399142444,-0.1561519513319833,0.0938,2.0,24,Production of pig iron or steel,C24_C25,medium,28100.0,-0.0878414001593554,73.454,EU-15,True,0.0828999999999999,0.1134999999999999,73.416,0.0,0.0,0.0
IT,24,2021,8443132.0,15.94886388778265,0.1034074886402063,0.1134999999999999,3.0,24,Production of pig iron or steel,C24_C25,medium,30760.0,0.0904455682977438,73.416,EU-15,True,0.0938,0.2187,73.416,0.0,0.0,0.0
IT,24,2022,7531028.0,15.83454211104232,-0.114321776740331,0.2187,4.0,24,Production of pig iron or steel,C24_C25,medium,32310.0,0.0491616351989634,79.49,EU-15,True,0.1134999999999999,0.1425,73.416,1.0,73.416,0.0
IT,24,2023,7194352.0,15.788806831704298,-0.0457352793380216,0.1425,3.0,24,Production of pig iron or steel,C24_C25,medium,32630.0,0.009855330768822,75.356,EU-15,True,0.2187,0.1941,73.416,1.0,73.416,0.0
IT,24,2024,6172229.0,15.635570594822902,-0.1532362368813959,0.1941,4.0,24,Production of pig iron or steel,C24_C25,medium,32900.0,0.0082405471660962,73.884,EU-15,True,0.1425,0.2713,73.416,0.0,0.0,0.0
IT,24,2025,5909029.0,15.59199207808358,-0.0435785167393216,0.2713,3.0,24,Production of pig iron or steel,C24_C25,medium,33080.0,0.0054562123841641,,EU-15,True,0.1941,,73.416,0.0,0.0,0.0
LU,24,2005,399585.0,12.898181787514448,,,,24,Production of pig iron or steel,C24_C25,medium,98260.0,0.0088934907673952,97.376,EU-15,True,,,92.374,0.0,0.0,0.0
LU,24,2006,486680.0,13.095362101901385,0.1971803143869372,,,24,Production of pig iron or steel,C24_C25,medium,102580.0,0.0430259552206191,98.232,EU-15,True,,,92.374,0.0,0.0,0.0
LU,24,2007,485200.0,13.092316456052032,-0.0030456458493528,,,24,Production of pig iron or steel,C24_C25,medium,109100.0,0.0616219108779034,96.668,EU-15,True,,,92.374,0.0,0.0,0.0
LU,24,2008,223020.0,12.315016732519354,-0.7772997235326784,,,24,Production of pig iron or steel,C24_C25,medium,106870.0,-0.0206517503022194,97.446,EU-15,True,,,92.374,0.0,0.0,0.0
LU,24,2009,186796.0,12.13777239127138,-0.1772443412479738,,,24,Production of pig iron or steel,C24_C25,medium,101540.0,-0.0511603330175578,97.514,EU-15,True,,,92.374,0.0,0.0,0.0
LU,24,2010,223103.0,12.31538882721502,0.1776164359436407,,,24,Production of pig iron or steel,C24_C25,medium,103430.0,0.0184422458704638,97.069,EU-15,True,,,92.374,0.0,0.0,0.0
LU,24,2011,213504.0,12.27141084683831,-0.0439779803767113,,,24,Production of pig iron or steel,C24_C25,medium,102120.0,-0.0127464630164286,97.293,EU-15,True,,,92.374,0.0,0.0,0.0
LU,24,2012,179539.0,12.098147733505709,-0.1732631133326023,,,24,Production of pig iron or steel,C24_C25,medium,101440.0,-0.0066811016843679,97.51,EU-15,True,,,92.374,0.0,0.0,0.0
LU,24,2013,362246.0,12.800078818023966,0.7019310845182591,,,24,Production of pig iron or steel,C24_C25,medium,102010.0,0.005603357005512,97.1,EU-15,True,,,92.374,0.0,0.0,0.0
LU,24,2014,391889.0,12.878733915409006,0.0786550973850399,,,24,Production of pig iron or steel,C24_C25,medium,102250.0,0.0023499472284846,96.626,EU-15,True,,0.0934,92.374,0.0,0.0,0.0
LU,24,2015,385062.0,12.861159639265578,-0.0175742761434278,0.0934,1.0,24,Production of pig iron or steel,C24_C25,medium,102530.0,0.0027346437590871,95.958,EU-15,True,,0.0698,92.374,0.0,0.0,0.0
LU,24,2016,382045.0,12.853293681697837,-0.0078659575677431,0.0698,1.0,24,Production of pig iron or steel,C24_C25,medium,104920.0,0.0230427163166737,96.28,EU-15,False,0.0934,0.1335,92.374,0.0,0.0,0.0
LU,24,2017,376127.0,12.8376821312994,-0.0156115503984359,0.1335,1.0,24,Production of pig iron or steel,C24_C25,medium,104020.0,-0.0086149666537469,95.558,EU-15,False,0.0698,0.1142,92.374,0.0,0.0,0.0
LU,24,2018,375410.0,12.835774041032284,-0.0019080902671149,0.1142,1.0,24,Production of pig iron or steel,C24_C25,medium,103640.0,-0.0036598326510173,95.156,EU-15,False,0.1335,0.2439,92.374,0.0,0.0,0.0
LU,24,2019,359300.0,12.79191297310161,-0.0438610679306741,0.2439,1.0,24,Production of pig iron or steel,C24_C25,medium,104310.0,0.0064438789939718,95.009,EU-15,False,0.1142,0.1220999999999999,92.374,0.0,0.0,0.0
LU,24,2020,326864.0,12.697299461227434,-0.0946135118741757,0.1220999999999999,2.0,24,Production of pig iron or steel,C24_C25,medium,102190.0,-0.0205334090637627,92.342,EU-15,True,0.2439,0.2147,92.374,0.0,0.0,0.0
LU,24,2021,340591.0,12.738437622903884,0.0411381616764501,0.2147,3.0,24,Production of pig iron or steel,C24_C25,medium,107570.0,0.0513079728197958,92.374,EU-15,True,0.1220999999999999,0.1874,92.374,0.0,0.0,0.0
LU,24,2022,289753.0,12.576784114901637,-0.1616535080022494,0.1874,4.0,24,Production of pig iron or steel,C24_C25,medium,104100.0,-0.0327898228229894,91.483,EU-15,True,0.2147,0.0629,92.374,1.0,92.374,0.0
LU,24,2023,299937.0,12.61132773158525,0.0345436166836155,0.0629,3.0,24,Production of pig iron or steel,C24_C25,medium,102250.0,-0.017931180698012,91.448,EU-15,True,0.1874,0.2598,92.374,1.0,92.374,0.0
LU,24,2024,295516.0,12.596478259878548,-0.014849471706702,0.2598,4.0,24,Production of pig iron or steel,C24_C25,medium,101000.0,-0.0123002780816516,91.034,EU-15,True,0.0629,,92.374,0.0,0.0,0.0
LV,24,2005,365920.0,12.810170009256607,,,,24,Production of pig iron or steel,C24_C25,medium,10430.0,0.1211443833590895,63.841,2004,True,,,38.335,0.0,0.0,1.0
LV,24,2006,361850.0,12.798985040294273,-0.0111849689623344,,,24,Production of pig iron or steel,C24_C25,medium,11870.0,0.1293279396088955,66.707,2004,True,,,38.335,0.0,0.0,1.0
LV,24,2007,355669.0,12.78175580204412,-0.0172292382501524,,,24,Production of pig iron or steel,C24_C25,medium,13220.0,0.107716625801963,62.478,2004,True,,,38.335,0.0,0.0,1.0
LV,24,2008,336370.0,12.72596702355604,-0.055788778488079,,,24,Production of pig iron or steel,C24_C25,medium,12900.0,-0.0245035230559143,58.825,2004,True,,,38.335,0.0,0.0,1.0
LV,24,2009,296574.0,12.600052044695245,-0.1259149788607967,,,24,Production of pig iron or steel,C24_C25,medium,11020.0,-0.1575155076428576,60.411,2004,True,,,38.335,0.0,0.0,1.0
LV,24,2010,339630.0,12.735612068740265,0.1355600240450201,,,24,Production of pig iron or steel,C24_C25,medium,10840.0,-0.0164688077132684,45.545,2004,True,,,38.335,0.0,0.0,1.0
LV,24,2011,79052.0,11.277861142760324,-1.4577509259799406,,,24,Production of pig iron or steel,C24_C25,medium,11380.0,0.0486144326866853,59.863,2004,True,,,38.335,0.0,0.0,1.0
LV,24,2012,139269.0,11.844162593724096,0.5663014509637705,,,24,Production of pig iron or steel,C24_C25,medium,12360.0,0.0826080233313604,56.388,2004,True,,,38.335,0.0,0.0,1.0
LV,24,2013,44503.0,10.703311881612333,-1.1408507121117637,,,24,Production of pig iron or steel,C24_C25,medium,12750.0,0.0310658195748896,55.883,2004,True,,,38.335,0.0,0.0,1.0
LV,24,2014,683.0,6.52649485957079,-4.176817022041541,,,24,Production of pig iron or steel,C24_C25,medium,13140.0,0.0301297414520291,40.592,2004,True,,0.0431,38.335,0.0,0.0,1.0
LV,24,2015,23353.0,10.058480734501629,3.531985874930837,0.0431,1.0,24,Production of pig iron or steel,C24_C25,medium,13750.0,0.0453778110561167,51.179,2004,True,,0.0236,38.335,0.0,0.0,1.0
LV,24,2016,2399.0,7.782807262839695,-2.275673471661932,0.0236,1.0,24,Production of pig iron or steel,C24_C25,medium,14230.0,0.03431358798918,47.152,2004,False,0.0431,0.0806,38.335,0.0,0.0,1.0
LV,24,2017,211.0,5.351858133476067,-2.4309491293636283,0.0806,1.0,24,Production of pig iron or steel,C24_C25,medium,14850.0,0.042647453146948,44.055,2004,False,0.0236,0.0165,38.335,0.0,0.0,1.0
LV,24,2018,42.0,3.737669618283368,-1.6141885151926982,0.0165,1.0,24,Production of pig iron or steel,C24_C25,medium,15610.0,0.0499118692786311,44.316,2004,False,0.0806,0.045,38.335,0.0,0.0,1.0
LV,24,2019,1.0,0.0,-3.737669618283368,0.045,1.0,24,Production of pig iron or steel,C24_C25,medium,15820.0,0.0133632278121673,43.917,2004,False,0.0165,0.0598,38.335,0.0,0.0,1.0
LV,24,2020,2.0,0.6931471805599453,0.6931471805599453,0.0598,2.0,24,Production of pig iron or steel,C24_C25,medium,15370.0,-0.0288574047890026,45.485,2004,True,0.045,0.1113,38.335,0.0,0.0,1.0
LV,24,2021,2.0,0.6931471805599453,0.0,0.1113,3.0,24,Production of pig iron or steel,C24_C25,medium,16580.0,0.0757795921566444,38.335,2004,True,0.0598,0.1558,38.335,0.0,0.0,1.0
LV,24,2022,2.0,0.6931471805599453,0.0,0.1558,4.0,24,Production of pig iron or steel,C24_C25,medium,16890.0,0.01852458111256,38.213,2004,True,0.1113,0.1276,38.335,1.0,38.335,1.0
LV,24,2023,1.0,0.0,-0.6931471805599453,0.1276,3.0,24,Production of pig iron or steel,C24_C25,medium,16770.0,-0.0071301549845923,32.716,2004,True,0.1558,,38.335,1.0,38.335,1.0
NL,24,2005,6487333.0,15.68536206431378,,,,24,Production of pig iron or steel,C24_C25,medium,42160.0,0.0177080482656677,37.784,EU-15,True,,,58.451,0.0,0.0,0.0
NL,24,2006,6284580.0,15.653609571997888,-0.0317524923158938,,,24,Production of pig iron or steel,C24_C25,medium,43590.0,0.0333558620171938,38.561,EU-15,True,,,58.451,0.0,0.0,0.0
NL,24,2007,6495330.0,15.686594015110224,0.0329844431123387,,,24,Production of pig iron or steel,C24_C25,medium,45180.0,0.0358267447895563,37.407,EU-15,True,,,58.451,0.0,0.0,0.0
NL,24,2008,6499181.0,15.687186726927198,0.0005927118169726,,,24,Production of pig iron or steel,C24_C25,medium,45960.0,0.0171169419406975,33.555,EU-15,True,,,58.451,0.0,0.0,0.0
NL,24,2009,5612744.0,15.540550284475191,-0.1466364424520065,,,24,Production of pig iron or steel,C24_C25,medium,44050.0,-0.0424461005983651,34.059,EU-15,True,,,58.451,0.0,0.0,0.0
NL,24,2010,6272120.0,15.651624973482416,0.1110746890072231,,,24,Production of pig iron or steel,C24_C25,medium,44400.0,0.0079141170559893,28.279,EU-15,True,,,58.451,0.0,0.0,0.0
NL,24,2011,6271640.0,15.651548441405872,-7.653207654279015e-05,,,24,Production of pig iron or steel,C24_C25,medium,44980.0,0.0129784770929912,29.357,EU-15,True,,,58.451,0.0,0.0,0.0
NL,24,2012,6025133.0,15.611450111786148,-0.0400983296197239,,,24,Production of pig iron or steel,C24_C25,medium,44370.0,-0.013654381140352,30.635,EU-15,True,,,58.451,0.0,0.0,0.0
NL,24,2013,6018858.0,15.610408098292815,-0.0010420134933326,,,24,Production of pig iron or steel,C24_C25,medium,44230.0,-0.0031602735105824,23.738,EU-15,True,,,58.451,0.0,0.0,0.0
NL,24,2014,5955284.0,15.59978945065031,-0.0106186476425058,,,24,Production of pig iron or steel,C24_C25,medium,44780.0,0.0123583192903726,30.948,EU-15,True,,0.2455,58.451,0.0,0.0,0.0
NL,24,2015,6315807.0,15.65856609657603,0.0587766459257199,0.2455,1.0,24,Production of pig iron or steel,C24_C25,medium,45530.0,0.0166098381760821,48.372,EU-15,True,,0.0964,58.451,0.0,0.0,0.0
NL,24,2016,6318851.0,15.659047945797258,0.000481849221229,0.0964,1.0,24,Production of pig iron or steel,C24_C25,medium,46380.0,0.0184968824806954,45.874,EU-15,False,0.2455,0.2865,58.451,0.0,0.0,0.0
NL,24,2017,6969825.0,15.757100674817488,0.0980527290202299,0.2865,1.0,24,Production of pig iron or steel,C24_C25,medium,47390.0,0.0215429041521115,51.699,EU-15,False,0.0964,0.1258,58.451,0.0,0.0,0.0
NL,24,2018,6593777.0,15.70163688341896,-0.0554637913985285,0.1258,1.0,24,Production of pig iron or steel,C24_C25,medium,48180.0,0.0165327612072285,59.517,EU-15,False,0.2865,0.238,58.451,0.0,0.0,0.0
NL,24,2019,6348738.0,15.663766610959952,-0.037870272459008,0.238,1.0,24,Production of pig iron or steel,C24_C25,medium,48970.0,0.0162638685275009,64.304,EU-15,False,0.1258,0.1508,58.451,0.0,0.0,0.0
NL,24,2020,5804734.0,15.57418434949749,-0.0895822614624624,0.1508,2.0,24,Production of pig iron or steel,C24_C25,medium,46810.0,-0.0451110104022483,68.023,EU-15,True,0.238,0.2586,58.451,0.0,0.0,0.0
NL,24,2021,5970766.0,15.602385785345696,0.0282014358482065,0.2586,3.0,24,Production of pig iron or steel,C24_C25,medium,49490.0,0.0556737736518169,58.451,EU-15,True,0.1508,0.2897999999999999,58.451,0.0,0.0,0.0
NL,24,2022,5834636.0,15.579322439580425,-0.0230633457652729,0.2897999999999999,4.0,24,Production of pig iron or steel,C24_C25,medium,51480.0,0.0394227537641302,80.242,EU-15,True,0.2586,0.3779999999999999,58.451,1.0,58.451,0.0
NL,24,2023,4545548.0,15.329658850382696,-0.249663589197727,0.3779999999999999,3.0,24,Production of pig iron or steel,C24_C25,medium,50660.0,-0.016056738154397,70.411,EU-15,True,0.2897999999999999,0.3161,58.451,1.0,58.451,0.0
NL,24,2024,5894644.0,15.589554699968897,0.2598958495861989,0.3161,4.0,24,Production of pig iron or steel,C24_C25,medium,50870.0,0.0041367142611452,70.564,EU-15,True,0.3779999999999999,0.6466,58.451,0.0,0.0,0.0
NL,24,2025,5689202.0,15.554080550221425,-0.0354741497474719,0.6466,3.0,24,Production of pig iron or steel,C24_C25,medium,51400.0,0.0103648136264453,,EU-15,True,0.3161,,58.451,0.0,0.0,0.0
NO,24,2008,69959.0,11.15566463514816,,,,24,Production of pig iron or steel,C24_C25,medium,61200.0,-0.0042393671840574,-592.319,,True,,,-622.175,0.0,-0.0,0.0
NO,24,2009,74619.0,11.220150445452438,0.0644858103042764,,,24,Production of pig iron or steel,C24_C25,medium,59450.0,-0.0290115663814898,-601.253,,True,,,-622.175,0.0,-0.0,0.0
NO,24,2010,78194.0,11.266948197247077,0.0467977517946369,,,24,Production of pig iron or steel,C24_C25,medium,59310.0,-0.0023576972861558,-536.301,,True,,,-622.175,0.0,-0.0,0.0
NO,24,2011,88863.0,11.394851136892326,0.1279029396452511,,,24,Production of pig iron or steel,C24_C25,medium,59350.0,0.0006741952050415,-590.038,,True,,,-622.175,0.0,-0.0,0.0
NO,24,2012,100635.0,11.519255388665098,0.1244042517727717,,,24,Production of pig iron or steel,C24_C25,medium,60230.0,0.0147184459999536,-568.081,,True,,,-622.175,0.0,-0.0,0.0
NO,24,2013,91921.0,11.4286847914887,-0.0905705971763968,,,24,Production of pig iron or steel,C24_C25,medium,60260.0,0.0004979666465256,-508.738,,True,,,-622.175,0.0,-0.0,0.0
NO,24,2014,100149.0,11.514414356021648,0.0857295645329472,,,24,Production of pig iron or steel,C24_C25,medium,60840.0,0.0095789336889353,-566.17,,True,,0.2716,-622.175,0.0,-0.0,0.0
NO,24,2015,96656.0,11.478913562378525,-0.0355007936431253,0.2716,1.0,24,Production of pig iron or steel,C24_C25,medium,61450.0,0.0099763686209524,-678.008,,True,,0.2777,-622.175,0.0,-0.0,0.0
NO,24,2016,91511.0,11.424214462617174,-0.0546990997613487,0.2777,1.0,24,Production of pig iron or steel,C24_C25,medium,61700.0,0.0040600948992981,-608.666,,False,0.2716,0.2471,-622.175,0.0,-0.0,0.0
NO,24,2017,98803.0,11.50088324764744,0.0766687850302663,0.2471,1.0,24,Production of pig iron or steel,C24_C25,medium,62850.0,0.0184670041249148,-595.383,,False,0.2777,0.2254999999999999,-622.175,0.0,-0.0,0.0
NO,24,2018,93274.0,11.443296677045558,-0.0575865706018827,0.2254999999999999,1.0,24,Production of pig iron or steel,C24_C25,medium,63130.0,0.0044451573432766,-563.803,,False,0.2471,0.2282,-622.175,0.0,-0.0,0.0
NO,24,2019,89987.0,11.407420494434854,-0.0358761826107034,0.2282,1.0,24,Production of pig iron or steel,C24_C25,medium,63630.0,0.0078889648651667,-561.944,,False,0.2254999999999999,0.4509999999999999,-622.175,0.0,-0.0,0.0
NO,24,2020,76191.0,11.240998624462954,-0.1664218699719004,0.4509999999999999,2.0,24,Production of pig iron or steel,C24_C25,medium,62400.0,-0.0195197818693184,-603.999,,True,0.2282,0.1866999999999999,-622.175,0.0,-0.0,0.0
NO,24,2021,87094.0,11.374743274130278,0.1337446496673244,0.1866999999999999,3.0,24,Production of pig iron or steel,C24_C25,medium,64640.0,0.0352681388374573,-622.175,,True,0.4509999999999999,0.4025,-622.175,0.0,-0.0,0.0
NO,24,2022,98066.0,11.493396000361724,0.1186527262314456,0.4025,4.0,24,Production of pig iron or steel,C24_C25,medium,66670.0,0.0309216624171302,-682.103,,True,0.1866999999999999,0.2769,-622.175,1.0,-622.175,0.0
NO,24,2023,89171.0,11.398311153600078,-0.0950848467616456,0.2769,3.0,24,Production of pig iron or steel,C24_C25,medium,66140.0,-0.0079813690763224,-655.137,,True,0.4025,0.4104,-622.175,1.0,-622.175,0.0
NO,24,2024,90654.0,11.414805340967895,0.016494187367817,0.4104,4.0,24,Production of pig iron or steel,C24_C25,medium,66460.0,0.0048265553728015,-677.196,,True,0.2769,0.4023,-622.175,0.0,-0.0,0.0
NO,24,2025,82066.0,11.315279080554538,-0.0995262604133575,0.4023,3.0,24,Production of pig iron or steel,C24_C25,medium,66720.0,0.0039044951240434,,,True,0.4104,,-622.175,0.0,-0.0,0.0
PL,24,2005,484992.0,13.091887674938215,,,,24,Production of pig iron or steel,C24_C25,medium,8080.0,0.0327073179757846,17.748,2004,True,,,40.464,0.0,0.0,1.0
PL,24,2006,532682.0,13.185679902208417,0.0937922272701996,,,24,Production of pig iron or steel,C24_C25,medium,8590.0,0.061206863463159,20.149,2004,True,,,40.464,0.0,0.0,1.0
PL,24,2007,522679.0,13.166722787884751,-0.0189571143236637,,,24,Production of pig iron or steel,C24_C25,medium,9170.0,0.0653385502722105,25.79,2004,True,,,40.464,0.0,0.0,1.0
PL,24,2008,5315815.0,15.486196897607762,2.319474109723009,,,24,Production of pig iron or steel,C24_C25,medium,9570.0,0.0426959191964879,30.862,2004,True,,,40.464,0.0,0.0,1.0
PL,24,2009,3053482.0,14.931793136753218,-0.5544037608545445,,,24,Production of pig iron or steel,C24_C25,medium,9810.0,0.024769068112409,32.041,2004,True,,,40.464,0.0,0.0,1.0
PL,24,2010,3733746.0,15.132922577202876,0.2011294404496588,,,24,Production of pig iron or steel,C24_C25,medium,10150.0,0.0340714319105242,31.559,2004,True,,,40.464,0.0,0.0,1.0
PL,24,2011,3995262.0,15.20061971700958,0.0676971398067038,,,24,Production of pig iron or steel,C24_C25,medium,10680.0,0.0508991280442536,34.008,2004,True,,,40.464,0.0,0.0,1.0
PL,24,2012,3875336.0,15.170142926687936,-0.0304767903216429,,,24,Production of pig iron or steel,C24_C25,medium,10840.0,0.0148701624794505,31.613,2004,True,,,40.464,0.0,0.0,1.0
PL,24,2013,3406974.0,15.04133506526676,-0.128807861421178,,,24,Production of pig iron or steel,C24_C25,medium,10930.0,0.0082683061769479,26.236,2004,True,,,40.464,0.0,0.0,1.0
PL,24,2014,3772656.0,15.143289820657843,0.101954755391084,,,24,Production of pig iron or steel,C24_C25,medium,11360.0,0.0385871111045581,29.395,2004,True,,0.0774,40.464,0.0,0.0,1.0
PL,24,2015,3862176.0,15.166741313174574,0.023451492516731,0.0774,1.0,24,Production of pig iron or steel,C24_C25,medium,11870.0,0.0439157953285711,29.829,2004,True,,0.0472,40.464,0.0,0.0,1.0
PL,24,2016,3818601.0,15.155394683137548,-0.0113466300370266,0.0472,1.0,24,Production of pig iron or steel,C24_C25,medium,12240.0,0.0306950684626023,30.744,2004,False,0.0774,0.0549,40.464,0.0,0.0,1.0
PL,24,2017,4224393.0,15.256386139813031,0.1009914566754837,0.0549,1.0,24,Production of pig iron or steel,C24_C25,medium,12870.0,0.0501897445238554,38.255,2004,False,0.0472,0.0498,40.464,0.0,0.0,1.0
PL,24,2018,3782323.0,15.145848929101636,-0.110537210711394,0.0498,1.0,24,Production of pig iron or steel,C24_C25,medium,13680.0,0.0610358905863694,43.52,2004,False,0.0549,0.0687,40.464,0.0,0.0,1.0
PL,24,2019,3403943.0,15.040445023529328,-0.1054039055723095,0.0687,1.0,24,Production of pig iron or steel,C24_C25,medium,14310.0,0.045023681373955,45.251,2004,False,0.0498,0.0696,40.464,0.0,0.0,1.0
PL,24,2020,2720871.0,14.816462607600746,-0.2239824159285817,0.0696,2.0,24,Production of pig iron or steel,C24_C25,medium,14310.0,0.0,42.775,2004,True,0.0687,0.0803,40.464,0.0,0.0,1.0
PL,24,2021,2958546.0,14.900208489397818,0.0837458817970713,0.0803,3.0,24,Production of pig iron or steel,C24_C25,medium,15380.0,0.0721093705091391,40.464,2004,True,0.0696,0.2359,40.464,0.0,0.0,1.0
PL,24,2022,2430751.0,14.703710821067478,-0.1964976683303394,0.2359,4.0,24,Production of pig iron or steel,C24_C25,medium,15840.0,0.0294704223087816,46.115,2004,True,0.0803,0.1289999999999999,40.464,1.0,40.464,1.0
PL,24,2023,2037933.0,14.527446616856391,-0.1762642042110851,0.1289999999999999,3.0,24,Production of pig iron or steel,C24_C25,medium,15950.0,0.0069204428445726,47.996,2004,True,0.2359,0.2133,40.464,1.0,40.464,1.0
PL,24,2024,2678798.0,14.800878744414796,0.2734321275584044,0.2133,4.0,24,Production of pig iron or steel,C24_C25,medium,16510.0,0.0345074287011843,45.669,2004,True,0.1289999999999999,0.2118999999999999,40.464,0.0,0.0,1.0
PL,24,2025,164726.0,12.012038766487528,-2.788839977927269,0.2118999999999999,3.0,24,Production of pig iron or steel,C24_C25,medium,17170.0,0.0391974169773465,,2004,True,0.2133,,40.464,0.0,0.0,1.0
PT,24,2005,220484.0,12.303580408877986,,,,24,Production of pig iron or steel,C24_C25,medium,19000.0,0.0058062976530219,88.561,EU-15,True,,,66.925,0.0,0.0,0.0
PT,24,2006,237062.0,12.3760769892806,0.072496580402614,,,24,Production of pig iron or steel,C24_C25,medium,19280.0,0.0146293100159589,83.967,EU-15,True,,,66.925,0.0,0.0,0.0
PT,24,2007,234732.0,12.36619971681436,-0.009877272466241,,,24,Production of pig iron or steel,C24_C25,medium,19720.0,0.0225650599920896,81.519,EU-15,True,,,66.925,0.0,0.0,0.0
PT,24,2008,204304.0,12.227364359664463,-0.1388353571498957,,,24,Production of pig iron or steel,C24_C25,medium,19760.0,0.0020263431452338,83.623,EU-15,True,,,66.925,0.0,0.0,0.0
PT,24,2009,154594.0,11.948557604550514,-0.2788067551139495,,,24,Production of pig iron or steel,C24_C25,medium,19120.0,-0.0329247846964673,81.434,EU-15,True,,,66.925,0.0,0.0,0.0
PT,24,2010,127565.0,11.756381317596317,-0.1921762869541972,,,24,Production of pig iron or steel,C24_C25,medium,19440.0,0.0165978914090381,75.22,EU-15,True,,,66.925,0.0,0.0,0.0
PT,24,2011,142192.0,11.864933535978256,0.1085522183819396,,,24,Production of pig iron or steel,C24_C25,medium,19110.0,-0.0171210407801112,77.792,EU-15,True,,,66.925,0.0,0.0,0.0
PT,24,2012,153674.0,11.942588754514734,0.0776552185364778,,,24,Production of pig iron or steel,C24_C25,medium,18410.0,-0.037317763007195,79.461,EU-15,True,,,66.925,0.0,0.0,0.0
PT,24,2013,154326.0,11.946822527072626,0.0042337725578924,,,24,Production of pig iron or steel,C24_C25,medium,18330.0,-0.0043549333933725,73.347,EU-15,True,,,66.925,0.0,0.0,0.0
PT,24,2014,156437.0,11.96040865200442,0.013586124931793,,,24,Production of pig iron or steel,C24_C25,medium,18560.0,0.0124696655064404,70.234,EU-15,True,,0.0902999999999999,66.925,0.0,0.0,0.0
PT,24,2015,191211.0,12.161132809325323,0.2007241573209057,0.0902999999999999,1.0,24,Production of pig iron or steel,C24_C25,medium,18920.0,0.0192108362656764,76.293,EU-15,True,,0.0479,66.925,0.0,0.0,0.0
PT,24,2016,147481.0,11.90145463290551,-0.2596781764198148,0.0479,1.0,24,Production of pig iron or steel,C24_C25,medium,19350.0,0.0224728558520599,72.241,EU-15,False,0.0902999999999999,0.17,66.925,0.0,0.0,0.0
PT,24,2017,135143.0,11.814088756060595,-0.087365876844915,0.17,1.0,24,Production of pig iron or steel,C24_C25,medium,20020.0,0.0340393544112824,77.965,EU-15,False,0.0479,0.0530999999999999,66.925,0.0,0.0,0.0
PT,24,2018,138798.0,11.840774917729126,0.0266861616685307,0.0530999999999999,1.0,24,Production of pig iron or steel,C24_C25,medium,20620.0,0.0295297047017406,75.657,EU-15,False,0.17,0.0992,66.925,0.0,0.0,0.0
PT,24,2019,155687.0,11.955602860437756,0.1148279427086311,0.0992,1.0,24,Production of pig iron or steel,C24_C25,medium,21150.0,0.0253784269034724,73.875,EU-15,False,0.0530999999999999,0.1222,66.925,0.0,0.0,0.0
PT,24,2020,158081.0,11.970862838872618,0.0152599784348606,0.1222,2.0,24,Production of pig iron or steel,C24_C25,medium,19360.0,-0.088430823643856,65.282,EU-15,True,0.0992,0.1184,66.925,0.0,0.0,0.0
PT,24,2021,128797.0,11.765992800455663,-0.2048700384169546,0.1184,3.0,24,Production of pig iron or steel,C24_C25,medium,20390.0,0.0518355027379335,66.925,EU-15,True,0.1222,0.2375999999999999,66.925,0.0,0.0,0.0
PT,24,2022,131196.0,11.784447667222484,0.018454866766822,0.2375999999999999,4.0,24,Production of pig iron or steel,C24_C25,medium,21690.0,0.0618067402524182,71.274,EU-15,True,0.1184,0.0916,66.925,1.0,66.925,0.0
PT,24,2023,139955.0,11.849076221350778,0.0646285541282924,0.0916,3.0,24,Production of pig iron or steel,C24_C25,medium,22130.0,0.0200828292241759,66.866,EU-15,True,0.2375999999999999,0.228,66.925,1.0,66.925,0.0
PT,24,2024,147823.0,11.90377089108626,0.0546946697354808,0.228,4.0,24,Production of pig iron or steel,C24_C25,medium,22370.0,0.0107866214390792,64.524,EU-15,True,0.0916,0.2629,66.925,0.0,0.0,0.0
PT,24,2025,139263.0,11.844119510703107,-0.0596513803831513,0.2629,3.0,24,Production of pig iron or steel,C24_C25,medium,22560.0,0.00845765112782,,EU-15,True,0.228,,66.925,0.0,0.0,0.0
RO,24,2007,10096055.0,16.127655311450354,,,,24,Production of pig iron or steel,C24_C25,medium,7870.0,0.0848190262586374,31.46,2007,True,,,31.65,0.0,0.0,1.0
RO,24,2008,7824673.0,15.87279250437992,-0.2548628070704346,,,24,Production of pig iron or steel,C24_C25,medium,8740.0,0.1048521272381322,27.65,2007,True,,,31.65,0.0,0.0,1.0
RO,24,2009,3966073.0,15.193286994347348,-0.6795055100325715,,,24,Production of pig iron or steel,C24_C25,medium,8330.0,-0.0480467334886913,19.89,2007,True,,,31.65,0.0,0.0,1.0
RO,24,2010,4793147.0,15.382697747398147,0.1894107530507991,,,24,Production of pig iron or steel,C24_C25,medium,8050.0,-0.0341913647482794,21.386,2007,True,,,31.65,0.0,0.0,1.0
RO,24,2011,4488490.0,15.317026900260611,-0.0656708471375342,,,24,Production of pig iron or steel,C24_C25,medium,8460.0,0.0496770821876602,21.14,2007,True,,,31.65,0.0,0.0,1.0
RO,24,2012,3945198.0,15.188009701116698,-0.1290171991439148,,,24,Production of pig iron or steel,C24_C25,medium,8660.0,0.0233655489562103,22.463,2007,True,,,31.65,0.0,0.0,1.0
RO,24,2013,3960280.0,15.191825287801745,0.0038155866850448,,,24,Production of pig iron or steel,C24_C25,medium,8710.0,0.0057570682900678,18.317,2007,True,,,31.65,0.0,0.0,1.0
RO,24,2014,3798160.0,15.150027296902524,-0.0417979908992176,,,24,Production of pig iron or steel,C24_C25,medium,9100.0,0.0438026226583936,16.663,2007,True,,0.0487999999999999,31.65,0.0,0.0,1.0
RO,24,2015,4448023.0,15.307970285762496,0.1579429888599701,0.0487999999999999,1.0,24,Production of pig iron or steel,C24_C25,medium,9430.0,0.0356216831225619,16.687,2007,True,,0.0157,31.65,0.0,0.0,1.0
RO,24,2016,4397650.0,15.296580865302046,-0.0113894204604498,0.0157,1.0,24,Production of pig iron or steel,C24_C25,medium,9760.0,0.0343963037796353,21.901,2007,False,0.0487999999999999,0.0733,31.65,0.0,0.0,1.0
RO,24,2017,4048518.0,15.213861446189568,-0.0827194191124789,0.0733,1.0,24,Production of pig iron or steel,C24_C25,medium,10620.0,0.0844466153887903,23.295,2007,False,0.0157,0.0550999999999999,31.65,0.0,0.0,1.0
RO,24,2018,4279727.0,15.269399780476896,0.0555383342873305,0.0550999999999999,1.0,24,Production of pig iron or steel,C24_C25,medium,11260.0,0.0585176068977517,24.291,2007,False,0.0733,0.042,31.65,0.0,0.0,1.0
RO,24,2019,4338793.0,15.283106756797585,0.0137069763206874,0.042,1.0,24,Production of pig iron or steel,C24_C25,medium,11760.0,0.0434473197589362,30.282,2007,False,0.0550999999999999,0.0558,31.65,0.0,0.0,1.0
RO,24,2020,3995319.0,15.20063398380695,-0.0824727729906342,0.0558,2.0,24,Production of pig iron or steel,C24_C25,medium,11390.0,-0.0319681650113885,28.191,2007,True,0.042,0.0288,31.65,0.0,0.0,1.0
RO,24,2021,4521075.0,15.324260355389308,0.1236263715823575,0.0288,3.0,24,Production of pig iron or steel,C24_C25,medium,12130.0,0.0629459454968675,31.65,2007,True,0.0558,0.1214,31.65,0.0,0.0,1.0
RO,24,2022,3326884.0,15.017546688146904,-0.3067136672424038,0.1214,4.0,24,Production of pig iron or steel,C24_C25,medium,12690.0,0.0451325587703372,32.423,2007,True,0.0288,0.0305,31.65,1.0,31.65,1.0
RO,24,2023,1536774.0,14.245195972021635,-0.7723507161252687,0.0305,3.0,24,Production of pig iron or steel,C24_C25,medium,12970.0,0.0218247166020564,27.863,2007,True,0.1214,0.1207,31.65,1.0,31.65,1.0
RO,24,2024,1005061.0,13.820558794150768,-0.4246371778708688,0.1207,4.0,24,Production of pig iron or steel,C24_C25,medium,13090.0,0.0092095815934563,30.356,2007,True,0.0305,0.1064999999999999,31.65,0.0,0.0,1.0
RO,24,2025,82918.0,11.325607446625453,-2.494951347525316,0.1064999999999999,3.0,24,Production of pig iron or steel,C24_C25,medium,13190.0,0.0076103868074142,,2007,True,0.1207,,31.65,0.0,0.0,1.0
SE,24,2005,4104310.0,15.227548199042417,,,,24,Production of pig iron or steel,C24_C25,medium,41330.0,0.0237494330382315,38.075,EU-15,True,,,21.224,0.0,0.0,0.0
SE,24,2006,3887556.0,15.173291240510569,-0.0542569585318482,,,24,Production of pig iron or steel,C24_C25,medium,42990.0,0.0393789019845502,38.227,EU-15,True,,,21.224,0.0,0.0,0.0
SE,24,2007,4159586.0,15.24092610805431,0.0676348675437417,,,24,Production of pig iron or steel,C24_C25,medium,44080.0,0.0250386343364681,36.797,EU-15,True,,,21.224,0.0,0.0,0.0
SE,24,2008,4362305.0,15.288511145353382,0.047585037299072,,,24,Production of pig iron or steel,C24_C25,medium,43330.0,-0.0171609290928405,38.416,EU-15,True,,,21.224,0.0,0.0,0.0
SE,24,2009,2348037.0,14.66909021789796,-0.6194209274554225,,,24,Production of pig iron or steel,C24_C25,medium,41130.0,-0.0521074535094854,38.186,EU-15,True,,,21.224,0.0,0.0,0.0
SE,24,2010,4345156.0,15.28457221937429,0.6154820014763303,,,24,Production of pig iron or steel,C24_C25,medium,43130.0,0.0474810284174189,37.99,EU-15,True,,,21.224,0.0,0.0,0.0
SE,24,2011,4242801.0,15.260734222306834,-0.0238379970674564,,,24,Production of pig iron or steel,C24_C25,medium,44150.0,0.023374116390217,36.483,EU-15,True,,,21.224,0.0,0.0,0.0
SE,24,2012,3201977.0,14.97927898950238,-0.2814552328044524,,,24,Production of pig iron or steel,C24_C25,medium,43650.0,-0.0113896447643586,30.169,EU-15,True,,,21.224,0.0,0.0,0.0
SE,24,2013,3346559.0,15.023443211727498,0.0441642222251168,,,24,Production of pig iron or steel,C24_C25,medium,43770.0,0.0027453689171927,32.8,EU-15,True,,,21.224,0.0,0.0,0.0
SE,24,2014,3401705.0,15.03978733448027,0.0163441227527716,,,24,Production of pig iron or steel,C24_C25,medium,44330.0,0.0127129975541588,32.345,EU-15,True,,0.1257,21.224,0.0,0.0,0.0
SE,24,2015,3710824.0,15.126764512348402,0.0869771778681318,0.1257,1.0,24,Production of pig iron or steel,C24_C25,medium,45790.0,0.0324040779120426,30.071,EU-15,True,,0.1725,21.224,0.0,0.0,0.0
SE,24,2016,3681142.0,15.118733588090889,-0.0080309242575129,0.1725,1.0,24,Production of pig iron or steel,C24_C25,medium,46220.0,0.0093468781772294,33.311,EU-15,False,0.1257,0.1217999999999999,21.224,0.0,0.0,0.0
SE,24,2017,3521596.0,15.074424853906349,-0.0443087341845416,0.1217999999999999,1.0,24,Production of pig iron or steel,C24_C25,medium,46420.0,0.0043177960000573,26.668,EU-15,False,0.1725,0.204,21.224,0.0,0.0,0.0
SE,24,2018,3206354.0,14.980645024022332,-0.0937798298840135,0.204,1.0,24,Production of pig iron or steel,C24_C25,medium,46700.0,0.0060137638285606,29.072,EU-15,False,0.1217999999999999,0.3478,21.224,0.0,0.0,0.0
SE,24,2019,4457024.0,15.309991836702167,0.3293468126798355,0.3478,1.0,24,Production of pig iron or steel,C24_C25,medium,47410.0,0.0150890122391746,30.056,EU-15,False,0.204,0.2618,21.224,0.0,0.0,0.0
SE,24,2020,5132004.0,15.451006784140588,0.1410149474384177,0.2618,2.0,24,Production of pig iron or steel,C24_C25,medium,46180.0,-0.0262863729876769,31.982,EU-15,True,0.3478,0.3852999999999999,21.224,0.0,0.0,0.0
SE,24,2021,5440017.0,15.509292743827242,0.0582859596866551,0.3852999999999999,3.0,24,Production of pig iron or steel,C24_C25,medium,48300.0,0.044884756732177,21.224,EU-15,True,0.2618,0.5557,21.224,0.0,0.0,0.0
SE,24,2022,5363401.0,15.495108846752876,-0.0141838970743659,0.5557,4.0,24,Production of pig iron or steel,C24_C25,medium,48390.0,0.0018616201467001,26.961,EU-15,True,0.3852999999999999,0.2668999999999999,21.224,1.0,21.224,0.0
SE,24,2023,5260757.0,15.475785490708738,-0.0193233560441381,0.2668999999999999,3.0,24,Production of pig iron or steel,C24_C25,medium,47960.0,-0.0089258506459142,26.388,EU-15,True,0.5557,0.5837,21.224,1.0,21.224,0.0
SE,24,2024,4806315.0,15.385441236201858,-0.0903442545068795,0.5837,4.0,24,Production of pig iron or steel,C24_C25,medium,48770.0,0.016748039562648,26.504,EU-15,True,0.2668999999999999,0.4575,21.224,0.0,0.0,0.0
SE,24,2025,4864012.0,15.39737416973036,0.0119329335285023,0.4575,3.0,24,Production of pig iron or steel,C24_C25,medium,49250.0,0.0097939978961374,,EU-15,True,0.5837,,21.224,0.0,0.0,0.0
SI,24,2005,186075.0,12.133905097228112,,,,24,Production of pig iron or steel,C24_C25,medium,18610.0,0.0361089557198717,50.826,2004,True,,,48.6,0.0,0.0,1.0
SI,24,2006,185534.0,12.13099343264406,-0.002911664584051,,,24,Production of pig iron or steel,C24_C25,medium,19640.0,0.0538692322721612,50.897,2004,True,,,48.6,0.0,0.0,1.0
SI,24,2007,180153.0,12.101561768826926,-0.0294316638171352,,,24,Production of pig iron or steel,C24_C25,medium,20930.0,0.0636152335315891,50.821,2004,True,,,48.6,0.0,0.0,1.0
SI,24,2008,188654.0,12.14766992845418,0.0461081596272539,,,24,Production of pig iron or steel,C24_C25,medium,21600.0,0.0315097782322109,53.587,2004,True,,,48.6,0.0,0.0,1.0
SI,24,2009,139505.0,11.845855721895145,-0.301814206559035,,,24,Production of pig iron or steel,C24_C25,medium,19770.0,-0.088527677507594,48.836,2004,True,,,48.6,0.0,0.0,1.0
SI,24,2010,186999.0,12.138858548228844,0.2930028263336979,,,24,Production of pig iron or steel,C24_C25,medium,19920.0,0.0075586149739255,49.28,2004,True,,,48.6,0.0,0.0,1.0
SI,24,2011,197227.0,12.192110628614117,0.053252080385274,,,24,Production of pig iron or steel,C24_C25,medium,20010.0,0.0045078964391898,48.353,2004,True,,,48.6,0.0,0.0,1.0
SI,24,2012,197401.0,12.192992471824816,0.0008818432106991,,,24,Production of pig iron or steel,C24_C25,medium,19390.0,-0.0314746793410805,51.844,2004,True,,,48.6,0.0,0.0,1.0
SI,24,2013,200105.0,12.206597507765888,0.0136050359410724,,,24,Production of pig iron or steel,C24_C25,medium,19210.0,-0.009326492474095,47.475,2004,True,,,48.6,0.0,0.0,1.0
SI,24,2014,206526.0,12.238181591447791,0.0315840836819045,,,24,Production of pig iron or steel,C24_C25,medium,19720.0,0.0262023723940227,45.19,2004,True,,0.0348,48.6,0.0,0.0,1.0
SI,24,2015,206355.0,12.237353265563206,-0.0008283258845871,0.0348,1.0,24,Production of pig iron or steel,C24_C25,medium,20170.0,0.0225630027916317,49.257,2004,True,,0.0395999999999999,48.6,0.0,0.0,1.0
SI,24,2016,217488.0,12.28989895557503,0.0525456900118239,0.0395999999999999,1.0,24,Production of pig iron or steel,C24_C25,medium,20770.0,0.0293132859219014,48.946,2004,False,0.0348,0.0989,48.6,0.0,0.0,1.0
SI,24,2017,227467.0,12.3347604519066,0.0448614963315705,0.0989,1.0,24,Production of pig iron or steel,C24_C25,medium,21830.0,0.0497755326738307,50.662,2004,False,0.0395999999999999,0.063,48.6,0.0,0.0,1.0
SI,24,2018,228225.0,12.338087263433282,0.0033268115266817,0.063,1.0,24,Production of pig iron or steel,C24_C25,medium,22720.0,0.0399604232910988,51.091,2004,False,0.0989,,48.6,0.0,0.0,1.0
SI,24,2019,222518.0,12.3127632761927,-0.0253239872405828,,,24,Production of pig iron or steel,C24_C25,medium,23330.0,0.0264944921803866,51.971,2004,False,0.063,0.105,48.6,0.0,0.0,1.0
SI,24,2020,210124.0,12.255453111627611,-0.0573101645650879,0.105,2.0,24,Production of pig iron or steel,C24_C25,medium,22230.0,-0.0482973580572334,45.671,2004,True,,0.0717,48.6,0.0,0.0,1.0
SI,24,2021,226867.0,12.332119221671554,0.0766661100439431,0.0717,3.0,24,Production of pig iron or steel,C24_C25,medium,24040.0,0.0782763816909017,48.6,2004,True,0.105,0.2375,48.6,0.0,0.0,1.0
SI,24,2022,202995.0,12.220936627178716,-0.1111825944928384,0.2375,4.0,24,Production of pig iron or steel,C24_C25,medium,24650.0,0.0250577908216929,53.91,2004,True,0.0717,0.1231999999999999,48.6,1.0,48.6,1.0
SI,24,2023,171626.0,12.053072969710254,-0.1678636574684624,0.1231999999999999,3.0,24,Production of pig iron or steel,C24_C25,medium,25170.0,0.0208759086585246,49.26,2004,True,0.2375,0.1616,48.6,1.0,48.6,1.0
SI,24,2024,189568.0,12.152503078187417,0.0994301084771631,0.1616,4.0,24,Production of pig iron or steel,C24_C25,medium,25600.0,0.0169395423382923,46.382,2004,True,0.1231999999999999,0.1457,48.6,0.0,0.0,1.0
SI,24,2025,184136.0,12.12342989400353,-0.0290731841838862,0.1457,3.0,24,Production of pig iron or steel,C24_C25,medium,25940.0,0.013193827402782,,2004,True,0.1616,,48.6,0.0,0.0,1.0
SK,24,2005,9119625.0,16.025939242784077,,,,24,Production of pig iron or steel,C24_C25,medium,11070.0,0.0614718640936686,65.99,2004,True,,,52.584,0.0,0.0,1.0
SK,24,2006,10250169.0,16.142804751217646,0.1168655084335696,,,24,Production of pig iron or steel,C24_C25,medium,12050.0,0.0848259132161182,64.344,2004,True,,,52.584,0.0,0.0,1.0
SK,24,2007,9787481.0,16.096614678027716,-0.0461900731899298,,,24,Production of pig iron or steel,C24_C25,medium,13340.0,0.1017023805508134,69.736,2004,True,,,52.584,0.0,0.0,1.0
SK,24,2008,9190162.0,16.033644122032868,-0.0629705559948483,,,24,Production of pig iron or steel,C24_C25,medium,14030.0,0.0504308536268922,65.842,2004,True,,,52.584,0.0,0.0,1.0
SK,24,2009,7597784.0,15.843367183791784,-0.1902769382410838,,,24,Production of pig iron or steel,C24_C25,medium,13230.0,-0.0587109159875058,67.692,2004,True,,,52.584,0.0,0.0,1.0
SK,24,2010,8505356.0,15.956206640666837,0.1128394568750508,,,24,Production of pig iron or steel,C24_C25,medium,14100.0,0.0636878192572591,61.942,2004,True,,,52.584,0.0,0.0,1.0
SK,24,2011,8560910.0,15.9627170508788,0.0065104102119661,,,24,Production of pig iron or steel,C24_C25,medium,14540.0,0.0307286747212494,63.462,2004,True,,,52.584,0.0,0.0,1.0
SK,24,2012,8876217.0,15.998886010685302,0.0361689598065009,,,24,Production of pig iron or steel,C24_C25,medium,14750.0,0.0143396106804569,58.952,2004,True,,,52.584,0.0,0.0,1.0
SK,24,2013,8559415.0,15.962542404661068,-0.0363436060242339,,,24,Production of pig iron or steel,C24_C25,medium,14830.0,0.0054090733640119,58.4,2004,True,,,52.584,0.0,0.0,1.0
SK,24,2014,9088225.0,16.02249017755913,0.059947772898063,,,24,Production of pig iron or steel,C24_C25,medium,15220.0,0.0259581962836978,60.698,2004,True,,0.0504,52.584,0.0,0.0,1.0
SK,24,2015,8736059.0,15.98296973060702,-0.0395204469521104,0.0504,1.0,24,Production of pig iron or steel,C24_C25,medium,16000.0,0.0499783698062419,58.013,2004,True,,0.0128,52.584,0.0,0.0,1.0
SK,24,2016,8955111.0,16.00773498871001,0.0247652581029882,0.0128,1.0,24,Production of pig iron or steel,C24_C25,medium,16280.0,0.0173486383346137,58.206,2004,False,0.0504,0.0245,52.584,0.0,0.0,1.0
SK,24,2017,6059246.0,15.617095927862138,-0.3906390608478709,0.0245,1.0,24,Production of pig iron or steel,C24_C25,medium,16730.0,0.0272661544243373,62.541,2004,False,0.0128,0.0324,52.584,0.0,0.0,1.0
SK,24,2018,6067129.0,15.61839606926638,0.0013001414042417,0.0324,1.0,24,Production of pig iron or steel,C24_C25,medium,17380.0,0.0381166048385139,61.905,2004,False,0.0245,0.0306,52.584,0.0,0.0,1.0
SK,24,2019,5118011.0,15.448276444976624,-0.1701196242897573,0.0306,1.0,24,Production of pig iron or steel,C24_C25,medium,17760.0,0.0216286177267779,69.785,2004,False,0.0324,0.0389,52.584,0.0,0.0,1.0
SK,24,2020,4478181.0,15.314727495154258,-0.1335489498223641,0.0389,2.0,24,Production of pig iron or steel,C24_C25,medium,17270.0,-0.0279778454054362,56.329,2004,True,0.0306,0.0547,52.584,0.0,0.0,1.0
SK,24,2021,5952264.0,15.599282209350129,0.2845547141958686,0.0547,3.0,24,Production of pig iron or steel,C24_C25,medium,18320.0,0.0590224670873968,52.584,2004,True,0.0389,0.1644999999999999,52.584,0.0,0.0,1.0
SK,24,2022,4971634.0,15.419259116674748,-0.1800230926753805,0.1644999999999999,4.0,24,Production of pig iron or steel,C24_C25,medium,18360.0,0.0021810259463599,69.595,2004,True,0.0547,0.0672,52.584,1.0,52.584,1.0
SK,24,2023,5439800.0,15.509252853450404,0.0899937367756589,0.0672,3.0,24,Production of pig iron or steel,C24_C25,medium,18750.0,0.0210193672240741,58.41,2004,True,0.1644999999999999,0.1439,52.584,1.0,52.584,1.0
SK,24,2024,4792481.0,15.38255878936617,-0.1266940640842353,0.1439,4.0,24,Production of pig iron or steel,C24_C25,medium,19110.0,0.0190180058357629,53.501,2004,True,0.0672,0.2013999999999999,52.584,0.0,0.0,1.0
SK,24,2025,4533519.0,15.327009017081854,-0.0555497722843156,0.2013999999999999,3.0,24,Production of pig iron or steel,C24_C25,medium,19270.0,0.0083377241740922,,2004,True,0.1439,,52.584,0.0,0.0,1.0
UK,24,2005,6390292.0,15.670290521710294,,,,24,Production of pig iron or steel,C24_C25,medium,,,13.363,EU-15,True,,,,0.0,,0.0
UK,24,2006,6861677.0,15.741462430467834,0.0711719087575399,,,24,Production of pig iron or steel,C24_C25,medium,,,21.132,EU-15,True,,,,0.0,,0.0
UK,24,2007,7371999.0,15.813199462123444,0.0717370316556085,,,24,Production of pig iron or steel,C24_C25,medium,,,20.378,EU-15,True,,,,0.0,,0.0
UK,24,2008,7163204.0,15.784467924878332,-0.0287315372451111,,,24,Production of pig iron or steel,C24_C25,medium,,,26.236,EU-15,True,,,,0.0,,0.0
UK,24,2009,5453421.0,15.511753676136172,-0.2727142487421599,,,24,Production of pig iron or steel,C24_C25,medium,,,27.274,EU-15,True,,,,0.0,,0.0
UK,24,2010,7487315.0,15.828720813254188,0.3169671371180165,,,24,Production of pig iron or steel,C24_C25,medium,,,29.008,EU-15,True,,,,0.0,,0.0
UK,24,2011,7311752.0,15.80499347469192,-0.0237273385622689,,,24,Production of pig iron or steel,C24_C25,medium,,,36.942,EU-15,True,,,,0.0,,0.0
UK,24,2012,9261565.0,16.04138359882186,0.2363901241299402,,,24,Production of pig iron or steel,C24_C25,medium,,,43.387,EU-15,True,,,,0.0,,0.0
UK,24,2013,13704305.0,16.433220575013966,0.3918369761921063,,,24,Production of pig iron or steel,C24_C25,medium,,,47.758,EU-15,True,,,,0.0,,0.0
UK,24,2014,14603324.0,16.496759731998278,0.0635391569843122,,,24,Production of pig iron or steel,C24_C25,medium,,,46.773,EU-15,True,,0.0864,,0.0,,0.0
UK,24,2015,11941499.0,16.295530202437302,-0.201229529560976,0.0864,1.0,24,Production of pig iron or steel,C24_C25,medium,,,37.638,EU-15,True,,0.0443999999999999,,0.0,,0.0
UK,24,2016,6714197.0,15.719734797765772,-0.5757954046715295,0.0443999999999999,1.0,24,Production of pig iron or steel,C24_C25,medium,,,35.639,EU-15,False,0.0864,0.053,,0.0,,0.0
UK,24,2017,6707214.0,15.718694221535731,-0.0010405762300393,0.053,1.0,24,Production of pig iron or steel,C24_C25,medium,,,35.575,EU-15,False,0.0443999999999999,0.0318,,0.0,,0.0
UK,24,2018,5988366.0,15.605329144898256,-0.1133650766374767,0.0318,1.0,24,Production of pig iron or steel,C24_C25,medium,,,35.513,EU-15,False,0.053,0.1156,,0.0,,0.0
UK,24,2019,6595332.0,15.70187268403403,0.0965435391357729,0.1156,1.0,24,Production of pig iron or steel,C24_C25,medium,,,34.829,EU-15,False,0.0318,0.0561,,0.0,,0.0
UK,24,2020,6216539.0,15.642723878982087,-0.0591488050519402,0.0561,2.0,24,Production of pig iron or steel,C24_C25,medium,,,,EU-15,True,0.1156,,,0.0,,0.0
AT,29,2005,2681721.0,14.801969310566957,,,,29,Production of cement clinker,C22_C23,low-medium,40270.0,0.0162727335929577,71.76,EU-15,True,,,51.952,0.0,0.0,0.0
AT,29,2006,2966177.0,14.902784476231211,0.1008151656642581,,,29,Production of cement clinker,C22_C23,low-medium,41370.0,0.0269492056099576,72.248,EU-15,True,,,51.952,0.0,0.0,0.0
AT,29,2007,3240717.0,14.991305159582394,0.0885206833511809,,,29,Production of cement clinker,C22_C23,low-medium,42790.0,0.0337484499554054,68.475,EU-15,True,,,51.952,0.0,0.0,0.0
AT,29,2008,3220815.0,14.985144991084836,-0.0061601684975567,,,29,Production of cement clinker,C22_C23,low-medium,43270.0,0.0111551238080682,68.738,EU-15,True,,,51.952,0.0,0.0,0.0
AT,29,2009,2729743.0,14.819718023535632,-0.1654269675492052,,,29,Production of cement clinker,C22_C23,low-medium,41620.0,-0.0388787332713054,65.122,EU-15,True,,,51.952,0.0,0.0,0.0
AT,29,2010,2442189.0,14.7084053262353,-0.1113126973003328,,,29,Production of cement clinker,C22_C23,low-medium,42280.0,0.0157333400365491,62.782,EU-15,True,,,51.952,0.0,0.0,0.0
AT,29,2011,2466984.0,14.718506909880409,0.0101015836451097,,,29,Production of cement clinker,C22_C23,low-medium,43370.0,0.0254537968452375,69.981,EU-15,True,,,51.952,0.0,0.0,0.0
AT,29,2012,2493893.0,14.72935550133464,0.0108485914542306,,,29,Production of cement clinker,C22_C23,low-medium,43450.0,0.0018428938641257,63.785,EU-15,True,,,51.952,0.0,0.0,0.0
AT,29,2013,2455503.0,14.713842186207788,-0.0155133151268511,,,29,Production of cement clinker,C22_C23,low-medium,43080.0,-0.0085519994232132,61.26,EU-15,True,,,51.952,0.0,0.0,0.0
AT,29,2014,2461862.0,14.716428532165311,0.0025863459575248,,,29,Production of cement clinker,C22_C23,low-medium,43070.0,-0.0002321532221678,65.625,EU-15,True,,,51.952,0.0,0.0,0.0
AT,29,2015,2533018.0,14.744922035156748,0.0284935029914343,,,29,Production of cement clinker,C22_C23,low-medium,43200.0,0.0030137961840459,60.379,EU-15,True,,,51.952,0.0,0.0,0.0
AT,29,2016,2587597.0,14.766240203775812,0.0213181686190644,,,29,Production of cement clinker,C22_C23,low-medium,43550.0,0.0080692080484467,62.102,EU-15,False,,,51.952,0.0,0.0,0.0
AT,29,2017,2561990.0,14.756294858230577,-0.0099453455452369,,,29,Production of cement clinker,C22_C23,low-medium,44260.0,0.0161716313243918,63.93,EU-15,False,,,51.952,0.0,0.0,0.0
AT,29,2018,2730619.0,14.820038881386273,0.0637440231556958,,,29,Production of cement clinker,C22_C23,low-medium,45140.0,0.0196874367664854,64.223,EU-15,False,,,51.952,0.0,0.0,0.0
AT,29,2019,2653171.0,14.791266086376304,-0.0287727950099654,,,29,Production of cement clinker,C22_C23,low-medium,45730.0,0.0129857662805736,71.601,EU-15,False,,,51.952,0.0,0.0,0.0
AT,29,2020,2740245.0,14.82355789042527,0.032291804048965,,,29,Production of cement clinker,C22_C23,low-medium,42650.0,-0.0697272637322754,58.281,EU-15,True,,,51.952,0.0,0.0,0.0
AT,29,2021,2821151.0,14.852655515669651,0.0290976252443808,,,29,Production of cement clinker,C22_C23,low-medium,44580.0,0.0442580540200356,51.952,EU-15,True,,,51.952,0.0,0.0,0.0
AT,29,2022,2674026.0,14.799095759857789,-0.0535597558118645,,,29,Production of cement clinker,C22_C23,low-medium,46430.0,0.040660474074107,73.986,EU-15,True,,0.216,51.952,1.0,51.952,0.0
AT,29,2023,2260010.0,14.63087979601744,-0.1682159638403462,0.216,3.0,29,Production of cement clinker,C22_C23,low-medium,45670.0,-0.0165041748349228,60.317,EU-15,True,,0.4245,51.952,1.0,51.952,0.0
AT,29,2024,2081632.0,14.54866275941238,-0.082217036605062,0.4245,4.0,29,Production of cement clinker,C22_C23,low-medium,45140.0,-0.011672855807518,53.325,EU-15,True,0.216,,51.952,0.0,0.0,0.0
AT,29,2025,2135270.0,14.574103660349236,0.0254409009368572,,,29,Production of cement clinker,C22_C23,low-medium,45390.0,0.0055230450789842,,EU-15,True,0.4245,,51.952,0.0,0.0,0.0
BE,29,2005,4859734.0,15.39649426186851,,,,29,Production of cement clinker,C22_C23,low-medium,38100.0,0.0174746305232638,79.912,EU-15,True,,,70.773,0.0,0.0,0.0
BE,29,2006,5132774.0,15.451156811740102,0.0546625498715922,,,29,Production of cement clinker,C22_C23,low-medium,38810.0,0.0184636632481591,79.486,EU-15,True,,,70.773,0.0,0.0,0.0
BE,29,2007,5057288.0,15.436340929201808,-0.0148158825382935,,,29,Production of cement clinker,C22_C23,low-medium,39950.0,0.0289507268314697,76.882,EU-15,True,,,70.773,0.0,0.0,0.0
BE,29,2008,4854903.0,15.395499680105294,-0.0408412490965144,,,29,Production of cement clinker,C22_C23,low-medium,39810.0,-0.0035105352000588,80.846,EU-15,True,,,70.773,0.0,0.0,0.0
BE,29,2009,4242722.0,15.260715602358482,-0.1347840777468114,,,29,Production of cement clinker,C22_C23,low-medium,38740.0,-0.0272454790333753,75.921,EU-15,True,,,70.773,0.0,0.0,0.0
BE,29,2010,4059277.0,15.216515436902268,-0.0442001654562158,,,29,Production of cement clinker,C22_C23,low-medium,39420.0,0.0174006437457237,78.656,EU-15,True,,,70.773,0.0,0.0,0.0
BE,29,2011,4244105.0,15.261041519220518,0.0445260823182511,,,29,Production of cement clinker,C22_C23,low-medium,39670.0,0.006321932801665,76.588,EU-15,True,,,70.773,0.0,0.0,0.0
BE,29,2012,4069751.0,15.219092376186063,-0.0419491430344525,,,29,Production of cement clinker,C22_C23,low-medium,39510.0,-0.004041430102939,76.673,EU-15,True,,,70.773,0.0,0.0,0.0
BE,29,2013,3870539.0,15.168904331793684,-0.0501880443923816,,,29,Production of cement clinker,C22_C23,low-medium,39440.0,-0.0017732746888654,77.858,EU-15,True,,,70.773,0.0,0.0,0.0
BE,29,2014,3999795.0,15.201753667770838,0.0328493359771542,,,29,Production of cement clinker,C22_C23,low-medium,39960.0,0.0130984240459195,80.19,EU-15,True,,,70.773,0.0,0.0,0.0
BE,29,2015,3501555.0,15.068717713508253,-0.1330359542625849,,,29,Production of cement clinker,C22_C23,low-medium,40310.0,0.0087206233487204,84.227,EU-15,True,,,70.773,0.0,0.0,0.0
BE,29,2016,3613890.0,15.10029531248238,0.0315775989741275,,,29,Production of cement clinker,C22_C23,low-medium,40590.0,0.0069221537217316,75.982,EU-15,False,,,70.773,0.0,0.0,0.0
BE,29,2017,3338960.0,15.021169939219414,-0.0791253732629666,,,29,Production of cement clinker,C22_C23,low-medium,41030.0,0.0107817756032897,75.318,EU-15,False,,,70.773,0.0,0.0,0.0
BE,29,2018,3693760.0,15.122155467408684,0.1009855281892715,,,29,Production of cement clinker,C22_C23,low-medium,41610.0,0.0140370165407546,83.043,EU-15,False,,,70.773,0.0,0.0,0.0
BE,29,2019,4150759.0,15.238801767050523,0.1166462996418378,,,29,Production of cement clinker,C22_C23,low-medium,42400.0,0.0188078392430615,77.668,EU-15,False,,,70.773,0.0,0.0,0.0
BE,29,2020,3904538.0,15.177650024397606,-0.0611517426529175,,,29,Production of cement clinker,C22_C23,low-medium,40190.0,-0.0535301537768013,78.133,EU-15,True,,0.1071,70.773,0.0,0.0,0.0
BE,29,2021,3875963.0,15.170304706023598,-0.007345318374007,0.1071,3.0,29,Production of cement clinker,C22_C23,low-medium,42530.0,0.0565915008044317,70.773,EU-15,True,,,70.773,0.0,0.0,0.0
BE,29,2022,3516257.0,15.07290762954142,-0.0973970764821778,,,29,Production of cement clinker,C22_C23,low-medium,43890.0,0.0314767944346012,73.697,EU-15,True,0.1071,,70.773,1.0,70.773,0.0
BE,29,2023,3152897.0,14.963832270692627,-0.1090753588487931,,,29,Production of cement clinker,C22_C23,low-medium,44190.0,0.0068120154425059,75.763,EU-15,True,,,70.773,1.0,70.773,0.0
BE,29,2024,3070097.0,14.93721971515544,-0.0266125555371878,,,29,Production of cement clinker,C22_C23,low-medium,44410.0,0.004966150161362,75.448,EU-15,True,,,70.773,0.0,0.0,0.0
BE,29,2025,3052197.0,14.931372217140844,-0.0058474980145941,,,29,Production of cement clinker,C22_C23,low-medium,44650.0,0.0053896380184976,,EU-15,True,,,70.773,0.0,0.0,0.0
BG,29,2007,3679564.0,15.11830482486514,,,,29,Production of cement clinker,C22_C23,low-medium,6670.0,0.069849953176444,51.233,2007,True,,,36.178,0.0,0.0,1.0
BG,29,2008,3463141.0,15.057686538697752,-0.0606182861673865,,,29,Production of cement clinker,C22_C23,low-medium,7110.0,0.0638823838876181,52.154,2007,True,,,36.178,0.0,0.0,1.0
BG,29,2009,1800790.0,14.403736015471724,-0.6539505232260296,,,29,Production of cement clinker,C22_C23,low-medium,6910.0,-0.0285326060355721,45.393,2007,True,,,36.178,0.0,0.0,1.0
BG,29,2010,1414417.0,14.162227990024055,-0.2415080254476684,,,29,Production of cement clinker,C22_C23,low-medium,7060.0,0.0214754137255717,40.146,2007,True,,,36.178,0.0,0.0,1.0
BG,29,2011,1356622.0,14.120508344375745,-0.0417196456483122,,,29,Production of cement clinker,C22_C23,low-medium,7390.0,0.0456826834549612,36.732,2007,True,,,36.178,0.0,0.0,1.0
BG,29,2012,1684797.0,14.33715563973348,0.2166472953577383,,,29,Production of cement clinker,C22_C23,low-medium,7530.0,0.0187673068516911,36.859,2007,True,,,36.178,0.0,0.0,1.0
BG,29,2013,1537713.0,14.245806805652869,-0.0913488340806125,,,29,Production of cement clinker,C22_C23,low-medium,7600.0,0.0092532054804834,38.313,2007,True,,,36.178,0.0,0.0,1.0
BG,29,2014,1540162.0,14.24739816366242,0.0015913580095521,,,29,Production of cement clinker,C22_C23,low-medium,7770.0,0.0221219170872704,35.171,2007,True,,,36.178,0.0,0.0,1.0
BG,29,2015,1658733.0,14.3215646158948,0.0741664522323795,,,29,Production of cement clinker,C22_C23,low-medium,8130.0,0.0452907591801636,36.446,2007,True,,,36.178,0.0,0.0,1.0
BG,29,2016,1768538.0,14.385663774532818,0.064099158638017,,,29,Production of cement clinker,C22_C23,low-medium,8490.0,0.0433280767635366,38.472,2007,False,,,36.178,0.0,0.0,1.0
BG,29,2017,1798015.0,14.402193836581796,0.0165300620489787,,,29,Production of cement clinker,C22_C23,low-medium,8840.0,0.0403978763262955,39.362,2007,False,,,36.178,0.0,0.0,1.0
BG,29,2018,1731687.0,14.36460663583809,-0.0375872007437063,,,29,Production of cement clinker,C22_C23,low-medium,9170.0,0.0366504096188222,36.596,2007,False,,,36.178,0.0,0.0,1.0
BG,29,2019,1618798.0,14.29719445650001,-0.0674121793380795,,,29,Production of cement clinker,C22_C23,low-medium,9650.0,0.0510206290825205,38.457,2007,False,,,36.178,0.0,0.0,1.0
BG,29,2020,1555217.0,14.257125643698528,-0.0400688128014827,,,29,Production of cement clinker,C22_C23,low-medium,9440.0,-0.0220019351934848,38.171,2007,True,,,36.178,0.0,0.0,1.0
BG,29,2021,1525578.0,14.237883912608522,-0.0192417310900054,,,29,Production of cement clinker,C22_C23,low-medium,10250.0,0.0823217254270076,36.178,2007,True,,,36.178,0.0,0.0,1.0
BG,29,2022,1507156.0,14.22573498917216,-0.0121489234363618,,,29,Production of cement clinker,C22_C23,low-medium,10740.0,0.0466973834963013,37.11,2007,True,,,36.178,1.0,36.178,1.0
BG,29,2023,1470203.0,14.200911044458744,-0.0248239447134164,,,29,Production of cement clinker,C22_C23,low-medium,10950.0,0.0193643671817902,39.512,2007,True,,,36.178,1.0,36.178,1.0
BG,29,2024,1459075.0,14.193313231255694,-0.0075978132030503,,,29,Production of cement clinker,C22_C23,low-medium,11330.0,0.034114618777405,41.936,2007,True,,,36.178,0.0,0.0,1.0
BG,29,2025,690890.0,13.445735900497482,-0.7475773307582116,,,29,Production of cement clinker,C22_C23,low-medium,11710.0,0.0329891025697115,,2007,True,,,36.178,0.0,0.0,1.0
CY,29,2005,1481320.0,14.208444140132949,,,,29,Production of cement clinker,C22_C23,low-medium,23470.0,0.0329176537454642,100.703,2004,True,,,89.524,0.0,0.0,1.0
CY,29,2006,1471499.0,14.201792167076771,-0.0066519730561758,,,29,Production of cement clinker,C22_C23,low-medium,24170.0,0.0293891848524605,102.508,2004,True,,,89.524,0.0,0.0,1.0
CY,29,2007,1459606.0,14.193677094251244,-0.0081150728255288,,,29,Production of cement clinker,C22_C23,low-medium,24870.0,0.0285500630999209,95.894,2004,True,,,89.524,0.0,0.0,1.0
CY,29,2008,1475178.0,14.20428921844116,0.0106121241899153,,,29,Production of cement clinker,C22_C23,low-medium,25140.0,0.0107979453467876,97.427,2004,True,,,89.524,0.0,0.0,1.0
CY,29,2009,1284880.0,14.06617588673678,-0.1381133317043801,,,29,Production of cement clinker,C22_C23,low-medium,23980.0,-0.0472400535627333,96.13,2004,True,,,89.524,0.0,0.0,1.0
CY,29,2010,1125429.0,13.933674854264916,-0.1325010324718647,,,29,Production of cement clinker,C22_C23,low-medium,23890.0,-0.0037601882616495,100.636,2004,True,,,89.524,0.0,0.0,1.0
CY,29,2011,825669.0,13.623949245798586,-0.3097256084663282,,,29,Production of cement clinker,C22_C23,low-medium,23390.0,-0.0211513807416299,92.263,2004,True,,,89.524,0.0,0.0,1.0
CY,29,2012,798264.0,13.590194648788406,-0.03375459701018,,,29,Production of cement clinker,C22_C23,low-medium,22280.0,-0.0486191655370049,96.748,2004,True,,,89.524,0.0,0.0,1.0
CY,29,2013,1173202.0,13.975247320823154,0.3850526720347478,,,29,Production of cement clinker,C22_C23,low-medium,20830.0,-0.0672951597862017,96.071,2004,True,,,89.524,0.0,0.0,1.0
CY,29,2014,1506658.0,14.225404510911371,0.2501571900882169,,,29,Production of cement clinker,C22_C23,low-medium,20490.0,-0.0164572930220732,93.086,2004,True,,,89.524,0.0,0.0,1.0
CY,29,2015,1326076.0,14.097734763319275,-0.1276697475920958,,,29,Production of cement clinker,C22_C23,low-medium,21140.0,0.0312300181912839,97.319,2004,True,,,89.524,0.0,0.0,1.0
CY,29,2016,1323548.0,14.095826567464254,-0.0019081958550213,,,29,Production of cement clinker,C22_C23,low-medium,22410.0,0.0583403073707433,95.841,2004,False,,,89.524,0.0,0.0,1.0
CY,29,2017,1352831.0,14.117709991738607,0.0218834242743533,,,29,Production of cement clinker,C22_C23,low-medium,23500.0,0.0474931333372783,95.927,2004,False,,,89.524,0.0,0.0,1.0
CY,29,2018,1210929.0,14.006898391584429,-0.1108116001541787,,,29,Production of cement clinker,C22_C23,low-medium,24690.0,0.0493978822069749,92.491,2004,False,,,89.524,0.0,0.0,1.0
CY,29,2019,1142452.0,13.948687387738818,-0.05821100384561,,,29,Production of cement clinker,C22_C23,low-medium,25790.0,0.0435885165361646,92.792,2004,False,,,89.524,0.0,0.0,1.0
CY,29,2020,1249819.0,14.038509298793953,0.0898219110551341,,,29,Production of cement clinker,C22_C23,low-medium,24630.0,-0.0460216077608066,93.179,2004,True,,0.0666,89.524,0.0,0.0,1.0
CY,29,2021,1196620.0,13.995011473821457,-0.0434978249724959,0.0666,3.0,29,Production of cement clinker,C22_C23,low-medium,27030.0,0.0929821481559098,89.524,2004,True,,0.1151,89.524,0.0,0.0,1.0
CY,29,2022,1186720.0,13.986703756970384,-0.0083077168510712,0.1151,4.0,29,Production of cement clinker,C22_C23,low-medium,28850.0,0.0651626326657517,92.018,2004,True,0.0666,0.1611,89.524,1.0,89.524,1.0
CY,29,2023,1249178.0,14.037996292964769,0.0512925359943814,0.1611,3.0,29,Production of cement clinker,C22_C23,low-medium,29320.0,0.0161598840643417,92.205,2004,True,0.1151,0.1202,89.524,1.0,89.524,1.0
CY,29,2024,1082160.0,13.894469601763076,-0.143526691201691,0.1202,4.0,29,Production of cement clinker,C22_C23,low-medium,29950.0,0.0212594475430076,87.706,2004,True,0.1611,0.1679,89.524,0.0,0.0,1.0
CY,29,2025,1094602.0,13.905901384841757,0.0114317830786809,0.1679,3.0,29,Production of cement clinker,C22_C23,low-medium,30590.0,0.0211438336013536,,2004,True,0.1202,,89.524,0.0,0.0,1.0
CZ,29,2005,2553038.0,14.752794580562515,,,,29,Production of cement clinker,C22_C23,low-medium,16180.0,0.0591964085769252,27.846,2004,True,,,39.958,0.0,0.0,1.0
CZ,29,2006,2796427.0,14.843853088844416,0.0910585082819022,,,29,Production of cement clinker,C22_C23,low-medium,17200.0,0.061133472189061,27.498,2004,True,,,39.958,0.0,0.0,1.0
CZ,29,2007,3218704.0,14.984489352029929,0.1406362631855096,,,29,Production of cement clinker,C22_C23,low-medium,18050.0,0.0482363009594823,24.989,2004,True,,,39.958,0.0,0.0,1.0
CZ,29,2008,3014930.0,14.9190871706268,-0.065402181403126,,,29,Production of cement clinker,C22_C23,low-medium,18330.0,0.0153933770727245,27.737,2004,True,,,39.958,0.0,0.0,1.0
CZ,29,2009,2335446.0,14.663713437269712,-0.2553737333570876,,,29,Production of cement clinker,C22_C23,low-medium,17350.0,-0.0549465554587467,26.867,2004,True,,,39.958,0.0,0.0,1.0
CZ,29,2010,2205490.0,14.606460264397604,-0.0572531728721088,,,29,Production of cement clinker,C22_C23,low-medium,17770.0,0.023919135773692,25.38,2004,True,,,39.958,0.0,0.0,1.0
CZ,29,2011,2532614.0,14.744762528899342,0.1383022645017373,,,29,Production of cement clinker,C22_C23,low-medium,18120.0,0.0195046584482732,28.832,2004,True,,,39.958,0.0,0.0,1.0
CZ,29,2012,2298056.0,14.647574106110454,-0.0971884227888875,,,29,Production of cement clinker,C22_C23,low-medium,17970.0,-0.0083125998193658,25.413,2004,True,,,39.958,0.0,0.0,1.0
CZ,29,2013,1984441.0,14.500847820352616,-0.1467262857578379,,,29,Production of cement clinker,C22_C23,low-medium,17970.0,0.0,27.58,2004,True,,,39.958,0.0,0.0,1.0
CZ,29,2014,2185690.0,14.59744212613451,0.0965943057818936,,,29,Production of cement clinker,C22_C23,low-medium,18370.0,0.0220151984315677,30.227,2004,True,,,39.958,0.0,0.0,1.0
CZ,29,2015,2291397.0,14.644672233197548,0.0472301070630383,,,29,Production of cement clinker,C22_C23,low-medium,19270.0,0.0478305831992393,32.089,2004,True,,,39.958,0.0,0.0,1.0
CZ,29,2016,2525956.0,14.742130162896842,0.0974579296992939,,,29,Production of cement clinker,C22_C23,low-medium,19760.0,0.0251102098934481,32.8,2004,False,,,39.958,0.0,0.0,1.0
CZ,29,2017,2588940.0,14.7667590834941,0.0246289205972569,,,29,Production of cement clinker,C22_C23,low-medium,20760.0,0.0493683659779655,37.162,2004,False,,,39.958,0.0,0.0,1.0
CZ,29,2018,2792598.0,14.842482903311502,0.0757238198174032,,,29,Production of cement clinker,C22_C23,low-medium,21320.0,0.0266175409999558,36.879,2004,False,,,39.958,0.0,0.0,1.0
CZ,29,2019,2917269.0,14.88615846263026,0.0436755593187587,,,29,Production of cement clinker,C22_C23,low-medium,22050.0,0.0336670025952106,40.81,2004,False,,,39.958,0.0,0.0,1.0
CZ,29,2020,2748134.0,14.826432693872048,-0.0597257687582128,,,29,Production of cement clinker,C22_C23,low-medium,20980.0,-0.0497429989247031,38.768,2004,True,,0.1493,39.958,0.0,0.0,1.0
CZ,29,2021,2822158.0,14.853012398488117,0.0265797046160667,0.1493,3.0,29,Production of cement clinker,C22_C23,low-medium,21830.0,0.039715567593701,39.958,2004,True,,0.3077,39.958,0.0,0.0,1.0
CZ,29,2022,2647948.0,14.789295558383984,-0.0637168401041314,0.3077,4.0,29,Production of cement clinker,C22_C23,low-medium,21910.0,0.0036579830455227,41.772,2004,True,0.1493,0.1871999999999999,39.958,1.0,39.958,1.0
CZ,29,2023,2123019.0,14.568349690244968,-0.2209458681390153,0.1871999999999999,3.0,29,Production of cement clinker,C22_C23,low-medium,21680.0,-0.01055297703593,41.679,2004,True,0.3077,0.3333,39.958,1.0,39.958,1.0
CZ,29,2024,2075612.0,14.545766607919791,-0.0225830823251769,0.3333,4.0,29,Production of cement clinker,C22_C23,low-medium,21950.0,0.0123769629497356,39.32,2004,True,0.1871999999999999,0.4695,39.958,0.0,0.0,1.0
CZ,29,2025,2154884.0,14.583247451764926,0.0374808438451346,0.4695,3.0,29,Production of cement clinker,C22_C23,low-medium,22510.0,0.0251925153974603,,2004,True,0.3333,,39.958,0.0,0.0,1.0
DE,29,2005,20072553.0,16.81486391746594,,,,29,Production of cement clinker,C22_C23,low-medium,35770.0,0.0101152871471139,60.74,EU-15,True,,,63.395,0.0,0.0,0.0
DE,29,2006,20440511.0,16.833029322987283,0.0181654055213442,,,29,Production of cement clinker,C22_C23,low-medium,37230.0,0.0400053346136992,60.981,EU-15,True,,,63.395,0.0,0.0,0.0
DE,29,2007,22038127.0,16.908284556786647,0.0752552337993641,,,29,Production of cement clinker,C22_C23,low-medium,38390.0,0.0306821211280805,58.516,EU-15,True,,,63.395,0.0,0.0,0.0
DE,29,2008,20433821.0,16.832701978185185,-0.0755825786014625,,,29,Production of cement clinker,C22_C23,low-medium,38840.0,0.0116536344104183,60.769,EU-15,True,,,63.395,0.0,0.0,0.0
DE,29,2009,18764735.0,16.747489868415837,-0.0852121097693476,,,29,Production of cement clinker,C22_C23,low-medium,36810.0,-0.0536810960321947,61.103,EU-15,True,,,63.395,0.0,0.0,0.0
DE,29,2010,18577145.0,16.73744261969378,-0.0100472487220564,,,29,Production of cement clinker,C22_C23,low-medium,38440.0,0.043329036711162,59.992,EU-15,True,,,63.395,0.0,0.0,0.0
DE,29,2011,19985366.0,16.810510863695168,0.0730682440013872,,,29,Production of cement clinker,C22_C23,low-medium,39890.0,0.0370270818152231,61.801,EU-15,True,,,63.395,0.0,0.0,0.0
DE,29,2012,19855565.0,16.80399487845085,-0.0065159852443166,,,29,Production of cement clinker,C22_C23,low-medium,40040.0,0.0037532885297046,61.215,EU-15,True,,,63.395,0.0,0.0,0.0
DE,29,2013,19012041.0,16.760583073246426,-0.0434118052044247,,,29,Production of cement clinker,C22_C23,low-medium,40160.0,0.0029925209364538,62.411,EU-15,True,,,63.395,0.0,0.0,0.0
DE,29,2014,19598105.0,16.79094343585311,0.0303603626066824,,,29,Production of cement clinker,C22_C23,low-medium,40930.0,0.0189918151208381,61.779,EU-15,True,,,63.395,0.0,0.0,0.0
DE,29,2015,19131531.0,16.766848369578447,-0.0240950662746612,,,29,Production of cement clinker,C22_C23,low-medium,41360.0,0.0104509396958629,62.132,EU-15,True,,,63.395,0.0,0.0,0.0
DE,29,2016,19348828.0,16.778142407130268,0.0112940375518206,,,29,Production of cement clinker,C22_C23,low-medium,42030.0,0.0160694188168513,63.752,EU-15,False,,,63.395,0.0,0.0,0.0
DE,29,2017,20464671.0,16.83421059155171,0.0560681844214414,,,29,Production of cement clinker,C22_C23,low-medium,43160.0,0.0265304913729078,63.959,EU-15,False,,,63.395,0.0,0.0,0.0
DE,29,2018,19998154.0,16.81115052725836,-0.0230600642933502,,,29,Production of cement clinker,C22_C23,low-medium,43630.0,0.0108308467455842,63.478,EU-15,False,,,63.395,0.0,0.0,0.0
DE,29,2019,19989115.0,16.810698433360475,-0.0004520938978842,,,29,Production of cement clinker,C22_C23,low-medium,44080.0,0.0102611777091414,67.055,EU-15,False,,,63.395,0.0,0.0,0.0
DE,29,2020,20134201.0,16.817930469334815,0.00723203597434,,,29,Production of cement clinker,C22_C23,low-medium,42350.0,-0.0400377437465948,63.676,EU-15,True,,0.2103,63.395,0.0,0.0,0.0
DE,29,2021,20531906.0,16.837490624432487,0.0195601550976718,0.2103,3.0,29,Production of cement clinker,C22_C23,low-medium,44090.0,0.0402645782717829,63.395,EU-15,True,,0.4044999999999999,63.395,0.0,0.0,0.0
DE,29,2022,18762506.0,16.74737107471061,-0.0901195497218765,0.4044999999999999,4.0,29,Production of cement clinker,C22_C23,low-medium,44620.0,0.0119491896345387,68.652,EU-15,True,0.2103,0.2284,63.395,1.0,63.395,0.0
DE,29,2023,16102437.0,16.594481184959573,-0.1528898897510373,0.2284,3.0,29,Production of cement clinker,C22_C23,low-medium,43770.0,-0.0192335378015826,66.831,EU-15,True,0.4044999999999999,0.4629999999999999,63.395,1.0,63.395,0.0
DE,29,2024,14513668.0,16.49060138409256,-0.1038798008670127,0.4629999999999999,4.0,29,Production of cement clinker,C22_C23,low-medium,43650.0,-0.0027453689171927,66.812,EU-15,True,0.2284,0.3829,63.395,0.0,0.0,0.0
DE,29,2025,14396921.0,16.482524922239147,-0.0080764618534132,0.3829,3.0,29,Production of cement clinker,C22_C23,low-medium,43750.0,0.002288330518013,,EU-15,True,0.4629999999999999,,63.395,0.0,0.0,0.0
DK,29,2005,2565970.0,14.757847132740972,,,,29,Production of cement clinker,C22_C23,low-medium,49780.0,0.0204979272174856,-50.618,EU-15,True,,,32.225,0.0,0.0,0.0
DK,29,2006,2696299.0,14.807390649909337,0.0495435171683631,,,29,Production of cement clinker,C22_C23,low-medium,51510.0,0.0341626666380481,-35.492,EU-15,True,,,32.225,0.0,0.0,0.0
DK,29,2007,2765050.0,14.832569275957711,0.0251786260483779,,,29,Production of cement clinker,C22_C23,low-medium,51790.0,0.0054211168583062,-24.247,EU-15,True,,,32.225,0.0,0.0,0.0
DK,29,2008,2235822.0,14.620119503648294,-0.2124497723094194,,,29,Production of cement clinker,C22_C23,low-medium,51270.0,-0.0100912946401923,-21.129,EU-15,True,,,32.225,0.0,0.0,0.0
DK,29,2009,1514907.0,14.230864608902786,-0.3892548947455072,,,29,Production of cement clinker,C22_C23,low-medium,48460.0,-0.0563670704072283,-18.8,EU-15,True,,,32.225,0.0,0.0,0.0
DK,29,2010,1420984.0,14.166860147339564,-0.0640044615632238,,,29,Production of cement clinker,C22_C23,low-medium,49010.0,0.0112856435330765,-16.235,EU-15,True,,,32.225,0.0,0.0,0.0
DK,29,2011,1684095.0,14.3367388854949,0.1698787381553383,,,29,Production of cement clinker,C22_C23,low-medium,49440.0,0.0087354542279776,-6.315,EU-15,True,,,32.225,0.0,0.0,0.0
DK,29,2012,1658386.0,14.32135539819639,-0.0153834872985108,,,29,Production of cement clinker,C22_C23,low-medium,49260.0,-0.0036474204570424,-3.175,EU-15,True,,,32.225,0.0,0.0,0.0
DK,29,2013,1647199.0,14.314586827604712,-0.006768570591678,,,29,Production of cement clinker,C22_C23,low-medium,49750.0,0.0098980709122091,12.312,EU-15,True,,,32.225,0.0,0.0,0.0
DK,29,2014,1718011.0,14.356677784299787,0.0420909566950751,,,29,Production of cement clinker,C22_C23,low-medium,50110.0,0.0072101253670329,12.225,EU-15,True,,,32.225,0.0,0.0,0.0
DK,29,2015,1780564.0,14.392440726013248,0.0357629417134592,,,29,Production of cement clinker,C22_C23,low-medium,50810.0,0.0138725966340071,13.078,EU-15,True,,,32.225,0.0,0.0,0.0
DK,29,2016,2054900.0,14.535737742927962,0.1432970169147154,,,29,Production of cement clinker,C22_C23,low-medium,51950.0,0.0221885319395944,13.57,EU-15,False,,,32.225,0.0,0.0,0.0
DK,29,2017,2277214.0,14.638463323941096,0.102725581013134,,,29,Production of cement clinker,C22_C23,low-medium,53200.0,0.0237766788023634,11.344,EU-15,False,,,32.225,0.0,0.0,0.0
DK,29,2018,2190706.0,14.599734424270435,-0.0387288996706605,,,29,Production of cement clinker,C22_C23,low-medium,53920.0,0.0134430702564518,22.704,EU-15,False,,,32.225,0.0,0.0,0.0
DK,29,2019,2189152.0,14.599024812193877,-0.0007096120765606,,,29,Production of cement clinker,C22_C23,low-medium,54630.0,0.0130817158035743,38.882,EU-15,False,,,32.225,0.0,0.0,0.0
DK,29,2020,2339867.0,14.665604648111728,0.0665798359178531,,,29,Production of cement clinker,C22_C23,low-medium,53540.0,-0.0201541443154198,44.89,EU-15,True,,0.373,32.225,0.0,0.0,0.0
DK,29,2021,2248048.0,14.62557284208093,-0.0400318060307984,0.373,3.0,29,Production of cement clinker,C22_C23,low-medium,56780.0,0.0587551129526193,32.225,EU-15,True,,0.6053999999999999,32.225,0.0,0.0,0.0
DK,29,2022,1979482.0,14.498345752281624,-0.1272270897993053,0.6053999999999999,4.0,29,Production of cement clinker,C22_C23,low-medium,56530.0,-0.0044126803576247,43.142,EU-15,True,0.373,0.2424,32.225,1.0,32.225,0.0
DK,29,2023,1704342.0,14.348689670458352,-0.1496560818232719,0.2424,3.0,29,Production of cement clinker,C22_C23,low-medium,56770.0,0.0042365464954343,39.705,EU-15,True,0.6053999999999999,0.5492,32.225,1.0,32.225,0.0
DK,29,2024,1436067.0,14.1774186848835,-0.1712709855748517,0.5492,4.0,29,Production of cement clinker,C22_C23,low-medium,58670.0,0.0329205057551345,38.229,EU-15,True,0.2424,,32.225,0.0,0.0,0.0
DK,29,2025,1380213.0,14.137748393049074,-0.039670291834426,,,29,Production of cement clinker,C22_C23,low-medium,60390.0,0.02889500538204,,EU-15,True,0.5492,,32.225,0.0,0.0,0.0
EE,29,2005,745620.0,13.521971366028096,,,,29,Production of cement clinker,C22_C23,low-medium,15400.0,0.0967397726139207,26.878,2004,True,,,1.412,0.0,0.0,1.0
EE,29,2006,801950.0,13.594801540765523,0.0728301747374278,,,29,Production of cement clinker,C22_C23,low-medium,17010.0,0.0994338969881862,30.03,2004,True,,,1.412,0.0,0.0,1.0
EE,29,2007,1176775.0,13.978288203992042,0.3834866632265186,,,29,Production of cement clinker,C22_C23,low-medium,18400.0,0.07854925820717,24.288,2004,True,,,1.412,0.0,0.0,1.0
EE,29,2008,1178661.0,13.979889606367696,0.0016014023756554,,,29,Production of cement clinker,C22_C23,low-medium,17510.0,-0.0495785183171797,27.215,2004,True,,,1.412,0.0,0.0,1.0
EE,29,2009,510870.0,13.14387043368876,-0.8360191726789381,,,29,Production of cement clinker,C22_C23,low-medium,14980.0,-0.1560561682086874,27.175,2004,True,,,1.412,0.0,0.0,1.0
EE,29,2010,610885.0,13.322664004399591,0.1787935707108321,,,29,Production of cement clinker,C22_C23,low-medium,15380.0,0.0263519859884251,14.68,2004,True,,,1.412,0.0,0.0,1.0
EE,29,2011,811025.0,13.606054158763,0.2833901543634098,,,29,Production of cement clinker,C22_C23,low-medium,16590.0,0.0757321401248543,13.646,2004,True,,,1.412,0.0,0.0,1.0
EE,29,2012,763767.0,13.546018047812694,-0.0600361109503069,,,29,Production of cement clinker,C22_C23,low-medium,17260.0,0.0395915814529281,20.648,2004,True,,,1.412,0.0,0.0,1.0
EE,29,2013,748123.0,13.52532268194076,-0.0206953658719353,,,29,Production of cement clinker,C22_C23,low-medium,17630.0,0.0212103107544976,14.522,2004,True,,,1.412,0.0,0.0,1.0
EE,29,2014,785695.0,13.574323955391597,0.0490012734508376,,,29,Production of cement clinker,C22_C23,low-medium,18280.0,0.0362055696162251,11.562,2004,True,,,1.412,0.0,0.0,1.0
EE,29,2015,379310.0,12.846109091684848,-0.7282148637067483,,,29,Production of cement clinker,C22_C23,low-medium,18650.0,0.0200385800638205,11.182,2004,True,,,1.412,0.0,0.0,1.0
EE,29,2016,331299.0,12.710776569871117,-0.1353325218137318,,,29,Production of cement clinker,C22_C23,low-medium,19190.0,0.0285431639297844,8.069,2004,False,,,1.412,0.0,0.0,1.0
EE,29,2017,559629.0,13.235029343161234,0.524252773290117,,,29,Production of cement clinker,C22_C23,low-medium,20270.0,0.0547526504442998,4.584,2004,False,,,1.412,0.0,0.0,1.0
EE,29,2018,547647.0,13.213386197785642,-0.0216431453755916,,,29,Production of cement clinker,C22_C23,low-medium,20970.0,0.0339508844499203,1.229,2004,False,,,1.412,0.0,0.0,1.0
EE,29,2019,547282.0,13.212719487864687,-0.0006667099209547,,,29,Production of cement clinker,C22_C23,low-medium,21650.0,0.03191260953467,4.724,2004,False,,,1.412,0.0,0.0,1.0
EE,29,2020,36815.0,10.513660649802818,-2.6990588380618696,,,29,Production of cement clinker,C22_C23,low-medium,20960.0,-0.0323895949956583,10.528,2004,True,,,1.412,0.0,0.0,1.0
EL,29,2005,10973511.0,16.210994835739456,,,,29,Production of cement clinker,C22_C23,low-medium,19590.0,0.0087157690932713,68.204,EU-15,True,,,73.819,0.0,0.0,0.0
EL,29,2006,10744762.0,16.189928937976305,-0.021065897763151,,,29,Production of cement clinker,C22_C23,low-medium,20790.0,0.0594528699134713,71.419,EU-15,True,,,73.819,0.0,0.0,0.0
EL,29,2007,10458737.0,16.162948263612805,-0.0269806743635001,,,29,Production of cement clinker,C22_C23,low-medium,21470.0,0.0321845100207678,70.858,EU-15,True,,,73.819,0.0,0.0,0.0
EL,29,2008,9881434.0,16.10616820089242,-0.0567800627203851,,,29,Production of cement clinker,C22_C23,low-medium,21420.0,-0.0023315468710869,72.915,EU-15,True,,,73.819,0.0,0.0,0.0
EL,29,2009,7455683.0,15.824487118349309,-0.2816810825431108,,,29,Production of cement clinker,C22_C23,low-medium,20490.0,-0.044388102768794,67.341,EU-15,True,,,73.819,0.0,0.0,0.0
EL,29,2010,6834499.0,15.737493726258352,-0.0869933920909566,,,29,Production of cement clinker,C22_C23,low-medium,19300.0,-0.0598318663399677,68.584,EU-15,True,,,73.819,0.0,0.0,0.0
EL,29,2011,3895634.0,15.175366996826556,-0.562126729431796,,,29,Production of cement clinker,C22_C23,low-medium,17420.0,-0.102486124486484,64.677,EU-15,True,,,73.819,0.0,0.0,0.0
EL,29,2012,4969900.0,15.418910277146042,0.2435432803194857,,,29,Production of cement clinker,C22_C23,low-medium,16050.0,-0.0819101218483311,65.889,EU-15,True,,,73.819,0.0,0.0,0.0
EL,29,2013,5815845.0,15.576096647221377,0.1571863700753351,,,29,Production of cement clinker,C22_C23,low-medium,15800.0,-0.0156989095431043,61.75,EU-15,True,,,73.819,0.0,0.0,0.0
EL,29,2014,6091667.0,15.622432329651568,0.0463356824301914,,,29,Production of cement clinker,C22_C23,low-medium,16030.0,0.0144520265885415,65.455,EU-15,True,,,73.819,0.0,0.0,0.0
EL,29,2015,5522820.0,15.524399157369066,-0.098033172282502,,,29,Production of cement clinker,C22_C23,low-medium,16100.0,0.0043573053689556,71.047,EU-15,True,,,73.819,0.0,0.0,0.0
EL,29,2016,6046898.0,15.615055971244722,0.0906568138756558,,,29,Production of cement clinker,C22_C23,low-medium,16160.0,0.0037197811025322,72.911,EU-15,False,,,73.819,0.0,0.0,0.0
EL,29,2017,5922421.0,15.594255875964526,-0.0208000952801956,,,29,Production of cement clinker,C22_C23,low-medium,16430.0,0.0165698789562274,71.282,EU-15,False,,,73.819,0.0,0.0,0.0
EL,29,2018,5467145.0,15.514267100298415,-0.079988775666111,,,29,Production of cement clinker,C22_C23,low-medium,16810.0,0.0228650153713463,70.681,EU-15,False,,,73.819,0.0,0.0,0.0
EL,29,2019,5347553.0,15.492149631063027,-0.022117469235388,,,29,Production of cement clinker,C22_C23,low-medium,17210.0,0.0235166628029244,74.103,EU-15,False,,,73.819,0.0,0.0,0.0
EL,29,2020,4708677.0,15.364917534815389,-0.1272320962476403,,,29,Production of cement clinker,C22_C23,low-medium,15660.0,-0.0943809196607912,81.415,EU-15,True,,0.0874,73.819,0.0,0.0,0.0
EL,29,2021,4967282.0,15.418383367190971,0.0534658323755845,0.0874,3.0,29,Production of cement clinker,C22_C23,low-medium,17110.0,0.0885533973414443,73.819,EU-15,True,,0.0571,73.819,0.0,0.0,0.0
EL,29,2022,4543250.0,15.329153172943508,-0.0892301942474631,0.0571,4.0,29,Production of cement clinker,C22_C23,low-medium,18160.0,0.0595582852690466,79.506,EU-15,True,0.0874,0.1561,73.819,1.0,73.819,0.0
EL,29,2023,4689229.0,15.36077873458447,0.0316255616409613,0.1561,3.0,29,Production of cement clinker,C22_C23,low-medium,18600.0,0.0239402075460084,75.447,EU-15,True,0.0571,0.0637,73.819,1.0,73.819,0.0
EL,29,2024,4365049.0,15.28913997285148,-0.0716387617329896,0.0637,4.0,29,Production of cement clinker,C22_C23,low-medium,19020.0,0.0223294763980881,77.714,EU-15,True,0.1561,0.2554,73.819,0.0,0.0,0.0
EL,29,2025,3965853.0,15.193231522322002,-0.0959084505294782,0.2554,3.0,29,Production of cement clinker,C22_C23,low-medium,19400.0,0.0197820089520384,,EU-15,True,0.0637,,73.819,0.0,0.0,0.0
ES,29,2005,27397036.0,17.12594539032446,,,,29,Production of cement clinker,C22_C23,low-medium,25000.0,0.0165359686400989,81.534,EU-15,True,,,69.38,0.0,0.0,0.0
ES,29,2006,27378840.0,17.12528101023607,-0.0006643800883914,,,29,Production of cement clinker,C22_C23,low-medium,25600.0,0.0237165266173153,81.304,EU-15,True,,,69.38,0.0,0.0,0.0
ES,29,2007,27479262.0,17.1289421690626,0.0036611588265316,,,29,Production of cement clinker,C22_C23,low-medium,25990.0,0.0151194971678823,79.56,EU-15,True,,,69.38,0.0,0.0,0.0
ES,29,2008,23414364.0,16.96886023815529,-0.1600819309073102,,,29,Production of cement clinker,C22_C23,low-medium,25760.0,-0.0088889474172457,81.605,EU-15,True,,,69.38,0.0,0.0,0.0
ES,29,2009,18223755.0,16.71823652076837,-0.2506237173869188,,,29,Production of cement clinker,C22_C23,low-medium,24590.0,-0.0464830450080508,79.549,EU-15,True,,,69.38,0.0,0.0,0.0
ES,29,2010,17758782.0,16.692390712095428,-0.025845808672944,,,29,Production of cement clinker,C22_C23,low-medium,24510.0,-0.0032586586880807,77.003,EU-15,True,,,69.38,0.0,0.0,0.0
ES,29,2011,15036315.0,16.525978833167432,-0.1664118789279953,,,29,Production of cement clinker,C22_C23,low-medium,24260.0,-0.0102522940241165,76.012,EU-15,True,,,69.38,0.0,0.0,0.0
ES,29,2012,13733543.0,16.435351792525395,-0.0906270406420368,,,29,Production of cement clinker,C22_C23,low-medium,23560.0,-0.0292785447325183,72.798,EU-15,True,,,69.38,0.0,0.0,0.0
ES,29,2013,11809586.0,16.284422132520998,-0.1509296600043974,,,29,Production of cement clinker,C22_C23,low-medium,23310.0,-0.0106679057357208,69.997,EU-15,True,,,69.38,0.0,0.0,0.0
ES,29,2014,13922692.0,16.449030584977553,0.1646084524565552,,,29,Production of cement clinker,C22_C23,low-medium,23730.0,0.017857617400006,72.557,EU-15,True,,,69.38,0.0,0.0,0.0
ES,29,2015,14543776.0,16.492673693740638,0.043643108763085,,,29,Production of cement clinker,C22_C23,low-medium,24720.0,0.0408725621418195,72.741,EU-15,True,,,69.38,0.0,0.0,0.0
ES,29,2016,14824778.0,16.511810528031052,0.0191368342904141,,,29,Production of cement clinker,C22_C23,low-medium,25420.0,0.0279236331718166,71.486,EU-15,False,,,69.38,0.0,0.0,0.0
ES,29,2017,14773131.0,16.50832061579303,-0.0034899122380238,,,29,Production of cement clinker,C22_C23,low-medium,26110.0,0.0267821169497306,73.886,EU-15,False,,,69.38,0.0,0.0,0.0
ES,29,2018,15158667.0,16.534083005552645,0.0257623897596168,,,29,Production of cement clinker,C22_C23,low-medium,26620.0,0.0193444302559271,73.613,EU-15,False,,,69.38,0.0,0.0,0.0
ES,29,2019,14079614.0,16.460238493545653,-0.0738445120069926,,,29,Production of cement clinker,C22_C23,low-medium,26930.0,0.0115780938565421,75.034,EU-15,False,,,69.38,0.0,0.0,0.0
ES,29,2020,12285453.0,16.323926437494453,-0.1363120560511994,,,29,Production of cement clinker,C22_C23,low-medium,23850.0,-0.1214566894891575,67.892,EU-15,True,,,69.38,0.0,0.0,0.0
ES,29,2021,12862503.0,16.369826892360567,0.0459004548661141,,,29,Production of cement clinker,C22_C23,low-medium,25440.0,0.064538521137571,69.38,EU-15,True,,,69.38,0.0,0.0,0.0
ES,29,2022,11656026.0,16.271333857465535,-0.0984930348950321,,,29,Production of cement clinker,C22_C23,low-medium,26820.0,0.0528251393816106,74.202,EU-15,True,,,69.38,1.0,69.38,0.0
ES,29,2023,11300154.0,16.240326911908287,-0.0310069455572481,,,29,Production of cement clinker,C22_C23,low-medium,27150.0,0.0122291685264119,68.261,EU-15,True,,0.2653999999999999,69.38,1.0,69.38,0.0
ES,29,2024,10970594.0,16.21072897846096,-0.0295979334473273,0.2653999999999999,4.0,29,Production of cement clinker,C22_C23,low-medium,27800.0,0.0236589743166479,68.871,EU-15,True,,0.3067,69.38,0.0,0.0,0.0
ES,29,2025,10672358.0,16.183167592302034,-0.0275613861589256,0.3067,3.0,29,Production of cement clinker,C22_C23,low-medium,28320.0,0.0185322481289276,,EU-15,True,0.2653999999999999,,69.38,0.0,0.0,0.0
FI,29,2005,921012.0,13.733228344468523,,,,29,Production of cement clinker,C22_C23,low-medium,40680.0,0.023881732003387,54.459,EU-15,True,,,37.933,0.0,0.0,0.0
FI,29,2006,962532.0,13.777322591344662,0.0440942468761385,,,29,Production of cement clinker,C22_C23,low-medium,42150.0,0.0354981132675042,54.073,EU-15,True,,,37.933,0.0,0.0,0.0
FI,29,2007,989417.0,13.80487115975872,0.0275485684140566,,,29,Production of cement clinker,C22_C23,low-medium,44210.0,0.0477163233902881,53.32,EU-15,True,,,37.933,0.0,0.0,0.0
FI,29,2008,1018566.0,13.833906313727695,0.0290351539689766,,,29,Production of cement clinker,C22_C23,low-medium,44350.0,0.0031617009174365,54.483,EU-15,True,,,37.933,0.0,0.0,0.0
FI,29,2009,624057.0,13.343996989333606,-0.4899093243940893,,,29,Production of cement clinker,C22_C23,low-medium,40570.0,-0.0890838315372324,54.795,EU-15,True,,,37.933,0.0,0.0,0.0
FI,29,2010,831745.0,13.631281182440953,0.2872841931073466,,,29,Production of cement clinker,C22_C23,low-medium,41660.0,0.0265125586144705,48.852,EU-15,True,,,37.933,0.0,0.0,0.0
FI,29,2011,882131.0,13.69009585003712,0.0588146675961667,,,29,Production of cement clinker,C22_C23,low-medium,42460.0,0.0190210204422829,53.897,EU-15,True,,,37.933,0.0,0.0,0.0
FI,29,2012,782299.0,13.569992299390366,-0.1201035506467533,,,29,Production of cement clinker,C22_C23,low-medium,41620.0,-0.0199816353096213,47.103,EU-15,True,,,37.933,0.0,0.0,0.0
FI,29,2013,747834.0,13.524936307193896,-0.0450559921964686,,,29,Production of cement clinker,C22_C23,low-medium,41020.0,-0.0145210683212528,49.64,EU-15,True,,,37.933,0.0,0.0,0.0
FI,29,2014,717060.0,13.482914798088984,-0.0420215091049147,,,29,Production of cement clinker,C22_C23,low-medium,40650.0,-0.0090609166504158,49.89,EU-15,True,,,37.933,0.0,0.0,0.0
FI,29,2015,701990.0,13.461674437892242,-0.0212403601967405,,,29,Production of cement clinker,C22_C23,low-medium,40700.0,0.0012292564547298,47.901,EU-15,True,,,37.933,0.0,0.0,0.0
FI,29,2016,827398.0,13.626041115795989,0.1643666779037449,,,29,Production of cement clinker,C22_C23,low-medium,41640.0,0.0228331512982187,46.104,EU-15,False,,,37.933,0.0,0.0,0.0
FI,29,2017,905985.0,13.71677802859667,0.0907369128006827,,,29,Production of cement clinker,C22_C23,low-medium,42910.0,0.0300436552566658,43.868,EU-15,False,,,37.933,0.0,0.0,0.0
FI,29,2018,891409.0,13.700558635921077,-0.0162193926755946,,,29,Production of cement clinker,C22_C23,low-medium,43360.0,0.0104324581279566,45.23,EU-15,False,,,37.933,0.0,0.0,0.0
FI,29,2019,871058.0,13.677463843743908,-0.0230947921771669,,,29,Production of cement clinker,C22_C23,low-medium,43910.0,0.0126047274422358,42.894,EU-15,False,,,37.933,0.0,0.0,0.0
FI,29,2020,850921.0,13.65407457128396,-0.0233892724599478,,,29,Production of cement clinker,C22_C23,low-medium,42740.0,-0.0270068346826253,43.031,EU-15,True,,,37.933,0.0,0.0,0.0
FI,29,2021,906599.0,13.717455514465996,0.063380943182036,,,29,Production of cement clinker,C22_C23,low-medium,43800.0,0.0244985674913991,37.933,EU-15,True,,,37.933,0.0,0.0,0.0
FI,29,2022,885342.0,13.693729290019064,-0.023726224446932,,,29,Production of cement clinker,C22_C23,low-medium,44010.0,0.0047830634406,40.919,EU-15,True,,,37.933,1.0,37.933,0.0
FI,29,2023,663883.0,13.4058612081134,-0.287868081905664,,,29,Production of cement clinker,C22_C23,low-medium,43280.0,-0.0167262462847741,29.709,EU-15,True,,,37.933,1.0,37.933,0.0
FI,29,2024,480653.0,13.082900875022387,-0.3229603330910127,,,29,Production of cement clinker,C22_C23,low-medium,43330.0,0.0011546012135923,32.973,EU-15,True,,,37.933,0.0,0.0,0.0
FI,29,2025,599181.0,13.303319001737147,0.22041812671476,,,29,Production of cement clinker,C22_C23,low-medium,43450.0,0.0027656159595821,,EU-15,True,,,37.933,0.0,0.0,0.0
FR,29,2005,15045136.0,16.526565307553447,,,,29,Production of cement clinker,C22_C23,low-medium,33680.0,0.0113467923877266,51.698,EU-15,True,,,44.036,0.0,0.0,0.0
FR,29,2006,15453771.0,16.553363609195824,0.0267983016423762,,,29,Production of cement clinker,C22_C23,low-medium,34360.0,0.0199889077419292,51.518,EU-15,True,,,44.036,0.0,0.0,0.0
FR,29,2007,15703068.0,16.569366665240445,0.0160030560446209,,,29,Production of cement clinker,C22_C23,low-medium,35010.0,0.0187406378505201,50.42,EU-15,True,,,44.036,0.0,0.0,0.0
FR,29,2008,14817830.0,16.511341743359523,-0.0580249218809214,,,29,Production of cement clinker,C22_C23,low-medium,34960.0,-0.0014291841792406,50.748,EU-15,True,,,44.036,0.0,0.0,0.0
FR,29,2009,12610214.0,16.35001767845531,-0.161324064904214,,,29,Production of cement clinker,C22_C23,low-medium,33800.0,-0.0337437482983613,50.652,EU-15,True,,,44.036,0.0,0.0,0.0
FR,29,2010,13255993.0,16.399960310025634,0.0499426315703246,,,29,Production of cement clinker,C22_C23,low-medium,34310.0,0.0149760543813854,48.668,EU-15,True,,,44.036,0.0,0.0,0.0
FR,29,2011,13616430.0,16.426787709790176,0.0268273997645422,,,29,Production of cement clinker,C22_C23,low-medium,34990.0,0.0196254495092382,49.012,EU-15,True,,,44.036,0.0,0.0,0.0
FR,29,2012,12711225.0,16.357996019323824,-0.0687916904663517,,,29,Production of cement clinker,C22_C23,low-medium,34880.0,-0.0031487073388181,48.133,EU-15,True,,,44.036,0.0,0.0,0.0
FR,29,2013,12707084.0,16.35767019119445,-0.0003258281293732,,,29,Production of cement clinker,C22_C23,low-medium,34990.0,0.0031487073388181,47.934,EU-15,True,,,44.036,0.0,0.0,0.0
FR,29,2014,12238908.0,16.320130615382222,-0.0375395758122287,,,29,Production of cement clinker,C22_C23,low-medium,35150.0,0.004562311877077,46.215,EU-15,True,,,44.036,0.0,0.0,0.0
FR,29,2015,11496997.0,16.25759642879821,-0.0625341865840134,,,29,Production of cement clinker,C22_C23,low-medium,35370.0,0.0062393849607165,45.895,EU-15,True,,,44.036,0.0,0.0,0.0
FR,29,2016,11584658.0,16.265192194480623,0.0075957656824137,,,29,Production of cement clinker,C22_C23,low-medium,35540.0,0.0047948195091152,47.327,EU-15,False,,,44.036,0.0,0.0,0.0
FR,29,2017,11168249.0,16.228585399581014,-0.0366067948996082,,,29,Production of cement clinker,C22_C23,low-medium,36140.0,0.0167414624375776,48.703,EU-15,False,,,44.036,0.0,0.0,0.0
FR,29,2018,11713025.0,16.276212028430336,0.0476266288493221,,,29,Production of cement clinker,C22_C23,low-medium,36570.0,0.0118279469972062,46.735,EU-15,False,,,44.036,0.0,0.0,0.0
FR,29,2019,11815797.0,16.284947922950987,0.008735894520651,,,29,Production of cement clinker,C22_C23,low-medium,37160.0,0.0160046817843486,47.584,EU-15,False,,,44.036,0.0,0.0,0.0
FR,29,2020,10651380.0,16.18120001919006,-0.1037479037609259,,,29,Production of cement clinker,C22_C23,low-medium,34230.0,-0.082130461403544,44.424,EU-15,True,,,44.036,0.0,0.0,0.0
FR,29,2021,11306736.0,16.240909212276538,0.0597091930864763,,,29,Production of cement clinker,C22_C23,low-medium,36460.0,0.0631133167084225,44.036,EU-15,True,,,44.036,0.0,0.0,0.0
FR,29,2022,10792425.0,16.194355057117296,-0.0465541551592423,,,29,Production of cement clinker,C22_C23,low-medium,37280.0,0.0222412205668742,51.819,EU-15,True,,,44.036,1.0,44.036,0.0
FR,29,2023,9474505.0,16.064115064824,-0.1302399922932942,,,29,Production of cement clinker,C22_C23,low-medium,37730.0,0.0119985441588283,44.773,EU-15,True,,0.2996,44.036,1.0,44.036,0.0
FR,29,2024,9113112.0,16.02522481353771,-0.0388902512862898,0.2996,4.0,29,Production of cement clinker,C22_C23,low-medium,38180.0,0.0118562843213823,41.672,EU-15,True,,0.3702,44.036,0.0,0.0,0.0
FR,29,2025,7731044.0,15.860754469658811,-0.1644703438788983,0.3702,3.0,29,Production of cement clinker,C22_C23,low-medium,38360.0,0.0047034317176368,,EU-15,True,0.2996,,44.036,0.0,0.0,0.0
HR,29,2013,1840387.0,14.425486433556694,,,,29,Production of cement clinker,C22_C23,low-medium,11340.0,0.0061919702479222,47.436,2013,True,,,54.539,0.0,0.0,1.0
HR,29,2014,1978652.0,14.49792636273485,0.0724399291781558,,,29,Production of cement clinker,C22_C23,low-medium,11370.0,0.0026420094628374,44.206,2013,True,,,54.539,0.0,0.0,1.0
HR,29,2015,1895922.0,14.455215821710356,-0.0427105410244941,,,29,Production of cement clinker,C22_C23,low-medium,11760.0,0.0337256347080359,48.791,2013,True,,,54.539,0.0,0.0,1.0
HR,29,2016,1765093.0,14.38371393817953,-0.0715018835308249,,,29,Production of cement clinker,C22_C23,low-medium,12320.0,0.0465200156348935,48.43,2013,False,,,54.539,0.0,0.0,1.0
HR,29,2017,2097914.0,14.556454075677808,0.1727401374982768,,,29,Production of cement clinker,C22_C23,low-medium,12910.0,0.0467782467531776,53.157,2013,False,,,54.539,0.0,0.0,1.0
HR,29,2018,1961720.0,14.489332197404329,-0.067121878273479,,,29,Production of cement clinker,C22_C23,low-medium,13460.0,0.0417201193580307,52.695,2013,False,,,54.539,0.0,0.0,1.0
HR,29,2019,1890088.0,14.452133946798464,-0.037198250605865,,,29,Production of cement clinker,C22_C23,low-medium,14020.0,0.0407625573898613,56.216,2013,False,,,54.539,0.0,0.0,1.0
HR,29,2020,1946533.0,14.481560399395232,0.029426452596768,,,29,Production of cement clinker,C22_C23,low-medium,12980.0,-0.0770751703304988,53.564,2013,True,,,54.539,0.0,0.0,1.0
HR,29,2021,1950373.0,14.483531194299132,0.0019707949039009,,,29,Production of cement clinker,C22_C23,low-medium,14750.0,0.1278333715098849,54.539,2013,True,,0.1268,54.539,0.0,0.0,1.0
HR,29,2022,1783156.0,14.393895386007332,-0.0896358082917991,0.1268,4.0,29,Production of cement clinker,C22_C23,low-medium,15900.0,0.0750760264403567,60.303,2013,True,,0.159,54.539,1.0,54.539,1.0
HR,29,2023,1788504.0,14.396890074189752,0.0029946881824187,0.159,3.0,29,Production of cement clinker,C22_C23,low-medium,16490.0,0.0364350273453215,55.721,2013,True,0.1268,0.1543999999999999,54.539,1.0,54.539,1.0
HR,29,2024,1564910.0,14.263338872315522,-0.1335512018742299,0.1543999999999999,4.0,29,Production of cement clinker,C22_C23,low-medium,17060.0,0.0339824054920256,59.929,2013,True,0.159,0.2735,54.539,0.0,0.0,1.0
HR,29,2025,1436080.0,14.177427737344953,-0.085911134970571,0.2735,3.0,29,Production of cement clinker,C22_C23,low-medium,17590.0,0.0305940166859333,,2013,True,0.1543999999999999,,54.539,0.0,0.0,1.0
HU,29,2005,1501886.0,14.22223220962416,,,,29,Production of cement clinker,C22_C23,low-medium,11050.0,0.0444106280816161,62.254,2004,True,,,54.121,0.0,0.0,1.0
HU,29,2006,1582472.0,14.274498739321029,0.0522665296968689,,,29,Production of cement clinker,C22_C23,low-medium,11500.0,0.0399166074054413,61.819,2004,True,,,54.121,0.0,0.0,1.0
HU,29,2007,1671245.0,14.32907941562119,0.0545806763001603,,,29,Production of cement clinker,C22_C23,low-medium,11550.0,0.0043384015985985,60.362,2004,True,,,54.121,0.0,0.0,1.0
HU,29,2008,1569172.0,14.26605864967121,-0.0630207659499788,,,29,Production of cement clinker,C22_C23,low-medium,11690.0,0.0120483385161751,62.589,2004,True,,,54.121,0.0,0.0,1.0
HU,29,2009,1124417.0,13.93277523707489,-0.3332834125963195,,,29,Production of cement clinker,C22_C23,low-medium,10920.0,-0.0681378051672183,57.574,2004,True,,,54.121,0.0,0.0,1.0
HU,29,2010,793841.0,13.584638468287018,-0.3481367687878727,,,29,Production of cement clinker,C22_C23,low-medium,11060.0,0.0127390257774298,56.93,2004,True,,,54.121,0.0,0.0,1.0
HU,29,2011,913136.0,13.724640107958006,0.140001639670988,,,29,Production of cement clinker,C22_C23,low-medium,11300.0,0.0214677296241063,50.273,2004,True,,,54.121,0.0,0.0,1.0
HU,29,2012,1093655.0,13.905035855738804,0.180395747780798,,,29,Production of cement clinker,C22_C23,low-medium,11220.0,-0.0071048256237453,50.146,2004,True,,,54.121,0.0,0.0,1.0
HU,29,2013,797936.0,13.58978367271446,-0.3152521830243433,,,29,Production of cement clinker,C22_C23,low-medium,11490.0,0.0237791917661134,50.122,2004,True,,,54.121,0.0,0.0,1.0
HU,29,2014,870384.0,13.676689772561916,0.0869060998474555,,,29,Production of cement clinker,C22_C23,low-medium,12040.0,0.0467573480200105,59.845,2004,True,,,54.121,0.0,0.0,1.0
HU,29,2015,1050579.0,13.86485199872427,0.188162226162353,,,29,Production of cement clinker,C22_C23,low-medium,12530.0,0.0398913290273021,53.875,2004,True,,,54.121,0.0,0.0,1.0
HU,29,2016,1084386.0,13.896524486158128,0.0316724874338589,,,29,Production of cement clinker,C22_C23,low-medium,12880.0,0.0275499517682309,55.823,2004,False,,,54.121,0.0,0.0,1.0
HU,29,2017,1219485.0,14.013939196439464,0.1174147102813361,,,29,Production of cement clinker,C22_C23,low-medium,13460.0,0.0440466035403748,62.645,2004,False,,,54.121,0.0,0.0,1.0
HU,29,2018,1365861.0,14.12729555698067,0.1133563605412053,,,29,Production of cement clinker,C22_C23,low-medium,14240.0,0.056332581767247,58.123,2004,False,,,54.121,0.0,0.0,1.0
HU,29,2019,1556162.0,14.25773309141162,0.1304375344309498,,,29,Production of cement clinker,C22_C23,low-medium,14980.0,0.0506610721052442,69.712,2004,False,,,54.121,0.0,0.0,1.0
HU,29,2020,1396691.0,14.149616425512807,-0.1081166658988106,,,29,Production of cement clinker,C22_C23,low-medium,14370.0,-0.0415732779981397,56.618,2004,True,,0.1008,54.121,0.0,0.0,1.0
HU,29,2021,1512101.0,14.229010632432464,0.0793942069196553,0.1008,3.0,29,Production of cement clinker,C22_C23,low-medium,15470.0,0.0737599644940409,54.121,2004,True,,0.2323,54.121,0.0,0.0,1.0
HU,29,2022,1222713.0,14.01658271828317,-0.2124279141492948,0.2323,4.0,29,Production of cement clinker,C22_C23,low-medium,16160.0,0.0436363885079753,64.206,2004,True,0.1008,0.2135999999999999,54.121,1.0,54.121,1.0
HU,29,2023,813703.0,13.609350713540431,-0.4072320047427364,0.2135999999999999,3.0,29,Production of cement clinker,C22_C23,low-medium,16050.0,-0.0068302035169249,62.087,2004,True,0.2323,0.1821,54.121,1.0,54.121,1.0
HU,29,2024,762242.0,13.544019369551084,-0.0653313439893494,0.1821,4.0,29,Production of cement clinker,C22_C23,low-medium,16210.0,0.0099194861715599,48.943,2004,True,0.2135999999999999,0.2809,54.121,0.0,0.0,1.0
HU,29,2025,630834.0,13.354798032428244,-0.1892213371228397,0.2809,3.0,29,Production of cement clinker,C22_C23,low-medium,16370.0,0.0098220556354586,,2004,True,0.1821,,54.121,0.0,0.0,1.0
IE,29,2005,3811776.0,15.15360578022486,,,,29,Production of cement clinker,C22_C23,low-medium,47240.0,0.0333615357539809,89.647,EU-15,True,,,76.997,0.0,0.0,0.0
IE,29,2006,3792529.0,15.14854363684665,-0.0050621433782094,,,29,Production of cement clinker,C22_C23,low-medium,48320.0,0.0226045622973991,90.745,EU-15,True,,,76.997,0.0,0.0,0.0
IE,29,2007,3819900.0,15.155734802229636,0.0071911653829861,,,29,Production of cement clinker,C22_C23,low-medium,49380.0,0.0216999302904739,87.548,EU-15,True,,,76.997,0.0,0.0,0.0
IE,29,2008,3390754.0,15.036562873504275,-0.1191719287253594,,,29,Production of cement clinker,C22_C23,low-medium,46160.0,-0.0674318617171891,89.991,EU-15,True,,,76.997,0.0,0.0,0.0
IE,29,2009,2094797.0,14.55496720926882,-0.4815956642354582,,,29,Production of cement clinker,C22_C23,low-medium,43390.0,-0.0618846223895861,87.797,EU-15,True,,,76.997,0.0,0.0,0.0
IE,29,2010,1737458.0,14.36793368346705,-0.1870335258017679,,,29,Production of cement clinker,C22_C23,low-medium,43920.0,0.0121407973910159,87.462,EU-15,True,,,76.997,0.0,0.0,0.0
IE,29,2011,1533393.0,14.2429934850776,-0.1249401983894511,,,29,Production of cement clinker,C22_C23,low-medium,44450.0,0.0119951647586393,90.312,EU-15,True,,,76.997,0.0,0.0,0.0
IE,29,2012,1831875.0,14.420850590447294,0.1778571053696946,,,29,Production of cement clinker,C22_C23,low-medium,44090.0,-0.0081319625900668,83.677,EU-15,True,,,76.997,0.0,0.0,0.0
IE,29,2013,1748421.0,14.374223652880634,-0.0466269375666605,,,29,Production of cement clinker,C22_C23,low-medium,44830.0,0.0166445587975001,91.506,EU-15,True,,,76.997,0.0,0.0,0.0
IE,29,2014,2298344.0,14.647699421574895,0.2734757686942615,,,29,Production of cement clinker,C22_C23,low-medium,48700.0,0.0828014719211971,86.012,EU-15,True,,,76.997,0.0,0.0,0.0
IE,29,2015,2545723.0,14.749925254065856,0.1022258324909604,,,29,Production of cement clinker,C22_C23,low-medium,60150.0,0.2111624123321434,88.653,EU-15,True,,,76.997,0.0,0.0,0.0
IE,29,2016,2718717.0,14.815670635814431,0.0657453817485755,,,29,Production of cement clinker,C22_C23,low-medium,60160.0,0.0001662372208972,68.951,EU-15,False,,,76.997,0.0,0.0,0.0
IE,29,2017,2775901.0,14.83648593714869,0.0208153013342595,,,29,Production of cement clinker,C22_C23,low-medium,65290.0,0.0818312055569574,66.021,EU-15,False,,,76.997,0.0,0.0,0.0
IE,29,2018,2906680.0,14.882522094362496,0.0460361572138037,,,29,Production of cement clinker,C22_C23,low-medium,69310.0,0.059750310731351,67.576,EU-15,False,,,76.997,0.0,0.0,0.0
IE,29,2019,2847695.0,14.86202045308254,-0.020501641279953,,,29,Production of cement clinker,C22_C23,low-medium,71640.0,0.0330643812626174,68.673,EU-15,False,,,76.997,0.0,0.0,0.0
IE,29,2020,2683970.0,14.802807599664,-0.0592128534185416,,,29,Production of cement clinker,C22_C23,low-medium,75620.0,0.0540672212702766,71.125,EU-15,True,,0.2709999999999999,76.997,0.0,0.0,0.0
IE,29,2021,3134898.0,14.958107195634687,0.1552995959706873,0.2709999999999999,3.0,29,Production of cement clinker,C22_C23,low-medium,87150.0,0.1419099735032425,76.997,EU-15,True,,0.3389999999999999,76.997,0.0,0.0,0.0
IE,29,2022,2878968.0,14.872942454562065,-0.0851647410726226,0.3389999999999999,4.0,29,Production of cement clinker,C22_C23,low-medium,92300.0,0.0574133695427754,79.086,EU-15,True,0.2709999999999999,0.1978,76.997,1.0,76.997,0.0
IE,29,2023,2701938.0,14.809479851273068,-0.0634626032889968,0.1978,3.0,29,Production of cement clinker,C22_C23,low-medium,87630.0,-0.0519207364410458,77.761,EU-15,True,0.3389999999999999,0.4201,76.997,1.0,76.997,0.0
IE,29,2024,2280750.0,14.64001489420772,-0.1694649570653474,0.4201,4.0,29,Production of cement clinker,C22_C23,low-medium,89300.0,0.0188780828146928,79.533,EU-15,True,0.1978,0.3393,76.997,0.0,0.0,0.0
IE,29,2025,2199312.0,14.603655142146446,-0.0363597520612746,0.3393,3.0,29,Production of cement clinker,C22_C23,low-medium,94930.0,0.0611382900112538,,EU-15,True,0.4201,,76.997,0.0,0.0,0.0
IT,29,2005,27639998.0,17.13477448450484,,,,29,Production of cement clinker,C22_C23,low-medium,31850.0,0.0018856070954615,83.348,EU-15,True,,,73.416,0.0,0.0,0.0
IT,29,2006,27870129.0,17.14306602808036,0.0082915435755168,,,29,Production of cement clinker,C22_C23,low-medium,32290.0,0.0137202027520118,85.867,EU-15,True,,,73.416,0.0,0.0,0.0
IT,29,2007,28636539.0,17.17019404778231,0.0271280197019514,,,29,Production of cement clinker,C22_C23,low-medium,32570.0,0.0086340345179571,83.002,EU-15,True,,,73.416,0.0,0.0,0.0
IT,29,2008,26180574.0,17.080528243339366,-0.0896658044429443,,,29,Production of cement clinker,C22_C23,low-medium,31990.0,-0.017968265326715,82.804,EU-15,True,,,73.416,0.0,0.0,0.0
IT,29,2009,21439550.0,16.880747905140637,-0.1997803381987282,,,29,Production of cement clinker,C22_C23,low-medium,30110.0,-0.0605660114677846,80.777,EU-15,True,,,73.416,0.0,0.0,0.0
IT,29,2010,21382532.0,16.878084884986873,-0.0026630201537649,,,29,Production of cement clinker,C22_C23,low-medium,30440.0,0.0109001904998429,82.571,EU-15,True,,,73.416,0.0,0.0,0.0
IT,29,2011,20331779.0,16.82769568792464,-0.0503891970622341,,,29,Production of cement clinker,C22_C23,low-medium,30550.0,0.0036071526241201,81.353,EU-15,True,,,73.416,0.0,0.0,0.0
IT,29,2012,16253184.0,16.603799386008127,-0.2238963019165112,,,29,Production of cement clinker,C22_C23,low-medium,29510.0,-0.0346354966627568,79.109,EU-15,True,,,73.416,0.0,0.0,0.0
IT,29,2013,14280702.0,16.47441967333128,-0.1293797126768474,,,29,Production of cement clinker,C22_C23,low-medium,28920.0,-0.0201957916642836,76.736,EU-15,True,,,73.416,0.0,0.0,0.0
IT,29,2014,13330854.0,16.405591756119257,-0.0688279172120225,,,29,Production of cement clinker,C22_C23,low-medium,28910.0,-0.0003458412623089,75.811,EU-15,True,,,73.416,0.0,0.0,0.0
IT,29,2015,13002348.0,16.380640514501433,-0.0249512416178241,,,29,Production of cement clinker,C22_C23,low-medium,29210.0,0.0103235603713933,77.03,EU-15,True,,,73.416,0.0,0.0,0.0
IT,29,2016,12176112.0,16.314986557464426,-0.0656539570370071,,,29,Production of cement clinker,C22_C23,low-medium,29630.0,0.0142762451858242,77.653,EU-15,False,,,73.416,0.0,0.0,0.0
IT,29,2017,12164419.0,16.314025773092098,-0.000960784372328,,,29,Production of cement clinker,C22_C23,low-medium,30160.0,0.0177291815542819,76.979,EU-15,False,,,73.416,0.0,0.0,0.0
IT,29,2018,12181271.0,16.315410166197527,0.0013843931054289,,,29,Production of cement clinker,C22_C23,low-medium,30470.0,0.010226049857863,76.338,EU-15,False,,,73.416,0.0,0.0,0.0
IT,29,2019,12430767.0,16.335685167134272,0.0202750009367456,,,29,Production of cement clinker,C22_C23,low-medium,30680.0,0.0068683835014375,77.484,EU-15,False,,,73.416,0.0,0.0,0.0
IT,29,2020,11063050.0,16.219121284576573,-0.1165638825576991,,,29,Production of cement clinker,C22_C23,low-medium,28100.0,-0.0878414001593554,73.454,EU-15,True,,0.1141,73.416,0.0,0.0,0.0
IT,29,2021,12422813.0,16.335045098357735,0.115923813781162,0.1141,3.0,29,Production of cement clinker,C22_C23,low-medium,30760.0,0.0904455682977438,73.416,EU-15,True,,,73.416,0.0,0.0,0.0
IT,29,2022,11159744.0,16.227823575586235,-0.1072215227714998,,,29,Production of cement clinker,C22_C23,low-medium,32310.0,0.0491616351989634,79.49,EU-15,True,0.1141,,73.416,1.0,73.416,0.0
IT,29,2023,10747452.0,16.19017926118768,-0.0376443143985554,,,29,Production of cement clinker,C22_C23,low-medium,32630.0,0.009855330768822,75.356,EU-15,True,,,73.416,1.0,73.416,0.0
IT,29,2024,10643649.0,16.180473934211296,-0.009705326976384,,,29,Production of cement clinker,C22_C23,low-medium,32900.0,0.0082405471660962,73.884,EU-15,True,,,73.416,0.0,0.0,0.0
IT,29,2025,10643568.0,16.1804663240103,-7.61020099560028e-06,,,29,Production of cement clinker,C22_C23,low-medium,33080.0,0.0054562123841641,,EU-15,True,,,73.416,0.0,0.0,0.0
LT,29,2005,783415.0,13.571417847337171,,,,29,Production of cement clinker,C22_C23,low-medium,9940.0,0.0904928280552805,55.332,2004,True,,,73.272,0.0,0.0,1.0
LT,29,2006,1064344.0,13.877869204901549,0.3064513575643737,,,29,Production of cement clinker,C22_C23,low-medium,10850.0,0.087598059317985,60.351,2004,True,,,73.272,0.0,0.0,1.0
LT,29,2007,1092056.0,13.90357271602339,0.0257035111218435,,,29,Production of cement clinker,C22_C23,low-medium,12190.0,0.1164508635067118,59.111,2004,True,,,73.272,0.0,0.0,1.0
LT,29,2008,902179.0,13.712568227250152,-0.1910044887732382,,,29,Production of cement clinker,C22_C23,low-medium,12640.0,0.0362504452255318,56.016,2004,True,,,73.272,0.0,0.0,1.0
LT,29,2009,585206.0,13.279719200980535,-0.4328490262696167,,,29,Production of cement clinker,C22_C23,low-medium,10880.0,-0.1499401472909145,48.045,2004,True,,,73.272,0.0,0.0,1.0
LT,29,2010,594096.0,13.294796201447912,0.015077000467377,,,29,Production of cement clinker,C22_C23,low-medium,11160.0,0.0254097155253667,79.045,2004,True,,,73.272,0.0,0.0,1.0
LT,29,2011,662809.0,13.404242143199143,0.1094459417512307,,,29,Production of cement clinker,C22_C23,low-medium,12140.0,0.0841698286781884,78.604,2004,True,,,73.272,0.0,0.0,1.0
LT,29,2012,815541.0,13.611606975683769,0.2073648324846253,,,29,Production of cement clinker,C22_C23,low-medium,12830.0,0.0552803929961918,77.534,2004,True,,,73.272,0.0,0.0,1.0
LT,29,2013,955420.0,13.769906313359254,0.1582993376754853,,,29,Production of cement clinker,C22_C23,low-medium,13480.0,0.0494209268566159,75.556,2004,True,,,73.272,0.0,0.0,1.0
LT,29,2014,806637.0,13.60062903192897,-0.1692772814302845,,,29,Production of cement clinker,C22_C23,low-medium,14100.0,0.0449676918999628,74.935,2004,True,,,73.272,0.0,0.0,1.0
LT,29,2015,843052.0,13.644783919541846,0.0441548876128763,,,29,Production of cement clinker,C22_C23,low-medium,14630.0,0.0368994176479091,75.452,2004,True,,,73.272,0.0,0.0,1.0
LT,29,2016,741381.0,13.516269942178589,-0.1285139773632586,,,29,Production of cement clinker,C22_C23,low-medium,15200.0,0.0382212128201988,74.784,2004,False,,,73.272,0.0,0.0,1.0
LT,29,2017,734960.0,13.507571354945348,-0.0086985872332387,,,29,Production of cement clinker,C22_C23,low-medium,16090.0,0.0569025331520602,71.965,2004,False,,,73.272,0.0,0.0,1.0
LT,29,2018,842751.0,13.64442681968712,0.136855464741771,,,29,Production of cement clinker,C22_C23,low-medium,17030.0,0.0567785336703057,73.897,2004,False,,,73.272,0.0,0.0,1.0
LT,29,2019,965272.0,13.78016520588954,0.135738386202421,,,29,Production of cement clinker,C22_C23,low-medium,17870.0,0.0481468344967392,75.202,2004,False,,,73.272,0.0,0.0,1.0
LT,29,2020,875536.0,13.682591549223032,-0.0975736566665084,,,29,Production of cement clinker,C22_C23,low-medium,17890.0,0.0011185683492911,74.909,2004,True,,,73.272,0.0,0.0,1.0
LT,29,2021,997056.0,13.8125622158721,0.1299706666490685,,,29,Production of cement clinker,C22_C23,low-medium,19040.0,0.0623001318425924,73.272,2004,True,,,73.272,0.0,0.0,1.0
LT,29,2022,1077011.0,13.88970016964254,0.0771379537704408,,,29,Production of cement clinker,C22_C23,low-medium,19350.0,0.0161503901125712,72.434,2004,True,,,73.272,1.0,73.272,1.0
LT,29,2023,783849.0,13.571971678741573,-0.3177284909009685,,,29,Production of cement clinker,C22_C23,low-medium,19220.0,-0.0067410159336454,69.498,2004,True,,0.2289,73.272,1.0,73.272,1.0
LT,29,2024,869485.0,13.675656361333823,0.1036846825922506,0.2289,4.0,29,Production of cement clinker,C22_C23,low-medium,19690.0,0.0241594891088876,66.014,2004,True,,0.4029999999999999,73.272,0.0,0.0,1.0
LT,29,2025,607918.0,13.317795283431687,-0.357861077902136,0.4029999999999999,3.0,29,Production of cement clinker,C22_C23,low-medium,20260.0,0.0285376061695039,,2004,True,0.2289,,73.272,0.0,0.0,1.0
LU,29,2005,732271.0,13.503905943008697,,,,29,Production of cement clinker,C22_C23,low-medium,98260.0,0.0088934907673952,97.376,EU-15,True,,,92.374,0.0,0.0,0.0
LU,29,2006,696782.0,13.45422787181019,-0.0496780711985049,,,29,Production of cement clinker,C22_C23,low-medium,102580.0,0.0430259552206191,98.232,EU-15,True,,,92.374,0.0,0.0,0.0
LU,29,2007,678223.0,13.427231421398544,-0.0269964504116462,,,29,Production of cement clinker,C22_C23,low-medium,109100.0,0.0616219108779034,96.668,EU-15,True,,,92.374,0.0,0.0,0.0
LU,29,2008,641079.0,13.370907973238571,-0.0563234481599721,,,29,Production of cement clinker,C22_C23,low-medium,106870.0,-0.0206517503022194,97.446,EU-15,True,,,92.374,0.0,0.0,0.0
LU,29,2009,619940.0,13.3373779781448,-0.0335299950937706,,,29,Production of cement clinker,C22_C23,low-medium,101540.0,-0.0511603330175578,97.514,EU-15,True,,,92.374,0.0,0.0,0.0
LU,29,2010,623802.0,13.34358828930652,0.0062103111617179,,,29,Production of cement clinker,C22_C23,low-medium,103430.0,0.0184422458704638,97.069,EU-15,True,,,92.374,0.0,0.0,0.0
LU,29,2011,640357.0,13.369781112316293,0.0261928230097741,,,29,Production of cement clinker,C22_C23,low-medium,102120.0,-0.0127464630164286,97.293,EU-15,True,,,92.374,0.0,0.0,0.0
LU,29,2012,595040.0,13.296383909158896,-0.0733972031573966,,,29,Production of cement clinker,C22_C23,low-medium,101440.0,-0.0066811016843679,97.51,EU-15,True,,,92.374,0.0,0.0,0.0
LU,29,2013,599535.0,13.303909633730532,0.0075257245716358,,,29,Production of cement clinker,C22_C23,low-medium,102010.0,0.005603357005512,97.1,EU-15,True,,,92.374,0.0,0.0,0.0
LU,29,2014,585892.0,13.280890751232455,-0.023018882498075,,,29,Production of cement clinker,C22_C23,low-medium,102250.0,0.0023499472284846,96.626,EU-15,True,,,92.374,0.0,0.0,0.0
LU,29,2015,548004.0,13.214037865173584,-0.0668528860588715,,,29,Production of cement clinker,C22_C23,low-medium,102530.0,0.0027346437590871,95.958,EU-15,True,,,92.374,0.0,0.0,0.0
LU,29,2016,590961.0,13.289505304363091,0.0754674391895076,,,29,Production of cement clinker,C22_C23,low-medium,104920.0,0.0230427163166737,96.28,EU-15,False,,,92.374,0.0,0.0,0.0
LU,29,2017,599382.0,13.30365440338376,0.0141490990206669,,,29,Production of cement clinker,C22_C23,low-medium,104020.0,-0.0086149666537469,95.558,EU-15,False,,,92.374,0.0,0.0,0.0
LU,29,2018,591441.0,13.290317211018136,-0.0133371923656238,,,29,Production of cement clinker,C22_C23,low-medium,103640.0,-0.0036598326510173,95.156,EU-15,False,,,92.374,0.0,0.0,0.0
LU,29,2019,631987.0,13.356624103297184,0.0663068922790479,,,29,Production of cement clinker,C22_C23,low-medium,104310.0,0.0064438789939718,95.009,EU-15,False,,,92.374,0.0,0.0,0.0
LU,29,2020,628887.0,13.351706869305067,-0.004917233992117,,,29,Production of cement clinker,C22_C23,low-medium,102190.0,-0.0205334090637627,92.342,EU-15,True,,,92.374,0.0,0.0,0.0
LU,29,2021,579821.0,13.270474714199782,-0.081232155105285,,,29,Production of cement clinker,C22_C23,low-medium,107570.0,0.0513079728197958,92.374,EU-15,True,,,92.374,0.0,0.0,0.0
LU,29,2022,598831.0,13.30273470039466,0.0322599861948784,,,29,Production of cement clinker,C22_C23,low-medium,104100.0,-0.0327898228229894,91.483,EU-15,True,,,92.374,1.0,92.374,0.0
LU,29,2023,381202.0,12.851084697338138,-0.4516500030565229,,,29,Production of cement clinker,C22_C23,low-medium,102250.0,-0.017931180698012,91.448,EU-15,True,,,92.374,1.0,92.374,0.0
LU,29,2024,257165.0,12.457473181214842,-0.3936115161232951,,,29,Production of cement clinker,C22_C23,low-medium,101000.0,-0.0123002780816516,91.034,EU-15,True,,,92.374,0.0,0.0,0.0
LU,29,2025,393955.0,12.883991968559275,0.4265187873444347,,,29,Production of cement clinker,C22_C23,low-medium,100380.0,-0.0061575326144733,,EU-15,True,,,92.374,0.0,0.0,0.0
LV,29,2005,285324.0,12.561380655640402,,,,29,Production of cement clinker,C22_C23,low-medium,10430.0,0.1211443833590895,63.841,2004,True,,,38.335,0.0,0.0,1.0
LV,29,2006,357973.0,12.788212843544269,0.2268321879038666,,,29,Production of cement clinker,C22_C23,low-medium,11870.0,0.1293279396088955,66.707,2004,True,,,38.335,0.0,0.0,1.0
LV,29,2007,362730.0,12.801414034836402,0.0132011912921328,,,29,Production of cement clinker,C22_C23,low-medium,13220.0,0.107716625801963,62.478,2004,True,,,38.335,0.0,0.0,1.0
LV,29,2008,357747.0,12.787581311639302,-0.0138327231970993,,,29,Production of cement clinker,C22_C23,low-medium,12900.0,-0.0245035230559143,58.825,2004,True,,,38.335,0.0,0.0,1.0
LV,29,2009,327832.0,12.7002565610276,-0.0873247506117014,,,29,Production of cement clinker,C22_C23,low-medium,11020.0,-0.1575155076428576,60.411,2004,True,,,38.335,0.0,0.0,1.0
LV,29,2010,670134.0,13.415232971369814,0.7149764103422136,,,29,Production of cement clinker,C22_C23,low-medium,10840.0,-0.0164688077132684,45.545,2004,True,,,38.335,0.0,0.0,1.0
LV,29,2011,810331.0,13.605198085152535,0.1899651137827227,,,29,Production of cement clinker,C22_C23,low-medium,11380.0,0.0486144326866853,59.863,2004,True,,,38.335,0.0,0.0,1.0
LV,29,2012,835255.0,13.635492346432752,0.0302942612802148,,,29,Production of cement clinker,C22_C23,low-medium,12360.0,0.0826080233313604,56.388,2004,True,,,38.335,0.0,0.0,1.0
LV,29,2013,776397.0,13.562419266281893,-0.073073080150861,,,29,Production of cement clinker,C22_C23,low-medium,12750.0,0.0310658195748896,55.883,2004,True,,,38.335,0.0,0.0,1.0
LV,29,2014,802062.0,13.594941190593808,0.0325219243119168,,,29,Production of cement clinker,C22_C23,low-medium,13140.0,0.0301297414520291,40.592,2004,True,,,38.335,0.0,0.0,1.0
LV,29,2015,677823.0,13.426641470893028,-0.16829971970078,,,29,Production of cement clinker,C22_C23,low-medium,13750.0,0.0453778110561167,51.179,2004,True,,,38.335,0.0,0.0,1.0
LV,29,2016,505899.0,13.13409232360284,-0.2925491472901864,,,29,Production of cement clinker,C22_C23,low-medium,14230.0,0.03431358798918,47.152,2004,False,,,38.335,0.0,0.0,1.0
LV,29,2017,638584.0,13.36700850414155,0.2329161805387087,,,29,Production of cement clinker,C22_C23,low-medium,14850.0,0.042647453146948,44.055,2004,False,,,38.335,0.0,0.0,1.0
LV,29,2018,808286.0,13.60267123527007,0.2356627311285191,,,29,Production of cement clinker,C22_C23,low-medium,15610.0,0.0499118692786311,44.316,2004,False,,,38.335,0.0,0.0,1.0
LV,29,2019,793918.0,13.584735460336894,-0.0179357749331749,,,29,Production of cement clinker,C22_C23,low-medium,15820.0,0.0133632278121673,43.917,2004,False,,,38.335,0.0,0.0,1.0
LV,29,2020,778966.0,13.56572267820077,-0.0190127821361247,,,29,Production of cement clinker,C22_C23,low-medium,15370.0,-0.0288574047890026,45.485,2004,True,,0.115,38.335,0.0,0.0,1.0
LV,29,2021,752118.0,13.53064850551574,-0.0350741726850305,0.115,3.0,29,Production of cement clinker,C22_C23,low-medium,16580.0,0.0757795921566444,38.335,2004,True,,0.19,38.335,0.0,0.0,1.0
LV,29,2022,750000.0,13.527828485512494,-0.0028200200032451,0.19,4.0,29,Production of cement clinker,C22_C23,low-medium,16890.0,0.01852458111256,38.213,2004,True,0.115,0.1592,38.335,1.0,38.335,1.0
LV,29,2023,744135.0,13.51997774896778,-0.0078507365447144,0.1592,3.0,29,Production of cement clinker,C22_C23,low-medium,16770.0,-0.0071301549845923,32.716,2004,True,0.19,0.2483,38.335,1.0,38.335,1.0
LV,29,2024,597848.0,13.301091820021398,-0.2188859289463813,0.2483,4.0,29,Production of cement clinker,C22_C23,low-medium,16910.0,0.0083135870753725,29.26,2004,True,0.1592,0.2853,38.335,0.0,0.0,1.0
LV,29,2025,704539.0,13.465298967198873,0.1642071471774731,0.2853,3.0,29,Production of cement clinker,C22_C23,low-medium,17520.0,0.0354379225977563,,2004,True,0.2483,,38.335,0.0,0.0,1.0
NL,29,2005,621084.0,13.33922161746852,,,,29,Production of cement clinker,C22_C23,low-medium,42160.0,0.0177080482656677,37.784,EU-15,True,,,58.451,0.0,0.0,0.0
NL,29,2006,563023.0,13.241075758862872,-0.0981458586056476,,,29,Production of cement clinker,C22_C23,low-medium,43590.0,0.0333558620171938,38.561,EU-15,True,,,58.451,0.0,0.0,0.0
NL,29,2007,614684.0,13.328863593599127,0.0877878347362557,,,29,Production of cement clinker,C22_C23,low-medium,45180.0,0.0358267447895563,37.407,EU-15,True,,,58.451,0.0,0.0,0.0
NL,29,2008,615743.0,13.330584947668063,0.0017213540689358,,,29,Production of cement clinker,C22_C23,low-medium,45960.0,0.0171169419406975,33.555,EU-15,True,,,58.451,0.0,0.0,0.0
NL,29,2009,601070.0,13.3064666792807,-0.0241182683873617,,,29,Production of cement clinker,C22_C23,low-medium,44050.0,-0.0424461005983651,34.059,EU-15,True,,,58.451,0.0,0.0,0.0
NL,29,2010,527892.0,13.17664699631158,-0.1298196829691225,,,29,Production of cement clinker,C22_C23,low-medium,44400.0,0.0079141170559893,28.279,EU-15,True,,,58.451,0.0,0.0,0.0
NL,29,2011,513492.0,13.14898972887204,-0.0276572674395403,,,29,Production of cement clinker,C22_C23,low-medium,44980.0,0.0129784770929912,29.357,EU-15,True,,,58.451,0.0,0.0,0.0
NL,29,2012,468180.0,13.056608116338865,-0.0923816125331757,,,29,Production of cement clinker,C22_C23,low-medium,44370.0,-0.013654381140352,30.635,EU-15,True,,,58.451,0.0,0.0,0.0
NL,29,2013,419461.0,12.94672583274879,-0.109882283590073,,,29,Production of cement clinker,C22_C23,low-medium,44230.0,-0.0031602735105824,23.738,EU-15,True,,,58.451,0.0,0.0,0.0
NL,29,2014,443710.0,13.00292647486376,0.0562006421149714,,,29,Production of cement clinker,C22_C23,low-medium,44780.0,0.0123583192903726,30.948,EU-15,True,,,58.451,0.0,0.0,0.0
NL,29,2015,402604.0,12.905708727558244,-0.0972177473055175,,,29,Production of cement clinker,C22_C23,low-medium,45530.0,0.0166098381760821,48.372,EU-15,True,,,58.451,0.0,0.0,0.0
NL,29,2016,383333.0,12.856659342105727,-0.0490493854525162,,,29,Production of cement clinker,C22_C23,low-medium,46380.0,0.0184968824806954,45.874,EU-15,False,,,58.451,0.0,0.0,0.0
NL,29,2017,474200.0,13.06938445261344,0.2127251105077139,,,29,Production of cement clinker,C22_C23,low-medium,47390.0,0.0215429041521115,51.699,EU-15,False,,,58.451,0.0,0.0,0.0
NL,29,2018,351242.0,12.769230723570008,-0.3001537290434335,,,29,Production of cement clinker,C22_C23,low-medium,48180.0,0.0165327612072285,59.517,EU-15,False,,,58.451,0.0,0.0,0.0
NL,29,2019,10470.0,9.256269303864585,-3.512961419705425,,,29,Production of cement clinker,C22_C23,low-medium,48970.0,0.0162638685275009,64.304,EU-15,False,,,58.451,0.0,0.0,0.0
NO,29,2008,1215568.0,14.01072201522945,,,,29,Production of cement clinker,C22_C23,low-medium,61200.0,-0.0042393671840574,-592.319,,True,,,-622.175,0.0,-0.0,0.0
NO,29,2009,1234068.0,14.025826587277686,0.0151045720482372,,,29,Production of cement clinker,C22_C23,low-medium,59450.0,-0.0290115663814898,-601.253,,True,,,-622.175,0.0,-0.0,0.0
NO,29,2010,1127155.0,13.93520731683926,-0.0906192704384274,,,29,Production of cement clinker,C22_C23,low-medium,59310.0,-0.0023576972861558,-536.301,,True,,,-622.175,0.0,-0.0,0.0
NO,29,2011,1110988.0,13.920760267483328,-0.0144470493559314,,,29,Production of cement clinker,C22_C23,low-medium,59350.0,0.0006741952050415,-590.038,,True,,,-622.175,0.0,-0.0,0.0
NO,29,2012,1092144.0,13.903653294725018,-0.0171069727583095,,,29,Production of cement clinker,C22_C23,low-medium,60230.0,0.0147184459999536,-568.081,,True,,,-622.175,0.0,-0.0,0.0
NO,29,2013,1081517.0,13.893875243160632,-0.0097780515643854,,,29,Production of cement clinker,C22_C23,low-medium,60260.0,0.0004979666465256,-508.738,,True,,,-622.175,0.0,-0.0,0.0
NO,29,2014,1089200.0,13.90095403978174,0.0070787966211085,,,29,Production of cement clinker,C22_C23,low-medium,60840.0,0.0095789336889353,-566.17,,True,,,-622.175,0.0,-0.0,0.0
NO,29,2015,1007293.0,13.8227770926363,-0.0781769471454421,,,29,Production of cement clinker,C22_C23,low-medium,61450.0,0.0099763686209524,-678.008,,True,,,-622.175,0.0,-0.0,0.0
NO,29,2016,1030627.0,13.84567791286416,0.0229008202278606,,,29,Production of cement clinker,C22_C23,low-medium,61700.0,0.0040600948992981,-608.666,,False,,,-622.175,0.0,-0.0,0.0
NO,29,2017,1171676.0,13.973945760387664,0.128267847523503,,,29,Production of cement clinker,C22_C23,low-medium,62850.0,0.0184670041249148,-595.383,,False,,,-622.175,0.0,-0.0,0.0
NO,29,2018,1111818.0,13.921507071332671,-0.0524386890549894,,,29,Production of cement clinker,C22_C23,low-medium,63130.0,0.0044451573432766,-563.803,,False,,,-622.175,0.0,-0.0,0.0
NO,29,2019,1104575.0,13.914971203565909,-0.0065358677667664,,,29,Production of cement clinker,C22_C23,low-medium,63630.0,0.0078889648651667,-561.944,,False,,,-622.175,0.0,-0.0,0.0
NO,29,2020,1081325.0,13.893697698984491,-0.0212735045814138,,,29,Production of cement clinker,C22_C23,low-medium,62400.0,-0.0195197818693184,-603.999,,True,,0.4619999999999999,-622.175,0.0,-0.0,0.0
NO,29,2021,1044136.0,13.85870030713979,-0.034997391844703,0.4619999999999999,3.0,29,Production of cement clinker,C22_C23,low-medium,64640.0,0.0352681388374573,-622.175,,True,,0.3414,-622.175,0.0,-0.0,0.0
NO,29,2022,1053317.0,13.867454790445649,0.0087544833058572,0.3414,4.0,29,Production of cement clinker,C22_C23,low-medium,66670.0,0.0309216624171302,-682.103,,True,0.4619999999999999,0.3719999999999999,-622.175,1.0,-622.175,0.0
NO,29,2023,893709.0,13.70313549781223,-0.1643192926334169,0.3719999999999999,3.0,29,Production of cement clinker,C22_C23,low-medium,66140.0,-0.0079813690763224,-655.137,,True,0.3414,0.3400999999999999,-622.175,1.0,-622.175,0.0
NO,29,2024,837249.0,13.637876796269351,-0.0652587015428771,0.3400999999999999,4.0,29,Production of cement clinker,C22_C23,low-medium,66460.0,0.0048265553728015,-677.196,,True,0.3719999999999999,0.51,-622.175,0.0,-0.0,0.0
NO,29,2025,839974.0,13.64112621795951,0.0032494216901568,0.51,3.0,29,Production of cement clinker,C22_C23,low-medium,66720.0,0.0039044951240434,,,True,0.3400999999999999,,-622.175,0.0,-0.0,0.0
PL,29,2005,8333557.0,15.93580093380418,,,,29,Production of cement clinker,C22_C23,low-medium,8080.0,0.0327073179757846,17.748,2004,True,,,40.464,0.0,0.0,1.0
PL,29,2006,9865911.0,16.104596039855345,0.1687951060511654,,,29,Production of cement clinker,C22_C23,low-medium,8590.0,0.061206863463159,20.149,2004,True,,,40.464,0.0,0.0,1.0
PL,29,2007,11582049.0,16.264966957461738,0.160370917606393,,,29,Production of cement clinker,C22_C23,low-medium,9170.0,0.0653385502722105,25.79,2004,True,,,40.464,0.0,0.0,1.0
PL,29,2008,10473819.0,16.164389272786252,-0.1005776846754855,,,29,Production of cement clinker,C22_C23,low-medium,9570.0,0.0426959191964879,30.862,2004,True,,,40.464,0.0,0.0,1.0
PL,29,2009,8800432.0,15.990311369152607,-0.1740779036336448,,,29,Production of cement clinker,C22_C23,low-medium,9810.0,0.024769068112409,32.041,2004,True,,,40.464,0.0,0.0,1.0
PL,29,2010,9453108.0,16.06185413428672,0.0715427651341116,,,29,Production of cement clinker,C22_C23,low-medium,10150.0,0.0340714319105242,31.559,2004,True,,,40.464,0.0,0.0,1.0
PL,29,2011,11429320.0,16.251692541437812,0.1898384071510932,,,29,Production of cement clinker,C22_C23,low-medium,10680.0,0.0508991280442536,34.008,2004,True,,,40.464,0.0,0.0,1.0
PL,29,2012,9738486.0,16.091596222058,-0.1600963193798108,,,29,Production of cement clinker,C22_C23,low-medium,10840.0,0.0148701624794505,31.613,2004,True,,,40.464,0.0,0.0,1.0
PL,29,2013,8843382.0,15.995179940634593,-0.0964162814234104,,,29,Production of cement clinker,C22_C23,low-medium,10930.0,0.0082683061769479,26.236,2004,True,,,40.464,0.0,0.0,1.0
PL,29,2014,9636406.0,16.08105877549472,0.0858788348601304,,,29,Production of cement clinker,C22_C23,low-medium,11360.0,0.0385871111045581,29.395,2004,True,,,40.464,0.0,0.0,1.0
PL,29,2015,9441742.0,16.060651054995702,-0.0204077204990191,,,29,Production of cement clinker,C22_C23,low-medium,11870.0,0.0439157953285711,29.829,2004,True,,,40.464,0.0,0.0,1.0
PL,29,2016,9703539.0,16.08800122229455,0.0273501672988487,,,29,Production of cement clinker,C22_C23,low-medium,12240.0,0.0306950684626023,30.744,2004,False,,,40.464,0.0,0.0,1.0
PL,29,2017,10271791.0,16.144911958131676,0.0569107358371248,,,29,Production of cement clinker,C22_C23,low-medium,12870.0,0.0501897445238554,38.255,2004,False,,,40.464,0.0,0.0,1.0
PL,29,2018,11326116.0,16.242621767524682,0.097709809393006,,,29,Production of cement clinker,C22_C23,low-medium,13680.0,0.0610358905863694,43.52,2004,False,,,40.464,0.0,0.0,1.0
PL,29,2019,11333394.0,16.243264146839174,0.0006423793144918,,,29,Production of cement clinker,C22_C23,low-medium,14310.0,0.045023681373955,45.251,2004,False,,,40.464,0.0,0.0,1.0
PL,29,2020,11153180.0,16.227235217001823,-0.0160289298373506,,,29,Production of cement clinker,C22_C23,low-medium,14310.0,0.0,42.775,2004,True,,0.1116,40.464,0.0,0.0,1.0
PL,29,2021,10597955.0,16.176171615941662,-0.0510636010601608,0.1116,3.0,29,Production of cement clinker,C22_C23,low-medium,15380.0,0.0721093705091391,40.464,2004,True,,0.226,40.464,0.0,0.0,1.0
PL,29,2022,11156795.0,16.227559287291605,0.0513876713499428,0.226,4.0,29,Production of cement clinker,C22_C23,low-medium,15840.0,0.0294704223087816,46.115,2004,True,0.1116,0.1833,40.464,1.0,40.464,1.0
PL,29,2023,9553807.0,16.072450271765053,-0.1551090155265519,0.1833,3.0,29,Production of cement clinker,C22_C23,low-medium,15950.0,0.0069204428445726,47.996,2004,True,0.226,0.2898,40.464,1.0,40.464,1.0
PL,29,2024,9432151.0,16.059634730401136,-0.012815541363917,0.2898,4.0,29,Production of cement clinker,C22_C23,low-medium,16510.0,0.0345074287011843,45.669,2004,True,0.1833,0.2445,40.464,0.0,0.0,1.0
PL,29,2025,967930.0,13.78291504959434,-2.276719680806796,0.2445,3.0,29,Production of cement clinker,C22_C23,low-medium,17170.0,0.0391974169773465,,2004,True,0.2898,,40.464,0.0,0.0,1.0
PT,29,2005,6934872.0,15.752073154459076,,,,29,Production of cement clinker,C22_C23,low-medium,19000.0,0.0058062976530219,88.561,EU-15,True,,,66.925,0.0,0.0,0.0
PT,29,2006,6814578.0,15.734574698965137,-0.017498455493941,,,29,Production of cement clinker,C22_C23,low-medium,19280.0,0.0146293100159589,83.967,EU-15,True,,,66.925,0.0,0.0,0.0
PT,29,2007,7050864.0,15.768660720470912,0.034086021505777,,,29,Production of cement clinker,C22_C23,low-medium,19720.0,0.0225650599920896,81.519,EU-15,True,,,66.925,0.0,0.0,0.0
PT,29,2008,6731405.0,15.722294446548368,-0.0463662739225441,,,29,Production of cement clinker,C22_C23,low-medium,19760.0,0.0020263431452338,83.623,EU-15,True,,,66.925,0.0,0.0,0.0
PT,29,2009,5421186.0,15.505825168666592,-0.2164692778817745,,,29,Production of cement clinker,C22_C23,low-medium,19120.0,-0.0329247846964673,81.434,EU-15,True,,,66.925,0.0,0.0,0.0
PT,29,2010,5700830.0,15.556122336239172,0.0502971675725785,,,29,Production of cement clinker,C22_C23,low-medium,19440.0,0.0165978914090381,75.22,EU-15,True,,,66.925,0.0,0.0,0.0
PT,29,2011,4829404.0,15.390233622569776,-0.1658887136693945,,,29,Production of cement clinker,C22_C23,low-medium,19110.0,-0.0171210407801112,77.792,EU-15,True,,,66.925,0.0,0.0,0.0
PT,29,2012,4348448.0,15.28532955779397,-0.1049040647758072,,,29,Production of cement clinker,C22_C23,low-medium,18410.0,-0.037317763007195,79.461,EU-15,True,,,66.925,0.0,0.0,0.0
PT,29,2013,4698743.0,15.3628055841015,0.0774760263075311,,,29,Production of cement clinker,C22_C23,low-medium,18330.0,-0.0043549333933725,73.347,EU-15,True,,,66.925,0.0,0.0,0.0
PT,29,2014,5239440.0,15.471725180357188,0.1089195962556868,,,29,Production of cement clinker,C22_C23,low-medium,18560.0,0.0124696655064404,70.234,EU-15,True,,,66.925,0.0,0.0,0.0
PT,29,2015,5011461.0,15.42723804731561,-0.0444871330415779,,,29,Production of cement clinker,C22_C23,low-medium,18920.0,0.0192108362656764,76.293,EU-15,True,,,66.925,0.0,0.0,0.0
PT,29,2016,4016440.0,15.20590649610524,-0.2213315512103708,,,29,Production of cement clinker,C22_C23,low-medium,19350.0,0.0224728558520599,72.241,EU-15,False,,,66.925,0.0,0.0,0.0
PT,29,2017,4393083.0,15.295541816473946,0.089635320368707,,,29,Production of cement clinker,C22_C23,low-medium,20020.0,0.0340393544112824,77.965,EU-15,False,,,66.925,0.0,0.0,0.0
PT,29,2018,3971951.0,15.194767967716626,-0.1007738487573206,,,29,Production of cement clinker,C22_C23,low-medium,20620.0,0.0295297047017406,75.657,EU-15,False,,,66.925,0.0,0.0,0.0
PT,29,2019,3905240.0,15.177829799034448,-0.0169381686821772,,,29,Production of cement clinker,C22_C23,low-medium,21150.0,0.0253784269034724,73.875,EU-15,False,,,66.925,0.0,0.0,0.0
PT,29,2020,4056643.0,15.215866342260504,0.038036543226056,,,29,Production of cement clinker,C22_C23,low-medium,19360.0,-0.088430823643856,65.282,EU-15,True,,0.1434,66.925,0.0,0.0,0.0
PT,29,2021,3727068.0,15.13113242353241,-0.0847339187280944,0.1434,3.0,29,Production of cement clinker,C22_C23,low-medium,20390.0,0.0518355027379335,66.925,EU-15,True,,0.3833999999999999,66.925,0.0,0.0,0.0
PT,29,2022,3864980.0,15.167467065346028,0.0363346418136174,0.3833999999999999,4.0,29,Production of cement clinker,C22_C23,low-medium,21690.0,0.0618067402524182,71.274,EU-15,True,0.1434,0.2293999999999999,66.925,1.0,66.925,0.0
PT,29,2023,3654241.0,15.111398968862826,-0.0560680964832016,0.2293999999999999,3.0,29,Production of cement clinker,C22_C23,low-medium,22130.0,0.0200828292241759,66.866,EU-15,True,0.3833999999999999,0.3528,66.925,1.0,66.925,0.0
PT,29,2024,3913631.0,15.179976145539284,0.0685771766764595,0.3528,4.0,29,Production of cement clinker,C22_C23,low-medium,22370.0,0.0107866214390792,64.524,EU-15,True,0.2293999999999999,0.2916,66.925,0.0,0.0,0.0
PT,29,2025,3396833.0,15.038354084909844,-0.1416220606294409,0.2916,3.0,29,Production of cement clinker,C22_C23,low-medium,22560.0,0.00845765112782,,EU-15,True,0.3528,,66.925,0.0,0.0,0.0
RO,29,2007,6565872.0,15.697395882488747,,,,29,Production of cement clinker,C22_C23,low-medium,7870.0,0.0848190262586374,31.46,2007,True,,,31.65,0.0,0.0,1.0
RO,29,2008,6594208.0,15.70170224594404,0.0043063634552922,,,29,Production of cement clinker,C22_C23,low-medium,8740.0,0.1048521272381322,27.65,2007,True,,,31.65,0.0,0.0,1.0
RO,29,2009,4870504.0,15.398707980463726,-0.3029942654803133,,,29,Production of cement clinker,C22_C23,low-medium,8330.0,-0.0480467334886913,19.89,2007,True,,,31.65,0.0,0.0,1.0
RO,29,2010,4339206.0,15.283201940030564,-0.1155060404331607,,,29,Production of cement clinker,C22_C23,low-medium,8050.0,-0.0341913647482794,21.386,2007,True,,,31.65,0.0,0.0,1.0
RO,29,2011,4753072.0,15.374301703808785,0.0910997637782191,,,29,Production of cement clinker,C22_C23,low-medium,8460.0,0.0496770821876602,21.14,2007,True,,,31.65,0.0,0.0,1.0
RO,29,2012,4883306.0,15.401333007473951,0.0270313036651668,,,29,Production of cement clinker,C22_C23,low-medium,8660.0,0.0233655489562103,22.463,2007,True,,,31.65,0.0,0.0,1.0
RO,29,2013,4203368.0,15.251396666661662,-0.1499363408122889,,,29,Production of cement clinker,C22_C23,low-medium,8710.0,0.0057570682900678,18.317,2007,True,,,31.65,0.0,0.0,1.0
RO,29,2014,4579443.0,15.337087932974052,0.0856912663123896,,,29,Production of cement clinker,C22_C23,low-medium,9100.0,0.0438026226583936,16.663,2007,True,,,31.65,0.0,0.0,1.0
RO,29,2015,5157589.0,15.45597978020134,0.118891847227287,,,29,Production of cement clinker,C22_C23,low-medium,9430.0,0.0356216831225619,16.687,2007,True,,,31.65,0.0,0.0,1.0
RO,29,2016,4958469.0,15.41660758169808,-0.0393721985032584,,,29,Production of cement clinker,C22_C23,low-medium,9760.0,0.0343963037796353,21.901,2007,False,,,31.65,0.0,0.0,1.0
RO,29,2017,5143518.0,15.453247839109652,0.0366402574115714,,,29,Production of cement clinker,C22_C23,low-medium,10620.0,0.0844466153887903,23.295,2007,False,,,31.65,0.0,0.0,1.0
RO,29,2018,5447819.0,15.510725903058407,0.0574780639487553,,,29,Production of cement clinker,C22_C23,low-medium,11260.0,0.0585176068977517,24.291,2007,False,,,31.65,0.0,0.0,1.0
RO,29,2019,5900471.0,15.590542736198136,0.0798168331397288,,,29,Production of cement clinker,C22_C23,low-medium,11760.0,0.0434473197589362,30.282,2007,False,,,31.65,0.0,0.0,1.0
RO,29,2020,6017679.0,15.61021219476944,0.0196694585713039,,,29,Production of cement clinker,C22_C23,low-medium,11390.0,-0.0319681650113885,28.191,2007,True,,0.1147,31.65,0.0,0.0,1.0
RO,29,2021,6110608.0,15.625536835198725,0.0153246404292826,0.1147,3.0,29,Production of cement clinker,C22_C23,low-medium,12130.0,0.0629459454968675,31.65,2007,True,,0.1396,31.65,0.0,0.0,1.0
RO,29,2022,5391986.0,15.50042433513174,-0.125112500066983,0.1396,4.0,29,Production of cement clinker,C22_C23,low-medium,12690.0,0.0451325587703372,32.423,2007,True,0.1147,0.0642,31.65,1.0,31.65,1.0
RO,29,2023,5286664.0,15.48069798108912,-0.0197263540426195,0.0642,3.0,29,Production of cement clinker,C22_C23,low-medium,12970.0,0.0218247166020564,27.863,2007,True,0.1396,0.1995,31.65,1.0,31.65,1.0
RO,29,2024,5413932.0,15.504486189047952,0.023788207958832,0.1995,4.0,29,Production of cement clinker,C22_C23,low-medium,13090.0,0.0092095815934563,30.356,2007,True,0.0642,0.1397,31.65,0.0,0.0,1.0
RO,29,2025,4827852.0,15.389912206214373,-0.1145739828335798,0.1397,3.0,29,Production of cement clinker,C22_C23,low-medium,13190.0,0.0076103868074142,,2007,True,0.1995,,31.65,0.0,0.0,1.0
SE,29,2005,2069497.0,14.54281614054436,,,,29,Production of cement clinker,C22_C23,low-medium,41330.0,0.0237494330382315,38.075,EU-15,True,,,21.224,0.0,0.0,0.0
SE,29,2006,2281470.0,14.640330530019224,0.0975143894748633,,,29,Production of cement clinker,C22_C23,low-medium,42990.0,0.0393789019845502,38.227,EU-15,True,,,21.224,0.0,0.0,0.0
SE,29,2007,2111150.0,14.56274338067746,-0.0775871493417632,,,29,Production of cement clinker,C22_C23,low-medium,44080.0,0.0250386343364681,36.797,EU-15,True,,,21.224,0.0,0.0,0.0
SE,29,2008,2204983.0,14.606230357082795,0.0434869764053349,,,29,Production of cement clinker,C22_C23,low-medium,43330.0,-0.0171609290928405,38.416,EU-15,True,,,21.224,0.0,0.0,0.0
SE,29,2009,1969415.0,14.493247102299788,-0.1129832547830087,,,29,Production of cement clinker,C22_C23,low-medium,41130.0,-0.0521074535094854,38.186,EU-15,True,,,21.224,0.0,0.0,0.0
SE,29,2010,2077810.0,14.546825012389736,0.0535779100899507,,,29,Production of cement clinker,C22_C23,low-medium,43130.0,0.0474810284174189,37.99,EU-15,True,,,21.224,0.0,0.0,0.0
SE,29,2011,2187973.0,14.598486102411307,0.0516610900215699,,,29,Production of cement clinker,C22_C23,low-medium,44150.0,0.023374116390217,36.483,EU-15,True,,,21.224,0.0,0.0,0.0
SE,29,2012,2319034.0,14.656661277622211,0.0581751752109056,,,29,Production of cement clinker,C22_C23,low-medium,43650.0,-0.0113896447643586,30.169,EU-15,True,,,21.224,0.0,0.0,0.0
SE,29,2013,2125362.0,14.569452698773416,-0.0872085788487968,,,29,Production of cement clinker,C22_C23,low-medium,43770.0,0.0027453689171927,32.8,EU-15,True,,,21.224,0.0,0.0,0.0
SE,29,2014,2167181.0,14.58893780264187,0.0194851038684547,,,29,Production of cement clinker,C22_C23,low-medium,44330.0,0.0127129975541588,32.345,EU-15,True,,,21.224,0.0,0.0,0.0
SE,29,2015,2352412.0,14.670951742728198,0.0820139400863269,,,29,Production of cement clinker,C22_C23,low-medium,45790.0,0.0324040779120426,30.071,EU-15,True,,,21.224,0.0,0.0,0.0
SE,29,2016,2347921.0,14.66904081370822,-0.0019109290199779,,,29,Production of cement clinker,C22_C23,low-medium,46220.0,0.0093468781772294,33.311,EU-15,False,,,21.224,0.0,0.0,0.0
SE,29,2017,2251548.0,14.6271285376171,-0.0419122760911196,,,29,Production of cement clinker,C22_C23,low-medium,46420.0,0.0043177960000573,26.668,EU-15,False,,,21.224,0.0,0.0,0.0
SE,29,2018,2408056.0,14.69433034095439,0.0672018033372907,,,29,Production of cement clinker,C22_C23,low-medium,46700.0,0.0060137638285606,29.072,EU-15,False,,,21.224,0.0,0.0,0.0
SE,29,2019,2038287.0,14.527620307187576,-0.1667100337668134,,,29,Production of cement clinker,C22_C23,low-medium,47410.0,0.0150890122391746,30.056,EU-15,False,,,21.224,0.0,0.0,0.0
SE,29,2020,1908316.0,14.461731735725785,-0.0658885714617927,,,29,Production of cement clinker,C22_C23,low-medium,46180.0,-0.0262863729876769,31.982,EU-15,True,,0.5266,21.224,0.0,0.0,0.0
SE,29,2021,1862873.0,14.437630477641177,-0.0241012580846078,0.5266,3.0,29,Production of cement clinker,C22_C23,low-medium,48300.0,0.044884756732177,21.224,EU-15,True,,0.6547999999999999,21.224,0.0,0.0,0.0
SE,29,2022,1753629.0,14.377197913007851,-0.0604325646333254,0.6547999999999999,4.0,29,Production of cement clinker,C22_C23,low-medium,48390.0,0.0018616201467001,26.961,EU-15,True,0.5266,0.4012999999999999,21.224,1.0,21.224,0.0
SE,29,2023,1661131.0,14.32300925363722,-0.0541886593706326,0.4012999999999999,3.0,29,Production of cement clinker,C22_C23,low-medium,47960.0,-0.0089258506459142,26.388,EU-15,True,0.6547999999999999,0.5939,21.224,1.0,21.224,0.0
SE,29,2024,1498254.0,14.21981098809828,-0.1031982655389391,0.5939,4.0,29,Production of cement clinker,C22_C23,low-medium,48770.0,0.016748039562648,26.504,EU-15,True,0.4012999999999999,0.6786,21.224,0.0,0.0,0.0
SE,29,2025,1421502.0,14.167224617036675,-0.0525863710616043,0.6786,3.0,29,Production of cement clinker,C22_C23,low-medium,49250.0,0.0097939978961374,,EU-15,True,0.5939,,21.224,0.0,0.0,0.0
SI,29,2005,776402.0,13.562425706265431,,,,29,Production of cement clinker,C22_C23,low-medium,18610.0,0.0361089557198717,50.826,2004,True,,,48.6,0.0,0.0,1.0
SI,29,2006,835614.0,13.63592206295215,0.0734963566867179,,,29,Production of cement clinker,C22_C23,low-medium,19640.0,0.0538692322721612,50.897,2004,True,,,48.6,0.0,0.0,1.0
SI,29,2007,897985.0,13.707908643358635,0.0719865804064863,,,29,Production of cement clinker,C22_C23,low-medium,20930.0,0.0636152335315891,50.821,2004,True,,,48.6,0.0,0.0,1.0
SI,29,2008,967931.0,13.782916082726368,0.0750074393677326,,,29,Production of cement clinker,C22_C23,low-medium,21600.0,0.0315097782322109,53.587,2004,True,,,48.6,0.0,0.0,1.0
SI,29,2009,693492.0,13.44949498298195,-0.3334210997444184,,,29,Production of cement clinker,C22_C23,low-medium,19770.0,-0.088527677507594,48.836,2004,True,,,48.6,0.0,0.0,1.0
SI,29,2010,563721.0,13.242314727234191,-0.2071802557477564,,,29,Production of cement clinker,C22_C23,low-medium,19920.0,0.0075586149739255,49.28,2004,True,,,48.6,0.0,0.0,1.0
SI,29,2011,478551.0,13.078518067267677,-0.1637966599665183,,,29,Production of cement clinker,C22_C23,low-medium,20010.0,0.0045078964391898,48.353,2004,True,,,48.6,0.0,0.0,1.0
SI,29,2012,480169.0,13.081893404250614,0.0033753369829394,,,29,Production of cement clinker,C22_C23,low-medium,19390.0,-0.0314746793410805,51.844,2004,True,,,48.6,0.0,0.0,1.0
SI,29,2013,600594.0,13.305674444471476,0.2237810402208619,,,29,Production of cement clinker,C22_C23,low-medium,19210.0,-0.009326492474095,47.475,2004,True,,,48.6,0.0,0.0,1.0
SI,29,2014,637703.0,13.365627936698758,0.0599534922272813,,,29,Production of cement clinker,C22_C23,low-medium,19720.0,0.0262023723940227,45.19,2004,True,,,48.6,0.0,0.0,1.0
SI,29,2015,546904.0,13.21202856325948,-0.1535993734392775,,,29,Production of cement clinker,C22_C23,low-medium,20170.0,0.0225630027916317,49.257,2004,True,,,48.6,0.0,0.0,1.0
SI,29,2016,524301.0,13.169821225863783,-0.0422073373956966,,,29,Production of cement clinker,C22_C23,low-medium,20770.0,0.0293132859219014,48.946,2004,False,,,48.6,0.0,0.0,1.0
SI,29,2017,612137.0,13.324711392651553,0.1548901667877675,,,29,Production of cement clinker,C22_C23,low-medium,21830.0,0.0497755326738307,50.662,2004,False,,,48.6,0.0,0.0,1.0
SI,29,2018,679267.0,13.428769554579384,0.1040581619278331,,,29,Production of cement clinker,C22_C23,low-medium,22720.0,0.0399604232910988,51.091,2004,False,,,48.6,0.0,0.0,1.0
SI,29,2019,704327.0,13.46499801593509,0.0362284613557051,,,29,Production of cement clinker,C22_C23,low-medium,23330.0,0.0264944921803866,51.971,2004,False,,,48.6,0.0,0.0,1.0
SI,29,2020,708513.0,13.47092368656839,0.0059256706333012,,,29,Production of cement clinker,C22_C23,low-medium,22230.0,-0.0482973580572334,45.671,2004,True,,0.2615,48.6,0.0,0.0,1.0
SI,29,2021,704868.0,13.46576583022137,-0.0051578563470204,0.2615,3.0,29,Production of cement clinker,C22_C23,low-medium,24040.0,0.0782763816909017,48.6,2004,True,,0.3518,48.6,0.0,0.0,1.0
SI,29,2022,726819.0,13.496432757154752,0.0306669269333816,0.3518,4.0,29,Production of cement clinker,C22_C23,low-medium,24650.0,0.0250577908216929,53.91,2004,True,0.2615,0.2048999999999999,48.6,1.0,48.6,1.0
SI,29,2023,677478.0,13.426132358884033,-0.0703003982707191,0.2048999999999999,3.0,29,Production of cement clinker,C22_C23,low-medium,25170.0,0.0208759086585246,49.26,2004,True,0.3518,0.2483,48.6,1.0,48.6,1.0
SI,29,2024,684374.0,13.43625983079872,0.0101274719146875,0.2483,4.0,29,Production of cement clinker,C22_C23,low-medium,25600.0,0.0169395423382923,46.382,2004,True,0.2048999999999999,0.2935999999999999,48.6,0.0,0.0,1.0
SI,29,2025,578284.0,13.267820376462854,-0.168439454335866,0.2935999999999999,3.0,29,Production of cement clinker,C22_C23,low-medium,25940.0,0.013193827402782,,2004,True,0.2483,,48.6,0.0,0.0,1.0
SK,29,2005,2092777.0,14.554002450123464,,,,29,Production of cement clinker,C22_C23,low-medium,11070.0,0.0614718640936686,65.99,2004,True,,,52.584,0.0,0.0,1.0
SK,29,2006,2137816.0,14.57529530512366,0.0212928550001976,,,29,Production of cement clinker,C22_C23,low-medium,12050.0,0.0848259132161182,64.344,2004,True,,,52.584,0.0,0.0,1.0
SK,29,2007,2286567.0,14.64256212407823,0.0672668189545699,,,29,Production of cement clinker,C22_C23,low-medium,13340.0,0.1017023805508134,69.736,2004,True,,,52.584,0.0,0.0,1.0
SK,29,2008,2357172.0,14.67297315337543,0.0304110292972001,,,29,Production of cement clinker,C22_C23,low-medium,14030.0,0.0504308536268922,65.842,2004,True,,,52.584,0.0,0.0,1.0
SK,29,2009,1960784.0,14.488854951228026,-0.1841182021474043,,,29,Production of cement clinker,C22_C23,low-medium,13230.0,-0.0587109159875058,67.692,2004,True,,,52.584,0.0,0.0,1.0
SK,29,2010,1648695.0,14.315494623852247,-0.1733603273757786,,,29,Production of cement clinker,C22_C23,low-medium,14100.0,0.0636878192572591,61.942,2004,True,,,52.584,0.0,0.0,1.0
SK,29,2011,1934669.0,14.47544681038216,0.1599521865299138,,,29,Production of cement clinker,C22_C23,low-medium,14540.0,0.0307286747212494,63.462,2004,True,,,52.584,0.0,0.0,1.0
SK,29,2012,1741165.0,14.370064987378536,-0.1053818230036256,,,29,Production of cement clinker,C22_C23,low-medium,14750.0,0.0143396106804569,58.952,2004,True,,,52.584,0.0,0.0,1.0
SK,29,2013,1737643.0,14.36804015519272,-0.002024832185814,,,29,Production of cement clinker,C22_C23,low-medium,14830.0,0.0054090733640119,58.4,2004,True,,,52.584,0.0,0.0,1.0
SK,29,2014,1958051.0,14.487460148720096,0.1194199935273747,,,29,Production of cement clinker,C22_C23,low-medium,15220.0,0.0259581962836978,60.698,2004,True,,,52.584,0.0,0.0,1.0
SK,29,2015,1954177.0,14.485479690901064,-0.0019804578190321,,,29,Production of cement clinker,C22_C23,low-medium,16000.0,0.0499783698062419,58.013,2004,True,,,52.584,0.0,0.0,1.0
SK,29,2016,2083638.0,14.549625962352447,0.0641462714513831,,,29,Production of cement clinker,C22_C23,low-medium,16280.0,0.0173486383346137,58.206,2004,False,,,52.584,0.0,0.0,1.0
SK,29,2017,2141471.0,14.577003534035994,0.0273775716835462,,,29,Production of cement clinker,C22_C23,low-medium,16730.0,0.0272661544243373,62.541,2004,False,,,52.584,0.0,0.0,1.0
SK,29,2018,2086457.0,14.550977970126567,-0.0260255639094246,,,29,Production of cement clinker,C22_C23,low-medium,17380.0,0.0381166048385139,61.905,2004,False,,,52.584,0.0,0.0,1.0
SK,29,2019,2169138.0,14.589840411574867,0.0388624414483,,,29,Production of cement clinker,C22_C23,low-medium,17760.0,0.0216286177267779,69.785,2004,False,,,52.584,0.0,0.0,1.0
SK,29,2020,2182459.0,14.595962780723331,0.0061223691484642,,,29,Production of cement clinker,C22_C23,low-medium,17270.0,-0.0279778454054362,56.329,2004,True,,0.153,52.584,0.0,0.0,1.0
SK,29,2021,2161712.0,14.586411058317305,-0.0095517224060301,0.153,3.0,29,Production of cement clinker,C22_C23,low-medium,18320.0,0.0590224670873968,52.584,2004,True,,0.2099,52.584,0.0,0.0,1.0
SK,29,2022,2119757.0,14.566812017437009,-0.0195990408802941,0.2099,4.0,29,Production of cement clinker,C22_C23,low-medium,18360.0,0.0021810259463599,69.595,2004,True,0.153,0.1125,52.584,1.0,52.584,1.0
SK,29,2023,1856378.0,14.434137835384732,-0.132674182052277,0.1125,3.0,29,Production of cement clinker,C22_C23,low-medium,18750.0,0.0210193672240741,58.41,2004,True,0.2099,0.2012999999999999,52.584,1.0,52.584,1.0
SK,29,2024,1829001.0,14.41928047411971,-0.0148573612650224,0.2012999999999999,4.0,29,Production of cement clinker,C22_C23,low-medium,19110.0,0.0190180058357629,53.501,2004,True,0.1125,0.2815,52.584,0.0,0.0,1.0
SK,29,2025,1775722.0,14.38971765875038,-0.0295628153693279,0.2815,3.0,29,Production of cement clinker,C22_C23,low-medium,19270.0,0.0083377241740922,,2004,True,0.2012999999999999,,52.584,0.0,0.0,1.0
UK,29,2005,5098582.0,15.4444730198188,,,,29,Production of cement clinker,C22_C23,low-medium,,,13.363,EU-15,True,,,,0.0,,0.0
UK,29,2006,5071380.0,15.439123527879678,-0.0053494919391212,,,29,Production of cement clinker,C22_C23,low-medium,,,21.132,EU-15,True,,,,0.0,,0.0
UK,29,2007,8047000.0,15.90080990912827,0.461686381248592,,,29,Production of cement clinker,C22_C23,low-medium,,,20.378,EU-15,True,,,,0.0,,0.0
UK,29,2008,8284826.0,15.929936206811758,0.0291262976834882,,,29,Production of cement clinker,C22_C23,low-medium,,,26.236,EU-15,True,,,,0.0,,0.0
UK,29,2009,5654207.0,15.547910427814172,-0.3820257789975869,,,29,Production of cement clinker,C22_C23,low-medium,,,27.274,EU-15,True,,,,0.0,,0.0
UK,29,2010,5722342.0,15.559888720117508,0.0119782923033362,,,29,Production of cement clinker,C22_C23,low-medium,,,29.008,EU-15,True,,,,0.0,,0.0
UK,29,2011,6087306.0,15.621716177282003,0.0618274571644974,,,29,Production of cement clinker,C22_C23,low-medium,,,36.942,EU-15,True,,,,0.0,,0.0
UK,29,2012,5555513.0,15.530301326026862,-0.0914148512551431,,,29,Production of cement clinker,C22_C23,low-medium,,,43.387,EU-15,True,,,,0.0,,0.0
UK,29,2013,5971712.0,15.602544211428118,0.0722428854012555,,,29,Production of cement clinker,C22_C23,low-medium,,,47.758,EU-15,True,,,,0.0,,0.0
UK,29,2014,6205459.0,15.640939946487746,0.0383957350596286,,,29,Production of cement clinker,C22_C23,low-medium,,,46.773,EU-15,True,,,,0.0,,0.0
UK,29,2015,6534421.0,15.692594301268285,0.0516543547805365,,,29,Production of cement clinker,C22_C23,low-medium,,,37.638,EU-15,True,,,,0.0,,0.0
UK,29,2016,6821576.0,15.735601088167597,0.0430067868993138,,,29,Production of cement clinker,C22_C23,low-medium,,,35.639,EU-15,False,,,,0.0,,0.0
UK,29,2017,6559684.0,15.696452989028318,-0.0391480991392789,,,29,Production of cement clinker,C22_C23,low-medium,,,35.575,EU-15,False,,,,0.0,,0.0
UK,29,2018,6517101.0,15.68994020312292,-0.0065127859053966,,,29,Production of cement clinker,C22_C23,low-medium,,,35.513,EU-15,False,,,,0.0,,0.0
UK,29,2019,6628633.0,15.706909156891133,0.0169689537682113,,,29,Production of cement clinker,C22_C23,low-medium,,,34.829,EU-15,False,,,,0.0,,0.0
UK,29,2020,5823876.0,15.577476577423209,-0.1294325794679256,,,29,Production of cement clinker,C22_C23,low-medium,,,,EU-15,True,,,,0.0,,0.0
AT,30,2005,1206196.0,14.00298216379389,,,,30,"Production of lime, or calcination of dolomite/magnesite",C22_C23,low-medium,40270.0,0.0162727335929577,71.76,EU-15,True,,,51.952,0.0,0.0,0.0
AT,30,2006,1141720.0,13.948046455247692,-0.0549357085461963,,,30,"Production of lime, or calcination of dolomite/magnesite",C22_C23,low-medium,41370.0,0.0269492056099576,72.248,EU-15,True,,,51.952,0.0,0.0,0.0
AT,30,2007,1198005.0,13.996168231271527,0.0481217760238337,,,30,"Production of lime, or calcination of dolomite/magnesite",C22_C23,low-medium,42790.0,0.0337484499554054,68.475,EU-15,True,,,51.952,0.0,0.0,0.0
AT,30,2008,1237355.0,14.028486594842668,0.0323183635711412,,,30,"Production of lime, or calcination of dolomite/magnesite",C22_C23,low-medium,43270.0,0.0111551238080682,68.738,EU-15,True,,,51.952,0.0,0.0,0.0
AT,30,2009,963969.0,13.778814415399266,-0.2496721794434027,,,30,"Production of lime, or calcination of dolomite/magnesite",C22_C23,low-medium,41620.0,-0.0388787332713054,65.122,EU-15,True,,,51.952,0.0,0.0,0.0
AT,30,2010,1145065.0,13.950971961918157,0.1721575465188891,,,30,"Production of lime, or calcination of dolomite/magnesite",C22_C23,low-medium,42280.0,0.0157333400365491,62.782,EU-15,True,,,51.952,0.0,0.0,0.0
AT,30,2011,1239417.0,14.030151665730422,0.079179703812267,,,30,"Production of lime, or calcination of dolomite/magnesite",C22_C23,low-medium,43370.0,0.0254537968452375,69.981,EU-15,True,,,51.952,0.0,0.0,0.0
AT,30,2012,1147371.0,13.952983796296772,-0.0771678694336497,,,30,"Production of lime, or calcination of dolomite/magnesite",C22_C23,low-medium,43450.0,0.0018428938641257,63.785,EU-15,True,,,51.952,0.0,0.0,0.0
AT,30,2013,1152880.0,13.957773717512245,0.0047899212154707,,,30,"Production of lime, or calcination of dolomite/magnesite",C22_C23,low-medium,43080.0,-0.0085519994232132,61.26,EU-15,True,,,51.952,0.0,0.0,0.0
AT,30,2014,1177328.0,13.978758022016292,0.0209843045040489,,,30,"Production of lime, or calcination of dolomite/magnesite",C22_C23,low-medium,43070.0,-0.0002321532221678,65.625,EU-15,True,,,51.952,0.0,0.0,0.0
AT,30,2015,1121167.0,13.929880665088994,-0.0488773569272975,,,30,"Production of lime, or calcination of dolomite/magnesite",C22_C23,low-medium,43200.0,0.0030137961840459,60.379,EU-15,True,,,51.952,0.0,0.0,0.0
AT,30,2016,1142968.0,13.9491389458846,0.019258280795606,,,30,"Production of lime, or calcination of dolomite/magnesite",C22_C23,low-medium,43550.0,0.0080692080484467,62.102,EU-15,False,,,51.952,0.0,0.0,0.0
AT,30,2017,1179887.0,13.980929229144442,0.0317902832598413,,,30,"Production of lime, or calcination of dolomite/magnesite",C22_C23,low-medium,44260.0,0.0161716313243918,63.93,EU-15,False,,,51.952,0.0,0.0,0.0
AT,30,2018,1163038.0,13.966546105085673,-0.014383124058769,,,30,"Production of lime, or calcination of dolomite/magnesite",C22_C23,low-medium,45140.0,0.0196874367664854,64.223,EU-15,False,,,51.952,0.0,0.0,0.0
AT,30,2019,1105844.0,13.916119402291503,-0.0504267027941693,,,30,"Production of lime, or calcination of dolomite/magnesite",C22_C23,low-medium,45730.0,0.0129857662805736,71.601,EU-15,False,,,51.952,0.0,0.0,0.0
AT,30,2020,1047108.0,13.86154263639535,-0.0545767658961526,,,30,"Production of lime, or calcination of dolomite/magnesite",C22_C23,low-medium,42650.0,-0.0697272637322754,58.281,EU-15,True,,,51.952,0.0,0.0,0.0
AT,30,2021,1258695.0,14.04558602791928,0.1840433915239288,,,30,"Production of lime, or calcination of dolomite/magnesite",C22_C23,low-medium,44580.0,0.0442580540200356,51.952,EU-15,True,,,51.952,0.0,0.0,0.0
AT,30,2022,1188927.0,13.988561777656896,-0.0570242502623834,,,30,"Production of lime, or calcination of dolomite/magnesite",C22_C23,low-medium,46430.0,0.040660474074107,73.986,EU-15,True,,0.216,51.952,1.0,51.952,0.0
AT,30,2023,1194190.0,13.992978689253237,0.0044169115963406,0.216,3.0,30,"Production of lime, or calcination of dolomite/magnesite",C22_C23,low-medium,45670.0,-0.0165041748349228,60.317,EU-15,True,,0.4245,51.952,1.0,51.952,0.0
AT,30,2024,1172536.0,13.974679482455958,-0.0182992067972787,0.4245,4.0,30,"Production of lime, or calcination of dolomite/magnesite",C22_C23,low-medium,45140.0,-0.011672855807518,53.325,EU-15,True,0.216,,51.952,0.0,0.0,0.0
AT,30,2025,1187388.0,13.987266494653444,0.0125870121974873,,,30,"Production of lime, or calcination of dolomite/magnesite",C22_C23,low-medium,45390.0,0.0055230450789842,,EU-15,True,0.4245,,51.952,0.0,0.0,0.0
BE,30,2005,3264111.0,14.998498001840838,,,,30,"Production of lime, or calcination of dolomite/magnesite",C22_C23,low-medium,38100.0,0.0174746305232638,79.912,EU-15,True,,,70.773,0.0,0.0,0.0
BE,30,2006,3365500.0,15.029087098432903,0.0305890965920667,,,30,"Production of lime, or calcination of dolomite/magnesite",C22_C23,low-medium,38810.0,0.0184636632481591,79.486,EU-15,True,,,70.773,0.0,0.0,0.0
BE,30,2007,3228566.0,14.987548633769858,-0.0415384646630467,,,30,"Production of lime, or calcination of dolomite/magnesite",C22_C23,low-medium,39950.0,0.0289507268314697,76.882,EU-15,True,,,70.773,0.0,0.0,0.0
BE,30,2008,3175069.0,14.970839922356252,-0.0167087114136066,,,30,"Production of lime, or calcination of dolomite/magnesite",C22_C23,low-medium,39810.0,-0.0035105352000588,80.846,EU-15,True,,,70.773,0.0,0.0,0.0
BE,30,2009,2192756.0,14.600669758099931,-0.3701701642563204,,,30,"Production of lime, or calcination of dolomite/magnesite",C22_C23,low-medium,38740.0,-0.0272454790333753,75.921,EU-15,True,,,70.773,0.0,0.0,0.0
BE,30,2010,2616367.0,14.77729727223931,0.176627514139378,,,30,"Production of lime, or calcination of dolomite/magnesite",C22_C23,low-medium,39420.0,0.0174006437457237,78.656,EU-15,True,,,70.773,0.0,0.0,0.0
BE,30,2011,2740081.0,14.8234980399711,0.0462007677317899,,,30,"Production of lime, or calcination of dolomite/magnesite",C22_C23,low-medium,39670.0,0.006321932801665,76.588,EU-15,True,,,70.773,0.0,0.0,0.0
BE,30,2012,2562210.0,14.756380725292804,-0.0671173146782955,,,30,"Production of lime, or calcination of dolomite/magnesite",C22_C23,low-medium,39510.0,-0.004041430102939,76.673,EU-15,True,,,70.773,0.0,0.0,0.0
BE,30,2013,2584948.0,14.765215949668178,0.0088352243753746,,,30,"Production of lime, or calcination of dolomite/magnesite",C22_C23,low-medium,39440.0,-0.0017732746888654,77.858,EU-15,True,,,70.773,0.0,0.0,0.0
BE,30,2014,2628224.0,14.781818890875115,0.016602941206937,,,30,"Production of lime, or calcination of dolomite/magnesite",C22_C23,low-medium,39960.0,0.0130984240459195,80.19,EU-15,True,,,70.773,0.0,0.0,0.0
BE,30,2015,2614333.0,14.776519556024454,-0.0052993348506618,,,30,"Production of lime, or calcination of dolomite/magnesite",C22_C23,low-medium,40310.0,0.0087206233487204,84.227,EU-15,True,,,70.773,0.0,0.0,0.0
BE,30,2016,2473262.0,14.721048485089195,-0.0554710709352583,,,30,"Production of lime, or calcination of dolomite/magnesite",C22_C23,low-medium,40590.0,0.0069221537217316,75.982,EU-15,False,,,70.773,0.0,0.0,0.0
BE,30,2017,2483341.0,14.725115388931188,0.0040669038419931,,,30,"Production of lime, or calcination of dolomite/magnesite",C22_C23,low-medium,41030.0,0.0107817756032897,75.318,EU-15,False,,,70.773,0.0,0.0,0.0
BE,30,2018,2491364.0,14.72834090962274,0.0032255206915507,,,30,"Production of lime, or calcination of dolomite/magnesite",C22_C23,low-medium,41610.0,0.0140370165407546,83.043,EU-15,False,,,70.773,0.0,0.0,0.0
BE,30,2019,2199212.0,14.603609672347933,-0.1247312372748066,,,30,"Production of lime, or calcination of dolomite/magnesite",C22_C23,low-medium,42400.0,0.0188078392430615,77.668,EU-15,False,,,70.773,0.0,0.0,0.0
BE,30,2020,1814679.0,14.411419150535467,-0.1921905218124635,,,30,"Production of lime, or calcination of dolomite/magnesite",C22_C23,low-medium,40190.0,-0.0535301537768013,78.133,EU-15,True,,0.1071,70.773,0.0,0.0,0.0
BE,30,2021,1897655.0,14.45612947134528,0.0447103208098109,0.1071,3.0,30,"Production of lime, or calcination of dolomite/magnesite",C22_C23,low-medium,42530.0,0.0565915008044317,70.773,EU-15,True,,,70.773,0.0,0.0,0.0
BE,30,2022,1687191.0,14.338575573850823,-0.1175538974944547,,,30,"Production of lime, or calcination of dolomite/magnesite",C22_C23,low-medium,43890.0,0.0314767944346012,73.697,EU-15,True,0.1071,,70.773,1.0,70.773,0.0
BE,30,2023,1464113.0,14.196760156317074,-0.1418154175337509,,,30,"Production of lime, or calcination of dolomite/magnesite",C22_C23,low-medium,44190.0,0.0068120154425059,75.763,EU-15,True,,,70.773,1.0,70.773,0.0
BE,30,2024,1397273.0,14.150033037901816,-0.0467271184152586,,,30,"Production of lime, or calcination of dolomite/magnesite",C22_C23,low-medium,44410.0,0.004966150161362,75.448,EU-15,True,,,70.773,0.0,0.0,0.0
BE,30,2025,1187235.0,13.987137632092768,-0.1628954058090475,,,30,"Production of lime, or calcination of dolomite/magnesite",C22_C23,low-medium,44650.0,0.0053896380184976,,EU-15,True,,,70.773,0.0,0.0,0.0
BG,30,2007,260311.0,12.469632349021774,,,,30,"Production of lime, or calcination of dolomite/magnesite",C22_C23,low-medium,6670.0,0.069849953176444,51.233,2007,True,,,36.178,0.0,0.0,1.0
BG,30,2008,263733.0,12.4826925067188,0.0130601576970246,,,30,"Production of lime, or calcination of dolomite/magnesite",C22_C23,low-medium,7110.0,0.0638823838876181,52.154,2007,True,,,36.178,0.0,0.0,1.0
BG,30,2009,230290.0,12.347094663242062,-0.1355978434767362,,,30,"Production of lime, or calcination of dolomite/magnesite",C22_C23,low-medium,6910.0,-0.0285326060355721,45.393,2007,True,,,36.178,0.0,0.0,1.0
BG,30,2010,241119.0,12.39304586653918,0.0459512032971183,,,30,"Production of lime, or calcination of dolomite/magnesite",C22_C23,low-medium,7060.0,0.0214754137255717,40.146,2007,True,,,36.178,0.0,0.0,1.0
BG,30,2011,238398.0,12.381696824876396,-0.0113490416627843,,,30,"Production of lime, or calcination of dolomite/magnesite",C22_C23,low-medium,7390.0,0.0456826834549612,36.732,2007,True,,,36.178,0.0,0.0,1.0
BG,30,2012,204400.0,12.227834137311689,-0.1538626875647093,,,30,"Production of lime, or calcination of dolomite/magnesite",C22_C23,low-medium,7530.0,0.0187673068516911,36.859,2007,True,,,36.178,0.0,0.0,1.0
BG,30,2013,240839.0,12.391883939435568,0.1640498021238805,,,30,"Production of lime, or calcination of dolomite/magnesite",C22_C23,low-medium,7600.0,0.0092532054804834,38.313,2007,True,,,36.178,0.0,0.0,1.0
BG,30,2014,234150.0,12.363717214611688,-0.0281667248238797,,,30,"Production of lime, or calcination of dolomite/magnesite",C22_C23,low-medium,7770.0,0.0221219170872704,35.171,2007,True,,,36.178,0.0,0.0,1.0
BG,30,2015,263892.0,12.483295207518848,0.1195779929071605,,,30,"Production of lime, or calcination of dolomite/magnesite",C22_C23,low-medium,8130.0,0.0452907591801636,36.446,2007,True,,,36.178,0.0,0.0,1.0
BG,30,2016,250410.0,12.430854853512892,-0.0524403540059559,,,30,"Production of lime, or calcination of dolomite/magnesite",C22_C23,low-medium,8490.0,0.0433280767635366,38.472,2007,False,,,36.178,0.0,0.0,1.0
BG,30,2017,224977.0,12.323753453739288,-0.1071013997736045,,,30,"Production of lime, or calcination of dolomite/magnesite",C22_C23,low-medium,8840.0,0.0403978763262955,39.362,2007,False,,,36.178,0.0,0.0,1.0
BG,30,2018,250476.0,12.431118386533909,0.1073649327946189,,,30,"Production of lime, or calcination of dolomite/magnesite",C22_C23,low-medium,9170.0,0.0366504096188222,36.596,2007,False,,,36.178,0.0,0.0,1.0
BG,30,2019,242977.0,12.40072206763731,-0.0303963188965958,,,30,"Production of lime, or calcination of dolomite/magnesite",C22_C23,low-medium,9650.0,0.0510206290825205,38.457,2007,False,,,36.178,0.0,0.0,1.0
BG,30,2020,229904.0,12.345417109468988,-0.0553049581683229,,,30,"Production of lime, or calcination of dolomite/magnesite",C22_C23,low-medium,9440.0,-0.0220019351934848,38.171,2007,True,,,36.178,0.0,0.0,1.0
BG,30,2021,204895.0,12.230252931781864,-0.1151641776871237,,,30,"Production of lime, or calcination of dolomite/magnesite",C22_C23,low-medium,10250.0,0.0823217254270076,36.178,2007,True,,,36.178,0.0,0.0,1.0
BG,30,2022,169326.0,12.039581129868116,-0.1906718019137478,,,30,"Production of lime, or calcination of dolomite/magnesite",C22_C23,low-medium,10740.0,0.0466973834963013,37.11,2007,True,,,36.178,1.0,36.178,1.0
BG,30,2023,220237.0,12.3024595182199,0.2628783883517851,,,30,"Production of lime, or calcination of dolomite/magnesite",C22_C23,low-medium,10950.0,0.0193643671817902,39.512,2007,True,,,36.178,1.0,36.178,1.0
BG,30,2024,193817.0,12.174669693889935,-0.127789824329966,,,30,"Production of lime, or calcination of dolomite/magnesite",C22_C23,low-medium,11330.0,0.034114618777405,41.936,2007,True,,,36.178,0.0,0.0,1.0
BG,30,2025,84209.0,11.34105708287931,-0.8336126110106257,,,30,"Production of lime, or calcination of dolomite/magnesite",C22_C23,low-medium,11710.0,0.0329891025697115,,2007,True,,,36.178,0.0,0.0,1.0
CZ,30,2005,1283354.0,14.064987521362294,,,,30,"Production of lime, or calcination of dolomite/magnesite",C22_C23,low-medium,16180.0,0.0591964085769252,27.846,2004,True,,,39.958,0.0,0.0,1.0
CZ,30,2006,1262119.0,14.04830261240803,-0.0166849089542644,,,30,"Production of lime, or calcination of dolomite/magnesite",C22_C23,low-medium,17200.0,0.061133472189061,27.498,2004,True,,,39.958,0.0,0.0,1.0
CZ,30,2007,1308210.0,14.084170348571153,0.0358677361631212,,,30,"Production of lime, or calcination of dolomite/magnesite",C22_C23,low-medium,18050.0,0.0482363009594823,24.989,2004,True,,,39.958,0.0,0.0,1.0
CZ,30,2008,1237514.0,14.028615086492303,-0.0555552620788475,,,30,"Production of lime, or calcination of dolomite/magnesite",C22_C23,low-medium,18330.0,0.0153933770727245,27.737,2004,True,,,39.958,0.0,0.0,1.0
CZ,30,2009,1073850.0,13.88676087949244,-0.1418542069998629,,,30,"Production of lime, or calcination of dolomite/magnesite",C22_C23,low-medium,17350.0,-0.0549465554587467,26.867,2004,True,,,39.958,0.0,0.0,1.0
CZ,30,2010,1136192.0,13.94319287806647,0.0564319985740287,,,30,"Production of lime, or calcination of dolomite/magnesite",C22_C23,low-medium,17770.0,0.023919135773692,25.38,2004,True,,,39.958,0.0,0.0,1.0
CZ,30,2011,1190164.0,13.98960167071813,0.0464087926516612,,,30,"Production of lime, or calcination of dolomite/magnesite",C22_C23,low-medium,18120.0,0.0195046584482732,28.832,2004,True,,,39.958,0.0,0.0,1.0
CZ,30,2012,1093290.0,13.904702056760422,-0.0848996139577078,,,30,"Production of lime, or calcination of dolomite/magnesite",C22_C23,low-medium,17970.0,-0.0083125998193658,25.413,2004,True,,,39.958,0.0,0.0,1.0
CZ,30,2013,1126907.0,13.934987269652446,0.0302852128920232,,,30,"Production of lime, or calcination of dolomite/magnesite",C22_C23,low-medium,17970.0,0.0,27.58,2004,True,,,39.958,0.0,0.0,1.0
CZ,30,2014,1153326.0,13.95816049996408,0.0231732303116345,,,30,"Production of lime, or calcination of dolomite/magnesite",C22_C23,low-medium,18370.0,0.0220151984315677,30.227,2004,True,,,39.958,0.0,0.0,1.0
CZ,30,2015,1160106.0,13.964021938218057,0.0058614382539765,,,30,"Production of lime, or calcination of dolomite/magnesite",C22_C23,low-medium,19270.0,0.0478305831992393,32.089,2004,True,,,39.958,0.0,0.0,1.0
CZ,30,2016,1160294.0,13.96418397924582,0.0001620410277638,,,30,"Production of lime, or calcination of dolomite/magnesite",C22_C23,low-medium,19760.0,0.0251102098934481,32.8,2004,False,,,39.958,0.0,0.0,1.0
CZ,30,2017,1217301.0,14.012146670887534,0.0479626916417128,,,30,"Production of lime, or calcination of dolomite/magnesite",C22_C23,low-medium,20760.0,0.0493683659779655,37.162,2004,False,,,39.958,0.0,0.0,1.0
CZ,30,2018,1345401.0,14.11220266784674,0.1000559969592078,,,30,"Production of lime, or calcination of dolomite/magnesite",C22_C23,low-medium,21320.0,0.0266175409999558,36.879,2004,False,,,39.958,0.0,0.0,1.0
CZ,30,2019,1213027.0,14.008629446540787,-0.1035732213059539,,,30,"Production of lime, or calcination of dolomite/magnesite",C22_C23,low-medium,22050.0,0.0336670025952106,40.81,2004,False,,,39.958,0.0,0.0,1.0
CZ,30,2020,1155709.0,13.960224566421314,-0.0484048801194738,,,30,"Production of lime, or calcination of dolomite/magnesite",C22_C23,low-medium,20980.0,-0.0497429989247031,38.768,2004,True,,0.1493,39.958,0.0,0.0,1.0
CZ,30,2021,1184414.0,13.984758695470685,0.0245341290493694,0.1493,3.0,30,"Production of lime, or calcination of dolomite/magnesite",C22_C23,low-medium,21830.0,0.039715567593701,39.958,2004,True,,0.3077,39.958,0.0,0.0,1.0
CZ,30,2022,1019202.0,13.8345305261215,-0.150228169349182,0.3077,4.0,30,"Production of lime, or calcination of dolomite/magnesite",C22_C23,low-medium,21910.0,0.0036579830455227,41.772,2004,True,0.1493,0.1871999999999999,39.958,1.0,39.958,1.0
CZ,30,2023,834000.0,13.633988681340885,-0.2005418447806164,0.1871999999999999,3.0,30,"Production of lime, or calcination of dolomite/magnesite",C22_C23,low-medium,21680.0,-0.01055297703593,41.679,2004,True,0.3077,0.3333,39.958,1.0,39.958,1.0
CZ,30,2024,799859.0,13.592190741116209,-0.0417979402246775,0.3333,4.0,30,"Production of lime, or calcination of dolomite/magnesite",C22_C23,low-medium,21950.0,0.0123769629497356,39.32,2004,True,0.1871999999999999,0.4695,39.958,0.0,0.0,1.0
CZ,30,2025,768804.0,13.552591339538315,-0.0395994015778899,0.4695,3.0,30,"Production of lime, or calcination of dolomite/magnesite",C22_C23,low-medium,22510.0,0.0251925153974603,,2004,True,0.3333,,39.958,0.0,0.0,1.0
DE,30,2005,9737488.0,16.091493736811216,,,,30,"Production of lime, or calcination of dolomite/magnesite",C22_C23,low-medium,35770.0,0.0101152871471139,60.74,EU-15,True,,,63.395,0.0,0.0,0.0
DE,30,2006,9987474.0,16.11684226579921,0.025348528987994,,,30,"Production of lime, or calcination of dolomite/magnesite",C22_C23,low-medium,37230.0,0.0400053346136992,60.981,EU-15,True,,,63.395,0.0,0.0,0.0
DE,30,2007,10343207.0,16.1518405336954,0.0349982678961886,,,30,"Production of lime, or calcination of dolomite/magnesite",C22_C23,low-medium,38390.0,0.0306821211280805,58.516,EU-15,True,,,63.395,0.0,0.0,0.0
DE,30,2008,10165911.0,16.134550622278226,-0.0172899114171727,,,30,"Production of lime, or calcination of dolomite/magnesite",C22_C23,low-medium,38840.0,0.0116536344104183,60.769,EU-15,True,,,63.395,0.0,0.0,0.0
DE,30,2009,8409020.0,15.944815497216297,-0.1897351250619294,,,30,"Production of lime, or calcination of dolomite/magnesite",C22_C23,low-medium,36810.0,-0.0536810960321947,61.103,EU-15,True,,,63.395,0.0,0.0,0.0
DE,30,2010,9377053.0,16.053776092513335,0.108960595297038,,,30,"Production of lime, or calcination of dolomite/magnesite",C22_C23,low-medium,38440.0,0.043329036711162,59.992,EU-15,True,,,63.395,0.0,0.0,0.0
DE,30,2011,9807842.0,16.098692827729842,0.0449167352165069,,,30,"Production of lime, or calcination of dolomite/magnesite",C22_C23,low-medium,39890.0,0.0370270818152231,61.801,EU-15,True,,,63.395,0.0,0.0,0.0
DE,30,2012,9372057.0,16.05324316053755,-0.0454496671922903,,,30,"Production of lime, or calcination of dolomite/magnesite",C22_C23,low-medium,40040.0,0.0037532885297046,61.215,EU-15,True,,,63.395,0.0,0.0,0.0
DE,30,2013,9306846.0,16.046260816345658,-0.0069823441918934,,,30,"Production of lime, or calcination of dolomite/magnesite",C22_C23,low-medium,40160.0,0.0029925209364538,62.411,EU-15,True,,,63.395,0.0,0.0,0.0
DE,30,2014,9349375.0,16.05082005411086,0.0045592377652035,,,30,"Production of lime, or calcination of dolomite/magnesite",C22_C23,low-medium,40930.0,0.0189918151208381,61.779,EU-15,True,,,63.395,0.0,0.0,0.0
DE,30,2015,9157607.0,16.03009545797853,-0.0207245961323323,,,30,"Production of lime, or calcination of dolomite/magnesite",C22_C23,low-medium,41360.0,0.0104509396958629,62.132,EU-15,True,,,63.395,0.0,0.0,0.0
DE,30,2016,9056243.0,16.01896491210397,-0.0111305458745576,,,30,"Production of lime, or calcination of dolomite/magnesite",C22_C23,low-medium,42030.0,0.0160694188168513,63.752,EU-15,False,,,63.395,0.0,0.0,0.0
DE,30,2017,9344839.0,16.05033477025897,0.0313698581549992,,,30,"Production of lime, or calcination of dolomite/magnesite",C22_C23,low-medium,43160.0,0.0265304913729078,63.959,EU-15,False,,,63.395,0.0,0.0,0.0
DE,30,2018,9437729.0,16.06022593714569,0.0098911668867209,,,30,"Production of lime, or calcination of dolomite/magnesite",C22_C23,low-medium,43630.0,0.0108308467455842,63.478,EU-15,False,,,63.395,0.0,0.0,0.0
DE,30,2019,8775882.0,15.987517835085642,-0.0727081020600497,,,30,"Production of lime, or calcination of dolomite/magnesite",C22_C23,low-medium,44080.0,0.0102611777091414,67.055,EU-15,False,,,63.395,0.0,0.0,0.0
DE,30,2020,8212883.0,15.921214576912837,-0.0663032581728071,,,30,"Production of lime, or calcination of dolomite/magnesite",C22_C23,low-medium,42350.0,-0.0400377437465948,63.676,EU-15,True,,0.2103,63.395,0.0,0.0,0.0
DE,30,2021,8775387.0,15.987461428907816,0.0662468519949825,0.2103,3.0,30,"Production of lime, or calcination of dolomite/magnesite",C22_C23,low-medium,44090.0,0.0402645782717829,63.395,EU-15,True,,0.4044999999999999,63.395,0.0,0.0,0.0
DE,30,2022,8662855.0,15.974554902881568,-0.0129065260262493,0.4044999999999999,4.0,30,"Production of lime, or calcination of dolomite/magnesite",C22_C23,low-medium,44620.0,0.0119491896345387,68.652,EU-15,True,0.2103,0.2284,63.395,1.0,63.395,0.0
DE,30,2023,7359432.0,15.811493313813957,-0.1630615890676114,0.2284,3.0,30,"Production of lime, or calcination of dolomite/magnesite",C22_C23,low-medium,43770.0,-0.0192335378015826,66.831,EU-15,True,0.4044999999999999,0.4629999999999999,63.395,1.0,63.395,0.0
DE,30,2024,7757103.0,15.864119497714103,0.0526261839001467,0.4629999999999999,4.0,30,"Production of lime, or calcination of dolomite/magnesite",C22_C23,low-medium,43650.0,-0.0027453689171927,66.812,EU-15,True,0.2284,0.3829,63.395,0.0,0.0,0.0
DE,30,2025,7624700.0,15.846903535421449,-0.0172159622926546,0.3829,3.0,30,"Production of lime, or calcination of dolomite/magnesite",C22_C23,low-medium,43750.0,0.002288330518013,,EU-15,True,0.4629999999999999,,63.395,0.0,0.0,0.0
DK,30,2005,68994.0,11.14177482327672,,,,30,"Production of lime, or calcination of dolomite/magnesite",C22_C23,low-medium,49780.0,0.0204979272174856,-50.618,EU-15,True,,,32.225,0.0,0.0,0.0
DK,30,2006,46640.0,10.750213821024374,-0.3915610022523452,,,30,"Production of lime, or calcination of dolomite/magnesite",C22_C23,low-medium,51510.0,0.0341626666380481,-35.492,EU-15,True,,,32.225,0.0,0.0,0.0
DK,30,2007,3565.0,8.178919332848396,-2.571294488175978,,,30,"Production of lime, or calcination of dolomite/magnesite",C22_C23,low-medium,51790.0,0.0054211168583062,-24.247,EU-15,True,,,32.225,0.0,0.0,0.0
DK,30,2008,2841.0,7.951911381854188,-0.2270079509942082,,,30,"Production of lime, or calcination of dolomite/magnesite",C22_C23,low-medium,51270.0,-0.0100912946401923,-21.129,EU-15,True,,,32.225,0.0,0.0,0.0
EE,30,2005,34621.0,10.452215713350586,,,,30,"Production of lime, or calcination of dolomite/magnesite",C22_C23,low-medium,15400.0,0.0967397726139207,26.878,2004,True,,,1.412,0.0,0.0,1.0
EE,30,2006,39582.0,10.586129748450926,0.1339140351003394,,,30,"Production of lime, or calcination of dolomite/magnesite",C22_C23,low-medium,17010.0,0.0994338969881862,30.03,2004,True,,,1.412,0.0,0.0,1.0
EE,30,2007,41221.0,10.626703114218108,0.040573365767182,,,30,"Production of lime, or calcination of dolomite/magnesite",C22_C23,low-medium,18400.0,0.07854925820717,24.288,2004,True,,,1.412,0.0,0.0,1.0
EE,30,2008,37916.0,10.543128465572932,-0.0835746486451753,,,30,"Production of lime, or calcination of dolomite/magnesite",C22_C23,low-medium,17510.0,-0.0495785183171797,27.215,2004,True,,,1.412,0.0,0.0,1.0
EE,30,2009,24055.0,10.088098154133554,-0.4550303114393781,,,30,"Production of lime, or calcination of dolomite/magnesite",C22_C23,low-medium,14980.0,-0.1560561682086874,27.175,2004,True,,,1.412,0.0,0.0,1.0
EE,30,2010,25962.0,10.16438920945294,0.0762910553193858,,,30,"Production of lime, or calcination of dolomite/magnesite",C22_C23,low-medium,15380.0,0.0263519859884251,14.68,2004,True,,,1.412,0.0,0.0,1.0
EE,30,2011,34071.0,10.436201861559756,0.2718126521068154,,,30,"Production of lime, or calcination of dolomite/magnesite",C22_C23,low-medium,16590.0,0.0757321401248543,13.646,2004,True,,,1.412,0.0,0.0,1.0
EE,30,2012,66736.0,11.108499816436726,0.6722979548769707,,,30,"Production of lime, or calcination of dolomite/magnesite",C22_C23,low-medium,17260.0,0.0395915814529281,20.648,2004,True,,,1.412,0.0,0.0,1.0
EE,30,2013,62522.0,11.043273773787028,-0.0652260426496997,,,30,"Production of lime, or calcination of dolomite/magnesite",C22_C23,low-medium,17630.0,0.0212103107544976,14.522,2004,True,,,1.412,0.0,0.0,1.0
EE,30,2014,43343.0,10.67690049281473,-0.3663732809722972,,,30,"Production of lime, or calcination of dolomite/magnesite",C22_C23,low-medium,18280.0,0.0362055696162251,11.562,2004,True,,,1.412,0.0,0.0,1.0
EE,30,2015,39174.0,10.575768540414687,-0.1011319524000402,,,30,"Production of lime, or calcination of dolomite/magnesite",C22_C23,low-medium,18650.0,0.0200385800638205,11.182,2004,True,,,1.412,0.0,0.0,1.0
EE,30,2016,38366.0,10.554926929696284,-0.0208416107184064,,,30,"Production of lime, or calcination of dolomite/magnesite",C22_C23,low-medium,19190.0,0.0285431639297844,8.069,2004,False,,,1.412,0.0,0.0,1.0
EE,30,2017,48436.0,10.787998617874257,0.2330716881779739,,,30,"Production of lime, or calcination of dolomite/magnesite",C22_C23,low-medium,20270.0,0.0547526504442998,4.584,2004,False,,,1.412,0.0,0.0,1.0
EE,30,2018,48814.0,10.795772435943435,0.0077738180691806,,,30,"Production of lime, or calcination of dolomite/magnesite",C22_C23,low-medium,20970.0,0.0339508844499203,1.229,2004,False,,,1.412,0.0,0.0,1.0
EE,30,2019,41675.0,10.637656707618994,-0.1581157283244429,,,30,"Production of lime, or calcination of dolomite/magnesite",C22_C23,low-medium,21650.0,0.03191260953467,4.724,2004,False,,,1.412,0.0,0.0,1.0
EE,30,2020,25120.0,10.131419620582134,-0.50623708703686,,,30,"Production of lime, or calcination of dolomite/magnesite",C22_C23,low-medium,20960.0,-0.0323895949956583,10.528,2004,True,,0.1271999999999999,1.412,0.0,0.0,1.0
EE,30,2021,33490.0,10.41900216578825,0.2875825452061153,0.1271999999999999,3.0,30,"Production of lime, or calcination of dolomite/magnesite",C22_C23,low-medium,22670.0,0.0784266050665962,1.412,2004,True,,0.2412,1.412,0.0,0.0,1.0
EE,30,2022,3232.0,8.080856419640986,-2.338145746147264,0.2412,4.0,30,"Production of lime, or calcination of dolomite/magnesite",C22_C23,low-medium,22800.0,0.0057180714409579,6.159,2004,True,0.1271999999999999,,1.412,1.0,1.412,1.0
EL,30,2005,795738.0,13.587025264917532,,,,30,"Production of lime, or calcination of dolomite/magnesite",C22_C23,low-medium,19590.0,0.0087157690932713,68.204,EU-15,True,,,73.819,0.0,0.0,0.0
EL,30,2006,769789.0,13.553871730303864,-0.0331535346136693,,,30,"Production of lime, or calcination of dolomite/magnesite",C22_C23,low-medium,20790.0,0.0594528699134713,71.419,EU-15,True,,,73.819,0.0,0.0,0.0
EL,30,2007,845639.0,13.647847833572063,0.0939761032682025,,,30,"Production of lime, or calcination of dolomite/magnesite",C22_C23,low-medium,21470.0,0.0321845100207678,70.858,EU-15,True,,,73.819,0.0,0.0,0.0
EL,30,2008,584155.0,13.27792163755401,-0.3699261960180546,,,30,"Production of lime, or calcination of dolomite/magnesite",C22_C23,low-medium,21420.0,-0.0023315468710869,72.915,EU-15,True,,,73.819,0.0,0.0,0.0
EL,30,2009,419721.0,12.94734548380975,-0.3305761537442606,,,30,"Production of lime, or calcination of dolomite/magnesite",C22_C23,low-medium,20490.0,-0.044388102768794,67.341,EU-15,True,,,73.819,0.0,0.0,0.0
EL,30,2010,332422.0,12.714160525092172,-0.2331849587175778,,,30,"Production of lime, or calcination of dolomite/magnesite",C22_C23,low-medium,19300.0,-0.0598318663399677,68.584,EU-15,True,,,73.819,0.0,0.0,0.0
EL,30,2011,275271.0,12.525511345952594,-0.1886491791395776,,,30,"Production of lime, or calcination of dolomite/magnesite",C22_C23,low-medium,17420.0,-0.102486124486484,64.677,EU-15,True,,,73.819,0.0,0.0,0.0
EL,30,2012,298857.0,12.60772047710005,0.0822091311474562,,,30,"Production of lime, or calcination of dolomite/magnesite",C22_C23,low-medium,16050.0,-0.0819101218483311,65.889,EU-15,True,,,73.819,0.0,0.0,0.0
EL,30,2013,469125.0,13.05862453643732,0.4509040593372706,,,30,"Production of lime, or calcination of dolomite/magnesite",C22_C23,low-medium,15800.0,-0.0156989095431043,61.75,EU-15,True,,,73.819,0.0,0.0,0.0
EL,30,2014,466009.0,13.051960226226004,-0.0066643102113168,,,30,"Production of lime, or calcination of dolomite/magnesite",C22_C23,low-medium,16030.0,0.0144520265885415,65.455,EU-15,True,,,73.819,0.0,0.0,0.0
EL,30,2015,445747.0,13.00750680547279,-0.0444534207532143,,,30,"Production of lime, or calcination of dolomite/magnesite",C22_C23,low-medium,16100.0,0.0043573053689556,71.047,EU-15,True,,,73.819,0.0,0.0,0.0
EL,30,2016,524960.0,13.17107734819493,0.1635705427221392,,,30,"Production of lime, or calcination of dolomite/magnesite",C22_C23,low-medium,16160.0,0.0037197811025322,72.911,EU-15,False,,,73.819,0.0,0.0,0.0
EL,30,2017,558401.0,13.23283262125964,0.0617552730647119,,,30,"Production of lime, or calcination of dolomite/magnesite",C22_C23,low-medium,16430.0,0.0165698789562274,71.282,EU-15,False,,,73.819,0.0,0.0,0.0
EL,30,2018,604712.0,13.312507590615422,0.0796749693557803,,,30,"Production of lime, or calcination of dolomite/magnesite",C22_C23,low-medium,16810.0,0.0228650153713463,70.681,EU-15,False,,,73.819,0.0,0.0,0.0
EL,30,2019,570868.0,13.254913288533428,-0.0575943020819931,,,30,"Production of lime, or calcination of dolomite/magnesite",C22_C23,low-medium,17210.0,0.0235166628029244,74.103,EU-15,False,,,73.819,0.0,0.0,0.0
EL,30,2020,451982.0,13.021397635012562,-0.2335156535208664,,,30,"Production of lime, or calcination of dolomite/magnesite",C22_C23,low-medium,15660.0,-0.0943809196607912,81.415,EU-15,True,,0.0874,73.819,0.0,0.0,0.0
EL,30,2021,535794.0,13.191505037821658,0.1701074028090961,0.0874,3.0,30,"Production of lime, or calcination of dolomite/magnesite",C22_C23,low-medium,17110.0,0.0885533973414443,73.819,EU-15,True,,0.0571,73.819,0.0,0.0,0.0
EL,30,2022,494779.0,13.111866477209349,-0.0796385606123095,0.0571,4.0,30,"Production of lime, or calcination of dolomite/magnesite",C22_C23,low-medium,18160.0,0.0595582852690466,79.506,EU-15,True,0.0874,0.1561,73.819,1.0,73.819,0.0
EL,30,2023,442223.0,12.999569558716823,-0.1122969184925235,0.1561,3.0,30,"Production of lime, or calcination of dolomite/magnesite",C22_C23,low-medium,18600.0,0.0239402075460084,75.447,EU-15,True,0.0571,0.0637,73.819,1.0,73.819,0.0
EL,30,2024,445805.0,13.007636915662845,0.0080673569460181,0.0637,4.0,30,"Production of lime, or calcination of dolomite/magnesite",C22_C23,low-medium,19020.0,0.0223294763980881,77.714,EU-15,True,0.1561,0.2554,73.819,0.0,0.0,0.0
EL,30,2025,440438.0,12.995524965303586,-0.012111950359257,0.2554,3.0,30,"Production of lime, or calcination of dolomite/magnesite",C22_C23,low-medium,19400.0,0.0197820089520384,,EU-15,True,0.0637,,73.819,0.0,0.0,0.0
ES,30,2005,2063211.0,14.539774065058904,,,,30,"Production of lime, or calcination of dolomite/magnesite",C22_C23,low-medium,25000.0,0.0165359686400989,81.534,EU-15,True,,,69.38,0.0,0.0,0.0
ES,30,2006,2205130.0,14.606297022041293,0.0665229569823875,,,30,"Production of lime, or calcination of dolomite/magnesite",C22_C23,low-medium,25600.0,0.0237165266173153,81.304,EU-15,True,,,69.38,0.0,0.0,0.0
ES,30,2007,2335782.0,14.663857296657683,0.0575602746163923,,,30,"Production of lime, or calcination of dolomite/magnesite",C22_C23,low-medium,25990.0,0.0151194971678823,79.56,EU-15,True,,,69.38,0.0,0.0,0.0
ES,30,2008,2191663.0,14.600171174354792,-0.0636861223028937,,,30,"Production of lime, or calcination of dolomite/magnesite",C22_C23,low-medium,25760.0,-0.0088889474172457,81.605,EU-15,True,,,69.38,0.0,0.0,0.0
ES,30,2009,1914286.0,14.464855265119546,-0.1353159092352456,,,30,"Production of lime, or calcination of dolomite/magnesite",C22_C23,low-medium,24590.0,-0.0464830450080508,79.549,EU-15,True,,,69.38,0.0,0.0,0.0
ES,30,2010,2092314.0,14.553781188506028,0.0889259233864816,,,30,"Production of lime, or calcination of dolomite/magnesite",C22_C23,low-medium,24510.0,-0.0032586586880807,77.003,EU-15,True,,,69.38,0.0,0.0,0.0
ES,30,2011,1998246.0,14.507780353734727,-0.0460008347712985,,,30,"Production of lime, or calcination of dolomite/magnesite",C22_C23,low-medium,24260.0,-0.0102522940241165,76.012,EU-15,True,,,69.38,0.0,0.0,0.0
ES,30,2012,1755056.0,14.378011323204936,-0.1297690305297933,,,30,"Production of lime, or calcination of dolomite/magnesite",C22_C23,low-medium,23560.0,-0.0292785447325183,72.798,EU-15,True,,,69.38,0.0,0.0,0.0
ES,30,2013,2458848.0,14.715203505542355,0.3371921823374215,,,30,"Production of lime, or calcination of dolomite/magnesite",C22_C23,low-medium,23310.0,-0.0106679057357208,69.997,EU-15,True,,,69.38,0.0,0.0,0.0
ES,30,2014,2459575.0,14.715499128755445,0.0002956232130877,,,30,"Production of lime, or calcination of dolomite/magnesite",C22_C23,low-medium,23730.0,0.017857617400006,72.557,EU-15,True,,,69.38,0.0,0.0,0.0
ES,30,2015,2559507.0,14.755325219785195,0.0398260910297523,,,30,"Production of lime, or calcination of dolomite/magnesite",C22_C23,low-medium,24720.0,0.0408725621418195,72.741,EU-15,True,,,69.38,0.0,0.0,0.0
ES,30,2016,2370074.0,14.67843173625256,-0.076893483532638,,,30,"Production of lime, or calcination of dolomite/magnesite",C22_C23,low-medium,25420.0,0.0279236331718166,71.486,EU-15,False,,,69.38,0.0,0.0,0.0
ES,30,2017,2564209.0,14.757160606961202,0.0787288707086428,,,30,"Production of lime, or calcination of dolomite/magnesite",C22_C23,low-medium,26110.0,0.0267821169497306,73.886,EU-15,False,,,69.38,0.0,0.0,0.0
ES,30,2018,2652947.0,14.791181655536231,0.0340210485750311,,,30,"Production of lime, or calcination of dolomite/magnesite",C22_C23,low-medium,26620.0,0.0193444302559271,73.613,EU-15,False,,,69.38,0.0,0.0,0.0
ES,30,2019,2644127.0,14.787851512083057,-0.0033301434531765,,,30,"Production of lime, or calcination of dolomite/magnesite",C22_C23,low-medium,26930.0,0.0115780938565421,75.034,EU-15,False,,,69.38,0.0,0.0,0.0
ES,30,2020,2348646.0,14.669349549857731,-0.1185019622253236,,,30,"Production of lime, or calcination of dolomite/magnesite",C22_C23,low-medium,23850.0,-0.1214566894891575,67.892,EU-15,True,,,69.38,0.0,0.0,0.0
ES,30,2021,2688417.0,14.804463102521725,0.1351135526639915,,,30,"Production of lime, or calcination of dolomite/magnesite",C22_C23,low-medium,25440.0,0.064538521137571,69.38,EU-15,True,,,69.38,0.0,0.0,0.0
ES,30,2022,2412815.0,14.69630467361995,-0.108158428901774,,,30,"Production of lime, or calcination of dolomite/magnesite",C22_C23,low-medium,26820.0,0.0528251393816106,74.202,EU-15,True,,,69.38,1.0,69.38,0.0
ES,30,2023,2304544.0,14.65039338403919,-0.0459112895807614,,,30,"Production of lime, or calcination of dolomite/magnesite",C22_C23,low-medium,27150.0,0.0122291685264119,68.261,EU-15,True,,0.2653999999999999,69.38,1.0,69.38,0.0
ES,30,2024,2304803.0,14.650505764382986,0.000112380343797,0.2653999999999999,4.0,30,"Production of lime, or calcination of dolomite/magnesite",C22_C23,low-medium,27800.0,0.0236589743166479,68.871,EU-15,True,,0.3067,69.38,0.0,0.0,0.0
ES,30,2025,2249865.0,14.62638077238053,-0.0241249920024557,0.3067,3.0,30,"Production of lime, or calcination of dolomite/magnesite",C22_C23,low-medium,28320.0,0.0185322481289276,,EU-15,True,0.2653999999999999,,69.38,0.0,0.0,0.0
FI,30,2005,720036.0,13.48705648974228,,,,30,"Production of lime, or calcination of dolomite/magnesite",C22_C23,low-medium,40680.0,0.023881732003387,54.459,EU-15,True,,,37.933,0.0,0.0,0.0
FI,30,2006,774829.0,13.56039763882847,0.0733411490861897,,,30,"Production of lime, or calcination of dolomite/magnesite",C22_C23,low-medium,42150.0,0.0354981132675042,54.073,EU-15,True,,,37.933,0.0,0.0,0.0
FI,30,2007,716848.0,13.482619102686565,-0.0777785361419045,,,30,"Production of lime, or calcination of dolomite/magnesite",C22_C23,low-medium,44210.0,0.0477163233902881,53.32,EU-15,True,,,37.933,0.0,0.0,0.0
FI,30,2008,669720.0,13.41461499357048,-0.0680041091160852,,,30,"Production of lime, or calcination of dolomite/magnesite",C22_C23,low-medium,44350.0,0.0031617009174365,54.483,EU-15,True,,,37.933,0.0,0.0,0.0
FI,30,2009,533993.0,13.18813800924218,-0.2264769843282987,,,30,"Production of lime, or calcination of dolomite/magnesite",C22_C23,low-medium,40570.0,-0.0890838315372324,54.795,EU-15,True,,,37.933,0.0,0.0,0.0
FI,30,2010,592856.0,13.292706815438866,0.1045688061966849,,,30,"Production of lime, or calcination of dolomite/magnesite",C22_C23,low-medium,41660.0,0.0265125586144705,48.852,EU-15,True,,,37.933,0.0,0.0,0.0
FI,30,2011,621858.0,13.340467049837924,0.0477602343990568,,,30,"Production of lime, or calcination of dolomite/magnesite",C22_C23,low-medium,42460.0,0.0190210204422829,53.897,EU-15,True,,,37.933,0.0,0.0,0.0
FI,30,2012,557377.0,13.230997130171826,-0.1094699196660968,,,30,"Production of lime, or calcination of dolomite/magnesite",C22_C23,low-medium,41620.0,-0.0199816353096213,47.103,EU-15,True,,,37.933,0.0,0.0,0.0
FI,30,2013,598383.0,13.30198629614795,0.0709891659761243,,,30,"Production of lime, or calcination of dolomite/magnesite",C22_C23,low-medium,41020.0,-0.0145210683212528,49.64,EU-15,True,,,37.933,0.0,0.0,0.0
FI,30,2014,583153.0,13.27620486657994,-0.0257814295680098,,,30,"Production of lime, or calcination of dolomite/magnesite",C22_C23,low-medium,40650.0,-0.0090609166504158,49.89,EU-15,True,,,37.933,0.0,0.0,0.0
FI,30,2015,572311.0,13.257437828900928,-0.0187670376790123,,,30,"Production of lime, or calcination of dolomite/magnesite",C22_C23,low-medium,40700.0,0.0012292564547298,47.901,EU-15,True,,,37.933,0.0,0.0,0.0
FI,30,2016,627543.0,13.349567473536698,0.0921296446357704,,,30,"Production of lime, or calcination of dolomite/magnesite",C22_C23,low-medium,41640.0,0.0228331512982187,46.104,EU-15,False,,,37.933,0.0,0.0,0.0
FI,30,2017,645724.0,13.378127446887724,0.028559973351026,,,30,"Production of lime, or calcination of dolomite/magnesite",C22_C23,low-medium,42910.0,0.0300436552566658,43.868,EU-15,False,,,37.933,0.0,0.0,0.0
FI,30,2018,485245.0,13.092409197011143,-0.2857182498765809,,,30,"Production of lime, or calcination of dolomite/magnesite",C22_C23,low-medium,43360.0,0.0104324581279566,45.23,EU-15,False,,,37.933,0.0,0.0,0.0
FI,30,2019,423133.0,12.955441829412337,-0.1369673675988085,,,30,"Production of lime, or calcination of dolomite/magnesite",C22_C23,low-medium,43910.0,0.0126047274422358,42.894,EU-15,False,,,37.933,0.0,0.0,0.0
FI,30,2020,424655.0,12.959032353541287,0.0035905241289526,,,30,"Production of lime, or calcination of dolomite/magnesite",C22_C23,low-medium,42740.0,-0.0270068346826253,43.031,EU-15,True,,,37.933,0.0,0.0,0.0
FI,30,2021,481425.0,13.084505734848088,0.1254733813068007,,,30,"Production of lime, or calcination of dolomite/magnesite",C22_C23,low-medium,43800.0,0.0244985674913991,37.933,EU-15,True,,,37.933,0.0,0.0,0.0
FI,30,2022,405539.0,12.91297232547141,-0.1715334093766785,,,30,"Production of lime, or calcination of dolomite/magnesite",C22_C23,low-medium,44010.0,0.0047830634406,40.919,EU-15,True,,,37.933,1.0,37.933,0.0
FI,30,2023,373397.0,12.830397475777891,-0.0825748496935183,,,30,"Production of lime, or calcination of dolomite/magnesite",C22_C23,low-medium,43280.0,-0.0167262462847741,29.709,EU-15,True,,,37.933,1.0,37.933,0.0
FI,30,2024,252388.0,12.438722864937349,-0.3916746108405444,,,30,"Production of lime, or calcination of dolomite/magnesite",C22_C23,low-medium,43330.0,0.0011546012135923,32.973,EU-15,True,,,37.933,0.0,0.0,0.0
FI,30,2025,257717.0,12.459617362644709,0.0208944977073599,,,30,"Production of lime, or calcination of dolomite/magnesite",C22_C23,low-medium,43450.0,0.0027656159595821,,EU-15,True,,,37.933,0.0,0.0,0.0
FR,30,2005,2137902.0,14.575335532285512,,,,30,"Production of lime, or calcination of dolomite/magnesite",C22_C23,low-medium,33680.0,0.0113467923877266,51.698,EU-15,True,,,44.036,0.0,0.0,0.0
FR,30,2006,2223325.0,14.614514381090736,0.0391788488052231,,,30,"Production of lime, or calcination of dolomite/magnesite",C22_C23,low-medium,34360.0,0.0199889077419292,51.518,EU-15,True,,,44.036,0.0,0.0,0.0
FR,30,2007,2204033.0,14.60579942191962,-0.0087149591711153,,,30,"Production of lime, or calcination of dolomite/magnesite",C22_C23,low-medium,35010.0,0.0187406378505201,50.42,EU-15,True,,,44.036,0.0,0.0,0.0
FR,30,2008,2086728.0,14.551107846947453,-0.0546915749721677,,,30,"Production of lime, or calcination of dolomite/magnesite",C22_C23,low-medium,34960.0,-0.0014291841792406,50.748,EU-15,True,,,44.036,0.0,0.0,0.0
FR,30,2009,1733699.0,14.365767834172752,-0.1853400127747004,,,30,"Production of lime, or calcination of dolomite/magnesite",C22_C23,low-medium,33800.0,-0.0337437482983613,50.652,EU-15,True,,,44.036,0.0,0.0,0.0
FR,30,2010,1742764.0,14.370982916597113,0.0052150824243604,,,30,"Production of lime, or calcination of dolomite/magnesite",C22_C23,low-medium,34310.0,0.0149760543813854,48.668,EU-15,True,,,44.036,0.0,0.0,0.0
FR,30,2011,1745658.0,14.37264211990676,0.0016592033096465,,,30,"Production of lime, or calcination of dolomite/magnesite",C22_C23,low-medium,34990.0,0.0196254495092382,49.012,EU-15,True,,,44.036,0.0,0.0,0.0
FR,30,2012,1720759.0,14.358276030524427,-0.0143660893823316,,,30,"Production of lime, or calcination of dolomite/magnesite",C22_C23,low-medium,34880.0,-0.0031487073388181,48.133,EU-15,True,,,44.036,0.0,0.0,0.0
FR,30,2013,1789674.0,14.39754403832552,0.0392680078010929,,,30,"Production of lime, or calcination of dolomite/magnesite",C22_C23,low-medium,34990.0,0.0031487073388181,47.934,EU-15,True,,,44.036,0.0,0.0,0.0
FR,30,2014,1605606.0,14.28901181337806,-0.10853222494746,,,30,"Production of lime, or calcination of dolomite/magnesite",C22_C23,low-medium,35150.0,0.004562311877077,46.215,EU-15,True,,,44.036,0.0,0.0,0.0
FR,30,2015,1423933.0,14.168933319285347,-0.1200784940927128,,,30,"Production of lime, or calcination of dolomite/magnesite",C22_C23,low-medium,35370.0,0.0062393849607165,45.895,EU-15,True,,,44.036,0.0,0.0,0.0
FR,30,2016,1360728.0,14.123530408611092,-0.0454029106742552,,,30,"Production of lime, or calcination of dolomite/magnesite",C22_C23,low-medium,35540.0,0.0047948195091152,47.327,EU-15,False,,,44.036,0.0,0.0,0.0
FR,30,2017,1364066.0,14.1259805033117,0.0024500947006078,,,30,"Production of lime, or calcination of dolomite/magnesite",C22_C23,low-medium,36140.0,0.0167414624375776,48.703,EU-15,False,,,44.036,0.0,0.0,0.0
FR,30,2018,1374628.0,14.13369370702424,0.0077132037125391,,,30,"Production of lime, or calcination of dolomite/magnesite",C22_C23,low-medium,36570.0,0.0118279469972062,46.735,EU-15,False,,,44.036,0.0,0.0,0.0
FR,30,2019,1382945.0,14.139725841237158,0.0060321342129192,,,30,"Production of lime, or calcination of dolomite/magnesite",C22_C23,low-medium,37160.0,0.0160046817843486,47.584,EU-15,False,,,44.036,0.0,0.0,0.0
FR,30,2020,1215709.0,14.010838003658703,-0.1288878375784534,,,30,"Production of lime, or calcination of dolomite/magnesite",C22_C23,low-medium,34230.0,-0.082130461403544,44.424,EU-15,True,,,44.036,0.0,0.0,0.0
FR,30,2021,1442997.0,14.182232758751768,0.171394755093063,,,30,"Production of lime, or calcination of dolomite/magnesite",C22_C23,low-medium,36460.0,0.0631133167084225,44.036,EU-15,True,,,44.036,0.0,0.0,0.0
FR,30,2022,1198569.0,13.99663890316433,-0.1855938555874381,,,30,"Production of lime, or calcination of dolomite/magnesite",C22_C23,low-medium,37280.0,0.0222412205668742,51.819,EU-15,True,,,44.036,1.0,44.036,0.0
FR,30,2023,945789.0,13.759774778758452,-0.2368641244058782,,,30,"Production of lime, or calcination of dolomite/magnesite",C22_C23,low-medium,37730.0,0.0119985441588283,44.773,EU-15,True,,0.2996,44.036,1.0,44.036,0.0
FR,30,2024,988487.0,13.80393077026708,0.044155991508628,0.2996,4.0,30,"Production of lime, or calcination of dolomite/magnesite",C22_C23,low-medium,38180.0,0.0118562843213823,41.672,EU-15,True,,0.3702,44.036,0.0,0.0,0.0
FR,30,2025,931601.0,13.744659890413816,-0.0592708798532637,0.3702,3.0,30,"Production of lime, or calcination of dolomite/magnesite",C22_C23,low-medium,38360.0,0.0047034317176368,,EU-15,True,0.2996,,44.036,0.0,0.0,0.0
HR,30,2013,102053.0,11.533247565160137,,,,30,"Production of lime, or calcination of dolomite/magnesite",C22_C23,low-medium,11340.0,0.0061919702479222,47.436,2013,True,,,54.539,0.0,0.0,1.0
HR,30,2014,94397.0,11.455264571967591,-0.0779829931925437,,,30,"Production of lime, or calcination of dolomite/magnesite",C22_C23,low-medium,11370.0,0.0026420094628374,44.206,2013,True,,,54.539,0.0,0.0,1.0
HR,30,2015,86403.0,11.366777676411568,-0.0884868955560236,,,30,"Production of lime, or calcination of dolomite/magnesite",C22_C23,low-medium,11760.0,0.0337256347080359,48.791,2013,True,,,54.539,0.0,0.0,1.0
HR,30,2016,77392.0,11.256638695062763,-0.1101389813488022,,,30,"Production of lime, or calcination of dolomite/magnesite",C22_C23,low-medium,12320.0,0.0465200156348935,48.43,2013,False,,,54.539,0.0,0.0,1.0
HR,30,2017,100379.0,11.516708301015449,0.2600696059526832,,,30,"Production of lime, or calcination of dolomite/magnesite",C22_C23,low-medium,12910.0,0.0467782467531776,53.157,2013,False,,,54.539,0.0,0.0,1.0
HR,30,2018,107234.0,11.582768641512017,0.066060340496568,,,30,"Production of lime, or calcination of dolomite/magnesite",C22_C23,low-medium,13460.0,0.0417201193580307,52.695,2013,False,,,54.539,0.0,0.0,1.0
HR,30,2019,114175.0,11.6454876380532,0.0627189965411822,,,30,"Production of lime, or calcination of dolomite/magnesite",C22_C23,low-medium,14020.0,0.0407625573898613,56.216,2013,False,,,54.539,0.0,0.0,1.0
HR,30,2020,126993.0,11.751887245811432,0.1063996077582345,,,30,"Production of lime, or calcination of dolomite/magnesite",C22_C23,low-medium,12980.0,-0.0770751703304988,53.564,2013,True,,,54.539,0.0,0.0,1.0
HR,30,2021,148899.0,11.911023502732826,0.1591362569213927,,,30,"Production of lime, or calcination of dolomite/magnesite",C22_C23,low-medium,14750.0,0.1278333715098849,54.539,2013,True,,0.1268,54.539,0.0,0.0,1.0
HR,30,2022,133239.0,11.799899787025774,-0.1111237157070519,0.1268,4.0,30,"Production of lime, or calcination of dolomite/magnesite",C22_C23,low-medium,15900.0,0.0750760264403567,60.303,2013,True,,0.159,54.539,1.0,54.539,1.0
HR,30,2023,116790.0,11.66813272927261,-0.131767057753164,0.159,3.0,30,"Production of lime, or calcination of dolomite/magnesite",C22_C23,low-medium,16490.0,0.0364350273453215,55.721,2013,True,0.1268,0.1543999999999999,54.539,1.0,54.539,1.0
HR,30,2024,114312.0,11.646686831148806,-0.0214458981238045,0.1543999999999999,4.0,30,"Production of lime, or calcination of dolomite/magnesite",C22_C23,low-medium,17060.0,0.0339824054920256,59.929,2013,True,0.159,0.2735,54.539,0.0,0.0,1.0
HR,30,2025,118208.0,11.680201063558911,0.0335142324101056,0.2735,3.0,30,"Production of lime, or calcination of dolomite/magnesite",C22_C23,low-medium,17590.0,0.0305940166859333,,2013,True,0.1543999999999999,,54.539,0.0,0.0,1.0
HU,30,2005,381552.0,12.852002424481004,,,,30,"Production of lime, or calcination of dolomite/magnesite",C22_C23,low-medium,11050.0,0.0444106280816161,62.254,2004,True,,,54.121,0.0,0.0,1.0
HU,30,2006,362033.0,12.799490646874062,-0.0525117776069414,,,30,"Production of lime, or calcination of dolomite/magnesite",C22_C23,low-medium,11500.0,0.0399166074054413,61.819,2004,True,,,54.121,0.0,0.0,1.0
HU,30,2007,358301.0,12.789128694246449,-0.0103619526276137,,,30,"Production of lime, or calcination of dolomite/magnesite",C22_C23,low-medium,11550.0,0.0043384015985985,60.362,2004,True,,,54.121,0.0,0.0,1.0
HU,30,2008,402476.0,12.905390746733785,0.1162620524873343,,,30,"Production of lime, or calcination of dolomite/magnesite",C22_C23,low-medium,11690.0,0.0120483385161751,62.589,2004,True,,,54.121,0.0,0.0,1.0
HU,30,2009,269021.0,12.502544722451413,-0.4028460242823719,,,30,"Production of lime, or calcination of dolomite/magnesite",C22_C23,low-medium,10920.0,-0.0681378051672183,57.574,2004,True,,,54.121,0.0,0.0,1.0
HU,30,2010,278604.0,12.537546697726569,0.0350019752751578,,,30,"Production of lime, or calcination of dolomite/magnesite",C22_C23,low-medium,11060.0,0.0127390257774298,56.93,2004,True,,,54.121,0.0,0.0,1.0
HU,30,2011,240389.0,12.390013723524756,-0.1475329742018125,,,30,"Production of lime, or calcination of dolomite/magnesite",C22_C23,low-medium,11300.0,0.0214677296241063,50.273,2004,True,,,54.121,0.0,0.0,1.0
HU,30,2012,200661.0,12.209372196021455,-0.1806415275032993,,,30,"Production of lime, or calcination of dolomite/magnesite",C22_C23,low-medium,11220.0,-0.0071048256237453,50.146,2004,True,,,54.121,0.0,0.0,1.0
HU,30,2013,190170.0,12.155673687946322,-0.0536985080751346,,,30,"Production of lime, or calcination of dolomite/magnesite",C22_C23,low-medium,11490.0,0.0237791917661134,50.122,2004,True,,,54.121,0.0,0.0,1.0
HU,30,2014,204438.0,12.228020030012996,0.072346342066675,,,30,"Production of lime, or calcination of dolomite/magnesite",C22_C23,low-medium,12040.0,0.0467573480200105,59.845,2004,True,,,54.121,0.0,0.0,1.0
HU,30,2015,218283.0,12.293547665021006,0.0655276350080082,,,30,"Production of lime, or calcination of dolomite/magnesite",C22_C23,low-medium,12530.0,0.0398913290273021,53.875,2004,True,,,54.121,0.0,0.0,1.0
HU,30,2016,183741.0,12.121282436283709,-0.1722652287372987,,,30,"Production of lime, or calcination of dolomite/magnesite",C22_C23,low-medium,12880.0,0.0275499517682309,55.823,2004,False,,,54.121,0.0,0.0,1.0
HU,30,2017,247337.0,12.418507058169364,0.2972246218856575,,,30,"Production of lime, or calcination of dolomite/magnesite",C22_C23,low-medium,13460.0,0.0440466035403748,62.645,2004,False,,,54.121,0.0,0.0,1.0
HU,30,2018,249512.0,12.42726228920951,0.0087552310401459,,,30,"Production of lime, or calcination of dolomite/magnesite",C22_C23,low-medium,14240.0,0.056332581767247,58.123,2004,False,,,54.121,0.0,0.0,1.0
HU,30,2019,208094.0,12.2457451796739,-0.1815171095356103,,,30,"Production of lime, or calcination of dolomite/magnesite",C22_C23,low-medium,14980.0,0.0506610721052442,69.712,2004,False,,,54.121,0.0,0.0,1.0
HU,30,2020,204385.0,12.227760749100248,-0.0179844305736533,,,30,"Production of lime, or calcination of dolomite/magnesite",C22_C23,low-medium,14370.0,-0.0415732779981397,56.618,2004,True,,0.1008,54.121,0.0,0.0,1.0
HU,30,2021,160961.0,11.98891737859787,-0.2388433705023764,0.1008,3.0,30,"Production of lime, or calcination of dolomite/magnesite",C22_C23,low-medium,15470.0,0.0737599644940409,54.121,2004,True,,0.2323,54.121,0.0,0.0,1.0
HU,30,2022,152176.0,11.932793024722166,-0.0561243538757043,0.2323,4.0,30,"Production of lime, or calcination of dolomite/magnesite",C22_C23,low-medium,16160.0,0.0436363885079753,64.206,2004,True,0.1008,0.2135999999999999,54.121,1.0,54.121,1.0
HU,30,2023,91695.0,11.426223131130936,-0.5065698935912302,0.2135999999999999,3.0,30,"Production of lime, or calcination of dolomite/magnesite",C22_C23,low-medium,16050.0,-0.0068302035169249,62.087,2004,True,0.2323,0.1821,54.121,1.0,54.121,1.0
HU,30,2024,67344.0,11.117569091010353,-0.308654040120583,0.1821,4.0,30,"Production of lime, or calcination of dolomite/magnesite",C22_C23,low-medium,16210.0,0.0099194861715599,48.943,2004,True,0.2135999999999999,0.2809,54.121,0.0,0.0,1.0
HU,30,2025,64596.0,11.075907768348957,-0.0416613226613957,0.2809,3.0,30,"Production of lime, or calcination of dolomite/magnesite",C22_C23,low-medium,16370.0,0.0098220556354586,,2004,True,0.1821,,54.121,0.0,0.0,1.0
IE,30,2005,438258.0,12.990563057037864,,,,30,"Production of lime, or calcination of dolomite/magnesite",C22_C23,low-medium,47240.0,0.0333615357539809,89.647,EU-15,True,,,76.997,0.0,0.0,0.0
IE,30,2006,351318.0,12.769447075199183,-0.2211159818386807,,,30,"Production of lime, or calcination of dolomite/magnesite",C22_C23,low-medium,48320.0,0.0226045622973991,90.745,EU-15,True,,,76.997,0.0,0.0,0.0
IE,30,2007,336305.0,12.725773765295507,-0.0436733099036761,,,30,"Production of lime, or calcination of dolomite/magnesite",C22_C23,low-medium,49380.0,0.0216999302904739,87.548,EU-15,True,,,76.997,0.0,0.0,0.0
IE,30,2008,332641.0,12.714819109340327,-0.0109546559551798,,,30,"Production of lime, or calcination of dolomite/magnesite",C22_C23,low-medium,46160.0,-0.0674318617171891,89.991,EU-15,True,,,76.997,0.0,0.0,0.0
IE,30,2009,277082.0,12.532068770242438,-0.1827503390978897,,,30,"Production of lime, or calcination of dolomite/magnesite",C22_C23,low-medium,43390.0,-0.0618846223895861,87.797,EU-15,True,,,76.997,0.0,0.0,0.0
IE,30,2010,336499.0,12.726350456294302,0.1942816860518643,,,30,"Production of lime, or calcination of dolomite/magnesite",C22_C23,low-medium,43920.0,0.0121407973910159,87.462,EU-15,True,,,76.997,0.0,0.0,0.0
IE,30,2011,351684.0,12.770488324109053,0.0441378678147508,,,30,"Production of lime, or calcination of dolomite/magnesite",C22_C23,low-medium,44450.0,0.0119951647586393,90.312,EU-15,True,,,76.997,0.0,0.0,0.0
IE,30,2012,369368.0,12.819548716032305,0.0490603919232501,,,30,"Production of lime, or calcination of dolomite/magnesite",C22_C23,low-medium,44090.0,-0.0081319625900668,83.677,EU-15,True,,,76.997,0.0,0.0,0.0
IE,30,2013,337101.0,12.728137867696542,-0.0914108483357605,,,30,"Production of lime, or calcination of dolomite/magnesite",C22_C23,low-medium,44830.0,0.0166445587975001,91.506,EU-15,True,,,76.997,0.0,0.0,0.0
IE,30,2014,339556.0,12.735394160831996,0.0072562931354536,,,30,"Production of lime, or calcination of dolomite/magnesite",C22_C23,low-medium,48700.0,0.0828014719211971,86.012,EU-15,True,,,76.997,0.0,0.0,0.0
IE,30,2015,305492.0,12.629678870671537,-0.105715290160461,,,30,"Production of lime, or calcination of dolomite/magnesite",C22_C23,low-medium,60150.0,0.2111624123321434,88.653,EU-15,True,,,76.997,0.0,0.0,0.0
IE,30,2016,295625.0,12.596847038228336,-0.0328318324432004,,,30,"Production of lime, or calcination of dolomite/magnesite",C22_C23,low-medium,60160.0,0.0001662372208972,68.951,EU-15,False,,,76.997,0.0,0.0,0.0
IE,30,2017,336046.0,12.725003334336645,0.12815629610831,,,30,"Production of lime, or calcination of dolomite/magnesite",C22_C23,low-medium,65290.0,0.0818312055569574,66.021,EU-15,False,,,76.997,0.0,0.0,0.0
IE,30,2018,309707.0,12.643381968224428,-0.081621366112218,,,30,"Production of lime, or calcination of dolomite/magnesite",C22_C23,low-medium,69310.0,0.059750310731351,67.576,EU-15,False,,,76.997,0.0,0.0,0.0
IE,30,2019,275448.0,12.526154142028616,-0.1172278261958119,,,30,"Production of lime, or calcination of dolomite/magnesite",C22_C23,low-medium,71640.0,0.0330643812626174,68.673,EU-15,False,,,76.997,0.0,0.0,0.0
IE,30,2020,206983.0,12.240391943271147,-0.2857621987574656,,,30,"Production of lime, or calcination of dolomite/magnesite",C22_C23,low-medium,75620.0,0.0540672212702766,71.125,EU-15,True,,0.2709999999999999,76.997,0.0,0.0,0.0
IE,30,2021,242198.0,12.397510852428718,0.1571189091575693,0.2709999999999999,3.0,30,"Production of lime, or calcination of dolomite/magnesite",C22_C23,low-medium,87150.0,0.1419099735032425,76.997,EU-15,True,,0.3389999999999999,76.997,0.0,0.0,0.0
IE,30,2022,156461.0,11.960562056628593,-0.4369487958001272,0.3389999999999999,4.0,30,"Production of lime, or calcination of dolomite/magnesite",C22_C23,low-medium,92300.0,0.0574133695427754,79.086,EU-15,True,0.2709999999999999,0.1978,76.997,1.0,76.997,0.0
IE,30,2023,139686.0,11.847152325477335,-0.1134097311512558,0.1978,3.0,30,"Production of lime, or calcination of dolomite/magnesite",C22_C23,low-medium,87630.0,-0.0519207364410458,77.761,EU-15,True,0.3389999999999999,0.4201,76.997,1.0,76.997,0.0
IE,30,2024,131555.0,11.787180294107978,-0.059972031369357,0.4201,4.0,30,"Production of lime, or calcination of dolomite/magnesite",C22_C23,low-medium,89300.0,0.0188780828146928,79.533,EU-15,True,0.1978,0.3393,76.997,0.0,0.0,0.0
IE,30,2025,118905.0,11.686080133939369,-0.1011001601686114,0.3393,3.0,30,"Production of lime, or calcination of dolomite/magnesite",C22_C23,low-medium,94930.0,0.0611382900112538,,EU-15,True,0.4201,,76.997,0.0,0.0,0.0
IT,30,2005,3961790.0,15.192206501302328,,,,30,"Production of lime, or calcination of dolomite/magnesite",C22_C23,low-medium,31850.0,0.0018856070954615,83.348,EU-15,True,,,73.416,0.0,0.0,0.0
IT,30,2006,3092102.0,14.944361676502396,-0.247844824799932,,,30,"Production of lime, or calcination of dolomite/magnesite",C22_C23,low-medium,32290.0,0.0137202027520118,85.867,EU-15,True,,,73.416,0.0,0.0,0.0
IT,30,2007,3055618.0,14.932492421455397,-0.0118692550469994,,,30,"Production of lime, or calcination of dolomite/magnesite",C22_C23,low-medium,32570.0,0.0086340345179571,83.002,EU-15,True,,,73.416,0.0,0.0,0.0
IT,30,2008,2657081.0,14.792738709787251,-0.1397537116681455,,,30,"Production of lime, or calcination of dolomite/magnesite",C22_C23,low-medium,31990.0,-0.017968265326715,82.804,EU-15,True,,,73.416,0.0,0.0,0.0
IT,30,2009,2007041.0,14.512172056070066,-0.2805666537171856,,,30,"Production of lime, or calcination of dolomite/magnesite",C22_C23,low-medium,30110.0,-0.0605660114677846,80.777,EU-15,True,,,73.416,0.0,0.0,0.0
IT,30,2010,2309316.0,14.652461934754458,0.140289878684392,,,30,"Production of lime, or calcination of dolomite/magnesite",C22_C23,low-medium,30440.0,0.0109001904998429,82.571,EU-15,True,,,73.416,0.0,0.0,0.0
IT,30,2011,2417707.0,14.698330128290248,0.0458681935357905,,,30,"Production of lime, or calcination of dolomite/magnesite",C22_C23,low-medium,30550.0,0.0036071526241201,81.353,EU-15,True,,,73.416,0.0,0.0,0.0
IT,30,2012,2331936.0,14.66220938182206,-0.0361207464681871,,,30,"Production of lime, or calcination of dolomite/magnesite",C22_C23,low-medium,29510.0,-0.0346354966627568,79.109,EU-15,True,,,73.416,0.0,0.0,0.0
IT,30,2013,2343378.0,14.667104036103506,0.0048946542814451,,,30,"Production of lime, or calcination of dolomite/magnesite",C22_C23,low-medium,28920.0,-0.0201957916642836,76.736,EU-15,True,,,73.416,0.0,0.0,0.0
IT,30,2014,2275492.0,14.637706850721822,-0.0293971853816845,,,30,"Production of lime, or calcination of dolomite/magnesite",C22_C23,low-medium,28910.0,-0.0003458412623089,75.811,EU-15,True,,,73.416,0.0,0.0,0.0
IT,30,2015,2003389.0,14.51035080447886,-0.1273560462429621,,,30,"Production of lime, or calcination of dolomite/magnesite",C22_C23,low-medium,29210.0,0.0103235603713933,77.03,EU-15,True,,,73.416,0.0,0.0,0.0
IT,30,2016,1973624.0,14.495382004642194,-0.0149687998366658,,,30,"Production of lime, or calcination of dolomite/magnesite",C22_C23,low-medium,29630.0,0.0142762451858242,77.653,EU-15,False,,,73.416,0.0,0.0,0.0
IT,30,2017,2197315.0,14.602746718421926,0.1073647137797326,,,30,"Production of lime, or calcination of dolomite/magnesite",C22_C23,low-medium,30160.0,0.0177291815542819,76.979,EU-15,False,,,73.416,0.0,0.0,0.0
IT,30,2018,2220299.0,14.61315242946398,0.0104057110420523,,,30,"Production of lime, or calcination of dolomite/magnesite",C22_C23,low-medium,30470.0,0.010226049857863,76.338,EU-15,False,,,73.416,0.0,0.0,0.0
IT,30,2019,2038540.0,14.52774442332021,-0.0854080061437692,,,30,"Production of lime, or calcination of dolomite/magnesite",C22_C23,low-medium,30680.0,0.0068683835014375,77.484,EU-15,False,,,73.416,0.0,0.0,0.0
IT,30,2020,1834938.0,14.42252125143406,-0.1052231718861502,,,30,"Production of lime, or calcination of dolomite/magnesite",C22_C23,low-medium,28100.0,-0.0878414001593554,73.454,EU-15,True,,0.1141,73.416,0.0,0.0,0.0
IT,30,2021,2202986.0,14.605324270793792,0.1828030193597332,0.1141,3.0,30,"Production of lime, or calcination of dolomite/magnesite",C22_C23,low-medium,30760.0,0.0904455682977438,73.416,EU-15,True,,,73.416,0.0,0.0,0.0
IT,30,2022,1965188.0,14.49109847300926,-0.1142257977845329,,,30,"Production of lime, or calcination of dolomite/magnesite",C22_C23,low-medium,32310.0,0.0491616351989634,79.49,EU-15,True,0.1141,,73.416,1.0,73.416,0.0
IT,30,2023,1884106.0,14.448963995805366,-0.0421344772038931,,,30,"Production of lime, or calcination of dolomite/magnesite",C22_C23,low-medium,32630.0,0.009855330768822,75.356,EU-15,True,,,73.416,1.0,73.416,0.0
IT,30,2024,1861356.0,14.43681581233252,-0.0121481834728474,,,30,"Production of lime, or calcination of dolomite/magnesite",C22_C23,low-medium,32900.0,0.0082405471660962,73.884,EU-15,True,,,73.416,0.0,0.0,0.0
IT,30,2025,1803924.0,14.405474850114167,-0.0313409622183513,,,30,"Production of lime, or calcination of dolomite/magnesite",C22_C23,low-medium,33080.0,0.0054562123841641,,EU-15,True,,,73.416,0.0,0.0,0.0
LT,30,2005,68845.0,11.139612879878472,,,,30,"Production of lime, or calcination of dolomite/magnesite",C22_C23,low-medium,9940.0,0.0904928280552805,55.332,2004,True,,,73.272,0.0,0.0,1.0
LT,30,2006,98824.0,11.501095769216647,0.3614828893381769,,,30,"Production of lime, or calcination of dolomite/magnesite",C22_C23,low-medium,10850.0,0.087598059317985,60.351,2004,True,,,73.272,0.0,0.0,1.0
LT,30,2007,87649.0,11.381095481271178,-0.1200002879454711,,,30,"Production of lime, or calcination of dolomite/magnesite",C22_C23,low-medium,12190.0,0.1164508635067118,59.111,2004,True,,,73.272,0.0,0.0,1.0
LT,30,2008,47718.0,10.77306396418519,-0.6080315170859869,,,30,"Production of lime, or calcination of dolomite/magnesite",C22_C23,low-medium,12640.0,0.0362504452255318,56.016,2004,True,,,73.272,0.0,0.0,1.0
LT,30,2009,6999.0,8.85352256068954,-1.919541403495652,,,30,"Production of lime, or calcination of dolomite/magnesite",C22_C23,low-medium,10880.0,-0.1499401472909145,48.045,2004,True,,,73.272,0.0,0.0,1.0
LT,30,2010,25164.0,10.13316968068992,1.2796471200003818,,,30,"Production of lime, or calcination of dolomite/magnesite",C22_C23,low-medium,11160.0,0.0254097155253667,79.045,2004,True,,,73.272,0.0,0.0,1.0
LT,30,2011,51564.0,10.850579033562996,0.7174093528730747,,,30,"Production of lime, or calcination of dolomite/magnesite",C22_C23,low-medium,12140.0,0.0841698286781884,78.604,2004,True,,,73.272,0.0,0.0,1.0
LT,30,2012,47151.0,10.76111049674444,-0.0894685368185559,,,30,"Production of lime, or calcination of dolomite/magnesite",C22_C23,low-medium,12830.0,0.0552803929961918,77.534,2004,True,,,73.272,0.0,0.0,1.0
LT,30,2013,35178.0,10.46817616619227,-0.2929343305521694,,,30,"Production of lime, or calcination of dolomite/magnesite",C22_C23,low-medium,13480.0,0.0494209268566159,75.556,2004,True,,,73.272,0.0,0.0,1.0
LT,30,2014,49527.0,10.81027325439598,0.3420970882037082,,,30,"Production of lime, or calcination of dolomite/magnesite",C22_C23,low-medium,14100.0,0.0449676918999628,74.935,2004,True,,,73.272,0.0,0.0,1.0
LT,30,2015,47229.0,10.76276338968274,-0.0475098647132394,,,30,"Production of lime, or calcination of dolomite/magnesite",C22_C23,low-medium,14630.0,0.0368994176479091,75.452,2004,True,,,73.272,0.0,0.0,1.0
LT,30,2016,45637.0,10.728474070001385,-0.0342893196813562,,,30,"Production of lime, or calcination of dolomite/magnesite",C22_C23,low-medium,15200.0,0.0382212128201988,74.784,2004,False,,,73.272,0.0,0.0,1.0
LT,30,2017,25236.0,10.1360268254907,-0.5924472445106819,,,30,"Production of lime, or calcination of dolomite/magnesite",C22_C23,low-medium,16090.0,0.0569025331520602,71.965,2004,False,,,73.272,0.0,0.0,1.0
LV,30,2007,758.0,6.630683385642372,,,,30,"Production of lime, or calcination of dolomite/magnesite",C22_C23,low-medium,13220.0,0.107716625801963,62.478,2004,True,,,38.335,0.0,0.0,1.0
LV,30,2008,2581.0,7.855932199718614,1.2252488140762423,,,30,"Production of lime, or calcination of dolomite/magnesite",C22_C23,low-medium,12900.0,-0.0245035230559143,58.825,2004,True,,,38.335,0.0,0.0,1.0
LV,30,2009,266.0,5.583496308781699,-2.272435890936915,,,30,"Production of lime, or calcination of dolomite/magnesite",C22_C23,low-medium,11020.0,-0.1575155076428576,60.411,2004,True,,,38.335,0.0,0.0,1.0
LV,30,2010,467.0,6.1463292576688975,0.5628329488871984,,,30,"Production of lime, or calcination of dolomite/magnesite",C22_C23,low-medium,10840.0,-0.0164688077132684,45.545,2004,True,,,38.335,0.0,0.0,1.0
LV,30,2011,245.0,5.501258210544727,-0.6450710471241701,,,30,"Production of lime, or calcination of dolomite/magnesite",C22_C23,low-medium,11380.0,0.0486144326866853,59.863,2004,True,,,38.335,0.0,0.0,1.0
LV,30,2012,246.0,5.5053315359323625,0.004073325387635,,,30,"Production of lime, or calcination of dolomite/magnesite",C22_C23,low-medium,12360.0,0.0826080233313604,56.388,2004,True,,,38.335,0.0,0.0,1.0
NL,30,2005,224118.0,12.319927977848575,,,,30,"Production of lime, or calcination of dolomite/magnesite",C22_C23,low-medium,42160.0,0.0177080482656677,37.784,EU-15,True,,,58.451,0.0,0.0,0.0
NL,30,2006,200311.0,12.207626437769555,-0.1123015400790201,,,30,"Production of lime, or calcination of dolomite/magnesite",C22_C23,low-medium,43590.0,0.0333558620171938,38.561,EU-15,True,,,58.451,0.0,0.0,0.0
NL,30,2007,185050.0,12.128381337814302,-0.0792450999552549,,,30,"Production of lime, or calcination of dolomite/magnesite",C22_C23,low-medium,45180.0,0.0358267447895563,37.407,EU-15,True,,,58.451,0.0,0.0,0.0
NL,30,2008,132076.0,11.791132793459466,-0.3372485443548356,,,30,"Production of lime, or calcination of dolomite/magnesite",C22_C23,low-medium,45960.0,0.0171169419406975,33.555,EU-15,True,,,58.451,0.0,0.0,0.0
NL,30,2009,136709.0,11.825609858145429,0.0344770646859604,,,30,"Production of lime, or calcination of dolomite/magnesite",C22_C23,low-medium,44050.0,-0.0424461005983651,34.059,EU-15,True,,,58.451,0.0,0.0,0.0
NL,30,2010,130308.0,11.7776561580049,-0.0479537001405265,,,30,"Production of lime, or calcination of dolomite/magnesite",C22_C23,low-medium,44400.0,0.0079141170559893,28.279,EU-15,True,,,58.451,0.0,0.0,0.0
NL,30,2011,139508.0,11.845877226269494,0.0682210682645934,,,30,"Production of lime, or calcination of dolomite/magnesite",C22_C23,low-medium,44980.0,0.0129784770929912,29.357,EU-15,True,,,58.451,0.0,0.0,0.0
NL,30,2012,118126.0,11.679507130368677,-0.1663700959008167,,,30,"Production of lime, or calcination of dolomite/magnesite",C22_C23,low-medium,44370.0,-0.013654381140352,30.635,EU-15,True,,,58.451,0.0,0.0,0.0
NL,30,2013,130735.0,11.780927652592665,0.1014205222239876,,,30,"Production of lime, or calcination of dolomite/magnesite",C22_C23,low-medium,44230.0,-0.0031602735105824,23.738,EU-15,True,,,58.451,0.0,0.0,0.0
NL,30,2014,135877.0,11.819505343726403,0.0385776911337405,,,30,"Production of lime, or calcination of dolomite/magnesite",C22_C23,low-medium,44780.0,0.0123583192903726,30.948,EU-15,True,,,58.451,0.0,0.0,0.0
NL,30,2015,122872.0,11.718898442095464,-0.1006069016309414,,,30,"Production of lime, or calcination of dolomite/magnesite",C22_C23,low-medium,45530.0,0.0166098381760821,48.372,EU-15,True,,,58.451,0.0,0.0,0.0
NL,30,2016,101613.0,11.528926758697168,-0.189971683398296,,,30,"Production of lime, or calcination of dolomite/magnesite",C22_C23,low-medium,46380.0,0.0184968824806954,45.874,EU-15,False,,,58.451,0.0,0.0,0.0
NL,30,2017,121218.0,11.705345856441598,0.1764190977444304,,,30,"Production of lime, or calcination of dolomite/magnesite",C22_C23,low-medium,47390.0,0.0215429041521115,51.699,EU-15,False,,,58.451,0.0,0.0,0.0
NL,30,2018,148807.0,11.910405443285391,0.2050595868437952,,,30,"Production of lime, or calcination of dolomite/magnesite",C22_C23,low-medium,48180.0,0.0165327612072285,59.517,EU-15,False,,,58.451,0.0,0.0,0.0
NL,30,2019,120030.0,11.695496990519391,-0.2149084527660019,,,30,"Production of lime, or calcination of dolomite/magnesite",C22_C23,low-medium,48970.0,0.0162638685275009,64.304,EU-15,False,,,58.451,0.0,0.0,0.0
NL,30,2020,115201.0,11.654433707761807,-0.0410632827575838,,,30,"Production of lime, or calcination of dolomite/magnesite",C22_C23,low-medium,46810.0,-0.0451110104022483,68.023,EU-15,True,,0.3539,58.451,0.0,0.0,0.0
NL,30,2021,129389.0,11.7705786497076,0.1161449419457927,0.3539,3.0,30,"Production of lime, or calcination of dolomite/magnesite",C22_C23,low-medium,49490.0,0.0556737736518169,58.451,EU-15,True,,0.4349,58.451,0.0,0.0,0.0
NL,30,2022,115028.0,11.652930855970236,-0.1176477937373654,0.4349,4.0,30,"Production of lime, or calcination of dolomite/magnesite",C22_C23,low-medium,51480.0,0.0394227537641302,80.242,EU-15,True,0.3539,0.5019,58.451,1.0,58.451,0.0
NL,30,2023,121281.0,11.705865446224792,0.0529345902545568,0.5019,3.0,30,"Production of lime, or calcination of dolomite/magnesite",C22_C23,low-medium,50660.0,-0.016056738154397,70.411,EU-15,True,0.4349,0.4318,58.451,1.0,58.451,0.0
NL,30,2024,129062.0,11.768048188037977,0.0621827418131832,0.4318,4.0,30,"Production of lime, or calcination of dolomite/magnesite",C22_C23,low-medium,50870.0,0.0041367142611452,70.564,EU-15,True,0.5019,0.7262000000000001,58.451,0.0,0.0,0.0
NL,30,2025,145325.0,11.886727892569551,0.1186797045315763,0.7262000000000001,3.0,30,"Production of lime, or calcination of dolomite/magnesite",C22_C23,low-medium,51400.0,0.0103648136264453,,EU-15,True,0.4318,,58.451,0.0,0.0,0.0
NO,30,2008,225574.0,12.326403543737504,,,,30,"Production of lime, or calcination of dolomite/magnesite",C22_C23,low-medium,61200.0,-0.0042393671840574,-592.319,,True,,,-622.175,0.0,-0.0,0.0
NO,30,2009,221778.0,12.309432160520831,-0.0169713832166706,,,30,"Production of lime, or calcination of dolomite/magnesite",C22_C23,low-medium,59450.0,-0.0290115663814898,-601.253,,True,,,-622.175,0.0,-0.0,0.0
NO,30,2010,353859.0,12.776653807686628,0.4672216471657933,,,30,"Production of lime, or calcination of dolomite/magnesite",C22_C23,low-medium,59310.0,-0.0023576972861558,-536.301,,True,,,-622.175,0.0,-0.0,0.0
NO,30,2011,322381.0,12.683489354875512,-0.0931644528111146,,,30,"Production of lime, or calcination of dolomite/magnesite",C22_C23,low-medium,59350.0,0.0006741952050415,-590.038,,True,,,-622.175,0.0,-0.0,0.0
NO,30,2012,337834.0,12.73030992956378,0.046820574688267,,,30,"Production of lime, or calcination of dolomite/magnesite",C22_C23,low-medium,60230.0,0.0147184459999536,-568.081,,True,,,-622.175,0.0,-0.0,0.0
NO,30,2013,435339.0,12.983880316911014,0.253570387347235,,,30,"Production of lime, or calcination of dolomite/magnesite",C22_C23,low-medium,60260.0,0.0004979666465256,-508.738,,True,,,-622.175,0.0,-0.0,0.0
NO,30,2014,469203.0,13.05879078960291,0.0749104726918954,,,30,"Production of lime, or calcination of dolomite/magnesite",C22_C23,low-medium,60840.0,0.0095789336889353,-566.17,,True,,,-622.175,0.0,-0.0,0.0
NO,30,2015,448855.0,13.014455174701714,-0.044335614901195,,,30,"Production of lime, or calcination of dolomite/magnesite",C22_C23,low-medium,61450.0,0.0099763686209524,-678.008,,True,,,-622.175,0.0,-0.0,0.0
NO,30,2016,392453.0,12.88017206381164,-0.1342831108900757,,,30,"Production of lime, or calcination of dolomite/magnesite",C22_C23,low-medium,61700.0,0.0040600948992981,-608.666,,False,,,-622.175,0.0,-0.0,0.0
NO,30,2017,333590.0,12.717667972998257,-0.1625040908133836,,,30,"Production of lime, or calcination of dolomite/magnesite",C22_C23,low-medium,62850.0,0.0184670041249148,-595.383,,False,,,-622.175,0.0,-0.0,0.0
NO,30,2018,354234.0,12.777712990689588,0.0600450176913334,,,30,"Production of lime, or calcination of dolomite/magnesite",C22_C23,low-medium,63130.0,0.0044451573432766,-563.803,,False,,,-622.175,0.0,-0.0,0.0
NO,30,2019,382520.0,12.85453621846348,0.0768232277738913,,,30,"Production of lime, or calcination of dolomite/magnesite",C22_C23,low-medium,63630.0,0.0078889648651667,-561.944,,False,,,-622.175,0.0,-0.0,0.0
NO,30,2020,315164.0,12.660848417245068,-0.1936878012184113,,,30,"Production of lime, or calcination of dolomite/magnesite",C22_C23,low-medium,62400.0,-0.0195197818693184,-603.999,,True,,0.4619999999999999,-622.175,0.0,-0.0,0.0
NO,30,2021,298244.0,12.605667222406591,-0.055181194838477,0.4619999999999999,3.0,30,"Production of lime, or calcination of dolomite/magnesite",C22_C23,low-medium,64640.0,0.0352681388374573,-622.175,,True,,0.3414,-622.175,0.0,-0.0,0.0
NO,30,2022,356291.0,12.783503091662212,0.1778358692556203,0.3414,4.0,30,"Production of lime, or calcination of dolomite/magnesite",C22_C23,low-medium,66670.0,0.0309216624171302,-682.103,,True,0.4619999999999999,0.3719999999999999,-622.175,1.0,-622.175,0.0
NO,30,2023,292329.0,12.585635159315228,-0.197867932346984,0.3719999999999999,3.0,30,"Production of lime, or calcination of dolomite/magnesite",C22_C23,low-medium,66140.0,-0.0079813690763224,-655.137,,True,0.3414,0.3400999999999999,-622.175,1.0,-622.175,0.0
NO,30,2024,335002.0,12.721891780938636,0.1362566216234082,0.3400999999999999,4.0,30,"Production of lime, or calcination of dolomite/magnesite",C22_C23,low-medium,66460.0,0.0048265553728015,-677.196,,True,0.3719999999999999,0.51,-622.175,0.0,-0.0,0.0
NO,30,2025,319196.0,12.673560613150952,-0.0483311677876834,0.51,3.0,30,"Production of lime, or calcination of dolomite/magnesite",C22_C23,low-medium,66720.0,0.0039044951240434,,,True,0.3400999999999999,,-622.175,0.0,-0.0,0.0
PL,30,2005,2053279.0,14.534948585452533,,,,30,"Production of lime, or calcination of dolomite/magnesite",C22_C23,low-medium,8080.0,0.0327073179757846,17.748,2004,True,,,40.464,0.0,0.0,1.0
PL,30,2006,2192933.0,14.600750475177724,0.0658018897251917,,,30,"Production of lime, or calcination of dolomite/magnesite",C22_C23,low-medium,8590.0,0.061206863463159,20.149,2004,True,,,40.464,0.0,0.0,1.0
PL,30,2007,2392879.0,14.688007801466677,0.0872573262889524,,,30,"Production of lime, or calcination of dolomite/magnesite",C22_C23,low-medium,9170.0,0.0653385502722105,25.79,2004,True,,,40.464,0.0,0.0,1.0
PL,30,2008,2218688.0,14.61242658815346,-0.0755812133132174,,,30,"Production of lime, or calcination of dolomite/magnesite",C22_C23,low-medium,9570.0,0.0426959191964879,30.862,2004,True,,,40.464,0.0,0.0,1.0
PL,30,2009,1933200.0,14.474687218953068,-0.1377393692003927,,,30,"Production of lime, or calcination of dolomite/magnesite",C22_C23,low-medium,9810.0,0.024769068112409,32.041,2004,True,,,40.464,0.0,0.0,1.0
PL,30,2010,2007674.0,14.512487396015862,0.0378001770627953,,,30,"Production of lime, or calcination of dolomite/magnesite",C22_C23,low-medium,10150.0,0.0340714319105242,31.559,2004,True,,,40.464,0.0,0.0,1.0
PL,30,2011,2239656.0,14.621832840609352,0.1093454445934902,,,30,"Production of lime, or calcination of dolomite/magnesite",C22_C23,low-medium,10680.0,0.0508991280442536,34.008,2004,True,,,40.464,0.0,0.0,1.0
PL,30,2012,2008518.0,14.51290769465319,-0.1089251459561619,,,30,"Production of lime, or calcination of dolomite/magnesite",C22_C23,low-medium,10840.0,0.0148701624794505,31.613,2004,True,,,40.464,0.0,0.0,1.0
PL,30,2013,2017824.0,14.517530261027815,0.0046225663746266,,,30,"Production of lime, or calcination of dolomite/magnesite",C22_C23,low-medium,10930.0,0.0082683061769479,26.236,2004,True,,,40.464,0.0,0.0,1.0
PL,30,2014,2114442.0,14.56430150586608,0.0467712448382631,,,30,"Production of lime, or calcination of dolomite/magnesite",C22_C23,low-medium,11360.0,0.0385871111045581,29.395,2004,True,,,40.464,0.0,0.0,1.0
PL,30,2015,2143445.0,14.577924905721996,0.0136233998559163,,,30,"Production of lime, or calcination of dolomite/magnesite",C22_C23,low-medium,11870.0,0.0439157953285711,29.829,2004,True,,,40.464,0.0,0.0,1.0
PL,30,2016,2226919.0,14.616129573777409,0.0382046680554104,,,30,"Production of lime, or calcination of dolomite/magnesite",C22_C23,low-medium,12240.0,0.0306950684626023,30.744,2004,False,,,40.464,0.0,0.0,1.0
PL,30,2017,2284919.0,14.641841133104446,0.0257115593270391,,,30,"Production of lime, or calcination of dolomite/magnesite",C22_C23,low-medium,12870.0,0.0501897445238554,38.255,2004,False,,,40.464,0.0,0.0,1.0
PL,30,2018,2235862.0,14.620137394000118,-0.0217037391043284,,,30,"Production of lime, or calcination of dolomite/magnesite",C22_C23,low-medium,13680.0,0.0610358905863694,43.52,2004,False,,,40.464,0.0,0.0,1.0
PL,30,2019,2116036.0,14.565055085048115,-0.0550823089520005,,,30,"Production of lime, or calcination of dolomite/magnesite",C22_C23,low-medium,14310.0,0.045023681373955,45.251,2004,False,,,40.464,0.0,0.0,1.0
PL,30,2020,1914134.0,14.46477585899374,-0.1002792260543774,,,30,"Production of lime, or calcination of dolomite/magnesite",C22_C23,low-medium,14310.0,0.0,42.775,2004,True,,0.1116,40.464,0.0,0.0,1.0
PL,30,2021,2130053.0,14.571657420005147,0.1068815610114093,0.1116,3.0,30,"Production of lime, or calcination of dolomite/magnesite",C22_C23,low-medium,15380.0,0.0721093705091391,40.464,2004,True,,0.226,40.464,0.0,0.0,1.0
PL,30,2022,1903190.0,14.459041983648548,-0.1126154363566005,0.226,4.0,30,"Production of lime, or calcination of dolomite/magnesite",C22_C23,low-medium,15840.0,0.0294704223087816,46.115,2004,True,0.1116,0.1833,40.464,1.0,40.464,1.0
PL,30,2023,1556990.0,14.258265028187932,-0.2007769554606167,0.1833,3.0,30,"Production of lime, or calcination of dolomite/magnesite",C22_C23,low-medium,15950.0,0.0069204428445726,47.996,2004,True,0.226,0.2898,40.464,1.0,40.464,1.0
PL,30,2024,1635073.0,14.307198009634828,0.0489329814468959,0.2898,4.0,30,"Production of lime, or calcination of dolomite/magnesite",C22_C23,low-medium,16510.0,0.0345074287011843,45.669,2004,True,0.1833,0.2445,40.464,0.0,0.0,1.0
PL,30,2025,852420.0,13.655834642094176,-0.6513633675406503,0.2445,3.0,30,"Production of lime, or calcination of dolomite/magnesite",C22_C23,low-medium,17170.0,0.0391974169773465,,2004,True,0.2898,,40.464,0.0,0.0,1.0
PT,30,2005,47892.0,10.776703754836737,,,,30,"Production of lime, or calcination of dolomite/magnesite",C22_C23,low-medium,19000.0,0.0058062976530219,88.561,EU-15,True,,,66.925,0.0,0.0,0.0
PT,30,2006,47739.0,10.773503952878292,-0.0031998019584413,,,30,"Production of lime, or calcination of dolomite/magnesite",C22_C23,low-medium,19280.0,0.0146293100159589,83.967,EU-15,True,,,66.925,0.0,0.0,0.0
PT,30,2007,57330.0,10.956579325902428,0.1830753730241348,,,30,"Production of lime, or calcination of dolomite/magnesite",C22_C23,low-medium,19720.0,0.0225650599920896,81.519,EU-15,True,,,66.925,0.0,0.0,0.0
PT,30,2008,50858.0,10.836792714569413,-0.1197866113330157,,,30,"Production of lime, or calcination of dolomite/magnesite",C22_C23,low-medium,19760.0,0.0020263431452338,83.623,EU-15,True,,,66.925,0.0,0.0,0.0
PT,30,2009,30811.0,10.33562704805848,-0.5011656665109339,,,30,"Production of lime, or calcination of dolomite/magnesite",C22_C23,low-medium,19120.0,-0.0329247846964673,81.434,EU-15,True,,,66.925,0.0,0.0,0.0
PT,30,2010,35196.0,10.468687718765452,0.133060670706973,,,30,"Production of lime, or calcination of dolomite/magnesite",C22_C23,low-medium,19440.0,0.0165978914090381,75.22,EU-15,True,,,66.925,0.0,0.0,0.0
PT,30,2011,41311.0,10.62888408731157,0.1601963685461189,,,30,"Production of lime, or calcination of dolomite/magnesite",C22_C23,low-medium,19110.0,-0.0171210407801112,77.792,EU-15,True,,,66.925,0.0,0.0,0.0
PT,30,2012,35808.0,10.485926611111651,-0.1429574761999195,,,30,"Production of lime, or calcination of dolomite/magnesite",C22_C23,low-medium,18410.0,-0.037317763007195,79.461,EU-15,True,,,66.925,0.0,0.0,0.0
PT,30,2013,42487.0,10.656953425768018,0.1710268146563667,,,30,"Production of lime, or calcination of dolomite/magnesite",C22_C23,low-medium,18330.0,-0.0043549333933725,73.347,EU-15,True,,,66.925,0.0,0.0,0.0
PT,30,2014,37973.0,10.544630659849275,-0.1123227659187406,,,30,"Production of lime, or calcination of dolomite/magnesite",C22_C23,low-medium,18560.0,0.0124696655064404,70.234,EU-15,True,,,66.925,0.0,0.0,0.0
PT,30,2015,35449.0,10.475850322817688,-0.0687803370315887,,,30,"Production of lime, or calcination of dolomite/magnesite",C22_C23,low-medium,18920.0,0.0192108362656764,76.293,EU-15,True,,,66.925,0.0,0.0,0.0
PT,30,2016,37290.0,10.526480473172866,0.0506301503551771,,,30,"Production of lime, or calcination of dolomite/magnesite",C22_C23,low-medium,19350.0,0.0224728558520599,72.241,EU-15,False,,,66.925,0.0,0.0,0.0
PT,30,2017,40232.0,10.6024179778518,0.0759375046789347,,,30,"Production of lime, or calcination of dolomite/magnesite",C22_C23,low-medium,20020.0,0.0340393544112824,77.965,EU-15,False,,,66.925,0.0,0.0,0.0
PT,30,2018,93977.0,11.450805350461836,0.8483873726100342,,,30,"Production of lime, or calcination of dolomite/magnesite",C22_C23,low-medium,20620.0,0.0295297047017406,75.657,EU-15,False,,,66.925,0.0,0.0,0.0
PT,30,2019,104513.0,11.557066744563604,0.106261394101768,,,30,"Production of lime, or calcination of dolomite/magnesite",C22_C23,low-medium,21150.0,0.0253784269034724,73.875,EU-15,False,,,66.925,0.0,0.0,0.0
PT,30,2020,97748.0,11.49014801728024,-0.0669187272833617,,,30,"Production of lime, or calcination of dolomite/magnesite",C22_C23,low-medium,19360.0,-0.088430823643856,65.282,EU-15,True,,0.1434,66.925,0.0,0.0,0.0
PT,30,2021,101282.0,11.525663984418417,0.0355159671381759,0.1434,3.0,30,"Production of lime, or calcination of dolomite/magnesite",C22_C23,low-medium,20390.0,0.0518355027379335,66.925,EU-15,True,,0.3833999999999999,66.925,0.0,0.0,0.0
PT,30,2022,99507.0,11.50798327243091,-0.0176807119875075,0.3833999999999999,4.0,30,"Production of lime, or calcination of dolomite/magnesite",C22_C23,low-medium,21690.0,0.0618067402524182,71.274,EU-15,True,0.1434,0.2293999999999999,66.925,1.0,66.925,0.0
PT,30,2023,102824.0,11.540774067789968,0.0327907953590589,0.2293999999999999,3.0,30,"Production of lime, or calcination of dolomite/magnesite",C22_C23,low-medium,22130.0,0.0200828292241759,66.866,EU-15,True,0.3833999999999999,0.3528,66.925,1.0,66.925,0.0
PT,30,2024,107984.0,11.589738346983188,0.0489642791932194,0.3528,4.0,30,"Production of lime, or calcination of dolomite/magnesite",C22_C23,low-medium,22370.0,0.0107866214390792,64.524,EU-15,True,0.2293999999999999,0.2916,66.925,0.0,0.0,0.0
PT,30,2025,103822.0,11.550433173306631,-0.0393051736765563,0.2916,3.0,30,"Production of lime, or calcination of dolomite/magnesite",C22_C23,low-medium,22560.0,0.00845765112782,,EU-15,True,0.3528,,66.925,0.0,0.0,0.0
RO,30,2007,750420.0,13.528388328771006,,,,30,"Production of lime, or calcination of dolomite/magnesite",C22_C23,low-medium,7870.0,0.0848190262586374,31.46,2007,True,,,31.65,0.0,0.0,1.0
RO,30,2008,699442.0,13.458038153281086,-0.0703501754899207,,,30,"Production of lime, or calcination of dolomite/magnesite",C22_C23,low-medium,8740.0,0.1048521272381322,27.65,2007,True,,,31.65,0.0,0.0,1.0
RO,30,2009,481183.0,13.084002934112798,-0.3740352191682881,,,30,"Production of lime, or calcination of dolomite/magnesite",C22_C23,low-medium,8330.0,-0.0480467334886913,19.89,2007,True,,,31.65,0.0,0.0,1.0
RO,30,2010,457885.0,13.034373339864466,-0.0496295942483318,,,30,"Production of lime, or calcination of dolomite/magnesite",C22_C23,low-medium,8050.0,-0.0341913647482794,21.386,2007,True,,,31.65,0.0,0.0,1.0
RO,30,2011,466035.0,13.052016017583508,0.0176426777190421,,,30,"Production of lime, or calcination of dolomite/magnesite",C22_C23,low-medium,8460.0,0.0496770821876602,21.14,2007,True,,,31.65,0.0,0.0,1.0
RO,30,2012,430735.0,12.973248330800674,-0.0787676867828341,,,30,"Production of lime, or calcination of dolomite/magnesite",C22_C23,low-medium,8660.0,0.0233655489562103,22.463,2007,True,,,31.65,0.0,0.0,1.0
RO,30,2013,408054.0,12.919154797569597,-0.054093533231077,,,30,"Production of lime, or calcination of dolomite/magnesite",C22_C23,low-medium,8710.0,0.0057570682900678,18.317,2007,True,,,31.65,0.0,0.0,1.0
RO,30,2014,426218.0,12.96270623144794,0.043551433878342,,,30,"Production of lime, or calcination of dolomite/magnesite",C22_C23,low-medium,9100.0,0.0438026226583936,16.663,2007,True,,,31.65,0.0,0.0,1.0
RO,30,2015,490980.0,13.104158672749485,0.1414524413015438,,,30,"Production of lime, or calcination of dolomite/magnesite",C22_C23,low-medium,9430.0,0.0356216831225619,16.687,2007,True,,,31.65,0.0,0.0,1.0
RO,30,2016,564492.0,13.243681490637952,0.1395228178884693,,,30,"Production of lime, or calcination of dolomite/magnesite",C22_C23,low-medium,9760.0,0.0343963037796353,21.901,2007,False,,,31.65,0.0,0.0,1.0
RO,30,2017,604996.0,13.312977125420874,0.0692956347829216,,,30,"Production of lime, or calcination of dolomite/magnesite",C22_C23,low-medium,10620.0,0.0844466153887903,23.295,2007,False,,,31.65,0.0,0.0,1.0
RO,30,2018,636845.0,13.364281576844744,0.0513044514238707,,,30,"Production of lime, or calcination of dolomite/magnesite",C22_C23,low-medium,11260.0,0.0585176068977517,24.291,2007,False,,,31.65,0.0,0.0,1.0
RO,30,2019,634698.0,13.360904574194592,-0.0033770026501525,,,30,"Production of lime, or calcination of dolomite/magnesite",C22_C23,low-medium,11760.0,0.0434473197589362,30.282,2007,False,,,31.65,0.0,0.0,1.0
RO,30,2020,623506.0,13.343113667151355,-0.0177909070432367,,,30,"Production of lime, or calcination of dolomite/magnesite",C22_C23,low-medium,11390.0,-0.0319681650113885,28.191,2007,True,,0.1147,31.65,0.0,0.0,1.0
RO,30,2021,674905.0,13.422327219209018,0.0792135520576629,0.1147,3.0,30,"Production of lime, or calcination of dolomite/magnesite",C22_C23,low-medium,12130.0,0.0629459454968675,31.65,2007,True,,0.1396,31.65,0.0,0.0,1.0
RO,30,2022,544905.0,13.208366746524684,-0.2139604726843327,0.1396,4.0,30,"Production of lime, or calcination of dolomite/magnesite",C22_C23,low-medium,12690.0,0.0451325587703372,32.423,2007,True,0.1147,0.0642,31.65,1.0,31.65,1.0
RO,30,2023,410295.0,12.92463169215081,-0.2837350543738761,0.0642,3.0,30,"Production of lime, or calcination of dolomite/magnesite",C22_C23,low-medium,12970.0,0.0218247166020564,27.863,2007,True,0.1396,0.1995,31.65,1.0,31.65,1.0
RO,30,2024,358806.0,12.790537131434988,-0.1340945607158215,0.1995,4.0,30,"Production of lime, or calcination of dolomite/magnesite",C22_C23,low-medium,13090.0,0.0092095815934563,30.356,2007,True,0.0642,0.1397,31.65,0.0,0.0,1.0
RO,30,2025,336329.0,12.725845126541028,-0.0646920048939598,0.1397,3.0,30,"Production of lime, or calcination of dolomite/magnesite",C22_C23,low-medium,13190.0,0.0076103868074142,,2007,True,0.1995,,31.65,0.0,0.0,1.0
SE,30,2005,896291.0,13.706020416014216,,,,30,"Production of lime, or calcination of dolomite/magnesite",C22_C23,low-medium,41330.0,0.0237494330382315,38.075,EU-15,True,,,21.224,0.0,0.0,0.0
SE,30,2006,764870.0,13.547461163727624,-0.1585592522865937,,,30,"Production of lime, or calcination of dolomite/magnesite",C22_C23,low-medium,42990.0,0.0393789019845502,38.227,EU-15,True,,,21.224,0.0,0.0,0.0
SE,30,2007,823428.0,13.62123139308347,0.0737702293558459,,,30,"Production of lime, or calcination of dolomite/magnesite",C22_C23,low-medium,44080.0,0.0250386343364681,36.797,EU-15,True,,,21.224,0.0,0.0,0.0
SE,30,2008,815151.0,13.611128651135129,-0.0101027419483425,,,30,"Production of lime, or calcination of dolomite/magnesite",C22_C23,low-medium,43330.0,-0.0171609290928405,38.416,EU-15,True,,,21.224,0.0,0.0,0.0
SE,30,2009,581926.0,13.27409857086329,-0.3370300802718375,,,30,"Production of lime, or calcination of dolomite/magnesite",C22_C23,low-medium,41130.0,-0.0521074535094854,38.186,EU-15,True,,,21.224,0.0,0.0,0.0
SE,30,2010,784389.0,13.57266034974858,0.2985617788852899,,,30,"Production of lime, or calcination of dolomite/magnesite",C22_C23,low-medium,43130.0,0.0474810284174189,37.99,EU-15,True,,,21.224,0.0,0.0,0.0
SE,30,2011,802006.0,13.594871368117424,0.0222110183688446,,,30,"Production of lime, or calcination of dolomite/magnesite",C22_C23,low-medium,44150.0,0.023374116390217,36.483,EU-15,True,,,21.224,0.0,0.0,0.0
SE,30,2012,705930.0,13.467271361418035,-0.1276000066993887,,,30,"Production of lime, or calcination of dolomite/magnesite",C22_C23,low-medium,43650.0,-0.0113896447643586,30.169,EU-15,True,,,21.224,0.0,0.0,0.0
SE,30,2013,738711.0,13.512662054430733,0.0453906930126972,,,30,"Production of lime, or calcination of dolomite/magnesite",C22_C23,low-medium,43770.0,0.0027453689171927,32.8,EU-15,True,,,21.224,0.0,0.0,0.0
SE,30,2014,677927.0,13.426794891509225,-0.0858671629215077,,,30,"Production of lime, or calcination of dolomite/magnesite",C22_C23,low-medium,44330.0,0.0127129975541588,32.345,EU-15,True,,,21.224,0.0,0.0,0.0
SE,30,2015,690220.0,13.444765666334296,0.0179707748250717,,,30,"Production of lime, or calcination of dolomite/magnesite",C22_C23,low-medium,45790.0,0.0324040779120426,30.071,EU-15,True,,,21.224,0.0,0.0,0.0
SE,30,2016,709563.0,13.472404566566205,0.0276389002319064,,,30,"Production of lime, or calcination of dolomite/magnesite",C22_C23,low-medium,46220.0,0.0093468781772294,33.311,EU-15,False,,,21.224,0.0,0.0,0.0
SE,30,2017,769247.0,13.55316739327418,0.0807628267079785,,,30,"Production of lime, or calcination of dolomite/magnesite",C22_C23,low-medium,46420.0,0.0043177960000573,26.668,EU-15,False,,,21.224,0.0,0.0,0.0
SE,30,2018,632917.0,13.358094570886148,-0.1950728223880329,,,30,"Production of lime, or calcination of dolomite/magnesite",C22_C23,low-medium,46700.0,0.0060137638285606,29.072,EU-15,False,,,21.224,0.0,0.0,0.0
SE,30,2019,621406.0,13.339739931510818,-0.0183546393753299,,,30,"Production of lime, or calcination of dolomite/magnesite",C22_C23,low-medium,47410.0,0.0150890122391746,30.056,EU-15,False,,,21.224,0.0,0.0,0.0
SE,30,2020,628885.0,13.351703689078445,0.0119637575676261,,,30,"Production of lime, or calcination of dolomite/magnesite",C22_C23,low-medium,46180.0,-0.0262863729876769,31.982,EU-15,True,,0.5266,21.224,0.0,0.0,0.0
SE,30,2021,611307.0,13.323354566957308,-0.0283491221211367,0.5266,3.0,30,"Production of lime, or calcination of dolomite/magnesite",C22_C23,low-medium,48300.0,0.044884756732177,21.224,EU-15,True,,0.6547999999999999,21.224,0.0,0.0,0.0
SE,30,2022,656598.0,13.394827238050471,0.071472671093165,0.6547999999999999,4.0,30,"Production of lime, or calcination of dolomite/magnesite",C22_C23,low-medium,48390.0,0.0018616201467001,26.961,EU-15,True,0.5266,0.4012999999999999,21.224,1.0,21.224,0.0
SE,30,2023,640412.0,13.369866998217708,-0.0249602398327652,0.4012999999999999,3.0,30,"Production of lime, or calcination of dolomite/magnesite",C22_C23,low-medium,47960.0,-0.0089258506459142,26.388,EU-15,True,0.6547999999999999,0.5939,21.224,1.0,21.224,0.0
SE,30,2024,596961.0,13.299607063607697,-0.0702599346100125,0.5939,4.0,30,"Production of lime, or calcination of dolomite/magnesite",C22_C23,low-medium,48770.0,0.016748039562648,26.504,EU-15,True,0.4012999999999999,0.6786,21.224,0.0,0.0,0.0
SE,30,2025,465722.0,13.051344168567567,-0.2482628950401277,0.6786,3.0,30,"Production of lime, or calcination of dolomite/magnesite",C22_C23,low-medium,49250.0,0.0097939978961374,,EU-15,True,0.5939,,21.224,0.0,0.0,0.0
SI,30,2005,108553.0,11.594993811958169,,,,30,"Production of lime, or calcination of dolomite/magnesite",C22_C23,low-medium,18610.0,0.0361089557198717,50.826,2004,True,,,48.6,0.0,0.0,1.0
SI,30,2006,126402.0,11.747222583354525,0.1522287713963575,,,30,"Production of lime, or calcination of dolomite/magnesite",C22_C23,low-medium,19640.0,0.0538692322721612,50.897,2004,True,,,48.6,0.0,0.0,1.0
SI,30,2007,119963.0,11.694938640886354,-0.0522839424681702,,,30,"Production of lime, or calcination of dolomite/magnesite",C22_C23,low-medium,20930.0,0.0636152335315891,50.821,2004,True,,,48.6,0.0,0.0,1.0
SI,30,2008,107290.0,11.583290727630793,-0.1116479132555632,,,30,"Production of lime, or calcination of dolomite/magnesite",C22_C23,low-medium,21600.0,0.0315097782322109,53.587,2004,True,,,48.6,0.0,0.0,1.0
SI,30,2009,80669.0,11.29810964167221,-0.2851810859585804,,,30,"Production of lime, or calcination of dolomite/magnesite",C22_C23,low-medium,19770.0,-0.088527677507594,48.836,2004,True,,,48.6,0.0,0.0,1.0
SI,30,2010,106958.0,11.580191513022095,0.2820818713498862,,,30,"Production of lime, or calcination of dolomite/magnesite",C22_C23,low-medium,19920.0,0.0075586149739255,49.28,2004,True,,,48.6,0.0,0.0,1.0
SI,30,2011,107269.0,11.583094977277115,0.00290346425502,,,30,"Production of lime, or calcination of dolomite/magnesite",C22_C23,low-medium,20010.0,0.0045078964391898,48.353,2004,True,,,48.6,0.0,0.0,1.0
SI,30,2012,82333.0,11.318527278350814,-0.264567698926303,,,30,"Production of lime, or calcination of dolomite/magnesite",C22_C23,low-medium,19390.0,-0.0314746793410805,51.844,2004,True,,,48.6,0.0,0.0,1.0
SI,30,2013,58005.0,10.968284492709508,-0.3502427856413064,,,30,"Production of lime, or calcination of dolomite/magnesite",C22_C23,low-medium,19210.0,-0.009326492474095,47.475,2004,True,,,48.6,0.0,0.0,1.0
SI,30,2014,54128.0,10.89910689102049,-0.0691776016890184,,,30,"Production of lime, or calcination of dolomite/magnesite",C22_C23,low-medium,19720.0,0.0262023723940227,45.19,2004,True,,,48.6,0.0,0.0,1.0
SI,30,2015,58132.0,10.97047156574606,0.0713646747255722,,,30,"Production of lime, or calcination of dolomite/magnesite",C22_C23,low-medium,20170.0,0.0225630027916317,49.257,2004,True,,,48.6,0.0,0.0,1.0
SI,30,2016,58203.0,10.971692178782812,0.0012206130367502,,,30,"Production of lime, or calcination of dolomite/magnesite",C22_C23,low-medium,20770.0,0.0293132859219014,48.946,2004,False,,,48.6,0.0,0.0,1.0
SI,30,2017,58098.0,10.969886518839584,-0.0018056599432263,,,30,"Production of lime, or calcination of dolomite/magnesite",C22_C23,low-medium,21830.0,0.0497755326738307,50.662,2004,False,,,48.6,0.0,0.0,1.0
SI,30,2018,58496.0,10.97671365481382,0.0068271359742357,,,30,"Production of lime, or calcination of dolomite/magnesite",C22_C23,low-medium,22720.0,0.0399604232910988,51.091,2004,False,,,48.6,0.0,0.0,1.0
SI,30,2019,57073.0,10.95208642917211,-0.0246272256417103,,,30,"Production of lime, or calcination of dolomite/magnesite",C22_C23,low-medium,23330.0,0.0264944921803866,51.971,2004,False,,,48.6,0.0,0.0,1.0
SI,30,2020,59514.0,10.99396685797405,0.0418804288019387,,,30,"Production of lime, or calcination of dolomite/magnesite",C22_C23,low-medium,22230.0,-0.0482973580572334,45.671,2004,True,,0.2615,48.6,0.0,0.0,1.0
SI,30,2021,79760.0,11.28677740463572,0.2928105466616699,0.2615,3.0,30,"Production of lime, or calcination of dolomite/magnesite",C22_C23,low-medium,24040.0,0.0782763816909017,48.6,2004,True,,0.3518,48.6,0.0,0.0,1.0
SI,30,2022,65872.0,11.095468744009686,-0.1913086606260332,0.3518,4.0,30,"Production of lime, or calcination of dolomite/magnesite",C22_C23,low-medium,24650.0,0.0250577908216929,53.91,2004,True,0.2615,0.2048999999999999,48.6,1.0,48.6,1.0
SI,30,2023,55756.0,10.928740306849775,-0.1667284371599091,0.2048999999999999,3.0,30,"Production of lime, or calcination of dolomite/magnesite",C22_C23,low-medium,25170.0,0.0208759086585246,49.26,2004,True,0.3518,0.2483,48.6,1.0,48.6,1.0
SI,30,2024,53240.0,10.882565272509048,-0.0461750343407292,0.2483,4.0,30,"Production of lime, or calcination of dolomite/magnesite",C22_C23,low-medium,25600.0,0.0169395423382923,46.382,2004,True,0.2048999999999999,0.2935999999999999,48.6,0.0,0.0,1.0
SI,30,2025,51975.0,10.858518112726214,-0.0240471597828335,0.2935999999999999,3.0,30,"Production of lime, or calcination of dolomite/magnesite",C22_C23,low-medium,25940.0,0.013193827402782,,2004,True,0.2483,,48.6,0.0,0.0,1.0
SK,30,2005,994920.0,13.810417610898265,,,,30,"Production of lime, or calcination of dolomite/magnesite",C22_C23,low-medium,11070.0,0.0614718640936686,65.99,2004,True,,,52.584,0.0,0.0,1.0
SK,30,2006,1022205.0,13.837472616715036,0.0270550058167717,,,30,"Production of lime, or calcination of dolomite/magnesite",C22_C23,low-medium,12050.0,0.0848259132161182,64.344,2004,True,,,52.584,0.0,0.0,1.0
SK,30,2007,1035390.0,13.85028872530015,0.0128161085851132,,,30,"Production of lime, or calcination of dolomite/magnesite",C22_C23,low-medium,13340.0,0.1017023805508134,69.736,2004,True,,,52.584,0.0,0.0,1.0
SK,30,2008,1581803.0,14.27407589363918,0.4237871683390288,,,30,"Production of lime, or calcination of dolomite/magnesite",C22_C23,low-medium,14030.0,0.0504308536268922,65.842,2004,True,,,52.584,0.0,0.0,1.0
SK,30,2009,1215253.0,14.01046284353251,-0.2636130501066684,,,30,"Production of lime, or calcination of dolomite/magnesite",C22_C23,low-medium,13230.0,-0.0587109159875058,67.692,2004,True,,,52.584,0.0,0.0,1.0
SK,30,2010,1453866.0,14.189736773268814,0.1792739297363041,,,30,"Production of lime, or calcination of dolomite/magnesite",C22_C23,low-medium,14100.0,0.0636878192572591,61.942,2004,True,,,52.584,0.0,0.0,1.0
SK,30,2011,1415512.0,14.16300186106792,-0.0267349122008937,,,30,"Production of lime, or calcination of dolomite/magnesite",C22_C23,low-medium,14540.0,0.0307286747212494,63.462,2004,True,,,52.584,0.0,0.0,1.0
SK,30,2012,1292563.0,14.072137626923448,-0.0908642341444725,,,30,"Production of lime, or calcination of dolomite/magnesite",C22_C23,low-medium,14750.0,0.0143396106804569,58.952,2004,True,,,52.584,0.0,0.0,1.0
SK,30,2013,1143629.0,13.949717097625737,-0.1224205292977114,,,30,"Production of lime, or calcination of dolomite/magnesite",C22_C23,low-medium,14830.0,0.0054090733640119,58.4,2004,True,,,52.584,0.0,0.0,1.0
SK,30,2014,1149275.0,13.954641866749256,0.0049247691235194,,,30,"Production of lime, or calcination of dolomite/magnesite",C22_C23,low-medium,15220.0,0.0259581962836978,60.698,2004,True,,,52.584,0.0,0.0,1.0
SK,30,2015,1072804.0,13.885786339503433,-0.0688555272458248,,,30,"Production of lime, or calcination of dolomite/magnesite",C22_C23,low-medium,16000.0,0.0499783698062419,58.013,2004,True,,,52.584,0.0,0.0,1.0
SK,30,2016,1021559.0,13.8368404497706,-0.0489458897328312,,,30,"Production of lime, or calcination of dolomite/magnesite",C22_C23,low-medium,16280.0,0.0173486383346137,58.206,2004,False,,,52.584,0.0,0.0,1.0
SK,30,2017,1100117.0,13.910927095748752,0.0740866459781521,,,30,"Production of lime, or calcination of dolomite/magnesite",C22_C23,low-medium,16730.0,0.0272661544243373,62.541,2004,False,,,52.584,0.0,0.0,1.0
SK,30,2018,1135499.0,13.942582759858054,0.0316556641093015,,,30,"Production of lime, or calcination of dolomite/magnesite",C22_C23,low-medium,17380.0,0.0381166048385139,61.905,2004,False,,,52.584,0.0,0.0,1.0
SK,30,2019,1059316.0,13.873133974784688,-0.0694487850733658,,,30,"Production of lime, or calcination of dolomite/magnesite",C22_C23,low-medium,17760.0,0.0216286177267779,69.785,2004,False,,,52.584,0.0,0.0,1.0
SK,30,2020,936002.0,13.749372892209584,-0.1237610825751041,,,30,"Production of lime, or calcination of dolomite/magnesite",C22_C23,low-medium,17270.0,-0.0279778454054362,56.329,2004,True,,0.153,52.584,0.0,0.0,1.0
SK,30,2021,1101832.0,13.912484806982556,0.1631119147729727,0.153,3.0,30,"Production of lime, or calcination of dolomite/magnesite",C22_C23,low-medium,18320.0,0.0590224670873968,52.584,2004,True,,0.2099,52.584,0.0,0.0,1.0
SK,30,2022,974174.0,13.789345211433456,-0.1231395955490999,0.2099,4.0,30,"Production of lime, or calcination of dolomite/magnesite",C22_C23,low-medium,18360.0,0.0021810259463599,69.595,2004,True,0.153,0.1125,52.584,1.0,52.584,1.0
SK,30,2023,830071.0,13.629266518282932,-0.160078693150524,0.1125,3.0,30,"Production of lime, or calcination of dolomite/magnesite",C22_C23,low-medium,18750.0,0.0210193672240741,58.41,2004,True,0.2099,0.2012999999999999,52.584,1.0,52.584,1.0
SK,30,2024,781989.0,13.56959595293235,-0.0596705653505829,0.2012999999999999,4.0,30,"Production of lime, or calcination of dolomite/magnesite",C22_C23,low-medium,19110.0,0.0190180058357629,53.501,2004,True,0.1125,0.2815,52.584,0.0,0.0,1.0
SK,30,2025,708901.0,13.471471162478313,-0.0981247904540385,0.2815,3.0,30,"Production of lime, or calcination of dolomite/magnesite",C22_C23,low-medium,19270.0,0.0083377241740922,,2004,True,0.2012999999999999,,52.584,0.0,0.0,1.0
UK,30,2005,383437.0,12.856930609893038,,,,30,"Production of lime, or calcination of dolomite/magnesite",C22_C23,low-medium,,,13.363,EU-15,True,,,,0.0,,0.0
UK,30,2006,370184.0,12.821755458306384,-0.0351751515866549,,,30,"Production of lime, or calcination of dolomite/magnesite",C22_C23,low-medium,,,21.132,EU-15,True,,,,0.0,,0.0
UK,30,2007,1070297.0,13.883446738016096,1.0616912797097129,,,30,"Production of lime, or calcination of dolomite/magnesite",C22_C23,low-medium,,,20.378,EU-15,True,,,,0.0,,0.0
UK,30,2008,2613790.0,14.776311833290327,0.8928650952742334,,,30,"Production of lime, or calcination of dolomite/magnesite",C22_C23,low-medium,,,26.236,EU-15,True,,,,0.0,,0.0
UK,30,2009,2083987.0,14.5497934438321,-0.2265183894582296,,,30,"Production of lime, or calcination of dolomite/magnesite",C22_C23,low-medium,,,27.274,EU-15,True,,,,0.0,,0.0
UK,30,2010,2264440.0,14.63283804571217,0.0830446018800703,,,30,"Production of lime, or calcination of dolomite/magnesite",C22_C23,low-medium,,,29.008,EU-15,True,,,,0.0,,0.0
UK,30,2011,2241848.0,14.62281108370578,-0.0100269620063908,,,30,"Production of lime, or calcination of dolomite/magnesite",C22_C23,low-medium,,,36.942,EU-15,True,,,,0.0,,0.0
UK,30,2012,2186031.0,14.59759812877086,-0.0252129549349184,,,30,"Production of lime, or calcination of dolomite/magnesite",C22_C23,low-medium,,,43.387,EU-15,True,,,,0.0,,0.0
UK,30,2013,2423842.0,14.700864442528784,0.1032663137579223,,,30,"Production of lime, or calcination of dolomite/magnesite",C22_C23,low-medium,,,47.758,EU-15,True,,,,0.0,,0.0
UK,30,2014,2502938.0,14.732975799831454,0.0321113573026714,,,30,"Production of lime, or calcination of dolomite/magnesite",C22_C23,low-medium,,,46.773,EU-15,True,,,,0.0,,0.0
UK,30,2015,2464255.0,14.71740008854054,-0.0155757112909142,,,30,"Production of lime, or calcination of dolomite/magnesite",C22_C23,low-medium,,,37.638,EU-15,True,,,,0.0,,0.0
UK,30,2016,2213250.0,14.609972581473295,-0.1074275070672445,,,30,"Production of lime, or calcination of dolomite/magnesite",C22_C23,low-medium,,,35.639,EU-15,False,,,,0.0,,0.0
UK,30,2017,2407118.0,14.693940739244518,0.0839681577712223,,,30,"Production of lime, or calcination of dolomite/magnesite",C22_C23,low-medium,,,35.575,EU-15,False,,,,0.0,,0.0
UK,30,2018,2552766.0,14.752688035148608,0.0587472959040891,,,30,"Production of lime, or calcination of dolomite/magnesite",C22_C23,low-medium,,,35.513,EU-15,False,,,,0.0,,0.0
UK,30,2019,2444463.0,14.709336024866651,-0.0433520102819553,,,30,"Production of lime, or calcination of dolomite/magnesite",C22_C23,low-medium,,,34.829,EU-15,False,,,,0.0,,0.0
UK,30,2020,2323320.0,14.658507755171213,-0.0508282696954403,,,30,"Production of lime, or calcination of dolomite/magnesite",C22_C23,low-medium,,,,EU-15,True,,,,0.0,,0.0
AT,36,2005,1503919.0,14.223584925658637,,,,36,Production of paper or cardboard,C16-C18,medium,40270.0,0.0162727335929577,71.76,EU-15,True,,,51.952,0.0,0.0,0.0
AT,36,2006,1467786.0,14.199265700963403,-0.0243192246952332,,,36,Production of paper or cardboard,C16-C18,medium,41370.0,0.0269492056099576,72.248,EU-15,True,,,51.952,0.0,0.0,0.0
AT,36,2007,1486564.0,14.21197797464754,0.0127122736841354,,,36,Production of paper or cardboard,C16-C18,medium,42790.0,0.0337484499554054,68.475,EU-15,True,,,51.952,0.0,0.0,0.0
AT,36,2008,1454411.0,14.190111565633076,-0.0218664090144624,,,36,Production of paper or cardboard,C16-C18,medium,43270.0,0.0111551238080682,68.738,EU-15,True,,,51.952,0.0,0.0,0.0
AT,36,2009,1394069.0,14.147737366925549,-0.0423741987075292,,,36,Production of paper or cardboard,C16-C18,medium,41620.0,-0.0388787332713054,65.122,EU-15,True,,,51.952,0.0,0.0,0.0
AT,36,2010,1460480.0,14.194275706775738,0.0465383398501906,,,36,Production of paper or cardboard,C16-C18,medium,42280.0,0.0157333400365491,62.782,EU-15,True,,,51.952,0.0,0.0,0.0
AT,36,2011,1433881.0,14.175895312039987,-0.0183803947357503,,,36,Production of paper or cardboard,C16-C18,medium,43370.0,0.0254537968452375,69.981,EU-15,True,,,51.952,0.0,0.0,0.0
AT,36,2012,1401873.0,14.15331975759487,-0.0225755544451171,,,36,Production of paper or cardboard,C16-C18,medium,43450.0,0.0018428938641257,63.785,EU-15,True,,,51.952,0.0,0.0,0.0
AT,36,2013,1214125.0,14.009534210704633,-0.1437855468902391,,,36,Production of paper or cardboard,C16-C18,medium,43080.0,-0.0085519994232132,61.26,EU-15,True,,,51.952,0.0,0.0,0.0
AT,36,2014,1084555.0,13.896680322578154,-0.1128538881264766,,,36,Production of paper or cardboard,C16-C18,medium,43070.0,-0.0002321532221678,65.625,EU-15,True,,,51.952,0.0,0.0,0.0
AT,36,2015,1179988.0,13.981014826898612,0.0843345043204575,,,36,Production of paper or cardboard,C16-C18,medium,43200.0,0.0030137961840459,60.379,EU-15,True,,,51.952,0.0,0.0,0.0
AT,36,2016,1127053.0,13.93511681942281,-0.0458980074758024,,,36,Production of paper or cardboard,C16-C18,medium,43550.0,0.0080692080484467,62.102,EU-15,False,,0.2048,51.952,0.0,0.0,0.0
AT,36,2017,1154339.0,13.959038443742806,0.0239216243199962,0.2048,1.0,36,Production of paper or cardboard,C16-C18,medium,44260.0,0.0161716313243918,63.93,EU-15,False,,,51.952,0.0,0.0,0.0
AT,36,2018,1178618.0,13.979853123626365,0.0208146798835571,,,36,Production of paper or cardboard,C16-C18,medium,45140.0,0.0196874367664854,64.223,EU-15,False,0.2048,,51.952,0.0,0.0,0.0
AT,36,2019,1141883.0,13.948189212110666,-0.0316639115156967,,,36,Production of paper or cardboard,C16-C18,medium,45730.0,0.0129857662805736,71.601,EU-15,False,,0.0872,51.952,0.0,0.0,0.0
AT,36,2020,1102980.0,13.913526165704972,-0.0346630464056936,0.0872,2.0,36,Production of paper or cardboard,C16-C18,medium,42650.0,-0.0697272637322754,58.281,EU-15,True,,0.1546,51.952,0.0,0.0,0.0
AT,36,2021,1094211.0,13.905544113568094,-0.007982052136878,0.1546,3.0,36,Production of paper or cardboard,C16-C18,medium,44580.0,0.0442580540200356,51.952,EU-15,True,0.0872,0.1648,51.952,0.0,0.0,0.0
AT,36,2022,966144.0,13.78106817040806,-0.1244759431600357,0.1648,4.0,36,Production of paper or cardboard,C16-C18,medium,46430.0,0.040660474074107,73.986,EU-15,True,0.1546,0.2171,51.952,1.0,51.952,0.0
AT,36,2023,780692.0,13.56793598484184,-0.2131321855662182,0.2171,3.0,36,Production of paper or cardboard,C16-C18,medium,45670.0,-0.0165041748349228,60.317,EU-15,True,0.1648,0.3229999999999999,51.952,1.0,51.952,0.0
AT,36,2024,785011.0,13.573453009405222,0.0055170245633817,0.3229999999999999,4.0,36,Production of paper or cardboard,C16-C18,medium,45140.0,-0.011672855807518,53.325,EU-15,True,0.2171,0.3179,51.952,0.0,0.0,0.0
AT,36,2025,787444.0,13.576547536042298,0.0030945266370761,0.3179,3.0,36,Production of paper or cardboard,C16-C18,medium,45390.0,0.0055230450789842,,EU-15,True,0.3229999999999999,,51.952,0.0,0.0,0.0
BE,36,2005,621713.0,13.340233850445758,,,,36,Production of paper or cardboard,C16-C18,medium,38100.0,0.0174746305232638,79.912,EU-15,True,,,70.773,0.0,0.0,0.0
BE,36,2006,646062.0,13.378650753391607,0.0384169029458512,,,36,Production of paper or cardboard,C16-C18,medium,38810.0,0.0184636632481591,79.486,EU-15,True,,,70.773,0.0,0.0,0.0
BE,36,2007,598165.0,13.30162191460636,-0.0770288387852478,,,36,Production of paper or cardboard,C16-C18,medium,39950.0,0.0289507268314697,76.882,EU-15,True,,,70.773,0.0,0.0,0.0
BE,36,2008,603091.0,13.309823376429373,0.0082014618230115,,,36,Production of paper or cardboard,C16-C18,medium,39810.0,-0.0035105352000588,80.846,EU-15,True,,,70.773,0.0,0.0,0.0
BE,36,2009,538001.0,13.195615697878251,-0.1142076785511196,,,36,Production of paper or cardboard,C16-C18,medium,38740.0,-0.0272454790333753,75.921,EU-15,True,,,70.773,0.0,0.0,0.0
BE,36,2010,656351.0,13.394450985807753,0.1988352879294996,,,36,Production of paper or cardboard,C16-C18,medium,39420.0,0.0174006437457237,78.656,EU-15,True,,,70.773,0.0,0.0,0.0
BE,36,2011,650506.0,13.385505800566255,-0.0089451852414974,,,36,Production of paper or cardboard,C16-C18,medium,39670.0,0.006321932801665,76.588,EU-15,True,,,70.773,0.0,0.0,0.0
BE,36,2012,630767.0,13.354691818181324,-0.0308139823849309,,,36,Production of paper or cardboard,C16-C18,medium,39510.0,-0.004041430102939,76.673,EU-15,True,,,70.773,0.0,0.0,0.0
BE,36,2013,609816.0,13.320912551302934,-0.0337792668783905,,,36,Production of paper or cardboard,C16-C18,medium,39440.0,-0.0017732746888654,77.858,EU-15,True,,,70.773,0.0,0.0,0.0
BE,36,2014,613827.0,13.327468408470112,0.0065558571671786,,,36,Production of paper or cardboard,C16-C18,medium,39960.0,0.0130984240459195,80.19,EU-15,True,,,70.773,0.0,0.0,0.0
BE,36,2015,652148.0,13.388026809014612,0.0605584005444992,,,36,Production of paper or cardboard,C16-C18,medium,40310.0,0.0087206233487204,84.227,EU-15,True,,,70.773,0.0,0.0,0.0
BE,36,2016,651217.0,13.386598198980826,-0.0014286100337859,,,36,Production of paper or cardboard,C16-C18,medium,40590.0,0.0069221537217316,75.982,EU-15,False,,,70.773,0.0,0.0,0.0
BE,36,2017,607620.0,13.317304965554383,-0.0692932334264408,,,36,Production of paper or cardboard,C16-C18,medium,41030.0,0.0107817756032897,75.318,EU-15,False,,0.1546,70.773,0.0,0.0,0.0
BE,36,2018,584540.0,13.278580492112177,-0.03872447344221,0.1546,1.0,36,Production of paper or cardboard,C16-C18,medium,41610.0,0.0140370165407546,83.043,EU-15,False,,,70.773,0.0,0.0,0.0
BE,36,2019,567353.0,13.248736963946408,-0.0298435281657667,,,36,Production of paper or cardboard,C16-C18,medium,42400.0,0.0188078392430615,77.668,EU-15,False,0.1546,0.0981,70.773,0.0,0.0,0.0
BE,36,2020,542804.0,13.204503576112456,-0.0442333878339518,0.0981,2.0,36,Production of paper or cardboard,C16-C18,medium,40190.0,-0.0535301537768013,78.133,EU-15,True,,,70.773,0.0,0.0,0.0
BE,36,2021,567193.0,13.248454912798088,0.0439513366856321,,,36,Production of paper or cardboard,C16-C18,medium,42530.0,0.0565915008044317,70.773,EU-15,True,0.0981,,70.773,0.0,0.0,0.0
BE,36,2022,578794.0,13.268701907410684,0.0202469946125951,,,36,Production of paper or cardboard,C16-C18,medium,43890.0,0.0314767944346012,73.697,EU-15,True,,,70.773,1.0,70.773,0.0
BE,36,2023,478121.0,13.07761911751487,-0.1910827898958143,,,36,Production of paper or cardboard,C16-C18,medium,44190.0,0.0068120154425059,75.763,EU-15,True,,,70.773,1.0,70.773,0.0
BE,36,2024,394765.0,12.886045930129333,-0.1915731873855382,,,36,Production of paper or cardboard,C16-C18,medium,44410.0,0.004966150161362,75.448,EU-15,True,,,70.773,0.0,0.0,0.0
BE,36,2025,376964.0,12.83990497115444,-0.0461409589748917,,,36,Production of paper or cardboard,C16-C18,medium,44650.0,0.0053896380184976,,EU-15,True,,,70.773,0.0,0.0,0.0
BG,36,2007,174348.0,12.06880858085934,,,,36,Production of paper or cardboard,C16-C18,medium,6670.0,0.069849953176444,51.233,2007,True,,,36.178,0.0,0.0,1.0
BG,36,2008,128117.0,11.760699187901022,-0.3081093929583183,,,36,Production of paper or cardboard,C16-C18,medium,7110.0,0.0638823838876181,52.154,2007,True,,,36.178,0.0,0.0,1.0
BG,36,2009,74780.0,11.222305748531104,-0.5383934393699175,,,36,Production of paper or cardboard,C16-C18,medium,6910.0,-0.0285326060355721,45.393,2007,True,,,36.178,0.0,0.0,1.0
BG,36,2010,73876.0,11.210143290995802,-0.012162457535302,,,36,Production of paper or cardboard,C16-C18,medium,7060.0,0.0214754137255717,40.146,2007,True,,,36.178,0.0,0.0,1.0
BG,36,2011,76004.0,11.238541249462422,0.0283979584666198,,,36,Production of paper or cardboard,C16-C18,medium,7390.0,0.0456826834549612,36.732,2007,True,,,36.178,0.0,0.0,1.0
BG,36,2012,82264.0,11.317688866909029,0.0791476174466048,,,36,Production of paper or cardboard,C16-C18,medium,7530.0,0.0187673068516911,36.859,2007,True,,,36.178,0.0,0.0,1.0
BG,36,2013,91471.0,11.42377726113684,0.1060883942278128,,,36,Production of paper or cardboard,C16-C18,medium,7600.0,0.0092532054804834,38.313,2007,True,,,36.178,0.0,0.0,1.0
BG,36,2014,95951.0,11.471592923476376,0.0478156623395378,,,36,Production of paper or cardboard,C16-C18,medium,7770.0,0.0221219170872704,35.171,2007,True,,0.0667,36.178,0.0,0.0,1.0
BG,36,2015,82947.0,11.325957128599292,-0.1456357948770854,0.0667,1.0,36,Production of paper or cardboard,C16-C18,medium,8130.0,0.0452907591801636,36.446,2007,True,,0.038,36.178,0.0,0.0,1.0
BG,36,2016,85960.0,11.361637350756446,0.0356802221571541,0.038,1.0,36,Production of paper or cardboard,C16-C18,medium,8490.0,0.0433280767635366,38.472,2007,False,0.0667,0.0768,36.178,0.0,0.0,1.0
BG,36,2017,72322.0,11.188883649550926,-0.1727537012055204,0.0768,1.0,36,Production of paper or cardboard,C16-C18,medium,8840.0,0.0403978763262955,39.362,2007,False,0.038,,36.178,0.0,0.0,1.0
BG,36,2018,76874.0,11.249922996894131,0.0610393473432058,,,36,Production of paper or cardboard,C16-C18,medium,9170.0,0.0366504096188222,36.596,2007,False,0.0768,0.0391,36.178,0.0,0.0,1.0
BG,36,2019,72464.0,11.190845165795997,-0.0590778310981363,0.0391,1.0,36,Production of paper or cardboard,C16-C18,medium,9650.0,0.0510206290825205,38.457,2007,False,,,36.178,0.0,0.0,1.0
BG,36,2020,70251.0,11.159829821970122,-0.0310153438258726,,,36,Production of paper or cardboard,C16-C18,medium,9440.0,-0.0220019351934848,38.171,2007,True,0.0391,0.0302999999999999,36.178,0.0,0.0,1.0
BG,36,2021,74925.0,11.224242892184863,0.0644130702147407,0.0302999999999999,3.0,36,Production of paper or cardboard,C16-C18,medium,10250.0,0.0823217254270076,36.178,2007,True,,,36.178,0.0,0.0,1.0
BG,36,2022,56648.0,10.94461196133161,-0.2796309308532532,,,36,Production of paper or cardboard,C16-C18,medium,10740.0,0.0466973834963013,37.11,2007,True,0.0302999999999999,,36.178,1.0,36.178,1.0
BG,36,2023,58142.0,10.970643573246011,0.0260316119144015,,,36,Production of paper or cardboard,C16-C18,medium,10950.0,0.0193643671817902,39.512,2007,True,,,36.178,1.0,36.178,1.0
BG,36,2024,16145.0,9.689365683192376,-1.2812778900536357,,,36,Production of paper or cardboard,C16-C18,medium,11330.0,0.034114618777405,41.936,2007,True,,0.0508,36.178,0.0,0.0,1.0
BG,36,2025,3843.0,8.254008590564844,-1.435357092627532,0.0508,3.0,36,Production of paper or cardboard,C16-C18,medium,11710.0,0.0329891025697115,,2007,True,,,36.178,0.0,0.0,1.0
CZ,36,2005,329957.0,12.706717621922182,,,,36,Production of paper or cardboard,C16-C18,medium,16180.0,0.0591964085769252,27.846,2004,True,,,39.958,0.0,0.0,1.0
CZ,36,2006,312422.0,12.652110117003328,-0.0546075049188541,,,36,Production of paper or cardboard,C16-C18,medium,17200.0,0.061133472189061,27.498,2004,True,,,39.958,0.0,0.0,1.0
CZ,36,2007,241951.0,12.39649050529827,-0.2556196117050575,,,36,Production of paper or cardboard,C16-C18,medium,18050.0,0.0482363009594823,24.989,2004,True,,,39.958,0.0,0.0,1.0
CZ,36,2008,221706.0,12.30910745883765,-0.0873830464606211,,,36,Production of paper or cardboard,C16-C18,medium,18330.0,0.0153933770727245,27.737,2004,True,,,39.958,0.0,0.0,1.0
CZ,36,2009,176391.0,12.08045840084508,-0.2286490579925697,,,36,Production of paper or cardboard,C16-C18,medium,17350.0,-0.0549465554587467,26.867,2004,True,,,39.958,0.0,0.0,1.0
CZ,36,2010,149469.0,11.914844292451733,-0.1656141083933473,,,36,Production of paper or cardboard,C16-C18,medium,17770.0,0.023919135773692,25.38,2004,True,,,39.958,0.0,0.0,1.0
CZ,36,2011,133779.0,11.803944463685571,-0.1108998287661595,,,36,Production of paper or cardboard,C16-C18,medium,18120.0,0.0195046584482732,28.832,2004,True,,,39.958,0.0,0.0,1.0
CZ,36,2012,135070.0,11.81354844155481,0.0096039778692365,,,36,Production of paper or cardboard,C16-C18,medium,17970.0,-0.0083125998193658,25.413,2004,True,,,39.958,0.0,0.0,1.0
CZ,36,2013,122599.0,11.71667414584413,-0.0968742957106787,,,36,Production of paper or cardboard,C16-C18,medium,17970.0,0.0,27.58,2004,True,,,39.958,0.0,0.0,1.0
CZ,36,2014,127204.0,11.753547375934607,0.0368732300904763,,,36,Production of paper or cardboard,C16-C18,medium,18370.0,0.0220151984315677,30.227,2004,True,,0.1067,39.958,0.0,0.0,1.0
CZ,36,2015,125647.0,11.741231666841102,-0.0123157090935048,0.1067,1.0,36,Production of paper or cardboard,C16-C18,medium,19270.0,0.0478305831992393,32.089,2004,True,,0.1666,39.958,0.0,0.0,1.0
CZ,36,2016,119119.0,11.68787827242675,-0.0533533944143531,0.1666,1.0,36,Production of paper or cardboard,C16-C18,medium,19760.0,0.0251102098934481,32.8,2004,False,0.1067,0.1128,39.958,0.0,0.0,1.0
CZ,36,2017,120109.0,11.696154942812436,0.0082766703856869,0.1128,1.0,36,Production of paper or cardboard,C16-C18,medium,20760.0,0.0493683659779655,37.162,2004,False,0.1666,0.1193,39.958,0.0,0.0,1.0
CZ,36,2018,121004.0,11.703578881883718,0.0074239390712822,0.1193,1.0,36,Production of paper or cardboard,C16-C18,medium,21320.0,0.0266175409999558,36.879,2004,False,0.1128,0.1834,39.958,0.0,0.0,1.0
CZ,36,2019,120050.0,11.695663601649398,-0.0079152802343198,0.1834,1.0,36,Production of paper or cardboard,C16-C18,medium,22050.0,0.0336670025952106,40.81,2004,False,0.1193,,39.958,0.0,0.0,1.0
CZ,36,2020,118037.0,11.678753413620385,-0.0169101880290138,,,36,Production of paper or cardboard,C16-C18,medium,20980.0,-0.0497429989247031,38.768,2004,True,0.1834,0.1378,39.958,0.0,0.0,1.0
CZ,36,2021,132876.0,11.79717164148611,0.1184182278657246,0.1378,3.0,36,Production of paper or cardboard,C16-C18,medium,21830.0,0.039715567593701,39.958,2004,True,,0.1899,39.958,0.0,0.0,1.0
CZ,36,2022,124775.0,11.73426739433781,-0.0629042471482996,0.1899,4.0,36,Production of paper or cardboard,C16-C18,medium,21910.0,0.0036579830455227,41.772,2004,True,0.1378,0.1238999999999999,39.958,1.0,39.958,1.0
CZ,36,2023,110881.0,11.61621283314208,-0.1180545611957288,0.1238999999999999,3.0,36,Production of paper or cardboard,C16-C18,medium,21680.0,-0.01055297703593,41.679,2004,True,0.1899,0.2278,39.958,1.0,39.958,1.0
CZ,36,2024,113743.0,11.64169679645809,0.0254839633160095,0.2278,4.0,36,Production of paper or cardboard,C16-C18,medium,21950.0,0.0123769629497356,39.32,2004,True,0.1238999999999999,0.3007999999999999,39.958,0.0,0.0,1.0
CZ,36,2025,115229.0,11.65467673167482,0.0129799352167303,0.3007999999999999,3.0,36,Production of paper or cardboard,C16-C18,medium,22510.0,0.0251925153974603,,2004,True,0.2278,,39.958,0.0,0.0,1.0
DE,36,2005,6493263.0,15.686275735829714,,,,36,Production of paper or cardboard,C16-C18,medium,35770.0,0.0101152871471139,60.74,EU-15,True,,,63.395,0.0,0.0,0.0
DE,36,2006,6477845.0,15.683898451289148,-0.0023772845405662,,,36,Production of paper or cardboard,C16-C18,medium,37230.0,0.0400053346136992,60.981,EU-15,True,,,63.395,0.0,0.0,0.0
DE,36,2007,6482320.0,15.684589028944268,0.0006905776551207,,,36,Production of paper or cardboard,C16-C18,medium,38390.0,0.0306821211280805,58.516,EU-15,True,,,63.395,0.0,0.0,0.0
DE,36,2008,6488516.0,15.685544403057593,0.0009553741133228,,,36,Production of paper or cardboard,C16-C18,medium,38840.0,0.0116536344104183,60.769,EU-15,True,,,63.395,0.0,0.0,0.0
DE,36,2009,5885174.0,15.587946864934416,-0.0975975381231748,,,36,Production of paper or cardboard,C16-C18,medium,36810.0,-0.0536810960321947,61.103,EU-15,True,,,63.395,0.0,0.0,0.0
DE,36,2010,6179406.0,15.636732708309532,0.048785843375116,,,36,Production of paper or cardboard,C16-C18,medium,38440.0,0.043329036711162,59.992,EU-15,True,,,63.395,0.0,0.0,0.0
DE,36,2011,5838483.0,15.579981560786894,-0.0567511475226378,,,36,Production of paper or cardboard,C16-C18,medium,39890.0,0.0370270818152231,61.801,EU-15,True,,,63.395,0.0,0.0,0.0
DE,36,2012,5365913.0,15.495577096642084,-0.0844044641448089,,,36,Production of paper or cardboard,C16-C18,medium,40040.0,0.0037532885297046,61.215,EU-15,True,,,63.395,0.0,0.0,0.0
DE,36,2013,5433231.0,15.508044542575684,0.0124674459335984,,,36,Production of paper or cardboard,C16-C18,medium,40160.0,0.0029925209364538,62.411,EU-15,True,,,63.395,0.0,0.0,0.0
DE,36,2014,5298278.0,15.482892420068694,-0.0251521225069897,,,36,Production of paper or cardboard,C16-C18,medium,40930.0,0.0189918151208381,61.779,EU-15,True,,0.236,63.395,0.0,0.0,0.0
DE,36,2015,5327926.0,15.48847260221702,0.0055801821483267,0.236,1.0,36,Production of paper or cardboard,C16-C18,medium,41360.0,0.0104509396958629,62.132,EU-15,True,,0.1384999999999999,63.395,0.0,0.0,0.0
DE,36,2016,5267452.0,15.47705731213676,-0.0114152900802615,0.1384999999999999,1.0,36,Production of paper or cardboard,C16-C18,medium,42030.0,0.0160694188168513,63.752,EU-15,False,0.236,0.2984,63.395,0.0,0.0,0.0
DE,36,2017,5333219.0,15.48946555380616,0.0124082416693998,0.2984,1.0,36,Production of paper or cardboard,C16-C18,medium,43160.0,0.0265304913729078,63.959,EU-15,False,0.1384999999999999,0.1324,63.395,0.0,0.0,0.0
DE,36,2018,5229834.0,15.469890095575623,-0.0195754582305358,0.1324,1.0,36,Production of paper or cardboard,C16-C18,medium,43630.0,0.0108308467455842,63.478,EU-15,False,0.2984,0.2843,63.395,0.0,0.0,0.0
DE,36,2019,4955905.0,15.416090352863026,-0.0537997427125969,0.2843,1.0,36,Production of paper or cardboard,C16-C18,medium,44080.0,0.0102611777091414,67.055,EU-15,False,0.1324,,63.395,0.0,0.0,0.0
DE,36,2020,4829788.0,15.390313132325916,-0.0257772205371118,,,36,Production of paper or cardboard,C16-C18,medium,42350.0,-0.0400377437465948,63.676,EU-15,True,0.2843,0.217,63.395,0.0,0.0,0.0
DE,36,2021,5036919.0,15.43230514359789,0.0419920112719758,0.217,3.0,36,Production of paper or cardboard,C16-C18,medium,44090.0,0.0402645782717829,63.395,EU-15,True,,0.3103,63.395,0.0,0.0,0.0
DE,36,2022,4483310.0,15.315872170869502,-0.1164329727283881,0.3103,4.0,36,Production of paper or cardboard,C16-C18,medium,44620.0,0.0119491896345387,68.652,EU-15,True,0.217,0.2135,63.395,1.0,63.395,0.0
DE,36,2023,3687450.0,15.12044572021625,-0.1954264506532528,0.2135,3.0,36,Production of paper or cardboard,C16-C18,medium,43770.0,-0.0192335378015826,66.831,EU-15,True,0.3103,0.3812,63.395,1.0,63.395,0.0
DE,36,2024,3780946.0,15.145484800835089,0.0250390806188374,0.3812,4.0,36,Production of paper or cardboard,C16-C18,medium,43650.0,-0.0027453689171927,66.812,EU-15,True,0.2135,0.3769999999999999,63.395,0.0,0.0,0.0
DE,36,2025,3116978.0,14.95237450065591,-0.1931103001791765,0.3769999999999999,3.0,36,Production of paper or cardboard,C16-C18,medium,43750.0,0.002288330518013,,EU-15,True,0.3812,,63.395,0.0,0.0,0.0
DK,36,2005,24504.0,10.10659164851261,,,,36,Production of paper or cardboard,C16-C18,medium,49780.0,0.0204979272174856,-50.618,EU-15,True,,,32.225,0.0,0.0,0.0
DK,36,2006,15869.0,9.672122799562842,-0.4344688489497681,,,36,Production of paper or cardboard,C16-C18,medium,51510.0,0.0341626666380481,-35.492,EU-15,True,,,32.225,0.0,0.0,0.0
DK,36,2007,14740.0,9.598320165743328,-0.0738026338195148,,,36,Production of paper or cardboard,C16-C18,medium,51790.0,0.0054211168583062,-24.247,EU-15,True,,,32.225,0.0,0.0,0.0
DK,36,2008,14141.0,9.556833658307776,-0.0414865074355503,,,36,Production of paper or cardboard,C16-C18,medium,51270.0,-0.0100912946401923,-21.129,EU-15,True,,,32.225,0.0,0.0,0.0
DK,36,2009,13336.0,9.49822242443063,-0.0586112338771478,,,36,Production of paper or cardboard,C16-C18,medium,48460.0,-0.0563670704072283,-18.8,EU-15,True,,,32.225,0.0,0.0,0.0
DK,36,2010,14104.0,9.554213724077709,0.0559912996470775,,,36,Production of paper or cardboard,C16-C18,medium,49010.0,0.0112856435330765,-16.235,EU-15,True,,,32.225,0.0,0.0,0.0
DK,36,2011,14148.0,9.557328550325373,0.0031148262476641,,,36,Production of paper or cardboard,C16-C18,medium,49440.0,0.0087354542279776,-6.315,EU-15,True,,,32.225,0.0,0.0,0.0
DK,36,2012,14422.0,9.576510097476705,0.0191815471513336,,,36,Production of paper or cardboard,C16-C18,medium,49260.0,-0.0036474204570424,-3.175,EU-15,True,,,32.225,0.0,0.0,0.0
DK,36,2013,14197.0,9.560785953663574,-0.0157241438131308,,,36,Production of paper or cardboard,C16-C18,medium,49750.0,0.0098980709122091,12.312,EU-15,True,,,32.225,0.0,0.0,0.0
DK,36,2014,14492.0,9.581352052014967,0.0205660983513933,,,36,Production of paper or cardboard,C16-C18,medium,50110.0,0.0072101253670329,12.225,EU-15,True,,0.3848,32.225,0.0,0.0,0.0
DK,36,2015,13094.0,9.479909389001037,-0.1014426630139304,0.3848,1.0,36,Production of paper or cardboard,C16-C18,medium,50810.0,0.0138725966340071,13.078,EU-15,True,,0.3249,32.225,0.0,0.0,0.0
DK,36,2016,5483.0,8.609407675404048,-0.8705017135969886,0.3249,1.0,36,Production of paper or cardboard,C16-C18,medium,51950.0,0.0221885319395944,13.57,EU-15,False,0.3848,0.4528,32.225,0.0,0.0,0.0
DK,36,2017,1368.0,7.221105098182496,-1.3883025772215527,0.4528,1.0,36,Production of paper or cardboard,C16-C18,medium,53200.0,0.0237766788023634,11.344,EU-15,False,0.3249,0.4760999999999999,32.225,0.0,0.0,0.0
DK,36,2018,635.0,6.453624998892692,-0.7674800992898039,0.4760999999999999,1.0,36,Production of paper or cardboard,C16-C18,medium,53920.0,0.0134430702564518,22.704,EU-15,False,0.4528,0.5322,32.225,0.0,0.0,0.0
DK,36,2019,951.0,6.85751406254539,0.4038890636526986,0.5322,1.0,36,Production of paper or cardboard,C16-C18,medium,54630.0,0.0130817158035743,38.882,EU-15,False,0.4760999999999999,0.4653,32.225,0.0,0.0,0.0
DK,36,2020,1164.0,7.059617628291383,0.2021035657459924,0.4653,2.0,36,Production of paper or cardboard,C16-C18,medium,53540.0,-0.0201541443154198,44.89,EU-15,True,0.5322,0.3881,32.225,0.0,0.0,0.0
DK,36,2021,372.0,5.918893854273146,-1.1407237740182363,0.3881,3.0,36,Production of paper or cardboard,C16-C18,medium,56780.0,0.0587551129526193,32.225,EU-15,True,0.4653,0.5404000000000001,32.225,0.0,0.0,0.0
DK,36,2022,140.0,4.941642422609304,-0.9772514316638424,0.5404000000000001,4.0,36,Production of paper or cardboard,C16-C18,medium,56530.0,-0.0044126803576247,43.142,EU-15,True,0.3881,0.2105,32.225,1.0,32.225,0.0
DK,36,2023,2524.0,7.833600223661103,2.8919578010518,0.2105,3.0,36,Production of paper or cardboard,C16-C18,medium,56770.0,0.0042365464954343,39.705,EU-15,True,0.5404000000000001,0.5153,32.225,1.0,32.225,0.0
DK,36,2024,572.0,6.349138991379798,-1.4844612322813058,0.5153,4.0,36,Production of paper or cardboard,C16-C18,medium,58670.0,0.0329205057551345,38.229,EU-15,True,0.2105,,32.225,0.0,0.0,0.0
DK,36,2025,619.0,6.428105272684596,0.0789662813047984,,,36,Production of paper or cardboard,C16-C18,medium,60390.0,0.02889500538204,,EU-15,True,0.5153,,32.225,0.0,0.0,0.0
EE,36,2005,57264.0,10.955427433005807,,,,36,Production of paper or cardboard,C16-C18,medium,15400.0,0.0967397726139207,26.878,2004,True,,,1.412,0.0,0.0,1.0
EE,36,2006,50059.0,10.820957588757476,-0.1344698442483309,,,36,Production of paper or cardboard,C16-C18,medium,17010.0,0.0994338969881862,30.03,2004,True,,,1.412,0.0,0.0,1.0
EE,36,2007,44378.0,10.700499130126362,-0.1204584586311146,,,36,Production of paper or cardboard,C16-C18,medium,18400.0,0.07854925820717,24.288,2004,True,,,1.412,0.0,0.0,1.0
EE,36,2008,38591.0,10.560774367644996,-0.1397247624813644,,,36,Production of paper or cardboard,C16-C18,medium,17510.0,-0.0495785183171797,27.215,2004,True,,,1.412,0.0,0.0,1.0
EE,36,2009,35248.0,10.470164069042124,-0.0906102986028738,,,36,Production of paper or cardboard,C16-C18,medium,14980.0,-0.1560561682086874,27.175,2004,True,,,1.412,0.0,0.0,1.0
EE,36,2010,39408.0,10.58172412036032,0.1115600513181949,,,36,Production of paper or cardboard,C16-C18,medium,15380.0,0.0263519859884251,14.68,2004,True,,,1.412,0.0,0.0,1.0
EE,36,2011,35503.0,10.477372478935242,-0.104351641425076,,,36,Production of paper or cardboard,C16-C18,medium,16590.0,0.0757321401248543,13.646,2004,True,,,1.412,0.0,0.0,1.0
EE,36,2012,27714.0,10.22969297965866,-0.2476794992765825,,,36,Production of paper or cardboard,C16-C18,medium,17260.0,0.0395915814529281,20.648,2004,True,,,1.412,0.0,0.0,1.0
EE,36,2013,20237.0,9.91526789107166,-0.3144250885870008,,,36,Production of paper or cardboard,C16-C18,medium,17630.0,0.0212103107544976,14.522,2004,True,,,1.412,0.0,0.0,1.0
EE,36,2014,22263.0,10.010681386638243,0.0954134955665839,,,36,Production of paper or cardboard,C16-C18,medium,18280.0,0.0362055696162251,11.562,2004,True,,0.0955,1.412,0.0,0.0,1.0
EE,36,2015,24322.0,10.099136569540946,0.0884551829027024,0.0955,1.0,36,Production of paper or cardboard,C16-C18,medium,18650.0,0.0200385800638205,11.182,2004,True,,0.0951,1.412,0.0,0.0,1.0
EE,36,2016,24560.0,10.108874382261078,0.0097378127201324,0.0951,1.0,36,Production of paper or cardboard,C16-C18,medium,19190.0,0.0285431639297844,8.069,2004,False,0.0955,0.1185,1.412,0.0,0.0,1.0
EE,36,2017,25698.0,10.154168446843428,0.0452940645823485,0.1185,1.0,36,Production of paper or cardboard,C16-C18,medium,20270.0,0.0547526504442998,4.584,2004,False,0.0951,0.0883999999999999,1.412,0.0,0.0,1.0
EE,36,2018,10427.0,9.252153874789594,-0.9020145720538332,0.0883999999999999,1.0,36,Production of paper or cardboard,C16-C18,medium,20970.0,0.0339508844499203,1.229,2004,False,0.1185,0.1871999999999999,1.412,0.0,0.0,1.0
EE,36,2019,9616.0,9.17118365677499,-0.0809702180146043,0.1871999999999999,1.0,36,Production of paper or cardboard,C16-C18,medium,21650.0,0.03191260953467,4.724,2004,False,0.0883999999999999,0.1511,1.412,0.0,0.0,1.0
EE,36,2020,10768.0,9.284334051884509,0.1131503951095194,0.1511,2.0,36,Production of paper or cardboard,C16-C18,medium,20960.0,-0.0323895949956583,10.528,2004,True,0.1871999999999999,0.1001,1.412,0.0,0.0,1.0
EE,36,2021,12888.0,9.464051924856811,0.1797178729723025,0.1001,3.0,36,Production of paper or cardboard,C16-C18,medium,22670.0,0.0784266050665962,1.412,2004,True,0.1511,0.1750999999999999,1.412,0.0,0.0,1.0
EE,36,2022,10667.0,9.274910142625483,-0.1891417822313279,0.1750999999999999,4.0,36,Production of paper or cardboard,C16-C18,medium,22800.0,0.0057180714409579,6.159,2004,True,0.1001,0.1631,1.412,1.0,1.412,1.0
EE,36,2023,6393.0,8.762958920766726,-0.511951221858757,0.1631,3.0,36,Production of paper or cardboard,C16-C18,medium,21580.0,-0.054993576130407,3.471,2004,True,0.1750999999999999,0.2428,1.412,1.0,1.412,1.0
EE,36,2024,7989.0,8.985820874482043,0.2228619537153164,0.2428,4.0,36,Production of paper or cardboard,C16-C18,medium,21470.0,-0.0051103479392988,4.622,2004,True,0.1631,0.3063,1.412,0.0,0.0,1.0
EE,36,2025,7137.0,8.873047798971067,-0.1127730755109759,0.3063,3.0,36,Production of paper or cardboard,C16-C18,medium,21820.0,0.0161703685142349,,2004,True,0.2428,,1.412,0.0,0.0,1.0
EL,36,2005,182387.0,12.11388608215258,,,,36,Production of paper or cardboard,C16-C18,medium,19590.0,0.0087157690932713,68.204,EU-15,True,,,73.819,0.0,0.0,0.0
EL,36,2006,181155.0,12.107108297377586,-0.006777784774993,,,36,Production of paper or cardboard,C16-C18,medium,20790.0,0.0594528699134713,71.419,EU-15,True,,,73.819,0.0,0.0,0.0
EL,36,2007,179124.0,12.09583358242124,-0.011274714956345,,,36,Production of paper or cardboard,C16-C18,medium,21470.0,0.0321845100207678,70.858,EU-15,True,,,73.819,0.0,0.0,0.0
EL,36,2008,168695.0,12.035847629683452,-0.0599859527377883,,,36,Production of paper or cardboard,C16-C18,medium,21420.0,-0.0023315468710869,72.915,EU-15,True,,,73.819,0.0,0.0,0.0
EL,36,2009,166133.0,12.020543951364711,-0.015303678318741,,,36,Production of paper or cardboard,C16-C18,medium,20490.0,-0.044388102768794,67.341,EU-15,True,,,73.819,0.0,0.0,0.0
EL,36,2010,153420.0,11.940934537513288,-0.0796094138514238,,,36,Production of paper or cardboard,C16-C18,medium,19300.0,-0.0598318663399677,68.584,EU-15,True,,,73.819,0.0,0.0,0.0
EL,36,2011,154332.0,11.946861405054086,0.0059268675407988,,,36,Production of paper or cardboard,C16-C18,medium,17420.0,-0.102486124486484,64.677,EU-15,True,,,73.819,0.0,0.0,0.0
EL,36,2012,133320.0,11.800507532421676,-0.1463538726324103,,,36,Production of paper or cardboard,C16-C18,medium,16050.0,-0.0819101218483311,65.889,EU-15,True,,,73.819,0.0,0.0,0.0
EL,36,2013,129430.0,11.770895473436484,-0.029612058985192,,,36,Production of paper or cardboard,C16-C18,medium,15800.0,-0.0156989095431043,61.75,EU-15,True,,,73.819,0.0,0.0,0.0
EL,36,2014,120553.0,11.699844769239112,-0.071050704197372,,,36,Production of paper or cardboard,C16-C18,medium,16030.0,0.0144520265885415,65.455,EU-15,True,,0.0607,73.819,0.0,0.0,0.0
EL,36,2015,108764.0,11.596935676297392,-0.1029090929417186,0.0607,1.0,36,Production of paper or cardboard,C16-C18,medium,16100.0,0.0043573053689556,71.047,EU-15,True,,0.0913999999999999,73.819,0.0,0.0,0.0
EL,36,2016,75601.0,11.233224789593368,-0.363710886704025,0.0913999999999999,1.0,36,Production of paper or cardboard,C16-C18,medium,16160.0,0.0037197811025322,72.911,EU-15,False,0.0607,0.1389,73.819,0.0,0.0,0.0
EL,36,2017,71119.0,11.172109809346528,-0.0611149802468418,0.1389,1.0,36,Production of paper or cardboard,C16-C18,medium,16430.0,0.0165698789562274,71.282,EU-15,False,0.0913999999999999,0.0103,73.819,0.0,0.0,0.0
EL,36,2018,68539.0,11.13515820530174,-0.0369516040447877,0.0103,1.0,36,Production of paper or cardboard,C16-C18,medium,16810.0,0.0228650153713463,70.681,EU-15,False,0.1389,0.0182,73.819,0.0,0.0,0.0
EL,36,2019,70502.0,11.1633963571923,0.0282381518905605,0.0182,1.0,36,Production of paper or cardboard,C16-C18,medium,17210.0,0.0235166628029244,74.103,EU-15,False,0.0103,,73.819,0.0,0.0,0.0
EL,36,2020,69725.0,11.152314212495687,-0.0110821446966102,,,36,Production of paper or cardboard,C16-C18,medium,15660.0,-0.0943809196607912,81.415,EU-15,True,0.0182,0.0498,73.819,0.0,0.0,0.0
EL,36,2021,66616.0,11.106700067915655,-0.0456141445800337,0.0498,3.0,36,Production of paper or cardboard,C16-C18,medium,17110.0,0.0885533973414443,73.819,EU-15,True,,0.1291,73.819,0.0,0.0,0.0
EL,36,2022,85735.0,11.359016422612951,0.2523163546972959,0.1291,4.0,36,Production of paper or cardboard,C16-C18,medium,18160.0,0.0595582852690466,79.506,EU-15,True,0.0498,0.0839,73.819,1.0,73.819,0.0
EL,36,2023,97904.0,11.491742685702322,0.1327262630893706,0.0839,3.0,36,Production of paper or cardboard,C16-C18,medium,18600.0,0.0239402075460084,75.447,EU-15,True,0.1291,0.1821,73.819,1.0,73.819,0.0
EL,36,2024,100038.0,11.513305392788514,0.0215627070861916,0.1821,4.0,36,Production of paper or cardboard,C16-C18,medium,19020.0,0.0223294763980881,77.714,EU-15,True,0.0839,0.2727,73.819,0.0,0.0,0.0
EL,36,2025,85478.0,11.356014311873448,-0.1572910809150656,0.2727,3.0,36,Production of paper or cardboard,C16-C18,medium,19400.0,0.0197820089520384,,EU-15,True,0.1821,,73.819,0.0,0.0,0.0
ES,36,2005,2583720.0,14.764740778880228,,,,36,Production of paper or cardboard,C16-C18,medium,25000.0,0.0165359686400989,81.534,EU-15,True,,,69.38,0.0,0.0,0.0
ES,36,2006,2719327.0,14.815894981186611,0.0511542023063853,,,36,Production of paper or cardboard,C16-C18,medium,25600.0,0.0237165266173153,81.304,EU-15,True,,,69.38,0.0,0.0,0.0
ES,36,2007,2743475.0,14.824735922992046,0.0088409418054329,,,36,Production of paper or cardboard,C16-C18,medium,25990.0,0.0151194971678823,79.56,EU-15,True,,,69.38,0.0,0.0,0.0
ES,36,2008,2683077.0,14.80247482821324,-0.0222610947788055,,,36,Production of paper or cardboard,C16-C18,medium,25760.0,-0.0088889474172457,81.605,EU-15,True,,,69.38,0.0,0.0,0.0
ES,36,2009,2339847.0,14.665596100580832,-0.1368787276324088,,,36,Production of paper or cardboard,C16-C18,medium,24590.0,-0.0464830450080508,79.549,EU-15,True,,,69.38,0.0,0.0,0.0
ES,36,2010,2531825.0,14.744450944533774,0.0788548439529428,,,36,Production of paper or cardboard,C16-C18,medium,24510.0,-0.0032586586880807,77.003,EU-15,True,,,69.38,0.0,0.0,0.0
ES,36,2011,2481099.0,14.724212165142635,-0.0202387793911373,,,36,Production of paper or cardboard,C16-C18,medium,24260.0,-0.0102522940241165,76.012,EU-15,True,,,69.38,0.0,0.0,0.0
ES,36,2012,2441017.0,14.707925313709715,-0.0162868514329215,,,36,Production of paper or cardboard,C16-C18,medium,23560.0,-0.0292785447325183,72.798,EU-15,True,,,69.38,0.0,0.0,0.0
ES,36,2013,2375968.0,14.68091549136051,-0.0270098223492052,,,36,Production of paper or cardboard,C16-C18,medium,23310.0,-0.0106679057357208,69.997,EU-15,True,,,69.38,0.0,0.0,0.0
ES,36,2014,2237450.0,14.620847382512748,-0.0600681088477621,,,36,Production of paper or cardboard,C16-C18,medium,23730.0,0.017857617400006,72.557,EU-15,True,,,69.38,0.0,0.0,0.0
ES,36,2015,2322274.0,14.658057436000972,0.0372100534882235,,,36,Production of paper or cardboard,C16-C18,medium,24720.0,0.0408725621418195,72.741,EU-15,True,,,69.38,0.0,0.0,0.0
ES,36,2016,2275398.0,14.63766554012103,-0.0203918958799409,,,36,Production of paper or cardboard,C16-C18,medium,25420.0,0.0279236331718166,71.486,EU-15,False,,,69.38,0.0,0.0,0.0
ES,36,2017,2289284.0,14.643749662885462,0.006084122764431,,,36,Production of paper or cardboard,C16-C18,medium,26110.0,0.0267821169497306,73.886,EU-15,False,,,69.38,0.0,0.0,0.0
ES,36,2018,2295565.0,14.64648955854148,0.0027398956560187,,,36,Production of paper or cardboard,C16-C18,medium,26620.0,0.0193444302559271,73.613,EU-15,False,,,69.38,0.0,0.0,0.0
ES,36,2019,2422891.0,14.700472013231686,0.053982454690205,,,36,Production of paper or cardboard,C16-C18,medium,26930.0,0.0115780938565421,75.034,EU-15,False,,,69.38,0.0,0.0,0.0
ES,36,2020,2289529.0,14.643856677520144,-0.0566153357115428,,,36,Production of paper or cardboard,C16-C18,medium,23850.0,-0.1214566894891575,67.892,EU-15,True,,,69.38,0.0,0.0,0.0
ES,36,2021,2338166.0,14.66487741934914,0.0210207418289982,,,36,Production of paper or cardboard,C16-C18,medium,25440.0,0.064538521137571,69.38,EU-15,True,,,69.38,0.0,0.0,0.0
ES,36,2022,1838104.0,14.424245163539654,-0.2406322558094871,,,36,Production of paper or cardboard,C16-C18,medium,26820.0,0.0528251393816106,74.202,EU-15,True,,,69.38,1.0,69.38,0.0
ES,36,2023,1704925.0,14.349031679462447,-0.0752134840772065,,,36,Production of paper or cardboard,C16-C18,medium,27150.0,0.0122291685264119,68.261,EU-15,True,,0.2481,69.38,1.0,69.38,0.0
ES,36,2024,1812466.0,14.410198906914331,0.0611672274518841,0.2481,4.0,36,Production of paper or cardboard,C16-C18,medium,27800.0,0.0236589743166479,68.871,EU-15,True,,0.3246,69.38,0.0,0.0,0.0
ES,36,2025,1802116.0,14.404472087997553,-0.0057268189167789,0.3246,3.0,36,Production of paper or cardboard,C16-C18,medium,28320.0,0.0185322481289276,,EU-15,True,0.2481,,69.38,0.0,0.0,0.0
FI,36,2005,2765887.0,14.832871937154682,,,,36,Production of paper or cardboard,C16-C18,medium,40680.0,0.023881732003387,54.459,EU-15,True,,,37.933,0.0,0.0,0.0
FI,36,2006,3131296.0,14.956957534326168,0.1240855971714864,,,36,Production of paper or cardboard,C16-C18,medium,42150.0,0.0354981132675042,54.073,EU-15,True,,,37.933,0.0,0.0,0.0
FI,36,2007,3101208.0,14.9473022709702,-0.0096552633559667,,,36,Production of paper or cardboard,C16-C18,medium,44210.0,0.0477163233902881,53.32,EU-15,True,,,37.933,0.0,0.0,0.0
FI,36,2008,2847231.0,14.861857501008704,-0.0854447699614979,,,36,Production of paper or cardboard,C16-C18,medium,44350.0,0.0031617009174365,54.483,EU-15,True,,,37.933,0.0,0.0,0.0
FI,36,2009,2357223.0,14.672994789237508,-0.1888627117711951,,,36,Production of paper or cardboard,C16-C18,medium,40570.0,-0.0890838315372324,54.795,EU-15,True,,,37.933,0.0,0.0,0.0
FI,36,2010,2647244.0,14.789029656787156,0.1160348675496489,,,36,Production of paper or cardboard,C16-C18,medium,41660.0,0.0265125586144705,48.852,EU-15,True,,,37.933,0.0,0.0,0.0
FI,36,2011,2348739.0,14.66938914635664,-0.119640510430516,,,36,Production of paper or cardboard,C16-C18,medium,42460.0,0.0190210204422829,53.897,EU-15,True,,,37.933,0.0,0.0,0.0
FI,36,2012,1973999.0,14.495571992389822,-0.1738171539668194,,,36,Production of paper or cardboard,C16-C18,medium,41620.0,-0.0199816353096213,47.103,EU-15,True,,,37.933,0.0,0.0,0.0
FI,36,2013,1857525.0,14.434755514433682,-0.0608164779561395,,,36,Production of paper or cardboard,C16-C18,medium,41020.0,-0.0145210683212528,49.64,EU-15,True,,,37.933,0.0,0.0,0.0
FI,36,2014,1885968.0,14.449951774905404,0.0151962604717219,,,36,Production of paper or cardboard,C16-C18,medium,40650.0,-0.0090609166504158,49.89,EU-15,True,,,37.933,0.0,0.0,0.0
FI,36,2015,1793018.0,14.399410791577592,-0.0505409833278118,,,36,Production of paper or cardboard,C16-C18,medium,40700.0,0.0012292564547298,47.901,EU-15,True,,,37.933,0.0,0.0,0.0
FI,36,2016,1743925.0,14.371648877939185,-0.0277619136384092,,,36,Production of paper or cardboard,C16-C18,medium,41640.0,0.0228331512982187,46.104,EU-15,False,,,37.933,0.0,0.0,0.0
FI,36,2017,1709741.0,14.351852455019014,-0.0197964229201694,,,36,Production of paper or cardboard,C16-C18,medium,42910.0,0.0300436552566658,43.868,EU-15,False,,,37.933,0.0,0.0,0.0
FI,36,2018,1768516.0,14.3856513348019,0.0337988797828874,,,36,Production of paper or cardboard,C16-C18,medium,43360.0,0.0104324581279566,45.23,EU-15,False,,,37.933,0.0,0.0,0.0
FI,36,2019,1653563.0,14.318442911676044,-0.0672084231258569,,,36,Production of paper or cardboard,C16-C18,medium,43910.0,0.0126047274422358,42.894,EU-15,False,,,37.933,0.0,0.0,0.0
FI,36,2020,1443352.0,14.182478744252336,-0.1359641674237082,,,36,Production of paper or cardboard,C16-C18,medium,42740.0,-0.0270068346826253,43.031,EU-15,True,,,37.933,0.0,0.0,0.0
FI,36,2021,1465011.0,14.19737330893754,0.0148945646852034,,,36,Production of paper or cardboard,C16-C18,medium,43800.0,0.0244985674913991,37.933,EU-15,True,,,37.933,0.0,0.0,0.0
FI,36,2022,1214349.0,14.009718688694212,-0.1876546202433271,,,36,Production of paper or cardboard,C16-C18,medium,44010.0,0.0047830634406,40.919,EU-15,True,,,37.933,1.0,37.933,0.0
FI,36,2023,1002946.0,13.818452227010184,-0.1912664616840285,,,36,Production of paper or cardboard,C16-C18,medium,43280.0,-0.0167262462847741,29.709,EU-15,True,,,37.933,1.0,37.933,0.0
FI,36,2024,876694.0,13.683913293707016,-0.1345389333031672,,,36,Production of paper or cardboard,C16-C18,medium,43330.0,0.0011546012135923,32.973,EU-15,True,,,37.933,0.0,0.0,0.0
FI,36,2025,742552.0,13.517848180876785,-0.1660651128302337,,,36,Production of paper or cardboard,C16-C18,medium,43450.0,0.0027656159595821,,EU-15,True,,,37.933,0.0,0.0,0.0
FR,36,2005,1041395.0,13.856071718470297,,,,36,Production of paper or cardboard,C16-C18,medium,33680.0,0.0113467923877266,51.698,EU-15,True,,,44.036,0.0,0.0,0.0
FR,36,2006,914495.0,13.726127279329548,-0.1299444391407469,,,36,Production of paper or cardboard,C16-C18,medium,34360.0,0.0199889077419292,51.518,EU-15,True,,,44.036,0.0,0.0,0.0
FR,36,2007,835627.0,13.63593762025358,-0.0901896590759676,,,36,Production of paper or cardboard,C16-C18,medium,35010.0,0.0187406378505201,50.42,EU-15,True,,,44.036,0.0,0.0,0.0
FR,36,2008,742475.0,13.517744479058472,-0.1181931411951069,,,36,Production of paper or cardboard,C16-C18,medium,34960.0,-0.0014291841792406,50.748,EU-15,True,,,44.036,0.0,0.0,0.0
FR,36,2009,530042.0,13.180711527671582,-0.3370329513868917,,,36,Production of paper or cardboard,C16-C18,medium,33800.0,-0.0337437482983613,50.652,EU-15,True,,,44.036,0.0,0.0,0.0
FR,36,2010,559719.0,13.235190151060465,0.0544786233888832,,,36,Production of paper or cardboard,C16-C18,medium,34310.0,0.0149760543813854,48.668,EU-15,True,,,44.036,0.0,0.0,0.0
FR,36,2011,417446.0,12.941910473590372,-0.2932796774700925,,,36,Production of paper or cardboard,C16-C18,medium,34990.0,0.0196254495092382,49.012,EU-15,True,,,44.036,0.0,0.0,0.0
FR,36,2012,390532.0,12.87526519112726,-0.0666452824631118,,,36,Production of paper or cardboard,C16-C18,medium,34880.0,-0.0031487073388181,48.133,EU-15,True,,,44.036,0.0,0.0,0.0
FR,36,2013,377056.0,12.840148996513069,-0.0351161946141935,,,36,Production of paper or cardboard,C16-C18,medium,34990.0,0.0031487073388181,47.934,EU-15,True,,,44.036,0.0,0.0,0.0
FR,36,2014,395550.0,12.888032480449542,0.0478834839364754,,,36,Production of paper or cardboard,C16-C18,medium,35150.0,0.004562311877077,46.215,EU-15,True,,0.126,44.036,0.0,0.0,0.0
FR,36,2015,363669.0,12.803999392258504,-0.0840330881910382,0.126,1.0,36,Production of paper or cardboard,C16-C18,medium,35370.0,0.0062393849607165,45.895,EU-15,True,,0.0635,44.036,0.0,0.0,0.0
FR,36,2016,356496.0,12.784078298577189,-0.019921093681317,0.0635,1.0,36,Production of paper or cardboard,C16-C18,medium,35540.0,0.0047948195091152,47.327,EU-15,False,0.126,0.1832,44.036,0.0,0.0,0.0
FR,36,2017,365882.0,12.810066156028457,0.0259878574512679,0.1832,1.0,36,Production of paper or cardboard,C16-C18,medium,36140.0,0.0167414624375776,48.703,EU-15,False,0.0635,,44.036,0.0,0.0,0.0
FR,36,2018,366980.0,12.813062629638944,0.002996473610489,,,36,Production of paper or cardboard,C16-C18,medium,36570.0,0.0118279469972062,46.735,EU-15,False,0.1832,0.1947,44.036,0.0,0.0,0.0
FR,36,2019,336168.0,12.725366313986992,-0.0876963156519519,0.1947,1.0,36,Production of paper or cardboard,C16-C18,medium,37160.0,0.0160046817843486,47.584,EU-15,False,,0.1308,44.036,0.0,0.0,0.0
FR,36,2020,299044.0,12.6083459987369,-0.117020315250091,0.1308,2.0,36,Production of paper or cardboard,C16-C18,medium,34230.0,-0.082130461403544,44.424,EU-15,True,0.1947,0.1026,44.036,0.0,0.0,0.0
FR,36,2021,364544.0,12.806402536451484,0.1980565377145833,0.1026,3.0,36,Production of paper or cardboard,C16-C18,medium,36460.0,0.0631133167084225,44.036,EU-15,True,0.1308,,44.036,0.0,0.0,0.0
FR,36,2022,340737.0,12.738866197693808,-0.0675363387576766,,,36,Production of paper or cardboard,C16-C18,medium,37280.0,0.0222412205668742,51.819,EU-15,True,0.1026,,44.036,1.0,44.036,0.0
FR,36,2023,291600.0,12.58313827911664,-0.1557279185771669,,,36,Production of paper or cardboard,C16-C18,medium,37730.0,0.0119985441588283,44.773,EU-15,True,,0.1895999999999999,44.036,1.0,44.036,0.0
FR,36,2024,321351.0,12.68028926266638,0.0971509835497403,0.1895999999999999,4.0,36,Production of paper or cardboard,C16-C18,medium,38180.0,0.0118562843213823,41.672,EU-15,True,,0.3890999999999999,44.036,0.0,0.0,0.0
FR,36,2025,237574.0,12.378234432873562,-0.3020548297928194,0.3890999999999999,3.0,36,Production of paper or cardboard,C16-C18,medium,38360.0,0.0047034317176368,,EU-15,True,0.1895999999999999,,44.036,0.0,0.0,0.0
HR,36,2019,10966.0,9.302554855963994,,0.0931,1.0,36,Production of paper or cardboard,C16-C18,medium,14020.0,0.0407625573898613,56.216,2013,False,,,54.539,0.0,0.0,1.0
HR,36,2020,13628.0,9.519881778780857,0.2173269228168628,,,36,Production of paper or cardboard,C16-C18,medium,12980.0,-0.0770751703304988,53.564,2013,True,0.0931,0.0493999999999999,54.539,0.0,0.0,1.0
HR,36,2021,13708.0,9.5257348829945,0.0058531042136422,0.0493999999999999,3.0,36,Production of paper or cardboard,C16-C18,medium,14750.0,0.1278333715098849,54.539,2013,True,,0.0747,54.539,0.0,0.0,1.0
HR,36,2022,14090.0,9.553220604892726,0.0274857218982269,0.0747,4.0,36,Production of paper or cardboard,C16-C18,medium,15900.0,0.0750760264403567,60.303,2013,True,0.0493999999999999,0.22,54.539,1.0,54.539,1.0
HR,36,2023,13400.0,9.503009985939002,-0.0502106189537236,0.22,3.0,36,Production of paper or cardboard,C16-C18,medium,16490.0,0.0364350273453215,55.721,2013,True,0.0747,0.1893,54.539,1.0,54.539,1.0
HR,36,2024,11839.0,9.379154445411636,-0.1238555405273658,0.1893,4.0,36,Production of paper or cardboard,C16-C18,medium,17060.0,0.0339824054920256,59.929,2013,True,0.22,0.1838,54.539,0.0,0.0,1.0
HR,36,2025,11868.0,9.381600981410712,0.002446535999077,0.1838,3.0,36,Production of paper or cardboard,C16-C18,medium,17590.0,0.0305940166859333,,2013,True,0.1893,,54.539,0.0,0.0,1.0
HU,36,2005,126347.0,11.746787368965007,,,,36,Production of paper or cardboard,C16-C18,medium,11050.0,0.0444106280816161,62.254,2004,True,,,54.121,0.0,0.0,1.0
HU,36,2006,118272.0,11.680742335561302,-0.0660450334037054,,,36,Production of paper or cardboard,C16-C18,medium,11500.0,0.0399166074054413,61.819,2004,True,,,54.121,0.0,0.0,1.0
HU,36,2007,113708.0,11.641389037861504,-0.0393532976997992,,,36,Production of paper or cardboard,C16-C18,medium,11550.0,0.0043384015985985,60.362,2004,True,,,54.121,0.0,0.0,1.0
HU,36,2008,110091.0,11.60906257550035,-0.0323264623611532,,,36,Production of paper or cardboard,C16-C18,medium,11690.0,0.0120483385161751,62.589,2004,True,,,54.121,0.0,0.0,1.0
HU,36,2009,98055.0,11.49328382471494,-0.1157787507854095,,,36,Production of paper or cardboard,C16-C18,medium,10920.0,-0.0681378051672183,57.574,2004,True,,,54.121,0.0,0.0,1.0
HU,36,2010,132345.0,11.793167428324317,0.2998836036093752,,,36,Production of paper or cardboard,C16-C18,medium,11060.0,0.0127390257774298,56.93,2004,True,,,54.121,0.0,0.0,1.0
HU,36,2011,134894.0,11.81224456381604,0.0190771354917238,,,36,Production of paper or cardboard,C16-C18,medium,11300.0,0.0214677296241063,50.273,2004,True,,,54.121,0.0,0.0,1.0
HU,36,2012,136465.0,11.82382345047201,0.0115788866559718,,,36,Production of paper or cardboard,C16-C18,medium,11220.0,-0.0071048256237453,50.146,2004,True,,,54.121,0.0,0.0,1.0
HU,36,2013,142932.0,11.8701242716689,0.0463008211968904,,,36,Production of paper or cardboard,C16-C18,medium,11490.0,0.0237791917661134,50.122,2004,True,,,54.121,0.0,0.0,1.0
HU,36,2014,123622.0,11.724983801694266,-0.1451404699746348,,,36,Production of paper or cardboard,C16-C18,medium,12040.0,0.0467573480200105,59.845,2004,True,,0.091,54.121,0.0,0.0,1.0
HU,36,2015,38671.0,10.562845244106652,-1.162138557587614,0.091,1.0,36,Production of paper or cardboard,C16-C18,medium,12530.0,0.0398913290273021,53.875,2004,True,,0.0726,54.121,0.0,0.0,1.0
HU,36,2016,40749.0,10.6151865784906,0.0523413343839482,0.0726,1.0,36,Production of paper or cardboard,C16-C18,medium,12880.0,0.0275499517682309,55.823,2004,False,0.091,0.06,54.121,0.0,0.0,1.0
HU,36,2017,414735.0,12.935395041033392,2.320208462542791,0.06,1.0,36,Production of paper or cardboard,C16-C18,medium,13460.0,0.0440466035403748,62.645,2004,False,0.0726,0.0581,54.121,0.0,0.0,1.0
HU,36,2018,364440.0,12.806117207827796,-0.129277833205597,0.0581,1.0,36,Production of paper or cardboard,C16-C18,medium,14240.0,0.056332581767247,58.123,2004,False,0.06,0.0837,54.121,0.0,0.0,1.0
HU,36,2019,403129.0,12.907011888963568,0.100894681135772,0.0837,1.0,36,Production of paper or cardboard,C16-C18,medium,14980.0,0.0506610721052442,69.712,2004,False,0.0581,0.0663,54.121,0.0,0.0,1.0
HU,36,2020,349193.0,12.76338005692765,-0.1436318320359166,0.0663,2.0,36,Production of paper or cardboard,C16-C18,medium,14370.0,-0.0415732779981397,56.618,2004,True,0.0837,0.1014,54.121,0.0,0.0,1.0
HU,36,2021,303625.0,12.623548666304474,-0.1398313906231756,0.1014,3.0,36,Production of paper or cardboard,C16-C18,medium,15470.0,0.0737599644940409,54.121,2004,True,0.0663,0.2075,54.121,0.0,0.0,1.0
HU,36,2022,325754.0,12.693897774267034,0.07034910796256,0.2075,4.0,36,Production of paper or cardboard,C16-C18,medium,16160.0,0.0436363885079753,64.206,2004,True,0.1014,0.1537,54.121,1.0,54.121,1.0
HU,36,2023,316835.0,12.666136412617943,-0.0277613616490892,0.1537,3.0,36,Production of paper or cardboard,C16-C18,medium,16050.0,-0.0068302035169249,62.087,2004,True,0.2075,0.1141,54.121,1.0,54.121,1.0
HU,36,2024,301370.0,12.61609402471955,-0.0500423878983955,0.1141,4.0,36,Production of paper or cardboard,C16-C18,medium,16210.0,0.0099194861715599,48.943,2004,True,0.1537,0.2895,54.121,0.0,0.0,1.0
HU,36,2025,285982.0,12.563684150758432,-0.0524098739611176,0.2895,3.0,36,Production of paper or cardboard,C16-C18,medium,16370.0,0.0098220556354586,,2004,True,0.1141,,54.121,0.0,0.0,1.0
IE,36,2005,1815.0,7.503840746698951,,,,36,Production of paper or cardboard,C16-C18,medium,47240.0,0.0333615357539809,89.647,EU-15,True,,,76.997,0.0,0.0,0.0
IT,36,2005,4622210.0,15.346383503661007,,,,36,Production of paper or cardboard,C16-C18,medium,31850.0,0.0018856070954615,83.348,EU-15,True,,,73.416,0.0,0.0,0.0
IT,36,2006,4612494.0,15.344279266517065,-0.0021042371439428,,,36,Production of paper or cardboard,C16-C18,medium,32290.0,0.0137202027520118,85.867,EU-15,True,,,73.416,0.0,0.0,0.0
IT,36,2007,4558915.0,15.3325952145822,-0.0116840519348659,,,36,Production of paper or cardboard,C16-C18,medium,32570.0,0.0086340345179571,83.002,EU-15,True,,,73.416,0.0,0.0,0.0
IT,36,2008,4281279.0,15.26976235469236,-0.0628328598898395,,,36,Production of paper or cardboard,C16-C18,medium,31990.0,-0.017968265326715,82.804,EU-15,True,,,73.416,0.0,0.0,0.0
IT,36,2009,3668062.0,15.115174015160024,-0.154588339532335,,,36,Production of paper or cardboard,C16-C18,medium,30110.0,-0.0605660114677846,80.777,EU-15,True,,,73.416,0.0,0.0,0.0
IT,36,2010,3920364.0,15.181695064598545,0.0665210494385206,,,36,Production of paper or cardboard,C16-C18,medium,30440.0,0.0109001904998429,82.571,EU-15,True,,,73.416,0.0,0.0,0.0
IT,36,2011,3955704.0,15.190669145871766,0.0089740812732213,,,36,Production of paper or cardboard,C16-C18,medium,30550.0,0.0036071526241201,81.353,EU-15,True,,,73.416,0.0,0.0,0.0
IT,36,2012,3712569.0,15.127234647778964,-0.0634344980928034,,,36,Production of paper or cardboard,C16-C18,medium,29510.0,-0.0346354966627568,79.109,EU-15,True,,,73.416,0.0,0.0,0.0
IT,36,2013,3665409.0,15.11445048325658,-0.0127841645223814,,,36,Production of paper or cardboard,C16-C18,medium,28920.0,-0.0201957916642836,76.736,EU-15,True,,,73.416,0.0,0.0,0.0
IT,36,2014,3526604.0,15.075845926192258,-0.0386045570643229,,,36,Production of paper or cardboard,C16-C18,medium,28910.0,-0.0003458412623089,75.811,EU-15,True,,0.0854,73.416,0.0,0.0,0.0
IT,36,2015,3603926.0,15.097534364758168,0.0216884385659099,0.0854,1.0,36,Production of paper or cardboard,C16-C18,medium,29210.0,0.0103235603713933,77.03,EU-15,True,,0.0779,73.416,0.0,0.0,0.0
IT,36,2016,3675353.0,15.117159740437913,0.0196253756797446,0.0779,1.0,36,Production of paper or cardboard,C16-C18,medium,29630.0,0.0142762451858242,77.653,EU-15,False,0.0854,0.0576,73.416,0.0,0.0,0.0
IT,36,2017,3722631.0,15.129941234324724,0.0127814938868127,0.0576,1.0,36,Production of paper or cardboard,C16-C18,medium,30160.0,0.0177291815542819,76.979,EU-15,False,0.0779,0.0655,73.416,0.0,0.0,0.0
IT,36,2018,3744874.0,15.135898529507642,0.0059572951829167,0.0655,1.0,36,Production of paper or cardboard,C16-C18,medium,30470.0,0.010226049857863,76.338,EU-15,False,0.0576,0.1032,73.416,0.0,0.0,0.0
IT,36,2019,3751672.0,15.137712165244254,0.001813635736612,0.1032,1.0,36,Production of paper or cardboard,C16-C18,medium,30680.0,0.0068683835014375,77.484,EU-15,False,0.0655,0.1421,73.416,0.0,0.0,0.0
IT,36,2020,3536947.0,15.078774483625253,-0.0589376816190032,0.1421,2.0,36,Production of paper or cardboard,C16-C18,medium,28100.0,-0.0878414001593554,73.454,EU-15,True,0.1032,0.1617,73.416,0.0,0.0,0.0
IT,36,2021,3601795.0,15.096942890272237,0.0181684066469838,0.1617,3.0,36,Production of paper or cardboard,C16-C18,medium,30760.0,0.0904455682977438,73.416,EU-15,True,0.1421,0.2088,73.416,0.0,0.0,0.0
IT,36,2022,3257563.0,14.996489927778772,-0.1004529624934615,0.2088,4.0,36,Production of paper or cardboard,C16-C18,medium,32310.0,0.0491616351989634,79.49,EU-15,True,0.1617,0.1604,73.416,1.0,73.416,0.0
IT,36,2023,2733993.0,14.82127373591162,-0.1752161918671522,0.1604,3.0,36,Production of paper or cardboard,C16-C18,medium,32630.0,0.009855330768822,75.356,EU-15,True,0.2088,0.2250999999999999,73.416,1.0,73.416,0.0
IT,36,2024,2874118.0,14.87125640253748,0.0499826666258602,0.2250999999999999,4.0,36,Production of paper or cardboard,C16-C18,medium,32900.0,0.0082405471660962,73.884,EU-15,True,0.1604,0.3769,73.416,0.0,0.0,0.0
IT,36,2025,2916260.0,14.885812531373192,0.0145561288357107,0.3769,3.0,36,Production of paper or cardboard,C16-C18,medium,33080.0,0.0054562123841641,,EU-15,True,0.2250999999999999,,73.416,0.0,0.0,0.0
LT,36,2005,48916.0,10.79785982030926,,,,36,Production of paper or cardboard,C16-C18,medium,9940.0,0.0904928280552805,55.332,2004,True,,,73.272,0.0,0.0,1.0
LT,36,2006,46187.0,10.740453652192178,-0.0574061681170832,,,36,Production of paper or cardboard,C16-C18,medium,10850.0,0.087598059317985,60.351,2004,True,,,73.272,0.0,0.0,1.0
LT,36,2007,46097.0,10.738503150945302,-0.0019505012468759,,,36,Production of paper or cardboard,C16-C18,medium,12190.0,0.1164508635067118,59.111,2004,True,,,73.272,0.0,0.0,1.0
LT,36,2008,75294.0,11.229155729338364,0.4906525783930604,,,36,Production of paper or cardboard,C16-C18,medium,12640.0,0.0362504452255318,56.016,2004,True,,,73.272,0.0,0.0,1.0
LT,36,2009,56537.0,10.942650570059175,-0.2865051592791872,,,36,Production of paper or cardboard,C16-C18,medium,10880.0,-0.1499401472909145,48.045,2004,True,,,73.272,0.0,0.0,1.0
LT,36,2010,69334.0,11.146690685353732,0.204040115294557,,,36,Production of paper or cardboard,C16-C18,medium,11160.0,0.0254097155253667,79.045,2004,True,,,73.272,0.0,0.0,1.0
LT,36,2011,49021.0,10.800004056710833,-0.3466866286429013,,,36,Production of paper or cardboard,C16-C18,medium,12140.0,0.0841698286781884,78.604,2004,True,,,73.272,0.0,0.0,1.0
LT,36,2012,35006.0,10.46327475435078,-0.3367293023600499,,,36,Production of paper or cardboard,C16-C18,medium,12830.0,0.0552803929961918,77.534,2004,True,,,73.272,0.0,0.0,1.0
LT,36,2013,33832.0,10.429162379152324,-0.0341123751984557,,,36,Production of paper or cardboard,C16-C18,medium,13480.0,0.0494209268566159,75.556,2004,True,,,73.272,0.0,0.0,1.0
LT,36,2014,15251.0,9.632400353656184,-0.7967620254961414,,,36,Production of paper or cardboard,C16-C18,medium,14100.0,0.0449676918999628,74.935,2004,True,,0.1818,73.272,0.0,0.0,1.0
LT,36,2015,9895.0,9.199784858036669,-0.4326154956195172,0.1818,1.0,36,Production of paper or cardboard,C16-C18,medium,14630.0,0.0368994176479091,75.452,2004,True,,0.1531,73.272,0.0,0.0,1.0
LT,36,2016,18591.0,9.830432871630215,0.6306480135935502,0.1531,1.0,36,Production of paper or cardboard,C16-C18,medium,15200.0,0.0382212128201988,74.784,2004,False,0.1818,0.1741,73.272,0.0,0.0,1.0
LT,36,2017,19459.0,9.876064966958156,0.0456320953279387,0.1741,1.0,36,Production of paper or cardboard,C16-C18,medium,16090.0,0.0569025331520602,71.965,2004,False,0.1531,0.1931,73.272,0.0,0.0,1.0
LT,36,2018,21211.0,9.962275194019217,0.0862102270610609,0.1931,1.0,36,Production of paper or cardboard,C16-C18,medium,17030.0,0.0567785336703057,73.897,2004,False,0.1741,0.2438999999999999,73.272,0.0,0.0,1.0
LT,36,2019,20344.0,9.920541307101956,-0.0417338869172603,0.2438999999999999,1.0,36,Production of paper or cardboard,C16-C18,medium,17870.0,0.0481468344967392,75.202,2004,False,0.1931,0.0337,73.272,0.0,0.0,1.0
LT,36,2020,20471.0,9.92676452944062,0.0062232223386651,0.0337,2.0,36,Production of paper or cardboard,C16-C18,medium,17890.0,0.0011185683492911,74.909,2004,True,0.2438999999999999,0.1355,73.272,0.0,0.0,1.0
LT,36,2021,19787.0,9.89278043539244,-0.033984094048181,0.1355,3.0,36,Production of paper or cardboard,C16-C18,medium,19040.0,0.0623001318425924,73.272,2004,True,0.0337,0.1746,73.272,0.0,0.0,1.0
LT,36,2022,16129.0,9.688374172917182,-0.204406262475258,0.1746,4.0,36,Production of paper or cardboard,C16-C18,medium,19350.0,0.0161503901125712,72.434,2004,True,0.1355,0.1711,73.272,1.0,73.272,1.0
LT,36,2023,16651.0,9.720225553665117,0.0318513807479341,0.1711,3.0,36,Production of paper or cardboard,C16-C18,medium,19220.0,-0.0067410159336454,69.498,2004,True,0.1746,0.1449,73.272,1.0,73.272,1.0
LT,36,2024,18238.0,9.81126260849361,0.0910370548284937,0.1449,4.0,36,Production of paper or cardboard,C16-C18,medium,19690.0,0.0241594891088876,66.014,2004,True,0.1711,0.3314,73.272,0.0,0.0,1.0
LT,36,2025,20230.0,9.91492193016179,0.1036593216681804,0.3314,3.0,36,Production of paper or cardboard,C16-C18,medium,20260.0,0.0285376061695039,,2004,True,0.1449,,73.272,0.0,0.0,1.0
LV,36,2005,6635.0,8.800113946766308,,,,36,Production of paper or cardboard,C16-C18,medium,10430.0,0.1211443833590895,63.841,2004,True,,,38.335,0.0,0.0,1.0
LV,36,2006,6981.0,8.850947451970402,0.0508335052040944,,,36,Production of paper or cardboard,C16-C18,medium,11870.0,0.1293279396088955,66.707,2004,True,,,38.335,0.0,0.0,1.0
LV,36,2007,6634.0,8.799963219506997,-0.0509842324634046,,,36,Production of paper or cardboard,C16-C18,medium,13220.0,0.107716625801963,62.478,2004,True,,,38.335,0.0,0.0,1.0
LV,36,2008,6040.0,8.706159290928861,-0.0938039285781364,,,36,Production of paper or cardboard,C16-C18,medium,12900.0,-0.0245035230559143,58.825,2004,True,,,38.335,0.0,0.0,1.0
LV,36,2009,722.0,6.582025138892826,-2.124134152036035,,,36,Production of paper or cardboard,C16-C18,medium,11020.0,-0.1575155076428576,60.411,2004,True,,,38.335,0.0,0.0,1.0
LV,36,2010,159.0,5.068904202220232,-1.5131209366725944,,,36,Production of paper or cardboard,C16-C18,medium,10840.0,-0.0164688077132684,45.545,2004,True,,,38.335,0.0,0.0,1.0
NL,36,2005,1818128.0,14.413317958281803,,,,36,Production of paper or cardboard,C16-C18,medium,42160.0,0.0177080482656677,37.784,EU-15,True,,,58.451,0.0,0.0,0.0
NL,36,2006,1725876.0,14.361245305634524,-0.052072652647281,,,36,Production of paper or cardboard,C16-C18,medium,43590.0,0.0333558620171938,38.561,EU-15,True,,,58.451,0.0,0.0,0.0
NL,36,2007,1489654.0,14.214054436190516,-0.1471908694440067,,,36,Production of paper or cardboard,C16-C18,medium,45180.0,0.0358267447895563,37.407,EU-15,True,,,58.451,0.0,0.0,0.0
NL,36,2008,1436462.0,14.177693703866764,-0.036360732323752,,,36,Production of paper or cardboard,C16-C18,medium,45960.0,0.0171169419406975,33.555,EU-15,True,,,58.451,0.0,0.0,0.0
NL,36,2009,1259604.0,14.04630794381527,-0.1313857600514953,,,36,Production of paper or cardboard,C16-C18,medium,44050.0,-0.0424461005983651,34.059,EU-15,True,,,58.451,0.0,0.0,0.0
NL,36,2010,1386724.0,14.142454688868456,0.0961467450531845,,,36,Production of paper or cardboard,C16-C18,medium,44400.0,0.0079141170559893,28.279,EU-15,True,,,58.451,0.0,0.0,0.0
NL,36,2011,1298493.0,14.07671491923483,-0.065739769633625,,,36,Production of paper or cardboard,C16-C18,medium,44980.0,0.0129784770929912,29.357,EU-15,True,,,58.451,0.0,0.0,0.0
NL,36,2012,1285384.0,14.066568064354689,-0.0101468548801406,,,36,Production of paper or cardboard,C16-C18,medium,44370.0,-0.013654381140352,30.635,EU-15,True,,,58.451,0.0,0.0,0.0
NL,36,2013,1185781.0,13.985912187188935,-0.0806558771657535,,,36,Production of paper or cardboard,C16-C18,medium,44230.0,-0.0031602735105824,23.738,EU-15,True,,,58.451,0.0,0.0,0.0
NL,36,2014,1116087.0,13.925339375874152,-0.0605728113147829,,,36,Production of paper or cardboard,C16-C18,medium,44780.0,0.0123583192903726,30.948,EU-15,True,,0.4265,58.451,0.0,0.0,0.0
NL,36,2015,1081254.0,13.893632036643348,-0.0317073392308042,0.4265,1.0,36,Production of paper or cardboard,C16-C18,medium,45530.0,0.0166098381760821,48.372,EU-15,True,,0.2171,58.451,0.0,0.0,0.0
NL,36,2016,1042793.0,13.857413248322368,-0.0362187883209799,0.2171,1.0,36,Production of paper or cardboard,C16-C18,medium,46380.0,0.0184968824806954,45.874,EU-15,False,0.4265,0.3215,58.451,0.0,0.0,0.0
NL,36,2017,1046229.0,13.860702828899797,0.0032895805774266,0.3215,1.0,36,Production of paper or cardboard,C16-C18,medium,47390.0,0.0215429041521115,51.699,EU-15,False,0.2171,0.2779,58.451,0.0,0.0,0.0
NL,36,2018,1017868.0,13.833220801673454,-0.0274820272263411,0.2779,1.0,36,Production of paper or cardboard,C16-C18,medium,48180.0,0.0165327612072285,59.517,EU-15,False,0.3215,0.3292,58.451,0.0,0.0,0.0
NL,36,2019,1020710.0,13.8360090215416,0.0027882198681457,0.3292,1.0,36,Production of paper or cardboard,C16-C18,medium,48970.0,0.0162638685275009,64.304,EU-15,False,0.2779,0.2050999999999999,58.451,0.0,0.0,0.0
NL,36,2020,981475.0,13.796811821156732,-0.0391972003848675,0.2050999999999999,2.0,36,Production of paper or cardboard,C16-C18,medium,46810.0,-0.0451110104022483,68.023,EU-15,True,0.3292,0.3224,58.451,0.0,0.0,0.0
NL,36,2021,1047409.0,13.861830053496355,0.0650182323396233,0.3224,3.0,36,Production of paper or cardboard,C16-C18,medium,49490.0,0.0556737736518169,58.451,EU-15,True,0.2050999999999999,0.3347,58.451,0.0,0.0,0.0
NL,36,2022,935155.0,13.74846756993267,-0.1133624835636855,0.3347,4.0,36,Production of paper or cardboard,C16-C18,medium,51480.0,0.0394227537641302,80.242,EU-15,True,0.3224,0.4074,58.451,1.0,58.451,0.0
NL,36,2023,652458.0,13.388502048291198,-0.3599655216414721,0.4074,3.0,36,Production of paper or cardboard,C16-C18,medium,50660.0,-0.016056738154397,70.411,EU-15,True,0.3347,0.4137,58.451,1.0,58.451,0.0
NL,36,2024,624869.0,13.345297306749387,-0.0432047415418086,0.4137,4.0,36,Production of paper or cardboard,C16-C18,medium,50870.0,0.0041367142611452,70.564,EU-15,True,0.4074,0.5778,58.451,0.0,0.0,0.0
NL,36,2025,601030.0,13.306400129076868,-0.0388971776725224,0.5778,3.0,36,Production of paper or cardboard,C16-C18,medium,51400.0,0.0103648136264453,,EU-15,True,0.4137,,58.451,0.0,0.0,0.0
NO,36,2008,143460.0,11.873811529680426,,,,36,Production of paper or cardboard,C16-C18,medium,61200.0,-0.0042393671840574,-592.319,,True,,,-622.175,0.0,-0.0,0.0
NO,36,2009,125985.0,11.743918131227836,-0.1298933984525891,,,36,Production of paper or cardboard,C16-C18,medium,59450.0,-0.0290115663814898,-601.253,,True,,,-622.175,0.0,-0.0,0.0
NO,36,2010,158804.0,11.975426016394811,0.2315078851669767,,,36,Production of paper or cardboard,C16-C18,medium,59310.0,-0.0023576972861558,-536.301,,True,,,-622.175,0.0,-0.0,0.0
NO,36,2011,93173.0,11.44221325913184,-0.533212757262973,,,36,Production of paper or cardboard,C16-C18,medium,59350.0,0.0006741952050415,-590.038,,True,,,-622.175,0.0,-0.0,0.0
NO,36,2012,38822.0,10.566742375231035,-0.8754708839008032,,,36,Production of paper or cardboard,C16-C18,medium,60230.0,0.0147184459999536,-568.081,,True,,,-622.175,0.0,-0.0,0.0
NO,36,2013,35412.0,10.47480602473094,-0.0919363505000969,,,36,Production of paper or cardboard,C16-C18,medium,60260.0,0.0004979666465256,-508.738,,True,,,-622.175,0.0,-0.0,0.0
NO,36,2014,31471.0,10.356821765848482,-0.1179842588824584,,,36,Production of paper or cardboard,C16-C18,medium,60840.0,0.0095789336889353,-566.17,,True,,0.3188,-622.175,0.0,-0.0,0.0
NO,36,2015,22940.0,10.04063739068336,-0.3161843751651201,0.3188,1.0,36,Production of paper or cardboard,C16-C18,medium,61450.0,0.0099763686209524,-678.008,,True,,0.3985,-622.175,0.0,-0.0,0.0
NO,36,2016,32674.0,10.394334933586451,0.3536975429030917,0.3985,1.0,36,Production of paper or cardboard,C16-C18,medium,61700.0,0.0040600948992981,-608.666,,False,0.3188,0.2779,-622.175,0.0,-0.0,0.0
NO,36,2017,25724.0,10.155179687254751,-0.2391552463317001,0.2779,1.0,36,Production of paper or cardboard,C16-C18,medium,62850.0,0.0184670041249148,-595.383,,False,0.3985,0.3918999999999999,-622.175,0.0,-0.0,0.0
NO,36,2018,26867.0,10.198654046697536,0.0434743594427828,0.3918999999999999,1.0,36,Production of paper or cardboard,C16-C18,medium,63130.0,0.0044451573432766,-563.803,,False,0.2779,0.3624,-622.175,0.0,-0.0,0.0
NO,36,2019,27056.0,10.20566407113836,0.0070100244408255,0.3624,1.0,36,Production of paper or cardboard,C16-C18,medium,63630.0,0.0078889648651667,-561.944,,False,0.3918999999999999,0.4237999999999999,-622.175,0.0,-0.0,0.0
NO,36,2020,14645.0,9.591854259261831,-0.6138098118765285,0.4237999999999999,2.0,36,Production of paper or cardboard,C16-C18,medium,62400.0,-0.0195197818693184,-603.999,,True,0.3624,0.3089,-622.175,0.0,-0.0,0.0
NO,36,2021,22527.0,10.022469868767994,0.4306156095061606,0.3089,3.0,36,Production of paper or cardboard,C16-C18,medium,64640.0,0.0352681388374573,-622.175,,True,0.4237999999999999,0.4019,-622.175,0.0,-0.0,0.0
NO,36,2022,24120.0,10.090796650841122,0.0683267820731288,0.4019,4.0,36,Production of paper or cardboard,C16-C18,medium,66670.0,0.0309216624171302,-682.103,,True,0.3089,0.3805,-622.175,1.0,-622.175,0.0
NO,36,2023,18132.0,9.80543361206074,-0.2853630387803818,0.3805,3.0,36,Production of paper or cardboard,C16-C18,medium,66140.0,-0.0079813690763224,-655.137,,True,0.4019,0.4997,-622.175,1.0,-622.175,0.0
NO,36,2024,12380.0,9.423837546238587,-0.3815960658221531,0.4997,4.0,36,Production of paper or cardboard,C16-C18,medium,66460.0,0.0048265553728015,-677.196,,True,0.3805,0.5407,-622.175,0.0,-0.0,0.0
NO,36,2025,10645.0,9.27284557732758,-0.1509919689110077,0.5407,3.0,36,Production of paper or cardboard,C16-C18,medium,66720.0,0.0039044951240434,,,True,0.4997,,-622.175,0.0,-0.0,0.0
PL,36,2005,1530372.0,14.241021401070448,,,,36,Production of paper or cardboard,C16-C18,medium,8080.0,0.0327073179757846,17.748,2004,True,,,40.464,0.0,0.0,1.0
PL,36,2006,1459962.0,14.19392096594854,-0.0471004351219068,,,36,Production of paper or cardboard,C16-C18,medium,8590.0,0.061206863463159,20.149,2004,True,,,40.464,0.0,0.0,1.0
PL,36,2007,1427368.0,14.171342746884736,-0.0225782190638064,,,36,Production of paper or cardboard,C16-C18,medium,9170.0,0.0653385502722105,25.79,2004,True,,,40.464,0.0,0.0,1.0
PL,36,2008,1215681.0,14.010814971565951,-0.1605277753187834,,,36,Production of paper or cardboard,C16-C18,medium,9570.0,0.0426959191964879,30.862,2004,True,,,40.464,0.0,0.0,1.0
PL,36,2009,1350792.0,14.116201645059666,0.1053866734937152,,,36,Production of paper or cardboard,C16-C18,medium,9810.0,0.024769068112409,32.041,2004,True,,,40.464,0.0,0.0,1.0
PL,36,2010,1562552.0,14.261830940038926,0.1456292949792601,,,36,Production of paper or cardboard,C16-C18,medium,10150.0,0.0340714319105242,31.559,2004,True,,,40.464,0.0,0.0,1.0
PL,36,2011,1782990.0,14.393802288304592,0.1319713482656652,,,36,Production of paper or cardboard,C16-C18,medium,10680.0,0.0508991280442536,34.008,2004,True,,,40.464,0.0,0.0,1.0
PL,36,2012,1819205.0,14.413910150435491,0.0201078621309012,,,36,Production of paper or cardboard,C16-C18,medium,10840.0,0.0148701624794505,31.613,2004,True,,,40.464,0.0,0.0,1.0
PL,36,2013,2101529.0,14.558175732999,0.1442655825635057,,,36,Production of paper or cardboard,C16-C18,medium,10930.0,0.0082683061769479,26.236,2004,True,,,40.464,0.0,0.0,1.0
PL,36,2014,1977947.0,14.497569996063644,-0.0606057369353543,,,36,Production of paper or cardboard,C16-C18,medium,11360.0,0.0385871111045581,29.395,2004,True,,0.0715,40.464,0.0,0.0,1.0
PL,36,2015,2107166.0,14.560854474685325,0.0632844786216786,0.0715,1.0,36,Production of paper or cardboard,C16-C18,medium,11870.0,0.0439157953285711,29.829,2004,True,,0.0644,40.464,0.0,0.0,1.0
PL,36,2016,2055997.0,14.53627144641216,-0.0245830282731631,0.0644,1.0,36,Production of paper or cardboard,C16-C18,medium,12240.0,0.0306950684626023,30.744,2004,False,0.0715,0.0742999999999999,40.464,0.0,0.0,1.0
PL,36,2017,1791058.0,14.39831706466143,-0.1379543817507293,0.0742999999999999,1.0,36,Production of paper or cardboard,C16-C18,medium,12870.0,0.0501897445238554,38.255,2004,False,0.0644,0.0629,40.464,0.0,0.0,1.0
PL,36,2018,1571197.0,14.26734830721188,-0.1309687574495495,0.0629,1.0,36,Production of paper or cardboard,C16-C18,medium,13680.0,0.0610358905863694,43.52,2004,False,0.0742999999999999,0.0883,40.464,0.0,0.0,1.0
PL,36,2019,1748268.0,14.374136141523406,0.1067878343115253,0.0883,1.0,36,Production of paper or cardboard,C16-C18,medium,14310.0,0.045023681373955,45.251,2004,False,0.0629,0.0757,40.464,0.0,0.0,1.0
PL,36,2020,1600757.0,14.285987200321667,-0.0881489412017391,0.0757,2.0,36,Production of paper or cardboard,C16-C18,medium,14310.0,0.0,42.775,2004,True,0.0883,0.0885,40.464,0.0,0.0,1.0
PL,36,2021,1587136.0,14.277441692119124,-0.0085455082025447,0.0885,3.0,36,Production of paper or cardboard,C16-C18,medium,15380.0,0.0721093705091391,40.464,2004,True,0.0757,0.1929,40.464,0.0,0.0,1.0
PL,36,2022,1409841.0,14.158987490038346,-0.1184542020807768,0.1929,4.0,36,Production of paper or cardboard,C16-C18,medium,15840.0,0.0294704223087816,46.115,2004,True,0.0885,0.1035,40.464,1.0,40.464,1.0
PL,36,2023,1210455.0,14.006506879948065,-0.1524806100902829,0.1035,3.0,36,Production of paper or cardboard,C16-C18,medium,15950.0,0.0069204428445726,47.996,2004,True,0.1929,0.2135999999999999,40.464,1.0,40.464,1.0
PL,36,2024,1165760.0,13.968883792802336,-0.037623087145727,0.2135999999999999,4.0,36,Production of paper or cardboard,C16-C18,medium,16510.0,0.0345074287011843,45.669,2004,True,0.1035,0.2116,40.464,0.0,0.0,1.0
PL,36,2025,165503.0,12.016744600523182,-1.9521391922791531,0.2116,3.0,36,Production of paper or cardboard,C16-C18,medium,17170.0,0.0391974169773465,,2004,True,0.2135999999999999,,40.464,0.0,0.0,1.0
PT,36,2005,157956.0,11.970071792213409,,,,36,Production of paper or cardboard,C16-C18,medium,19000.0,0.0058062976530219,88.561,EU-15,True,,,66.925,0.0,0.0,0.0
PT,36,2006,159712.0,11.981127472269335,0.0110556800559269,,,36,Production of paper or cardboard,C16-C18,medium,19280.0,0.0146293100159589,83.967,EU-15,True,,,66.925,0.0,0.0,0.0
PT,36,2007,155583.0,11.954934630259006,-0.0261928420103298,,,36,Production of paper or cardboard,C16-C18,medium,19720.0,0.0225650599920896,81.519,EU-15,True,,,66.925,0.0,0.0,0.0
PT,36,2008,141649.0,11.861107445579666,-0.0938271846793394,,,36,Production of paper or cardboard,C16-C18,medium,19760.0,0.0020263431452338,83.623,EU-15,True,,,66.925,0.0,0.0,0.0
PT,36,2009,159030.0,11.976848142649962,0.1157406970702954,,,36,Production of paper or cardboard,C16-C18,medium,19120.0,-0.0329247846964673,81.434,EU-15,True,,,66.925,0.0,0.0,0.0
PT,36,2010,191389.0,12.162063285085086,0.1852151424351245,,,36,Production of paper or cardboard,C16-C18,medium,19440.0,0.0165978914090381,75.22,EU-15,True,,,66.925,0.0,0.0,0.0
PT,36,2011,169212.0,12.03890764562523,-0.1231556394598563,,,36,Production of paper or cardboard,C16-C18,medium,19110.0,-0.0171210407801112,77.792,EU-15,True,,,66.925,0.0,0.0,0.0
PT,36,2012,144700.0,11.882417912619577,-0.1564897330056549,,,36,Production of paper or cardboard,C16-C18,medium,18410.0,-0.037317763007195,79.461,EU-15,True,,,66.925,0.0,0.0,0.0
PT,36,2013,156179.0,11.958758064327682,0.0763401517081074,,,36,Production of paper or cardboard,C16-C18,medium,18330.0,-0.0043549333933725,73.347,EU-15,True,,,66.925,0.0,0.0,0.0
PT,36,2014,165330.0,12.01569875554539,0.0569406912177079,,,36,Production of paper or cardboard,C16-C18,medium,18560.0,0.0124696655064404,70.234,EU-15,True,,0.0789,66.925,0.0,0.0,0.0
PT,36,2015,172784.0,12.05979753847254,0.0440987829271506,0.0789,1.0,36,Production of paper or cardboard,C16-C18,medium,18920.0,0.0192108362656764,76.293,EU-15,True,,0.0984,66.925,0.0,0.0,0.0
PT,36,2016,264162.0,12.484317830294282,0.4245202918217412,0.0984,1.0,36,Production of paper or cardboard,C16-C18,medium,19350.0,0.0224728558520599,72.241,EU-15,False,0.0789,0.1233,66.925,0.0,0.0,0.0
PT,36,2017,655872.0,13.393720926936242,0.9094030966419596,0.1233,1.0,36,Production of paper or cardboard,C16-C18,medium,20020.0,0.0340393544112824,77.965,EU-15,False,0.0984,0.0752,66.925,0.0,0.0,0.0
PT,36,2018,655734.0,13.393510497888938,-0.0002104290473035,0.0752,1.0,36,Production of paper or cardboard,C16-C18,medium,20620.0,0.0295297047017406,75.657,EU-15,False,0.1233,,66.925,0.0,0.0,0.0
PT,36,2019,642902.0,13.373747581028656,-0.0197629168602819,,,36,Production of paper or cardboard,C16-C18,medium,21150.0,0.0253784269034724,73.875,EU-15,False,0.0752,0.0351,66.925,0.0,0.0,0.0
PT,36,2020,591132.0,13.289794621703088,-0.0839529593255683,0.0351,2.0,36,Production of paper or cardboard,C16-C18,medium,19360.0,-0.088430823643856,65.282,EU-15,True,,0.2009,66.925,0.0,0.0,0.0
PT,36,2021,591335.0,13.29013797166887,0.0003433499657816,0.2009,3.0,36,Production of paper or cardboard,C16-C18,medium,20390.0,0.0518355027379335,66.925,EU-15,True,0.0351,0.2583,66.925,0.0,0.0,0.0
PT,36,2022,593465.0,13.293733519094111,0.0035955474252418,0.2583,4.0,36,Production of paper or cardboard,C16-C18,medium,21690.0,0.0618067402524182,71.274,EU-15,True,0.2009,0.0929,66.925,1.0,66.925,0.0
PT,36,2023,420993.0,12.950371485447905,-0.3433620336462084,0.0929,3.0,36,Production of paper or cardboard,C16-C18,medium,22130.0,0.0200828292241759,66.866,EU-15,True,0.2583,0.3453,66.925,1.0,66.925,0.0
PT,36,2024,368908.0,12.81830256944342,-0.1320689160044832,0.3453,4.0,36,Production of paper or cardboard,C16-C18,medium,22370.0,0.0107866214390792,64.524,EU-15,True,0.0929,0.1878,66.925,0.0,0.0,0.0
PT,36,2025,306877.0,12.634202294821293,-0.1841002746221267,0.1878,3.0,36,Production of paper or cardboard,C16-C18,medium,22560.0,0.00845765112782,,EU-15,True,0.3453,,66.925,0.0,0.0,0.0
RO,36,2007,194019.0,12.175711371394168,,,,36,Production of paper or cardboard,C16-C18,medium,7870.0,0.0848190262586374,31.46,2007,True,,,31.65,0.0,0.0,1.0
RO,36,2008,114854.0,11.651417035547333,-0.5242943358468359,,,36,Production of paper or cardboard,C16-C18,medium,8740.0,0.1048521272381322,27.65,2007,True,,,31.65,0.0,0.0,1.0
RO,36,2009,91216.0,11.420985599271363,-0.2304314362759694,,,36,Production of paper or cardboard,C16-C18,medium,8330.0,-0.0480467334886913,19.89,2007,True,,,31.65,0.0,0.0,1.0
RO,36,2010,109471.0,11.60341495297969,0.1824293537083274,,,36,Production of paper or cardboard,C16-C18,medium,8050.0,-0.0341913647482794,21.386,2007,True,,,31.65,0.0,0.0,1.0
RO,36,2011,101803.0,11.530794852212477,-0.0726201007672155,,,36,Production of paper or cardboard,C16-C18,medium,8460.0,0.0496770821876602,21.14,2007,True,,,31.65,0.0,0.0,1.0
RO,36,2012,99552.0,11.508435399697364,-0.0223594525151114,,,36,Production of paper or cardboard,C16-C18,medium,8660.0,0.0233655489562103,22.463,2007,True,,,31.65,0.0,0.0,1.0
RO,36,2013,95233.0,11.46408179936962,-0.044353600327744,,,36,Production of paper or cardboard,C16-C18,medium,8710.0,0.0057570682900678,18.317,2007,True,,,31.65,0.0,0.0,1.0
RO,36,2014,104257.0,11.55461428368981,0.0905324843201906,,,36,Production of paper or cardboard,C16-C18,medium,9100.0,0.0438026226583936,16.663,2007,True,,0.0647,31.65,0.0,0.0,1.0
RO,36,2015,121605.0,11.708533366089917,0.1539190824001064,0.0647,1.0,36,Production of paper or cardboard,C16-C18,medium,9430.0,0.0356216831225619,16.687,2007,True,,0.0154,31.65,0.0,0.0,1.0
RO,36,2016,121607.0,11.708549812646831,1.6446556914573307e-05,0.0154,1.0,36,Production of paper or cardboard,C16-C18,medium,9760.0,0.0343963037796353,21.901,2007,False,0.0647,0.1025,31.65,0.0,0.0,1.0
RO,36,2017,145360.0,11.886968703070051,0.178418890423222,0.1025,1.0,36,Production of paper or cardboard,C16-C18,medium,10620.0,0.0844466153887903,23.295,2007,False,0.0154,0.0316,31.65,0.0,0.0,1.0
RO,36,2018,161649.0,11.993182596929682,0.1062138938596284,0.0316,1.0,36,Production of paper or cardboard,C16-C18,medium,11260.0,0.0585176068977517,24.291,2007,False,0.1025,0.0656,31.65,0.0,0.0,1.0
RO,36,2019,174922.0,12.0720954392598,0.0789128423301175,0.0656,1.0,36,Production of paper or cardboard,C16-C18,medium,11760.0,0.0434473197589362,30.282,2007,False,0.0316,0.015,31.65,0.0,0.0,1.0
RO,36,2020,161956.0,11.995079972384948,-0.077015466874851,0.015,2.0,36,Production of paper or cardboard,C16-C18,medium,11390.0,-0.0319681650113885,28.191,2007,True,0.0656,0.0405,31.65,0.0,0.0,1.0
RO,36,2021,182727.0,12.11574851469846,0.1206685423135116,0.0405,3.0,36,Production of paper or cardboard,C16-C18,medium,12130.0,0.0629459454968675,31.65,2007,True,0.015,0.1289,31.65,0.0,0.0,1.0
RO,36,2022,189943.0,12.154479306133622,0.038730791435162,0.1289,4.0,36,Production of paper or cardboard,C16-C18,medium,12690.0,0.0451325587703372,32.423,2007,True,0.0405,0.0574,31.65,1.0,31.65,1.0
RO,36,2023,186919.0,12.13843064691775,-0.0160486592158726,0.0574,3.0,36,Production of paper or cardboard,C16-C18,medium,12970.0,0.0218247166020564,27.863,2007,True,0.1289,0.1084,31.65,1.0,31.65,1.0
RO,36,2024,190379.0,12.15677210113891,0.0183414542211615,0.1084,4.0,36,Production of paper or cardboard,C16-C18,medium,13090.0,0.0092095815934563,30.356,2007,True,0.0574,0.1079,31.65,0.0,0.0,1.0
RO,36,2025,176242.0,12.079613329573432,-0.0771587715654789,0.1079,3.0,36,Production of paper or cardboard,C16-C18,medium,13190.0,0.0076103868074142,,2007,True,0.1084,,31.65,0.0,0.0,1.0
SE,36,2005,1289332.0,14.069634812760514,,,,36,Production of paper or cardboard,C16-C18,medium,41330.0,0.0237494330382315,38.075,EU-15,True,,,21.224,0.0,0.0,0.0
SE,36,2006,1240192.0,14.03077676430462,-0.0388580484558929,,,36,Production of paper or cardboard,C16-C18,medium,42990.0,0.0393789019845502,38.227,EU-15,True,,,21.224,0.0,0.0,0.0
SE,36,2007,1005397.0,13.82089304634915,-0.2098837179554706,,,36,Production of paper or cardboard,C16-C18,medium,44080.0,0.0250386343364681,36.797,EU-15,True,,,21.224,0.0,0.0,0.0
SE,36,2008,914049.0,13.725639459502576,-0.0952535868465727,,,36,Production of paper or cardboard,C16-C18,medium,43330.0,-0.0171609290928405,38.416,EU-15,True,,,21.224,0.0,0.0,0.0
SE,36,2009,746169.0,13.522707395084195,-0.2029320644183823,,,36,Production of paper or cardboard,C16-C18,medium,41130.0,-0.0521074535094854,38.186,EU-15,True,,,21.224,0.0,0.0,0.0
SE,36,2010,727994.0,13.498048085386618,-0.0246593096975775,,,36,Production of paper or cardboard,C16-C18,medium,43130.0,0.0474810284174189,37.99,EU-15,True,,,21.224,0.0,0.0,0.0
SE,36,2011,630212.0,13.353811549698126,-0.144236535688492,,,36,Production of paper or cardboard,C16-C18,medium,44150.0,0.023374116390217,36.483,EU-15,True,,,21.224,0.0,0.0,0.0
SE,36,2012,637147.0,13.364755677161948,0.0109441274638211,,,36,Production of paper or cardboard,C16-C18,medium,43650.0,-0.0113896447643586,30.169,EU-15,True,,,21.224,0.0,0.0,0.0
SE,36,2013,579137.0,13.269294343419448,-0.0954613337424987,,,36,Production of paper or cardboard,C16-C18,medium,43770.0,0.0027453689171927,32.8,EU-15,True,,,21.224,0.0,0.0,0.0
SE,36,2014,443851.0,13.003244199507332,-0.2660501439121159,,,36,Production of paper or cardboard,C16-C18,medium,44330.0,0.0127129975541588,32.345,EU-15,True,,0.2376,21.224,0.0,0.0,0.0
SE,36,2015,444539.0,13.004793069119874,0.0015488696125416,0.2376,1.0,36,Production of paper or cardboard,C16-C18,medium,45790.0,0.0324040779120426,30.071,EU-15,True,,0.3726,21.224,0.0,0.0,0.0
SE,36,2016,491611.0,13.10544303233906,0.100649963219185,0.3726,1.0,36,Production of paper or cardboard,C16-C18,medium,46220.0,0.0093468781772294,33.311,EU-15,False,0.2376,0.2522,21.224,0.0,0.0,0.0
SE,36,2017,502186.0,13.126725847977337,0.021282815638278,0.2522,1.0,36,Production of paper or cardboard,C16-C18,medium,46420.0,0.0043177960000573,26.668,EU-15,False,0.3726,0.3629,21.224,0.0,0.0,0.0
SE,36,2018,529397.0,13.179493901966486,0.0527680539891495,0.3629,1.0,36,Production of paper or cardboard,C16-C18,medium,46700.0,0.0060137638285606,29.072,EU-15,False,0.2522,0.4403,21.224,0.0,0.0,0.0
SE,36,2019,487283.0,13.096600342115943,-0.0828935598505431,0.4403,1.0,36,Production of paper or cardboard,C16-C18,medium,47410.0,0.0150890122391746,30.056,EU-15,False,0.3629,0.2750999999999999,21.224,0.0,0.0,0.0
SE,36,2020,431204.0,12.974336574971746,-0.1222637671441972,0.2750999999999999,2.0,36,Production of paper or cardboard,C16-C18,medium,46180.0,-0.0262863729876769,31.982,EU-15,True,0.4403,0.3611999999999999,21.224,0.0,0.0,0.0
SE,36,2021,407410.0,12.917575328374433,-0.0567612465973148,0.3611999999999999,3.0,36,Production of paper or cardboard,C16-C18,medium,48300.0,0.044884756732177,21.224,EU-15,True,0.2750999999999999,0.5904,21.224,0.0,0.0,0.0
SE,36,2022,376020.0,12.837397612446775,-0.0801777159276539,0.5904,4.0,36,Production of paper or cardboard,C16-C18,medium,48390.0,0.0018616201467001,26.961,EU-15,True,0.3611999999999999,0.3436999999999999,21.224,1.0,21.224,0.0
SE,36,2023,347820.0,12.759440383561834,-0.0779572288849426,0.3436999999999999,3.0,36,Production of paper or cardboard,C16-C18,medium,47960.0,-0.0089258506459142,26.388,EU-15,True,0.5904,0.5003,21.224,1.0,21.224,0.0
SE,36,2024,345538.0,12.752857901670115,-0.0065824818917175,0.5003,4.0,36,Production of paper or cardboard,C16-C18,medium,48770.0,0.016748039562648,26.504,EU-15,True,0.3436999999999999,0.5866,21.224,0.0,0.0,0.0
SE,36,2025,368129.0,12.816188699203318,0.0633307975332009,0.5866,3.0,36,Production of paper or cardboard,C16-C18,medium,49250.0,0.0097939978961374,,EU-15,True,0.5003,,21.224,0.0,0.0,0.0
SI,36,2005,472748.0,13.066317755945915,,,,36,Production of paper or cardboard,C16-C18,medium,18610.0,0.0361089557198717,50.826,2004,True,,,48.6,0.0,0.0,1.0
SI,36,2006,440756.0,12.996246713326846,-0.0700710426190713,,,36,Production of paper or cardboard,C16-C18,medium,19640.0,0.0538692322721612,50.897,2004,True,,,48.6,0.0,0.0,1.0
SI,36,2007,386322.0,12.864426497589314,-0.1318202157375321,,,36,Production of paper or cardboard,C16-C18,medium,20930.0,0.0636152335315891,50.821,2004,True,,,48.6,0.0,0.0,1.0
SI,36,2008,374963.0,12.834582633418004,-0.0298438641713083,,,36,Production of paper or cardboard,C16-C18,medium,21600.0,0.0315097782322109,53.587,2004,True,,,48.6,0.0,0.0,1.0
SI,36,2009,351749.0,12.770673132044378,-0.0639095013736277,,,36,Production of paper or cardboard,C16-C18,medium,19770.0,-0.088527677507594,48.836,2004,True,,,48.6,0.0,0.0,1.0
SI,36,2010,340470.0,12.738082294963297,-0.0325908370810825,,,36,Production of paper or cardboard,C16-C18,medium,19920.0,0.0075586149739255,49.28,2004,True,,,48.6,0.0,0.0,1.0
SI,36,2011,322870.0,12.68500504440909,-0.0530772505542049,,,36,Production of paper or cardboard,C16-C18,medium,20010.0,0.0045078964391898,48.353,2004,True,,,48.6,0.0,0.0,1.0
SI,36,2012,308358.0,12.639016724626623,-0.0459883197824666,,,36,Production of paper or cardboard,C16-C18,medium,19390.0,-0.0314746793410805,51.844,2004,True,,,48.6,0.0,0.0,1.0
SI,36,2013,305028.0,12.628158854654574,-0.0108578699720496,,,36,Production of paper or cardboard,C16-C18,medium,19210.0,-0.009326492474095,47.475,2004,True,,,48.6,0.0,0.0,1.0
SI,36,2014,307512.0,12.636269389857524,0.0081105352029489,,,36,Production of paper or cardboard,C16-C18,medium,19720.0,0.0262023723940227,45.19,2004,True,,0.032,48.6,0.0,0.0,1.0
SI,36,2015,294426.0,12.592782977154693,-0.0434864127028316,0.032,1.0,36,Production of paper or cardboard,C16-C18,medium,20170.0,0.0225630027916317,49.257,2004,True,,0.0537,48.6,0.0,0.0,1.0
SI,36,2016,291659.0,12.58334059061188,-0.0094423865428101,0.0537,1.0,36,Production of paper or cardboard,C16-C18,medium,20770.0,0.0293132859219014,48.946,2004,False,0.032,0.078,48.6,0.0,0.0,1.0
SI,36,2017,292447.0,12.586038732654767,0.0026981420428864,0.078,1.0,36,Production of paper or cardboard,C16-C18,medium,21830.0,0.0497755326738307,50.662,2004,False,0.0537,0.1773999999999999,48.6,0.0,0.0,1.0
SI,36,2018,292962.0,12.587798186755595,0.0017594541008296,0.1773999999999999,1.0,36,Production of paper or cardboard,C16-C18,medium,22720.0,0.0399604232910988,51.091,2004,False,0.078,,48.6,0.0,0.0,1.0
SI,36,2019,288273.0,12.57166322679546,-0.0161349599601372,,,36,Production of paper or cardboard,C16-C18,medium,23330.0,0.0264944921803866,51.971,2004,False,0.1773999999999999,0.1051,48.6,0.0,0.0,1.0
SI,36,2020,259644.0,12.46706674097543,-0.1045964858200303,0.1051,2.0,36,Production of paper or cardboard,C16-C18,medium,22230.0,-0.0482973580572334,45.671,2004,True,,0.0711,48.6,0.0,0.0,1.0
SI,36,2021,218021.0,12.292346667406992,-0.1747200735684373,0.0711,3.0,36,Production of paper or cardboard,C16-C18,medium,24040.0,0.0782763816909017,48.6,2004,True,0.1051,0.2289999999999999,48.6,0.0,0.0,1.0
SI,36,2022,227701.0,12.33578864378571,0.0434419763787179,0.2289999999999999,4.0,36,Production of paper or cardboard,C16-C18,medium,24650.0,0.0250577908216929,53.91,2004,True,0.0711,0.162,48.6,1.0,48.6,1.0
SI,36,2023,188150.0,12.144994796021583,-0.1907938477641266,0.162,3.0,36,Production of paper or cardboard,C16-C18,medium,25170.0,0.0208759086585246,49.26,2004,True,0.2289999999999999,0.2184,48.6,1.0,48.6,1.0
SI,36,2024,197404.0,12.193007669200735,0.0480128731791538,0.2184,4.0,36,Production of paper or cardboard,C16-C18,medium,25600.0,0.0169395423382923,46.382,2004,True,0.162,0.1888,48.6,0.0,0.0,1.0
SI,36,2025,187295.0,12.140440192934374,-0.052567476266363,0.1888,3.0,36,Production of paper or cardboard,C16-C18,medium,25940.0,0.013193827402782,,2004,True,0.2184,,48.6,0.0,0.0,1.0
SK,36,2005,238164.0,12.380714790980258,,,,36,Production of paper or cardboard,C16-C18,medium,11070.0,0.0614718640936686,65.99,2004,True,,,52.584,0.0,0.0,1.0
SK,36,2006,257969.0,12.4605947016458,0.0798799106655412,,,36,Production of paper or cardboard,C16-C18,medium,12050.0,0.0848259132161182,64.344,2004,True,,,52.584,0.0,0.0,1.0
SK,36,2007,249569.0,12.42749070904616,-0.0331039925996385,,,36,Production of paper or cardboard,C16-C18,medium,13340.0,0.1017023805508134,69.736,2004,True,,,52.584,0.0,0.0,1.0
SK,36,2008,325795.0,12.694023628193769,0.2665329191476058,,,36,Production of paper or cardboard,C16-C18,medium,14030.0,0.0504308536268922,65.842,2004,True,,,52.584,0.0,0.0,1.0
SK,36,2009,348448.0,12.761244287145788,0.0672206589520207,,,36,Production of paper or cardboard,C16-C18,medium,13230.0,-0.0587109159875058,67.692,2004,True,,,52.584,0.0,0.0,1.0
SK,36,2010,349425.0,12.764044225353109,0.0027999382073193,,,36,Production of paper or cardboard,C16-C18,medium,14100.0,0.0636878192572591,61.942,2004,True,,,52.584,0.0,0.0,1.0
SK,36,2011,313620.0,12.655937340935022,-0.1081068844180848,,,36,Production of paper or cardboard,C16-C18,medium,14540.0,0.0307286747212494,63.462,2004,True,,,52.584,0.0,0.0,1.0
SK,36,2012,260757.0,12.471344218140263,-0.184593122794757,,,36,Production of paper or cardboard,C16-C18,medium,14750.0,0.0143396106804569,58.952,2004,True,,,52.584,0.0,0.0,1.0
SK,36,2013,109099.0,11.600011005876311,-0.8713332122639521,,,36,Production of paper or cardboard,C16-C18,medium,14830.0,0.0054090733640119,58.4,2004,True,,,52.584,0.0,0.0,1.0
SK,36,2014,122589.0,11.716592575783562,0.1165815699072485,,,36,Production of paper or cardboard,C16-C18,medium,15220.0,0.0259581962836978,60.698,2004,True,,0.1133,52.584,0.0,0.0,1.0
SK,36,2015,131396.0,11.785970943168994,0.0693783673854326,0.1133,1.0,36,Production of paper or cardboard,C16-C18,medium,16000.0,0.0499783698062419,58.013,2004,True,,0.0603,52.584,0.0,0.0,1.0
SK,36,2016,128076.0,11.760379116701966,-0.0255918264670285,0.0603,1.0,36,Production of paper or cardboard,C16-C18,medium,16280.0,0.0173486383346137,58.206,2004,False,0.1133,0.0608999999999999,52.584,0.0,0.0,1.0
SK,36,2017,140182.0,11.850696857323062,0.0903177406210957,0.0608999999999999,1.0,36,Production of paper or cardboard,C16-C18,medium,16730.0,0.0272661544243373,62.541,2004,False,0.0603,0.0982,52.584,0.0,0.0,1.0
SK,36,2018,151621.0,11.929139265024505,0.0784424077014414,0.0982,1.0,36,Production of paper or cardboard,C16-C18,medium,17380.0,0.0381166048385139,61.905,2004,False,0.0608999999999999,0.0592,52.584,0.0,0.0,1.0
SK,36,2019,140645.0,11.853994264050424,-0.0751450009740803,0.0592,1.0,36,Production of paper or cardboard,C16-C18,medium,17760.0,0.0216286177267779,69.785,2004,False,0.0982,0.017,52.584,0.0,0.0,1.0
SK,36,2020,141335.0,11.858888237929284,0.0048939738788629,0.017,2.0,36,Production of paper or cardboard,C16-C18,medium,17270.0,-0.0279778454054362,56.329,2004,True,0.0592,0.0588999999999999,52.584,0.0,0.0,1.0
SK,36,2021,132092.0,11.791253928494896,-0.0676343094343909,0.0588999999999999,3.0,36,Production of paper or cardboard,C16-C18,medium,18320.0,0.0590224670873968,52.584,2004,True,0.017,0.0937,52.584,0.0,0.0,1.0
SK,36,2022,117129.0,11.671031170505064,-0.1202227579898291,0.0937,4.0,36,Production of paper or cardboard,C16-C18,medium,18360.0,0.0021810259463599,69.595,2004,True,0.0588999999999999,0.0448,52.584,1.0,52.584,1.0
SK,36,2023,108884.0,11.598038374343409,-0.0729927961616567,0.0448,3.0,36,Production of paper or cardboard,C16-C18,medium,18750.0,0.0210193672240741,58.41,2004,True,0.0937,0.1032,52.584,1.0,52.584,1.0
SK,36,2024,115628.0,11.658133420424084,0.0600950460806739,0.1032,4.0,36,Production of paper or cardboard,C16-C18,medium,19110.0,0.0190180058357629,53.501,2004,True,0.0448,0.1566,52.584,0.0,0.0,1.0
SK,36,2025,135010.0,11.813104128751291,0.1549707083272089,0.1566,3.0,36,Production of paper or cardboard,C16-C18,medium,19270.0,0.0083377241740922,,2004,True,0.1032,,52.584,0.0,0.0,1.0
UK,36,2005,136194.0,11.821835618863757,,,,36,Production of paper or cardboard,C16-C18,medium,,,13.363,EU-15,True,,,,0.0,,0.0
UK,36,2006,55028.0,10.915597425580886,-0.9062381932828708,,,36,Production of paper or cardboard,C16-C18,medium,,,21.132,EU-15,True,,,,0.0,,0.0
UK,36,2007,54678.0,10.909216713724184,-0.0063807118567034,,,36,Production of paper or cardboard,C16-C18,medium,,,20.378,EU-15,True,,,,0.0,,0.0
UK,36,2008,1014678.0,13.830081878747023,2.9208651650228408,,,36,Production of paper or cardboard,C16-C18,medium,,,26.236,EU-15,True,,,,0.0,,0.0
UK,36,2009,770727.0,13.555089504239245,-0.2749923745077787,,,36,Production of paper or cardboard,C16-C18,medium,,,27.274,EU-15,True,,,,0.0,,0.0
UK,36,2010,767837.0,13.551332750020467,-0.0037567542187773,,,36,Production of paper or cardboard,C16-C18,medium,,,29.008,EU-15,True,,,,0.0,,0.0
UK,36,2011,749115.0,13.52664778876433,-0.0246849612561366,,,36,Production of paper or cardboard,C16-C18,medium,,,36.942,EU-15,True,,,,0.0,,0.0
UK,36,2012,889021.0,13.69787613626429,0.1712283474999587,,,36,Production of paper or cardboard,C16-C18,medium,,,43.387,EU-15,True,,,,0.0,,0.0
UK,36,2013,878347.0,13.685797010940734,-0.0120791253235559,,,36,Production of paper or cardboard,C16-C18,medium,,,47.758,EU-15,True,,,,0.0,,0.0
UK,36,2014,801536.0,13.594285165805967,-0.0915118451347662,,,36,Production of paper or cardboard,C16-C18,medium,,,46.773,EU-15,True,,0.172,,0.0,,0.0
UK,36,2015,777297.0,13.563577795697162,-0.0307073701088054,0.172,1.0,36,Production of paper or cardboard,C16-C18,medium,,,37.638,EU-15,True,,0.2513999999999999,,0.0,,0.0
UK,36,2016,729090.0,13.499552460160755,-0.0640253355364048,0.2513999999999999,1.0,36,Production of paper or cardboard,C16-C18,medium,,,35.639,EU-15,False,0.172,0.1649,,0.0,,0.0
UK,36,2017,736194.0,13.509248949934596,0.0096964897738391,0.1649,1.0,36,Production of paper or cardboard,C16-C18,medium,,,35.575,EU-15,False,0.2513999999999999,,,0.0,,0.0
UK,36,2018,784574.0,13.572896174303851,0.0636472243692551,,,36,Production of paper or cardboard,C16-C18,medium,,,35.513,EU-15,False,0.1649,,,0.0,,0.0
UK,36,2019,829356.0,13.62840477498932,0.0555086006854672,,,36,Production of paper or cardboard,C16-C18,medium,,,34.829,EU-15,False,,0.0635999999999999,,0.0,,0.0
UK,36,2020,790831.0,13.580839570319574,-0.0475652046697447,0.0635999999999999,2.0,36,Production of paper or cardboard,C16-C18,medium,,,,EU-15,True,,,,0.0,,0.0
