freq,unit,inet_tec,terrtypo,geo,time,value
A,PC_HH,5G,DEG3,AT,2020,7.5
A,PC_HH,5G,DEG3,AT,2021,36.3
A,PC_HH,5G,DEG3,AT,2022,68.9
A,PC_HH,5G,DEG3,AT,2023,82.0
A,PC_HH,5G,DEG3,AT,2024,97.8
A,PC_HH,5G,DEG3,AT,2025,98.9
A,PC_HH,5G,DEG3,BE,2022,21.2
A,PC_HH,5G,DEG3,BE,2023,28.9
A,PC_HH,5G,DEG3,BE,2024,69.8
A,PC_HH,5G,DEG3,BE,2025,99.6
A,PC_HH,5G,DEG3,BG,2021,8.6
A,PC_HH,5G,DEG3,BG,2022,18.4
A,PC_HH,5G,DEG3,BG,2023,28.5
A,PC_HH,5G,DEG3,BG,2024,38.2
A,PC_HH,5G,DEG3,BG,2025,86.8
A,PC_HH,5G,DEG3,CH,2020,40.0
A,PC_HH,5G,DEG3,CH,2021,88.8
A,PC_HH,5G,DEG3,CH,2022,90.0
A,PC_HH,5G,DEG3,CH,2023,93.0
A,PC_HH,5G,DEG3,CH,2024,84.0
A,PC_HH,5G,DEG3,CH,2025,97.8
A,PC_HH,5G,DEG3,CY,2021,32.2
A,PC_HH,5G,DEG3,CY,2022,100.0
A,PC_HH,5G,DEG3,CY,2023,100.0
A,PC_HH,5G,DEG3,CY,2024,100.0
A,PC_HH,5G,DEG3,CY,2025,100.0
A,PC_HH,5G,DEG3,CZ,2021,43.3
A,PC_HH,5G,DEG3,CZ,2022,78.0
A,PC_HH,5G,DEG3,CZ,2023,72.7
A,PC_HH,5G,DEG3,CZ,2024,95.3
A,PC_HH,5G,DEG3,CZ,2025,98.9
A,PC_HH,5G,DEG3,DE,2020,0.8
A,PC_HH,5G,DEG3,DE,2021,49.4
A,PC_HH,5G,DEG3,DE,2022,74.8
A,PC_HH,5G,DEG3,DE,2023,92.8
A,PC_HH,5G,DEG3,DE,2024,96.0
A,PC_HH,5G,DEG3,DE,2025,98.1
A,PC_HH,5G,DEG3,DK,2020,75.0
A,PC_HH,5G,DEG3,DK,2021,98.0
A,PC_HH,5G,DEG3,DK,2022,99.2
A,PC_HH,5G,DEG3,DK,2023,100.0
A,PC_HH,5G,DEG3,DK,2024,100.0
A,PC_HH,5G,DEG3,DK,2025,100.0
A,PC_HH,5G,DEG3,EE,2021,1.5
A,PC_HH,5G,DEG3,EE,2022,32.5
A,PC_HH,5G,DEG3,EE,2023,87.0
A,PC_HH,5G,DEG3,EE,2024,92.3
A,PC_HH,5G,DEG3,EE,2025,99.9
A,PC_HH,5G,DEG3,EL,2021,17.3
A,PC_HH,5G,DEG3,EL,2022,57.8
A,PC_HH,5G,DEG3,EL,2023,92.1
A,PC_HH,5G,DEG3,EL,2024,99.3
A,PC_HH,5G,DEG3,EL,2025,99.1
A,PC_HH,5G,DEG3,ES,2021,24.8
A,PC_HH,5G,DEG3,ES,2022,48.3
A,PC_HH,5G,DEG3,ES,2023,67.4
A,PC_HH,5G,DEG3,ES,2024,79.6
A,PC_HH,5G,DEG3,ES,2025,95.7
A,PC_HH,5G,DEG3,FI,2021,19.0
A,PC_HH,5G,DEG3,FI,2022,77.6
A,PC_HH,5G,DEG3,FI,2023,92.4
A,PC_HH,5G,DEG3,FI,2024,97.1
A,PC_HH,5G,DEG3,FI,2025,100.0
A,PC_HH,5G,DEG3,FR,2021,48.2
A,PC_HH,5G,DEG3,FR,2022,74.1
A,PC_HH,5G,DEG3,FR,2023,73.4
A,PC_HH,5G,DEG3,FR,2024,77.9
A,PC_HH,5G,DEG3,FR,2025,82.7
A,PC_HH,5G,DEG3,HR,2021,9.3
A,PC_HH,5G,DEG3,HR,2022,73.5
A,PC_HH,5G,DEG3,HR,2023,80.1
A,PC_HH,5G,DEG3,HR,2024,86.3
A,PC_HH,5G,DEG3,HR,2025,93.9
A,PC_HH,5G,DEG3,HU,2021,7.0
A,PC_HH,5G,DEG3,HU,2022,33.8
A,PC_HH,5G,DEG3,HU,2023,57.5
A,PC_HH,5G,DEG3,HU,2024,57.9
A,PC_HH,5G,DEG3,HU,2025,82.0
A,PC_HH,5G,DEG3,IE,2021,36.2
A,PC_HH,5G,DEG3,IE,2022,58.3
A,PC_HH,5G,DEG3,IE,2023,62.3
A,PC_HH,5G,DEG3,IE,2024,76.4
A,PC_HH,5G,DEG3,IE,2025,89.1
A,PC_HH,5G,DEG3,IS,2021,6.7
A,PC_HH,5G,DEG3,IS,2022,7.9
A,PC_HH,5G,DEG3,IS,2023,5.7
A,PC_HH,5G,DEG3,IS,2024,7.4
A,PC_HH,5G,DEG3,IS,2025,15.1
A,PC_HH,5G,DEG3,IT,2021,99.8
A,PC_HH,5G,DEG3,IT,2022,99.8
A,PC_HH,5G,DEG3,IT,2023,98.3
A,PC_HH,5G,DEG3,IT,2024,99.1
A,PC_HH,5G,DEG3,IT,2025,99.4
A,PC_HH,5G,DEG3,LT,2021,0.8
A,PC_HH,5G,DEG3,LT,2022,75.6
A,PC_HH,5G,DEG3,LT,2023,96.4
A,PC_HH,5G,DEG3,LT,2024,98.5
A,PC_HH,5G,DEG3,LT,2025,99.1
A,PC_HH,5G,DEG3,LU,2021,6.7
A,PC_HH,5G,DEG3,LU,2022,46.7
A,PC_HH,5G,DEG3,LU,2023,96.9
A,PC_HH,5G,DEG3,LU,2024,96.8
A,PC_HH,5G,DEG3,LU,2025,98.9
A,PC_HH,5G,DEG3,LV,2024,15.0
A,PC_HH,5G,DEG3,LV,2025,94.4
A,PC_HH,5G,DEG3,MT,2022,100.0
A,PC_HH,5G,DEG3,MT,2023,100.0
A,PC_HH,5G,DEG3,MT,2024,100.0
A,PC_HH,5G,DEG3,MT,2025,100.0
A,PC_HH,5G,DEG3,NL,2021,96.8
A,PC_HH,5G,DEG3,NL,2022,100.0
A,PC_HH,5G,DEG3,NL,2023,100.0
A,PC_HH,5G,DEG3,NL,2024,100.0
A,PC_HH,5G,DEG3,NL,2025,100.0
A,PC_HH,5G,DEG3,NO,2021,4.6
A,PC_HH,5G,DEG3,NO,2022,59.8
A,PC_HH,5G,DEG3,NO,2023,84.8
A,PC_HH,5G,DEG3,NO,2024,96.0
A,PC_HH,5G,DEG3,NO,2025,98.1
A,PC_HH,5G,DEG3,PL,2021,1.1
A,PC_HH,5G,DEG3,PL,2022,2.8
A,PC_HH,5G,DEG3,PL,2023,58.5
A,PC_HH,5G,DEG3,PL,2024,72.3
A,PC_HH,5G,DEG3,PL,2025,84.3
A,PC_HH,5G,DEG3,PT,2022,20.8
A,PC_HH,5G,DEG3,PT,2023,87.5
A,PC_HH,5G,DEG3,PT,2024,92.3
A,PC_HH,5G,DEG3,PT,2025,95.3
A,PC_HH,5G,DEG3,RO,2021,2.0
A,PC_HH,5G,DEG3,RO,2022,3.0
A,PC_HH,5G,DEG3,RO,2023,6.3
A,PC_HH,5G,DEG3,RO,2024,14.5
A,PC_HH,5G,DEG3,RO,2025,22.7
A,PC_HH,5G,DEG3,SE,2021,0.5
A,PC_HH,5G,DEG3,SE,2022,0.5
A,PC_HH,5G,DEG3,SE,2023,67.0
A,PC_HH,5G,DEG3,SE,2024,90.3
A,PC_HH,5G,DEG3,SE,2025,90.5
A,PC_HH,5G,DEG3,SI,2021,2.8
A,PC_HH,5G,DEG3,SI,2022,14.1
A,PC_HH,5G,DEG3,SI,2023,45.5
A,PC_HH,5G,DEG3,SI,2024,91.1
A,PC_HH,5G,DEG3,SI,2025,97.3
A,PC_HH,5G,DEG3,SK,2021,2.4
A,PC_HH,5G,DEG3,SK,2022,39.3
A,PC_HH,5G,DEG3,SK,2023,46.1
A,PC_HH,5G,DEG3,SK,2024,72.5
A,PC_HH,5G,DEG3,SK,2025,84.6
A,PC_HH,5G,DEG3,UK,2021,4.3
A,PC_HH,5G,DEG3,UK,2022,14.9
A,PC_HH,5G,DEG3,UK,2023,50.6
A,PC_HH,5G,DEG3,UK,2024,78.9
A,PC_HH,5G,DEG3,UK,2025,84.8
A,PC_HH,5G,TOTAL,AT,2020,50.0
A,PC_HH,5G,TOTAL,AT,2021,76.8
A,PC_HH,5G,TOTAL,AT,2022,91.7
A,PC_HH,5G,TOTAL,AT,2023,96.0
A,PC_HH,5G,TOTAL,AT,2024,99.6
A,PC_HH,5G,TOTAL,AT,2025,99.8
A,PC_HH,5G,TOTAL,BE,2020,4.4
A,PC_HH,5G,TOTAL,BE,2021,4.2
A,PC_HH,5G,TOTAL,BE,2022,29.6
A,PC_HH,5G,TOTAL,BE,2023,40.4
A,PC_HH,5G,TOTAL,BE,2024,96.9
A,PC_HH,5G,TOTAL,BE,2025,99.9
A,PC_HH,5G,TOTAL,BG,2021,40.1
A,PC_HH,5G,TOTAL,BG,2022,67.2
A,PC_HH,5G,TOTAL,BG,2023,78.9
A,PC_HH,5G,TOTAL,BG,2024,81.3
A,PC_HH,5G,TOTAL,BG,2025,94.8
A,PC_HH,5G,TOTAL,CH,2020,89.2
A,PC_HH,5G,TOTAL,CH,2021,94.6
A,PC_HH,5G,TOTAL,CH,2022,96.8
A,PC_HH,5G,TOTAL,CH,2023,98.5
A,PC_HH,5G,TOTAL,CH,2024,99.5
A,PC_HH,5G,TOTAL,CH,2025,99.5
A,PC_HH,5G,TOTAL,CY,2021,75.0
A,PC_HH,5G,TOTAL,CY,2022,100.0
A,PC_HH,5G,TOTAL,CY,2023,100.0
A,PC_HH,5G,TOTAL,CY,2024,100.0
A,PC_HH,5G,TOTAL,CY,2025,100.0
A,PC_HH,5G,TOTAL,CZ,2021,49.4
A,PC_HH,5G,TOTAL,CZ,2022,82.6
A,PC_HH,5G,TOTAL,CZ,2023,94.6
A,PC_HH,5G,TOTAL,CZ,2024,99.1
A,PC_HH,5G,TOTAL,CZ,2025,99.7
A,PC_HH,5G,TOTAL,DE,2020,17.8
A,PC_HH,5G,TOTAL,DE,2021,86.5
A,PC_HH,5G,TOTAL,DE,2022,93.2
A,PC_HH,5G,TOTAL,DE,2023,98.1
A,PC_HH,5G,TOTAL,DE,2024,99.0
A,PC_HH,5G,TOTAL,DE,2025,99.5
A,PC_HH,5G,TOTAL,DK,2020,80.0
A,PC_HH,5G,TOTAL,DK,2021,98.0
A,PC_HH,5G,TOTAL,DK,2022,97.8
A,PC_HH,5G,TOTAL,DK,2023,100.0
A,PC_HH,5G,TOTAL,DK,2024,100.0
A,PC_HH,5G,TOTAL,DK,2025,100.0
A,PC_HH,5G,TOTAL,EE,2021,18.3
A,PC_HH,5G,TOTAL,EE,2022,43.3
A,PC_HH,5G,TOTAL,EE,2023,87.5
A,PC_HH,5G,TOTAL,EE,2024,91.5
A,PC_HH,5G,TOTAL,EE,2025,100.0
A,PC_HH,5G,TOTAL,EL,2021,66.1
A,PC_HH,5G,TOTAL,EL,2022,85.7
A,PC_HH,5G,TOTAL,EL,2023,98.1
A,PC_HH,5G,TOTAL,EL,2024,99.8
A,PC_HH,5G,TOTAL,EL,2025,99.5
A,PC_HH,5G,TOTAL,ES,2020,12.5
A,PC_HH,5G,TOTAL,ES,2021,58.9
A,PC_HH,5G,TOTAL,ES,2022,82.3
A,PC_HH,5G,TOTAL,ES,2023,92.3
A,PC_HH,5G,TOTAL,ES,2024,95.7
A,PC_HH,5G,TOTAL,ES,2025,99.2
A,PC_HH,5G,TOTAL,FI,2020,12.4
A,PC_HH,5G,TOTAL,FI,2021,71.6
A,PC_HH,5G,TOTAL,FI,2022,94.7
A,PC_HH,5G,TOTAL,FI,2023,98.3
A,PC_HH,5G,TOTAL,FI,2024,99.5
A,PC_HH,5G,TOTAL,FI,2025,100.0
A,PC_HH,5G,TOTAL,FR,2021,74.4
A,PC_HH,5G,TOTAL,FR,2022,87.5
A,PC_HH,5G,TOTAL,FR,2023,90.8
A,PC_HH,5G,TOTAL,FR,2024,94.3
A,PC_HH,5G,TOTAL,FR,2025,96.4
A,PC_HH,5G,TOTAL,HR,2021,33.8
A,PC_HH,5G,TOTAL,HR,2022,82.5
A,PC_HH,5G,TOTAL,HR,2023,83.4
A,PC_HH,5G,TOTAL,HR,2024,94.2
A,PC_HH,5G,TOTAL,HR,2025,97.8
A,PC_HH,5G,TOTAL,HU,2020,7.3
A,PC_HH,5G,TOTAL,HU,2021,17.6
A,PC_HH,5G,TOTAL,HU,2022,57.9
A,PC_HH,5G,TOTAL,HU,2023,83.7
A,PC_HH,5G,TOTAL,HU,2024,85.6
A,PC_HH,5G,TOTAL,HU,2025,94.0
A,PC_HH,5G,TOTAL,IE,2020,30.5
A,PC_HH,5G,TOTAL,IE,2021,72.1
A,PC_HH,5G,TOTAL,IE,2022,83.9
A,PC_HH,5G,TOTAL,IE,2023,85.3
A,PC_HH,5G,TOTAL,IE,2024,89.9
A,PC_HH,5G,TOTAL,IE,2025,96.3
A,PC_HH,5G,TOTAL,IS,2021,41.0
A,PC_HH,5G,TOTAL,IS,2022,41.6
A,PC_HH,5G,TOTAL,IS,2023,78.3
A,PC_HH,5G,TOTAL,IS,2024,80.3
A,PC_HH,5G,TOTAL,IS,2025,93.8
A,PC_HH,5G,TOTAL,IT,2020,8.1
A,PC_HH,5G,TOTAL,IT,2021,99.7
A,PC_HH,5G,TOTAL,IT,2022,99.7
A,PC_HH,5G,TOTAL,IT,2023,99.5
A,PC_HH,5G,TOTAL,IT,2024,99.5
A,PC_HH,5G,TOTAL,IT,2025,99.8
A,PC_HH,5G,TOTAL,LT,2021,33.3
A,PC_HH,5G,TOTAL,LT,2022,90.1
A,PC_HH,5G,TOTAL,LT,2023,98.9
A,PC_HH,5G,TOTAL,LT,2024,99.7
A,PC_HH,5G,TOTAL,LT,2025,99.7
A,PC_HH,5G,TOTAL,LU,2021,12.7
A,PC_HH,5G,TOTAL,LU,2022,93.2
A,PC_HH,5G,TOTAL,LU,2023,99.6
A,PC_HH,5G,TOTAL,LU,2024,99.6
A,PC_HH,5G,TOTAL,LU,2025,99.9
A,PC_HH,5G,TOTAL,LV,2022,42.0
A,PC_HH,5G,TOTAL,LV,2023,53.1
A,PC_HH,5G,TOTAL,LV,2024,71.1
A,PC_HH,5G,TOTAL,LV,2025,98.2
A,PC_HH,5G,TOTAL,MT,2021,20.0
A,PC_HH,5G,TOTAL,MT,2022,100.0
A,PC_HH,5G,TOTAL,MT,2023,100.0
A,PC_HH,5G,TOTAL,MT,2024,100.0
A,PC_HH,5G,TOTAL,MT,2025,100.0
A,PC_HH,5G,TOTAL,NL,2020,80.0
A,PC_HH,5G,TOTAL,NL,2021,97.0
A,PC_HH,5G,TOTAL,NL,2022,100.0
A,PC_HH,5G,TOTAL,NL,2023,100.0
A,PC_HH,5G,TOTAL,NL,2024,100.0
A,PC_HH,5G,TOTAL,NL,2025,100.0
A,PC_HH,5G,TOTAL,NO,2020,2.4
A,PC_HH,5G,TOTAL,NO,2021,23.8
A,PC_HH,5G,TOTAL,NO,2022,81.5
A,PC_HH,5G,TOTAL,NO,2023,95.3
A,PC_HH,5G,TOTAL,NO,2024,99.0
A,PC_HH,5G,TOTAL,NO,2025,99.7
A,PC_HH,5G,TOTAL,PL,2020,10.3
A,PC_HH,5G,TOTAL,PL,2021,34.2
A,PC_HH,5G,TOTAL,PL,2022,63.4
A,PC_HH,5G,TOTAL,PL,2023,71.9
A,PC_HH,5G,TOTAL,PL,2024,89.3
A,PC_HH,5G,TOTAL,PL,2025,94.0
A,PC_HH,5G,TOTAL,PT,2022,70.1
A,PC_HH,5G,TOTAL,PT,2023,98.1
A,PC_HH,5G,TOTAL,PT,2024,98.7
A,PC_HH,5G,TOTAL,PT,2025,99.1
A,PC_HH,5G,TOTAL,RO,2020,11.7
A,PC_HH,5G,TOTAL,RO,2021,24.9
A,PC_HH,5G,TOTAL,RO,2022,26.8
A,PC_HH,5G,TOTAL,RO,2023,32.8
A,PC_HH,5G,TOTAL,RO,2024,46.8
A,PC_HH,5G,TOTAL,RO,2025,59.3
A,PC_HH,5G,TOTAL,SE,2020,13.6
A,PC_HH,5G,TOTAL,SE,2021,17.7
A,PC_HH,5G,TOTAL,SE,2022,20.5
A,PC_HH,5G,TOTAL,SE,2023,90.3
A,PC_HH,5G,TOTAL,SE,2024,98.6
A,PC_HH,5G,TOTAL,SE,2025,98.7
A,PC_HH,5G,TOTAL,SI,2021,36.6
A,PC_HH,5G,TOTAL,SI,2022,63.9
A,PC_HH,5G,TOTAL,SI,2023,82.1
A,PC_HH,5G,TOTAL,SI,2024,97.7
A,PC_HH,5G,TOTAL,SI,2025,99.4
A,PC_HH,5G,TOTAL,SK,2021,13.8
A,PC_HH,5G,TOTAL,SK,2022,55.3
A,PC_HH,5G,TOTAL,SK,2023,79.0
A,PC_HH,5G,TOTAL,SK,2024,87.9
A,PC_HH,5G,TOTAL,SK,2025,93.9
A,PC_HH,5G,TOTAL,UK,2020,20.4
A,PC_HH,5G,TOTAL,UK,2021,37.9
A,PC_HH,5G,TOTAL,UK,2022,57.2
A,PC_HH,5G,TOTAL,UK,2023,84.8
A,PC_HH,5G,TOTAL,UK,2024,95.1
A,PC_HH,5G,TOTAL,UK,2025,97.0
A,PC_HH,5G_GHZ3P4-3P8,DEG3,AT,2022,31.3
A,PC_HH,5G_GHZ3P4-3P8,DEG3,AT,2023,41.5
A,PC_HH,5G_GHZ3P4-3P8,DEG3,AT,2024,51.9
A,PC_HH,5G_GHZ3P4-3P8,DEG3,AT,2025,53.2
A,PC_HH,5G_GHZ3P4-3P8,DEG3,BE,2022,2.0
A,PC_HH,5G_GHZ3P4-3P8,DEG3,BE,2023,3.8
A,PC_HH,5G_GHZ3P4-3P8,DEG3,BE,2024,39.6
A,PC_HH,5G_GHZ3P4-3P8,DEG3,BE,2025,48.0
A,PC_HH,5G_GHZ3P4-3P8,DEG3,BG,2022,8.6
A,PC_HH,5G_GHZ3P4-3P8,DEG3,BG,2023,13.4
A,PC_HH,5G_GHZ3P4-3P8,DEG3,BG,2024,38.2
A,PC_HH,5G_GHZ3P4-3P8,DEG3,BG,2025,49.1
A,PC_HH,5G_GHZ3P4-3P8,DEG3,CH,2022,70.6
A,PC_HH,5G_GHZ3P4-3P8,DEG3,CH,2023,92.9
A,PC_HH,5G_GHZ3P4-3P8,DEG3,CH,2024,52.0
A,PC_HH,5G_GHZ3P4-3P8,DEG3,CH,2025,83.2
A,PC_HH,5G_GHZ3P4-3P8,DEG3,CY,2022,6.8
A,PC_HH,5G_GHZ3P4-3P8,DEG3,CY,2023,28.0
A,PC_HH,5G_GHZ3P4-3P8,DEG3,CY,2024,28.0
A,PC_HH,5G_GHZ3P4-3P8,DEG3,CY,2025,87.5
A,PC_HH,5G_GHZ3P4-3P8,DEG3,CZ,2022,2.0
A,PC_HH,5G_GHZ3P4-3P8,DEG3,CZ,2023,4.5
A,PC_HH,5G_GHZ3P4-3P8,DEG3,CZ,2024,8.3
A,PC_HH,5G_GHZ3P4-3P8,DEG3,CZ,2025,14.2
A,PC_HH,5G_GHZ3P4-3P8,DEG3,DE,2022,2.1
A,PC_HH,5G_GHZ3P4-3P8,DEG3,DE,2023,4.8
A,PC_HH,5G_GHZ3P4-3P8,DEG3,DE,2024,6.7
A,PC_HH,5G_GHZ3P4-3P8,DEG3,DE,2025,8.2
A,PC_HH,5G_GHZ3P4-3P8,DEG3,DK,2022,21.1
A,PC_HH,5G_GHZ3P4-3P8,DEG3,DK,2023,24.0
A,PC_HH,5G_GHZ3P4-3P8,DEG3,DK,2024,27.8
A,PC_HH,5G_GHZ3P4-3P8,DEG3,DK,2025,28.2
A,PC_HH,5G_GHZ3P4-3P8,DEG3,EE,2022,6.7
A,PC_HH,5G_GHZ3P4-3P8,DEG3,EE,2023,40.6
A,PC_HH,5G_GHZ3P4-3P8,DEG3,EE,2024,49.2
A,PC_HH,5G_GHZ3P4-3P8,DEG3,EE,2025,57.0
A,PC_HH,5G_GHZ3P4-3P8,DEG3,EL,2022,4.2
A,PC_HH,5G_GHZ3P4-3P8,DEG3,EL,2023,6.2
A,PC_HH,5G_GHZ3P4-3P8,DEG3,EL,2024,41.0
A,PC_HH,5G_GHZ3P4-3P8,DEG3,EL,2025,64.5
A,PC_HH,5G_GHZ3P4-3P8,DEG3,ES,2022,1.9
A,PC_HH,5G_GHZ3P4-3P8,DEG3,ES,2023,10.2
A,PC_HH,5G_GHZ3P4-3P8,DEG3,ES,2024,22.3
A,PC_HH,5G_GHZ3P4-3P8,DEG3,ES,2025,63.3
A,PC_HH,5G_GHZ3P4-3P8,DEG3,FI,2022,30.8
A,PC_HH,5G_GHZ3P4-3P8,DEG3,FI,2023,50.2
A,PC_HH,5G_GHZ3P4-3P8,DEG3,FI,2024,58.8
A,PC_HH,5G_GHZ3P4-3P8,DEG3,FI,2025,63.4
A,PC_HH,5G_GHZ3P4-3P8,DEG3,FR,2022,6.2
A,PC_HH,5G_GHZ3P4-3P8,DEG3,FR,2023,15.4
A,PC_HH,5G_GHZ3P4-3P8,DEG3,FR,2024,24.0
A,PC_HH,5G_GHZ3P4-3P8,DEG3,FR,2025,31.6
A,PC_HH,5G_GHZ3P4-3P8,DEG3,HR,2022,5.0
A,PC_HH,5G_GHZ3P4-3P8,DEG3,HR,2023,8.0
A,PC_HH,5G_GHZ3P4-3P8,DEG3,HR,2024,8.5
A,PC_HH,5G_GHZ3P4-3P8,DEG3,HR,2025,13.3
A,PC_HH,5G_GHZ3P4-3P8,DEG3,HU,2022,2.0
A,PC_HH,5G_GHZ3P4-3P8,DEG3,HU,2023,3.1
A,PC_HH,5G_GHZ3P4-3P8,DEG3,HU,2024,6.4
A,PC_HH,5G_GHZ3P4-3P8,DEG3,HU,2025,12.6
A,PC_HH,5G_GHZ3P4-3P8,DEG3,IE,2022,8.8
A,PC_HH,5G_GHZ3P4-3P8,DEG3,IE,2023,10.5
A,PC_HH,5G_GHZ3P4-3P8,DEG3,IE,2024,18.5
A,PC_HH,5G_GHZ3P4-3P8,DEG3,IE,2025,22.5
A,PC_HH,5G_GHZ3P4-3P8,DEG3,IT,2022,53.3
A,PC_HH,5G_GHZ3P4-3P8,DEG3,IT,2023,68.9
A,PC_HH,5G_GHZ3P4-3P8,DEG3,IT,2024,74.4
A,PC_HH,5G_GHZ3P4-3P8,DEG3,IT,2025,94.1
A,PC_HH,5G_GHZ3P4-3P8,DEG3,LT,2022,5.6
A,PC_HH,5G_GHZ3P4-3P8,DEG3,LT,2023,8.2
A,PC_HH,5G_GHZ3P4-3P8,DEG3,LT,2024,14.8
A,PC_HH,5G_GHZ3P4-3P8,DEG3,LT,2025,27.0
A,PC_HH,5G_GHZ3P4-3P8,DEG3,LU,2022,14.0
A,PC_HH,5G_GHZ3P4-3P8,DEG3,LU,2023,14.1
A,PC_HH,5G_GHZ3P4-3P8,DEG3,LU,2024,18.1
A,PC_HH,5G_GHZ3P4-3P8,DEG3,LU,2025,25.7
A,PC_HH,5G_GHZ3P4-3P8,DEG3,LV,2025,25.7
A,PC_HH,5G_GHZ3P4-3P8,DEG3,MT,2022,4.9
A,PC_HH,5G_GHZ3P4-3P8,DEG3,MT,2023,6.0
A,PC_HH,5G_GHZ3P4-3P8,DEG3,MT,2024,10.1
A,PC_HH,5G_GHZ3P4-3P8,DEG3,MT,2025,16.4
A,PC_HH,5G_GHZ3P4-3P8,DEG3,NL,2024,97.8
A,PC_HH,5G_GHZ3P4-3P8,DEG3,NL,2025,87.0
A,PC_HH,5G_GHZ3P4-3P8,DEG3,NO,2022,6.5
A,PC_HH,5G_GHZ3P4-3P8,DEG3,NO,2023,13.1
A,PC_HH,5G_GHZ3P4-3P8,DEG3,NO,2024,16.0
A,PC_HH,5G_GHZ3P4-3P8,DEG3,NO,2025,18.0
A,PC_HH,5G_GHZ3P4-3P8,DEG3,PL,2024,17.4
A,PC_HH,5G_GHZ3P4-3P8,DEG3,PL,2025,25.5
A,PC_HH,5G_GHZ3P4-3P8,DEG3,PT,2022,9.2
A,PC_HH,5G_GHZ3P4-3P8,DEG3,PT,2023,13.3
A,PC_HH,5G_GHZ3P4-3P8,DEG3,PT,2024,21.4
A,PC_HH,5G_GHZ3P4-3P8,DEG3,PT,2025,23.1
A,PC_HH,5G_GHZ3P4-3P8,DEG3,RO,2022,2.2
A,PC_HH,5G_GHZ3P4-3P8,DEG3,RO,2023,2.6
A,PC_HH,5G_GHZ3P4-3P8,DEG3,RO,2024,3.3
A,PC_HH,5G_GHZ3P4-3P8,DEG3,RO,2025,6.5
A,PC_HH,5G_GHZ3P4-3P8,DEG3,SE,2022,0.1
A,PC_HH,5G_GHZ3P4-3P8,DEG3,SE,2023,5.3
A,PC_HH,5G_GHZ3P4-3P8,DEG3,SE,2024,10.2
A,PC_HH,5G_GHZ3P4-3P8,DEG3,SE,2025,17.9
A,PC_HH,5G_GHZ3P4-3P8,DEG3,SI,2022,9.2
A,PC_HH,5G_GHZ3P4-3P8,DEG3,SI,2023,22.3
A,PC_HH,5G_GHZ3P4-3P8,DEG3,SI,2024,65.7
A,PC_HH,5G_GHZ3P4-3P8,DEG3,SI,2025,66.7
A,PC_HH,5G_GHZ3P4-3P8,DEG3,SK,2022,28.0
A,PC_HH,5G_GHZ3P4-3P8,DEG3,SK,2023,34.0
A,PC_HH,5G_GHZ3P4-3P8,DEG3,SK,2024,46.7
A,PC_HH,5G_GHZ3P4-3P8,DEG3,SK,2025,58.5
A,PC_HH,5G_GHZ3P4-3P8,TOTAL,AT,2022,73.6
A,PC_HH,5G_GHZ3P4-3P8,TOTAL,AT,2023,79.1
A,PC_HH,5G_GHZ3P4-3P8,TOTAL,AT,2024,84.0
A,PC_HH,5G_GHZ3P4-3P8,TOTAL,AT,2025,88.6
A,PC_HH,5G_GHZ3P4-3P8,TOTAL,BE,2022,5.6
A,PC_HH,5G_GHZ3P4-3P8,TOTAL,BE,2023,14.2
A,PC_HH,5G_GHZ3P4-3P8,TOTAL,BE,2024,49.3
A,PC_HH,5G_GHZ3P4-3P8,TOTAL,BE,2025,62.0
A,PC_HH,5G_GHZ3P4-3P8,TOTAL,BG,2022,36.6
A,PC_HH,5G_GHZ3P4-3P8,TOTAL,BG,2023,60.8
A,PC_HH,5G_GHZ3P4-3P8,TOTAL,BG,2024,81.3
A,PC_HH,5G_GHZ3P4-3P8,TOTAL,BG,2025,79.6
A,PC_HH,5G_GHZ3P4-3P8,TOTAL,CH,2022,75.3
A,PC_HH,5G_GHZ3P4-3P8,TOTAL,CH,2023,84.6
A,PC_HH,5G_GHZ3P4-3P8,TOTAL,CH,2024,86.8
A,PC_HH,5G_GHZ3P4-3P8,TOTAL,CH,2025,94.4
A,PC_HH,5G_GHZ3P4-3P8,TOTAL,CY,2022,25.0
A,PC_HH,5G_GHZ3P4-3P8,TOTAL,CY,2023,35.0
A,PC_HH,5G_GHZ3P4-3P8,TOTAL,CY,2024,35.0
A,PC_HH,5G_GHZ3P4-3P8,TOTAL,CY,2025,87.5
A,PC_HH,5G_GHZ3P4-3P8,TOTAL,CZ,2022,42.3
A,PC_HH,5G_GHZ3P4-3P8,TOTAL,CZ,2023,33.9
A,PC_HH,5G_GHZ3P4-3P8,TOTAL,CZ,2024,37.7
A,PC_HH,5G_GHZ3P4-3P8,TOTAL,CZ,2025,52.4
A,PC_HH,5G_GHZ3P4-3P8,TOTAL,DE,2022,36.5
A,PC_HH,5G_GHZ3P4-3P8,TOTAL,DE,2023,43.9
A,PC_HH,5G_GHZ3P4-3P8,TOTAL,DE,2024,49.5
A,PC_HH,5G_GHZ3P4-3P8,TOTAL,DE,2025,54.4
A,PC_HH,5G_GHZ3P4-3P8,TOTAL,DK,2022,75.0
A,PC_HH,5G_GHZ3P4-3P8,TOTAL,DK,2023,85.0
A,PC_HH,5G_GHZ3P4-3P8,TOTAL,DK,2024,87.5
A,PC_HH,5G_GHZ3P4-3P8,TOTAL,DK,2025,87.5
A,PC_HH,5G_GHZ3P4-3P8,TOTAL,EE,2022,14.5
A,PC_HH,5G_GHZ3P4-3P8,TOTAL,EE,2023,43.7
A,PC_HH,5G_GHZ3P4-3P8,TOTAL,EE,2024,69.5
A,PC_HH,5G_GHZ3P4-3P8,TOTAL,EE,2025,87.9
A,PC_HH,5G_GHZ3P4-3P8,TOTAL,EL,2022,36.8
A,PC_HH,5G_GHZ3P4-3P8,TOTAL,EL,2023,58.8
A,PC_HH,5G_GHZ3P4-3P8,TOTAL,EL,2024,72.9
A,PC_HH,5G_GHZ3P4-3P8,TOTAL,EL,2025,80.2
A,PC_HH,5G_GHZ3P4-3P8,TOTAL,ES,2022,39.1
A,PC_HH,5G_GHZ3P4-3P8,TOTAL,ES,2023,58.3
A,PC_HH,5G_GHZ3P4-3P8,TOTAL,ES,2024,74.0
A,PC_HH,5G_GHZ3P4-3P8,TOTAL,ES,2025,89.8
A,PC_HH,5G_GHZ3P4-3P8,TOTAL,FI,2022,83.9
A,PC_HH,5G_GHZ3P4-3P8,TOTAL,FI,2023,89.7
A,PC_HH,5G_GHZ3P4-3P8,TOTAL,FI,2024,91.9
A,PC_HH,5G_GHZ3P4-3P8,TOTAL,FI,2025,92.8
A,PC_HH,5G_GHZ3P4-3P8,TOTAL,FR,2022,53.4
A,PC_HH,5G_GHZ3P4-3P8,TOTAL,FR,2023,66.2
A,PC_HH,5G_GHZ3P4-3P8,TOTAL,FR,2024,74.0
A,PC_HH,5G_GHZ3P4-3P8,TOTAL,FR,2025,81.1
A,PC_HH,5G_GHZ3P4-3P8,TOTAL,HR,2022,37.2
A,PC_HH,5G_GHZ3P4-3P8,TOTAL,HR,2023,40.0
A,PC_HH,5G_GHZ3P4-3P8,TOTAL,HR,2024,45.2
A,PC_HH,5G_GHZ3P4-3P8,TOTAL,HR,2025,66.6
A,PC_HH,5G_GHZ3P4-3P8,TOTAL,HU,2022,21.4
A,PC_HH,5G_GHZ3P4-3P8,TOTAL,HU,2023,37.7
A,PC_HH,5G_GHZ3P4-3P8,TOTAL,HU,2024,53.4
A,PC_HH,5G_GHZ3P4-3P8,TOTAL,HU,2025,60.1
A,PC_HH,5G_GHZ3P4-3P8,TOTAL,IE,2022,56.0
A,PC_HH,5G_GHZ3P4-3P8,TOTAL,IE,2023,56.7
A,PC_HH,5G_GHZ3P4-3P8,TOTAL,IE,2024,58.8
A,PC_HH,5G_GHZ3P4-3P8,TOTAL,IE,2025,65.7
A,PC_HH,5G_GHZ3P4-3P8,TOTAL,IT,2022,80.3
A,PC_HH,5G_GHZ3P4-3P8,TOTAL,IT,2023,88.3
A,PC_HH,5G_GHZ3P4-3P8,TOTAL,IT,2024,93.2
A,PC_HH,5G_GHZ3P4-3P8,TOTAL,IT,2025,98.4
A,PC_HH,5G_GHZ3P4-3P8,TOTAL,LT,2022,35.9
A,PC_HH,5G_GHZ3P4-3P8,TOTAL,LT,2023,61.4
A,PC_HH,5G_GHZ3P4-3P8,TOTAL,LT,2024,75.1
A,PC_HH,5G_GHZ3P4-3P8,TOTAL,LT,2025,77.9
A,PC_HH,5G_GHZ3P4-3P8,TOTAL,LU,2022,51.3
A,PC_HH,5G_GHZ3P4-3P8,TOTAL,LU,2023,63.1
A,PC_HH,5G_GHZ3P4-3P8,TOTAL,LU,2024,70.6
A,PC_HH,5G_GHZ3P4-3P8,TOTAL,LU,2025,77.6
A,PC_HH,5G_GHZ3P4-3P8,TOTAL,LV,2022,20.6
A,PC_HH,5G_GHZ3P4-3P8,TOTAL,LV,2023,39.0
A,PC_HH,5G_GHZ3P4-3P8,TOTAL,LV,2024,52.2
A,PC_HH,5G_GHZ3P4-3P8,TOTAL,LV,2025,79.2
A,PC_HH,5G_GHZ3P4-3P8,TOTAL,MT,2022,20.0
A,PC_HH,5G_GHZ3P4-3P8,TOTAL,MT,2023,24.7
A,PC_HH,5G_GHZ3P4-3P8,TOTAL,MT,2024,40.0
A,PC_HH,5G_GHZ3P4-3P8,TOTAL,MT,2025,40.0
A,PC_HH,5G_GHZ3P4-3P8,TOTAL,NL,2024,99.4
A,PC_HH,5G_GHZ3P4-3P8,TOTAL,NL,2025,98.2
A,PC_HH,5G_GHZ3P4-3P8,TOTAL,NO,2022,45.7
A,PC_HH,5G_GHZ3P4-3P8,TOTAL,NO,2023,61.9
A,PC_HH,5G_GHZ3P4-3P8,TOTAL,NO,2024,66.6
A,PC_HH,5G_GHZ3P4-3P8,TOTAL,NO,2025,69.8
A,PC_HH,5G_GHZ3P4-3P8,TOTAL,PL,2024,60.2
A,PC_HH,5G_GHZ3P4-3P8,TOTAL,PL,2025,69.1
A,PC_HH,5G_GHZ3P4-3P8,TOTAL,PT,2022,48.2
A,PC_HH,5G_GHZ3P4-3P8,TOTAL,PT,2023,65.2
A,PC_HH,5G_GHZ3P4-3P8,TOTAL,PT,2024,71.4
A,PC_HH,5G_GHZ3P4-3P8,TOTAL,PT,2025,74.9
A,PC_HH,5G_GHZ3P4-3P8,TOTAL,RO,2022,25.7
A,PC_HH,5G_GHZ3P4-3P8,TOTAL,RO,2023,28.9
A,PC_HH,5G_GHZ3P4-3P8,TOTAL,RO,2024,32.8
A,PC_HH,5G_GHZ3P4-3P8,TOTAL,RO,2025,38.6
A,PC_HH,5G_GHZ3P4-3P8,TOTAL,SE,2022,9.7
A,PC_HH,5G_GHZ3P4-3P8,TOTAL,SE,2023,64.5
A,PC_HH,5G_GHZ3P4-3P8,TOTAL,SE,2024,74.0
A,PC_HH,5G_GHZ3P4-3P8,TOTAL,SE,2025,79.3
A,PC_HH,5G_GHZ3P4-3P8,TOTAL,SI,2022,55.4
A,PC_HH,5G_GHZ3P4-3P8,TOTAL,SI,2023,68.1
A,PC_HH,5G_GHZ3P4-3P8,TOTAL,SI,2024,88.8
A,PC_HH,5G_GHZ3P4-3P8,TOTAL,SI,2025,89.1
A,PC_HH,5G_GHZ3P4-3P8,TOTAL,SK,2022,39.2
A,PC_HH,5G_GHZ3P4-3P8,TOTAL,SK,2023,47.5
A,PC_HH,5G_GHZ3P4-3P8,TOTAL,SK,2024,70.6
A,PC_HH,5G_GHZ3P4-3P8,TOTAL,SK,2025,84.4
A,PC_HH,BB,DEG3,AT,2013,94.7
A,PC_HH,BB,DEG3,AT,2014,94.8
A,PC_HH,BB,DEG3,AT,2015,94.8
A,PC_HH,BB,DEG3,AT,2016,97.6
A,PC_HH,BB,DEG3,AT,2017,98.0
A,PC_HH,BB,DEG3,AT,2018,99.6
A,PC_HH,BB,DEG3,BE,2013,99.6
A,PC_HH,BB,DEG3,BE,2014,99.5
A,PC_HH,BB,DEG3,BE,2015,99.4
A,PC_HH,BB,DEG3,BE,2016,99.8
A,PC_HH,BB,DEG3,BE,2017,100.0
A,PC_HH,BB,DEG3,BE,2018,99.9
A,PC_HH,BB,DEG3,BG,2013,99.2
A,PC_HH,BB,DEG3,BG,2014,99.3
A,PC_HH,BB,DEG3,BG,2015,99.9
A,PC_HH,BB,DEG3,BG,2016,100.0
A,PC_HH,BB,DEG3,BG,2017,100.0
A,PC_HH,BB,DEG3,BG,2018,100.0
A,PC_HH,BB,DEG3,CH,2013,99.2
A,PC_HH,BB,DEG3,CH,2014,99.6
A,PC_HH,BB,DEG3,CH,2015,99.6
A,PC_HH,BB,DEG3,CH,2016,99.8
A,PC_HH,BB,DEG3,CH,2017,99.9
A,PC_HH,BB,DEG3,CH,2018,99.9
A,PC_HH,BB,DEG3,CY,2013,100.0
A,PC_HH,BB,DEG3,CY,2014,100.0
A,PC_HH,BB,DEG3,CY,2015,100.0
A,PC_HH,BB,DEG3,CY,2016,100.0
A,PC_HH,BB,DEG3,CY,2017,100.0
A,PC_HH,BB,DEG3,CY,2018,100.0
A,PC_HH,BB,DEG3,CZ,2013,92.3
A,PC_HH,BB,DEG3,CZ,2014,94.4
A,PC_HH,BB,DEG3,CZ,2015,94.4
A,PC_HH,BB,DEG3,CZ,2016,98.0
A,PC_HH,BB,DEG3,CZ,2017,98.8
A,PC_HH,BB,DEG3,CZ,2018,99.3
A,PC_HH,BB,DEG3,DE,2013,99.0
A,PC_HH,BB,DEG3,DE,2014,97.7
A,PC_HH,BB,DEG3,DE,2015,98.8
A,PC_HH,BB,DEG3,DE,2016,98.8
A,PC_HH,BB,DEG3,DE,2017,98.8
A,PC_HH,BB,DEG3,DE,2018,99.1
A,PC_HH,BB,DEG3,DK,2013,99.5
A,PC_HH,BB,DEG3,DK,2014,99.5
A,PC_HH,BB,DEG3,DK,2015,98.6
A,PC_HH,BB,DEG3,DK,2016,99.8
A,PC_HH,BB,DEG3,DK,2017,100.0
A,PC_HH,BB,DEG3,DK,2018,100.0
A,PC_HH,BB,DEG3,EE,2013,99.3
A,PC_HH,BB,DEG3,EE,2014,99.1
A,PC_HH,BB,DEG3,EE,2015,99.4
A,PC_HH,BB,DEG3,EE,2016,99.3
A,PC_HH,BB,DEG3,EE,2017,99.7
A,PC_HH,BB,DEG3,EE,2018,99.6
A,PC_HH,BB,DEG3,EL,2013,99.7
A,PC_HH,BB,DEG3,EL,2014,99.3
A,PC_HH,BB,DEG3,EL,2015,99.4
A,PC_HH,BB,DEG3,EL,2016,98.1
A,PC_HH,BB,DEG3,EL,2017,98.8
A,PC_HH,BB,DEG3,EL,2018,99.2
A,PC_HH,BB,DEG3,ES,2013,97.8
A,PC_HH,BB,DEG3,ES,2014,99.2
A,PC_HH,BB,DEG3,ES,2015,99.2
A,PC_HH,BB,DEG3,ES,2016,99.4
A,PC_HH,BB,DEG3,ES,2017,99.8
A,PC_HH,BB,DEG3,ES,2018,99.8
A,PC_HH,BB,DEG3,FI,2013,98.6
A,PC_HH,BB,DEG3,FI,2014,98.6
A,PC_HH,BB,DEG3,FI,2015,100.0
A,PC_HH,BB,DEG3,FI,2016,100.0
A,PC_HH,BB,DEG3,FI,2017,100.0
A,PC_HH,BB,DEG3,FI,2018,99.9
A,PC_HH,BB,DEG3,FR,2013,99.6
A,PC_HH,BB,DEG3,FR,2014,99.8
A,PC_HH,BB,DEG3,FR,2015,99.8
A,PC_HH,BB,DEG3,FR,2016,99.9
A,PC_HH,BB,DEG3,FR,2017,100.0
A,PC_HH,BB,DEG3,FR,2018,100.0
A,PC_HH,BB,DEG3,HR,2013,92.0
A,PC_HH,BB,DEG3,HR,2014,95.4
A,PC_HH,BB,DEG3,HR,2015,95.9
A,PC_HH,BB,DEG3,HR,2016,98.3
A,PC_HH,BB,DEG3,HR,2017,99.0
A,PC_HH,BB,DEG3,HR,2018,99.6
A,PC_HH,BB,DEG3,HU,2013,95.1
A,PC_HH,BB,DEG3,HU,2014,97.1
A,PC_HH,BB,DEG3,HU,2015,97.3
A,PC_HH,BB,DEG3,HU,2016,98.7
A,PC_HH,BB,DEG3,HU,2017,99.4
A,PC_HH,BB,DEG3,HU,2018,99.4
A,PC_HH,BB,DEG3,IE,2013,95.2
A,PC_HH,BB,DEG3,IE,2014,95.0
A,PC_HH,BB,DEG3,IE,2015,95.0
A,PC_HH,BB,DEG3,IE,2016,99.0
A,PC_HH,BB,DEG3,IE,2017,99.8
A,PC_HH,BB,DEG3,IE,2018,99.4
A,PC_HH,BB,DEG3,IS,2013,96.6
A,PC_HH,BB,DEG3,IS,2014,97.8
A,PC_HH,BB,DEG3,IS,2015,98.0
A,PC_HH,BB,DEG3,IS,2016,99.6
A,PC_HH,BB,DEG3,IS,2017,99.7
A,PC_HH,BB,DEG3,IS,2018,100.0
A,PC_HH,BB,DEG3,IT,2013,95.2
A,PC_HH,BB,DEG3,IT,2014,95.7
A,PC_HH,BB,DEG3,IT,2015,96.7
A,PC_HH,BB,DEG3,IT,2016,98.2
A,PC_HH,BB,DEG3,IT,2017,98.4
A,PC_HH,BB,DEG3,IT,2018,99.7
A,PC_HH,BB,DEG3,LT,2013,94.1
A,PC_HH,BB,DEG3,LT,2014,98.1
A,PC_HH,BB,DEG3,LT,2015,98.4
A,PC_HH,BB,DEG3,LT,2016,98.9
A,PC_HH,BB,DEG3,LT,2017,99.2
A,PC_HH,BB,DEG3,LT,2018,99.4
A,PC_HH,BB,DEG3,LU,2013,100.0
A,PC_HH,BB,DEG3,LU,2014,100.0
A,PC_HH,BB,DEG3,LU,2015,100.0
A,PC_HH,BB,DEG3,LU,2016,99.9
A,PC_HH,BB,DEG3,LU,2017,99.9
A,PC_HH,BB,DEG3,LU,2018,100.0
A,PC_HH,BB,DEG3,LV,2013,98.3
A,PC_HH,BB,DEG3,LV,2014,98.7
A,PC_HH,BB,DEG3,LV,2015,98.7
A,PC_HH,BB,DEG3,LV,2016,100.0
A,PC_HH,BB,DEG3,LV,2017,100.0
A,PC_HH,BB,DEG3,LV,2018,100.0
A,PC_HH,BB,DEG3,MT,2013,100.0
A,PC_HH,BB,DEG3,MT,2014,100.0
A,PC_HH,BB,DEG3,MT,2015,100.0
A,PC_HH,BB,DEG3,MT,2016,100.0
A,PC_HH,BB,DEG3,MT,2017,100.0
A,PC_HH,BB,DEG3,MT,2018,100.0
A,PC_HH,BB,DEG3,NL,2013,95.2
A,PC_HH,BB,DEG3,NL,2014,98.8
A,PC_HH,BB,DEG3,NL,2015,99.1
A,PC_HH,BB,DEG3,NL,2016,99.1
A,PC_HH,BB,DEG3,NL,2017,99.7
A,PC_HH,BB,DEG3,NL,2018,99.7
A,PC_HH,BB,DEG3,NO,2013,92.0
A,PC_HH,BB,DEG3,NO,2014,97.5
A,PC_HH,BB,DEG3,NO,2015,97.8
A,PC_HH,BB,DEG3,NO,2016,100.0
A,PC_HH,BB,DEG3,NO,2017,99.9
A,PC_HH,BB,DEG3,NO,2018,99.8
A,PC_HH,BB,DEG3,PL,2013,94.7
A,PC_HH,BB,DEG3,PL,2014,99.3
A,PC_HH,BB,DEG3,PL,2015,99.5
A,PC_HH,BB,DEG3,PL,2016,100.0
A,PC_HH,BB,DEG3,PL,2017,100.0
A,PC_HH,BB,DEG3,PL,2018,100.0
A,PC_HH,BB,DEG3,PT,2013,98.9
A,PC_HH,BB,DEG3,PT,2014,99.0
A,PC_HH,BB,DEG3,PT,2015,98.9
A,PC_HH,BB,DEG3,PT,2016,97.8
A,PC_HH,BB,DEG3,PT,2017,98.8
A,PC_HH,BB,DEG3,PT,2018,99.7
A,PC_HH,BB,DEG3,RO,2013,99.7
A,PC_HH,BB,DEG3,RO,2014,99.6
A,PC_HH,BB,DEG3,RO,2015,99.8
A,PC_HH,BB,DEG3,RO,2016,100.0
A,PC_HH,BB,DEG3,RO,2017,100.0
A,PC_HH,BB,DEG3,RO,2018,100.0
A,PC_HH,BB,DEG3,SE,2013,98.7
A,PC_HH,BB,DEG3,SE,2014,98.2
A,PC_HH,BB,DEG3,SE,2015,98.2
A,PC_HH,BB,DEG3,SE,2016,100.0
A,PC_HH,BB,DEG3,SE,2017,100.0
A,PC_HH,BB,DEG3,SE,2018,100.0
A,PC_HH,BB,DEG3,SI,2013,97.1
A,PC_HH,BB,DEG3,SI,2014,98.5
A,PC_HH,BB,DEG3,SI,2015,99.1
A,PC_HH,BB,DEG3,SI,2016,99.3
A,PC_HH,BB,DEG3,SI,2017,99.5
A,PC_HH,BB,DEG3,SI,2018,100.0
A,PC_HH,BB,DEG3,SK,2013,84.4
A,PC_HH,BB,DEG3,SK,2014,89.1
A,PC_HH,BB,DEG3,SK,2015,91.6
A,PC_HH,BB,DEG3,SK,2016,91.6
A,PC_HH,BB,DEG3,SK,2017,94.1
A,PC_HH,BB,DEG3,SK,2018,96.4
A,PC_HH,BB,DEG3,UK,2013,99.9
A,PC_HH,BB,DEG3,UK,2014,99.9
A,PC_HH,BB,DEG3,UK,2015,99.9
A,PC_HH,BB,DEG3,UK,2016,99.9
A,PC_HH,BB,DEG3,UK,2017,100.0
A,PC_HH,BB,DEG3,UK,2018,100.0
A,PC_HH,BB,TOTAL,AT,2013,99.2
A,PC_HH,BB,TOTAL,AT,2014,99.3
A,PC_HH,BB,TOTAL,AT,2015,99.3
A,PC_HH,BB,TOTAL,AT,2016,99.7
A,PC_HH,BB,TOTAL,AT,2017,99.7
A,PC_HH,BB,TOTAL,AT,2018,99.8
A,PC_HH,BB,TOTAL,BE,2013,99.9
A,PC_HH,BB,TOTAL,BE,2014,99.9
A,PC_HH,BB,TOTAL,BE,2015,99.9
A,PC_HH,BB,TOTAL,BE,2016,100.0
A,PC_HH,BB,TOTAL,BE,2017,100.0
A,PC_HH,BB,TOTAL,BE,2018,100.0
A,PC_HH,BB,TOTAL,BG,2013,99.8
A,PC_HH,BB,TOTAL,BG,2014,99.9
A,PC_HH,BB,TOTAL,BG,2015,100.0
A,PC_HH,BB,TOTAL,BG,2016,100.0
A,PC_HH,BB,TOTAL,BG,2017,100.0
A,PC_HH,BB,TOTAL,BG,2018,100.0
A,PC_HH,BB,TOTAL,CH,2013,99.9
A,PC_HH,BB,TOTAL,CH,2014,99.9
A,PC_HH,BB,TOTAL,CH,2015,99.9
A,PC_HH,BB,TOTAL,CH,2016,100.0
A,PC_HH,BB,TOTAL,CH,2017,100.0
A,PC_HH,BB,TOTAL,CH,2018,100.0
A,PC_HH,BB,TOTAL,CY,2013,100.0
A,PC_HH,BB,TOTAL,CY,2014,100.0
A,PC_HH,BB,TOTAL,CY,2015,100.0
A,PC_HH,BB,TOTAL,CY,2016,100.0
A,PC_HH,BB,TOTAL,CY,2017,100.0
A,PC_HH,BB,TOTAL,CY,2018,100.0
A,PC_HH,BB,TOTAL,CZ,2013,98.9
A,PC_HH,BB,TOTAL,CZ,2014,99.2
A,PC_HH,BB,TOTAL,CZ,2015,99.2
A,PC_HH,BB,TOTAL,CZ,2016,99.3
A,PC_HH,BB,TOTAL,CZ,2017,99.5
A,PC_HH,BB,TOTAL,CZ,2018,99.6
A,PC_HH,BB,TOTAL,DE,2013,99.9
A,PC_HH,BB,TOTAL,DE,2014,97.9
A,PC_HH,BB,TOTAL,DE,2015,99.9
A,PC_HH,BB,TOTAL,DE,2016,99.9
A,PC_HH,BB,TOTAL,DE,2017,99.9
A,PC_HH,BB,TOTAL,DE,2018,99.9
A,PC_HH,BB,TOTAL,DK,2013,99.7
A,PC_HH,BB,TOTAL,DK,2014,99.5
A,PC_HH,BB,TOTAL,DK,2015,99.5
A,PC_HH,BB,TOTAL,DK,2016,100.0
A,PC_HH,BB,TOTAL,DK,2017,100.0
A,PC_HH,BB,TOTAL,DK,2018,100.0
A,PC_HH,BB,TOTAL,EE,2013,99.8
A,PC_HH,BB,TOTAL,EE,2014,99.7
A,PC_HH,BB,TOTAL,EE,2015,99.5
A,PC_HH,BB,TOTAL,EE,2016,99.5
A,PC_HH,BB,TOTAL,EE,2017,99.6
A,PC_HH,BB,TOTAL,EE,2018,99.8
A,PC_HH,BB,TOTAL,EL,2013,99.9
A,PC_HH,BB,TOTAL,EL,2014,99.9
A,PC_HH,BB,TOTAL,EL,2015,99.9
A,PC_HH,BB,TOTAL,EL,2016,99.6
A,PC_HH,BB,TOTAL,EL,2017,99.7
A,PC_HH,BB,TOTAL,EL,2018,99.8
A,PC_HH,BB,TOTAL,ES,2013,99.6
A,PC_HH,BB,TOTAL,ES,2014,99.8
A,PC_HH,BB,TOTAL,ES,2015,99.8
A,PC_HH,BB,TOTAL,ES,2016,99.9
A,PC_HH,BB,TOTAL,ES,2017,100.0
A,PC_HH,BB,TOTAL,ES,2018,100.0
A,PC_HH,BB,TOTAL,FI,2013,99.8
A,PC_HH,BB,TOTAL,FI,2014,99.8
A,PC_HH,BB,TOTAL,FI,2015,100.0
A,PC_HH,BB,TOTAL,FI,2016,100.0
A,PC_HH,BB,TOTAL,FI,2017,100.0
A,PC_HH,BB,TOTAL,FI,2018,100.0
A,PC_HH,BB,TOTAL,FR,2013,99.9
A,PC_HH,BB,TOTAL,FR,2014,100.0
A,PC_HH,BB,TOTAL,FR,2015,100.0
A,PC_HH,BB,TOTAL,FR,2016,100.0
A,PC_HH,BB,TOTAL,FR,2017,100.0
A,PC_HH,BB,TOTAL,FR,2018,100.0
A,PC_HH,BB,TOTAL,HR,2013,97.6
A,PC_HH,BB,TOTAL,HR,2014,99.0
A,PC_HH,BB,TOTAL,HR,2015,99.1
A,PC_HH,BB,TOTAL,HR,2016,99.6
A,PC_HH,BB,TOTAL,HR,2017,99.7
A,PC_HH,BB,TOTAL,HR,2018,99.9
A,PC_HH,BB,TOTAL,HU,2013,98.5
A,PC_HH,BB,TOTAL,HU,2014,99.1
A,PC_HH,BB,TOTAL,HU,2015,99.1
A,PC_HH,BB,TOTAL,HU,2016,99.6
A,PC_HH,BB,TOTAL,HU,2017,99.8
A,PC_HH,BB,TOTAL,HU,2018,99.8
A,PC_HH,BB,TOTAL,IE,2013,88.7
A,PC_HH,BB,TOTAL,IE,2014,88.8
A,PC_HH,BB,TOTAL,IE,2015,88.7
A,PC_HH,BB,TOTAL,IE,2016,90.6
A,PC_HH,BB,TOTAL,IE,2017,86.5
A,PC_HH,BB,TOTAL,IE,2018,86.1
A,PC_HH,BB,TOTAL,IS,2013,97.1
A,PC_HH,BB,TOTAL,IS,2014,97.1
A,PC_HH,BB,TOTAL,IS,2015,97.7
A,PC_HH,BB,TOTAL,IS,2016,98.1
A,PC_HH,BB,TOTAL,IS,2017,98.2
A,PC_HH,BB,TOTAL,IS,2018,100.0
A,PC_HH,BB,TOTAL,IT,2013,98.8
A,PC_HH,BB,TOTAL,IT,2014,99.4
A,PC_HH,BB,TOTAL,IT,2015,99.6
A,PC_HH,BB,TOTAL,IT,2016,99.8
A,PC_HH,BB,TOTAL,IT,2017,99.8
A,PC_HH,BB,TOTAL,IT,2018,100.0
A,PC_HH,BB,TOTAL,LT,2013,98.6
A,PC_HH,BB,TOTAL,LT,2014,99.4
A,PC_HH,BB,TOTAL,LT,2015,99.5
A,PC_HH,BB,TOTAL,LT,2016,99.5
A,PC_HH,BB,TOTAL,LT,2017,99.6
A,PC_HH,BB,TOTAL,LT,2018,99.8
A,PC_HH,BB,TOTAL,LU,2013,100.0
A,PC_HH,BB,TOTAL,LU,2014,100.0
A,PC_HH,BB,TOTAL,LU,2015,100.0
A,PC_HH,BB,TOTAL,LU,2016,100.0
A,PC_HH,BB,TOTAL,LU,2017,100.0
A,PC_HH,BB,TOTAL,LU,2018,100.0
A,PC_HH,BB,TOTAL,LV,2013,99.5
A,PC_HH,BB,TOTAL,LV,2014,99.6
A,PC_HH,BB,TOTAL,LV,2015,99.6
A,PC_HH,BB,TOTAL,LV,2016,96.2
A,PC_HH,BB,TOTAL,LV,2017,98.4
A,PC_HH,BB,TOTAL,LV,2018,98.7
A,PC_HH,BB,TOTAL,MT,2013,100.0
A,PC_HH,BB,TOTAL,MT,2014,100.0
A,PC_HH,BB,TOTAL,MT,2015,100.0
A,PC_HH,BB,TOTAL,MT,2016,100.0
A,PC_HH,BB,TOTAL,MT,2017,100.0
A,PC_HH,BB,TOTAL,MT,2018,100.0
A,PC_HH,BB,TOTAL,NL,2013,99.7
A,PC_HH,BB,TOTAL,NL,2014,99.7
A,PC_HH,BB,TOTAL,NL,2015,99.7
A,PC_HH,BB,TOTAL,NL,2016,99.7
A,PC_HH,BB,TOTAL,NL,2017,99.8
A,PC_HH,BB,TOTAL,NL,2018,99.7
A,PC_HH,BB,TOTAL,NO,2013,98.6
A,PC_HH,BB,TOTAL,NO,2014,99.3
A,PC_HH,BB,TOTAL,NO,2015,99.5
A,PC_HH,BB,TOTAL,NO,2016,100.0
A,PC_HH,BB,TOTAL,NO,2017,100.0
A,PC_HH,BB,TOTAL,NO,2018,99.9
A,PC_HH,BB,TOTAL,PL,2013,98.1
A,PC_HH,BB,TOTAL,PL,2014,99.8
A,PC_HH,BB,TOTAL,PL,2015,99.8
A,PC_HH,BB,TOTAL,PL,2016,100.0
A,PC_HH,BB,TOTAL,PL,2017,100.0
A,PC_HH,BB,TOTAL,PL,2018,100.0
A,PC_HH,BB,TOTAL,PT,2013,99.7
A,PC_HH,BB,TOTAL,PT,2014,99.6
A,PC_HH,BB,TOTAL,PT,2015,99.5
A,PC_HH,BB,TOTAL,PT,2016,99.4
A,PC_HH,BB,TOTAL,PT,2017,99.2
A,PC_HH,BB,TOTAL,PT,2018,99.6
A,PC_HH,BB,TOTAL,RO,2013,99.9
A,PC_HH,BB,TOTAL,RO,2014,99.8
A,PC_HH,BB,TOTAL,RO,2015,99.9
A,PC_HH,BB,TOTAL,RO,2016,100.0
A,PC_HH,BB,TOTAL,RO,2017,100.0
A,PC_HH,BB,TOTAL,RO,2018,100.0
A,PC_HH,BB,TOTAL,SE,2013,99.8
A,PC_HH,BB,TOTAL,SE,2014,99.5
A,PC_HH,BB,TOTAL,SE,2015,99.5
A,PC_HH,BB,TOTAL,SE,2016,100.0
A,PC_HH,BB,TOTAL,SE,2017,100.0
A,PC_HH,BB,TOTAL,SE,2018,100.0
A,PC_HH,BB,TOTAL,SI,2013,99.3
A,PC_HH,BB,TOTAL,SI,2014,99.6
A,PC_HH,BB,TOTAL,SI,2015,99.7
A,PC_HH,BB,TOTAL,SI,2016,99.8
A,PC_HH,BB,TOTAL,SI,2017,99.9
A,PC_HH,BB,TOTAL,SI,2018,100.0
A,PC_HH,BB,TOTAL,SK,2013,93.3
A,PC_HH,BB,TOTAL,SK,2014,95.9
A,PC_HH,BB,TOTAL,SK,2015,95.9
A,PC_HH,BB,TOTAL,SK,2016,95.9
A,PC_HH,BB,TOTAL,SK,2017,98.2
A,PC_HH,BB,TOTAL,SK,2018,98.7
A,PC_HH,BB,TOTAL,UK,2013,100.0
A,PC_HH,BB,TOTAL,UK,2014,100.0
A,PC_HH,BB,TOTAL,UK,2015,100.0
A,PC_HH,BB,TOTAL,UK,2016,99.9
A,PC_HH,BB,TOTAL,UK,2017,99.9
A,PC_HH,BB,TOTAL,UK,2018,100.0
A,PC_HH,BB_FX,DEG3,AT,2013,94.4
A,PC_HH,BB_FX,DEG3,AT,2014,94.7
A,PC_HH,BB_FX,DEG3,AT,2015,94.7
A,PC_HH,BB_FX,DEG3,AT,2016,94.8
A,PC_HH,BB_FX,DEG3,AT,2017,94.8
A,PC_HH,BB_FX,DEG3,AT,2018,98.0
A,PC_HH,BB_FX,DEG3,AT,2019,98.0
A,PC_HH,BB_FX,DEG3,AT,2020,98.0
A,PC_HH,BB_FX,DEG3,AT,2021,95.6
A,PC_HH,BB_FX,DEG3,AT,2022,96.0
A,PC_HH,BB_FX,DEG3,AT,2023,96.2
A,PC_HH,BB_FX,DEG3,AT,2024,96.1
A,PC_HH,BB_FX,DEG3,AT,2025,95.1
A,PC_HH,BB_FX,DEG3,BE,2013,99.6
A,PC_HH,BB_FX,DEG3,BE,2014,99.4
A,PC_HH,BB_FX,DEG3,BE,2015,99.4
A,PC_HH,BB_FX,DEG3,BE,2016,98.5
A,PC_HH,BB_FX,DEG3,BE,2017,98.7
A,PC_HH,BB_FX,DEG3,BE,2018,98.7
A,PC_HH,BB_FX,DEG3,BE,2019,99.0
A,PC_HH,BB_FX,DEG3,BE,2020,98.8
A,PC_HH,BB_FX,DEG3,BE,2021,97.7
A,PC_HH,BB_FX,DEG3,BE,2022,99.6
A,PC_HH,BB_FX,DEG3,BE,2023,99.5
A,PC_HH,BB_FX,DEG3,BE,2024,99.9
A,PC_HH,BB_FX,DEG3,BE,2025,94.7
A,PC_HH,BB_FX,DEG3,BG,2013,70.7
A,PC_HH,BB_FX,DEG3,BG,2014,80.0
A,PC_HH,BB_FX,DEG3,BG,2015,81.2
A,PC_HH,BB_FX,DEG3,BG,2016,80.8
A,PC_HH,BB_FX,DEG3,BG,2017,82.5
A,PC_HH,BB_FX,DEG3,BG,2018,84.0
A,PC_HH,BB_FX,DEG3,BG,2019,85.2
A,PC_HH,BB_FX,DEG3,BG,2020,87.9
A,PC_HH,BB_FX,DEG3,BG,2021,91.8
A,PC_HH,BB_FX,DEG3,BG,2022,93.7
A,PC_HH,BB_FX,DEG3,BG,2023,94.3
A,PC_HH,BB_FX,DEG3,BG,2024,94.5
A,PC_HH,BB_FX,DEG3,BG,2025,98.2
A,PC_HH,BB_FX,DEG3,CH,2013,98.3
A,PC_HH,BB_FX,DEG3,CH,2014,99.0
A,PC_HH,BB_FX,DEG3,CH,2015,99.0
A,PC_HH,BB_FX,DEG3,CH,2016,99.0
A,PC_HH,BB_FX,DEG3,CH,2017,98.6
A,PC_HH,BB_FX,DEG3,CH,2018,98.6
A,PC_HH,BB_FX,DEG3,CH,2019,98.6
A,PC_HH,BB_FX,DEG3,CH,2020,99.5
A,PC_HH,BB_FX,DEG3,CH,2021,99.6
A,PC_HH,BB_FX,DEG3,CH,2022,99.6
A,PC_HH,BB_FX,DEG3,CH,2023,99.5
A,PC_HH,BB_FX,DEG3,CH,2024,100.0
A,PC_HH,BB_FX,DEG3,CH,2025,100.0
A,PC_HH,BB_FX,DEG3,CY,2013,100.0
A,PC_HH,BB_FX,DEG3,CY,2014,100.0
A,PC_HH,BB_FX,DEG3,CY,2015,100.0
A,PC_HH,BB_FX,DEG3,CY,2016,100.0
A,PC_HH,BB_FX,DEG3,CY,2017,100.0
A,PC_HH,BB_FX,DEG3,CY,2018,100.0
A,PC_HH,BB_FX,DEG3,CY,2019,100.0
A,PC_HH,BB_FX,DEG3,CY,2020,100.0
A,PC_HH,BB_FX,DEG3,CY,2021,100.0
A,PC_HH,BB_FX,DEG3,CY,2022,100.0
A,PC_HH,BB_FX,DEG3,CY,2023,100.0
A,PC_HH,BB_FX,DEG3,CY,2024,100.0
A,PC_HH,BB_FX,DEG3,CY,2025,100.0
A,PC_HH,BB_FX,DEG3,CZ,2013,90.1
A,PC_HH,BB_FX,DEG3,CZ,2014,90.3
A,PC_HH,BB_FX,DEG3,CZ,2015,90.3
A,PC_HH,BB_FX,DEG3,CZ,2016,94.7
A,PC_HH,BB_FX,DEG3,CZ,2017,94.8
A,PC_HH,BB_FX,DEG3,CZ,2018,94.1
A,PC_HH,BB_FX,DEG3,CZ,2019,98.2
A,PC_HH,BB_FX,DEG3,CZ,2020,99.2
A,PC_HH,BB_FX,DEG3,CZ,2021,99.6
A,PC_HH,BB_FX,DEG3,CZ,2022,99.8
A,PC_HH,BB_FX,DEG3,CZ,2023,98.7
A,PC_HH,BB_FX,DEG3,CZ,2024,99.8
A,PC_HH,BB_FX,DEG3,CZ,2025,99.7
A,PC_HH,BB_FX,DEG3,DE,2013,87.0
A,PC_HH,BB_FX,DEG3,DE,2014,87.6
A,PC_HH,BB_FX,DEG3,DE,2015,88.2
A,PC_HH,BB_FX,DEG3,DE,2016,89.0
A,PC_HH,BB_FX,DEG3,DE,2017,89.1
A,PC_HH,BB_FX,DEG3,DE,2018,89.6
A,PC_HH,BB_FX,DEG3,DE,2019,92.8
A,PC_HH,BB_FX,DEG3,DE,2020,94.9
A,PC_HH,BB_FX,DEG3,DE,2021,97.5
A,PC_HH,BB_FX,DEG3,DE,2022,97.0
A,PC_HH,BB_FX,DEG3,DE,2023,97.5
A,PC_HH,BB_FX,DEG3,DE,2024,98.0
A,PC_HH,BB_FX,DEG3,DE,2025,97.4
A,PC_HH,BB_FX,DEG3,DK,2013,93.3
A,PC_HH,BB_FX,DEG3,DK,2014,97.5
A,PC_HH,BB_FX,DEG3,DK,2015,96.2
A,PC_HH,BB_FX,DEG3,DK,2016,96.7
A,PC_HH,BB_FX,DEG3,DK,2017,97.5
A,PC_HH,BB_FX,DEG3,DK,2018,97.9
A,PC_HH,BB_FX,DEG3,DK,2019,98.0
A,PC_HH,BB_FX,DEG3,DK,2020,98.3
A,PC_HH,BB_FX,DEG3,DK,2021,98.6
A,PC_HH,BB_FX,DEG3,DK,2022,99.0
A,PC_HH,BB_FX,DEG3,DK,2023,99.0
A,PC_HH,BB_FX,DEG3,DK,2024,99.0
A,PC_HH,BB_FX,DEG3,DK,2025,98.6
A,PC_HH,BB_FX,DEG3,EE,2013,60.7
A,PC_HH,BB_FX,DEG3,EE,2014,70.0
A,PC_HH,BB_FX,DEG3,EE,2015,73.0
A,PC_HH,BB_FX,DEG3,EE,2016,72.7
A,PC_HH,BB_FX,DEG3,EE,2017,72.9
A,PC_HH,BB_FX,DEG3,EE,2018,76.1
A,PC_HH,BB_FX,DEG3,EE,2019,93.2
A,PC_HH,BB_FX,DEG3,EE,2020,94.9
A,PC_HH,BB_FX,DEG3,EE,2021,97.0
A,PC_HH,BB_FX,DEG3,EE,2022,98.0
A,PC_HH,BB_FX,DEG3,EE,2023,100.0
A,PC_HH,BB_FX,DEG3,EE,2024,99.9
A,PC_HH,BB_FX,DEG3,EE,2025,96.0
A,PC_HH,BB_FX,DEG3,EL,2013,75.2
A,PC_HH,BB_FX,DEG3,EL,2014,76.1
A,PC_HH,BB_FX,DEG3,EL,2015,77.3
A,PC_HH,BB_FX,DEG3,EL,2016,78.4
A,PC_HH,BB_FX,DEG3,EL,2017,87.2
A,PC_HH,BB_FX,DEG3,EL,2018,96.3
A,PC_HH,BB_FX,DEG3,EL,2019,98.1
A,PC_HH,BB_FX,DEG3,EL,2020,96.5
A,PC_HH,BB_FX,DEG3,EL,2021,96.1
A,PC_HH,BB_FX,DEG3,EL,2022,98.1
A,PC_HH,BB_FX,DEG3,EL,2023,90.9
A,PC_HH,BB_FX,DEG3,EL,2024,93.7
A,PC_HH,BB_FX,DEG3,EL,2025,97.7
A,PC_HH,BB_FX,DEG3,ES,2013,94.3
A,PC_HH,BB_FX,DEG3,ES,2014,91.6
A,PC_HH,BB_FX,DEG3,ES,2015,90.6
A,PC_HH,BB_FX,DEG3,ES,2016,92.1
A,PC_HH,BB_FX,DEG3,ES,2017,92.5
A,PC_HH,BB_FX,DEG3,ES,2018,92.9
A,PC_HH,BB_FX,DEG3,ES,2019,93.3
A,PC_HH,BB_FX,DEG3,ES,2020,92.9
A,PC_HH,BB_FX,DEG3,ES,2021,93.8
A,PC_HH,BB_FX,DEG3,ES,2022,90.6
A,PC_HH,BB_FX,DEG3,ES,2023,96.2
A,PC_HH,BB_FX,DEG3,ES,2024,97.8
A,PC_HH,BB_FX,DEG3,ES,2025,98.8
A,PC_HH,BB_FX,DEG3,FI,2013,81.7
A,PC_HH,BB_FX,DEG3,FI,2014,83.2
A,PC_HH,BB_FX,DEG3,FI,2015,83.9
A,PC_HH,BB_FX,DEG3,FI,2016,84.0
A,PC_HH,BB_FX,DEG3,FI,2017,84.0
A,PC_HH,BB_FX,DEG3,FI,2018,84.3
A,PC_HH,BB_FX,DEG3,FI,2019,84.1
A,PC_HH,BB_FX,DEG3,FI,2020,83.1
A,PC_HH,BB_FX,DEG3,FI,2021,82.4
A,PC_HH,BB_FX,DEG3,FI,2022,80.1
A,PC_HH,BB_FX,DEG3,FI,2023,76.6
A,PC_HH,BB_FX,DEG3,FI,2024,70.0
A,PC_HH,BB_FX,DEG3,FI,2025,72.0
A,PC_HH,BB_FX,DEG3,FR,2013,98.4
A,PC_HH,BB_FX,DEG3,FR,2014,99.0
A,PC_HH,BB_FX,DEG3,FR,2015,99.0
A,PC_HH,BB_FX,DEG3,FR,2016,99.7
A,PC_HH,BB_FX,DEG3,FR,2017,100.0
A,PC_HH,BB_FX,DEG3,FR,2018,100.0
A,PC_HH,BB_FX,DEG3,FR,2019,100.0
A,PC_HH,BB_FX,DEG3,FR,2020,100.0
A,PC_HH,BB_FX,DEG3,FR,2021,99.9
A,PC_HH,BB_FX,DEG3,FR,2022,99.9
A,PC_HH,BB_FX,DEG3,FR,2023,100.0
A,PC_HH,BB_FX,DEG3,FR,2024,100.0
A,PC_HH,BB_FX,DEG3,FR,2025,100.0
A,PC_HH,BB_FX,DEG3,HR,2013,84.0
A,PC_HH,BB_FX,DEG3,HR,2014,88.0
A,PC_HH,BB_FX,DEG3,HR,2015,89.2
A,PC_HH,BB_FX,DEG3,HR,2016,89.3
A,PC_HH,BB_FX,DEG3,HR,2017,97.4
A,PC_HH,BB_FX,DEG3,HR,2018,99.4
A,PC_HH,BB_FX,DEG3,HR,2019,99.4
A,PC_HH,BB_FX,DEG3,HR,2020,99.4
A,PC_HH,BB_FX,DEG3,HR,2021,99.4
A,PC_HH,BB_FX,DEG3,HR,2022,95.4
A,PC_HH,BB_FX,DEG3,HR,2023,85.5
A,PC_HH,BB_FX,DEG3,HR,2024,86.5
A,PC_HH,BB_FX,DEG3,HR,2025,89.6
A,PC_HH,BB_FX,DEG3,HU,2013,83.3
A,PC_HH,BB_FX,DEG3,HU,2014,83.3
A,PC_HH,BB_FX,DEG3,HU,2015,85.5
A,PC_HH,BB_FX,DEG3,HU,2016,85.8
A,PC_HH,BB_FX,DEG3,HU,2017,86.8
A,PC_HH,BB_FX,DEG3,HU,2018,91.6
A,PC_HH,BB_FX,DEG3,HU,2019,94.6
A,PC_HH,BB_FX,DEG3,HU,2020,95.7
A,PC_HH,BB_FX,DEG3,HU,2021,96.2
A,PC_HH,BB_FX,DEG3,HU,2022,99.2
A,PC_HH,BB_FX,DEG3,HU,2023,95.9
A,PC_HH,BB_FX,DEG3,HU,2024,97.3
A,PC_HH,BB_FX,DEG3,HU,2025,99.8
A,PC_HH,BB_FX,DEG3,IE,2013,93.6
A,PC_HH,BB_FX,DEG3,IE,2014,93.3
A,PC_HH,BB_FX,DEG3,IE,2015,93.3
A,PC_HH,BB_FX,DEG3,IE,2016,93.3
A,PC_HH,BB_FX,DEG3,IE,2017,94.8
A,PC_HH,BB_FX,DEG3,IE,2018,95.0
A,PC_HH,BB_FX,DEG3,IE,2019,96.1
A,PC_HH,BB_FX,DEG3,IE,2020,96.2
A,PC_HH,BB_FX,DEG3,IE,2021,97.0
A,PC_HH,BB_FX,DEG3,IE,2022,99.0
A,PC_HH,BB_FX,DEG3,IE,2023,100.0
A,PC_HH,BB_FX,DEG3,IE,2024,100.0
A,PC_HH,BB_FX,DEG3,IE,2025,100.0
A,PC_HH,BB_FX,DEG3,IS,2013,78.6
A,PC_HH,BB_FX,DEG3,IS,2014,82.0
A,PC_HH,BB_FX,DEG3,IS,2015,82.1
A,PC_HH,BB_FX,DEG3,IS,2016,83.1
A,PC_HH,BB_FX,DEG3,IS,2017,86.1
A,PC_HH,BB_FX,DEG3,IS,2018,85.0
A,PC_HH,BB_FX,DEG3,IS,2019,91.8
A,PC_HH,BB_FX,DEG3,IS,2020,93.5
A,PC_HH,BB_FX,DEG3,IS,2021,88.0
A,PC_HH,BB_FX,DEG3,IS,2022,88.1
A,PC_HH,BB_FX,DEG3,IS,2023,91.7
A,PC_HH,BB_FX,DEG3,IS,2024,88.0
A,PC_HH,BB_FX,DEG3,IS,2025,100.0
A,PC_HH,BB_FX,DEG3,IT,2013,95.2
A,PC_HH,BB_FX,DEG3,IT,2014,93.1
A,PC_HH,BB_FX,DEG3,IT,2015,94.0
A,PC_HH,BB_FX,DEG3,IT,2016,94.3
A,PC_HH,BB_FX,DEG3,IT,2017,94.8
A,PC_HH,BB_FX,DEG3,IT,2018,97.4
A,PC_HH,BB_FX,DEG3,IT,2019,97.3
A,PC_HH,BB_FX,DEG3,IT,2020,98.2
A,PC_HH,BB_FX,DEG3,IT,2021,99.1
A,PC_HH,BB_FX,DEG3,IT,2022,99.4
A,PC_HH,BB_FX,DEG3,IT,2023,99.9
A,PC_HH,BB_FX,DEG3,IT,2024,99.4
A,PC_HH,BB_FX,DEG3,IT,2025,99.4
A,PC_HH,BB_FX,DEG3,LT,2013,56.1
A,PC_HH,BB_FX,DEG3,LT,2014,58.3
A,PC_HH,BB_FX,DEG3,LT,2015,59.8
A,PC_HH,BB_FX,DEG3,LT,2016,61.3
A,PC_HH,BB_FX,DEG3,LT,2017,63.8
A,PC_HH,BB_FX,DEG3,LT,2018,66.3
A,PC_HH,BB_FX,DEG3,LT,2019,65.6
A,PC_HH,BB_FX,DEG3,LT,2020,66.7
A,PC_HH,BB_FX,DEG3,LT,2021,68.1
A,PC_HH,BB_FX,DEG3,LT,2022,68.4
A,PC_HH,BB_FX,DEG3,LT,2023,69.4
A,PC_HH,BB_FX,DEG3,LT,2024,65.9
A,PC_HH,BB_FX,DEG3,LT,2025,65.3
A,PC_HH,BB_FX,DEG3,LU,2013,100.0
A,PC_HH,BB_FX,DEG3,LU,2014,100.0
A,PC_HH,BB_FX,DEG3,LU,2015,100.0
A,PC_HH,BB_FX,DEG3,LU,2016,99.9
A,PC_HH,BB_FX,DEG3,LU,2017,99.9
A,PC_HH,BB_FX,DEG3,LU,2018,100.0
A,PC_HH,BB_FX,DEG3,LU,2019,100.0
A,PC_HH,BB_FX,DEG3,LU,2020,100.0
A,PC_HH,BB_FX,DEG3,LU,2021,100.0
A,PC_HH,BB_FX,DEG3,LU,2022,100.0
A,PC_HH,BB_FX,DEG3,LU,2023,100.0
A,PC_HH,BB_FX,DEG3,LU,2024,100.0
A,PC_HH,BB_FX,DEG3,LU,2025,100.0
A,PC_HH,BB_FX,DEG3,LV,2013,50.7
A,PC_HH,BB_FX,DEG3,LV,2014,49.1
A,PC_HH,BB_FX,DEG3,LV,2015,45.8
A,PC_HH,BB_FX,DEG3,LV,2016,44.2
A,PC_HH,BB_FX,DEG3,LV,2017,44.2
A,PC_HH,BB_FX,DEG3,LV,2018,41.5
A,PC_HH,BB_FX,DEG3,LV,2019,34.1
A,PC_HH,BB_FX,DEG3,LV,2020,33.6
A,PC_HH,BB_FX,DEG3,LV,2021,35.1
A,PC_HH,BB_FX,DEG3,LV,2022,35.0
A,PC_HH,BB_FX,DEG3,LV,2023,31.6
A,PC_HH,BB_FX,DEG3,LV,2024,35.4
A,PC_HH,BB_FX,DEG3,LV,2025,33.5
A,PC_HH,BB_FX,DEG3,MT,2013,100.0
A,PC_HH,BB_FX,DEG3,MT,2014,100.0
A,PC_HH,BB_FX,DEG3,MT,2015,100.0
A,PC_HH,BB_FX,DEG3,MT,2016,100.0
A,PC_HH,BB_FX,DEG3,MT,2017,100.0
A,PC_HH,BB_FX,DEG3,MT,2018,100.0
A,PC_HH,BB_FX,DEG3,MT,2019,100.0
A,PC_HH,BB_FX,DEG3,MT,2020,100.0
A,PC_HH,BB_FX,DEG3,MT,2021,100.0
A,PC_HH,BB_FX,DEG3,MT,2022,100.0
A,PC_HH,BB_FX,DEG3,MT,2023,100.0
A,PC_HH,BB_FX,DEG3,MT,2024,100.0
A,PC_HH,BB_FX,DEG3,MT,2025,100.0
A,PC_HH,BB_FX,DEG3,NL,2013,98.9
A,PC_HH,BB_FX,DEG3,NL,2014,98.9
A,PC_HH,BB_FX,DEG3,NL,2015,98.9
A,PC_HH,BB_FX,DEG3,NL,2016,98.9
A,PC_HH,BB_FX,DEG3,NL,2017,98.9
A,PC_HH,BB_FX,DEG3,NL,2018,98.9
A,PC_HH,BB_FX,DEG3,NL,2019,98.9
A,PC_HH,BB_FX,DEG3,NL,2020,98.9
A,PC_HH,BB_FX,DEG3,NL,2021,99.6
A,PC_HH,BB_FX,DEG3,NL,2022,98.6
A,PC_HH,BB_FX,DEG3,NL,2023,99.5
A,PC_HH,BB_FX,DEG3,NL,2024,98.6
A,PC_HH,BB_FX,DEG3,NL,2025,98.7
A,PC_HH,BB_FX,DEG3,NO,2013,86.8
A,PC_HH,BB_FX,DEG3,NO,2014,81.7
A,PC_HH,BB_FX,DEG3,NO,2015,77.3
A,PC_HH,BB_FX,DEG3,NO,2016,75.4
A,PC_HH,BB_FX,DEG3,NO,2017,74.7
A,PC_HH,BB_FX,DEG3,NO,2018,86.2
A,PC_HH,BB_FX,DEG3,NO,2019,93.8
A,PC_HH,BB_FX,DEG3,NO,2020,96.8
A,PC_HH,BB_FX,DEG3,NO,2021,91.0
A,PC_HH,BB_FX,DEG3,NO,2022,99.1
A,PC_HH,BB_FX,DEG3,NO,2023,99.4
A,PC_HH,BB_FX,DEG3,NO,2024,99.5
A,PC_HH,BB_FX,DEG3,NO,2025,99.2
A,PC_HH,BB_FX,DEG3,PL,2013,53.8
A,PC_HH,BB_FX,DEG3,PL,2014,54.4
A,PC_HH,BB_FX,DEG3,PL,2015,55.1
A,PC_HH,BB_FX,DEG3,PL,2016,55.2
A,PC_HH,BB_FX,DEG3,PL,2017,55.4
A,PC_HH,BB_FX,DEG3,PL,2018,57.8
A,PC_HH,BB_FX,DEG3,PL,2019,62.2
A,PC_HH,BB_FX,DEG3,PL,2020,63.8
A,PC_HH,BB_FX,DEG3,PL,2021,69.8
A,PC_HH,BB_FX,DEG3,PL,2022,68.8
A,PC_HH,BB_FX,DEG3,PL,2023,74.0
A,PC_HH,BB_FX,DEG3,PL,2024,77.5
A,PC_HH,BB_FX,DEG3,PL,2025,75.9
A,PC_HH,BB_FX,DEG3,PT,2013,80.7
A,PC_HH,BB_FX,DEG3,PT,2014,82.9
A,PC_HH,BB_FX,DEG3,PT,2015,84.1
A,PC_HH,BB_FX,DEG3,PT,2016,88.2
A,PC_HH,BB_FX,DEG3,PT,2017,92.7
A,PC_HH,BB_FX,DEG3,PT,2018,92.8
A,PC_HH,BB_FX,DEG3,PT,2019,89.2
A,PC_HH,BB_FX,DEG3,PT,2020,90.0
A,PC_HH,BB_FX,DEG3,PT,2021,90.5
A,PC_HH,BB_FX,DEG3,PT,2022,88.6
A,PC_HH,BB_FX,DEG3,PT,2023,88.4
A,PC_HH,BB_FX,DEG3,PT,2024,88.7
A,PC_HH,BB_FX,DEG3,PT,2025,88.9
A,PC_HH,BB_FX,DEG3,RO,2013,78.2
A,PC_HH,BB_FX,DEG3,RO,2014,80.2
A,PC_HH,BB_FX,DEG3,RO,2015,80.5
A,PC_HH,BB_FX,DEG3,RO,2016,82.3
A,PC_HH,BB_FX,DEG3,RO,2017,82.7
A,PC_HH,BB_FX,DEG3,RO,2018,79.6
A,PC_HH,BB_FX,DEG3,RO,2019,79.3
A,PC_HH,BB_FX,DEG3,RO,2020,82.9
A,PC_HH,BB_FX,DEG3,RO,2021,89.0
A,PC_HH,BB_FX,DEG3,RO,2022,95.1
A,PC_HH,BB_FX,DEG3,RO,2023,95.2
A,PC_HH,BB_FX,DEG3,RO,2024,95.4
A,PC_HH,BB_FX,DEG3,RO,2025,95.3
A,PC_HH,BB_FX,DEG3,SE,2013,91.8
A,PC_HH,BB_FX,DEG3,SE,2014,92.2
A,PC_HH,BB_FX,DEG3,SE,2015,92.2
A,PC_HH,BB_FX,DEG3,SE,2016,92.8
A,PC_HH,BB_FX,DEG3,SE,2017,85.4
A,PC_HH,BB_FX,DEG3,SE,2018,80.8
A,PC_HH,BB_FX,DEG3,SE,2019,80.4
A,PC_HH,BB_FX,DEG3,SE,2020,81.2
A,PC_HH,BB_FX,DEG3,SE,2021,80.6
A,PC_HH,BB_FX,DEG3,SE,2022,77.5
A,PC_HH,BB_FX,DEG3,SE,2023,76.2
A,PC_HH,BB_FX,DEG3,SE,2024,75.8
A,PC_HH,BB_FX,DEG3,SE,2025,75.6
A,PC_HH,BB_FX,DEG3,SI,2013,83.8
A,PC_HH,BB_FX,DEG3,SI,2014,88.2
A,PC_HH,BB_FX,DEG3,SI,2015,90.1
A,PC_HH,BB_FX,DEG3,SI,2016,92.2
A,PC_HH,BB_FX,DEG3,SI,2017,92.5
A,PC_HH,BB_FX,DEG3,SI,2018,93.3
A,PC_HH,BB_FX,DEG3,SI,2019,95.6
A,PC_HH,BB_FX,DEG3,SI,2020,96.0
A,PC_HH,BB_FX,DEG3,SI,2021,96.0
A,PC_HH,BB_FX,DEG3,SI,2022,96.3
A,PC_HH,BB_FX,DEG3,SI,2023,96.7
A,PC_HH,BB_FX,DEG3,SI,2024,96.6
A,PC_HH,BB_FX,DEG3,SI,2025,97.1
A,PC_HH,BB_FX,DEG3,SK,2013,71.8
A,PC_HH,BB_FX,DEG3,SK,2014,76.6
A,PC_HH,BB_FX,DEG3,SK,2015,83.0
A,PC_HH,BB_FX,DEG3,SK,2016,85.5
A,PC_HH,BB_FX,DEG3,SK,2017,88.0
A,PC_HH,BB_FX,DEG3,SK,2018,88.3
A,PC_HH,BB_FX,DEG3,SK,2019,93.3
A,PC_HH,BB_FX,DEG3,SK,2020,97.2
A,PC_HH,BB_FX,DEG3,SK,2021,97.0
A,PC_HH,BB_FX,DEG3,SK,2022,97.3
A,PC_HH,BB_FX,DEG3,SK,2023,97.3
A,PC_HH,BB_FX,DEG3,SK,2024,97.2
A,PC_HH,BB_FX,DEG3,SK,2025,97.1
A,PC_HH,BB_FX,DEG3,UK,2013,100.0
A,PC_HH,BB_FX,DEG3,UK,2014,100.0
A,PC_HH,BB_FX,DEG3,UK,2015,100.0
A,PC_HH,BB_FX,DEG3,UK,2016,100.0
A,PC_HH,BB_FX,DEG3,UK,2017,100.0
A,PC_HH,BB_FX,DEG3,UK,2018,100.0
A,PC_HH,BB_FX,DEG3,UK,2019,100.0
A,PC_HH,BB_FX,DEG3,UK,2020,100.0
A,PC_HH,BB_FX,DEG3,UK,2021,99.1
A,PC_HH,BB_FX,DEG3,UK,2022,99.2
A,PC_HH,BB_FX,DEG3,UK,2023,99.4
A,PC_HH,BB_FX,DEG3,UK,2024,99.5
A,PC_HH,BB_FX,DEG3,UK,2025,99.9
A,PC_HH,BB_FX,TOTAL,AT,2013,99.1
A,PC_HH,BB_FX,TOTAL,AT,2014,99.2
A,PC_HH,BB_FX,TOTAL,AT,2015,99.2
A,PC_HH,BB_FX,TOTAL,AT,2016,99.2
A,PC_HH,BB_FX,TOTAL,AT,2017,99.2
A,PC_HH,BB_FX,TOTAL,AT,2018,99.3
A,PC_HH,BB_FX,TOTAL,AT,2019,99.3
A,PC_HH,BB_FX,TOTAL,AT,2020,98.9
A,PC_HH,BB_FX,TOTAL,AT,2021,99.0
A,PC_HH,BB_FX,TOTAL,AT,2022,99.1
A,PC_HH,BB_FX,TOTAL,AT,2023,99.2
A,PC_HH,BB_FX,TOTAL,AT,2024,99.1
A,PC_HH,BB_FX,TOTAL,AT,2025,99.3
A,PC_HH,BB_FX,TOTAL,BE,2013,99.9
A,PC_HH,BB_FX,TOTAL,BE,2014,99.9
A,PC_HH,BB_FX,TOTAL,BE,2015,99.9
A,PC_HH,BB_FX,TOTAL,BE,2016,99.9
A,PC_HH,BB_FX,TOTAL,BE,2017,99.9
A,PC_HH,BB_FX,TOTAL,BE,2018,99.9
A,PC_HH,BB_FX,TOTAL,BE,2019,100.0
A,PC_HH,BB_FX,TOTAL,BE,2020,99.9
A,PC_HH,BB_FX,TOTAL,BE,2021,99.7
A,PC_HH,BB_FX,TOTAL,BE,2022,100.0
A,PC_HH,BB_FX,TOTAL,BE,2023,100.0
A,PC_HH,BB_FX,TOTAL,BE,2024,100.0
A,PC_HH,BB_FX,TOTAL,BE,2025,99.0
A,PC_HH,BB_FX,TOTAL,BG,2013,92.5
A,PC_HH,BB_FX,TOTAL,BG,2014,95.1
A,PC_HH,BB_FX,TOTAL,BG,2015,95.2
A,PC_HH,BB_FX,TOTAL,BG,2016,95.2
A,PC_HH,BB_FX,TOTAL,BG,2017,95.2
A,PC_HH,BB_FX,TOTAL,BG,2018,95.5
A,PC_HH,BB_FX,TOTAL,BG,2019,95.6
A,PC_HH,BB_FX,TOTAL,BG,2020,95.7
A,PC_HH,BB_FX,TOTAL,BG,2021,97.0
A,PC_HH,BB_FX,TOTAL,BG,2022,98.9
A,PC_HH,BB_FX,TOTAL,BG,2023,98.9
A,PC_HH,BB_FX,TOTAL,BG,2024,99.0
A,PC_HH,BB_FX,TOTAL,BG,2025,99.6
A,PC_HH,BB_FX,TOTAL,CH,2013,99.8
A,PC_HH,BB_FX,TOTAL,CH,2014,99.8
A,PC_HH,BB_FX,TOTAL,CH,2015,99.8
A,PC_HH,BB_FX,TOTAL,CH,2016,99.8
A,PC_HH,BB_FX,TOTAL,CH,2017,99.8
A,PC_HH,BB_FX,TOTAL,CH,2018,99.8
A,PC_HH,BB_FX,TOTAL,CH,2019,99.8
A,PC_HH,BB_FX,TOTAL,CH,2020,99.8
A,PC_HH,BB_FX,TOTAL,CH,2021,99.9
A,PC_HH,BB_FX,TOTAL,CH,2022,99.9
A,PC_HH,BB_FX,TOTAL,CH,2023,99.9
A,PC_HH,BB_FX,TOTAL,CH,2024,100.0
A,PC_HH,BB_FX,TOTAL,CH,2025,100.0
A,PC_HH,BB_FX,TOTAL,CY,2013,100.0
A,PC_HH,BB_FX,TOTAL,CY,2014,100.0
A,PC_HH,BB_FX,TOTAL,CY,2015,100.0
A,PC_HH,BB_FX,TOTAL,CY,2016,100.0
A,PC_HH,BB_FX,TOTAL,CY,2017,100.0
A,PC_HH,BB_FX,TOTAL,CY,2018,100.0
A,PC_HH,BB_FX,TOTAL,CY,2019,100.0
A,PC_HH,BB_FX,TOTAL,CY,2020,100.0
A,PC_HH,BB_FX,TOTAL,CY,2021,100.0
A,PC_HH,BB_FX,TOTAL,CY,2022,100.0
A,PC_HH,BB_FX,TOTAL,CY,2023,100.0
A,PC_HH,BB_FX,TOTAL,CY,2024,100.0
A,PC_HH,BB_FX,TOTAL,CY,2025,100.0
A,PC_HH,BB_FX,TOTAL,CZ,2013,97.5
A,PC_HH,BB_FX,TOTAL,CZ,2014,97.5
A,PC_HH,BB_FX,TOTAL,CZ,2015,97.6
A,PC_HH,BB_FX,TOTAL,CZ,2016,98.8
A,PC_HH,BB_FX,TOTAL,CZ,2017,98.4
A,PC_HH,BB_FX,TOTAL,CZ,2018,97.7
A,PC_HH,BB_FX,TOTAL,CZ,2019,97.4
A,PC_HH,BB_FX,TOTAL,CZ,2020,99.8
A,PC_HH,BB_FX,TOTAL,CZ,2021,99.9
A,PC_HH,BB_FX,TOTAL,CZ,2022,99.9
A,PC_HH,BB_FX,TOTAL,CZ,2023,99.6
A,PC_HH,BB_FX,TOTAL,CZ,2024,100.0
A,PC_HH,BB_FX,TOTAL,CZ,2025,99.9
A,PC_HH,BB_FX,TOTAL,DE,2013,96.6
A,PC_HH,BB_FX,TOTAL,DE,2014,97.0
A,PC_HH,BB_FX,TOTAL,DE,2015,97.4
A,PC_HH,BB_FX,TOTAL,DE,2016,97.7
A,PC_HH,BB_FX,TOTAL,DE,2017,97.7
A,PC_HH,BB_FX,TOTAL,DE,2018,97.5
A,PC_HH,BB_FX,TOTAL,DE,2019,98.6
A,PC_HH,BB_FX,TOTAL,DE,2020,99.0
A,PC_HH,BB_FX,TOTAL,DE,2021,99.5
A,PC_HH,BB_FX,TOTAL,DE,2022,99.2
A,PC_HH,BB_FX,TOTAL,DE,2023,99.0
A,PC_HH,BB_FX,TOTAL,DE,2024,99.0
A,PC_HH,BB_FX,TOTAL,DE,2025,98.7
A,PC_HH,BB_FX,TOTAL,DK,2013,99.1
A,PC_HH,BB_FX,TOTAL,DK,2014,99.1
A,PC_HH,BB_FX,TOTAL,DK,2015,99.0
A,PC_HH,BB_FX,TOTAL,DK,2016,99.3
A,PC_HH,BB_FX,TOTAL,DK,2017,99.5
A,PC_HH,BB_FX,TOTAL,DK,2018,99.5
A,PC_HH,BB_FX,TOTAL,DK,2019,99.0
A,PC_HH,BB_FX,TOTAL,DK,2020,99.6
A,PC_HH,BB_FX,TOTAL,DK,2021,99.6
A,PC_HH,BB_FX,TOTAL,DK,2022,99.6
A,PC_HH,BB_FX,TOTAL,DK,2023,99.6
A,PC_HH,BB_FX,TOTAL,DK,2024,99.4
A,PC_HH,BB_FX,TOTAL,DK,2025,99.2
A,PC_HH,BB_FX,TOTAL,EE,2013,85.1
A,PC_HH,BB_FX,TOTAL,EE,2014,86.0
A,PC_HH,BB_FX,TOTAL,EE,2015,86.8
A,PC_HH,BB_FX,TOTAL,EE,2016,90.9
A,PC_HH,BB_FX,TOTAL,EE,2017,90.8
A,PC_HH,BB_FX,TOTAL,EE,2018,90.9
A,PC_HH,BB_FX,TOTAL,EE,2019,92.9
A,PC_HH,BB_FX,TOTAL,EE,2020,93.0
A,PC_HH,BB_FX,TOTAL,EE,2021,93.0
A,PC_HH,BB_FX,TOTAL,EE,2022,97.8
A,PC_HH,BB_FX,TOTAL,EE,2023,100.0
A,PC_HH,BB_FX,TOTAL,EE,2024,100.0
A,PC_HH,BB_FX,TOTAL,EE,2025,97.0
A,PC_HH,BB_FX,TOTAL,EL,2013,94.5
A,PC_HH,BB_FX,TOTAL,EL,2014,95.1
A,PC_HH,BB_FX,TOTAL,EL,2015,95.4
A,PC_HH,BB_FX,TOTAL,EL,2016,95.6
A,PC_HH,BB_FX,TOTAL,EL,2017,96.2
A,PC_HH,BB_FX,TOTAL,EL,2018,96.4
A,PC_HH,BB_FX,TOTAL,EL,2019,99.5
A,PC_HH,BB_FX,TOTAL,EL,2020,99.2
A,PC_HH,BB_FX,TOTAL,EL,2021,99.4
A,PC_HH,BB_FX,TOTAL,EL,2022,99.0
A,PC_HH,BB_FX,TOTAL,EL,2023,96.9
A,PC_HH,BB_FX,TOTAL,EL,2024,97.2
A,PC_HH,BB_FX,TOTAL,EL,2025,99.2
A,PC_HH,BB_FX,TOTAL,ES,2013,96.5
A,PC_HH,BB_FX,TOTAL,ES,2014,95.1
A,PC_HH,BB_FX,TOTAL,ES,2015,95.1
A,PC_HH,BB_FX,TOTAL,ES,2016,95.5
A,PC_HH,BB_FX,TOTAL,ES,2017,95.7
A,PC_HH,BB_FX,TOTAL,ES,2018,96.1
A,PC_HH,BB_FX,TOTAL,ES,2019,95.6
A,PC_HH,BB_FX,TOTAL,ES,2020,95.5
A,PC_HH,BB_FX,TOTAL,ES,2021,96.4
A,PC_HH,BB_FX,TOTAL,ES,2022,96.0
A,PC_HH,BB_FX,TOTAL,ES,2023,98.9
A,PC_HH,BB_FX,TOTAL,ES,2024,99.5
A,PC_HH,BB_FX,TOTAL,ES,2025,99.8
A,PC_HH,BB_FX,TOTAL,FI,2013,96.7
A,PC_HH,BB_FX,TOTAL,FI,2014,97.0
A,PC_HH,BB_FX,TOTAL,FI,2015,97.0
A,PC_HH,BB_FX,TOTAL,FI,2016,97.0
A,PC_HH,BB_FX,TOTAL,FI,2017,97.0
A,PC_HH,BB_FX,TOTAL,FI,2018,94.4
A,PC_HH,BB_FX,TOTAL,FI,2019,93.5
A,PC_HH,BB_FX,TOTAL,FI,2020,93.5
A,PC_HH,BB_FX,TOTAL,FI,2021,89.9
A,PC_HH,BB_FX,TOTAL,FI,2022,82.4
A,PC_HH,BB_FX,TOTAL,FI,2023,82.7
A,PC_HH,BB_FX,TOTAL,FI,2024,84.1
A,PC_HH,BB_FX,TOTAL,FI,2025,86.0
A,PC_HH,BB_FX,TOTAL,FR,2013,99.7
A,PC_HH,BB_FX,TOTAL,FR,2014,99.7
A,PC_HH,BB_FX,TOTAL,FR,2015,99.8
A,PC_HH,BB_FX,TOTAL,FR,2016,100.0
A,PC_HH,BB_FX,TOTAL,FR,2017,100.0
A,PC_HH,BB_FX,TOTAL,FR,2018,100.0
A,PC_HH,BB_FX,TOTAL,FR,2019,100.0
A,PC_HH,BB_FX,TOTAL,FR,2020,100.0
A,PC_HH,BB_FX,TOTAL,FR,2021,99.9
A,PC_HH,BB_FX,TOTAL,FR,2022,100.0
A,PC_HH,BB_FX,TOTAL,FR,2023,100.0
A,PC_HH,BB_FX,TOTAL,FR,2024,100.0
A,PC_HH,BB_FX,TOTAL,FR,2025,100.0
A,PC_HH,BB_FX,TOTAL,HR,2013,96.1
A,PC_HH,BB_FX,TOTAL,HR,2014,96.6
A,PC_HH,BB_FX,TOTAL,HR,2015,96.9
A,PC_HH,BB_FX,TOTAL,HR,2016,97.0
A,PC_HH,BB_FX,TOTAL,HR,2017,99.3
A,PC_HH,BB_FX,TOTAL,HR,2018,99.9
A,PC_HH,BB_FX,TOTAL,HR,2019,99.9
A,PC_HH,BB_FX,TOTAL,HR,2020,99.9
A,PC_HH,BB_FX,TOTAL,HR,2021,99.9
A,PC_HH,BB_FX,TOTAL,HR,2022,99.0
A,PC_HH,BB_FX,TOTAL,HR,2023,96.7
A,PC_HH,BB_FX,TOTAL,HR,2024,96.5
A,PC_HH,BB_FX,TOTAL,HR,2025,97.0
A,PC_HH,BB_FX,TOTAL,HU,2013,94.3
A,PC_HH,BB_FX,TOTAL,HU,2014,94.4
A,PC_HH,BB_FX,TOTAL,HU,2015,95.2
A,PC_HH,BB_FX,TOTAL,HU,2016,95.2
A,PC_HH,BB_FX,TOTAL,HU,2017,95.2
A,PC_HH,BB_FX,TOTAL,HU,2018,94.4
A,PC_HH,BB_FX,TOTAL,HU,2019,95.5
A,PC_HH,BB_FX,TOTAL,HU,2020,97.5
A,PC_HH,BB_FX,TOTAL,HU,2021,98.4
A,PC_HH,BB_FX,TOTAL,HU,2022,99.7
A,PC_HH,BB_FX,TOTAL,HU,2023,97.0
A,PC_HH,BB_FX,TOTAL,HU,2024,98.0
A,PC_HH,BB_FX,TOTAL,HU,2025,99.7
A,PC_HH,BB_FX,TOTAL,IE,2013,96.2
A,PC_HH,BB_FX,TOTAL,IE,2014,96.3
A,PC_HH,BB_FX,TOTAL,IE,2015,96.3
A,PC_HH,BB_FX,TOTAL,IE,2016,96.3
A,PC_HH,BB_FX,TOTAL,IE,2017,97.4
A,PC_HH,BB_FX,TOTAL,IE,2018,97.8
A,PC_HH,BB_FX,TOTAL,IE,2019,97.8
A,PC_HH,BB_FX,TOTAL,IE,2020,97.9
A,PC_HH,BB_FX,TOTAL,IE,2021,97.6
A,PC_HH,BB_FX,TOTAL,IE,2022,99.6
A,PC_HH,BB_FX,TOTAL,IE,2023,100.0
A,PC_HH,BB_FX,TOTAL,IE,2024,100.0
A,PC_HH,BB_FX,TOTAL,IE,2025,100.0
A,PC_HH,BB_FX,TOTAL,IS,2013,93.8
A,PC_HH,BB_FX,TOTAL,IS,2014,95.2
A,PC_HH,BB_FX,TOTAL,IS,2015,95.2
A,PC_HH,BB_FX,TOTAL,IS,2016,95.6
A,PC_HH,BB_FX,TOTAL,IS,2017,94.7
A,PC_HH,BB_FX,TOTAL,IS,2018,98.1
A,PC_HH,BB_FX,TOTAL,IS,2019,99.5
A,PC_HH,BB_FX,TOTAL,IS,2020,99.7
A,PC_HH,BB_FX,TOTAL,IS,2021,99.2
A,PC_HH,BB_FX,TOTAL,IS,2022,99.2
A,PC_HH,BB_FX,TOTAL,IS,2023,99.3
A,PC_HH,BB_FX,TOTAL,IS,2024,99.3
A,PC_HH,BB_FX,TOTAL,IS,2025,100.0
A,PC_HH,BB_FX,TOTAL,IT,2013,98.8
A,PC_HH,BB_FX,TOTAL,IT,2014,99.2
A,PC_HH,BB_FX,TOTAL,IT,2015,99.3
A,PC_HH,BB_FX,TOTAL,IT,2016,99.3
A,PC_HH,BB_FX,TOTAL,IT,2017,99.3
A,PC_HH,BB_FX,TOTAL,IT,2018,99.8
A,PC_HH,BB_FX,TOTAL,IT,2019,99.6
A,PC_HH,BB_FX,TOTAL,IT,2020,99.6
A,PC_HH,BB_FX,TOTAL,IT,2021,99.8
A,PC_HH,BB_FX,TOTAL,IT,2022,99.8
A,PC_HH,BB_FX,TOTAL,IT,2023,100.0
A,PC_HH,BB_FX,TOTAL,IT,2024,99.9
A,PC_HH,BB_FX,TOTAL,IT,2025,99.9
A,PC_HH,BB_FX,TOTAL,LT,2013,79.6
A,PC_HH,BB_FX,TOTAL,LT,2014,80.1
A,PC_HH,BB_FX,TOTAL,LT,2015,80.6
A,PC_HH,BB_FX,TOTAL,LT,2016,81.0
A,PC_HH,BB_FX,TOTAL,LT,2017,82.0
A,PC_HH,BB_FX,TOTAL,LT,2018,84.9
A,PC_HH,BB_FX,TOTAL,LT,2019,85.3
A,PC_HH,BB_FX,TOTAL,LT,2020,84.8
A,PC_HH,BB_FX,TOTAL,LT,2021,88.8
A,PC_HH,BB_FX,TOTAL,LT,2022,89.2
A,PC_HH,BB_FX,TOTAL,LT,2023,89.5
A,PC_HH,BB_FX,TOTAL,LT,2024,89.0
A,PC_HH,BB_FX,TOTAL,LT,2025,89.4
A,PC_HH,BB_FX,TOTAL,LU,2013,100.0
A,PC_HH,BB_FX,TOTAL,LU,2014,100.0
A,PC_HH,BB_FX,TOTAL,LU,2015,100.0
A,PC_HH,BB_FX,TOTAL,LU,2016,100.0
A,PC_HH,BB_FX,TOTAL,LU,2017,100.0
A,PC_HH,BB_FX,TOTAL,LU,2018,100.0
A,PC_HH,BB_FX,TOTAL,LU,2019,100.0
A,PC_HH,BB_FX,TOTAL,LU,2020,100.0
A,PC_HH,BB_FX,TOTAL,LU,2021,100.0
A,PC_HH,BB_FX,TOTAL,LU,2022,100.0
A,PC_HH,BB_FX,TOTAL,LU,2023,100.0
A,PC_HH,BB_FX,TOTAL,LU,2024,100.0
A,PC_HH,BB_FX,TOTAL,LU,2025,100.0
A,PC_HH,BB_FX,TOTAL,LV,2013,85.0
A,PC_HH,BB_FX,TOTAL,LV,2014,78.8
A,PC_HH,BB_FX,TOTAL,LV,2015,73.9
A,PC_HH,BB_FX,TOTAL,LV,2016,71.6
A,PC_HH,BB_FX,TOTAL,LV,2017,70.2
A,PC_HH,BB_FX,TOTAL,LV,2018,70.8
A,PC_HH,BB_FX,TOTAL,LV,2019,71.1
A,PC_HH,BB_FX,TOTAL,LV,2020,72.4
A,PC_HH,BB_FX,TOTAL,LV,2021,72.9
A,PC_HH,BB_FX,TOTAL,LV,2022,73.0
A,PC_HH,BB_FX,TOTAL,LV,2023,74.0
A,PC_HH,BB_FX,TOTAL,LV,2024,80.9
A,PC_HH,BB_FX,TOTAL,LV,2025,76.2
A,PC_HH,BB_FX,TOTAL,MT,2013,100.0
A,PC_HH,BB_FX,TOTAL,MT,2014,100.0
A,PC_HH,BB_FX,TOTAL,MT,2015,100.0
A,PC_HH,BB_FX,TOTAL,MT,2016,100.0
A,PC_HH,BB_FX,TOTAL,MT,2017,100.0
A,PC_HH,BB_FX,TOTAL,MT,2018,100.0
A,PC_HH,BB_FX,TOTAL,MT,2019,100.0
A,PC_HH,BB_FX,TOTAL,MT,2020,100.0
A,PC_HH,BB_FX,TOTAL,MT,2021,100.0
A,PC_HH,BB_FX,TOTAL,MT,2022,100.0
A,PC_HH,BB_FX,TOTAL,MT,2023,100.0
A,PC_HH,BB_FX,TOTAL,MT,2024,100.0
A,PC_HH,BB_FX,TOTAL,MT,2025,100.0
A,PC_HH,BB_FX,TOTAL,NL,2013,99.5
A,PC_HH,BB_FX,TOTAL,NL,2014,99.5
A,PC_HH,BB_FX,TOTAL,NL,2015,99.5
A,PC_HH,BB_FX,TOTAL,NL,2016,99.5
A,PC_HH,BB_FX,TOTAL,NL,2017,97.7
A,PC_HH,BB_FX,TOTAL,NL,2018,99.5
A,PC_HH,BB_FX,TOTAL,NL,2019,99.5
A,PC_HH,BB_FX,TOTAL,NL,2020,99.5
A,PC_HH,BB_FX,TOTAL,NL,2021,99.3
A,PC_HH,BB_FX,TOTAL,NL,2022,99.3
A,PC_HH,BB_FX,TOTAL,NL,2023,99.7
A,PC_HH,BB_FX,TOTAL,NL,2024,99.6
A,PC_HH,BB_FX,TOTAL,NL,2025,99.6
A,PC_HH,BB_FX,TOTAL,NO,2013,96.8
A,PC_HH,BB_FX,TOTAL,NO,2014,95.2
A,PC_HH,BB_FX,TOTAL,NO,2015,94.7
A,PC_HH,BB_FX,TOTAL,NO,2016,95.3
A,PC_HH,BB_FX,TOTAL,NO,2017,94.4
A,PC_HH,BB_FX,TOTAL,NO,2018,96.8
A,PC_HH,BB_FX,TOTAL,NO,2019,98.7
A,PC_HH,BB_FX,TOTAL,NO,2020,99.0
A,PC_HH,BB_FX,TOTAL,NO,2021,98.1
A,PC_HH,BB_FX,TOTAL,NO,2022,99.8
A,PC_HH,BB_FX,TOTAL,NO,2023,99.9
A,PC_HH,BB_FX,TOTAL,NO,2024,99.9
A,PC_HH,BB_FX,TOTAL,NO,2025,99.8
A,PC_HH,BB_FX,TOTAL,PL,2013,79.1
A,PC_HH,BB_FX,TOTAL,PL,2014,79.6
A,PC_HH,BB_FX,TOTAL,PL,2015,80.2
A,PC_HH,BB_FX,TOTAL,PL,2016,80.9
A,PC_HH,BB_FX,TOTAL,PL,2017,81.5
A,PC_HH,BB_FX,TOTAL,PL,2018,81.5
A,PC_HH,BB_FX,TOTAL,PL,2019,83.5
A,PC_HH,BB_FX,TOTAL,PL,2020,88.6
A,PC_HH,BB_FX,TOTAL,PL,2021,89.7
A,PC_HH,BB_FX,TOTAL,PL,2022,82.9
A,PC_HH,BB_FX,TOTAL,PL,2023,86.9
A,PC_HH,BB_FX,TOTAL,PL,2024,87.8
A,PC_HH,BB_FX,TOTAL,PL,2025,89.7
A,PC_HH,BB_FX,TOTAL,PT,2013,95.1
A,PC_HH,BB_FX,TOTAL,PT,2014,94.8
A,PC_HH,BB_FX,TOTAL,PT,2015,94.6
A,PC_HH,BB_FX,TOTAL,PT,2016,94.3
A,PC_HH,BB_FX,TOTAL,PT,2017,93.5
A,PC_HH,BB_FX,TOTAL,PT,2018,93.6
A,PC_HH,BB_FX,TOTAL,PT,2019,94.9
A,PC_HH,BB_FX,TOTAL,PT,2020,95.2
A,PC_HH,BB_FX,TOTAL,PT,2021,96.2
A,PC_HH,BB_FX,TOTAL,PT,2022,97.3
A,PC_HH,BB_FX,TOTAL,PT,2023,97.6
A,PC_HH,BB_FX,TOTAL,PT,2024,97.4
A,PC_HH,BB_FX,TOTAL,PT,2025,97.5
A,PC_HH,BB_FX,TOTAL,RO,2013,90.0
A,PC_HH,BB_FX,TOTAL,RO,2014,89.4
A,PC_HH,BB_FX,TOTAL,RO,2015,88.8
A,PC_HH,BB_FX,TOTAL,RO,2016,88.6
A,PC_HH,BB_FX,TOTAL,RO,2017,88.2
A,PC_HH,BB_FX,TOTAL,RO,2018,87.1
A,PC_HH,BB_FX,TOTAL,RO,2019,87.3
A,PC_HH,BB_FX,TOTAL,RO,2020,89.5
A,PC_HH,BB_FX,TOTAL,RO,2021,94.1
A,PC_HH,BB_FX,TOTAL,RO,2022,97.8
A,PC_HH,BB_FX,TOTAL,RO,2023,97.8
A,PC_HH,BB_FX,TOTAL,RO,2024,98.0
A,PC_HH,BB_FX,TOTAL,RO,2025,97.9
A,PC_HH,BB_FX,TOTAL,SE,2013,99.0
A,PC_HH,BB_FX,TOTAL,SE,2014,99.0
A,PC_HH,BB_FX,TOTAL,SE,2015,99.0
A,PC_HH,BB_FX,TOTAL,SE,2016,99.0
A,PC_HH,BB_FX,TOTAL,SE,2017,98.5
A,PC_HH,BB_FX,TOTAL,SE,2018,97.4
A,PC_HH,BB_FX,TOTAL,SE,2019,97.4
A,PC_HH,BB_FX,TOTAL,SE,2020,97.7
A,PC_HH,BB_FX,TOTAL,SE,2021,97.6
A,PC_HH,BB_FX,TOTAL,SE,2022,96.7
A,PC_HH,BB_FX,TOTAL,SE,2023,96.4
A,PC_HH,BB_FX,TOTAL,SE,2024,94.2
A,PC_HH,BB_FX,TOTAL,SE,2025,92.3
A,PC_HH,BB_FX,TOTAL,SI,2013,95.2
A,PC_HH,BB_FX,TOTAL,SI,2014,95.4
A,PC_HH,BB_FX,TOTAL,SI,2015,95.5
A,PC_HH,BB_FX,TOTAL,SI,2016,97.7
A,PC_HH,BB_FX,TOTAL,SI,2017,97.8
A,PC_HH,BB_FX,TOTAL,SI,2018,98.1
A,PC_HH,BB_FX,TOTAL,SI,2019,98.8
A,PC_HH,BB_FX,TOTAL,SI,2020,98.9
A,PC_HH,BB_FX,TOTAL,SI,2021,98.9
A,PC_HH,BB_FX,TOTAL,SI,2022,99.0
A,PC_HH,BB_FX,TOTAL,SI,2023,99.1
A,PC_HH,BB_FX,TOTAL,SI,2024,99.0
A,PC_HH,BB_FX,TOTAL,SI,2025,99.2
A,PC_HH,BB_FX,TOTAL,SK,2013,86.5
A,PC_HH,BB_FX,TOTAL,SK,2014,86.8
A,PC_HH,BB_FX,TOTAL,SK,2015,86.3
A,PC_HH,BB_FX,TOTAL,SK,2016,88.0
A,PC_HH,BB_FX,TOTAL,SK,2017,88.3
A,PC_HH,BB_FX,TOTAL,SK,2018,88.6
A,PC_HH,BB_FX,TOTAL,SK,2019,92.8
A,PC_HH,BB_FX,TOTAL,SK,2020,97.4
A,PC_HH,BB_FX,TOTAL,SK,2021,97.4
A,PC_HH,BB_FX,TOTAL,SK,2022,97.4
A,PC_HH,BB_FX,TOTAL,SK,2023,97.4
A,PC_HH,BB_FX,TOTAL,SK,2024,97.5
A,PC_HH,BB_FX,TOTAL,SK,2025,97.4
A,PC_HH,BB_FX,TOTAL,UK,2013,100.0
A,PC_HH,BB_FX,TOTAL,UK,2014,100.0
A,PC_HH,BB_FX,TOTAL,UK,2015,100.0
A,PC_HH,BB_FX,TOTAL,UK,2016,100.0
A,PC_HH,BB_FX,TOTAL,UK,2017,100.0
A,PC_HH,BB_FX,TOTAL,UK,2018,100.0
A,PC_HH,BB_FX,TOTAL,UK,2019,100.0
A,PC_HH,BB_FX,TOTAL,UK,2020,100.0
A,PC_HH,BB_FX,TOTAL,UK,2021,99.8
A,PC_HH,BB_FX,TOTAL,UK,2022,99.9
A,PC_HH,BB_FX,TOTAL,UK,2023,100.0
A,PC_HH,BB_FX,TOTAL,UK,2024,100.0
A,PC_HH,BB_FX,TOTAL,UK,2025,100.0
A,PC_HH,CBL_MM,DEG3,AT,2013,17.2
A,PC_HH,CBL_MM,DEG3,AT,2014,17.3
A,PC_HH,CBL_MM,DEG3,AT,2015,17.4
A,PC_HH,CBL_MM,DEG3,AT,2016,17.9
A,PC_HH,CBL_MM,DEG3,AT,2017,19.9
A,PC_HH,CBL_MM,DEG3,AT,2018,20.4
A,PC_HH,CBL_MM,DEG3,BE,2013,39.8
A,PC_HH,CBL_MM,DEG3,BE,2014,40.4
A,PC_HH,CBL_MM,DEG3,BE,2015,40.3
A,PC_HH,CBL_MM,DEG3,BE,2016,39.1
A,PC_HH,CBL_MM,DEG3,BE,2017,45.2
A,PC_HH,CBL_MM,DEG3,BE,2018,44.2
A,PC_HH,CBL_MM,DEG3,BG,2013,0.7
A,PC_HH,CBL_MM,DEG3,BG,2014,15.1
A,PC_HH,CBL_MM,DEG3,BG,2015,16.2
A,PC_HH,CBL_MM,DEG3,BG,2016,22.2
A,PC_HH,CBL_MM,DEG3,BG,2017,22.8
A,PC_HH,CBL_MM,DEG3,BG,2018,25.8
A,PC_HH,CBL_MM,DEG3,CH,2013,77.5
A,PC_HH,CBL_MM,DEG3,CH,2014,77.6
A,PC_HH,CBL_MM,DEG3,CH,2015,78.0
A,PC_HH,CBL_MM,DEG3,CH,2016,78.2
A,PC_HH,CBL_MM,DEG3,CH,2017,78.2
A,PC_HH,CBL_MM,DEG3,CH,2018,79.7
A,PC_HH,CBL_MM,DEG3,CZ,2013,1.3
A,PC_HH,CBL_MM,DEG3,CZ,2014,1.4
A,PC_HH,CBL_MM,DEG3,CZ,2015,1.5
A,PC_HH,CBL_MM,DEG3,CZ,2016,3.1
A,PC_HH,CBL_MM,DEG3,CZ,2017,3.5
A,PC_HH,CBL_MM,DEG3,CZ,2018,3.4
A,PC_HH,CBL_MM,DEG3,DE,2013,11.5
A,PC_HH,CBL_MM,DEG3,DE,2014,14.0
A,PC_HH,CBL_MM,DEG3,DE,2015,14.8
A,PC_HH,CBL_MM,DEG3,DE,2016,15.2
A,PC_HH,CBL_MM,DEG3,DE,2017,15.2
A,PC_HH,CBL_MM,DEG3,DE,2018,15.5
A,PC_HH,CBL_MM,DEG3,DK,2014,6.5
A,PC_HH,CBL_MM,DEG3,DK,2015,6.0
A,PC_HH,CBL_MM,DEG3,DK,2016,5.1
A,PC_HH,CBL_MM,DEG3,DK,2017,5.6
A,PC_HH,CBL_MM,DEG3,DK,2018,5.2
A,PC_HH,CBL_MM,DEG3,EE,2013,12.4
A,PC_HH,CBL_MM,DEG3,EE,2014,13.8
A,PC_HH,CBL_MM,DEG3,EE,2015,14.5
A,PC_HH,CBL_MM,DEG3,EE,2016,14.8
A,PC_HH,CBL_MM,DEG3,EE,2017,15.2
A,PC_HH,CBL_MM,DEG3,EE,2018,24.5
A,PC_HH,CBL_MM,DEG3,ES,2013,8.8
A,PC_HH,CBL_MM,DEG3,ES,2014,9.8
A,PC_HH,CBL_MM,DEG3,ES,2015,9.8
A,PC_HH,CBL_MM,DEG3,ES,2016,10.6
A,PC_HH,CBL_MM,DEG3,ES,2017,12.6
A,PC_HH,CBL_MM,DEG3,ES,2018,13.1
A,PC_HH,CBL_MM,DEG3,FR,2013,0.6
A,PC_HH,CBL_MM,DEG3,FR,2014,1.2
A,PC_HH,CBL_MM,DEG3,FR,2015,0.7
A,PC_HH,CBL_MM,DEG3,FR,2016,1.2
A,PC_HH,CBL_MM,DEG3,FR,2017,1.1
A,PC_HH,CBL_MM,DEG3,FR,2018,1.3
A,PC_HH,CBL_MM,DEG3,HR,2013,4.6
A,PC_HH,CBL_MM,DEG3,HR,2014,10.2
A,PC_HH,CBL_MM,DEG3,HR,2015,10.2
A,PC_HH,CBL_MM,DEG3,HR,2016,10.5
A,PC_HH,CBL_MM,DEG3,HR,2017,15.1
A,PC_HH,CBL_MM,DEG3,HR,2018,15.2
A,PC_HH,CBL_MM,DEG3,HU,2013,17.5
A,PC_HH,CBL_MM,DEG3,HU,2014,19.2
A,PC_HH,CBL_MM,DEG3,HU,2015,19.8
A,PC_HH,CBL_MM,DEG3,HU,2016,19.9
A,PC_HH,CBL_MM,DEG3,HU,2017,28.9
A,PC_HH,CBL_MM,DEG3,HU,2018,45.3
A,PC_HH,CBL_MM,DEG3,IE,2013,3.2
A,PC_HH,CBL_MM,DEG3,IE,2014,2.9
A,PC_HH,CBL_MM,DEG3,IE,2015,2.9
A,PC_HH,CBL_MM,DEG3,IE,2016,2.9
A,PC_HH,CBL_MM,DEG3,IE,2017,3.6
A,PC_HH,CBL_MM,DEG3,IE,2018,3.6
A,PC_HH,CBL_MM,DEG3,LT,2016,7.5
A,PC_HH,CBL_MM,DEG3,LT,2017,8.5
A,PC_HH,CBL_MM,DEG3,LT,2018,9.5
A,PC_HH,CBL_MM,DEG3,LU,2013,50.2
A,PC_HH,CBL_MM,DEG3,LU,2014,52.8
A,PC_HH,CBL_MM,DEG3,LU,2015,42.1
A,PC_HH,CBL_MM,DEG3,LU,2016,46.3
A,PC_HH,CBL_MM,DEG3,LU,2017,44.5
A,PC_HH,CBL_MM,DEG3,LU,2018,32.6
A,PC_HH,CBL_MM,DEG3,MT,2013,99.5
A,PC_HH,CBL_MM,DEG3,MT,2014,100.0
A,PC_HH,CBL_MM,DEG3,MT,2015,100.0
A,PC_HH,CBL_MM,DEG3,MT,2016,99.9
A,PC_HH,CBL_MM,DEG3,MT,2017,99.9
A,PC_HH,CBL_MM,DEG3,MT,2018,99.9
A,PC_HH,CBL_MM,DEG3,NL,2013,26.3
A,PC_HH,CBL_MM,DEG3,NL,2014,26.3
A,PC_HH,CBL_MM,DEG3,NL,2015,26.3
A,PC_HH,CBL_MM,DEG3,NL,2016,26.3
A,PC_HH,CBL_MM,DEG3,NL,2017,26.3
A,PC_HH,CBL_MM,DEG3,NL,2018,26.3
A,PC_HH,CBL_MM,DEG3,NO,2013,3.2
A,PC_HH,CBL_MM,DEG3,NO,2014,2.9
A,PC_HH,CBL_MM,DEG3,NO,2015,2.6
A,PC_HH,CBL_MM,DEG3,NO,2016,4.0
A,PC_HH,CBL_MM,DEG3,NO,2017,4.5
A,PC_HH,CBL_MM,DEG3,NO,2018,2.6
A,PC_HH,CBL_MM,DEG3,PL,2013,0.4
A,PC_HH,CBL_MM,DEG3,PL,2014,0.8
A,PC_HH,CBL_MM,DEG3,PL,2015,1.2
A,PC_HH,CBL_MM,DEG3,PL,2016,1.3
A,PC_HH,CBL_MM,DEG3,PL,2017,1.4
A,PC_HH,CBL_MM,DEG3,PL,2018,1.6
A,PC_HH,CBL_MM,DEG3,PT,2013,18.5
A,PC_HH,CBL_MM,DEG3,PT,2014,22.4
A,PC_HH,CBL_MM,DEG3,PT,2015,23.8
A,PC_HH,CBL_MM,DEG3,PT,2016,24.6
A,PC_HH,CBL_MM,DEG3,PT,2017,43.1
A,PC_HH,CBL_MM,DEG3,PT,2018,43.2
A,PC_HH,CBL_MM,DEG3,RO,2013,6.2
A,PC_HH,CBL_MM,DEG3,RO,2014,10.4
A,PC_HH,CBL_MM,DEG3,RO,2015,9.3
A,PC_HH,CBL_MM,DEG3,RO,2016,11.7
A,PC_HH,CBL_MM,DEG3,RO,2017,17.0
A,PC_HH,CBL_MM,DEG3,RO,2018,25.4
A,PC_HH,CBL_MM,DEG3,SE,2013,0.0
A,PC_HH,CBL_MM,DEG3,SE,2014,0.1
A,PC_HH,CBL_MM,DEG3,SE,2015,0.1
A,PC_HH,CBL_MM,DEG3,SE,2016,0.6
A,PC_HH,CBL_MM,DEG3,SE,2017,0.3
A,PC_HH,CBL_MM,DEG3,SE,2018,0.3
A,PC_HH,CBL_MM,DEG3,SI,2013,20.7
A,PC_HH,CBL_MM,DEG3,SI,2014,21.4
A,PC_HH,CBL_MM,DEG3,SI,2015,21.4
A,PC_HH,CBL_MM,DEG3,SI,2016,21.5
A,PC_HH,CBL_MM,DEG3,SI,2017,22.1
A,PC_HH,CBL_MM,DEG3,SI,2018,22.5
A,PC_HH,CBL_MM,DEG3,SK,2013,0.4
A,PC_HH,CBL_MM,DEG3,SK,2014,0.4
A,PC_HH,CBL_MM,DEG3,SK,2015,0.6
A,PC_HH,CBL_MM,DEG3,SK,2016,0.8
A,PC_HH,CBL_MM,DEG3,SK,2017,0.9
A,PC_HH,CBL_MM,DEG3,SK,2018,0.8
A,PC_HH,CBL_MM,DEG3,UK,2013,3.3
A,PC_HH,CBL_MM,DEG3,UK,2014,2.4
A,PC_HH,CBL_MM,DEG3,UK,2015,2.4
A,PC_HH,CBL_MM,DEG3,UK,2016,2.3
A,PC_HH,CBL_MM,DEG3,UK,2017,2.2
A,PC_HH,CBL_MM,DEG3,UK,2018,3.1
A,PC_HH,CBL_MM,TOTAL,AT,2013,39.1
A,PC_HH,CBL_MM,TOTAL,AT,2014,39.1
A,PC_HH,CBL_MM,TOTAL,AT,2015,40.6
A,PC_HH,CBL_MM,TOTAL,AT,2016,47.4
A,PC_HH,CBL_MM,TOTAL,AT,2017,52.8
A,PC_HH,CBL_MM,TOTAL,AT,2018,53.8
A,PC_HH,CBL_MM,TOTAL,BE,2013,92.2
A,PC_HH,CBL_MM,TOTAL,BE,2014,93.0
A,PC_HH,CBL_MM,TOTAL,BE,2015,93.7
A,PC_HH,CBL_MM,TOTAL,BE,2016,93.8
A,PC_HH,CBL_MM,TOTAL,BE,2017,93.9
A,PC_HH,CBL_MM,TOTAL,BE,2018,94.8
A,PC_HH,CBL_MM,TOTAL,BG,2013,62.5
A,PC_HH,CBL_MM,TOTAL,BG,2014,64.5
A,PC_HH,CBL_MM,TOTAL,BG,2015,64.9
A,PC_HH,CBL_MM,TOTAL,BG,2016,65.9
A,PC_HH,CBL_MM,TOTAL,BG,2017,66.6
A,PC_HH,CBL_MM,TOTAL,BG,2018,66.6
A,PC_HH,CBL_MM,TOTAL,CH,2013,83.7
A,PC_HH,CBL_MM,TOTAL,CH,2014,83.9
A,PC_HH,CBL_MM,TOTAL,CH,2015,84.1
A,PC_HH,CBL_MM,TOTAL,CH,2016,84.3
A,PC_HH,CBL_MM,TOTAL,CH,2017,84.3
A,PC_HH,CBL_MM,TOTAL,CH,2018,84.3
A,PC_HH,CBL_MM,TOTAL,CY,2013,39.8
A,PC_HH,CBL_MM,TOTAL,CY,2014,43.8
A,PC_HH,CBL_MM,TOTAL,CY,2015,44.2
A,PC_HH,CBL_MM,TOTAL,CY,2016,44.8
A,PC_HH,CBL_MM,TOTAL,CY,2017,45.0
A,PC_HH,CBL_MM,TOTAL,CY,2018,52.7
A,PC_HH,CBL_MM,TOTAL,CZ,2013,33.0
A,PC_HH,CBL_MM,TOTAL,CZ,2014,33.4
A,PC_HH,CBL_MM,TOTAL,CZ,2015,33.7
A,PC_HH,CBL_MM,TOTAL,CZ,2016,38.3
A,PC_HH,CBL_MM,TOTAL,CZ,2017,39.2
A,PC_HH,CBL_MM,TOTAL,CZ,2018,41.6
A,PC_HH,CBL_MM,TOTAL,DE,2013,59.5
A,PC_HH,CBL_MM,TOTAL,DE,2014,61.2
A,PC_HH,CBL_MM,TOTAL,DE,2015,63.2
A,PC_HH,CBL_MM,TOTAL,DE,2016,63.7
A,PC_HH,CBL_MM,TOTAL,DE,2017,63.8
A,PC_HH,CBL_MM,TOTAL,DE,2018,64.1
A,PC_HH,CBL_MM,TOTAL,DK,2013,63.6
A,PC_HH,CBL_MM,TOTAL,DK,2014,64.0
A,PC_HH,CBL_MM,TOTAL,DK,2015,65.0
A,PC_HH,CBL_MM,TOTAL,DK,2016,68.1
A,PC_HH,CBL_MM,TOTAL,DK,2017,68.8
A,PC_HH,CBL_MM,TOTAL,DK,2018,68.4
A,PC_HH,CBL_MM,TOTAL,EE,2013,42.9
A,PC_HH,CBL_MM,TOTAL,EE,2014,51.7
A,PC_HH,CBL_MM,TOTAL,EE,2015,54.0
A,PC_HH,CBL_MM,TOTAL,EE,2016,54.4
A,PC_HH,CBL_MM,TOTAL,EE,2017,56.1
A,PC_HH,CBL_MM,TOTAL,EE,2018,70.8
A,PC_HH,CBL_MM,TOTAL,ES,2013,48.5
A,PC_HH,CBL_MM,TOTAL,ES,2014,47.8
A,PC_HH,CBL_MM,TOTAL,ES,2015,47.8
A,PC_HH,CBL_MM,TOTAL,ES,2016,48.8
A,PC_HH,CBL_MM,TOTAL,ES,2017,48.8
A,PC_HH,CBL_MM,TOTAL,ES,2018,48.9
A,PC_HH,CBL_MM,TOTAL,FI,2013,42.5
A,PC_HH,CBL_MM,TOTAL,FI,2014,44.4
A,PC_HH,CBL_MM,TOTAL,FI,2015,44.4
A,PC_HH,CBL_MM,TOTAL,FI,2016,37.8
A,PC_HH,CBL_MM,TOTAL,FI,2017,36.2
A,PC_HH,CBL_MM,TOTAL,FI,2018,34.1
A,PC_HH,CBL_MM,TOTAL,FR,2013,30.3
A,PC_HH,CBL_MM,TOTAL,FR,2014,29.2
A,PC_HH,CBL_MM,TOTAL,FR,2015,29.5
A,PC_HH,CBL_MM,TOTAL,FR,2016,27.9
A,PC_HH,CBL_MM,TOTAL,FR,2017,27.8
A,PC_HH,CBL_MM,TOTAL,FR,2018,28.6
A,PC_HH,CBL_MM,TOTAL,HR,2013,20.8
A,PC_HH,CBL_MM,TOTAL,HR,2014,23.2
A,PC_HH,CBL_MM,TOTAL,HR,2015,24.9
A,PC_HH,CBL_MM,TOTAL,HR,2016,26.9
A,PC_HH,CBL_MM,TOTAL,HR,2017,28.3
A,PC_HH,CBL_MM,TOTAL,HR,2018,32.3
A,PC_HH,CBL_MM,TOTAL,HU,2013,63.5
A,PC_HH,CBL_MM,TOTAL,HU,2014,64.3
A,PC_HH,CBL_MM,TOTAL,HU,2015,66.1
A,PC_HH,CBL_MM,TOTAL,HU,2016,68.0
A,PC_HH,CBL_MM,TOTAL,HU,2017,72.2
A,PC_HH,CBL_MM,TOTAL,HU,2018,76.3
A,PC_HH,CBL_MM,TOTAL,IE,2013,38.6
A,PC_HH,CBL_MM,TOTAL,IE,2014,38.6
A,PC_HH,CBL_MM,TOTAL,IE,2015,38.8
A,PC_HH,CBL_MM,TOTAL,IE,2016,39.4
A,PC_HH,CBL_MM,TOTAL,IE,2017,42.2
A,PC_HH,CBL_MM,TOTAL,IE,2018,42.3
A,PC_HH,CBL_MM,TOTAL,LT,2013,53.3
A,PC_HH,CBL_MM,TOTAL,LT,2014,53.4
A,PC_HH,CBL_MM,TOTAL,LT,2015,29.9
A,PC_HH,CBL_MM,TOTAL,LT,2016,33.2
A,PC_HH,CBL_MM,TOTAL,LT,2017,33.3
A,PC_HH,CBL_MM,TOTAL,LT,2018,34.4
A,PC_HH,CBL_MM,TOTAL,LU,2013,68.2
A,PC_HH,CBL_MM,TOTAL,LU,2014,70.5
A,PC_HH,CBL_MM,TOTAL,LU,2015,80.5
A,PC_HH,CBL_MM,TOTAL,LU,2016,78.6
A,PC_HH,CBL_MM,TOTAL,LU,2017,77.9
A,PC_HH,CBL_MM,TOTAL,LU,2018,84.0
A,PC_HH,CBL_MM,TOTAL,LV,2013,34.0
A,PC_HH,CBL_MM,TOTAL,LV,2014,34.3
A,PC_HH,CBL_MM,TOTAL,LV,2015,34.5
A,PC_HH,CBL_MM,TOTAL,LV,2016,32.1
A,PC_HH,CBL_MM,TOTAL,LV,2017,34.9
A,PC_HH,CBL_MM,TOTAL,LV,2018,32.4
A,PC_HH,CBL_MM,TOTAL,MT,2013,100.0
A,PC_HH,CBL_MM,TOTAL,MT,2014,100.0
A,PC_HH,CBL_MM,TOTAL,MT,2015,100.0
A,PC_HH,CBL_MM,TOTAL,MT,2016,99.9
A,PC_HH,CBL_MM,TOTAL,MT,2017,99.9
A,PC_HH,CBL_MM,TOTAL,MT,2018,99.9
A,PC_HH,CBL_MM,TOTAL,NL,2013,95.8
A,PC_HH,CBL_MM,TOTAL,NL,2014,96.8
A,PC_HH,CBL_MM,TOTAL,NL,2015,95.2
A,PC_HH,CBL_MM,TOTAL,NL,2016,95.1
A,PC_HH,CBL_MM,TOTAL,NL,2017,95.1
A,PC_HH,CBL_MM,TOTAL,NL,2018,95.1
A,PC_HH,CBL_MM,TOTAL,NO,2013,49.0
A,PC_HH,CBL_MM,TOTAL,NO,2014,49.5
A,PC_HH,CBL_MM,TOTAL,NO,2015,50.6
A,PC_HH,CBL_MM,TOTAL,NO,2016,52.5
A,PC_HH,CBL_MM,TOTAL,NO,2017,51.3
A,PC_HH,CBL_MM,TOTAL,NO,2018,49.0
A,PC_HH,CBL_MM,TOTAL,PL,2013,38.1
A,PC_HH,CBL_MM,TOTAL,PL,2014,38.9
A,PC_HH,CBL_MM,TOTAL,PL,2015,39.5
A,PC_HH,CBL_MM,TOTAL,PL,2016,40.2
A,PC_HH,CBL_MM,TOTAL,PL,2017,40.4
A,PC_HH,CBL_MM,TOTAL,PL,2018,41.1
A,PC_HH,CBL_MM,TOTAL,PT,2013,53.8
A,PC_HH,CBL_MM,TOTAL,PT,2014,54.9
A,PC_HH,CBL_MM,TOTAL,PT,2015,55.6
A,PC_HH,CBL_MM,TOTAL,PT,2016,56.0
A,PC_HH,CBL_MM,TOTAL,PT,2017,56.2
A,PC_HH,CBL_MM,TOTAL,PT,2018,56.3
A,PC_HH,CBL_MM,TOTAL,RO,2013,28.8
A,PC_HH,CBL_MM,TOTAL,RO,2014,32.7
A,PC_HH,CBL_MM,TOTAL,RO,2015,30.9
A,PC_HH,CBL_MM,TOTAL,RO,2016,32.3
A,PC_HH,CBL_MM,TOTAL,RO,2017,40.3
A,PC_HH,CBL_MM,TOTAL,RO,2018,43.4
A,PC_HH,CBL_MM,TOTAL,SE,2013,39.3
A,PC_HH,CBL_MM,TOTAL,SE,2014,38.8
A,PC_HH,CBL_MM,TOTAL,SE,2015,38.8
A,PC_HH,CBL_MM,TOTAL,SE,2016,37.9
A,PC_HH,CBL_MM,TOTAL,SE,2017,38.5
A,PC_HH,CBL_MM,TOTAL,SE,2018,37.5
A,PC_HH,CBL_MM,TOTAL,SI,2013,56.3
A,PC_HH,CBL_MM,TOTAL,SI,2014,58.3
A,PC_HH,CBL_MM,TOTAL,SI,2015,58.4
A,PC_HH,CBL_MM,TOTAL,SI,2016,58.6
A,PC_HH,CBL_MM,TOTAL,SI,2017,60.3
A,PC_HH,CBL_MM,TOTAL,SI,2018,62.6
A,PC_HH,CBL_MM,TOTAL,SK,2013,27.7
A,PC_HH,CBL_MM,TOTAL,SK,2014,28.4
A,PC_HH,CBL_MM,TOTAL,SK,2015,28.8
A,PC_HH,CBL_MM,TOTAL,SK,2016,30.4
A,PC_HH,CBL_MM,TOTAL,SK,2017,30.2
A,PC_HH,CBL_MM,TOTAL,SK,2018,30.0
A,PC_HH,CBL_MM,TOTAL,UK,2013,47.1
A,PC_HH,CBL_MM,TOTAL,UK,2014,46.8
A,PC_HH,CBL_MM,TOTAL,UK,2015,46.9
A,PC_HH,CBL_MM,TOTAL,UK,2016,46.0
A,PC_HH,CBL_MM,TOTAL,UK,2017,46.4
A,PC_HH,CBL_MM,TOTAL,UK,2018,50.1
A,PC_HH,DOCSIS3_0,DEG3,AT,2013,17.2
A,PC_HH,DOCSIS3_0,DEG3,AT,2014,17.3
A,PC_HH,DOCSIS3_0,DEG3,AT,2015,17.4
A,PC_HH,DOCSIS3_0,DEG3,AT,2016,17.9
A,PC_HH,DOCSIS3_0,DEG3,AT,2017,19.9
A,PC_HH,DOCSIS3_0,DEG3,AT,2018,19.9
A,PC_HH,DOCSIS3_0,DEG3,AT,2019,20.4
A,PC_HH,DOCSIS3_0,DEG3,AT,2020,21.2
A,PC_HH,DOCSIS3_0,DEG3,AT,2021,12.6
A,PC_HH,DOCSIS3_0,DEG3,AT,2022,12.8
A,PC_HH,DOCSIS3_0,DEG3,AT,2023,13.1
A,PC_HH,DOCSIS3_0,DEG3,AT,2024,13.0
A,PC_HH,DOCSIS3_0,DEG3,AT,2025,7.9
A,PC_HH,DOCSIS3_0,DEG3,BE,2013,39.8
A,PC_HH,DOCSIS3_0,DEG3,BE,2014,40.4
A,PC_HH,DOCSIS3_0,DEG3,BE,2015,40.3
A,PC_HH,DOCSIS3_0,DEG3,BE,2016,43.1
A,PC_HH,DOCSIS3_0,DEG3,BE,2017,45.2
A,PC_HH,DOCSIS3_0,DEG3,BE,2018,45.5
A,PC_HH,DOCSIS3_0,DEG3,BE,2019,48.3
A,PC_HH,DOCSIS3_0,DEG3,BE,2020,48.5
A,PC_HH,DOCSIS3_0,DEG3,BE,2021,54.6
A,PC_HH,DOCSIS3_0,DEG3,BE,2022,70.2
A,PC_HH,DOCSIS3_0,DEG3,BE,2023,76.8
A,PC_HH,DOCSIS3_0,DEG3,BE,2024,81.6
A,PC_HH,DOCSIS3_0,DEG3,BE,2025,85.9
A,PC_HH,DOCSIS3_0,DEG3,BG,2013,0.7
A,PC_HH,DOCSIS3_0,DEG3,BG,2014,15.1
A,PC_HH,DOCSIS3_0,DEG3,BG,2015,16.2
A,PC_HH,DOCSIS3_0,DEG3,BG,2016,22.1
A,PC_HH,DOCSIS3_0,DEG3,BG,2017,22.6
A,PC_HH,DOCSIS3_0,DEG3,BG,2018,25.3
A,PC_HH,DOCSIS3_0,DEG3,BG,2019,25.5
A,PC_HH,DOCSIS3_0,DEG3,BG,2020,26.0
A,PC_HH,DOCSIS3_0,DEG3,BG,2021,26.5
A,PC_HH,DOCSIS3_0,DEG3,BG,2022,27.6
A,PC_HH,DOCSIS3_0,DEG3,BG,2023,28.3
A,PC_HH,DOCSIS3_0,DEG3,BG,2024,28.8
A,PC_HH,DOCSIS3_0,DEG3,BG,2025,28.8
A,PC_HH,DOCSIS3_0,DEG3,CH,2013,75.8
A,PC_HH,DOCSIS3_0,DEG3,CH,2014,77.6
A,PC_HH,DOCSIS3_0,DEG3,CH,2015,78.0
A,PC_HH,DOCSIS3_0,DEG3,CH,2016,78.2
A,PC_HH,DOCSIS3_0,DEG3,CH,2017,78.2
A,PC_HH,DOCSIS3_0,DEG3,CH,2018,79.7
A,PC_HH,DOCSIS3_0,DEG3,CH,2019,79.8
A,PC_HH,DOCSIS3_0,DEG3,CH,2020,79.6
A,PC_HH,DOCSIS3_0,DEG3,CH,2021,82.2
A,PC_HH,DOCSIS3_0,DEG3,CH,2022,83.3
A,PC_HH,DOCSIS3_0,DEG3,CH,2023,83.3
A,PC_HH,DOCSIS3_0,DEG3,CH,2024,74.9
A,PC_HH,DOCSIS3_0,DEG3,CH,2025,77.1
A,PC_HH,DOCSIS3_0,DEG3,CZ,2013,0.5
A,PC_HH,DOCSIS3_0,DEG3,CZ,2014,0.6
A,PC_HH,DOCSIS3_0,DEG3,CZ,2015,0.7
A,PC_HH,DOCSIS3_0,DEG3,CZ,2016,2.0
A,PC_HH,DOCSIS3_0,DEG3,CZ,2017,2.4
A,PC_HH,DOCSIS3_0,DEG3,CZ,2018,3.2
A,PC_HH,DOCSIS3_0,DEG3,CZ,2019,3.4
A,PC_HH,DOCSIS3_0,DEG3,CZ,2020,3.5
A,PC_HH,DOCSIS3_0,DEG3,CZ,2021,3.6
A,PC_HH,DOCSIS3_0,DEG3,CZ,2022,3.8
A,PC_HH,DOCSIS3_0,DEG3,CZ,2023,2.0
A,PC_HH,DOCSIS3_0,DEG3,CZ,2024,2.0
A,PC_HH,DOCSIS3_0,DEG3,CZ,2025,2.5
A,PC_HH,DOCSIS3_0,DEG3,DE,2013,8.7
A,PC_HH,DOCSIS3_0,DEG3,DE,2014,13.4
A,PC_HH,DOCSIS3_0,DEG3,DE,2015,14.4
A,PC_HH,DOCSIS3_0,DEG3,DE,2016,14.9
A,PC_HH,DOCSIS3_0,DEG3,DE,2017,15.0
A,PC_HH,DOCSIS3_0,DEG3,DE,2018,15.2
A,PC_HH,DOCSIS3_0,DEG3,DE,2019,16.9
A,PC_HH,DOCSIS3_0,DEG3,DE,2020,16.9
A,PC_HH,DOCSIS3_0,DEG3,DE,2021,17.5
A,PC_HH,DOCSIS3_0,DEG3,DE,2022,15.3
A,PC_HH,DOCSIS3_0,DEG3,DE,2023,16.0
A,PC_HH,DOCSIS3_0,DEG3,DE,2024,16.4
A,PC_HH,DOCSIS3_0,DEG3,DE,2025,20.4
A,PC_HH,DOCSIS3_0,DEG3,DK,2014,6.5
A,PC_HH,DOCSIS3_0,DEG3,DK,2015,6.0
A,PC_HH,DOCSIS3_0,DEG3,DK,2016,5.1
A,PC_HH,DOCSIS3_0,DEG3,DK,2017,5.6
A,PC_HH,DOCSIS3_0,DEG3,DK,2018,5.2
A,PC_HH,DOCSIS3_0,DEG3,DK,2019,5.9
A,PC_HH,DOCSIS3_0,DEG3,DK,2020,5.6
A,PC_HH,DOCSIS3_0,DEG3,DK,2021,5.3
A,PC_HH,DOCSIS3_0,DEG3,DK,2022,5.3
A,PC_HH,DOCSIS3_0,DEG3,DK,2023,5.1
A,PC_HH,DOCSIS3_0,DEG3,DK,2024,4.5
A,PC_HH,DOCSIS3_0,DEG3,DK,2025,4.9
A,PC_HH,DOCSIS3_0,DEG3,EE,2014,11.0
A,PC_HH,DOCSIS3_0,DEG3,EE,2015,11.6
A,PC_HH,DOCSIS3_0,DEG3,EE,2016,11.8
A,PC_HH,DOCSIS3_0,DEG3,EE,2017,12.7
A,PC_HH,DOCSIS3_0,DEG3,EE,2018,23.3
A,PC_HH,DOCSIS3_0,DEG3,EE,2019,23.4
A,PC_HH,DOCSIS3_0,DEG3,EE,2020,23.6
A,PC_HH,DOCSIS3_0,DEG3,EE,2021,23.6
A,PC_HH,DOCSIS3_0,DEG3,EE,2022,30.7
A,PC_HH,DOCSIS3_0,DEG3,EE,2023,46.9
A,PC_HH,DOCSIS3_0,DEG3,EE,2024,29.2
A,PC_HH,DOCSIS3_0,DEG3,EE,2025,29.2
A,PC_HH,DOCSIS3_0,DEG3,ES,2013,8.8
A,PC_HH,DOCSIS3_0,DEG3,ES,2014,9.8
A,PC_HH,DOCSIS3_0,DEG3,ES,2015,9.8
A,PC_HH,DOCSIS3_0,DEG3,ES,2016,10.6
A,PC_HH,DOCSIS3_0,DEG3,ES,2017,12.6
A,PC_HH,DOCSIS3_0,DEG3,ES,2018,13.1
A,PC_HH,DOCSIS3_0,DEG3,ES,2019,11.2
A,PC_HH,DOCSIS3_0,DEG3,ES,2020,10.8
A,PC_HH,DOCSIS3_0,DEG3,ES,2021,6.2
A,PC_HH,DOCSIS3_0,DEG3,ES,2022,4.6
A,PC_HH,DOCSIS3_0,DEG3,ES,2023,4.8
A,PC_HH,DOCSIS3_0,DEG3,ES,2024,3.8
A,PC_HH,DOCSIS3_0,DEG3,ES,2025,3.7
A,PC_HH,DOCSIS3_0,DEG3,FR,2013,0.6
A,PC_HH,DOCSIS3_0,DEG3,FR,2014,1.2
A,PC_HH,DOCSIS3_0,DEG3,FR,2015,0.7
A,PC_HH,DOCSIS3_0,DEG3,FR,2016,1.2
A,PC_HH,DOCSIS3_0,DEG3,FR,2017,1.1
A,PC_HH,DOCSIS3_0,DEG3,FR,2018,1.3
A,PC_HH,DOCSIS3_0,DEG3,FR,2019,0.7
A,PC_HH,DOCSIS3_0,DEG3,FR,2020,0.7
A,PC_HH,DOCSIS3_0,DEG3,FR,2021,0.3
A,PC_HH,DOCSIS3_0,DEG3,FR,2022,0.3
A,PC_HH,DOCSIS3_0,DEG3,FR,2023,0.2
A,PC_HH,DOCSIS3_0,DEG3,FR,2024,0.2
A,PC_HH,DOCSIS3_0,DEG3,FR,2025,0.2
A,PC_HH,DOCSIS3_0,DEG3,HR,2014,9.7
A,PC_HH,DOCSIS3_0,DEG3,HR,2015,9.8
A,PC_HH,DOCSIS3_0,DEG3,HR,2016,9.8
A,PC_HH,DOCSIS3_0,DEG3,HR,2017,15.1
A,PC_HH,DOCSIS3_0,DEG3,HR,2018,15.2
A,PC_HH,DOCSIS3_0,DEG3,HR,2019,15.6
A,PC_HH,DOCSIS3_0,DEG3,HR,2020,14.7
A,PC_HH,DOCSIS3_0,DEG3,HR,2021,13.3
A,PC_HH,DOCSIS3_0,DEG3,HR,2022,11.9
A,PC_HH,DOCSIS3_0,DEG3,HR,2023,1.0
A,PC_HH,DOCSIS3_0,DEG3,HR,2024,1.0
A,PC_HH,DOCSIS3_0,DEG3,HR,2025,1.1
A,PC_HH,DOCSIS3_0,DEG3,HU,2013,15.9
A,PC_HH,DOCSIS3_0,DEG3,HU,2014,17.4
A,PC_HH,DOCSIS3_0,DEG3,HU,2015,18.2
A,PC_HH,DOCSIS3_0,DEG3,HU,2016,18.2
A,PC_HH,DOCSIS3_0,DEG3,HU,2017,25.3
A,PC_HH,DOCSIS3_0,DEG3,HU,2018,37.8
A,PC_HH,DOCSIS3_0,DEG3,HU,2019,47.1
A,PC_HH,DOCSIS3_0,DEG3,HU,2020,53.3
A,PC_HH,DOCSIS3_0,DEG3,HU,2021,57.7
A,PC_HH,DOCSIS3_0,DEG3,HU,2022,63.6
A,PC_HH,DOCSIS3_0,DEG3,HU,2023,63.7
A,PC_HH,DOCSIS3_0,DEG3,HU,2024,63.2
A,PC_HH,DOCSIS3_0,DEG3,HU,2025,62.4
A,PC_HH,DOCSIS3_0,DEG3,IE,2013,0.2
A,PC_HH,DOCSIS3_0,DEG3,IE,2014,0.2
A,PC_HH,DOCSIS3_0,DEG3,IE,2015,0.2
A,PC_HH,DOCSIS3_0,DEG3,IE,2016,0.2
A,PC_HH,DOCSIS3_0,DEG3,IE,2017,0.2
A,PC_HH,DOCSIS3_0,DEG3,IE,2018,0.2
A,PC_HH,DOCSIS3_0,DEG3,IE,2019,0.2
A,PC_HH,DOCSIS3_0,DEG3,IE,2020,0.2
A,PC_HH,DOCSIS3_0,DEG3,IE,2021,0.3
A,PC_HH,DOCSIS3_0,DEG3,IE,2022,0.3
A,PC_HH,DOCSIS3_0,DEG3,IE,2023,0.3
A,PC_HH,DOCSIS3_0,DEG3,IE,2024,0.3
A,PC_HH,DOCSIS3_0,DEG3,IE,2025,0.2
A,PC_HH,DOCSIS3_0,DEG3,IS,2021,1.0
A,PC_HH,DOCSIS3_0,DEG3,IS,2022,0.9
A,PC_HH,DOCSIS3_0,DEG3,IS,2023,0.9
A,PC_HH,DOCSIS3_0,DEG3,LT,2016,0.1
A,PC_HH,DOCSIS3_0,DEG3,LT,2017,0.2
A,PC_HH,DOCSIS3_0,DEG3,LT,2018,0.3
A,PC_HH,DOCSIS3_0,DEG3,LT,2019,0.4
A,PC_HH,DOCSIS3_0,DEG3,LT,2020,0.4
A,PC_HH,DOCSIS3_0,DEG3,LT,2021,0.5
A,PC_HH,DOCSIS3_0,DEG3,LT,2022,0.5
A,PC_HH,DOCSIS3_0,DEG3,LT,2023,0.5
A,PC_HH,DOCSIS3_0,DEG3,LT,2024,0.4
A,PC_HH,DOCSIS3_0,DEG3,LT,2025,0.4
A,PC_HH,DOCSIS3_0,DEG3,LU,2018,32.6
A,PC_HH,DOCSIS3_0,DEG3,LU,2019,33.0
A,PC_HH,DOCSIS3_0,DEG3,LU,2020,62.9
A,PC_HH,DOCSIS3_0,DEG3,LU,2021,60.1
A,PC_HH,DOCSIS3_0,DEG3,LU,2022,57.3
A,PC_HH,DOCSIS3_0,DEG3,LU,2023,55.9
A,PC_HH,DOCSIS3_0,DEG3,LU,2024,55.2
A,PC_HH,DOCSIS3_0,DEG3,LU,2025,51.1
A,PC_HH,DOCSIS3_0,DEG3,MT,2013,99.5
A,PC_HH,DOCSIS3_0,DEG3,MT,2014,100.0
A,PC_HH,DOCSIS3_0,DEG3,MT,2015,99.9
A,PC_HH,DOCSIS3_0,DEG3,MT,2016,99.9
A,PC_HH,DOCSIS3_0,DEG3,MT,2017,99.9
A,PC_HH,DOCSIS3_0,DEG3,MT,2018,99.9
A,PC_HH,DOCSIS3_0,DEG3,MT,2019,100.0
A,PC_HH,DOCSIS3_0,DEG3,MT,2020,100.0
A,PC_HH,DOCSIS3_0,DEG3,MT,2021,100.0
A,PC_HH,DOCSIS3_0,DEG3,MT,2022,100.0
A,PC_HH,DOCSIS3_0,DEG3,MT,2023,100.0
A,PC_HH,DOCSIS3_0,DEG3,MT,2024,100.0
A,PC_HH,DOCSIS3_0,DEG3,MT,2025,100.0
A,PC_HH,DOCSIS3_0,DEG3,NL,2013,26.3
A,PC_HH,DOCSIS3_0,DEG3,NL,2014,26.3
A,PC_HH,DOCSIS3_0,DEG3,NL,2015,26.3
A,PC_HH,DOCSIS3_0,DEG3,NL,2016,26.3
A,PC_HH,DOCSIS3_0,DEG3,NL,2017,26.3
A,PC_HH,DOCSIS3_0,DEG3,NL,2018,26.3
A,PC_HH,DOCSIS3_0,DEG3,NL,2019,28.5
A,PC_HH,DOCSIS3_0,DEG3,NL,2020,28.5
A,PC_HH,DOCSIS3_0,DEG3,NL,2021,28.5
A,PC_HH,DOCSIS3_0,DEG3,NL,2022,28.5
A,PC_HH,DOCSIS3_0,DEG3,NL,2023,26.9
A,PC_HH,DOCSIS3_0,DEG3,NL,2024,27.8
A,PC_HH,DOCSIS3_0,DEG3,NL,2025,26.9
A,PC_HH,DOCSIS3_0,DEG3,NO,2013,2.0
A,PC_HH,DOCSIS3_0,DEG3,NO,2014,2.9
A,PC_HH,DOCSIS3_0,DEG3,NO,2015,2.4
A,PC_HH,DOCSIS3_0,DEG3,NO,2016,4.0
A,PC_HH,DOCSIS3_0,DEG3,NO,2017,4.5
A,PC_HH,DOCSIS3_0,DEG3,NO,2018,2.6
A,PC_HH,DOCSIS3_0,DEG3,NO,2019,2.9
A,PC_HH,DOCSIS3_0,DEG3,NO,2020,1.5
A,PC_HH,DOCSIS3_0,DEG3,NO,2021,1.7
A,PC_HH,DOCSIS3_0,DEG3,NO,2022,1.1
A,PC_HH,DOCSIS3_0,DEG3,NO,2023,1.2
A,PC_HH,DOCSIS3_0,DEG3,NO,2024,1.2
A,PC_HH,DOCSIS3_0,DEG3,NO,2025,0.7
A,PC_HH,DOCSIS3_0,DEG3,PL,2013,0.6
A,PC_HH,DOCSIS3_0,DEG3,PL,2014,0.8
A,PC_HH,DOCSIS3_0,DEG3,PL,2015,1.1
A,PC_HH,DOCSIS3_0,DEG3,PL,2016,1.2
A,PC_HH,DOCSIS3_0,DEG3,PL,2017,1.4
A,PC_HH,DOCSIS3_0,DEG3,PL,2018,1.5
A,PC_HH,DOCSIS3_0,DEG3,PL,2019,1.5
A,PC_HH,DOCSIS3_0,DEG3,PL,2020,1.5
A,PC_HH,DOCSIS3_0,DEG3,PL,2021,1.6
A,PC_HH,DOCSIS3_0,DEG3,PL,2022,1.6
A,PC_HH,DOCSIS3_0,DEG3,PL,2023,1.7
A,PC_HH,DOCSIS3_0,DEG3,PL,2024,1.7
A,PC_HH,DOCSIS3_0,DEG3,PL,2025,1.6
A,PC_HH,DOCSIS3_0,DEG3,PT,2013,18.5
A,PC_HH,DOCSIS3_0,DEG3,PT,2014,22.4
A,PC_HH,DOCSIS3_0,DEG3,PT,2015,23.8
A,PC_HH,DOCSIS3_0,DEG3,PT,2016,24.6
A,PC_HH,DOCSIS3_0,DEG3,PT,2017,43.1
A,PC_HH,DOCSIS3_0,DEG3,PT,2018,43.2
A,PC_HH,DOCSIS3_0,DEG3,PT,2019,43.5
A,PC_HH,DOCSIS3_0,DEG3,PT,2020,43.5
A,PC_HH,DOCSIS3_0,DEG3,PT,2021,43.3
A,PC_HH,DOCSIS3_0,DEG3,PT,2022,35.3
A,PC_HH,DOCSIS3_0,DEG3,PT,2023,35.3
A,PC_HH,DOCSIS3_0,DEG3,PT,2024,35.2
A,PC_HH,DOCSIS3_0,DEG3,PT,2025,39.0
A,PC_HH,DOCSIS3_0,DEG3,RO,2013,4.4
A,PC_HH,DOCSIS3_0,DEG3,RO,2014,7.4
A,PC_HH,DOCSIS3_0,DEG3,RO,2015,7.3
A,PC_HH,DOCSIS3_0,DEG3,RO,2016,9.7
A,PC_HH,DOCSIS3_0,DEG3,RO,2017,13.8
A,PC_HH,DOCSIS3_0,DEG3,RO,2018,16.1
A,PC_HH,DOCSIS3_0,DEG3,RO,2019,24.9
A,PC_HH,DOCSIS3_0,DEG3,RO,2020,23.4
A,PC_HH,DOCSIS3_0,DEG3,RO,2021,24.5
A,PC_HH,DOCSIS3_0,DEG3,RO,2022,17.8
A,PC_HH,DOCSIS3_0,DEG3,RO,2023,14.3
A,PC_HH,DOCSIS3_0,DEG3,RO,2024,14.3
A,PC_HH,DOCSIS3_0,DEG3,RO,2025,14.3
A,PC_HH,DOCSIS3_0,DEG3,SE,2013,0.0
A,PC_HH,DOCSIS3_0,DEG3,SE,2014,0.0
A,PC_HH,DOCSIS3_0,DEG3,SE,2015,0.0
A,PC_HH,DOCSIS3_0,DEG3,SE,2016,0.6
A,PC_HH,DOCSIS3_0,DEG3,SE,2017,0.3
A,PC_HH,DOCSIS3_0,DEG3,SE,2018,0.3
A,PC_HH,DOCSIS3_0,DEG3,SE,2019,0.3
A,PC_HH,DOCSIS3_0,DEG3,SE,2020,0.3
A,PC_HH,DOCSIS3_0,DEG3,SE,2021,0.3
A,PC_HH,DOCSIS3_0,DEG3,SE,2022,0.3
A,PC_HH,DOCSIS3_0,DEG3,SE,2023,0.3
A,PC_HH,DOCSIS3_0,DEG3,SE,2024,0.1
A,PC_HH,DOCSIS3_0,DEG3,SE,2025,0.1
A,PC_HH,DOCSIS3_0,DEG3,SI,2013,14.7
A,PC_HH,DOCSIS3_0,DEG3,SI,2014,17.9
A,PC_HH,DOCSIS3_0,DEG3,SI,2015,18.3
A,PC_HH,DOCSIS3_0,DEG3,SI,2016,18.8
A,PC_HH,DOCSIS3_0,DEG3,SI,2017,20.6
A,PC_HH,DOCSIS3_0,DEG3,SI,2018,21.1
A,PC_HH,DOCSIS3_0,DEG3,SI,2019,19.7
A,PC_HH,DOCSIS3_0,DEG3,SI,2020,19.8
A,PC_HH,DOCSIS3_0,DEG3,SI,2021,19.3
A,PC_HH,DOCSIS3_0,DEG3,SI,2022,20.1
A,PC_HH,DOCSIS3_0,DEG3,SI,2023,19.0
A,PC_HH,DOCSIS3_0,DEG3,SI,2024,19.1
A,PC_HH,DOCSIS3_0,DEG3,SI,2025,19.0
A,PC_HH,DOCSIS3_0,DEG3,SK,2013,0.0
A,PC_HH,DOCSIS3_0,DEG3,SK,2014,0.0
A,PC_HH,DOCSIS3_0,DEG3,SK,2015,0.0
A,PC_HH,DOCSIS3_0,DEG3,SK,2016,0.4
A,PC_HH,DOCSIS3_0,DEG3,SK,2017,0.3
A,PC_HH,DOCSIS3_0,DEG3,SK,2018,0.5
A,PC_HH,DOCSIS3_0,DEG3,SK,2019,1.2
A,PC_HH,DOCSIS3_0,DEG3,SK,2020,1.7
A,PC_HH,DOCSIS3_0,DEG3,SK,2021,2.6
A,PC_HH,DOCSIS3_0,DEG3,SK,2022,2.9
A,PC_HH,DOCSIS3_0,DEG3,SK,2023,4.0
A,PC_HH,DOCSIS3_0,DEG3,SK,2024,1.8
A,PC_HH,DOCSIS3_0,DEG3,SK,2025,1.8
A,PC_HH,DOCSIS3_0,DEG3,UK,2013,3.3
A,PC_HH,DOCSIS3_0,DEG3,UK,2014,2.4
A,PC_HH,DOCSIS3_0,DEG3,UK,2015,2.4
A,PC_HH,DOCSIS3_0,DEG3,UK,2016,2.3
A,PC_HH,DOCSIS3_0,DEG3,UK,2017,2.2
A,PC_HH,DOCSIS3_0,DEG3,UK,2018,3.1
A,PC_HH,DOCSIS3_0,DEG3,UK,2019,3.1
A,PC_HH,DOCSIS3_0,DEG3,UK,2020,3.1
A,PC_HH,DOCSIS3_0,DEG3,UK,2021,3.2
A,PC_HH,DOCSIS3_0,DEG3,UK,2022,3.2
A,PC_HH,DOCSIS3_0,DEG3,UK,2023,3.3
A,PC_HH,DOCSIS3_0,DEG3,UK,2024,3.3
A,PC_HH,DOCSIS3_0,DEG3,UK,2025,1.0
A,PC_HH,DOCSIS3_0,TOTAL,AT,2013,39.1
A,PC_HH,DOCSIS3_0,TOTAL,AT,2014,39.1
A,PC_HH,DOCSIS3_0,TOTAL,AT,2015,40.6
A,PC_HH,DOCSIS3_0,TOTAL,AT,2016,45.6
A,PC_HH,DOCSIS3_0,TOTAL,AT,2017,51.9
A,PC_HH,DOCSIS3_0,TOTAL,AT,2018,53.0
A,PC_HH,DOCSIS3_0,TOTAL,AT,2019,53.2
A,PC_HH,DOCSIS3_0,TOTAL,AT,2020,58.3
A,PC_HH,DOCSIS3_0,TOTAL,AT,2021,59.3
A,PC_HH,DOCSIS3_0,TOTAL,AT,2022,59.3
A,PC_HH,DOCSIS3_0,TOTAL,AT,2023,59.4
A,PC_HH,DOCSIS3_0,TOTAL,AT,2024,59.1
A,PC_HH,DOCSIS3_0,TOTAL,AT,2025,58.9
A,PC_HH,DOCSIS3_0,TOTAL,BE,2013,92.0
A,PC_HH,DOCSIS3_0,TOTAL,BE,2014,93.0
A,PC_HH,DOCSIS3_0,TOTAL,BE,2015,93.7
A,PC_HH,DOCSIS3_0,TOTAL,BE,2016,93.8
A,PC_HH,DOCSIS3_0,TOTAL,BE,2017,93.9
A,PC_HH,DOCSIS3_0,TOTAL,BE,2018,93.9
A,PC_HH,DOCSIS3_0,TOTAL,BE,2019,93.5
A,PC_HH,DOCSIS3_0,TOTAL,BE,2020,93.6
A,PC_HH,DOCSIS3_0,TOTAL,BE,2021,96.5
A,PC_HH,DOCSIS3_0,TOTAL,BE,2022,95.7
A,PC_HH,DOCSIS3_0,TOTAL,BE,2023,95.3
A,PC_HH,DOCSIS3_0,TOTAL,BE,2024,94.8
A,PC_HH,DOCSIS3_0,TOTAL,BE,2025,96.8
A,PC_HH,DOCSIS3_0,TOTAL,BG,2013,57.7
A,PC_HH,DOCSIS3_0,TOTAL,BG,2014,61.4
A,PC_HH,DOCSIS3_0,TOTAL,BG,2015,62.9
A,PC_HH,DOCSIS3_0,TOTAL,BG,2016,63.6
A,PC_HH,DOCSIS3_0,TOTAL,BG,2017,64.2
A,PC_HH,DOCSIS3_0,TOTAL,BG,2018,64.4
A,PC_HH,DOCSIS3_0,TOTAL,BG,2019,68.7
A,PC_HH,DOCSIS3_0,TOTAL,BG,2020,70.0
A,PC_HH,DOCSIS3_0,TOTAL,BG,2021,70.5
A,PC_HH,DOCSIS3_0,TOTAL,BG,2022,70.9
A,PC_HH,DOCSIS3_0,TOTAL,BG,2023,70.9
A,PC_HH,DOCSIS3_0,TOTAL,BG,2024,71.2
A,PC_HH,DOCSIS3_0,TOTAL,BG,2025,71.2
A,PC_HH,DOCSIS3_0,TOTAL,CH,2013,82.9
A,PC_HH,DOCSIS3_0,TOTAL,CH,2014,83.9
A,PC_HH,DOCSIS3_0,TOTAL,CH,2015,84.1
A,PC_HH,DOCSIS3_0,TOTAL,CH,2016,84.3
A,PC_HH,DOCSIS3_0,TOTAL,CH,2017,84.3
A,PC_HH,DOCSIS3_0,TOTAL,CH,2018,84.3
A,PC_HH,DOCSIS3_0,TOTAL,CH,2019,84.4
A,PC_HH,DOCSIS3_0,TOTAL,CH,2020,84.3
A,PC_HH,DOCSIS3_0,TOTAL,CH,2021,85.2
A,PC_HH,DOCSIS3_0,TOTAL,CH,2022,85.2
A,PC_HH,DOCSIS3_0,TOTAL,CH,2023,85.8
A,PC_HH,DOCSIS3_0,TOTAL,CH,2024,79.0
A,PC_HH,DOCSIS3_0,TOTAL,CH,2025,81.3
A,PC_HH,DOCSIS3_0,TOTAL,CY,2013,39.8
A,PC_HH,DOCSIS3_0,TOTAL,CY,2014,43.8
A,PC_HH,DOCSIS3_0,TOTAL,CY,2015,44.2
A,PC_HH,DOCSIS3_0,TOTAL,CY,2016,44.8
A,PC_HH,DOCSIS3_0,TOTAL,CY,2017,45.0
A,PC_HH,DOCSIS3_0,TOTAL,CY,2018,52.7
A,PC_HH,DOCSIS3_0,TOTAL,CY,2019,55.5
A,PC_HH,DOCSIS3_0,TOTAL,CY,2020,57.8
A,PC_HH,DOCSIS3_0,TOTAL,CY,2021,65.9
A,PC_HH,DOCSIS3_0,TOTAL,CY,2022,50.6
A,PC_HH,DOCSIS3_0,TOTAL,CY,2023,59.0
A,PC_HH,DOCSIS3_0,TOTAL,CY,2024,55.0
A,PC_HH,DOCSIS3_0,TOTAL,CY,2025,55.6
A,PC_HH,DOCSIS3_0,TOTAL,CZ,2013,31.5
A,PC_HH,DOCSIS3_0,TOTAL,CZ,2014,31.9
A,PC_HH,DOCSIS3_0,TOTAL,CZ,2015,33.2
A,PC_HH,DOCSIS3_0,TOTAL,CZ,2016,37.7
A,PC_HH,DOCSIS3_0,TOTAL,CZ,2017,38.8
A,PC_HH,DOCSIS3_0,TOTAL,CZ,2018,41.5
A,PC_HH,DOCSIS3_0,TOTAL,CZ,2019,41.1
A,PC_HH,DOCSIS3_0,TOTAL,CZ,2020,41.6
A,PC_HH,DOCSIS3_0,TOTAL,CZ,2021,41.9
A,PC_HH,DOCSIS3_0,TOTAL,CZ,2022,42.1
A,PC_HH,DOCSIS3_0,TOTAL,CZ,2023,38.5
A,PC_HH,DOCSIS3_0,TOTAL,CZ,2024,38.6
A,PC_HH,DOCSIS3_0,TOTAL,CZ,2025,37.6
A,PC_HH,DOCSIS3_0,TOTAL,DE,2013,55.8
A,PC_HH,DOCSIS3_0,TOTAL,DE,2014,60.4
A,PC_HH,DOCSIS3_0,TOTAL,DE,2015,62.7
A,PC_HH,DOCSIS3_0,TOTAL,DE,2016,63.5
A,PC_HH,DOCSIS3_0,TOTAL,DE,2017,63.7
A,PC_HH,DOCSIS3_0,TOTAL,DE,2018,63.9
A,PC_HH,DOCSIS3_0,TOTAL,DE,2019,66.3
A,PC_HH,DOCSIS3_0,TOTAL,DE,2020,66.9
A,PC_HH,DOCSIS3_0,TOTAL,DE,2021,67.9
A,PC_HH,DOCSIS3_0,TOTAL,DE,2022,62.8
A,PC_HH,DOCSIS3_0,TOTAL,DE,2023,63.5
A,PC_HH,DOCSIS3_0,TOTAL,DE,2024,63.5
A,PC_HH,DOCSIS3_0,TOTAL,DE,2025,63.1
A,PC_HH,DOCSIS3_0,TOTAL,DK,2013,61.7
A,PC_HH,DOCSIS3_0,TOTAL,DK,2014,64.0
A,PC_HH,DOCSIS3_0,TOTAL,DK,2015,65.0
A,PC_HH,DOCSIS3_0,TOTAL,DK,2016,68.0
A,PC_HH,DOCSIS3_0,TOTAL,DK,2017,68.8
A,PC_HH,DOCSIS3_0,TOTAL,DK,2018,68.4
A,PC_HH,DOCSIS3_0,TOTAL,DK,2019,68.4
A,PC_HH,DOCSIS3_0,TOTAL,DK,2020,68.1
A,PC_HH,DOCSIS3_0,TOTAL,DK,2021,67.4
A,PC_HH,DOCSIS3_0,TOTAL,DK,2022,66.2
A,PC_HH,DOCSIS3_0,TOTAL,DK,2023,66.1
A,PC_HH,DOCSIS3_0,TOTAL,DK,2024,57.9
A,PC_HH,DOCSIS3_0,TOTAL,DK,2025,61.8
A,PC_HH,DOCSIS3_0,TOTAL,EE,2013,39.4
A,PC_HH,DOCSIS3_0,TOTAL,EE,2014,46.5
A,PC_HH,DOCSIS3_0,TOTAL,EE,2015,51.6
A,PC_HH,DOCSIS3_0,TOTAL,EE,2016,51.7
A,PC_HH,DOCSIS3_0,TOTAL,EE,2017,55.6
A,PC_HH,DOCSIS3_0,TOTAL,EE,2018,65.7
A,PC_HH,DOCSIS3_0,TOTAL,EE,2019,67.4
A,PC_HH,DOCSIS3_0,TOTAL,EE,2020,76.7
A,PC_HH,DOCSIS3_0,TOTAL,EE,2021,78.5
A,PC_HH,DOCSIS3_0,TOTAL,EE,2022,79.0
A,PC_HH,DOCSIS3_0,TOTAL,EE,2023,77.2
A,PC_HH,DOCSIS3_0,TOTAL,EE,2024,61.6
A,PC_HH,DOCSIS3_0,TOTAL,EE,2025,40.8
A,PC_HH,DOCSIS3_0,TOTAL,EL,2019,0.5
A,PC_HH,DOCSIS3_0,TOTAL,EL,2020,0.6
A,PC_HH,DOCSIS3_0,TOTAL,ES,2013,48.5
A,PC_HH,DOCSIS3_0,TOTAL,ES,2014,47.8
A,PC_HH,DOCSIS3_0,TOTAL,ES,2015,47.8
A,PC_HH,DOCSIS3_0,TOTAL,ES,2016,48.8
A,PC_HH,DOCSIS3_0,TOTAL,ES,2017,48.8
A,PC_HH,DOCSIS3_0,TOTAL,ES,2018,48.9
A,PC_HH,DOCSIS3_0,TOTAL,ES,2019,48.9
A,PC_HH,DOCSIS3_0,TOTAL,ES,2020,45.8
A,PC_HH,DOCSIS3_0,TOTAL,ES,2021,38.4
A,PC_HH,DOCSIS3_0,TOTAL,ES,2022,33.0
A,PC_HH,DOCSIS3_0,TOTAL,ES,2023,32.9
A,PC_HH,DOCSIS3_0,TOTAL,ES,2024,28.2
A,PC_HH,DOCSIS3_0,TOTAL,ES,2025,28.4
A,PC_HH,DOCSIS3_0,TOTAL,FI,2013,42.5
A,PC_HH,DOCSIS3_0,TOTAL,FI,2014,44.4
A,PC_HH,DOCSIS3_0,TOTAL,FI,2015,44.4
A,PC_HH,DOCSIS3_0,TOTAL,FI,2016,37.8
A,PC_HH,DOCSIS3_0,TOTAL,FI,2017,36.2
A,PC_HH,DOCSIS3_0,TOTAL,FI,2018,36.1
A,PC_HH,DOCSIS3_0,TOTAL,FI,2019,36.9
A,PC_HH,DOCSIS3_0,TOTAL,FI,2020,37.8
A,PC_HH,DOCSIS3_0,TOTAL,FI,2021,36.9
A,PC_HH,DOCSIS3_0,TOTAL,FI,2022,37.9
A,PC_HH,DOCSIS3_0,TOTAL,FI,2023,32.4
A,PC_HH,DOCSIS3_0,TOTAL,FI,2024,31.7
A,PC_HH,DOCSIS3_0,TOTAL,FI,2025,18.3
A,PC_HH,DOCSIS3_0,TOTAL,FR,2013,30.3
A,PC_HH,DOCSIS3_0,TOTAL,FR,2014,29.2
A,PC_HH,DOCSIS3_0,TOTAL,FR,2015,29.5
A,PC_HH,DOCSIS3_0,TOTAL,FR,2016,27.8
A,PC_HH,DOCSIS3_0,TOTAL,FR,2017,27.8
A,PC_HH,DOCSIS3_0,TOTAL,FR,2018,28.6
A,PC_HH,DOCSIS3_0,TOTAL,FR,2019,27.0
A,PC_HH,DOCSIS3_0,TOTAL,FR,2020,27.0
A,PC_HH,DOCSIS3_0,TOTAL,FR,2021,23.1
A,PC_HH,DOCSIS3_0,TOTAL,FR,2022,20.0
A,PC_HH,DOCSIS3_0,TOTAL,FR,2023,19.7
A,PC_HH,DOCSIS3_0,TOTAL,FR,2024,18.9
A,PC_HH,DOCSIS3_0,TOTAL,FR,2025,18.6
A,PC_HH,DOCSIS3_0,TOTAL,HR,2013,19.0
A,PC_HH,DOCSIS3_0,TOTAL,HR,2014,21.8
A,PC_HH,DOCSIS3_0,TOTAL,HR,2015,23.0
A,PC_HH,DOCSIS3_0,TOTAL,HR,2016,26.9
A,PC_HH,DOCSIS3_0,TOTAL,HR,2017,28.3
A,PC_HH,DOCSIS3_0,TOTAL,HR,2018,32.3
A,PC_HH,DOCSIS3_0,TOTAL,HR,2019,34.1
A,PC_HH,DOCSIS3_0,TOTAL,HR,2020,35.7
A,PC_HH,DOCSIS3_0,TOTAL,HR,2021,36.2
A,PC_HH,DOCSIS3_0,TOTAL,HR,2022,35.1
A,PC_HH,DOCSIS3_0,TOTAL,HR,2023,32.3
A,PC_HH,DOCSIS3_0,TOTAL,HR,2024,34.7
A,PC_HH,DOCSIS3_0,TOTAL,HR,2025,37.5
A,PC_HH,DOCSIS3_0,TOTAL,HU,2013,59.7
A,PC_HH,DOCSIS3_0,TOTAL,HU,2014,60.4
A,PC_HH,DOCSIS3_0,TOTAL,HU,2015,63.2
A,PC_HH,DOCSIS3_0,TOTAL,HU,2016,65.0
A,PC_HH,DOCSIS3_0,TOTAL,HU,2017,68.3
A,PC_HH,DOCSIS3_0,TOTAL,HU,2018,71.5
A,PC_HH,DOCSIS3_0,TOTAL,HU,2019,74.5
A,PC_HH,DOCSIS3_0,TOTAL,HU,2020,76.0
A,PC_HH,DOCSIS3_0,TOTAL,HU,2021,78.2
A,PC_HH,DOCSIS3_0,TOTAL,HU,2022,81.2
A,PC_HH,DOCSIS3_0,TOTAL,HU,2023,77.6
A,PC_HH,DOCSIS3_0,TOTAL,HU,2024,77.4
A,PC_HH,DOCSIS3_0,TOTAL,HU,2025,77.4
A,PC_HH,DOCSIS3_0,TOTAL,IE,2013,40.6
A,PC_HH,DOCSIS3_0,TOTAL,IE,2014,40.7
A,PC_HH,DOCSIS3_0,TOTAL,IE,2015,42.0
A,PC_HH,DOCSIS3_0,TOTAL,IE,2016,43.1
A,PC_HH,DOCSIS3_0,TOTAL,IE,2017,48.6
A,PC_HH,DOCSIS3_0,TOTAL,IE,2018,48.7
A,PC_HH,DOCSIS3_0,TOTAL,IE,2019,49.2
A,PC_HH,DOCSIS3_0,TOTAL,IE,2020,49.9
A,PC_HH,DOCSIS3_0,TOTAL,IE,2021,48.6
A,PC_HH,DOCSIS3_0,TOTAL,IE,2022,38.2
A,PC_HH,DOCSIS3_0,TOTAL,IE,2023,36.0
A,PC_HH,DOCSIS3_0,TOTAL,IE,2024,31.5
A,PC_HH,DOCSIS3_0,TOTAL,IE,2025,27.5
A,PC_HH,DOCSIS3_0,TOTAL,IS,2019,0.3
A,PC_HH,DOCSIS3_0,TOTAL,IS,2020,0.3
A,PC_HH,DOCSIS3_0,TOTAL,IS,2021,3.2
A,PC_HH,DOCSIS3_0,TOTAL,IS,2022,3.1
A,PC_HH,DOCSIS3_0,TOTAL,IS,2023,3.1
A,PC_HH,DOCSIS3_0,TOTAL,LT,2013,42.8
A,PC_HH,DOCSIS3_0,TOTAL,LT,2014,42.9
A,PC_HH,DOCSIS3_0,TOTAL,LT,2015,14.3
A,PC_HH,DOCSIS3_0,TOTAL,LT,2016,15.8
A,PC_HH,DOCSIS3_0,TOTAL,LT,2017,17.1
A,PC_HH,DOCSIS3_0,TOTAL,LT,2018,18.1
A,PC_HH,DOCSIS3_0,TOTAL,LT,2019,17.9
A,PC_HH,DOCSIS3_0,TOTAL,LT,2020,19.4
A,PC_HH,DOCSIS3_0,TOTAL,LT,2021,27.1
A,PC_HH,DOCSIS3_0,TOTAL,LT,2022,26.5
A,PC_HH,DOCSIS3_0,TOTAL,LT,2023,25.6
A,PC_HH,DOCSIS3_0,TOTAL,LT,2024,25.0
A,PC_HH,DOCSIS3_0,TOTAL,LT,2025,25.0
A,PC_HH,DOCSIS3_0,TOTAL,LU,2013,62.7
A,PC_HH,DOCSIS3_0,TOTAL,LU,2014,65.0
A,PC_HH,DOCSIS3_0,TOTAL,LU,2015,75.2
A,PC_HH,DOCSIS3_0,TOTAL,LU,2016,74.3
A,PC_HH,DOCSIS3_0,TOTAL,LU,2017,73.2
A,PC_HH,DOCSIS3_0,TOTAL,LU,2018,84.0
A,PC_HH,DOCSIS3_0,TOTAL,LU,2019,83.9
A,PC_HH,DOCSIS3_0,TOTAL,LU,2020,88.9
A,PC_HH,DOCSIS3_0,TOTAL,LU,2021,90.2
A,PC_HH,DOCSIS3_0,TOTAL,LU,2022,88.3
A,PC_HH,DOCSIS3_0,TOTAL,LU,2023,87.6
A,PC_HH,DOCSIS3_0,TOTAL,LU,2024,87.5
A,PC_HH,DOCSIS3_0,TOTAL,LU,2025,85.6
A,PC_HH,DOCSIS3_0,TOTAL,LV,2013,17.8
A,PC_HH,DOCSIS3_0,TOTAL,LV,2014,20.6
A,PC_HH,DOCSIS3_0,TOTAL,LV,2015,20.9
A,PC_HH,DOCSIS3_0,TOTAL,LV,2016,21.0
A,PC_HH,DOCSIS3_0,TOTAL,LV,2017,21.2
A,PC_HH,DOCSIS3_0,TOTAL,LV,2018,21.4
A,PC_HH,DOCSIS3_0,TOTAL,LV,2019,22.6
A,PC_HH,DOCSIS3_0,TOTAL,LV,2020,22.6
A,PC_HH,DOCSIS3_0,TOTAL,LV,2021,22.6
A,PC_HH,DOCSIS3_0,TOTAL,LV,2022,22.3
A,PC_HH,DOCSIS3_0,TOTAL,LV,2023,22.2
A,PC_HH,DOCSIS3_0,TOTAL,LV,2024,21.1
A,PC_HH,DOCSIS3_0,TOTAL,LV,2025,18.5
A,PC_HH,DOCSIS3_0,TOTAL,MT,2013,100.0
A,PC_HH,DOCSIS3_0,TOTAL,MT,2014,100.0
A,PC_HH,DOCSIS3_0,TOTAL,MT,2015,100.0
A,PC_HH,DOCSIS3_0,TOTAL,MT,2016,99.9
A,PC_HH,DOCSIS3_0,TOTAL,MT,2017,99.9
A,PC_HH,DOCSIS3_0,TOTAL,MT,2018,99.9
A,PC_HH,DOCSIS3_0,TOTAL,MT,2019,100.0
A,PC_HH,DOCSIS3_0,TOTAL,MT,2020,100.0
A,PC_HH,DOCSIS3_0,TOTAL,MT,2021,100.0
A,PC_HH,DOCSIS3_0,TOTAL,MT,2022,100.0
A,PC_HH,DOCSIS3_0,TOTAL,MT,2023,100.0
A,PC_HH,DOCSIS3_0,TOTAL,MT,2024,100.0
A,PC_HH,DOCSIS3_0,TOTAL,MT,2025,100.0
A,PC_HH,DOCSIS3_0,TOTAL,NL,2013,95.0
A,PC_HH,DOCSIS3_0,TOTAL,NL,2014,96.8
A,PC_HH,DOCSIS3_0,TOTAL,NL,2015,95.2
A,PC_HH,DOCSIS3_0,TOTAL,NL,2016,95.1
A,PC_HH,DOCSIS3_0,TOTAL,NL,2017,95.1
A,PC_HH,DOCSIS3_0,TOTAL,NL,2018,95.1
A,PC_HH,DOCSIS3_0,TOTAL,NL,2019,95.2
A,PC_HH,DOCSIS3_0,TOTAL,NL,2020,95.2
A,PC_HH,DOCSIS3_0,TOTAL,NL,2021,94.2
A,PC_HH,DOCSIS3_0,TOTAL,NL,2022,94.1
A,PC_HH,DOCSIS3_0,TOTAL,NL,2023,88.6
A,PC_HH,DOCSIS3_0,TOTAL,NL,2024,93.5
A,PC_HH,DOCSIS3_0,TOTAL,NL,2025,92.7
A,PC_HH,DOCSIS3_0,TOTAL,NO,2013,48.0
A,PC_HH,DOCSIS3_0,TOTAL,NO,2014,49.5
A,PC_HH,DOCSIS3_0,TOTAL,NO,2015,50.3
A,PC_HH,DOCSIS3_0,TOTAL,NO,2016,52.5
A,PC_HH,DOCSIS3_0,TOTAL,NO,2017,51.3
A,PC_HH,DOCSIS3_0,TOTAL,NO,2018,49.0
A,PC_HH,DOCSIS3_0,TOTAL,NO,2019,45.1
A,PC_HH,DOCSIS3_0,TOTAL,NO,2020,44.5
A,PC_HH,DOCSIS3_0,TOTAL,NO,2021,40.3
A,PC_HH,DOCSIS3_0,TOTAL,NO,2022,40.7
A,PC_HH,DOCSIS3_0,TOTAL,NO,2023,40.8
A,PC_HH,DOCSIS3_0,TOTAL,NO,2024,40.8
A,PC_HH,DOCSIS3_0,TOTAL,NO,2025,34.1
A,PC_HH,DOCSIS3_0,TOTAL,PL,2013,37.6
A,PC_HH,DOCSIS3_0,TOTAL,PL,2014,38.1
A,PC_HH,DOCSIS3_0,TOTAL,PL,2015,38.0
A,PC_HH,DOCSIS3_0,TOTAL,PL,2016,38.3
A,PC_HH,DOCSIS3_0,TOTAL,PL,2017,39.4
A,PC_HH,DOCSIS3_0,TOTAL,PL,2018,40.0
A,PC_HH,DOCSIS3_0,TOTAL,PL,2019,44.1
A,PC_HH,DOCSIS3_0,TOTAL,PL,2020,43.4
A,PC_HH,DOCSIS3_0,TOTAL,PL,2021,43.9
A,PC_HH,DOCSIS3_0,TOTAL,PL,2022,43.5
A,PC_HH,DOCSIS3_0,TOTAL,PL,2023,41.8
A,PC_HH,DOCSIS3_0,TOTAL,PL,2024,41.1
A,PC_HH,DOCSIS3_0,TOTAL,PL,2025,40.3
A,PC_HH,DOCSIS3_0,TOTAL,PT,2013,53.8
A,PC_HH,DOCSIS3_0,TOTAL,PT,2014,54.9
A,PC_HH,DOCSIS3_0,TOTAL,PT,2015,55.6
A,PC_HH,DOCSIS3_0,TOTAL,PT,2016,56.0
A,PC_HH,DOCSIS3_0,TOTAL,PT,2017,56.2
A,PC_HH,DOCSIS3_0,TOTAL,PT,2018,56.3
A,PC_HH,DOCSIS3_0,TOTAL,PT,2019,59.5
A,PC_HH,DOCSIS3_0,TOTAL,PT,2020,59.4
A,PC_HH,DOCSIS3_0,TOTAL,PT,2021,57.6
A,PC_HH,DOCSIS3_0,TOTAL,PT,2022,57.5
A,PC_HH,DOCSIS3_0,TOTAL,PT,2023,57.8
A,PC_HH,DOCSIS3_0,TOTAL,PT,2024,57.6
A,PC_HH,DOCSIS3_0,TOTAL,PT,2025,61.0
A,PC_HH,DOCSIS3_0,TOTAL,RO,2013,26.2
A,PC_HH,DOCSIS3_0,TOTAL,RO,2014,29.3
A,PC_HH,DOCSIS3_0,TOTAL,RO,2015,28.9
A,PC_HH,DOCSIS3_0,TOTAL,RO,2016,30.6
A,PC_HH,DOCSIS3_0,TOTAL,RO,2017,35.9
A,PC_HH,DOCSIS3_0,TOTAL,RO,2018,37.7
A,PC_HH,DOCSIS3_0,TOTAL,RO,2019,42.8
A,PC_HH,DOCSIS3_0,TOTAL,RO,2020,42.3
A,PC_HH,DOCSIS3_0,TOTAL,RO,2021,43.7
A,PC_HH,DOCSIS3_0,TOTAL,RO,2022,40.2
A,PC_HH,DOCSIS3_0,TOTAL,RO,2023,32.9
A,PC_HH,DOCSIS3_0,TOTAL,RO,2024,32.8
A,PC_HH,DOCSIS3_0,TOTAL,RO,2025,32.9
A,PC_HH,DOCSIS3_0,TOTAL,SE,2013,34.3
A,PC_HH,DOCSIS3_0,TOTAL,SE,2014,34.0
A,PC_HH,DOCSIS3_0,TOTAL,SE,2015,34.0
A,PC_HH,DOCSIS3_0,TOTAL,SE,2016,36.2
A,PC_HH,DOCSIS3_0,TOTAL,SE,2017,36.8
A,PC_HH,DOCSIS3_0,TOTAL,SE,2018,36.0
A,PC_HH,DOCSIS3_0,TOTAL,SE,2019,35.7
A,PC_HH,DOCSIS3_0,TOTAL,SE,2020,37.3
A,PC_HH,DOCSIS3_0,TOTAL,SE,2021,35.8
A,PC_HH,DOCSIS3_0,TOTAL,SE,2022,33.4
A,PC_HH,DOCSIS3_0,TOTAL,SE,2023,33.5
A,PC_HH,DOCSIS3_0,TOTAL,SE,2024,24.8
A,PC_HH,DOCSIS3_0,TOTAL,SE,2025,25.0
A,PC_HH,DOCSIS3_0,TOTAL,SI,2013,49.2
A,PC_HH,DOCSIS3_0,TOTAL,SI,2014,51.1
A,PC_HH,DOCSIS3_0,TOTAL,SI,2015,52.4
A,PC_HH,DOCSIS3_0,TOTAL,SI,2016,53.6
A,PC_HH,DOCSIS3_0,TOTAL,SI,2017,57.4
A,PC_HH,DOCSIS3_0,TOTAL,SI,2018,59.9
A,PC_HH,DOCSIS3_0,TOTAL,SI,2019,57.6
A,PC_HH,DOCSIS3_0,TOTAL,SI,2020,58.7
A,PC_HH,DOCSIS3_0,TOTAL,SI,2021,58.5
A,PC_HH,DOCSIS3_0,TOTAL,SI,2022,58.4
A,PC_HH,DOCSIS3_0,TOTAL,SI,2023,58.0
A,PC_HH,DOCSIS3_0,TOTAL,SI,2024,58.0
A,PC_HH,DOCSIS3_0,TOTAL,SI,2025,57.5
A,PC_HH,DOCSIS3_0,TOTAL,SK,2013,24.8
A,PC_HH,DOCSIS3_0,TOTAL,SK,2014,25.4
A,PC_HH,DOCSIS3_0,TOTAL,SK,2015,25.3
A,PC_HH,DOCSIS3_0,TOTAL,SK,2016,27.9
A,PC_HH,DOCSIS3_0,TOTAL,SK,2017,29.7
A,PC_HH,DOCSIS3_0,TOTAL,SK,2018,30.0
A,PC_HH,DOCSIS3_0,TOTAL,SK,2019,32.2
A,PC_HH,DOCSIS3_0,TOTAL,SK,2020,32.9
A,PC_HH,DOCSIS3_0,TOTAL,SK,2021,39.4
A,PC_HH,DOCSIS3_0,TOTAL,SK,2022,40.7
A,PC_HH,DOCSIS3_0,TOTAL,SK,2023,37.9
A,PC_HH,DOCSIS3_0,TOTAL,SK,2024,38.4
A,PC_HH,DOCSIS3_0,TOTAL,SK,2025,39.0
A,PC_HH,DOCSIS3_0,TOTAL,UK,2013,47.1
A,PC_HH,DOCSIS3_0,TOTAL,UK,2014,46.8
A,PC_HH,DOCSIS3_0,TOTAL,UK,2015,46.9
A,PC_HH,DOCSIS3_0,TOTAL,UK,2016,46.0
A,PC_HH,DOCSIS3_0,TOTAL,UK,2017,46.4
A,PC_HH,DOCSIS3_0,TOTAL,UK,2018,50.1
A,PC_HH,DOCSIS3_0,TOTAL,UK,2019,50.3
A,PC_HH,DOCSIS3_0,TOTAL,UK,2020,50.3
A,PC_HH,DOCSIS3_0,TOTAL,UK,2021,50.3
A,PC_HH,DOCSIS3_0,TOTAL,UK,2022,48.2
A,PC_HH,DOCSIS3_0,TOTAL,UK,2023,45.9
A,PC_HH,DOCSIS3_0,TOTAL,UK,2024,44.5
A,PC_HH,DOCSIS3_0,TOTAL,UK,2025,37.9
A,PC_HH,DOCSIS3_1,DEG3,AT,2019,0.1
A,PC_HH,DOCSIS3_1,DEG3,AT,2020,0.6
A,PC_HH,DOCSIS3_1,DEG3,AT,2021,0.9
A,PC_HH,DOCSIS3_1,DEG3,AT,2022,6.3
A,PC_HH,DOCSIS3_1,DEG3,AT,2023,9.1
A,PC_HH,DOCSIS3_1,DEG3,AT,2024,10.8
A,PC_HH,DOCSIS3_1,DEG3,AT,2025,6.4
A,PC_HH,DOCSIS3_1,DEG3,BE,2019,9.1
A,PC_HH,DOCSIS3_1,DEG3,BE,2020,10.3
A,PC_HH,DOCSIS3_1,DEG3,BE,2021,54.6
A,PC_HH,DOCSIS3_1,DEG3,BE,2022,61.5
A,PC_HH,DOCSIS3_1,DEG3,BE,2023,71.5
A,PC_HH,DOCSIS3_1,DEG3,BE,2024,79.8
A,PC_HH,DOCSIS3_1,DEG3,BE,2025,84.2
A,PC_HH,DOCSIS3_1,DEG3,CH,2019,63.0
A,PC_HH,DOCSIS3_1,DEG3,CH,2020,64.2
A,PC_HH,DOCSIS3_1,DEG3,CH,2021,68.2
A,PC_HH,DOCSIS3_1,DEG3,CH,2022,71.5
A,PC_HH,DOCSIS3_1,DEG3,CH,2023,72.9
A,PC_HH,DOCSIS3_1,DEG3,CH,2024,74.9
A,PC_HH,DOCSIS3_1,DEG3,CH,2025,77.1
A,PC_HH,DOCSIS3_1,DEG3,CZ,2021,0.1
A,PC_HH,DOCSIS3_1,DEG3,CZ,2022,0.0
A,PC_HH,DOCSIS3_1,DEG3,CZ,2023,0.0
A,PC_HH,DOCSIS3_1,DEG3,CZ,2024,0.0
A,PC_HH,DOCSIS3_1,DEG3,CZ,2025,0.0
A,PC_HH,DOCSIS3_1,DEG3,DE,2019,4.7
A,PC_HH,DOCSIS3_1,DEG3,DE,2020,7.0
A,PC_HH,DOCSIS3_1,DEG3,DE,2021,16.8
A,PC_HH,DOCSIS3_1,DEG3,DE,2022,14.8
A,PC_HH,DOCSIS3_1,DEG3,DE,2023,15.2
A,PC_HH,DOCSIS3_1,DEG3,DE,2024,15.9
A,PC_HH,DOCSIS3_1,DEG3,DE,2025,19.7
A,PC_HH,DOCSIS3_1,DEG3,DK,2019,5.8
A,PC_HH,DOCSIS3_1,DEG3,DK,2020,5.5
A,PC_HH,DOCSIS3_1,DEG3,DK,2021,5.3
A,PC_HH,DOCSIS3_1,DEG3,DK,2022,5.3
A,PC_HH,DOCSIS3_1,DEG3,DK,2023,5.1
A,PC_HH,DOCSIS3_1,DEG3,DK,2024,4.5
A,PC_HH,DOCSIS3_1,DEG3,DK,2025,4.9
A,PC_HH,DOCSIS3_1,DEG3,ES,2019,11.2
A,PC_HH,DOCSIS3_1,DEG3,ES,2020,10.8
A,PC_HH,DOCSIS3_1,DEG3,ES,2021,6.2
A,PC_HH,DOCSIS3_1,DEG3,ES,2022,4.6
A,PC_HH,DOCSIS3_1,DEG3,ES,2023,4.1
A,PC_HH,DOCSIS3_1,DEG3,ES,2024,3.3
A,PC_HH,DOCSIS3_1,DEG3,ES,2025,3.3
A,PC_HH,DOCSIS3_1,DEG3,HR,2019,4.8
A,PC_HH,DOCSIS3_1,DEG3,HR,2020,5.4
A,PC_HH,DOCSIS3_1,DEG3,HR,2021,9.3
A,PC_HH,DOCSIS3_1,DEG3,HR,2022,9.4
A,PC_HH,DOCSIS3_1,DEG3,HR,2023,1.0
A,PC_HH,DOCSIS3_1,DEG3,HR,2024,1.0
A,PC_HH,DOCSIS3_1,DEG3,HR,2025,1.1
A,PC_HH,DOCSIS3_1,DEG3,HU,2021,0.8
A,PC_HH,DOCSIS3_1,DEG3,HU,2022,6.6
A,PC_HH,DOCSIS3_1,DEG3,HU,2023,8.2
A,PC_HH,DOCSIS3_1,DEG3,HU,2024,12.4
A,PC_HH,DOCSIS3_1,DEG3,HU,2025,16.0
A,PC_HH,DOCSIS3_1,DEG3,IE,2020,0.1
A,PC_HH,DOCSIS3_1,DEG3,IE,2021,0.2
A,PC_HH,DOCSIS3_1,DEG3,IE,2022,0.3
A,PC_HH,DOCSIS3_1,DEG3,IE,2023,0.3
A,PC_HH,DOCSIS3_1,DEG3,IE,2024,0.3
A,PC_HH,DOCSIS3_1,DEG3,IE,2025,0.2
A,PC_HH,DOCSIS3_1,DEG3,IS,2021,1.0
A,PC_HH,DOCSIS3_1,DEG3,IS,2022,0.9
A,PC_HH,DOCSIS3_1,DEG3,IS,2023,0.9
A,PC_HH,DOCSIS3_1,DEG3,LU,2019,33.0
A,PC_HH,DOCSIS3_1,DEG3,LU,2020,62.9
A,PC_HH,DOCSIS3_1,DEG3,LU,2021,60.1
A,PC_HH,DOCSIS3_1,DEG3,LU,2022,54.5
A,PC_HH,DOCSIS3_1,DEG3,LU,2023,54.8
A,PC_HH,DOCSIS3_1,DEG3,LU,2024,53.6
A,PC_HH,DOCSIS3_1,DEG3,LU,2025,49.6
A,PC_HH,DOCSIS3_1,DEG3,MT,2019,100.0
A,PC_HH,DOCSIS3_1,DEG3,MT,2020,100.0
A,PC_HH,DOCSIS3_1,DEG3,MT,2021,100.0
A,PC_HH,DOCSIS3_1,DEG3,MT,2022,100.0
A,PC_HH,DOCSIS3_1,DEG3,MT,2023,100.0
A,PC_HH,DOCSIS3_1,DEG3,MT,2024,100.0
A,PC_HH,DOCSIS3_1,DEG3,MT,2025,100.0
A,PC_HH,DOCSIS3_1,DEG3,NL,2019,26.3
A,PC_HH,DOCSIS3_1,DEG3,NL,2020,26.3
A,PC_HH,DOCSIS3_1,DEG3,NL,2021,26.3
A,PC_HH,DOCSIS3_1,DEG3,NL,2022,26.3
A,PC_HH,DOCSIS3_1,DEG3,NL,2023,26.0
A,PC_HH,DOCSIS3_1,DEG3,NL,2024,26.0
A,PC_HH,DOCSIS3_1,DEG3,NL,2025,26.9
A,PC_HH,DOCSIS3_1,DEG3,PL,2019,1.4
A,PC_HH,DOCSIS3_1,DEG3,PL,2020,1.5
A,PC_HH,DOCSIS3_1,DEG3,PL,2021,1.5
A,PC_HH,DOCSIS3_1,DEG3,PL,2022,1.5
A,PC_HH,DOCSIS3_1,DEG3,PL,2023,1.7
A,PC_HH,DOCSIS3_1,DEG3,PL,2024,1.7
A,PC_HH,DOCSIS3_1,DEG3,PL,2025,1.6
A,PC_HH,DOCSIS3_1,DEG3,PT,2019,43.5
A,PC_HH,DOCSIS3_1,DEG3,PT,2020,43.5
A,PC_HH,DOCSIS3_1,DEG3,PT,2021,43.3
A,PC_HH,DOCSIS3_1,DEG3,PT,2022,35.3
A,PC_HH,DOCSIS3_1,DEG3,PT,2023,35.3
A,PC_HH,DOCSIS3_1,DEG3,PT,2024,35.2
A,PC_HH,DOCSIS3_1,DEG3,PT,2025,39.0
A,PC_HH,DOCSIS3_1,DEG3,RO,2023,7.7
A,PC_HH,DOCSIS3_1,DEG3,RO,2024,7.7
A,PC_HH,DOCSIS3_1,DEG3,RO,2025,7.6
A,PC_HH,DOCSIS3_1,DEG3,SE,2023,0.0
A,PC_HH,DOCSIS3_1,DEG3,SE,2024,0.1
A,PC_HH,DOCSIS3_1,DEG3,SE,2025,0.1
A,PC_HH,DOCSIS3_1,DEG3,SK,2021,0.8
A,PC_HH,DOCSIS3_1,DEG3,SK,2022,0.8
A,PC_HH,DOCSIS3_1,DEG3,SK,2023,1.0
A,PC_HH,DOCSIS3_1,DEG3,SK,2024,0.1
A,PC_HH,DOCSIS3_1,DEG3,SK,2025,0.1
A,PC_HH,DOCSIS3_1,DEG3,UK,2021,0.4
A,PC_HH,DOCSIS3_1,DEG3,UK,2022,3.2
A,PC_HH,DOCSIS3_1,DEG3,UK,2023,3.3
A,PC_HH,DOCSIS3_1,DEG3,UK,2024,3.3
A,PC_HH,DOCSIS3_1,DEG3,UK,2025,1.0
A,PC_HH,DOCSIS3_1,TOTAL,AT,2019,0.0
A,PC_HH,DOCSIS3_1,TOTAL,AT,2020,26.7
A,PC_HH,DOCSIS3_1,TOTAL,AT,2021,32.0
A,PC_HH,DOCSIS3_1,TOTAL,AT,2022,39.5
A,PC_HH,DOCSIS3_1,TOTAL,AT,2023,52.5
A,PC_HH,DOCSIS3_1,TOTAL,AT,2024,54.8
A,PC_HH,DOCSIS3_1,TOTAL,AT,2025,55.0
A,PC_HH,DOCSIS3_1,TOTAL,BE,2019,65.6
A,PC_HH,DOCSIS3_1,TOTAL,BE,2020,65.8
A,PC_HH,DOCSIS3_1,TOTAL,BE,2021,67.7
A,PC_HH,DOCSIS3_1,TOTAL,BE,2022,74.4
A,PC_HH,DOCSIS3_1,TOTAL,BE,2023,86.4
A,PC_HH,DOCSIS3_1,TOTAL,BE,2024,90.3
A,PC_HH,DOCSIS3_1,TOTAL,BE,2025,92.2
A,PC_HH,DOCSIS3_1,TOTAL,CH,2019,71.7
A,PC_HH,DOCSIS3_1,TOTAL,CH,2020,76.5
A,PC_HH,DOCSIS3_1,TOTAL,CH,2021,77.3
A,PC_HH,DOCSIS3_1,TOTAL,CH,2022,77.4
A,PC_HH,DOCSIS3_1,TOTAL,CH,2023,81.0
A,PC_HH,DOCSIS3_1,TOTAL,CH,2024,79.0
A,PC_HH,DOCSIS3_1,TOTAL,CH,2025,81.3
A,PC_HH,DOCSIS3_1,TOTAL,CY,2025,55.6
A,PC_HH,DOCSIS3_1,TOTAL,CZ,2021,33.3
A,PC_HH,DOCSIS3_1,TOTAL,CZ,2022,34.9
A,PC_HH,DOCSIS3_1,TOTAL,CZ,2023,32.2
A,PC_HH,DOCSIS3_1,TOTAL,CZ,2024,32.4
A,PC_HH,DOCSIS3_1,TOTAL,CZ,2025,32.2
A,PC_HH,DOCSIS3_1,TOTAL,DE,2019,29.3
A,PC_HH,DOCSIS3_1,TOTAL,DE,2020,50.4
A,PC_HH,DOCSIS3_1,TOTAL,DE,2021,67.2
A,PC_HH,DOCSIS3_1,TOTAL,DE,2022,62.3
A,PC_HH,DOCSIS3_1,TOTAL,DE,2023,63.1
A,PC_HH,DOCSIS3_1,TOTAL,DE,2024,63.2
A,PC_HH,DOCSIS3_1,TOTAL,DE,2025,62.8
A,PC_HH,DOCSIS3_1,TOTAL,DK,2019,68.3
A,PC_HH,DOCSIS3_1,TOTAL,DK,2020,68.1
A,PC_HH,DOCSIS3_1,TOTAL,DK,2021,67.1
A,PC_HH,DOCSIS3_1,TOTAL,DK,2022,66.1
A,PC_HH,DOCSIS3_1,TOTAL,DK,2023,66.1
A,PC_HH,DOCSIS3_1,TOTAL,DK,2024,57.9
A,PC_HH,DOCSIS3_1,TOTAL,DK,2025,61.8
A,PC_HH,DOCSIS3_1,TOTAL,ES,2019,48.9
A,PC_HH,DOCSIS3_1,TOTAL,ES,2020,45.8
A,PC_HH,DOCSIS3_1,TOTAL,ES,2021,38.4
A,PC_HH,DOCSIS3_1,TOTAL,ES,2022,33.0
A,PC_HH,DOCSIS3_1,TOTAL,ES,2023,31.4
A,PC_HH,DOCSIS3_1,TOTAL,ES,2024,28.0
A,PC_HH,DOCSIS3_1,TOTAL,ES,2025,28.1
A,PC_HH,DOCSIS3_1,TOTAL,FI,2019,36.9
A,PC_HH,DOCSIS3_1,TOTAL,FI,2020,37.8
A,PC_HH,DOCSIS3_1,TOTAL,FI,2021,36.9
A,PC_HH,DOCSIS3_1,TOTAL,FI,2022,37.9
A,PC_HH,DOCSIS3_1,TOTAL,FI,2023,32.4
A,PC_HH,DOCSIS3_1,TOTAL,FI,2024,31.7
A,PC_HH,DOCSIS3_1,TOTAL,FI,2025,18.3
A,PC_HH,DOCSIS3_1,TOTAL,HR,2019,32.5
A,PC_HH,DOCSIS3_1,TOTAL,HR,2020,34.0
A,PC_HH,DOCSIS3_1,TOTAL,HR,2021,34.5
A,PC_HH,DOCSIS3_1,TOTAL,HR,2022,33.3
A,PC_HH,DOCSIS3_1,TOTAL,HR,2023,31.0
A,PC_HH,DOCSIS3_1,TOTAL,HR,2024,33.4
A,PC_HH,DOCSIS3_1,TOTAL,HR,2025,35.4
A,PC_HH,DOCSIS3_1,TOTAL,HU,2021,21.7
A,PC_HH,DOCSIS3_1,TOTAL,HU,2022,38.6
A,PC_HH,DOCSIS3_1,TOTAL,HU,2023,41.1
A,PC_HH,DOCSIS3_1,TOTAL,HU,2024,41.8
A,PC_HH,DOCSIS3_1,TOTAL,HU,2025,43.0
A,PC_HH,DOCSIS3_1,TOTAL,IE,2020,48.6
A,PC_HH,DOCSIS3_1,TOTAL,IE,2021,48.5
A,PC_HH,DOCSIS3_1,TOTAL,IE,2022,38.2
A,PC_HH,DOCSIS3_1,TOTAL,IE,2023,36.0
A,PC_HH,DOCSIS3_1,TOTAL,IE,2024,31.5
A,PC_HH,DOCSIS3_1,TOTAL,IE,2025,27.5
A,PC_HH,DOCSIS3_1,TOTAL,IS,2019,0.3
A,PC_HH,DOCSIS3_1,TOTAL,IS,2020,0.3
A,PC_HH,DOCSIS3_1,TOTAL,IS,2021,3.2
A,PC_HH,DOCSIS3_1,TOTAL,IS,2022,3.1
A,PC_HH,DOCSIS3_1,TOTAL,IS,2023,3.1
A,PC_HH,DOCSIS3_1,TOTAL,LU,2019,83.9
A,PC_HH,DOCSIS3_1,TOTAL,LU,2020,88.9
A,PC_HH,DOCSIS3_1,TOTAL,LU,2021,90.2
A,PC_HH,DOCSIS3_1,TOTAL,LU,2022,82.5
A,PC_HH,DOCSIS3_1,TOTAL,LU,2023,84.0
A,PC_HH,DOCSIS3_1,TOTAL,LU,2024,83.8
A,PC_HH,DOCSIS3_1,TOTAL,LU,2025,81.9
A,PC_HH,DOCSIS3_1,TOTAL,LV,2021,18.4
A,PC_HH,DOCSIS3_1,TOTAL,LV,2022,18.2
A,PC_HH,DOCSIS3_1,TOTAL,LV,2023,18.1
A,PC_HH,DOCSIS3_1,TOTAL,LV,2024,17.1
A,PC_HH,DOCSIS3_1,TOTAL,LV,2025,17.8
A,PC_HH,DOCSIS3_1,TOTAL,MT,2019,100.0
A,PC_HH,DOCSIS3_1,TOTAL,MT,2020,100.0
A,PC_HH,DOCSIS3_1,TOTAL,MT,2021,100.0
A,PC_HH,DOCSIS3_1,TOTAL,MT,2022,100.0
A,PC_HH,DOCSIS3_1,TOTAL,MT,2023,100.0
A,PC_HH,DOCSIS3_1,TOTAL,MT,2024,100.0
A,PC_HH,DOCSIS3_1,TOTAL,MT,2025,100.0
A,PC_HH,DOCSIS3_1,TOTAL,NL,2019,77.0
A,PC_HH,DOCSIS3_1,TOTAL,NL,2020,78.6
A,PC_HH,DOCSIS3_1,TOTAL,NL,2021,79.8
A,PC_HH,DOCSIS3_1,TOTAL,NL,2022,88.9
A,PC_HH,DOCSIS3_1,TOTAL,NL,2023,87.8
A,PC_HH,DOCSIS3_1,TOTAL,NL,2024,88.9
A,PC_HH,DOCSIS3_1,TOTAL,NL,2025,92.6
A,PC_HH,DOCSIS3_1,TOTAL,NO,2021,1.0
A,PC_HH,DOCSIS3_1,TOTAL,NO,2022,32.5
A,PC_HH,DOCSIS3_1,TOTAL,NO,2023,38.8
A,PC_HH,DOCSIS3_1,TOTAL,NO,2024,39.6
A,PC_HH,DOCSIS3_1,TOTAL,PL,2019,42.0
A,PC_HH,DOCSIS3_1,TOTAL,PL,2020,42.4
A,PC_HH,DOCSIS3_1,TOTAL,PL,2021,43.0
A,PC_HH,DOCSIS3_1,TOTAL,PL,2022,42.8
A,PC_HH,DOCSIS3_1,TOTAL,PL,2023,41.7
A,PC_HH,DOCSIS3_1,TOTAL,PL,2024,41.0
A,PC_HH,DOCSIS3_1,TOTAL,PL,2025,40.1
A,PC_HH,DOCSIS3_1,TOTAL,PT,2019,59.5
A,PC_HH,DOCSIS3_1,TOTAL,PT,2020,59.4
A,PC_HH,DOCSIS3_1,TOTAL,PT,2021,57.6
A,PC_HH,DOCSIS3_1,TOTAL,PT,2022,57.5
A,PC_HH,DOCSIS3_1,TOTAL,PT,2023,57.8
A,PC_HH,DOCSIS3_1,TOTAL,PT,2024,57.6
A,PC_HH,DOCSIS3_1,TOTAL,PT,2025,61.0
A,PC_HH,DOCSIS3_1,TOTAL,RO,2023,8.5
A,PC_HH,DOCSIS3_1,TOTAL,RO,2024,8.5
A,PC_HH,DOCSIS3_1,TOTAL,RO,2025,8.4
A,PC_HH,DOCSIS3_1,TOTAL,SE,2019,0.3
A,PC_HH,DOCSIS3_1,TOTAL,SE,2020,0.3
A,PC_HH,DOCSIS3_1,TOTAL,SE,2021,0.4
A,PC_HH,DOCSIS3_1,TOTAL,SE,2022,0.3
A,PC_HH,DOCSIS3_1,TOTAL,SE,2023,26.5
A,PC_HH,DOCSIS3_1,TOTAL,SE,2024,24.4
A,PC_HH,DOCSIS3_1,TOTAL,SE,2025,24.4
A,PC_HH,DOCSIS3_1,TOTAL,SK,2019,8.6
A,PC_HH,DOCSIS3_1,TOTAL,SK,2020,9.7
A,PC_HH,DOCSIS3_1,TOTAL,SK,2021,17.4
A,PC_HH,DOCSIS3_1,TOTAL,SK,2022,17.6
A,PC_HH,DOCSIS3_1,TOTAL,SK,2023,16.4
A,PC_HH,DOCSIS3_1,TOTAL,SK,2024,26.6
A,PC_HH,DOCSIS3_1,TOTAL,SK,2025,27.7
A,PC_HH,DOCSIS3_1,TOTAL,UK,2020,7.9
A,PC_HH,DOCSIS3_1,TOTAL,UK,2021,23.0
A,PC_HH,DOCSIS3_1,TOTAL,UK,2022,48.2
A,PC_HH,DOCSIS3_1,TOTAL,UK,2023,45.9
A,PC_HH,DOCSIS3_1,TOTAL,UK,2024,44.5
A,PC_HH,DOCSIS3_1,TOTAL,UK,2025,37.9
A,PC_HH,DSL,DEG3,AT,2013,88.3
A,PC_HH,DSL,DEG3,AT,2014,88.9
A,PC_HH,DSL,DEG3,AT,2015,89.1
A,PC_HH,DSL,DEG3,AT,2016,89.2
A,PC_HH,DSL,DEG3,AT,2017,89.2
A,PC_HH,DSL,DEG3,AT,2018,96.4
A,PC_HH,DSL,DEG3,AT,2019,96.8
A,PC_HH,DSL,DEG3,AT,2020,96.2
A,PC_HH,DSL,DEG3,AT,2021,93.7
A,PC_HH,DSL,DEG3,AT,2022,93.6
A,PC_HH,DSL,DEG3,AT,2023,92.7
A,PC_HH,DSL,DEG3,AT,2024,91.8
A,PC_HH,DSL,DEG3,AT,2025,89.2
A,PC_HH,DSL,DEG3,BE,2013,98.9
A,PC_HH,DSL,DEG3,BE,2014,98.8
A,PC_HH,DSL,DEG3,BE,2015,98.8
A,PC_HH,DSL,DEG3,BE,2016,96.9
A,PC_HH,DSL,DEG3,BE,2017,97.3
A,PC_HH,DSL,DEG3,BE,2018,97.2
A,PC_HH,DSL,DEG3,BE,2019,97.8
A,PC_HH,DSL,DEG3,BE,2020,97.8
A,PC_HH,DSL,DEG3,BE,2021,97.0
A,PC_HH,DSL,DEG3,BE,2022,97.8
A,PC_HH,DSL,DEG3,BE,2023,97.4
A,PC_HH,DSL,DEG3,BE,2024,98.1
A,PC_HH,DSL,DEG3,BE,2025,87.8
A,PC_HH,DSL,DEG3,BG,2013,64.2
A,PC_HH,DSL,DEG3,BG,2014,69.4
A,PC_HH,DSL,DEG3,BG,2015,74.1
A,PC_HH,DSL,DEG3,BG,2016,75.3
A,PC_HH,DSL,DEG3,BG,2017,75.6
A,PC_HH,DSL,DEG3,BG,2018,75.8
A,PC_HH,DSL,DEG3,BG,2019,75.8
A,PC_HH,DSL,DEG3,BG,2020,75.8
A,PC_HH,DSL,DEG3,BG,2021,75.7
A,PC_HH,DSL,DEG3,BG,2022,75.7
A,PC_HH,DSL,DEG3,BG,2023,75.7
A,PC_HH,DSL,DEG3,BG,2024,75.6
A,PC_HH,DSL,DEG3,BG,2025,66.1
A,PC_HH,DSL,DEG3,CH,2013,96.3
A,PC_HH,DSL,DEG3,CH,2014,97.4
A,PC_HH,DSL,DEG3,CH,2015,97.4
A,PC_HH,DSL,DEG3,CH,2016,97.4
A,PC_HH,DSL,DEG3,CH,2017,96.3
A,PC_HH,DSL,DEG3,CH,2018,96.3
A,PC_HH,DSL,DEG3,CH,2019,96.4
A,PC_HH,DSL,DEG3,CH,2020,98.4
A,PC_HH,DSL,DEG3,CH,2021,98.4
A,PC_HH,DSL,DEG3,CH,2022,98.4
A,PC_HH,DSL,DEG3,CH,2023,98.8
A,PC_HH,DSL,DEG3,CH,2024,87.6
A,PC_HH,DSL,DEG3,CH,2025,97.4
A,PC_HH,DSL,DEG3,CY,2013,100.0
A,PC_HH,DSL,DEG3,CY,2014,100.0
A,PC_HH,DSL,DEG3,CY,2015,100.0
A,PC_HH,DSL,DEG3,CY,2016,100.0
A,PC_HH,DSL,DEG3,CY,2017,100.0
A,PC_HH,DSL,DEG3,CY,2018,100.0
A,PC_HH,DSL,DEG3,CY,2019,100.0
A,PC_HH,DSL,DEG3,CY,2020,100.0
A,PC_HH,DSL,DEG3,CY,2021,100.0
A,PC_HH,DSL,DEG3,CY,2022,100.0
A,PC_HH,DSL,DEG3,CY,2023,100.0
A,PC_HH,DSL,DEG3,CY,2024,100.0
A,PC_HH,DSL,DEG3,CY,2025,100.0
A,PC_HH,DSL,DEG3,CZ,2013,80.1
A,PC_HH,DSL,DEG3,CZ,2014,80.8
A,PC_HH,DSL,DEG3,CZ,2015,80.8
A,PC_HH,DSL,DEG3,CZ,2016,81.7
A,PC_HH,DSL,DEG3,CZ,2017,83.4
A,PC_HH,DSL,DEG3,CZ,2018,85.3
A,PC_HH,DSL,DEG3,CZ,2019,87.8
A,PC_HH,DSL,DEG3,CZ,2020,88.2
A,PC_HH,DSL,DEG3,CZ,2021,92.9
A,PC_HH,DSL,DEG3,CZ,2022,93.1
A,PC_HH,DSL,DEG3,CZ,2023,77.6
A,PC_HH,DSL,DEG3,CZ,2024,85.1
A,PC_HH,DSL,DEG3,CZ,2025,87.6
A,PC_HH,DSL,DEG3,DE,2013,82.4
A,PC_HH,DSL,DEG3,DE,2014,84.7
A,PC_HH,DSL,DEG3,DE,2015,86.0
A,PC_HH,DSL,DEG3,DE,2016,87.6
A,PC_HH,DSL,DEG3,DE,2017,87.8
A,PC_HH,DSL,DEG3,DE,2018,89.2
A,PC_HH,DSL,DEG3,DE,2019,91.3
A,PC_HH,DSL,DEG3,DE,2020,94.6
A,PC_HH,DSL,DEG3,DE,2021,97.3
A,PC_HH,DSL,DEG3,DE,2022,94.4
A,PC_HH,DSL,DEG3,DE,2023,94.6
A,PC_HH,DSL,DEG3,DE,2024,94.5
A,PC_HH,DSL,DEG3,DE,2025,92.5
A,PC_HH,DSL,DEG3,DK,2013,89.2
A,PC_HH,DSL,DEG3,DK,2014,95.0
A,PC_HH,DSL,DEG3,DK,2015,93.2
A,PC_HH,DSL,DEG3,DK,2016,93.5
A,PC_HH,DSL,DEG3,DK,2017,93.4
A,PC_HH,DSL,DEG3,DK,2018,93.0
A,PC_HH,DSL,DEG3,DK,2019,92.4
A,PC_HH,DSL,DEG3,DK,2020,92.1
A,PC_HH,DSL,DEG3,DK,2021,90.2
A,PC_HH,DSL,DEG3,DK,2022,90.6
A,PC_HH,DSL,DEG3,DK,2023,89.7
A,PC_HH,DSL,DEG3,DK,2024,86.1
A,PC_HH,DSL,DEG3,DK,2025,73.9
A,PC_HH,DSL,DEG3,EE,2013,34.4
A,PC_HH,DSL,DEG3,EE,2014,35.8
A,PC_HH,DSL,DEG3,EE,2015,35.9
A,PC_HH,DSL,DEG3,EE,2016,36.4
A,PC_HH,DSL,DEG3,EE,2017,32.4
A,PC_HH,DSL,DEG3,EE,2018,47.0
A,PC_HH,DSL,DEG3,EE,2019,47.0
A,PC_HH,DSL,DEG3,EE,2020,47.0
A,PC_HH,DSL,DEG3,EE,2021,53.4
A,PC_HH,DSL,DEG3,EE,2022,50.2
A,PC_HH,DSL,DEG3,EE,2023,51.6
A,PC_HH,DSL,DEG3,EE,2024,27.0
A,PC_HH,DSL,DEG3,EE,2025,24.8
A,PC_HH,DSL,DEG3,EL,2013,74.9
A,PC_HH,DSL,DEG3,EL,2014,75.8
A,PC_HH,DSL,DEG3,EL,2015,76.7
A,PC_HH,DSL,DEG3,EL,2016,78.1
A,PC_HH,DSL,DEG3,EL,2017,87.0
A,PC_HH,DSL,DEG3,EL,2018,96.0
A,PC_HH,DSL,DEG3,EL,2019,96.4
A,PC_HH,DSL,DEG3,EL,2020,95.2
A,PC_HH,DSL,DEG3,EL,2021,95.3
A,PC_HH,DSL,DEG3,EL,2022,97.8
A,PC_HH,DSL,DEG3,EL,2023,90.9
A,PC_HH,DSL,DEG3,EL,2024,92.3
A,PC_HH,DSL,DEG3,EL,2025,92.2
A,PC_HH,DSL,DEG3,ES,2013,86.2
A,PC_HH,DSL,DEG3,ES,2014,80.5
A,PC_HH,DSL,DEG3,ES,2015,80.5
A,PC_HH,DSL,DEG3,ES,2016,83.9
A,PC_HH,DSL,DEG3,ES,2017,84.1
A,PC_HH,DSL,DEG3,ES,2018,84.0
A,PC_HH,DSL,DEG3,ES,2019,84.1
A,PC_HH,DSL,DEG3,ES,2020,83.1
A,PC_HH,DSL,DEG3,ES,2021,85.4
A,PC_HH,DSL,DEG3,ES,2022,54.5
A,PC_HH,DSL,DEG3,ES,2023,19.8
A,PC_HH,DSL,DEG3,FI,2013,78.0
A,PC_HH,DSL,DEG3,FI,2014,79.4
A,PC_HH,DSL,DEG3,FI,2015,80.2
A,PC_HH,DSL,DEG3,FI,2016,81.7
A,PC_HH,DSL,DEG3,FI,2017,81.7
A,PC_HH,DSL,DEG3,FI,2018,81.8
A,PC_HH,DSL,DEG3,FI,2019,81.7
A,PC_HH,DSL,DEG3,FI,2020,78.3
A,PC_HH,DSL,DEG3,FI,2021,74.4
A,PC_HH,DSL,DEG3,FI,2022,59.5
A,PC_HH,DSL,DEG3,FI,2023,42.0
A,PC_HH,DSL,DEG3,FI,2024,29.7
A,PC_HH,DSL,DEG3,FI,2025,17.6
A,PC_HH,DSL,DEG3,FR,2013,98.3
A,PC_HH,DSL,DEG3,FR,2014,98.4
A,PC_HH,DSL,DEG3,FR,2015,98.6
A,PC_HH,DSL,DEG3,FR,2016,99.6
A,PC_HH,DSL,DEG3,FR,2017,100.0
A,PC_HH,DSL,DEG3,FR,2018,99.9
A,PC_HH,DSL,DEG3,FR,2019,99.9
A,PC_HH,DSL,DEG3,FR,2020,99.0
A,PC_HH,DSL,DEG3,FR,2021,98.2
A,PC_HH,DSL,DEG3,FR,2022,97.6
A,PC_HH,DSL,DEG3,FR,2023,98.2
A,PC_HH,DSL,DEG3,FR,2024,97.9
A,PC_HH,DSL,DEG3,FR,2025,96.0
A,PC_HH,DSL,DEG3,HR,2013,82.3
A,PC_HH,DSL,DEG3,HR,2014,84.9
A,PC_HH,DSL,DEG3,HR,2015,86.1
A,PC_HH,DSL,DEG3,HR,2016,86.4
A,PC_HH,DSL,DEG3,HR,2017,96.7
A,PC_HH,DSL,DEG3,HR,2018,98.8
A,PC_HH,DSL,DEG3,HR,2019,98.8
A,PC_HH,DSL,DEG3,HR,2020,98.9
A,PC_HH,DSL,DEG3,HR,2021,98.9
A,PC_HH,DSL,DEG3,HR,2022,91.9
A,PC_HH,DSL,DEG3,HR,2023,92.8
A,PC_HH,DSL,DEG3,HR,2024,92.8
A,PC_HH,DSL,DEG3,HR,2025,92.7
A,PC_HH,DSL,DEG3,HU,2013,72.6
A,PC_HH,DSL,DEG3,HU,2014,71.9
A,PC_HH,DSL,DEG3,HU,2015,73.8
A,PC_HH,DSL,DEG3,HU,2016,74.0
A,PC_HH,DSL,DEG3,HU,2017,74.0
A,PC_HH,DSL,DEG3,HU,2018,82.8
A,PC_HH,DSL,DEG3,HU,2019,87.9
A,PC_HH,DSL,DEG3,HU,2020,89.6
A,PC_HH,DSL,DEG3,HU,2021,91.1
A,PC_HH,DSL,DEG3,HU,2022,91.8
A,PC_HH,DSL,DEG3,HU,2023,78.1
A,PC_HH,DSL,DEG3,HU,2024,75.0
A,PC_HH,DSL,DEG3,HU,2025,72.1
A,PC_HH,DSL,DEG3,IE,2013,86.0
A,PC_HH,DSL,DEG3,IE,2014,86.8
A,PC_HH,DSL,DEG3,IE,2015,87.0
A,PC_HH,DSL,DEG3,IE,2016,87.0
A,PC_HH,DSL,DEG3,IE,2017,87.0
A,PC_HH,DSL,DEG3,IE,2018,87.0
A,PC_HH,DSL,DEG3,IE,2019,86.0
A,PC_HH,DSL,DEG3,IE,2020,84.0
A,PC_HH,DSL,DEG3,IE,2021,83.0
A,PC_HH,DSL,DEG3,IE,2022,82.3
A,PC_HH,DSL,DEG3,IE,2023,82.6
A,PC_HH,DSL,DEG3,IE,2024,82.6
A,PC_HH,DSL,DEG3,IE,2025,71.3
A,PC_HH,DSL,DEG3,IS,2013,60.2
A,PC_HH,DSL,DEG3,IS,2014,61.3
A,PC_HH,DSL,DEG3,IS,2015,61.4
A,PC_HH,DSL,DEG3,IS,2016,64.2
A,PC_HH,DSL,DEG3,IS,2017,67.0
A,PC_HH,DSL,DEG3,IS,2018,65.2
A,PC_HH,DSL,DEG3,IS,2019,64.7
A,PC_HH,DSL,DEG3,IS,2020,57.5
A,PC_HH,DSL,DEG3,IS,2021,48.9
A,PC_HH,DSL,DEG3,IS,2022,48.0
A,PC_HH,DSL,DEG3,IS,2023,49.5
A,PC_HH,DSL,DEG3,IS,2024,36.0
A,PC_HH,DSL,DEG3,IS,2025,1.6
A,PC_HH,DSL,DEG3,IT,2013,90.3
A,PC_HH,DSL,DEG3,IT,2014,88.3
A,PC_HH,DSL,DEG3,IT,2015,89.4
A,PC_HH,DSL,DEG3,IT,2016,89.4
A,PC_HH,DSL,DEG3,IT,2017,91.0
A,PC_HH,DSL,DEG3,IT,2018,97.4
A,PC_HH,DSL,DEG3,IT,2019,97.3
A,PC_HH,DSL,DEG3,IT,2020,98.2
A,PC_HH,DSL,DEG3,IT,2021,98.9
A,PC_HH,DSL,DEG3,IT,2022,98.8
A,PC_HH,DSL,DEG3,IT,2023,98.9
A,PC_HH,DSL,DEG3,IT,2024,98.8
A,PC_HH,DSL,DEG3,IT,2025,98.7
A,PC_HH,DSL,DEG3,LT,2013,48.1
A,PC_HH,DSL,DEG3,LT,2014,48.4
A,PC_HH,DSL,DEG3,LT,2015,48.8
A,PC_HH,DSL,DEG3,LT,2016,49.1
A,PC_HH,DSL,DEG3,LT,2017,49.3
A,PC_HH,DSL,DEG3,LT,2018,50.2
A,PC_HH,DSL,DEG3,LT,2019,51.6
A,PC_HH,DSL,DEG3,LT,2020,52.6
A,PC_HH,DSL,DEG3,LT,2021,62.6
A,PC_HH,DSL,DEG3,LT,2022,61.3
A,PC_HH,DSL,DEG3,LT,2023,61.4
A,PC_HH,DSL,DEG3,LT,2024,58.3
A,PC_HH,DSL,DEG3,LT,2025,55.9
A,PC_HH,DSL,DEG3,LU,2013,100.0
A,PC_HH,DSL,DEG3,LU,2014,100.0
A,PC_HH,DSL,DEG3,LU,2015,100.0
A,PC_HH,DSL,DEG3,LU,2016,99.7
A,PC_HH,DSL,DEG3,LU,2017,99.7
A,PC_HH,DSL,DEG3,LU,2018,97.0
A,PC_HH,DSL,DEG3,LU,2019,93.0
A,PC_HH,DSL,DEG3,LU,2020,86.0
A,PC_HH,DSL,DEG3,LU,2021,82.8
A,PC_HH,DSL,DEG3,LU,2022,66.4
A,PC_HH,DSL,DEG3,LU,2023,53.7
A,PC_HH,DSL,DEG3,LU,2024,49.4
A,PC_HH,DSL,DEG3,LU,2025,31.5
A,PC_HH,DSL,DEG3,LV,2013,34.0
A,PC_HH,DSL,DEG3,LV,2014,31.5
A,PC_HH,DSL,DEG3,LV,2015,30.3
A,PC_HH,DSL,DEG3,LV,2016,31.0
A,PC_HH,DSL,DEG3,LV,2017,28.7
A,PC_HH,DSL,DEG3,LV,2018,30.0
A,PC_HH,DSL,DEG3,LV,2019,26.9
A,PC_HH,DSL,DEG3,LV,2020,25.9
A,PC_HH,DSL,DEG3,LV,2021,26.9
A,PC_HH,DSL,DEG3,LV,2022,26.7
A,PC_HH,DSL,DEG3,LV,2023,26.3
A,PC_HH,DSL,DEG3,LV,2024,30.7
A,PC_HH,DSL,DEG3,LV,2025,29.4
A,PC_HH,DSL,DEG3,MT,2013,99.0
A,PC_HH,DSL,DEG3,MT,2014,100.0
A,PC_HH,DSL,DEG3,MT,2015,100.0
A,PC_HH,DSL,DEG3,MT,2016,100.0
A,PC_HH,DSL,DEG3,MT,2017,100.0
A,PC_HH,DSL,DEG3,MT,2018,100.0
A,PC_HH,DSL,DEG3,MT,2019,100.0
A,PC_HH,DSL,DEG3,MT,2020,100.0
A,PC_HH,DSL,DEG3,MT,2021,100.0
A,PC_HH,DSL,DEG3,MT,2022,100.0
A,PC_HH,DSL,DEG3,MT,2023,100.0
A,PC_HH,DSL,DEG3,MT,2024,100.0
A,PC_HH,DSL,DEG3,MT,2025,100.0
A,PC_HH,DSL,DEG3,NL,2013,78.9
A,PC_HH,DSL,DEG3,NL,2014,78.9
A,PC_HH,DSL,DEG3,NL,2015,78.9
A,PC_HH,DSL,DEG3,NL,2016,78.9
A,PC_HH,DSL,DEG3,NL,2017,78.9
A,PC_HH,DSL,DEG3,NL,2018,79.0
A,PC_HH,DSL,DEG3,NL,2019,80.1
A,PC_HH,DSL,DEG3,NL,2020,82.2
A,PC_HH,DSL,DEG3,NL,2021,82.5
A,PC_HH,DSL,DEG3,NL,2022,83.6
A,PC_HH,DSL,DEG3,NL,2023,82.3
A,PC_HH,DSL,DEG3,NL,2024,81.4
A,PC_HH,DSL,DEG3,NL,2025,79.6
A,PC_HH,DSL,DEG3,NO,2013,74.1
A,PC_HH,DSL,DEG3,NO,2014,70.2
A,PC_HH,DSL,DEG3,NO,2015,67.4
A,PC_HH,DSL,DEG3,NO,2016,71.1
A,PC_HH,DSL,DEG3,NO,2017,65.4
A,PC_HH,DSL,DEG3,NO,2018,73.4
A,PC_HH,DSL,DEG3,NO,2019,77.4
A,PC_HH,DSL,DEG3,NO,2020,78.3
A,PC_HH,DSL,DEG3,NO,2021,75.4
A,PC_HH,DSL,DEG3,NO,2022,74.8
A,PC_HH,DSL,DEG3,NO,2023,74.8
A,PC_HH,DSL,DEG3,NO,2024,74.8
A,PC_HH,DSL,DEG3,PL,2013,39.7
A,PC_HH,DSL,DEG3,PL,2014,40.8
A,PC_HH,DSL,DEG3,PL,2015,41.4
A,PC_HH,DSL,DEG3,PL,2016,42.1
A,PC_HH,DSL,DEG3,PL,2017,42.5
A,PC_HH,DSL,DEG3,PL,2018,43.0
A,PC_HH,DSL,DEG3,PL,2019,45.7
A,PC_HH,DSL,DEG3,PL,2020,43.1
A,PC_HH,DSL,DEG3,PL,2021,44.5
A,PC_HH,DSL,DEG3,PL,2022,43.6
A,PC_HH,DSL,DEG3,PL,2023,21.0
A,PC_HH,DSL,DEG3,PL,2024,14.2
A,PC_HH,DSL,DEG3,PL,2025,14.0
A,PC_HH,DSL,DEG3,PT,2013,76.2
A,PC_HH,DSL,DEG3,PT,2014,77.5
A,PC_HH,DSL,DEG3,PT,2015,78.6
A,PC_HH,DSL,DEG3,PT,2016,79.1
A,PC_HH,DSL,DEG3,PT,2017,80.2
A,PC_HH,DSL,DEG3,PT,2018,79.0
A,PC_HH,DSL,DEG3,PT,2019,70.8
A,PC_HH,DSL,DEG3,PT,2020,71.0
A,PC_HH,DSL,DEG3,PT,2021,70.3
A,PC_HH,DSL,DEG3,PT,2022,70.3
A,PC_HH,DSL,DEG3,PT,2023,70.3
A,PC_HH,DSL,DEG3,PT,2024,69.7
A,PC_HH,DSL,DEG3,PT,2025,39.7
A,PC_HH,DSL,DEG3,RO,2013,62.9
A,PC_HH,DSL,DEG3,RO,2014,63.3
A,PC_HH,DSL,DEG3,RO,2015,63.7
A,PC_HH,DSL,DEG3,RO,2016,65.7
A,PC_HH,DSL,DEG3,RO,2017,66.0
A,PC_HH,DSL,DEG3,RO,2018,59.5
A,PC_HH,DSL,DEG3,RO,2019,58.6
A,PC_HH,DSL,DEG3,RO,2020,57.9
A,PC_HH,DSL,DEG3,RO,2021,56.7
A,PC_HH,DSL,DEG3,RO,2022,54.4
A,PC_HH,DSL,DEG3,RO,2023,36.1
A,PC_HH,DSL,DEG3,RO,2024,23.8
A,PC_HH,DSL,DEG3,RO,2025,0.3
A,PC_HH,DSL,DEG3,SE,2013,88.2
A,PC_HH,DSL,DEG3,SE,2014,89.0
A,PC_HH,DSL,DEG3,SE,2015,89.0
A,PC_HH,DSL,DEG3,SE,2016,87.0
A,PC_HH,DSL,DEG3,SE,2017,78.7
A,PC_HH,DSL,DEG3,SE,2018,69.8
A,PC_HH,DSL,DEG3,SE,2019,63.9
A,PC_HH,DSL,DEG3,SE,2020,62.4
A,PC_HH,DSL,DEG3,SE,2021,56.2
A,PC_HH,DSL,DEG3,SE,2022,41.9
A,PC_HH,DSL,DEG3,SE,2023,26.2
A,PC_HH,DSL,DEG3,SE,2024,16.7
A,PC_HH,DSL,DEG3,SE,2025,0.2
A,PC_HH,DSL,DEG3,SI,2013,79.1
A,PC_HH,DSL,DEG3,SI,2014,81.9
A,PC_HH,DSL,DEG3,SI,2015,82.3
A,PC_HH,DSL,DEG3,SI,2016,86.7
A,PC_HH,DSL,DEG3,SI,2017,86.7
A,PC_HH,DSL,DEG3,SI,2018,87.4
A,PC_HH,DSL,DEG3,SI,2019,86.9
A,PC_HH,DSL,DEG3,SI,2020,86.8
A,PC_HH,DSL,DEG3,SI,2021,86.5
A,PC_HH,DSL,DEG3,SI,2022,86.1
A,PC_HH,DSL,DEG3,SI,2023,84.9
A,PC_HH,DSL,DEG3,SI,2024,84.4
A,PC_HH,DSL,DEG3,SI,2025,63.4
A,PC_HH,DSL,DEG3,SK,2013,38.4
A,PC_HH,DSL,DEG3,SK,2014,50.0
A,PC_HH,DSL,DEG3,SK,2015,66.0
A,PC_HH,DSL,DEG3,SK,2016,69.0
A,PC_HH,DSL,DEG3,SK,2017,69.5
A,PC_HH,DSL,DEG3,SK,2018,69.5
A,PC_HH,DSL,DEG3,SK,2019,70.0
A,PC_HH,DSL,DEG3,SK,2020,74.0
A,PC_HH,DSL,DEG3,SK,2021,80.0
A,PC_HH,DSL,DEG3,SK,2022,74.2
A,PC_HH,DSL,DEG3,SK,2023,82.7
A,PC_HH,DSL,DEG3,SK,2024,78.8
A,PC_HH,DSL,DEG3,SK,2025,73.3
A,PC_HH,DSL,DEG3,UK,2013,99.7
A,PC_HH,DSL,DEG3,UK,2014,99.7
A,PC_HH,DSL,DEG3,UK,2015,99.7
A,PC_HH,DSL,DEG3,UK,2016,99.5
A,PC_HH,DSL,DEG3,UK,2017,99.5
A,PC_HH,DSL,DEG3,UK,2018,99.5
A,PC_HH,DSL,DEG3,UK,2019,99.5
A,PC_HH,DSL,DEG3,UK,2020,99.5
A,PC_HH,DSL,DEG3,UK,2021,98.1
A,PC_HH,DSL,DEG3,UK,2022,98.3
A,PC_HH,DSL,DEG3,UK,2023,98.7
A,PC_HH,DSL,DEG3,UK,2024,98.9
A,PC_HH,DSL,DEG3,UK,2025,99.4
A,PC_HH,DSL,TOTAL,AT,2013,98.3
A,PC_HH,DSL,TOTAL,AT,2014,98.4
A,PC_HH,DSL,TOTAL,AT,2015,98.4
A,PC_HH,DSL,TOTAL,AT,2016,97.2
A,PC_HH,DSL,TOTAL,AT,2017,97.0
A,PC_HH,DSL,TOTAL,AT,2018,96.6
A,PC_HH,DSL,TOTAL,AT,2019,96.9
A,PC_HH,DSL,TOTAL,AT,2020,95.3
A,PC_HH,DSL,TOTAL,AT,2021,97.3
A,PC_HH,DSL,TOTAL,AT,2022,97.0
A,PC_HH,DSL,TOTAL,AT,2023,96.5
A,PC_HH,DSL,TOTAL,AT,2024,95.7
A,PC_HH,DSL,TOTAL,AT,2025,95.8
A,PC_HH,DSL,TOTAL,BE,2013,99.8
A,PC_HH,DSL,TOTAL,BE,2014,99.8
A,PC_HH,DSL,TOTAL,BE,2015,99.8
A,PC_HH,DSL,TOTAL,BE,2016,99.8
A,PC_HH,DSL,TOTAL,BE,2017,99.8
A,PC_HH,DSL,TOTAL,BE,2018,99.8
A,PC_HH,DSL,TOTAL,BE,2019,99.8
A,PC_HH,DSL,TOTAL,BE,2020,99.8
A,PC_HH,DSL,TOTAL,BE,2021,99.8
A,PC_HH,DSL,TOTAL,BE,2022,99.8
A,PC_HH,DSL,TOTAL,BE,2023,99.8
A,PC_HH,DSL,TOTAL,BE,2024,99.8
A,PC_HH,DSL,TOTAL,BE,2025,71.0
A,PC_HH,DSL,TOTAL,BG,2013,85.0
A,PC_HH,DSL,TOTAL,BG,2014,85.1
A,PC_HH,DSL,TOTAL,BG,2015,85.1
A,PC_HH,DSL,TOTAL,BG,2016,85.2
A,PC_HH,DSL,TOTAL,BG,2017,85.2
A,PC_HH,DSL,TOTAL,BG,2018,85.5
A,PC_HH,DSL,TOTAL,BG,2019,85.5
A,PC_HH,DSL,TOTAL,BG,2020,85.5
A,PC_HH,DSL,TOTAL,BG,2021,85.4
A,PC_HH,DSL,TOTAL,BG,2022,85.4
A,PC_HH,DSL,TOTAL,BG,2023,85.4
A,PC_HH,DSL,TOTAL,BG,2024,85.4
A,PC_HH,DSL,TOTAL,BG,2025,84.7
A,PC_HH,DSL,TOTAL,CH,2013,99.4
A,PC_HH,DSL,TOTAL,CH,2014,99.4
A,PC_HH,DSL,TOTAL,CH,2015,99.4
A,PC_HH,DSL,TOTAL,CH,2016,99.4
A,PC_HH,DSL,TOTAL,CH,2017,99.4
A,PC_HH,DSL,TOTAL,CH,2018,99.5
A,PC_HH,DSL,TOTAL,CH,2019,99.5
A,PC_HH,DSL,TOTAL,CH,2020,99.5
A,PC_HH,DSL,TOTAL,CH,2021,99.5
A,PC_HH,DSL,TOTAL,CH,2022,99.5
A,PC_HH,DSL,TOTAL,CH,2023,99.5
A,PC_HH,DSL,TOTAL,CH,2024,87.9
A,PC_HH,DSL,TOTAL,CH,2025,99.4
A,PC_HH,DSL,TOTAL,CY,2013,100.0
A,PC_HH,DSL,TOTAL,CY,2014,100.0
A,PC_HH,DSL,TOTAL,CY,2015,100.0
A,PC_HH,DSL,TOTAL,CY,2016,100.0
A,PC_HH,DSL,TOTAL,CY,2017,100.0
A,PC_HH,DSL,TOTAL,CY,2018,100.0
A,PC_HH,DSL,TOTAL,CY,2019,100.0
A,PC_HH,DSL,TOTAL,CY,2020,100.0
A,PC_HH,DSL,TOTAL,CY,2021,100.0
A,PC_HH,DSL,TOTAL,CY,2022,100.0
A,PC_HH,DSL,TOTAL,CY,2023,100.0
A,PC_HH,DSL,TOTAL,CY,2024,100.0
A,PC_HH,DSL,TOTAL,CY,2025,100.0
A,PC_HH,DSL,TOTAL,CZ,2013,93.0
A,PC_HH,DSL,TOTAL,CZ,2014,93.0
A,PC_HH,DSL,TOTAL,CZ,2015,93.1
A,PC_HH,DSL,TOTAL,CZ,2016,92.2
A,PC_HH,DSL,TOTAL,CZ,2017,93.1
A,PC_HH,DSL,TOTAL,CZ,2018,92.9
A,PC_HH,DSL,TOTAL,CZ,2019,94.9
A,PC_HH,DSL,TOTAL,CZ,2020,96.1
A,PC_HH,DSL,TOTAL,CZ,2021,97.6
A,PC_HH,DSL,TOTAL,CZ,2022,97.6
A,PC_HH,DSL,TOTAL,CZ,2023,91.0
A,PC_HH,DSL,TOTAL,CZ,2024,89.7
A,PC_HH,DSL,TOTAL,CZ,2025,95.2
A,PC_HH,DSL,TOTAL,DE,2013,94.9
A,PC_HH,DSL,TOTAL,DE,2014,94.0
A,PC_HH,DSL,TOTAL,DE,2015,96.6
A,PC_HH,DSL,TOTAL,DE,2016,97.1
A,PC_HH,DSL,TOTAL,DE,2017,97.1
A,PC_HH,DSL,TOTAL,DE,2018,97.4
A,PC_HH,DSL,TOTAL,DE,2019,97.9
A,PC_HH,DSL,TOTAL,DE,2020,98.7
A,PC_HH,DSL,TOTAL,DE,2021,99.4
A,PC_HH,DSL,TOTAL,DE,2022,97.7
A,PC_HH,DSL,TOTAL,DE,2023,96.7
A,PC_HH,DSL,TOTAL,DE,2024,96.4
A,PC_HH,DSL,TOTAL,DE,2025,94.7
A,PC_HH,DSL,TOTAL,DK,2013,98.2
A,PC_HH,DSL,TOTAL,DK,2014,99.6
A,PC_HH,DSL,TOTAL,DK,2015,98.0
A,PC_HH,DSL,TOTAL,DK,2016,97.2
A,PC_HH,DSL,TOTAL,DK,2017,96.1
A,PC_HH,DSL,TOTAL,DK,2018,95.2
A,PC_HH,DSL,TOTAL,DK,2019,94.2
A,PC_HH,DSL,TOTAL,DK,2020,93.2
A,PC_HH,DSL,TOTAL,DK,2021,90.6
A,PC_HH,DSL,TOTAL,DK,2022,89.2
A,PC_HH,DSL,TOTAL,DK,2023,87.8
A,PC_HH,DSL,TOTAL,DK,2024,78.5
A,PC_HH,DSL,TOTAL,DK,2025,69.7
A,PC_HH,DSL,TOTAL,EE,2013,71.3
A,PC_HH,DSL,TOTAL,EE,2014,72.1
A,PC_HH,DSL,TOTAL,EE,2015,73.6
A,PC_HH,DSL,TOTAL,EE,2016,73.7
A,PC_HH,DSL,TOTAL,EE,2017,69.3
A,PC_HH,DSL,TOTAL,EE,2018,69.1
A,PC_HH,DSL,TOTAL,EE,2019,69.2
A,PC_HH,DSL,TOTAL,EE,2020,71.2
A,PC_HH,DSL,TOTAL,EE,2021,65.4
A,PC_HH,DSL,TOTAL,EE,2022,61.4
A,PC_HH,DSL,TOTAL,EE,2023,58.8
A,PC_HH,DSL,TOTAL,EE,2024,56.5
A,PC_HH,DSL,TOTAL,EE,2025,34.5
A,PC_HH,DSL,TOTAL,EL,2013,94.4
A,PC_HH,DSL,TOTAL,EL,2014,95.0
A,PC_HH,DSL,TOTAL,EL,2015,95.2
A,PC_HH,DSL,TOTAL,EL,2016,95.6
A,PC_HH,DSL,TOTAL,EL,2017,96.1
A,PC_HH,DSL,TOTAL,EL,2018,96.4
A,PC_HH,DSL,TOTAL,EL,2019,98.9
A,PC_HH,DSL,TOTAL,EL,2020,98.8
A,PC_HH,DSL,TOTAL,EL,2021,98.8
A,PC_HH,DSL,TOTAL,EL,2022,97.9
A,PC_HH,DSL,TOTAL,EL,2023,96.0
A,PC_HH,DSL,TOTAL,EL,2024,95.5
A,PC_HH,DSL,TOTAL,EL,2025,94.8
A,PC_HH,DSL,TOTAL,ES,2013,91.0
A,PC_HH,DSL,TOTAL,ES,2014,88.5
A,PC_HH,DSL,TOTAL,ES,2015,88.5
A,PC_HH,DSL,TOTAL,ES,2016,90.1
A,PC_HH,DSL,TOTAL,ES,2017,90.0
A,PC_HH,DSL,TOTAL,ES,2018,89.8
A,PC_HH,DSL,TOTAL,ES,2019,89.8
A,PC_HH,DSL,TOTAL,ES,2020,89.1
A,PC_HH,DSL,TOTAL,ES,2021,88.8
A,PC_HH,DSL,TOTAL,ES,2022,78.7
A,PC_HH,DSL,TOTAL,ES,2023,31.6
A,PC_HH,DSL,TOTAL,FI,2013,93.4
A,PC_HH,DSL,TOTAL,FI,2014,94.0
A,PC_HH,DSL,TOTAL,FI,2015,94.0
A,PC_HH,DSL,TOTAL,FI,2016,94.0
A,PC_HH,DSL,TOTAL,FI,2017,94.0
A,PC_HH,DSL,TOTAL,FI,2018,86.5
A,PC_HH,DSL,TOTAL,FI,2019,78.9
A,PC_HH,DSL,TOTAL,FI,2020,71.0
A,PC_HH,DSL,TOTAL,FI,2021,60.2
A,PC_HH,DSL,TOTAL,FI,2022,42.0
A,PC_HH,DSL,TOTAL,FI,2023,27.5
A,PC_HH,DSL,TOTAL,FI,2024,20.2
A,PC_HH,DSL,TOTAL,FI,2025,13.7
A,PC_HH,DSL,TOTAL,FR,2013,99.4
A,PC_HH,DSL,TOTAL,FR,2014,99.5
A,PC_HH,DSL,TOTAL,FR,2015,99.5
A,PC_HH,DSL,TOTAL,FR,2016,99.9
A,PC_HH,DSL,TOTAL,FR,2017,100.0
A,PC_HH,DSL,TOTAL,FR,2018,100.0
A,PC_HH,DSL,TOTAL,FR,2019,100.0
A,PC_HH,DSL,TOTAL,FR,2020,99.2
A,PC_HH,DSL,TOTAL,FR,2021,98.8
A,PC_HH,DSL,TOTAL,FR,2022,97.5
A,PC_HH,DSL,TOTAL,FR,2023,97.3
A,PC_HH,DSL,TOTAL,FR,2024,98.9
A,PC_HH,DSL,TOTAL,FR,2025,96.9
A,PC_HH,DSL,TOTAL,HR,2013,94.3
A,PC_HH,DSL,TOTAL,HR,2014,94.6
A,PC_HH,DSL,TOTAL,HR,2015,94.7
A,PC_HH,DSL,TOTAL,HR,2016,94.9
A,PC_HH,DSL,TOTAL,HR,2017,98.8
A,PC_HH,DSL,TOTAL,HR,2018,99.7
A,PC_HH,DSL,TOTAL,HR,2019,99.8
A,PC_HH,DSL,TOTAL,HR,2020,99.8
A,PC_HH,DSL,TOTAL,HR,2021,99.7
A,PC_HH,DSL,TOTAL,HR,2022,98.1
A,PC_HH,DSL,TOTAL,HR,2023,98.0
A,PC_HH,DSL,TOTAL,HR,2024,97.6
A,PC_HH,DSL,TOTAL,HR,2025,97.3
A,PC_HH,DSL,TOTAL,HU,2013,88.7
A,PC_HH,DSL,TOTAL,HU,2014,88.7
A,PC_HH,DSL,TOTAL,HU,2015,90.5
A,PC_HH,DSL,TOTAL,HU,2016,90.5
A,PC_HH,DSL,TOTAL,HU,2017,90.5
A,PC_HH,DSL,TOTAL,HU,2018,86.2
A,PC_HH,DSL,TOTAL,HU,2019,87.4
A,PC_HH,DSL,TOTAL,HU,2020,84.6
A,PC_HH,DSL,TOTAL,HU,2021,84.2
A,PC_HH,DSL,TOTAL,HU,2022,77.3
A,PC_HH,DSL,TOTAL,HU,2023,66.7
A,PC_HH,DSL,TOTAL,HU,2024,64.4
A,PC_HH,DSL,TOTAL,HU,2025,62.4
A,PC_HH,DSL,TOTAL,IE,2013,92.5
A,PC_HH,DSL,TOTAL,IE,2014,92.5
A,PC_HH,DSL,TOTAL,IE,2015,92.5
A,PC_HH,DSL,TOTAL,IE,2016,92.5
A,PC_HH,DSL,TOTAL,IE,2017,91.0
A,PC_HH,DSL,TOTAL,IE,2018,90.5
A,PC_HH,DSL,TOTAL,IE,2019,90.0
A,PC_HH,DSL,TOTAL,IE,2020,90.0
A,PC_HH,DSL,TOTAL,IE,2021,89.9
A,PC_HH,DSL,TOTAL,IE,2022,90.0
A,PC_HH,DSL,TOTAL,IE,2023,91.6
A,PC_HH,DSL,TOTAL,IE,2024,84.9
A,PC_HH,DSL,TOTAL,IE,2025,82.6
A,PC_HH,DSL,TOTAL,IS,2013,85.1
A,PC_HH,DSL,TOTAL,IS,2014,87.7
A,PC_HH,DSL,TOTAL,IS,2015,87.8
A,PC_HH,DSL,TOTAL,IS,2016,88.5
A,PC_HH,DSL,TOTAL,IS,2017,90.5
A,PC_HH,DSL,TOTAL,IS,2018,93.9
A,PC_HH,DSL,TOTAL,IS,2019,97.4
A,PC_HH,DSL,TOTAL,IS,2020,93.2
A,PC_HH,DSL,TOTAL,IS,2021,89.0
A,PC_HH,DSL,TOTAL,IS,2022,89.0
A,PC_HH,DSL,TOTAL,IS,2023,90.8
A,PC_HH,DSL,TOTAL,IS,2024,82.7
A,PC_HH,DSL,TOTAL,IS,2025,52.6
A,PC_HH,DSL,TOTAL,IT,2013,97.1
A,PC_HH,DSL,TOTAL,IT,2014,98.2
A,PC_HH,DSL,TOTAL,IT,2015,98.4
A,PC_HH,DSL,TOTAL,IT,2016,98.5
A,PC_HH,DSL,TOTAL,IT,2017,98.6
A,PC_HH,DSL,TOTAL,IT,2018,99.7
A,PC_HH,DSL,TOTAL,IT,2019,99.6
A,PC_HH,DSL,TOTAL,IT,2020,99.6
A,PC_HH,DSL,TOTAL,IT,2021,99.8
A,PC_HH,DSL,TOTAL,IT,2022,99.8
A,PC_HH,DSL,TOTAL,IT,2023,99.8
A,PC_HH,DSL,TOTAL,IT,2024,99.8
A,PC_HH,DSL,TOTAL,IT,2025,99.8
A,PC_HH,DSL,TOTAL,LT,2013,69.1
A,PC_HH,DSL,TOTAL,LT,2014,69.2
A,PC_HH,DSL,TOTAL,LT,2015,69.3
A,PC_HH,DSL,TOTAL,LT,2016,69.8
A,PC_HH,DSL,TOTAL,LT,2017,69.9
A,PC_HH,DSL,TOTAL,LT,2018,69.9
A,PC_HH,DSL,TOTAL,LT,2019,70.6
A,PC_HH,DSL,TOTAL,LT,2020,72.9
A,PC_HH,DSL,TOTAL,LT,2021,85.5
A,PC_HH,DSL,TOTAL,LT,2022,85.2
A,PC_HH,DSL,TOTAL,LT,2023,85.2
A,PC_HH,DSL,TOTAL,LT,2024,83.9
A,PC_HH,DSL,TOTAL,LT,2025,84.1
A,PC_HH,DSL,TOTAL,LU,2013,100.0
A,PC_HH,DSL,TOTAL,LU,2014,100.0
A,PC_HH,DSL,TOTAL,LU,2015,100.0
A,PC_HH,DSL,TOTAL,LU,2016,100.0
A,PC_HH,DSL,TOTAL,LU,2017,100.0
A,PC_HH,DSL,TOTAL,LU,2018,89.0
A,PC_HH,DSL,TOTAL,LU,2019,83.4
A,PC_HH,DSL,TOTAL,LU,2020,72.0
A,PC_HH,DSL,TOTAL,LU,2021,65.6
A,PC_HH,DSL,TOTAL,LU,2022,59.7
A,PC_HH,DSL,TOTAL,LU,2023,23.6
A,PC_HH,DSL,TOTAL,LU,2024,23.3
A,PC_HH,DSL,TOTAL,LU,2025,15.6
A,PC_HH,DSL,TOTAL,LV,2013,38.0
A,PC_HH,DSL,TOTAL,LV,2014,30.0
A,PC_HH,DSL,TOTAL,LV,2015,28.9
A,PC_HH,DSL,TOTAL,LV,2016,26.6
A,PC_HH,DSL,TOTAL,LV,2017,25.3
A,PC_HH,DSL,TOTAL,LV,2018,24.9
A,PC_HH,DSL,TOTAL,LV,2019,23.6
A,PC_HH,DSL,TOTAL,LV,2020,22.7
A,PC_HH,DSL,TOTAL,LV,2021,21.6
A,PC_HH,DSL,TOTAL,LV,2022,21.4
A,PC_HH,DSL,TOTAL,LV,2023,21.4
A,PC_HH,DSL,TOTAL,LV,2024,27.4
A,PC_HH,DSL,TOTAL,LV,2025,25.8
A,PC_HH,DSL,TOTAL,MT,2013,100.0
A,PC_HH,DSL,TOTAL,MT,2014,100.0
A,PC_HH,DSL,TOTAL,MT,2015,100.0
A,PC_HH,DSL,TOTAL,MT,2016,100.0
A,PC_HH,DSL,TOTAL,MT,2017,100.0
A,PC_HH,DSL,TOTAL,MT,2018,100.0
A,PC_HH,DSL,TOTAL,MT,2019,100.0
A,PC_HH,DSL,TOTAL,MT,2020,100.0
A,PC_HH,DSL,TOTAL,MT,2021,100.0
A,PC_HH,DSL,TOTAL,MT,2022,100.0
A,PC_HH,DSL,TOTAL,MT,2023,100.0
A,PC_HH,DSL,TOTAL,MT,2024,100.0
A,PC_HH,DSL,TOTAL,MT,2025,60.0
A,PC_HH,DSL,TOTAL,NL,2013,69.7
A,PC_HH,DSL,TOTAL,NL,2014,69.7
A,PC_HH,DSL,TOTAL,NL,2015,69.7
A,PC_HH,DSL,TOTAL,NL,2016,69.7
A,PC_HH,DSL,TOTAL,NL,2017,69.8
A,PC_HH,DSL,TOTAL,NL,2018,69.6
A,PC_HH,DSL,TOTAL,NL,2019,69.4
A,PC_HH,DSL,TOTAL,NL,2020,69.3
A,PC_HH,DSL,TOTAL,NL,2021,61.1
A,PC_HH,DSL,TOTAL,NL,2022,57.6
A,PC_HH,DSL,TOTAL,NL,2023,53.8
A,PC_HH,DSL,TOTAL,NL,2024,48.6
A,PC_HH,DSL,TOTAL,NL,2025,42.6
A,PC_HH,DSL,TOTAL,NO,2013,93.5
A,PC_HH,DSL,TOTAL,NO,2014,90.4
A,PC_HH,DSL,TOTAL,NO,2015,89.5
A,PC_HH,DSL,TOTAL,NO,2016,90.6
A,PC_HH,DSL,TOTAL,NO,2017,91.6
A,PC_HH,DSL,TOTAL,NO,2018,93.8
A,PC_HH,DSL,TOTAL,NO,2019,94.0
A,PC_HH,DSL,TOTAL,NO,2020,94.7
A,PC_HH,DSL,TOTAL,NO,2021,92.5
A,PC_HH,DSL,TOTAL,NO,2022,91.6
A,PC_HH,DSL,TOTAL,NO,2023,91.6
A,PC_HH,DSL,TOTAL,NO,2024,91.6
A,PC_HH,DSL,TOTAL,PL,2013,65.4
A,PC_HH,DSL,TOTAL,PL,2014,65.8
A,PC_HH,DSL,TOTAL,PL,2015,66.0
A,PC_HH,DSL,TOTAL,PL,2016,65.7
A,PC_HH,DSL,TOTAL,PL,2017,65.2
A,PC_HH,DSL,TOTAL,PL,2018,65.4
A,PC_HH,DSL,TOTAL,PL,2019,65.4
A,PC_HH,DSL,TOTAL,PL,2020,63.4
A,PC_HH,DSL,TOTAL,PL,2021,64.5
A,PC_HH,DSL,TOTAL,PL,2022,57.1
A,PC_HH,DSL,TOTAL,PL,2023,54.9
A,PC_HH,DSL,TOTAL,PL,2024,54.3
A,PC_HH,DSL,TOTAL,PL,2025,52.5
A,PC_HH,DSL,TOTAL,PT,2013,86.2
A,PC_HH,DSL,TOTAL,PT,2014,85.9
A,PC_HH,DSL,TOTAL,PT,2015,85.5
A,PC_HH,DSL,TOTAL,PT,2016,87.7
A,PC_HH,DSL,TOTAL,PT,2017,86.1
A,PC_HH,DSL,TOTAL,PT,2018,86.0
A,PC_HH,DSL,TOTAL,PT,2019,85.4
A,PC_HH,DSL,TOTAL,PT,2020,85.4
A,PC_HH,DSL,TOTAL,PT,2021,85.4
A,PC_HH,DSL,TOTAL,PT,2022,85.4
A,PC_HH,DSL,TOTAL,PT,2023,85.3
A,PC_HH,DSL,TOTAL,PT,2024,84.9
A,PC_HH,DSL,TOTAL,PT,2025,80.0
A,PC_HH,DSL,TOTAL,RO,2013,75.8
A,PC_HH,DSL,TOTAL,RO,2014,71.4
A,PC_HH,DSL,TOTAL,RO,2015,68.3
A,PC_HH,DSL,TOTAL,RO,2016,65.9
A,PC_HH,DSL,TOTAL,RO,2017,61.9
A,PC_HH,DSL,TOTAL,RO,2018,57.8
A,PC_HH,DSL,TOTAL,RO,2019,56.7
A,PC_HH,DSL,TOTAL,RO,2020,55.9
A,PC_HH,DSL,TOTAL,RO,2021,55.1
A,PC_HH,DSL,TOTAL,RO,2022,53.0
A,PC_HH,DSL,TOTAL,RO,2023,37.5
A,PC_HH,DSL,TOTAL,RO,2024,28.5
A,PC_HH,DSL,TOTAL,RO,2025,1.1
A,PC_HH,DSL,TOTAL,SE,2013,98.0
A,PC_HH,DSL,TOTAL,SE,2014,97.9
A,PC_HH,DSL,TOTAL,SE,2015,97.9
A,PC_HH,DSL,TOTAL,SE,2016,98.0
A,PC_HH,DSL,TOTAL,SE,2017,93.2
A,PC_HH,DSL,TOTAL,SE,2018,90.7
A,PC_HH,DSL,TOTAL,SE,2019,89.3
A,PC_HH,DSL,TOTAL,SE,2020,88.9
A,PC_HH,DSL,TOTAL,SE,2021,87.4
A,PC_HH,DSL,TOTAL,SE,2022,82.8
A,PC_HH,DSL,TOTAL,SE,2023,77.7
A,PC_HH,DSL,TOTAL,SE,2024,28.9
A,PC_HH,DSL,TOTAL,SE,2025,1.6
A,PC_HH,DSL,TOTAL,SI,2013,90.6
A,PC_HH,DSL,TOTAL,SI,2014,90.8
A,PC_HH,DSL,TOTAL,SI,2015,90.9
A,PC_HH,DSL,TOTAL,SI,2016,95.8
A,PC_HH,DSL,TOTAL,SI,2017,95.8
A,PC_HH,DSL,TOTAL,SI,2018,96.1
A,PC_HH,DSL,TOTAL,SI,2019,95.9
A,PC_HH,DSL,TOTAL,SI,2020,95.9
A,PC_HH,DSL,TOTAL,SI,2021,95.8
A,PC_HH,DSL,TOTAL,SI,2022,95.6
A,PC_HH,DSL,TOTAL,SI,2023,95.2
A,PC_HH,DSL,TOTAL,SI,2024,94.9
A,PC_HH,DSL,TOTAL,SI,2025,79.5
A,PC_HH,DSL,TOTAL,SK,2013,70.5
A,PC_HH,DSL,TOTAL,SK,2014,70.9
A,PC_HH,DSL,TOTAL,SK,2015,71.2
A,PC_HH,DSL,TOTAL,SK,2016,72.5
A,PC_HH,DSL,TOTAL,SK,2017,74.6
A,PC_HH,DSL,TOTAL,SK,2018,77.0
A,PC_HH,DSL,TOTAL,SK,2019,77.0
A,PC_HH,DSL,TOTAL,SK,2020,77.0
A,PC_HH,DSL,TOTAL,SK,2021,71.5
A,PC_HH,DSL,TOTAL,SK,2022,66.9
A,PC_HH,DSL,TOTAL,SK,2023,55.9
A,PC_HH,DSL,TOTAL,SK,2024,51.8
A,PC_HH,DSL,TOTAL,SK,2025,47.4
A,PC_HH,DSL,TOTAL,UK,2013,100.0
A,PC_HH,DSL,TOTAL,UK,2014,100.0
A,PC_HH,DSL,TOTAL,UK,2015,100.0
A,PC_HH,DSL,TOTAL,UK,2016,100.0
A,PC_HH,DSL,TOTAL,UK,2017,100.0
A,PC_HH,DSL,TOTAL,UK,2018,100.0
A,PC_HH,DSL,TOTAL,UK,2019,100.0
A,PC_HH,DSL,TOTAL,UK,2020,100.0
A,PC_HH,DSL,TOTAL,UK,2021,99.7
A,PC_HH,DSL,TOTAL,UK,2022,99.8
A,PC_HH,DSL,TOTAL,UK,2023,99.8
A,PC_HH,DSL,TOTAL,UK,2024,99.8
A,PC_HH,DSL,TOTAL,UK,2025,99.5
A,PC_HH,FTTP,DEG3,AT,2013,2.2
A,PC_HH,FTTP,DEG3,AT,2014,2.2
A,PC_HH,FTTP,DEG3,AT,2015,2.1
A,PC_HH,FTTP,DEG3,AT,2016,5.3
A,PC_HH,FTTP,DEG3,AT,2017,5.4
A,PC_HH,FTTP,DEG3,AT,2018,5.9
A,PC_HH,FTTP,DEG3,AT,2019,10.0
A,PC_HH,FTTP,DEG3,AT,2020,10.6
A,PC_HH,FTTP,DEG3,AT,2021,14.8
A,PC_HH,FTTP,DEG3,AT,2022,22.6
A,PC_HH,FTTP,DEG3,AT,2023,28.7
A,PC_HH,FTTP,DEG3,AT,2024,33.9
A,PC_HH,FTTP,DEG3,AT,2025,37.0
A,PC_HH,FTTP,DEG3,BE,2017,0.0
A,PC_HH,FTTP,DEG3,BE,2018,0.0
A,PC_HH,FTTP,DEG3,BE,2019,0.1
A,PC_HH,FTTP,DEG3,BE,2020,0.4
A,PC_HH,FTTP,DEG3,BE,2021,0.8
A,PC_HH,FTTP,DEG3,BE,2022,1.3
A,PC_HH,FTTP,DEG3,BE,2023,1.9
A,PC_HH,FTTP,DEG3,BE,2024,2.0
A,PC_HH,FTTP,DEG3,BE,2025,4.6
A,PC_HH,FTTP,DEG3,BG,2013,0.1
A,PC_HH,FTTP,DEG3,BG,2014,0.2
A,PC_HH,FTTP,DEG3,BG,2015,0.7
A,PC_HH,FTTP,DEG3,BG,2016,5.7
A,PC_HH,FTTP,DEG3,BG,2017,13.7
A,PC_HH,FTTP,DEG3,BG,2018,23.7
A,PC_HH,FTTP,DEG3,BG,2019,35.7
A,PC_HH,FTTP,DEG3,BG,2020,48.7
A,PC_HH,FTTP,DEG3,BG,2021,57.6
A,PC_HH,FTTP,DEG3,BG,2022,65.4
A,PC_HH,FTTP,DEG3,BG,2023,72.6
A,PC_HH,FTTP,DEG3,BG,2024,79.1
A,PC_HH,FTTP,DEG3,BG,2025,83.3
A,PC_HH,FTTP,DEG3,CH,2013,0.4
A,PC_HH,FTTP,DEG3,CH,2014,6.2
A,PC_HH,FTTP,DEG3,CH,2015,6.6
A,PC_HH,FTTP,DEG3,CH,2016,7.3
A,PC_HH,FTTP,DEG3,CH,2017,7.6
A,PC_HH,FTTP,DEG3,CH,2018,8.2
A,PC_HH,FTTP,DEG3,CH,2019,8.6
A,PC_HH,FTTP,DEG3,CH,2020,20.4
A,PC_HH,FTTP,DEG3,CH,2021,21.1
A,PC_HH,FTTP,DEG3,CH,2022,21.3
A,PC_HH,FTTP,DEG3,CH,2023,23.5
A,PC_HH,FTTP,DEG3,CH,2024,58.4
A,PC_HH,FTTP,DEG3,CH,2025,63.4
A,PC_HH,FTTP,DEG3,CY,2019,5.5
A,PC_HH,FTTP,DEG3,CY,2020,12.2
A,PC_HH,FTTP,DEG3,CY,2021,22.4
A,PC_HH,FTTP,DEG3,CY,2022,35.0
A,PC_HH,FTTP,DEG3,CY,2023,55.7
A,PC_HH,FTTP,DEG3,CY,2024,78.1
A,PC_HH,FTTP,DEG3,CY,2025,89.5
A,PC_HH,FTTP,DEG3,CZ,2013,1.5
A,PC_HH,FTTP,DEG3,CZ,2014,4.0
A,PC_HH,FTTP,DEG3,CZ,2015,4.9
A,PC_HH,FTTP,DEG3,CZ,2016,5.1
A,PC_HH,FTTP,DEG3,CZ,2017,5.3
A,PC_HH,FTTP,DEG3,CZ,2018,5.6
A,PC_HH,FTTP,DEG3,CZ,2019,5.9
A,PC_HH,FTTP,DEG3,CZ,2020,6.4
A,PC_HH,FTTP,DEG3,CZ,2021,7.0
A,PC_HH,FTTP,DEG3,CZ,2022,8.2
A,PC_HH,FTTP,DEG3,CZ,2023,7.2
A,PC_HH,FTTP,DEG3,CZ,2024,10.0
A,PC_HH,FTTP,DEG3,CZ,2025,11.8
A,PC_HH,FTTP,DEG3,DE,2013,0.5
A,PC_HH,FTTP,DEG3,DE,2014,0.8
A,PC_HH,FTTP,DEG3,DE,2015,1.4
A,PC_HH,FTTP,DEG3,DE,2016,1.7
A,PC_HH,FTTP,DEG3,DE,2017,2.4
A,PC_HH,FTTP,DEG3,DE,2018,3.6
A,PC_HH,FTTP,DEG3,DE,2019,5.6
A,PC_HH,FTTP,DEG3,DE,2020,10.6
A,PC_HH,FTTP,DEG3,DE,2021,11.3
A,PC_HH,FTTP,DEG3,DE,2022,16.9
A,PC_HH,FTTP,DEG3,DE,2023,25.6
A,PC_HH,FTTP,DEG3,DE,2024,33.9
A,PC_HH,FTTP,DEG3,DE,2025,43.1
A,PC_HH,FTTP,DEG3,DK,2013,4.2
A,PC_HH,FTTP,DEG3,DK,2014,42.0
A,PC_HH,FTTP,DEG3,DK,2015,45.6
A,PC_HH,FTTP,DEG3,DK,2016,49.0
A,PC_HH,FTTP,DEG3,DK,2017,54.8
A,PC_HH,FTTP,DEG3,DK,2018,60.8
A,PC_HH,FTTP,DEG3,DK,2019,65.8
A,PC_HH,FTTP,DEG3,DK,2020,70.9
A,PC_HH,FTTP,DEG3,DK,2021,77.8
A,PC_HH,FTTP,DEG3,DK,2022,87.0
A,PC_HH,FTTP,DEG3,DK,2023,90.3
A,PC_HH,FTTP,DEG3,DK,2024,91.5
A,PC_HH,FTTP,DEG3,DK,2025,92.7
A,PC_HH,FTTP,DEG3,EE,2013,11.0
A,PC_HH,FTTP,DEG3,EE,2014,13.7
A,PC_HH,FTTP,DEG3,EE,2015,15.2
A,PC_HH,FTTP,DEG3,EE,2016,15.4
A,PC_HH,FTTP,DEG3,EE,2017,16.8
A,PC_HH,FTTP,DEG3,EE,2018,18.0
A,PC_HH,FTTP,DEG3,EE,2019,19.8
A,PC_HH,FTTP,DEG3,EE,2020,20.5
A,PC_HH,FTTP,DEG3,EE,2021,21.1
A,PC_HH,FTTP,DEG3,EE,2022,33.9
A,PC_HH,FTTP,DEG3,EE,2023,67.8
A,PC_HH,FTTP,DEG3,EE,2024,71.8
A,PC_HH,FTTP,DEG3,EE,2025,78.5
A,PC_HH,FTTP,DEG3,EL,2024,3.3
A,PC_HH,FTTP,DEG3,EL,2025,7.0
A,PC_HH,FTTP,DEG3,ES,2013,2.5
A,PC_HH,FTTP,DEG3,ES,2014,5.0
A,PC_HH,FTTP,DEG3,ES,2015,5.6
A,PC_HH,FTTP,DEG3,ES,2016,9.7
A,PC_HH,FTTP,DEG3,ES,2017,20.9
A,PC_HH,FTTP,DEG3,ES,2018,32.6
A,PC_HH,FTTP,DEG3,ES,2019,46.4
A,PC_HH,FTTP,DEG3,ES,2020,59.5
A,PC_HH,FTTP,DEG3,ES,2021,68.9
A,PC_HH,FTTP,DEG3,ES,2022,73.9
A,PC_HH,FTTP,DEG3,ES,2023,85.9
A,PC_HH,FTTP,DEG3,ES,2024,86.3
A,PC_HH,FTTP,DEG3,ES,2025,88.7
A,PC_HH,FTTP,DEG3,FI,2013,7.4
A,PC_HH,FTTP,DEG3,FI,2014,8.1
A,PC_HH,FTTP,DEG3,FI,2015,8.2
A,PC_HH,FTTP,DEG3,FI,2016,8.2
A,PC_HH,FTTP,DEG3,FI,2017,8.3
A,PC_HH,FTTP,DEG3,FI,2018,9.3
A,PC_HH,FTTP,DEG3,FI,2019,9.1
A,PC_HH,FTTP,DEG3,FI,2020,9.4
A,PC_HH,FTTP,DEG3,FI,2021,12.4
A,PC_HH,FTTP,DEG3,FI,2022,25.4
A,PC_HH,FTTP,DEG3,FI,2023,39.3
A,PC_HH,FTTP,DEG3,FI,2024,50.0
A,PC_HH,FTTP,DEG3,FI,2025,57.4
A,PC_HH,FTTP,DEG3,FR,2013,1.3
A,PC_HH,FTTP,DEG3,FR,2014,1.7
A,PC_HH,FTTP,DEG3,FR,2015,2.0
A,PC_HH,FTTP,DEG3,FR,2016,2.3
A,PC_HH,FTTP,DEG3,FR,2017,4.3
A,PC_HH,FTTP,DEG3,FR,2018,9.3
A,PC_HH,FTTP,DEG3,FR,2019,12.4
A,PC_HH,FTTP,DEG3,FR,2020,18.4
A,PC_HH,FTTP,DEG3,FR,2021,28.8
A,PC_HH,FTTP,DEG3,FR,2022,45.9
A,PC_HH,FTTP,DEG3,FR,2023,64.6
A,PC_HH,FTTP,DEG3,FR,2024,78.1
A,PC_HH,FTTP,DEG3,FR,2025,87.8
A,PC_HH,FTTP,DEG3,HR,2013,0.0
A,PC_HH,FTTP,DEG3,HR,2014,0.0
A,PC_HH,FTTP,DEG3,HR,2015,0.0
A,PC_HH,FTTP,DEG3,HR,2016,0.1
A,PC_HH,FTTP,DEG3,HR,2017,0.2
A,PC_HH,FTTP,DEG3,HR,2018,3.7
A,PC_HH,FTTP,DEG3,HR,2019,6.3
A,PC_HH,FTTP,DEG3,HR,2020,6.8
A,PC_HH,FTTP,DEG3,HR,2021,7.1
A,PC_HH,FTTP,DEG3,HR,2022,13.7
A,PC_HH,FTTP,DEG3,HR,2023,19.7
A,PC_HH,FTTP,DEG3,HR,2024,44.4
A,PC_HH,FTTP,DEG3,HR,2025,53.8
A,PC_HH,FTTP,DEG3,HU,2013,3.9
A,PC_HH,FTTP,DEG3,HU,2014,4.0
A,PC_HH,FTTP,DEG3,HU,2015,4.2
A,PC_HH,FTTP,DEG3,HU,2016,6.4
A,PC_HH,FTTP,DEG3,HU,2017,6.8
A,PC_HH,FTTP,DEG3,HU,2018,15.6
A,PC_HH,FTTP,DEG3,HU,2019,28.9
A,PC_HH,FTTP,DEG3,HU,2020,35.6
A,PC_HH,FTTP,DEG3,HU,2021,37.9
A,PC_HH,FTTP,DEG3,HU,2022,52.4
A,PC_HH,FTTP,DEG3,HU,2023,64.7
A,PC_HH,FTTP,DEG3,HU,2024,68.5
A,PC_HH,FTTP,DEG3,HU,2025,71.3
A,PC_HH,FTTP,DEG3,IE,2016,1.2
A,PC_HH,FTTP,DEG3,IE,2017,1.2
A,PC_HH,FTTP,DEG3,IE,2018,2.7
A,PC_HH,FTTP,DEG3,IE,2019,13.4
A,PC_HH,FTTP,DEG3,IE,2020,20.6
A,PC_HH,FTTP,DEG3,IE,2021,33.1
A,PC_HH,FTTP,DEG3,IE,2022,45.8
A,PC_HH,FTTP,DEG3,IE,2023,56.7
A,PC_HH,FTTP,DEG3,IE,2024,72.1
A,PC_HH,FTTP,DEG3,IE,2025,79.2
A,PC_HH,FTTP,DEG3,IS,2013,2.1
A,PC_HH,FTTP,DEG3,IS,2014,2.3
A,PC_HH,FTTP,DEG3,IS,2015,2.3
A,PC_HH,FTTP,DEG3,IS,2016,24.0
A,PC_HH,FTTP,DEG3,IS,2017,29.1
A,PC_HH,FTTP,DEG3,IS,2018,39.4
A,PC_HH,FTTP,DEG3,IS,2019,54.7
A,PC_HH,FTTP,DEG3,IS,2020,66.3
A,PC_HH,FTTP,DEG3,IS,2021,78.4
A,PC_HH,FTTP,DEG3,IS,2022,78.7
A,PC_HH,FTTP,DEG3,IS,2023,83.9
A,PC_HH,FTTP,DEG3,IS,2024,82.7
A,PC_HH,FTTP,DEG3,IS,2025,80.1
A,PC_HH,FTTP,DEG3,IT,2016,0.8
A,PC_HH,FTTP,DEG3,IT,2017,0.8
A,PC_HH,FTTP,DEG3,IT,2018,0.8
A,PC_HH,FTTP,DEG3,IT,2019,2.1
A,PC_HH,FTTP,DEG3,IT,2020,8.4
A,PC_HH,FTTP,DEG3,IT,2021,17.4
A,PC_HH,FTTP,DEG3,IT,2022,26.0
A,PC_HH,FTTP,DEG3,IT,2023,37.7
A,PC_HH,FTTP,DEG3,IT,2024,36.8
A,PC_HH,FTTP,DEG3,IT,2025,44.5
A,PC_HH,FTTP,DEG3,LT,2013,7.4
A,PC_HH,FTTP,DEG3,LT,2014,12.4
A,PC_HH,FTTP,DEG3,LT,2015,15.6
A,PC_HH,FTTP,DEG3,LT,2016,18.0
A,PC_HH,FTTP,DEG3,LT,2017,19.4
A,PC_HH,FTTP,DEG3,LT,2018,21.8
A,PC_HH,FTTP,DEG3,LT,2019,22.5
A,PC_HH,FTTP,DEG3,LT,2020,23.3
A,PC_HH,FTTP,DEG3,LT,2021,37.5
A,PC_HH,FTTP,DEG3,LT,2022,39.5
A,PC_HH,FTTP,DEG3,LT,2023,39.6
A,PC_HH,FTTP,DEG3,LT,2024,37.9
A,PC_HH,FTTP,DEG3,LT,2025,38.2
A,PC_HH,FTTP,DEG3,LU,2013,27.0
A,PC_HH,FTTP,DEG3,LU,2014,28.0
A,PC_HH,FTTP,DEG3,LU,2015,29.0
A,PC_HH,FTTP,DEG3,LU,2016,35.0
A,PC_HH,FTTP,DEG3,LU,2017,35.1
A,PC_HH,FTTP,DEG3,LU,2018,37.0
A,PC_HH,FTTP,DEG3,LU,2019,41.5
A,PC_HH,FTTP,DEG3,LU,2020,48.5
A,PC_HH,FTTP,DEG3,LU,2021,51.1
A,PC_HH,FTTP,DEG3,LU,2022,58.2
A,PC_HH,FTTP,DEG3,LU,2023,61.9
A,PC_HH,FTTP,DEG3,LU,2024,68.0
A,PC_HH,FTTP,DEG3,LU,2025,76.2
A,PC_HH,FTTP,DEG3,LV,2013,5.0
A,PC_HH,FTTP,DEG3,LV,2014,7.4
A,PC_HH,FTTP,DEG3,LV,2015,7.6
A,PC_HH,FTTP,DEG3,LV,2016,8.4
A,PC_HH,FTTP,DEG3,LV,2017,8.2
A,PC_HH,FTTP,DEG3,LV,2018,8.9
A,PC_HH,FTTP,DEG3,LV,2019,9.2
A,PC_HH,FTTP,DEG3,LV,2020,10.0
A,PC_HH,FTTP,DEG3,LV,2021,11.0
A,PC_HH,FTTP,DEG3,LV,2022,11.2
A,PC_HH,FTTP,DEG3,LV,2023,11.7
A,PC_HH,FTTP,DEG3,LV,2024,10.4
A,PC_HH,FTTP,DEG3,LV,2025,10.9
A,PC_HH,FTTP,DEG3,MT,2023,16.2
A,PC_HH,FTTP,DEG3,MT,2024,26.6
A,PC_HH,FTTP,DEG3,MT,2025,41.9
A,PC_HH,FTTP,DEG3,NL,2013,15.5
A,PC_HH,FTTP,DEG3,NL,2014,16.7
A,PC_HH,FTTP,DEG3,NL,2015,18.4
A,PC_HH,FTTP,DEG3,NL,2016,19.9
A,PC_HH,FTTP,DEG3,NL,2017,20.3
A,PC_HH,FTTP,DEG3,NL,2018,22.7
A,PC_HH,FTTP,DEG3,NL,2019,26.4
A,PC_HH,FTTP,DEG3,NL,2020,27.2
A,PC_HH,FTTP,DEG3,NL,2021,54.5
A,PC_HH,FTTP,DEG3,NL,2022,76.4
A,PC_HH,FTTP,DEG3,NL,2023,78.4
A,PC_HH,FTTP,DEG3,NL,2024,78.8
A,PC_HH,FTTP,DEG3,NL,2025,86.5
A,PC_HH,FTTP,DEG3,NO,2013,10.0
A,PC_HH,FTTP,DEG3,NO,2014,12.3
A,PC_HH,FTTP,DEG3,NO,2015,18.4
A,PC_HH,FTTP,DEG3,NO,2016,19.5
A,PC_HH,FTTP,DEG3,NO,2017,22.9
A,PC_HH,FTTP,DEG3,NO,2018,32.6
A,PC_HH,FTTP,DEG3,NO,2019,44.8
A,PC_HH,FTTP,DEG3,NO,2020,56.3
A,PC_HH,FTTP,DEG3,NO,2021,64.0
A,PC_HH,FTTP,DEG3,NO,2022,70.4
A,PC_HH,FTTP,DEG3,NO,2023,76.8
A,PC_HH,FTTP,DEG3,NO,2024,81.4
A,PC_HH,FTTP,DEG3,NO,2025,82.3
A,PC_HH,FTTP,DEG3,PL,2013,0.2
A,PC_HH,FTTP,DEG3,PL,2014,2.6
A,PC_HH,FTTP,DEG3,PL,2015,3.5
A,PC_HH,FTTP,DEG3,PL,2016,7.1
A,PC_HH,FTTP,DEG3,PL,2017,9.5
A,PC_HH,FTTP,DEG3,PL,2018,13.8
A,PC_HH,FTTP,DEG3,PL,2019,17.9
A,PC_HH,FTTP,DEG3,PL,2020,24.1
A,PC_HH,FTTP,DEG3,PL,2021,32.6
A,PC_HH,FTTP,DEG3,PL,2022,32.1
A,PC_HH,FTTP,DEG3,PL,2023,56.3
A,PC_HH,FTTP,DEG3,PL,2024,65.6
A,PC_HH,FTTP,DEG3,PL,2025,66.9
A,PC_HH,FTTP,DEG3,PT,2013,11.5
A,PC_HH,FTTP,DEG3,PT,2014,13.4
A,PC_HH,FTTP,DEG3,PT,2015,15.3
A,PC_HH,FTTP,DEG3,PT,2016,18.5
A,PC_HH,FTTP,DEG3,PT,2017,42.2
A,PC_HH,FTTP,DEG3,PT,2018,48.2
A,PC_HH,FTTP,DEG3,PT,2019,49.1
A,PC_HH,FTTP,DEG3,PT,2020,51.2
A,PC_HH,FTTP,DEG3,PT,2021,60.7
A,PC_HH,FTTP,DEG3,PT,2022,65.1
A,PC_HH,FTTP,DEG3,PT,2023,68.7
A,PC_HH,FTTP,DEG3,PT,2024,70.1
A,PC_HH,FTTP,DEG3,PT,2025,73.0
A,PC_HH,FTTP,DEG3,RO,2013,21.5
A,PC_HH,FTTP,DEG3,RO,2014,22.7
A,PC_HH,FTTP,DEG3,RO,2015,25.0
A,PC_HH,FTTP,DEG3,RO,2016,26.7
A,PC_HH,FTTP,DEG3,RO,2017,29.1
A,PC_HH,FTTP,DEG3,RO,2018,30.1
A,PC_HH,FTTP,DEG3,RO,2019,39.1
A,PC_HH,FTTP,DEG3,RO,2020,55.6
A,PC_HH,FTTP,DEG3,RO,2021,75.7
A,PC_HH,FTTP,DEG3,RO,2022,90.1
A,PC_HH,FTTP,DEG3,RO,2023,92.5
A,PC_HH,FTTP,DEG3,RO,2024,93.5
A,PC_HH,FTTP,DEG3,RO,2025,94.0
A,PC_HH,FTTP,DEG3,SE,2013,8.8
A,PC_HH,FTTP,DEG3,SE,2014,13.7
A,PC_HH,FTTP,DEG3,SE,2015,13.7
A,PC_HH,FTTP,DEG3,SE,2016,20.8
A,PC_HH,FTTP,DEG3,SE,2017,22.2
A,PC_HH,FTTP,DEG3,SE,2018,31.0
A,PC_HH,FTTP,DEG3,SE,2019,40.6
A,PC_HH,FTTP,DEG3,SE,2020,48.1
A,PC_HH,FTTP,DEG3,SE,2021,54.3
A,PC_HH,FTTP,DEG3,SE,2022,59.6
A,PC_HH,FTTP,DEG3,SE,2023,65.2
A,PC_HH,FTTP,DEG3,SE,2024,69.4
A,PC_HH,FTTP,DEG3,SE,2025,69.3
A,PC_HH,FTTP,DEG3,SI,2013,18.8
A,PC_HH,FTTP,DEG3,SI,2014,19.6
A,PC_HH,FTTP,DEG3,SI,2015,21.6
A,PC_HH,FTTP,DEG3,SI,2016,23.5
A,PC_HH,FTTP,DEG3,SI,2017,25.8
A,PC_HH,FTTP,DEG3,SI,2018,34.3
A,PC_HH,FTTP,DEG3,SI,2019,38.0
A,PC_HH,FTTP,DEG3,SI,2020,39.0
A,PC_HH,FTTP,DEG3,SI,2021,46.4
A,PC_HH,FTTP,DEG3,SI,2022,51.0
A,PC_HH,FTTP,DEG3,SI,2023,56.8
A,PC_HH,FTTP,DEG3,SI,2024,58.6
A,PC_HH,FTTP,DEG3,SI,2025,67.0
A,PC_HH,FTTP,DEG3,SK,2013,3.6
A,PC_HH,FTTP,DEG3,SK,2014,4.3
A,PC_HH,FTTP,DEG3,SK,2015,4.4
A,PC_HH,FTTP,DEG3,SK,2016,6.9
A,PC_HH,FTTP,DEG3,SK,2017,9.2
A,PC_HH,FTTP,DEG3,SK,2018,11.8
A,PC_HH,FTTP,DEG3,SK,2019,15.3
A,PC_HH,FTTP,DEG3,SK,2020,18.0
A,PC_HH,FTTP,DEG3,SK,2021,21.6
A,PC_HH,FTTP,DEG3,SK,2022,31.2
A,PC_HH,FTTP,DEG3,SK,2023,35.0
A,PC_HH,FTTP,DEG3,SK,2024,39.3
A,PC_HH,FTTP,DEG3,SK,2025,57.5
A,PC_HH,FTTP,DEG3,UK,2013,0.5
A,PC_HH,FTTP,DEG3,UK,2014,0.8
A,PC_HH,FTTP,DEG3,UK,2015,0.9
A,PC_HH,FTTP,DEG3,UK,2016,2.5
A,PC_HH,FTTP,DEG3,UK,2017,4.3
A,PC_HH,FTTP,DEG3,UK,2018,5.9
A,PC_HH,FTTP,DEG3,UK,2019,8.1
A,PC_HH,FTTP,DEG3,UK,2020,11.8
A,PC_HH,FTTP,DEG3,UK,2021,20.2
A,PC_HH,FTTP,DEG3,UK,2022,29.5
A,PC_HH,FTTP,DEG3,UK,2023,39.4
A,PC_HH,FTTP,DEG3,UK,2024,52.4
A,PC_HH,FTTP,DEG3,UK,2025,60.6
A,PC_HH,FTTP,TOTAL,AT,2013,7.1
A,PC_HH,FTTP,TOTAL,AT,2014,7.1
A,PC_HH,FTTP,TOTAL,AT,2015,7.1
A,PC_HH,FTTP,TOTAL,AT,2016,8.1
A,PC_HH,FTTP,TOTAL,AT,2017,12.4
A,PC_HH,FTTP,TOTAL,AT,2018,13.0
A,PC_HH,FTTP,TOTAL,AT,2019,13.8
A,PC_HH,FTTP,TOTAL,AT,2020,20.5
A,PC_HH,FTTP,TOTAL,AT,2021,26.6
A,PC_HH,FTTP,TOTAL,AT,2022,36.6
A,PC_HH,FTTP,TOTAL,AT,2023,41.0
A,PC_HH,FTTP,TOTAL,AT,2024,44.8
A,PC_HH,FTTP,TOTAL,AT,2025,50.9
A,PC_HH,FTTP,TOTAL,BE,2013,0.3
A,PC_HH,FTTP,TOTAL,BE,2014,0.4
A,PC_HH,FTTP,TOTAL,BE,2015,0.4
A,PC_HH,FTTP,TOTAL,BE,2016,0.6
A,PC_HH,FTTP,TOTAL,BE,2017,0.8
A,PC_HH,FTTP,TOTAL,BE,2018,1.4
A,PC_HH,FTTP,TOTAL,BE,2019,3.6
A,PC_HH,FTTP,TOTAL,BE,2020,6.5
A,PC_HH,FTTP,TOTAL,BE,2021,10.1
A,PC_HH,FTTP,TOTAL,BE,2022,17.2
A,PC_HH,FTTP,TOTAL,BE,2023,25.0
A,PC_HH,FTTP,TOTAL,BE,2024,30.7
A,PC_HH,FTTP,TOTAL,BE,2025,35.5
A,PC_HH,FTTP,TOTAL,BG,2013,22.9
A,PC_HH,FTTP,TOTAL,BG,2014,28.3
A,PC_HH,FTTP,TOTAL,BG,2015,32.2
A,PC_HH,FTTP,TOTAL,BG,2016,38.2
A,PC_HH,FTTP,TOTAL,BG,2017,45.2
A,PC_HH,FTTP,TOTAL,BG,2018,54.2
A,PC_HH,FTTP,TOTAL,BG,2019,65.2
A,PC_HH,FTTP,TOTAL,BG,2020,75.2
A,PC_HH,FTTP,TOTAL,BG,2021,81.4
A,PC_HH,FTTP,TOTAL,BG,2022,85.6
A,PC_HH,FTTP,TOTAL,BG,2023,88.6
A,PC_HH,FTTP,TOTAL,BG,2024,90.4
A,PC_HH,FTTP,TOTAL,BG,2025,93.5
A,PC_HH,FTTP,TOTAL,CH,2013,21.1
A,PC_HH,FTTP,TOTAL,CH,2014,25.9
A,PC_HH,FTTP,TOTAL,CH,2015,27.0
A,PC_HH,FTTP,TOTAL,CH,2016,28.6
A,PC_HH,FTTP,TOTAL,CH,2017,29.5
A,PC_HH,FTTP,TOTAL,CH,2018,30.3
A,PC_HH,FTTP,TOTAL,CH,2019,34.9
A,PC_HH,FTTP,TOTAL,CH,2020,39.6
A,PC_HH,FTTP,TOTAL,CH,2021,40.2
A,PC_HH,FTTP,TOTAL,CH,2022,43.1
A,PC_HH,FTTP,TOTAL,CH,2023,45.8
A,PC_HH,FTTP,TOTAL,CH,2024,62.1
A,PC_HH,FTTP,TOTAL,CH,2025,67.7
A,PC_HH,FTTP,TOTAL,CY,2018,0.5
A,PC_HH,FTTP,TOTAL,CY,2019,10.1
A,PC_HH,FTTP,TOTAL,CY,2020,26.2
A,PC_HH,FTTP,TOTAL,CY,2021,41.4
A,PC_HH,FTTP,TOTAL,CY,2022,60.0
A,PC_HH,FTTP,TOTAL,CY,2023,77.1
A,PC_HH,FTTP,TOTAL,CY,2024,89.0
A,PC_HH,FTTP,TOTAL,CY,2025,95.5
A,PC_HH,FTTP,TOTAL,CZ,2013,13.4
A,PC_HH,FTTP,TOTAL,CZ,2014,13.9
A,PC_HH,FTTP,TOTAL,CZ,2015,17.3
A,PC_HH,FTTP,TOTAL,CZ,2016,21.0
A,PC_HH,FTTP,TOTAL,CZ,2017,25.9
A,PC_HH,FTTP,TOTAL,CZ,2018,28.3
A,PC_HH,FTTP,TOTAL,CZ,2019,29.3
A,PC_HH,FTTP,TOTAL,CZ,2020,33.3
A,PC_HH,FTTP,TOTAL,CZ,2021,35.8
A,PC_HH,FTTP,TOTAL,CZ,2022,37.4
A,PC_HH,FTTP,TOTAL,CZ,2023,36.0
A,PC_HH,FTTP,TOTAL,CZ,2024,40.6
A,PC_HH,FTTP,TOTAL,CZ,2025,44.8
A,PC_HH,FTTP,TOTAL,DE,2013,4.4
A,PC_HH,FTTP,TOTAL,DE,2014,4.3
A,PC_HH,FTTP,TOTAL,DE,2015,6.6
A,PC_HH,FTTP,TOTAL,DE,2016,7.1
A,PC_HH,FTTP,TOTAL,DE,2017,7.3
A,PC_HH,FTTP,TOTAL,DE,2018,8.5
A,PC_HH,FTTP,TOTAL,DE,2019,10.5
A,PC_HH,FTTP,TOTAL,DE,2020,13.8
A,PC_HH,FTTP,TOTAL,DE,2021,15.4
A,PC_HH,FTTP,TOTAL,DE,2022,19.3
A,PC_HH,FTTP,TOTAL,DE,2023,29.8
A,PC_HH,FTTP,TOTAL,DE,2024,36.8
A,PC_HH,FTTP,TOTAL,DE,2025,44.0
A,PC_HH,FTTP,TOTAL,DK,2013,46.8
A,PC_HH,FTTP,TOTAL,DK,2014,52.4
A,PC_HH,FTTP,TOTAL,DK,2015,57.0
A,PC_HH,FTTP,TOTAL,DK,2016,58.1
A,PC_HH,FTTP,TOTAL,DK,2017,62.6
A,PC_HH,FTTP,TOTAL,DK,2018,64.4
A,PC_HH,FTTP,TOTAL,DK,2019,66.9
A,PC_HH,FTTP,TOTAL,DK,2020,70.2
A,PC_HH,FTTP,TOTAL,DK,2021,74.1
A,PC_HH,FTTP,TOTAL,DK,2022,77.9
A,PC_HH,FTTP,TOTAL,DK,2023,84.0
A,PC_HH,FTTP,TOTAL,DK,2024,87.2
A,PC_HH,FTTP,TOTAL,DK,2025,90.2
A,PC_HH,FTTP,TOTAL,EE,2013,43.0
A,PC_HH,FTTP,TOTAL,EE,2014,44.6
A,PC_HH,FTTP,TOTAL,EE,2015,47.5
A,PC_HH,FTTP,TOTAL,EE,2016,48.5
A,PC_HH,FTTP,TOTAL,EE,2017,50.7
A,PC_HH,FTTP,TOTAL,EE,2018,54.2
A,PC_HH,FTTP,TOTAL,EE,2019,57.5
A,PC_HH,FTTP,TOTAL,EE,2020,70.9
A,PC_HH,FTTP,TOTAL,EE,2021,73.4
A,PC_HH,FTTP,TOTAL,EE,2022,76.3
A,PC_HH,FTTP,TOTAL,EE,2023,76.9
A,PC_HH,FTTP,TOTAL,EE,2024,76.3
A,PC_HH,FTTP,TOTAL,EE,2025,81.1
A,PC_HH,FTTP,TOTAL,EL,2013,0.4
A,PC_HH,FTTP,TOTAL,EL,2014,0.4
A,PC_HH,FTTP,TOTAL,EL,2015,0.4
A,PC_HH,FTTP,TOTAL,EL,2016,0.4
A,PC_HH,FTTP,TOTAL,EL,2017,0.4
A,PC_HH,FTTP,TOTAL,EL,2018,0.4
A,PC_HH,FTTP,TOTAL,EL,2019,7.0
A,PC_HH,FTTP,TOTAL,EL,2020,10.2
A,PC_HH,FTTP,TOTAL,EL,2021,19.8
A,PC_HH,FTTP,TOTAL,EL,2022,27.9
A,PC_HH,FTTP,TOTAL,EL,2023,38.4
A,PC_HH,FTTP,TOTAL,EL,2024,46.1
A,PC_HH,FTTP,TOTAL,EL,2025,59.8
A,PC_HH,FTTP,TOTAL,ES,2013,22.7
A,PC_HH,FTTP,TOTAL,ES,2014,44.8
A,PC_HH,FTTP,TOTAL,ES,2015,52.8
A,PC_HH,FTTP,TOTAL,ES,2016,62.8
A,PC_HH,FTTP,TOTAL,ES,2017,71.4
A,PC_HH,FTTP,TOTAL,ES,2018,77.4
A,PC_HH,FTTP,TOTAL,ES,2019,80.4
A,PC_HH,FTTP,TOTAL,ES,2020,84.9
A,PC_HH,FTTP,TOTAL,ES,2021,88.9
A,PC_HH,FTTP,TOTAL,ES,2022,91.0
A,PC_HH,FTTP,TOTAL,ES,2023,95.2
A,PC_HH,FTTP,TOTAL,ES,2024,94.9
A,PC_HH,FTTP,TOTAL,ES,2025,96.0
A,PC_HH,FTTP,TOTAL,FI,2013,29.4
A,PC_HH,FTTP,TOTAL,FI,2014,30.7
A,PC_HH,FTTP,TOTAL,FI,2015,31.4
A,PC_HH,FTTP,TOTAL,FI,2016,31.6
A,PC_HH,FTTP,TOTAL,FI,2017,31.7
A,PC_HH,FTTP,TOTAL,FI,2018,31.4
A,PC_HH,FTTP,TOTAL,FI,2019,35.2
A,PC_HH,FTTP,TOTAL,FI,2020,37.7
A,PC_HH,FTTP,TOTAL,FI,2021,40.0
A,PC_HH,FTTP,TOTAL,FI,2022,50.3
A,PC_HH,FTTP,TOTAL,FI,2023,61.1
A,PC_HH,FTTP,TOTAL,FI,2024,68.3
A,PC_HH,FTTP,TOTAL,FI,2025,80.0
A,PC_HH,FTTP,TOTAL,FR,2013,10.5
A,PC_HH,FTTP,TOTAL,FR,2014,13.6
A,PC_HH,FTTP,TOTAL,FR,2015,15.5
A,PC_HH,FTTP,TOTAL,FR,2016,20.8
A,PC_HH,FTTP,TOTAL,FR,2017,28.3
A,PC_HH,FTTP,TOTAL,FR,2018,37.8
A,PC_HH,FTTP,TOTAL,FR,2019,43.8
A,PC_HH,FTTP,TOTAL,FR,2020,52.6
A,PC_HH,FTTP,TOTAL,FR,2021,63.4
A,PC_HH,FTTP,TOTAL,FR,2022,73.4
A,PC_HH,FTTP,TOTAL,FR,2023,81.4
A,PC_HH,FTTP,TOTAL,FR,2024,87.5
A,PC_HH,FTTP,TOTAL,FR,2025,91.7
A,PC_HH,FTTP,TOTAL,HR,2013,6.9
A,PC_HH,FTTP,TOTAL,HR,2014,8.8
A,PC_HH,FTTP,TOTAL,HR,2015,10.1
A,PC_HH,FTTP,TOTAL,HR,2016,15.6
A,PC_HH,FTTP,TOTAL,HR,2017,17.8
A,PC_HH,FTTP,TOTAL,HR,2018,23.4
A,PC_HH,FTTP,TOTAL,HR,2019,31.0
A,PC_HH,FTTP,TOTAL,HR,2020,35.6
A,PC_HH,FTTP,TOTAL,HR,2021,38.7
A,PC_HH,FTTP,TOTAL,HR,2022,54.0
A,PC_HH,FTTP,TOTAL,HR,2023,62.1
A,PC_HH,FTTP,TOTAL,HR,2024,75.4
A,PC_HH,FTTP,TOTAL,HR,2025,77.9
A,PC_HH,FTTP,TOTAL,HU,2013,19.8
A,PC_HH,FTTP,TOTAL,HU,2014,20.8
A,PC_HH,FTTP,TOTAL,HU,2015,21.5
A,PC_HH,FTTP,TOTAL,HU,2016,24.0
A,PC_HH,FTTP,TOTAL,HU,2017,29.8
A,PC_HH,FTTP,TOTAL,HU,2018,35.9
A,PC_HH,FTTP,TOTAL,HU,2019,42.6
A,PC_HH,FTTP,TOTAL,HU,2020,48.6
A,PC_HH,FTTP,TOTAL,HU,2021,64.2
A,PC_HH,FTTP,TOTAL,HU,2022,70.1
A,PC_HH,FTTP,TOTAL,HU,2023,76.2
A,PC_HH,FTTP,TOTAL,HU,2024,79.9
A,PC_HH,FTTP,TOTAL,HU,2025,81.8
A,PC_HH,FTTP,TOTAL,IE,2013,1.7
A,PC_HH,FTTP,TOTAL,IE,2014,1.7
A,PC_HH,FTTP,TOTAL,IE,2015,4.6
A,PC_HH,FTTP,TOTAL,IE,2016,5.5
A,PC_HH,FTTP,TOTAL,IE,2017,8.3
A,PC_HH,FTTP,TOTAL,IE,2018,12.9
A,PC_HH,FTTP,TOTAL,IE,2019,35.4
A,PC_HH,FTTP,TOTAL,IE,2020,40.8
A,PC_HH,FTTP,TOTAL,IE,2021,47.4
A,PC_HH,FTTP,TOTAL,IE,2022,51.5
A,PC_HH,FTTP,TOTAL,IE,2023,61.6
A,PC_HH,FTTP,TOTAL,IE,2024,73.5
A,PC_HH,FTTP,TOTAL,IE,2025,84.5
A,PC_HH,FTTP,TOTAL,IS,2013,60.8
A,PC_HH,FTTP,TOTAL,IS,2014,59.9
A,PC_HH,FTTP,TOTAL,IS,2015,60.4
A,PC_HH,FTTP,TOTAL,IS,2016,71.1
A,PC_HH,FTTP,TOTAL,IS,2017,72.3
A,PC_HH,FTTP,TOTAL,IS,2018,76.2
A,PC_HH,FTTP,TOTAL,IS,2019,80.4
A,PC_HH,FTTP,TOTAL,IS,2020,83.5
A,PC_HH,FTTP,TOTAL,IS,2021,87.6
A,PC_HH,FTTP,TOTAL,IS,2022,88.2
A,PC_HH,FTTP,TOTAL,IS,2023,91.0
A,PC_HH,FTTP,TOTAL,IS,2024,95.3
A,PC_HH,FTTP,TOTAL,IS,2025,95.6
A,PC_HH,FTTP,TOTAL,IT,2013,12.2
A,PC_HH,FTTP,TOTAL,IT,2014,14.8
A,PC_HH,FTTP,TOTAL,IT,2015,16.4
A,PC_HH,FTTP,TOTAL,IT,2016,18.8
A,PC_HH,FTTP,TOTAL,IT,2017,21.7
A,PC_HH,FTTP,TOTAL,IT,2018,23.9
A,PC_HH,FTTP,TOTAL,IT,2019,30.0
A,PC_HH,FTTP,TOTAL,IT,2020,33.7
A,PC_HH,FTTP,TOTAL,IT,2021,44.2
A,PC_HH,FTTP,TOTAL,IT,2022,53.7
A,PC_HH,FTTP,TOTAL,IT,2023,59.6
A,PC_HH,FTTP,TOTAL,IT,2024,70.7
A,PC_HH,FTTP,TOTAL,IT,2025,77.6
A,PC_HH,FTTP,TOTAL,LT,2013,48.7
A,PC_HH,FTTP,TOTAL,LT,2014,49.2
A,PC_HH,FTTP,TOTAL,LT,2015,49.6
A,PC_HH,FTTP,TOTAL,LT,2016,50.1
A,PC_HH,FTTP,TOTAL,LT,2017,54.4
A,PC_HH,FTTP,TOTAL,LT,2018,60.6
A,PC_HH,FTTP,TOTAL,LT,2019,61.0
A,PC_HH,FTTP,TOTAL,LT,2020,67.0
A,PC_HH,FTTP,TOTAL,LT,2021,78.2
A,PC_HH,FTTP,TOTAL,LT,2022,78.0
A,PC_HH,FTTP,TOTAL,LT,2023,78.1
A,PC_HH,FTTP,TOTAL,LT,2024,78.3
A,PC_HH,FTTP,TOTAL,LT,2025,79.0
A,PC_HH,FTTP,TOTAL,LU,2013,36.0
A,PC_HH,FTTP,TOTAL,LU,2014,42.8
A,PC_HH,FTTP,TOTAL,LU,2015,47.1
A,PC_HH,FTTP,TOTAL,LU,2016,51.5
A,PC_HH,FTTP,TOTAL,LU,2017,57.2
A,PC_HH,FTTP,TOTAL,LU,2018,63.4
A,PC_HH,FTTP,TOTAL,LU,2019,67.5
A,PC_HH,FTTP,TOTAL,LU,2020,72.1
A,PC_HH,FTTP,TOTAL,LU,2021,75.2
A,PC_HH,FTTP,TOTAL,LU,2022,76.2
A,PC_HH,FTTP,TOTAL,LU,2023,78.9
A,PC_HH,FTTP,TOTAL,LU,2024,81.8
A,PC_HH,FTTP,TOTAL,LU,2025,85.2
A,PC_HH,FTTP,TOTAL,LV,2013,50.1
A,PC_HH,FTTP,TOTAL,LV,2014,52.4
A,PC_HH,FTTP,TOTAL,LV,2015,53.3
A,PC_HH,FTTP,TOTAL,LV,2016,53.5
A,PC_HH,FTTP,TOTAL,LV,2017,54.2
A,PC_HH,FTTP,TOTAL,LV,2018,55.1
A,PC_HH,FTTP,TOTAL,LV,2019,58.3
A,PC_HH,FTTP,TOTAL,LV,2020,59.8
A,PC_HH,FTTP,TOTAL,LV,2021,60.7
A,PC_HH,FTTP,TOTAL,LV,2022,60.9
A,PC_HH,FTTP,TOTAL,LV,2023,61.9
A,PC_HH,FTTP,TOTAL,LV,2024,61.1
A,PC_HH,FTTP,TOTAL,LV,2025,62.1
A,PC_HH,FTTP,TOTAL,MT,2013,0.8
A,PC_HH,FTTP,TOTAL,MT,2014,8.4
A,PC_HH,FTTP,TOTAL,MT,2015,10.4
A,PC_HH,FTTP,TOTAL,MT,2016,16.0
A,PC_HH,FTTP,TOTAL,MT,2017,23.0
A,PC_HH,FTTP,TOTAL,MT,2018,31.6
A,PC_HH,FTTP,TOTAL,MT,2019,39.2
A,PC_HH,FTTP,TOTAL,MT,2020,41.0
A,PC_HH,FTTP,TOTAL,MT,2021,48.0
A,PC_HH,FTTP,TOTAL,MT,2022,56.2
A,PC_HH,FTTP,TOTAL,MT,2023,69.6
A,PC_HH,FTTP,TOTAL,MT,2024,86.2
A,PC_HH,FTTP,TOTAL,MT,2025,90.4
A,PC_HH,FTTP,TOTAL,NL,2013,23.3
A,PC_HH,FTTP,TOTAL,NL,2014,28.2
A,PC_HH,FTTP,TOTAL,NL,2015,29.7
A,PC_HH,FTTP,TOTAL,NL,2016,31.2
A,PC_HH,FTTP,TOTAL,NL,2017,31.9
A,PC_HH,FTTP,TOTAL,NL,2018,32.2
A,PC_HH,FTTP,TOTAL,NL,2019,34.4
A,PC_HH,FTTP,TOTAL,NL,2020,35.6
A,PC_HH,FTTP,TOTAL,NL,2021,51.9
A,PC_HH,FTTP,TOTAL,NL,2022,63.4
A,PC_HH,FTTP,TOTAL,NL,2023,77.7
A,PC_HH,FTTP,TOTAL,NL,2024,85.3
A,PC_HH,FTTP,TOTAL,NL,2025,91.4
A,PC_HH,FTTP,TOTAL,NO,2013,33.8
A,PC_HH,FTTP,TOTAL,NO,2014,40.0
A,PC_HH,FTTP,TOTAL,NO,2015,41.1
A,PC_HH,FTTP,TOTAL,NO,2016,45.9
A,PC_HH,FTTP,TOTAL,NO,2017,51.9
A,PC_HH,FTTP,TOTAL,NO,2018,58.7
A,PC_HH,FTTP,TOTAL,NO,2019,71.4
A,PC_HH,FTTP,TOTAL,NO,2020,73.7
A,PC_HH,FTTP,TOTAL,NO,2021,75.3
A,PC_HH,FTTP,TOTAL,NO,2022,81.9
A,PC_HH,FTTP,TOTAL,NO,2023,87.2
A,PC_HH,FTTP,TOTAL,NO,2024,89.0
A,PC_HH,FTTP,TOTAL,NO,2025,91.0
A,PC_HH,FTTP,TOTAL,PL,2013,3.5
A,PC_HH,FTTP,TOTAL,PL,2014,7.3
A,PC_HH,FTTP,TOTAL,PL,2015,9.0
A,PC_HH,FTTP,TOTAL,PL,2016,14.8
A,PC_HH,FTTP,TOTAL,PL,2017,21.3
A,PC_HH,FTTP,TOTAL,PL,2018,29.1
A,PC_HH,FTTP,TOTAL,PL,2019,38.3
A,PC_HH,FTTP,TOTAL,PL,2020,44.6
A,PC_HH,FTTP,TOTAL,PL,2021,51.9
A,PC_HH,FTTP,TOTAL,PL,2022,59.5
A,PC_HH,FTTP,TOTAL,PL,2023,75.4
A,PC_HH,FTTP,TOTAL,PL,2024,77.8
A,PC_HH,FTTP,TOTAL,PL,2025,78.6
A,PC_HH,FTTP,TOTAL,PT,2013,42.1
A,PC_HH,FTTP,TOTAL,PT,2014,45.3
A,PC_HH,FTTP,TOTAL,PT,2015,47.2
A,PC_HH,FTTP,TOTAL,PT,2016,49.6
A,PC_HH,FTTP,TOTAL,PT,2017,63.6
A,PC_HH,FTTP,TOTAL,PT,2018,70.2
A,PC_HH,FTTP,TOTAL,PT,2019,76.6
A,PC_HH,FTTP,TOTAL,PT,2020,82.3
A,PC_HH,FTTP,TOTAL,PT,2021,87.7
A,PC_HH,FTTP,TOTAL,PT,2022,90.8
A,PC_HH,FTTP,TOTAL,PT,2023,92.3
A,PC_HH,FTTP,TOTAL,PT,2024,93.2
A,PC_HH,FTTP,TOTAL,PT,2025,95.5
A,PC_HH,FTTP,TOTAL,RO,2013,54.7
A,PC_HH,FTTP,TOTAL,RO,2014,58.0
A,PC_HH,FTTP,TOTAL,RO,2015,58.2
A,PC_HH,FTTP,TOTAL,RO,2016,59.7
A,PC_HH,FTTP,TOTAL,RO,2017,61.0
A,PC_HH,FTTP,TOTAL,RO,2018,62.8
A,PC_HH,FTTP,TOTAL,RO,2019,68.2
A,PC_HH,FTTP,TOTAL,RO,2020,75.9
A,PC_HH,FTTP,TOTAL,RO,2021,87.1
A,PC_HH,FTTP,TOTAL,RO,2022,95.6
A,PC_HH,FTTP,TOTAL,RO,2023,95.0
A,PC_HH,FTTP,TOTAL,RO,2024,95.7
A,PC_HH,FTTP,TOTAL,RO,2025,96.2
A,PC_HH,FTTP,TOTAL,SE,2013,51.8
A,PC_HH,FTTP,TOTAL,SE,2014,56.4
A,PC_HH,FTTP,TOTAL,SE,2015,56.4
A,PC_HH,FTTP,TOTAL,SE,2016,60.8
A,PC_HH,FTTP,TOTAL,SE,2017,66.4
A,PC_HH,FTTP,TOTAL,SE,2018,72.2
A,PC_HH,FTTP,TOTAL,SE,2019,77.1
A,PC_HH,FTTP,TOTAL,SE,2020,80.5
A,PC_HH,FTTP,TOTAL,SE,2021,82.5
A,PC_HH,FTTP,TOTAL,SE,2022,81.5
A,PC_HH,FTTP,TOTAL,SE,2023,83.9
A,PC_HH,FTTP,TOTAL,SE,2024,85.6
A,PC_HH,FTTP,TOTAL,SE,2025,85.6
A,PC_HH,FTTP,TOTAL,SI,2013,36.6
A,PC_HH,FTTP,TOTAL,SI,2014,42.2
A,PC_HH,FTTP,TOTAL,SI,2015,45.0
A,PC_HH,FTTP,TOTAL,SI,2016,50.4
A,PC_HH,FTTP,TOTAL,SI,2017,52.2
A,PC_HH,FTTP,TOTAL,SI,2018,61.1
A,PC_HH,FTTP,TOTAL,SI,2019,63.8
A,PC_HH,FTTP,TOTAL,SI,2020,65.6
A,PC_HH,FTTP,TOTAL,SI,2021,72.4
A,PC_HH,FTTP,TOTAL,SI,2022,75.5
A,PC_HH,FTTP,TOTAL,SI,2023,78.5
A,PC_HH,FTTP,TOTAL,SI,2024,79.7
A,PC_HH,FTTP,TOTAL,SI,2025,83.9
A,PC_HH,FTTP,TOTAL,SK,2013,29.5
A,PC_HH,FTTP,TOTAL,SK,2014,32.0
A,PC_HH,FTTP,TOTAL,SK,2015,36.1
A,PC_HH,FTTP,TOTAL,SK,2016,39.5
A,PC_HH,FTTP,TOTAL,SK,2017,41.2
A,PC_HH,FTTP,TOTAL,SK,2018,42.9
A,PC_HH,FTTP,TOTAL,SK,2019,44.3
A,PC_HH,FTTP,TOTAL,SK,2020,49.2
A,PC_HH,FTTP,TOTAL,SK,2021,62.3
A,PC_HH,FTTP,TOTAL,SK,2022,66.9
A,PC_HH,FTTP,TOTAL,SK,2023,64.2
A,PC_HH,FTTP,TOTAL,SK,2024,67.8
A,PC_HH,FTTP,TOTAL,SK,2025,76.0
A,PC_HH,FTTP,TOTAL,UK,2013,0.9
A,PC_HH,FTTP,TOTAL,UK,2014,1.4
A,PC_HH,FTTP,TOTAL,UK,2015,1.4
A,PC_HH,FTTP,TOTAL,UK,2016,1.8
A,PC_HH,FTTP,TOTAL,UK,2017,3.0
A,PC_HH,FTTP,TOTAL,UK,2018,3.8
A,PC_HH,FTTP,TOTAL,UK,2019,8.5
A,PC_HH,FTTP,TOTAL,UK,2020,14.5
A,PC_HH,FTTP,TOTAL,UK,2021,23.3
A,PC_HH,FTTP,TOTAL,UK,2022,36.3
A,PC_HH,FTTP,TOTAL,UK,2023,51.6
A,PC_HH,FTTP,TOTAL,UK,2024,68.7
A,PC_HH,FTTP,TOTAL,UK,2025,78.2
A,PC_HH,FTTP_DOCSIS3_0,DEG3,AT,2017,22.9
A,PC_HH,FTTP_DOCSIS3_0,DEG3,AT,2018,23.7
A,PC_HH,FTTP_DOCSIS3_0,DEG3,BE,2017,45.2
A,PC_HH,FTTP_DOCSIS3_0,DEG3,BE,2018,44.2
A,PC_HH,FTTP_DOCSIS3_0,DEG3,BG,2017,23.2
A,PC_HH,FTTP_DOCSIS3_0,DEG3,BG,2018,26.0
A,PC_HH,FTTP_DOCSIS3_0,DEG3,CH,2017,79.8
A,PC_HH,FTTP_DOCSIS3_0,DEG3,CH,2018,81.4
A,PC_HH,FTTP_DOCSIS3_0,DEG3,CZ,2017,6.5
A,PC_HH,FTTP_DOCSIS3_0,DEG3,CZ,2018,7.2
A,PC_HH,FTTP_DOCSIS3_0,DEG3,DE,2017,15.0
A,PC_HH,FTTP_DOCSIS3_0,DEG3,DE,2018,18.0
A,PC_HH,FTTP_DOCSIS3_0,DEG3,DK,2017,57.5
A,PC_HH,FTTP_DOCSIS3_0,DEG3,DK,2018,65.9
A,PC_HH,FTTP_DOCSIS3_0,DEG3,EE,2017,23.6
A,PC_HH,FTTP_DOCSIS3_0,DEG3,EE,2018,32.8
A,PC_HH,FTTP_DOCSIS3_0,DEG3,ES,2017,28.8
A,PC_HH,FTTP_DOCSIS3_0,DEG3,ES,2018,40.3
A,PC_HH,FTTP_DOCSIS3_0,DEG3,FI,2017,8.3
A,PC_HH,FTTP_DOCSIS3_0,DEG3,FI,2018,9.3
A,PC_HH,FTTP_DOCSIS3_0,DEG3,FR,2017,5.3
A,PC_HH,FTTP_DOCSIS3_0,DEG3,FR,2018,10.2
A,PC_HH,FTTP_DOCSIS3_0,DEG3,HR,2017,15.3
A,PC_HH,FTTP_DOCSIS3_0,DEG3,HR,2018,17.4
A,PC_HH,FTTP_DOCSIS3_0,DEG3,HU,2017,28.9
A,PC_HH,FTTP_DOCSIS3_0,DEG3,HU,2018,45.8
A,PC_HH,FTTP_DOCSIS3_0,DEG3,IE,2017,4.3
A,PC_HH,FTTP_DOCSIS3_0,DEG3,IE,2018,5.5
A,PC_HH,FTTP_DOCSIS3_0,DEG3,IS,2017,29.1
A,PC_HH,FTTP_DOCSIS3_0,DEG3,IS,2018,39.4
A,PC_HH,FTTP_DOCSIS3_0,DEG3,IT,2017,0.8
A,PC_HH,FTTP_DOCSIS3_0,DEG3,IT,2018,0.8
A,PC_HH,FTTP_DOCSIS3_0,DEG3,LT,2017,24.1
A,PC_HH,FTTP_DOCSIS3_0,DEG3,LT,2018,27.1
A,PC_HH,FTTP_DOCSIS3_0,DEG3,LU,2017,35.1
A,PC_HH,FTTP_DOCSIS3_0,DEG3,LU,2018,53.3
A,PC_HH,FTTP_DOCSIS3_0,DEG3,LV,2017,72.9
A,PC_HH,FTTP_DOCSIS3_0,DEG3,LV,2018,73.6
A,PC_HH,FTTP_DOCSIS3_0,DEG3,MT,2017,99.9
A,PC_HH,FTTP_DOCSIS3_0,DEG3,MT,2018,99.9
A,PC_HH,FTTP_DOCSIS3_0,DEG3,NL,2017,93.2
A,PC_HH,FTTP_DOCSIS3_0,DEG3,NL,2018,80.3
A,PC_HH,FTTP_DOCSIS3_0,DEG3,NO,2017,25.2
A,PC_HH,FTTP_DOCSIS3_0,DEG3,NO,2018,33.9
A,PC_HH,FTTP_DOCSIS3_0,DEG3,PL,2017,10.3
A,PC_HH,FTTP_DOCSIS3_0,DEG3,PL,2018,14.6
A,PC_HH,FTTP_DOCSIS3_0,DEG3,PT,2017,65.5
A,PC_HH,FTTP_DOCSIS3_0,DEG3,PT,2018,66.6
A,PC_HH,FTTP_DOCSIS3_0,DEG3,RO,2017,37.5
A,PC_HH,FTTP_DOCSIS3_0,DEG3,RO,2018,39.3
A,PC_HH,FTTP_DOCSIS3_0,DEG3,SE,2017,22.3
A,PC_HH,FTTP_DOCSIS3_0,DEG3,SE,2018,31.0
A,PC_HH,FTTP_DOCSIS3_0,DEG3,SI,2017,42.4
A,PC_HH,FTTP_DOCSIS3_0,DEG3,SI,2018,49.1
A,PC_HH,FTTP_DOCSIS3_0,DEG3,SK,2017,9.4
A,PC_HH,FTTP_DOCSIS3_0,DEG3,SK,2018,12.1
A,PC_HH,FTTP_DOCSIS3_0,DEG3,UK,2017,6.1
A,PC_HH,FTTP_DOCSIS3_0,DEG3,UK,2018,10.7
A,PC_HH,FTTP_DOCSIS3_0,TOTAL,AT,2017,56.2
A,PC_HH,FTTP_DOCSIS3_0,TOTAL,AT,2018,57.5
A,PC_HH,FTTP_DOCSIS3_0,TOTAL,BE,2017,91.6
A,PC_HH,FTTP_DOCSIS3_0,TOTAL,BE,2018,94.6
A,PC_HH,FTTP_DOCSIS3_0,TOTAL,BG,2017,74.6
A,PC_HH,FTTP_DOCSIS3_0,TOTAL,BG,2018,74.6
A,PC_HH,FTTP_DOCSIS3_0,TOTAL,CH,2017,88.2
A,PC_HH,FTTP_DOCSIS3_0,TOTAL,CH,2018,88.4
A,PC_HH,FTTP_DOCSIS3_0,TOTAL,CY,2017,45.0
A,PC_HH,FTTP_DOCSIS3_0,TOTAL,CY,2018,53.0
A,PC_HH,FTTP_DOCSIS3_0,TOTAL,CZ,2017,51.7
A,PC_HH,FTTP_DOCSIS3_0,TOTAL,CZ,2018,55.6
A,PC_HH,FTTP_DOCSIS3_0,TOTAL,DE,2017,65.7
A,PC_HH,FTTP_DOCSIS3_0,TOTAL,DE,2018,66.3
A,PC_HH,FTTP_DOCSIS3_0,TOTAL,DK,2017,85.9
A,PC_HH,FTTP_DOCSIS3_0,TOTAL,DK,2018,92.2
A,PC_HH,FTTP_DOCSIS3_0,TOTAL,EE,2017,71.3
A,PC_HH,FTTP_DOCSIS3_0,TOTAL,EE,2018,82.8
A,PC_HH,FTTP_DOCSIS3_0,TOTAL,EL,2017,0.4
A,PC_HH,FTTP_DOCSIS3_0,TOTAL,EL,2018,0.4
A,PC_HH,FTTP_DOCSIS3_0,TOTAL,ES,2017,83.6
A,PC_HH,FTTP_DOCSIS3_0,TOTAL,ES,2018,87.2
A,PC_HH,FTTP_DOCSIS3_0,TOTAL,FI,2017,59.1
A,PC_HH,FTTP_DOCSIS3_0,TOTAL,FI,2018,57.9
A,PC_HH,FTTP_DOCSIS3_0,TOTAL,FR,2017,42.2
A,PC_HH,FTTP_DOCSIS3_0,TOTAL,FR,2018,49.3
A,PC_HH,FTTP_DOCSIS3_0,TOTAL,HR,2017,34.6
A,PC_HH,FTTP_DOCSIS3_0,TOTAL,HR,2018,39.3
A,PC_HH,FTTP_DOCSIS3_0,TOTAL,HU,2017,76.4
A,PC_HH,FTTP_DOCSIS3_0,TOTAL,HU,2018,81.6
A,PC_HH,FTTP_DOCSIS3_0,TOTAL,IE,2017,45.6
A,PC_HH,FTTP_DOCSIS3_0,TOTAL,IE,2018,48.6
A,PC_HH,FTTP_DOCSIS3_0,TOTAL,IS,2017,72.3
A,PC_HH,FTTP_DOCSIS3_0,TOTAL,IS,2018,76.6
A,PC_HH,FTTP_DOCSIS3_0,TOTAL,IT,2017,21.7
A,PC_HH,FTTP_DOCSIS3_0,TOTAL,IT,2018,23.9
A,PC_HH,FTTP_DOCSIS3_0,TOTAL,LT,2017,54.4
A,PC_HH,FTTP_DOCSIS3_0,TOTAL,LT,2018,60.6
A,PC_HH,FTTP_DOCSIS3_0,TOTAL,LU,2017,86.6
A,PC_HH,FTTP_DOCSIS3_0,TOTAL,LU,2018,92.0
A,PC_HH,FTTP_DOCSIS3_0,TOTAL,LV,2017,88.4
A,PC_HH,FTTP_DOCSIS3_0,TOTAL,LV,2018,83.0
A,PC_HH,FTTP_DOCSIS3_0,TOTAL,MT,2017,100.0
A,PC_HH,FTTP_DOCSIS3_0,TOTAL,MT,2018,100.0
A,PC_HH,FTTP_DOCSIS3_0,TOTAL,NL,2017,92.9
A,PC_HH,FTTP_DOCSIS3_0,TOTAL,NL,2018,93.0
A,PC_HH,FTTP_DOCSIS3_0,TOTAL,NO,2017,79.7
A,PC_HH,FTTP_DOCSIS3_0,TOTAL,NO,2018,81.9
A,PC_HH,FTTP_DOCSIS3_0,TOTAL,PL,2017,49.3
A,PC_HH,FTTP_DOCSIS3_0,TOTAL,PL,2018,54.1
A,PC_HH,FTTP_DOCSIS3_0,TOTAL,PT,2017,71.7
A,PC_HH,FTTP_DOCSIS3_0,TOTAL,PT,2018,75.6
A,PC_HH,FTTP_DOCSIS3_0,TOTAL,RO,2017,72.8
A,PC_HH,FTTP_DOCSIS3_0,TOTAL,RO,2018,74.8
A,PC_HH,FTTP_DOCSIS3_0,TOTAL,SE,2017,73.3
A,PC_HH,FTTP_DOCSIS3_0,TOTAL,SE,2018,78.4
A,PC_HH,FTTP_DOCSIS3_0,TOTAL,SI,2017,74.6
A,PC_HH,FTTP_DOCSIS3_0,TOTAL,SI,2018,79.5
A,PC_HH,FTTP_DOCSIS3_0,TOTAL,SK,2017,53.8
A,PC_HH,FTTP_DOCSIS3_0,TOTAL,SK,2018,55.5
A,PC_HH,FTTP_DOCSIS3_0,TOTAL,UK,2017,48.3
A,PC_HH,FTTP_DOCSIS3_0,TOTAL,UK,2018,52.5
A,PC_HH,FWA,DEG3,AT,2019,28.9
A,PC_HH,FWA,DEG3,AT,2020,25.1
A,PC_HH,FWA,DEG3,AT,2021,26.2
A,PC_HH,FWA,DEG3,AT,2022,27.6
A,PC_HH,FWA,DEG3,AT,2023,23.5
A,PC_HH,FWA,DEG3,AT,2024,10.7
A,PC_HH,FWA,DEG3,AT,2025,9.0
A,PC_HH,FWA,DEG3,BE,2021,94.9
A,PC_HH,FWA,DEG3,BE,2022,96.1
A,PC_HH,FWA,DEG3,BE,2023,96.9
A,PC_HH,FWA,DEG3,BE,2024,95.9
A,PC_HH,FWA,DEG3,BE,2025,95.8
A,PC_HH,FWA,DEG3,BG,2019,9.8
A,PC_HH,FWA,DEG3,BG,2020,9.8
A,PC_HH,FWA,DEG3,BG,2021,9.8
A,PC_HH,FWA,DEG3,BG,2022,9.8
A,PC_HH,FWA,DEG3,BG,2023,9.8
A,PC_HH,FWA,DEG3,BG,2024,9.8
A,PC_HH,FWA,DEG3,BG,2025,82.4
A,PC_HH,FWA,DEG3,CY,2020,4.0
A,PC_HH,FWA,DEG3,CY,2021,4.2
A,PC_HH,FWA,DEG3,CY,2022,98.0
A,PC_HH,FWA,DEG3,CY,2023,97.9
A,PC_HH,FWA,DEG3,CY,2024,98.0
A,PC_HH,FWA,DEG3,CY,2025,100.0
A,PC_HH,FWA,DEG3,CZ,2019,74.7
A,PC_HH,FWA,DEG3,CZ,2020,82.0
A,PC_HH,FWA,DEG3,CZ,2021,85.3
A,PC_HH,FWA,DEG3,CZ,2022,85.4
A,PC_HH,FWA,DEG3,CZ,2023,85.4
A,PC_HH,FWA,DEG3,CZ,2024,86.9
A,PC_HH,FWA,DEG3,CZ,2025,88.7
A,PC_HH,FWA,DEG3,DE,2019,85.1
A,PC_HH,FWA,DEG3,DE,2020,86.7
A,PC_HH,FWA,DEG3,DE,2021,87.9
A,PC_HH,FWA,DEG3,DE,2022,87.1
A,PC_HH,FWA,DEG3,DE,2023,88.1
A,PC_HH,FWA,DEG3,DE,2024,88.4
A,PC_HH,FWA,DEG3,DE,2025,89.0
A,PC_HH,FWA,DEG3,DK,2019,12.0
A,PC_HH,FWA,DEG3,DK,2020,15.3
A,PC_HH,FWA,DEG3,DK,2021,15.6
A,PC_HH,FWA,DEG3,DK,2022,17.0
A,PC_HH,FWA,DEG3,DK,2023,14.7
A,PC_HH,FWA,DEG3,DK,2024,11.8
A,PC_HH,FWA,DEG3,DK,2025,11.5
A,PC_HH,FWA,DEG3,EE,2019,86.4
A,PC_HH,FWA,DEG3,EE,2020,89.8
A,PC_HH,FWA,DEG3,EE,2021,93.7
A,PC_HH,FWA,DEG3,EE,2022,96.0
A,PC_HH,FWA,DEG3,EE,2023,99.9
A,PC_HH,FWA,DEG3,EE,2024,99.8
A,PC_HH,FWA,DEG3,EE,2025,100.0
A,PC_HH,FWA,DEG3,EL,2019,4.5
A,PC_HH,FWA,DEG3,EL,2020,4.3
A,PC_HH,FWA,DEG3,EL,2021,3.9
A,PC_HH,FWA,DEG3,EL,2022,3.5
A,PC_HH,FWA,DEG3,EL,2025,89.1
A,PC_HH,FWA,DEG3,ES,2019,62.9
A,PC_HH,FWA,DEG3,ES,2020,64.0
A,PC_HH,FWA,DEG3,ES,2021,62.3
A,PC_HH,FWA,DEG3,ES,2022,68.5
A,PC_HH,FWA,DEG3,ES,2023,90.2
A,PC_HH,FWA,DEG3,ES,2024,94.3
A,PC_HH,FWA,DEG3,ES,2025,96.6
A,PC_HH,FWA,DEG3,FR,2019,87.1
A,PC_HH,FWA,DEG3,FR,2020,88.4
A,PC_HH,FWA,DEG3,FR,2021,91.2
A,PC_HH,FWA,DEG3,FR,2022,98.4
A,PC_HH,FWA,DEG3,FR,2023,97.3
A,PC_HH,FWA,DEG3,FR,2024,98.2
A,PC_HH,FWA,DEG3,FR,2025,98.4
A,PC_HH,FWA,DEG3,HR,2019,6.0
A,PC_HH,FWA,DEG3,HR,2020,6.7
A,PC_HH,FWA,DEG3,HR,2021,6.7
A,PC_HH,FWA,DEG3,HR,2022,6.5
A,PC_HH,FWA,DEG3,HR,2023,7.9
A,PC_HH,FWA,DEG3,HR,2024,15.5
A,PC_HH,FWA,DEG3,HR,2025,23.2
A,PC_HH,FWA,DEG3,HU,2022,35.8
A,PC_HH,FWA,DEG3,HU,2023,53.3
A,PC_HH,FWA,DEG3,HU,2024,66.9
A,PC_HH,FWA,DEG3,HU,2025,99.5
A,PC_HH,FWA,DEG3,IE,2019,17.6
A,PC_HH,FWA,DEG3,IE,2020,17.8
A,PC_HH,FWA,DEG3,IE,2021,19.4
A,PC_HH,FWA,DEG3,IE,2022,19.2
A,PC_HH,FWA,DEG3,IE,2023,36.2
A,PC_HH,FWA,DEG3,IE,2024,70.0
A,PC_HH,FWA,DEG3,IE,2025,50.1
A,PC_HH,FWA,DEG3,IS,2019,20.6
A,PC_HH,FWA,DEG3,IS,2020,20.6
A,PC_HH,FWA,DEG3,IS,2021,19.6
A,PC_HH,FWA,DEG3,IS,2022,19.1
A,PC_HH,FWA,DEG3,IS,2023,19.1
A,PC_HH,FWA,DEG3,IS,2025,97.1
A,PC_HH,FWA,DEG3,IT,2019,41.0
A,PC_HH,FWA,DEG3,IT,2020,57.9
A,PC_HH,FWA,DEG3,IT,2021,97.2
A,PC_HH,FWA,DEG3,IT,2022,96.8
A,PC_HH,FWA,DEG3,IT,2023,99.9
A,PC_HH,FWA,DEG3,IT,2024,99.9
A,PC_HH,FWA,DEG3,IT,2025,99.9
A,PC_HH,FWA,DEG3,LT,2022,6.9
A,PC_HH,FWA,DEG3,LT,2023,13.4
A,PC_HH,FWA,DEG3,LT,2024,13.9
A,PC_HH,FWA,DEG3,LT,2025,13.5
A,PC_HH,FWA,DEG3,LU,2025,28.0
A,PC_HH,FWA,DEG3,LV,2019,5.3
A,PC_HH,FWA,DEG3,LV,2020,5.4
A,PC_HH,FWA,DEG3,LV,2021,5.4
A,PC_HH,FWA,DEG3,LV,2022,5.4
A,PC_HH,FWA,DEG3,LV,2023,5.4
A,PC_HH,FWA,DEG3,LV,2024,4.1
A,PC_HH,FWA,DEG3,LV,2025,4.4
A,PC_HH,FWA,DEG3,MT,2019,100.0
A,PC_HH,FWA,DEG3,MT,2020,100.0
A,PC_HH,FWA,DEG3,MT,2021,100.0
A,PC_HH,FWA,DEG3,MT,2022,100.0
A,PC_HH,FWA,DEG3,MT,2023,100.0
A,PC_HH,FWA,DEG3,MT,2024,100.0
A,PC_HH,FWA,DEG3,MT,2025,100.0
A,PC_HH,FWA,DEG3,NL,2019,87.0
A,PC_HH,FWA,DEG3,NL,2020,87.0
A,PC_HH,FWA,DEG3,NL,2021,87.3
A,PC_HH,FWA,DEG3,NL,2022,87.8
A,PC_HH,FWA,DEG3,NO,2020,93.5
A,PC_HH,FWA,DEG3,NO,2021,84.9
A,PC_HH,FWA,DEG3,NO,2022,82.6
A,PC_HH,FWA,DEG3,NO,2023,88.5
A,PC_HH,FWA,DEG3,NO,2024,89.2
A,PC_HH,FWA,DEG3,NO,2025,91.1
A,PC_HH,FWA,DEG3,PL,2019,14.3
A,PC_HH,FWA,DEG3,PL,2020,15.7
A,PC_HH,FWA,DEG3,PL,2021,16.9
A,PC_HH,FWA,DEG3,PL,2022,16.4
A,PC_HH,FWA,DEG3,PL,2023,20.7
A,PC_HH,FWA,DEG3,PL,2024,17.5
A,PC_HH,FWA,DEG3,PL,2025,29.6
A,PC_HH,FWA,DEG3,RO,2019,24.5
A,PC_HH,FWA,DEG3,RO,2020,24.5
A,PC_HH,FWA,DEG3,RO,2021,25.3
A,PC_HH,FWA,DEG3,RO,2022,25.3
A,PC_HH,FWA,DEG3,RO,2023,18.1
A,PC_HH,FWA,DEG3,RO,2024,18.7
A,PC_HH,FWA,DEG3,RO,2025,16.3
A,PC_HH,FWA,DEG3,SE,2019,0.3
A,PC_HH,FWA,DEG3,SE,2020,0.4
A,PC_HH,FWA,DEG3,SE,2021,0.6
A,PC_HH,FWA,DEG3,SE,2022,1.4
A,PC_HH,FWA,DEG3,SE,2023,1.7
A,PC_HH,FWA,DEG3,SE,2024,0.7
A,PC_HH,FWA,DEG3,SE,2025,7.4
A,PC_HH,FWA,DEG3,SI,2019,28.9
A,PC_HH,FWA,DEG3,SI,2020,33.3
A,PC_HH,FWA,DEG3,SI,2021,27.4
A,PC_HH,FWA,DEG3,SI,2022,27.5
A,PC_HH,FWA,DEG3,SI,2023,28.3
A,PC_HH,FWA,DEG3,SI,2024,30.4
A,PC_HH,FWA,DEG3,SI,2025,33.0
A,PC_HH,FWA,DEG3,SK,2019,85.8
A,PC_HH,FWA,DEG3,SK,2020,94.3
A,PC_HH,FWA,DEG3,SK,2021,94.3
A,PC_HH,FWA,DEG3,SK,2022,94.6
A,PC_HH,FWA,DEG3,SK,2023,94.3
A,PC_HH,FWA,DEG3,SK,2024,94.3
A,PC_HH,FWA,DEG3,SK,2025,94.2
A,PC_HH,FWA,DEG3,UK,2019,1.5
A,PC_HH,FWA,DEG3,UK,2020,2.8
A,PC_HH,FWA,DEG3,UK,2021,3.5
A,PC_HH,FWA,DEG3,UK,2022,3.8
A,PC_HH,FWA,DEG3,UK,2023,4.0
A,PC_HH,FWA,DEG3,UK,2024,4.6
A,PC_HH,FWA,DEG3,UK,2025,82.1
A,PC_HH,FWA,TOTAL,AT,2019,41.5
A,PC_HH,FWA,TOTAL,AT,2020,16.2
A,PC_HH,FWA,TOTAL,AT,2021,19.9
A,PC_HH,FWA,TOTAL,AT,2022,20.7
A,PC_HH,FWA,TOTAL,AT,2023,18.7
A,PC_HH,FWA,TOTAL,AT,2024,8.6
A,PC_HH,FWA,TOTAL,AT,2025,8.2
A,PC_HH,FWA,TOTAL,BE,2021,97.7
A,PC_HH,FWA,TOTAL,BE,2022,99.8
A,PC_HH,FWA,TOTAL,BE,2023,99.8
A,PC_HH,FWA,TOTAL,BE,2024,99.8
A,PC_HH,FWA,TOTAL,BE,2025,99.8
A,PC_HH,FWA,TOTAL,BG,2019,18.8
A,PC_HH,FWA,TOTAL,BG,2020,18.8
A,PC_HH,FWA,TOTAL,BG,2021,18.8
A,PC_HH,FWA,TOTAL,BG,2022,18.8
A,PC_HH,FWA,TOTAL,BG,2023,18.8
A,PC_HH,FWA,TOTAL,BG,2024,18.8
A,PC_HH,FWA,TOTAL,BG,2025,94.5
A,PC_HH,FWA,TOTAL,CY,2020,88.8
A,PC_HH,FWA,TOTAL,CY,2021,88.8
A,PC_HH,FWA,TOTAL,CY,2022,99.7
A,PC_HH,FWA,TOTAL,CY,2023,99.6
A,PC_HH,FWA,TOTAL,CY,2024,99.6
A,PC_HH,FWA,TOTAL,CY,2025,100.0
A,PC_HH,FWA,TOTAL,CZ,2019,62.1
A,PC_HH,FWA,TOTAL,CZ,2020,69.5
A,PC_HH,FWA,TOTAL,CZ,2021,81.4
A,PC_HH,FWA,TOTAL,CZ,2022,85.1
A,PC_HH,FWA,TOTAL,CZ,2023,80.5
A,PC_HH,FWA,TOTAL,CZ,2024,84.0
A,PC_HH,FWA,TOTAL,CZ,2025,92.5
A,PC_HH,FWA,TOTAL,DE,2019,88.8
A,PC_HH,FWA,TOTAL,DE,2020,89.7
A,PC_HH,FWA,TOTAL,DE,2021,90.0
A,PC_HH,FWA,TOTAL,DE,2022,89.8
A,PC_HH,FWA,TOTAL,DE,2023,90.3
A,PC_HH,FWA,TOTAL,DE,2024,91.1
A,PC_HH,FWA,TOTAL,DE,2025,92.6
A,PC_HH,FWA,TOTAL,DK,2019,7.9
A,PC_HH,FWA,TOTAL,DK,2020,5.6
A,PC_HH,FWA,TOTAL,DK,2021,9.8
A,PC_HH,FWA,TOTAL,DK,2022,10.4
A,PC_HH,FWA,TOTAL,DK,2023,9.9
A,PC_HH,FWA,TOTAL,DK,2024,7.6
A,PC_HH,FWA,TOTAL,DK,2025,7.3
A,PC_HH,FWA,TOTAL,EE,2019,85.7
A,PC_HH,FWA,TOTAL,EE,2020,89.3
A,PC_HH,FWA,TOTAL,EE,2021,92.9
A,PC_HH,FWA,TOTAL,EE,2022,95.6
A,PC_HH,FWA,TOTAL,EE,2023,99.9
A,PC_HH,FWA,TOTAL,EE,2024,100.0
A,PC_HH,FWA,TOTAL,EE,2025,100.0
A,PC_HH,FWA,TOTAL,EL,2019,0.9
A,PC_HH,FWA,TOTAL,EL,2020,0.9
A,PC_HH,FWA,TOTAL,EL,2021,0.8
A,PC_HH,FWA,TOTAL,EL,2022,0.7
A,PC_HH,FWA,TOTAL,EL,2025,96.0
A,PC_HH,FWA,TOTAL,ES,2019,35.7
A,PC_HH,FWA,TOTAL,ES,2020,35.5
A,PC_HH,FWA,TOTAL,ES,2021,35.3
A,PC_HH,FWA,TOTAL,ES,2022,58.8
A,PC_HH,FWA,TOTAL,ES,2023,97.5
A,PC_HH,FWA,TOTAL,ES,2024,98.4
A,PC_HH,FWA,TOTAL,ES,2025,99.2
A,PC_HH,FWA,TOTAL,FR,2019,55.0
A,PC_HH,FWA,TOTAL,FR,2020,56.5
A,PC_HH,FWA,TOTAL,FR,2021,58.1
A,PC_HH,FWA,TOTAL,FR,2022,99.1
A,PC_HH,FWA,TOTAL,FR,2023,99.0
A,PC_HH,FWA,TOTAL,FR,2024,99.2
A,PC_HH,FWA,TOTAL,FR,2025,99.2
A,PC_HH,FWA,TOTAL,HR,2019,5.0
A,PC_HH,FWA,TOTAL,HR,2020,5.4
A,PC_HH,FWA,TOTAL,HR,2021,4.4
A,PC_HH,FWA,TOTAL,HR,2022,38.4
A,PC_HH,FWA,TOTAL,HR,2023,44.5
A,PC_HH,FWA,TOTAL,HR,2024,56.9
A,PC_HH,FWA,TOTAL,HR,2025,64.9
A,PC_HH,FWA,TOTAL,HU,2022,42.4
A,PC_HH,FWA,TOTAL,HU,2023,58.6
A,PC_HH,FWA,TOTAL,HU,2024,92.9
A,PC_HH,FWA,TOTAL,HU,2025,99.4
A,PC_HH,FWA,TOTAL,IE,2019,29.6
A,PC_HH,FWA,TOTAL,IE,2020,29.8
A,PC_HH,FWA,TOTAL,IE,2021,30.0
A,PC_HH,FWA,TOTAL,IE,2022,29.5
A,PC_HH,FWA,TOTAL,IE,2023,51.6
A,PC_HH,FWA,TOTAL,IE,2024,51.0
A,PC_HH,FWA,TOTAL,IE,2025,79.4
A,PC_HH,FWA,TOTAL,IS,2019,2.2
A,PC_HH,FWA,TOTAL,IS,2020,2.2
A,PC_HH,FWA,TOTAL,IS,2021,2.1
A,PC_HH,FWA,TOTAL,IS,2022,2.0
A,PC_HH,FWA,TOTAL,IS,2023,2.0
A,PC_HH,FWA,TOTAL,IS,2025,99.8
A,PC_HH,FWA,TOTAL,IT,2019,72.9
A,PC_HH,FWA,TOTAL,IT,2020,72.3
A,PC_HH,FWA,TOTAL,IT,2021,97.3
A,PC_HH,FWA,TOTAL,IT,2022,97.4
A,PC_HH,FWA,TOTAL,IT,2023,100.0
A,PC_HH,FWA,TOTAL,IT,2024,100.0
A,PC_HH,FWA,TOTAL,IT,2025,100.0
A,PC_HH,FWA,TOTAL,LT,2022,14.7
A,PC_HH,FWA,TOTAL,LT,2023,26.3
A,PC_HH,FWA,TOTAL,LT,2024,32.0
A,PC_HH,FWA,TOTAL,LT,2025,33.2
A,PC_HH,FWA,TOTAL,LU,2025,28.0
A,PC_HH,FWA,TOTAL,LV,2019,3.9
A,PC_HH,FWA,TOTAL,LV,2020,3.9
A,PC_HH,FWA,TOTAL,LV,2021,3.9
A,PC_HH,FWA,TOTAL,LV,2022,4.0
A,PC_HH,FWA,TOTAL,LV,2023,4.0
A,PC_HH,FWA,TOTAL,LV,2024,3.1
A,PC_HH,FWA,TOTAL,LV,2025,3.2
A,PC_HH,FWA,TOTAL,MT,2019,100.0
A,PC_HH,FWA,TOTAL,MT,2020,100.0
A,PC_HH,FWA,TOTAL,MT,2021,100.0
A,PC_HH,FWA,TOTAL,MT,2022,100.0
A,PC_HH,FWA,TOTAL,MT,2023,100.0
A,PC_HH,FWA,TOTAL,MT,2024,100.0
A,PC_HH,FWA,TOTAL,MT,2025,100.0
A,PC_HH,FWA,TOTAL,NL,2019,86.7
A,PC_HH,FWA,TOTAL,NL,2020,86.7
A,PC_HH,FWA,TOTAL,NL,2021,86.7
A,PC_HH,FWA,TOTAL,NL,2022,86.7
A,PC_HH,FWA,TOTAL,NO,2020,97.9
A,PC_HH,FWA,TOTAL,NO,2021,94.0
A,PC_HH,FWA,TOTAL,NO,2022,86.5
A,PC_HH,FWA,TOTAL,NO,2023,92.6
A,PC_HH,FWA,TOTAL,NO,2024,95.4
A,PC_HH,FWA,TOTAL,NO,2025,96.0
A,PC_HH,FWA,TOTAL,PL,2019,13.3
A,PC_HH,FWA,TOTAL,PL,2020,14.7
A,PC_HH,FWA,TOTAL,PL,2021,15.4
A,PC_HH,FWA,TOTAL,PL,2022,14.4
A,PC_HH,FWA,TOTAL,PL,2023,15.3
A,PC_HH,FWA,TOTAL,PL,2024,9.8
A,PC_HH,FWA,TOTAL,PL,2025,36.8
A,PC_HH,FWA,TOTAL,RO,2019,56.1
A,PC_HH,FWA,TOTAL,RO,2020,56.1
A,PC_HH,FWA,TOTAL,RO,2021,58.0
A,PC_HH,FWA,TOTAL,RO,2022,58.0
A,PC_HH,FWA,TOTAL,RO,2023,52.5
A,PC_HH,FWA,TOTAL,RO,2024,53.0
A,PC_HH,FWA,TOTAL,RO,2025,47.2
A,PC_HH,FWA,TOTAL,SE,2019,0.2
A,PC_HH,FWA,TOTAL,SE,2020,0.2
A,PC_HH,FWA,TOTAL,SE,2021,0.4
A,PC_HH,FWA,TOTAL,SE,2022,0.5
A,PC_HH,FWA,TOTAL,SE,2023,0.6
A,PC_HH,FWA,TOTAL,SE,2024,0.8
A,PC_HH,FWA,TOTAL,SE,2025,7.4
A,PC_HH,FWA,TOTAL,SI,2019,33.7
A,PC_HH,FWA,TOTAL,SI,2020,36.1
A,PC_HH,FWA,TOTAL,SI,2021,29.7
A,PC_HH,FWA,TOTAL,SI,2022,29.9
A,PC_HH,FWA,TOTAL,SI,2023,34.4
A,PC_HH,FWA,TOTAL,SI,2024,43.6
A,PC_HH,FWA,TOTAL,SI,2025,50.7
A,PC_HH,FWA,TOTAL,SK,2019,78.1
A,PC_HH,FWA,TOTAL,SK,2020,94.8
A,PC_HH,FWA,TOTAL,SK,2021,94.8
A,PC_HH,FWA,TOTAL,SK,2022,94.9
A,PC_HH,FWA,TOTAL,SK,2023,94.8
A,PC_HH,FWA,TOTAL,SK,2024,94.6
A,PC_HH,FWA,TOTAL,SK,2025,94.8
A,PC_HH,FWA,TOTAL,UK,2019,3.0
A,PC_HH,FWA,TOTAL,UK,2020,4.9
A,PC_HH,FWA,TOTAL,UK,2021,5.8
A,PC_HH,FWA,TOTAL,UK,2022,7.4
A,PC_HH,FWA,TOTAL,UK,2023,7.6
A,PC_HH,FWA,TOTAL,UK,2024,6.6
A,PC_HH,FWA,TOTAL,UK,2025,96.0
A,PC_HH,HSPA,DEG3,AT,2013,85.2
A,PC_HH,HSPA,DEG3,AT,2014,85.0
A,PC_HH,HSPA,DEG3,AT,2015,85.2
A,PC_HH,HSPA,DEG3,AT,2016,93.4
A,PC_HH,HSPA,DEG3,AT,2017,93.4
A,PC_HH,HSPA,DEG3,AT,2018,97.1
A,PC_HH,HSPA,DEG3,BE,2013,75.8
A,PC_HH,HSPA,DEG3,BE,2014,77.4
A,PC_HH,HSPA,DEG3,BE,2015,81.0
A,PC_HH,HSPA,DEG3,BE,2016,99.4
A,PC_HH,HSPA,DEG3,BE,2017,99.9
A,PC_HH,HSPA,DEG3,BE,2018,99.9
A,PC_HH,HSPA,DEG3,BG,2013,98.5
A,PC_HH,HSPA,DEG3,BG,2014,97.9
A,PC_HH,HSPA,DEG3,BG,2015,99.6
A,PC_HH,HSPA,DEG3,BG,2016,100.0
A,PC_HH,HSPA,DEG3,BG,2017,100.0
A,PC_HH,HSPA,DEG3,BG,2018,100.0
A,PC_HH,HSPA,DEG3,CH,2013,96.0
A,PC_HH,HSPA,DEG3,CH,2014,96.1
A,PC_HH,HSPA,DEG3,CH,2015,97.6
A,PC_HH,HSPA,DEG3,CH,2016,98.7
A,PC_HH,HSPA,DEG3,CH,2017,99.3
A,PC_HH,HSPA,DEG3,CH,2018,99.3
A,PC_HH,HSPA,DEG3,CY,2013,99.0
A,PC_HH,HSPA,DEG3,CY,2014,99.0
A,PC_HH,HSPA,DEG3,CY,2015,99.0
A,PC_HH,HSPA,DEG3,CY,2016,99.0
A,PC_HH,HSPA,DEG3,CY,2017,99.0
A,PC_HH,HSPA,DEG3,CY,2018,99.6
A,PC_HH,HSPA,DEG3,CZ,2013,64.2
A,PC_HH,HSPA,DEG3,CZ,2014,79.2
A,PC_HH,HSPA,DEG3,CZ,2015,79.2
A,PC_HH,HSPA,DEG3,CZ,2016,84.9
A,PC_HH,HSPA,DEG3,CZ,2017,84.9
A,PC_HH,HSPA,DEG3,CZ,2018,85.0
A,PC_HH,HSPA,DEG3,DE,2013,59.9
A,PC_HH,HSPA,DEG3,DE,2014,62.5
A,PC_HH,HSPA,DEG3,DE,2015,59.6
A,PC_HH,HSPA,DEG3,DE,2016,61.6
A,PC_HH,HSPA,DEG3,DE,2017,60.6
A,PC_HH,HSPA,DEG3,DE,2018,60.4
A,PC_HH,HSPA,DEG3,DK,2013,94.0
A,PC_HH,HSPA,DEG3,DK,2014,99.0
A,PC_HH,HSPA,DEG3,DK,2015,98.2
A,PC_HH,HSPA,DEG3,DK,2016,99.8
A,PC_HH,HSPA,DEG3,DK,2017,100.0
A,PC_HH,HSPA,DEG3,DK,2018,100.0
A,PC_HH,HSPA,DEG3,EE,2013,97.1
A,PC_HH,HSPA,DEG3,EE,2014,98.0
A,PC_HH,HSPA,DEG3,EE,2015,98.0
A,PC_HH,HSPA,DEG3,EE,2016,97.5
A,PC_HH,HSPA,DEG3,EE,2017,97.7
A,PC_HH,HSPA,DEG3,EE,2018,98.1
A,PC_HH,HSPA,DEG3,EL,2013,97.5
A,PC_HH,HSPA,DEG3,EL,2014,96.6
A,PC_HH,HSPA,DEG3,EL,2015,96.7
A,PC_HH,HSPA,DEG3,EL,2016,92.3
A,PC_HH,HSPA,DEG3,EL,2017,94.1
A,PC_HH,HSPA,DEG3,EL,2018,96.1
A,PC_HH,HSPA,DEG3,ES,2013,95.0
A,PC_HH,HSPA,DEG3,ES,2014,98.4
A,PC_HH,HSPA,DEG3,ES,2015,98.4
A,PC_HH,HSPA,DEG3,ES,2016,98.7
A,PC_HH,HSPA,DEG3,ES,2017,99.5
A,PC_HH,HSPA,DEG3,ES,2018,99.5
A,PC_HH,HSPA,DEG3,FI,2013,97.2
A,PC_HH,HSPA,DEG3,FI,2014,97.2
A,PC_HH,HSPA,DEG3,FI,2015,100.0
A,PC_HH,HSPA,DEG3,FI,2016,100.0
A,PC_HH,HSPA,DEG3,FI,2017,99.5
A,PC_HH,HSPA,DEG3,FI,2018,99.9
A,PC_HH,HSPA,DEG3,FR,2013,98.6
A,PC_HH,HSPA,DEG3,FR,2014,98.6
A,PC_HH,HSPA,DEG3,FR,2015,98.7
A,PC_HH,HSPA,DEG3,FR,2016,99.0
A,PC_HH,HSPA,DEG3,FR,2017,99.7
A,PC_HH,HSPA,DEG3,FR,2018,99.8
A,PC_HH,HSPA,DEG3,HR,2013,72.8
A,PC_HH,HSPA,DEG3,HR,2014,89.9
A,PC_HH,HSPA,DEG3,HR,2015,91.0
A,PC_HH,HSPA,DEG3,HR,2016,96.4
A,PC_HH,HSPA,DEG3,HR,2017,97.2
A,PC_HH,HSPA,DEG3,HR,2018,96.9
A,PC_HH,HSPA,DEG3,HU,2013,90.2
A,PC_HH,HSPA,DEG3,HU,2014,94.2
A,PC_HH,HSPA,DEG3,HU,2015,94.6
A,PC_HH,HSPA,DEG3,HU,2016,94.7
A,PC_HH,HSPA,DEG3,HU,2017,95.5
A,PC_HH,HSPA,DEG3,HU,2018,95.6
A,PC_HH,HSPA,DEG3,IE,2013,86.6
A,PC_HH,HSPA,DEG3,IE,2014,85.3
A,PC_HH,HSPA,DEG3,IE,2015,85.3
A,PC_HH,HSPA,DEG3,IE,2016,98.0
A,PC_HH,HSPA,DEG3,IE,2017,99.5
A,PC_HH,HSPA,DEG3,IE,2018,97.2
A,PC_HH,HSPA,DEG3,IT,2013,76.5
A,PC_HH,HSPA,DEG3,IT,2014,81.5
A,PC_HH,HSPA,DEG3,IT,2015,86.3
A,PC_HH,HSPA,DEG3,IT,2016,94.9
A,PC_HH,HSPA,DEG3,IT,2017,95.0
A,PC_HH,HSPA,DEG3,IT,2018,95.8
A,PC_HH,HSPA,DEG3,LT,2013,94.1
A,PC_HH,HSPA,DEG3,LT,2014,95.6
A,PC_HH,HSPA,DEG3,LT,2015,96.4
A,PC_HH,HSPA,DEG3,LT,2016,98.1
A,PC_HH,HSPA,DEG3,LT,2017,98.4
A,PC_HH,HSPA,DEG3,LT,2018,99.0
A,PC_HH,HSPA,DEG3,LU,2013,99.6
A,PC_HH,HSPA,DEG3,LU,2014,99.6
A,PC_HH,HSPA,DEG3,LU,2015,99.6
A,PC_HH,HSPA,DEG3,LU,2016,99.2
A,PC_HH,HSPA,DEG3,LU,2017,99.2
A,PC_HH,HSPA,DEG3,LU,2018,99.2
A,PC_HH,HSPA,DEG3,LV,2013,96.5
A,PC_HH,HSPA,DEG3,LV,2014,97.3
A,PC_HH,HSPA,DEG3,LV,2015,97.3
A,PC_HH,HSPA,DEG3,LV,2016,90.0
A,PC_HH,HSPA,DEG3,LV,2017,90.0
A,PC_HH,HSPA,DEG3,LV,2018,91.0
A,PC_HH,HSPA,DEG3,MT,2013,99.0
A,PC_HH,HSPA,DEG3,MT,2014,95.7
A,PC_HH,HSPA,DEG3,MT,2015,99.0
A,PC_HH,HSPA,DEG3,MT,2016,99.2
A,PC_HH,HSPA,DEG3,MT,2017,99.2
A,PC_HH,HSPA,DEG3,MT,2018,99.2
A,PC_HH,HSPA,DEG3,NL,2013,90.5
A,PC_HH,HSPA,DEG3,NL,2014,95.5
A,PC_HH,HSPA,DEG3,NL,2015,98.3
A,PC_HH,HSPA,DEG3,NL,2016,66.2
A,PC_HH,HSPA,DEG3,NL,2017,99.3
A,PC_HH,HSPA,DEG3,NL,2018,99.3
A,PC_HH,HSPA,DEG3,NO,2013,83.9
A,PC_HH,HSPA,DEG3,NO,2014,95.0
A,PC_HH,HSPA,DEG3,NO,2015,95.6
A,PC_HH,HSPA,DEG3,NO,2016,99.3
A,PC_HH,HSPA,DEG3,NO,2017,98.7
A,PC_HH,HSPA,DEG3,NO,2018,99.6
A,PC_HH,HSPA,DEG3,PL,2013,94.8
A,PC_HH,HSPA,DEG3,PL,2014,97.8
A,PC_HH,HSPA,DEG3,PL,2015,98.1
A,PC_HH,HSPA,DEG3,PL,2016,100.0
A,PC_HH,HSPA,DEG3,PL,2017,100.0
A,PC_HH,HSPA,DEG3,PL,2018,100.0
A,PC_HH,HSPA,DEG3,PT,2013,73.5
A,PC_HH,HSPA,DEG3,PT,2014,78.0
A,PC_HH,HSPA,DEG3,PT,2015,84.4
A,PC_HH,HSPA,DEG3,PT,2016,94.2
A,PC_HH,HSPA,DEG3,PT,2017,95.7
A,PC_HH,HSPA,DEG3,PT,2018,98.3
A,PC_HH,HSPA,DEG3,RO,2013,99.3
A,PC_HH,HSPA,DEG3,RO,2014,99.2
A,PC_HH,HSPA,DEG3,RO,2015,99.5
A,PC_HH,HSPA,DEG3,RO,2016,100.0
A,PC_HH,HSPA,DEG3,RO,2017,100.0
A,PC_HH,HSPA,DEG3,RO,2018,100.0
A,PC_HH,HSPA,DEG3,SE,2013,97.9
A,PC_HH,HSPA,DEG3,SE,2014,96.5
A,PC_HH,HSPA,DEG3,SE,2015,96.5
A,PC_HH,HSPA,DEG3,SE,2016,99.2
A,PC_HH,HSPA,DEG3,SE,2017,99.3
A,PC_HH,HSPA,DEG3,SE,2018,99.5
A,PC_HH,HSPA,DEG3,SI,2013,89.5
A,PC_HH,HSPA,DEG3,SI,2014,91.1
A,PC_HH,HSPA,DEG3,SI,2015,91.5
A,PC_HH,HSPA,DEG3,SI,2016,93.1
A,PC_HH,HSPA,DEG3,SI,2017,94.2
A,PC_HH,HSPA,DEG3,SI,2018,96.0
A,PC_HH,HSPA,DEG3,SK,2013,68.9
A,PC_HH,HSPA,DEG3,SK,2014,69.3
A,PC_HH,HSPA,DEG3,SK,2015,71.7
A,PC_HH,HSPA,DEG3,SK,2016,78.5
A,PC_HH,HSPA,DEG3,SK,2017,77.1
A,PC_HH,HSPA,DEG3,SK,2018,91.9
A,PC_HH,HSPA,DEG3,UK,2013,85.1
A,PC_HH,HSPA,DEG3,UK,2014,88.8
A,PC_HH,HSPA,DEG3,UK,2015,88.8
A,PC_HH,HSPA,DEG3,UK,2016,88.8
A,PC_HH,HSPA,DEG3,UK,2017,94.3
A,PC_HH,HSPA,DEG3,UK,2018,99.3
A,PC_HH,HSPA,TOTAL,AT,2013,97.9
A,PC_HH,HSPA,TOTAL,AT,2014,98.0
A,PC_HH,HSPA,TOTAL,AT,2015,98.0
A,PC_HH,HSPA,TOTAL,AT,2016,99.1
A,PC_HH,HSPA,TOTAL,AT,2017,99.1
A,PC_HH,HSPA,TOTAL,AT,2018,99.6
A,PC_HH,HSPA,TOTAL,BE,2013,98.8
A,PC_HH,HSPA,TOTAL,BE,2014,97.8
A,PC_HH,HSPA,TOTAL,BE,2015,97.9
A,PC_HH,HSPA,TOTAL,BE,2016,100.0
A,PC_HH,HSPA,TOTAL,BE,2017,100.0
A,PC_HH,HSPA,TOTAL,BE,2018,100.0
A,PC_HH,HSPA,TOTAL,BG,2013,99.6
A,PC_HH,HSPA,TOTAL,BG,2014,99.6
A,PC_HH,HSPA,TOTAL,BG,2015,99.9
A,PC_HH,HSPA,TOTAL,BG,2016,100.0
A,PC_HH,HSPA,TOTAL,BG,2017,100.0
A,PC_HH,HSPA,TOTAL,BG,2018,100.0
A,PC_HH,HSPA,TOTAL,CH,2013,98.8
A,PC_HH,HSPA,TOTAL,CH,2014,99.0
A,PC_HH,HSPA,TOTAL,CH,2015,99.4
A,PC_HH,HSPA,TOTAL,CH,2016,99.5
A,PC_HH,HSPA,TOTAL,CH,2017,99.8
A,PC_HH,HSPA,TOTAL,CH,2018,99.8
A,PC_HH,HSPA,TOTAL,CY,2013,99.0
A,PC_HH,HSPA,TOTAL,CY,2014,99.0
A,PC_HH,HSPA,TOTAL,CY,2015,99.0
A,PC_HH,HSPA,TOTAL,CY,2016,99.0
A,PC_HH,HSPA,TOTAL,CY,2017,99.6
A,PC_HH,HSPA,TOTAL,CY,2018,99.6
A,PC_HH,HSPA,TOTAL,CZ,2013,94.9
A,PC_HH,HSPA,TOTAL,CZ,2014,97.0
A,PC_HH,HSPA,TOTAL,CZ,2015,97.0
A,PC_HH,HSPA,TOTAL,CZ,2016,97.0
A,PC_HH,HSPA,TOTAL,CZ,2017,97.0
A,PC_HH,HSPA,TOTAL,CZ,2018,97.0
A,PC_HH,HSPA,TOTAL,DE,2013,92.2
A,PC_HH,HSPA,TOTAL,DE,2014,90.7
A,PC_HH,HSPA,TOTAL,DE,2015,91.5
A,PC_HH,HSPA,TOTAL,DE,2016,92.1
A,PC_HH,HSPA,TOTAL,DE,2017,91.5
A,PC_HH,HSPA,TOTAL,DE,2018,91.3
A,PC_HH,HSPA,TOTAL,DK,2013,99.1
A,PC_HH,HSPA,TOTAL,DK,2014,99.0
A,PC_HH,HSPA,TOTAL,DK,2015,99.0
A,PC_HH,HSPA,TOTAL,DK,2016,100.0
A,PC_HH,HSPA,TOTAL,DK,2017,100.0
A,PC_HH,HSPA,TOTAL,DK,2018,100.0
A,PC_HH,HSPA,TOTAL,EE,2013,95.8
A,PC_HH,HSPA,TOTAL,EE,2014,99.0
A,PC_HH,HSPA,TOTAL,EE,2015,98.9
A,PC_HH,HSPA,TOTAL,EE,2016,98.8
A,PC_HH,HSPA,TOTAL,EE,2017,97.7
A,PC_HH,HSPA,TOTAL,EE,2018,98.1
A,PC_HH,HSPA,TOTAL,EL,2013,99.5
A,PC_HH,HSPA,TOTAL,EL,2014,99.3
A,PC_HH,HSPA,TOTAL,EL,2015,99.3
A,PC_HH,HSPA,TOTAL,EL,2016,98.4
A,PC_HH,HSPA,TOTAL,EL,2017,98.7
A,PC_HH,HSPA,TOTAL,EL,2018,99.1
A,PC_HH,HSPA,TOTAL,ES,2013,99.1
A,PC_HH,HSPA,TOTAL,ES,2014,99.7
A,PC_HH,HSPA,TOTAL,ES,2015,99.7
A,PC_HH,HSPA,TOTAL,ES,2016,99.7
A,PC_HH,HSPA,TOTAL,ES,2017,99.9
A,PC_HH,HSPA,TOTAL,ES,2018,99.9
A,PC_HH,HSPA,TOTAL,FI,2013,99.5
A,PC_HH,HSPA,TOTAL,FI,2014,99.5
A,PC_HH,HSPA,TOTAL,FI,2015,100.0
A,PC_HH,HSPA,TOTAL,FI,2016,100.0
A,PC_HH,HSPA,TOTAL,FI,2017,99.9
A,PC_HH,HSPA,TOTAL,FI,2018,100.0
A,PC_HH,HSPA,TOTAL,FR,2013,99.8
A,PC_HH,HSPA,TOTAL,FR,2014,99.8
A,PC_HH,HSPA,TOTAL,FR,2015,99.8
A,PC_HH,HSPA,TOTAL,FR,2016,99.8
A,PC_HH,HSPA,TOTAL,FR,2017,99.9
A,PC_HH,HSPA,TOTAL,FR,2018,99.8
A,PC_HH,HSPA,TOTAL,HR,2013,93.9
A,PC_HH,HSPA,TOTAL,HR,2014,97.7
A,PC_HH,HSPA,TOTAL,HR,2015,98.0
A,PC_HH,HSPA,TOTAL,HR,2016,99.2
A,PC_HH,HSPA,TOTAL,HR,2017,99.4
A,PC_HH,HSPA,TOTAL,HR,2018,99.3
A,PC_HH,HSPA,TOTAL,HU,2013,97.0
A,PC_HH,HSPA,TOTAL,HU,2014,98.2
A,PC_HH,HSPA,TOTAL,HU,2015,98.3
A,PC_HH,HSPA,TOTAL,HU,2016,98.3
A,PC_HH,HSPA,TOTAL,HU,2017,98.6
A,PC_HH,HSPA,TOTAL,HU,2018,98.6
A,PC_HH,HSPA,TOTAL,IE,2013,94.8
A,PC_HH,HSPA,TOTAL,IE,2014,94.6
A,PC_HH,HSPA,TOTAL,IE,2015,94.6
A,PC_HH,HSPA,TOTAL,IE,2016,99.2
A,PC_HH,HSPA,TOTAL,IE,2017,99.5
A,PC_HH,HSPA,TOTAL,IE,2018,98.1
A,PC_HH,HSPA,TOTAL,IS,2013,91.7
A,PC_HH,HSPA,TOTAL,IS,2014,91.8
A,PC_HH,HSPA,TOTAL,IS,2015,92.9
A,PC_HH,HSPA,TOTAL,IS,2016,93.8
A,PC_HH,HSPA,TOTAL,IS,2017,94.0
A,PC_HH,HSPA,TOTAL,IS,2018,93.9
A,PC_HH,HSPA,TOTAL,IT,2013,97.0
A,PC_HH,HSPA,TOTAL,IT,2014,97.7
A,PC_HH,HSPA,TOTAL,IT,2015,98.3
A,PC_HH,HSPA,TOTAL,IT,2016,99.4
A,PC_HH,HSPA,TOTAL,IT,2017,99.4
A,PC_HH,HSPA,TOTAL,IT,2018,99.5
A,PC_HH,HSPA,TOTAL,LT,2013,95.2
A,PC_HH,HSPA,TOTAL,LT,2014,98.6
A,PC_HH,HSPA,TOTAL,LT,2015,98.9
A,PC_HH,HSPA,TOTAL,LT,2016,99.4
A,PC_HH,HSPA,TOTAL,LT,2017,99.5
A,PC_HH,HSPA,TOTAL,LT,2018,99.7
A,PC_HH,HSPA,TOTAL,LU,2013,99.6
A,PC_HH,HSPA,TOTAL,LU,2014,99.6
A,PC_HH,HSPA,TOTAL,LU,2015,99.6
A,PC_HH,HSPA,TOTAL,LU,2016,98.9
A,PC_HH,HSPA,TOTAL,LU,2017,98.9
A,PC_HH,HSPA,TOTAL,LU,2018,98.9
A,PC_HH,HSPA,TOTAL,LV,2013,99.0
A,PC_HH,HSPA,TOTAL,LV,2014,99.2
A,PC_HH,HSPA,TOTAL,LV,2015,99.2
A,PC_HH,HSPA,TOTAL,LV,2016,92.3
A,PC_HH,HSPA,TOTAL,LV,2017,92.3
A,PC_HH,HSPA,TOTAL,LV,2018,92.3
A,PC_HH,HSPA,TOTAL,MT,2013,100.0
A,PC_HH,HSPA,TOTAL,MT,2014,99.0
A,PC_HH,HSPA,TOTAL,MT,2015,99.0
A,PC_HH,HSPA,TOTAL,MT,2016,99.9
A,PC_HH,HSPA,TOTAL,MT,2017,99.9
A,PC_HH,HSPA,TOTAL,MT,2018,99.9
A,PC_HH,HSPA,TOTAL,NL,2013,99.0
A,PC_HH,HSPA,TOTAL,NL,2014,99.6
A,PC_HH,HSPA,TOTAL,NL,2015,99.6
A,PC_HH,HSPA,TOTAL,NL,2016,99.6
A,PC_HH,HSPA,TOTAL,NL,2017,99.6
A,PC_HH,HSPA,TOTAL,NL,2018,99.6
A,PC_HH,HSPA,TOTAL,NO,2013,96.5
A,PC_HH,HSPA,TOTAL,NO,2014,98.6
A,PC_HH,HSPA,TOTAL,NO,2015,99.0
A,PC_HH,HSPA,TOTAL,NO,2016,99.9
A,PC_HH,HSPA,TOTAL,NO,2017,99.7
A,PC_HH,HSPA,TOTAL,NO,2018,99.8
A,PC_HH,HSPA,TOTAL,PL,2013,98.3
A,PC_HH,HSPA,TOTAL,PL,2014,99.5
A,PC_HH,HSPA,TOTAL,PL,2015,99.3
A,PC_HH,HSPA,TOTAL,PL,2016,100.0
A,PC_HH,HSPA,TOTAL,PL,2017,100.0
A,PC_HH,HSPA,TOTAL,PL,2018,100.0
A,PC_HH,HSPA,TOTAL,PT,2013,95.3
A,PC_HH,HSPA,TOTAL,PT,2014,96.7
A,PC_HH,HSPA,TOTAL,PT,2015,97.1
A,PC_HH,HSPA,TOTAL,PT,2016,98.8
A,PC_HH,HSPA,TOTAL,PT,2017,98.8
A,PC_HH,HSPA,TOTAL,PT,2018,99.2
A,PC_HH,HSPA,TOTAL,RO,2013,99.7
A,PC_HH,HSPA,TOTAL,RO,2014,99.7
A,PC_HH,HSPA,TOTAL,RO,2015,99.8
A,PC_HH,HSPA,TOTAL,RO,2016,100.0
A,PC_HH,HSPA,TOTAL,RO,2017,100.0
A,PC_HH,HSPA,TOTAL,RO,2018,100.0
A,PC_HH,HSPA,TOTAL,SE,2013,99.7
A,PC_HH,HSPA,TOTAL,SE,2014,99.1
A,PC_HH,HSPA,TOTAL,SE,2015,99.1
A,PC_HH,HSPA,TOTAL,SE,2016,99.9
A,PC_HH,HSPA,TOTAL,SE,2017,99.9
A,PC_HH,HSPA,TOTAL,SE,2018,100.0
A,PC_HH,HSPA,TOTAL,SI,2013,97.6
A,PC_HH,HSPA,TOTAL,SI,2014,98.0
A,PC_HH,HSPA,TOTAL,SI,2015,98.0
A,PC_HH,HSPA,TOTAL,SI,2016,98.1
A,PC_HH,HSPA,TOTAL,SI,2017,98.4
A,PC_HH,HSPA,TOTAL,SI,2018,98.9
A,PC_HH,HSPA,TOTAL,SK,2013,86.1
A,PC_HH,HSPA,TOTAL,SK,2014,91.1
A,PC_HH,HSPA,TOTAL,SK,2015,91.8
A,PC_HH,HSPA,TOTAL,SK,2016,90.7
A,PC_HH,HSPA,TOTAL,SK,2017,92.3
A,PC_HH,HSPA,TOTAL,SK,2018,96.6
A,PC_HH,HSPA,TOTAL,UK,2013,98.5
A,PC_HH,HSPA,TOTAL,UK,2014,99.0
A,PC_HH,HSPA,TOTAL,UK,2015,99.0
A,PC_HH,HSPA,TOTAL,UK,2016,99.0
A,PC_HH,HSPA,TOTAL,UK,2017,99.0
A,PC_HH,HSPA,TOTAL,UK,2018,99.9
A,PC_HH,LTE,DEG3,AT,2013,0.3
A,PC_HH,LTE,DEG3,AT,2014,4.6
A,PC_HH,LTE,DEG3,AT,2015,25.6
A,PC_HH,LTE,DEG3,AT,2016,92.6
A,PC_HH,LTE,DEG3,AT,2017,92.7
A,PC_HH,LTE,DEG3,AT,2018,96.4
A,PC_HH,LTE,DEG3,AT,2019,96.6
A,PC_HH,LTE,DEG3,AT,2020,99.9
A,PC_HH,LTE,DEG3,AT,2021,99.7
A,PC_HH,LTE,DEG3,AT,2022,99.6
A,PC_HH,LTE,DEG3,BE,2013,3.9
A,PC_HH,LTE,DEG3,BE,2014,28.2
A,PC_HH,LTE,DEG3,BE,2015,38.0
A,PC_HH,LTE,DEG3,BE,2016,98.6
A,PC_HH,LTE,DEG3,BE,2017,99.7
A,PC_HH,LTE,DEG3,BE,2018,99.7
A,PC_HH,LTE,DEG3,BE,2019,100.0
A,PC_HH,LTE,DEG3,BE,2020,100.0
A,PC_HH,LTE,DEG3,BE,2021,100.0
A,PC_HH,LTE,DEG3,BE,2022,100.0
A,PC_HH,LTE,DEG3,BG,2016,18.7
A,PC_HH,LTE,DEG3,BG,2017,59.3
A,PC_HH,LTE,DEG3,BG,2018,93.4
A,PC_HH,LTE,DEG3,BG,2019,97.3
A,PC_HH,LTE,DEG3,BG,2020,99.7
A,PC_HH,LTE,DEG3,BG,2021,99.7
A,PC_HH,LTE,DEG3,BG,2022,99.7
A,PC_HH,LTE,DEG3,CH,2013,25.7
A,PC_HH,LTE,DEG3,CH,2014,69.9
A,PC_HH,LTE,DEG3,CH,2015,72.2
A,PC_HH,LTE,DEG3,CH,2016,93.8
A,PC_HH,LTE,DEG3,CH,2017,99.4
A,PC_HH,LTE,DEG3,CH,2018,99.7
A,PC_HH,LTE,DEG3,CH,2019,99.8
A,PC_HH,LTE,DEG3,CH,2020,99.9
A,PC_HH,LTE,DEG3,CH,2021,100.0
A,PC_HH,LTE,DEG3,CH,2022,99.8
A,PC_HH,LTE,DEG3,CY,2017,77.8
A,PC_HH,LTE,DEG3,CY,2018,79.8
A,PC_HH,LTE,DEG3,CY,2019,96.6
A,PC_HH,LTE,DEG3,CY,2020,97.3
A,PC_HH,LTE,DEG3,CY,2021,97.4
A,PC_HH,LTE,DEG3,CY,2022,98.1
A,PC_HH,LTE,DEG3,CZ,2014,43.5
A,PC_HH,LTE,DEG3,CZ,2015,56.3
A,PC_HH,LTE,DEG3,CZ,2016,95.8
A,PC_HH,LTE,DEG3,CZ,2017,95.8
A,PC_HH,LTE,DEG3,CZ,2018,95.8
A,PC_HH,LTE,DEG3,CZ,2019,99.8
A,PC_HH,LTE,DEG3,CZ,2020,99.8
A,PC_HH,LTE,DEG3,CZ,2021,99.8
A,PC_HH,LTE,DEG3,CZ,2022,100.0
A,PC_HH,LTE,DEG3,DE,2013,65.9
A,PC_HH,LTE,DEG3,DE,2014,78.8
A,PC_HH,LTE,DEG3,DE,2015,82.5
A,PC_HH,LTE,DEG3,DE,2016,87.8
A,PC_HH,LTE,DEG3,DE,2017,87.9
A,PC_HH,LTE,DEG3,DE,2018,90.6
A,PC_HH,LTE,DEG3,DE,2019,96.7
A,PC_HH,LTE,DEG3,DE,2020,98.6
A,PC_HH,LTE,DEG3,DE,2021,99.9
A,PC_HH,LTE,DEG3,DE,2022,99.0
A,PC_HH,LTE,DEG3,DK,2013,10.0
A,PC_HH,LTE,DEG3,DK,2014,99.0
A,PC_HH,LTE,DEG3,DK,2015,99.0
A,PC_HH,LTE,DEG3,DK,2016,99.8
A,PC_HH,LTE,DEG3,DK,2017,100.0
A,PC_HH,LTE,DEG3,DK,2018,100.0
A,PC_HH,LTE,DEG3,DK,2019,100.0
A,PC_HH,LTE,DEG3,DK,2020,100.0
A,PC_HH,LTE,DEG3,DK,2021,100.0
A,PC_HH,LTE,DEG3,DK,2022,100.0
A,PC_HH,LTE,DEG3,EE,2013,74.0
A,PC_HH,LTE,DEG3,EE,2014,74.7
A,PC_HH,LTE,DEG3,EE,2015,80.6
A,PC_HH,LTE,DEG3,EE,2016,95.5
A,PC_HH,LTE,DEG3,EE,2017,98.4
A,PC_HH,LTE,DEG3,EE,2018,99.2
A,PC_HH,LTE,DEG3,EE,2019,99.6
A,PC_HH,LTE,DEG3,EE,2020,100.0
A,PC_HH,LTE,DEG3,EE,2021,99.4
A,PC_HH,LTE,DEG3,EE,2022,99.8
A,PC_HH,LTE,DEG3,EL,2013,13.0
A,PC_HH,LTE,DEG3,EL,2014,23.1
A,PC_HH,LTE,DEG3,EL,2015,36.1
A,PC_HH,LTE,DEG3,EL,2016,55.8
A,PC_HH,LTE,DEG3,EL,2017,76.0
A,PC_HH,LTE,DEG3,EL,2018,93.5
A,PC_HH,LTE,DEG3,EL,2019,95.8
A,PC_HH,LTE,DEG3,EL,2020,96.1
A,PC_HH,LTE,DEG3,EL,2021,97.6
A,PC_HH,LTE,DEG3,EL,2022,98.1
A,PC_HH,LTE,DEG3,ES,2013,2.2
A,PC_HH,LTE,DEG3,ES,2014,20.1
A,PC_HH,LTE,DEG3,ES,2015,26.8
A,PC_HH,LTE,DEG3,ES,2016,73.3
A,PC_HH,LTE,DEG3,ES,2017,87.0
A,PC_HH,LTE,DEG3,ES,2018,97.5
A,PC_HH,LTE,DEG3,ES,2019,98.8
A,PC_HH,LTE,DEG3,ES,2020,99.3
A,PC_HH,LTE,DEG3,ES,2021,100.0
A,PC_HH,LTE,DEG3,ES,2022,99.5
A,PC_HH,LTE,DEG3,FI,2013,23.6
A,PC_HH,LTE,DEG3,FI,2014,56.3
A,PC_HH,LTE,DEG3,FI,2015,60.1
A,PC_HH,LTE,DEG3,FI,2016,100.0
A,PC_HH,LTE,DEG3,FI,2017,100.0
A,PC_HH,LTE,DEG3,FI,2018,99.9
A,PC_HH,LTE,DEG3,FI,2019,99.9
A,PC_HH,LTE,DEG3,FI,2020,99.9
A,PC_HH,LTE,DEG3,FI,2021,100.0
A,PC_HH,LTE,DEG3,FI,2022,100.0
A,PC_HH,LTE,DEG3,FR,2013,0.0
A,PC_HH,LTE,DEG3,FR,2014,3.9
A,PC_HH,LTE,DEG3,FR,2015,5.3
A,PC_HH,LTE,DEG3,FR,2016,61.7
A,PC_HH,LTE,DEG3,FR,2017,87.5
A,PC_HH,LTE,DEG3,FR,2018,99.8
A,PC_HH,LTE,DEG3,FR,2019,99.8
A,PC_HH,LTE,DEG3,FR,2020,99.2
A,PC_HH,LTE,DEG3,FR,2021,99.7
A,PC_HH,LTE,DEG3,FR,2022,99.9
A,PC_HH,LTE,DEG3,HR,2013,5.3
A,PC_HH,LTE,DEG3,HR,2014,7.5
A,PC_HH,LTE,DEG3,HR,2015,10.7
A,PC_HH,LTE,DEG3,HR,2016,56.0
A,PC_HH,LTE,DEG3,HR,2017,76.6
A,PC_HH,LTE,DEG3,HR,2018,88.9
A,PC_HH,LTE,DEG3,HR,2019,97.0
A,PC_HH,LTE,DEG3,HR,2020,97.6
A,PC_HH,LTE,DEG3,HR,2021,97.8
A,PC_HH,LTE,DEG3,HR,2022,96.7
A,PC_HH,LTE,DEG3,HU,2013,9.9
A,PC_HH,LTE,DEG3,HU,2014,14.9
A,PC_HH,LTE,DEG3,HU,2015,84.0
A,PC_HH,LTE,DEG3,HU,2016,96.2
A,PC_HH,LTE,DEG3,HU,2017,97.7
A,PC_HH,LTE,DEG3,HU,2018,97.7
A,PC_HH,LTE,DEG3,HU,2019,97.7
A,PC_HH,LTE,DEG3,HU,2020,98.2
A,PC_HH,LTE,DEG3,HU,2021,99.6
A,PC_HH,LTE,DEG3,HU,2022,99.8
A,PC_HH,LTE,DEG3,IE,2013,2.5
A,PC_HH,LTE,DEG3,IE,2014,64.6
A,PC_HH,LTE,DEG3,IE,2015,73.0
A,PC_HH,LTE,DEG3,IE,2016,91.2
A,PC_HH,LTE,DEG3,IE,2017,91.6
A,PC_HH,LTE,DEG3,IE,2018,92.7
A,PC_HH,LTE,DEG3,IE,2019,97.0
A,PC_HH,LTE,DEG3,IE,2020,97.4
A,PC_HH,LTE,DEG3,IE,2021,97.4
A,PC_HH,LTE,DEG3,IE,2022,97.3
A,PC_HH,LTE,DEG3,IS,2014,47.9
A,PC_HH,LTE,DEG3,IS,2015,58.7
A,PC_HH,LTE,DEG3,IS,2016,90.6
A,PC_HH,LTE,DEG3,IS,2017,94.9
A,PC_HH,LTE,DEG3,IS,2018,98.7
A,PC_HH,LTE,DEG3,IS,2019,99.1
A,PC_HH,LTE,DEG3,IS,2020,99.1
A,PC_HH,LTE,DEG3,IS,2021,94.0
A,PC_HH,LTE,DEG3,IS,2022,94.1
A,PC_HH,LTE,DEG3,IT,2013,0.7
A,PC_HH,LTE,DEG3,IT,2014,16.1
A,PC_HH,LTE,DEG3,IT,2015,26.8
A,PC_HH,LTE,DEG3,IT,2016,85.5
A,PC_HH,LTE,DEG3,IT,2017,89.2
A,PC_HH,LTE,DEG3,IT,2018,90.7
A,PC_HH,LTE,DEG3,IT,2019,95.0
A,PC_HH,LTE,DEG3,IT,2020,94.7
A,PC_HH,LTE,DEG3,IT,2021,99.9
A,PC_HH,LTE,DEG3,IT,2022,100.0
A,PC_HH,LTE,DEG3,LT,2014,36.0
A,PC_HH,LTE,DEG3,LT,2015,68.8
A,PC_HH,LTE,DEG3,LT,2016,96.9
A,PC_HH,LTE,DEG3,LT,2017,97.0
A,PC_HH,LTE,DEG3,LT,2018,97.3
A,PC_HH,LTE,DEG3,LT,2019,99.9
A,PC_HH,LTE,DEG3,LT,2020,99.9
A,PC_HH,LTE,DEG3,LT,2021,100.0
A,PC_HH,LTE,DEG3,LT,2022,99.9
A,PC_HH,LTE,DEG3,LU,2013,58.0
A,PC_HH,LTE,DEG3,LU,2014,89.5
A,PC_HH,LTE,DEG3,LU,2015,91.2
A,PC_HH,LTE,DEG3,LU,2016,91.3
A,PC_HH,LTE,DEG3,LU,2017,95.2
A,PC_HH,LTE,DEG3,LU,2018,95.9
A,PC_HH,LTE,DEG3,LU,2019,99.6
A,PC_HH,LTE,DEG3,LU,2020,99.6
A,PC_HH,LTE,DEG3,LU,2021,99.8
A,PC_HH,LTE,DEG3,LU,2022,99.7
A,PC_HH,LTE,DEG3,LV,2014,4.2
A,PC_HH,LTE,DEG3,LV,2015,61.4
A,PC_HH,LTE,DEG3,LV,2016,93.2
A,PC_HH,LTE,DEG3,LV,2017,94.2
A,PC_HH,LTE,DEG3,LV,2018,94.5
A,PC_HH,LTE,DEG3,LV,2019,99.8
A,PC_HH,LTE,DEG3,LV,2020,99.8
A,PC_HH,LTE,DEG3,LV,2021,99.8
A,PC_HH,LTE,DEG3,LV,2022,99.8
A,PC_HH,LTE,DEG3,MT,2016,51.1
A,PC_HH,LTE,DEG3,MT,2017,90.2
A,PC_HH,LTE,DEG3,MT,2018,91.8
A,PC_HH,LTE,DEG3,MT,2019,100.0
A,PC_HH,LTE,DEG3,MT,2020,100.0
A,PC_HH,LTE,DEG3,MT,2021,100.0
A,PC_HH,LTE,DEG3,MT,2022,100.0
A,PC_HH,LTE,DEG3,NL,2013,42.6
A,PC_HH,LTE,DEG3,NL,2014,95.5
A,PC_HH,LTE,DEG3,NL,2015,98.3
A,PC_HH,LTE,DEG3,NL,2016,98.2
A,PC_HH,LTE,DEG3,NL,2017,99.3
A,PC_HH,LTE,DEG3,NL,2018,99.4
A,PC_HH,LTE,DEG3,NL,2019,99.3
A,PC_HH,LTE,DEG3,NL,2020,99.3
A,PC_HH,LTE,DEG3,NL,2021,98.6
A,PC_HH,LTE,DEG3,NL,2022,100.0
A,PC_HH,LTE,DEG3,NO,2013,37.1
A,PC_HH,LTE,DEG3,NO,2014,46.0
A,PC_HH,LTE,DEG3,NO,2015,98.3
A,PC_HH,LTE,DEG3,NO,2016,99.6
A,PC_HH,LTE,DEG3,NO,2017,99.6
A,PC_HH,LTE,DEG3,NO,2018,99.6
A,PC_HH,LTE,DEG3,NO,2019,99.9
A,PC_HH,LTE,DEG3,NO,2020,99.9
A,PC_HH,LTE,DEG3,NO,2021,99.9
A,PC_HH,LTE,DEG3,NO,2022,99.9
A,PC_HH,LTE,DEG3,PL,2013,82.4
A,PC_HH,LTE,DEG3,PL,2014,87.6
A,PC_HH,LTE,DEG3,PL,2015,93.1
A,PC_HH,LTE,DEG3,PL,2016,99.7
A,PC_HH,LTE,DEG3,PL,2017,99.8
A,PC_HH,LTE,DEG3,PL,2018,99.9
A,PC_HH,LTE,DEG3,PL,2019,99.9
A,PC_HH,LTE,DEG3,PL,2020,99.9
A,PC_HH,LTE,DEG3,PL,2021,99.9
A,PC_HH,LTE,DEG3,PL,2022,98.4
A,PC_HH,LTE,DEG3,PT,2013,51.0
A,PC_HH,LTE,DEG3,PT,2014,63.8
A,PC_HH,LTE,DEG3,PT,2015,67.0
A,PC_HH,LTE,DEG3,PT,2016,92.5
A,PC_HH,LTE,DEG3,PT,2017,93.5
A,PC_HH,LTE,DEG3,PT,2018,94.6
A,PC_HH,LTE,DEG3,PT,2019,98.2
A,PC_HH,LTE,DEG3,PT,2020,99.0
A,PC_HH,LTE,DEG3,PT,2021,98.9
A,PC_HH,LTE,DEG3,PT,2022,99.9
A,PC_HH,LTE,DEG3,RO,2013,2.4
A,PC_HH,LTE,DEG3,RO,2014,17.8
A,PC_HH,LTE,DEG3,RO,2015,33.8
A,PC_HH,LTE,DEG3,RO,2016,49.5
A,PC_HH,LTE,DEG3,RO,2017,84.8
A,PC_HH,LTE,DEG3,RO,2018,91.1
A,PC_HH,LTE,DEG3,RO,2019,97.7
A,PC_HH,LTE,DEG3,RO,2020,99.0
A,PC_HH,LTE,DEG3,RO,2021,99.7
A,PC_HH,LTE,DEG3,RO,2022,99.9
A,PC_HH,LTE,DEG3,SE,2013,96.5
A,PC_HH,LTE,DEG3,SE,2014,98.0
A,PC_HH,LTE,DEG3,SE,2015,98.0
A,PC_HH,LTE,DEG3,SE,2016,100.0
A,PC_HH,LTE,DEG3,SE,2017,100.0
A,PC_HH,LTE,DEG3,SE,2018,100.0
A,PC_HH,LTE,DEG3,SE,2019,100.0
A,PC_HH,LTE,DEG3,SE,2020,100.0
A,PC_HH,LTE,DEG3,SE,2021,100.0
A,PC_HH,LTE,DEG3,SE,2022,100.0
A,PC_HH,LTE,DEG3,SI,2013,40.6
A,PC_HH,LTE,DEG3,SI,2014,72.4
A,PC_HH,LTE,DEG3,SI,2015,81.2
A,PC_HH,LTE,DEG3,SI,2016,90.9
A,PC_HH,LTE,DEG3,SI,2017,95.1
A,PC_HH,LTE,DEG3,SI,2018,98.2
A,PC_HH,LTE,DEG3,SI,2019,98.8
A,PC_HH,LTE,DEG3,SI,2020,99.7
A,PC_HH,LTE,DEG3,SI,2021,99.8
A,PC_HH,LTE,DEG3,SI,2022,99.0
A,PC_HH,LTE,DEG3,SK,2015,8.5
A,PC_HH,LTE,DEG3,SK,2016,66.4
A,PC_HH,LTE,DEG3,SK,2017,87.1
A,PC_HH,LTE,DEG3,SK,2018,90.9
A,PC_HH,LTE,DEG3,SK,2019,94.4
A,PC_HH,LTE,DEG3,SK,2020,94.4
A,PC_HH,LTE,DEG3,SK,2021,95.2
A,PC_HH,LTE,DEG3,SK,2022,94.2
A,PC_HH,LTE,DEG3,UK,2014,9.4
A,PC_HH,LTE,DEG3,UK,2015,10.1
A,PC_HH,LTE,DEG3,UK,2016,95.3
A,PC_HH,LTE,DEG3,UK,2017,95.4
A,PC_HH,LTE,DEG3,UK,2018,99.3
A,PC_HH,LTE,DEG3,UK,2019,99.3
A,PC_HH,LTE,DEG3,UK,2020,99.3
A,PC_HH,LTE,DEG3,UK,2021,99.0
A,PC_HH,LTE,DEG3,UK,2022,99.0
A,PC_HH,LTE,TOTAL,AT,2013,35.0
A,PC_HH,LTE,TOTAL,AT,2014,60.1
A,PC_HH,LTE,TOTAL,AT,2015,89.5
A,PC_HH,LTE,TOTAL,AT,2016,99.0
A,PC_HH,LTE,TOTAL,AT,2017,99.0
A,PC_HH,LTE,TOTAL,AT,2018,99.5
A,PC_HH,LTE,TOTAL,AT,2019,99.6
A,PC_HH,LTE,TOTAL,AT,2020,100.0
A,PC_HH,LTE,TOTAL,AT,2021,100.0
A,PC_HH,LTE,TOTAL,AT,2022,99.9
A,PC_HH,LTE,TOTAL,BE,2013,45.6
A,PC_HH,LTE,TOTAL,BE,2014,67.8
A,PC_HH,LTE,TOTAL,BE,2015,85.6
A,PC_HH,LTE,TOTAL,BE,2016,99.9
A,PC_HH,LTE,TOTAL,BE,2017,100.0
A,PC_HH,LTE,TOTAL,BE,2018,100.0
A,PC_HH,LTE,TOTAL,BE,2019,100.0
A,PC_HH,LTE,TOTAL,BE,2020,100.0
A,PC_HH,LTE,TOTAL,BE,2021,100.0
A,PC_HH,LTE,TOTAL,BE,2022,100.0
A,PC_HH,LTE,TOTAL,BG,2014,36.0
A,PC_HH,LTE,TOTAL,BG,2015,48.1
A,PC_HH,LTE,TOTAL,BG,2016,76.5
A,PC_HH,LTE,TOTAL,BG,2017,91.9
A,PC_HH,LTE,TOTAL,BG,2018,98.7
A,PC_HH,LTE,TOTAL,BG,2019,99.5
A,PC_HH,LTE,TOTAL,BG,2020,99.9
A,PC_HH,LTE,TOTAL,BG,2021,99.9
A,PC_HH,LTE,TOTAL,BG,2022,99.9
A,PC_HH,LTE,TOTAL,CH,2013,67.7
A,PC_HH,LTE,TOTAL,CH,2014,91.8
A,PC_HH,LTE,TOTAL,CH,2015,92.3
A,PC_HH,LTE,TOTAL,CH,2016,98.3
A,PC_HH,LTE,TOTAL,CH,2017,99.8
A,PC_HH,LTE,TOTAL,CH,2018,99.9
A,PC_HH,LTE,TOTAL,CH,2019,99.9
A,PC_HH,LTE,TOTAL,CH,2020,99.9
A,PC_HH,LTE,TOTAL,CH,2021,100.0
A,PC_HH,LTE,TOTAL,CH,2022,99.9
A,PC_HH,LTE,TOTAL,CY,2015,60.2
A,PC_HH,LTE,TOTAL,CY,2016,74.2
A,PC_HH,LTE,TOTAL,CY,2017,88.0
A,PC_HH,LTE,TOTAL,CY,2018,97.2
A,PC_HH,LTE,TOTAL,CY,2019,99.6
A,PC_HH,LTE,TOTAL,CY,2020,99.6
A,PC_HH,LTE,TOTAL,CY,2021,99.5
A,PC_HH,LTE,TOTAL,CY,2022,99.5
A,PC_HH,LTE,TOTAL,CZ,2013,12.0
A,PC_HH,LTE,TOTAL,CZ,2014,91.9
A,PC_HH,LTE,TOTAL,CZ,2015,93.8
A,PC_HH,LTE,TOTAL,CZ,2016,99.4
A,PC_HH,LTE,TOTAL,CZ,2017,99.4
A,PC_HH,LTE,TOTAL,CZ,2018,99.4
A,PC_HH,LTE,TOTAL,CZ,2019,99.8
A,PC_HH,LTE,TOTAL,CZ,2020,99.8
A,PC_HH,LTE,TOTAL,CZ,2021,99.8
A,PC_HH,LTE,TOTAL,CZ,2022,100.0
A,PC_HH,LTE,TOTAL,DE,2013,81.0
A,PC_HH,LTE,TOTAL,DE,2014,90.3
A,PC_HH,LTE,TOTAL,DE,2015,94.0
A,PC_HH,LTE,TOTAL,DE,2016,96.6
A,PC_HH,LTE,TOTAL,DE,2017,96.5
A,PC_HH,LTE,TOTAL,DE,2018,97.5
A,PC_HH,LTE,TOTAL,DE,2019,98.6
A,PC_HH,LTE,TOTAL,DE,2020,99.7
A,PC_HH,LTE,TOTAL,DE,2021,100.0
A,PC_HH,LTE,TOTAL,DE,2022,99.8
A,PC_HH,LTE,TOTAL,DK,2013,73.7
A,PC_HH,LTE,TOTAL,DK,2014,99.0
A,PC_HH,LTE,TOTAL,DK,2015,99.0
A,PC_HH,LTE,TOTAL,DK,2016,100.0
A,PC_HH,LTE,TOTAL,DK,2017,100.0
A,PC_HH,LTE,TOTAL,DK,2018,100.0
A,PC_HH,LTE,TOTAL,DK,2019,100.0
A,PC_HH,LTE,TOTAL,DK,2020,100.0
A,PC_HH,LTE,TOTAL,DK,2021,100.0
A,PC_HH,LTE,TOTAL,DK,2022,100.0
A,PC_HH,LTE,TOTAL,EE,2013,85.0
A,PC_HH,LTE,TOTAL,EE,2014,79.2
A,PC_HH,LTE,TOTAL,EE,2015,84.3
A,PC_HH,LTE,TOTAL,EE,2016,98.8
A,PC_HH,LTE,TOTAL,EE,2017,98.4
A,PC_HH,LTE,TOTAL,EE,2018,99.2
A,PC_HH,LTE,TOTAL,EE,2019,99.4
A,PC_HH,LTE,TOTAL,EE,2020,100.0
A,PC_HH,LTE,TOTAL,EE,2021,99.7
A,PC_HH,LTE,TOTAL,EE,2022,99.9
A,PC_HH,LTE,TOTAL,EL,2013,54.8
A,PC_HH,LTE,TOTAL,EL,2014,70.2
A,PC_HH,LTE,TOTAL,EL,2015,79.7
A,PC_HH,LTE,TOTAL,EL,2016,90.1
A,PC_HH,LTE,TOTAL,EL,2017,94.0
A,PC_HH,LTE,TOTAL,EL,2018,98.2
A,PC_HH,LTE,TOTAL,EL,2019,99.1
A,PC_HH,LTE,TOTAL,EL,2020,99.2
A,PC_HH,LTE,TOTAL,EL,2021,99.5
A,PC_HH,LTE,TOTAL,EL,2022,99.6
A,PC_HH,LTE,TOTAL,ES,2013,47.1
A,PC_HH,LTE,TOTAL,ES,2014,76.3
A,PC_HH,LTE,TOTAL,ES,2015,79.1
A,PC_HH,LTE,TOTAL,ES,2016,94.4
A,PC_HH,LTE,TOTAL,ES,2017,97.2
A,PC_HH,LTE,TOTAL,ES,2018,99.5
A,PC_HH,LTE,TOTAL,ES,2019,99.8
A,PC_HH,LTE,TOTAL,ES,2020,99.9
A,PC_HH,LTE,TOTAL,ES,2021,99.9
A,PC_HH,LTE,TOTAL,ES,2022,99.9
A,PC_HH,LTE,TOTAL,FI,2013,85.5
A,PC_HH,LTE,TOTAL,FI,2014,92.1
A,PC_HH,LTE,TOTAL,FI,2015,92.1
A,PC_HH,LTE,TOTAL,FI,2016,100.0
A,PC_HH,LTE,TOTAL,FI,2017,99.6
A,PC_HH,LTE,TOTAL,FI,2018,100.0
A,PC_HH,LTE,TOTAL,FI,2019,100.0
A,PC_HH,LTE,TOTAL,FI,2020,100.0
A,PC_HH,LTE,TOTAL,FI,2021,100.0
A,PC_HH,LTE,TOTAL,FI,2022,100.0
A,PC_HH,LTE,TOTAL,FR,2013,68.0
A,PC_HH,LTE,TOTAL,FR,2014,75.4
A,PC_HH,LTE,TOTAL,FR,2015,77.5
A,PC_HH,LTE,TOTAL,FR,2016,93.8
A,PC_HH,LTE,TOTAL,FR,2017,98.0
A,PC_HH,LTE,TOTAL,FR,2018,99.3
A,PC_HH,LTE,TOTAL,FR,2019,99.5
A,PC_HH,LTE,TOTAL,FR,2020,99.8
A,PC_HH,LTE,TOTAL,FR,2021,99.9
A,PC_HH,LTE,TOTAL,FR,2022,100.0
A,PC_HH,LTE,TOTAL,HR,2013,24.4
A,PC_HH,LTE,TOTAL,HR,2014,58.1
A,PC_HH,LTE,TOTAL,HR,2015,68.9
A,PC_HH,LTE,TOTAL,HR,2016,90.1
A,PC_HH,LTE,TOTAL,HR,2017,94.8
A,PC_HH,LTE,TOTAL,HR,2018,97.6
A,PC_HH,LTE,TOTAL,HR,2019,99.3
A,PC_HH,LTE,TOTAL,HR,2020,99.5
A,PC_HH,LTE,TOTAL,HR,2021,99.5
A,PC_HH,LTE,TOTAL,HR,2022,99.0
A,PC_HH,LTE,TOTAL,HU,2013,39.1
A,PC_HH,LTE,TOTAL,HU,2014,73.0
A,PC_HH,LTE,TOTAL,HU,2015,95.0
A,PC_HH,LTE,TOTAL,HU,2016,98.6
A,PC_HH,LTE,TOTAL,HU,2017,99.2
A,PC_HH,LTE,TOTAL,HU,2018,99.2
A,PC_HH,LTE,TOTAL,HU,2019,99.2
A,PC_HH,LTE,TOTAL,HU,2020,99.3
A,PC_HH,LTE,TOTAL,HU,2021,99.7
A,PC_HH,LTE,TOTAL,HU,2022,99.9
A,PC_HH,LTE,TOTAL,IE,2013,35.2
A,PC_HH,LTE,TOTAL,IE,2014,87.0
A,PC_HH,LTE,TOTAL,IE,2015,90.1
A,PC_HH,LTE,TOTAL,IE,2016,96.8
A,PC_HH,LTE,TOTAL,IE,2017,97.2
A,PC_HH,LTE,TOTAL,IE,2018,95.8
A,PC_HH,LTE,TOTAL,IE,2019,99.0
A,PC_HH,LTE,TOTAL,IE,2020,99.0
A,PC_HH,LTE,TOTAL,IE,2021,99.0
A,PC_HH,LTE,TOTAL,IE,2022,99.0
A,PC_HH,LTE,TOTAL,IS,2013,48.3
A,PC_HH,LTE,TOTAL,IS,2014,73.1
A,PC_HH,LTE,TOTAL,IS,2015,85.9
A,PC_HH,LTE,TOTAL,IS,2016,96.9
A,PC_HH,LTE,TOTAL,IS,2017,98.6
A,PC_HH,LTE,TOTAL,IS,2018,99.9
A,PC_HH,LTE,TOTAL,IS,2019,99.9
A,PC_HH,LTE,TOTAL,IS,2020,99.9
A,PC_HH,LTE,TOTAL,IS,2021,99.7
A,PC_HH,LTE,TOTAL,IS,2022,99.7
A,PC_HH,LTE,TOTAL,IT,2013,39.3
A,PC_HH,LTE,TOTAL,IT,2014,77.0
A,PC_HH,LTE,TOTAL,IT,2015,89.7
A,PC_HH,LTE,TOTAL,IT,2016,98.2
A,PC_HH,LTE,TOTAL,IT,2017,98.7
A,PC_HH,LTE,TOTAL,IT,2018,98.9
A,PC_HH,LTE,TOTAL,IT,2019,98.9
A,PC_HH,LTE,TOTAL,IT,2020,99.3
A,PC_HH,LTE,TOTAL,IT,2021,100.0
A,PC_HH,LTE,TOTAL,IT,2022,100.0
A,PC_HH,LTE,TOTAL,LT,2013,29.4
A,PC_HH,LTE,TOTAL,LT,2014,79.9
A,PC_HH,LTE,TOTAL,LT,2015,90.2
A,PC_HH,LTE,TOTAL,LT,2016,98.9
A,PC_HH,LTE,TOTAL,LT,2017,99.1
A,PC_HH,LTE,TOTAL,LT,2018,99.2
A,PC_HH,LTE,TOTAL,LT,2019,100.0
A,PC_HH,LTE,TOTAL,LT,2020,100.0
A,PC_HH,LTE,TOTAL,LT,2021,100.0
A,PC_HH,LTE,TOTAL,LT,2022,100.0
A,PC_HH,LTE,TOTAL,LU,2013,79.9
A,PC_HH,LTE,TOTAL,LU,2014,96.0
A,PC_HH,LTE,TOTAL,LU,2015,96.2
A,PC_HH,LTE,TOTAL,LU,2016,98.1
A,PC_HH,LTE,TOTAL,LU,2017,98.6
A,PC_HH,LTE,TOTAL,LU,2018,98.7
A,PC_HH,LTE,TOTAL,LU,2019,99.8
A,PC_HH,LTE,TOTAL,LU,2020,99.8
A,PC_HH,LTE,TOTAL,LU,2021,99.8
A,PC_HH,LTE,TOTAL,LU,2022,99.8
A,PC_HH,LTE,TOTAL,LV,2013,27.5
A,PC_HH,LTE,TOTAL,LV,2014,65.0
A,PC_HH,LTE,TOTAL,LV,2015,89.0
A,PC_HH,LTE,TOTAL,LV,2016,93.0
A,PC_HH,LTE,TOTAL,LV,2017,98.4
A,PC_HH,LTE,TOTAL,LV,2018,98.6
A,PC_HH,LTE,TOTAL,LV,2019,100.0
A,PC_HH,LTE,TOTAL,LV,2020,100.0
A,PC_HH,LTE,TOTAL,LV,2021,100.0
A,PC_HH,LTE,TOTAL,LV,2022,100.0
A,PC_HH,LTE,TOTAL,MT,2013,30.0
A,PC_HH,LTE,TOTAL,MT,2014,67.0
A,PC_HH,LTE,TOTAL,MT,2015,72.0
A,PC_HH,LTE,TOTAL,MT,2016,99.5
A,PC_HH,LTE,TOTAL,MT,2017,99.9
A,PC_HH,LTE,TOTAL,MT,2018,99.9
A,PC_HH,LTE,TOTAL,MT,2019,100.0
A,PC_HH,LTE,TOTAL,MT,2020,100.0
A,PC_HH,LTE,TOTAL,MT,2021,100.0
A,PC_HH,LTE,TOTAL,MT,2022,100.0
A,PC_HH,LTE,TOTAL,NL,2013,90.4
A,PC_HH,LTE,TOTAL,NL,2014,99.6
A,PC_HH,LTE,TOTAL,NL,2015,99.6
A,PC_HH,LTE,TOTAL,NL,2016,99.3
A,PC_HH,LTE,TOTAL,NL,2017,99.3
A,PC_HH,LTE,TOTAL,NL,2018,99.3
A,PC_HH,LTE,TOTAL,NL,2019,99.4
A,PC_HH,LTE,TOTAL,NL,2020,99.5
A,PC_HH,LTE,TOTAL,NL,2021,96.4
A,PC_HH,LTE,TOTAL,NL,2022,100.0
A,PC_HH,LTE,TOTAL,NO,2013,67.7
A,PC_HH,LTE,TOTAL,NO,2014,83.0
A,PC_HH,LTE,TOTAL,NO,2015,99.6
A,PC_HH,LTE,TOTAL,NO,2016,100.0
A,PC_HH,LTE,TOTAL,NO,2017,99.7
A,PC_HH,LTE,TOTAL,NO,2018,99.8
A,PC_HH,LTE,TOTAL,NO,2019,99.9
A,PC_HH,LTE,TOTAL,NO,2020,99.9
A,PC_HH,LTE,TOTAL,NO,2021,100.0
A,PC_HH,LTE,TOTAL,NO,2022,100.0
A,PC_HH,LTE,TOTAL,PL,2013,78.4
A,PC_HH,LTE,TOTAL,PL,2014,87.3
A,PC_HH,LTE,TOTAL,PL,2015,95.6
A,PC_HH,LTE,TOTAL,PL,2016,99.9
A,PC_HH,LTE,TOTAL,PL,2017,99.9
A,PC_HH,LTE,TOTAL,PL,2018,100.0
A,PC_HH,LTE,TOTAL,PL,2019,99.9
A,PC_HH,LTE,TOTAL,PL,2020,99.9
A,PC_HH,LTE,TOTAL,PL,2021,99.9
A,PC_HH,LTE,TOTAL,PL,2022,99.2
A,PC_HH,LTE,TOTAL,PT,2013,91.3
A,PC_HH,LTE,TOTAL,PT,2014,94.2
A,PC_HH,LTE,TOTAL,PT,2015,94.3
A,PC_HH,LTE,TOTAL,PT,2016,98.8
A,PC_HH,LTE,TOTAL,PT,2017,98.9
A,PC_HH,LTE,TOTAL,PT,2018,99.2
A,PC_HH,LTE,TOTAL,PT,2019,99.7
A,PC_HH,LTE,TOTAL,PT,2020,99.8
A,PC_HH,LTE,TOTAL,PT,2021,99.8
A,PC_HH,LTE,TOTAL,PT,2022,100.0
A,PC_HH,LTE,TOTAL,RO,2013,25.0
A,PC_HH,LTE,TOTAL,RO,2014,55.8
A,PC_HH,LTE,TOTAL,RO,2015,66.1
A,PC_HH,LTE,TOTAL,RO,2016,75.2
A,PC_HH,LTE,TOTAL,RO,2017,93.6
A,PC_HH,LTE,TOTAL,RO,2018,96.3
A,PC_HH,LTE,TOTAL,RO,2019,99.1
A,PC_HH,LTE,TOTAL,RO,2020,99.7
A,PC_HH,LTE,TOTAL,RO,2021,99.9
A,PC_HH,LTE,TOTAL,RO,2022,100.0
A,PC_HH,LTE,TOTAL,SE,2013,99.2
A,PC_HH,LTE,TOTAL,SE,2014,99.2
A,PC_HH,LTE,TOTAL,SE,2015,99.2
A,PC_HH,LTE,TOTAL,SE,2016,100.0
A,PC_HH,LTE,TOTAL,SE,2017,100.0
A,PC_HH,LTE,TOTAL,SE,2018,100.0
A,PC_HH,LTE,TOTAL,SE,2019,100.0
A,PC_HH,LTE,TOTAL,SE,2020,100.0
A,PC_HH,LTE,TOTAL,SE,2021,100.0
A,PC_HH,LTE,TOTAL,SE,2022,100.0
A,PC_HH,LTE,TOTAL,SI,2013,61.4
A,PC_HH,LTE,TOTAL,SI,2014,87.7
A,PC_HH,LTE,TOTAL,SI,2015,95.7
A,PC_HH,LTE,TOTAL,SI,2016,97.4
A,PC_HH,LTE,TOTAL,SI,2017,98.6
A,PC_HH,LTE,TOTAL,SI,2018,99.5
A,PC_HH,LTE,TOTAL,SI,2019,99.7
A,PC_HH,LTE,TOTAL,SI,2020,99.9
A,PC_HH,LTE,TOTAL,SI,2021,99.9
A,PC_HH,LTE,TOTAL,SI,2022,99.8
A,PC_HH,LTE,TOTAL,SK,2013,24.0
A,PC_HH,LTE,TOTAL,SK,2014,52.2
A,PC_HH,LTE,TOTAL,SK,2015,61.2
A,PC_HH,LTE,TOTAL,SK,2016,90.3
A,PC_HH,LTE,TOTAL,SK,2017,96.3
A,PC_HH,LTE,TOTAL,SK,2018,97.4
A,PC_HH,LTE,TOTAL,SK,2019,98.4
A,PC_HH,LTE,TOTAL,SK,2020,98.4
A,PC_HH,LTE,TOTAL,SK,2021,98.4
A,PC_HH,LTE,TOTAL,SK,2022,94.8
A,PC_HH,LTE,TOTAL,UK,2013,63.0
A,PC_HH,LTE,TOTAL,UK,2014,84.0
A,PC_HH,LTE,TOTAL,UK,2015,89.5
A,PC_HH,LTE,TOTAL,UK,2016,99.5
A,PC_HH,LTE,TOTAL,UK,2017,99.5
A,PC_HH,LTE,TOTAL,UK,2018,99.9
A,PC_HH,LTE,TOTAL,UK,2019,99.9
A,PC_HH,LTE,TOTAL,UK,2020,99.9
A,PC_HH,LTE,TOTAL,UK,2021,99.9
A,PC_HH,LTE,TOTAL,UK,2022,99.9
A,PC_HH,LTE_AVG,TOTAL,AT,2016,89.3
A,PC_HH,LTE_AVG,TOTAL,AT,2017,97.0
A,PC_HH,LTE_AVG,TOTAL,AT,2018,98.5
A,PC_HH,LTE_AVG,TOTAL,AT,2019,98.2
A,PC_HH,LTE_AVG,TOTAL,AT,2020,99.3
A,PC_HH,LTE_AVG,TOTAL,AT,2021,99.2
A,PC_HH,LTE_AVG,TOTAL,BE,2016,94.5
A,PC_HH,LTE_AVG,TOTAL,BE,2017,96.6
A,PC_HH,LTE_AVG,TOTAL,BE,2018,99.6
A,PC_HH,LTE_AVG,TOTAL,BE,2019,99.7
A,PC_HH,LTE_AVG,TOTAL,BE,2020,100.0
A,PC_HH,LTE_AVG,TOTAL,BE,2021,100.0
A,PC_HH,LTE_AVG,TOTAL,BG,2016,65.7
A,PC_HH,LTE_AVG,TOTAL,BG,2017,71.6
A,PC_HH,LTE_AVG,TOTAL,BG,2018,79.7
A,PC_HH,LTE_AVG,TOTAL,BG,2019,80.7
A,PC_HH,LTE_AVG,TOTAL,BG,2020,80.8
A,PC_HH,LTE_AVG,TOTAL,BG,2021,81.4
A,PC_HH,LTE_AVG,TOTAL,CH,2016,95.6
A,PC_HH,LTE_AVG,TOTAL,CH,2017,98.6
A,PC_HH,LTE_AVG,TOTAL,CH,2018,98.6
A,PC_HH,LTE_AVG,TOTAL,CH,2019,98.6
A,PC_HH,LTE_AVG,TOTAL,CH,2020,98.9
A,PC_HH,LTE_AVG,TOTAL,CH,2021,99.7
A,PC_HH,LTE_AVG,TOTAL,CY,2016,64.2
A,PC_HH,LTE_AVG,TOTAL,CY,2017,77.3
A,PC_HH,LTE_AVG,TOTAL,CY,2018,94.0
A,PC_HH,LTE_AVG,TOTAL,CY,2019,98.0
A,PC_HH,LTE_AVG,TOTAL,CY,2020,98.3
A,PC_HH,LTE_AVG,TOTAL,CY,2021,98.3
A,PC_HH,LTE_AVG,TOTAL,CZ,2016,94.3
A,PC_HH,LTE_AVG,TOTAL,CZ,2017,98.8
A,PC_HH,LTE_AVG,TOTAL,CZ,2018,99.1
A,PC_HH,LTE_AVG,TOTAL,CZ,2019,99.6
A,PC_HH,LTE_AVG,TOTAL,CZ,2020,99.7
A,PC_HH,LTE_AVG,TOTAL,CZ,2021,99.5
A,PC_HH,LTE_AVG,TOTAL,DE,2016,86.0
A,PC_HH,LTE_AVG,TOTAL,DE,2017,87.7
A,PC_HH,LTE_AVG,TOTAL,DE,2018,90.1
A,PC_HH,LTE_AVG,TOTAL,DE,2019,93.7
A,PC_HH,LTE_AVG,TOTAL,DE,2020,94.3
A,PC_HH,LTE_AVG,TOTAL,DE,2021,98.0
A,PC_HH,LTE_AVG,TOTAL,DK,2016,97.5
A,PC_HH,LTE_AVG,TOTAL,DK,2017,97.5
A,PC_HH,LTE_AVG,TOTAL,DK,2018,99.0
A,PC_HH,LTE_AVG,TOTAL,DK,2019,100.0
A,PC_HH,LTE_AVG,TOTAL,DK,2020,100.0
A,PC_HH,LTE_AVG,TOTAL,DK,2021,100.0
A,PC_HH,LTE_AVG,TOTAL,EE,2016,94.5
A,PC_HH,LTE_AVG,TOTAL,EE,2017,97.6
A,PC_HH,LTE_AVG,TOTAL,EE,2018,97.6
A,PC_HH,LTE_AVG,TOTAL,EE,2019,97.9
A,PC_HH,LTE_AVG,TOTAL,EE,2020,98.2
A,PC_HH,LTE_AVG,TOTAL,EE,2021,97.9
A,PC_HH,LTE_AVG,TOTAL,EL,2016,77.0
A,PC_HH,LTE_AVG,TOTAL,EL,2017,86.2
A,PC_HH,LTE_AVG,TOTAL,EL,2018,92.3
A,PC_HH,LTE_AVG,TOTAL,EL,2019,97.0
A,PC_HH,LTE_AVG,TOTAL,EL,2020,98.0
A,PC_HH,LTE_AVG,TOTAL,EL,2021,98.2
A,PC_HH,LTE_AVG,TOTAL,ES,2016,85.9
A,PC_HH,LTE_AVG,TOTAL,ES,2017,92.2
A,PC_HH,LTE_AVG,TOTAL,ES,2018,93.7
A,PC_HH,LTE_AVG,TOTAL,ES,2019,95.1
A,PC_HH,LTE_AVG,TOTAL,ES,2020,95.3
A,PC_HH,LTE_AVG,TOTAL,ES,2021,96.3
A,PC_HH,LTE_AVG,TOTAL,FI,2016,97.0
A,PC_HH,LTE_AVG,TOTAL,FI,2017,98.3
A,PC_HH,LTE_AVG,TOTAL,FI,2018,99.0
A,PC_HH,LTE_AVG,TOTAL,FI,2019,99.1
A,PC_HH,LTE_AVG,TOTAL,FI,2020,99.1
A,PC_HH,LTE_AVG,TOTAL,FI,2021,99.1
A,PC_HH,LTE_AVG,TOTAL,FR,2016,78.3
A,PC_HH,LTE_AVG,TOTAL,FR,2017,88.6
A,PC_HH,LTE_AVG,TOTAL,FR,2018,95.3
A,PC_HH,LTE_AVG,TOTAL,FR,2019,98.6
A,PC_HH,LTE_AVG,TOTAL,FR,2020,99.1
A,PC_HH,LTE_AVG,TOTAL,FR,2021,99.3
A,PC_HH,LTE_AVG,TOTAL,HR,2016,66.7
A,PC_HH,LTE_AVG,TOTAL,HR,2017,73.3
A,PC_HH,LTE_AVG,TOTAL,HR,2018,94.4
A,PC_HH,LTE_AVG,TOTAL,HR,2019,98.2
A,PC_HH,LTE_AVG,TOTAL,HR,2020,98.3
A,PC_HH,LTE_AVG,TOTAL,HR,2021,98.8
A,PC_HH,LTE_AVG,TOTAL,HU,2016,92.4
A,PC_HH,LTE_AVG,TOTAL,HU,2017,91.4
A,PC_HH,LTE_AVG,TOTAL,HU,2018,96.3
A,PC_HH,LTE_AVG,TOTAL,HU,2019,96.8
A,PC_HH,LTE_AVG,TOTAL,HU,2020,98.5
A,PC_HH,LTE_AVG,TOTAL,HU,2021,94.0
A,PC_HH,LTE_AVG,TOTAL,IE,2016,83.4
A,PC_HH,LTE_AVG,TOTAL,IE,2017,79.9
A,PC_HH,LTE_AVG,TOTAL,IE,2018,83.0
A,PC_HH,LTE_AVG,TOTAL,IE,2019,98.7
A,PC_HH,LTE_AVG,TOTAL,IE,2020,99.0
A,PC_HH,LTE_AVG,TOTAL,IE,2021,99.0
A,PC_HH,LTE_AVG,TOTAL,IS,2016,93.2
A,PC_HH,LTE_AVG,TOTAL,IS,2017,94.7
A,PC_HH,LTE_AVG,TOTAL,IS,2018,95.0
A,PC_HH,LTE_AVG,TOTAL,IS,2019,99.6
A,PC_HH,LTE_AVG,TOTAL,IS,2020,99.6
A,PC_HH,LTE_AVG,TOTAL,IS,2021,98.4
A,PC_HH,LTE_AVG,TOTAL,IT,2016,86.2
A,PC_HH,LTE_AVG,TOTAL,IT,2017,91.1
A,PC_HH,LTE_AVG,TOTAL,IT,2018,97.1
A,PC_HH,LTE_AVG,TOTAL,IT,2019,97.1
A,PC_HH,LTE_AVG,TOTAL,IT,2020,98.0
A,PC_HH,LTE_AVG,TOTAL,IT,2021,94.9
A,PC_HH,LTE_AVG,TOTAL,LT,2016,95.7
A,PC_HH,LTE_AVG,TOTAL,LT,2017,97.7
A,PC_HH,LTE_AVG,TOTAL,LT,2018,97.7
A,PC_HH,LTE_AVG,TOTAL,LT,2019,99.8
A,PC_HH,LTE_AVG,TOTAL,LT,2020,99.8
A,PC_HH,LTE_AVG,TOTAL,LT,2021,99.9
A,PC_HH,LTE_AVG,TOTAL,LU,2016,95.4
A,PC_HH,LTE_AVG,TOTAL,LU,2017,98.3
A,PC_HH,LTE_AVG,TOTAL,LU,2018,99.0
A,PC_HH,LTE_AVG,TOTAL,LU,2019,98.0
A,PC_HH,LTE_AVG,TOTAL,LU,2020,98.3
A,PC_HH,LTE_AVG,TOTAL,LU,2021,98.4
A,PC_HH,LTE_AVG,TOTAL,LV,2016,83.7
A,PC_HH,LTE_AVG,TOTAL,LV,2017,97.7
A,PC_HH,LTE_AVG,TOTAL,LV,2018,90.8
A,PC_HH,LTE_AVG,TOTAL,LV,2019,99.3
A,PC_HH,LTE_AVG,TOTAL,LV,2020,99.5
A,PC_HH,LTE_AVG,TOTAL,LV,2021,99.5
A,PC_HH,LTE_AVG,TOTAL,MT,2016,99.2
A,PC_HH,LTE_AVG,TOTAL,MT,2017,99.3
A,PC_HH,LTE_AVG,TOTAL,MT,2018,82.9
A,PC_HH,LTE_AVG,TOTAL,MT,2019,100.0
A,PC_HH,LTE_AVG,TOTAL,MT,2020,100.0
A,PC_HH,LTE_AVG,TOTAL,MT,2021,100.0
A,PC_HH,LTE_AVG,TOTAL,NL,2016,90.6
A,PC_HH,LTE_AVG,TOTAL,NL,2017,99.6
A,PC_HH,LTE_AVG,TOTAL,NL,2018,99.6
A,PC_HH,LTE_AVG,TOTAL,NL,2019,99.3
A,PC_HH,LTE_AVG,TOTAL,NL,2020,99.4
A,PC_HH,LTE_AVG,TOTAL,NL,2021,96.8
A,PC_HH,LTE_AVG,TOTAL,NO,2016,99.2
A,PC_HH,LTE_AVG,TOTAL,NO,2017,99.4
A,PC_HH,LTE_AVG,TOTAL,NO,2018,99.5
A,PC_HH,LTE_AVG,TOTAL,NO,2019,99.9
A,PC_HH,LTE_AVG,TOTAL,NO,2020,99.9
A,PC_HH,LTE_AVG,TOTAL,NO,2021,98.6
A,PC_HH,LTE_AVG,TOTAL,PL,2016,90.7
A,PC_HH,LTE_AVG,TOTAL,PL,2017,91.0
A,PC_HH,LTE_AVG,TOTAL,PL,2018,93.3
A,PC_HH,LTE_AVG,TOTAL,PL,2019,99.2
A,PC_HH,LTE_AVG,TOTAL,PL,2020,99.3
A,PC_HH,LTE_AVG,TOTAL,PL,2021,99.5
A,PC_HH,LTE_AVG,TOTAL,PT,2016,93.5
A,PC_HH,LTE_AVG,TOTAL,PT,2017,93.6
A,PC_HH,LTE_AVG,TOTAL,PT,2018,95.9
A,PC_HH,LTE_AVG,TOTAL,PT,2019,95.9
A,PC_HH,LTE_AVG,TOTAL,PT,2020,96.6
A,PC_HH,LTE_AVG,TOTAL,PT,2021,99.4
A,PC_HH,LTE_AVG,TOTAL,RO,2016,44.7
A,PC_HH,LTE_AVG,TOTAL,RO,2017,72.0
A,PC_HH,LTE_AVG,TOTAL,RO,2018,77.3
A,PC_HH,LTE_AVG,TOTAL,RO,2019,85.4
A,PC_HH,LTE_AVG,TOTAL,RO,2020,93.9
A,PC_HH,LTE_AVG,TOTAL,RO,2021,97.1
A,PC_HH,LTE_AVG,TOTAL,SE,2016,95.5
A,PC_HH,LTE_AVG,TOTAL,SE,2017,95.7
A,PC_HH,LTE_AVG,TOTAL,SE,2018,96.0
A,PC_HH,LTE_AVG,TOTAL,SE,2019,96.8
A,PC_HH,LTE_AVG,TOTAL,SE,2020,99.6
A,PC_HH,LTE_AVG,TOTAL,SE,2021,98.1
A,PC_HH,LTE_AVG,TOTAL,SI,2016,90.2
A,PC_HH,LTE_AVG,TOTAL,SI,2017,96.1
A,PC_HH,LTE_AVG,TOTAL,SI,2018,98.2
A,PC_HH,LTE_AVG,TOTAL,SI,2019,98.8
A,PC_HH,LTE_AVG,TOTAL,SI,2020,99.5
A,PC_HH,LTE_AVG,TOTAL,SI,2021,99.6
A,PC_HH,LTE_AVG,TOTAL,SK,2016,70.9
A,PC_HH,LTE_AVG,TOTAL,SK,2017,81.5
A,PC_HH,LTE_AVG,TOTAL,SK,2018,86.6
A,PC_HH,LTE_AVG,TOTAL,SK,2019,88.8
A,PC_HH,LTE_AVG,TOTAL,SK,2020,89.6
A,PC_HH,LTE_AVG,TOTAL,SK,2021,90.9
A,PC_HH,LTE_AVG,TOTAL,UK,2016,92.5
A,PC_HH,LTE_AVG,TOTAL,UK,2017,97.5
A,PC_HH,LTE_AVG,TOTAL,UK,2018,97.8
A,PC_HH,LTE_AVG,TOTAL,UK,2019,98.8
A,PC_HH,LTE_AVG,TOTAL,UK,2020,99.3
A,PC_HH,LTE_AVG,TOTAL,UK,2021,99.3
A,PC_HH,NGA,DEG3,AT,2013,20.6
A,PC_HH,NGA,DEG3,AT,2014,22.4
A,PC_HH,NGA,DEG3,AT,2015,25.9
A,PC_HH,NGA,DEG3,AT,2016,28.0
A,PC_HH,NGA,DEG3,AT,2017,29.2
A,PC_HH,NGA,DEG3,AT,2018,31.6
A,PC_HH,NGA,DEG3,AT,2019,34.0
A,PC_HH,NGA,DEG3,AT,2020,37.7
A,PC_HH,NGA,DEG3,AT,2021,67.7
A,PC_HH,NGA,DEG3,AT,2022,74.2
A,PC_HH,NGA,DEG3,AT,2023,71.1
A,PC_HH,NGA,DEG3,AT,2024,74.9
A,PC_HH,NGA,DEG3,AT,2025,71.1
A,PC_HH,NGA,DEG3,BE,2013,74.9
A,PC_HH,NGA,DEG3,BE,2014,84.0
A,PC_HH,NGA,DEG3,BE,2015,86.4
A,PC_HH,NGA,DEG3,BE,2016,88.3
A,PC_HH,NGA,DEG3,BE,2017,90.3
A,PC_HH,NGA,DEG3,BE,2018,92.0
A,PC_HH,NGA,DEG3,BE,2019,94.3
A,PC_HH,NGA,DEG3,BE,2020,94.7
A,PC_HH,NGA,DEG3,BE,2021,91.4
A,PC_HH,NGA,DEG3,BE,2022,95.3
A,PC_HH,NGA,DEG3,BE,2023,96.1
A,PC_HH,NGA,DEG3,BE,2024,95.2
A,PC_HH,NGA,DEG3,BE,2025,94.1
A,PC_HH,NGA,DEG3,BG,2013,0.9
A,PC_HH,NGA,DEG3,BG,2014,15.1
A,PC_HH,NGA,DEG3,BG,2015,16.6
A,PC_HH,NGA,DEG3,BG,2016,22.6
A,PC_HH,NGA,DEG3,BG,2017,29.5
A,PC_HH,NGA,DEG3,BG,2018,37.7
A,PC_HH,NGA,DEG3,BG,2019,50.3
A,PC_HH,NGA,DEG3,BG,2020,63.9
A,PC_HH,NGA,DEG3,BG,2021,71.9
A,PC_HH,NGA,DEG3,BG,2022,78.2
A,PC_HH,NGA,DEG3,BG,2023,84.8
A,PC_HH,NGA,DEG3,BG,2024,88.9
A,PC_HH,NGA,DEG3,BG,2025,89.6
A,PC_HH,NGA,DEG3,CH,2013,87.6
A,PC_HH,NGA,DEG3,CH,2014,91.6
A,PC_HH,NGA,DEG3,CH,2015,92.7
A,PC_HH,NGA,DEG3,CH,2016,92.9
A,PC_HH,NGA,DEG3,CH,2017,93.3
A,PC_HH,NGA,DEG3,CH,2018,93.9
A,PC_HH,NGA,DEG3,CH,2019,95.2
A,PC_HH,NGA,DEG3,CH,2020,95.5
A,PC_HH,NGA,DEG3,CH,2021,96.4
A,PC_HH,NGA,DEG3,CH,2022,97.7
A,PC_HH,NGA,DEG3,CH,2023,98.8
A,PC_HH,NGA,DEG3,CH,2024,97.3
A,PC_HH,NGA,DEG3,CH,2025,97.7
A,PC_HH,NGA,DEG3,CY,2013,45.0
A,PC_HH,NGA,DEG3,CY,2014,51.0
A,PC_HH,NGA,DEG3,CY,2015,56.6
A,PC_HH,NGA,DEG3,CY,2016,60.0
A,PC_HH,NGA,DEG3,CY,2017,60.0
A,PC_HH,NGA,DEG3,CY,2018,65.0
A,PC_HH,NGA,DEG3,CY,2019,100.0
A,PC_HH,NGA,DEG3,CY,2020,100.0
A,PC_HH,NGA,DEG3,CY,2021,100.0
A,PC_HH,NGA,DEG3,CY,2022,100.0
A,PC_HH,NGA,DEG3,CY,2023,100.0
A,PC_HH,NGA,DEG3,CY,2024,100.0
A,PC_HH,NGA,DEG3,CY,2025,100.0
A,PC_HH,NGA,DEG3,CZ,2013,1.9
A,PC_HH,NGA,DEG3,CZ,2014,4.5
A,PC_HH,NGA,DEG3,CZ,2015,26.7
A,PC_HH,NGA,DEG3,CZ,2016,51.9
A,PC_HH,NGA,DEG3,CZ,2017,57.5
A,PC_HH,NGA,DEG3,CZ,2018,62.4
A,PC_HH,NGA,DEG3,CZ,2019,64.2
A,PC_HH,NGA,DEG3,CZ,2020,66.0
A,PC_HH,NGA,DEG3,CZ,2021,68.5
A,PC_HH,NGA,DEG3,CZ,2022,70.1
A,PC_HH,NGA,DEG3,CZ,2023,63.6
A,PC_HH,NGA,DEG3,CZ,2024,68.4
A,PC_HH,NGA,DEG3,CZ,2025,71.1
A,PC_HH,NGA,DEG3,DE,2013,21.3
A,PC_HH,NGA,DEG3,DE,2014,33.1
A,PC_HH,NGA,DEG3,DE,2015,36.4
A,PC_HH,NGA,DEG3,DE,2016,48.9
A,PC_HH,NGA,DEG3,DE,2017,53.9
A,PC_HH,NGA,DEG3,DE,2018,66.2
A,PC_HH,NGA,DEG3,DE,2019,74.6
A,PC_HH,NGA,DEG3,DE,2020,81.2
A,PC_HH,NGA,DEG3,DE,2021,85.3
A,PC_HH,NGA,DEG3,DE,2022,92.8
A,PC_HH,NGA,DEG3,DE,2023,86.3
A,PC_HH,NGA,DEG3,DE,2024,90.1
A,PC_HH,NGA,DEG3,DE,2025,93.4
A,PC_HH,NGA,DEG3,DK,2013,13.1
A,PC_HH,NGA,DEG3,DK,2014,53.7
A,PC_HH,NGA,DEG3,DK,2015,54.2
A,PC_HH,NGA,DEG3,DK,2016,59.2
A,PC_HH,NGA,DEG3,DK,2017,65.5
A,PC_HH,NGA,DEG3,DK,2018,70.6
A,PC_HH,NGA,DEG3,DK,2019,76.7
A,PC_HH,NGA,DEG3,DK,2020,76.3
A,PC_HH,NGA,DEG3,DK,2021,82.1
A,PC_HH,NGA,DEG3,DK,2022,89.9
A,PC_HH,NGA,DEG3,DK,2023,92.1
A,PC_HH,NGA,DEG3,DK,2024,93.2
A,PC_HH,NGA,DEG3,DK,2025,94.0
A,PC_HH,NGA,DEG3,EE,2013,11.0
A,PC_HH,NGA,DEG3,EE,2014,30.7
A,PC_HH,NGA,DEG3,EE,2015,33.8
A,PC_HH,NGA,DEG3,EE,2016,35.9
A,PC_HH,NGA,DEG3,EE,2017,37.8
A,PC_HH,NGA,DEG3,EE,2018,61.0
A,PC_HH,NGA,DEG3,EE,2019,62.4
A,PC_HH,NGA,DEG3,EE,2020,63.4
A,PC_HH,NGA,DEG3,EE,2021,67.0
A,PC_HH,NGA,DEG3,EE,2022,69.4
A,PC_HH,NGA,DEG3,EE,2023,78.3
A,PC_HH,NGA,DEG3,EE,2024,81.5
A,PC_HH,NGA,DEG3,EE,2025,86.0
A,PC_HH,NGA,DEG3,EL,2014,0.5
A,PC_HH,NGA,DEG3,EL,2015,0.5
A,PC_HH,NGA,DEG3,EL,2016,1.1
A,PC_HH,NGA,DEG3,EL,2017,32.4
A,PC_HH,NGA,DEG3,EL,2018,37.2
A,PC_HH,NGA,DEG3,EL,2019,40.1
A,PC_HH,NGA,DEG3,EL,2020,55.4
A,PC_HH,NGA,DEG3,EL,2021,66.3
A,PC_HH,NGA,DEG3,EL,2022,51.1
A,PC_HH,NGA,DEG3,EL,2023,54.9
A,PC_HH,NGA,DEG3,EL,2024,56.0
A,PC_HH,NGA,DEG3,EL,2025,78.0
A,PC_HH,NGA,DEG3,ES,2013,23.1
A,PC_HH,NGA,DEG3,ES,2014,23.6
A,PC_HH,NGA,DEG3,ES,2015,23.9
A,PC_HH,NGA,DEG3,ES,2016,27.8
A,PC_HH,NGA,DEG3,ES,2017,37.4
A,PC_HH,NGA,DEG3,ES,2018,47.6
A,PC_HH,NGA,DEG3,ES,2019,58.7
A,PC_HH,NGA,DEG3,ES,2020,70.1
A,PC_HH,NGA,DEG3,ES,2021,78.6
A,PC_HH,NGA,DEG3,ES,2022,80.4
A,PC_HH,NGA,DEG3,ES,2023,87.9
A,PC_HH,NGA,DEG3,ES,2024,86.3
A,PC_HH,NGA,DEG3,ES,2025,88.8
A,PC_HH,NGA,DEG3,FI,2013,7.4
A,PC_HH,NGA,DEG3,FI,2014,8.1
A,PC_HH,NGA,DEG3,FI,2015,8.2
A,PC_HH,NGA,DEG3,FI,2016,8.2
A,PC_HH,NGA,DEG3,FI,2017,8.3
A,PC_HH,NGA,DEG3,FI,2018,9.3
A,PC_HH,NGA,DEG3,FI,2019,9.1
A,PC_HH,NGA,DEG3,FI,2020,53.1
A,PC_HH,NGA,DEG3,FI,2021,52.9
A,PC_HH,NGA,DEG3,FI,2022,51.1
A,PC_HH,NGA,DEG3,FI,2023,57.6
A,PC_HH,NGA,DEG3,FI,2024,62.8
A,PC_HH,NGA,DEG3,FI,2025,64.5
A,PC_HH,NGA,DEG3,FR,2013,16.2
A,PC_HH,NGA,DEG3,FR,2014,20.0
A,PC_HH,NGA,DEG3,FR,2015,23.0
A,PC_HH,NGA,DEG3,FR,2016,25.1
A,PC_HH,NGA,DEG3,FR,2017,27.4
A,PC_HH,NGA,DEG3,FR,2018,31.2
A,PC_HH,NGA,DEG3,FR,2019,33.4
A,PC_HH,NGA,DEG3,FR,2020,37.5
A,PC_HH,NGA,DEG3,FR,2021,47.2
A,PC_HH,NGA,DEG3,FR,2022,59.6
A,PC_HH,NGA,DEG3,FR,2023,73.2
A,PC_HH,NGA,DEG3,FR,2024,83.0
A,PC_HH,NGA,DEG3,FR,2025,87.8
A,PC_HH,NGA,DEG3,HR,2013,0.0
A,PC_HH,NGA,DEG3,HR,2014,9.7
A,PC_HH,NGA,DEG3,HR,2015,9.8
A,PC_HH,NGA,DEG3,HR,2016,10.8
A,PC_HH,NGA,DEG3,HR,2017,16.2
A,PC_HH,NGA,DEG3,HR,2018,31.4
A,PC_HH,NGA,DEG3,HR,2019,34.0
A,PC_HH,NGA,DEG3,HR,2020,34.5
A,PC_HH,NGA,DEG3,HR,2021,39.0
A,PC_HH,NGA,DEG3,HR,2022,49.9
A,PC_HH,NGA,DEG3,HR,2023,56.9
A,PC_HH,NGA,DEG3,HR,2024,70.0
A,PC_HH,NGA,DEG3,HR,2025,71.7
A,PC_HH,NGA,DEG3,HU,2013,29.2
A,PC_HH,NGA,DEG3,HU,2014,30.8
A,PC_HH,NGA,DEG3,HU,2015,37.1
A,PC_HH,NGA,DEG3,HU,2016,46.9
A,PC_HH,NGA,DEG3,HU,2017,58.1
A,PC_HH,NGA,DEG3,HU,2018,64.6
A,PC_HH,NGA,DEG3,HU,2019,77.7
A,PC_HH,NGA,DEG3,HU,2020,80.7
A,PC_HH,NGA,DEG3,HU,2021,92.1
A,PC_HH,NGA,DEG3,HU,2022,96.2
A,PC_HH,NGA,DEG3,HU,2023,93.7
A,PC_HH,NGA,DEG3,HU,2024,95.2
A,PC_HH,NGA,DEG3,HU,2025,95.5
A,PC_HH,NGA,DEG3,IE,2013,6.6
A,PC_HH,NGA,DEG3,IE,2014,22.1
A,PC_HH,NGA,DEG3,IE,2015,44.9
A,PC_HH,NGA,DEG3,IE,2016,53.2
A,PC_HH,NGA,DEG3,IE,2017,78.6
A,PC_HH,NGA,DEG3,IE,2018,89.7
A,PC_HH,NGA,DEG3,IE,2019,90.3
A,PC_HH,NGA,DEG3,IE,2020,91.2
A,PC_HH,NGA,DEG3,IE,2021,93.4
A,PC_HH,NGA,DEG3,IE,2022,93.8
A,PC_HH,NGA,DEG3,IE,2023,96.2
A,PC_HH,NGA,DEG3,IE,2024,100.0
A,PC_HH,NGA,DEG3,IE,2025,99.7
A,PC_HH,NGA,DEG3,IS,2013,7.5
A,PC_HH,NGA,DEG3,IS,2014,21.2
A,PC_HH,NGA,DEG3,IS,2015,22.2
A,PC_HH,NGA,DEG3,IS,2016,47.7
A,PC_HH,NGA,DEG3,IS,2017,50.5
A,PC_HH,NGA,DEG3,IS,2018,51.8
A,PC_HH,NGA,DEG3,IS,2019,51.3
A,PC_HH,NGA,DEG3,IS,2020,60.4
A,PC_HH,NGA,DEG3,IS,2021,82.1
A,PC_HH,NGA,DEG3,IS,2022,82.3
A,PC_HH,NGA,DEG3,IS,2023,91.7
A,PC_HH,NGA,DEG3,IS,2024,84.1
A,PC_HH,NGA,DEG3,IS,2025,80.8
A,PC_HH,NGA,DEG3,IT,2015,3.1
A,PC_HH,NGA,DEG3,IT,2016,15.8
A,PC_HH,NGA,DEG3,IT,2017,39.2
A,PC_HH,NGA,DEG3,IT,2018,43.4
A,PC_HH,NGA,DEG3,IT,2019,68.4
A,PC_HH,NGA,DEG3,IT,2020,76.2
A,PC_HH,NGA,DEG3,IT,2021,88.4
A,PC_HH,NGA,DEG3,IT,2022,91.1
A,PC_HH,NGA,DEG3,IT,2023,93.6
A,PC_HH,NGA,DEG3,IT,2024,93.0
A,PC_HH,NGA,DEG3,IT,2025,94.5
A,PC_HH,NGA,DEG3,LT,2013,7.4
A,PC_HH,NGA,DEG3,LT,2014,12.4
A,PC_HH,NGA,DEG3,LT,2015,15.6
A,PC_HH,NGA,DEG3,LT,2016,18.0
A,PC_HH,NGA,DEG3,LT,2017,24.5
A,PC_HH,NGA,DEG3,LT,2018,27.5
A,PC_HH,NGA,DEG3,LT,2019,28.7
A,PC_HH,NGA,DEG3,LT,2020,29.6
A,PC_HH,NGA,DEG3,LT,2021,57.1
A,PC_HH,NGA,DEG3,LT,2022,62.1
A,PC_HH,NGA,DEG3,LT,2023,62.5
A,PC_HH,NGA,DEG3,LT,2024,63.6
A,PC_HH,NGA,DEG3,LT,2025,63.0
A,PC_HH,NGA,DEG3,LU,2013,94.1
A,PC_HH,NGA,DEG3,LU,2014,94.0
A,PC_HH,NGA,DEG3,LU,2015,94.1
A,PC_HH,NGA,DEG3,LU,2016,94.1
A,PC_HH,NGA,DEG3,LU,2017,94.3
A,PC_HH,NGA,DEG3,LU,2018,94.6
A,PC_HH,NGA,DEG3,LU,2019,94.9
A,PC_HH,NGA,DEG3,LU,2020,95.1
A,PC_HH,NGA,DEG3,LU,2021,95.3
A,PC_HH,NGA,DEG3,LU,2022,95.3
A,PC_HH,NGA,DEG3,LU,2023,90.5
A,PC_HH,NGA,DEG3,LU,2024,91.1
A,PC_HH,NGA,DEG3,LU,2025,91.8
A,PC_HH,NGA,DEG3,LV,2013,5.0
A,PC_HH,NGA,DEG3,LV,2014,11.8
A,PC_HH,NGA,DEG3,LV,2015,14.3
A,PC_HH,NGA,DEG3,LV,2016,16.0
A,PC_HH,NGA,DEG3,LV,2017,18.1
A,PC_HH,NGA,DEG3,LV,2018,18.4
A,PC_HH,NGA,DEG3,LV,2019,18.2
A,PC_HH,NGA,DEG3,LV,2020,20.2
A,PC_HH,NGA,DEG3,LV,2021,22.5
A,PC_HH,NGA,DEG3,LV,2022,25.4
A,PC_HH,NGA,DEG3,LV,2023,24.7
A,PC_HH,NGA,DEG3,LV,2024,29.4
A,PC_HH,NGA,DEG3,LV,2025,29.4
A,PC_HH,NGA,DEG3,MT,2013,99.5
A,PC_HH,NGA,DEG3,MT,2014,100.0
A,PC_HH,NGA,DEG3,MT,2015,99.9
A,PC_HH,NGA,DEG3,MT,2016,99.9
A,PC_HH,NGA,DEG3,MT,2017,99.9
A,PC_HH,NGA,DEG3,MT,2018,99.9
A,PC_HH,NGA,DEG3,MT,2019,100.0
A,PC_HH,NGA,DEG3,MT,2020,100.0
A,PC_HH,NGA,DEG3,MT,2021,100.0
A,PC_HH,NGA,DEG3,MT,2022,100.0
A,PC_HH,NGA,DEG3,MT,2023,100.0
A,PC_HH,NGA,DEG3,MT,2024,100.0
A,PC_HH,NGA,DEG3,MT,2025,100.0
A,PC_HH,NGA,DEG3,NL,2013,70.9
A,PC_HH,NGA,DEG3,NL,2014,71.5
A,PC_HH,NGA,DEG3,NL,2015,72.4
A,PC_HH,NGA,DEG3,NL,2016,73.1
A,PC_HH,NGA,DEG3,NL,2017,73.3
A,PC_HH,NGA,DEG3,NL,2018,80.2
A,PC_HH,NGA,DEG3,NL,2019,80.5
A,PC_HH,NGA,DEG3,NL,2020,81.1
A,PC_HH,NGA,DEG3,NL,2021,81.5
A,PC_HH,NGA,DEG3,NL,2022,96.3
A,PC_HH,NGA,DEG3,NL,2023,97.8
A,PC_HH,NGA,DEG3,NL,2024,97.1
A,PC_HH,NGA,DEG3,NL,2025,97.9
A,PC_HH,NGA,DEG3,NO,2013,16.2
A,PC_HH,NGA,DEG3,NO,2014,31.2
A,PC_HH,NGA,DEG3,NO,2015,32.2
A,PC_HH,NGA,DEG3,NO,2016,36.9
A,PC_HH,NGA,DEG3,NO,2017,40.2
A,PC_HH,NGA,DEG3,NO,2018,48.5
A,PC_HH,NGA,DEG3,NO,2019,59.7
A,PC_HH,NGA,DEG3,NO,2020,70.5
A,PC_HH,NGA,DEG3,NO,2021,68.7
A,PC_HH,NGA,DEG3,NO,2022,73.6
A,PC_HH,NGA,DEG3,NO,2023,77.0
A,PC_HH,NGA,DEG3,NO,2024,81.4
A,PC_HH,NGA,DEG3,NO,2025,82.4
A,PC_HH,NGA,DEG3,PL,2013,18.4
A,PC_HH,NGA,DEG3,PL,2014,22.0
A,PC_HH,NGA,DEG3,PL,2015,23.1
A,PC_HH,NGA,DEG3,PL,2016,24.3
A,PC_HH,NGA,DEG3,PL,2017,25.6
A,PC_HH,NGA,DEG3,PL,2018,29.0
A,PC_HH,NGA,DEG3,PL,2019,32.6
A,PC_HH,NGA,DEG3,PL,2020,37.1
A,PC_HH,NGA,DEG3,PL,2021,40.0
A,PC_HH,NGA,DEG3,PL,2022,40.3
A,PC_HH,NGA,DEG3,PL,2023,65.9
A,PC_HH,NGA,DEG3,PL,2024,72.0
A,PC_HH,NGA,DEG3,PL,2025,70.8
A,PC_HH,NGA,DEG3,PT,2013,28.6
A,PC_HH,NGA,DEG3,PT,2014,34.5
A,PC_HH,NGA,DEG3,PT,2015,37.2
A,PC_HH,NGA,DEG3,PT,2016,38.5
A,PC_HH,NGA,DEG3,PT,2017,63.5
A,PC_HH,NGA,DEG3,PT,2018,66.6
A,PC_HH,NGA,DEG3,PT,2019,69.4
A,PC_HH,NGA,DEG3,PT,2020,70.3
A,PC_HH,NGA,DEG3,PT,2021,75.9
A,PC_HH,NGA,DEG3,PT,2022,68.8
A,PC_HH,NGA,DEG3,PT,2023,71.4
A,PC_HH,NGA,DEG3,PT,2024,73.2
A,PC_HH,NGA,DEG3,PT,2025,81.6
A,PC_HH,NGA,DEG3,RO,2013,24.6
A,PC_HH,NGA,DEG3,RO,2014,27.4
A,PC_HH,NGA,DEG3,RO,2015,29.5
A,PC_HH,NGA,DEG3,RO,2016,33.6
A,PC_HH,NGA,DEG3,RO,2017,38.6
A,PC_HH,NGA,DEG3,RO,2018,40.4
A,PC_HH,NGA,DEG3,RO,2019,53.4
A,PC_HH,NGA,DEG3,RO,2020,66.5
A,PC_HH,NGA,DEG3,RO,2021,84.7
A,PC_HH,NGA,DEG3,RO,2022,93.7
A,PC_HH,NGA,DEG3,RO,2023,93.2
A,PC_HH,NGA,DEG3,RO,2024,94.2
A,PC_HH,NGA,DEG3,RO,2025,94.6
A,PC_HH,NGA,DEG3,SE,2013,8.9
A,PC_HH,NGA,DEG3,SE,2014,13.9
A,PC_HH,NGA,DEG3,SE,2015,13.9
A,PC_HH,NGA,DEG3,SE,2016,21.5
A,PC_HH,NGA,DEG3,SE,2017,22.7
A,PC_HH,NGA,DEG3,SE,2018,31.4
A,PC_HH,NGA,DEG3,SE,2019,41.0
A,PC_HH,NGA,DEG3,SE,2020,48.4
A,PC_HH,NGA,DEG3,SE,2021,54.6
A,PC_HH,NGA,DEG3,SE,2022,59.8
A,PC_HH,NGA,DEG3,SE,2023,65.3
A,PC_HH,NGA,DEG3,SE,2024,69.5
A,PC_HH,NGA,DEG3,SE,2025,69.4
A,PC_HH,NGA,DEG3,SI,2013,42.6
A,PC_HH,NGA,DEG3,SI,2014,45.8
A,PC_HH,NGA,DEG3,SI,2015,49.8
A,PC_HH,NGA,DEG3,SI,2016,50.2
A,PC_HH,NGA,DEG3,SI,2017,53.9
A,PC_HH,NGA,DEG3,SI,2018,59.7
A,PC_HH,NGA,DEG3,SI,2019,62.2
A,PC_HH,NGA,DEG3,SI,2020,62.7
A,PC_HH,NGA,DEG3,SI,2021,67.0
A,PC_HH,NGA,DEG3,SI,2022,70.0
A,PC_HH,NGA,DEG3,SI,2023,73.8
A,PC_HH,NGA,DEG3,SI,2024,75.5
A,PC_HH,NGA,DEG3,SI,2025,80.7
A,PC_HH,NGA,DEG3,SK,2013,3.6
A,PC_HH,NGA,DEG3,SK,2014,4.3
A,PC_HH,NGA,DEG3,SK,2015,14.1
A,PC_HH,NGA,DEG3,SK,2016,32.8
A,PC_HH,NGA,DEG3,SK,2017,37.7
A,PC_HH,NGA,DEG3,SK,2018,43.9
A,PC_HH,NGA,DEG3,SK,2019,45.3
A,PC_HH,NGA,DEG3,SK,2020,56.1
A,PC_HH,NGA,DEG3,SK,2021,79.5
A,PC_HH,NGA,DEG3,SK,2022,72.9
A,PC_HH,NGA,DEG3,SK,2023,81.7
A,PC_HH,NGA,DEG3,SK,2024,80.8
A,PC_HH,NGA,DEG3,SK,2025,81.8
A,PC_HH,NGA,DEG3,UK,2013,26.0
A,PC_HH,NGA,DEG3,UK,2014,45.9
A,PC_HH,NGA,DEG3,UK,2015,47.4
A,PC_HH,NGA,DEG3,UK,2016,78.2
A,PC_HH,NGA,DEG3,UK,2017,85.8
A,PC_HH,NGA,DEG3,UK,2018,90.3
A,PC_HH,NGA,DEG3,UK,2019,93.3
A,PC_HH,NGA,DEG3,UK,2020,95.5
A,PC_HH,NGA,DEG3,UK,2021,96.8
A,PC_HH,NGA,DEG3,UK,2022,97.2
A,PC_HH,NGA,DEG3,UK,2023,98.0
A,PC_HH,NGA,DEG3,UK,2024,98.2
A,PC_HH,NGA,DEG3,UK,2025,97.6
A,PC_HH,NGA,TOTAL,AT,2013,57.5
A,PC_HH,NGA,TOTAL,AT,2014,61.5
A,PC_HH,NGA,TOTAL,AT,2015,66.5
A,PC_HH,NGA,TOTAL,AT,2016,68.7
A,PC_HH,NGA,TOTAL,AT,2017,71.8
A,PC_HH,NGA,TOTAL,AT,2018,72.7
A,PC_HH,NGA,TOTAL,AT,2019,78.8
A,PC_HH,NGA,TOTAL,AT,2020,86.6
A,PC_HH,NGA,TOTAL,AT,2021,93.1
A,PC_HH,NGA,TOTAL,AT,2022,94.7
A,PC_HH,NGA,TOTAL,AT,2023,94.2
A,PC_HH,NGA,TOTAL,AT,2024,95.1
A,PC_HH,NGA,TOTAL,AT,2025,96.1
A,PC_HH,NGA,TOTAL,BE,2013,98.3
A,PC_HH,NGA,TOTAL,BE,2014,98.8
A,PC_HH,NGA,TOTAL,BE,2015,98.9
A,PC_HH,NGA,TOTAL,BE,2016,98.4
A,PC_HH,NGA,TOTAL,BE,2017,98.3
A,PC_HH,NGA,TOTAL,BE,2018,98.8
A,PC_HH,NGA,TOTAL,BE,2019,99.1
A,PC_HH,NGA,TOTAL,BE,2020,99.3
A,PC_HH,NGA,TOTAL,BE,2021,99.1
A,PC_HH,NGA,TOTAL,BE,2022,99.4
A,PC_HH,NGA,TOTAL,BE,2023,99.2
A,PC_HH,NGA,TOTAL,BE,2024,99.1
A,PC_HH,NGA,TOTAL,BE,2025,98.9
A,PC_HH,NGA,TOTAL,BG,2013,67.7
A,PC_HH,NGA,TOTAL,BG,2014,69.4
A,PC_HH,NGA,TOTAL,BG,2015,71.8
A,PC_HH,NGA,TOTAL,BG,2016,74.1
A,PC_HH,NGA,TOTAL,BG,2017,77.2
A,PC_HH,NGA,TOTAL,BG,2018,80.5
A,PC_HH,NGA,TOTAL,BG,2019,84.4
A,PC_HH,NGA,TOTAL,BG,2020,87.6
A,PC_HH,NGA,TOTAL,BG,2021,92.1
A,PC_HH,NGA,TOTAL,BG,2022,94.8
A,PC_HH,NGA,TOTAL,BG,2023,95.8
A,PC_HH,NGA,TOTAL,BG,2024,97.4
A,PC_HH,NGA,TOTAL,BG,2025,97.4
A,PC_HH,NGA,TOTAL,CH,2013,97.9
A,PC_HH,NGA,TOTAL,CH,2014,98.8
A,PC_HH,NGA,TOTAL,CH,2015,98.9
A,PC_HH,NGA,TOTAL,CH,2016,99.0
A,PC_HH,NGA,TOTAL,CH,2017,99.0
A,PC_HH,NGA,TOTAL,CH,2018,99.0
A,PC_HH,NGA,TOTAL,CH,2019,99.0
A,PC_HH,NGA,TOTAL,CH,2020,99.0
A,PC_HH,NGA,TOTAL,CH,2021,98.9
A,PC_HH,NGA,TOTAL,CH,2022,98.4
A,PC_HH,NGA,TOTAL,CH,2023,99.0
A,PC_HH,NGA,TOTAL,CH,2024,98.0
A,PC_HH,NGA,TOTAL,CH,2025,98.2
A,PC_HH,NGA,TOTAL,CY,2013,77.0
A,PC_HH,NGA,TOTAL,CY,2014,80.1
A,PC_HH,NGA,TOTAL,CY,2015,84.0
A,PC_HH,NGA,TOTAL,CY,2016,87.5
A,PC_HH,NGA,TOTAL,CY,2017,87.5
A,PC_HH,NGA,TOTAL,CY,2018,90.0
A,PC_HH,NGA,TOTAL,CY,2019,100.0
A,PC_HH,NGA,TOTAL,CY,2020,100.0
A,PC_HH,NGA,TOTAL,CY,2021,100.0
A,PC_HH,NGA,TOTAL,CY,2022,100.0
A,PC_HH,NGA,TOTAL,CY,2023,100.0
A,PC_HH,NGA,TOTAL,CY,2024,100.0
A,PC_HH,NGA,TOTAL,CY,2025,100.0
A,PC_HH,NGA,TOTAL,CZ,2013,63.6
A,PC_HH,NGA,TOTAL,CZ,2014,68.7
A,PC_HH,NGA,TOTAL,CZ,2015,72.9
A,PC_HH,NGA,TOTAL,CZ,2016,75.1
A,PC_HH,NGA,TOTAL,CZ,2017,88.6
A,PC_HH,NGA,TOTAL,CZ,2018,89.8
A,PC_HH,NGA,TOTAL,CZ,2019,91.8
A,PC_HH,NGA,TOTAL,CZ,2020,91.8
A,PC_HH,NGA,TOTAL,CZ,2021,92.6
A,PC_HH,NGA,TOTAL,CZ,2022,93.3
A,PC_HH,NGA,TOTAL,CZ,2023,88.4
A,PC_HH,NGA,TOTAL,CZ,2024,90.6
A,PC_HH,NGA,TOTAL,CZ,2025,91.8
A,PC_HH,NGA,TOTAL,DE,2013,74.8
A,PC_HH,NGA,TOTAL,DE,2014,79.3
A,PC_HH,NGA,TOTAL,DE,2015,81.3
A,PC_HH,NGA,TOTAL,DE,2016,81.8
A,PC_HH,NGA,TOTAL,DE,2017,84.1
A,PC_HH,NGA,TOTAL,DE,2018,87.9
A,PC_HH,NGA,TOTAL,DE,2019,92.2
A,PC_HH,NGA,TOTAL,DE,2020,94.7
A,PC_HH,NGA,TOTAL,DE,2021,95.9
A,PC_HH,NGA,TOTAL,DE,2022,97.4
A,PC_HH,NGA,TOTAL,DE,2023,95.6
A,PC_HH,NGA,TOTAL,DE,2024,96.5
A,PC_HH,NGA,TOTAL,DE,2025,97.2
A,PC_HH,NGA,TOTAL,DK,2013,82.6
A,PC_HH,NGA,TOTAL,DK,2014,93.0
A,PC_HH,NGA,TOTAL,DK,2015,91.7
A,PC_HH,NGA,TOTAL,DK,2016,93.3
A,PC_HH,NGA,TOTAL,DK,2017,94.6
A,PC_HH,NGA,TOTAL,DK,2018,95.4
A,PC_HH,NGA,TOTAL,DK,2019,96.0
A,PC_HH,NGA,TOTAL,DK,2020,96.4
A,PC_HH,NGA,TOTAL,DK,2021,97.1
A,PC_HH,NGA,TOTAL,DK,2022,98.0
A,PC_HH,NGA,TOTAL,DK,2023,98.4
A,PC_HH,NGA,TOTAL,DK,2024,98.4
A,PC_HH,NGA,TOTAL,DK,2025,98.5
A,PC_HH,NGA,TOTAL,EE,2013,62.6
A,PC_HH,NGA,TOTAL,EE,2014,75.1
A,PC_HH,NGA,TOTAL,EE,2015,78.1
A,PC_HH,NGA,TOTAL,EE,2016,79.1
A,PC_HH,NGA,TOTAL,EE,2017,80.4
A,PC_HH,NGA,TOTAL,EE,2018,82.9
A,PC_HH,NGA,TOTAL,EE,2019,83.7
A,PC_HH,NGA,TOTAL,EE,2020,88.8
A,PC_HH,NGA,TOTAL,EE,2021,90.2
A,PC_HH,NGA,TOTAL,EE,2022,89.9
A,PC_HH,NGA,TOTAL,EE,2023,90.4
A,PC_HH,NGA,TOTAL,EE,2024,92.3
A,PC_HH,NGA,TOTAL,EE,2025,91.6
A,PC_HH,NGA,TOTAL,EL,2013,26.9
A,PC_HH,NGA,TOTAL,EL,2014,34.0
A,PC_HH,NGA,TOTAL,EL,2015,36.3
A,PC_HH,NGA,TOTAL,EL,2016,48.5
A,PC_HH,NGA,TOTAL,EL,2017,52.5
A,PC_HH,NGA,TOTAL,EL,2018,65.9
A,PC_HH,NGA,TOTAL,EL,2019,80.6
A,PC_HH,NGA,TOTAL,EL,2020,86.7
A,PC_HH,NGA,TOTAL,EL,2021,91.7
A,PC_HH,NGA,TOTAL,EL,2022,86.3
A,PC_HH,NGA,TOTAL,EL,2023,86.0
A,PC_HH,NGA,TOTAL,EL,2024,86.4
A,PC_HH,NGA,TOTAL,EL,2025,94.5
A,PC_HH,NGA,TOTAL,ES,2013,64.9
A,PC_HH,NGA,TOTAL,ES,2014,73.2
A,PC_HH,NGA,TOTAL,ES,2015,76.6
A,PC_HH,NGA,TOTAL,ES,2016,80.8
A,PC_HH,NGA,TOTAL,ES,2017,85.0
A,PC_HH,NGA,TOTAL,ES,2018,88.2
A,PC_HH,NGA,TOTAL,ES,2019,89.8
A,PC_HH,NGA,TOTAL,ES,2020,92.3
A,PC_HH,NGA,TOTAL,ES,2021,94.4
A,PC_HH,NGA,TOTAL,ES,2022,94.1
A,PC_HH,NGA,TOTAL,ES,2023,96.8
A,PC_HH,NGA,TOTAL,ES,2024,95.0
A,PC_HH,NGA,TOTAL,ES,2025,96.1
A,PC_HH,NGA,TOTAL,FI,2013,72.1
A,PC_HH,NGA,TOTAL,FI,2014,75.1
A,PC_HH,NGA,TOTAL,FI,2015,74.6
A,PC_HH,NGA,TOTAL,FI,2016,73.5
A,PC_HH,NGA,TOTAL,FI,2017,74.0
A,PC_HH,NGA,TOTAL,FI,2018,73.9
A,PC_HH,NGA,TOTAL,FI,2019,75.2
A,PC_HH,NGA,TOTAL,FI,2020,75.0
A,PC_HH,NGA,TOTAL,FI,2021,74.0
A,PC_HH,NGA,TOTAL,FI,2022,74.9
A,PC_HH,NGA,TOTAL,FI,2023,79.7
A,PC_HH,NGA,TOTAL,FI,2024,82.5
A,PC_HH,NGA,TOTAL,FI,2025,84.8
A,PC_HH,NGA,TOTAL,FR,2013,41.0
A,PC_HH,NGA,TOTAL,FR,2014,42.6
A,PC_HH,NGA,TOTAL,FR,2015,44.8
A,PC_HH,NGA,TOTAL,FR,2016,47.0
A,PC_HH,NGA,TOTAL,FR,2017,51.9
A,PC_HH,NGA,TOTAL,FR,2018,58.5
A,PC_HH,NGA,TOTAL,FR,2019,62.1
A,PC_HH,NGA,TOTAL,FR,2020,69.0
A,PC_HH,NGA,TOTAL,FR,2021,73.7
A,PC_HH,NGA,TOTAL,FR,2022,80.4
A,PC_HH,NGA,TOTAL,FR,2023,86.2
A,PC_HH,NGA,TOTAL,FR,2024,90.8
A,PC_HH,NGA,TOTAL,FR,2025,94.0
A,PC_HH,NGA,TOTAL,HR,2013,33.2
A,PC_HH,NGA,TOTAL,HR,2014,47.5
A,PC_HH,NGA,TOTAL,HR,2015,52.0
A,PC_HH,NGA,TOTAL,HR,2016,59.9
A,PC_HH,NGA,TOTAL,HR,2017,67.6
A,PC_HH,NGA,TOTAL,HR,2018,82.8
A,PC_HH,NGA,TOTAL,HR,2019,85.6
A,PC_HH,NGA,TOTAL,HR,2020,86.3
A,PC_HH,NGA,TOTAL,HR,2021,87.8
A,PC_HH,NGA,TOTAL,HR,2022,88.1
A,PC_HH,NGA,TOTAL,HR,2023,89.0
A,PC_HH,NGA,TOTAL,HR,2024,91.2
A,PC_HH,NGA,TOTAL,HR,2025,92.1
A,PC_HH,NGA,TOTAL,HU,2013,75.7
A,PC_HH,NGA,TOTAL,HU,2014,75.6
A,PC_HH,NGA,TOTAL,HU,2015,78.2
A,PC_HH,NGA,TOTAL,HU,2016,80.6
A,PC_HH,NGA,TOTAL,HU,2017,82.8
A,PC_HH,NGA,TOTAL,HU,2018,86.8
A,PC_HH,NGA,TOTAL,HU,2019,89.6
A,PC_HH,NGA,TOTAL,HU,2020,89.5
A,PC_HH,NGA,TOTAL,HU,2021,96.7
A,PC_HH,NGA,TOTAL,HU,2022,98.4
A,PC_HH,NGA,TOTAL,HU,2023,95.9
A,PC_HH,NGA,TOTAL,HU,2024,97.0
A,PC_HH,NGA,TOTAL,HU,2025,97.7
A,PC_HH,NGA,TOTAL,IE,2013,54.0
A,PC_HH,NGA,TOTAL,IE,2014,70.7
A,PC_HH,NGA,TOTAL,IE,2015,79.7
A,PC_HH,NGA,TOTAL,IE,2016,81.6
A,PC_HH,NGA,TOTAL,IE,2017,92.8
A,PC_HH,NGA,TOTAL,IE,2018,95.9
A,PC_HH,NGA,TOTAL,IE,2019,96.0
A,PC_HH,NGA,TOTAL,IE,2020,96.2
A,PC_HH,NGA,TOTAL,IE,2021,96.4
A,PC_HH,NGA,TOTAL,IE,2022,97.2
A,PC_HH,NGA,TOTAL,IE,2023,98.9
A,PC_HH,NGA,TOTAL,IE,2024,100.0
A,PC_HH,NGA,TOTAL,IE,2025,99.9
A,PC_HH,NGA,TOTAL,IS,2013,59.5
A,PC_HH,NGA,TOTAL,IS,2014,88.0
A,PC_HH,NGA,TOTAL,IS,2015,89.2
A,PC_HH,NGA,TOTAL,IS,2016,94.0
A,PC_HH,NGA,TOTAL,IS,2017,91.8
A,PC_HH,NGA,TOTAL,IS,2018,95.8
A,PC_HH,NGA,TOTAL,IS,2019,96.9
A,PC_HH,NGA,TOTAL,IS,2020,97.6
A,PC_HH,NGA,TOTAL,IS,2021,98.8
A,PC_HH,NGA,TOTAL,IS,2022,98.8
A,PC_HH,NGA,TOTAL,IS,2023,98.9
A,PC_HH,NGA,TOTAL,IS,2024,99.1
A,PC_HH,NGA,TOTAL,IS,2025,99.0
A,PC_HH,NGA,TOTAL,IT,2013,20.9
A,PC_HH,NGA,TOTAL,IT,2014,31.7
A,PC_HH,NGA,TOTAL,IT,2015,41.0
A,PC_HH,NGA,TOTAL,IT,2016,72.3
A,PC_HH,NGA,TOTAL,IT,2017,86.8
A,PC_HH,NGA,TOTAL,IT,2018,87.9
A,PC_HH,NGA,TOTAL,IT,2019,88.9
A,PC_HH,NGA,TOTAL,IT,2020,92.7
A,PC_HH,NGA,TOTAL,IT,2021,97.0
A,PC_HH,NGA,TOTAL,IT,2022,97.6
A,PC_HH,NGA,TOTAL,IT,2023,98.4
A,PC_HH,NGA,TOTAL,IT,2024,98.8
A,PC_HH,NGA,TOTAL,IT,2025,98.8
A,PC_HH,NGA,TOTAL,LT,2013,48.7
A,PC_HH,NGA,TOTAL,LT,2014,49.2
A,PC_HH,NGA,TOTAL,LT,2015,49.6
A,PC_HH,NGA,TOTAL,LT,2016,50.1
A,PC_HH,NGA,TOTAL,LT,2017,54.4
A,PC_HH,NGA,TOTAL,LT,2018,62.7
A,PC_HH,NGA,TOTAL,LT,2019,69.4
A,PC_HH,NGA,TOTAL,LT,2020,70.8
A,PC_HH,NGA,TOTAL,LT,2021,84.8
A,PC_HH,NGA,TOTAL,LT,2022,86.9
A,PC_HH,NGA,TOTAL,LT,2023,87.0
A,PC_HH,NGA,TOTAL,LT,2024,88.1
A,PC_HH,NGA,TOTAL,LT,2025,88.6
A,PC_HH,NGA,TOTAL,LU,2013,94.3
A,PC_HH,NGA,TOTAL,LU,2014,94.4
A,PC_HH,NGA,TOTAL,LU,2015,94.4
A,PC_HH,NGA,TOTAL,LU,2016,94.4
A,PC_HH,NGA,TOTAL,LU,2017,94.6
A,PC_HH,NGA,TOTAL,LU,2018,94.9
A,PC_HH,NGA,TOTAL,LU,2019,95.5
A,PC_HH,NGA,TOTAL,LU,2020,96.3
A,PC_HH,NGA,TOTAL,LU,2021,97.0
A,PC_HH,NGA,TOTAL,LU,2022,97.5
A,PC_HH,NGA,TOTAL,LU,2023,97.3
A,PC_HH,NGA,TOTAL,LU,2024,97.3
A,PC_HH,NGA,TOTAL,LU,2025,97.2
A,PC_HH,NGA,TOTAL,LV,2013,60.0
A,PC_HH,NGA,TOTAL,LV,2014,62.7
A,PC_HH,NGA,TOTAL,LV,2015,58.8
A,PC_HH,NGA,TOTAL,LV,2016,59.1
A,PC_HH,NGA,TOTAL,LV,2017,60.8
A,PC_HH,NGA,TOTAL,LV,2018,61.5
A,PC_HH,NGA,TOTAL,LV,2019,64.9
A,PC_HH,NGA,TOTAL,LV,2020,67.1
A,PC_HH,NGA,TOTAL,LV,2021,68.2
A,PC_HH,NGA,TOTAL,LV,2022,69.3
A,PC_HH,NGA,TOTAL,LV,2023,72.0
A,PC_HH,NGA,TOTAL,LV,2024,80.3
A,PC_HH,NGA,TOTAL,LV,2025,72.5
A,PC_HH,NGA,TOTAL,MT,2013,100.0
A,PC_HH,NGA,TOTAL,MT,2014,100.0
A,PC_HH,NGA,TOTAL,MT,2015,100.0
A,PC_HH,NGA,TOTAL,MT,2016,100.0
A,PC_HH,NGA,TOTAL,MT,2017,100.0
A,PC_HH,NGA,TOTAL,MT,2018,100.0
A,PC_HH,NGA,TOTAL,MT,2019,100.0
A,PC_HH,NGA,TOTAL,MT,2020,100.0
A,PC_HH,NGA,TOTAL,MT,2021,100.0
A,PC_HH,NGA,TOTAL,MT,2022,100.0
A,PC_HH,NGA,TOTAL,MT,2023,100.0
A,PC_HH,NGA,TOTAL,MT,2024,100.0
A,PC_HH,NGA,TOTAL,MT,2025,100.0
A,PC_HH,NGA,TOTAL,NL,2013,97.6
A,PC_HH,NGA,TOTAL,NL,2014,98.4
A,PC_HH,NGA,TOTAL,NL,2015,98.2
A,PC_HH,NGA,TOTAL,NL,2016,98.3
A,PC_HH,NGA,TOTAL,NL,2017,98.3
A,PC_HH,NGA,TOTAL,NL,2018,98.3
A,PC_HH,NGA,TOTAL,NL,2019,98.3
A,PC_HH,NGA,TOTAL,NL,2020,98.3
A,PC_HH,NGA,TOTAL,NL,2021,99.2
A,PC_HH,NGA,TOTAL,NL,2022,99.2
A,PC_HH,NGA,TOTAL,NL,2023,99.2
A,PC_HH,NGA,TOTAL,NL,2024,99.2
A,PC_HH,NGA,TOTAL,NL,2025,99.3
A,PC_HH,NGA,TOTAL,NO,2013,75.4
A,PC_HH,NGA,TOTAL,NO,2014,78.0
A,PC_HH,NGA,TOTAL,NO,2015,79.6
A,PC_HH,NGA,TOTAL,NO,2016,85.3
A,PC_HH,NGA,TOTAL,NO,2017,86.5
A,PC_HH,NGA,TOTAL,NO,2018,83.5
A,PC_HH,NGA,TOTAL,NO,2019,89.3
A,PC_HH,NGA,TOTAL,NO,2020,92.8
A,PC_HH,NGA,TOTAL,NO,2021,91.8
A,PC_HH,NGA,TOTAL,NO,2022,94.1
A,PC_HH,NGA,TOTAL,NO,2023,95.2
A,PC_HH,NGA,TOTAL,NO,2024,96.2
A,PC_HH,NGA,TOTAL,NO,2025,96.2
A,PC_HH,NGA,TOTAL,PL,2013,52.1
A,PC_HH,NGA,TOTAL,PL,2014,53.4
A,PC_HH,NGA,TOTAL,PL,2015,60.7
A,PC_HH,NGA,TOTAL,PL,2016,61.1
A,PC_HH,NGA,TOTAL,PL,2017,64.8
A,PC_HH,NGA,TOTAL,PL,2018,67.1
A,PC_HH,NGA,TOTAL,PL,2019,75.9
A,PC_HH,NGA,TOTAL,PL,2020,76.2
A,PC_HH,NGA,TOTAL,PL,2021,78.2
A,PC_HH,NGA,TOTAL,PL,2022,73.4
A,PC_HH,NGA,TOTAL,PL,2023,84.0
A,PC_HH,NGA,TOTAL,PL,2024,85.7
A,PC_HH,NGA,TOTAL,PL,2025,86.8
A,PC_HH,NGA,TOTAL,PT,2013,64.9
A,PC_HH,NGA,TOTAL,PT,2014,65.8
A,PC_HH,NGA,TOTAL,PT,2015,66.4
A,PC_HH,NGA,TOTAL,PT,2016,67.1
A,PC_HH,NGA,TOTAL,PT,2017,71.7
A,PC_HH,NGA,TOTAL,PT,2018,75.6
A,PC_HH,NGA,TOTAL,PT,2019,83.0
A,PC_HH,NGA,TOTAL,PT,2020,86.6
A,PC_HH,NGA,TOTAL,PT,2021,90.5
A,PC_HH,NGA,TOTAL,PT,2022,93.0
A,PC_HH,NGA,TOTAL,PT,2023,94.2
A,PC_HH,NGA,TOTAL,PT,2024,94.6
A,PC_HH,NGA,TOTAL,PT,2025,97.1
A,PC_HH,NGA,TOTAL,RO,2013,65.9
A,PC_HH,NGA,TOTAL,RO,2014,69.2
A,PC_HH,NGA,TOTAL,RO,2015,70.4
A,PC_HH,NGA,TOTAL,RO,2016,71.7
A,PC_HH,NGA,TOTAL,RO,2017,74.0
A,PC_HH,NGA,TOTAL,RO,2018,75.6
A,PC_HH,NGA,TOTAL,RO,2019,82.0
A,PC_HH,NGA,TOTAL,RO,2020,87.0
A,PC_HH,NGA,TOTAL,RO,2021,93.3
A,PC_HH,NGA,TOTAL,RO,2022,97.2
A,PC_HH,NGA,TOTAL,RO,2023,95.9
A,PC_HH,NGA,TOTAL,RO,2024,96.6
A,PC_HH,NGA,TOTAL,RO,2025,96.9
A,PC_HH,NGA,TOTAL,SE,2013,71.2
A,PC_HH,NGA,TOTAL,SE,2014,73.2
A,PC_HH,NGA,TOTAL,SE,2015,73.2
A,PC_HH,NGA,TOTAL,SE,2016,75.2
A,PC_HH,NGA,TOTAL,SE,2017,77.7
A,PC_HH,NGA,TOTAL,SE,2018,81.9
A,PC_HH,NGA,TOTAL,SE,2019,85.1
A,PC_HH,NGA,TOTAL,SE,2020,87.5
A,PC_HH,NGA,TOTAL,SE,2021,85.6
A,PC_HH,NGA,TOTAL,SE,2022,88.8
A,PC_HH,NGA,TOTAL,SE,2023,90.4
A,PC_HH,NGA,TOTAL,SE,2024,90.7
A,PC_HH,NGA,TOTAL,SE,2025,89.9
A,PC_HH,NGA,TOTAL,SI,2013,78.1
A,PC_HH,NGA,TOTAL,SI,2014,80.2
A,PC_HH,NGA,TOTAL,SI,2015,80.8
A,PC_HH,NGA,TOTAL,SI,2016,81.6
A,PC_HH,NGA,TOTAL,SI,2017,83.2
A,PC_HH,NGA,TOTAL,SI,2018,85.9
A,PC_HH,NGA,TOTAL,SI,2019,86.9
A,PC_HH,NGA,TOTAL,SI,2020,87.6
A,PC_HH,NGA,TOTAL,SI,2021,89.5
A,PC_HH,NGA,TOTAL,SI,2022,90.5
A,PC_HH,NGA,TOTAL,SI,2023,91.9
A,PC_HH,NGA,TOTAL,SI,2024,92.3
A,PC_HH,NGA,TOTAL,SI,2025,94.1
A,PC_HH,NGA,TOTAL,SK,2013,47.1
A,PC_HH,NGA,TOTAL,SK,2014,50.5
A,PC_HH,NGA,TOTAL,SK,2015,54.4
A,PC_HH,NGA,TOTAL,SK,2016,65.0
A,PC_HH,NGA,TOTAL,SK,2017,70.2
A,PC_HH,NGA,TOTAL,SK,2018,72.6
A,PC_HH,NGA,TOTAL,SK,2019,73.7
A,PC_HH,NGA,TOTAL,SK,2020,75.2
A,PC_HH,NGA,TOTAL,SK,2021,84.3
A,PC_HH,NGA,TOTAL,SK,2022,84.4
A,PC_HH,NGA,TOTAL,SK,2023,84.7
A,PC_HH,NGA,TOTAL,SK,2024,85.9
A,PC_HH,NGA,TOTAL,SK,2025,88.0
A,PC_HH,NGA,TOTAL,UK,2013,81.8
A,PC_HH,NGA,TOTAL,UK,2014,88.6
A,PC_HH,NGA,TOTAL,UK,2015,90.5
A,PC_HH,NGA,TOTAL,UK,2016,92.1
A,PC_HH,NGA,TOTAL,UK,2017,94.1
A,PC_HH,NGA,TOTAL,UK,2018,95.2
A,PC_HH,NGA,TOTAL,UK,2019,95.7
A,PC_HH,NGA,TOTAL,UK,2020,97.6
A,PC_HH,NGA,TOTAL,UK,2021,97.5
A,PC_HH,NGA,TOTAL,UK,2022,98.0
A,PC_HH,NGA,TOTAL,UK,2023,98.8
A,PC_HH,NGA,TOTAL,UK,2024,99.0
A,PC_HH,NGA,TOTAL,UK,2025,99.1
A,PC_HH,SATL,DEG3,AT,2013,100.0
A,PC_HH,SATL,DEG3,AT,2014,100.0
A,PC_HH,SATL,DEG3,AT,2015,100.0
A,PC_HH,SATL,DEG3,AT,2016,100.0
A,PC_HH,SATL,DEG3,AT,2017,100.0
A,PC_HH,SATL,DEG3,AT,2018,100.0
A,PC_HH,SATL,DEG3,AT,2019,100.0
A,PC_HH,SATL,DEG3,AT,2020,100.0
A,PC_HH,SATL,DEG3,AT,2021,100.0
A,PC_HH,SATL,DEG3,AT,2022,100.0
A,PC_HH,SATL,DEG3,AT,2023,100.0
A,PC_HH,SATL,DEG3,AT,2024,100.0
A,PC_HH,SATL,DEG3,AT,2025,100.0
A,PC_HH,SATL,DEG3,BE,2013,100.0
A,PC_HH,SATL,DEG3,BE,2014,100.0
A,PC_HH,SATL,DEG3,BE,2015,100.0
A,PC_HH,SATL,DEG3,BE,2016,100.0
A,PC_HH,SATL,DEG3,BE,2017,100.0
A,PC_HH,SATL,DEG3,BE,2018,100.0
A,PC_HH,SATL,DEG3,BE,2019,100.0
A,PC_HH,SATL,DEG3,BE,2020,100.0
A,PC_HH,SATL,DEG3,BE,2021,100.0
A,PC_HH,SATL,DEG3,BE,2022,100.0
A,PC_HH,SATL,DEG3,BE,2023,100.0
A,PC_HH,SATL,DEG3,BE,2024,100.0
A,PC_HH,SATL,DEG3,BE,2025,100.0
A,PC_HH,SATL,DEG3,BG,2013,100.0
A,PC_HH,SATL,DEG3,BG,2014,100.0
A,PC_HH,SATL,DEG3,BG,2015,100.0
A,PC_HH,SATL,DEG3,BG,2016,100.0
A,PC_HH,SATL,DEG3,BG,2017,100.0
A,PC_HH,SATL,DEG3,BG,2018,100.0
A,PC_HH,SATL,DEG3,BG,2019,100.0
A,PC_HH,SATL,DEG3,BG,2020,100.0
A,PC_HH,SATL,DEG3,BG,2021,100.0
A,PC_HH,SATL,DEG3,BG,2022,100.0
A,PC_HH,SATL,DEG3,BG,2023,100.0
A,PC_HH,SATL,DEG3,BG,2024,100.0
A,PC_HH,SATL,DEG3,BG,2025,100.0
A,PC_HH,SATL,DEG3,CH,2013,100.0
A,PC_HH,SATL,DEG3,CH,2014,100.0
A,PC_HH,SATL,DEG3,CH,2015,100.0
A,PC_HH,SATL,DEG3,CH,2016,100.0
A,PC_HH,SATL,DEG3,CH,2017,100.0
A,PC_HH,SATL,DEG3,CH,2018,100.0
A,PC_HH,SATL,DEG3,CH,2019,100.0
A,PC_HH,SATL,DEG3,CH,2020,100.0
A,PC_HH,SATL,DEG3,CH,2021,100.0
A,PC_HH,SATL,DEG3,CH,2022,100.0
A,PC_HH,SATL,DEG3,CH,2023,100.0
A,PC_HH,SATL,DEG3,CH,2024,100.0
A,PC_HH,SATL,DEG3,CH,2025,100.0
A,PC_HH,SATL,DEG3,CY,2013,100.0
A,PC_HH,SATL,DEG3,CY,2014,100.0
A,PC_HH,SATL,DEG3,CY,2015,100.0
A,PC_HH,SATL,DEG3,CY,2016,100.0
A,PC_HH,SATL,DEG3,CY,2017,100.0
A,PC_HH,SATL,DEG3,CY,2018,100.0
A,PC_HH,SATL,DEG3,CY,2019,100.0
A,PC_HH,SATL,DEG3,CY,2020,100.0
A,PC_HH,SATL,DEG3,CY,2021,100.0
A,PC_HH,SATL,DEG3,CY,2022,100.0
A,PC_HH,SATL,DEG3,CY,2023,100.0
A,PC_HH,SATL,DEG3,CY,2024,100.0
A,PC_HH,SATL,DEG3,CY,2025,100.0
A,PC_HH,SATL,DEG3,CZ,2013,100.0
A,PC_HH,SATL,DEG3,CZ,2014,100.0
A,PC_HH,SATL,DEG3,CZ,2015,100.0
A,PC_HH,SATL,DEG3,CZ,2016,100.0
A,PC_HH,SATL,DEG3,CZ,2017,100.0
A,PC_HH,SATL,DEG3,CZ,2018,100.0
A,PC_HH,SATL,DEG3,CZ,2019,100.0
A,PC_HH,SATL,DEG3,CZ,2020,100.0
A,PC_HH,SATL,DEG3,CZ,2021,100.0
A,PC_HH,SATL,DEG3,CZ,2022,100.0
A,PC_HH,SATL,DEG3,CZ,2023,100.0
A,PC_HH,SATL,DEG3,CZ,2024,100.0
A,PC_HH,SATL,DEG3,CZ,2025,100.0
A,PC_HH,SATL,DEG3,DE,2013,100.0
A,PC_HH,SATL,DEG3,DE,2014,100.0
A,PC_HH,SATL,DEG3,DE,2015,100.0
A,PC_HH,SATL,DEG3,DE,2016,100.0
A,PC_HH,SATL,DEG3,DE,2017,100.0
A,PC_HH,SATL,DEG3,DE,2018,100.0
A,PC_HH,SATL,DEG3,DE,2019,100.0
A,PC_HH,SATL,DEG3,DE,2020,100.0
A,PC_HH,SATL,DEG3,DE,2021,100.0
A,PC_HH,SATL,DEG3,DE,2022,100.0
A,PC_HH,SATL,DEG3,DE,2023,100.0
A,PC_HH,SATL,DEG3,DE,2024,100.0
A,PC_HH,SATL,DEG3,DE,2025,99.9
A,PC_HH,SATL,DEG3,DK,2013,100.0
A,PC_HH,SATL,DEG3,DK,2014,100.0
A,PC_HH,SATL,DEG3,DK,2015,99.5
A,PC_HH,SATL,DEG3,DK,2016,100.0
A,PC_HH,SATL,DEG3,DK,2017,100.0
A,PC_HH,SATL,DEG3,DK,2018,100.0
A,PC_HH,SATL,DEG3,DK,2019,100.0
A,PC_HH,SATL,DEG3,DK,2020,100.0
A,PC_HH,SATL,DEG3,DK,2021,100.0
A,PC_HH,SATL,DEG3,DK,2022,100.0
A,PC_HH,SATL,DEG3,DK,2023,100.0
A,PC_HH,SATL,DEG3,DK,2024,100.0
A,PC_HH,SATL,DEG3,DK,2025,100.0
A,PC_HH,SATL,DEG3,EE,2013,75.3
A,PC_HH,SATL,DEG3,EE,2014,75.4
A,PC_HH,SATL,DEG3,EE,2015,75.4
A,PC_HH,SATL,DEG3,EE,2016,75.4
A,PC_HH,SATL,DEG3,EE,2017,75.4
A,PC_HH,SATL,DEG3,EE,2018,75.4
A,PC_HH,SATL,DEG3,EE,2019,75.4
A,PC_HH,SATL,DEG3,EE,2020,75.4
A,PC_HH,SATL,DEG3,EE,2021,75.4
A,PC_HH,SATL,DEG3,EE,2022,75.4
A,PC_HH,SATL,DEG3,EE,2023,75.4
A,PC_HH,SATL,DEG3,EE,2024,75.4
A,PC_HH,SATL,DEG3,EE,2025,100.0
A,PC_HH,SATL,DEG3,EL,2013,100.0
A,PC_HH,SATL,DEG3,EL,2014,100.0
A,PC_HH,SATL,DEG3,EL,2015,100.0
A,PC_HH,SATL,DEG3,EL,2016,100.0
A,PC_HH,SATL,DEG3,EL,2017,100.0
A,PC_HH,SATL,DEG3,EL,2018,100.0
A,PC_HH,SATL,DEG3,EL,2019,100.0
A,PC_HH,SATL,DEG3,EL,2020,100.0
A,PC_HH,SATL,DEG3,EL,2021,100.0
A,PC_HH,SATL,DEG3,EL,2022,100.0
A,PC_HH,SATL,DEG3,EL,2023,100.0
A,PC_HH,SATL,DEG3,EL,2024,100.0
A,PC_HH,SATL,DEG3,EL,2025,100.0
A,PC_HH,SATL,DEG3,ES,2013,100.0
A,PC_HH,SATL,DEG3,ES,2014,100.0
A,PC_HH,SATL,DEG3,ES,2015,100.0
A,PC_HH,SATL,DEG3,ES,2016,100.0
A,PC_HH,SATL,DEG3,ES,2017,100.0
A,PC_HH,SATL,DEG3,ES,2018,100.0
A,PC_HH,SATL,DEG3,ES,2019,100.0
A,PC_HH,SATL,DEG3,ES,2020,100.0
A,PC_HH,SATL,DEG3,ES,2021,100.0
A,PC_HH,SATL,DEG3,ES,2022,100.0
A,PC_HH,SATL,DEG3,ES,2023,100.0
A,PC_HH,SATL,DEG3,ES,2024,100.0
A,PC_HH,SATL,DEG3,ES,2025,99.8
A,PC_HH,SATL,DEG3,FI,2013,100.0
A,PC_HH,SATL,DEG3,FI,2014,100.0
A,PC_HH,SATL,DEG3,FI,2015,100.0
A,PC_HH,SATL,DEG3,FI,2016,100.0
A,PC_HH,SATL,DEG3,FI,2017,100.0
A,PC_HH,SATL,DEG3,FI,2018,100.0
A,PC_HH,SATL,DEG3,FI,2019,100.0
A,PC_HH,SATL,DEG3,FI,2020,100.0
A,PC_HH,SATL,DEG3,FI,2021,100.0
A,PC_HH,SATL,DEG3,FI,2022,100.0
A,PC_HH,SATL,DEG3,FI,2023,100.0
A,PC_HH,SATL,DEG3,FI,2024,100.0
A,PC_HH,SATL,DEG3,FI,2025,100.0
A,PC_HH,SATL,DEG3,FR,2013,100.0
A,PC_HH,SATL,DEG3,FR,2014,100.0
A,PC_HH,SATL,DEG3,FR,2015,100.0
A,PC_HH,SATL,DEG3,FR,2016,100.0
A,PC_HH,SATL,DEG3,FR,2017,100.0
A,PC_HH,SATL,DEG3,FR,2018,100.0
A,PC_HH,SATL,DEG3,FR,2019,100.0
A,PC_HH,SATL,DEG3,FR,2020,100.0
A,PC_HH,SATL,DEG3,FR,2021,100.0
A,PC_HH,SATL,DEG3,FR,2022,100.0
A,PC_HH,SATL,DEG3,FR,2023,100.0
A,PC_HH,SATL,DEG3,FR,2024,100.0
A,PC_HH,SATL,DEG3,FR,2025,100.0
A,PC_HH,SATL,DEG3,HR,2013,100.0
A,PC_HH,SATL,DEG3,HR,2014,100.0
A,PC_HH,SATL,DEG3,HR,2015,100.0
A,PC_HH,SATL,DEG3,HR,2016,100.0
A,PC_HH,SATL,DEG3,HR,2017,100.0
A,PC_HH,SATL,DEG3,HR,2018,100.0
A,PC_HH,SATL,DEG3,HR,2019,100.0
A,PC_HH,SATL,DEG3,HR,2020,100.0
A,PC_HH,SATL,DEG3,HR,2021,100.0
A,PC_HH,SATL,DEG3,HR,2022,100.0
A,PC_HH,SATL,DEG3,HR,2023,100.0
A,PC_HH,SATL,DEG3,HR,2024,100.0
A,PC_HH,SATL,DEG3,HR,2025,100.0
A,PC_HH,SATL,DEG3,HU,2013,100.0
A,PC_HH,SATL,DEG3,HU,2014,100.0
A,PC_HH,SATL,DEG3,HU,2015,100.0
A,PC_HH,SATL,DEG3,HU,2016,100.0
A,PC_HH,SATL,DEG3,HU,2017,100.0
A,PC_HH,SATL,DEG3,HU,2018,100.0
A,PC_HH,SATL,DEG3,HU,2019,100.0
A,PC_HH,SATL,DEG3,HU,2020,100.0
A,PC_HH,SATL,DEG3,HU,2021,100.0
A,PC_HH,SATL,DEG3,HU,2022,100.0
A,PC_HH,SATL,DEG3,HU,2023,100.0
A,PC_HH,SATL,DEG3,HU,2024,100.0
A,PC_HH,SATL,DEG3,HU,2025,100.0
A,PC_HH,SATL,DEG3,IE,2013,100.0
A,PC_HH,SATL,DEG3,IE,2014,100.0
A,PC_HH,SATL,DEG3,IE,2015,100.0
A,PC_HH,SATL,DEG3,IE,2016,100.0
A,PC_HH,SATL,DEG3,IE,2017,100.0
A,PC_HH,SATL,DEG3,IE,2018,100.0
A,PC_HH,SATL,DEG3,IE,2019,100.0
A,PC_HH,SATL,DEG3,IE,2020,100.0
A,PC_HH,SATL,DEG3,IE,2021,100.0
A,PC_HH,SATL,DEG3,IE,2022,100.0
A,PC_HH,SATL,DEG3,IE,2023,100.0
A,PC_HH,SATL,DEG3,IE,2024,100.0
A,PC_HH,SATL,DEG3,IE,2025,100.0
A,PC_HH,SATL,DEG3,IS,2025,100.0
A,PC_HH,SATL,DEG3,IT,2013,100.0
A,PC_HH,SATL,DEG3,IT,2014,100.0
A,PC_HH,SATL,DEG3,IT,2015,100.0
A,PC_HH,SATL,DEG3,IT,2016,100.0
A,PC_HH,SATL,DEG3,IT,2017,100.0
A,PC_HH,SATL,DEG3,IT,2018,100.0
A,PC_HH,SATL,DEG3,IT,2019,100.0
A,PC_HH,SATL,DEG3,IT,2020,100.0
A,PC_HH,SATL,DEG3,IT,2021,100.0
A,PC_HH,SATL,DEG3,IT,2022,100.0
A,PC_HH,SATL,DEG3,IT,2023,100.0
A,PC_HH,SATL,DEG3,IT,2024,100.0
A,PC_HH,SATL,DEG3,IT,2025,100.0
A,PC_HH,SATL,DEG3,LT,2013,50.0
A,PC_HH,SATL,DEG3,LT,2014,50.0
A,PC_HH,SATL,DEG3,LT,2015,50.0
A,PC_HH,SATL,DEG3,LT,2016,100.0
A,PC_HH,SATL,DEG3,LT,2017,100.0
A,PC_HH,SATL,DEG3,LT,2018,100.0
A,PC_HH,SATL,DEG3,LT,2019,100.0
A,PC_HH,SATL,DEG3,LT,2020,100.0
A,PC_HH,SATL,DEG3,LT,2021,100.0
A,PC_HH,SATL,DEG3,LT,2022,100.0
A,PC_HH,SATL,DEG3,LT,2023,100.0
A,PC_HH,SATL,DEG3,LT,2024,100.0
A,PC_HH,SATL,DEG3,LT,2025,100.0
A,PC_HH,SATL,DEG3,LU,2013,100.0
A,PC_HH,SATL,DEG3,LU,2014,100.0
A,PC_HH,SATL,DEG3,LU,2015,100.0
A,PC_HH,SATL,DEG3,LU,2016,100.0
A,PC_HH,SATL,DEG3,LU,2017,100.0
A,PC_HH,SATL,DEG3,LU,2018,100.0
A,PC_HH,SATL,DEG3,LU,2019,100.0
A,PC_HH,SATL,DEG3,LU,2020,100.0
A,PC_HH,SATL,DEG3,LU,2021,100.0
A,PC_HH,SATL,DEG3,LU,2022,100.0
A,PC_HH,SATL,DEG3,LU,2023,100.0
A,PC_HH,SATL,DEG3,LU,2024,100.0
A,PC_HH,SATL,DEG3,LU,2025,100.0
A,PC_HH,SATL,DEG3,LV,2013,20.3
A,PC_HH,SATL,DEG3,LV,2014,20.3
A,PC_HH,SATL,DEG3,LV,2015,20.3
A,PC_HH,SATL,DEG3,LV,2016,100.0
A,PC_HH,SATL,DEG3,LV,2017,100.0
A,PC_HH,SATL,DEG3,LV,2018,100.0
A,PC_HH,SATL,DEG3,LV,2019,100.0
A,PC_HH,SATL,DEG3,LV,2020,100.0
A,PC_HH,SATL,DEG3,LV,2021,100.0
A,PC_HH,SATL,DEG3,LV,2022,100.0
A,PC_HH,SATL,DEG3,LV,2023,100.0
A,PC_HH,SATL,DEG3,LV,2024,100.0
A,PC_HH,SATL,DEG3,LV,2025,100.0
A,PC_HH,SATL,DEG3,MT,2013,100.0
A,PC_HH,SATL,DEG3,MT,2014,100.0
A,PC_HH,SATL,DEG3,MT,2015,100.0
A,PC_HH,SATL,DEG3,MT,2016,100.0
A,PC_HH,SATL,DEG3,MT,2017,100.0
A,PC_HH,SATL,DEG3,MT,2018,100.0
A,PC_HH,SATL,DEG3,MT,2019,100.0
A,PC_HH,SATL,DEG3,MT,2020,100.0
A,PC_HH,SATL,DEG3,MT,2021,100.0
A,PC_HH,SATL,DEG3,MT,2022,100.0
A,PC_HH,SATL,DEG3,MT,2023,100.0
A,PC_HH,SATL,DEG3,MT,2024,100.0
A,PC_HH,SATL,DEG3,MT,2025,100.0
A,PC_HH,SATL,DEG3,NL,2013,100.0
A,PC_HH,SATL,DEG3,NL,2014,100.0
A,PC_HH,SATL,DEG3,NL,2015,100.0
A,PC_HH,SATL,DEG3,NL,2016,100.0
A,PC_HH,SATL,DEG3,NL,2017,100.0
A,PC_HH,SATL,DEG3,NL,2018,100.0
A,PC_HH,SATL,DEG3,NL,2019,100.0
A,PC_HH,SATL,DEG3,NL,2020,100.0
A,PC_HH,SATL,DEG3,NL,2021,100.0
A,PC_HH,SATL,DEG3,NL,2022,100.0
A,PC_HH,SATL,DEG3,NL,2023,100.0
A,PC_HH,SATL,DEG3,NL,2024,100.0
A,PC_HH,SATL,DEG3,NL,2025,100.0
A,PC_HH,SATL,DEG3,NO,2013,92.7
A,PC_HH,SATL,DEG3,NO,2014,92.7
A,PC_HH,SATL,DEG3,NO,2015,92.7
A,PC_HH,SATL,DEG3,NO,2016,92.7
A,PC_HH,SATL,DEG3,NO,2017,92.7
A,PC_HH,SATL,DEG3,NO,2018,92.7
A,PC_HH,SATL,DEG3,NO,2019,92.7
A,PC_HH,SATL,DEG3,NO,2020,92.7
A,PC_HH,SATL,DEG3,NO,2021,92.7
A,PC_HH,SATL,DEG3,NO,2022,92.7
A,PC_HH,SATL,DEG3,NO,2023,92.7
A,PC_HH,SATL,DEG3,NO,2024,92.7
A,PC_HH,SATL,DEG3,NO,2025,100.0
A,PC_HH,SATL,DEG3,PL,2013,100.0
A,PC_HH,SATL,DEG3,PL,2014,100.0
A,PC_HH,SATL,DEG3,PL,2015,100.0
A,PC_HH,SATL,DEG3,PL,2016,100.0
A,PC_HH,SATL,DEG3,PL,2017,100.0
A,PC_HH,SATL,DEG3,PL,2018,100.0
A,PC_HH,SATL,DEG3,PL,2019,100.0
A,PC_HH,SATL,DEG3,PL,2020,100.0
A,PC_HH,SATL,DEG3,PL,2021,100.0
A,PC_HH,SATL,DEG3,PL,2022,100.0
A,PC_HH,SATL,DEG3,PL,2023,100.0
A,PC_HH,SATL,DEG3,PL,2024,100.0
A,PC_HH,SATL,DEG3,PL,2025,99.9
A,PC_HH,SATL,DEG3,PT,2013,100.0
A,PC_HH,SATL,DEG3,PT,2014,100.0
A,PC_HH,SATL,DEG3,PT,2015,100.0
A,PC_HH,SATL,DEG3,PT,2016,100.0
A,PC_HH,SATL,DEG3,PT,2017,100.0
A,PC_HH,SATL,DEG3,PT,2018,100.0
A,PC_HH,SATL,DEG3,PT,2019,100.0
A,PC_HH,SATL,DEG3,PT,2020,100.0
A,PC_HH,SATL,DEG3,PT,2021,100.0
A,PC_HH,SATL,DEG3,PT,2022,100.0
A,PC_HH,SATL,DEG3,PT,2023,100.0
A,PC_HH,SATL,DEG3,PT,2024,100.0
A,PC_HH,SATL,DEG3,PT,2025,100.0
A,PC_HH,SATL,DEG3,RO,2013,100.0
A,PC_HH,SATL,DEG3,RO,2014,100.0
A,PC_HH,SATL,DEG3,RO,2015,100.0
A,PC_HH,SATL,DEG3,RO,2016,100.0
A,PC_HH,SATL,DEG3,RO,2017,100.0
A,PC_HH,SATL,DEG3,RO,2018,100.0
A,PC_HH,SATL,DEG3,RO,2019,100.0
A,PC_HH,SATL,DEG3,RO,2020,100.0
A,PC_HH,SATL,DEG3,RO,2021,100.0
A,PC_HH,SATL,DEG3,RO,2022,100.0
A,PC_HH,SATL,DEG3,RO,2023,100.0
A,PC_HH,SATL,DEG3,RO,2024,100.0
A,PC_HH,SATL,DEG3,RO,2025,100.0
A,PC_HH,SATL,DEG3,SE,2013,100.0
A,PC_HH,SATL,DEG3,SE,2014,100.0
A,PC_HH,SATL,DEG3,SE,2015,100.0
A,PC_HH,SATL,DEG3,SE,2016,100.0
A,PC_HH,SATL,DEG3,SE,2017,100.0
A,PC_HH,SATL,DEG3,SE,2018,100.0
A,PC_HH,SATL,DEG3,SE,2019,100.0
A,PC_HH,SATL,DEG3,SE,2020,100.0
A,PC_HH,SATL,DEG3,SE,2021,100.0
A,PC_HH,SATL,DEG3,SE,2022,100.0
A,PC_HH,SATL,DEG3,SE,2023,100.0
A,PC_HH,SATL,DEG3,SE,2024,100.0
A,PC_HH,SATL,DEG3,SE,2025,99.8
A,PC_HH,SATL,DEG3,SI,2013,100.0
A,PC_HH,SATL,DEG3,SI,2014,100.0
A,PC_HH,SATL,DEG3,SI,2015,100.0
A,PC_HH,SATL,DEG3,SI,2016,100.0
A,PC_HH,SATL,DEG3,SI,2017,100.0
A,PC_HH,SATL,DEG3,SI,2018,100.0
A,PC_HH,SATL,DEG3,SI,2019,100.0
A,PC_HH,SATL,DEG3,SI,2020,100.0
A,PC_HH,SATL,DEG3,SI,2021,100.0
A,PC_HH,SATL,DEG3,SI,2022,100.0
A,PC_HH,SATL,DEG3,SI,2023,100.0
A,PC_HH,SATL,DEG3,SI,2024,100.0
A,PC_HH,SATL,DEG3,SI,2025,100.0
A,PC_HH,SATL,DEG3,SK,2013,100.0
A,PC_HH,SATL,DEG3,SK,2014,100.0
A,PC_HH,SATL,DEG3,SK,2015,100.0
A,PC_HH,SATL,DEG3,SK,2016,100.0
A,PC_HH,SATL,DEG3,SK,2017,100.0
A,PC_HH,SATL,DEG3,SK,2018,100.0
A,PC_HH,SATL,DEG3,SK,2019,100.0
A,PC_HH,SATL,DEG3,SK,2020,100.0
A,PC_HH,SATL,DEG3,SK,2021,100.0
A,PC_HH,SATL,DEG3,SK,2022,100.0
A,PC_HH,SATL,DEG3,SK,2023,100.0
A,PC_HH,SATL,DEG3,SK,2024,100.0
A,PC_HH,SATL,DEG3,SK,2025,100.0
A,PC_HH,SATL,DEG3,UK,2013,100.0
A,PC_HH,SATL,DEG3,UK,2014,100.0
A,PC_HH,SATL,DEG3,UK,2015,100.0
A,PC_HH,SATL,DEG3,UK,2016,100.0
A,PC_HH,SATL,DEG3,UK,2017,100.0
A,PC_HH,SATL,DEG3,UK,2018,100.0
A,PC_HH,SATL,DEG3,UK,2019,100.0
A,PC_HH,SATL,DEG3,UK,2020,100.0
A,PC_HH,SATL,DEG3,UK,2021,100.0
A,PC_HH,SATL,DEG3,UK,2022,100.0
A,PC_HH,SATL,DEG3,UK,2023,100.0
A,PC_HH,SATL,DEG3,UK,2024,100.0
A,PC_HH,SATL,DEG3,UK,2025,100.0
A,PC_HH,SATL,TOTAL,AT,2013,100.0
A,PC_HH,SATL,TOTAL,AT,2014,100.0
A,PC_HH,SATL,TOTAL,AT,2015,100.0
A,PC_HH,SATL,TOTAL,AT,2016,100.0
A,PC_HH,SATL,TOTAL,AT,2017,100.0
A,PC_HH,SATL,TOTAL,AT,2018,100.0
A,PC_HH,SATL,TOTAL,AT,2019,100.0
A,PC_HH,SATL,TOTAL,AT,2020,100.0
A,PC_HH,SATL,TOTAL,AT,2021,100.0
A,PC_HH,SATL,TOTAL,AT,2022,100.0
A,PC_HH,SATL,TOTAL,AT,2023,100.0
A,PC_HH,SATL,TOTAL,AT,2024,100.0
A,PC_HH,SATL,TOTAL,AT,2025,100.0
A,PC_HH,SATL,TOTAL,BE,2013,100.0
A,PC_HH,SATL,TOTAL,BE,2014,100.0
A,PC_HH,SATL,TOTAL,BE,2015,100.0
A,PC_HH,SATL,TOTAL,BE,2016,100.0
A,PC_HH,SATL,TOTAL,BE,2017,100.0
A,PC_HH,SATL,TOTAL,BE,2018,100.0
A,PC_HH,SATL,TOTAL,BE,2019,100.0
A,PC_HH,SATL,TOTAL,BE,2020,100.0
A,PC_HH,SATL,TOTAL,BE,2021,100.0
A,PC_HH,SATL,TOTAL,BE,2022,100.0
A,PC_HH,SATL,TOTAL,BE,2023,100.0
A,PC_HH,SATL,TOTAL,BE,2024,100.0
A,PC_HH,SATL,TOTAL,BE,2025,100.0
A,PC_HH,SATL,TOTAL,BG,2013,100.0
A,PC_HH,SATL,TOTAL,BG,2014,100.0
A,PC_HH,SATL,TOTAL,BG,2015,100.0
A,PC_HH,SATL,TOTAL,BG,2016,100.0
A,PC_HH,SATL,TOTAL,BG,2017,100.0
A,PC_HH,SATL,TOTAL,BG,2018,100.0
A,PC_HH,SATL,TOTAL,BG,2019,100.0
A,PC_HH,SATL,TOTAL,BG,2020,100.0
A,PC_HH,SATL,TOTAL,BG,2021,100.0
A,PC_HH,SATL,TOTAL,BG,2022,100.0
A,PC_HH,SATL,TOTAL,BG,2023,100.0
A,PC_HH,SATL,TOTAL,BG,2024,100.0
A,PC_HH,SATL,TOTAL,BG,2025,100.0
A,PC_HH,SATL,TOTAL,CH,2013,100.0
A,PC_HH,SATL,TOTAL,CH,2014,100.0
A,PC_HH,SATL,TOTAL,CH,2015,100.0
A,PC_HH,SATL,TOTAL,CH,2016,100.0
A,PC_HH,SATL,TOTAL,CH,2017,100.0
A,PC_HH,SATL,TOTAL,CH,2018,100.0
A,PC_HH,SATL,TOTAL,CH,2019,100.0
A,PC_HH,SATL,TOTAL,CH,2020,100.0
A,PC_HH,SATL,TOTAL,CH,2021,100.0
A,PC_HH,SATL,TOTAL,CH,2022,100.0
A,PC_HH,SATL,TOTAL,CH,2023,100.0
A,PC_HH,SATL,TOTAL,CH,2024,100.0
A,PC_HH,SATL,TOTAL,CH,2025,100.0
A,PC_HH,SATL,TOTAL,CY,2013,100.0
A,PC_HH,SATL,TOTAL,CY,2014,100.0
A,PC_HH,SATL,TOTAL,CY,2015,100.0
A,PC_HH,SATL,TOTAL,CY,2016,100.0
A,PC_HH,SATL,TOTAL,CY,2017,100.0
A,PC_HH,SATL,TOTAL,CY,2018,100.0
A,PC_HH,SATL,TOTAL,CY,2019,100.0
A,PC_HH,SATL,TOTAL,CY,2020,100.0
A,PC_HH,SATL,TOTAL,CY,2021,100.0
A,PC_HH,SATL,TOTAL,CY,2022,100.0
A,PC_HH,SATL,TOTAL,CY,2023,100.0
A,PC_HH,SATL,TOTAL,CY,2024,100.0
A,PC_HH,SATL,TOTAL,CY,2025,100.0
A,PC_HH,SATL,TOTAL,CZ,2013,100.0
A,PC_HH,SATL,TOTAL,CZ,2014,100.0
A,PC_HH,SATL,TOTAL,CZ,2015,100.0
A,PC_HH,SATL,TOTAL,CZ,2016,100.0
A,PC_HH,SATL,TOTAL,CZ,2017,100.0
A,PC_HH,SATL,TOTAL,CZ,2018,100.0
A,PC_HH,SATL,TOTAL,CZ,2019,100.0
A,PC_HH,SATL,TOTAL,CZ,2020,100.0
A,PC_HH,SATL,TOTAL,CZ,2021,100.0
A,PC_HH,SATL,TOTAL,CZ,2022,100.0
A,PC_HH,SATL,TOTAL,CZ,2023,100.0
A,PC_HH,SATL,TOTAL,CZ,2024,100.0
A,PC_HH,SATL,TOTAL,CZ,2025,100.0
A,PC_HH,SATL,TOTAL,DE,2013,100.0
A,PC_HH,SATL,TOTAL,DE,2014,100.0
A,PC_HH,SATL,TOTAL,DE,2015,100.0
A,PC_HH,SATL,TOTAL,DE,2016,100.0
A,PC_HH,SATL,TOTAL,DE,2017,100.0
A,PC_HH,SATL,TOTAL,DE,2018,100.0
A,PC_HH,SATL,TOTAL,DE,2019,100.0
A,PC_HH,SATL,TOTAL,DE,2020,100.0
A,PC_HH,SATL,TOTAL,DE,2021,100.0
A,PC_HH,SATL,TOTAL,DE,2022,100.0
A,PC_HH,SATL,TOTAL,DE,2023,100.0
A,PC_HH,SATL,TOTAL,DE,2024,100.0
A,PC_HH,SATL,TOTAL,DE,2025,99.9
A,PC_HH,SATL,TOTAL,DK,2013,100.0
A,PC_HH,SATL,TOTAL,DK,2014,100.0
A,PC_HH,SATL,TOTAL,DK,2015,100.0
A,PC_HH,SATL,TOTAL,DK,2016,100.0
A,PC_HH,SATL,TOTAL,DK,2017,100.0
A,PC_HH,SATL,TOTAL,DK,2018,100.0
A,PC_HH,SATL,TOTAL,DK,2019,100.0
A,PC_HH,SATL,TOTAL,DK,2020,100.0
A,PC_HH,SATL,TOTAL,DK,2021,100.0
A,PC_HH,SATL,TOTAL,DK,2022,100.0
A,PC_HH,SATL,TOTAL,DK,2023,100.0
A,PC_HH,SATL,TOTAL,DK,2024,100.0
A,PC_HH,SATL,TOTAL,DK,2025,100.0
A,PC_HH,SATL,TOTAL,EE,2013,75.4
A,PC_HH,SATL,TOTAL,EE,2014,75.4
A,PC_HH,SATL,TOTAL,EE,2015,75.4
A,PC_HH,SATL,TOTAL,EE,2016,75.4
A,PC_HH,SATL,TOTAL,EE,2017,75.4
A,PC_HH,SATL,TOTAL,EE,2018,75.4
A,PC_HH,SATL,TOTAL,EE,2019,75.4
A,PC_HH,SATL,TOTAL,EE,2020,75.4
A,PC_HH,SATL,TOTAL,EE,2021,75.4
A,PC_HH,SATL,TOTAL,EE,2022,75.4
A,PC_HH,SATL,TOTAL,EE,2023,75.4
A,PC_HH,SATL,TOTAL,EE,2024,75.4
A,PC_HH,SATL,TOTAL,EE,2025,100.0
A,PC_HH,SATL,TOTAL,EL,2013,100.0
A,PC_HH,SATL,TOTAL,EL,2014,100.0
A,PC_HH,SATL,TOTAL,EL,2015,100.0
A,PC_HH,SATL,TOTAL,EL,2016,100.0
A,PC_HH,SATL,TOTAL,EL,2017,100.0
A,PC_HH,SATL,TOTAL,EL,2018,100.0
A,PC_HH,SATL,TOTAL,EL,2019,100.0
A,PC_HH,SATL,TOTAL,EL,2020,100.0
A,PC_HH,SATL,TOTAL,EL,2021,100.0
A,PC_HH,SATL,TOTAL,EL,2022,100.0
A,PC_HH,SATL,TOTAL,EL,2023,100.0
A,PC_HH,SATL,TOTAL,EL,2024,100.0
A,PC_HH,SATL,TOTAL,EL,2025,100.0
A,PC_HH,SATL,TOTAL,ES,2013,100.0
A,PC_HH,SATL,TOTAL,ES,2014,100.0
A,PC_HH,SATL,TOTAL,ES,2015,100.0
A,PC_HH,SATL,TOTAL,ES,2016,100.0
A,PC_HH,SATL,TOTAL,ES,2017,100.0
A,PC_HH,SATL,TOTAL,ES,2018,100.0
A,PC_HH,SATL,TOTAL,ES,2019,100.0
A,PC_HH,SATL,TOTAL,ES,2020,100.0
A,PC_HH,SATL,TOTAL,ES,2021,100.0
A,PC_HH,SATL,TOTAL,ES,2022,100.0
A,PC_HH,SATL,TOTAL,ES,2023,100.0
A,PC_HH,SATL,TOTAL,ES,2024,100.0
A,PC_HH,SATL,TOTAL,ES,2025,99.8
A,PC_HH,SATL,TOTAL,FI,2013,100.0
A,PC_HH,SATL,TOTAL,FI,2014,100.0
A,PC_HH,SATL,TOTAL,FI,2015,100.0
A,PC_HH,SATL,TOTAL,FI,2016,100.0
A,PC_HH,SATL,TOTAL,FI,2017,100.0
A,PC_HH,SATL,TOTAL,FI,2018,100.0
A,PC_HH,SATL,TOTAL,FI,2019,100.0
A,PC_HH,SATL,TOTAL,FI,2020,100.0
A,PC_HH,SATL,TOTAL,FI,2021,100.0
A,PC_HH,SATL,TOTAL,FI,2022,100.0
A,PC_HH,SATL,TOTAL,FI,2023,100.0
A,PC_HH,SATL,TOTAL,FI,2024,100.0
A,PC_HH,SATL,TOTAL,FI,2025,100.0
A,PC_HH,SATL,TOTAL,FR,2013,100.0
A,PC_HH,SATL,TOTAL,FR,2014,100.0
A,PC_HH,SATL,TOTAL,FR,2015,100.0
A,PC_HH,SATL,TOTAL,FR,2016,100.0
A,PC_HH,SATL,TOTAL,FR,2017,100.0
A,PC_HH,SATL,TOTAL,FR,2018,100.0
A,PC_HH,SATL,TOTAL,FR,2019,100.0
A,PC_HH,SATL,TOTAL,FR,2020,100.0
A,PC_HH,SATL,TOTAL,FR,2021,100.0
A,PC_HH,SATL,TOTAL,FR,2022,100.0
A,PC_HH,SATL,TOTAL,FR,2023,100.0
A,PC_HH,SATL,TOTAL,FR,2024,100.0
A,PC_HH,SATL,TOTAL,FR,2025,100.0
A,PC_HH,SATL,TOTAL,HR,2013,100.0
A,PC_HH,SATL,TOTAL,HR,2014,100.0
A,PC_HH,SATL,TOTAL,HR,2015,100.0
A,PC_HH,SATL,TOTAL,HR,2016,100.0
A,PC_HH,SATL,TOTAL,HR,2017,100.0
A,PC_HH,SATL,TOTAL,HR,2018,100.0
A,PC_HH,SATL,TOTAL,HR,2019,100.0
A,PC_HH,SATL,TOTAL,HR,2020,100.0
A,PC_HH,SATL,TOTAL,HR,2021,100.0
A,PC_HH,SATL,TOTAL,HR,2022,100.0
A,PC_HH,SATL,TOTAL,HR,2023,100.0
A,PC_HH,SATL,TOTAL,HR,2024,100.0
A,PC_HH,SATL,TOTAL,HR,2025,100.0
A,PC_HH,SATL,TOTAL,HU,2013,100.0
A,PC_HH,SATL,TOTAL,HU,2014,100.0
A,PC_HH,SATL,TOTAL,HU,2015,100.0
A,PC_HH,SATL,TOTAL,HU,2016,100.0
A,PC_HH,SATL,TOTAL,HU,2017,100.0
A,PC_HH,SATL,TOTAL,HU,2018,100.0
A,PC_HH,SATL,TOTAL,HU,2019,100.0
A,PC_HH,SATL,TOTAL,HU,2020,100.0
A,PC_HH,SATL,TOTAL,HU,2021,100.0
A,PC_HH,SATL,TOTAL,HU,2022,100.0
A,PC_HH,SATL,TOTAL,HU,2023,100.0
A,PC_HH,SATL,TOTAL,HU,2024,100.0
A,PC_HH,SATL,TOTAL,HU,2025,100.0
A,PC_HH,SATL,TOTAL,IE,2013,100.0
A,PC_HH,SATL,TOTAL,IE,2014,100.0
A,PC_HH,SATL,TOTAL,IE,2015,100.0
A,PC_HH,SATL,TOTAL,IE,2016,100.0
A,PC_HH,SATL,TOTAL,IE,2017,100.0
A,PC_HH,SATL,TOTAL,IE,2018,100.0
A,PC_HH,SATL,TOTAL,IE,2019,100.0
A,PC_HH,SATL,TOTAL,IE,2020,100.0
A,PC_HH,SATL,TOTAL,IE,2021,100.0
A,PC_HH,SATL,TOTAL,IE,2022,100.0
A,PC_HH,SATL,TOTAL,IE,2023,100.0
A,PC_HH,SATL,TOTAL,IE,2024,100.0
A,PC_HH,SATL,TOTAL,IE,2025,100.0
A,PC_HH,SATL,TOTAL,IS,2025,100.0
A,PC_HH,SATL,TOTAL,IT,2013,100.0
A,PC_HH,SATL,TOTAL,IT,2014,100.0
A,PC_HH,SATL,TOTAL,IT,2015,100.0
A,PC_HH,SATL,TOTAL,IT,2016,100.0
A,PC_HH,SATL,TOTAL,IT,2017,100.0
A,PC_HH,SATL,TOTAL,IT,2018,100.0
A,PC_HH,SATL,TOTAL,IT,2019,100.0
A,PC_HH,SATL,TOTAL,IT,2020,100.0
A,PC_HH,SATL,TOTAL,IT,2021,100.0
A,PC_HH,SATL,TOTAL,IT,2022,100.0
A,PC_HH,SATL,TOTAL,IT,2023,100.0
A,PC_HH,SATL,TOTAL,IT,2024,100.0
A,PC_HH,SATL,TOTAL,IT,2025,100.0
A,PC_HH,SATL,TOTAL,LT,2013,50.0
A,PC_HH,SATL,TOTAL,LT,2014,50.0
A,PC_HH,SATL,TOTAL,LT,2015,50.0
A,PC_HH,SATL,TOTAL,LT,2016,100.0
A,PC_HH,SATL,TOTAL,LT,2017,100.0
A,PC_HH,SATL,TOTAL,LT,2018,100.0
A,PC_HH,SATL,TOTAL,LT,2019,100.0
A,PC_HH,SATL,TOTAL,LT,2020,100.0
A,PC_HH,SATL,TOTAL,LT,2021,100.0
A,PC_HH,SATL,TOTAL,LT,2022,100.0
A,PC_HH,SATL,TOTAL,LT,2023,100.0
A,PC_HH,SATL,TOTAL,LT,2024,100.0
A,PC_HH,SATL,TOTAL,LT,2025,100.0
A,PC_HH,SATL,TOTAL,LU,2013,100.0
A,PC_HH,SATL,TOTAL,LU,2014,100.0
A,PC_HH,SATL,TOTAL,LU,2015,100.0
A,PC_HH,SATL,TOTAL,LU,2016,100.0
A,PC_HH,SATL,TOTAL,LU,2017,100.0
A,PC_HH,SATL,TOTAL,LU,2018,100.0
A,PC_HH,SATL,TOTAL,LU,2019,100.0
A,PC_HH,SATL,TOTAL,LU,2020,100.0
A,PC_HH,SATL,TOTAL,LU,2021,100.0
A,PC_HH,SATL,TOTAL,LU,2022,100.0
A,PC_HH,SATL,TOTAL,LU,2023,100.0
A,PC_HH,SATL,TOTAL,LU,2024,100.0
A,PC_HH,SATL,TOTAL,LU,2025,100.0
A,PC_HH,SATL,TOTAL,LV,2013,20.3
A,PC_HH,SATL,TOTAL,LV,2014,20.3
A,PC_HH,SATL,TOTAL,LV,2015,20.3
A,PC_HH,SATL,TOTAL,LV,2016,100.0
A,PC_HH,SATL,TOTAL,LV,2017,100.0
A,PC_HH,SATL,TOTAL,LV,2018,100.0
A,PC_HH,SATL,TOTAL,LV,2019,100.0
A,PC_HH,SATL,TOTAL,LV,2020,100.0
A,PC_HH,SATL,TOTAL,LV,2021,100.0
A,PC_HH,SATL,TOTAL,LV,2022,100.0
A,PC_HH,SATL,TOTAL,LV,2023,100.0
A,PC_HH,SATL,TOTAL,LV,2024,100.0
A,PC_HH,SATL,TOTAL,LV,2025,100.0
A,PC_HH,SATL,TOTAL,MT,2013,100.0
A,PC_HH,SATL,TOTAL,MT,2014,100.0
A,PC_HH,SATL,TOTAL,MT,2015,100.0
A,PC_HH,SATL,TOTAL,MT,2016,100.0
A,PC_HH,SATL,TOTAL,MT,2017,100.0
A,PC_HH,SATL,TOTAL,MT,2018,100.0
A,PC_HH,SATL,TOTAL,MT,2019,100.0
A,PC_HH,SATL,TOTAL,MT,2020,100.0
A,PC_HH,SATL,TOTAL,MT,2021,100.0
A,PC_HH,SATL,TOTAL,MT,2022,100.0
A,PC_HH,SATL,TOTAL,MT,2023,100.0
A,PC_HH,SATL,TOTAL,MT,2024,100.0
A,PC_HH,SATL,TOTAL,MT,2025,100.0
A,PC_HH,SATL,TOTAL,NL,2013,100.0
A,PC_HH,SATL,TOTAL,NL,2014,100.0
A,PC_HH,SATL,TOTAL,NL,2015,100.0
A,PC_HH,SATL,TOTAL,NL,2016,100.0
A,PC_HH,SATL,TOTAL,NL,2017,100.0
A,PC_HH,SATL,TOTAL,NL,2018,100.0
A,PC_HH,SATL,TOTAL,NL,2019,100.0
A,PC_HH,SATL,TOTAL,NL,2020,100.0
A,PC_HH,SATL,TOTAL,NL,2021,100.0
A,PC_HH,SATL,TOTAL,NL,2022,100.0
A,PC_HH,SATL,TOTAL,NL,2023,100.0
A,PC_HH,SATL,TOTAL,NL,2024,100.0
A,PC_HH,SATL,TOTAL,NL,2025,100.0
A,PC_HH,SATL,TOTAL,NO,2013,97.2
A,PC_HH,SATL,TOTAL,NO,2014,97.2
A,PC_HH,SATL,TOTAL,NO,2015,97.2
A,PC_HH,SATL,TOTAL,NO,2016,97.3
A,PC_HH,SATL,TOTAL,NO,2017,97.2
A,PC_HH,SATL,TOTAL,NO,2018,97.2
A,PC_HH,SATL,TOTAL,NO,2019,97.2
A,PC_HH,SATL,TOTAL,NO,2020,97.2
A,PC_HH,SATL,TOTAL,NO,2021,97.2
A,PC_HH,SATL,TOTAL,NO,2022,97.2
A,PC_HH,SATL,TOTAL,NO,2023,97.2
A,PC_HH,SATL,TOTAL,NO,2024,97.2
A,PC_HH,SATL,TOTAL,NO,2025,100.0
A,PC_HH,SATL,TOTAL,PL,2013,100.0
A,PC_HH,SATL,TOTAL,PL,2014,100.0
A,PC_HH,SATL,TOTAL,PL,2015,100.0
A,PC_HH,SATL,TOTAL,PL,2016,100.0
A,PC_HH,SATL,TOTAL,PL,2017,100.0
A,PC_HH,SATL,TOTAL,PL,2018,100.0
A,PC_HH,SATL,TOTAL,PL,2019,100.0
A,PC_HH,SATL,TOTAL,PL,2020,100.0
A,PC_HH,SATL,TOTAL,PL,2021,100.0
A,PC_HH,SATL,TOTAL,PL,2022,100.0
A,PC_HH,SATL,TOTAL,PL,2023,100.0
A,PC_HH,SATL,TOTAL,PL,2024,100.0
A,PC_HH,SATL,TOTAL,PL,2025,99.9
A,PC_HH,SATL,TOTAL,PT,2013,100.0
A,PC_HH,SATL,TOTAL,PT,2014,100.0
A,PC_HH,SATL,TOTAL,PT,2015,100.0
A,PC_HH,SATL,TOTAL,PT,2016,100.0
A,PC_HH,SATL,TOTAL,PT,2017,100.0
A,PC_HH,SATL,TOTAL,PT,2018,100.0
A,PC_HH,SATL,TOTAL,PT,2019,100.0
A,PC_HH,SATL,TOTAL,PT,2020,100.0
A,PC_HH,SATL,TOTAL,PT,2021,100.0
A,PC_HH,SATL,TOTAL,PT,2022,100.0
A,PC_HH,SATL,TOTAL,PT,2023,100.0
A,PC_HH,SATL,TOTAL,PT,2024,100.0
A,PC_HH,SATL,TOTAL,PT,2025,100.0
A,PC_HH,SATL,TOTAL,RO,2013,100.0
A,PC_HH,SATL,TOTAL,RO,2014,100.0
A,PC_HH,SATL,TOTAL,RO,2015,100.0
A,PC_HH,SATL,TOTAL,RO,2016,100.0
A,PC_HH,SATL,TOTAL,RO,2017,100.0
A,PC_HH,SATL,TOTAL,RO,2018,100.0
A,PC_HH,SATL,TOTAL,RO,2019,100.0
A,PC_HH,SATL,TOTAL,RO,2020,100.0
A,PC_HH,SATL,TOTAL,RO,2021,100.0
A,PC_HH,SATL,TOTAL,RO,2022,100.0
A,PC_HH,SATL,TOTAL,RO,2023,100.0
A,PC_HH,SATL,TOTAL,RO,2024,100.0
A,PC_HH,SATL,TOTAL,RO,2025,100.0
A,PC_HH,SATL,TOTAL,SE,2013,100.0
A,PC_HH,SATL,TOTAL,SE,2014,100.0
A,PC_HH,SATL,TOTAL,SE,2015,100.0
A,PC_HH,SATL,TOTAL,SE,2016,100.0
A,PC_HH,SATL,TOTAL,SE,2017,100.0
A,PC_HH,SATL,TOTAL,SE,2018,100.0
A,PC_HH,SATL,TOTAL,SE,2019,100.0
A,PC_HH,SATL,TOTAL,SE,2020,100.0
A,PC_HH,SATL,TOTAL,SE,2021,100.0
A,PC_HH,SATL,TOTAL,SE,2022,100.0
A,PC_HH,SATL,TOTAL,SE,2023,100.0
A,PC_HH,SATL,TOTAL,SE,2024,100.0
A,PC_HH,SATL,TOTAL,SE,2025,99.8
A,PC_HH,SATL,TOTAL,SI,2013,100.0
A,PC_HH,SATL,TOTAL,SI,2014,100.0
A,PC_HH,SATL,TOTAL,SI,2015,100.0
A,PC_HH,SATL,TOTAL,SI,2016,100.0
A,PC_HH,SATL,TOTAL,SI,2017,100.0
A,PC_HH,SATL,TOTAL,SI,2018,100.0
A,PC_HH,SATL,TOTAL,SI,2019,100.0
A,PC_HH,SATL,TOTAL,SI,2020,100.0
A,PC_HH,SATL,TOTAL,SI,2021,100.0
A,PC_HH,SATL,TOTAL,SI,2022,100.0
A,PC_HH,SATL,TOTAL,SI,2023,100.0
A,PC_HH,SATL,TOTAL,SI,2024,100.0
A,PC_HH,SATL,TOTAL,SI,2025,100.0
A,PC_HH,SATL,TOTAL,SK,2013,100.0
A,PC_HH,SATL,TOTAL,SK,2014,100.0
A,PC_HH,SATL,TOTAL,SK,2015,100.0
A,PC_HH,SATL,TOTAL,SK,2016,100.0
A,PC_HH,SATL,TOTAL,SK,2017,100.0
A,PC_HH,SATL,TOTAL,SK,2018,100.0
A,PC_HH,SATL,TOTAL,SK,2019,100.0
A,PC_HH,SATL,TOTAL,SK,2020,100.0
A,PC_HH,SATL,TOTAL,SK,2021,100.0
A,PC_HH,SATL,TOTAL,SK,2022,100.0
A,PC_HH,SATL,TOTAL,SK,2023,100.0
A,PC_HH,SATL,TOTAL,SK,2024,100.0
A,PC_HH,SATL,TOTAL,SK,2025,100.0
A,PC_HH,SATL,TOTAL,UK,2013,100.0
A,PC_HH,SATL,TOTAL,UK,2014,100.0
A,PC_HH,SATL,TOTAL,UK,2015,100.0
A,PC_HH,SATL,TOTAL,UK,2016,100.0
A,PC_HH,SATL,TOTAL,UK,2017,100.0
A,PC_HH,SATL,TOTAL,UK,2018,100.0
A,PC_HH,SATL,TOTAL,UK,2019,100.0
A,PC_HH,SATL,TOTAL,UK,2020,100.0
A,PC_HH,SATL,TOTAL,UK,2021,100.0
A,PC_HH,SATL,TOTAL,UK,2022,100.0
A,PC_HH,SATL,TOTAL,UK,2023,100.0
A,PC_HH,SATL,TOTAL,UK,2024,100.0
A,PC_HH,SATL,TOTAL,UK,2025,100.0
A,PC_HH,VDSL,DEG3,AT,2013,2.6
A,PC_HH,VDSL,DEG3,AT,2014,5.4
A,PC_HH,VDSL,DEG3,AT,2015,7.1
A,PC_HH,VDSL,DEG3,AT,2016,7.2
A,PC_HH,VDSL,DEG3,AT,2017,12.0
A,PC_HH,VDSL,DEG3,AT,2018,13.1
A,PC_HH,VDSL,DEG3,AT,2019,13.6
A,PC_HH,VDSL,DEG3,AT,2020,16.3
A,PC_HH,VDSL,DEG3,AT,2021,43.0
A,PC_HH,VDSL,DEG3,AT,2022,49.6
A,PC_HH,VDSL,DEG3,AT,2023,47.8
A,PC_HH,VDSL,DEG3,AT,2024,48.6
A,PC_HH,VDSL,DEG3,AT,2025,40.8
A,PC_HH,VDSL,DEG3,BE,2013,57.8
A,PC_HH,VDSL,DEG3,BE,2014,69.2
A,PC_HH,VDSL,DEG3,BE,2015,71.9
A,PC_HH,VDSL,DEG3,BE,2016,73.4
A,PC_HH,VDSL,DEG3,BE,2017,77.7
A,PC_HH,VDSL,DEG3,BE,2018,82.3
A,PC_HH,VDSL,DEG3,BE,2019,87.3
A,PC_HH,VDSL,DEG3,BE,2020,87.3
A,PC_HH,VDSL,DEG3,BE,2021,85.9
A,PC_HH,VDSL,DEG3,BE,2022,84.6
A,PC_HH,VDSL,DEG3,BE,2023,85.1
A,PC_HH,VDSL,DEG3,BE,2024,86.0
A,PC_HH,VDSL,DEG3,BE,2025,79.8
A,PC_HH,VDSL,DEG3,BG,2018,1.1
A,PC_HH,VDSL,DEG3,BG,2019,3.7
A,PC_HH,VDSL,DEG3,BG,2020,4.5
A,PC_HH,VDSL,DEG3,BG,2021,8.8
A,PC_HH,VDSL,DEG3,BG,2022,15.6
A,PC_HH,VDSL,DEG3,BG,2023,19.8
A,PC_HH,VDSL,DEG3,BG,2024,19.6
A,PC_HH,VDSL,DEG3,BG,2025,16.0
A,PC_HH,VDSL,DEG3,CH,2013,33.9
A,PC_HH,VDSL,DEG3,CH,2014,38.7
A,PC_HH,VDSL,DEG3,CH,2015,39.7
A,PC_HH,VDSL,DEG3,CH,2016,55.5
A,PC_HH,VDSL,DEG3,CH,2017,60.5
A,PC_HH,VDSL,DEG3,CH,2018,60.4
A,PC_HH,VDSL,DEG3,CH,2019,67.6
A,PC_HH,VDSL,DEG3,CH,2020,85.8
A,PC_HH,VDSL,DEG3,CH,2021,89.3
A,PC_HH,VDSL,DEG3,CH,2022,92.7
A,PC_HH,VDSL,DEG3,CH,2023,95.9
A,PC_HH,VDSL,DEG3,CH,2024,84.0
A,PC_HH,VDSL,DEG3,CH,2025,94.5
A,PC_HH,VDSL,DEG3,CY,2013,45.0
A,PC_HH,VDSL,DEG3,CY,2014,51.0
A,PC_HH,VDSL,DEG3,CY,2015,56.6
A,PC_HH,VDSL,DEG3,CY,2016,60.0
A,PC_HH,VDSL,DEG3,CY,2017,60.0
A,PC_HH,VDSL,DEG3,CY,2018,65.0
A,PC_HH,VDSL,DEG3,CY,2019,100.0
A,PC_HH,VDSL,DEG3,CY,2020,100.0
A,PC_HH,VDSL,DEG3,CY,2021,100.0
A,PC_HH,VDSL,DEG3,CY,2022,100.0
A,PC_HH,VDSL,DEG3,CY,2023,100.0
A,PC_HH,VDSL,DEG3,CY,2024,100.0
A,PC_HH,VDSL,DEG3,CY,2025,100.0
A,PC_HH,VDSL,DEG3,CZ,2015,23.6
A,PC_HH,VDSL,DEG3,CZ,2016,47.0
A,PC_HH,VDSL,DEG3,CZ,2017,52.2
A,PC_HH,VDSL,DEG3,CZ,2018,57.3
A,PC_HH,VDSL,DEG3,CZ,2019,59.9
A,PC_HH,VDSL,DEG3,CZ,2020,61.1
A,PC_HH,VDSL,DEG3,CZ,2021,63.2
A,PC_HH,VDSL,DEG3,CZ,2022,64.2
A,PC_HH,VDSL,DEG3,CZ,2023,61.5
A,PC_HH,VDSL,DEG3,CZ,2024,64.0
A,PC_HH,VDSL,DEG3,CZ,2025,66.6
A,PC_HH,VDSL,DEG3,DE,2013,16.7
A,PC_HH,VDSL,DEG3,DE,2014,26.0
A,PC_HH,VDSL,DEG3,DE,2015,28.5
A,PC_HH,VDSL,DEG3,DE,2016,36.3
A,PC_HH,VDSL,DEG3,DE,2017,44.6
A,PC_HH,VDSL,DEG3,DE,2018,56.1
A,PC_HH,VDSL,DEG3,DE,2019,69.3
A,PC_HH,VDSL,DEG3,DE,2020,76.6
A,PC_HH,VDSL,DEG3,DE,2021,79.3
A,PC_HH,VDSL,DEG3,DE,2022,89.7
A,PC_HH,VDSL,DEG3,DE,2023,71.8
A,PC_HH,VDSL,DEG3,DE,2024,73.3
A,PC_HH,VDSL,DEG3,DE,2025,75.5
A,PC_HH,VDSL,DEG3,DK,2013,11.0
A,PC_HH,VDSL,DEG3,DK,2014,20.6
A,PC_HH,VDSL,DEG3,DK,2015,15.9
A,PC_HH,VDSL,DEG3,DK,2016,15.8
A,PC_HH,VDSL,DEG3,DK,2017,16.8
A,PC_HH,VDSL,DEG3,DK,2018,16.1
A,PC_HH,VDSL,DEG3,DK,2019,17.4
A,PC_HH,VDSL,DEG3,DK,2020,17.1
A,PC_HH,VDSL,DEG3,DK,2021,16.9
A,PC_HH,VDSL,DEG3,DK,2022,16.7
A,PC_HH,VDSL,DEG3,DK,2023,16.5
A,PC_HH,VDSL,DEG3,DK,2024,15.8
A,PC_HH,VDSL,DEG3,DK,2025,13.3
A,PC_HH,VDSL,DEG3,EE,2014,16.9
A,PC_HH,VDSL,DEG3,EE,2015,18.8
A,PC_HH,VDSL,DEG3,EE,2016,20.8
A,PC_HH,VDSL,DEG3,EE,2017,21.7
A,PC_HH,VDSL,DEG3,EE,2018,35.3
A,PC_HH,VDSL,DEG3,EE,2019,35.3
A,PC_HH,VDSL,DEG3,EE,2020,35.3
A,PC_HH,VDSL,DEG3,EE,2021,40.9
A,PC_HH,VDSL,DEG3,EE,2022,42.1
A,PC_HH,VDSL,DEG3,EE,2023,47.5
A,PC_HH,VDSL,DEG3,EE,2024,24.9
A,PC_HH,VDSL,DEG3,EE,2025,23.2
A,PC_HH,VDSL,DEG3,EL,2014,0.5
A,PC_HH,VDSL,DEG3,EL,2015,0.5
A,PC_HH,VDSL,DEG3,EL,2016,1.1
A,PC_HH,VDSL,DEG3,EL,2017,32.4
A,PC_HH,VDSL,DEG3,EL,2018,37.2
A,PC_HH,VDSL,DEG3,EL,2019,40.1
A,PC_HH,VDSL,DEG3,EL,2020,55.4
A,PC_HH,VDSL,DEG3,EL,2021,65.9
A,PC_HH,VDSL,DEG3,EL,2022,51.1
A,PC_HH,VDSL,DEG3,EL,2023,54.9
A,PC_HH,VDSL,DEG3,EL,2024,55.0
A,PC_HH,VDSL,DEG3,EL,2025,71.0
A,PC_HH,VDSL,DEG3,ES,2013,16.0
A,PC_HH,VDSL,DEG3,ES,2014,14.1
A,PC_HH,VDSL,DEG3,ES,2015,14.1
A,PC_HH,VDSL,DEG3,ES,2016,15.2
A,PC_HH,VDSL,DEG3,ES,2017,15.0
A,PC_HH,VDSL,DEG3,ES,2018,15.1
A,PC_HH,VDSL,DEG3,ES,2019,15.2
A,PC_HH,VDSL,DEG3,ES,2020,15.1
A,PC_HH,VDSL,DEG3,ES,2021,16.0
A,PC_HH,VDSL,DEG3,ES,2022,9.6
A,PC_HH,VDSL,DEG3,ES,2023,1.7
A,PC_HH,VDSL,DEG3,FI,2013,41.4
A,PC_HH,VDSL,DEG3,FI,2014,43.6
A,PC_HH,VDSL,DEG3,FI,2015,43.5
A,PC_HH,VDSL,DEG3,FI,2016,43.6
A,PC_HH,VDSL,DEG3,FI,2017,43.6
A,PC_HH,VDSL,DEG3,FI,2018,43.7
A,PC_HH,VDSL,DEG3,FI,2019,43.7
A,PC_HH,VDSL,DEG3,FI,2020,42.7
A,PC_HH,VDSL,DEG3,FI,2021,40.7
A,PC_HH,VDSL,DEG3,FI,2022,35.6
A,PC_HH,VDSL,DEG3,FI,2023,27.4
A,PC_HH,VDSL,DEG3,FI,2024,21.8
A,PC_HH,VDSL,DEG3,FI,2025,13.8
A,PC_HH,VDSL,DEG3,FR,2013,14.6
A,PC_HH,VDSL,DEG3,FR,2014,17.7
A,PC_HH,VDSL,DEG3,FR,2015,21.1
A,PC_HH,VDSL,DEG3,FR,2016,22.9
A,PC_HH,VDSL,DEG3,FR,2017,23.7
A,PC_HH,VDSL,DEG3,FR,2018,24.3
A,PC_HH,VDSL,DEG3,FR,2019,24.4
A,PC_HH,VDSL,DEG3,FR,2020,24.5
A,PC_HH,VDSL,DEG3,FR,2021,24.8
A,PC_HH,VDSL,DEG3,FR,2022,24.9
A,PC_HH,VDSL,DEG3,FR,2023,25.2
A,PC_HH,VDSL,DEG3,FR,2024,25.5
A,PC_HH,VDSL,DEG3,FR,2025,26.0
A,PC_HH,VDSL,DEG3,HR,2016,0.2
A,PC_HH,VDSL,DEG3,HR,2017,1.3
A,PC_HH,VDSL,DEG3,HR,2018,18.6
A,PC_HH,VDSL,DEG3,HR,2019,20.7
A,PC_HH,VDSL,DEG3,HR,2020,22.7
A,PC_HH,VDSL,DEG3,HR,2021,28.2
A,PC_HH,VDSL,DEG3,HR,2022,36.0
A,PC_HH,VDSL,DEG3,HR,2023,36.0
A,PC_HH,VDSL,DEG3,HR,2024,35.9
A,PC_HH,VDSL,DEG3,HR,2025,35.8
A,PC_HH,VDSL,DEG3,HU,2013,9.4
A,PC_HH,VDSL,DEG3,HU,2014,9.4
A,PC_HH,VDSL,DEG3,HU,2015,14.7
A,PC_HH,VDSL,DEG3,HU,2016,22.3
A,PC_HH,VDSL,DEG3,HU,2017,29.0
A,PC_HH,VDSL,DEG3,HU,2018,37.8
A,PC_HH,VDSL,DEG3,HU,2019,43.6
A,PC_HH,VDSL,DEG3,HU,2020,46.5
A,PC_HH,VDSL,DEG3,HU,2021,48.4
A,PC_HH,VDSL,DEG3,HU,2022,48.2
A,PC_HH,VDSL,DEG3,HU,2023,39.1
A,PC_HH,VDSL,DEG3,HU,2024,38.2
A,PC_HH,VDSL,DEG3,HU,2025,38.3
A,PC_HH,VDSL,DEG3,IE,2013,5.7
A,PC_HH,VDSL,DEG3,IE,2014,21.6
A,PC_HH,VDSL,DEG3,IE,2015,44.2
A,PC_HH,VDSL,DEG3,IE,2016,47.2
A,PC_HH,VDSL,DEG3,IE,2017,58.9
A,PC_HH,VDSL,DEG3,IE,2018,61.0
A,PC_HH,VDSL,DEG3,IE,2019,63.0
A,PC_HH,VDSL,DEG3,IE,2020,63.5
A,PC_HH,VDSL,DEG3,IE,2021,63.2
A,PC_HH,VDSL,DEG3,IE,2022,65.7
A,PC_HH,VDSL,DEG3,IE,2023,66.5
A,PC_HH,VDSL,DEG3,IE,2024,69.8
A,PC_HH,VDSL,DEG3,IE,2025,60.9
A,PC_HH,VDSL,DEG3,IS,2013,5.4
A,PC_HH,VDSL,DEG3,IS,2014,18.9
A,PC_HH,VDSL,DEG3,IS,2015,20.0
A,PC_HH,VDSL,DEG3,IS,2016,22.9
A,PC_HH,VDSL,DEG3,IS,2017,24.6
A,PC_HH,VDSL,DEG3,IS,2018,24.6
A,PC_HH,VDSL,DEG3,IS,2019,22.0
A,PC_HH,VDSL,DEG3,IS,2020,14.8
A,PC_HH,VDSL,DEG3,IS,2021,7.6
A,PC_HH,VDSL,DEG3,IS,2022,7.6
A,PC_HH,VDSL,DEG3,IS,2023,49.5
A,PC_HH,VDSL,DEG3,IS,2024,2.2
A,PC_HH,VDSL,DEG3,IS,2025,1.6
A,PC_HH,VDSL,DEG3,IT,2015,3.1
A,PC_HH,VDSL,DEG3,IT,2016,15.0
A,PC_HH,VDSL,DEG3,IT,2017,38.4
A,PC_HH,VDSL,DEG3,IT,2018,42.6
A,PC_HH,VDSL,DEG3,IT,2019,68.4
A,PC_HH,VDSL,DEG3,IT,2020,76.9
A,PC_HH,VDSL,DEG3,IT,2021,85.7
A,PC_HH,VDSL,DEG3,IT,2022,86.8
A,PC_HH,VDSL,DEG3,IT,2023,87.1
A,PC_HH,VDSL,DEG3,IT,2024,86.8
A,PC_HH,VDSL,DEG3,IT,2025,87.6
A,PC_HH,VDSL,DEG3,LT,2017,0.8
A,PC_HH,VDSL,DEG3,LT,2018,0.9
A,PC_HH,VDSL,DEG3,LT,2019,0.9
A,PC_HH,VDSL,DEG3,LT,2020,1.0
A,PC_HH,VDSL,DEG3,LT,2021,38.5
A,PC_HH,VDSL,DEG3,LT,2022,52.6
A,PC_HH,VDSL,DEG3,LT,2023,53.3
A,PC_HH,VDSL,DEG3,LT,2024,58.2
A,PC_HH,VDSL,DEG3,LT,2025,55.9
A,PC_HH,VDSL,DEG3,LU,2013,88.2
A,PC_HH,VDSL,DEG3,LU,2014,88.1
A,PC_HH,VDSL,DEG3,LU,2015,88.3
A,PC_HH,VDSL,DEG3,LU,2016,88.2
A,PC_HH,VDSL,DEG3,LU,2017,89.1
A,PC_HH,VDSL,DEG3,LU,2018,85.8
A,PC_HH,VDSL,DEG3,LU,2019,81.0
A,PC_HH,VDSL,DEG3,LU,2020,83.0
A,PC_HH,VDSL,DEG3,LU,2021,79.6
A,PC_HH,VDSL,DEG3,LU,2022,63.1
A,PC_HH,VDSL,DEG3,LU,2023,52.6
A,PC_HH,VDSL,DEG3,LU,2024,48.5
A,PC_HH,VDSL,DEG3,LU,2025,29.5
A,PC_HH,VDSL,DEG3,LV,2014,8.1
A,PC_HH,VDSL,DEG3,LV,2015,10.2
A,PC_HH,VDSL,DEG3,LV,2016,11.5
A,PC_HH,VDSL,DEG3,LV,2017,13.9
A,PC_HH,VDSL,DEG3,LV,2018,13.9
A,PC_HH,VDSL,DEG3,LV,2019,13.5
A,PC_HH,VDSL,DEG3,LV,2020,15.1
A,PC_HH,VDSL,DEG3,LV,2021,17.0
A,PC_HH,VDSL,DEG3,LV,2022,19.8
A,PC_HH,VDSL,DEG3,LV,2023,18.3
A,PC_HH,VDSL,DEG3,LV,2024,23.2
A,PC_HH,VDSL,DEG3,LV,2025,20.1
A,PC_HH,VDSL,DEG3,NL,2013,39.7
A,PC_HH,VDSL,DEG3,NL,2014,51.1
A,PC_HH,VDSL,DEG3,NL,2015,52.3
A,PC_HH,VDSL,DEG3,NL,2016,53.8
A,PC_HH,VDSL,DEG3,NL,2017,59.5
A,PC_HH,VDSL,DEG3,NL,2018,60.4
A,PC_HH,VDSL,DEG3,NL,2019,61.0
A,PC_HH,VDSL,DEG3,NL,2020,62.2
A,PC_HH,VDSL,DEG3,NL,2021,63.1
A,PC_HH,VDSL,DEG3,NL,2022,64.3
A,PC_HH,VDSL,DEG3,NL,2023,68.9
A,PC_HH,VDSL,DEG3,NL,2024,68.8
A,PC_HH,VDSL,DEG3,NL,2025,69.6
A,PC_HH,VDSL,DEG3,NO,2013,7.7
A,PC_HH,VDSL,DEG3,NO,2014,13.4
A,PC_HH,VDSL,DEG3,NO,2015,15.6
A,PC_HH,VDSL,DEG3,NO,2016,18.8
A,PC_HH,VDSL,DEG3,NO,2017,20.4
A,PC_HH,VDSL,DEG3,NO,2018,24.6
A,PC_HH,VDSL,DEG3,NO,2019,26.7
A,PC_HH,VDSL,DEG3,NO,2020,27.3
A,PC_HH,VDSL,DEG3,NO,2021,29.4
A,PC_HH,VDSL,DEG3,NO,2022,30.0
A,PC_HH,VDSL,DEG3,NO,2023,30.1
A,PC_HH,VDSL,DEG3,NO,2024,30.1
A,PC_HH,VDSL,DEG3,PL,2013,7.6
A,PC_HH,VDSL,DEG3,PL,2014,9.4
A,PC_HH,VDSL,DEG3,PL,2015,12.6
A,PC_HH,VDSL,DEG3,PL,2016,15.4
A,PC_HH,VDSL,DEG3,PL,2017,16.8
A,PC_HH,VDSL,DEG3,PL,2018,17.2
A,PC_HH,VDSL,DEG3,PL,2019,17.7
A,PC_HH,VDSL,DEG3,PL,2020,17.3
A,PC_HH,VDSL,DEG3,PL,2021,10.3
A,PC_HH,VDSL,DEG3,PL,2022,12.1
A,PC_HH,VDSL,DEG3,PL,2023,17.6
A,PC_HH,VDSL,DEG3,PL,2024,12.0
A,PC_HH,VDSL,DEG3,PL,2025,11.9
A,PC_HH,VDSL,DEG3,RO,2013,1.5
A,PC_HH,VDSL,DEG3,RO,2014,1.8
A,PC_HH,VDSL,DEG3,RO,2015,1.8
A,PC_HH,VDSL,DEG3,RO,2016,2.1
A,PC_HH,VDSL,DEG3,RO,2017,1.9
A,PC_HH,VDSL,DEG3,RO,2018,1.8
A,PC_HH,VDSL,DEG3,RO,2019,2.1
A,PC_HH,VDSL,DEG3,RO,2020,2.2
A,PC_HH,VDSL,DEG3,RO,2021,2.3
A,PC_HH,VDSL,DEG3,RO,2022,2.3
A,PC_HH,VDSL,DEG3,RO,2023,0.8
A,PC_HH,VDSL,DEG3,RO,2024,0.5
A,PC_HH,VDSL,DEG3,RO,2025,0.0
A,PC_HH,VDSL,DEG3,SE,2013,0.2
A,PC_HH,VDSL,DEG3,SE,2014,0.5
A,PC_HH,VDSL,DEG3,SE,2015,0.5
A,PC_HH,VDSL,DEG3,SE,2016,0.8
A,PC_HH,VDSL,DEG3,SE,2017,0.6
A,PC_HH,VDSL,DEG3,SE,2018,0.6
A,PC_HH,VDSL,DEG3,SE,2019,0.6
A,PC_HH,VDSL,DEG3,SE,2020,0.7
A,PC_HH,VDSL,DEG3,SE,2021,0.5
A,PC_HH,VDSL,DEG3,SE,2022,0.3
A,PC_HH,VDSL,DEG3,SE,2023,0.2
A,PC_HH,VDSL,DEG3,SE,2024,0.1
A,PC_HH,VDSL,DEG3,SI,2013,14.0
A,PC_HH,VDSL,DEG3,SI,2014,16.4
A,PC_HH,VDSL,DEG3,SI,2015,17.5
A,PC_HH,VDSL,DEG3,SI,2016,19.4
A,PC_HH,VDSL,DEG3,SI,2017,21.4
A,PC_HH,VDSL,DEG3,SI,2018,21.7
A,PC_HH,VDSL,DEG3,SI,2019,22.1
A,PC_HH,VDSL,DEG3,SI,2020,21.9
A,PC_HH,VDSL,DEG3,SI,2021,22.0
A,PC_HH,VDSL,DEG3,SI,2022,21.8
A,PC_HH,VDSL,DEG3,SI,2023,21.8
A,PC_HH,VDSL,DEG3,SI,2024,21.7
A,PC_HH,VDSL,DEG3,SI,2025,17.5
A,PC_HH,VDSL,DEG3,SK,2015,11.9
A,PC_HH,VDSL,DEG3,SK,2016,27.7
A,PC_HH,VDSL,DEG3,SK,2017,32.9
A,PC_HH,VDSL,DEG3,SK,2018,37.8
A,PC_HH,VDSL,DEG3,SK,2019,37.0
A,PC_HH,VDSL,DEG3,SK,2020,46.4
A,PC_HH,VDSL,DEG3,SK,2021,60.2
A,PC_HH,VDSL,DEG3,SK,2022,56.6
A,PC_HH,VDSL,DEG3,SK,2023,62.5
A,PC_HH,VDSL,DEG3,SK,2024,59.4
A,PC_HH,VDSL,DEG3,SK,2025,54.7
A,PC_HH,VDSL,DEG3,UK,2013,25.6
A,PC_HH,VDSL,DEG3,UK,2014,42.4
A,PC_HH,VDSL,DEG3,UK,2015,43.9
A,PC_HH,VDSL,DEG3,UK,2016,76.0
A,PC_HH,VDSL,DEG3,UK,2017,82.9
A,PC_HH,VDSL,DEG3,UK,2018,86.6
A,PC_HH,VDSL,DEG3,UK,2019,89.4
A,PC_HH,VDSL,DEG3,UK,2020,92.3
A,PC_HH,VDSL,DEG3,UK,2021,93.8
A,PC_HH,VDSL,DEG3,UK,2022,95.5
A,PC_HH,VDSL,DEG3,UK,2023,96.1
A,PC_HH,VDSL,DEG3,UK,2024,96.4
A,PC_HH,VDSL,DEG3,UK,2025,89.5
A,PC_HH,VDSL,TOTAL,AT,2013,47.4
A,PC_HH,VDSL,TOTAL,AT,2014,47.6
A,PC_HH,VDSL,TOTAL,AT,2015,47.8
A,PC_HH,VDSL,TOTAL,AT,2016,48.1
A,PC_HH,VDSL,TOTAL,AT,2017,48.5
A,PC_HH,VDSL,TOTAL,AT,2018,48.8
A,PC_HH,VDSL,TOTAL,AT,2019,49.7
A,PC_HH,VDSL,TOTAL,AT,2020,63.2
A,PC_HH,VDSL,TOTAL,AT,2021,78.7
A,PC_HH,VDSL,TOTAL,AT,2022,81.6
A,PC_HH,VDSL,TOTAL,AT,2023,83.3
A,PC_HH,VDSL,TOTAL,AT,2024,82.9
A,PC_HH,VDSL,TOTAL,AT,2025,83.2
A,PC_HH,VDSL,TOTAL,BE,2013,88.5
A,PC_HH,VDSL,TOTAL,BE,2014,90.0
A,PC_HH,VDSL,TOTAL,BE,2015,90.4
A,PC_HH,VDSL,TOTAL,BE,2016,92.5
A,PC_HH,VDSL,TOTAL,BE,2017,94.0
A,PC_HH,VDSL,TOTAL,BE,2018,94.4
A,PC_HH,VDSL,TOTAL,BE,2019,95.5
A,PC_HH,VDSL,TOTAL,BE,2020,96.8
A,PC_HH,VDSL,TOTAL,BE,2021,96.8
A,PC_HH,VDSL,TOTAL,BE,2022,96.9
A,PC_HH,VDSL,TOTAL,BE,2023,96.5
A,PC_HH,VDSL,TOTAL,BE,2024,97.5
A,PC_HH,VDSL,TOTAL,BE,2025,69.9
A,PC_HH,VDSL,TOTAL,BG,2018,1.5
A,PC_HH,VDSL,TOTAL,BG,2019,8.8
A,PC_HH,VDSL,TOTAL,BG,2020,13.3
A,PC_HH,VDSL,TOTAL,BG,2021,18.2
A,PC_HH,VDSL,TOTAL,BG,2022,21.9
A,PC_HH,VDSL,TOTAL,BG,2023,22.5
A,PC_HH,VDSL,TOTAL,BG,2024,22.3
A,PC_HH,VDSL,TOTAL,BG,2025,20.6
A,PC_HH,VDSL,TOTAL,CH,2013,72.3
A,PC_HH,VDSL,TOTAL,CH,2014,79.8
A,PC_HH,VDSL,TOTAL,CH,2015,81.5
A,PC_HH,VDSL,TOTAL,CH,2016,88.0
A,PC_HH,VDSL,TOTAL,CH,2017,90.0
A,PC_HH,VDSL,TOTAL,CH,2018,90.0
A,PC_HH,VDSL,TOTAL,CH,2019,90.5
A,PC_HH,VDSL,TOTAL,CH,2020,90.9
A,PC_HH,VDSL,TOTAL,CH,2021,93.2
A,PC_HH,VDSL,TOTAL,CH,2022,94.8
A,PC_HH,VDSL,TOTAL,CH,2023,96.4
A,PC_HH,VDSL,TOTAL,CH,2024,85.1
A,PC_HH,VDSL,TOTAL,CH,2025,96.7
A,PC_HH,VDSL,TOTAL,CY,2013,54.0
A,PC_HH,VDSL,TOTAL,CY,2014,60.2
A,PC_HH,VDSL,TOTAL,CY,2015,68.0
A,PC_HH,VDSL,TOTAL,CY,2016,75.0
A,PC_HH,VDSL,TOTAL,CY,2017,75.0
A,PC_HH,VDSL,TOTAL,CY,2018,80.0
A,PC_HH,VDSL,TOTAL,CY,2019,100.0
A,PC_HH,VDSL,TOTAL,CY,2020,100.0
A,PC_HH,VDSL,TOTAL,CY,2021,100.0
A,PC_HH,VDSL,TOTAL,CY,2022,100.0
A,PC_HH,VDSL,TOTAL,CY,2023,100.0
A,PC_HH,VDSL,TOTAL,CY,2024,100.0
A,PC_HH,VDSL,TOTAL,CY,2025,100.0
A,PC_HH,VDSL,TOTAL,CZ,2013,41.0
A,PC_HH,VDSL,TOTAL,CZ,2014,45.7
A,PC_HH,VDSL,TOTAL,CZ,2015,52.0
A,PC_HH,VDSL,TOTAL,CZ,2016,53.1
A,PC_HH,VDSL,TOTAL,CZ,2017,77.4
A,PC_HH,VDSL,TOTAL,CZ,2018,79.6
A,PC_HH,VDSL,TOTAL,CZ,2019,83.7
A,PC_HH,VDSL,TOTAL,CZ,2020,83.7
A,PC_HH,VDSL,TOTAL,CZ,2021,84.7
A,PC_HH,VDSL,TOTAL,CZ,2022,86.1
A,PC_HH,VDSL,TOTAL,CZ,2023,81.8
A,PC_HH,VDSL,TOTAL,CZ,2024,80.8
A,PC_HH,VDSL,TOTAL,CZ,2025,87.1
A,PC_HH,VDSL,TOTAL,DE,2013,33.5
A,PC_HH,VDSL,TOTAL,DE,2014,42.2
A,PC_HH,VDSL,TOTAL,DE,2015,48.5
A,PC_HH,VDSL,TOTAL,DE,2016,58.8
A,PC_HH,VDSL,TOTAL,DE,2017,69.0
A,PC_HH,VDSL,TOTAL,DE,2018,76.9
A,PC_HH,VDSL,TOTAL,DE,2019,85.6
A,PC_HH,VDSL,TOTAL,DE,2020,89.2
A,PC_HH,VDSL,TOTAL,DE,2021,91.3
A,PC_HH,VDSL,TOTAL,DE,2022,94.8
A,PC_HH,VDSL,TOTAL,DE,2023,86.6
A,PC_HH,VDSL,TOTAL,DE,2024,87.0
A,PC_HH,VDSL,TOTAL,DE,2025,86.7
A,PC_HH,VDSL,TOTAL,DK,2013,21.7
A,PC_HH,VDSL,TOTAL,DK,2014,66.7
A,PC_HH,VDSL,TOTAL,DK,2015,63.0
A,PC_HH,VDSL,TOTAL,DK,2016,61.6
A,PC_HH,VDSL,TOTAL,DK,2017,62.0
A,PC_HH,VDSL,TOTAL,DK,2018,60.2
A,PC_HH,VDSL,TOTAL,DK,2019,61.5
A,PC_HH,VDSL,TOTAL,DK,2020,60.9
A,PC_HH,VDSL,TOTAL,DK,2021,59.4
A,PC_HH,VDSL,TOTAL,DK,2022,58.5
A,PC_HH,VDSL,TOTAL,DK,2023,57.5
A,PC_HH,VDSL,TOTAL,DK,2024,51.7
A,PC_HH,VDSL,TOTAL,DK,2025,46.5
A,PC_HH,VDSL,TOTAL,EE,2013,17.8
A,PC_HH,VDSL,TOTAL,EE,2014,44.6
A,PC_HH,VDSL,TOTAL,EE,2015,49.6
A,PC_HH,VDSL,TOTAL,EE,2016,55.2
A,PC_HH,VDSL,TOTAL,EE,2017,55.1
A,PC_HH,VDSL,TOTAL,EE,2018,55.2
A,PC_HH,VDSL,TOTAL,EE,2019,56.1
A,PC_HH,VDSL,TOTAL,EE,2020,59.1
A,PC_HH,VDSL,TOTAL,EE,2021,55.6
A,PC_HH,VDSL,TOTAL,EE,2022,55.3
A,PC_HH,VDSL,TOTAL,EE,2023,53.3
A,PC_HH,VDSL,TOTAL,EE,2024,54.6
A,PC_HH,VDSL,TOTAL,EE,2025,33.5
A,PC_HH,VDSL,TOTAL,EL,2013,26.7
A,PC_HH,VDSL,TOTAL,EL,2014,33.8
A,PC_HH,VDSL,TOTAL,EL,2015,36.1
A,PC_HH,VDSL,TOTAL,EL,2016,48.3
A,PC_HH,VDSL,TOTAL,EL,2017,52.3
A,PC_HH,VDSL,TOTAL,EL,2018,65.7
A,PC_HH,VDSL,TOTAL,EL,2019,74.2
A,PC_HH,VDSL,TOTAL,EL,2020,80.3
A,PC_HH,VDSL,TOTAL,EL,2021,81.3
A,PC_HH,VDSL,TOTAL,EL,2022,76.3
A,PC_HH,VDSL,TOTAL,EL,2023,77.2
A,PC_HH,VDSL,TOTAL,EL,2024,74.8
A,PC_HH,VDSL,TOTAL,EL,2025,70.0
A,PC_HH,VDSL,TOTAL,ES,2013,11.1
A,PC_HH,VDSL,TOTAL,ES,2014,11.0
A,PC_HH,VDSL,TOTAL,ES,2015,11.0
A,PC_HH,VDSL,TOTAL,ES,2016,11.8
A,PC_HH,VDSL,TOTAL,ES,2017,11.8
A,PC_HH,VDSL,TOTAL,ES,2018,11.8
A,PC_HH,VDSL,TOTAL,ES,2019,11.8
A,PC_HH,VDSL,TOTAL,ES,2020,11.6
A,PC_HH,VDSL,TOTAL,ES,2021,11.9
A,PC_HH,VDSL,TOTAL,ES,2022,11.0
A,PC_HH,VDSL,TOTAL,ES,2023,1.1
A,PC_HH,VDSL,TOTAL,FI,2013,46.0
A,PC_HH,VDSL,TOTAL,FI,2014,48.4
A,PC_HH,VDSL,TOTAL,FI,2015,48.4
A,PC_HH,VDSL,TOTAL,FI,2016,48.4
A,PC_HH,VDSL,TOTAL,FI,2017,48.5
A,PC_HH,VDSL,TOTAL,FI,2018,48.5
A,PC_HH,VDSL,TOTAL,FI,2019,48.6
A,PC_HH,VDSL,TOTAL,FI,2020,48.6
A,PC_HH,VDSL,TOTAL,FI,2021,44.8
A,PC_HH,VDSL,TOTAL,FI,2022,34.0
A,PC_HH,VDSL,TOTAL,FI,2023,23.0
A,PC_HH,VDSL,TOTAL,FI,2024,17.9
A,PC_HH,VDSL,TOTAL,FI,2025,12.5
A,PC_HH,VDSL,TOTAL,FR,2013,13.4
A,PC_HH,VDSL,TOTAL,FR,2014,15.5
A,PC_HH,VDSL,TOTAL,FR,2015,16.7
A,PC_HH,VDSL,TOTAL,FR,2016,18.2
A,PC_HH,VDSL,TOTAL,FR,2017,18.9
A,PC_HH,VDSL,TOTAL,FR,2018,19.6
A,PC_HH,VDSL,TOTAL,FR,2019,19.7
A,PC_HH,VDSL,TOTAL,FR,2020,20.4
A,PC_HH,VDSL,TOTAL,FR,2021,15.7
A,PC_HH,VDSL,TOTAL,FR,2022,15.9
A,PC_HH,VDSL,TOTAL,FR,2023,16.6
A,PC_HH,VDSL,TOTAL,FR,2024,18.6
A,PC_HH,VDSL,TOTAL,FR,2025,21.7
A,PC_HH,VDSL,TOTAL,HR,2013,16.8
A,PC_HH,VDSL,TOTAL,HR,2014,31.4
A,PC_HH,VDSL,TOTAL,HR,2015,35.9
A,PC_HH,VDSL,TOTAL,HR,2016,44.2
A,PC_HH,VDSL,TOTAL,HR,2017,58.2
A,PC_HH,VDSL,TOTAL,HR,2018,76.9
A,PC_HH,VDSL,TOTAL,HR,2019,80.8
A,PC_HH,VDSL,TOTAL,HR,2020,81.1
A,PC_HH,VDSL,TOTAL,HR,2021,78.2
A,PC_HH,VDSL,TOTAL,HR,2022,78.1
A,PC_HH,VDSL,TOTAL,HR,2023,77.9
A,PC_HH,VDSL,TOTAL,HR,2024,77.8
A,PC_HH,VDSL,TOTAL,HR,2025,77.6
A,PC_HH,VDSL,TOTAL,HU,2013,24.0
A,PC_HH,VDSL,TOTAL,HU,2014,26.1
A,PC_HH,VDSL,TOTAL,HU,2015,28.0
A,PC_HH,VDSL,TOTAL,HU,2016,38.1
A,PC_HH,VDSL,TOTAL,HU,2017,40.2
A,PC_HH,VDSL,TOTAL,HU,2018,43.7
A,PC_HH,VDSL,TOTAL,HU,2019,50.7
A,PC_HH,VDSL,TOTAL,HU,2020,50.1
A,PC_HH,VDSL,TOTAL,HU,2021,50.8
A,PC_HH,VDSL,TOTAL,HU,2022,48.4
A,PC_HH,VDSL,TOTAL,HU,2023,42.4
A,PC_HH,VDSL,TOTAL,HU,2024,41.6
A,PC_HH,VDSL,TOTAL,HU,2025,41.4
A,PC_HH,VDSL,TOTAL,IE,2013,33.2
A,PC_HH,VDSL,TOTAL,IE,2014,60.8
A,PC_HH,VDSL,TOTAL,IE,2015,70.6
A,PC_HH,VDSL,TOTAL,IE,2016,73.0
A,PC_HH,VDSL,TOTAL,IE,2017,75.3
A,PC_HH,VDSL,TOTAL,IE,2018,77.0
A,PC_HH,VDSL,TOTAL,IE,2019,78.4
A,PC_HH,VDSL,TOTAL,IE,2020,79.9
A,PC_HH,VDSL,TOTAL,IE,2021,81.1
A,PC_HH,VDSL,TOTAL,IE,2022,82.0
A,PC_HH,VDSL,TOTAL,IE,2023,83.1
A,PC_HH,VDSL,TOTAL,IE,2024,76.5
A,PC_HH,VDSL,TOTAL,IE,2025,75.0
A,PC_HH,VDSL,TOTAL,IS,2013,43.2
A,PC_HH,VDSL,TOTAL,IS,2014,78.2
A,PC_HH,VDSL,TOTAL,IS,2015,79.6
A,PC_HH,VDSL,TOTAL,IS,2016,83.7
A,PC_HH,VDSL,TOTAL,IS,2017,88.1
A,PC_HH,VDSL,TOTAL,IS,2018,88.0
A,PC_HH,VDSL,TOTAL,IS,2019,90.5
A,PC_HH,VDSL,TOTAL,IS,2020,87.2
A,PC_HH,VDSL,TOTAL,IS,2021,84.0
A,PC_HH,VDSL,TOTAL,IS,2022,84.1
A,PC_HH,VDSL,TOTAL,IS,2023,90.8
A,PC_HH,VDSL,TOTAL,IS,2024,57.4
A,PC_HH,VDSL,TOTAL,IS,2025,52.6
A,PC_HH,VDSL,TOTAL,IT,2013,14.7
A,PC_HH,VDSL,TOTAL,IT,2014,24.3
A,PC_HH,VDSL,TOTAL,IT,2015,32.8
A,PC_HH,VDSL,TOTAL,IT,2016,66.4
A,PC_HH,VDSL,TOTAL,IT,2017,82.4
A,PC_HH,VDSL,TOTAL,IT,2018,87.9
A,PC_HH,VDSL,TOTAL,IT,2019,88.9
A,PC_HH,VDSL,TOTAL,IT,2020,92.7
A,PC_HH,VDSL,TOTAL,IT,2021,96.0
A,PC_HH,VDSL,TOTAL,IT,2022,96.2
A,PC_HH,VDSL,TOTAL,IT,2023,96.4
A,PC_HH,VDSL,TOTAL,IT,2024,96.4
A,PC_HH,VDSL,TOTAL,IT,2025,96.7
A,PC_HH,VDSL,TOTAL,LT,2017,1.1
A,PC_HH,VDSL,TOTAL,LT,2018,2.3
A,PC_HH,VDSL,TOTAL,LT,2019,3.0
A,PC_HH,VDSL,TOTAL,LT,2020,4.2
A,PC_HH,VDSL,TOTAL,LT,2021,40.1
A,PC_HH,VDSL,TOTAL,LT,2022,77.7
A,PC_HH,VDSL,TOTAL,LT,2023,78.0
A,PC_HH,VDSL,TOTAL,LT,2024,83.9
A,PC_HH,VDSL,TOTAL,LT,2025,84.1
A,PC_HH,VDSL,TOTAL,LU,2013,88.6
A,PC_HH,VDSL,TOTAL,LU,2014,88.8
A,PC_HH,VDSL,TOTAL,LU,2015,88.8
A,PC_HH,VDSL,TOTAL,LU,2016,88.2
A,PC_HH,VDSL,TOTAL,LU,2017,87.2
A,PC_HH,VDSL,TOTAL,LU,2018,78.3
A,PC_HH,VDSL,TOTAL,LU,2019,75.5
A,PC_HH,VDSL,TOTAL,LU,2020,65.5
A,PC_HH,VDSL,TOTAL,LU,2021,59.8
A,PC_HH,VDSL,TOTAL,LU,2022,54.5
A,PC_HH,VDSL,TOTAL,LU,2023,23.0
A,PC_HH,VDSL,TOTAL,LU,2024,23.1
A,PC_HH,VDSL,TOTAL,LU,2025,15.3
A,PC_HH,VDSL,TOTAL,LV,2013,6.0
A,PC_HH,VDSL,TOTAL,LV,2014,8.4
A,PC_HH,VDSL,TOTAL,LV,2015,10.1
A,PC_HH,VDSL,TOTAL,LV,2016,9.9
A,PC_HH,VDSL,TOTAL,LV,2017,12.9
A,PC_HH,VDSL,TOTAL,LV,2018,12.1
A,PC_HH,VDSL,TOTAL,LV,2019,12.2
A,PC_HH,VDSL,TOTAL,LV,2020,13.6
A,PC_HH,VDSL,TOTAL,LV,2021,14.2
A,PC_HH,VDSL,TOTAL,LV,2022,16.5
A,PC_HH,VDSL,TOTAL,LV,2023,15.2
A,PC_HH,VDSL,TOTAL,LV,2024,19.5
A,PC_HH,VDSL,TOTAL,LV,2025,17.0
A,PC_HH,VDSL,TOTAL,MT,2013,75.0
A,PC_HH,VDSL,TOTAL,MT,2014,75.0
A,PC_HH,VDSL,TOTAL,MT,2015,72.0
A,PC_HH,VDSL,TOTAL,MT,2016,72.0
A,PC_HH,VDSL,TOTAL,MT,2017,72.0
A,PC_HH,VDSL,TOTAL,MT,2018,72.0
A,PC_HH,VDSL,TOTAL,MT,2019,72.0
A,PC_HH,VDSL,TOTAL,MT,2020,72.0
A,PC_HH,VDSL,TOTAL,MT,2021,72.0
A,PC_HH,VDSL,TOTAL,MT,2022,72.0
A,PC_HH,VDSL,TOTAL,MT,2023,72.0
A,PC_HH,VDSL,TOTAL,MT,2024,72.0
A,PC_HH,VDSL,TOTAL,MT,2025,8.6
A,PC_HH,VDSL,TOTAL,NL,2013,51.6
A,PC_HH,VDSL,TOTAL,NL,2014,52.9
A,PC_HH,VDSL,TOTAL,NL,2015,54.9
A,PC_HH,VDSL,TOTAL,NL,2016,56.8
A,PC_HH,VDSL,TOTAL,NL,2017,61.5
A,PC_HH,VDSL,TOTAL,NL,2018,63.8
A,PC_HH,VDSL,TOTAL,NL,2019,64.3
A,PC_HH,VDSL,TOTAL,NL,2020,65.2
A,PC_HH,VDSL,TOTAL,NL,2021,59.5
A,PC_HH,VDSL,TOTAL,NL,2022,55.8
A,PC_HH,VDSL,TOTAL,NL,2023,52.8
A,PC_HH,VDSL,TOTAL,NL,2024,47.8
A,PC_HH,VDSL,TOTAL,NL,2025,42.0
A,PC_HH,VDSL,TOTAL,NO,2013,32.1
A,PC_HH,VDSL,TOTAL,NO,2014,36.5
A,PC_HH,VDSL,TOTAL,NO,2015,47.3
A,PC_HH,VDSL,TOTAL,NO,2016,49.9
A,PC_HH,VDSL,TOTAL,NO,2017,56.6
A,PC_HH,VDSL,TOTAL,NO,2018,59.8
A,PC_HH,VDSL,TOTAL,NO,2019,59.8
A,PC_HH,VDSL,TOTAL,NO,2020,59.1
A,PC_HH,VDSL,TOTAL,NO,2021,58.4
A,PC_HH,VDSL,TOTAL,NO,2022,56.6
A,PC_HH,VDSL,TOTAL,NO,2023,56.6
A,PC_HH,VDSL,TOTAL,NO,2024,56.7
A,PC_HH,VDSL,TOTAL,PL,2013,35.9
A,PC_HH,VDSL,TOTAL,PL,2014,37.4
A,PC_HH,VDSL,TOTAL,PL,2015,38.7
A,PC_HH,VDSL,TOTAL,PL,2016,38.6
A,PC_HH,VDSL,TOTAL,PL,2017,37.8
A,PC_HH,VDSL,TOTAL,PL,2018,37.2
A,PC_HH,VDSL,TOTAL,PL,2019,37.2
A,PC_HH,VDSL,TOTAL,PL,2020,35.4
A,PC_HH,VDSL,TOTAL,PL,2021,26.6
A,PC_HH,VDSL,TOTAL,PL,2022,24.2
A,PC_HH,VDSL,TOTAL,PL,2023,39.5
A,PC_HH,VDSL,TOTAL,PL,2024,39.7
A,PC_HH,VDSL,TOTAL,PL,2025,35.5
A,PC_HH,VDSL,TOTAL,RO,2013,15.9
A,PC_HH,VDSL,TOTAL,RO,2014,13.7
A,PC_HH,VDSL,TOTAL,RO,2015,11.8
A,PC_HH,VDSL,TOTAL,RO,2016,11.0
A,PC_HH,VDSL,TOTAL,RO,2017,9.4
A,PC_HH,VDSL,TOTAL,RO,2018,8.6
A,PC_HH,VDSL,TOTAL,RO,2019,9.2
A,PC_HH,VDSL,TOTAL,RO,2020,9.1
A,PC_HH,VDSL,TOTAL,RO,2021,9.1
A,PC_HH,VDSL,TOTAL,RO,2022,9.1
A,PC_HH,VDSL,TOTAL,RO,2023,5.5
A,PC_HH,VDSL,TOTAL,RO,2024,4.5
A,PC_HH,VDSL,TOTAL,RO,2025,0.5
A,PC_HH,VDSL,TOTAL,SE,2013,17.8
A,PC_HH,VDSL,TOTAL,SE,2014,18.3
A,PC_HH,VDSL,TOTAL,SE,2015,18.3
A,PC_HH,VDSL,TOTAL,SE,2016,21.9
A,PC_HH,VDSL,TOTAL,SE,2017,21.0
A,PC_HH,VDSL,TOTAL,SE,2018,22.3
A,PC_HH,VDSL,TOTAL,SE,2019,20.8
A,PC_HH,VDSL,TOTAL,SE,2020,21.0
A,PC_HH,VDSL,TOTAL,SE,2021,20.1
A,PC_HH,VDSL,TOTAL,SE,2022,18.5
A,PC_HH,VDSL,TOTAL,SE,2023,17.6
A,PC_HH,VDSL,TOTAL,SE,2024,6.3
A,PC_HH,VDSL,TOTAL,SE,2025,0.6
A,PC_HH,VDSL,TOTAL,SI,2013,51.6
A,PC_HH,VDSL,TOTAL,SI,2014,52.5
A,PC_HH,VDSL,TOTAL,SI,2015,52.8
A,PC_HH,VDSL,TOTAL,SI,2016,53.4
A,PC_HH,VDSL,TOTAL,SI,2017,59.0
A,PC_HH,VDSL,TOTAL,SI,2018,55.2
A,PC_HH,VDSL,TOTAL,SI,2019,56.2
A,PC_HH,VDSL,TOTAL,SI,2020,56.2
A,PC_HH,VDSL,TOTAL,SI,2021,56.6
A,PC_HH,VDSL,TOTAL,SI,2022,56.2
A,PC_HH,VDSL,TOTAL,SI,2023,56.4
A,PC_HH,VDSL,TOTAL,SI,2024,56.2
A,PC_HH,VDSL,TOTAL,SI,2025,49.0
A,PC_HH,VDSL,TOTAL,SK,2013,10.3
A,PC_HH,VDSL,TOTAL,SK,2014,11.7
A,PC_HH,VDSL,TOTAL,SK,2015,16.9
A,PC_HH,VDSL,TOTAL,SK,2016,28.7
A,PC_HH,VDSL,TOTAL,SK,2017,36.1
A,PC_HH,VDSL,TOTAL,SK,2018,39.5
A,PC_HH,VDSL,TOTAL,SK,2019,39.3
A,PC_HH,VDSL,TOTAL,SK,2020,39.3
A,PC_HH,VDSL,TOTAL,SK,2021,57.7
A,PC_HH,VDSL,TOTAL,SK,2022,54.7
A,PC_HH,VDSL,TOTAL,SK,2023,45.2
A,PC_HH,VDSL,TOTAL,SK,2024,41.8
A,PC_HH,VDSL,TOTAL,SK,2025,37.9
A,PC_HH,VDSL,TOTAL,UK,2013,67.9
A,PC_HH,VDSL,TOTAL,UK,2014,78.9
A,PC_HH,VDSL,TOTAL,UK,2015,82.8
A,PC_HH,VDSL,TOTAL,UK,2016,85.0
A,PC_HH,VDSL,TOTAL,UK,2017,88.4
A,PC_HH,VDSL,TOTAL,UK,2018,89.7
A,PC_HH,VDSL,TOTAL,UK,2019,90.2
A,PC_HH,VDSL,TOTAL,UK,2020,94.2
A,PC_HH,VDSL,TOTAL,UK,2021,94.3
A,PC_HH,VDSL,TOTAL,UK,2022,94.2
A,PC_HH,VDSL,TOTAL,UK,2023,94.7
A,PC_HH,VDSL,TOTAL,UK,2024,93.5
A,PC_HH,VDSL,TOTAL,UK,2025,90.9
A,PC_HH,VDSL2V,DEG3,AT,2019,2.5
A,PC_HH,VDSL2V,DEG3,AT,2020,4.0
A,PC_HH,VDSL2V,DEG3,AT,2021,24.1
A,PC_HH,VDSL2V,DEG3,AT,2022,26.1
A,PC_HH,VDSL2V,DEG3,AT,2023,27.4
A,PC_HH,VDSL2V,DEG3,AT,2024,28.7
A,PC_HH,VDSL2V,DEG3,AT,2025,20.7
A,PC_HH,VDSL2V,DEG3,BE,2019,31.4
A,PC_HH,VDSL2V,DEG3,BE,2020,31.3
A,PC_HH,VDSL2V,DEG3,BE,2021,31.9
A,PC_HH,VDSL2V,DEG3,BE,2022,29.4
A,PC_HH,VDSL2V,DEG3,BE,2023,23.7
A,PC_HH,VDSL2V,DEG3,BE,2024,18.0
A,PC_HH,VDSL2V,DEG3,BE,2025,77.3
A,PC_HH,VDSL2V,DEG3,CH,2019,37.4
A,PC_HH,VDSL2V,DEG3,CH,2020,81.4
A,PC_HH,VDSL2V,DEG3,CH,2021,86.3
A,PC_HH,VDSL2V,DEG3,CH,2022,90.6
A,PC_HH,VDSL2V,DEG3,CH,2023,94.6
A,PC_HH,VDSL2V,DEG3,CH,2024,82.8
A,PC_HH,VDSL2V,DEG3,CH,2025,93.3
A,PC_HH,VDSL2V,DEG3,CY,2019,15.0
A,PC_HH,VDSL2V,DEG3,CY,2020,19.8
A,PC_HH,VDSL2V,DEG3,CY,2021,25.7
A,PC_HH,VDSL2V,DEG3,CY,2022,19.9
A,PC_HH,VDSL2V,DEG3,CY,2023,8.9
A,PC_HH,VDSL2V,DEG3,CY,2024,2.1
A,PC_HH,VDSL2V,DEG3,CY,2025,2.1
A,PC_HH,VDSL2V,DEG3,CZ,2019,59.3
A,PC_HH,VDSL2V,DEG3,CZ,2020,61.1
A,PC_HH,VDSL2V,DEG3,CZ,2021,63.2
A,PC_HH,VDSL2V,DEG3,CZ,2022,64.2
A,PC_HH,VDSL2V,DEG3,CZ,2023,61.5
A,PC_HH,VDSL2V,DEG3,CZ,2024,64.0
A,PC_HH,VDSL2V,DEG3,CZ,2025,66.6
A,PC_HH,VDSL2V,DEG3,DE,2019,41.0
A,PC_HH,VDSL2V,DEG3,DE,2020,51.3
A,PC_HH,VDSL2V,DEG3,DE,2021,59.3
A,PC_HH,VDSL2V,DEG3,DE,2022,50.3
A,PC_HH,VDSL2V,DEG3,DE,2023,58.8
A,PC_HH,VDSL2V,DEG3,DE,2024,59.8
A,PC_HH,VDSL2V,DEG3,DE,2025,61.3
A,PC_HH,VDSL2V,DEG3,DK,2019,4.4
A,PC_HH,VDSL2V,DEG3,DK,2020,4.4
A,PC_HH,VDSL2V,DEG3,DK,2021,4.4
A,PC_HH,VDSL2V,DEG3,DK,2022,4.4
A,PC_HH,VDSL2V,DEG3,DK,2023,4.4
A,PC_HH,VDSL2V,DEG3,DK,2024,4.3
A,PC_HH,VDSL2V,DEG3,DK,2025,3.4
A,PC_HH,VDSL2V,DEG3,EE,2019,5.3
A,PC_HH,VDSL2V,DEG3,EE,2020,7.0
A,PC_HH,VDSL2V,DEG3,EE,2021,13.4
A,PC_HH,VDSL2V,DEG3,EE,2022,19.6
A,PC_HH,VDSL2V,DEG3,EE,2023,40.1
A,PC_HH,VDSL2V,DEG3,EE,2024,17.2
A,PC_HH,VDSL2V,DEG3,EE,2025,16.4
A,PC_HH,VDSL2V,DEG3,EL,2019,7.7
A,PC_HH,VDSL2V,DEG3,EL,2020,9.9
A,PC_HH,VDSL2V,DEG3,EL,2021,10.0
A,PC_HH,VDSL2V,DEG3,EL,2022,9.3
A,PC_HH,VDSL2V,DEG3,EL,2023,10.0
A,PC_HH,VDSL2V,DEG3,EL,2024,10.3
A,PC_HH,VDSL2V,DEG3,EL,2025,11.3
A,PC_HH,VDSL2V,DEG3,FI,2019,8.8
A,PC_HH,VDSL2V,DEG3,FI,2020,11.0
A,PC_HH,VDSL2V,DEG3,FI,2021,14.4
A,PC_HH,VDSL2V,DEG3,FI,2022,16.5
A,PC_HH,VDSL2V,DEG3,FI,2023,14.1
A,PC_HH,VDSL2V,DEG3,FI,2024,12.5
A,PC_HH,VDSL2V,DEG3,FI,2025,5.4
A,PC_HH,VDSL2V,DEG3,HR,2019,1.9
A,PC_HH,VDSL2V,DEG3,HR,2020,2.0
A,PC_HH,VDSL2V,DEG3,HR,2021,2.7
A,PC_HH,VDSL2V,DEG3,HR,2022,3.8
A,PC_HH,VDSL2V,DEG3,HR,2023,4.1
A,PC_HH,VDSL2V,DEG3,HR,2024,4.1
A,PC_HH,VDSL2V,DEG3,HR,2025,4.1
A,PC_HH,VDSL2V,DEG3,HU,2023,33.3
A,PC_HH,VDSL2V,DEG3,HU,2024,33.1
A,PC_HH,VDSL2V,DEG3,HU,2025,32.8
A,PC_HH,VDSL2V,DEG3,IS,2019,1.6
A,PC_HH,VDSL2V,DEG3,IS,2020,1.0
A,PC_HH,VDSL2V,DEG3,IS,2021,0.7
A,PC_HH,VDSL2V,DEG3,IS,2022,0.8
A,PC_HH,VDSL2V,DEG3,IS,2023,1.2
A,PC_HH,VDSL2V,DEG3,IS,2024,0.3
A,PC_HH,VDSL2V,DEG3,IS,2025,0.5
A,PC_HH,VDSL2V,DEG3,IT,2019,11.6
A,PC_HH,VDSL2V,DEG3,IT,2020,16.7
A,PC_HH,VDSL2V,DEG3,IT,2021,28.0
A,PC_HH,VDSL2V,DEG3,IT,2022,33.9
A,PC_HH,VDSL2V,DEG3,IT,2023,34.4
A,PC_HH,VDSL2V,DEG3,IT,2024,30.8
A,PC_HH,VDSL2V,DEG3,IT,2025,31.7
A,PC_HH,VDSL2V,DEG3,LT,2022,52.6
A,PC_HH,VDSL2V,DEG3,LT,2023,53.3
A,PC_HH,VDSL2V,DEG3,LT,2024,58.2
A,PC_HH,VDSL2V,DEG3,LT,2025,55.9
A,PC_HH,VDSL2V,DEG3,LU,2019,63.6
A,PC_HH,VDSL2V,DEG3,LU,2020,15.1
A,PC_HH,VDSL2V,DEG3,LU,2021,21.2
A,PC_HH,VDSL2V,DEG3,LU,2022,28.7
A,PC_HH,VDSL2V,DEG3,LU,2023,31.7
A,PC_HH,VDSL2V,DEG3,LU,2024,29.9
A,PC_HH,VDSL2V,DEG3,LU,2025,29.3
A,PC_HH,VDSL2V,DEG3,LV,2020,15.0
A,PC_HH,VDSL2V,DEG3,LV,2021,17.0
A,PC_HH,VDSL2V,DEG3,LV,2022,19.8
A,PC_HH,VDSL2V,DEG3,LV,2023,17.9
A,PC_HH,VDSL2V,DEG3,LV,2024,23.1
A,PC_HH,VDSL2V,DEG3,LV,2025,20.1
A,PC_HH,VDSL2V,DEG3,NL,2019,4.3
A,PC_HH,VDSL2V,DEG3,NL,2020,4.4
A,PC_HH,VDSL2V,DEG3,NL,2021,39.1
A,PC_HH,VDSL2V,DEG3,NL,2022,39.8
A,PC_HH,VDSL2V,DEG3,NL,2023,42.3
A,PC_HH,VDSL2V,DEG3,NL,2024,44.5
A,PC_HH,VDSL2V,DEG3,NL,2025,43.9
A,PC_HH,VDSL2V,DEG3,PL,2019,17.3
A,PC_HH,VDSL2V,DEG3,PL,2020,16.9
A,PC_HH,VDSL2V,DEG3,PL,2021,9.8
A,PC_HH,VDSL2V,DEG3,PL,2022,9.8
A,PC_HH,VDSL2V,DEG3,PL,2023,15.6
A,PC_HH,VDSL2V,DEG3,PL,2024,10.5
A,PC_HH,VDSL2V,DEG3,SK,2020,34.0
A,PC_HH,VDSL2V,DEG3,SK,2021,51.0
A,PC_HH,VDSL2V,DEG3,SK,2022,48.1
A,PC_HH,VDSL2V,DEG3,SK,2023,52.6
A,PC_HH,VDSL2V,DEG3,SK,2024,49.9
A,PC_HH,VDSL2V,DEG3,SK,2025,46.4
A,PC_HH,VDSL2V,DEG3,UK,2019,4.5
A,PC_HH,VDSL2V,DEG3,UK,2020,6.3
A,PC_HH,VDSL2V,DEG3,UK,2021,6.9
A,PC_HH,VDSL2V,DEG3,UK,2022,7.1
A,PC_HH,VDSL2V,DEG3,UK,2023,7.2
A,PC_HH,VDSL2V,DEG3,UK,2024,7.3
A,PC_HH,VDSL2V,TOTAL,AT,2019,21.7
A,PC_HH,VDSL2V,TOTAL,AT,2020,34.7
A,PC_HH,VDSL2V,TOTAL,AT,2021,50.7
A,PC_HH,VDSL2V,TOTAL,AT,2022,55.3
A,PC_HH,VDSL2V,TOTAL,AT,2023,57.1
A,PC_HH,VDSL2V,TOTAL,AT,2024,58.0
A,PC_HH,VDSL2V,TOTAL,AT,2025,58.7
A,PC_HH,VDSL2V,TOTAL,BE,2019,52.3
A,PC_HH,VDSL2V,TOTAL,BE,2020,54.6
A,PC_HH,VDSL2V,TOTAL,BE,2021,51.6
A,PC_HH,VDSL2V,TOTAL,BE,2022,47.9
A,PC_HH,VDSL2V,TOTAL,BE,2023,43.8
A,PC_HH,VDSL2V,TOTAL,BE,2024,38.8
A,PC_HH,VDSL2V,TOTAL,BE,2025,67.2
A,PC_HH,VDSL2V,TOTAL,CH,2019,80.2
A,PC_HH,VDSL2V,TOTAL,CH,2020,87.3
A,PC_HH,VDSL2V,TOTAL,CH,2021,90.7
A,PC_HH,VDSL2V,TOTAL,CH,2022,92.7
A,PC_HH,VDSL2V,TOTAL,CH,2023,94.9
A,PC_HH,VDSL2V,TOTAL,CH,2024,83.8
A,PC_HH,VDSL2V,TOTAL,CH,2025,95.4
A,PC_HH,VDSL2V,TOTAL,CY,2019,38.6
A,PC_HH,VDSL2V,TOTAL,CY,2020,46.7
A,PC_HH,VDSL2V,TOTAL,CY,2021,43.5
A,PC_HH,VDSL2V,TOTAL,CY,2022,32.6
A,PC_HH,VDSL2V,TOTAL,CY,2023,21.5
A,PC_HH,VDSL2V,TOTAL,CY,2024,15.4
A,PC_HH,VDSL2V,TOTAL,CY,2025,15.4
A,PC_HH,VDSL2V,TOTAL,CZ,2019,82.9
A,PC_HH,VDSL2V,TOTAL,CZ,2020,83.7
A,PC_HH,VDSL2V,TOTAL,CZ,2021,84.7
A,PC_HH,VDSL2V,TOTAL,CZ,2022,86.0
A,PC_HH,VDSL2V,TOTAL,CZ,2023,81.7
A,PC_HH,VDSL2V,TOTAL,CZ,2024,80.8
A,PC_HH,VDSL2V,TOTAL,CZ,2025,87.1
A,PC_HH,VDSL2V,TOTAL,DE,2019,65.4
A,PC_HH,VDSL2V,TOTAL,DE,2020,72.7
A,PC_HH,VDSL2V,TOTAL,DE,2021,79.4
A,PC_HH,VDSL2V,TOTAL,DE,2022,74.2
A,PC_HH,VDSL2V,TOTAL,DE,2023,79.4
A,PC_HH,VDSL2V,TOTAL,DE,2024,79.8
A,PC_HH,VDSL2V,TOTAL,DE,2025,79.3
A,PC_HH,VDSL2V,TOTAL,DK,2019,15.7
A,PC_HH,VDSL2V,TOTAL,DK,2020,15.7
A,PC_HH,VDSL2V,TOTAL,DK,2021,15.3
A,PC_HH,VDSL2V,TOTAL,DK,2022,15.1
A,PC_HH,VDSL2V,TOTAL,DK,2023,14.9
A,PC_HH,VDSL2V,TOTAL,DK,2024,13.5
A,PC_HH,VDSL2V,TOTAL,DK,2025,12.3
A,PC_HH,VDSL2V,TOTAL,EE,2019,5.3
A,PC_HH,VDSL2V,TOTAL,EE,2020,31.4
A,PC_HH,VDSL2V,TOTAL,EE,2021,37.4
A,PC_HH,VDSL2V,TOTAL,EE,2022,41.1
A,PC_HH,VDSL2V,TOTAL,EE,2023,45.4
A,PC_HH,VDSL2V,TOTAL,EE,2024,46.7
A,PC_HH,VDSL2V,TOTAL,EE,2025,30.6
A,PC_HH,VDSL2V,TOTAL,EL,2019,48.7
A,PC_HH,VDSL2V,TOTAL,EL,2020,52.7
A,PC_HH,VDSL2V,TOTAL,EL,2021,53.7
A,PC_HH,VDSL2V,TOTAL,EL,2022,54.5
A,PC_HH,VDSL2V,TOTAL,EL,2023,54.9
A,PC_HH,VDSL2V,TOTAL,EL,2024,53.4
A,PC_HH,VDSL2V,TOTAL,EL,2025,50.1
A,PC_HH,VDSL2V,TOTAL,FI,2019,41.8
A,PC_HH,VDSL2V,TOTAL,FI,2020,41.9
A,PC_HH,VDSL2V,TOTAL,FI,2021,38.7
A,PC_HH,VDSL2V,TOTAL,FI,2022,29.6
A,PC_HH,VDSL2V,TOTAL,FI,2023,20.2
A,PC_HH,VDSL2V,TOTAL,FI,2024,16.0
A,PC_HH,VDSL2V,TOTAL,FI,2025,11.2
A,PC_HH,VDSL2V,TOTAL,HR,2019,9.4
A,PC_HH,VDSL2V,TOTAL,HR,2020,10.0
A,PC_HH,VDSL2V,TOTAL,HR,2021,11.3
A,PC_HH,VDSL2V,TOTAL,HR,2022,12.1
A,PC_HH,VDSL2V,TOTAL,HR,2023,13.9
A,PC_HH,VDSL2V,TOTAL,HR,2024,14.1
A,PC_HH,VDSL2V,TOTAL,HR,2025,14.1
A,PC_HH,VDSL2V,TOTAL,HU,2023,39.7
A,PC_HH,VDSL2V,TOTAL,HU,2024,39.2
A,PC_HH,VDSL2V,TOTAL,HU,2025,39.0
A,PC_HH,VDSL2V,TOTAL,IS,2019,67.6
A,PC_HH,VDSL2V,TOTAL,IS,2020,65.3
A,PC_HH,VDSL2V,TOTAL,IS,2021,64.3
A,PC_HH,VDSL2V,TOTAL,IS,2022,65.4
A,PC_HH,VDSL2V,TOTAL,IS,2023,68.6
A,PC_HH,VDSL2V,TOTAL,IS,2024,43.3
A,PC_HH,VDSL2V,TOTAL,IS,2025,39.3
A,PC_HH,VDSL2V,TOTAL,IT,2019,55.8
A,PC_HH,VDSL2V,TOTAL,IT,2020,59.9
A,PC_HH,VDSL2V,TOTAL,IT,2021,68.3
A,PC_HH,VDSL2V,TOTAL,IT,2022,70.1
A,PC_HH,VDSL2V,TOTAL,IT,2023,70.6
A,PC_HH,VDSL2V,TOTAL,IT,2024,71.0
A,PC_HH,VDSL2V,TOTAL,IT,2025,71.5
A,PC_HH,VDSL2V,TOTAL,LT,2022,77.7
A,PC_HH,VDSL2V,TOTAL,LT,2023,78.0
A,PC_HH,VDSL2V,TOTAL,LT,2024,83.9
A,PC_HH,VDSL2V,TOTAL,LT,2025,84.1
A,PC_HH,VDSL2V,TOTAL,LU,2019,52.9
A,PC_HH,VDSL2V,TOTAL,LU,2020,8.8
A,PC_HH,VDSL2V,TOTAL,LU,2021,13.1
A,PC_HH,VDSL2V,TOTAL,LU,2022,15.2
A,PC_HH,VDSL2V,TOTAL,LU,2023,11.3
A,PC_HH,VDSL2V,TOTAL,LU,2024,10.5
A,PC_HH,VDSL2V,TOTAL,LU,2025,8.0
A,PC_HH,VDSL2V,TOTAL,LV,2020,13.5
A,PC_HH,VDSL2V,TOTAL,LV,2021,14.1
A,PC_HH,VDSL2V,TOTAL,LV,2022,16.5
A,PC_HH,VDSL2V,TOTAL,LV,2023,15.2
A,PC_HH,VDSL2V,TOTAL,LV,2024,19.5
A,PC_HH,VDSL2V,TOTAL,LV,2025,17.0
A,PC_HH,VDSL2V,TOTAL,NL,2019,10.8
A,PC_HH,VDSL2V,TOTAL,NL,2020,11.1
A,PC_HH,VDSL2V,TOTAL,NL,2021,45.0
A,PC_HH,VDSL2V,TOTAL,NL,2022,43.5
A,PC_HH,VDSL2V,TOTAL,NL,2023,41.6
A,PC_HH,VDSL2V,TOTAL,NL,2024,39.1
A,PC_HH,VDSL2V,TOTAL,NL,2025,34.3
A,PC_HH,VDSL2V,TOTAL,PL,2019,29.3
A,PC_HH,VDSL2V,TOTAL,PL,2020,27.4
A,PC_HH,VDSL2V,TOTAL,PL,2021,18.7
A,PC_HH,VDSL2V,TOTAL,PL,2022,16.6
A,PC_HH,VDSL2V,TOTAL,PL,2023,29.0
A,PC_HH,VDSL2V,TOTAL,PL,2024,29.2
A,PC_HH,VDSL2V,TOTAL,SK,2020,21.0
A,PC_HH,VDSL2V,TOTAL,SK,2021,33.4
A,PC_HH,VDSL2V,TOTAL,SK,2022,32.0
A,PC_HH,VDSL2V,TOTAL,SK,2023,26.5
A,PC_HH,VDSL2V,TOTAL,SK,2024,24.6
A,PC_HH,VDSL2V,TOTAL,SK,2025,22.5
A,PC_HH,VDSL2V,TOTAL,UK,2019,12.3
A,PC_HH,VDSL2V,TOTAL,UK,2020,16.2
A,PC_HH,VDSL2V,TOTAL,UK,2021,17.8
A,PC_HH,VDSL2V,TOTAL,UK,2022,18.2
A,PC_HH,VDSL2V,TOTAL,UK,2023,18.6
A,PC_HH,VDSL2V,TOTAL,UK,2024,18.8
A,PC_HH,VHCN_BEREC,DEG3,CY,2023,55.7
A,PC_HH,VHCN_BEREC,DEG3,CY,2024,78.1
A,PC_HH,VHCN_BEREC,DEG3,CY,2025,89.5
A,PC_HH,VHCN_BEREC,DEG3,CZ,2023,14.8
A,PC_HH,VHCN_BEREC,DEG3,CZ,2024,12.8
A,PC_HH,VHCN_BEREC,DEG3,CZ,2025,16.2
A,PC_HH,VHCN_BEREC,DEG3,DE,2025,92.5
A,PC_HH,VHCN_BEREC,DEG3,DK,2023,99.9
A,PC_HH,VHCN_BEREC,DEG3,DK,2024,100.0
A,PC_HH,VHCN_BEREC,DEG3,DK,2025,100.0
A,PC_HH,VHCN_BEREC,DEG3,EL,2025,32.5
A,PC_HH,VHCN_BEREC,DEG3,ES,2023,78.6
A,PC_HH,VHCN_BEREC,DEG3,ES,2024,90.9
A,PC_HH,VHCN_BEREC,DEG3,ES,2025,95.6
A,PC_HH,VHCN_BEREC,DEG3,FR,2023,64.6
A,PC_HH,VHCN_BEREC,DEG3,FR,2024,78.1
A,PC_HH,VHCN_BEREC,DEG3,FR,2025,87.8
A,PC_HH,VHCN_BEREC,DEG3,IE,2024,95.5
A,PC_HH,VHCN_BEREC,DEG3,IE,2025,93.5
A,PC_HH,VHCN_BEREC,DEG3,IS,2024,85.0
A,PC_HH,VHCN_BEREC,DEG3,IS,2025,80.6
A,PC_HH,VHCN_BEREC,DEG3,IT,2023,75.8
A,PC_HH,VHCN_BEREC,DEG3,IT,2024,77.0
A,PC_HH,VHCN_BEREC,DEG3,IT,2025,87.3
A,PC_HH,VHCN_BEREC,DEG3,LT,2023,93.6
A,PC_HH,VHCN_BEREC,DEG3,LT,2024,94.2
A,PC_HH,VHCN_BEREC,DEG3,LT,2025,93.3
A,PC_HH,VHCN_BEREC,DEG3,LU,2023,80.3
A,PC_HH,VHCN_BEREC,DEG3,LU,2024,82.8
A,PC_HH,VHCN_BEREC,DEG3,LU,2025,86.0
A,PC_HH,VHCN_BEREC,DEG3,LV,2023,12.9
A,PC_HH,VHCN_BEREC,DEG3,LV,2024,13.2
A,PC_HH,VHCN_BEREC,DEG3,LV,2025,11.2
A,PC_HH,VHCN_BEREC,DEG3,MT,2023,100.0
A,PC_HH,VHCN_BEREC,DEG3,MT,2024,100.0
A,PC_HH,VHCN_BEREC,DEG3,MT,2025,100.0
A,PC_HH,VHCN_BEREC,DEG3,NL,2023,89.4
A,PC_HH,VHCN_BEREC,DEG3,NL,2024,88.4
A,PC_HH,VHCN_BEREC,DEG3,NL,2025,93.1
A,PC_HH,VHCN_BEREC,DEG3,PL,2025,70.8
A,PC_HH,VHCN_BEREC,DEG3,RO,2023,92.9
A,PC_HH,VHCN_BEREC,DEG3,RO,2024,93.7
A,PC_HH,VHCN_BEREC,DEG3,RO,2025,94.3
A,PC_HH,VHCN_BEREC,DEG3,SE,2023,71.4
A,PC_HH,VHCN_BEREC,DEG3,SE,2024,79.1
A,PC_HH,VHCN_BEREC,DEG3,SE,2025,78.3
A,PC_HH,VHCN_BEREC,DEG3,SI,2023,74.1
A,PC_HH,VHCN_BEREC,DEG3,SI,2024,96.0
A,PC_HH,VHCN_BEREC,DEG3,SI,2025,98.7
A,PC_HH,VHCN_BEREC,DEG3,SK,2023,35.0
A,PC_HH,VHCN_BEREC,DEG3,SK,2024,39.6
A,PC_HH,VHCN_BEREC,DEG3,SK,2025,57.5
A,PC_HH,VHCN_BEREC,DEG3,UK,2025,61.6
A,PC_HH,VHCN_BEREC,TOTAL,CY,2023,77.1
A,PC_HH,VHCN_BEREC,TOTAL,CY,2024,89.0
A,PC_HH,VHCN_BEREC,TOTAL,CY,2025,95.5
A,PC_HH,VHCN_BEREC,TOTAL,CZ,2023,55.6
A,PC_HH,VHCN_BEREC,TOTAL,CZ,2024,55.6
A,PC_HH,VHCN_BEREC,TOTAL,CZ,2025,59.2
A,PC_HH,VHCN_BEREC,TOTAL,DE,2025,97.3
A,PC_HH,VHCN_BEREC,TOTAL,DK,2023,99.9
A,PC_HH,VHCN_BEREC,TOTAL,DK,2024,100.0
A,PC_HH,VHCN_BEREC,TOTAL,DK,2025,100.0
A,PC_HH,VHCN_BEREC,TOTAL,EL,2025,64.2
A,PC_HH,VHCN_BEREC,TOTAL,ES,2023,92.1
A,PC_HH,VHCN_BEREC,TOTAL,ES,2024,97.9
A,PC_HH,VHCN_BEREC,TOTAL,ES,2025,99.1
A,PC_HH,VHCN_BEREC,TOTAL,FI,2025,80.0
A,PC_HH,VHCN_BEREC,TOTAL,FR,2023,81.4
A,PC_HH,VHCN_BEREC,TOTAL,FR,2024,87.5
A,PC_HH,VHCN_BEREC,TOTAL,FR,2025,91.7
A,PC_HH,VHCN_BEREC,TOTAL,IE,2024,98.2
A,PC_HH,VHCN_BEREC,TOTAL,IE,2025,97.8
A,PC_HH,VHCN_BEREC,TOTAL,IS,2024,98.7
A,PC_HH,VHCN_BEREC,TOTAL,IS,2025,97.3
A,PC_HH,VHCN_BEREC,TOTAL,IT,2023,92.9
A,PC_HH,VHCN_BEREC,TOTAL,IT,2024,97.0
A,PC_HH,VHCN_BEREC,TOTAL,IT,2025,96.0
A,PC_HH,VHCN_BEREC,TOTAL,LT,2023,97.2
A,PC_HH,VHCN_BEREC,TOTAL,LT,2024,98.1
A,PC_HH,VHCN_BEREC,TOTAL,LT,2025,98.0
A,PC_HH,VHCN_BEREC,TOTAL,LU,2023,94.7
A,PC_HH,VHCN_BEREC,TOTAL,LU,2024,95.2
A,PC_HH,VHCN_BEREC,TOTAL,LU,2025,95.5
A,PC_HH,VHCN_BEREC,TOTAL,LV,2023,73.2
A,PC_HH,VHCN_BEREC,TOTAL,LV,2024,72.0
A,PC_HH,VHCN_BEREC,TOTAL,LV,2025,66.8
A,PC_HH,VHCN_BEREC,TOTAL,MT,2023,100.0
A,PC_HH,VHCN_BEREC,TOTAL,MT,2024,100.0
A,PC_HH,VHCN_BEREC,TOTAL,MT,2025,100.0
A,PC_HH,VHCN_BEREC,TOTAL,NL,2023,98.3
A,PC_HH,VHCN_BEREC,TOTAL,NL,2024,98.4
A,PC_HH,VHCN_BEREC,TOTAL,NL,2025,98.8
A,PC_HH,VHCN_BEREC,TOTAL,PL,2025,84.3
A,PC_HH,VHCN_BEREC,TOTAL,RO,2023,95.7
A,PC_HH,VHCN_BEREC,TOTAL,RO,2024,95.9
A,PC_HH,VHCN_BEREC,TOTAL,RO,2025,96.5
A,PC_HH,VHCN_BEREC,TOTAL,SE,2023,92.3
A,PC_HH,VHCN_BEREC,TOTAL,SE,2024,95.3
A,PC_HH,VHCN_BEREC,TOTAL,SE,2025,95.3
A,PC_HH,VHCN_BEREC,TOTAL,SI,2023,91.8
A,PC_HH,VHCN_BEREC,TOTAL,SI,2024,98.9
A,PC_HH,VHCN_BEREC,TOTAL,SI,2025,99.7
A,PC_HH,VHCN_BEREC,TOTAL,SK,2023,69.1
A,PC_HH,VHCN_BEREC,TOTAL,SK,2024,73.0
A,PC_HH,VHCN_BEREC,TOTAL,SK,2025,83.6
A,PC_HH,VHCN_BEREC,TOTAL,UK,2025,87.1
A,PC_HH,VHCN_FX,DEG3,AT,2019,10.0
A,PC_HH,VHCN_FX,DEG3,AT,2020,12.1
A,PC_HH,VHCN_FX,DEG3,AT,2021,15.7
A,PC_HH,VHCN_FX,DEG3,AT,2022,27.4
A,PC_HH,VHCN_FX,DEG3,AT,2023,35.8
A,PC_HH,VHCN_FX,DEG3,AT,2024,42.2
A,PC_HH,VHCN_FX,DEG3,AT,2025,42.0
A,PC_HH,VHCN_FX,DEG3,BE,2019,9.2
A,PC_HH,VHCN_FX,DEG3,BE,2020,10.6
A,PC_HH,VHCN_FX,DEG3,BE,2021,55.1
A,PC_HH,VHCN_FX,DEG3,BE,2022,62.2
A,PC_HH,VHCN_FX,DEG3,BE,2023,72.0
A,PC_HH,VHCN_FX,DEG3,BE,2024,80.8
A,PC_HH,VHCN_FX,DEG3,BE,2025,86.1
A,PC_HH,VHCN_FX,DEG3,BG,2019,35.7
A,PC_HH,VHCN_FX,DEG3,BG,2020,48.7
A,PC_HH,VHCN_FX,DEG3,BG,2021,57.6
A,PC_HH,VHCN_FX,DEG3,BG,2022,65.4
A,PC_HH,VHCN_FX,DEG3,BG,2023,72.6
A,PC_HH,VHCN_FX,DEG3,BG,2024,79.1
A,PC_HH,VHCN_FX,DEG3,BG,2025,83.3
A,PC_HH,VHCN_FX,DEG3,CH,2019,67.5
A,PC_HH,VHCN_FX,DEG3,CH,2020,73.5
A,PC_HH,VHCN_FX,DEG3,CH,2021,77.0
A,PC_HH,VHCN_FX,DEG3,CH,2022,80.0
A,PC_HH,VHCN_FX,DEG3,CH,2023,81.6
A,PC_HH,VHCN_FX,DEG3,CH,2024,85.0
A,PC_HH,VHCN_FX,DEG3,CH,2025,86.9
A,PC_HH,VHCN_FX,DEG3,CY,2019,5.5
A,PC_HH,VHCN_FX,DEG3,CY,2020,12.2
A,PC_HH,VHCN_FX,DEG3,CY,2021,22.4
A,PC_HH,VHCN_FX,DEG3,CY,2022,35.0
A,PC_HH,VHCN_FX,DEG3,CY,2023,55.7
A,PC_HH,VHCN_FX,DEG3,CY,2024,78.1
A,PC_HH,VHCN_FX,DEG3,CY,2025,89.5
A,PC_HH,VHCN_FX,DEG3,CZ,2019,5.9
A,PC_HH,VHCN_FX,DEG3,CZ,2020,6.4
A,PC_HH,VHCN_FX,DEG3,CZ,2021,7.0
A,PC_HH,VHCN_FX,DEG3,CZ,2022,8.2
A,PC_HH,VHCN_FX,DEG3,CZ,2023,7.2
A,PC_HH,VHCN_FX,DEG3,CZ,2024,10.0
A,PC_HH,VHCN_FX,DEG3,CZ,2025,11.9
A,PC_HH,VHCN_FX,DEG3,DE,2019,10.3
A,PC_HH,VHCN_FX,DEG3,DE,2020,16.4
A,PC_HH,VHCN_FX,DEG3,DE,2021,22.4
A,PC_HH,VHCN_FX,DEG3,DE,2022,30.1
A,PC_HH,VHCN_FX,DEG3,DE,2023,37.6
A,PC_HH,VHCN_FX,DEG3,DE,2024,45.2
A,PC_HH,VHCN_FX,DEG3,DE,2025,56.1
A,PC_HH,VHCN_FX,DEG3,DK,2019,69.2
A,PC_HH,VHCN_FX,DEG3,DK,2020,72.6
A,PC_HH,VHCN_FX,DEG3,DK,2021,79.1
A,PC_HH,VHCN_FX,DEG3,DK,2022,88.0
A,PC_HH,VHCN_FX,DEG3,DK,2023,90.8
A,PC_HH,VHCN_FX,DEG3,DK,2024,92.0
A,PC_HH,VHCN_FX,DEG3,DK,2025,93.0
A,PC_HH,VHCN_FX,DEG3,EE,2019,19.8
A,PC_HH,VHCN_FX,DEG3,EE,2020,20.5
A,PC_HH,VHCN_FX,DEG3,EE,2021,21.1
A,PC_HH,VHCN_FX,DEG3,EE,2022,33.9
A,PC_HH,VHCN_FX,DEG3,EE,2023,67.8
A,PC_HH,VHCN_FX,DEG3,EE,2024,71.8
A,PC_HH,VHCN_FX,DEG3,EE,2025,78.5
A,PC_HH,VHCN_FX,DEG3,EL,2024,3.3
A,PC_HH,VHCN_FX,DEG3,EL,2025,7.0
A,PC_HH,VHCN_FX,DEG3,ES,2019,51.9
A,PC_HH,VHCN_FX,DEG3,ES,2020,64.2
A,PC_HH,VHCN_FX,DEG3,ES,2021,71.5
A,PC_HH,VHCN_FX,DEG3,ES,2022,76.0
A,PC_HH,VHCN_FX,DEG3,ES,2023,86.9
A,PC_HH,VHCN_FX,DEG3,ES,2024,86.3
A,PC_HH,VHCN_FX,DEG3,ES,2025,88.7
A,PC_HH,VHCN_FX,DEG3,FI,2019,9.1
A,PC_HH,VHCN_FX,DEG3,FI,2020,9.4
A,PC_HH,VHCN_FX,DEG3,FI,2021,12.4
A,PC_HH,VHCN_FX,DEG3,FI,2022,25.4
A,PC_HH,VHCN_FX,DEG3,FI,2023,39.3
A,PC_HH,VHCN_FX,DEG3,FI,2024,50.0
A,PC_HH,VHCN_FX,DEG3,FI,2025,57.4
A,PC_HH,VHCN_FX,DEG3,FR,2019,12.4
A,PC_HH,VHCN_FX,DEG3,FR,2020,18.4
A,PC_HH,VHCN_FX,DEG3,FR,2021,28.8
A,PC_HH,VHCN_FX,DEG3,FR,2022,45.9
A,PC_HH,VHCN_FX,DEG3,FR,2023,64.6
A,PC_HH,VHCN_FX,DEG3,FR,2024,78.1
A,PC_HH,VHCN_FX,DEG3,FR,2025,87.8
A,PC_HH,VHCN_FX,DEG3,HR,2019,9.5
A,PC_HH,VHCN_FX,DEG3,HR,2020,10.6
A,PC_HH,VHCN_FX,DEG3,HR,2021,14.0
A,PC_HH,VHCN_FX,DEG3,HR,2022,19.2
A,PC_HH,VHCN_FX,DEG3,HR,2023,25.5
A,PC_HH,VHCN_FX,DEG3,HR,2024,49.1
A,PC_HH,VHCN_FX,DEG3,HR,2025,54.2
A,PC_HH,VHCN_FX,DEG3,HU,2019,28.9
A,PC_HH,VHCN_FX,DEG3,HU,2020,35.6
A,PC_HH,VHCN_FX,DEG3,HU,2021,38.3
A,PC_HH,VHCN_FX,DEG3,HU,2022,59.0
A,PC_HH,VHCN_FX,DEG3,HU,2023,70.1
A,PC_HH,VHCN_FX,DEG3,HU,2024,75.9
A,PC_HH,VHCN_FX,DEG3,HU,2025,77.6
A,PC_HH,VHCN_FX,DEG3,IE,2019,13.4
A,PC_HH,VHCN_FX,DEG3,IE,2020,20.6
A,PC_HH,VHCN_FX,DEG3,IE,2021,33.1
A,PC_HH,VHCN_FX,DEG3,IE,2022,46.0
A,PC_HH,VHCN_FX,DEG3,IE,2023,56.9
A,PC_HH,VHCN_FX,DEG3,IE,2024,72.2
A,PC_HH,VHCN_FX,DEG3,IE,2025,79.3
A,PC_HH,VHCN_FX,DEG3,IS,2019,54.7
A,PC_HH,VHCN_FX,DEG3,IS,2020,66.3
A,PC_HH,VHCN_FX,DEG3,IS,2021,78.4
A,PC_HH,VHCN_FX,DEG3,IS,2022,78.7
A,PC_HH,VHCN_FX,DEG3,IS,2023,84.3
A,PC_HH,VHCN_FX,DEG3,IS,2024,82.7
A,PC_HH,VHCN_FX,DEG3,IS,2025,80.1
A,PC_HH,VHCN_FX,DEG3,IT,2019,2.1
A,PC_HH,VHCN_FX,DEG3,IT,2020,8.4
A,PC_HH,VHCN_FX,DEG3,IT,2021,17.4
A,PC_HH,VHCN_FX,DEG3,IT,2022,26.0
A,PC_HH,VHCN_FX,DEG3,IT,2023,37.7
A,PC_HH,VHCN_FX,DEG3,IT,2024,36.8
A,PC_HH,VHCN_FX,DEG3,IT,2025,44.5
A,PC_HH,VHCN_FX,DEG3,LT,2019,22.5
A,PC_HH,VHCN_FX,DEG3,LT,2020,23.3
A,PC_HH,VHCN_FX,DEG3,LT,2021,37.1
A,PC_HH,VHCN_FX,DEG3,LT,2022,39.5
A,PC_HH,VHCN_FX,DEG3,LT,2023,39.6
A,PC_HH,VHCN_FX,DEG3,LT,2024,37.9
A,PC_HH,VHCN_FX,DEG3,LT,2025,38.2
A,PC_HH,VHCN_FX,DEG3,LU,2019,77.2
A,PC_HH,VHCN_FX,DEG3,LU,2020,77.9
A,PC_HH,VHCN_FX,DEG3,LU,2021,78.6
A,PC_HH,VHCN_FX,DEG3,LU,2022,79.1
A,PC_HH,VHCN_FX,DEG3,LU,2023,80.3
A,PC_HH,VHCN_FX,DEG3,LU,2024,82.8
A,PC_HH,VHCN_FX,DEG3,LU,2025,86.0
A,PC_HH,VHCN_FX,DEG3,LV,2019,9.2
A,PC_HH,VHCN_FX,DEG3,LV,2020,10.0
A,PC_HH,VHCN_FX,DEG3,LV,2021,11.0
A,PC_HH,VHCN_FX,DEG3,LV,2022,11.2
A,PC_HH,VHCN_FX,DEG3,LV,2023,11.7
A,PC_HH,VHCN_FX,DEG3,LV,2024,10.4
A,PC_HH,VHCN_FX,DEG3,LV,2025,10.9
A,PC_HH,VHCN_FX,DEG3,MT,2019,100.0
A,PC_HH,VHCN_FX,DEG3,MT,2020,100.0
A,PC_HH,VHCN_FX,DEG3,MT,2021,100.0
A,PC_HH,VHCN_FX,DEG3,MT,2022,100.0
A,PC_HH,VHCN_FX,DEG3,MT,2023,100.0
A,PC_HH,VHCN_FX,DEG3,MT,2024,100.0
A,PC_HH,VHCN_FX,DEG3,MT,2025,100.0
A,PC_HH,VHCN_FX,DEG3,NL,2019,39.6
A,PC_HH,VHCN_FX,DEG3,NL,2020,40.4
A,PC_HH,VHCN_FX,DEG3,NL,2021,67.6
A,PC_HH,VHCN_FX,DEG3,NL,2022,88.3
A,PC_HH,VHCN_FX,DEG3,NL,2023,89.4
A,PC_HH,VHCN_FX,DEG3,NL,2024,88.4
A,PC_HH,VHCN_FX,DEG3,NL,2025,93.1
A,PC_HH,VHCN_FX,DEG3,NO,2019,44.8
A,PC_HH,VHCN_FX,DEG3,NO,2020,56.3
A,PC_HH,VHCN_FX,DEG3,NO,2021,64.0
A,PC_HH,VHCN_FX,DEG3,NO,2022,70.4
A,PC_HH,VHCN_FX,DEG3,NO,2023,76.8
A,PC_HH,VHCN_FX,DEG3,NO,2024,81.4
A,PC_HH,VHCN_FX,DEG3,NO,2025,82.3
A,PC_HH,VHCN_FX,DEG3,PL,2019,18.7
A,PC_HH,VHCN_FX,DEG3,PL,2020,24.9
A,PC_HH,VHCN_FX,DEG3,PL,2021,33.4
A,PC_HH,VHCN_FX,DEG3,PL,2022,32.8
A,PC_HH,VHCN_FX,DEG3,PL,2023,57.2
A,PC_HH,VHCN_FX,DEG3,PL,2024,66.5
A,PC_HH,VHCN_FX,DEG3,PL,2025,67.4
A,PC_HH,VHCN_FX,DEG3,PT,2019,69.4
A,PC_HH,VHCN_FX,DEG3,PT,2020,70.3
A,PC_HH,VHCN_FX,DEG3,PT,2021,75.9
A,PC_HH,VHCN_FX,DEG3,PT,2022,68.8
A,PC_HH,VHCN_FX,DEG3,PT,2023,71.4
A,PC_HH,VHCN_FX,DEG3,PT,2024,73.2
A,PC_HH,VHCN_FX,DEG3,PT,2025,81.6
A,PC_HH,VHCN_FX,DEG3,RO,2019,39.1
A,PC_HH,VHCN_FX,DEG3,RO,2020,55.6
A,PC_HH,VHCN_FX,DEG3,RO,2021,75.7
A,PC_HH,VHCN_FX,DEG3,RO,2022,90.1
A,PC_HH,VHCN_FX,DEG3,RO,2023,92.5
A,PC_HH,VHCN_FX,DEG3,RO,2024,93.6
A,PC_HH,VHCN_FX,DEG3,RO,2025,94.2
A,PC_HH,VHCN_FX,DEG3,SE,2019,40.6
A,PC_HH,VHCN_FX,DEG3,SE,2020,48.1
A,PC_HH,VHCN_FX,DEG3,SE,2021,54.3
A,PC_HH,VHCN_FX,DEG3,SE,2022,59.6
A,PC_HH,VHCN_FX,DEG3,SE,2023,65.2
A,PC_HH,VHCN_FX,DEG3,SE,2024,69.4
A,PC_HH,VHCN_FX,DEG3,SE,2025,69.4
A,PC_HH,VHCN_FX,DEG3,SI,2019,38.0
A,PC_HH,VHCN_FX,DEG3,SI,2020,39.0
A,PC_HH,VHCN_FX,DEG3,SI,2021,46.4
A,PC_HH,VHCN_FX,DEG3,SI,2022,51.0
A,PC_HH,VHCN_FX,DEG3,SI,2023,56.8
A,PC_HH,VHCN_FX,DEG3,SI,2024,58.6
A,PC_HH,VHCN_FX,DEG3,SI,2025,67.0
A,PC_HH,VHCN_FX,DEG3,SK,2019,15.3
A,PC_HH,VHCN_FX,DEG3,SK,2020,18.0
A,PC_HH,VHCN_FX,DEG3,SK,2021,21.6
A,PC_HH,VHCN_FX,DEG3,SK,2022,32.3
A,PC_HH,VHCN_FX,DEG3,SK,2023,35.0
A,PC_HH,VHCN_FX,DEG3,SK,2024,39.6
A,PC_HH,VHCN_FX,DEG3,SK,2025,57.5
A,PC_HH,VHCN_FX,DEG3,UK,2019,5.9
A,PC_HH,VHCN_FX,DEG3,UK,2020,11.8
A,PC_HH,VHCN_FX,DEG3,UK,2021,20.5
A,PC_HH,VHCN_FX,DEG3,UK,2022,31.2
A,PC_HH,VHCN_FX,DEG3,UK,2023,41.1
A,PC_HH,VHCN_FX,DEG3,UK,2024,54.1
A,PC_HH,VHCN_FX,DEG3,UK,2025,61.6
A,PC_HH,VHCN_FX,TOTAL,AT,2019,13.8
A,PC_HH,VHCN_FX,TOTAL,AT,2020,39.3
A,PC_HH,VHCN_FX,TOTAL,AT,2021,45.4
A,PC_HH,VHCN_FX,TOTAL,AT,2022,54.8
A,PC_HH,VHCN_FX,TOTAL,AT,2023,67.6
A,PC_HH,VHCN_FX,TOTAL,AT,2024,72.2
A,PC_HH,VHCN_FX,TOTAL,AT,2025,76.3
A,PC_HH,VHCN_FX,TOTAL,BE,2019,66.5
A,PC_HH,VHCN_FX,TOTAL,BE,2020,67.5
A,PC_HH,VHCN_FX,TOTAL,BE,2021,68.9
A,PC_HH,VHCN_FX,TOTAL,BE,2022,78.3
A,PC_HH,VHCN_FX,TOTAL,BE,2023,91.2
A,PC_HH,VHCN_FX,TOTAL,BE,2024,93.8
A,PC_HH,VHCN_FX,TOTAL,BE,2025,96.2
A,PC_HH,VHCN_FX,TOTAL,BG,2019,65.2
A,PC_HH,VHCN_FX,TOTAL,BG,2020,75.2
A,PC_HH,VHCN_FX,TOTAL,BG,2021,81.4
A,PC_HH,VHCN_FX,TOTAL,BG,2022,85.6
A,PC_HH,VHCN_FX,TOTAL,BG,2023,88.6
A,PC_HH,VHCN_FX,TOTAL,BG,2024,90.4
A,PC_HH,VHCN_FX,TOTAL,BG,2025,93.5
A,PC_HH,VHCN_FX,TOTAL,CH,2019,79.4
A,PC_HH,VHCN_FX,TOTAL,CH,2020,85.9
A,PC_HH,VHCN_FX,TOTAL,CH,2021,86.6
A,PC_HH,VHCN_FX,TOTAL,CH,2022,86.8
A,PC_HH,VHCN_FX,TOTAL,CH,2023,89.3
A,PC_HH,VHCN_FX,TOTAL,CH,2024,88.4
A,PC_HH,VHCN_FX,TOTAL,CH,2025,90.1
A,PC_HH,VHCN_FX,TOTAL,CY,2019,10.1
A,PC_HH,VHCN_FX,TOTAL,CY,2020,26.2
A,PC_HH,VHCN_FX,TOTAL,CY,2021,41.4
A,PC_HH,VHCN_FX,TOTAL,CY,2022,60.0
A,PC_HH,VHCN_FX,TOTAL,CY,2023,77.1
A,PC_HH,VHCN_FX,TOTAL,CY,2024,89.0
A,PC_HH,VHCN_FX,TOTAL,CY,2025,95.5
A,PC_HH,VHCN_FX,TOTAL,CZ,2019,29.3
A,PC_HH,VHCN_FX,TOTAL,CZ,2020,33.3
A,PC_HH,VHCN_FX,TOTAL,CZ,2021,52.5
A,PC_HH,VHCN_FX,TOTAL,CZ,2022,53.2
A,PC_HH,VHCN_FX,TOTAL,CZ,2023,50.5
A,PC_HH,VHCN_FX,TOTAL,CZ,2024,53.9
A,PC_HH,VHCN_FX,TOTAL,CZ,2025,54.7
A,PC_HH,VHCN_FX,TOTAL,DE,2019,34.4
A,PC_HH,VHCN_FX,TOTAL,DE,2020,55.9
A,PC_HH,VHCN_FX,TOTAL,DE,2021,74.9
A,PC_HH,VHCN_FX,TOTAL,DE,2022,70.1
A,PC_HH,VHCN_FX,TOTAL,DE,2023,74.7
A,PC_HH,VHCN_FX,TOTAL,DE,2024,77.4
A,PC_HH,VHCN_FX,TOTAL,DE,2025,79.9
A,PC_HH,VHCN_FX,TOTAL,DK,2019,93.0
A,PC_HH,VHCN_FX,TOTAL,DK,2020,93.8
A,PC_HH,VHCN_FX,TOTAL,DK,2021,94.9
A,PC_HH,VHCN_FX,TOTAL,DK,2022,96.3
A,PC_HH,VHCN_FX,TOTAL,DK,2023,97.2
A,PC_HH,VHCN_FX,TOTAL,DK,2024,96.8
A,PC_HH,VHCN_FX,TOTAL,DK,2025,97.7
A,PC_HH,VHCN_FX,TOTAL,EE,2019,57.5
A,PC_HH,VHCN_FX,TOTAL,EE,2020,70.9
A,PC_HH,VHCN_FX,TOTAL,EE,2021,73.4
A,PC_HH,VHCN_FX,TOTAL,EE,2022,76.3
A,PC_HH,VHCN_FX,TOTAL,EE,2023,76.9
A,PC_HH,VHCN_FX,TOTAL,EE,2024,76.3
A,PC_HH,VHCN_FX,TOTAL,EE,2025,81.1
A,PC_HH,VHCN_FX,TOTAL,EL,2019,7.0
A,PC_HH,VHCN_FX,TOTAL,EL,2020,10.2
A,PC_HH,VHCN_FX,TOTAL,EL,2021,19.8
A,PC_HH,VHCN_FX,TOTAL,EL,2022,27.9
A,PC_HH,VHCN_FX,TOTAL,EL,2023,38.4
A,PC_HH,VHCN_FX,TOTAL,EL,2024,46.1
A,PC_HH,VHCN_FX,TOTAL,EL,2025,59.8
A,PC_HH,VHCN_FX,TOTAL,ES,2019,89.0
A,PC_HH,VHCN_FX,TOTAL,ES,2020,91.7
A,PC_HH,VHCN_FX,TOTAL,ES,2021,93.8
A,PC_HH,VHCN_FX,TOTAL,ES,2022,93.3
A,PC_HH,VHCN_FX,TOTAL,ES,2023,96.3
A,PC_HH,VHCN_FX,TOTAL,ES,2024,95.0
A,PC_HH,VHCN_FX,TOTAL,ES,2025,96.0
A,PC_HH,VHCN_FX,TOTAL,FI,2019,61.8
A,PC_HH,VHCN_FX,TOTAL,FI,2020,66.7
A,PC_HH,VHCN_FX,TOTAL,FI,2021,68.0
A,PC_HH,VHCN_FX,TOTAL,FI,2022,70.8
A,PC_HH,VHCN_FX,TOTAL,FI,2023,77.7
A,PC_HH,VHCN_FX,TOTAL,FI,2024,81.7
A,PC_HH,VHCN_FX,TOTAL,FI,2025,84.6
A,PC_HH,VHCN_FX,TOTAL,FR,2019,43.8
A,PC_HH,VHCN_FX,TOTAL,FR,2020,52.6
A,PC_HH,VHCN_FX,TOTAL,FR,2021,63.4
A,PC_HH,VHCN_FX,TOTAL,FR,2022,73.4
A,PC_HH,VHCN_FX,TOTAL,FR,2023,81.4
A,PC_HH,VHCN_FX,TOTAL,FR,2024,87.5
A,PC_HH,VHCN_FX,TOTAL,FR,2025,91.7
A,PC_HH,VHCN_FX,TOTAL,HR,2019,43.2
A,PC_HH,VHCN_FX,TOTAL,HR,2020,46.5
A,PC_HH,VHCN_FX,TOTAL,HR,2021,52.3
A,PC_HH,VHCN_FX,TOTAL,HR,2022,61.5
A,PC_HH,VHCN_FX,TOTAL,HR,2023,67.8
A,PC_HH,VHCN_FX,TOTAL,HR,2024,78.9
A,PC_HH,VHCN_FX,TOTAL,HR,2025,82.7
A,PC_HH,VHCN_FX,TOTAL,HU,2019,42.6
A,PC_HH,VHCN_FX,TOTAL,HU,2020,48.6
A,PC_HH,VHCN_FX,TOTAL,HU,2021,71.8
A,PC_HH,VHCN_FX,TOTAL,HU,2022,80.3
A,PC_HH,VHCN_FX,TOTAL,HU,2023,84.1
A,PC_HH,VHCN_FX,TOTAL,HU,2024,86.0
A,PC_HH,VHCN_FX,TOTAL,HU,2025,87.4
A,PC_HH,VHCN_FX,TOTAL,IE,2019,35.4
A,PC_HH,VHCN_FX,TOTAL,IE,2020,65.7
A,PC_HH,VHCN_FX,TOTAL,IE,2021,71.7
A,PC_HH,VHCN_FX,TOTAL,IE,2022,72.2
A,PC_HH,VHCN_FX,TOTAL,IE,2023,78.5
A,PC_HH,VHCN_FX,TOTAL,IE,2024,87.2
A,PC_HH,VHCN_FX,TOTAL,IE,2025,89.0
A,PC_HH,VHCN_FX,TOTAL,IS,2019,82.0
A,PC_HH,VHCN_FX,TOTAL,IS,2020,83.6
A,PC_HH,VHCN_FX,TOTAL,IS,2021,88.7
A,PC_HH,VHCN_FX,TOTAL,IS,2022,89.2
A,PC_HH,VHCN_FX,TOTAL,IS,2023,92.6
A,PC_HH,VHCN_FX,TOTAL,IS,2024,95.3
A,PC_HH,VHCN_FX,TOTAL,IS,2025,95.6
A,PC_HH,VHCN_FX,TOTAL,IT,2019,30.0
A,PC_HH,VHCN_FX,TOTAL,IT,2020,33.7
A,PC_HH,VHCN_FX,TOTAL,IT,2021,44.2
A,PC_HH,VHCN_FX,TOTAL,IT,2022,53.7
A,PC_HH,VHCN_FX,TOTAL,IT,2023,59.6
A,PC_HH,VHCN_FX,TOTAL,IT,2024,70.7
A,PC_HH,VHCN_FX,TOTAL,IT,2025,77.6
A,PC_HH,VHCN_FX,TOTAL,LT,2019,61.0
A,PC_HH,VHCN_FX,TOTAL,LT,2020,67.0
A,PC_HH,VHCN_FX,TOTAL,LT,2021,78.2
A,PC_HH,VHCN_FX,TOTAL,LT,2022,78.0
A,PC_HH,VHCN_FX,TOTAL,LT,2023,78.1
A,PC_HH,VHCN_FX,TOTAL,LT,2024,78.3
A,PC_HH,VHCN_FX,TOTAL,LT,2025,79.0
A,PC_HH,VHCN_FX,TOTAL,LU,2019,90.7
A,PC_HH,VHCN_FX,TOTAL,LU,2020,91.7
A,PC_HH,VHCN_FX,TOTAL,LU,2021,92.6
A,PC_HH,VHCN_FX,TOTAL,LU,2022,93.3
A,PC_HH,VHCN_FX,TOTAL,LU,2023,94.7
A,PC_HH,VHCN_FX,TOTAL,LU,2024,95.2
A,PC_HH,VHCN_FX,TOTAL,LU,2025,95.5
A,PC_HH,VHCN_FX,TOTAL,LV,2019,58.3
A,PC_HH,VHCN_FX,TOTAL,LV,2020,59.8
A,PC_HH,VHCN_FX,TOTAL,LV,2021,62.5
A,PC_HH,VHCN_FX,TOTAL,LV,2022,62.7
A,PC_HH,VHCN_FX,TOTAL,LV,2023,68.0
A,PC_HH,VHCN_FX,TOTAL,LV,2024,68.1
A,PC_HH,VHCN_FX,TOTAL,LV,2025,66.7
A,PC_HH,VHCN_FX,TOTAL,MT,2019,100.0
A,PC_HH,VHCN_FX,TOTAL,MT,2020,100.0
A,PC_HH,VHCN_FX,TOTAL,MT,2021,100.0
A,PC_HH,VHCN_FX,TOTAL,MT,2022,100.0
A,PC_HH,VHCN_FX,TOTAL,MT,2023,100.0
A,PC_HH,VHCN_FX,TOTAL,MT,2024,100.0
A,PC_HH,VHCN_FX,TOTAL,MT,2025,100.0
A,PC_HH,VHCN_FX,TOTAL,NL,2019,88.6
A,PC_HH,VHCN_FX,TOTAL,NL,2020,89.8
A,PC_HH,VHCN_FX,TOTAL,NL,2021,90.6
A,PC_HH,VHCN_FX,TOTAL,NL,2022,97.8
A,PC_HH,VHCN_FX,TOTAL,NL,2023,98.3
A,PC_HH,VHCN_FX,TOTAL,NL,2024,98.4
A,PC_HH,VHCN_FX,TOTAL,NL,2025,98.8
A,PC_HH,VHCN_FX,TOTAL,NO,2019,71.4
A,PC_HH,VHCN_FX,TOTAL,NO,2020,73.7
A,PC_HH,VHCN_FX,TOTAL,NO,2021,75.8
A,PC_HH,VHCN_FX,TOTAL,NO,2022,81.9
A,PC_HH,VHCN_FX,TOTAL,NO,2023,87.2
A,PC_HH,VHCN_FX,TOTAL,NO,2024,89.0
A,PC_HH,VHCN_FX,TOTAL,NO,2025,91.0
A,PC_HH,VHCN_FX,TOTAL,PL,2019,60.3
A,PC_HH,VHCN_FX,TOTAL,PL,2020,64.6
A,PC_HH,VHCN_FX,TOTAL,PL,2021,70.0
A,PC_HH,VHCN_FX,TOTAL,PL,2022,70.7
A,PC_HH,VHCN_FX,TOTAL,PL,2023,81.1
A,PC_HH,VHCN_FX,TOTAL,PL,2024,83.8
A,PC_HH,VHCN_FX,TOTAL,PL,2025,84.1
A,PC_HH,VHCN_FX,TOTAL,PT,2019,83.0
A,PC_HH,VHCN_FX,TOTAL,PT,2020,86.6
A,PC_HH,VHCN_FX,TOTAL,PT,2021,90.5
A,PC_HH,VHCN_FX,TOTAL,PT,2022,93.0
A,PC_HH,VHCN_FX,TOTAL,PT,2023,94.2
A,PC_HH,VHCN_FX,TOTAL,PT,2024,94.6
A,PC_HH,VHCN_FX,TOTAL,PT,2025,97.1
A,PC_HH,VHCN_FX,TOTAL,RO,2019,68.2
A,PC_HH,VHCN_FX,TOTAL,RO,2020,75.9
A,PC_HH,VHCN_FX,TOTAL,RO,2021,87.1
A,PC_HH,VHCN_FX,TOTAL,RO,2022,95.6
A,PC_HH,VHCN_FX,TOTAL,RO,2023,95.0
A,PC_HH,VHCN_FX,TOTAL,RO,2024,95.9
A,PC_HH,VHCN_FX,TOTAL,RO,2025,96.4
A,PC_HH,VHCN_FX,TOTAL,SE,2019,77.1
A,PC_HH,VHCN_FX,TOTAL,SE,2020,80.5
A,PC_HH,VHCN_FX,TOTAL,SE,2021,82.6
A,PC_HH,VHCN_FX,TOTAL,SE,2022,81.6
A,PC_HH,VHCN_FX,TOTAL,SE,2023,88.5
A,PC_HH,VHCN_FX,TOTAL,SE,2024,89.7
A,PC_HH,VHCN_FX,TOTAL,SE,2025,89.8
A,PC_HH,VHCN_FX,TOTAL,SI,2019,63.8
A,PC_HH,VHCN_FX,TOTAL,SI,2020,65.6
A,PC_HH,VHCN_FX,TOTAL,SI,2021,72.4
A,PC_HH,VHCN_FX,TOTAL,SI,2022,75.5
A,PC_HH,VHCN_FX,TOTAL,SI,2023,78.5
A,PC_HH,VHCN_FX,TOTAL,SI,2024,79.6
A,PC_HH,VHCN_FX,TOTAL,SI,2025,83.9
A,PC_HH,VHCN_FX,TOTAL,SK,2019,45.5
A,PC_HH,VHCN_FX,TOTAL,SK,2020,50.2
A,PC_HH,VHCN_FX,TOTAL,SK,2021,66.7
A,PC_HH,VHCN_FX,TOTAL,SK,2022,71.3
A,PC_HH,VHCN_FX,TOTAL,SK,2023,69.1
A,PC_HH,VHCN_FX,TOTAL,SK,2024,73.0
A,PC_HH,VHCN_FX,TOTAL,SK,2025,83.6
A,PC_HH,VHCN_FX,TOTAL,UK,2019,8.5
A,PC_HH,VHCN_FX,TOTAL,UK,2020,21.0
A,PC_HH,VHCN_FX,TOTAL,UK,2021,39.9
A,PC_HH,VHCN_FX,TOTAL,UK,2022,66.2
A,PC_HH,VHCN_FX,TOTAL,UK,2023,74.7
A,PC_HH,VHCN_FX,TOTAL,UK,2024,82.9
A,PC_HH,VHCN_FX,TOTAL,UK,2025,86.8
A,PC_HH,WIMAX,DEG3,AT,2013,17.9
A,PC_HH,WIMAX,DEG3,AT,2014,18.0
A,PC_HH,WIMAX,DEG3,AT,2015,18.0
A,PC_HH,WIMAX,DEG3,AT,2016,11.6
A,PC_HH,WIMAX,DEG3,AT,2017,10.9
A,PC_HH,WIMAX,DEG3,AT,2018,11.1
A,PC_HH,WIMAX,DEG3,BE,2013,3.3
A,PC_HH,WIMAX,DEG3,BE,2014,3.3
A,PC_HH,WIMAX,DEG3,BE,2015,3.3
A,PC_HH,WIMAX,DEG3,BE,2016,2.6
A,PC_HH,WIMAX,DEG3,BE,2017,2.5
A,PC_HH,WIMAX,DEG3,BE,2018,2.6
A,PC_HH,WIMAX,DEG3,BG,2013,12.3
A,PC_HH,WIMAX,DEG3,BG,2014,12.3
A,PC_HH,WIMAX,DEG3,BG,2015,12.3
A,PC_HH,WIMAX,DEG3,CZ,2013,70.1
A,PC_HH,WIMAX,DEG3,CZ,2014,70.0
A,PC_HH,WIMAX,DEG3,CZ,2015,69.9
A,PC_HH,WIMAX,DEG3,CZ,2016,83.5
A,PC_HH,WIMAX,DEG3,CZ,2017,71.8
A,PC_HH,WIMAX,DEG3,CZ,2018,74.0
A,PC_HH,WIMAX,DEG3,DE,2013,13.0
A,PC_HH,WIMAX,DEG3,DE,2014,13.3
A,PC_HH,WIMAX,DEG3,DE,2015,14.2
A,PC_HH,WIMAX,DEG3,DE,2016,13.7
A,PC_HH,WIMAX,DEG3,DE,2017,13.6
A,PC_HH,WIMAX,DEG3,DE,2018,13.6
A,PC_HH,WIMAX,DEG3,DK,2015,4.0
A,PC_HH,WIMAX,DEG3,DK,2016,5.6
A,PC_HH,WIMAX,DEG3,DK,2017,7.9
A,PC_HH,WIMAX,DEG3,DK,2018,8.6
A,PC_HH,WIMAX,DEG3,EE,2013,38.7
A,PC_HH,WIMAX,DEG3,EE,2014,40.0
A,PC_HH,WIMAX,DEG3,EE,2015,43.1
A,PC_HH,WIMAX,DEG3,EE,2016,15.4
A,PC_HH,WIMAX,DEG3,EE,2017,8.1
A,PC_HH,WIMAX,DEG3,EE,2018,8.1
A,PC_HH,WIMAX,DEG3,EL,2013,0.2
A,PC_HH,WIMAX,DEG3,EL,2014,0.4
A,PC_HH,WIMAX,DEG3,EL,2015,0.5
A,PC_HH,WIMAX,DEG3,EL,2016,0.8
A,PC_HH,WIMAX,DEG3,EL,2017,0.9
A,PC_HH,WIMAX,DEG3,EL,2018,0.8
A,PC_HH,WIMAX,DEG3,ES,2013,51.7
A,PC_HH,WIMAX,DEG3,ES,2014,49.8
A,PC_HH,WIMAX,DEG3,ES,2015,49.8
A,PC_HH,WIMAX,DEG3,ES,2016,51.5
A,PC_HH,WIMAX,DEG3,ES,2017,56.4
A,PC_HH,WIMAX,DEG3,ES,2018,59.0
A,PC_HH,WIMAX,DEG3,FI,2013,0.0
A,PC_HH,WIMAX,DEG3,FI,2014,1.1
A,PC_HH,WIMAX,DEG3,FI,2015,1.1
A,PC_HH,WIMAX,DEG3,HR,2013,0.2
A,PC_HH,WIMAX,DEG3,HR,2014,3.1
A,PC_HH,WIMAX,DEG3,HR,2015,3.2
A,PC_HH,WIMAX,DEG3,IE,2013,24.0
A,PC_HH,WIMAX,DEG3,IE,2014,22.9
A,PC_HH,WIMAX,DEG3,IE,2015,22.8
A,PC_HH,WIMAX,DEG3,IE,2016,22.8
A,PC_HH,WIMAX,DEG3,IE,2017,17.6
A,PC_HH,WIMAX,DEG3,IE,2018,17.6
A,PC_HH,WIMAX,DEG3,IS,2013,6.6
A,PC_HH,WIMAX,DEG3,IS,2014,7.0
A,PC_HH,WIMAX,DEG3,IS,2015,7.0
A,PC_HH,WIMAX,DEG3,IS,2018,27.0
A,PC_HH,WIMAX,DEG3,IT,2013,38.2
A,PC_HH,WIMAX,DEG3,IT,2014,47.2
A,PC_HH,WIMAX,DEG3,IT,2015,47.1
A,PC_HH,WIMAX,DEG3,IT,2016,45.1
A,PC_HH,WIMAX,DEG3,IT,2017,45.0
A,PC_HH,WIMAX,DEG3,IT,2018,45.0
A,PC_HH,WIMAX,DEG3,LT,2013,10.6
A,PC_HH,WIMAX,DEG3,LT,2014,9.0
A,PC_HH,WIMAX,DEG3,LT,2015,8.1
A,PC_HH,WIMAX,DEG3,LT,2016,7.2
A,PC_HH,WIMAX,DEG3,LT,2017,2.3
A,PC_HH,WIMAX,DEG3,LT,2018,1.0
A,PC_HH,WIMAX,DEG3,LV,2013,28.4
A,PC_HH,WIMAX,DEG3,LV,2014,28.6
A,PC_HH,WIMAX,DEG3,LV,2015,24.1
A,PC_HH,WIMAX,DEG3,LV,2016,24.7
A,PC_HH,WIMAX,DEG3,LV,2017,15.7
A,PC_HH,WIMAX,DEG3,LV,2018,17.0
A,PC_HH,WIMAX,DEG3,MT,2013,100.0
A,PC_HH,WIMAX,DEG3,MT,2014,100.0
A,PC_HH,WIMAX,DEG3,MT,2015,100.0
A,PC_HH,WIMAX,DEG3,NO,2013,34.1
A,PC_HH,WIMAX,DEG3,PL,2013,0.3
A,PC_HH,WIMAX,DEG3,PL,2014,0.8
A,PC_HH,WIMAX,DEG3,PL,2015,1.1
A,PC_HH,WIMAX,DEG3,PL,2016,0.9
A,PC_HH,WIMAX,DEG3,PL,2017,0.8
A,PC_HH,WIMAX,DEG3,PL,2018,1.2
A,PC_HH,WIMAX,DEG3,RO,2013,25.2
A,PC_HH,WIMAX,DEG3,RO,2014,33.2
A,PC_HH,WIMAX,DEG3,RO,2015,31.2
A,PC_HH,WIMAX,DEG3,RO,2016,33.5
A,PC_HH,WIMAX,DEG3,RO,2017,33.4
A,PC_HH,WIMAX,DEG3,RO,2018,32.5
A,PC_HH,WIMAX,DEG3,SI,2013,1.2
A,PC_HH,WIMAX,DEG3,SI,2014,1.2
A,PC_HH,WIMAX,DEG3,SI,2015,1.2
A,PC_HH,WIMAX,DEG3,SI,2016,4.8
A,PC_HH,WIMAX,DEG3,SI,2017,4.7
A,PC_HH,WIMAX,DEG3,SI,2018,4.7
A,PC_HH,WIMAX,DEG3,SK,2013,50.4
A,PC_HH,WIMAX,DEG3,SK,2014,50.4
A,PC_HH,WIMAX,DEG3,SK,2015,50.0
A,PC_HH,WIMAX,DEG3,SK,2016,50.0
A,PC_HH,WIMAX,DEG3,SK,2017,50.0
A,PC_HH,WIMAX,DEG3,SK,2018,50.0
A,PC_HH,WIMAX,DEG3,UK,2013,2.7
A,PC_HH,WIMAX,DEG3,UK,2014,2.7
A,PC_HH,WIMAX,DEG3,UK,2015,2.7
A,PC_HH,WIMAX,TOTAL,AT,2013,17.2
A,PC_HH,WIMAX,TOTAL,AT,2014,16.5
A,PC_HH,WIMAX,TOTAL,AT,2015,16.1
A,PC_HH,WIMAX,TOTAL,AT,2016,12.4
A,PC_HH,WIMAX,TOTAL,AT,2017,12.2
A,PC_HH,WIMAX,TOTAL,AT,2018,12.1
A,PC_HH,WIMAX,TOTAL,BE,2013,15.2
A,PC_HH,WIMAX,TOTAL,BE,2014,15.1
A,PC_HH,WIMAX,TOTAL,BE,2015,15.0
A,PC_HH,WIMAX,TOTAL,BE,2016,14.8
A,PC_HH,WIMAX,TOTAL,BE,2017,14.9
A,PC_HH,WIMAX,TOTAL,BE,2018,14.8
A,PC_HH,WIMAX,TOTAL,BG,2013,64.6
A,PC_HH,WIMAX,TOTAL,BG,2014,64.6
A,PC_HH,WIMAX,TOTAL,BG,2015,64.6
A,PC_HH,WIMAX,TOTAL,CZ,2013,70.6
A,PC_HH,WIMAX,TOTAL,CZ,2014,70.6
A,PC_HH,WIMAX,TOTAL,CZ,2015,70.6
A,PC_HH,WIMAX,TOTAL,CZ,2016,83.7
A,PC_HH,WIMAX,TOTAL,CZ,2017,79.8
A,PC_HH,WIMAX,TOTAL,CZ,2018,74.9
A,PC_HH,WIMAX,TOTAL,DE,2013,12.8
A,PC_HH,WIMAX,TOTAL,DE,2014,9.9
A,PC_HH,WIMAX,TOTAL,DE,2015,10.4
A,PC_HH,WIMAX,TOTAL,DE,2016,10.0
A,PC_HH,WIMAX,TOTAL,DE,2017,10.3
A,PC_HH,WIMAX,TOTAL,DE,2018,10.3
A,PC_HH,WIMAX,TOTAL,DK,2015,3.0
A,PC_HH,WIMAX,TOTAL,DK,2016,2.9
A,PC_HH,WIMAX,TOTAL,DK,2017,5.1
A,PC_HH,WIMAX,TOTAL,DK,2018,5.2
A,PC_HH,WIMAX,TOTAL,EE,2013,8.4
A,PC_HH,WIMAX,TOTAL,EE,2014,8.7
A,PC_HH,WIMAX,TOTAL,EE,2015,9.4
A,PC_HH,WIMAX,TOTAL,EE,2016,3.3
A,PC_HH,WIMAX,TOTAL,EE,2017,1.7
A,PC_HH,WIMAX,TOTAL,EE,2018,1.7
A,PC_HH,WIMAX,TOTAL,EL,2013,0.0
A,PC_HH,WIMAX,TOTAL,EL,2014,0.1
A,PC_HH,WIMAX,TOTAL,EL,2015,0.1
A,PC_HH,WIMAX,TOTAL,EL,2016,0.2
A,PC_HH,WIMAX,TOTAL,EL,2017,0.2
A,PC_HH,WIMAX,TOTAL,EL,2018,0.2
A,PC_HH,WIMAX,TOTAL,ES,2013,55.2
A,PC_HH,WIMAX,TOTAL,ES,2014,57.1
A,PC_HH,WIMAX,TOTAL,ES,2015,57.1
A,PC_HH,WIMAX,TOTAL,ES,2016,54.2
A,PC_HH,WIMAX,TOTAL,ES,2017,57.5
A,PC_HH,WIMAX,TOTAL,ES,2018,59.8
A,PC_HH,WIMAX,TOTAL,FI,2013,2.2
A,PC_HH,WIMAX,TOTAL,FI,2014,2.3
A,PC_HH,WIMAX,TOTAL,FI,2015,2.3
A,PC_HH,WIMAX,TOTAL,HR,2013,0.1
A,PC_HH,WIMAX,TOTAL,HR,2014,2.0
A,PC_HH,WIMAX,TOTAL,HR,2015,2.0
A,PC_HH,WIMAX,TOTAL,HR,2017,0.2
A,PC_HH,WIMAX,TOTAL,HR,2018,0.2
A,PC_HH,WIMAX,TOTAL,IE,2013,24.2
A,PC_HH,WIMAX,TOTAL,IE,2014,24.2
A,PC_HH,WIMAX,TOTAL,IE,2015,24.2
A,PC_HH,WIMAX,TOTAL,IE,2016,24.2
A,PC_HH,WIMAX,TOTAL,IE,2017,24.2
A,PC_HH,WIMAX,TOTAL,IE,2018,24.3
A,PC_HH,WIMAX,TOTAL,IS,2013,4.0
A,PC_HH,WIMAX,TOTAL,IS,2014,4.0
A,PC_HH,WIMAX,TOTAL,IS,2015,4.0
A,PC_HH,WIMAX,TOTAL,IS,2016,4.0
A,PC_HH,WIMAX,TOTAL,IS,2017,4.0
A,PC_HH,WIMAX,TOTAL,IS,2018,6.4
A,PC_HH,WIMAX,TOTAL,IT,2013,48.0
A,PC_HH,WIMAX,TOTAL,IT,2014,47.2
A,PC_HH,WIMAX,TOTAL,IT,2015,47.0
A,PC_HH,WIMAX,TOTAL,IT,2016,46.9
A,PC_HH,WIMAX,TOTAL,IT,2017,46.9
A,PC_HH,WIMAX,TOTAL,IT,2018,46.9
A,PC_HH,WIMAX,TOTAL,LT,2013,85.0
A,PC_HH,WIMAX,TOTAL,LT,2014,90.3
A,PC_HH,WIMAX,TOTAL,LT,2015,6.1
A,PC_HH,WIMAX,TOTAL,LT,2016,5.0
A,PC_HH,WIMAX,TOTAL,LT,2017,2.3
A,PC_HH,WIMAX,TOTAL,LT,2018,1.0
A,PC_HH,WIMAX,TOTAL,LV,2013,40.4
A,PC_HH,WIMAX,TOTAL,LV,2014,44.6
A,PC_HH,WIMAX,TOTAL,LV,2015,44.9
A,PC_HH,WIMAX,TOTAL,LV,2016,41.3
A,PC_HH,WIMAX,TOTAL,LV,2017,38.5
A,PC_HH,WIMAX,TOTAL,LV,2018,38.2
A,PC_HH,WIMAX,TOTAL,MT,2013,100.0
A,PC_HH,WIMAX,TOTAL,MT,2014,100.0
A,PC_HH,WIMAX,TOTAL,MT,2015,100.0
A,PC_HH,WIMAX,TOTAL,NO,2013,38.9
A,PC_HH,WIMAX,TOTAL,PL,2013,0.4
A,PC_HH,WIMAX,TOTAL,PL,2014,2.5
A,PC_HH,WIMAX,TOTAL,PL,2015,2.4
A,PC_HH,WIMAX,TOTAL,PL,2016,1.8
A,PC_HH,WIMAX,TOTAL,PL,2017,1.9
A,PC_HH,WIMAX,TOTAL,PL,2018,2.3
A,PC_HH,WIMAX,TOTAL,PT,2013,0.0
A,PC_HH,WIMAX,TOTAL,RO,2013,60.7
A,PC_HH,WIMAX,TOTAL,RO,2014,67.4
A,PC_HH,WIMAX,TOTAL,RO,2015,65.5
A,PC_HH,WIMAX,TOTAL,RO,2016,67.4
A,PC_HH,WIMAX,TOTAL,RO,2017,67.3
A,PC_HH,WIMAX,TOTAL,RO,2018,66.7
A,PC_HH,WIMAX,TOTAL,SI,2013,0.3
A,PC_HH,WIMAX,TOTAL,SI,2014,0.3
A,PC_HH,WIMAX,TOTAL,SI,2015,0.3
A,PC_HH,WIMAX,TOTAL,SI,2016,2.5
A,PC_HH,WIMAX,TOTAL,SI,2017,2.6
A,PC_HH,WIMAX,TOTAL,SI,2018,2.5
A,PC_HH,WIMAX,TOTAL,SK,2013,49.9
A,PC_HH,WIMAX,TOTAL,SK,2014,50.1
A,PC_HH,WIMAX,TOTAL,SK,2015,50.0
A,PC_HH,WIMAX,TOTAL,SK,2016,50.0
A,PC_HH,WIMAX,TOTAL,SK,2017,49.9
A,PC_HH,WIMAX,TOTAL,SK,2018,49.9
A,PC_HH,WIMAX,TOTAL,UK,2013,4.2
A,PC_HH,WIMAX,TOTAL,UK,2014,4.2
A,PC_HH,WIMAX,TOTAL,UK,2015,4.2
