freq,size_emp,nace_r2,indic_is,unit,geo,time,value
A,GE10,C,E_DI2_HI,PC_ENT,AT,2018,10.8
A,GE10,C,E_DI2_HI,PC_ENT,AT,2020,16.31
A,GE10,C,E_DI2_HI,PC_ENT,BA,2020,4.48
A,GE10,C,E_DI2_HI,PC_ENT,BE,2018,13.03
A,GE10,C,E_DI2_HI,PC_ENT,BG,2018,1.87
A,GE10,C,E_DI2_HI,PC_ENT,BG,2020,3.08
A,GE10,C,E_DI2_HI,PC_ENT,CY,2018,1.74
A,GE10,C,E_DI2_HI,PC_ENT,CY,2020,4.66
A,GE10,C,E_DI2_HI,PC_ENT,CZ,2018,5.44
A,GE10,C,E_DI2_HI,PC_ENT,CZ,2020,13.58
A,GE10,C,E_DI2_HI,PC_ENT,DE,2018,6.9
A,GE10,C,E_DI2_HI,PC_ENT,DE,2020,12.23
A,GE10,C,E_DI2_HI,PC_ENT,DK,2018,24.48
A,GE10,C,E_DI2_HI,PC_ENT,DK,2020,31.84
A,GE10,C,E_DI2_HI,PC_ENT,EE,2018,6.33
A,GE10,C,E_DI2_HI,PC_ENT,EE,2020,14.57
A,GE10,C,E_DI2_HI,PC_ENT,ES,2018,11.31
A,GE10,C,E_DI2_HI,PC_ENT,ES,2020,13.25
A,GE10,C,E_DI2_HI,PC_ENT,FI,2018,35.05
A,GE10,C,E_DI2_HI,PC_ENT,FI,2020,39.72
A,GE10,C,E_DI2_HI,PC_ENT,FR,2018,8.64
A,GE10,C,E_DI2_HI,PC_ENT,FR,2020,11.7
A,GE10,C,E_DI2_HI,PC_ENT,HR,2018,3.46
A,GE10,C,E_DI2_HI,PC_ENT,HR,2020,12.36
A,GE10,C,E_DI2_HI,PC_ENT,HU,2018,6.87
A,GE10,C,E_DI2_HI,PC_ENT,HU,2020,7.47
A,GE10,C,E_DI2_HI,PC_ENT,IE,2018,12.02
A,GE10,C,E_DI2_HI,PC_ENT,IE,2020,23.18
A,GE10,C,E_DI2_HI,PC_ENT,IT,2018,4.97
A,GE10,C,E_DI2_HI,PC_ENT,IT,2020,13.6
A,GE10,C,E_DI2_HI,PC_ENT,LT,2018,9.92
A,GE10,C,E_DI2_HI,PC_ENT,LT,2020,6.35
A,GE10,C,E_DI2_HI,PC_ENT,LU,2018,11.52
A,GE10,C,E_DI2_HI,PC_ENT,LU,2020,15.77
A,GE10,C,E_DI2_HI,PC_ENT,LV,2018,1.63
A,GE10,C,E_DI2_HI,PC_ENT,LV,2020,4.28
A,GE10,C,E_DI2_HI,PC_ENT,ME,2018,0.0
A,GE10,C,E_DI2_HI,PC_ENT,ME,2020,15.07
A,GE10,C,E_DI2_HI,PC_ENT,MK,2020,0.72
A,GE10,C,E_DI2_HI,PC_ENT,MT,2018,7.01
A,GE10,C,E_DI2_HI,PC_ENT,MT,2020,11.45
A,GE10,C,E_DI2_HI,PC_ENT,NL,2018,17.38
A,GE10,C,E_DI2_HI,PC_ENT,NL,2020,21.62
A,GE10,C,E_DI2_HI,PC_ENT,NO,2018,17.54
A,GE10,C,E_DI2_HI,PC_ENT,NO,2020,35.33
A,GE10,C,E_DI2_HI,PC_ENT,PL,2018,4.44
A,GE10,C,E_DI2_HI,PC_ENT,PL,2020,8.95
A,GE10,C,E_DI2_HI,PC_ENT,PT,2018,6.39
A,GE10,C,E_DI2_HI,PC_ENT,PT,2020,8.19
A,GE10,C,E_DI2_HI,PC_ENT,RO,2018,2.35
A,GE10,C,E_DI2_HI,PC_ENT,RO,2020,3.3
A,GE10,C,E_DI2_HI,PC_ENT,RS,2020,7.61
A,GE10,C,E_DI2_HI,PC_ENT,SE,2018,19.33
A,GE10,C,E_DI2_HI,PC_ENT,SE,2020,28.86
A,GE10,C,E_DI2_HI,PC_ENT,SI,2018,16.02
A,GE10,C,E_DI2_HI,PC_ENT,SI,2020,16.53
A,GE10,C,E_DI2_HI,PC_ENT,SK,2018,4.39
A,GE10,C,E_DI2_HI,PC_ENT,SK,2020,7.26
A,GE10,C,E_DI2_HI,PC_ENT,UK,2018,6.42
A,GE10,C,E_DI2_HI,PC_ENT,UK,2020,12.32
A,GE10,C,E_DI2_VHI,PC_ENT,AT,2018,1.49
A,GE10,C,E_DI2_VHI,PC_ENT,AT,2020,2.81
A,GE10,C,E_DI2_VHI,PC_ENT,BE,2018,1.0
A,GE10,C,E_DI2_VHI,PC_ENT,BE,2020,6.16
A,GE10,C,E_DI2_VHI,PC_ENT,CY,2018,0.0
A,GE10,C,E_DI2_VHI,PC_ENT,CY,2020,0.17
A,GE10,C,E_DI2_VHI,PC_ENT,CZ,2018,0.54
A,GE10,C,E_DI2_VHI,PC_ENT,CZ,2020,0.89
A,GE10,C,E_DI2_VHI,PC_ENT,DE,2020,1.02
A,GE10,C,E_DI2_VHI,PC_ENT,DK,2018,4.43
A,GE10,C,E_DI2_VHI,PC_ENT,DK,2020,8.43
A,GE10,C,E_DI2_VHI,PC_ENT,EE,2018,0.47
A,GE10,C,E_DI2_VHI,PC_ENT,EE,2020,1.55
A,GE10,C,E_DI2_VHI,PC_ENT,EL,2018,0.1
A,GE10,C,E_DI2_VHI,PC_ENT,ES,2018,0.77
A,GE10,C,E_DI2_VHI,PC_ENT,ES,2020,0.61
A,GE10,C,E_DI2_VHI,PC_ENT,FI,2018,7.39
A,GE10,C,E_DI2_VHI,PC_ENT,FI,2020,10.66
A,GE10,C,E_DI2_VHI,PC_ENT,FR,2018,1.11
A,GE10,C,E_DI2_VHI,PC_ENT,FR,2020,1.8
A,GE10,C,E_DI2_VHI,PC_ENT,HR,2020,1.38
A,GE10,C,E_DI2_VHI,PC_ENT,HU,2018,0.4
A,GE10,C,E_DI2_VHI,PC_ENT,HU,2020,0.76
A,GE10,C,E_DI2_VHI,PC_ENT,IE,2018,0.12
A,GE10,C,E_DI2_VHI,PC_ENT,IE,2020,2.09
A,GE10,C,E_DI2_VHI,PC_ENT,IT,2018,0.4
A,GE10,C,E_DI2_VHI,PC_ENT,IT,2020,1.19
A,GE10,C,E_DI2_VHI,PC_ENT,LT,2018,1.03
A,GE10,C,E_DI2_VHI,PC_ENT,LT,2020,0.18
A,GE10,C,E_DI2_VHI,PC_ENT,LU,2018,0.34
A,GE10,C,E_DI2_VHI,PC_ENT,LU,2020,3.05
A,GE10,C,E_DI2_VHI,PC_ENT,LV,2018,0.0
A,GE10,C,E_DI2_VHI,PC_ENT,LV,2020,0.31
A,GE10,C,E_DI2_VHI,PC_ENT,ME,2018,0.0
A,GE10,C,E_DI2_VHI,PC_ENT,ME,2020,0.0
A,GE10,C,E_DI2_VHI,PC_ENT,MK,2020,0.0
A,GE10,C,E_DI2_VHI,PC_ENT,MT,2018,0.31
A,GE10,C,E_DI2_VHI,PC_ENT,MT,2020,1.3
A,GE10,C,E_DI2_VHI,PC_ENT,NL,2018,2.14
A,GE10,C,E_DI2_VHI,PC_ENT,NL,2020,3.41
A,GE10,C,E_DI2_VHI,PC_ENT,NO,2018,2.07
A,GE10,C,E_DI2_VHI,PC_ENT,NO,2020,3.74
A,GE10,C,E_DI2_VHI,PC_ENT,PL,2018,0.24
A,GE10,C,E_DI2_VHI,PC_ENT,PL,2020,0.72
A,GE10,C,E_DI2_VHI,PC_ENT,PT,2018,0.22
A,GE10,C,E_DI2_VHI,PC_ENT,PT,2020,0.56
A,GE10,C,E_DI2_VHI,PC_ENT,RO,2018,0.11
A,GE10,C,E_DI2_VHI,PC_ENT,RO,2020,0.21
A,GE10,C,E_DI2_VHI,PC_ENT,RS,2020,0.13
A,GE10,C,E_DI2_VHI,PC_ENT,SE,2018,3.34
A,GE10,C,E_DI2_VHI,PC_ENT,SE,2020,3.33
A,GE10,C,E_DI2_VHI,PC_ENT,SI,2020,2.84
A,GE10,C,E_DI2_VHI,PC_ENT,SK,2018,0.22
A,GE10,C,E_DI2_VHI,PC_ENT,SK,2020,0.29
A,GE10,C,E_DI2_VHI,PC_ENT,UK,2018,0.13
A,GE10,C,E_DI2_VHI,PC_ENT,UK,2020,0.53
A,GE10,C,E_DI3_HI,PC_ENT,AT,2021,22.16
A,GE10,C,E_DI3_HI,PC_ENT,AT,2023,23.05
A,GE10,C,E_DI3_HI,PC_ENT,AT,2025,26.83
A,GE10,C,E_DI3_HI,PC_ENT,BA,2021,3.48
A,GE10,C,E_DI3_HI,PC_ENT,BA,2023,8.98
A,GE10,C,E_DI3_HI,PC_ENT,BA,2025,19.46
A,GE10,C,E_DI3_HI,PC_ENT,BE,2021,22.46
A,GE10,C,E_DI3_HI,PC_ENT,BE,2023,28.76
A,GE10,C,E_DI3_HI,PC_ENT,BE,2025,45.98
A,GE10,C,E_DI3_HI,PC_ENT,BG,2021,2.69
A,GE10,C,E_DI3_HI,PC_ENT,BG,2023,4.08
A,GE10,C,E_DI3_HI,PC_ENT,BG,2025,7.53
A,GE10,C,E_DI3_HI,PC_ENT,CY,2021,14.15
A,GE10,C,E_DI3_HI,PC_ENT,CY,2023,18.21
A,GE10,C,E_DI3_HI,PC_ENT,CY,2025,20.72
A,GE10,C,E_DI3_HI,PC_ENT,CZ,2021,13.17
A,GE10,C,E_DI3_HI,PC_ENT,CZ,2023,14.43
A,GE10,C,E_DI3_HI,PC_ENT,CZ,2025,31.66
A,GE10,C,E_DI3_HI,PC_ENT,DE,2021,18.55
A,GE10,C,E_DI3_HI,PC_ENT,DE,2023,19.82
A,GE10,C,E_DI3_HI,PC_ENT,DE,2025,29.07
A,GE10,C,E_DI3_HI,PC_ENT,DK,2021,27.58
A,GE10,C,E_DI3_HI,PC_ENT,DK,2023,27.8
A,GE10,C,E_DI3_HI,PC_ENT,DK,2025,44.0
A,GE10,C,E_DI3_HI,PC_ENT,EE,2021,11.72
A,GE10,C,E_DI3_HI,PC_ENT,EE,2023,13.92
A,GE10,C,E_DI3_HI,PC_ENT,EE,2025,25.69
A,GE10,C,E_DI3_HI,PC_ENT,EL,2021,8.9
A,GE10,C,E_DI3_HI,PC_ENT,EL,2023,12.86
A,GE10,C,E_DI3_HI,PC_ENT,EL,2025,16.53
A,GE10,C,E_DI3_HI,PC_ENT,ES,2021,18.63
A,GE10,C,E_DI3_HI,PC_ENT,ES,2023,18.52
A,GE10,C,E_DI3_HI,PC_ENT,ES,2025,28.15
A,GE10,C,E_DI3_HI,PC_ENT,FI,2021,43.49
A,GE10,C,E_DI3_HI,PC_ENT,FI,2023,39.84
A,GE10,C,E_DI3_HI,PC_ENT,FR,2021,10.29
A,GE10,C,E_DI3_HI,PC_ENT,FR,2025,25.6
A,GE10,C,E_DI3_HI,PC_ENT,HR,2021,12.01
A,GE10,C,E_DI3_HI,PC_ENT,HR,2023,16.95
A,GE10,C,E_DI3_HI,PC_ENT,HR,2025,18.05
A,GE10,C,E_DI3_HI,PC_ENT,HU,2021,7.18
A,GE10,C,E_DI3_HI,PC_ENT,HU,2023,16.76
A,GE10,C,E_DI3_HI,PC_ENT,HU,2025,21.35
A,GE10,C,E_DI3_HI,PC_ENT,IE,2021,25.68
A,GE10,C,E_DI3_HI,PC_ENT,IE,2023,26.38
A,GE10,C,E_DI3_HI,PC_ENT,IE,2025,31.8
A,GE10,C,E_DI3_HI,PC_ENT,IT,2021,15.25
A,GE10,C,E_DI3_HI,PC_ENT,IT,2023,17.74
A,GE10,C,E_DI3_HI,PC_ENT,IT,2025,29.9
A,GE10,C,E_DI3_HI,PC_ENT,LT,2021,15.51
A,GE10,C,E_DI3_HI,PC_ENT,LT,2023,19.74
A,GE10,C,E_DI3_HI,PC_ENT,LT,2025,32.4
A,GE10,C,E_DI3_HI,PC_ENT,LU,2021,19.33
A,GE10,C,E_DI3_HI,PC_ENT,LU,2023,16.69
A,GE10,C,E_DI3_HI,PC_ENT,LU,2025,30.16
A,GE10,C,E_DI3_HI,PC_ENT,LV,2021,10.0
A,GE10,C,E_DI3_HI,PC_ENT,LV,2023,15.43
A,GE10,C,E_DI3_HI,PC_ENT,LV,2025,20.62
A,GE10,C,E_DI3_HI,PC_ENT,ME,2021,3.41
A,GE10,C,E_DI3_HI,PC_ENT,ME,2023,7.11
A,GE10,C,E_DI3_HI,PC_ENT,MT,2021,20.8
A,GE10,C,E_DI3_HI,PC_ENT,MT,2023,29.14
A,GE10,C,E_DI3_HI,PC_ENT,MT,2025,35.68
A,GE10,C,E_DI3_HI,PC_ENT,NL,2021,30.45
A,GE10,C,E_DI3_HI,PC_ENT,NL,2023,37.8
A,GE10,C,E_DI3_HI,PC_ENT,NL,2025,48.07
A,GE10,C,E_DI3_HI,PC_ENT,NO,2021,28.93
A,GE10,C,E_DI3_HI,PC_ENT,NO,2023,32.94
A,GE10,C,E_DI3_HI,PC_ENT,NO,2025,38.88
A,GE10,C,E_DI3_HI,PC_ENT,PL,2021,9.55
A,GE10,C,E_DI3_HI,PC_ENT,PL,2023,14.01
A,GE10,C,E_DI3_HI,PC_ENT,PL,2025,21.89
A,GE10,C,E_DI3_HI,PC_ENT,PT,2021,11.58
A,GE10,C,E_DI3_HI,PC_ENT,PT,2023,12.79
A,GE10,C,E_DI3_HI,PC_ENT,PT,2025,17.85
A,GE10,C,E_DI3_HI,PC_ENT,RO,2021,4.42
A,GE10,C,E_DI3_HI,PC_ENT,RO,2023,4.73
A,GE10,C,E_DI3_HI,PC_ENT,RO,2025,11.77
A,GE10,C,E_DI3_HI,PC_ENT,RS,2021,4.9
A,GE10,C,E_DI3_HI,PC_ENT,RS,2023,9.03
A,GE10,C,E_DI3_HI,PC_ENT,RS,2025,9.48
A,GE10,C,E_DI3_HI,PC_ENT,SE,2021,39.69
A,GE10,C,E_DI3_HI,PC_ENT,SE,2023,30.73
A,GE10,C,E_DI3_HI,PC_ENT,SE,2025,39.51
A,GE10,C,E_DI3_HI,PC_ENT,SI,2021,14.45
A,GE10,C,E_DI3_HI,PC_ENT,SI,2023,16.9
A,GE10,C,E_DI3_HI,PC_ENT,SI,2025,23.02
A,GE10,C,E_DI3_HI,PC_ENT,SK,2021,10.14
A,GE10,C,E_DI3_HI,PC_ENT,SK,2023,9.84
A,GE10,C,E_DI3_HI,PC_ENT,SK,2025,19.28
A,GE10,C,E_DI3_HI,PC_ENT,TR,2025,11.15
A,GE10,C,E_DI3_VHI,PC_ENT,AT,2021,5.32
A,GE10,C,E_DI3_VHI,PC_ENT,AT,2023,5.49
A,GE10,C,E_DI3_VHI,PC_ENT,AT,2025,11.93
A,GE10,C,E_DI3_VHI,PC_ENT,BA,2025,2.1
A,GE10,C,E_DI3_VHI,PC_ENT,BE,2021,2.74
A,GE10,C,E_DI3_VHI,PC_ENT,BE,2023,8.58
A,GE10,C,E_DI3_VHI,PC_ENT,BE,2025,18.14
A,GE10,C,E_DI3_VHI,PC_ENT,BG,2023,0.53
A,GE10,C,E_DI3_VHI,PC_ENT,BG,2025,0.58
A,GE10,C,E_DI3_VHI,PC_ENT,CY,2021,0.53
A,GE10,C,E_DI3_VHI,PC_ENT,CY,2023,1.91
A,GE10,C,E_DI3_VHI,PC_ENT,CY,2025,2.16
A,GE10,C,E_DI3_VHI,PC_ENT,CZ,2021,2.96
A,GE10,C,E_DI3_VHI,PC_ENT,CZ,2023,2.99
A,GE10,C,E_DI3_VHI,PC_ENT,CZ,2025,9.87
A,GE10,C,E_DI3_VHI,PC_ENT,DE,2021,3.1
A,GE10,C,E_DI3_VHI,PC_ENT,DE,2023,3.91
A,GE10,C,E_DI3_VHI,PC_ENT,DE,2025,8.13
A,GE10,C,E_DI3_VHI,PC_ENT,DK,2021,8.99
A,GE10,C,E_DI3_VHI,PC_ENT,DK,2023,3.94
A,GE10,C,E_DI3_VHI,PC_ENT,DK,2025,20.01
A,GE10,C,E_DI3_VHI,PC_ENT,EE,2021,1.3
A,GE10,C,E_DI3_VHI,PC_ENT,EE,2023,2.41
A,GE10,C,E_DI3_VHI,PC_ENT,EE,2025,5.87
A,GE10,C,E_DI3_VHI,PC_ENT,EL,2021,2.82
A,GE10,C,E_DI3_VHI,PC_ENT,EL,2023,1.46
A,GE10,C,E_DI3_VHI,PC_ENT,EL,2025,3.66
A,GE10,C,E_DI3_VHI,PC_ENT,ES,2021,2.64
A,GE10,C,E_DI3_VHI,PC_ENT,ES,2023,4.32
A,GE10,C,E_DI3_VHI,PC_ENT,ES,2025,8.45
A,GE10,C,E_DI3_VHI,PC_ENT,FI,2021,10.82
A,GE10,C,E_DI3_VHI,PC_ENT,FI,2023,11.96
A,GE10,C,E_DI3_VHI,PC_ENT,FR,2021,0.48
A,GE10,C,E_DI3_VHI,PC_ENT,FR,2023,2.85
A,GE10,C,E_DI3_VHI,PC_ENT,FR,2025,8.33
A,GE10,C,E_DI3_VHI,PC_ENT,HR,2021,2.07
A,GE10,C,E_DI3_VHI,PC_ENT,HR,2023,3.97
A,GE10,C,E_DI3_VHI,PC_ENT,HR,2025,6.33
A,GE10,C,E_DI3_VHI,PC_ENT,HU,2021,1.04
A,GE10,C,E_DI3_VHI,PC_ENT,HU,2023,2.47
A,GE10,C,E_DI3_VHI,PC_ENT,HU,2025,3.44
A,GE10,C,E_DI3_VHI,PC_ENT,IE,2021,3.83
A,GE10,C,E_DI3_VHI,PC_ENT,IE,2023,4.97
A,GE10,C,E_DI3_VHI,PC_ENT,IE,2025,12.16
A,GE10,C,E_DI3_VHI,PC_ENT,IT,2021,2.29
A,GE10,C,E_DI3_VHI,PC_ENT,IT,2023,2.53
A,GE10,C,E_DI3_VHI,PC_ENT,IT,2025,5.79
A,GE10,C,E_DI3_VHI,PC_ENT,LT,2021,1.69
A,GE10,C,E_DI3_VHI,PC_ENT,LT,2023,2.05
A,GE10,C,E_DI3_VHI,PC_ENT,LT,2025,9.8
A,GE10,C,E_DI3_VHI,PC_ENT,LU,2021,5.38
A,GE10,C,E_DI3_VHI,PC_ENT,LU,2023,4.82
A,GE10,C,E_DI3_VHI,PC_ENT,LU,2025,12.95
A,GE10,C,E_DI3_VHI,PC_ENT,LV,2021,0.84
A,GE10,C,E_DI3_VHI,PC_ENT,LV,2023,2.85
A,GE10,C,E_DI3_VHI,PC_ENT,LV,2025,5.35
A,GE10,C,E_DI3_VHI,PC_ENT,ME,2021,0.0
A,GE10,C,E_DI3_VHI,PC_ENT,MK,2021,0.32
A,GE10,C,E_DI3_VHI,PC_ENT,MT,2021,1.28
A,GE10,C,E_DI3_VHI,PC_ENT,MT,2023,4.77
A,GE10,C,E_DI3_VHI,PC_ENT,MT,2025,10.09
A,GE10,C,E_DI3_VHI,PC_ENT,NL,2021,2.03
A,GE10,C,E_DI3_VHI,PC_ENT,NL,2023,7.96
A,GE10,C,E_DI3_VHI,PC_ENT,NL,2025,17.57
A,GE10,C,E_DI3_VHI,PC_ENT,NO,2021,5.29
A,GE10,C,E_DI3_VHI,PC_ENT,NO,2023,4.37
A,GE10,C,E_DI3_VHI,PC_ENT,NO,2025,10.28
A,GE10,C,E_DI3_VHI,PC_ENT,PL,2021,1.61
A,GE10,C,E_DI3_VHI,PC_ENT,PL,2023,2.54
A,GE10,C,E_DI3_VHI,PC_ENT,PL,2025,4.38
A,GE10,C,E_DI3_VHI,PC_ENT,PT,2021,1.08
A,GE10,C,E_DI3_VHI,PC_ENT,PT,2023,2.29
A,GE10,C,E_DI3_VHI,PC_ENT,PT,2025,5.36
A,GE10,C,E_DI3_VHI,PC_ENT,RO,2021,0.31
A,GE10,C,E_DI3_VHI,PC_ENT,RO,2023,0.54
A,GE10,C,E_DI3_VHI,PC_ENT,RO,2025,1.06
A,GE10,C,E_DI3_VHI,PC_ENT,RS,2021,1.1
A,GE10,C,E_DI3_VHI,PC_ENT,RS,2023,0.49
A,GE10,C,E_DI3_VHI,PC_ENT,RS,2025,0.89
A,GE10,C,E_DI3_VHI,PC_ENT,SE,2021,9.07
A,GE10,C,E_DI3_VHI,PC_ENT,SE,2023,6.84
A,GE10,C,E_DI3_VHI,PC_ENT,SE,2025,17.58
A,GE10,C,E_DI3_VHI,PC_ENT,SI,2021,3.73
A,GE10,C,E_DI3_VHI,PC_ENT,SI,2023,3.9
A,GE10,C,E_DI3_VHI,PC_ENT,SI,2025,6.1
A,GE10,C,E_DI3_VHI,PC_ENT,SK,2021,1.14
A,GE10,C,E_DI3_VHI,PC_ENT,SK,2023,1.68
A,GE10,C,E_DI3_VHI,PC_ENT,SK,2025,3.39
A,GE10,C,E_DI3_VHI,PC_ENT,TR,2025,1.68
A,GE10,C,E_DI4_HI,PC_ENT,AT,2022,27.81
A,GE10,C,E_DI4_HI,PC_ENT,AT,2024,30.72
A,GE10,C,E_DI4_HI,PC_ENT,BA,2022,15.68
A,GE10,C,E_DI4_HI,PC_ENT,BA,2024,12.83
A,GE10,C,E_DI4_HI,PC_ENT,BE,2022,29.38
A,GE10,C,E_DI4_HI,PC_ENT,BE,2024,36.4
A,GE10,C,E_DI4_HI,PC_ENT,BG,2022,11.42
A,GE10,C,E_DI4_HI,PC_ENT,BG,2024,9.84
A,GE10,C,E_DI4_HI,PC_ENT,CY,2022,16.84
A,GE10,C,E_DI4_HI,PC_ENT,CY,2024,15.34
A,GE10,C,E_DI4_HI,PC_ENT,CZ,2022,24.36
A,GE10,C,E_DI4_HI,PC_ENT,CZ,2024,27.8
A,GE10,C,E_DI4_HI,PC_ENT,DE,2022,30.21
A,GE10,C,E_DI4_HI,PC_ENT,DE,2024,33.26
A,GE10,C,E_DI4_HI,PC_ENT,DK,2022,41.29
A,GE10,C,E_DI4_HI,PC_ENT,DK,2024,42.81
A,GE10,C,E_DI4_HI,PC_ENT,EE,2022,18.0
A,GE10,C,E_DI4_HI,PC_ENT,EE,2024,23.77
A,GE10,C,E_DI4_HI,PC_ENT,EL,2022,12.59
A,GE10,C,E_DI4_HI,PC_ENT,EL,2024,11.83
A,GE10,C,E_DI4_HI,PC_ENT,ES,2022,18.35
A,GE10,C,E_DI4_HI,PC_ENT,ES,2024,23.4
A,GE10,C,E_DI4_HI,PC_ENT,FI,2022,41.91
A,GE10,C,E_DI4_HI,PC_ENT,FI,2024,45.96
A,GE10,C,E_DI4_HI,PC_ENT,FR,2022,18.56
A,GE10,C,E_DI4_HI,PC_ENT,FR,2024,16.88
A,GE10,C,E_DI4_HI,PC_ENT,HR,2022,17.53
A,GE10,C,E_DI4_HI,PC_ENT,HR,2024,15.75
A,GE10,C,E_DI4_HI,PC_ENT,HU,2022,18.97
A,GE10,C,E_DI4_HI,PC_ENT,HU,2024,16.25
A,GE10,C,E_DI4_HI,PC_ENT,IE,2022,37.7
A,GE10,C,E_DI4_HI,PC_ENT,IE,2024,36.56
A,GE10,C,E_DI4_HI,PC_ENT,IT,2022,22.29
A,GE10,C,E_DI4_HI,PC_ENT,IT,2024,23.72
A,GE10,C,E_DI4_HI,PC_ENT,LT,2022,23.54
A,GE10,C,E_DI4_HI,PC_ENT,LT,2024,21.67
A,GE10,C,E_DI4_HI,PC_ENT,LU,2022,24.4
A,GE10,C,E_DI4_HI,PC_ENT,LU,2024,28.97
A,GE10,C,E_DI4_HI,PC_ENT,LV,2022,13.96
A,GE10,C,E_DI4_HI,PC_ENT,LV,2024,15.69
A,GE10,C,E_DI4_HI,PC_ENT,ME,2022,20.41
A,GE10,C,E_DI4_HI,PC_ENT,ME,2024,9.85
A,GE10,C,E_DI4_HI,PC_ENT,MK,2022,4.73
A,GE10,C,E_DI4_HI,PC_ENT,MT,2022,27.99
A,GE10,C,E_DI4_HI,PC_ENT,MT,2024,32.95
A,GE10,C,E_DI4_HI,PC_ENT,NL,2022,32.9
A,GE10,C,E_DI4_HI,PC_ENT,NL,2024,34.18
A,GE10,C,E_DI4_HI,PC_ENT,NO,2022,36.0
A,GE10,C,E_DI4_HI,PC_ENT,NO,2024,38.08
A,GE10,C,E_DI4_HI,PC_ENT,PL,2022,20.94
A,GE10,C,E_DI4_HI,PC_ENT,PL,2024,22.69
A,GE10,C,E_DI4_HI,PC_ENT,PT,2022,21.5
A,GE10,C,E_DI4_HI,PC_ENT,PT,2024,23.28
A,GE10,C,E_DI4_HI,PC_ENT,RO,2022,12.33
A,GE10,C,E_DI4_HI,PC_ENT,RO,2024,13.67
A,GE10,C,E_DI4_HI,PC_ENT,RS,2022,25.46
A,GE10,C,E_DI4_HI,PC_ENT,RS,2024,24.5
A,GE10,C,E_DI4_HI,PC_ENT,SE,2022,46.19
A,GE10,C,E_DI4_HI,PC_ENT,SE,2024,46.53
A,GE10,C,E_DI4_HI,PC_ENT,SI,2022,24.76
A,GE10,C,E_DI4_HI,PC_ENT,SI,2024,22.11
A,GE10,C,E_DI4_HI,PC_ENT,SK,2022,17.25
A,GE10,C,E_DI4_HI,PC_ENT,SK,2024,19.77
A,GE10,C,E_DI4_VHI,PC_ENT,AT,2022,8.23
A,GE10,C,E_DI4_VHI,PC_ENT,AT,2024,9.62
A,GE10,C,E_DI4_VHI,PC_ENT,BA,2022,1.07
A,GE10,C,E_DI4_VHI,PC_ENT,BA,2024,1.0
A,GE10,C,E_DI4_VHI,PC_ENT,BE,2022,11.86
A,GE10,C,E_DI4_VHI,PC_ENT,BE,2024,12.33
A,GE10,C,E_DI4_VHI,PC_ENT,BG,2022,0.9
A,GE10,C,E_DI4_VHI,PC_ENT,BG,2024,0.68
A,GE10,C,E_DI4_VHI,PC_ENT,CY,2022,0.8
A,GE10,C,E_DI4_VHI,PC_ENT,CY,2024,1.22
A,GE10,C,E_DI4_VHI,PC_ENT,CZ,2022,5.67
A,GE10,C,E_DI4_VHI,PC_ENT,CZ,2024,5.38
A,GE10,C,E_DI4_VHI,PC_ENT,DE,2022,5.82
A,GE10,C,E_DI4_VHI,PC_ENT,DE,2024,7.57
A,GE10,C,E_DI4_VHI,PC_ENT,DK,2022,16.21
A,GE10,C,E_DI4_VHI,PC_ENT,DK,2024,12.87
A,GE10,C,E_DI4_VHI,PC_ENT,EE,2022,4.31
A,GE10,C,E_DI4_VHI,PC_ENT,EE,2024,4.86
A,GE10,C,E_DI4_VHI,PC_ENT,EL,2022,2.09
A,GE10,C,E_DI4_VHI,PC_ENT,EL,2024,2.01
A,GE10,C,E_DI4_VHI,PC_ENT,ES,2022,3.52
A,GE10,C,E_DI4_VHI,PC_ENT,ES,2024,4.23
A,GE10,C,E_DI4_VHI,PC_ENT,FI,2022,13.91
A,GE10,C,E_DI4_VHI,PC_ENT,FI,2024,16.4
A,GE10,C,E_DI4_VHI,PC_ENT,FR,2022,4.7
A,GE10,C,E_DI4_VHI,PC_ENT,FR,2024,4.06
A,GE10,C,E_DI4_VHI,PC_ENT,HR,2022,5.17
A,GE10,C,E_DI4_VHI,PC_ENT,HR,2024,3.54
A,GE10,C,E_DI4_VHI,PC_ENT,HU,2022,4.04
A,GE10,C,E_DI4_VHI,PC_ENT,HU,2024,2.45
A,GE10,C,E_DI4_VHI,PC_ENT,IE,2022,6.76
A,GE10,C,E_DI4_VHI,PC_ENT,IE,2024,12.87
A,GE10,C,E_DI4_VHI,PC_ENT,IT,2022,3.15
A,GE10,C,E_DI4_VHI,PC_ENT,IT,2024,3.13
A,GE10,C,E_DI4_VHI,PC_ENT,LT,2022,2.41
A,GE10,C,E_DI4_VHI,PC_ENT,LT,2024,3.4
A,GE10,C,E_DI4_VHI,PC_ENT,LU,2022,8.04
A,GE10,C,E_DI4_VHI,PC_ENT,LU,2024,9.13
A,GE10,C,E_DI4_VHI,PC_ENT,LV,2022,1.78
A,GE10,C,E_DI4_VHI,PC_ENT,LV,2024,3.08
A,GE10,C,E_DI4_VHI,PC_ENT,ME,2022,0.0
A,GE10,C,E_DI4_VHI,PC_ENT,MT,2022,6.34
A,GE10,C,E_DI4_VHI,PC_ENT,MT,2024,5.99
A,GE10,C,E_DI4_VHI,PC_ENT,NL,2022,7.75
A,GE10,C,E_DI4_VHI,PC_ENT,NL,2024,8.81
A,GE10,C,E_DI4_VHI,PC_ENT,NO,2022,6.94
A,GE10,C,E_DI4_VHI,PC_ENT,NO,2024,6.32
A,GE10,C,E_DI4_VHI,PC_ENT,PL,2022,3.76
A,GE10,C,E_DI4_VHI,PC_ENT,PL,2024,4.08
A,GE10,C,E_DI4_VHI,PC_ENT,PT,2022,4.1
A,GE10,C,E_DI4_VHI,PC_ENT,PT,2024,3.89
A,GE10,C,E_DI4_VHI,PC_ENT,RO,2022,0.78
A,GE10,C,E_DI4_VHI,PC_ENT,RO,2024,1.0
A,GE10,C,E_DI4_VHI,PC_ENT,RS,2022,3.12
A,GE10,C,E_DI4_VHI,PC_ENT,RS,2024,3.38
A,GE10,C,E_DI4_VHI,PC_ENT,SE,2022,13.52
A,GE10,C,E_DI4_VHI,PC_ENT,SE,2024,12.97
A,GE10,C,E_DI4_VHI,PC_ENT,SI,2022,7.82
A,GE10,C,E_DI4_VHI,PC_ENT,SI,2024,5.59
A,GE10,C,E_DI4_VHI,PC_ENT,SK,2022,4.56
A,GE10,C,E_DI4_VHI,PC_ENT,SK,2024,2.79
A,GE10,C,E_DI_HI,PC_ENT,AT,2015,21.67
A,GE10,C,E_DI_HI,PC_ENT,AT,2016,13.51
A,GE10,C,E_DI_HI,PC_ENT,AT,2017,21.97
A,GE10,C,E_DI_HI,PC_ENT,AT,2018,13.8
A,GE10,C,E_DI_HI,PC_ENT,AT,2019,27.0
A,GE10,C,E_DI_HI,PC_ENT,BA,2019,8.14
A,GE10,C,E_DI_HI,PC_ENT,BE,2016,14.52
A,GE10,C,E_DI_HI,PC_ENT,BG,2015,6.69
A,GE10,C,E_DI_HI,PC_ENT,BG,2016,3.41
A,GE10,C,E_DI_HI,PC_ENT,BG,2017,5.4
A,GE10,C,E_DI_HI,PC_ENT,BG,2018,3.01
A,GE10,C,E_DI_HI,PC_ENT,CY,2015,4.43
A,GE10,C,E_DI_HI,PC_ENT,CY,2016,1.02
A,GE10,C,E_DI_HI,PC_ENT,CY,2017,7.85
A,GE10,C,E_DI_HI,PC_ENT,CY,2018,4.24
A,GE10,C,E_DI_HI,PC_ENT,CY,2019,11.0
A,GE10,C,E_DI_HI,PC_ENT,CZ,2015,12.28
A,GE10,C,E_DI_HI,PC_ENT,CZ,2016,13.58
A,GE10,C,E_DI_HI,PC_ENT,CZ,2017,11.8
A,GE10,C,E_DI_HI,PC_ENT,CZ,2018,9.71
A,GE10,C,E_DI_HI,PC_ENT,CZ,2019,25.82
A,GE10,C,E_DI_HI,PC_ENT,DE,2015,17.81
A,GE10,C,E_DI_HI,PC_ENT,DE,2016,8.23
A,GE10,C,E_DI_HI,PC_ENT,DE,2017,22.6
A,GE10,C,E_DI_HI,PC_ENT,DE,2018,10.2
A,GE10,C,E_DI_HI,PC_ENT,DE,2019,21.27
A,GE10,C,E_DI_HI,PC_ENT,DK,2015,32.49
A,GE10,C,E_DI_HI,PC_ENT,DK,2016,30.3
A,GE10,C,E_DI_HI,PC_ENT,DK,2017,26.74
A,GE10,C,E_DI_HI,PC_ENT,DK,2018,28.24
A,GE10,C,E_DI_HI,PC_ENT,DK,2019,37.24
A,GE10,C,E_DI_HI,PC_ENT,EE,2015,12.29
A,GE10,C,E_DI_HI,PC_ENT,EE,2016,11.14
A,GE10,C,E_DI_HI,PC_ENT,EE,2017,14.0
A,GE10,C,E_DI_HI,PC_ENT,EE,2018,10.25
A,GE10,C,E_DI_HI,PC_ENT,EE,2019,14.37
A,GE10,C,E_DI_HI,PC_ENT,EL,2015,7.12
A,GE10,C,E_DI_HI,PC_ENT,EL,2016,11.61
A,GE10,C,E_DI_HI,PC_ENT,EL,2018,6.61
A,GE10,C,E_DI_HI,PC_ENT,ES,2015,18.79
A,GE10,C,E_DI_HI,PC_ENT,ES,2016,15.33
A,GE10,C,E_DI_HI,PC_ENT,ES,2017,19.12
A,GE10,C,E_DI_HI,PC_ENT,ES,2018,8.27
A,GE10,C,E_DI_HI,PC_ENT,ES,2019,16.35
A,GE10,C,E_DI_HI,PC_ENT,FI,2015,27.35
A,GE10,C,E_DI_HI,PC_ENT,FI,2016,35.75
A,GE10,C,E_DI_HI,PC_ENT,FI,2017,26.3
A,GE10,C,E_DI_HI,PC_ENT,FI,2018,39.29
A,GE10,C,E_DI_HI,PC_ENT,FI,2019,43.24
A,GE10,C,E_DI_HI,PC_ENT,FR,2015,13.74
A,GE10,C,E_DI_HI,PC_ENT,FR,2016,7.95
A,GE10,C,E_DI_HI,PC_ENT,FR,2017,13.41
A,GE10,C,E_DI_HI,PC_ENT,FR,2018,8.77
A,GE10,C,E_DI_HI,PC_ENT,FR,2019,16.65
A,GE10,C,E_DI_HI,PC_ENT,HR,2015,12.95
A,GE10,C,E_DI_HI,PC_ENT,HR,2016,13.16
A,GE10,C,E_DI_HI,PC_ENT,HR,2017,10.41
A,GE10,C,E_DI_HI,PC_ENT,HR,2018,6.58
A,GE10,C,E_DI_HI,PC_ENT,HR,2019,12.97
A,GE10,C,E_DI_HI,PC_ENT,HU,2015,7.23
A,GE10,C,E_DI_HI,PC_ENT,HU,2016,6.23
A,GE10,C,E_DI_HI,PC_ENT,HU,2017,8.26
A,GE10,C,E_DI_HI,PC_ENT,HU,2018,7.52
A,GE10,C,E_DI_HI,PC_ENT,HU,2019,9.01
A,GE10,C,E_DI_HI,PC_ENT,IE,2015,13.28
A,GE10,C,E_DI_HI,PC_ENT,IE,2016,11.88
A,GE10,C,E_DI_HI,PC_ENT,IE,2017,17.68
A,GE10,C,E_DI_HI,PC_ENT,IE,2018,16.12
A,GE10,C,E_DI_HI,PC_ENT,IE,2019,24.77
A,GE10,C,E_DI_HI,PC_ENT,IT,2015,9.01
A,GE10,C,E_DI_HI,PC_ENT,IT,2016,6.69
A,GE10,C,E_DI_HI,PC_ENT,IT,2017,8.87
A,GE10,C,E_DI_HI,PC_ENT,IT,2018,7.28
A,GE10,C,E_DI_HI,PC_ENT,IT,2019,14.95
A,GE10,C,E_DI_HI,PC_ENT,LT,2015,20.43
A,GE10,C,E_DI_HI,PC_ENT,LT,2016,14.08
A,GE10,C,E_DI_HI,PC_ENT,LT,2017,19.61
A,GE10,C,E_DI_HI,PC_ENT,LT,2018,18.12
A,GE10,C,E_DI_HI,PC_ENT,LT,2019,20.59
A,GE10,C,E_DI_HI,PC_ENT,LU,2015,20.37
A,GE10,C,E_DI_HI,PC_ENT,LU,2016,14.77
A,GE10,C,E_DI_HI,PC_ENT,LU,2017,18.79
A,GE10,C,E_DI_HI,PC_ENT,LU,2018,16.32
A,GE10,C,E_DI_HI,PC_ENT,LU,2019,32.28
A,GE10,C,E_DI_HI,PC_ENT,LV,2015,5.96
A,GE10,C,E_DI_HI,PC_ENT,LV,2016,5.07
A,GE10,C,E_DI_HI,PC_ENT,LV,2017,5.38
A,GE10,C,E_DI_HI,PC_ENT,LV,2018,3.63
A,GE10,C,E_DI_HI,PC_ENT,LV,2019,7.07
A,GE10,C,E_DI_HI,PC_ENT,ME,2017,24.58
A,GE10,C,E_DI_HI,PC_ENT,MK,2016,4.77
A,GE10,C,E_DI_HI,PC_ENT,MT,2015,16.28
A,GE10,C,E_DI_HI,PC_ENT,MT,2016,9.7
A,GE10,C,E_DI_HI,PC_ENT,MT,2017,13.57
A,GE10,C,E_DI_HI,PC_ENT,MT,2018,12.3
A,GE10,C,E_DI_HI,PC_ENT,MT,2019,20.34
A,GE10,C,E_DI_HI,PC_ENT,NL,2015,31.75
A,GE10,C,E_DI_HI,PC_ENT,NL,2016,18.46
A,GE10,C,E_DI_HI,PC_ENT,NL,2017,31.85
A,GE10,C,E_DI_HI,PC_ENT,NL,2018,22.37
A,GE10,C,E_DI_HI,PC_ENT,NL,2019,30.54
A,GE10,C,E_DI_HI,PC_ENT,NO,2015,27.67
A,GE10,C,E_DI_HI,PC_ENT,NO,2016,28.58
A,GE10,C,E_DI_HI,PC_ENT,NO,2017,24.37
A,GE10,C,E_DI_HI,PC_ENT,NO,2018,27.17
A,GE10,C,E_DI_HI,PC_ENT,NO,2019,25.35
A,GE10,C,E_DI_HI,PC_ENT,PL,2015,9.44
A,GE10,C,E_DI_HI,PC_ENT,PL,2016,7.12
A,GE10,C,E_DI_HI,PC_ENT,PL,2017,7.98
A,GE10,C,E_DI_HI,PC_ENT,PL,2018,7.28
A,GE10,C,E_DI_HI,PC_ENT,PL,2019,8.96
A,GE10,C,E_DI_HI,PC_ENT,PT,2015,10.14
A,GE10,C,E_DI_HI,PC_ENT,PT,2016,7.65
A,GE10,C,E_DI_HI,PC_ENT,PT,2017,14.94
A,GE10,C,E_DI_HI,PC_ENT,PT,2018,6.37
A,GE10,C,E_DI_HI,PC_ENT,PT,2019,12.29
A,GE10,C,E_DI_HI,PC_ENT,RO,2015,6.8
A,GE10,C,E_DI_HI,PC_ENT,RO,2016,2.79
A,GE10,C,E_DI_HI,PC_ENT,RO,2017,6.87
A,GE10,C,E_DI_HI,PC_ENT,RO,2018,4.33
A,GE10,C,E_DI_HI,PC_ENT,RO,2019,6.49
A,GE10,C,E_DI_HI,PC_ENT,RS,2017,15.76
A,GE10,C,E_DI_HI,PC_ENT,RS,2018,10.74
A,GE10,C,E_DI_HI,PC_ENT,RS,2019,13.65
A,GE10,C,E_DI_HI,PC_ENT,SE,2015,21.62
A,GE10,C,E_DI_HI,PC_ENT,SE,2016,23.34
A,GE10,C,E_DI_HI,PC_ENT,SE,2017,23.16
A,GE10,C,E_DI_HI,PC_ENT,SE,2018,26.41
A,GE10,C,E_DI_HI,PC_ENT,SE,2019,34.47
A,GE10,C,E_DI_HI,PC_ENT,SI,2015,8.27
A,GE10,C,E_DI_HI,PC_ENT,SI,2016,7.56
A,GE10,C,E_DI_HI,PC_ENT,SI,2017,13.82
A,GE10,C,E_DI_HI,PC_ENT,SI,2018,16.74
A,GE10,C,E_DI_HI,PC_ENT,SI,2019,14.4
A,GE10,C,E_DI_HI,PC_ENT,SK,2015,11.32
A,GE10,C,E_DI_HI,PC_ENT,SK,2016,6.64
A,GE10,C,E_DI_HI,PC_ENT,SK,2017,9.37
A,GE10,C,E_DI_HI,PC_ENT,SK,2018,6.18
A,GE10,C,E_DI_HI,PC_ENT,SK,2019,10.94
A,GE10,C,E_DI_HI,PC_ENT,TR,2017,4.76
A,GE10,C,E_DI_HI,PC_ENT,UK,2015,16.29
A,GE10,C,E_DI_HI,PC_ENT,UK,2016,15.87
A,GE10,C,E_DI_HI,PC_ENT,UK,2017,12.29
A,GE10,C,E_DI_HI,PC_ENT,UK,2018,12.97
A,GE10,C,E_DI_HI,PC_ENT,UK,2019,21.79
A,GE10,C,E_DI_VHI,PC_ENT,AT,2015,2.96
A,GE10,C,E_DI_VHI,PC_ENT,AT,2016,0.64
A,GE10,C,E_DI_VHI,PC_ENT,AT,2017,4.77
A,GE10,C,E_DI_VHI,PC_ENT,AT,2018,1.42
A,GE10,C,E_DI_VHI,PC_ENT,AT,2019,5.34
A,GE10,C,E_DI_VHI,PC_ENT,BE,2015,2.2
A,GE10,C,E_DI_VHI,PC_ENT,BE,2016,2.23
A,GE10,C,E_DI_VHI,PC_ENT,BE,2017,5.52
A,GE10,C,E_DI_VHI,PC_ENT,BE,2018,2.18
A,GE10,C,E_DI_VHI,PC_ENT,BE,2019,6.51
A,GE10,C,E_DI_VHI,PC_ENT,CY,2015,0.0
A,GE10,C,E_DI_VHI,PC_ENT,CY,2016,0.0
A,GE10,C,E_DI_VHI,PC_ENT,CY,2017,0.24
A,GE10,C,E_DI_VHI,PC_ENT,CY,2018,0.36
A,GE10,C,E_DI_VHI,PC_ENT,CY,2019,0.46
A,GE10,C,E_DI_VHI,PC_ENT,CZ,2015,1.25
A,GE10,C,E_DI_VHI,PC_ENT,CZ,2016,1.04
A,GE10,C,E_DI_VHI,PC_ENT,CZ,2017,1.75
A,GE10,C,E_DI_VHI,PC_ENT,CZ,2018,0.99
A,GE10,C,E_DI_VHI,PC_ENT,CZ,2019,4.03
A,GE10,C,E_DI_VHI,PC_ENT,DE,2015,0.68
A,GE10,C,E_DI_VHI,PC_ENT,DE,2016,0.3
A,GE10,C,E_DI_VHI,PC_ENT,DE,2017,3.31
A,GE10,C,E_DI_VHI,PC_ENT,DE,2018,0.68
A,GE10,C,E_DI_VHI,PC_ENT,DE,2019,3.72
A,GE10,C,E_DI_VHI,PC_ENT,DK,2015,6.88
A,GE10,C,E_DI_VHI,PC_ENT,DK,2016,5.88
A,GE10,C,E_DI_VHI,PC_ENT,DK,2017,7.17
A,GE10,C,E_DI_VHI,PC_ENT,DK,2018,5.74
A,GE10,C,E_DI_VHI,PC_ENT,DK,2019,8.04
A,GE10,C,E_DI_VHI,PC_ENT,EE,2015,1.36
A,GE10,C,E_DI_VHI,PC_ENT,EE,2016,0.91
A,GE10,C,E_DI_VHI,PC_ENT,EE,2017,1.4
A,GE10,C,E_DI_VHI,PC_ENT,EE,2018,0.72
A,GE10,C,E_DI_VHI,PC_ENT,EE,2019,2.63
A,GE10,C,E_DI_VHI,PC_ENT,EL,2015,0.0
A,GE10,C,E_DI_VHI,PC_ENT,EL,2016,0.72
A,GE10,C,E_DI_VHI,PC_ENT,EL,2017,0.99
A,GE10,C,E_DI_VHI,PC_ENT,EL,2018,0.09
A,GE10,C,E_DI_VHI,PC_ENT,EL,2019,0.0
A,GE10,C,E_DI_VHI,PC_ENT,ES,2015,1.82
A,GE10,C,E_DI_VHI,PC_ENT,ES,2016,1.09
A,GE10,C,E_DI_VHI,PC_ENT,ES,2017,2.0
A,GE10,C,E_DI_VHI,PC_ENT,ES,2018,0.63
A,GE10,C,E_DI_VHI,PC_ENT,ES,2019,1.37
A,GE10,C,E_DI_VHI,PC_ENT,FI,2015,6.7
A,GE10,C,E_DI_VHI,PC_ENT,FI,2016,4.91
A,GE10,C,E_DI_VHI,PC_ENT,FI,2017,0.72
A,GE10,C,E_DI_VHI,PC_ENT,FI,2018,8.28
A,GE10,C,E_DI_VHI,PC_ENT,FI,2019,9.93
A,GE10,C,E_DI_VHI,PC_ENT,FR,2015,1.33
A,GE10,C,E_DI_VHI,PC_ENT,FR,2016,0.66
A,GE10,C,E_DI_VHI,PC_ENT,FR,2017,1.46
A,GE10,C,E_DI_VHI,PC_ENT,FR,2018,1.31
A,GE10,C,E_DI_VHI,PC_ENT,FR,2019,2.7
A,GE10,C,E_DI_VHI,PC_ENT,HR,2015,0.85
A,GE10,C,E_DI_VHI,PC_ENT,HR,2016,0.76
A,GE10,C,E_DI_VHI,PC_ENT,HR,2017,1.19
A,GE10,C,E_DI_VHI,PC_ENT,HR,2018,0.15
A,GE10,C,E_DI_VHI,PC_ENT,HR,2019,3.06
A,GE10,C,E_DI_VHI,PC_ENT,HU,2015,0.44
A,GE10,C,E_DI_VHI,PC_ENT,HU,2016,0.29
A,GE10,C,E_DI_VHI,PC_ENT,HU,2017,0.58
A,GE10,C,E_DI_VHI,PC_ENT,HU,2018,0.66
A,GE10,C,E_DI_VHI,PC_ENT,HU,2019,1.14
A,GE10,C,E_DI_VHI,PC_ENT,IE,2015,1.65
A,GE10,C,E_DI_VHI,PC_ENT,IE,2016,0.45
A,GE10,C,E_DI_VHI,PC_ENT,IE,2017,0.57
A,GE10,C,E_DI_VHI,PC_ENT,IE,2018,0.96
A,GE10,C,E_DI_VHI,PC_ENT,IE,2019,2.36
A,GE10,C,E_DI_VHI,PC_ENT,IT,2015,0.43
A,GE10,C,E_DI_VHI,PC_ENT,IT,2016,0.3
A,GE10,C,E_DI_VHI,PC_ENT,IT,2017,0.53
A,GE10,C,E_DI_VHI,PC_ENT,IT,2018,0.66
A,GE10,C,E_DI_VHI,PC_ENT,IT,2019,1.13
A,GE10,C,E_DI_VHI,PC_ENT,LT,2015,3.88
A,GE10,C,E_DI_VHI,PC_ENT,LT,2016,1.34
A,GE10,C,E_DI_VHI,PC_ENT,LT,2017,2.91
A,GE10,C,E_DI_VHI,PC_ENT,LT,2018,2.39
A,GE10,C,E_DI_VHI,PC_ENT,LT,2019,5.62
A,GE10,C,E_DI_VHI,PC_ENT,LU,2015,0.75
A,GE10,C,E_DI_VHI,PC_ENT,LU,2016,0.34
A,GE10,C,E_DI_VHI,PC_ENT,LU,2017,2.03
A,GE10,C,E_DI_VHI,PC_ENT,LU,2018,0.34
A,GE10,C,E_DI_VHI,PC_ENT,LU,2019,2.68
A,GE10,C,E_DI_VHI,PC_ENT,LV,2018,0.16
A,GE10,C,E_DI_VHI,PC_ENT,LV,2019,0.23
A,GE10,C,E_DI_VHI,PC_ENT,MK,2015,0.25
A,GE10,C,E_DI_VHI,PC_ENT,MK,2016,0.0
A,GE10,C,E_DI_VHI,PC_ENT,MT,2015,0.0
A,GE10,C,E_DI_VHI,PC_ENT,MT,2016,1.21
A,GE10,C,E_DI_VHI,PC_ENT,MT,2017,0.0
A,GE10,C,E_DI_VHI,PC_ENT,MT,2018,0.0
A,GE10,C,E_DI_VHI,PC_ENT,MT,2019,0.36
A,GE10,C,E_DI_VHI,PC_ENT,NL,2015,3.68
A,GE10,C,E_DI_VHI,PC_ENT,NL,2016,1.45
A,GE10,C,E_DI_VHI,PC_ENT,NL,2017,4.17
A,GE10,C,E_DI_VHI,PC_ENT,NL,2018,2.32
A,GE10,C,E_DI_VHI,PC_ENT,NL,2019,3.77
A,GE10,C,E_DI_VHI,PC_ENT,NO,2015,3.42
A,GE10,C,E_DI_VHI,PC_ENT,NO,2016,4.34
A,GE10,C,E_DI_VHI,PC_ENT,NO,2017,3.23
A,GE10,C,E_DI_VHI,PC_ENT,NO,2018,3.38
A,GE10,C,E_DI_VHI,PC_ENT,NO,2019,3.83
A,GE10,C,E_DI_VHI,PC_ENT,PL,2015,0.89
A,GE10,C,E_DI_VHI,PC_ENT,PL,2016,0.59
A,GE10,C,E_DI_VHI,PC_ENT,PL,2017,0.58
A,GE10,C,E_DI_VHI,PC_ENT,PL,2018,0.65
A,GE10,C,E_DI_VHI,PC_ENT,PL,2019,0.43
A,GE10,C,E_DI_VHI,PC_ENT,PT,2015,0.37
A,GE10,C,E_DI_VHI,PC_ENT,PT,2016,0.55
A,GE10,C,E_DI_VHI,PC_ENT,PT,2017,1.48
A,GE10,C,E_DI_VHI,PC_ENT,PT,2018,0.47
A,GE10,C,E_DI_VHI,PC_ENT,PT,2019,1.49
A,GE10,C,E_DI_VHI,PC_ENT,RO,2015,0.33
A,GE10,C,E_DI_VHI,PC_ENT,RO,2016,0.14
A,GE10,C,E_DI_VHI,PC_ENT,RO,2017,0.6
A,GE10,C,E_DI_VHI,PC_ENT,RO,2018,0.22
A,GE10,C,E_DI_VHI,PC_ENT,RO,2019,0.5
A,GE10,C,E_DI_VHI,PC_ENT,RS,2017,2.11
A,GE10,C,E_DI_VHI,PC_ENT,RS,2018,1.95
A,GE10,C,E_DI_VHI,PC_ENT,RS,2019,2.04
A,GE10,C,E_DI_VHI,PC_ENT,SE,2015,1.7
A,GE10,C,E_DI_VHI,PC_ENT,SE,2016,4.79
A,GE10,C,E_DI_VHI,PC_ENT,SE,2017,4.39
A,GE10,C,E_DI_VHI,PC_ENT,SE,2018,4.73
A,GE10,C,E_DI_VHI,PC_ENT,SE,2019,9.98
A,GE10,C,E_DI_VHI,PC_ENT,SI,2018,2.19
A,GE10,C,E_DI_VHI,PC_ENT,SK,2015,0.75
A,GE10,C,E_DI_VHI,PC_ENT,SK,2016,0.38
A,GE10,C,E_DI_VHI,PC_ENT,SK,2017,0.52
A,GE10,C,E_DI_VHI,PC_ENT,SK,2018,0.68
A,GE10,C,E_DI_VHI,PC_ENT,SK,2019,1.09
A,GE10,C,E_DI_VHI,PC_ENT,TR,2017,0.28
A,GE10,C,E_DI_VHI,PC_ENT,UK,2015,1.16
A,GE10,C,E_DI_VHI,PC_ENT,UK,2016,0.86
A,GE10,C,E_DI_VHI,PC_ENT,UK,2017,0.73
A,GE10,C,E_DI_VHI,PC_ENT,UK,2018,1.14
A,GE10,C,E_DI_VHI,PC_ENT,UK,2019,3.14
A,GE10,C16-C18,E_DI2_HI,PC_ENT,AT,2018,10.4
A,GE10,C16-C18,E_DI2_HI,PC_ENT,AT,2020,7.33
A,GE10,C16-C18,E_DI2_HI,PC_ENT,BE,2018,9.62
A,GE10,C16-C18,E_DI2_HI,PC_ENT,BE,2020,6.08
A,GE10,C16-C18,E_DI2_HI,PC_ENT,CY,2018,3.66
A,GE10,C16-C18,E_DI2_HI,PC_ENT,CY,2020,3.22
A,GE10,C16-C18,E_DI2_HI,PC_ENT,CZ,2018,3.08
A,GE10,C16-C18,E_DI2_HI,PC_ENT,CZ,2020,7.87
A,GE10,C16-C18,E_DI2_HI,PC_ENT,DE,2018,4.82
A,GE10,C16-C18,E_DI2_HI,PC_ENT,DE,2020,10.82
A,GE10,C16-C18,E_DI2_HI,PC_ENT,DK,2018,25.27
A,GE10,C16-C18,E_DI2_HI,PC_ENT,DK,2020,34.71
A,GE10,C16-C18,E_DI2_HI,PC_ENT,EE,2018,4.43
A,GE10,C16-C18,E_DI2_HI,PC_ENT,EE,2020,14.47
A,GE10,C16-C18,E_DI2_HI,PC_ENT,EL,2018,0.52
A,GE10,C16-C18,E_DI2_HI,PC_ENT,FR,2020,12.43
A,GE10,C16-C18,E_DI2_HI,PC_ENT,HR,2018,2.63
A,GE10,C16-C18,E_DI2_HI,PC_ENT,HR,2020,7.53
A,GE10,C16-C18,E_DI2_HI,PC_ENT,HU,2018,4.37
A,GE10,C16-C18,E_DI2_HI,PC_ENT,HU,2020,5.32
A,GE10,C16-C18,E_DI2_HI,PC_ENT,IE,2018,26.09
A,GE10,C16-C18,E_DI2_HI,PC_ENT,IE,2020,24.14
A,GE10,C16-C18,E_DI2_HI,PC_ENT,IT,2018,2.8
A,GE10,C16-C18,E_DI2_HI,PC_ENT,IT,2020,13.93
A,GE10,C16-C18,E_DI2_HI,PC_ENT,LT,2018,10.38
A,GE10,C16-C18,E_DI2_HI,PC_ENT,LT,2020,3.37
A,GE10,C16-C18,E_DI2_HI,PC_ENT,LV,2018,0.0
A,GE10,C16-C18,E_DI2_HI,PC_ENT,LV,2020,3.33
A,GE10,C16-C18,E_DI2_HI,PC_ENT,ME,2020,5.8
A,GE10,C16-C18,E_DI2_HI,PC_ENT,MK,2020,0.0
A,GE10,C16-C18,E_DI2_HI,PC_ENT,MT,2018,7.01
A,GE10,C16-C18,E_DI2_HI,PC_ENT,MT,2020,10.32
A,GE10,C16-C18,E_DI2_HI,PC_ENT,NL,2018,16.06
A,GE10,C16-C18,E_DI2_HI,PC_ENT,NL,2020,19.22
A,GE10,C16-C18,E_DI2_HI,PC_ENT,NO,2018,12.35
A,GE10,C16-C18,E_DI2_HI,PC_ENT,NO,2020,41.41
A,GE10,C16-C18,E_DI2_HI,PC_ENT,PL,2018,2.79
A,GE10,C16-C18,E_DI2_HI,PC_ENT,PL,2020,7.23
A,GE10,C16-C18,E_DI2_HI,PC_ENT,PT,2018,4.97
A,GE10,C16-C18,E_DI2_HI,PC_ENT,PT,2020,2.54
A,GE10,C16-C18,E_DI2_HI,PC_ENT,RO,2018,1.01
A,GE10,C16-C18,E_DI2_HI,PC_ENT,RO,2020,1.35
A,GE10,C16-C18,E_DI2_HI,PC_ENT,RS,2020,5.86
A,GE10,C16-C18,E_DI2_HI,PC_ENT,SE,2018,20.17
A,GE10,C16-C18,E_DI2_HI,PC_ENT,SE,2020,25.59
A,GE10,C16-C18,E_DI2_HI,PC_ENT,SI,2018,11.95
A,GE10,C16-C18,E_DI2_HI,PC_ENT,SI,2020,5.66
A,GE10,C16-C18,E_DI2_HI,PC_ENT,SK,2018,4.0
A,GE10,C16-C18,E_DI2_HI,PC_ENT,SK,2020,1.45
A,GE10,C16-C18,E_DI2_HI,PC_ENT,UK,2018,12.17
A,GE10,C16-C18,E_DI2_HI,PC_ENT,UK,2020,6.22
A,GE10,C16-C18,E_DI2_VHI,PC_ENT,AT,2018,0.51
A,GE10,C16-C18,E_DI2_VHI,PC_ENT,AT,2020,1.39
A,GE10,C16-C18,E_DI2_VHI,PC_ENT,BE,2018,1.87
A,GE10,C16-C18,E_DI2_VHI,PC_ENT,BE,2020,3.73
A,GE10,C16-C18,E_DI2_VHI,PC_ENT,BG,2020,0.0
A,GE10,C16-C18,E_DI2_VHI,PC_ENT,CY,2018,0.0
A,GE10,C16-C18,E_DI2_VHI,PC_ENT,CY,2020,0.0
A,GE10,C16-C18,E_DI2_VHI,PC_ENT,CZ,2018,0.18
A,GE10,C16-C18,E_DI2_VHI,PC_ENT,DK,2018,5.23
A,GE10,C16-C18,E_DI2_VHI,PC_ENT,DK,2020,11.82
A,GE10,C16-C18,E_DI2_VHI,PC_ENT,EE,2018,0.0
A,GE10,C16-C18,E_DI2_VHI,PC_ENT,EE,2020,0.64
A,GE10,C16-C18,E_DI2_VHI,PC_ENT,EL,2018,0.0
A,GE10,C16-C18,E_DI2_VHI,PC_ENT,EL,2020,0.0
A,GE10,C16-C18,E_DI2_VHI,PC_ENT,FR,2020,0.65
A,GE10,C16-C18,E_DI2_VHI,PC_ENT,HR,2018,0.0
A,GE10,C16-C18,E_DI2_VHI,PC_ENT,HU,2018,0.0
A,GE10,C16-C18,E_DI2_VHI,PC_ENT,HU,2020,1.31
A,GE10,C16-C18,E_DI2_VHI,PC_ENT,IE,2018,0.0
A,GE10,C16-C18,E_DI2_VHI,PC_ENT,IE,2020,1.68
A,GE10,C16-C18,E_DI2_VHI,PC_ENT,IT,2020,0.28
A,GE10,C16-C18,E_DI2_VHI,PC_ENT,LT,2018,1.28
A,GE10,C16-C18,E_DI2_VHI,PC_ENT,LT,2020,0.0
A,GE10,C16-C18,E_DI2_VHI,PC_ENT,LV,2018,0.0
A,GE10,C16-C18,E_DI2_VHI,PC_ENT,LV,2020,0.0
A,GE10,C16-C18,E_DI2_VHI,PC_ENT,ME,2018,0.0
A,GE10,C16-C18,E_DI2_VHI,PC_ENT,ME,2020,0.0
A,GE10,C16-C18,E_DI2_VHI,PC_ENT,MK,2020,0.0
A,GE10,C16-C18,E_DI2_VHI,PC_ENT,MT,2018,0.0
A,GE10,C16-C18,E_DI2_VHI,PC_ENT,MT,2020,0.0
A,GE10,C16-C18,E_DI2_VHI,PC_ENT,NL,2018,0.52
A,GE10,C16-C18,E_DI2_VHI,PC_ENT,NL,2020,1.29
A,GE10,C16-C18,E_DI2_VHI,PC_ENT,NO,2018,1.35
A,GE10,C16-C18,E_DI2_VHI,PC_ENT,NO,2020,0.97
A,GE10,C16-C18,E_DI2_VHI,PC_ENT,PL,2018,0.06
A,GE10,C16-C18,E_DI2_VHI,PC_ENT,PL,2020,0.34
A,GE10,C16-C18,E_DI2_VHI,PC_ENT,PT,2018,0.3
A,GE10,C16-C18,E_DI2_VHI,PC_ENT,PT,2020,0.97
A,GE10,C16-C18,E_DI2_VHI,PC_ENT,RO,2018,0.08
A,GE10,C16-C18,E_DI2_VHI,PC_ENT,RO,2020,0.15
A,GE10,C16-C18,E_DI2_VHI,PC_ENT,RS,2020,0.0
A,GE10,C16-C18,E_DI2_VHI,PC_ENT,SE,2018,5.34
A,GE10,C16-C18,E_DI2_VHI,PC_ENT,SE,2020,1.92
A,GE10,C16-C18,E_DI2_VHI,PC_ENT,SI,2018,0.0
A,GE10,C16-C18,E_DI2_VHI,PC_ENT,SI,2020,4.85
A,GE10,C16-C18,E_DI2_VHI,PC_ENT,SK,2018,0.0
A,GE10,C16-C18,E_DI2_VHI,PC_ENT,SK,2020,0.25
A,GE10,C16-C18,E_DI2_VHI,PC_ENT,UK,2018,0.46
A,GE10,C16-C18,E_DI2_VHI,PC_ENT,UK,2020,0.14
A,GE10,C16-C18,E_DI3_HI,PC_ENT,AT,2021,9.37
A,GE10,C16-C18,E_DI3_HI,PC_ENT,AT,2023,20.07
A,GE10,C16-C18,E_DI3_HI,PC_ENT,AT,2025,22.57
A,GE10,C16-C18,E_DI3_HI,PC_ENT,BG,2021,3.03
A,GE10,C16-C18,E_DI3_HI,PC_ENT,BG,2023,3.31
A,GE10,C16-C18,E_DI3_HI,PC_ENT,BG,2025,5.08
A,GE10,C16-C18,E_DI3_HI,PC_ENT,CY,2021,10.53
A,GE10,C16-C18,E_DI3_HI,PC_ENT,CY,2023,8.05
A,GE10,C16-C18,E_DI3_HI,PC_ENT,CY,2025,7.8
A,GE10,C16-C18,E_DI3_HI,PC_ENT,CZ,2021,12.45
A,GE10,C16-C18,E_DI3_HI,PC_ENT,CZ,2023,8.29
A,GE10,C16-C18,E_DI3_HI,PC_ENT,CZ,2025,24.22
A,GE10,C16-C18,E_DI3_HI,PC_ENT,DE,2021,18.42
A,GE10,C16-C18,E_DI3_HI,PC_ENT,DE,2023,18.86
A,GE10,C16-C18,E_DI3_HI,PC_ENT,DE,2025,28.83
A,GE10,C16-C18,E_DI3_HI,PC_ENT,DK,2021,23.71
A,GE10,C16-C18,E_DI3_HI,PC_ENT,DK,2023,12.41
A,GE10,C16-C18,E_DI3_HI,PC_ENT,EE,2021,8.51
A,GE10,C16-C18,E_DI3_HI,PC_ENT,EE,2023,15.69
A,GE10,C16-C18,E_DI3_HI,PC_ENT,EE,2025,27.62
A,GE10,C16-C18,E_DI3_HI,PC_ENT,EL,2021,4.98
A,GE10,C16-C18,E_DI3_HI,PC_ENT,EL,2023,6.47
A,GE10,C16-C18,E_DI3_HI,PC_ENT,EL,2025,24.61
A,GE10,C16-C18,E_DI3_HI,PC_ENT,ES,2025,27.66
A,GE10,C16-C18,E_DI3_HI,PC_ENT,FR,2021,10.16
A,GE10,C16-C18,E_DI3_HI,PC_ENT,FR,2025,36.11
A,GE10,C16-C18,E_DI3_HI,PC_ENT,HR,2021,4.22
A,GE10,C16-C18,E_DI3_HI,PC_ENT,HR,2023,20.91
A,GE10,C16-C18,E_DI3_HI,PC_ENT,HR,2025,17.11
A,GE10,C16-C18,E_DI3_HI,PC_ENT,HU,2021,7.59
A,GE10,C16-C18,E_DI3_HI,PC_ENT,HU,2023,14.0
A,GE10,C16-C18,E_DI3_HI,PC_ENT,HU,2025,25.53
A,GE10,C16-C18,E_DI3_HI,PC_ENT,IE,2021,28.36
A,GE10,C16-C18,E_DI3_HI,PC_ENT,IE,2023,30.17
A,GE10,C16-C18,E_DI3_HI,PC_ENT,IE,2025,29.29
A,GE10,C16-C18,E_DI3_HI,PC_ENT,IT,2021,13.93
A,GE10,C16-C18,E_DI3_HI,PC_ENT,IT,2023,12.91
A,GE10,C16-C18,E_DI3_HI,PC_ENT,IT,2025,35.31
A,GE10,C16-C18,E_DI3_HI,PC_ENT,LT,2021,11.98
A,GE10,C16-C18,E_DI3_HI,PC_ENT,LT,2023,15.98
A,GE10,C16-C18,E_DI3_HI,PC_ENT,LT,2025,27.22
A,GE10,C16-C18,E_DI3_HI,PC_ENT,LV,2021,3.9
A,GE10,C16-C18,E_DI3_HI,PC_ENT,LV,2023,15.09
A,GE10,C16-C18,E_DI3_HI,PC_ENT,LV,2025,13.68
A,GE10,C16-C18,E_DI3_HI,PC_ENT,ME,2021,3.57
A,GE10,C16-C18,E_DI3_HI,PC_ENT,ME,2023,18.97
A,GE10,C16-C18,E_DI3_HI,PC_ENT,MK,2021,2.85
A,GE10,C16-C18,E_DI3_HI,PC_ENT,MT,2021,12.27
A,GE10,C16-C18,E_DI3_HI,PC_ENT,MT,2023,36.66
A,GE10,C16-C18,E_DI3_HI,PC_ENT,MT,2025,46.25
A,GE10,C16-C18,E_DI3_HI,PC_ENT,NL,2021,31.18
A,GE10,C16-C18,E_DI3_HI,PC_ENT,NL,2023,30.66
A,GE10,C16-C18,E_DI3_HI,PC_ENT,NL,2025,40.84
A,GE10,C16-C18,E_DI3_HI,PC_ENT,NO,2021,26.88
A,GE10,C16-C18,E_DI3_HI,PC_ENT,NO,2023,33.74
A,GE10,C16-C18,E_DI3_HI,PC_ENT,NO,2025,42.48
A,GE10,C16-C18,E_DI3_HI,PC_ENT,PL,2021,7.42
A,GE10,C16-C18,E_DI3_HI,PC_ENT,PL,2023,9.01
A,GE10,C16-C18,E_DI3_HI,PC_ENT,PL,2025,17.56
A,GE10,C16-C18,E_DI3_HI,PC_ENT,PT,2021,19.37
A,GE10,C16-C18,E_DI3_HI,PC_ENT,PT,2023,8.51
A,GE10,C16-C18,E_DI3_HI,PC_ENT,PT,2025,15.16
A,GE10,C16-C18,E_DI3_HI,PC_ENT,RO,2021,3.96
A,GE10,C16-C18,E_DI3_HI,PC_ENT,RO,2023,5.48
A,GE10,C16-C18,E_DI3_HI,PC_ENT,RO,2025,10.36
A,GE10,C16-C18,E_DI3_HI,PC_ENT,RS,2021,8.84
A,GE10,C16-C18,E_DI3_HI,PC_ENT,RS,2023,1.29
A,GE10,C16-C18,E_DI3_HI,PC_ENT,RS,2025,6.1
A,GE10,C16-C18,E_DI3_HI,PC_ENT,SE,2021,24.25
A,GE10,C16-C18,E_DI3_HI,PC_ENT,SE,2023,28.86
A,GE10,C16-C18,E_DI3_HI,PC_ENT,SE,2025,43.2
A,GE10,C16-C18,E_DI3_HI,PC_ENT,SI,2021,5.1
A,GE10,C16-C18,E_DI3_HI,PC_ENT,SI,2023,14.74
A,GE10,C16-C18,E_DI3_HI,PC_ENT,SI,2025,16.02
A,GE10,C16-C18,E_DI3_HI,PC_ENT,SK,2021,5.89
A,GE10,C16-C18,E_DI3_HI,PC_ENT,SK,2023,3.04
A,GE10,C16-C18,E_DI3_HI,PC_ENT,SK,2025,14.45
A,GE10,C16-C18,E_DI3_HI,PC_ENT,TR,2025,9.65
A,GE10,C16-C18,E_DI3_VHI,PC_ENT,AT,2021,6.09
A,GE10,C16-C18,E_DI3_VHI,PC_ENT,AT,2023,1.64
A,GE10,C16-C18,E_DI3_VHI,PC_ENT,AT,2025,9.22
A,GE10,C16-C18,E_DI3_VHI,PC_ENT,BE,2023,5.1
A,GE10,C16-C18,E_DI3_VHI,PC_ENT,BG,2021,0.0
A,GE10,C16-C18,E_DI3_VHI,PC_ENT,BG,2025,0.0
A,GE10,C16-C18,E_DI3_VHI,PC_ENT,CY,2021,0.0
A,GE10,C16-C18,E_DI3_VHI,PC_ENT,CY,2023,0.0
A,GE10,C16-C18,E_DI3_VHI,PC_ENT,CY,2025,0.0
A,GE10,C16-C18,E_DI3_VHI,PC_ENT,CZ,2021,1.33
A,GE10,C16-C18,E_DI3_VHI,PC_ENT,CZ,2023,4.1
A,GE10,C16-C18,E_DI3_VHI,PC_ENT,CZ,2025,5.86
A,GE10,C16-C18,E_DI3_VHI,PC_ENT,DE,2021,3.28
A,GE10,C16-C18,E_DI3_VHI,PC_ENT,DE,2023,2.49
A,GE10,C16-C18,E_DI3_VHI,PC_ENT,DE,2025,8.87
A,GE10,C16-C18,E_DI3_VHI,PC_ENT,DK,2021,15.1
A,GE10,C16-C18,E_DI3_VHI,PC_ENT,DK,2023,8.64
A,GE10,C16-C18,E_DI3_VHI,PC_ENT,EE,2021,1.5
A,GE10,C16-C18,E_DI3_VHI,PC_ENT,EE,2023,0.62
A,GE10,C16-C18,E_DI3_VHI,PC_ENT,EE,2025,3.01
A,GE10,C16-C18,E_DI3_VHI,PC_ENT,EL,2021,0.0
A,GE10,C16-C18,E_DI3_VHI,PC_ENT,EL,2023,1.92
A,GE10,C16-C18,E_DI3_VHI,PC_ENT,EL,2025,2.66
A,GE10,C16-C18,E_DI3_VHI,PC_ENT,ES,2025,4.8
A,GE10,C16-C18,E_DI3_VHI,PC_ENT,FR,2021,0.1
A,GE10,C16-C18,E_DI3_VHI,PC_ENT,FR,2025,2.8
A,GE10,C16-C18,E_DI3_VHI,PC_ENT,HR,2021,0.72
A,GE10,C16-C18,E_DI3_VHI,PC_ENT,HR,2023,1.09
A,GE10,C16-C18,E_DI3_VHI,PC_ENT,HR,2025,1.27
A,GE10,C16-C18,E_DI3_VHI,PC_ENT,HU,2021,2.55
A,GE10,C16-C18,E_DI3_VHI,PC_ENT,HU,2023,1.37
A,GE10,C16-C18,E_DI3_VHI,PC_ENT,HU,2025,3.42
A,GE10,C16-C18,E_DI3_VHI,PC_ENT,IE,2021,3.43
A,GE10,C16-C18,E_DI3_VHI,PC_ENT,IE,2023,2.12
A,GE10,C16-C18,E_DI3_VHI,PC_ENT,IE,2025,10.39
A,GE10,C16-C18,E_DI3_VHI,PC_ENT,IT,2021,2.24
A,GE10,C16-C18,E_DI3_VHI,PC_ENT,IT,2023,3.13
A,GE10,C16-C18,E_DI3_VHI,PC_ENT,IT,2025,2.38
A,GE10,C16-C18,E_DI3_VHI,PC_ENT,LT,2021,1.57
A,GE10,C16-C18,E_DI3_VHI,PC_ENT,LT,2023,1.13
A,GE10,C16-C18,E_DI3_VHI,PC_ENT,LT,2025,5.92
A,GE10,C16-C18,E_DI3_VHI,PC_ENT,LV,2021,0.39
A,GE10,C16-C18,E_DI3_VHI,PC_ENT,LV,2023,1.0
A,GE10,C16-C18,E_DI3_VHI,PC_ENT,LV,2025,2.37
A,GE10,C16-C18,E_DI3_VHI,PC_ENT,ME,2021,0.0
A,GE10,C16-C18,E_DI3_VHI,PC_ENT,MK,2021,0.0
A,GE10,C16-C18,E_DI3_VHI,PC_ENT,MT,2021,3.47
A,GE10,C16-C18,E_DI3_VHI,PC_ENT,MT,2023,2.64
A,GE10,C16-C18,E_DI3_VHI,PC_ENT,MT,2025,15.69
A,GE10,C16-C18,E_DI3_VHI,PC_ENT,NL,2021,1.06
A,GE10,C16-C18,E_DI3_VHI,PC_ENT,NL,2023,10.08
A,GE10,C16-C18,E_DI3_VHI,PC_ENT,NL,2025,16.94
A,GE10,C16-C18,E_DI3_VHI,PC_ENT,NO,2021,4.01
A,GE10,C16-C18,E_DI3_VHI,PC_ENT,NO,2023,4.31
A,GE10,C16-C18,E_DI3_VHI,PC_ENT,NO,2025,11.59
A,GE10,C16-C18,E_DI3_VHI,PC_ENT,PL,2021,1.43
A,GE10,C16-C18,E_DI3_VHI,PC_ENT,PL,2023,1.34
A,GE10,C16-C18,E_DI3_VHI,PC_ENT,PL,2025,3.6
A,GE10,C16-C18,E_DI3_VHI,PC_ENT,PT,2021,0.72
A,GE10,C16-C18,E_DI3_VHI,PC_ENT,PT,2023,0.78
A,GE10,C16-C18,E_DI3_VHI,PC_ENT,PT,2025,3.62
A,GE10,C16-C18,E_DI3_VHI,PC_ENT,RO,2021,0.09
A,GE10,C16-C18,E_DI3_VHI,PC_ENT,RO,2023,0.26
A,GE10,C16-C18,E_DI3_VHI,PC_ENT,RO,2025,0.43
A,GE10,C16-C18,E_DI3_VHI,PC_ENT,RS,2021,0.21
A,GE10,C16-C18,E_DI3_VHI,PC_ENT,RS,2023,0.2
A,GE10,C16-C18,E_DI3_VHI,PC_ENT,RS,2025,0.29
A,GE10,C16-C18,E_DI3_VHI,PC_ENT,SE,2021,11.87
A,GE10,C16-C18,E_DI3_VHI,PC_ENT,SE,2023,5.51
A,GE10,C16-C18,E_DI3_VHI,PC_ENT,SE,2025,15.46
A,GE10,C16-C18,E_DI3_VHI,PC_ENT,SI,2021,2.01
A,GE10,C16-C18,E_DI3_VHI,PC_ENT,SI,2023,1.46
A,GE10,C16-C18,E_DI3_VHI,PC_ENT,SI,2025,2.86
A,GE10,C16-C18,E_DI3_VHI,PC_ENT,SK,2021,0.0
A,GE10,C16-C18,E_DI3_VHI,PC_ENT,SK,2023,1.44
A,GE10,C16-C18,E_DI3_VHI,PC_ENT,SK,2025,1.21
A,GE10,C16-C18,E_DI3_VHI,PC_ENT,TR,2025,2.05
A,GE10,C16-C18,E_DI4_HI,PC_ENT,AT,2022,11.99
A,GE10,C16-C18,E_DI4_HI,PC_ENT,AT,2024,26.2
A,GE10,C16-C18,E_DI4_HI,PC_ENT,BG,2022,8.03
A,GE10,C16-C18,E_DI4_HI,PC_ENT,BG,2024,7.79
A,GE10,C16-C18,E_DI4_HI,PC_ENT,CY,2022,17.53
A,GE10,C16-C18,E_DI4_HI,PC_ENT,CY,2024,6.73
A,GE10,C16-C18,E_DI4_HI,PC_ENT,CZ,2022,15.3
A,GE10,C16-C18,E_DI4_HI,PC_ENT,CZ,2024,20.25
A,GE10,C16-C18,E_DI4_HI,PC_ENT,DE,2022,27.51
A,GE10,C16-C18,E_DI4_HI,PC_ENT,DE,2024,32.04
A,GE10,C16-C18,E_DI4_HI,PC_ENT,DK,2022,37.35
A,GE10,C16-C18,E_DI4_HI,PC_ENT,DK,2024,44.68
A,GE10,C16-C18,E_DI4_HI,PC_ENT,EE,2022,15.25
A,GE10,C16-C18,E_DI4_HI,PC_ENT,EE,2024,21.62
A,GE10,C16-C18,E_DI4_HI,PC_ENT,EL,2022,11.27
A,GE10,C16-C18,E_DI4_HI,PC_ENT,EL,2024,16.86
A,GE10,C16-C18,E_DI4_HI,PC_ENT,ES,2024,21.24
A,GE10,C16-C18,E_DI4_HI,PC_ENT,FR,2024,17.74
A,GE10,C16-C18,E_DI4_HI,PC_ENT,HR,2022,5.35
A,GE10,C16-C18,E_DI4_HI,PC_ENT,HR,2024,17.86
A,GE10,C16-C18,E_DI4_HI,PC_ENT,HU,2022,19.26
A,GE10,C16-C18,E_DI4_HI,PC_ENT,HU,2024,10.35
A,GE10,C16-C18,E_DI4_HI,PC_ENT,IE,2022,38.91
A,GE10,C16-C18,E_DI4_HI,PC_ENT,IE,2024,15.35
A,GE10,C16-C18,E_DI4_HI,PC_ENT,IT,2022,18.78
A,GE10,C16-C18,E_DI4_HI,PC_ENT,IT,2024,19.65
A,GE10,C16-C18,E_DI4_HI,PC_ENT,LT,2022,15.75
A,GE10,C16-C18,E_DI4_HI,PC_ENT,LT,2024,13.1
A,GE10,C16-C18,E_DI4_HI,PC_ENT,LV,2022,6.62
A,GE10,C16-C18,E_DI4_HI,PC_ENT,LV,2024,11.0
A,GE10,C16-C18,E_DI4_HI,PC_ENT,ME,2022,39.61
A,GE10,C16-C18,E_DI4_HI,PC_ENT,MT,2022,28.02
A,GE10,C16-C18,E_DI4_HI,PC_ENT,MT,2024,28.11
A,GE10,C16-C18,E_DI4_HI,PC_ENT,NL,2022,27.85
A,GE10,C16-C18,E_DI4_HI,PC_ENT,NL,2024,31.44
A,GE10,C16-C18,E_DI4_HI,PC_ENT,NO,2022,31.38
A,GE10,C16-C18,E_DI4_HI,PC_ENT,NO,2024,42.7
A,GE10,C16-C18,E_DI4_HI,PC_ENT,PL,2022,16.69
A,GE10,C16-C18,E_DI4_HI,PC_ENT,PL,2024,18.31
A,GE10,C16-C18,E_DI4_HI,PC_ENT,PT,2022,21.81
A,GE10,C16-C18,E_DI4_HI,PC_ENT,PT,2024,30.1
A,GE10,C16-C18,E_DI4_HI,PC_ENT,RO,2022,12.4
A,GE10,C16-C18,E_DI4_HI,PC_ENT,RO,2024,10.47
A,GE10,C16-C18,E_DI4_HI,PC_ENT,RS,2022,13.37
A,GE10,C16-C18,E_DI4_HI,PC_ENT,RS,2024,15.01
A,GE10,C16-C18,E_DI4_HI,PC_ENT,SE,2022,46.59
A,GE10,C16-C18,E_DI4_HI,PC_ENT,SE,2024,41.92
A,GE10,C16-C18,E_DI4_HI,PC_ENT,SI,2022,18.15
A,GE10,C16-C18,E_DI4_HI,PC_ENT,SI,2024,19.98
A,GE10,C16-C18,E_DI4_HI,PC_ENT,SK,2022,8.31
A,GE10,C16-C18,E_DI4_HI,PC_ENT,SK,2024,9.57
A,GE10,C16-C18,E_DI4_VHI,PC_ENT,AT,2022,4.49
A,GE10,C16-C18,E_DI4_VHI,PC_ENT,AT,2024,6.1
A,GE10,C16-C18,E_DI4_VHI,PC_ENT,BE,2022,3.43
A,GE10,C16-C18,E_DI4_VHI,PC_ENT,BE,2024,9.55
A,GE10,C16-C18,E_DI4_VHI,PC_ENT,CY,2022,0.0
A,GE10,C16-C18,E_DI4_VHI,PC_ENT,CY,2024,0.0
A,GE10,C16-C18,E_DI4_VHI,PC_ENT,CZ,2022,3.69
A,GE10,C16-C18,E_DI4_VHI,PC_ENT,CZ,2024,2.53
A,GE10,C16-C18,E_DI4_VHI,PC_ENT,DE,2022,3.52
A,GE10,C16-C18,E_DI4_VHI,PC_ENT,DE,2024,6.08
A,GE10,C16-C18,E_DI4_VHI,PC_ENT,DK,2022,16.69
A,GE10,C16-C18,E_DI4_VHI,PC_ENT,DK,2024,6.85
A,GE10,C16-C18,E_DI4_VHI,PC_ENT,EE,2022,2.26
A,GE10,C16-C18,E_DI4_VHI,PC_ENT,EE,2024,2.66
A,GE10,C16-C18,E_DI4_VHI,PC_ENT,EL,2022,1.64
A,GE10,C16-C18,E_DI4_VHI,PC_ENT,EL,2024,1.35
A,GE10,C16-C18,E_DI4_VHI,PC_ENT,ES,2024,3.57
A,GE10,C16-C18,E_DI4_VHI,PC_ENT,FR,2022,1.8
A,GE10,C16-C18,E_DI4_VHI,PC_ENT,FR,2024,1.22
A,GE10,C16-C18,E_DI4_VHI,PC_ENT,HR,2022,2.12
A,GE10,C16-C18,E_DI4_VHI,PC_ENT,HR,2024,1.07
A,GE10,C16-C18,E_DI4_VHI,PC_ENT,HU,2022,1.49
A,GE10,C16-C18,E_DI4_VHI,PC_ENT,HU,2024,1.06
A,GE10,C16-C18,E_DI4_VHI,PC_ENT,IE,2024,9.69
A,GE10,C16-C18,E_DI4_VHI,PC_ENT,IT,2022,2.1
A,GE10,C16-C18,E_DI4_VHI,PC_ENT,IT,2024,2.86
A,GE10,C16-C18,E_DI4_VHI,PC_ENT,LT,2022,1.71
A,GE10,C16-C18,E_DI4_VHI,PC_ENT,LT,2024,1.39
A,GE10,C16-C18,E_DI4_VHI,PC_ENT,LV,2022,0.55
A,GE10,C16-C18,E_DI4_VHI,PC_ENT,LV,2024,1.83
A,GE10,C16-C18,E_DI4_VHI,PC_ENT,ME,2022,0.0
A,GE10,C16-C18,E_DI4_VHI,PC_ENT,MK,2022,0.0
A,GE10,C16-C18,E_DI4_VHI,PC_ENT,MT,2022,13.51
A,GE10,C16-C18,E_DI4_VHI,PC_ENT,MT,2024,11.27
A,GE10,C16-C18,E_DI4_VHI,PC_ENT,NL,2022,5.62
A,GE10,C16-C18,E_DI4_VHI,PC_ENT,NL,2024,9.93
A,GE10,C16-C18,E_DI4_VHI,PC_ENT,NO,2022,8.81
A,GE10,C16-C18,E_DI4_VHI,PC_ENT,NO,2024,7.27
A,GE10,C16-C18,E_DI4_VHI,PC_ENT,PL,2022,2.6
A,GE10,C16-C18,E_DI4_VHI,PC_ENT,PL,2024,3.05
A,GE10,C16-C18,E_DI4_VHI,PC_ENT,PT,2022,4.02
A,GE10,C16-C18,E_DI4_VHI,PC_ENT,PT,2024,4.43
A,GE10,C16-C18,E_DI4_VHI,PC_ENT,RO,2022,0.49
A,GE10,C16-C18,E_DI4_VHI,PC_ENT,RO,2024,0.37
A,GE10,C16-C18,E_DI4_VHI,PC_ENT,RS,2022,1.52
A,GE10,C16-C18,E_DI4_VHI,PC_ENT,RS,2024,0.21
A,GE10,C16-C18,E_DI4_VHI,PC_ENT,SE,2022,12.45
A,GE10,C16-C18,E_DI4_VHI,PC_ENT,SE,2024,8.11
A,GE10,C16-C18,E_DI4_VHI,PC_ENT,SI,2022,4.75
A,GE10,C16-C18,E_DI4_VHI,PC_ENT,SI,2024,1.86
A,GE10,C16-C18,E_DI4_VHI,PC_ENT,SK,2022,1.06
A,GE10,C16-C18,E_DI4_VHI,PC_ENT,SK,2024,0.75
A,GE10,C16-C18,E_DI_HI,PC_ENT,AT,2017,17.46
A,GE10,C16-C18,E_DI_HI,PC_ENT,BE,2018,13.59
A,GE10,C16-C18,E_DI_HI,PC_ENT,BG,2015,6.67
A,GE10,C16-C18,E_DI_HI,PC_ENT,BG,2016,3.8
A,GE10,C16-C18,E_DI_HI,PC_ENT,BG,2017,7.68
A,GE10,C16-C18,E_DI_HI,PC_ENT,BG,2019,3.91
A,GE10,C16-C18,E_DI_HI,PC_ENT,CY,2015,4.68
A,GE10,C16-C18,E_DI_HI,PC_ENT,CY,2016,0.0
A,GE10,C16-C18,E_DI_HI,PC_ENT,CY,2017,11.13
A,GE10,C16-C18,E_DI_HI,PC_ENT,CY,2018,0.0
A,GE10,C16-C18,E_DI_HI,PC_ENT,CY,2019,18.3
A,GE10,C16-C18,E_DI_HI,PC_ENT,CZ,2015,8.64
A,GE10,C16-C18,E_DI_HI,PC_ENT,CZ,2016,16.66
A,GE10,C16-C18,E_DI_HI,PC_ENT,CZ,2017,9.33
A,GE10,C16-C18,E_DI_HI,PC_ENT,CZ,2018,11.77
A,GE10,C16-C18,E_DI_HI,PC_ENT,CZ,2019,16.53
A,GE10,C16-C18,E_DI_HI,PC_ENT,DE,2015,22.79
A,GE10,C16-C18,E_DI_HI,PC_ENT,DE,2016,13.51
A,GE10,C16-C18,E_DI_HI,PC_ENT,DE,2017,26.63
A,GE10,C16-C18,E_DI_HI,PC_ENT,DE,2018,12.67
A,GE10,C16-C18,E_DI_HI,PC_ENT,DE,2019,22.22
A,GE10,C16-C18,E_DI_HI,PC_ENT,DK,2015,27.66
A,GE10,C16-C18,E_DI_HI,PC_ENT,DK,2016,22.61
A,GE10,C16-C18,E_DI_HI,PC_ENT,DK,2017,32.55
A,GE10,C16-C18,E_DI_HI,PC_ENT,DK,2018,39.41
A,GE10,C16-C18,E_DI_HI,PC_ENT,DK,2019,39.6
A,GE10,C16-C18,E_DI_HI,PC_ENT,EE,2015,9.23
A,GE10,C16-C18,E_DI_HI,PC_ENT,EE,2016,9.51
A,GE10,C16-C18,E_DI_HI,PC_ENT,EE,2017,11.24
A,GE10,C16-C18,E_DI_HI,PC_ENT,EE,2018,8.55
A,GE10,C16-C18,E_DI_HI,PC_ENT,EE,2019,15.62
A,GE10,C16-C18,E_DI_HI,PC_ENT,EL,2015,6.07
A,GE10,C16-C18,E_DI_HI,PC_ENT,EL,2016,8.77
A,GE10,C16-C18,E_DI_HI,PC_ENT,EL,2017,11.91
A,GE10,C16-C18,E_DI_HI,PC_ENT,EL,2018,0.77
A,GE10,C16-C18,E_DI_HI,PC_ENT,EL,2019,1.82
A,GE10,C16-C18,E_DI_HI,PC_ENT,FR,2015,10.7
A,GE10,C16-C18,E_DI_HI,PC_ENT,FR,2016,5.52
A,GE10,C16-C18,E_DI_HI,PC_ENT,FR,2017,16.46
A,GE10,C16-C18,E_DI_HI,PC_ENT,FR,2019,19.37
A,GE10,C16-C18,E_DI_HI,PC_ENT,HR,2015,14.43
A,GE10,C16-C18,E_DI_HI,PC_ENT,HR,2016,6.41
A,GE10,C16-C18,E_DI_HI,PC_ENT,HR,2017,5.03
A,GE10,C16-C18,E_DI_HI,PC_ENT,HR,2018,3.73
A,GE10,C16-C18,E_DI_HI,PC_ENT,HR,2019,8.5
A,GE10,C16-C18,E_DI_HI,PC_ENT,HU,2015,8.5
A,GE10,C16-C18,E_DI_HI,PC_ENT,HU,2016,7.26
A,GE10,C16-C18,E_DI_HI,PC_ENT,HU,2017,5.6
A,GE10,C16-C18,E_DI_HI,PC_ENT,HU,2018,5.14
A,GE10,C16-C18,E_DI_HI,PC_ENT,HU,2019,7.58
A,GE10,C16-C18,E_DI_HI,PC_ENT,IE,2015,11.6
A,GE10,C16-C18,E_DI_HI,PC_ENT,IE,2016,15.3
A,GE10,C16-C18,E_DI_HI,PC_ENT,IE,2017,16.33
A,GE10,C16-C18,E_DI_HI,PC_ENT,IE,2018,23.89
A,GE10,C16-C18,E_DI_HI,PC_ENT,IE,2019,31.77
A,GE10,C16-C18,E_DI_HI,PC_ENT,IT,2015,8.47
A,GE10,C16-C18,E_DI_HI,PC_ENT,IT,2016,7.75
A,GE10,C16-C18,E_DI_HI,PC_ENT,IT,2017,5.52
A,GE10,C16-C18,E_DI_HI,PC_ENT,IT,2018,6.31
A,GE10,C16-C18,E_DI_HI,PC_ENT,IT,2019,9.17
A,GE10,C16-C18,E_DI_HI,PC_ENT,LT,2015,13.72
A,GE10,C16-C18,E_DI_HI,PC_ENT,LT,2016,14.8
A,GE10,C16-C18,E_DI_HI,PC_ENT,LT,2017,14.72
A,GE10,C16-C18,E_DI_HI,PC_ENT,LT,2018,15.48
A,GE10,C16-C18,E_DI_HI,PC_ENT,LT,2019,21.58
A,GE10,C16-C18,E_DI_HI,PC_ENT,LV,2015,4.3
A,GE10,C16-C18,E_DI_HI,PC_ENT,LV,2016,2.23
A,GE10,C16-C18,E_DI_HI,PC_ENT,LV,2017,2.85
A,GE10,C16-C18,E_DI_HI,PC_ENT,LV,2018,1.81
A,GE10,C16-C18,E_DI_HI,PC_ENT,LV,2019,5.73
A,GE10,C16-C18,E_DI_HI,PC_ENT,ME,2017,27.72
A,GE10,C16-C18,E_DI_HI,PC_ENT,ME,2018,14.77
A,GE10,C16-C18,E_DI_HI,PC_ENT,ME,2019,13.86
A,GE10,C16-C18,E_DI_HI,PC_ENT,MK,2016,6.34
A,GE10,C16-C18,E_DI_HI,PC_ENT,MT,2015,15.47
A,GE10,C16-C18,E_DI_HI,PC_ENT,MT,2016,17.3
A,GE10,C16-C18,E_DI_HI,PC_ENT,MT,2017,11.07
A,GE10,C16-C18,E_DI_HI,PC_ENT,MT,2018,14.88
A,GE10,C16-C18,E_DI_HI,PC_ENT,MT,2019,9.62
A,GE10,C16-C18,E_DI_HI,PC_ENT,NL,2015,36.23
A,GE10,C16-C18,E_DI_HI,PC_ENT,NL,2016,19.53
A,GE10,C16-C18,E_DI_HI,PC_ENT,NL,2017,26.85
A,GE10,C16-C18,E_DI_HI,PC_ENT,NL,2018,25.94
A,GE10,C16-C18,E_DI_HI,PC_ENT,NL,2019,26.63
A,GE10,C16-C18,E_DI_HI,PC_ENT,NO,2015,27.42
A,GE10,C16-C18,E_DI_HI,PC_ENT,NO,2016,36.11
A,GE10,C16-C18,E_DI_HI,PC_ENT,NO,2017,23.51
A,GE10,C16-C18,E_DI_HI,PC_ENT,NO,2018,34.8
A,GE10,C16-C18,E_DI_HI,PC_ENT,NO,2019,31.63
A,GE10,C16-C18,E_DI_HI,PC_ENT,PL,2015,6.14
A,GE10,C16-C18,E_DI_HI,PC_ENT,PL,2016,5.75
A,GE10,C16-C18,E_DI_HI,PC_ENT,PL,2017,7.34
A,GE10,C16-C18,E_DI_HI,PC_ENT,PL,2018,6.01
A,GE10,C16-C18,E_DI_HI,PC_ENT,PL,2019,8.22
A,GE10,C16-C18,E_DI_HI,PC_ENT,PT,2015,6.69
A,GE10,C16-C18,E_DI_HI,PC_ENT,PT,2016,8.86
A,GE10,C16-C18,E_DI_HI,PC_ENT,PT,2017,10.49
A,GE10,C16-C18,E_DI_HI,PC_ENT,PT,2018,7.11
A,GE10,C16-C18,E_DI_HI,PC_ENT,RO,2015,6.33
A,GE10,C16-C18,E_DI_HI,PC_ENT,RO,2016,1.54
A,GE10,C16-C18,E_DI_HI,PC_ENT,RO,2017,9.97
A,GE10,C16-C18,E_DI_HI,PC_ENT,RO,2018,3.08
A,GE10,C16-C18,E_DI_HI,PC_ENT,RO,2019,6.11
A,GE10,C16-C18,E_DI_HI,PC_ENT,RS,2017,17.02
A,GE10,C16-C18,E_DI_HI,PC_ENT,RS,2018,10.88
A,GE10,C16-C18,E_DI_HI,PC_ENT,RS,2019,8.29
A,GE10,C16-C18,E_DI_HI,PC_ENT,SE,2015,21.17
A,GE10,C16-C18,E_DI_HI,PC_ENT,SE,2016,28.92
A,GE10,C16-C18,E_DI_HI,PC_ENT,SE,2017,19.35
A,GE10,C16-C18,E_DI_HI,PC_ENT,SE,2018,27.0
A,GE10,C16-C18,E_DI_HI,PC_ENT,SE,2019,35.01
A,GE10,C16-C18,E_DI_HI,PC_ENT,SI,2015,3.2
A,GE10,C16-C18,E_DI_HI,PC_ENT,SI,2016,5.37
A,GE10,C16-C18,E_DI_HI,PC_ENT,SI,2017,7.8
A,GE10,C16-C18,E_DI_HI,PC_ENT,SI,2018,15.43
A,GE10,C16-C18,E_DI_HI,PC_ENT,SI,2019,1.95
A,GE10,C16-C18,E_DI_HI,PC_ENT,SK,2015,9.55
A,GE10,C16-C18,E_DI_HI,PC_ENT,SK,2016,6.03
A,GE10,C16-C18,E_DI_HI,PC_ENT,SK,2017,5.81
A,GE10,C16-C18,E_DI_HI,PC_ENT,SK,2018,6.6
A,GE10,C16-C18,E_DI_HI,PC_ENT,SK,2019,5.18
A,GE10,C16-C18,E_DI_HI,PC_ENT,TR,2017,6.07
A,GE10,C16-C18,E_DI_HI,PC_ENT,TR,2018,1.5
A,GE10,C16-C18,E_DI_HI,PC_ENT,UK,2015,15.78
A,GE10,C16-C18,E_DI_HI,PC_ENT,UK,2016,23.49
A,GE10,C16-C18,E_DI_HI,PC_ENT,UK,2017,16.47
A,GE10,C16-C18,E_DI_VHI,PC_ENT,AT,2017,3.02
A,GE10,C16-C18,E_DI_VHI,PC_ENT,AT,2018,0.9
A,GE10,C16-C18,E_DI_VHI,PC_ENT,AT,2019,2.77
A,GE10,C16-C18,E_DI_VHI,PC_ENT,BE,2015,1.51
A,GE10,C16-C18,E_DI_VHI,PC_ENT,BE,2016,0.0
A,GE10,C16-C18,E_DI_VHI,PC_ENT,BE,2018,1.87
A,GE10,C16-C18,E_DI_VHI,PC_ENT,BE,2019,1.19
A,GE10,C16-C18,E_DI_VHI,PC_ENT,BG,2015,0.0
A,GE10,C16-C18,E_DI_VHI,PC_ENT,BG,2016,0.0
A,GE10,C16-C18,E_DI_VHI,PC_ENT,BG,2017,0.0
A,GE10,C16-C18,E_DI_VHI,PC_ENT,BG,2019,0.0
A,GE10,C16-C18,E_DI_VHI,PC_ENT,CY,2015,0.0
A,GE10,C16-C18,E_DI_VHI,PC_ENT,CY,2016,0.0
A,GE10,C16-C18,E_DI_VHI,PC_ENT,CY,2017,0.0
A,GE10,C16-C18,E_DI_VHI,PC_ENT,CY,2018,0.0
A,GE10,C16-C18,E_DI_VHI,PC_ENT,CY,2019,0.0
A,GE10,C16-C18,E_DI_VHI,PC_ENT,CZ,2015,2.03
A,GE10,C16-C18,E_DI_VHI,PC_ENT,CZ,2016,0.0
A,GE10,C16-C18,E_DI_VHI,PC_ENT,CZ,2017,1.95
A,GE10,C16-C18,E_DI_VHI,PC_ENT,CZ,2018,0.16
A,GE10,C16-C18,E_DI_VHI,PC_ENT,CZ,2019,1.81
A,GE10,C16-C18,E_DI_VHI,PC_ENT,DE,2015,0.81
A,GE10,C16-C18,E_DI_VHI,PC_ENT,DE,2016,0.34
A,GE10,C16-C18,E_DI_VHI,PC_ENT,DE,2017,3.21
A,GE10,C16-C18,E_DI_VHI,PC_ENT,DE,2018,0.57
A,GE10,C16-C18,E_DI_VHI,PC_ENT,DE,2019,6.21
A,GE10,C16-C18,E_DI_VHI,PC_ENT,DK,2015,10.82
A,GE10,C16-C18,E_DI_VHI,PC_ENT,DK,2016,9.88
A,GE10,C16-C18,E_DI_VHI,PC_ENT,DK,2017,12.73
A,GE10,C16-C18,E_DI_VHI,PC_ENT,DK,2018,8.2
A,GE10,C16-C18,E_DI_VHI,PC_ENT,DK,2019,13.62
A,GE10,C16-C18,E_DI_VHI,PC_ENT,EE,2015,0.32
A,GE10,C16-C18,E_DI_VHI,PC_ENT,EE,2016,0.0
A,GE10,C16-C18,E_DI_VHI,PC_ENT,EE,2017,0.61
A,GE10,C16-C18,E_DI_VHI,PC_ENT,EE,2018,0.29
A,GE10,C16-C18,E_DI_VHI,PC_ENT,EE,2019,3.1
A,GE10,C16-C18,E_DI_VHI,PC_ENT,EL,2015,0.0
A,GE10,C16-C18,E_DI_VHI,PC_ENT,EL,2016,0.37
A,GE10,C16-C18,E_DI_VHI,PC_ENT,EL,2017,1.98
A,GE10,C16-C18,E_DI_VHI,PC_ENT,EL,2018,0.26
A,GE10,C16-C18,E_DI_VHI,PC_ENT,EL,2019,0.0
A,GE10,C16-C18,E_DI_VHI,PC_ENT,FR,2015,1.9
A,GE10,C16-C18,E_DI_VHI,PC_ENT,FR,2016,0.83
A,GE10,C16-C18,E_DI_VHI,PC_ENT,FR,2017,1.86
A,GE10,C16-C18,E_DI_VHI,PC_ENT,FR,2019,0.1
A,GE10,C16-C18,E_DI_VHI,PC_ENT,HR,2015,0.37
A,GE10,C16-C18,E_DI_VHI,PC_ENT,HR,2016,0.0
A,GE10,C16-C18,E_DI_VHI,PC_ENT,HR,2017,1.8
A,GE10,C16-C18,E_DI_VHI,PC_ENT,HR,2018,0.0
A,GE10,C16-C18,E_DI_VHI,PC_ENT,HR,2019,0.81
A,GE10,C16-C18,E_DI_VHI,PC_ENT,HU,2015,0.6
A,GE10,C16-C18,E_DI_VHI,PC_ENT,HU,2016,0.0
A,GE10,C16-C18,E_DI_VHI,PC_ENT,HU,2017,0.4
A,GE10,C16-C18,E_DI_VHI,PC_ENT,HU,2018,0.67
A,GE10,C16-C18,E_DI_VHI,PC_ENT,HU,2019,0.79
A,GE10,C16-C18,E_DI_VHI,PC_ENT,IE,2015,2.71
A,GE10,C16-C18,E_DI_VHI,PC_ENT,IE,2016,0.0
A,GE10,C16-C18,E_DI_VHI,PC_ENT,IE,2017,0.0
A,GE10,C16-C18,E_DI_VHI,PC_ENT,IE,2018,2.19
A,GE10,C16-C18,E_DI_VHI,PC_ENT,IE,2019,6.79
A,GE10,C16-C18,E_DI_VHI,PC_ENT,IT,2015,0.07
A,GE10,C16-C18,E_DI_VHI,PC_ENT,IT,2016,0.04
A,GE10,C16-C18,E_DI_VHI,PC_ENT,IT,2017,0.24
A,GE10,C16-C18,E_DI_VHI,PC_ENT,IT,2018,0.24
A,GE10,C16-C18,E_DI_VHI,PC_ENT,IT,2019,1.15
A,GE10,C16-C18,E_DI_VHI,PC_ENT,LT,2015,4.46
A,GE10,C16-C18,E_DI_VHI,PC_ENT,LT,2016,0.51
A,GE10,C16-C18,E_DI_VHI,PC_ENT,LT,2017,2.69
A,GE10,C16-C18,E_DI_VHI,PC_ENT,LT,2018,3.83
A,GE10,C16-C18,E_DI_VHI,PC_ENT,LT,2019,2.81
A,GE10,C16-C18,E_DI_VHI,PC_ENT,LV,2016,0.0
A,GE10,C16-C18,E_DI_VHI,PC_ENT,LV,2017,0.0
A,GE10,C16-C18,E_DI_VHI,PC_ENT,LV,2018,0.0
A,GE10,C16-C18,E_DI_VHI,PC_ENT,LV,2019,0.0
A,GE10,C16-C18,E_DI_VHI,PC_ENT,MK,2015,0.0
A,GE10,C16-C18,E_DI_VHI,PC_ENT,MK,2016,0.0
A,GE10,C16-C18,E_DI_VHI,PC_ENT,MT,2015,0.0
A,GE10,C16-C18,E_DI_VHI,PC_ENT,MT,2016,0.0
A,GE10,C16-C18,E_DI_VHI,PC_ENT,MT,2017,0.0
A,GE10,C16-C18,E_DI_VHI,PC_ENT,MT,2018,0.0
A,GE10,C16-C18,E_DI_VHI,PC_ENT,MT,2019,3.06
A,GE10,C16-C18,E_DI_VHI,PC_ENT,NL,2015,6.42
A,GE10,C16-C18,E_DI_VHI,PC_ENT,NL,2016,2.18
A,GE10,C16-C18,E_DI_VHI,PC_ENT,NL,2017,5.3
A,GE10,C16-C18,E_DI_VHI,PC_ENT,NL,2018,1.85
A,GE10,C16-C18,E_DI_VHI,PC_ENT,NL,2019,6.29
A,GE10,C16-C18,E_DI_VHI,PC_ENT,NO,2015,4.46
A,GE10,C16-C18,E_DI_VHI,PC_ENT,NO,2016,3.74
A,GE10,C16-C18,E_DI_VHI,PC_ENT,NO,2017,4.28
A,GE10,C16-C18,E_DI_VHI,PC_ENT,NO,2018,4.39
A,GE10,C16-C18,E_DI_VHI,PC_ENT,NO,2019,4.61
A,GE10,C16-C18,E_DI_VHI,PC_ENT,PL,2015,1.01
A,GE10,C16-C18,E_DI_VHI,PC_ENT,PL,2016,0.69
A,GE10,C16-C18,E_DI_VHI,PC_ENT,PL,2017,0.09
A,GE10,C16-C18,E_DI_VHI,PC_ENT,PL,2018,0.28
A,GE10,C16-C18,E_DI_VHI,PC_ENT,PL,2019,0.61
A,GE10,C16-C18,E_DI_VHI,PC_ENT,PT,2015,1.2
A,GE10,C16-C18,E_DI_VHI,PC_ENT,PT,2016,0.98
A,GE10,C16-C18,E_DI_VHI,PC_ENT,PT,2017,1.84
A,GE10,C16-C18,E_DI_VHI,PC_ENT,PT,2018,0.41
A,GE10,C16-C18,E_DI_VHI,PC_ENT,PT,2019,0.51
A,GE10,C16-C18,E_DI_VHI,PC_ENT,RO,2015,0.14
A,GE10,C16-C18,E_DI_VHI,PC_ENT,RO,2016,0.0
A,GE10,C16-C18,E_DI_VHI,PC_ENT,RO,2017,0.28
A,GE10,C16-C18,E_DI_VHI,PC_ENT,RO,2018,0.08
A,GE10,C16-C18,E_DI_VHI,PC_ENT,RO,2019,0.45
A,GE10,C16-C18,E_DI_VHI,PC_ENT,RS,2017,0.71
A,GE10,C16-C18,E_DI_VHI,PC_ENT,RS,2018,0.0
A,GE10,C16-C18,E_DI_VHI,PC_ENT,RS,2019,0.26
A,GE10,C16-C18,E_DI_VHI,PC_ENT,SE,2015,2.59
A,GE10,C16-C18,E_DI_VHI,PC_ENT,SE,2016,8.34
A,GE10,C16-C18,E_DI_VHI,PC_ENT,SE,2017,5.87
A,GE10,C16-C18,E_DI_VHI,PC_ENT,SE,2018,9.29
A,GE10,C16-C18,E_DI_VHI,PC_ENT,SE,2019,9.02
A,GE10,C16-C18,E_DI_VHI,PC_ENT,SI,2015,0.0
A,GE10,C16-C18,E_DI_VHI,PC_ENT,SI,2016,0.0
A,GE10,C16-C18,E_DI_VHI,PC_ENT,SI,2017,0.0
A,GE10,C16-C18,E_DI_VHI,PC_ENT,SI,2018,2.31
A,GE10,C16-C18,E_DI_VHI,PC_ENT,SK,2015,1.78
A,GE10,C16-C18,E_DI_VHI,PC_ENT,SK,2016,0.0
A,GE10,C16-C18,E_DI_VHI,PC_ENT,SK,2017,0.28
A,GE10,C16-C18,E_DI_VHI,PC_ENT,SK,2018,3.22
A,GE10,C16-C18,E_DI_VHI,PC_ENT,SK,2019,0.74
A,GE10,C16-C18,E_DI_VHI,PC_ENT,UK,2015,1.42
A,GE10,C16-C18,E_DI_VHI,PC_ENT,UK,2016,1.65
A,GE10,C16-C18,E_DI_VHI,PC_ENT,UK,2017,0.02
A,GE10,C16-C18,E_DI_VHI,PC_ENT,UK,2018,1.95
A,GE10,C16-C18,E_DI_VHI,PC_ENT,UK,2019,2.11
A,GE10,C19,E_DI3_HI,PC_ENT,BE,2025,0.0
A,GE10,C19,E_DI3_HI,PC_ENT,CZ,2021,25.0
A,GE10,C19,E_DI3_HI,PC_ENT,DE,2021,55.26
A,GE10,C19,E_DI3_HI,PC_ENT,DE,2025,65.22
A,GE10,C19,E_DI3_HI,PC_ENT,DK,2021,78.93
A,GE10,C19,E_DI3_HI,PC_ENT,DK,2023,49.83
A,GE10,C19,E_DI3_HI,PC_ENT,DK,2025,0.0
A,GE10,C19,E_DI3_HI,PC_ENT,EE,2023,0.0
A,GE10,C19,E_DI3_HI,PC_ENT,EE,2025,66.67
A,GE10,C19,E_DI3_HI,PC_ENT,EL,2021,16.67
A,GE10,C19,E_DI3_HI,PC_ENT,EL,2023,28.57
A,GE10,C19,E_DI3_HI,PC_ENT,ES,2025,0.0
A,GE10,C19,E_DI3_HI,PC_ENT,HU,2021,0.0
A,GE10,C19,E_DI3_HI,PC_ENT,HU,2023,0.0
A,GE10,C19,E_DI3_HI,PC_ENT,HU,2025,50.0
A,GE10,C19,E_DI3_HI,PC_ENT,IE,2021,0.0
A,GE10,C19,E_DI3_HI,PC_ENT,IE,2023,50.0
A,GE10,C19,E_DI3_HI,PC_ENT,IE,2025,75.0
A,GE10,C19,E_DI3_HI,PC_ENT,IT,2021,12.1
A,GE10,C19,E_DI3_HI,PC_ENT,NL,2021,72.5
A,GE10,C19,E_DI3_HI,PC_ENT,NL,2023,33.33
A,GE10,C19,E_DI3_HI,PC_ENT,PL,2023,5.02
A,GE10,C19,E_DI3_HI,PC_ENT,PT,2021,14.29
A,GE10,C19,E_DI3_HI,PC_ENT,PT,2023,33.33
A,GE10,C19,E_DI3_HI,PC_ENT,PT,2025,37.5
A,GE10,C19,E_DI3_HI,PC_ENT,RO,2021,41.63
A,GE10,C19,E_DI3_HI,PC_ENT,RO,2023,7.89
A,GE10,C19,E_DI3_HI,PC_ENT,RO,2025,7.69
A,GE10,C19,E_DI3_HI,PC_ENT,RS,2023,75.0
A,GE10,C19,E_DI3_HI,PC_ENT,RS,2025,0.0
A,GE10,C19,E_DI3_HI,PC_ENT,SE,2023,40.0
A,GE10,C19,E_DI3_HI,PC_ENT,SE,2025,25.0
A,GE10,C19,E_DI3_HI,PC_ENT,SK,2021,33.33
A,GE10,C19,E_DI3_HI,PC_ENT,SK,2023,0.0
A,GE10,C19,E_DI3_HI,PC_ENT,SK,2025,0.0
A,GE10,C19,E_DI3_HI,PC_ENT,TR,2025,28.79
A,GE10,C19,E_DI3_VHI,PC_ENT,BA,2021,0.0
A,GE10,C19,E_DI3_VHI,PC_ENT,BA,2023,0.0
A,GE10,C19,E_DI3_VHI,PC_ENT,BA,2025,0.0
A,GE10,C19,E_DI3_VHI,PC_ENT,BE,2021,0.0
A,GE10,C19,E_DI3_VHI,PC_ENT,BE,2025,100.0
A,GE10,C19,E_DI3_VHI,PC_ENT,BG,2021,0.0
A,GE10,C19,E_DI3_VHI,PC_ENT,BG,2023,0.0
A,GE10,C19,E_DI3_VHI,PC_ENT,BG,2025,0.0
A,GE10,C19,E_DI3_VHI,PC_ENT,CZ,2021,0.0
A,GE10,C19,E_DI3_VHI,PC_ENT,DE,2021,26.32
A,GE10,C19,E_DI3_VHI,PC_ENT,DE,2025,28.26
A,GE10,C19,E_DI3_VHI,PC_ENT,DK,2021,0.0
A,GE10,C19,E_DI3_VHI,PC_ENT,DK,2023,0.0
A,GE10,C19,E_DI3_VHI,PC_ENT,EE,2023,0.0
A,GE10,C19,E_DI3_VHI,PC_ENT,EE,2025,0.0
A,GE10,C19,E_DI3_VHI,PC_ENT,EL,2021,0.0
A,GE10,C19,E_DI3_VHI,PC_ENT,EL,2023,0.0
A,GE10,C19,E_DI3_VHI,PC_ENT,ES,2025,100.0
A,GE10,C19,E_DI3_VHI,PC_ENT,FR,2023,21.88
A,GE10,C19,E_DI3_VHI,PC_ENT,HU,2021,33.33
A,GE10,C19,E_DI3_VHI,PC_ENT,HU,2023,50.0
A,GE10,C19,E_DI3_VHI,PC_ENT,HU,2025,50.0
A,GE10,C19,E_DI3_VHI,PC_ENT,IE,2021,0.0
A,GE10,C19,E_DI3_VHI,PC_ENT,IE,2023,0.0
A,GE10,C19,E_DI3_VHI,PC_ENT,IE,2025,25.0
A,GE10,C19,E_DI3_VHI,PC_ENT,NL,2021,5.0
A,GE10,C19,E_DI3_VHI,PC_ENT,NL,2023,41.67
A,GE10,C19,E_DI3_VHI,PC_ENT,PL,2021,1.79
A,GE10,C19,E_DI3_VHI,PC_ENT,PL,2023,12.33
A,GE10,C19,E_DI3_VHI,PC_ENT,PL,2025,5.75
A,GE10,C19,E_DI3_VHI,PC_ENT,PT,2021,14.29
A,GE10,C19,E_DI3_VHI,PC_ENT,PT,2023,11.11
A,GE10,C19,E_DI3_VHI,PC_ENT,PT,2025,12.5
A,GE10,C19,E_DI3_VHI,PC_ENT,RO,2021,0.0
A,GE10,C19,E_DI3_VHI,PC_ENT,RO,2023,7.89
A,GE10,C19,E_DI3_VHI,PC_ENT,RO,2025,15.38
A,GE10,C19,E_DI3_VHI,PC_ENT,RS,2023,0.0
A,GE10,C19,E_DI3_VHI,PC_ENT,RS,2025,0.0
A,GE10,C19,E_DI3_VHI,PC_ENT,SE,2023,20.0
A,GE10,C19,E_DI3_VHI,PC_ENT,SE,2025,62.5
A,GE10,C19,E_DI3_VHI,PC_ENT,SK,2021,33.33
A,GE10,C19,E_DI3_VHI,PC_ENT,SK,2023,33.33
A,GE10,C19,E_DI3_VHI,PC_ENT,SK,2025,33.33
A,GE10,C19,E_DI3_VHI,PC_ENT,TR,2025,4.55
A,GE10,C19,E_DI4_HI,PC_ENT,BA,2022,0.0
A,GE10,C19,E_DI4_HI,PC_ENT,BE,2024,0.0
A,GE10,C19,E_DI4_HI,PC_ENT,DE,2022,57.63
A,GE10,C19,E_DI4_HI,PC_ENT,DE,2024,50.88
A,GE10,C19,E_DI4_HI,PC_ENT,DK,2022,69.5
A,GE10,C19,E_DI4_HI,PC_ENT,DK,2024,100.0
A,GE10,C19,E_DI4_HI,PC_ENT,EE,2024,66.67
A,GE10,C19,E_DI4_HI,PC_ENT,EL,2022,28.57
A,GE10,C19,E_DI4_HI,PC_ENT,EL,2024,28.57
A,GE10,C19,E_DI4_HI,PC_ENT,ES,2024,20.0
A,GE10,C19,E_DI4_HI,PC_ENT,HU,2024,50.0
A,GE10,C19,E_DI4_HI,PC_ENT,IE,2024,100.0
A,GE10,C19,E_DI4_HI,PC_ENT,NL,2022,92.86
A,GE10,C19,E_DI4_HI,PC_ENT,NL,2024,60.71
A,GE10,C19,E_DI4_HI,PC_ENT,PT,2024,12.5
A,GE10,C19,E_DI4_HI,PC_ENT,RO,2022,21.43
A,GE10,C19,E_DI4_HI,PC_ENT,RO,2024,16.67
A,GE10,C19,E_DI4_HI,PC_ENT,RS,2022,50.0
A,GE10,C19,E_DI4_HI,PC_ENT,RS,2024,50.0
A,GE10,C19,E_DI4_HI,PC_ENT,SE,2024,50.0
A,GE10,C19,E_DI4_HI,PC_ENT,SK,2024,66.67
A,GE10,C19,E_DI4_VHI,PC_ENT,BA,2022,0.0
A,GE10,C19,E_DI4_VHI,PC_ENT,BE,2024,100.0
A,GE10,C19,E_DI4_VHI,PC_ENT,BG,2022,0.0
A,GE10,C19,E_DI4_VHI,PC_ENT,DE,2024,36.84
A,GE10,C19,E_DI4_VHI,PC_ENT,DK,2022,30.5
A,GE10,C19,E_DI4_VHI,PC_ENT,DK,2024,0.0
A,GE10,C19,E_DI4_VHI,PC_ENT,EE,2024,0.0
A,GE10,C19,E_DI4_VHI,PC_ENT,EL,2022,0.0
A,GE10,C19,E_DI4_VHI,PC_ENT,EL,2024,28.57
A,GE10,C19,E_DI4_VHI,PC_ENT,ES,2024,80.0
A,GE10,C19,E_DI4_VHI,PC_ENT,FR,2022,13.71
A,GE10,C19,E_DI4_VHI,PC_ENT,HU,2024,50.0
A,GE10,C19,E_DI4_VHI,PC_ENT,IE,2024,0.0
A,GE10,C19,E_DI4_VHI,PC_ENT,NL,2022,0.0
A,GE10,C19,E_DI4_VHI,PC_ENT,NL,2024,25.0
A,GE10,C19,E_DI4_VHI,PC_ENT,PL,2022,9.76
A,GE10,C19,E_DI4_VHI,PC_ENT,PT,2022,12.5
A,GE10,C19,E_DI4_VHI,PC_ENT,PT,2024,12.5
A,GE10,C19,E_DI4_VHI,PC_ENT,RO,2022,0.0
A,GE10,C19,E_DI4_VHI,PC_ENT,RO,2024,16.67
A,GE10,C19,E_DI4_VHI,PC_ENT,RS,2022,0.0
A,GE10,C19,E_DI4_VHI,PC_ENT,RS,2024,25.0
A,GE10,C19,E_DI4_VHI,PC_ENT,SE,2024,50.0
A,GE10,C19,E_DI4_VHI,PC_ENT,SK,2022,33.33
A,GE10,C19,E_DI4_VHI,PC_ENT,SK,2024,33.33
A,GE10,C20,E_DI3_HI,PC_ENT,BA,2025,29.17
A,GE10,C20,E_DI3_HI,PC_ENT,BG,2021,9.02
A,GE10,C20,E_DI3_HI,PC_ENT,BG,2023,16.16
A,GE10,C20,E_DI3_HI,PC_ENT,BG,2025,11.64
A,GE10,C20,E_DI3_HI,PC_ENT,CY,2021,27.39
A,GE10,C20,E_DI3_HI,PC_ENT,CY,2023,26.79
A,GE10,C20,E_DI3_HI,PC_ENT,CY,2025,32.72
A,GE10,C20,E_DI3_HI,PC_ENT,CZ,2021,13.99
A,GE10,C20,E_DI3_HI,PC_ENT,CZ,2023,40.99
A,GE10,C20,E_DI3_HI,PC_ENT,CZ,2025,37.18
A,GE10,C20,E_DI3_HI,PC_ENT,DE,2021,30.57
A,GE10,C20,E_DI3_HI,PC_ENT,DE,2023,30.02
A,GE10,C20,E_DI3_HI,PC_ENT,DE,2025,45.5
A,GE10,C20,E_DI3_HI,PC_ENT,DK,2021,42.33
A,GE10,C20,E_DI3_HI,PC_ENT,DK,2023,37.14
A,GE10,C20,E_DI3_HI,PC_ENT,EE,2021,29.57
A,GE10,C20,E_DI3_HI,PC_ENT,EE,2023,26.12
A,GE10,C20,E_DI3_HI,PC_ENT,EE,2025,42.11
A,GE10,C20,E_DI3_HI,PC_ENT,EL,2021,29.11
A,GE10,C20,E_DI3_HI,PC_ENT,EL,2023,37.61
A,GE10,C20,E_DI3_HI,PC_ENT,EL,2025,33.8
A,GE10,C20,E_DI3_HI,PC_ENT,ES,2025,36.95
A,GE10,C20,E_DI3_HI,PC_ENT,FR,2021,18.61
A,GE10,C20,E_DI3_HI,PC_ENT,HR,2021,29.84
A,GE10,C20,E_DI3_HI,PC_ENT,HR,2023,10.35
A,GE10,C20,E_DI3_HI,PC_ENT,HR,2025,17.55
A,GE10,C20,E_DI3_HI,PC_ENT,HU,2021,7.74
A,GE10,C20,E_DI3_HI,PC_ENT,HU,2023,23.19
A,GE10,C20,E_DI3_HI,PC_ENT,HU,2025,36.67
A,GE10,C20,E_DI3_HI,PC_ENT,IE,2021,64.29
A,GE10,C20,E_DI3_HI,PC_ENT,IE,2023,43.89
A,GE10,C20,E_DI3_HI,PC_ENT,IE,2025,45.12
A,GE10,C20,E_DI3_HI,PC_ENT,LV,2021,23.43
A,GE10,C20,E_DI3_HI,PC_ENT,LV,2023,31.22
A,GE10,C20,E_DI3_HI,PC_ENT,LV,2025,33.66
A,GE10,C20,E_DI3_HI,PC_ENT,MK,2021,2.56
A,GE10,C20,E_DI3_HI,PC_ENT,MT,2025,50.0
A,GE10,C20,E_DI3_HI,PC_ENT,NL,2021,39.11
A,GE10,C20,E_DI3_HI,PC_ENT,NL,2023,51.92
A,GE10,C20,E_DI3_HI,PC_ENT,NL,2025,50.76
A,GE10,C20,E_DI3_HI,PC_ENT,NO,2021,39.05
A,GE10,C20,E_DI3_HI,PC_ENT,NO,2023,43.51
A,GE10,C20,E_DI3_HI,PC_ENT,NO,2025,45.93
A,GE10,C20,E_DI3_HI,PC_ENT,PL,2021,22.19
A,GE10,C20,E_DI3_HI,PC_ENT,PL,2023,20.13
A,GE10,C20,E_DI3_HI,PC_ENT,PL,2025,42.93
A,GE10,C20,E_DI3_HI,PC_ENT,PT,2021,21.8
A,GE10,C20,E_DI3_HI,PC_ENT,PT,2023,31.97
A,GE10,C20,E_DI3_HI,PC_ENT,PT,2025,40.31
A,GE10,C20,E_DI3_HI,PC_ENT,RO,2021,2.54
A,GE10,C20,E_DI3_HI,PC_ENT,RO,2023,7.31
A,GE10,C20,E_DI3_HI,PC_ENT,RO,2025,10.73
A,GE10,C20,E_DI3_HI,PC_ENT,RS,2021,1.0
A,GE10,C20,E_DI3_HI,PC_ENT,RS,2023,19.55
A,GE10,C20,E_DI3_HI,PC_ENT,RS,2025,22.4
A,GE10,C20,E_DI3_HI,PC_ENT,SE,2021,40.7
A,GE10,C20,E_DI3_HI,PC_ENT,SE,2023,52.44
A,GE10,C20,E_DI3_HI,PC_ENT,SE,2025,49.15
A,GE10,C20,E_DI3_HI,PC_ENT,SI,2021,33.28
A,GE10,C20,E_DI3_HI,PC_ENT,SK,2021,12.47
A,GE10,C20,E_DI3_HI,PC_ENT,SK,2023,12.88
A,GE10,C20,E_DI3_HI,PC_ENT,SK,2025,14.07
A,GE10,C20,E_DI3_HI,PC_ENT,TR,2025,22.09
A,GE10,C20,E_DI3_VHI,PC_ENT,AT,2021,6.37
A,GE10,C20,E_DI3_VHI,PC_ENT,AT,2023,9.16
A,GE10,C20,E_DI3_VHI,PC_ENT,BA,2023,0.0
A,GE10,C20,E_DI3_VHI,PC_ENT,CY,2021,0.0
A,GE10,C20,E_DI3_VHI,PC_ENT,CY,2023,16.27
A,GE10,C20,E_DI3_VHI,PC_ENT,CY,2025,6.91
A,GE10,C20,E_DI3_VHI,PC_ENT,CZ,2021,22.66
A,GE10,C20,E_DI3_VHI,PC_ENT,CZ,2023,11.05
A,GE10,C20,E_DI3_VHI,PC_ENT,CZ,2025,20.59
A,GE10,C20,E_DI3_VHI,PC_ENT,DE,2021,7.67
A,GE10,C20,E_DI3_VHI,PC_ENT,DE,2023,7.89
A,GE10,C20,E_DI3_VHI,PC_ENT,DE,2025,17.14
A,GE10,C20,E_DI3_VHI,PC_ENT,DK,2021,16.68
A,GE10,C20,E_DI3_VHI,PC_ENT,DK,2023,10.77
A,GE10,C20,E_DI3_VHI,PC_ENT,EE,2021,0.0
A,GE10,C20,E_DI3_VHI,PC_ENT,EE,2023,11.31
A,GE10,C20,E_DI3_VHI,PC_ENT,EE,2025,23.72
A,GE10,C20,E_DI3_VHI,PC_ENT,EL,2021,0.54
A,GE10,C20,E_DI3_VHI,PC_ENT,EL,2023,3.29
A,GE10,C20,E_DI3_VHI,PC_ENT,EL,2025,11.3
A,GE10,C20,E_DI3_VHI,PC_ENT,ES,2025,18.43
A,GE10,C20,E_DI3_VHI,PC_ENT,FR,2021,0.62
A,GE10,C20,E_DI3_VHI,PC_ENT,HR,2021,14.19
A,GE10,C20,E_DI3_VHI,PC_ENT,HR,2025,6.21
A,GE10,C20,E_DI3_VHI,PC_ENT,HU,2021,0.0
A,GE10,C20,E_DI3_VHI,PC_ENT,HU,2023,4.61
A,GE10,C20,E_DI3_VHI,PC_ENT,HU,2025,11.1
A,GE10,C20,E_DI3_VHI,PC_ENT,IE,2021,0.0
A,GE10,C20,E_DI3_VHI,PC_ENT,IE,2023,17.43
A,GE10,C20,E_DI3_VHI,PC_ENT,IE,2025,27.1
A,GE10,C20,E_DI3_VHI,PC_ENT,IT,2021,1.78
A,GE10,C20,E_DI3_VHI,PC_ENT,LV,2021,0.0
A,GE10,C20,E_DI3_VHI,PC_ENT,LV,2023,9.28
A,GE10,C20,E_DI3_VHI,PC_ENT,LV,2025,18.85
A,GE10,C20,E_DI3_VHI,PC_ENT,MK,2021,0.0
A,GE10,C20,E_DI3_VHI,PC_ENT,MT,2025,16.67
A,GE10,C20,E_DI3_VHI,PC_ENT,NL,2021,7.07
A,GE10,C20,E_DI3_VHI,PC_ENT,NL,2023,14.56
A,GE10,C20,E_DI3_VHI,PC_ENT,NL,2025,30.26
A,GE10,C20,E_DI3_VHI,PC_ENT,NO,2021,11.93
A,GE10,C20,E_DI3_VHI,PC_ENT,NO,2023,13.0
A,GE10,C20,E_DI3_VHI,PC_ENT,NO,2025,27.49
A,GE10,C20,E_DI3_VHI,PC_ENT,PL,2021,3.6
A,GE10,C20,E_DI3_VHI,PC_ENT,PL,2023,8.14
A,GE10,C20,E_DI3_VHI,PC_ENT,PL,2025,11.4
A,GE10,C20,E_DI3_VHI,PC_ENT,PT,2021,4.4
A,GE10,C20,E_DI3_VHI,PC_ENT,PT,2023,4.92
A,GE10,C20,E_DI3_VHI,PC_ENT,PT,2025,9.57
A,GE10,C20,E_DI3_VHI,PC_ENT,RO,2021,1.6
A,GE10,C20,E_DI3_VHI,PC_ENT,RO,2023,3.37
A,GE10,C20,E_DI3_VHI,PC_ENT,RO,2025,6.12
A,GE10,C20,E_DI3_VHI,PC_ENT,RS,2021,1.0
A,GE10,C20,E_DI3_VHI,PC_ENT,RS,2023,1.94
A,GE10,C20,E_DI3_VHI,PC_ENT,RS,2025,0.74
A,GE10,C20,E_DI3_VHI,PC_ENT,SE,2021,15.18
A,GE10,C20,E_DI3_VHI,PC_ENT,SE,2023,8.24
A,GE10,C20,E_DI3_VHI,PC_ENT,SE,2025,28.53
A,GE10,C20,E_DI3_VHI,PC_ENT,SI,2021,26.39
A,GE10,C20,E_DI3_VHI,PC_ENT,SK,2021,2.54
A,GE10,C20,E_DI3_VHI,PC_ENT,SK,2023,0.0
A,GE10,C20,E_DI3_VHI,PC_ENT,SK,2025,6.71
A,GE10,C20,E_DI3_VHI,PC_ENT,TR,2025,5.82
A,GE10,C20,E_DI4_HI,PC_ENT,BA,2022,21.35
A,GE10,C20,E_DI4_HI,PC_ENT,BA,2024,27.74
A,GE10,C20,E_DI4_HI,PC_ENT,BE,2024,37.81
A,GE10,C20,E_DI4_HI,PC_ENT,BG,2022,22.79
A,GE10,C20,E_DI4_HI,PC_ENT,BG,2024,25.7
A,GE10,C20,E_DI4_HI,PC_ENT,CY,2022,40.14
A,GE10,C20,E_DI4_HI,PC_ENT,CY,2024,25.76
A,GE10,C20,E_DI4_HI,PC_ENT,CZ,2022,45.0
A,GE10,C20,E_DI4_HI,PC_ENT,CZ,2024,51.19
A,GE10,C20,E_DI4_HI,PC_ENT,DE,2022,47.15
A,GE10,C20,E_DI4_HI,PC_ENT,DE,2024,48.23
A,GE10,C20,E_DI4_HI,PC_ENT,DK,2022,29.98
A,GE10,C20,E_DI4_HI,PC_ENT,DK,2024,33.42
A,GE10,C20,E_DI4_HI,PC_ENT,EE,2022,25.91
A,GE10,C20,E_DI4_HI,PC_ENT,EE,2024,25.81
A,GE10,C20,E_DI4_HI,PC_ENT,EL,2022,26.42
A,GE10,C20,E_DI4_HI,PC_ENT,EL,2024,20.69
A,GE10,C20,E_DI4_HI,PC_ENT,ES,2024,29.7
A,GE10,C20,E_DI4_HI,PC_ENT,FR,2024,50.69
A,GE10,C20,E_DI4_HI,PC_ENT,HR,2022,52.98
A,GE10,C20,E_DI4_HI,PC_ENT,HR,2024,36.03
A,GE10,C20,E_DI4_HI,PC_ENT,HU,2022,27.44
A,GE10,C20,E_DI4_HI,PC_ENT,HU,2024,40.08
A,GE10,C20,E_DI4_HI,PC_ENT,IE,2022,55.7
A,GE10,C20,E_DI4_HI,PC_ENT,IE,2024,44.6
A,GE10,C20,E_DI4_HI,PC_ENT,LV,2022,23.96
A,GE10,C20,E_DI4_HI,PC_ENT,LV,2024,36.88
A,GE10,C20,E_DI4_HI,PC_ENT,ME,2022,0.0
A,GE10,C20,E_DI4_HI,PC_ENT,NL,2022,57.47
A,GE10,C20,E_DI4_HI,PC_ENT,NL,2024,49.36
A,GE10,C20,E_DI4_HI,PC_ENT,NO,2022,67.96
A,GE10,C20,E_DI4_HI,PC_ENT,NO,2024,50.78
A,GE10,C20,E_DI4_HI,PC_ENT,PL,2022,28.78
A,GE10,C20,E_DI4_HI,PC_ENT,PT,2024,49.19
A,GE10,C20,E_DI4_HI,PC_ENT,RO,2022,17.15
A,GE10,C20,E_DI4_HI,PC_ENT,RO,2024,16.11
A,GE10,C20,E_DI4_HI,PC_ENT,RS,2022,32.48
A,GE10,C20,E_DI4_HI,PC_ENT,RS,2024,31.97
A,GE10,C20,E_DI4_HI,PC_ENT,SE,2022,62.42
A,GE10,C20,E_DI4_HI,PC_ENT,SE,2024,58.23
A,GE10,C20,E_DI4_HI,PC_ENT,SK,2022,21.83
A,GE10,C20,E_DI4_HI,PC_ENT,SK,2024,31.34
A,GE10,C20,E_DI4_VHI,PC_ENT,AT,2024,25.02
A,GE10,C20,E_DI4_VHI,PC_ENT,BA,2024,0.0
A,GE10,C20,E_DI4_VHI,PC_ENT,BE,2022,24.16
A,GE10,C20,E_DI4_VHI,PC_ENT,BE,2024,30.53
A,GE10,C20,E_DI4_VHI,PC_ENT,CY,2022,7.48
A,GE10,C20,E_DI4_VHI,PC_ENT,CY,2024,6.93
A,GE10,C20,E_DI4_VHI,PC_ENT,CZ,2022,16.21
A,GE10,C20,E_DI4_VHI,PC_ENT,CZ,2024,16.65
A,GE10,C20,E_DI4_VHI,PC_ENT,DE,2022,14.6
A,GE10,C20,E_DI4_VHI,PC_ENT,DE,2024,19.93
A,GE10,C20,E_DI4_VHI,PC_ENT,DK,2022,37.72
A,GE10,C20,E_DI4_VHI,PC_ENT,DK,2024,25.1
A,GE10,C20,E_DI4_VHI,PC_ENT,EE,2022,18.01
A,GE10,C20,E_DI4_VHI,PC_ENT,EE,2024,23.39
A,GE10,C20,E_DI4_VHI,PC_ENT,EL,2022,7.11
A,GE10,C20,E_DI4_VHI,PC_ENT,EL,2024,4.29
A,GE10,C20,E_DI4_VHI,PC_ENT,ES,2024,9.56
A,GE10,C20,E_DI4_VHI,PC_ENT,HR,2022,6.73
A,GE10,C20,E_DI4_VHI,PC_ENT,HU,2022,6.1
A,GE10,C20,E_DI4_VHI,PC_ENT,HU,2024,7.42
A,GE10,C20,E_DI4_VHI,PC_ENT,IE,2022,13.39
A,GE10,C20,E_DI4_VHI,PC_ENT,IE,2024,27.82
A,GE10,C20,E_DI4_VHI,PC_ENT,LV,2022,6.6
A,GE10,C20,E_DI4_VHI,PC_ENT,LV,2024,11.7
A,GE10,C20,E_DI4_VHI,PC_ENT,ME,2022,0.0
A,GE10,C20,E_DI4_VHI,PC_ENT,MK,2022,0.0
A,GE10,C20,E_DI4_VHI,PC_ENT,NL,2022,11.22
A,GE10,C20,E_DI4_VHI,PC_ENT,NL,2024,19.09
A,GE10,C20,E_DI4_VHI,PC_ENT,NO,2022,12.16
A,GE10,C20,E_DI4_VHI,PC_ENT,NO,2024,21.88
A,GE10,C20,E_DI4_VHI,PC_ENT,PL,2022,8.39
A,GE10,C20,E_DI4_VHI,PC_ENT,PL,2024,15.33
A,GE10,C20,E_DI4_VHI,PC_ENT,PT,2022,9.57
A,GE10,C20,E_DI4_VHI,PC_ENT,PT,2024,8.43
A,GE10,C20,E_DI4_VHI,PC_ENT,RO,2022,2.2
A,GE10,C20,E_DI4_VHI,PC_ENT,RO,2024,0.64
A,GE10,C20,E_DI4_VHI,PC_ENT,RS,2022,5.11
A,GE10,C20,E_DI4_VHI,PC_ENT,RS,2024,3.38
A,GE10,C20,E_DI4_VHI,PC_ENT,SE,2022,16.08
A,GE10,C20,E_DI4_VHI,PC_ENT,SE,2024,23.19
A,GE10,C20,E_DI4_VHI,PC_ENT,SK,2024,6.18
A,GE10,C22_C23,E_DI3_HI,PC_ENT,AT,2021,16.91
A,GE10,C22_C23,E_DI3_HI,PC_ENT,AT,2023,17.87
A,GE10,C22_C23,E_DI3_HI,PC_ENT,BE,2021,9.88
A,GE10,C22_C23,E_DI3_HI,PC_ENT,BG,2021,3.65
A,GE10,C22_C23,E_DI3_HI,PC_ENT,BG,2023,4.08
A,GE10,C22_C23,E_DI3_HI,PC_ENT,BG,2025,7.02
A,GE10,C22_C23,E_DI3_HI,PC_ENT,CY,2021,6.66
A,GE10,C22_C23,E_DI3_HI,PC_ENT,CY,2023,15.16
A,GE10,C22_C23,E_DI3_HI,PC_ENT,CY,2025,15.77
A,GE10,C22_C23,E_DI3_HI,PC_ENT,CZ,2021,12.1
A,GE10,C22_C23,E_DI3_HI,PC_ENT,CZ,2023,16.09
A,GE10,C22_C23,E_DI3_HI,PC_ENT,CZ,2025,33.13
A,GE10,C22_C23,E_DI3_HI,PC_ENT,DE,2021,18.42
A,GE10,C22_C23,E_DI3_HI,PC_ENT,DE,2023,20.22
A,GE10,C22_C23,E_DI3_HI,PC_ENT,DE,2025,29.43
A,GE10,C22_C23,E_DI3_HI,PC_ENT,DK,2021,28.77
A,GE10,C22_C23,E_DI3_HI,PC_ENT,DK,2023,21.35
A,GE10,C22_C23,E_DI3_HI,PC_ENT,EE,2021,10.76
A,GE10,C22_C23,E_DI3_HI,PC_ENT,EE,2023,14.05
A,GE10,C22_C23,E_DI3_HI,PC_ENT,EE,2025,37.35
A,GE10,C22_C23,E_DI3_HI,PC_ENT,EL,2021,8.74
A,GE10,C22_C23,E_DI3_HI,PC_ENT,EL,2023,15.61
A,GE10,C22_C23,E_DI3_HI,PC_ENT,EL,2025,23.51
A,GE10,C22_C23,E_DI3_HI,PC_ENT,ES,2025,24.37
A,GE10,C22_C23,E_DI3_HI,PC_ENT,FR,2021,11.77
A,GE10,C22_C23,E_DI3_HI,PC_ENT,FR,2025,27.42
A,GE10,C22_C23,E_DI3_HI,PC_ENT,HR,2021,14.2
A,GE10,C22_C23,E_DI3_HI,PC_ENT,HR,2023,14.14
A,GE10,C22_C23,E_DI3_HI,PC_ENT,HR,2025,18.38
A,GE10,C22_C23,E_DI3_HI,PC_ENT,HU,2021,9.62
A,GE10,C22_C23,E_DI3_HI,PC_ENT,HU,2023,20.15
A,GE10,C22_C23,E_DI3_HI,PC_ENT,HU,2025,24.2
A,GE10,C22_C23,E_DI3_HI,PC_ENT,IE,2021,23.83
A,GE10,C22_C23,E_DI3_HI,PC_ENT,IE,2023,17.75
A,GE10,C22_C23,E_DI3_HI,PC_ENT,IE,2025,24.95
A,GE10,C22_C23,E_DI3_HI,PC_ENT,IT,2021,10.93
A,GE10,C22_C23,E_DI3_HI,PC_ENT,LT,2025,33.46
A,GE10,C22_C23,E_DI3_HI,PC_ENT,LV,2021,11.5
A,GE10,C22_C23,E_DI3_HI,PC_ENT,LV,2023,13.59
A,GE10,C22_C23,E_DI3_HI,PC_ENT,LV,2025,23.7
A,GE10,C22_C23,E_DI3_HI,PC_ENT,MK,2021,1.06
A,GE10,C22_C23,E_DI3_HI,PC_ENT,MT,2021,21.37
A,GE10,C22_C23,E_DI3_HI,PC_ENT,MT,2023,23.05
A,GE10,C22_C23,E_DI3_HI,PC_ENT,MT,2025,35.89
A,GE10,C22_C23,E_DI3_HI,PC_ENT,NL,2021,33.32
A,GE10,C22_C23,E_DI3_HI,PC_ENT,NL,2023,42.97
A,GE10,C22_C23,E_DI3_HI,PC_ENT,NL,2025,51.72
A,GE10,C22_C23,E_DI3_HI,PC_ENT,NO,2021,39.8
A,GE10,C22_C23,E_DI3_HI,PC_ENT,NO,2023,35.73
A,GE10,C22_C23,E_DI3_HI,PC_ENT,NO,2025,41.2
A,GE10,C22_C23,E_DI3_HI,PC_ENT,PL,2021,9.7
A,GE10,C22_C23,E_DI3_HI,PC_ENT,PL,2023,15.97
A,GE10,C22_C23,E_DI3_HI,PC_ENT,PL,2025,20.64
A,GE10,C22_C23,E_DI3_HI,PC_ENT,PT,2021,12.51
A,GE10,C22_C23,E_DI3_HI,PC_ENT,PT,2023,17.22
A,GE10,C22_C23,E_DI3_HI,PC_ENT,PT,2025,26.23
A,GE10,C22_C23,E_DI3_HI,PC_ENT,RO,2021,11.3
A,GE10,C22_C23,E_DI3_HI,PC_ENT,RO,2023,6.09
A,GE10,C22_C23,E_DI3_HI,PC_ENT,RO,2025,12.31
A,GE10,C22_C23,E_DI3_HI,PC_ENT,RS,2021,4.82
A,GE10,C22_C23,E_DI3_HI,PC_ENT,RS,2023,4.27
A,GE10,C22_C23,E_DI3_HI,PC_ENT,RS,2025,23.34
A,GE10,C22_C23,E_DI3_HI,PC_ENT,SE,2021,40.01
A,GE10,C22_C23,E_DI3_HI,PC_ENT,SE,2023,32.16
A,GE10,C22_C23,E_DI3_HI,PC_ENT,SE,2025,47.71
A,GE10,C22_C23,E_DI3_HI,PC_ENT,SI,2021,21.64
A,GE10,C22_C23,E_DI3_HI,PC_ENT,SI,2023,17.09
A,GE10,C22_C23,E_DI3_HI,PC_ENT,SI,2025,26.71
A,GE10,C22_C23,E_DI3_HI,PC_ENT,SK,2021,14.09
A,GE10,C22_C23,E_DI3_HI,PC_ENT,SK,2023,10.82
A,GE10,C22_C23,E_DI3_HI,PC_ENT,SK,2025,23.77
A,GE10,C22_C23,E_DI3_HI,PC_ENT,TR,2025,14.95
A,GE10,C22_C23,E_DI3_VHI,PC_ENT,AT,2023,3.73
A,GE10,C22_C23,E_DI3_VHI,PC_ENT,AT,2025,10.21
A,GE10,C22_C23,E_DI3_VHI,PC_ENT,BE,2021,0.83
A,GE10,C22_C23,E_DI3_VHI,PC_ENT,BE,2023,5.63
A,GE10,C22_C23,E_DI3_VHI,PC_ENT,BE,2025,14.59
A,GE10,C22_C23,E_DI3_VHI,PC_ENT,CY,2021,0.0
A,GE10,C22_C23,E_DI3_VHI,PC_ENT,CY,2023,0.95
A,GE10,C22_C23,E_DI3_VHI,PC_ENT,CY,2025,1.02
A,GE10,C22_C23,E_DI3_VHI,PC_ENT,CZ,2021,2.83
A,GE10,C22_C23,E_DI3_VHI,PC_ENT,CZ,2023,2.63
A,GE10,C22_C23,E_DI3_VHI,PC_ENT,CZ,2025,13.82
A,GE10,C22_C23,E_DI3_VHI,PC_ENT,DE,2021,2.61
A,GE10,C22_C23,E_DI3_VHI,PC_ENT,DE,2023,2.62
A,GE10,C22_C23,E_DI3_VHI,PC_ENT,DE,2025,8.86
A,GE10,C22_C23,E_DI3_VHI,PC_ENT,DK,2021,8.53
A,GE10,C22_C23,E_DI3_VHI,PC_ENT,DK,2023,2.89
A,GE10,C22_C23,E_DI3_VHI,PC_ENT,DK,2025,11.01
A,GE10,C22_C23,E_DI3_VHI,PC_ENT,EE,2021,1.96
A,GE10,C22_C23,E_DI3_VHI,PC_ENT,EE,2023,3.86
A,GE10,C22_C23,E_DI3_VHI,PC_ENT,EE,2025,8.98
A,GE10,C22_C23,E_DI3_VHI,PC_ENT,EL,2021,0.0
A,GE10,C22_C23,E_DI3_VHI,PC_ENT,EL,2023,0.0
A,GE10,C22_C23,E_DI3_VHI,PC_ENT,EL,2025,2.03
A,GE10,C22_C23,E_DI3_VHI,PC_ENT,ES,2025,6.3
A,GE10,C22_C23,E_DI3_VHI,PC_ENT,FR,2025,9.6
A,GE10,C22_C23,E_DI3_VHI,PC_ENT,HR,2023,1.76
A,GE10,C22_C23,E_DI3_VHI,PC_ENT,HR,2025,8.97
A,GE10,C22_C23,E_DI3_VHI,PC_ENT,HU,2021,0.46
A,GE10,C22_C23,E_DI3_VHI,PC_ENT,HU,2023,1.21
A,GE10,C22_C23,E_DI3_VHI,PC_ENT,HU,2025,3.89
A,GE10,C22_C23,E_DI3_VHI,PC_ENT,IE,2021,3.27
A,GE10,C22_C23,E_DI3_VHI,PC_ENT,IE,2023,2.03
A,GE10,C22_C23,E_DI3_VHI,PC_ENT,IE,2025,8.98
A,GE10,C22_C23,E_DI3_VHI,PC_ENT,IT,2021,0.48
A,GE10,C22_C23,E_DI3_VHI,PC_ENT,LT,2025,6.84
A,GE10,C22_C23,E_DI3_VHI,PC_ENT,LV,2021,0.0
A,GE10,C22_C23,E_DI3_VHI,PC_ENT,LV,2023,2.33
A,GE10,C22_C23,E_DI3_VHI,PC_ENT,LV,2025,4.83
A,GE10,C22_C23,E_DI3_VHI,PC_ENT,MK,2021,0.0
A,GE10,C22_C23,E_DI3_VHI,PC_ENT,MT,2021,0.0
A,GE10,C22_C23,E_DI3_VHI,PC_ENT,MT,2023,0.0
A,GE10,C22_C23,E_DI3_VHI,PC_ENT,MT,2025,2.5
A,GE10,C22_C23,E_DI3_VHI,PC_ENT,NL,2021,2.07
A,GE10,C22_C23,E_DI3_VHI,PC_ENT,NL,2023,7.22
A,GE10,C22_C23,E_DI3_VHI,PC_ENT,NL,2025,20.9
A,GE10,C22_C23,E_DI3_VHI,PC_ENT,NO,2021,6.4
A,GE10,C22_C23,E_DI3_VHI,PC_ENT,NO,2023,1.47
A,GE10,C22_C23,E_DI3_VHI,PC_ENT,NO,2025,9.8
A,GE10,C22_C23,E_DI3_VHI,PC_ENT,PL,2021,1.46
A,GE10,C22_C23,E_DI3_VHI,PC_ENT,PL,2023,2.36
A,GE10,C22_C23,E_DI3_VHI,PC_ENT,PL,2025,3.81
A,GE10,C22_C23,E_DI3_VHI,PC_ENT,PT,2021,1.83
A,GE10,C22_C23,E_DI3_VHI,PC_ENT,PT,2023,5.72
A,GE10,C22_C23,E_DI3_VHI,PC_ENT,PT,2025,2.93
A,GE10,C22_C23,E_DI3_VHI,PC_ENT,RO,2021,0.17
A,GE10,C22_C23,E_DI3_VHI,PC_ENT,RO,2023,0.33
A,GE10,C22_C23,E_DI3_VHI,PC_ENT,RO,2025,1.66
A,GE10,C22_C23,E_DI3_VHI,PC_ENT,RS,2021,2.97
A,GE10,C22_C23,E_DI3_VHI,PC_ENT,RS,2023,0.34
A,GE10,C22_C23,E_DI3_VHI,PC_ENT,RS,2025,0.34
A,GE10,C22_C23,E_DI3_VHI,PC_ENT,SE,2021,12.65
A,GE10,C22_C23,E_DI3_VHI,PC_ENT,SE,2023,7.97
A,GE10,C22_C23,E_DI3_VHI,PC_ENT,SE,2025,20.15
A,GE10,C22_C23,E_DI3_VHI,PC_ENT,SI,2021,4.51
A,GE10,C22_C23,E_DI3_VHI,PC_ENT,SI,2023,3.4
A,GE10,C22_C23,E_DI3_VHI,PC_ENT,SI,2025,2.65
A,GE10,C22_C23,E_DI3_VHI,PC_ENT,SK,2021,1.21
A,GE10,C22_C23,E_DI3_VHI,PC_ENT,SK,2023,0.43
A,GE10,C22_C23,E_DI3_VHI,PC_ENT,SK,2025,4.38
A,GE10,C22_C23,E_DI3_VHI,PC_ENT,TR,2025,1.28
A,GE10,C22_C23,E_DI4_HI,PC_ENT,AT,2024,30.95
A,GE10,C22_C23,E_DI4_HI,PC_ENT,BA,2022,12.41
A,GE10,C22_C23,E_DI4_HI,PC_ENT,BG,2022,12.57
A,GE10,C22_C23,E_DI4_HI,PC_ENT,BG,2024,9.14
A,GE10,C22_C23,E_DI4_HI,PC_ENT,CY,2022,11.51
A,GE10,C22_C23,E_DI4_HI,PC_ENT,CY,2024,12.02
A,GE10,C22_C23,E_DI4_HI,PC_ENT,CZ,2022,23.33
A,GE10,C22_C23,E_DI4_HI,PC_ENT,CZ,2024,26.41
A,GE10,C22_C23,E_DI4_HI,PC_ENT,DE,2022,33.66
A,GE10,C22_C23,E_DI4_HI,PC_ENT,DE,2024,38.65
A,GE10,C22_C23,E_DI4_HI,PC_ENT,DK,2022,44.3
A,GE10,C22_C23,E_DI4_HI,PC_ENT,DK,2024,40.02
A,GE10,C22_C23,E_DI4_HI,PC_ENT,EE,2022,19.42
A,GE10,C22_C23,E_DI4_HI,PC_ENT,EE,2024,32.84
A,GE10,C22_C23,E_DI4_HI,PC_ENT,EL,2022,4.91
A,GE10,C22_C23,E_DI4_HI,PC_ENT,EL,2024,5.97
A,GE10,C22_C23,E_DI4_HI,PC_ENT,ES,2024,22.63
A,GE10,C22_C23,E_DI4_HI,PC_ENT,FR,2024,23.33
A,GE10,C22_C23,E_DI4_HI,PC_ENT,HR,2022,10.55
A,GE10,C22_C23,E_DI4_HI,PC_ENT,HR,2024,13.37
A,GE10,C22_C23,E_DI4_HI,PC_ENT,HU,2022,18.41
A,GE10,C22_C23,E_DI4_HI,PC_ENT,HU,2024,14.9
A,GE10,C22_C23,E_DI4_HI,PC_ENT,IE,2022,31.46
A,GE10,C22_C23,E_DI4_HI,PC_ENT,IE,2024,28.98
A,GE10,C22_C23,E_DI4_HI,PC_ENT,LT,2024,16.06
A,GE10,C22_C23,E_DI4_HI,PC_ENT,LV,2022,18.24
A,GE10,C22_C23,E_DI4_HI,PC_ENT,LV,2024,19.06
A,GE10,C22_C23,E_DI4_HI,PC_ENT,ME,2022,0.0
A,GE10,C22_C23,E_DI4_HI,PC_ENT,MT,2022,23.97
A,GE10,C22_C23,E_DI4_HI,PC_ENT,MT,2024,21.95
A,GE10,C22_C23,E_DI4_HI,PC_ENT,NL,2022,35.21
A,GE10,C22_C23,E_DI4_HI,PC_ENT,NL,2024,35.56
A,GE10,C22_C23,E_DI4_HI,PC_ENT,NO,2022,24.36
A,GE10,C22_C23,E_DI4_HI,PC_ENT,NO,2024,28.11
A,GE10,C22_C23,E_DI4_HI,PC_ENT,PL,2022,18.46
A,GE10,C22_C23,E_DI4_HI,PC_ENT,PL,2024,24.61
A,GE10,C22_C23,E_DI4_HI,PC_ENT,PT,2022,30.72
A,GE10,C22_C23,E_DI4_HI,PC_ENT,PT,2024,31.53
A,GE10,C22_C23,E_DI4_HI,PC_ENT,RO,2022,13.09
A,GE10,C22_C23,E_DI4_HI,PC_ENT,RO,2024,19.1
A,GE10,C22_C23,E_DI4_HI,PC_ENT,RS,2022,32.37
A,GE10,C22_C23,E_DI4_HI,PC_ENT,RS,2024,17.68
A,GE10,C22_C23,E_DI4_HI,PC_ENT,SE,2022,48.4
A,GE10,C22_C23,E_DI4_HI,PC_ENT,SE,2024,46.75
A,GE10,C22_C23,E_DI4_HI,PC_ENT,SI,2022,20.45
A,GE10,C22_C23,E_DI4_HI,PC_ENT,SI,2024,19.01
A,GE10,C22_C23,E_DI4_HI,PC_ENT,SK,2022,17.89
A,GE10,C22_C23,E_DI4_HI,PC_ENT,SK,2024,17.7
A,GE10,C22_C23,E_DI4_VHI,PC_ENT,AT,2022,9.62
A,GE10,C22_C23,E_DI4_VHI,PC_ENT,AT,2024,11.5
A,GE10,C22_C23,E_DI4_VHI,PC_ENT,BA,2024,0.0
A,GE10,C22_C23,E_DI4_VHI,PC_ENT,BE,2022,10.0
A,GE10,C22_C23,E_DI4_VHI,PC_ENT,BE,2024,11.3
A,GE10,C22_C23,E_DI4_VHI,PC_ENT,CY,2022,0.0
A,GE10,C22_C23,E_DI4_VHI,PC_ENT,CY,2024,0.0
A,GE10,C22_C23,E_DI4_VHI,PC_ENT,CZ,2022,7.44
A,GE10,C22_C23,E_DI4_VHI,PC_ENT,CZ,2024,6.92
A,GE10,C22_C23,E_DI4_VHI,PC_ENT,DE,2022,6.79
A,GE10,C22_C23,E_DI4_VHI,PC_ENT,DE,2024,7.65
A,GE10,C22_C23,E_DI4_VHI,PC_ENT,DK,2022,16.24
A,GE10,C22_C23,E_DI4_VHI,PC_ENT,DK,2024,14.9
A,GE10,C22_C23,E_DI4_VHI,PC_ENT,EE,2022,4.7
A,GE10,C22_C23,E_DI4_VHI,PC_ENT,EE,2024,7.93
A,GE10,C22_C23,E_DI4_VHI,PC_ENT,EL,2022,0.8
A,GE10,C22_C23,E_DI4_VHI,PC_ENT,EL,2024,0.4
A,GE10,C22_C23,E_DI4_VHI,PC_ENT,ES,2024,3.91
A,GE10,C22_C23,E_DI4_VHI,PC_ENT,FR,2022,5.35
A,GE10,C22_C23,E_DI4_VHI,PC_ENT,FR,2024,6.63
A,GE10,C22_C23,E_DI4_VHI,PC_ENT,HR,2022,2.13
A,GE10,C22_C23,E_DI4_VHI,PC_ENT,HR,2024,2.07
A,GE10,C22_C23,E_DI4_VHI,PC_ENT,HU,2022,4.82
A,GE10,C22_C23,E_DI4_VHI,PC_ENT,HU,2024,3.31
A,GE10,C22_C23,E_DI4_VHI,PC_ENT,IE,2022,2.44
A,GE10,C22_C23,E_DI4_VHI,PC_ENT,IE,2024,13.03
A,GE10,C22_C23,E_DI4_VHI,PC_ENT,LT,2024,6.83
A,GE10,C22_C23,E_DI4_VHI,PC_ENT,LV,2022,0.76
A,GE10,C22_C23,E_DI4_VHI,PC_ENT,LV,2024,5.77
A,GE10,C22_C23,E_DI4_VHI,PC_ENT,ME,2022,0.0
A,GE10,C22_C23,E_DI4_VHI,PC_ENT,MK,2022,0.0
A,GE10,C22_C23,E_DI4_VHI,PC_ENT,MT,2022,1.57
A,GE10,C22_C23,E_DI4_VHI,PC_ENT,MT,2024,1.76
A,GE10,C22_C23,E_DI4_VHI,PC_ENT,NL,2022,8.28
A,GE10,C22_C23,E_DI4_VHI,PC_ENT,NL,2024,7.62
A,GE10,C22_C23,E_DI4_VHI,PC_ENT,NO,2022,9.78
A,GE10,C22_C23,E_DI4_VHI,PC_ENT,NO,2024,5.9
A,GE10,C22_C23,E_DI4_VHI,PC_ENT,PL,2022,4.14
A,GE10,C22_C23,E_DI4_VHI,PC_ENT,PL,2024,4.37
A,GE10,C22_C23,E_DI4_VHI,PC_ENT,PT,2022,7.62
A,GE10,C22_C23,E_DI4_VHI,PC_ENT,PT,2024,3.75
A,GE10,C22_C23,E_DI4_VHI,PC_ENT,RO,2022,0.87
A,GE10,C22_C23,E_DI4_VHI,PC_ENT,RO,2024,0.85
A,GE10,C22_C23,E_DI4_VHI,PC_ENT,RS,2022,2.89
A,GE10,C22_C23,E_DI4_VHI,PC_ENT,RS,2024,6.14
A,GE10,C22_C23,E_DI4_VHI,PC_ENT,SE,2022,17.08
A,GE10,C22_C23,E_DI4_VHI,PC_ENT,SE,2024,12.64
A,GE10,C22_C23,E_DI4_VHI,PC_ENT,SI,2022,14.73
A,GE10,C22_C23,E_DI4_VHI,PC_ENT,SI,2024,5.82
A,GE10,C22_C23,E_DI4_VHI,PC_ENT,SK,2022,3.1
A,GE10,C22_C23,E_DI4_VHI,PC_ENT,SK,2024,2.43
A,GE10,C24_C25,E_DI2_HI,PC_ENT,AT,2018,11.16
A,GE10,C24_C25,E_DI2_HI,PC_ENT,AT,2020,12.35
A,GE10,C24_C25,E_DI2_HI,PC_ENT,BA,2020,4.18
A,GE10,C24_C25,E_DI2_HI,PC_ENT,BE,2018,6.84
A,GE10,C24_C25,E_DI2_HI,PC_ENT,BG,2018,1.26
A,GE10,C24_C25,E_DI2_HI,PC_ENT,BG,2020,1.44
A,GE10,C24_C25,E_DI2_HI,PC_ENT,CY,2018,0.0
A,GE10,C24_C25,E_DI2_HI,PC_ENT,CY,2020,1.14
A,GE10,C24_C25,E_DI2_HI,PC_ENT,CZ,2018,1.91
A,GE10,C24_C25,E_DI2_HI,PC_ENT,CZ,2020,12.65
A,GE10,C24_C25,E_DI2_HI,PC_ENT,DE,2018,4.63
A,GE10,C24_C25,E_DI2_HI,PC_ENT,DE,2020,8.39
A,GE10,C24_C25,E_DI2_HI,PC_ENT,DK,2018,13.55
A,GE10,C24_C25,E_DI2_HI,PC_ENT,DK,2020,20.75
A,GE10,C24_C25,E_DI2_HI,PC_ENT,EE,2018,6.22
A,GE10,C24_C25,E_DI2_HI,PC_ENT,EE,2020,12.53
A,GE10,C24_C25,E_DI2_HI,PC_ENT,EL,2018,4.07
A,GE10,C24_C25,E_DI2_HI,PC_ENT,EL,2020,1.62
A,GE10,C24_C25,E_DI2_HI,PC_ENT,ES,2018,6.46
A,GE10,C24_C25,E_DI2_HI,PC_ENT,ES,2020,12.23
A,GE10,C24_C25,E_DI2_HI,PC_ENT,FI,2018,27.87
A,GE10,C24_C25,E_DI2_HI,PC_ENT,FI,2020,30.33
A,GE10,C24_C25,E_DI2_HI,PC_ENT,FR,2018,5.79
A,GE10,C24_C25,E_DI2_HI,PC_ENT,FR,2020,5.29
A,GE10,C24_C25,E_DI2_HI,PC_ENT,HR,2018,2.46
A,GE10,C24_C25,E_DI2_HI,PC_ENT,HR,2020,13.93
A,GE10,C24_C25,E_DI2_HI,PC_ENT,HU,2018,3.57
A,GE10,C24_C25,E_DI2_HI,PC_ENT,HU,2020,4.34
A,GE10,C24_C25,E_DI2_HI,PC_ENT,IE,2018,15.14
A,GE10,C24_C25,E_DI2_HI,PC_ENT,IE,2020,10.78
A,GE10,C24_C25,E_DI2_HI,PC_ENT,IT,2018,1.76
A,GE10,C24_C25,E_DI2_HI,PC_ENT,IT,2020,9.02
A,GE10,C24_C25,E_DI2_HI,PC_ENT,LT,2018,4.0
A,GE10,C24_C25,E_DI2_HI,PC_ENT,LT,2020,3.32
A,GE10,C24_C25,E_DI2_HI,PC_ENT,LU,2018,7.31
A,GE10,C24_C25,E_DI2_HI,PC_ENT,LU,2020,11.1
A,GE10,C24_C25,E_DI2_HI,PC_ENT,LV,2018,0.0
A,GE10,C24_C25,E_DI2_HI,PC_ENT,LV,2020,5.98
A,GE10,C24_C25,E_DI2_HI,PC_ENT,ME,2020,66.67
A,GE10,C24_C25,E_DI2_HI,PC_ENT,MK,2020,0.0
A,GE10,C24_C25,E_DI2_HI,PC_ENT,MT,2018,0.0
A,GE10,C24_C25,E_DI2_HI,PC_ENT,MT,2020,8.75
A,GE10,C24_C25,E_DI2_HI,PC_ENT,NL,2018,9.29
A,GE10,C24_C25,E_DI2_HI,PC_ENT,NL,2020,13.03
A,GE10,C24_C25,E_DI2_HI,PC_ENT,NO,2018,18.22
A,GE10,C24_C25,E_DI2_HI,PC_ENT,NO,2020,43.66
A,GE10,C24_C25,E_DI2_HI,PC_ENT,PL,2018,3.57
A,GE10,C24_C25,E_DI2_HI,PC_ENT,PL,2020,6.68
A,GE10,C24_C25,E_DI2_HI,PC_ENT,PT,2018,6.32
A,GE10,C24_C25,E_DI2_HI,PC_ENT,PT,2020,12.15
A,GE10,C24_C25,E_DI2_HI,PC_ENT,RO,2018,2.72
A,GE10,C24_C25,E_DI2_HI,PC_ENT,RO,2020,5.4
A,GE10,C24_C25,E_DI2_HI,PC_ENT,RS,2020,16.05
A,GE10,C24_C25,E_DI2_HI,PC_ENT,SE,2018,13.78
A,GE10,C24_C25,E_DI2_HI,PC_ENT,SE,2020,25.01
A,GE10,C24_C25,E_DI2_HI,PC_ENT,SI,2018,6.28
A,GE10,C24_C25,E_DI2_HI,PC_ENT,SI,2020,9.39
A,GE10,C24_C25,E_DI2_HI,PC_ENT,SK,2018,1.83
A,GE10,C24_C25,E_DI2_HI,PC_ENT,SK,2020,3.78
A,GE10,C24_C25,E_DI2_HI,PC_ENT,UK,2018,1.37
A,GE10,C24_C25,E_DI2_HI,PC_ENT,UK,2020,5.47
A,GE10,C24_C25,E_DI2_VHI,PC_ENT,AT,2018,1.27
A,GE10,C24_C25,E_DI2_VHI,PC_ENT,AT,2020,1.48
A,GE10,C24_C25,E_DI2_VHI,PC_ENT,BA,2020,0.0
A,GE10,C24_C25,E_DI2_VHI,PC_ENT,BE,2018,0.28
A,GE10,C24_C25,E_DI2_VHI,PC_ENT,BE,2020,7.55
A,GE10,C24_C25,E_DI2_VHI,PC_ENT,BG,2018,0.0
A,GE10,C24_C25,E_DI2_VHI,PC_ENT,BG,2020,0.0
A,GE10,C24_C25,E_DI2_VHI,PC_ENT,CY,2018,0.0
A,GE10,C24_C25,E_DI2_VHI,PC_ENT,CY,2020,0.0
A,GE10,C24_C25,E_DI2_VHI,PC_ENT,CZ,2018,0.25
A,GE10,C24_C25,E_DI2_VHI,PC_ENT,CZ,2020,0.49
A,GE10,C24_C25,E_DI2_VHI,PC_ENT,DE,2018,0.13
A,GE10,C24_C25,E_DI2_VHI,PC_ENT,DE,2020,0.52
A,GE10,C24_C25,E_DI2_VHI,PC_ENT,DK,2018,0.9
A,GE10,C24_C25,E_DI2_VHI,PC_ENT,DK,2020,3.01
A,GE10,C24_C25,E_DI2_VHI,PC_ENT,EE,2018,0.0
A,GE10,C24_C25,E_DI2_VHI,PC_ENT,EE,2020,0.31
A,GE10,C24_C25,E_DI2_VHI,PC_ENT,EL,2018,0.0
A,GE10,C24_C25,E_DI2_VHI,PC_ENT,EL,2020,2.12
A,GE10,C24_C25,E_DI2_VHI,PC_ENT,ES,2018,0.38
A,GE10,C24_C25,E_DI2_VHI,PC_ENT,ES,2020,0.31
A,GE10,C24_C25,E_DI2_VHI,PC_ENT,FI,2018,3.77
A,GE10,C24_C25,E_DI2_VHI,PC_ENT,FI,2020,5.19
A,GE10,C24_C25,E_DI2_VHI,PC_ENT,FR,2018,0.27
A,GE10,C24_C25,E_DI2_VHI,PC_ENT,FR,2020,0.88
A,GE10,C24_C25,E_DI2_VHI,PC_ENT,HR,2018,0.0
A,GE10,C24_C25,E_DI2_VHI,PC_ENT,HU,2018,0.0
A,GE10,C24_C25,E_DI2_VHI,PC_ENT,HU,2020,0.48
A,GE10,C24_C25,E_DI2_VHI,PC_ENT,IE,2018,0.0
A,GE10,C24_C25,E_DI2_VHI,PC_ENT,IE,2020,0.0
A,GE10,C24_C25,E_DI2_VHI,PC_ENT,IT,2018,0.1
A,GE10,C24_C25,E_DI2_VHI,PC_ENT,IT,2020,0.36
A,GE10,C24_C25,E_DI2_VHI,PC_ENT,LT,2018,1.0
A,GE10,C24_C25,E_DI2_VHI,PC_ENT,LT,2020,0.3
A,GE10,C24_C25,E_DI2_VHI,PC_ENT,LU,2018,1.12
A,GE10,C24_C25,E_DI2_VHI,PC_ENT,LU,2020,1.11
A,GE10,C24_C25,E_DI2_VHI,PC_ENT,LV,2018,0.0
A,GE10,C24_C25,E_DI2_VHI,PC_ENT,LV,2020,0.0
A,GE10,C24_C25,E_DI2_VHI,PC_ENT,ME,2018,0.0
A,GE10,C24_C25,E_DI2_VHI,PC_ENT,ME,2020,0.0
A,GE10,C24_C25,E_DI2_VHI,PC_ENT,MK,2020,0.0
A,GE10,C24_C25,E_DI2_VHI,PC_ENT,MT,2018,0.0
A,GE10,C24_C25,E_DI2_VHI,PC_ENT,MT,2020,0.0
A,GE10,C24_C25,E_DI2_VHI,PC_ENT,NL,2018,0.72
A,GE10,C24_C25,E_DI2_VHI,PC_ENT,NL,2020,2.05
A,GE10,C24_C25,E_DI2_VHI,PC_ENT,NO,2018,1.45
A,GE10,C24_C25,E_DI2_VHI,PC_ENT,NO,2020,1.44
A,GE10,C24_C25,E_DI2_VHI,PC_ENT,PL,2018,0.06
A,GE10,C24_C25,E_DI2_VHI,PC_ENT,PL,2020,0.28
A,GE10,C24_C25,E_DI2_VHI,PC_ENT,PT,2018,0.06
A,GE10,C24_C25,E_DI2_VHI,PC_ENT,PT,2020,0.07
A,GE10,C24_C25,E_DI2_VHI,PC_ENT,RO,2018,0.0
A,GE10,C24_C25,E_DI2_VHI,PC_ENT,RO,2020,0.18
A,GE10,C24_C25,E_DI2_VHI,PC_ENT,RS,2020,0.0
A,GE10,C24_C25,E_DI2_VHI,PC_ENT,SE,2018,2.39
A,GE10,C24_C25,E_DI2_VHI,PC_ENT,SE,2020,1.17
A,GE10,C24_C25,E_DI2_VHI,PC_ENT,SI,2020,1.11
A,GE10,C24_C25,E_DI2_VHI,PC_ENT,SK,2018,0.0
A,GE10,C24_C25,E_DI2_VHI,PC_ENT,SK,2020,0.11
A,GE10,C24_C25,E_DI2_VHI,PC_ENT,UK,2018,0.0
A,GE10,C24_C25,E_DI2_VHI,PC_ENT,UK,2020,0.14
A,GE10,C24_C25,E_DI3_HI,PC_ENT,AT,2021,19.08
A,GE10,C24_C25,E_DI3_HI,PC_ENT,AT,2023,17.84
A,GE10,C24_C25,E_DI3_HI,PC_ENT,AT,2025,25.34
A,GE10,C24_C25,E_DI3_HI,PC_ENT,BA,2025,12.72
A,GE10,C24_C25,E_DI3_HI,PC_ENT,BE,2021,9.29
A,GE10,C24_C25,E_DI3_HI,PC_ENT,BG,2021,2.66
A,GE10,C24_C25,E_DI3_HI,PC_ENT,BG,2023,2.8
A,GE10,C24_C25,E_DI3_HI,PC_ENT,BG,2025,6.04
A,GE10,C24_C25,E_DI3_HI,PC_ENT,CY,2021,7.71
A,GE10,C24_C25,E_DI3_HI,PC_ENT,CY,2023,2.16
A,GE10,C24_C25,E_DI3_HI,PC_ENT,CY,2025,7.43
A,GE10,C24_C25,E_DI3_HI,PC_ENT,CZ,2021,7.46
A,GE10,C24_C25,E_DI3_HI,PC_ENT,CZ,2023,10.63
A,GE10,C24_C25,E_DI3_HI,PC_ENT,CZ,2025,28.99
A,GE10,C24_C25,E_DI3_HI,PC_ENT,DE,2021,12.59
A,GE10,C24_C25,E_DI3_HI,PC_ENT,DE,2023,13.21
A,GE10,C24_C25,E_DI3_HI,PC_ENT,DE,2025,24.85
A,GE10,C24_C25,E_DI3_HI,PC_ENT,DK,2021,15.51
A,GE10,C24_C25,E_DI3_HI,PC_ENT,DK,2023,15.02
A,GE10,C24_C25,E_DI3_HI,PC_ENT,DK,2025,44.24
A,GE10,C24_C25,E_DI3_HI,PC_ENT,EE,2021,5.07
A,GE10,C24_C25,E_DI3_HI,PC_ENT,EE,2023,6.31
A,GE10,C24_C25,E_DI3_HI,PC_ENT,EE,2025,19.85
A,GE10,C24_C25,E_DI3_HI,PC_ENT,EL,2021,6.14
A,GE10,C24_C25,E_DI3_HI,PC_ENT,EL,2023,9.56
A,GE10,C24_C25,E_DI3_HI,PC_ENT,EL,2025,10.4
A,GE10,C24_C25,E_DI3_HI,PC_ENT,ES,2021,12.07
A,GE10,C24_C25,E_DI3_HI,PC_ENT,ES,2023,11.08
A,GE10,C24_C25,E_DI3_HI,PC_ENT,ES,2025,23.82
A,GE10,C24_C25,E_DI3_HI,PC_ENT,FI,2021,36.26
A,GE10,C24_C25,E_DI3_HI,PC_ENT,FI,2023,35.02
A,GE10,C24_C25,E_DI3_HI,PC_ENT,FI,2025,49.76
A,GE10,C24_C25,E_DI3_HI,PC_ENT,FR,2021,6.34
A,GE10,C24_C25,E_DI3_HI,PC_ENT,FR,2025,24.11
A,GE10,C24_C25,E_DI3_HI,PC_ENT,HR,2021,4.7
A,GE10,C24_C25,E_DI3_HI,PC_ENT,HR,2023,6.34
A,GE10,C24_C25,E_DI3_HI,PC_ENT,HR,2025,10.37
A,GE10,C24_C25,E_DI3_HI,PC_ENT,HU,2021,3.64
A,GE10,C24_C25,E_DI3_HI,PC_ENT,HU,2023,12.26
A,GE10,C24_C25,E_DI3_HI,PC_ENT,HU,2025,15.26
A,GE10,C24_C25,E_DI3_HI,PC_ENT,IE,2021,16.55
A,GE10,C24_C25,E_DI3_HI,PC_ENT,IE,2023,15.95
A,GE10,C24_C25,E_DI3_HI,PC_ENT,IE,2025,26.07
A,GE10,C24_C25,E_DI3_HI,PC_ENT,IT,2021,10.4
A,GE10,C24_C25,E_DI3_HI,PC_ENT,IT,2023,12.88
A,GE10,C24_C25,E_DI3_HI,PC_ENT,IT,2025,24.12
A,GE10,C24_C25,E_DI3_HI,PC_ENT,LT,2021,10.54
A,GE10,C24_C25,E_DI3_HI,PC_ENT,LT,2023,22.44
A,GE10,C24_C25,E_DI3_HI,PC_ENT,LT,2025,27.86
A,GE10,C24_C25,E_DI3_HI,PC_ENT,LU,2021,19.18
A,GE10,C24_C25,E_DI3_HI,PC_ENT,LU,2023,4.09
A,GE10,C24_C25,E_DI3_HI,PC_ENT,LU,2025,21.75
A,GE10,C24_C25,E_DI3_HI,PC_ENT,LV,2021,11.13
A,GE10,C24_C25,E_DI3_HI,PC_ENT,LV,2023,11.17
A,GE10,C24_C25,E_DI3_HI,PC_ENT,LV,2025,20.74
A,GE10,C24_C25,E_DI3_HI,PC_ENT,ME,2021,0.0
A,GE10,C24_C25,E_DI3_HI,PC_ENT,MT,2023,16.7
A,GE10,C24_C25,E_DI3_HI,PC_ENT,MT,2025,23.24
A,GE10,C24_C25,E_DI3_HI,PC_ENT,NL,2021,25.65
A,GE10,C24_C25,E_DI3_HI,PC_ENT,NL,2023,32.25
A,GE10,C24_C25,E_DI3_HI,PC_ENT,NL,2025,49.46
A,GE10,C24_C25,E_DI3_HI,PC_ENT,NO,2021,17.9
A,GE10,C24_C25,E_DI3_HI,PC_ENT,NO,2023,25.6
A,GE10,C24_C25,E_DI3_HI,PC_ENT,NO,2025,34.7
A,GE10,C24_C25,E_DI3_HI,PC_ENT,PL,2021,7.06
A,GE10,C24_C25,E_DI3_HI,PC_ENT,PL,2023,11.7
A,GE10,C24_C25,E_DI3_HI,PC_ENT,PL,2025,18.58
A,GE10,C24_C25,E_DI3_HI,PC_ENT,PT,2021,11.48
A,GE10,C24_C25,E_DI3_HI,PC_ENT,PT,2023,9.16
A,GE10,C24_C25,E_DI3_HI,PC_ENT,PT,2025,21.51
A,GE10,C24_C25,E_DI3_HI,PC_ENT,RO,2021,2.51
A,GE10,C24_C25,E_DI3_HI,PC_ENT,RO,2023,2.0
A,GE10,C24_C25,E_DI3_HI,PC_ENT,RO,2025,10.37
A,GE10,C24_C25,E_DI3_HI,PC_ENT,RS,2021,2.35
A,GE10,C24_C25,E_DI3_HI,PC_ENT,RS,2023,4.99
A,GE10,C24_C25,E_DI3_HI,PC_ENT,RS,2025,4.24
A,GE10,C24_C25,E_DI3_HI,PC_ENT,SE,2021,35.98
A,GE10,C24_C25,E_DI3_HI,PC_ENT,SE,2023,23.81
A,GE10,C24_C25,E_DI3_HI,PC_ENT,SE,2025,34.94
A,GE10,C24_C25,E_DI3_HI,PC_ENT,SI,2021,6.73
A,GE10,C24_C25,E_DI3_HI,PC_ENT,SI,2023,11.45
A,GE10,C24_C25,E_DI3_HI,PC_ENT,SI,2025,12.7
A,GE10,C24_C25,E_DI3_HI,PC_ENT,SK,2021,5.36
A,GE10,C24_C25,E_DI3_HI,PC_ENT,SK,2023,5.35
A,GE10,C24_C25,E_DI3_HI,PC_ENT,SK,2025,17.49
A,GE10,C24_C25,E_DI3_HI,PC_ENT,TR,2025,11.52
A,GE10,C24_C25,E_DI3_VHI,PC_ENT,AT,2021,4.87
A,GE10,C24_C25,E_DI3_VHI,PC_ENT,AT,2023,4.36
A,GE10,C24_C25,E_DI3_VHI,PC_ENT,AT,2025,8.42
A,GE10,C24_C25,E_DI3_VHI,PC_ENT,BA,2021,0.0
A,GE10,C24_C25,E_DI3_VHI,PC_ENT,BA,2023,0.0
A,GE10,C24_C25,E_DI3_VHI,PC_ENT,BE,2021,0.78
A,GE10,C24_C25,E_DI3_VHI,PC_ENT,BE,2023,1.94
A,GE10,C24_C25,E_DI3_VHI,PC_ENT,BE,2025,5.87
A,GE10,C24_C25,E_DI3_VHI,PC_ENT,BG,2021,0.0
A,GE10,C24_C25,E_DI3_VHI,PC_ENT,BG,2023,0.0
A,GE10,C24_C25,E_DI3_VHI,PC_ENT,CY,2021,0.0
A,GE10,C24_C25,E_DI3_VHI,PC_ENT,CY,2023,0.0
A,GE10,C24_C25,E_DI3_VHI,PC_ENT,CY,2025,1.1
A,GE10,C24_C25,E_DI3_VHI,PC_ENT,CZ,2021,0.6
A,GE10,C24_C25,E_DI3_VHI,PC_ENT,CZ,2023,1.5
A,GE10,C24_C25,E_DI3_VHI,PC_ENT,CZ,2025,6.35
A,GE10,C24_C25,E_DI3_VHI,PC_ENT,DE,2021,1.23
A,GE10,C24_C25,E_DI3_VHI,PC_ENT,DE,2023,2.05
A,GE10,C24_C25,E_DI3_VHI,PC_ENT,DE,2025,5.03
A,GE10,C24_C25,E_DI3_VHI,PC_ENT,DK,2021,2.03
A,GE10,C24_C25,E_DI3_VHI,PC_ENT,DK,2023,0.3
A,GE10,C24_C25,E_DI3_VHI,PC_ENT,DK,2025,11.9
A,GE10,C24_C25,E_DI3_VHI,PC_ENT,EE,2021,0.0
A,GE10,C24_C25,E_DI3_VHI,PC_ENT,EE,2023,2.33
A,GE10,C24_C25,E_DI3_VHI,PC_ENT,EE,2025,4.78
A,GE10,C24_C25,E_DI3_VHI,PC_ENT,EL,2021,0.0
A,GE10,C24_C25,E_DI3_VHI,PC_ENT,EL,2023,2.31
A,GE10,C24_C25,E_DI3_VHI,PC_ENT,EL,2025,3.93
A,GE10,C24_C25,E_DI3_VHI,PC_ENT,ES,2021,1.89
A,GE10,C24_C25,E_DI3_VHI,PC_ENT,ES,2023,1.79
A,GE10,C24_C25,E_DI3_VHI,PC_ENT,ES,2025,4.32
A,GE10,C24_C25,E_DI3_VHI,PC_ENT,FI,2021,5.33
A,GE10,C24_C25,E_DI3_VHI,PC_ENT,FI,2023,3.59
A,GE10,C24_C25,E_DI3_VHI,PC_ENT,FI,2025,10.37
A,GE10,C24_C25,E_DI3_VHI,PC_ENT,FR,2021,0.05
A,GE10,C24_C25,E_DI3_VHI,PC_ENT,FR,2025,5.47
A,GE10,C24_C25,E_DI3_VHI,PC_ENT,HR,2021,2.24
A,GE10,C24_C25,E_DI3_VHI,PC_ENT,HR,2023,2.39
A,GE10,C24_C25,E_DI3_VHI,PC_ENT,HR,2025,2.31
A,GE10,C24_C25,E_DI3_VHI,PC_ENT,HU,2021,0.53
A,GE10,C24_C25,E_DI3_VHI,PC_ENT,HU,2023,1.9
A,GE10,C24_C25,E_DI3_VHI,PC_ENT,HU,2025,1.71
A,GE10,C24_C25,E_DI3_VHI,PC_ENT,IE,2021,2.73
A,GE10,C24_C25,E_DI3_VHI,PC_ENT,IE,2023,2.31
A,GE10,C24_C25,E_DI3_VHI,PC_ENT,IE,2025,4.78
A,GE10,C24_C25,E_DI3_VHI,PC_ENT,IT,2021,0.95
A,GE10,C24_C25,E_DI3_VHI,PC_ENT,IT,2023,1.37
A,GE10,C24_C25,E_DI3_VHI,PC_ENT,IT,2025,3.01
A,GE10,C24_C25,E_DI3_VHI,PC_ENT,LT,2021,0.9
A,GE10,C24_C25,E_DI3_VHI,PC_ENT,LT,2023,0.28
A,GE10,C24_C25,E_DI3_VHI,PC_ENT,LT,2025,5.47
A,GE10,C24_C25,E_DI3_VHI,PC_ENT,LU,2021,2.29
A,GE10,C24_C25,E_DI3_VHI,PC_ENT,LU,2023,2.2
A,GE10,C24_C25,E_DI3_VHI,PC_ENT,LU,2025,5.24
A,GE10,C24_C25,E_DI3_VHI,PC_ENT,LV,2021,0.0
A,GE10,C24_C25,E_DI3_VHI,PC_ENT,LV,2023,1.59
A,GE10,C24_C25,E_DI3_VHI,PC_ENT,LV,2025,4.35
A,GE10,C24_C25,E_DI3_VHI,PC_ENT,ME,2021,0.0
A,GE10,C24_C25,E_DI3_VHI,PC_ENT,MK,2021,0.0
A,GE10,C24_C25,E_DI3_VHI,PC_ENT,MT,2023,0.0
A,GE10,C24_C25,E_DI3_VHI,PC_ENT,MT,2025,0.0
A,GE10,C24_C25,E_DI3_VHI,PC_ENT,NL,2021,0.21
A,GE10,C24_C25,E_DI3_VHI,PC_ENT,NL,2023,5.55
A,GE10,C24_C25,E_DI3_VHI,PC_ENT,NL,2025,15.2
A,GE10,C24_C25,E_DI3_VHI,PC_ENT,NO,2021,0.77
A,GE10,C24_C25,E_DI3_VHI,PC_ENT,NO,2023,2.09
A,GE10,C24_C25,E_DI3_VHI,PC_ENT,NO,2025,5.53
A,GE10,C24_C25,E_DI3_VHI,PC_ENT,PL,2021,0.97
A,GE10,C24_C25,E_DI3_VHI,PC_ENT,PL,2023,1.2
A,GE10,C24_C25,E_DI3_VHI,PC_ENT,PL,2025,2.61
A,GE10,C24_C25,E_DI3_VHI,PC_ENT,PT,2021,0.36
A,GE10,C24_C25,E_DI3_VHI,PC_ENT,PT,2023,0.0
A,GE10,C24_C25,E_DI3_VHI,PC_ENT,PT,2025,4.78
A,GE10,C24_C25,E_DI3_VHI,PC_ENT,RO,2021,0.37
A,GE10,C24_C25,E_DI3_VHI,PC_ENT,RO,2023,1.05
A,GE10,C24_C25,E_DI3_VHI,PC_ENT,RO,2025,0.28
A,GE10,C24_C25,E_DI3_VHI,PC_ENT,RS,2021,0.0
A,GE10,C24_C25,E_DI3_VHI,PC_ENT,RS,2023,0.0
A,GE10,C24_C25,E_DI3_VHI,PC_ENT,RS,2025,0.16
A,GE10,C24_C25,E_DI3_VHI,PC_ENT,SE,2021,2.55
A,GE10,C24_C25,E_DI3_VHI,PC_ENT,SE,2023,2.88
A,GE10,C24_C25,E_DI3_VHI,PC_ENT,SE,2025,10.81
A,GE10,C24_C25,E_DI3_VHI,PC_ENT,SI,2021,0.44
A,GE10,C24_C25,E_DI3_VHI,PC_ENT,SI,2023,0.87
A,GE10,C24_C25,E_DI3_VHI,PC_ENT,SI,2025,1.87
A,GE10,C24_C25,E_DI3_VHI,PC_ENT,SK,2021,0.11
A,GE10,C24_C25,E_DI3_VHI,PC_ENT,SK,2023,1.37
A,GE10,C24_C25,E_DI3_VHI,PC_ENT,SK,2025,2.65
A,GE10,C24_C25,E_DI3_VHI,PC_ENT,TR,2025,1.2
A,GE10,C24_C25,E_DI4_HI,PC_ENT,AT,2022,24.17
A,GE10,C24_C25,E_DI4_HI,PC_ENT,AT,2024,30.19
A,GE10,C24_C25,E_DI4_HI,PC_ENT,BA,2022,27.57
A,GE10,C24_C25,E_DI4_HI,PC_ENT,BA,2024,16.92
A,GE10,C24_C25,E_DI4_HI,PC_ENT,BE,2022,9.57
A,GE10,C24_C25,E_DI4_HI,PC_ENT,BG,2022,13.23
A,GE10,C24_C25,E_DI4_HI,PC_ENT,BG,2024,7.39
A,GE10,C24_C25,E_DI4_HI,PC_ENT,CY,2022,11.63
A,GE10,C24_C25,E_DI4_HI,PC_ENT,CY,2024,6.8
A,GE10,C24_C25,E_DI4_HI,PC_ENT,CZ,2022,21.64
A,GE10,C24_C25,E_DI4_HI,PC_ENT,CZ,2024,20.61
A,GE10,C24_C25,E_DI4_HI,PC_ENT,DE,2022,20.97
A,GE10,C24_C25,E_DI4_HI,PC_ENT,DE,2024,25.12
A,GE10,C24_C25,E_DI4_HI,PC_ENT,DK,2024,40.16
A,GE10,C24_C25,E_DI4_HI,PC_ENT,EE,2022,10.43
A,GE10,C24_C25,E_DI4_HI,PC_ENT,EE,2024,11.81
A,GE10,C24_C25,E_DI4_HI,PC_ENT,EL,2022,14.83
A,GE10,C24_C25,E_DI4_HI,PC_ENT,EL,2024,9.85
A,GE10,C24_C25,E_DI4_HI,PC_ENT,ES,2022,15.0
A,GE10,C24_C25,E_DI4_HI,PC_ENT,ES,2024,17.12
A,GE10,C24_C25,E_DI4_HI,PC_ENT,FI,2022,37.26
A,GE10,C24_C25,E_DI4_HI,PC_ENT,FI,2024,50.74
A,GE10,C24_C25,E_DI4_HI,PC_ENT,FR,2024,15.52
A,GE10,C24_C25,E_DI4_HI,PC_ENT,HR,2022,16.93
A,GE10,C24_C25,E_DI4_HI,PC_ENT,HR,2024,17.06
A,GE10,C24_C25,E_DI4_HI,PC_ENT,HU,2022,13.8
A,GE10,C24_C25,E_DI4_HI,PC_ENT,HU,2024,10.39
A,GE10,C24_C25,E_DI4_HI,PC_ENT,IE,2022,32.66
A,GE10,C24_C25,E_DI4_HI,PC_ENT,IE,2024,29.03
A,GE10,C24_C25,E_DI4_HI,PC_ENT,IT,2022,19.19
A,GE10,C24_C25,E_DI4_HI,PC_ENT,IT,2024,17.8
A,GE10,C24_C25,E_DI4_HI,PC_ENT,LT,2022,16.27
A,GE10,C24_C25,E_DI4_HI,PC_ENT,LT,2024,21.05
A,GE10,C24_C25,E_DI4_HI,PC_ENT,LU,2022,14.34
A,GE10,C24_C25,E_DI4_HI,PC_ENT,LU,2024,20.91
A,GE10,C24_C25,E_DI4_HI,PC_ENT,LV,2022,15.58
A,GE10,C24_C25,E_DI4_HI,PC_ENT,LV,2024,12.3
A,GE10,C24_C25,E_DI4_HI,PC_ENT,MT,2022,22.02
A,GE10,C24_C25,E_DI4_HI,PC_ENT,MT,2024,27.09
A,GE10,C24_C25,E_DI4_HI,PC_ENT,NL,2022,22.24
A,GE10,C24_C25,E_DI4_HI,PC_ENT,NL,2024,26.58
A,GE10,C24_C25,E_DI4_HI,PC_ENT,NO,2022,36.57
A,GE10,C24_C25,E_DI4_HI,PC_ENT,NO,2024,37.42
A,GE10,C24_C25,E_DI4_HI,PC_ENT,PL,2022,20.48
A,GE10,C24_C25,E_DI4_HI,PC_ENT,PL,2024,19.14
A,GE10,C24_C25,E_DI4_HI,PC_ENT,PT,2022,20.86
A,GE10,C24_C25,E_DI4_HI,PC_ENT,PT,2024,20.84
A,GE10,C24_C25,E_DI4_HI,PC_ENT,RO,2022,11.87
A,GE10,C24_C25,E_DI4_HI,PC_ENT,RO,2024,11.76
A,GE10,C24_C25,E_DI4_HI,PC_ENT,RS,2022,22.44
A,GE10,C24_C25,E_DI4_HI,PC_ENT,RS,2024,28.75
A,GE10,C24_C25,E_DI4_HI,PC_ENT,SE,2022,49.82
A,GE10,C24_C25,E_DI4_HI,PC_ENT,SE,2024,47.96
A,GE10,C24_C25,E_DI4_HI,PC_ENT,SI,2022,21.68
A,GE10,C24_C25,E_DI4_HI,PC_ENT,SI,2024,14.21
A,GE10,C24_C25,E_DI4_HI,PC_ENT,SK,2022,12.94
A,GE10,C24_C25,E_DI4_HI,PC_ENT,SK,2024,14.05
A,GE10,C24_C25,E_DI4_VHI,PC_ENT,AT,2022,9.02
A,GE10,C24_C25,E_DI4_VHI,PC_ENT,AT,2024,6.54
A,GE10,C24_C25,E_DI4_VHI,PC_ENT,BE,2022,7.56
A,GE10,C24_C25,E_DI4_VHI,PC_ENT,BE,2024,4.76
A,GE10,C24_C25,E_DI4_VHI,PC_ENT,CY,2022,0.0
A,GE10,C24_C25,E_DI4_VHI,PC_ENT,CY,2024,0.0
A,GE10,C24_C25,E_DI4_VHI,PC_ENT,CZ,2022,1.75
A,GE10,C24_C25,E_DI4_VHI,PC_ENT,CZ,2024,2.19
A,GE10,C24_C25,E_DI4_VHI,PC_ENT,DE,2022,5.68
A,GE10,C24_C25,E_DI4_VHI,PC_ENT,DE,2024,4.94
A,GE10,C24_C25,E_DI4_VHI,PC_ENT,DK,2022,7.41
A,GE10,C24_C25,E_DI4_VHI,PC_ENT,DK,2024,5.03
A,GE10,C24_C25,E_DI4_VHI,PC_ENT,EE,2022,1.61
A,GE10,C24_C25,E_DI4_VHI,PC_ENT,EE,2024,1.92
A,GE10,C24_C25,E_DI4_VHI,PC_ENT,EL,2022,1.96
A,GE10,C24_C25,E_DI4_VHI,PC_ENT,EL,2024,0.68
A,GE10,C24_C25,E_DI4_VHI,PC_ENT,ES,2022,2.15
A,GE10,C24_C25,E_DI4_VHI,PC_ENT,ES,2024,1.65
A,GE10,C24_C25,E_DI4_VHI,PC_ENT,FI,2022,10.2
A,GE10,C24_C25,E_DI4_VHI,PC_ENT,FI,2024,6.4
A,GE10,C24_C25,E_DI4_VHI,PC_ENT,FR,2024,3.14
A,GE10,C24_C25,E_DI4_VHI,PC_ENT,HR,2022,4.11
A,GE10,C24_C25,E_DI4_VHI,PC_ENT,HR,2024,2.14
A,GE10,C24_C25,E_DI4_VHI,PC_ENT,HU,2022,2.99
A,GE10,C24_C25,E_DI4_VHI,PC_ENT,HU,2024,0.52
A,GE10,C24_C25,E_DI4_VHI,PC_ENT,IE,2022,3.29
A,GE10,C24_C25,E_DI4_VHI,PC_ENT,IE,2024,4.29
A,GE10,C24_C25,E_DI4_VHI,PC_ENT,IT,2022,2.68
A,GE10,C24_C25,E_DI4_VHI,PC_ENT,IT,2024,1.61
A,GE10,C24_C25,E_DI4_VHI,PC_ENT,LT,2022,1.78
A,GE10,C24_C25,E_DI4_VHI,PC_ENT,LT,2024,1.39
A,GE10,C24_C25,E_DI4_VHI,PC_ENT,LU,2022,4.4
A,GE10,C24_C25,E_DI4_VHI,PC_ENT,LU,2024,5.07
A,GE10,C24_C25,E_DI4_VHI,PC_ENT,LV,2022,0.0
A,GE10,C24_C25,E_DI4_VHI,PC_ENT,LV,2024,1.53
A,GE10,C24_C25,E_DI4_VHI,PC_ENT,ME,2022,0.0
A,GE10,C24_C25,E_DI4_VHI,PC_ENT,MK,2022,0.0
A,GE10,C24_C25,E_DI4_VHI,PC_ENT,MT,2022,2.95
A,GE10,C24_C25,E_DI4_VHI,PC_ENT,MT,2024,0.0
A,GE10,C24_C25,E_DI4_VHI,PC_ENT,NL,2022,6.74
A,GE10,C24_C25,E_DI4_VHI,PC_ENT,NL,2024,5.03
A,GE10,C24_C25,E_DI4_VHI,PC_ENT,NO,2022,3.68
A,GE10,C24_C25,E_DI4_VHI,PC_ENT,NO,2024,3.62
A,GE10,C24_C25,E_DI4_VHI,PC_ENT,PL,2022,3.11
A,GE10,C24_C25,E_DI4_VHI,PC_ENT,PL,2024,2.19
A,GE10,C24_C25,E_DI4_VHI,PC_ENT,PT,2022,2.9
A,GE10,C24_C25,E_DI4_VHI,PC_ENT,PT,2024,1.96
A,GE10,C24_C25,E_DI4_VHI,PC_ENT,RO,2022,0.27
A,GE10,C24_C25,E_DI4_VHI,PC_ENT,RO,2024,0.31
A,GE10,C24_C25,E_DI4_VHI,PC_ENT,RS,2022,2.43
A,GE10,C24_C25,E_DI4_VHI,PC_ENT,RS,2024,0.16
A,GE10,C24_C25,E_DI4_VHI,PC_ENT,SE,2022,5.75
A,GE10,C24_C25,E_DI4_VHI,PC_ENT,SE,2024,10.41
A,GE10,C24_C25,E_DI4_VHI,PC_ENT,SI,2022,2.07
A,GE10,C24_C25,E_DI4_VHI,PC_ENT,SI,2024,1.95
A,GE10,C24_C25,E_DI4_VHI,PC_ENT,SK,2022,3.51
A,GE10,C24_C25,E_DI4_VHI,PC_ENT,SK,2024,0.34
A,GE10,C24_C25,E_DI_HI,PC_ENT,AT,2015,19.72
A,GE10,C24_C25,E_DI_HI,PC_ENT,AT,2016,6.24
A,GE10,C24_C25,E_DI_HI,PC_ENT,AT,2017,11.97
A,GE10,C24_C25,E_DI_HI,PC_ENT,AT,2018,8.71
A,GE10,C24_C25,E_DI_HI,PC_ENT,AT,2019,14.61
A,GE10,C24_C25,E_DI_HI,PC_ENT,BA,2019,8.57
A,GE10,C24_C25,E_DI_HI,PC_ENT,BE,2015,14.2
A,GE10,C24_C25,E_DI_HI,PC_ENT,BE,2016,7.12
A,GE10,C24_C25,E_DI_HI,PC_ENT,BE,2017,17.0
A,GE10,C24_C25,E_DI_HI,PC_ENT,BE,2018,7.78
A,GE10,C24_C25,E_DI_HI,PC_ENT,BE,2019,13.4
A,GE10,C24_C25,E_DI_HI,PC_ENT,BG,2015,6.2
A,GE10,C24_C25,E_DI_HI,PC_ENT,BG,2016,3.49
A,GE10,C24_C25,E_DI_HI,PC_ENT,BG,2017,2.05
A,GE10,C24_C25,E_DI_HI,PC_ENT,BG,2018,1.51
A,GE10,C24_C25,E_DI_HI,PC_ENT,CY,2015,1.74
A,GE10,C24_C25,E_DI_HI,PC_ENT,CY,2016,0.0
A,GE10,C24_C25,E_DI_HI,PC_ENT,CY,2017,4.43
A,GE10,C24_C25,E_DI_HI,PC_ENT,CY,2018,4.34
A,GE10,C24_C25,E_DI_HI,PC_ENT,CY,2019,8.43
A,GE10,C24_C25,E_DI_HI,PC_ENT,CZ,2015,9.38
A,GE10,C24_C25,E_DI_HI,PC_ENT,CZ,2016,8.81
A,GE10,C24_C25,E_DI_HI,PC_ENT,CZ,2017,8.81
A,GE10,C24_C25,E_DI_HI,PC_ENT,CZ,2018,4.38
A,GE10,C24_C25,E_DI_HI,PC_ENT,CZ,2019,20.62
A,GE10,C24_C25,E_DI_HI,PC_ENT,DE,2015,11.5
A,GE10,C24_C25,E_DI_HI,PC_ENT,DE,2016,5.74
A,GE10,C24_C25,E_DI_HI,PC_ENT,DE,2017,16.3
A,GE10,C24_C25,E_DI_HI,PC_ENT,DE,2018,6.52
A,GE10,C24_C25,E_DI_HI,PC_ENT,DE,2019,16.99
A,GE10,C24_C25,E_DI_HI,PC_ENT,DK,2015,17.03
A,GE10,C24_C25,E_DI_HI,PC_ENT,DK,2016,19.89
A,GE10,C24_C25,E_DI_HI,PC_ENT,DK,2017,14.26
A,GE10,C24_C25,E_DI_HI,PC_ENT,DK,2018,11.32
A,GE10,C24_C25,E_DI_HI,PC_ENT,DK,2019,30.9
A,GE10,C24_C25,E_DI_HI,PC_ENT,EE,2015,8.66
A,GE10,C24_C25,E_DI_HI,PC_ENT,EE,2016,4.91
A,GE10,C24_C25,E_DI_HI,PC_ENT,EE,2017,9.98
A,GE10,C24_C25,E_DI_HI,PC_ENT,EE,2018,6.93
A,GE10,C24_C25,E_DI_HI,PC_ENT,EE,2019,9.43
A,GE10,C24_C25,E_DI_HI,PC_ENT,EL,2015,9.24
A,GE10,C24_C25,E_DI_HI,PC_ENT,EL,2016,9.46
A,GE10,C24_C25,E_DI_HI,PC_ENT,EL,2017,5.77
A,GE10,C24_C25,E_DI_HI,PC_ENT,EL,2018,6.45
A,GE10,C24_C25,E_DI_HI,PC_ENT,EL,2019,2.94
A,GE10,C24_C25,E_DI_HI,PC_ENT,ES,2015,13.82
A,GE10,C24_C25,E_DI_HI,PC_ENT,ES,2016,10.82
A,GE10,C24_C25,E_DI_HI,PC_ENT,ES,2017,11.44
A,GE10,C24_C25,E_DI_HI,PC_ENT,ES,2018,4.36
A,GE10,C24_C25,E_DI_HI,PC_ENT,ES,2019,8.16
A,GE10,C24_C25,E_DI_HI,PC_ENT,FI,2015,16.54
A,GE10,C24_C25,E_DI_HI,PC_ENT,FI,2016,27.38
A,GE10,C24_C25,E_DI_HI,PC_ENT,FI,2017,15.38
A,GE10,C24_C25,E_DI_HI,PC_ENT,FI,2018,31.68
A,GE10,C24_C25,E_DI_HI,PC_ENT,FI,2019,38.4
A,GE10,C24_C25,E_DI_HI,PC_ENT,FR,2015,9.98
A,GE10,C24_C25,E_DI_HI,PC_ENT,FR,2016,3.09
A,GE10,C24_C25,E_DI_HI,PC_ENT,FR,2017,5.16
A,GE10,C24_C25,E_DI_HI,PC_ENT,FR,2018,2.8
A,GE10,C24_C25,E_DI_HI,PC_ENT,FR,2019,7.97
A,GE10,C24_C25,E_DI_HI,PC_ENT,HR,2015,10.58
A,GE10,C24_C25,E_DI_HI,PC_ENT,HR,2016,9.64
A,GE10,C24_C25,E_DI_HI,PC_ENT,HR,2017,7.95
A,GE10,C24_C25,E_DI_HI,PC_ENT,HR,2018,1.83
A,GE10,C24_C25,E_DI_HI,PC_ENT,HR,2019,4.81
A,GE10,C24_C25,E_DI_HI,PC_ENT,HU,2015,3.2
A,GE10,C24_C25,E_DI_HI,PC_ENT,HU,2016,2.28
A,GE10,C24_C25,E_DI_HI,PC_ENT,HU,2017,4.38
A,GE10,C24_C25,E_DI_HI,PC_ENT,HU,2018,3.47
A,GE10,C24_C25,E_DI_HI,PC_ENT,HU,2019,4.65
A,GE10,C24_C25,E_DI_HI,PC_ENT,IE,2015,10.38
A,GE10,C24_C25,E_DI_HI,PC_ENT,IE,2016,3.77
A,GE10,C24_C25,E_DI_HI,PC_ENT,IE,2017,14.36
A,GE10,C24_C25,E_DI_HI,PC_ENT,IE,2018,14.97
A,GE10,C24_C25,E_DI_HI,PC_ENT,IE,2019,13.66
A,GE10,C24_C25,E_DI_HI,PC_ENT,IT,2015,4.19
A,GE10,C24_C25,E_DI_HI,PC_ENT,IT,2016,2.47
A,GE10,C24_C25,E_DI_HI,PC_ENT,IT,2017,3.88
A,GE10,C24_C25,E_DI_HI,PC_ENT,IT,2018,2.47
A,GE10,C24_C25,E_DI_HI,PC_ENT,IT,2019,8.02
A,GE10,C24_C25,E_DI_HI,PC_ENT,LT,2015,22.63
A,GE10,C24_C25,E_DI_HI,PC_ENT,LT,2016,14.69
A,GE10,C24_C25,E_DI_HI,PC_ENT,LT,2017,16.84
A,GE10,C24_C25,E_DI_HI,PC_ENT,LT,2018,14.33
A,GE10,C24_C25,E_DI_HI,PC_ENT,LT,2019,11.94
A,GE10,C24_C25,E_DI_HI,PC_ENT,LU,2015,9.34
A,GE10,C24_C25,E_DI_HI,PC_ENT,LU,2016,6.98
A,GE10,C24_C25,E_DI_HI,PC_ENT,LU,2017,9.79
A,GE10,C24_C25,E_DI_HI,PC_ENT,LU,2018,10.3
A,GE10,C24_C25,E_DI_HI,PC_ENT,LU,2019,23.28
A,GE10,C24_C25,E_DI_HI,PC_ENT,LV,2015,4.31
A,GE10,C24_C25,E_DI_HI,PC_ENT,LV,2016,2.36
A,GE10,C24_C25,E_DI_HI,PC_ENT,LV,2017,8.06
A,GE10,C24_C25,E_DI_HI,PC_ENT,LV,2018,1.65
A,GE10,C24_C25,E_DI_HI,PC_ENT,LV,2019,4.5
A,GE10,C24_C25,E_DI_HI,PC_ENT,MK,2015,0.95
A,GE10,C24_C25,E_DI_HI,PC_ENT,MK,2016,4.67
A,GE10,C24_C25,E_DI_HI,PC_ENT,MT,2015,16.21
A,GE10,C24_C25,E_DI_HI,PC_ENT,MT,2016,11.04
A,GE10,C24_C25,E_DI_HI,PC_ENT,MT,2017,18.44
A,GE10,C24_C25,E_DI_HI,PC_ENT,MT,2018,4.35
A,GE10,C24_C25,E_DI_HI,PC_ENT,MT,2019,19.81
A,GE10,C24_C25,E_DI_HI,PC_ENT,NL,2015,23.34
A,GE10,C24_C25,E_DI_HI,PC_ENT,NL,2016,8.99
A,GE10,C24_C25,E_DI_HI,PC_ENT,NL,2017,27.12
A,GE10,C24_C25,E_DI_HI,PC_ENT,NL,2018,11.95
A,GE10,C24_C25,E_DI_HI,PC_ENT,NL,2019,22.09
A,GE10,C24_C25,E_DI_HI,PC_ENT,NO,2015,25.94
A,GE10,C24_C25,E_DI_HI,PC_ENT,NO,2016,27.29
A,GE10,C24_C25,E_DI_HI,PC_ENT,NO,2017,22.53
A,GE10,C24_C25,E_DI_HI,PC_ENT,NO,2018,22.06
A,GE10,C24_C25,E_DI_HI,PC_ENT,NO,2019,21.16
A,GE10,C24_C25,E_DI_HI,PC_ENT,PL,2015,7.55
A,GE10,C24_C25,E_DI_HI,PC_ENT,PL,2016,4.66
A,GE10,C24_C25,E_DI_HI,PC_ENT,PL,2017,5.2
A,GE10,C24_C25,E_DI_HI,PC_ENT,PL,2018,4.67
A,GE10,C24_C25,E_DI_HI,PC_ENT,PL,2019,6.68
A,GE10,C24_C25,E_DI_HI,PC_ENT,PT,2015,9.03
A,GE10,C24_C25,E_DI_HI,PC_ENT,PT,2016,4.79
A,GE10,C24_C25,E_DI_HI,PC_ENT,PT,2017,16.86
A,GE10,C24_C25,E_DI_HI,PC_ENT,PT,2018,5.31
A,GE10,C24_C25,E_DI_HI,PC_ENT,PT,2019,8.44
A,GE10,C24_C25,E_DI_HI,PC_ENT,RO,2015,4.75
A,GE10,C24_C25,E_DI_HI,PC_ENT,RO,2016,1.5
A,GE10,C24_C25,E_DI_HI,PC_ENT,RO,2017,5.59
A,GE10,C24_C25,E_DI_HI,PC_ENT,RO,2018,5.51
A,GE10,C24_C25,E_DI_HI,PC_ENT,RO,2019,4.08
A,GE10,C24_C25,E_DI_HI,PC_ENT,RS,2017,11.45
A,GE10,C24_C25,E_DI_HI,PC_ENT,RS,2018,7.77
A,GE10,C24_C25,E_DI_HI,PC_ENT,RS,2019,1.05
A,GE10,C24_C25,E_DI_HI,PC_ENT,SE,2015,12.27
A,GE10,C24_C25,E_DI_HI,PC_ENT,SE,2016,16.36
A,GE10,C24_C25,E_DI_HI,PC_ENT,SE,2017,9.82
A,GE10,C24_C25,E_DI_HI,PC_ENT,SE,2018,17.36
A,GE10,C24_C25,E_DI_HI,PC_ENT,SE,2019,29.99
A,GE10,C24_C25,E_DI_HI,PC_ENT,SI,2015,3.48
A,GE10,C24_C25,E_DI_HI,PC_ENT,SI,2016,3.96
A,GE10,C24_C25,E_DI_HI,PC_ENT,SI,2017,8.93
A,GE10,C24_C25,E_DI_HI,PC_ENT,SI,2018,6.3
A,GE10,C24_C25,E_DI_HI,PC_ENT,SI,2019,11.54
A,GE10,C24_C25,E_DI_HI,PC_ENT,SK,2015,5.04
A,GE10,C24_C25,E_DI_HI,PC_ENT,SK,2016,1.28
A,GE10,C24_C25,E_DI_HI,PC_ENT,SK,2017,2.45
A,GE10,C24_C25,E_DI_HI,PC_ENT,SK,2018,3.13
A,GE10,C24_C25,E_DI_HI,PC_ENT,SK,2019,2.95
A,GE10,C24_C25,E_DI_HI,PC_ENT,TR,2017,3.35
A,GE10,C24_C25,E_DI_HI,PC_ENT,UK,2015,8.48
A,GE10,C24_C25,E_DI_HI,PC_ENT,UK,2016,4.38
A,GE10,C24_C25,E_DI_HI,PC_ENT,UK,2017,4.75
A,GE10,C24_C25,E_DI_HI,PC_ENT,UK,2018,2.29
A,GE10,C24_C25,E_DI_HI,PC_ENT,UK,2019,9.88
A,GE10,C24_C25,E_DI_VHI,PC_ENT,AT,2017,3.82
A,GE10,C24_C25,E_DI_VHI,PC_ENT,AT,2018,1.52
A,GE10,C24_C25,E_DI_VHI,PC_ENT,AT,2019,3.12
A,GE10,C24_C25,E_DI_VHI,PC_ENT,BA,2018,0.0
A,GE10,C24_C25,E_DI_VHI,PC_ENT,BE,2015,0.27
A,GE10,C24_C25,E_DI_VHI,PC_ENT,BE,2016,0.83
A,GE10,C24_C25,E_DI_VHI,PC_ENT,BE,2017,2.95
A,GE10,C24_C25,E_DI_VHI,PC_ENT,BE,2018,1.58
A,GE10,C24_C25,E_DI_VHI,PC_ENT,BE,2019,2.05
A,GE10,C24_C25,E_DI_VHI,PC_ENT,BG,2015,0.0
A,GE10,C24_C25,E_DI_VHI,PC_ENT,BG,2016,0.0
A,GE10,C24_C25,E_DI_VHI,PC_ENT,BG,2017,0.0
A,GE10,C24_C25,E_DI_VHI,PC_ENT,BG,2018,0.0
A,GE10,C24_C25,E_DI_VHI,PC_ENT,BG,2019,0.0
A,GE10,C24_C25,E_DI_VHI,PC_ENT,CY,2015,0.0
A,GE10,C24_C25,E_DI_VHI,PC_ENT,CY,2016,0.0
A,GE10,C24_C25,E_DI_VHI,PC_ENT,CY,2017,0.0
A,GE10,C24_C25,E_DI_VHI,PC_ENT,CY,2018,0.0
A,GE10,C24_C25,E_DI_VHI,PC_ENT,CY,2019,3.22
A,GE10,C24_C25,E_DI_VHI,PC_ENT,CZ,2015,0.12
A,GE10,C24_C25,E_DI_VHI,PC_ENT,CZ,2016,0.96
A,GE10,C24_C25,E_DI_VHI,PC_ENT,CZ,2017,0.44
A,GE10,C24_C25,E_DI_VHI,PC_ENT,CZ,2018,0.49
A,GE10,C24_C25,E_DI_VHI,PC_ENT,CZ,2019,1.91
A,GE10,C24_C25,E_DI_VHI,PC_ENT,DE,2015,0.0
A,GE10,C24_C25,E_DI_VHI,PC_ENT,DE,2016,0.13
A,GE10,C24_C25,E_DI_VHI,PC_ENT,DE,2017,1.45
A,GE10,C24_C25,E_DI_VHI,PC_ENT,DE,2018,0.13
A,GE10,C24_C25,E_DI_VHI,PC_ENT,DE,2019,0.92
A,GE10,C24_C25,E_DI_VHI,PC_ENT,DK,2015,1.36
A,GE10,C24_C25,E_DI_VHI,PC_ENT,DK,2016,1.95
A,GE10,C24_C25,E_DI_VHI,PC_ENT,DK,2017,1.84
A,GE10,C24_C25,E_DI_VHI,PC_ENT,DK,2018,1.18
A,GE10,C24_C25,E_DI_VHI,PC_ENT,DK,2019,2.23
A,GE10,C24_C25,E_DI_VHI,PC_ENT,EE,2015,0.35
A,GE10,C24_C25,E_DI_VHI,PC_ENT,EE,2016,1.51
A,GE10,C24_C25,E_DI_VHI,PC_ENT,EE,2017,0.32
A,GE10,C24_C25,E_DI_VHI,PC_ENT,EE,2018,0.31
A,GE10,C24_C25,E_DI_VHI,PC_ENT,EE,2019,0.31
A,GE10,C24_C25,E_DI_VHI,PC_ENT,EL,2015,0.0
A,GE10,C24_C25,E_DI_VHI,PC_ENT,EL,2016,0.28
A,GE10,C24_C25,E_DI_VHI,PC_ENT,EL,2017,0.0
A,GE10,C24_C25,E_DI_VHI,PC_ENT,EL,2018,0.0
A,GE10,C24_C25,E_DI_VHI,PC_ENT,EL,2019,0.0
A,GE10,C24_C25,E_DI_VHI,PC_ENT,ES,2015,0.02
A,GE10,C24_C25,E_DI_VHI,PC_ENT,ES,2016,0.08
A,GE10,C24_C25,E_DI_VHI,PC_ENT,ES,2017,0.7
A,GE10,C24_C25,E_DI_VHI,PC_ENT,ES,2018,0.0
A,GE10,C24_C25,E_DI_VHI,PC_ENT,ES,2019,0.93
A,GE10,C24_C25,E_DI_VHI,PC_ENT,FI,2015,0.77
A,GE10,C24_C25,E_DI_VHI,PC_ENT,FI,2016,1.47
A,GE10,C24_C25,E_DI_VHI,PC_ENT,FI,2017,0.0
A,GE10,C24_C25,E_DI_VHI,PC_ENT,FI,2018,2.26
A,GE10,C24_C25,E_DI_VHI,PC_ENT,FI,2019,3.93
A,GE10,C24_C25,E_DI_VHI,PC_ENT,FR,2015,0.71
A,GE10,C24_C25,E_DI_VHI,PC_ENT,FR,2016,0.05
A,GE10,C24_C25,E_DI_VHI,PC_ENT,FR,2017,1.05
A,GE10,C24_C25,E_DI_VHI,PC_ENT,FR,2018,0.29
A,GE10,C24_C25,E_DI_VHI,PC_ENT,FR,2019,1.55
A,GE10,C24_C25,E_DI_VHI,PC_ENT,HR,2015,0.0
A,GE10,C24_C25,E_DI_VHI,PC_ENT,HR,2016,0.0
A,GE10,C24_C25,E_DI_VHI,PC_ENT,HR,2017,0.0
A,GE10,C24_C25,E_DI_VHI,PC_ENT,HR,2018,0.0
A,GE10,C24_C25,E_DI_VHI,PC_ENT,HR,2019,2.02
A,GE10,C24_C25,E_DI_VHI,PC_ENT,HU,2015,0.06
A,GE10,C24_C25,E_DI_VHI,PC_ENT,HU,2016,0.06
A,GE10,C24_C25,E_DI_VHI,PC_ENT,HU,2017,0.31
A,GE10,C24_C25,E_DI_VHI,PC_ENT,HU,2018,0.0
A,GE10,C24_C25,E_DI_VHI,PC_ENT,HU,2019,0.06
A,GE10,C24_C25,E_DI_VHI,PC_ENT,IE,2015,0.8
A,GE10,C24_C25,E_DI_VHI,PC_ENT,IE,2016,0.0
A,GE10,C24_C25,E_DI_VHI,PC_ENT,IE,2017,0.0
A,GE10,C24_C25,E_DI_VHI,PC_ENT,IE,2018,0.79
A,GE10,C24_C25,E_DI_VHI,PC_ENT,IE,2019,0.72
A,GE10,C24_C25,E_DI_VHI,PC_ENT,IT,2015,0.04
A,GE10,C24_C25,E_DI_VHI,PC_ENT,IT,2016,0.01
A,GE10,C24_C25,E_DI_VHI,PC_ENT,IT,2017,0.14
A,GE10,C24_C25,E_DI_VHI,PC_ENT,IT,2018,0.01
A,GE10,C24_C25,E_DI_VHI,PC_ENT,IT,2019,0.27
A,GE10,C24_C25,E_DI_VHI,PC_ENT,LT,2015,2.92
A,GE10,C24_C25,E_DI_VHI,PC_ENT,LT,2016,1.75
A,GE10,C24_C25,E_DI_VHI,PC_ENT,LT,2017,0.34
A,GE10,C24_C25,E_DI_VHI,PC_ENT,LT,2018,1.0
A,GE10,C24_C25,E_DI_VHI,PC_ENT,LT,2019,10.65
A,GE10,C24_C25,E_DI_VHI,PC_ENT,LU,2015,0.0
A,GE10,C24_C25,E_DI_VHI,PC_ENT,LU,2016,0.0
A,GE10,C24_C25,E_DI_VHI,PC_ENT,LU,2017,3.56
A,GE10,C24_C25,E_DI_VHI,PC_ENT,LU,2018,1.12
A,GE10,C24_C25,E_DI_VHI,PC_ENT,LU,2019,1.11
A,GE10,C24_C25,E_DI_VHI,PC_ENT,LV,2015,0.0
A,GE10,C24_C25,E_DI_VHI,PC_ENT,LV,2016,0.0
A,GE10,C24_C25,E_DI_VHI,PC_ENT,LV,2017,0.0
A,GE10,C24_C25,E_DI_VHI,PC_ENT,LV,2018,0.0
A,GE10,C24_C25,E_DI_VHI,PC_ENT,LV,2019,0.0
A,GE10,C24_C25,E_DI_VHI,PC_ENT,MK,2015,0.0
A,GE10,C24_C25,E_DI_VHI,PC_ENT,MK,2016,0.0
A,GE10,C24_C25,E_DI_VHI,PC_ENT,MT,2015,0.0
A,GE10,C24_C25,E_DI_VHI,PC_ENT,MT,2016,3.9
A,GE10,C24_C25,E_DI_VHI,PC_ENT,MT,2017,0.0
A,GE10,C24_C25,E_DI_VHI,PC_ENT,MT,2018,0.0
A,GE10,C24_C25,E_DI_VHI,PC_ENT,MT,2019,0.0
A,GE10,C24_C25,E_DI_VHI,PC_ENT,NL,2015,1.21
A,GE10,C24_C25,E_DI_VHI,PC_ENT,NL,2016,0.65
A,GE10,C24_C25,E_DI_VHI,PC_ENT,NL,2017,1.53
A,GE10,C24_C25,E_DI_VHI,PC_ENT,NL,2018,0.63
A,GE10,C24_C25,E_DI_VHI,PC_ENT,NL,2019,1.71
A,GE10,C24_C25,E_DI_VHI,PC_ENT,NO,2015,1.22
A,GE10,C24_C25,E_DI_VHI,PC_ENT,NO,2016,0.48
A,GE10,C24_C25,E_DI_VHI,PC_ENT,NO,2017,2.18
A,GE10,C24_C25,E_DI_VHI,PC_ENT,NO,2018,0.49
A,GE10,C24_C25,E_DI_VHI,PC_ENT,NO,2019,1.66
A,GE10,C24_C25,E_DI_VHI,PC_ENT,PL,2015,0.19
A,GE10,C24_C25,E_DI_VHI,PC_ENT,PL,2016,0.06
A,GE10,C24_C25,E_DI_VHI,PC_ENT,PL,2017,0.29
A,GE10,C24_C25,E_DI_VHI,PC_ENT,PL,2018,0.31
A,GE10,C24_C25,E_DI_VHI,PC_ENT,PL,2019,0.19
A,GE10,C24_C25,E_DI_VHI,PC_ENT,PT,2015,0.0
A,GE10,C24_C25,E_DI_VHI,PC_ENT,PT,2016,0.0
A,GE10,C24_C25,E_DI_VHI,PC_ENT,PT,2017,0.14
A,GE10,C24_C25,E_DI_VHI,PC_ENT,PT,2018,0.0
A,GE10,C24_C25,E_DI_VHI,PC_ENT,PT,2019,1.48
A,GE10,C24_C25,E_DI_VHI,PC_ENT,RO,2015,0.13
A,GE10,C24_C25,E_DI_VHI,PC_ENT,RO,2016,0.07
A,GE10,C24_C25,E_DI_VHI,PC_ENT,RO,2017,1.74
A,GE10,C24_C25,E_DI_VHI,PC_ENT,RO,2018,0.0
A,GE10,C24_C25,E_DI_VHI,PC_ENT,RO,2019,0.12
A,GE10,C24_C25,E_DI_VHI,PC_ENT,RS,2017,0.0
A,GE10,C24_C25,E_DI_VHI,PC_ENT,RS,2018,0.0
A,GE10,C24_C25,E_DI_VHI,PC_ENT,RS,2019,0.0
A,GE10,C24_C25,E_DI_VHI,PC_ENT,SE,2015,0.3
A,GE10,C24_C25,E_DI_VHI,PC_ENT,SE,2016,0.89
A,GE10,C24_C25,E_DI_VHI,PC_ENT,SE,2017,2.36
A,GE10,C24_C25,E_DI_VHI,PC_ENT,SE,2018,3.04
A,GE10,C24_C25,E_DI_VHI,PC_ENT,SE,2019,4.79
A,GE10,C24_C25,E_DI_VHI,PC_ENT,SI,2015,0.0
A,GE10,C24_C25,E_DI_VHI,PC_ENT,SI,2016,0.0
A,GE10,C24_C25,E_DI_VHI,PC_ENT,SI,2017,0.96
A,GE10,C24_C25,E_DI_VHI,PC_ENT,SI,2018,0.0
A,GE10,C24_C25,E_DI_VHI,PC_ENT,SK,2015,0.0
A,GE10,C24_C25,E_DI_VHI,PC_ENT,SK,2016,0.0
A,GE10,C24_C25,E_DI_VHI,PC_ENT,SK,2017,0.0
A,GE10,C24_C25,E_DI_VHI,PC_ENT,SK,2018,0.11
A,GE10,C24_C25,E_DI_VHI,PC_ENT,SK,2019,0.11
A,GE10,C24_C25,E_DI_VHI,PC_ENT,TR,2017,0.29
A,GE10,C24_C25,E_DI_VHI,PC_ENT,UK,2015,0.16
A,GE10,C24_C25,E_DI_VHI,PC_ENT,UK,2016,0.06
A,GE10,C24_C25,E_DI_VHI,PC_ENT,UK,2017,0.55
A,GE10,C24_C25,E_DI_VHI,PC_ENT,UK,2018,0.89
A,GE10,C24_C25,E_DI_VHI,PC_ENT,UK,2019,1.68
A,GE10,D35,E_DI3_HI,PC_ENT,BA,2021,0.0
A,GE10,D35,E_DI3_HI,PC_ENT,BA,2023,9.03
A,GE10,D35,E_DI3_HI,PC_ENT,BA,2025,23.59
A,GE10,D35,E_DI3_HI,PC_ENT,BE,2025,9.52
A,GE10,D35,E_DI3_HI,PC_ENT,BG,2021,15.65
A,GE10,D35,E_DI3_HI,PC_ENT,BG,2025,27.12
A,GE10,D35,E_DI3_HI,PC_ENT,CY,2021,39.34
A,GE10,D35,E_DI3_HI,PC_ENT,CZ,2021,12.04
A,GE10,D35,E_DI3_HI,PC_ENT,CZ,2023,20.05
A,GE10,D35,E_DI3_HI,PC_ENT,CZ,2025,26.24
A,GE10,D35,E_DI3_HI,PC_ENT,DE,2021,38.79
A,GE10,D35,E_DI3_HI,PC_ENT,DE,2023,34.23
A,GE10,D35,E_DI3_HI,PC_ENT,DE,2025,45.36
A,GE10,D35,E_DI3_HI,PC_ENT,DK,2021,42.45
A,GE10,D35,E_DI3_HI,PC_ENT,DK,2023,33.02
A,GE10,D35,E_DI3_HI,PC_ENT,EE,2021,18.29
A,GE10,D35,E_DI3_HI,PC_ENT,EE,2023,27.27
A,GE10,D35,E_DI3_HI,PC_ENT,EE,2025,44.65
A,GE10,D35,E_DI3_HI,PC_ENT,EL,2021,38.89
A,GE10,D35,E_DI3_HI,PC_ENT,EL,2023,15.0
A,GE10,D35,E_DI3_HI,PC_ENT,EL,2025,42.36
A,GE10,D35,E_DI3_HI,PC_ENT,HR,2021,23.64
A,GE10,D35,E_DI3_HI,PC_ENT,HR,2023,13.11
A,GE10,D35,E_DI3_HI,PC_ENT,HR,2025,61.02
A,GE10,D35,E_DI3_HI,PC_ENT,HU,2021,11.24
A,GE10,D35,E_DI3_HI,PC_ENT,HU,2023,30.59
A,GE10,D35,E_DI3_HI,PC_ENT,HU,2025,36.58
A,GE10,D35,E_DI3_HI,PC_ENT,IE,2021,50.0
A,GE10,D35,E_DI3_HI,PC_ENT,IE,2023,47.62
A,GE10,D35,E_DI3_HI,PC_ENT,IE,2025,48.09
A,GE10,D35,E_DI3_HI,PC_ENT,IT,2021,34.19
A,GE10,D35,E_DI3_HI,PC_ENT,LV,2021,8.31
A,GE10,D35,E_DI3_HI,PC_ENT,LV,2023,10.22
A,GE10,D35,E_DI3_HI,PC_ENT,LV,2025,30.8
A,GE10,D35,E_DI3_HI,PC_ENT,MK,2021,0.0
A,GE10,D35,E_DI3_HI,PC_ENT,MT,2025,100.0
A,GE10,D35,E_DI3_HI,PC_ENT,NL,2021,48.17
A,GE10,D35,E_DI3_HI,PC_ENT,NL,2023,51.45
A,GE10,D35,E_DI3_HI,PC_ENT,NL,2025,45.01
A,GE10,D35,E_DI3_HI,PC_ENT,NO,2021,47.65
A,GE10,D35,E_DI3_HI,PC_ENT,NO,2023,64.52
A,GE10,D35,E_DI3_HI,PC_ENT,NO,2025,66.54
A,GE10,D35,E_DI3_HI,PC_ENT,PL,2021,10.92
A,GE10,D35,E_DI3_HI,PC_ENT,PL,2023,23.97
A,GE10,D35,E_DI3_HI,PC_ENT,PL,2025,39.12
A,GE10,D35,E_DI3_HI,PC_ENT,PT,2021,21.46
A,GE10,D35,E_DI3_HI,PC_ENT,RO,2021,28.9
A,GE10,D35,E_DI3_HI,PC_ENT,RO,2023,13.8
A,GE10,D35,E_DI3_HI,PC_ENT,RO,2025,20.82
A,GE10,D35,E_DI3_HI,PC_ENT,RS,2021,0.0
A,GE10,D35,E_DI3_HI,PC_ENT,RS,2023,6.75
A,GE10,D35,E_DI3_HI,PC_ENT,RS,2025,7.5
A,GE10,D35,E_DI3_HI,PC_ENT,SE,2021,40.61
A,GE10,D35,E_DI3_HI,PC_ENT,SE,2023,44.13
A,GE10,D35,E_DI3_HI,PC_ENT,SE,2025,48.96
A,GE10,D35,E_DI3_HI,PC_ENT,SI,2021,69.12
A,GE10,D35,E_DI3_HI,PC_ENT,SI,2023,59.18
A,GE10,D35,E_DI3_HI,PC_ENT,SI,2025,53.71
A,GE10,D35,E_DI3_HI,PC_ENT,SK,2021,13.84
A,GE10,D35,E_DI3_HI,PC_ENT,SK,2023,4.99
A,GE10,D35,E_DI3_HI,PC_ENT,SK,2025,17.59
A,GE10,D35,E_DI3_HI,PC_ENT,TR,2025,22.07
A,GE10,D35,E_DI3_VHI,PC_ENT,AT,2023,25.04
A,GE10,D35,E_DI3_VHI,PC_ENT,AT,2025,19.07
A,GE10,D35,E_DI3_VHI,PC_ENT,BA,2021,0.0
A,GE10,D35,E_DI3_VHI,PC_ENT,BE,2021,11.11
A,GE10,D35,E_DI3_VHI,PC_ENT,BE,2025,76.36
A,GE10,D35,E_DI3_VHI,PC_ENT,BG,2021,0.0
A,GE10,D35,E_DI3_VHI,PC_ENT,CY,2021,0.0
A,GE10,D35,E_DI3_VHI,PC_ENT,CZ,2021,5.11
A,GE10,D35,E_DI3_VHI,PC_ENT,CZ,2023,8.84
A,GE10,D35,E_DI3_VHI,PC_ENT,CZ,2025,14.05
A,GE10,D35,E_DI3_VHI,PC_ENT,DE,2021,11.41
A,GE10,D35,E_DI3_VHI,PC_ENT,DE,2023,17.76
A,GE10,D35,E_DI3_VHI,PC_ENT,DE,2025,29.32
A,GE10,D35,E_DI3_VHI,PC_ENT,DK,2021,16.46
A,GE10,D35,E_DI3_VHI,PC_ENT,DK,2023,17.6
A,GE10,D35,E_DI3_VHI,PC_ENT,EE,2021,6.0
A,GE10,D35,E_DI3_VHI,PC_ENT,EE,2023,2.27
A,GE10,D35,E_DI3_VHI,PC_ENT,EE,2025,7.67
A,GE10,D35,E_DI3_VHI,PC_ENT,EL,2021,4.36
A,GE10,D35,E_DI3_VHI,PC_ENT,EL,2023,3.4
A,GE10,D35,E_DI3_VHI,PC_ENT,EL,2025,8.92
A,GE10,D35,E_DI3_VHI,PC_ENT,FR,2021,2.43
A,GE10,D35,E_DI3_VHI,PC_ENT,HR,2021,0.0
A,GE10,D35,E_DI3_VHI,PC_ENT,HR,2023,0.0
A,GE10,D35,E_DI3_VHI,PC_ENT,HR,2025,0.0
A,GE10,D35,E_DI3_VHI,PC_ENT,HU,2021,6.18
A,GE10,D35,E_DI3_VHI,PC_ENT,HU,2023,4.11
A,GE10,D35,E_DI3_VHI,PC_ENT,HU,2025,7.79
A,GE10,D35,E_DI3_VHI,PC_ENT,IE,2021,16.67
A,GE10,D35,E_DI3_VHI,PC_ENT,IE,2023,4.3
A,GE10,D35,E_DI3_VHI,PC_ENT,IE,2025,21.16
A,GE10,D35,E_DI3_VHI,PC_ENT,IT,2021,6.11
A,GE10,D35,E_DI3_VHI,PC_ENT,LV,2021,0.96
A,GE10,D35,E_DI3_VHI,PC_ENT,LV,2023,3.35
A,GE10,D35,E_DI3_VHI,PC_ENT,LV,2025,7.14
A,GE10,D35,E_DI3_VHI,PC_ENT,MK,2021,0.0
A,GE10,D35,E_DI3_VHI,PC_ENT,MT,2025,0.0
A,GE10,D35,E_DI3_VHI,PC_ENT,NL,2021,7.58
A,GE10,D35,E_DI3_VHI,PC_ENT,NL,2023,25.92
A,GE10,D35,E_DI3_VHI,PC_ENT,NL,2025,40.59
A,GE10,D35,E_DI3_VHI,PC_ENT,NO,2021,17.7
A,GE10,D35,E_DI3_VHI,PC_ENT,NO,2023,16.13
A,GE10,D35,E_DI3_VHI,PC_ENT,NO,2025,30.39
A,GE10,D35,E_DI3_VHI,PC_ENT,PL,2021,1.92
A,GE10,D35,E_DI3_VHI,PC_ENT,PL,2023,3.83
A,GE10,D35,E_DI3_VHI,PC_ENT,PL,2025,9.76
A,GE10,D35,E_DI3_VHI,PC_ENT,PT,2021,13.1
A,GE10,D35,E_DI3_VHI,PC_ENT,PT,2023,15.07
A,GE10,D35,E_DI3_VHI,PC_ENT,PT,2025,21.98
A,GE10,D35,E_DI3_VHI,PC_ENT,RO,2021,1.23
A,GE10,D35,E_DI3_VHI,PC_ENT,RO,2023,3.11
A,GE10,D35,E_DI3_VHI,PC_ENT,RO,2025,3.8
A,GE10,D35,E_DI3_VHI,PC_ENT,RS,2021,0.0
A,GE10,D35,E_DI3_VHI,PC_ENT,RS,2023,0.0
A,GE10,D35,E_DI3_VHI,PC_ENT,RS,2025,0.0
A,GE10,D35,E_DI3_VHI,PC_ENT,SE,2021,33.74
A,GE10,D35,E_DI3_VHI,PC_ENT,SE,2023,26.89
A,GE10,D35,E_DI3_VHI,PC_ENT,SE,2025,32.21
A,GE10,D35,E_DI3_VHI,PC_ENT,SI,2023,25.51
A,GE10,D35,E_DI3_VHI,PC_ENT,SI,2025,28.16
A,GE10,D35,E_DI3_VHI,PC_ENT,SK,2021,0.76
A,GE10,D35,E_DI3_VHI,PC_ENT,SK,2023,7.45
A,GE10,D35,E_DI3_VHI,PC_ENT,SK,2025,5.74
A,GE10,D35,E_DI3_VHI,PC_ENT,TR,2025,2.65
A,GE10,D35,E_DI4_HI,PC_ENT,BA,2022,40.91
A,GE10,D35,E_DI4_HI,PC_ENT,BA,2024,34.55
A,GE10,D35,E_DI4_HI,PC_ENT,BE,2022,70.45
A,GE10,D35,E_DI4_HI,PC_ENT,BG,2022,47.86
A,GE10,D35,E_DI4_HI,PC_ENT,BG,2024,48.83
A,GE10,D35,E_DI4_HI,PC_ENT,CY,2024,100.0
A,GE10,D35,E_DI4_HI,PC_ENT,CZ,2022,30.73
A,GE10,D35,E_DI4_HI,PC_ENT,CZ,2024,39.69
A,GE10,D35,E_DI4_HI,PC_ENT,DE,2022,63.74
A,GE10,D35,E_DI4_HI,PC_ENT,DE,2024,49.53
A,GE10,D35,E_DI4_HI,PC_ENT,DK,2022,80.53
A,GE10,D35,E_DI4_HI,PC_ENT,DK,2024,33.73
A,GE10,D35,E_DI4_HI,PC_ENT,EE,2022,49.57
A,GE10,D35,E_DI4_HI,PC_ENT,EE,2024,44.07
A,GE10,D35,E_DI4_HI,PC_ENT,EL,2022,57.2
A,GE10,D35,E_DI4_HI,PC_ENT,EL,2024,25.32
A,GE10,D35,E_DI4_HI,PC_ENT,FR,2024,52.79
A,GE10,D35,E_DI4_HI,PC_ENT,HR,2022,14.97
A,GE10,D35,E_DI4_HI,PC_ENT,HR,2024,33.41
A,GE10,D35,E_DI4_HI,PC_ENT,HU,2022,45.83
A,GE10,D35,E_DI4_HI,PC_ENT,HU,2024,42.09
A,GE10,D35,E_DI4_HI,PC_ENT,IE,2022,58.7
A,GE10,D35,E_DI4_HI,PC_ENT,IE,2024,40.83
A,GE10,D35,E_DI4_HI,PC_ENT,LV,2022,22.12
A,GE10,D35,E_DI4_HI,PC_ENT,LV,2024,34.05
A,GE10,D35,E_DI4_HI,PC_ENT,ME,2022,66.67
A,GE10,D35,E_DI4_HI,PC_ENT,NL,2022,69.59
A,GE10,D35,E_DI4_HI,PC_ENT,NL,2024,57.6
A,GE10,D35,E_DI4_HI,PC_ENT,NO,2022,65.6
A,GE10,D35,E_DI4_HI,PC_ENT,NO,2024,42.06
A,GE10,D35,E_DI4_HI,PC_ENT,PL,2022,49.08
A,GE10,D35,E_DI4_HI,PC_ENT,PL,2024,54.1
A,GE10,D35,E_DI4_HI,PC_ENT,RO,2022,38.93
A,GE10,D35,E_DI4_HI,PC_ENT,RO,2024,45.0
A,GE10,D35,E_DI4_HI,PC_ENT,RS,2022,28.95
A,GE10,D35,E_DI4_HI,PC_ENT,RS,2024,35.02
A,GE10,D35,E_DI4_HI,PC_ENT,SE,2022,49.1
A,GE10,D35,E_DI4_HI,PC_ENT,SE,2024,37.61
A,GE10,D35,E_DI4_HI,PC_ENT,SI,2022,61.36
A,GE10,D35,E_DI4_HI,PC_ENT,SI,2024,18.58
A,GE10,D35,E_DI4_HI,PC_ENT,SK,2022,42.74
A,GE10,D35,E_DI4_HI,PC_ENT,SK,2024,29.35
A,GE10,D35,E_DI4_VHI,PC_ENT,BE,2022,19.32
A,GE10,D35,E_DI4_VHI,PC_ENT,BE,2024,38.78
A,GE10,D35,E_DI4_VHI,PC_ENT,BG,2022,0.0
A,GE10,D35,E_DI4_VHI,PC_ENT,CY,2024,0.0
A,GE10,D35,E_DI4_VHI,PC_ENT,CZ,2022,2.84
A,GE10,D35,E_DI4_VHI,PC_ENT,CZ,2024,8.44
A,GE10,D35,E_DI4_VHI,PC_ENT,DE,2022,16.85
A,GE10,D35,E_DI4_VHI,PC_ENT,DE,2024,34.37
A,GE10,D35,E_DI4_VHI,PC_ENT,DK,2022,19.47
A,GE10,D35,E_DI4_VHI,PC_ENT,DK,2024,56.25
A,GE10,D35,E_DI4_VHI,PC_ENT,EE,2022,2.17
A,GE10,D35,E_DI4_VHI,PC_ENT,EE,2024,12.43
A,GE10,D35,E_DI4_VHI,PC_ENT,EL,2022,7.17
A,GE10,D35,E_DI4_VHI,PC_ENT,EL,2024,8.63
A,GE10,D35,E_DI4_VHI,PC_ENT,FR,2024,8.27
A,GE10,D35,E_DI4_VHI,PC_ENT,HU,2022,4.17
A,GE10,D35,E_DI4_VHI,PC_ENT,HU,2024,6.41
A,GE10,D35,E_DI4_VHI,PC_ENT,IE,2024,36.67
A,GE10,D35,E_DI4_VHI,PC_ENT,LV,2022,3.7
A,GE10,D35,E_DI4_VHI,PC_ENT,LV,2024,3.43
A,GE10,D35,E_DI4_VHI,PC_ENT,ME,2022,0.0
A,GE10,D35,E_DI4_VHI,PC_ENT,MK,2022,0.0
A,GE10,D35,E_DI4_VHI,PC_ENT,NL,2022,10.56
A,GE10,D35,E_DI4_VHI,PC_ENT,NL,2024,24.93
A,GE10,D35,E_DI4_VHI,PC_ENT,NO,2022,25.0
A,GE10,D35,E_DI4_VHI,PC_ENT,NO,2024,46.03
A,GE10,D35,E_DI4_VHI,PC_ENT,PL,2022,1.43
A,GE10,D35,E_DI4_VHI,PC_ENT,PL,2024,6.41
A,GE10,D35,E_DI4_VHI,PC_ENT,PT,2024,26.13
A,GE10,D35,E_DI4_VHI,PC_ENT,RO,2022,3.47
A,GE10,D35,E_DI4_VHI,PC_ENT,RO,2024,6.53
A,GE10,D35,E_DI4_VHI,PC_ENT,RS,2022,0.0
A,GE10,D35,E_DI4_VHI,PC_ENT,RS,2024,3.8
A,GE10,D35,E_DI4_VHI,PC_ENT,SE,2022,49.0
A,GE10,D35,E_DI4_VHI,PC_ENT,SE,2024,55.5
A,GE10,D35,E_DI4_VHI,PC_ENT,SI,2022,7.58
A,GE10,D35,E_DI4_VHI,PC_ENT,SI,2024,46.01
A,GE10,D35,E_DI4_VHI,PC_ENT,SK,2022,1.55
A,GE10,D35,E_DI4_VHI,PC_ENT,SK,2024,8.85
