freq,unit,nace_r2,na_item,geo,time,value
A,CLV20_MNAC,B-E,B1G,AL,1995,50663.1
A,CLV20_MNAC,B-E,B1G,AL,1996,57553.6
A,CLV20_MNAC,B-E,B1G,AL,1997,42910.1
A,CLV20_MNAC,B-E,B1G,AL,1998,55059.3
A,CLV20_MNAC,B-E,B1G,AL,1999,62981.7
A,CLV20_MNAC,B-E,B1G,AL,2000,65370.3
A,CLV20_MNAC,B-E,B1G,AL,2001,68162.5
A,CLV20_MNAC,B-E,B1G,AL,2002,66569.1
A,CLV20_MNAC,B-E,B1G,AL,2003,84724.5
A,CLV20_MNAC,B-E,B1G,AL,2004,91467.7
A,CLV20_MNAC,B-E,B1G,AL,2005,98709.9
A,CLV20_MNAC,B-E,B1G,AL,2006,107863.2
A,CLV20_MNAC,B-E,B1G,AL,2007,104699.4
A,CLV20_MNAC,B-E,B1G,AL,2008,105352.3
A,CLV20_MNAC,B-E,B1G,AL,2009,111190.7
A,CLV20_MNAC,B-E,B1G,AL,2010,131229.3
A,CLV20_MNAC,B-E,B1G,AL,2011,131867.2
A,CLV20_MNAC,B-E,B1G,AL,2012,129095.5
A,CLV20_MNAC,B-E,B1G,AL,2013,147065.1
A,CLV20_MNAC,B-E,B1G,AL,2014,159051.9
A,CLV20_MNAC,B-E,B1G,AL,2015,170060.3
A,CLV20_MNAC,B-E,B1G,AL,2016,181981.4
A,CLV20_MNAC,B-E,B1G,AL,2017,173704.8
A,CLV20_MNAC,B-E,B1G,AL,2018,197023.3
A,CLV20_MNAC,B-E,B1G,AL,2019,201717.3
A,CLV20_MNAC,B-E,B1G,AL,2020,186947.2
A,CLV20_MNAC,B-E,B1G,AL,2021,202214.3
A,CLV20_MNAC,B-E,B1G,AL,2022,210996.9
A,CLV20_MNAC,B-E,B1G,AL,2023,218932.7
A,CLV20_MNAC,B-E,B1G,AL,2024,208977.4
A,CLV20_MNAC,B-E,B1G,AT,1995,46007.8
A,CLV20_MNAC,B-E,B1G,AT,1996,46598.7
A,CLV20_MNAC,B-E,B1G,AT,1997,47986.2
A,CLV20_MNAC,B-E,B1G,AT,1998,49374.1
A,CLV20_MNAC,B-E,B1G,AT,1999,51573.9
A,CLV20_MNAC,B-E,B1G,AT,2000,54366.0
A,CLV20_MNAC,B-E,B1G,AT,2001,56387.7
A,CLV20_MNAC,B-E,B1G,AT,2002,55798.4
A,CLV20_MNAC,B-E,B1G,AT,2003,56295.7
A,CLV20_MNAC,B-E,B1G,AT,2004,58503.6
A,CLV20_MNAC,B-E,B1G,AT,2005,60578.3
A,CLV20_MNAC,B-E,B1G,AT,2006,64100.6
A,CLV20_MNAC,B-E,B1G,AT,2007,67429.8
A,CLV20_MNAC,B-E,B1G,AT,2008,67921.4
A,CLV20_MNAC,B-E,B1G,AT,2009,60002.8
A,CLV20_MNAC,B-E,B1G,AT,2010,63815.9
A,CLV20_MNAC,B-E,B1G,AT,2011,67374.1
A,CLV20_MNAC,B-E,B1G,AT,2012,68490.6
A,CLV20_MNAC,B-E,B1G,AT,2013,69144.2
A,CLV20_MNAC,B-E,B1G,AT,2014,69778.0
A,CLV20_MNAC,B-E,B1G,AT,2015,70072.1
A,CLV20_MNAC,B-E,B1G,AT,2016,73189.2
A,CLV20_MNAC,B-E,B1G,AT,2017,75545.9
A,CLV20_MNAC,B-E,B1G,AT,2018,78288.0
A,CLV20_MNAC,B-E,B1G,AT,2019,79172.9
A,CLV20_MNAC,B-E,B1G,AT,2020,73789.8
A,CLV20_MNAC,B-E,B1G,AT,2021,80840.3
A,CLV20_MNAC,B-E,B1G,AT,2022,87990.1
A,CLV20_MNAC,B-E,B1G,AT,2023,85744.9
A,CLV20_MNAC,B-E,B1G,AT,2024,81474.8
A,CLV20_MNAC,B-E,B1G,AT,2025,81182.7
A,CLV20_MNAC,B-E,B1G,BA,2000,3369.2
A,CLV20_MNAC,B-E,B1G,BA,2001,3562.7
A,CLV20_MNAC,B-E,B1G,BA,2002,3686.1
A,CLV20_MNAC,B-E,B1G,BA,2003,3872.3
A,CLV20_MNAC,B-E,B1G,BA,2004,4191.0
A,CLV20_MNAC,B-E,B1G,BA,2005,4523.0
A,CLV20_MNAC,B-E,B1G,BA,2006,5063.7
A,CLV20_MNAC,B-E,B1G,BA,2007,5423.9
A,CLV20_MNAC,B-E,B1G,BA,2008,5808.3
A,CLV20_MNAC,B-E,B1G,BA,2009,5588.3
A,CLV20_MNAC,B-E,B1G,BA,2010,5904.1
A,CLV20_MNAC,B-E,B1G,BA,2011,5916.4
A,CLV20_MNAC,B-E,B1G,BA,2012,5751.2
A,CLV20_MNAC,B-E,B1G,BA,2013,6060.4
A,CLV20_MNAC,B-E,B1G,BA,2014,6095.3
A,CLV20_MNAC,B-E,B1G,BA,2015,6132.7
A,CLV20_MNAC,B-E,B1G,BA,2016,6467.5
A,CLV20_MNAC,B-E,B1G,BA,2017,6806.3
A,CLV20_MNAC,B-E,B1G,BA,2018,7096.8
A,CLV20_MNAC,B-E,B1G,BA,2019,6950.0
A,CLV20_MNAC,B-E,B1G,BA,2020,6675.8
A,CLV20_MNAC,B-E,B1G,BA,2021,7431.4
A,CLV20_MNAC,B-E,B1G,BA,2022,7562.0
A,CLV20_MNAC,B-E,B1G,BA,2023,7367.5
A,CLV20_MNAC,B-E,B1G,BA,2024,7222.3
A,CLV20_MNAC,B-E,B1G,BA,2025,7019.3
A,CLV20_MNAC,B-E,B1G,BE,1995,52215.4
A,CLV20_MNAC,B-E,B1G,BE,1996,54095.4
A,CLV20_MNAC,B-E,B1G,BE,1997,57508.1
A,CLV20_MNAC,B-E,B1G,BE,1998,58831.6
A,CLV20_MNAC,B-E,B1G,BE,1999,59387.1
A,CLV20_MNAC,B-E,B1G,BE,2000,62898.8
A,CLV20_MNAC,B-E,B1G,BE,2001,63137.0
A,CLV20_MNAC,B-E,B1G,BE,2002,63222.2
A,CLV20_MNAC,B-E,B1G,BE,2003,63236.1
A,CLV20_MNAC,B-E,B1G,BE,2004,65992.5
A,CLV20_MNAC,B-E,B1G,BE,2005,67183.4
A,CLV20_MNAC,B-E,B1G,BE,2006,66090.7
A,CLV20_MNAC,B-E,B1G,BE,2007,69887.9
A,CLV20_MNAC,B-E,B1G,BE,2008,67876.5
A,CLV20_MNAC,B-E,B1G,BE,2009,64455.3
A,CLV20_MNAC,B-E,B1G,BE,2010,67120.4
A,CLV20_MNAC,B-E,B1G,BE,2011,67735.3
A,CLV20_MNAC,B-E,B1G,BE,2012,65821.4
A,CLV20_MNAC,B-E,B1G,BE,2013,66785.0
A,CLV20_MNAC,B-E,B1G,BE,2014,67848.9
A,CLV20_MNAC,B-E,B1G,BE,2015,68301.5
A,CLV20_MNAC,B-E,B1G,BE,2016,67209.4
A,CLV20_MNAC,B-E,B1G,BE,2017,68271.0
A,CLV20_MNAC,B-E,B1G,BE,2018,67895.5
A,CLV20_MNAC,B-E,B1G,BE,2019,70445.1
A,CLV20_MNAC,B-E,B1G,BE,2020,66815.9
A,CLV20_MNAC,B-E,B1G,BE,2021,63461.5
A,CLV20_MNAC,B-E,B1G,BE,2022,69526.0
A,CLV20_MNAC,B-E,B1G,BE,2023,70769.7
A,CLV20_MNAC,B-E,B1G,BE,2024,70448.2
A,CLV20_MNAC,B-E,B1G,BE,2025,70537.8
A,CLV20_MNAC,B-E,B1G,BG,1995,6175.3
A,CLV20_MNAC,B-E,B1G,BG,1996,6125.9
A,CLV20_MNAC,B-E,B1G,BG,1997,6708.7
A,CLV20_MNAC,B-E,B1G,BG,1998,6330.2
A,CLV20_MNAC,B-E,B1G,BG,1999,5954.0
A,CLV20_MNAC,B-E,B1G,BG,2000,6769.8
A,CLV20_MNAC,B-E,B1G,BG,2001,7208.0
A,CLV20_MNAC,B-E,B1G,BG,2002,7567.1
A,CLV20_MNAC,B-E,B1G,BG,2003,8252.8
A,CLV20_MNAC,B-E,B1G,BG,2004,8558.6
A,CLV20_MNAC,B-E,B1G,BG,2005,8838.2
A,CLV20_MNAC,B-E,B1G,BG,2006,9535.8
A,CLV20_MNAC,B-E,B1G,BG,2007,10588.4
A,CLV20_MNAC,B-E,B1G,BG,2008,10826.5
A,CLV20_MNAC,B-E,B1G,BG,2009,10076.3
A,CLV20_MNAC,B-E,B1G,BG,2010,9883.4
A,CLV20_MNAC,B-E,B1G,BG,2011,10312.4
A,CLV20_MNAC,B-E,B1G,BG,2012,10966.6
A,CLV20_MNAC,B-E,B1G,BG,2013,10750.0
A,CLV20_MNAC,B-E,B1G,BG,2014,10868.0
A,CLV20_MNAC,B-E,B1G,BG,2015,11365.3
A,CLV20_MNAC,B-E,B1G,BG,2016,12061.8
A,CLV20_MNAC,B-E,B1G,BG,2017,12120.9
A,CLV20_MNAC,B-E,B1G,BG,2018,11939.3
A,CLV20_MNAC,B-E,B1G,BG,2019,11923.5
A,CLV20_MNAC,B-E,B1G,BG,2020,10940.3
A,CLV20_MNAC,B-E,B1G,BG,2021,11349.3
A,CLV20_MNAC,B-E,B1G,BG,2022,12968.6
A,CLV20_MNAC,B-E,B1G,BG,2023,12277.4
A,CLV20_MNAC,B-E,B1G,BG,2024,11389.6
A,CLV20_MNAC,B-E,B1G,BG,2025,11003.1
A,CLV20_MNAC,B-E,B1G,CH,1995,89469.9
A,CLV20_MNAC,B-E,B1G,CH,1996,89127.7
A,CLV20_MNAC,B-E,B1G,CH,1997,91430.8
A,CLV20_MNAC,B-E,B1G,CH,1998,92875.3
A,CLV20_MNAC,B-E,B1G,CH,1999,94210.0
A,CLV20_MNAC,B-E,B1G,CH,2000,95731.2
A,CLV20_MNAC,B-E,B1G,CH,2001,100786.4
A,CLV20_MNAC,B-E,B1G,CH,2002,101341.9
A,CLV20_MNAC,B-E,B1G,CH,2003,100355.3
A,CLV20_MNAC,B-E,B1G,CH,2004,101310.8
A,CLV20_MNAC,B-E,B1G,CH,2005,106499.6
A,CLV20_MNAC,B-E,B1G,CH,2006,113380.8
A,CLV20_MNAC,B-E,B1G,CH,2007,119006.7
A,CLV20_MNAC,B-E,B1G,CH,2008,122582.2
A,CLV20_MNAC,B-E,B1G,CH,2009,110202.3
A,CLV20_MNAC,B-E,B1G,CH,2010,116681.0
A,CLV20_MNAC,B-E,B1G,CH,2011,126318.0
A,CLV20_MNAC,B-E,B1G,CH,2012,124656.9
A,CLV20_MNAC,B-E,B1G,CH,2013,127460.8
A,CLV20_MNAC,B-E,B1G,CH,2014,128731.9
A,CLV20_MNAC,B-E,B1G,CH,2015,129267.7
A,CLV20_MNAC,B-E,B1G,CH,2016,132924.9
A,CLV20_MNAC,B-E,B1G,CH,2017,139663.8
A,CLV20_MNAC,B-E,B1G,CH,2018,148088.8
A,CLV20_MNAC,B-E,B1G,CH,2019,155399.5
A,CLV20_MNAC,B-E,B1G,CH,2020,149729.5
A,CLV20_MNAC,B-E,B1G,CH,2021,177019.0
A,CLV20_MNAC,B-E,B1G,CH,2022,188801.0
A,CLV20_MNAC,B-E,B1G,CH,2023,185016.5
A,CLV20_MNAC,B-E,B1G,CH,2024,183770.0
A,CLV20_MNAC,B-E,B1G,CH,2025,182213.5
A,CLV20_MNAC,B-E,B1G,CY,1995,1413.2
A,CLV20_MNAC,B-E,B1G,CY,1996,1402.6
A,CLV20_MNAC,B-E,B1G,CY,1997,1420.1
A,CLV20_MNAC,B-E,B1G,CY,1998,1473.2
A,CLV20_MNAC,B-E,B1G,CY,1999,1499.5
A,CLV20_MNAC,B-E,B1G,CY,2000,1481.1
A,CLV20_MNAC,B-E,B1G,CY,2001,1499.0
A,CLV20_MNAC,B-E,B1G,CY,2002,1558.0
A,CLV20_MNAC,B-E,B1G,CY,2003,1611.9
A,CLV20_MNAC,B-E,B1G,CY,2004,1628.0
A,CLV20_MNAC,B-E,B1G,CY,2005,1613.7
A,CLV20_MNAC,B-E,B1G,CY,2006,1596.8
A,CLV20_MNAC,B-E,B1G,CY,2007,1648.7
A,CLV20_MNAC,B-E,B1G,CY,2008,1674.6
A,CLV20_MNAC,B-E,B1G,CY,2009,1601.2
A,CLV20_MNAC,B-E,B1G,CY,2010,1568.1
A,CLV20_MNAC,B-E,B1G,CY,2011,1403.0
A,CLV20_MNAC,B-E,B1G,CY,2012,1286.7
A,CLV20_MNAC,B-E,B1G,CY,2013,1144.9
A,CLV20_MNAC,B-E,B1G,CY,2014,1140.9
A,CLV20_MNAC,B-E,B1G,CY,2015,1226.0
A,CLV20_MNAC,B-E,B1G,CY,2016,1373.3
A,CLV20_MNAC,B-E,B1G,CY,2017,1414.6
A,CLV20_MNAC,B-E,B1G,CY,2018,1555.7
A,CLV20_MNAC,B-E,B1G,CY,2019,1677.3
A,CLV20_MNAC,B-E,B1G,CY,2020,1640.0
A,CLV20_MNAC,B-E,B1G,CY,2021,1625.4
A,CLV20_MNAC,B-E,B1G,CY,2022,1491.2
A,CLV20_MNAC,B-E,B1G,CY,2023,1678.2
A,CLV20_MNAC,B-E,B1G,CY,2024,1746.1
A,CLV20_MNAC,B-E,B1G,CY,2025,1795.5
A,CLV20_MNAC,B-E,B1G,CZ,1995,615042.0
A,CLV20_MNAC,B-E,B1G,CZ,1996,668835.0
A,CLV20_MNAC,B-E,B1G,CZ,1997,663681.0
A,CLV20_MNAC,B-E,B1G,CZ,1998,659732.0
A,CLV20_MNAC,B-E,B1G,CZ,1999,689390.0
A,CLV20_MNAC,B-E,B1G,CZ,2000,745082.0
A,CLV20_MNAC,B-E,B1G,CZ,2001,773903.0
A,CLV20_MNAC,B-E,B1G,CZ,2002,801253.0
A,CLV20_MNAC,B-E,B1G,CZ,2003,804836.0
A,CLV20_MNAC,B-E,B1G,CZ,2004,875205.0
A,CLV20_MNAC,B-E,B1G,CZ,2005,977769.0
A,CLV20_MNAC,B-E,B1G,CZ,2006,1153319.0
A,CLV20_MNAC,B-E,B1G,CZ,2007,1219759.0
A,CLV20_MNAC,B-E,B1G,CZ,2008,1321144.0
A,CLV20_MNAC,B-E,B1G,CZ,2009,1165870.0
A,CLV20_MNAC,B-E,B1G,CZ,2010,1250280.0
A,CLV20_MNAC,B-E,B1G,CZ,2011,1339181.0
A,CLV20_MNAC,B-E,B1G,CZ,2012,1292171.0
A,CLV20_MNAC,B-E,B1G,CZ,2013,1256712.0
A,CLV20_MNAC,B-E,B1G,CZ,2014,1293545.0
A,CLV20_MNAC,B-E,B1G,CZ,2015,1368843.0
A,CLV20_MNAC,B-E,B1G,CZ,2016,1410464.0
A,CLV20_MNAC,B-E,B1G,CZ,2017,1513563.0
A,CLV20_MNAC,B-E,B1G,CZ,2018,1536404.0
A,CLV20_MNAC,B-E,B1G,CZ,2019,1588505.0
A,CLV20_MNAC,B-E,B1G,CZ,2020,1437117.0
A,CLV20_MNAC,B-E,B1G,CZ,2021,1471328.0
A,CLV20_MNAC,B-E,B1G,CZ,2022,1540454.0
A,CLV20_MNAC,B-E,B1G,CZ,2023,1544664.0
A,CLV20_MNAC,B-E,B1G,CZ,2024,1519350.0
A,CLV20_MNAC,B-E,B1G,CZ,2025,1544055.0
A,CLV20_MNAC,B-E,B1G,DE,1991,574943.4
A,CLV20_MNAC,B-E,B1G,DE,1992,559745.4
A,CLV20_MNAC,B-E,B1G,DE,1993,519241.3
A,CLV20_MNAC,B-E,B1G,DE,1994,530281.3
A,CLV20_MNAC,B-E,B1G,DE,1995,530137.9
A,CLV20_MNAC,B-E,B1G,DE,1996,518309.3
A,CLV20_MNAC,B-E,B1G,DE,1997,534367.6
A,CLV20_MNAC,B-E,B1G,DE,1998,540174.4
A,CLV20_MNAC,B-E,B1G,DE,1999,544475.7
A,CLV20_MNAC,B-E,B1G,DE,2000,575732.0
A,CLV20_MNAC,B-E,B1G,DE,2001,579603.1
A,CLV20_MNAC,B-E,B1G,DE,2002,566555.8
A,CLV20_MNAC,B-E,B1G,DE,2003,570140.2
A,CLV20_MNAC,B-E,B1G,DE,2004,593869.2
A,CLV20_MNAC,B-E,B1G,DE,2005,600966.4
A,CLV20_MNAC,B-E,B1G,DE,2006,638387.9
A,CLV20_MNAC,B-E,B1G,DE,2007,667636.9
A,CLV20_MNAC,B-E,B1G,DE,2008,658747.5
A,CLV20_MNAC,B-E,B1G,DE,2009,550712.6
A,CLV20_MNAC,B-E,B1G,DE,2010,647277.3
A,CLV20_MNAC,B-E,B1G,DE,2011,681974.6
A,CLV20_MNAC,B-E,B1G,DE,2012,684483.7
A,CLV20_MNAC,B-E,B1G,DE,2013,676311.2
A,CLV20_MNAC,B-E,B1G,DE,2014,707997.6
A,CLV20_MNAC,B-E,B1G,DE,2015,717603.9
A,CLV20_MNAC,B-E,B1G,DE,2016,745992.6
A,CLV20_MNAC,B-E,B1G,DE,2017,772517.4
A,CLV20_MNAC,B-E,B1G,DE,2018,780761.6
A,CLV20_MNAC,B-E,B1G,DE,2019,774094.6
A,CLV20_MNAC,B-E,B1G,DE,2020,716887.0
A,CLV20_MNAC,B-E,B1G,DE,2021,762839.5
A,CLV20_MNAC,B-E,B1G,DE,2022,756530.9
A,CLV20_MNAC,B-E,B1G,DE,2023,741117.8
A,CLV20_MNAC,B-E,B1G,DE,2024,736673.1
A,CLV20_MNAC,B-E,B1G,DE,2025,728357.2
A,CLV20_MNAC,B-E,B1G,DK,1995,323106.3
A,CLV20_MNAC,B-E,B1G,DK,1996,319343.2
A,CLV20_MNAC,B-E,B1G,DK,1997,343054.9
A,CLV20_MNAC,B-E,B1G,DK,1998,345144.8
A,CLV20_MNAC,B-E,B1G,DK,1999,352093.8
A,CLV20_MNAC,B-E,B1G,DK,2000,367106.6
A,CLV20_MNAC,B-E,B1G,DK,2001,369080.4
A,CLV20_MNAC,B-E,B1G,DK,2002,360534.7
A,CLV20_MNAC,B-E,B1G,DK,2003,352403.9
A,CLV20_MNAC,B-E,B1G,DK,2004,363465.8
A,CLV20_MNAC,B-E,B1G,DK,2005,355626.7
A,CLV20_MNAC,B-E,B1G,DK,2006,364818.4
A,CLV20_MNAC,B-E,B1G,DK,2007,357323.5
A,CLV20_MNAC,B-E,B1G,DK,2008,352757.8
A,CLV20_MNAC,B-E,B1G,DK,2009,311387.9
A,CLV20_MNAC,B-E,B1G,DK,2010,316868.9
A,CLV20_MNAC,B-E,B1G,DK,2011,324511.4
A,CLV20_MNAC,B-E,B1G,DK,2012,325380.3
A,CLV20_MNAC,B-E,B1G,DK,2013,324735.7
A,CLV20_MNAC,B-E,B1G,DK,2014,321285.1
A,CLV20_MNAC,B-E,B1G,DK,2015,314579.8
A,CLV20_MNAC,B-E,B1G,DK,2016,327510.3
A,CLV20_MNAC,B-E,B1G,DK,2017,352781.3
A,CLV20_MNAC,B-E,B1G,DK,2018,360918.4
A,CLV20_MNAC,B-E,B1G,DK,2019,376311.6
A,CLV20_MNAC,B-E,B1G,DK,2020,345688.4
A,CLV20_MNAC,B-E,B1G,DK,2021,394715.0
A,CLV20_MNAC,B-E,B1G,DK,2022,443755.6
A,CLV20_MNAC,B-E,B1G,DK,2023,469985.8
A,CLV20_MNAC,B-E,B1G,DK,2024,550390.0
A,CLV20_MNAC,B-E,B1G,DK,2025,589870.2
A,CLV20_MNAC,B-E,B1G,EA,1995,1438946.2
A,CLV20_MNAC,B-E,B1G,EA,1996,1444253.4
A,CLV20_MNAC,B-E,B1G,EA,1997,1490989.2
A,CLV20_MNAC,B-E,B1G,EA,1998,1534037.4
A,CLV20_MNAC,B-E,B1G,EA,1999,1567960.2
A,CLV20_MNAC,B-E,B1G,EA,2000,1649013.5
A,CLV20_MNAC,B-E,B1G,EA,2001,1696885.7
A,CLV20_MNAC,B-E,B1G,EA,2002,1693011.0
A,CLV20_MNAC,B-E,B1G,EA,2003,1700505.2
A,CLV20_MNAC,B-E,B1G,EA,2004,1750525.8
A,CLV20_MNAC,B-E,B1G,EA,2005,1771449.1
A,CLV20_MNAC,B-E,B1G,EA,2006,1838660.4
A,CLV20_MNAC,B-E,B1G,EA,2007,1911736.0
A,CLV20_MNAC,B-E,B1G,EA,2008,1874493.7
A,CLV20_MNAC,B-E,B1G,EA,2009,1645594.3
A,CLV20_MNAC,B-E,B1G,EA,2010,1793142.7
A,CLV20_MNAC,B-E,B1G,EA,2011,1849385.2
A,CLV20_MNAC,B-E,B1G,EA,2012,1825046.2
A,CLV20_MNAC,B-E,B1G,EA,2013,1807875.3
A,CLV20_MNAC,B-E,B1G,EA,2014,1854078.7
A,CLV20_MNAC,B-E,B1G,EA,2015,1918879.6
A,CLV20_MNAC,B-E,B1G,EA,2016,1964821.8
A,CLV20_MNAC,B-E,B1G,EA,2017,2030769.8
A,CLV20_MNAC,B-E,B1G,EA,2018,2069497.5
A,CLV20_MNAC,B-E,B1G,EA,2019,2082164.3
A,CLV20_MNAC,B-E,B1G,EA,2020,1952964.3
A,CLV20_MNAC,B-E,B1G,EA,2021,2115751.5
A,CLV20_MNAC,B-E,B1G,EA,2022,2127715.7
A,CLV20_MNAC,B-E,B1G,EA,2023,2101963.7
A,CLV20_MNAC,B-E,B1G,EA,2024,2130960.8
A,CLV20_MNAC,B-E,B1G,EA,2025,2150633.3
A,CLV20_MNAC,B-E,B1G,EA12,1995,1460767.8
A,CLV20_MNAC,B-E,B1G,EA12,1996,1465841.7
A,CLV20_MNAC,B-E,B1G,EA12,1997,1513038.3
A,CLV20_MNAC,B-E,B1G,EA12,1998,1556994.3
A,CLV20_MNAC,B-E,B1G,EA12,1999,1592597.7
A,CLV20_MNAC,B-E,B1G,EA12,2000,1674399.3
A,CLV20_MNAC,B-E,B1G,EA12,2001,1696885.7
A,CLV20_MNAC,B-E,B1G,EA12,2002,1693011.0
A,CLV20_MNAC,B-E,B1G,EA12,2003,1700505.2
A,CLV20_MNAC,B-E,B1G,EA12,2004,1750525.8
A,CLV20_MNAC,B-E,B1G,EA12,2005,1771449.1
A,CLV20_MNAC,B-E,B1G,EA12,2006,1838660.4
A,CLV20_MNAC,B-E,B1G,EA12,2007,1902398.1
A,CLV20_MNAC,B-E,B1G,EA12,2008,1862150.3
A,CLV20_MNAC,B-E,B1G,EA12,2009,1622921.0
A,CLV20_MNAC,B-E,B1G,EA12,2010,1767453.0
A,CLV20_MNAC,B-E,B1G,EA12,2011,1819111.9
A,CLV20_MNAC,B-E,B1G,EA12,2012,1795185.4
A,CLV20_MNAC,B-E,B1G,EA12,2013,1778215.4
A,CLV20_MNAC,B-E,B1G,EA12,2014,1817359.0
A,CLV20_MNAC,B-E,B1G,EA12,2015,1872228.1
A,CLV20_MNAC,B-E,B1G,EA12,2016,1917162.5
A,CLV20_MNAC,B-E,B1G,EA12,2017,1981586.0
A,CLV20_MNAC,B-E,B1G,EA12,2018,2017575.8
A,CLV20_MNAC,B-E,B1G,EA12,2019,2027415.0
A,CLV20_MNAC,B-E,B1G,EA12,2020,1900944.0
A,CLV20_MNAC,B-E,B1G,EA12,2021,2062157.0
A,CLV20_MNAC,B-E,B1G,EA12,2022,2075037.2
A,CLV20_MNAC,B-E,B1G,EA12,2023,2041022.0
A,CLV20_MNAC,B-E,B1G,EA12,2024,2068772.2
A,CLV20_MNAC,B-E,B1G,EA12,2025,2087443.5
A,CLV20_MNAC,B-E,B1G,EA19,1995,1480819.9
A,CLV20_MNAC,B-E,B1G,EA19,1996,1486692.6
A,CLV20_MNAC,B-E,B1G,EA19,1997,1534953.4
A,CLV20_MNAC,B-E,B1G,EA19,1998,1580224.8
A,CLV20_MNAC,B-E,B1G,EA19,1999,1616216.2
A,CLV20_MNAC,B-E,B1G,EA19,2000,1699557.5
A,CLV20_MNAC,B-E,B1G,EA19,2001,1723432.5
A,CLV20_MNAC,B-E,B1G,EA19,2002,1720896.5
A,CLV20_MNAC,B-E,B1G,EA19,2003,1731015.3
A,CLV20_MNAC,B-E,B1G,EA19,2004,1783753.6
A,CLV20_MNAC,B-E,B1G,EA19,2005,1806262.4
A,CLV20_MNAC,B-E,B1G,EA19,2006,1876923.5
A,CLV20_MNAC,B-E,B1G,EA19,2007,1943516.4
A,CLV20_MNAC,B-E,B1G,EA19,2008,1903276.4
A,CLV20_MNAC,B-E,B1G,EA19,2009,1657429.9
A,CLV20_MNAC,B-E,B1G,EA19,2010,1806033.4
A,CLV20_MNAC,B-E,B1G,EA19,2011,1859528.7
A,CLV20_MNAC,B-E,B1G,EA19,2012,1835693.3
A,CLV20_MNAC,B-E,B1G,EA19,2013,1818759.9
A,CLV20_MNAC,B-E,B1G,EA19,2014,1861549.1
A,CLV20_MNAC,B-E,B1G,EA19,2015,1918879.6
A,CLV20_MNAC,B-E,B1G,EA19,2016,1964821.8
A,CLV20_MNAC,B-E,B1G,EA19,2017,2030769.8
A,CLV20_MNAC,B-E,B1G,EA19,2018,2069497.5
A,CLV20_MNAC,B-E,B1G,EA19,2019,2082164.3
A,CLV20_MNAC,B-E,B1G,EA19,2020,1952964.3
A,CLV20_MNAC,B-E,B1G,EA19,2021,2115751.5
A,CLV20_MNAC,B-E,B1G,EA19,2022,2127715.7
A,CLV20_MNAC,B-E,B1G,EA19,2023,2093146.2
A,CLV20_MNAC,B-E,B1G,EA19,2024,2122452.9
A,CLV20_MNAC,B-E,B1G,EA19,2025,2141872.4
A,CLV20_MNAC,B-E,B1G,EA20,1995,1486733.8
A,CLV20_MNAC,B-E,B1G,EA20,1996,1492688.0
A,CLV20_MNAC,B-E,B1G,EA20,1997,1541427.9
A,CLV20_MNAC,B-E,B1G,EA20,1998,1586894.4
A,CLV20_MNAC,B-E,B1G,EA20,1999,1623216.0
A,CLV20_MNAC,B-E,B1G,EA20,2000,1706988.3
A,CLV20_MNAC,B-E,B1G,EA20,2001,1730897.8
A,CLV20_MNAC,B-E,B1G,EA20,2002,1728582.1
A,CLV20_MNAC,B-E,B1G,EA20,2003,1738919.3
A,CLV20_MNAC,B-E,B1G,EA20,2004,1791978.9
A,CLV20_MNAC,B-E,B1G,EA20,2005,1814668.4
A,CLV20_MNAC,B-E,B1G,EA20,2006,1885683.5
A,CLV20_MNAC,B-E,B1G,EA20,2007,1952640.2
A,CLV20_MNAC,B-E,B1G,EA20,2008,1912400.9
A,CLV20_MNAC,B-E,B1G,EA20,2009,1665611.9
A,CLV20_MNAC,B-E,B1G,EA20,2010,1813935.2
A,CLV20_MNAC,B-E,B1G,EA20,2011,1867358.9
A,CLV20_MNAC,B-E,B1G,EA20,2012,1843039.6
A,CLV20_MNAC,B-E,B1G,EA20,2013,1826032.6
A,CLV20_MNAC,B-E,B1G,EA20,2014,1868967.8
A,CLV20_MNAC,B-E,B1G,EA20,2015,1926407.1
A,CLV20_MNAC,B-E,B1G,EA20,2016,1972727.7
A,CLV20_MNAC,B-E,B1G,EA20,2017,2038764.5
A,CLV20_MNAC,B-E,B1G,EA20,2018,2077401.6
A,CLV20_MNAC,B-E,B1G,EA20,2019,2090373.8
A,CLV20_MNAC,B-E,B1G,EA20,2020,1960596.0
A,CLV20_MNAC,B-E,B1G,EA20,2021,2124205.2
A,CLV20_MNAC,B-E,B1G,EA20,2022,2136619.1
A,CLV20_MNAC,B-E,B1G,EA20,2023,2101963.7
A,CLV20_MNAC,B-E,B1G,EA20,2024,2130960.8
A,CLV20_MNAC,B-E,B1G,EA20,2025,2150633.3
A,CLV20_MNAC,B-E,B1G,EA21,1995,1493862.5
A,CLV20_MNAC,B-E,B1G,EA21,1996,1499813.3
A,CLV20_MNAC,B-E,B1G,EA21,1997,1548885.6
A,CLV20_MNAC,B-E,B1G,EA21,1998,1594366.7
A,CLV20_MNAC,B-E,B1G,EA21,1999,1630624.5
A,CLV20_MNAC,B-E,B1G,EA21,2000,1715011.5
A,CLV20_MNAC,B-E,B1G,EA21,2001,1739196.2
A,CLV20_MNAC,B-E,B1G,EA21,2002,1737058.1
A,CLV20_MNAC,B-E,B1G,EA21,2003,1747790.2
A,CLV20_MNAC,B-E,B1G,EA21,2004,1801149.8
A,CLV20_MNAC,B-E,B1G,EA21,2005,1824049.7
A,CLV20_MNAC,B-E,B1G,EA21,2006,1895645.6
A,CLV20_MNAC,B-E,B1G,EA21,2007,1963419.2
A,CLV20_MNAC,B-E,B1G,EA21,2008,1923269.5
A,CLV20_MNAC,B-E,B1G,EA21,2009,1675511.0
A,CLV20_MNAC,B-E,B1G,EA21,2010,1823908.3
A,CLV20_MNAC,B-E,B1G,EA21,2011,1877729.6
A,CLV20_MNAC,B-E,B1G,EA21,2012,1853955.9
A,CLV20_MNAC,B-E,B1G,EA21,2013,1836750.5
A,CLV20_MNAC,B-E,B1G,EA21,2014,1879828.2
A,CLV20_MNAC,B-E,B1G,EA21,2015,1937738.1
A,CLV20_MNAC,B-E,B1G,EA21,2016,1984690.0
A,CLV20_MNAC,B-E,B1G,EA21,2017,2050824.0
A,CLV20_MNAC,B-E,B1G,EA21,2018,2089311.8
A,CLV20_MNAC,B-E,B1G,EA21,2019,2102277.4
A,CLV20_MNAC,B-E,B1G,EA21,2020,1971536.6
A,CLV20_MNAC,B-E,B1G,EA21,2021,2135554.5
A,CLV20_MNAC,B-E,B1G,EA21,2022,2149698.1
A,CLV20_MNAC,B-E,B1G,EA21,2023,2114209.7
A,CLV20_MNAC,B-E,B1G,EA21,2024,2142148.0
A,CLV20_MNAC,B-E,B1G,EA21,2025,2161301.5
A,CLV20_MNAC,B-E,B1G,EE,1995,1681.2
A,CLV20_MNAC,B-E,B1G,EE,1996,1686.5
A,CLV20_MNAC,B-E,B1G,EE,1997,1917.9
A,CLV20_MNAC,B-E,B1G,EE,1998,1946.8
A,CLV20_MNAC,B-E,B1G,EE,1999,1902.4
A,CLV20_MNAC,B-E,B1G,EE,2000,2256.2
A,CLV20_MNAC,B-E,B1G,EE,2001,2505.5
A,CLV20_MNAC,B-E,B1G,EE,2002,2673.7
A,CLV20_MNAC,B-E,B1G,EE,2003,2901.6
A,CLV20_MNAC,B-E,B1G,EE,2004,2984.1
A,CLV20_MNAC,B-E,B1G,EE,2005,3226.7
A,CLV20_MNAC,B-E,B1G,EE,2006,3543.0
A,CLV20_MNAC,B-E,B1G,EE,2007,3741.2
A,CLV20_MNAC,B-E,B1G,EE,2008,3535.0
A,CLV20_MNAC,B-E,B1G,EE,2009,2846.7
A,CLV20_MNAC,B-E,B1G,EE,2010,3291.0
A,CLV20_MNAC,B-E,B1G,EE,2011,3682.8
A,CLV20_MNAC,B-E,B1G,EE,2012,3688.7
A,CLV20_MNAC,B-E,B1G,EE,2013,3850.9
A,CLV20_MNAC,B-E,B1G,EE,2014,4073.1
A,CLV20_MNAC,B-E,B1G,EE,2015,4069.6
A,CLV20_MNAC,B-E,B1G,EE,2016,4246.1
A,CLV20_MNAC,B-E,B1G,EE,2017,4468.1
A,CLV20_MNAC,B-E,B1G,EE,2018,4637.2
A,CLV20_MNAC,B-E,B1G,EE,2019,4723.5
A,CLV20_MNAC,B-E,B1G,EE,2020,4390.3
A,CLV20_MNAC,B-E,B1G,EE,2021,4798.2
A,CLV20_MNAC,B-E,B1G,EE,2022,4423.4
A,CLV20_MNAC,B-E,B1G,EE,2023,3929.8
A,CLV20_MNAC,B-E,B1G,EE,2024,3867.1
A,CLV20_MNAC,B-E,B1G,EE,2025,4092.2
A,CLV20_MNAC,B-E,B1G,EL,1995,21283.8
A,CLV20_MNAC,B-E,B1G,EL,1996,21006.8
A,CLV20_MNAC,B-E,B1G,EL,1997,21426.0
A,CLV20_MNAC,B-E,B1G,EL,1998,22338.6
A,CLV20_MNAC,B-E,B1G,EL,1999,24178.6
A,CLV20_MNAC,B-E,B1G,EL,2000,24839.3
A,CLV20_MNAC,B-E,B1G,EL,2001,26337.6
A,CLV20_MNAC,B-E,B1G,EL,2002,28091.1
A,CLV20_MNAC,B-E,B1G,EL,2003,30119.5
A,CLV20_MNAC,B-E,B1G,EL,2004,30144.7
A,CLV20_MNAC,B-E,B1G,EL,2005,31402.3
A,CLV20_MNAC,B-E,B1G,EL,2006,30991.2
A,CLV20_MNAC,B-E,B1G,EL,2007,31331.6
A,CLV20_MNAC,B-E,B1G,EL,2008,28791.3
A,CLV20_MNAC,B-E,B1G,EL,2009,28979.0
A,CLV20_MNAC,B-E,B1G,EL,2010,26835.1
A,CLV20_MNAC,B-E,B1G,EL,2011,24564.3
A,CLV20_MNAC,B-E,B1G,EL,2012,23897.8
A,CLV20_MNAC,B-E,B1G,EL,2013,21955.4
A,CLV20_MNAC,B-E,B1G,EL,2014,21389.1
A,CLV20_MNAC,B-E,B1G,EL,2015,20430.7
A,CLV20_MNAC,B-E,B1G,EL,2016,20653.5
A,CLV20_MNAC,B-E,B1G,EL,2017,21217.5
A,CLV20_MNAC,B-E,B1G,EL,2018,22179.4
A,CLV20_MNAC,B-E,B1G,EL,2019,22390.2
A,CLV20_MNAC,B-E,B1G,EL,2020,21576.3
A,CLV20_MNAC,B-E,B1G,EL,2021,23958.2
A,CLV20_MNAC,B-E,B1G,EL,2022,24135.0
A,CLV20_MNAC,B-E,B1G,EL,2023,24684.0
A,CLV20_MNAC,B-E,B1G,EL,2024,27311.8
A,CLV20_MNAC,B-E,B1G,EL,2025,28021.9
A,CLV20_MNAC,B-E,B1G,ES,1995,137964.0
A,CLV20_MNAC,B-E,B1G,ES,1996,141945.0
A,CLV20_MNAC,B-E,B1G,ES,1997,149404.0
A,CLV20_MNAC,B-E,B1G,ES,1998,156309.0
A,CLV20_MNAC,B-E,B1G,ES,1999,163944.0
A,CLV20_MNAC,B-E,B1G,ES,2000,172163.0
A,CLV20_MNAC,B-E,B1G,ES,2001,177851.0
A,CLV20_MNAC,B-E,B1G,ES,2002,178509.0
A,CLV20_MNAC,B-E,B1G,ES,2003,181851.0
A,CLV20_MNAC,B-E,B1G,ES,2004,183152.0
A,CLV20_MNAC,B-E,B1G,ES,2005,185443.0
A,CLV20_MNAC,B-E,B1G,ES,2006,189018.0
A,CLV20_MNAC,B-E,B1G,ES,2007,190912.0
A,CLV20_MNAC,B-E,B1G,ES,2008,188460.0
A,CLV20_MNAC,B-E,B1G,ES,2009,168631.0
A,CLV20_MNAC,B-E,B1G,ES,2010,174385.0
A,CLV20_MNAC,B-E,B1G,ES,2011,173696.0
A,CLV20_MNAC,B-E,B1G,ES,2012,164637.0
A,CLV20_MNAC,B-E,B1G,ES,2013,157621.0
A,CLV20_MNAC,B-E,B1G,ES,2014,159861.0
A,CLV20_MNAC,B-E,B1G,ES,2015,165308.0
A,CLV20_MNAC,B-E,B1G,ES,2016,171184.0
A,CLV20_MNAC,B-E,B1G,ES,2017,179048.0
A,CLV20_MNAC,B-E,B1G,ES,2018,179217.0
A,CLV20_MNAC,B-E,B1G,ES,2019,182544.0
A,CLV20_MNAC,B-E,B1G,ES,2020,163491.0
A,CLV20_MNAC,B-E,B1G,ES,2021,172988.0
A,CLV20_MNAC,B-E,B1G,ES,2022,179101.0
A,CLV20_MNAC,B-E,B1G,ES,2023,175931.0
A,CLV20_MNAC,B-E,B1G,ES,2024,179258.0
A,CLV20_MNAC,B-E,B1G,ES,2025,183404.0
A,CLV20_MNAC,B-E,B1G,EU27_2020,1995,1688063.4
A,CLV20_MNAC,B-E,B1G,EU27_2020,1996,1697355.2
A,CLV20_MNAC,B-E,B1G,EU27_2020,1997,1754022.1
A,CLV20_MNAC,B-E,B1G,EU27_2020,1998,1804697.4
A,CLV20_MNAC,B-E,B1G,EU27_2020,1999,1849539.3
A,CLV20_MNAC,B-E,B1G,EU27_2020,2000,1945572.1
A,CLV20_MNAC,B-E,B1G,EU27_2020,2001,1971780.8
A,CLV20_MNAC,B-E,B1G,EU27_2020,2002,1975242.5
A,CLV20_MNAC,B-E,B1G,EU27_2020,2003,1992648.0
A,CLV20_MNAC,B-E,B1G,EU27_2020,2004,2063076.1
A,CLV20_MNAC,B-E,B1G,EU27_2020,2005,2094942.4
A,CLV20_MNAC,B-E,B1G,EU27_2020,2006,2186743.7
A,CLV20_MNAC,B-E,B1G,EU27_2020,2007,2268898.5
A,CLV20_MNAC,B-E,B1G,EU27_2020,2008,2237150.8
A,CLV20_MNAC,B-E,B1G,EU27_2020,2009,1962524.2
A,CLV20_MNAC,B-E,B1G,EU27_2020,2010,2136668.0
A,CLV20_MNAC,B-E,B1G,EU27_2020,2011,2208212.6
A,CLV20_MNAC,B-E,B1G,EU27_2020,2012,2174519.2
A,CLV20_MNAC,B-E,B1G,EU27_2020,2013,2147825.7
A,CLV20_MNAC,B-E,B1G,EU27_2020,2014,2201482.6
A,CLV20_MNAC,B-E,B1G,EU27_2020,2015,2273925.9
A,CLV20_MNAC,B-E,B1G,EU27_2020,2016,2329746.9
A,CLV20_MNAC,B-E,B1G,EU27_2020,2017,2410994.2
A,CLV20_MNAC,B-E,B1G,EU27_2020,2018,2461422.0
A,CLV20_MNAC,B-E,B1G,EU27_2020,2019,2484903.6
A,CLV20_MNAC,B-E,B1G,EU27_2020,2020,2333797.8
A,CLV20_MNAC,B-E,B1G,EU27_2020,2021,2515488.5
A,CLV20_MNAC,B-E,B1G,EU27_2020,2022,2545152.0
A,CLV20_MNAC,B-E,B1G,EU27_2020,2023,2504430.1
A,CLV20_MNAC,B-E,B1G,EU27_2020,2024,2539803.9
A,CLV20_MNAC,B-E,B1G,EU27_2020,2025,2567609.1
A,CLV20_MNAC,B-E,B1G,FI,1980,14809.9
A,CLV20_MNAC,B-E,B1G,FI,1981,15300.6
A,CLV20_MNAC,B-E,B1G,FI,1982,15326.1
A,CLV20_MNAC,B-E,B1G,FI,1983,15820.9
A,CLV20_MNAC,B-E,B1G,FI,1984,16542.1
A,CLV20_MNAC,B-E,B1G,FI,1985,17355.1
A,CLV20_MNAC,B-E,B1G,FI,1986,17794.8
A,CLV20_MNAC,B-E,B1G,FI,1987,18920.0
A,CLV20_MNAC,B-E,B1G,FI,1988,19724.8
A,CLV20_MNAC,B-E,B1G,FI,1989,20530.7
A,CLV20_MNAC,B-E,B1G,FI,1990,20528.7
A,CLV20_MNAC,B-E,B1G,FI,1991,18351.8
A,CLV20_MNAC,B-E,B1G,FI,1992,18529.3
A,CLV20_MNAC,B-E,B1G,FI,1993,19467.8
A,CLV20_MNAC,B-E,B1G,FI,1994,21795.7
A,CLV20_MNAC,B-E,B1G,FI,1995,23091.2
A,CLV20_MNAC,B-E,B1G,FI,1996,24023.6
A,CLV20_MNAC,B-E,B1G,FI,1997,26246.4
A,CLV20_MNAC,B-E,B1G,FI,1998,28674.2
A,CLV20_MNAC,B-E,B1G,FI,1999,31187.8
A,CLV20_MNAC,B-E,B1G,FI,2000,35164.2
A,CLV20_MNAC,B-E,B1G,FI,2001,36561.7
A,CLV20_MNAC,B-E,B1G,FI,2002,37731.8
A,CLV20_MNAC,B-E,B1G,FI,2003,38742.7
A,CLV20_MNAC,B-E,B1G,FI,2004,40557.5
A,CLV20_MNAC,B-E,B1G,FI,2005,41951.0
A,CLV20_MNAC,B-E,B1G,FI,2006,46267.0
A,CLV20_MNAC,B-E,B1G,FI,2007,50687.2
A,CLV20_MNAC,B-E,B1G,FI,2008,49380.4
A,CLV20_MNAC,B-E,B1G,FI,2009,39276.2
A,CLV20_MNAC,B-E,B1G,FI,2010,42138.7
A,CLV20_MNAC,B-E,B1G,FI,2011,41931.6
A,CLV20_MNAC,B-E,B1G,FI,2012,38400.0
A,CLV20_MNAC,B-E,B1G,FI,2013,38381.6
A,CLV20_MNAC,B-E,B1G,FI,2014,38262.3
A,CLV20_MNAC,B-E,B1G,FI,2015,38265.3
A,CLV20_MNAC,B-E,B1G,FI,2016,39600.6
A,CLV20_MNAC,B-E,B1G,FI,2017,42562.0
A,CLV20_MNAC,B-E,B1G,FI,2018,41197.1
A,CLV20_MNAC,B-E,B1G,FI,2019,42656.9
A,CLV20_MNAC,B-E,B1G,FI,2020,41902.0
A,CLV20_MNAC,B-E,B1G,FI,2021,41531.7
A,CLV20_MNAC,B-E,B1G,FI,2022,39279.3
A,CLV20_MNAC,B-E,B1G,FI,2023,39192.6
A,CLV20_MNAC,B-E,B1G,FI,2024,41114.5
A,CLV20_MNAC,B-E,B1G,FI,2025,41012.5
A,CLV20_MNAC,B-E,B1G,FR,1975,142609.1
A,CLV20_MNAC,B-E,B1G,FR,1976,150859.3
A,CLV20_MNAC,B-E,B1G,FR,1977,157655.0
A,CLV20_MNAC,B-E,B1G,FR,1978,160496.2
A,CLV20_MNAC,B-E,B1G,FR,1979,164797.5
A,CLV20_MNAC,B-E,B1G,FR,1980,165426.7
A,CLV20_MNAC,B-E,B1G,FR,1981,164510.3
A,CLV20_MNAC,B-E,B1G,FR,1982,164847.6
A,CLV20_MNAC,B-E,B1G,FR,1983,168090.6
A,CLV20_MNAC,B-E,B1G,FR,1984,168962.8
A,CLV20_MNAC,B-E,B1G,FR,1985,170980.4
A,CLV20_MNAC,B-E,B1G,FR,1986,170942.5
A,CLV20_MNAC,B-E,B1G,FR,1987,172343.6
A,CLV20_MNAC,B-E,B1G,FR,1988,180252.0
A,CLV20_MNAC,B-E,B1G,FR,1989,188524.3
A,CLV20_MNAC,B-E,B1G,FR,1990,195739.1
A,CLV20_MNAC,B-E,B1G,FR,1991,198579.0
A,CLV20_MNAC,B-E,B1G,FR,1992,200260.7
A,CLV20_MNAC,B-E,B1G,FR,1993,196242.9
A,CLV20_MNAC,B-E,B1G,FR,1994,201138.5
A,CLV20_MNAC,B-E,B1G,FR,1995,209988.4
A,CLV20_MNAC,B-E,B1G,FR,1996,213652.7
A,CLV20_MNAC,B-E,B1G,FR,1997,221314.1
A,CLV20_MNAC,B-E,B1G,FR,1998,233782.3
A,CLV20_MNAC,B-E,B1G,FR,1999,242816.6
A,CLV20_MNAC,B-E,B1G,FR,2000,254729.5
A,CLV20_MNAC,B-E,B1G,FR,2001,259033.5
A,CLV20_MNAC,B-E,B1G,FR,2002,260872.4
A,CLV20_MNAC,B-E,B1G,FR,2003,265653.6
A,CLV20_MNAC,B-E,B1G,FR,2004,272553.9
A,CLV20_MNAC,B-E,B1G,FR,2005,275119.0
A,CLV20_MNAC,B-E,B1G,FR,2006,279779.5
A,CLV20_MNAC,B-E,B1G,FR,2007,285175.2
A,CLV20_MNAC,B-E,B1G,FR,2008,275189.5
A,CLV20_MNAC,B-E,B1G,FR,2009,256087.6
A,CLV20_MNAC,B-E,B1G,FR,2010,260573.7
A,CLV20_MNAC,B-E,B1G,FR,2011,268488.4
A,CLV20_MNAC,B-E,B1G,FR,2012,268672.7
A,CLV20_MNAC,B-E,B1G,FR,2013,271282.8
A,CLV20_MNAC,B-E,B1G,FR,2014,273196.8
A,CLV20_MNAC,B-E,B1G,FR,2015,273215.8
A,CLV20_MNAC,B-E,B1G,FR,2016,272502.7
A,CLV20_MNAC,B-E,B1G,FR,2017,275099.7
A,CLV20_MNAC,B-E,B1G,FR,2018,281662.9
A,CLV20_MNAC,B-E,B1G,FR,2019,286241.0
A,CLV20_MNAC,B-E,B1G,FR,2020,261238.0
A,CLV20_MNAC,B-E,B1G,FR,2021,278536.1
A,CLV20_MNAC,B-E,B1G,FR,2022,252197.3
A,CLV20_MNAC,B-E,B1G,FR,2023,276051.3
A,CLV20_MNAC,B-E,B1G,FR,2024,291148.0
A,CLV20_MNAC,B-E,B1G,FR,2025,292858.6
A,CLV20_MNAC,B-E,B1G,HR,1995,5618.1
A,CLV20_MNAC,B-E,B1G,HR,1996,5709.6
A,CLV20_MNAC,B-E,B1G,HR,1997,6246.7
A,CLV20_MNAC,B-E,B1G,HR,1998,6435.8
A,CLV20_MNAC,B-E,B1G,HR,1999,6796.4
A,CLV20_MNAC,B-E,B1G,HR,2000,7237.3
A,CLV20_MNAC,B-E,B1G,HR,2001,7251.6
A,CLV20_MNAC,B-E,B1G,HR,2002,7520.6
A,CLV20_MNAC,B-E,B1G,HR,2003,7772.2
A,CLV20_MNAC,B-E,B1G,HR,2004,8103.8
A,CLV20_MNAC,B-E,B1G,HR,2005,8290.3
A,CLV20_MNAC,B-E,B1G,HR,2006,8641.8
A,CLV20_MNAC,B-E,B1G,HR,2007,9005.2
A,CLV20_MNAC,B-E,B1G,HR,2008,9021.7
A,CLV20_MNAC,B-E,B1G,HR,2009,8099.6
A,CLV20_MNAC,B-E,B1G,HR,2010,7833.2
A,CLV20_MNAC,B-E,B1G,HR,2011,7785.0
A,CLV20_MNAC,B-E,B1G,HR,2012,7340.8
A,CLV20_MNAC,B-E,B1G,HR,2013,7268.0
A,CLV20_MNAC,B-E,B1G,HR,2014,7416.4
A,CLV20_MNAC,B-E,B1G,HR,2015,7534.6
A,CLV20_MNAC,B-E,B1G,HR,2016,7904.2
A,CLV20_MNAC,B-E,B1G,HR,2017,7998.2
A,CLV20_MNAC,B-E,B1G,HR,2018,7916.8
A,CLV20_MNAC,B-E,B1G,HR,2019,8211.3
A,CLV20_MNAC,B-E,B1G,HR,2020,7635.8
A,CLV20_MNAC,B-E,B1G,HR,2021,8458.1
A,CLV20_MNAC,B-E,B1G,HR,2022,8909.4
A,CLV20_MNAC,B-E,B1G,HR,2023,8822.1
A,CLV20_MNAC,B-E,B1G,HR,2024,8544.8
A,CLV20_MNAC,B-E,B1G,HR,2025,8789.9
A,CLV20_MNAC,B-E,B1G,HU,1995,5003248.3
A,CLV20_MNAC,B-E,B1G,HU,1996,5199349.5
A,CLV20_MNAC,B-E,B1G,HU,1997,5828464.9
A,CLV20_MNAC,B-E,B1G,HU,1998,6288516.2
A,CLV20_MNAC,B-E,B1G,HU,1999,6595102.5
A,CLV20_MNAC,B-E,B1G,HU,2000,6841438.1
A,CLV20_MNAC,B-E,B1G,HU,2001,7058200.1
A,CLV20_MNAC,B-E,B1G,HU,2002,7483563.4
A,CLV20_MNAC,B-E,B1G,HU,2003,7905922.7
A,CLV20_MNAC,B-E,B1G,HU,2004,8366483.1
A,CLV20_MNAC,B-E,B1G,HU,2005,8641631.7
A,CLV20_MNAC,B-E,B1G,HU,2006,9170623.2
A,CLV20_MNAC,B-E,B1G,HU,2007,9711340.7
A,CLV20_MNAC,B-E,B1G,HU,2008,9276505.6
A,CLV20_MNAC,B-E,B1G,HU,2009,7977557.8
A,CLV20_MNAC,B-E,B1G,HU,2010,8507650.4
A,CLV20_MNAC,B-E,B1G,HU,2011,8483621.8
A,CLV20_MNAC,B-E,B1G,HU,2012,8318721.5
A,CLV20_MNAC,B-E,B1G,HU,2013,8138515.7
A,CLV20_MNAC,B-E,B1G,HU,2014,8655017.0
A,CLV20_MNAC,B-E,B1G,HU,2015,9341709.4
A,CLV20_MNAC,B-E,B1G,HU,2016,9512783.1
A,CLV20_MNAC,B-E,B1G,HU,2017,9724283.3
A,CLV20_MNAC,B-E,B1G,HU,2018,9959159.4
A,CLV20_MNAC,B-E,B1G,HU,2019,10276183.9
A,CLV20_MNAC,B-E,B1G,HU,2020,9536751.0
A,CLV20_MNAC,B-E,B1G,HU,2021,10000940.1
A,CLV20_MNAC,B-E,B1G,HU,2022,10132916.5
A,CLV20_MNAC,B-E,B1G,HU,2023,9639641.0
A,CLV20_MNAC,B-E,B1G,HU,2024,9446040.3
A,CLV20_MNAC,B-E,B1G,HU,2025,9206727.1
A,CLV20_MNAC,B-E,B1G,IE,1995,23592.5
A,CLV20_MNAC,B-E,B1G,IE,1996,25038.4
A,CLV20_MNAC,B-E,B1G,IE,1997,28967.1
A,CLV20_MNAC,B-E,B1G,IE,1998,32767.0
A,CLV20_MNAC,B-E,B1G,IE,1999,36912.6
A,CLV20_MNAC,B-E,B1G,IE,2000,42086.2
A,CLV20_MNAC,B-E,B1G,IE,2001,44349.9
A,CLV20_MNAC,B-E,B1G,IE,2002,49223.6
A,CLV20_MNAC,B-E,B1G,IE,2003,49159.4
A,CLV20_MNAC,B-E,B1G,IE,2004,48959.6
A,CLV20_MNAC,B-E,B1G,IE,2005,51650.9
A,CLV20_MNAC,B-E,B1G,IE,2006,52799.9
A,CLV20_MNAC,B-E,B1G,IE,2007,55734.6
A,CLV20_MNAC,B-E,B1G,IE,2008,51018.5
A,CLV20_MNAC,B-E,B1G,IE,2009,48236.3
A,CLV20_MNAC,B-E,B1G,IE,2010,50135.1
A,CLV20_MNAC,B-E,B1G,IE,2011,51475.6
A,CLV20_MNAC,B-E,B1G,IE,2012,50357.1
A,CLV20_MNAC,B-E,B1G,IE,2013,48062.9
A,CLV20_MNAC,B-E,B1G,IE,2014,54044.9
A,CLV20_MNAC,B-E,B1G,IE,2015,93963.6
A,CLV20_MNAC,B-E,B1G,IE,2016,92876.1
A,CLV20_MNAC,B-E,B1G,IE,2017,96275.6
A,CLV20_MNAC,B-E,B1G,IE,2018,106536.6
A,CLV20_MNAC,B-E,B1G,IE,2019,108642.5
A,CLV20_MNAC,B-E,B1G,IE,2020,132457.2
A,CLV20_MNAC,B-E,B1G,IE,2021,163290.9
A,CLV20_MNAC,B-E,B1G,IE,2022,188792.6
A,CLV20_MNAC,B-E,B1G,IE,2023,155235.1
A,CLV20_MNAC,B-E,B1G,IE,2024,155989.5
A,CLV20_MNAC,B-E,B1G,IE,2025,174500.6
A,CLV20_MNAC,B-E,B1G,IS,1995,228416.7
A,CLV20_MNAC,B-E,B1G,IS,1996,233725.0
A,CLV20_MNAC,B-E,B1G,IS,1997,237692.6
A,CLV20_MNAC,B-E,B1G,IS,1998,240178.8
A,CLV20_MNAC,B-E,B1G,IS,1999,246368.6
A,CLV20_MNAC,B-E,B1G,IS,2000,256212.3
A,CLV20_MNAC,B-E,B1G,IS,2001,269127.0
A,CLV20_MNAC,B-E,B1G,IS,2002,268857.1
A,CLV20_MNAC,B-E,B1G,IS,2003,268966.4
A,CLV20_MNAC,B-E,B1G,IS,2004,289498.2
A,CLV20_MNAC,B-E,B1G,IS,2005,289324.3
A,CLV20_MNAC,B-E,B1G,IS,2006,304624.9
A,CLV20_MNAC,B-E,B1G,IS,2007,319100.8
A,CLV20_MNAC,B-E,B1G,IS,2008,354548.3
A,CLV20_MNAC,B-E,B1G,IS,2009,339443.1
A,CLV20_MNAC,B-E,B1G,IS,2010,347279.7
A,CLV20_MNAC,B-E,B1G,IS,2011,359269.0
A,CLV20_MNAC,B-E,B1G,IS,2012,371642.4
A,CLV20_MNAC,B-E,B1G,IS,2013,381402.6
A,CLV20_MNAC,B-E,B1G,IS,2014,402376.4
A,CLV20_MNAC,B-E,B1G,IS,2015,408657.7
A,CLV20_MNAC,B-E,B1G,IS,2016,409798.5
A,CLV20_MNAC,B-E,B1G,IS,2017,404004.1
A,CLV20_MNAC,B-E,B1G,IS,2018,430113.9
A,CLV20_MNAC,B-E,B1G,IS,2019,400067.0
A,CLV20_MNAC,B-E,B1G,IS,2020,391177.3
A,CLV20_MNAC,B-E,B1G,IS,2021,425549.7
A,CLV20_MNAC,B-E,B1G,IS,2022,438450.6
A,CLV20_MNAC,B-E,B1G,IS,2023,426760.8
A,CLV20_MNAC,B-E,B1G,IS,2024,433731.4
A,CLV20_MNAC,B-E,B1G,IS,2025,415879.5
A,CLV20_MNAC,B-E,B1G,IT,1995,325233.8
A,CLV20_MNAC,B-E,B1G,IT,1996,325094.6
A,CLV20_MNAC,B-E,B1G,IT,1997,327521.9
A,CLV20_MNAC,B-E,B1G,IT,1998,332141.7
A,CLV20_MNAC,B-E,B1G,IT,1999,331964.3
A,CLV20_MNAC,B-E,B1G,IT,2000,340959.0
A,CLV20_MNAC,B-E,B1G,IT,2001,338637.3
A,CLV20_MNAC,B-E,B1G,IT,2002,338472.6
A,CLV20_MNAC,B-E,B1G,IT,2003,329980.7
A,CLV20_MNAC,B-E,B1G,IT,2004,336091.4
A,CLV20_MNAC,B-E,B1G,IT,2005,336020.3
A,CLV20_MNAC,B-E,B1G,IT,2006,347899.6
A,CLV20_MNAC,B-E,B1G,IT,2007,356087.3
A,CLV20_MNAC,B-E,B1G,IT,2008,346195.3
A,CLV20_MNAC,B-E,B1G,IT,2009,287136.4
A,CLV20_MNAC,B-E,B1G,IT,2010,309151.5
A,CLV20_MNAC,B-E,B1G,IT,2011,313947.1
A,CLV20_MNAC,B-E,B1G,IT,2012,302321.1
A,CLV20_MNAC,B-E,B1G,IT,2013,297901.6
A,CLV20_MNAC,B-E,B1G,IT,2014,295344.8
A,CLV20_MNAC,B-E,B1G,IT,2015,299480.2
A,CLV20_MNAC,B-E,B1G,IT,2016,307501.5
A,CLV20_MNAC,B-E,B1G,IT,2017,318287.3
A,CLV20_MNAC,B-E,B1G,IT,2018,322397.9
A,CLV20_MNAC,B-E,B1G,IT,2019,323098.1
A,CLV20_MNAC,B-E,B1G,IT,2020,284141.8
A,CLV20_MNAC,B-E,B1G,IT,2021,325659.4
A,CLV20_MNAC,B-E,B1G,IT,2022,325527.0
A,CLV20_MNAC,B-E,B1G,IT,2023,323508.3
A,CLV20_MNAC,B-E,B1G,IT,2024,329785.2
A,CLV20_MNAC,B-E,B1G,IT,2025,330759.1
A,CLV20_MNAC,B-E,B1G,LT,1995,2775.1
A,CLV20_MNAC,B-E,B1G,LT,1996,2920.8
A,CLV20_MNAC,B-E,B1G,LT,1997,3103.3
A,CLV20_MNAC,B-E,B1G,LT,1998,3467.9
A,CLV20_MNAC,B-E,B1G,LT,1999,3388.8
A,CLV20_MNAC,B-E,B1G,LT,2000,3625.9
A,CLV20_MNAC,B-E,B1G,LT,2001,4107.4
A,CLV20_MNAC,B-E,B1G,LT,2002,4293.0
A,CLV20_MNAC,B-E,B1G,LT,2003,4967.2
A,CLV20_MNAC,B-E,B1G,LT,2004,5498.6
A,CLV20_MNAC,B-E,B1G,LT,2005,5884.8
A,CLV20_MNAC,B-E,B1G,LT,2006,6340.5
A,CLV20_MNAC,B-E,B1G,LT,2007,6611.3
A,CLV20_MNAC,B-E,B1G,LT,2008,6713.8
A,CLV20_MNAC,B-E,B1G,LT,2009,5750.2
A,CLV20_MNAC,B-E,B1G,LT,2010,6106.1
A,CLV20_MNAC,B-E,B1G,LT,2011,6658.7
A,CLV20_MNAC,B-E,B1G,LT,2012,6968.2
A,CLV20_MNAC,B-E,B1G,LT,2013,7235.4
A,CLV20_MNAC,B-E,B1G,LT,2014,7508.0
A,CLV20_MNAC,B-E,B1G,LT,2015,7711.9
A,CLV20_MNAC,B-E,B1G,LT,2016,7952.5
A,CLV20_MNAC,B-E,B1G,LT,2017,8382.0
A,CLV20_MNAC,B-E,B1G,LT,2018,8665.0
A,CLV20_MNAC,B-E,B1G,LT,2019,9026.9
A,CLV20_MNAC,B-E,B1G,LT,2020,9182.5
A,CLV20_MNAC,B-E,B1G,LT,2021,9967.7
A,CLV20_MNAC,B-E,B1G,LT,2022,10379.0
A,CLV20_MNAC,B-E,B1G,LT,2023,9926.4
A,CLV20_MNAC,B-E,B1G,LT,2024,10142.3
A,CLV20_MNAC,B-E,B1G,LT,2025,10422.3
A,CLV20_MNAC,B-E,B1G,LU,1995,2709.2
A,CLV20_MNAC,B-E,B1G,LU,1996,2721.1
A,CLV20_MNAC,B-E,B1G,LU,1997,2903.0
A,CLV20_MNAC,B-E,B1G,LU,1998,3001.2
A,CLV20_MNAC,B-E,B1G,LU,1999,3276.7
A,CLV20_MNAC,B-E,B1G,LU,2000,3458.0
A,CLV20_MNAC,B-E,B1G,LU,2001,3395.8
A,CLV20_MNAC,B-E,B1G,LU,2002,3526.8
A,CLV20_MNAC,B-E,B1G,LU,2003,3924.9
A,CLV20_MNAC,B-E,B1G,LU,2004,3898.2
A,CLV20_MNAC,B-E,B1G,LU,2005,3915.1
A,CLV20_MNAC,B-E,B1G,LU,2006,3766.2
A,CLV20_MNAC,B-E,B1G,LU,2007,4239.0
A,CLV20_MNAC,B-E,B1G,LU,2008,3461.5
A,CLV20_MNAC,B-E,B1G,LU,2009,2932.8
A,CLV20_MNAC,B-E,B1G,LU,2010,2962.3
A,CLV20_MNAC,B-E,B1G,LU,2011,2724.3
A,CLV20_MNAC,B-E,B1G,LU,2012,2804.9
A,CLV20_MNAC,B-E,B1G,LU,2013,3139.9
A,CLV20_MNAC,B-E,B1G,LU,2014,3270.8
A,CLV20_MNAC,B-E,B1G,LU,2015,3793.3
A,CLV20_MNAC,B-E,B1G,LU,2016,4021.0
A,CLV20_MNAC,B-E,B1G,LU,2017,3553.7
A,CLV20_MNAC,B-E,B1G,LU,2018,3629.1
A,CLV20_MNAC,B-E,B1G,LU,2019,4035.0
A,CLV20_MNAC,B-E,B1G,LU,2020,3988.9
A,CLV20_MNAC,B-E,B1G,LU,2021,4028.2
A,CLV20_MNAC,B-E,B1G,LU,2022,3503.8
A,CLV20_MNAC,B-E,B1G,LU,2023,3899.9
A,CLV20_MNAC,B-E,B1G,LU,2024,4535.7
A,CLV20_MNAC,B-E,B1G,LU,2025,4230.6
A,CLV20_MNAC,B-E,B1G,LV,1995,2422.7
A,CLV20_MNAC,B-E,B1G,LV,1996,2489.4
A,CLV20_MNAC,B-E,B1G,LV,1997,2840.7
A,CLV20_MNAC,B-E,B1G,LV,1998,2979.2
A,CLV20_MNAC,B-E,B1G,LV,1999,2883.4
A,CLV20_MNAC,B-E,B1G,LV,2000,2911.1
A,CLV20_MNAC,B-E,B1G,LV,2001,3089.7
A,CLV20_MNAC,B-E,B1G,LV,2002,3398.5
A,CLV20_MNAC,B-E,B1G,LV,2003,3567.2
A,CLV20_MNAC,B-E,B1G,LV,2004,3754.1
A,CLV20_MNAC,B-E,B1G,LV,2005,3907.0
A,CLV20_MNAC,B-E,B1G,LV,2006,4172.2
A,CLV20_MNAC,B-E,B1G,LV,2007,4174.7
A,CLV20_MNAC,B-E,B1G,LV,2008,3948.8
A,CLV20_MNAC,B-E,B1G,LV,2009,3372.0
A,CLV20_MNAC,B-E,B1G,LV,2010,3644.3
A,CLV20_MNAC,B-E,B1G,LV,2011,3641.1
A,CLV20_MNAC,B-E,B1G,LV,2012,3789.2
A,CLV20_MNAC,B-E,B1G,LV,2013,3701.7
A,CLV20_MNAC,B-E,B1G,LV,2014,3526.2
A,CLV20_MNAC,B-E,B1G,LV,2015,3786.7
A,CLV20_MNAC,B-E,B1G,LV,2016,3929.1
A,CLV20_MNAC,B-E,B1G,LV,2017,4115.9
A,CLV20_MNAC,B-E,B1G,LV,2018,4103.0
A,CLV20_MNAC,B-E,B1G,LV,2019,4078.5
A,CLV20_MNAC,B-E,B1G,LV,2020,4261.6
A,CLV20_MNAC,B-E,B1G,LV,2021,4718.2
A,CLV20_MNAC,B-E,B1G,LV,2022,4283.9
A,CLV20_MNAC,B-E,B1G,LV,2023,4070.2
A,CLV20_MNAC,B-E,B1G,LV,2024,3964.7
A,CLV20_MNAC,B-E,B1G,LV,2025,4074.4
A,CLV20_MNAC,B-E,B1G,MD,2015,23003.4
A,CLV20_MNAC,B-E,B1G,MD,2016,23622.3
A,CLV20_MNAC,B-E,B1G,MD,2017,24858.3
A,CLV20_MNAC,B-E,B1G,MD,2018,26343.1
A,CLV20_MNAC,B-E,B1G,MD,2019,27587.4
A,CLV20_MNAC,B-E,B1G,MD,2020,26240.7
A,CLV20_MNAC,B-E,B1G,MD,2021,28124.9
A,CLV20_MNAC,B-E,B1G,MD,2022,24792.7
A,CLV20_MNAC,B-E,B1G,MD,2023,22561.4
A,CLV20_MNAC,B-E,B1G,MD,2024,22591.8
A,CLV20_MNAC,B-E,B1G,MD,2025,23113.9
A,CLV20_MNAC,B-E,B1G,ME,2006,547.3
A,CLV20_MNAC,B-E,B1G,ME,2007,459.5
A,CLV20_MNAC,B-E,B1G,ME,2008,492.0
A,CLV20_MNAC,B-E,B1G,ME,2009,410.3
A,CLV20_MNAC,B-E,B1G,ME,2010,454.5
A,CLV20_MNAC,B-E,B1G,ME,2011,413.4
A,CLV20_MNAC,B-E,B1G,ME,2012,393.9
A,CLV20_MNAC,B-E,B1G,ME,2013,416.8
A,CLV20_MNAC,B-E,B1G,ME,2014,421.0
A,CLV20_MNAC,B-E,B1G,ME,2015,418.6
A,CLV20_MNAC,B-E,B1G,ME,2016,415.5
A,CLV20_MNAC,B-E,B1G,ME,2017,406.5
A,CLV20_MNAC,B-E,B1G,ME,2018,477.4
A,CLV20_MNAC,B-E,B1G,ME,2019,476.6
A,CLV20_MNAC,B-E,B1G,ME,2020,457.8
A,CLV20_MNAC,B-E,B1G,ME,2021,481.2
A,CLV20_MNAC,B-E,B1G,ME,2022,478.0
A,CLV20_MNAC,B-E,B1G,ME,2023,501.4
A,CLV20_MNAC,B-E,B1G,ME,2024,487.5
A,CLV20_MNAC,B-E,B1G,ME,2025,458.4
A,CLV20_MNAC,B-E,B1G,MK,2000,71309.3
A,CLV20_MNAC,B-E,B1G,MK,2001,73696.1
A,CLV20_MNAC,B-E,B1G,MK,2002,74753.3
A,CLV20_MNAC,B-E,B1G,MK,2003,81812.0
A,CLV20_MNAC,B-E,B1G,MK,2004,85967.7
A,CLV20_MNAC,B-E,B1G,MK,2005,97270.5
A,CLV20_MNAC,B-E,B1G,MK,2006,99913.3
A,CLV20_MNAC,B-E,B1G,MK,2007,89044.3
A,CLV20_MNAC,B-E,B1G,MK,2008,88013.3
A,CLV20_MNAC,B-E,B1G,MK,2009,89561.4
A,CLV20_MNAC,B-E,B1G,MK,2010,95429.4
A,CLV20_MNAC,B-E,B1G,MK,2011,105163.7
A,CLV20_MNAC,B-E,B1G,MK,2012,98118.7
A,CLV20_MNAC,B-E,B1G,MK,2013,101778.8
A,CLV20_MNAC,B-E,B1G,MK,2014,113471.8
A,CLV20_MNAC,B-E,B1G,MK,2015,118987.6
A,CLV20_MNAC,B-E,B1G,MK,2016,115469.2
A,CLV20_MNAC,B-E,B1G,MK,2017,117136.4
A,CLV20_MNAC,B-E,B1G,MK,2018,123357.6
A,CLV20_MNAC,B-E,B1G,MK,2019,125100.4
A,CLV20_MNAC,B-E,B1G,MK,2020,116702.8
A,CLV20_MNAC,B-E,B1G,MK,2021,119282.5
A,CLV20_MNAC,B-E,B1G,MK,2022,113806.9
A,CLV20_MNAC,B-E,B1G,MK,2023,118414.4
A,CLV20_MNAC,B-E,B1G,MK,2024,121292.2
A,CLV20_MNAC,B-E,B1G,MK,2025,124317.7
A,CLV20_MNAC,B-E,B1G,MT,2000,1139.5
A,CLV20_MNAC,B-E,B1G,MT,2001,970.2
A,CLV20_MNAC,B-E,B1G,MT,2002,1007.0
A,CLV20_MNAC,B-E,B1G,MT,2003,1044.4
A,CLV20_MNAC,B-E,B1G,MT,2004,950.3
A,CLV20_MNAC,B-E,B1G,MT,2005,916.7
A,CLV20_MNAC,B-E,B1G,MT,2006,926.0
A,CLV20_MNAC,B-E,B1G,MT,2007,1015.6
A,CLV20_MNAC,B-E,B1G,MT,2008,1143.2
A,CLV20_MNAC,B-E,B1G,MT,2009,1013.7
A,CLV20_MNAC,B-E,B1G,MT,2010,1073.9
A,CLV20_MNAC,B-E,B1G,MT,2011,995.0
A,CLV20_MNAC,B-E,B1G,MT,2012,981.2
A,CLV20_MNAC,B-E,B1G,MT,2013,1048.3
A,CLV20_MNAC,B-E,B1G,MT,2014,1038.2
A,CLV20_MNAC,B-E,B1G,MT,2015,1075.7
A,CLV20_MNAC,B-E,B1G,MT,2016,1125.4
A,CLV20_MNAC,B-E,B1G,MT,2017,1124.0
A,CLV20_MNAC,B-E,B1G,MT,2018,1219.3
A,CLV20_MNAC,B-E,B1G,MT,2019,1212.3
A,CLV20_MNAC,B-E,B1G,MT,2020,1145.6
A,CLV20_MNAC,B-E,B1G,MT,2021,1211.7
A,CLV20_MNAC,B-E,B1G,MT,2022,1308.7
A,CLV20_MNAC,B-E,B1G,MT,2023,1413.6
A,CLV20_MNAC,B-E,B1G,MT,2024,1486.3
A,CLV20_MNAC,B-E,B1G,MT,2025,1476.6
A,CLV20_MNAC,B-E,B1G,NL,1995,76041.1
A,CLV20_MNAC,B-E,B1G,NL,1996,78855.1
A,CLV20_MNAC,B-E,B1G,NL,1997,79140.5
A,CLV20_MNAC,B-E,B1G,NL,1998,81953.5
A,CLV20_MNAC,B-E,B1G,NL,1999,84351.9
A,CLV20_MNAC,B-E,B1G,NL,2000,87928.7
A,CLV20_MNAC,B-E,B1G,NL,2001,90316.4
A,CLV20_MNAC,B-E,B1G,NL,2002,90363.6
A,CLV20_MNAC,B-E,B1G,NL,2003,89206.4
A,CLV20_MNAC,B-E,B1G,NL,2004,92944.3
A,CLV20_MNAC,B-E,B1G,NL,2005,94376.3
A,CLV20_MNAC,B-E,B1G,NL,2006,96263.6
A,CLV20_MNAC,B-E,B1G,NL,2007,99876.0
A,CLV20_MNAC,B-E,B1G,NL,2008,101285.9
A,CLV20_MNAC,B-E,B1G,NL,2009,91833.3
A,CLV20_MNAC,B-E,B1G,NL,2010,97338.8
A,CLV20_MNAC,B-E,B1G,NL,2011,99325.4
A,CLV20_MNAC,B-E,B1G,NL,2012,98802.7
A,CLV20_MNAC,B-E,B1G,NL,2013,100582.9
A,CLV20_MNAC,B-E,B1G,NL,2014,98964.7
A,CLV20_MNAC,B-E,B1G,NL,2015,97419.8
A,CLV20_MNAC,B-E,B1G,NL,2016,98411.2
A,CLV20_MNAC,B-E,B1G,NL,2017,102853.9
A,CLV20_MNAC,B-E,B1G,NL,2018,105740.2
A,CLV20_MNAC,B-E,B1G,NL,2019,105797.1
A,CLV20_MNAC,B-E,B1G,NL,2020,103231.0
A,CLV20_MNAC,B-E,B1G,NL,2021,112373.1
A,CLV20_MNAC,B-E,B1G,NL,2022,116185.1
A,CLV20_MNAC,B-E,B1G,NL,2023,110071.1
A,CLV20_MNAC,B-E,B1G,NL,2024,114383.7
A,CLV20_MNAC,B-E,B1G,NL,2025,117265.2
A,CLV20_MNAC,B-E,B1G,NO,1975,239457.1
A,CLV20_MNAC,B-E,B1G,NO,1976,254103.0
A,CLV20_MNAC,B-E,B1G,NO,1977,261048.0
A,CLV20_MNAC,B-E,B1G,NO,1978,290167.9
A,CLV20_MNAC,B-E,B1G,NO,1979,313849.0
A,CLV20_MNAC,B-E,B1G,NO,1980,334360.7
A,CLV20_MNAC,B-E,B1G,NO,1981,330130.0
A,CLV20_MNAC,B-E,B1G,NO,1982,332674.0
A,CLV20_MNAC,B-E,B1G,NO,1983,358609.2
A,CLV20_MNAC,B-E,B1G,NO,1984,395749.0
A,CLV20_MNAC,B-E,B1G,NO,1985,410685.2
A,CLV20_MNAC,B-E,B1G,NO,1986,422734.8
A,CLV20_MNAC,B-E,B1G,NO,1987,443439.8
A,CLV20_MNAC,B-E,B1G,NO,1988,446066.0
A,CLV20_MNAC,B-E,B1G,NO,1989,479017.6
A,CLV20_MNAC,B-E,B1G,NO,1990,488531.7
A,CLV20_MNAC,B-E,B1G,NO,1991,514108.5
A,CLV20_MNAC,B-E,B1G,NO,1992,546948.6
A,CLV20_MNAC,B-E,B1G,NO,1993,558776.8
A,CLV20_MNAC,B-E,B1G,NO,1994,600917.7
A,CLV20_MNAC,B-E,B1G,NO,1995,632247.0
A,CLV20_MNAC,B-E,B1G,NO,1996,669876.3
A,CLV20_MNAC,B-E,B1G,NO,1997,707262.5
A,CLV20_MNAC,B-E,B1G,NO,1998,690879.3
A,CLV20_MNAC,B-E,B1G,NO,1999,692538.2
A,CLV20_MNAC,B-E,B1G,NO,2000,731678.4
A,CLV20_MNAC,B-E,B1G,NO,2001,747223.0
A,CLV20_MNAC,B-E,B1G,NO,2002,751950.8
A,CLV20_MNAC,B-E,B1G,NO,2003,751649.9
A,CLV20_MNAC,B-E,B1G,NO,2004,775826.5
A,CLV20_MNAC,B-E,B1G,NO,2005,779140.2
A,CLV20_MNAC,B-E,B1G,NO,2006,754876.3
A,CLV20_MNAC,B-E,B1G,NO,2007,737654.0
A,CLV20_MNAC,B-E,B1G,NO,2008,730506.4
A,CLV20_MNAC,B-E,B1G,NO,2009,705617.6
A,CLV20_MNAC,B-E,B1G,NO,2010,687611.1
A,CLV20_MNAC,B-E,B1G,NO,2011,677540.2
A,CLV20_MNAC,B-E,B1G,NO,2012,683251.5
A,CLV20_MNAC,B-E,B1G,NO,2013,674283.6
A,CLV20_MNAC,B-E,B1G,NO,2014,684204.7
A,CLV20_MNAC,B-E,B1G,NO,2015,694163.2
A,CLV20_MNAC,B-E,B1G,NO,2016,694541.2
A,CLV20_MNAC,B-E,B1G,NO,2017,720112.0
A,CLV20_MNAC,B-E,B1G,NO,2018,702247.3
A,CLV20_MNAC,B-E,B1G,NO,2019,691843.1
A,CLV20_MNAC,B-E,B1G,NO,2020,725942.0
A,CLV20_MNAC,B-E,B1G,NO,2021,750675.0
A,CLV20_MNAC,B-E,B1G,NO,2022,747246.8
A,CLV20_MNAC,B-E,B1G,NO,2023,748763.6
A,CLV20_MNAC,B-E,B1G,NO,2024,771265.5
A,CLV20_MNAC,B-E,B1G,NO,2025,775763.1
A,CLV20_MNAC,B-E,B1G,PL,1995,207180.0
A,CLV20_MNAC,B-E,B1G,PL,1996,205057.0
A,CLV20_MNAC,B-E,B1G,PL,1997,203927.0
A,CLV20_MNAC,B-E,B1G,PL,1998,201133.0
A,CLV20_MNAC,B-E,B1G,PL,1999,207379.0
A,CLV20_MNAC,B-E,B1G,PL,2000,208388.0
A,CLV20_MNAC,B-E,B1G,PL,2001,205286.0
A,CLV20_MNAC,B-E,B1G,PL,2002,206437.0
A,CLV20_MNAC,B-E,B1G,PL,2003,225040.0
A,CLV20_MNAC,B-E,B1G,PL,2004,251522.0
A,CLV20_MNAC,B-E,B1G,PL,2005,263610.0
A,CLV20_MNAC,B-E,B1G,PL,2006,288747.0
A,CLV20_MNAC,B-E,B1G,PL,2007,320360.0
A,CLV20_MNAC,B-E,B1G,PL,2008,338736.0
A,CLV20_MNAC,B-E,B1G,PL,2009,341389.0
A,CLV20_MNAC,B-E,B1G,PL,2010,376881.0
A,CLV20_MNAC,B-E,B1G,PL,2011,399113.0
A,CLV20_MNAC,B-E,B1G,PL,2012,409906.0
A,CLV20_MNAC,B-E,B1G,PL,2013,401387.0
A,CLV20_MNAC,B-E,B1G,PL,2014,429721.0
A,CLV20_MNAC,B-E,B1G,PL,2015,448246.0
A,CLV20_MNAC,B-E,B1G,PL,2016,468587.0
A,CLV20_MNAC,B-E,B1G,PL,2017,477306.0
A,CLV20_MNAC,B-E,B1G,PL,2018,500848.0
A,CLV20_MNAC,B-E,B1G,PL,2019,525181.0
A,CLV20_MNAC,B-E,B1G,PL,2020,506793.0
A,CLV20_MNAC,B-E,B1G,PL,2021,512304.0
A,CLV20_MNAC,B-E,B1G,PL,2022,550465.0
A,CLV20_MNAC,B-E,B1G,PL,2023,546132.0
A,CLV20_MNAC,B-E,B1G,PL,2024,552591.0
A,CLV20_MNAC,B-E,B1G,PL,2025,569334.0
A,CLV20_MNAC,B-E,B1G,PT,1995,23222.7
A,CLV20_MNAC,B-E,B1G,PT,1996,25642.2
A,CLV20_MNAC,B-E,B1G,PT,1997,27240.2
A,CLV20_MNAC,B-E,B1G,PT,1998,28164.5
A,CLV20_MNAC,B-E,B1G,PT,1999,28673.3
A,CLV20_MNAC,B-E,B1G,PT,2000,29467.2
A,CLV20_MNAC,B-E,B1G,PT,2001,30047.3
A,CLV20_MNAC,B-E,B1G,PT,2002,29859.4
A,CLV20_MNAC,B-E,B1G,PT,2003,30016.2
A,CLV20_MNAC,B-E,B1G,PT,2004,30394.1
A,CLV20_MNAC,B-E,B1G,PT,2005,29804.1
A,CLV20_MNAC,B-E,B1G,PT,2006,30306.0
A,CLV20_MNAC,B-E,B1G,PT,2007,31019.1
A,CLV20_MNAC,B-E,B1G,PT,2008,30378.7
A,CLV20_MNAC,B-E,B1G,PT,2009,27961.8
A,CLV20_MNAC,B-E,B1G,PT,2010,29329.7
A,CLV20_MNAC,B-E,B1G,PT,2011,29339.1
A,CLV20_MNAC,B-E,B1G,PT,2012,28432.5
A,CLV20_MNAC,B-E,B1G,PT,2013,28300.6
A,CLV20_MNAC,B-E,B1G,PT,2014,29000.5
A,CLV20_MNAC,B-E,B1G,PT,2015,29808.7
A,CLV20_MNAC,B-E,B1G,PT,2016,30284.7
A,CLV20_MNAC,B-E,B1G,PT,2017,31552.8
A,CLV20_MNAC,B-E,B1G,PT,2018,32891.9
A,CLV20_MNAC,B-E,B1G,PT,2019,33023.5
A,CLV20_MNAC,B-E,B1G,PT,2020,30637.1
A,CLV20_MNAC,B-E,B1G,PT,2021,32299.5
A,CLV20_MNAC,B-E,B1G,PT,2022,32741.8
A,CLV20_MNAC,B-E,B1G,PT,2023,33777.7
A,CLV20_MNAC,B-E,B1G,PT,2024,34742.5
A,CLV20_MNAC,B-E,B1G,PT,2025,35207.6
A,CLV20_MNAC,B-E,B1G,RO,1995,129710.5
A,CLV20_MNAC,B-E,B1G,RO,1996,135904.5
A,CLV20_MNAC,B-E,B1G,RO,1997,126263.0
A,CLV20_MNAC,B-E,B1G,RO,1998,117379.0
A,CLV20_MNAC,B-E,B1G,RO,1999,114952.3
A,CLV20_MNAC,B-E,B1G,RO,2000,121308.0
A,CLV20_MNAC,B-E,B1G,RO,2001,131380.0
A,CLV20_MNAC,B-E,B1G,RO,2002,139317.2
A,CLV20_MNAC,B-E,B1G,RO,2003,146032.8
A,CLV20_MNAC,B-E,B1G,RO,2004,156795.4
A,CLV20_MNAC,B-E,B1G,RO,2005,161054.8
A,CLV20_MNAC,B-E,B1G,RO,2006,173216.6
A,CLV20_MNAC,B-E,B1G,RO,2007,172723.2
A,CLV20_MNAC,B-E,B1G,RO,2008,197182.7
A,CLV20_MNAC,B-E,B1G,RO,2009,194251.4
A,CLV20_MNAC,B-E,B1G,RO,2010,197212.9
A,CLV20_MNAC,B-E,B1G,RO,2011,219238.4
A,CLV20_MNAC,B-E,B1G,RO,2012,186917.6
A,CLV20_MNAC,B-E,B1G,RO,2013,178153.0
A,CLV20_MNAC,B-E,B1G,RO,2014,192465.3
A,CLV20_MNAC,B-E,B1G,RO,2015,201431.0
A,CLV20_MNAC,B-E,B1G,RO,2016,201868.2
A,CLV20_MNAC,B-E,B1G,RO,2017,219632.2
A,CLV20_MNAC,B-E,B1G,RO,2018,235106.6
A,CLV20_MNAC,B-E,B1G,RO,2019,230390.1
A,CLV20_MNAC,B-E,B1G,RO,2020,214157.2
A,CLV20_MNAC,B-E,B1G,RO,2021,216677.7
A,CLV20_MNAC,B-E,B1G,RO,2022,193381.7
A,CLV20_MNAC,B-E,B1G,RO,2023,185158.8
A,CLV20_MNAC,B-E,B1G,RO,2024,184263.6
A,CLV20_MNAC,B-E,B1G,RO,2025,183978.5
A,CLV20_MNAC,B-E,B1G,RS,1995,617633.4
A,CLV20_MNAC,B-E,B1G,RS,1996,682769.8
A,CLV20_MNAC,B-E,B1G,RS,1997,757638.9
A,CLV20_MNAC,B-E,B1G,RS,1998,807650.5
A,CLV20_MNAC,B-E,B1G,RS,1999,673781.7
A,CLV20_MNAC,B-E,B1G,RS,2000,770733.4
A,CLV20_MNAC,B-E,B1G,RS,2001,795943.8
A,CLV20_MNAC,B-E,B1G,RS,2002,855220.4
A,CLV20_MNAC,B-E,B1G,RS,2003,868912.9
A,CLV20_MNAC,B-E,B1G,RS,2004,929478.1
A,CLV20_MNAC,B-E,B1G,RS,2005,972890.9
A,CLV20_MNAC,B-E,B1G,RS,2006,1001694.8
A,CLV20_MNAC,B-E,B1G,RS,2007,1046896.6
A,CLV20_MNAC,B-E,B1G,RS,2008,1073097.9
A,CLV20_MNAC,B-E,B1G,RS,2009,952172.6
A,CLV20_MNAC,B-E,B1G,RS,2010,966892.6
A,CLV20_MNAC,B-E,B1G,RS,2011,1000474.2
A,CLV20_MNAC,B-E,B1G,RS,2012,1000877.6
A,CLV20_MNAC,B-E,B1G,RS,2013,1131282.0
A,CLV20_MNAC,B-E,B1G,RS,2014,1064578.9
A,CLV20_MNAC,B-E,B1G,RS,2015,1097465.0
A,CLV20_MNAC,B-E,B1G,RS,2016,1111144.5
A,CLV20_MNAC,B-E,B1G,RS,2017,1135379.9
A,CLV20_MNAC,B-E,B1G,RS,2018,1145504.8
A,CLV20_MNAC,B-E,B1G,RS,2019,1143679.9
A,CLV20_MNAC,B-E,B1G,RS,2020,1126812.2
A,CLV20_MNAC,B-E,B1G,RS,2021,1198141.1
A,CLV20_MNAC,B-E,B1G,RS,2022,1248035.9
A,CLV20_MNAC,B-E,B1G,RS,2023,1271172.4
A,CLV20_MNAC,B-E,B1G,RS,2024,1323869.9
A,CLV20_MNAC,B-E,B1G,RS,2025,1338315.3
A,CLV20_MNAC,B-E,B1G,SE,1993,372309.0
A,CLV20_MNAC,B-E,B1G,SE,1994,418137.0
A,CLV20_MNAC,B-E,B1G,SE,1995,469133.0
A,CLV20_MNAC,B-E,B1G,SE,1996,482036.0
A,CLV20_MNAC,B-E,B1G,SE,1997,515428.0
A,CLV20_MNAC,B-E,B1G,SE,1998,554344.0
A,CLV20_MNAC,B-E,B1G,SE,1999,593934.0
A,CLV20_MNAC,B-E,B1G,SE,2000,643800.0
A,CLV20_MNAC,B-E,B1G,SE,2001,643631.0
A,CLV20_MNAC,B-E,B1G,SE,2002,675202.0
A,CLV20_MNAC,B-E,B1G,SE,2003,685062.0
A,CLV20_MNAC,B-E,B1G,SE,2004,728397.0
A,CLV20_MNAC,B-E,B1G,SE,2005,747983.0
A,CLV20_MNAC,B-E,B1G,SE,2006,778709.0
A,CLV20_MNAC,B-E,B1G,SE,2007,816339.0
A,CLV20_MNAC,B-E,B1G,SE,2008,783315.0
A,CLV20_MNAC,B-E,B1G,SE,2009,640449.0
A,CLV20_MNAC,B-E,B1G,SE,2010,758371.0
A,CLV20_MNAC,B-E,B1G,SE,2011,794393.0
A,CLV20_MNAC,B-E,B1G,SE,2012,766032.0
A,CLV20_MNAC,B-E,B1G,SE,2013,730488.0
A,CLV20_MNAC,B-E,B1G,SE,2014,721070.0
A,CLV20_MNAC,B-E,B1G,SE,2015,766303.0
A,CLV20_MNAC,B-E,B1G,SE,2016,770941.0
A,CLV20_MNAC,B-E,B1G,SE,2017,787549.0
A,CLV20_MNAC,B-E,B1G,SE,2018,796612.0
A,CLV20_MNAC,B-E,B1G,SE,2019,808463.0
A,CLV20_MNAC,B-E,B1G,SE,2020,797557.0
A,CLV20_MNAC,B-E,B1G,SE,2021,868120.0
A,CLV20_MNAC,B-E,B1G,SE,2022,887574.0
A,CLV20_MNAC,B-E,B1G,SE,2023,842708.0
A,CLV20_MNAC,B-E,B1G,SE,2024,828264.0
A,CLV20_MNAC,B-E,B1G,SE,2025,827016.0
A,CLV20_MNAC,B-E,B1G,SI,1995,5112.9
A,CLV20_MNAC,B-E,B1G,SI,1996,5338.7
A,CLV20_MNAC,B-E,B1G,SI,1997,5736.0
A,CLV20_MNAC,B-E,B1G,SI,1998,5832.3
A,CLV20_MNAC,B-E,B1G,SI,1999,5976.7
A,CLV20_MNAC,B-E,B1G,SI,2000,6445.4
A,CLV20_MNAC,B-E,B1G,SI,2001,6687.9
A,CLV20_MNAC,B-E,B1G,SI,2002,6987.4
A,CLV20_MNAC,B-E,B1G,SI,2003,7388.6
A,CLV20_MNAC,B-E,B1G,SI,2004,7826.2
A,CLV20_MNAC,B-E,B1G,SI,2005,8115.4
A,CLV20_MNAC,B-E,B1G,SI,2006,8679.2
A,CLV20_MNAC,B-E,B1G,SI,2007,9359.3
A,CLV20_MNAC,B-E,B1G,SI,2008,9532.5
A,CLV20_MNAC,B-E,B1G,SI,2009,8177.8
A,CLV20_MNAC,B-E,B1G,SI,2010,8658.5
A,CLV20_MNAC,B-E,B1G,SI,2011,8831.6
A,CLV20_MNAC,B-E,B1G,SI,2012,8612.2
A,CLV20_MNAC,B-E,B1G,SI,2013,8595.0
A,CLV20_MNAC,B-E,B1G,SI,2014,8961.4
A,CLV20_MNAC,B-E,B1G,SI,2015,9174.9
A,CLV20_MNAC,B-E,B1G,SI,2016,9643.5
A,CLV20_MNAC,B-E,B1G,SI,2017,10337.0
A,CLV20_MNAC,B-E,B1G,SI,2018,10738.5
A,CLV20_MNAC,B-E,B1G,SI,2019,11382.7
A,CLV20_MNAC,B-E,B1G,SI,2020,11076.9
A,CLV20_MNAC,B-E,B1G,SI,2021,12025.4
A,CLV20_MNAC,B-E,B1G,SI,2022,11918.9
A,CLV20_MNAC,B-E,B1G,SI,2023,12507.8
A,CLV20_MNAC,B-E,B1G,SI,2024,13123.8
A,CLV20_MNAC,B-E,B1G,SI,2025,12816.7
A,CLV20_MNAC,B-E,B1G,SK,1995,4893.2
A,CLV20_MNAC,B-E,B1G,SK,1996,5383.0
A,CLV20_MNAC,B-E,B1G,SK,1997,5454.3
A,CLV20_MNAC,B-E,B1G,SK,1998,6173.8
A,CLV20_MNAC,B-E,B1G,SK,1999,6422.0
A,CLV20_MNAC,B-E,B1G,SK,2000,6866.7
A,CLV20_MNAC,B-E,B1G,SK,2001,7444.8
A,CLV20_MNAC,B-E,B1G,SK,2002,7946.7
A,CLV20_MNAC,B-E,B1G,SK,2003,9320.1
A,CLV20_MNAC,B-E,B1G,SK,2004,11016.2
A,CLV20_MNAC,B-E,B1G,SK,2005,11714.2
A,CLV20_MNAC,B-E,B1G,SK,2006,13660.8
A,CLV20_MNAC,B-E,B1G,SK,2007,15157.5
A,CLV20_MNAC,B-E,B1G,SK,2008,15097.0
A,CLV20_MNAC,B-E,B1G,SK,2009,12335.0
A,CLV20_MNAC,B-E,B1G,SK,2010,14686.0
A,CLV20_MNAC,B-E,B1G,SK,2011,15579.0
A,CLV20_MNAC,B-E,B1G,SK,2012,15493.1
A,CLV20_MNAC,B-E,B1G,SK,2013,15252.8
A,CLV20_MNAC,B-E,B1G,SK,2014,17961.7
A,CLV20_MNAC,B-E,B1G,SK,2015,19587.7
A,CLV20_MNAC,B-E,B1G,SK,2016,19351.4
A,CLV20_MNAC,B-E,B1G,SK,2017,19258.2
A,CLV20_MNAC,B-E,B1G,SK,2018,21001.9
A,CLV20_MNAC,B-E,B1G,SK,2019,22728.4
A,CLV20_MNAC,B-E,B1G,SK,2020,20321.5
A,CLV20_MNAC,B-E,B1G,SK,2021,19247.7
A,CLV20_MNAC,B-E,B1G,SK,2022,18955.3
A,CLV20_MNAC,B-E,B1G,SK,2023,18902.3
A,CLV20_MNAC,B-E,B1G,SK,2024,19663.8
A,CLV20_MNAC,B-E,B1G,SK,2025,19976.3
A,CLV20_MNAC,B-E,B1G,TR,1995,368533.3
A,CLV20_MNAC,B-E,B1G,TR,1996,394255.9
A,CLV20_MNAC,B-E,B1G,TR,1997,435367.0
A,CLV20_MNAC,B-E,B1G,TR,1998,439553.9
A,CLV20_MNAC,B-E,B1G,TR,1999,418298.6
A,CLV20_MNAC,B-E,B1G,TR,2000,448825.2
A,CLV20_MNAC,B-E,B1G,TR,2001,413156.2
A,CLV20_MNAC,B-E,B1G,TR,2002,430782.0
A,CLV20_MNAC,B-E,B1G,TR,2003,466771.0
A,CLV20_MNAC,B-E,B1G,TR,2004,524103.5
A,CLV20_MNAC,B-E,B1G,TR,2005,574769.1
A,CLV20_MNAC,B-E,B1G,TR,2006,626944.3
A,CLV20_MNAC,B-E,B1G,TR,2007,667389.7
A,CLV20_MNAC,B-E,B1G,TR,2008,671096.9
A,CLV20_MNAC,B-E,B1G,TR,2009,609330.6
A,CLV20_MNAC,B-E,B1G,TR,2010,670247.2
A,CLV20_MNAC,B-E,B1G,TR,2011,788590.2
A,CLV20_MNAC,B-E,B1G,TR,2012,816393.2
A,CLV20_MNAC,B-E,B1G,TR,2013,893771.5
A,CLV20_MNAC,B-E,B1G,TR,2014,939472.8
A,CLV20_MNAC,B-E,B1G,TR,2015,979404.0
A,CLV20_MNAC,B-E,B1G,TR,2016,1028367.6
A,CLV20_MNAC,B-E,B1G,TR,2017,1119972.6
A,CLV20_MNAC,B-E,B1G,TR,2018,1136547.6
A,CLV20_MNAC,B-E,B1G,TR,2019,1131255.7
A,CLV20_MNAC,B-E,B1G,TR,2020,1162818.3
A,CLV20_MNAC,B-E,B1G,TR,2021,1371807.5
A,CLV20_MNAC,B-E,B1G,TR,2022,1386992.9
A,CLV20_MNAC,B-E,B1G,TR,2023,1421810.1
A,CLV20_MNAC,B-E,B1G,TR,2024,1424522.2
A,CLV20_MNAC,B-E,B1G,TR,2025,1465849.8
A,CLV20_MNAC,B-E,B1G,UA,2010,1052448.1
A,CLV20_MNAC,B-E,B1G,UA,2011,1106823.4
A,CLV20_MNAC,B-E,B1G,UA,2012,1086252.7
A,CLV20_MNAC,B-E,B1G,UA,2013,1009359.0
A,CLV20_MNAC,B-E,B1G,UA,2014,902728.6
A,CLV20_MNAC,B-E,B1G,UA,2015,769898.9
A,CLV20_MNAC,B-E,B1G,UA,2016,784723.3
A,CLV20_MNAC,B-E,B1G,UA,2017,781096.5
A,CLV20_MNAC,B-E,B1G,UA,2018,797296.0
A,CLV20_MNAC,B-E,B1G,UA,2019,792940.1
A,CLV20_MNAC,B-E,B1G,UA,2020,758738.0
A,CLV20_MNAC,B-E,B1G,UA,2021,769790.2
A,CLV20_MNAC,B-E,B1G,UA,2022,481181.7
A,CLV20_MNAC,B-E,B1G,UA,2023,512381.5
A,CLV20_MNAC,B-E,B1G,UA,2024,526841.7
A,CLV20_MNAC,B-E,B1G,XK,2008,866.9
A,CLV20_MNAC,B-E,B1G,XK,2009,933.9
A,CLV20_MNAC,B-E,B1G,XK,2010,945.4
A,CLV20_MNAC,B-E,B1G,XK,2011,978.0
A,CLV20_MNAC,B-E,B1G,XK,2012,1016.0
A,CLV20_MNAC,B-E,B1G,XK,2013,1075.8
A,CLV20_MNAC,B-E,B1G,XK,2014,1086.6
A,CLV20_MNAC,B-E,B1G,XK,2015,1123.1
A,CLV20_MNAC,B-E,B1G,XK,2016,1184.8
A,CLV20_MNAC,B-E,B1G,XK,2017,1236.3
A,CLV20_MNAC,B-E,B1G,XK,2018,1296.3
A,CLV20_MNAC,B-E,B1G,XK,2019,1314.1
A,CLV20_MNAC,B-E,B1G,XK,2020,1346.7
A,CLV20_MNAC,B-E,B1G,XK,2021,1445.5
A,CLV20_MNAC,B-E,B1G,XK,2022,1549.1
A,CLV20_MNAC,B-E,B1G,XK,2023,1602.3
A,CLV20_MNAC,B-E,B1G,XK,2024,1634.4
A,CLV20_MNAC,B-E,B1G,XK,2025,1636.4
A,CLV20_MNAC,TOTAL,B1G,AL,1995,558664.2
A,CLV20_MNAC,TOTAL,B1G,AL,1996,599976.5
A,CLV20_MNAC,TOTAL,B1G,AL,1997,535289.6
A,CLV20_MNAC,TOTAL,B1G,AL,1998,577508.6
A,CLV20_MNAC,TOTAL,B1G,AL,1999,657999.1
A,CLV20_MNAC,TOTAL,B1G,AL,2000,696165.9
A,CLV20_MNAC,TOTAL,B1G,AL,2001,763127.8
A,CLV20_MNAC,TOTAL,B1G,AL,2002,799448.6
A,CLV20_MNAC,TOTAL,B1G,AL,2003,836154.3
A,CLV20_MNAC,TOTAL,B1G,AL,2004,884311.6
A,CLV20_MNAC,TOTAL,B1G,AL,2005,928399.6
A,CLV20_MNAC,TOTAL,B1G,AL,2006,984432.9
A,CLV20_MNAC,TOTAL,B1G,AL,2007,1046180.0
A,CLV20_MNAC,TOTAL,B1G,AL,2008,1108751.1
A,CLV20_MNAC,TOTAL,B1G,AL,2009,1142505.9
A,CLV20_MNAC,TOTAL,B1G,AL,2010,1175684.2
A,CLV20_MNAC,TOTAL,B1G,AL,2011,1216398.8
A,CLV20_MNAC,TOTAL,B1G,AL,2012,1228606.2
A,CLV20_MNAC,TOTAL,B1G,AL,2013,1250374.3
A,CLV20_MNAC,TOTAL,B1G,AL,2014,1273690.7
A,CLV20_MNAC,TOTAL,B1G,AL,2015,1304995.2
A,CLV20_MNAC,TOTAL,B1G,AL,2016,1355776.6
A,CLV20_MNAC,TOTAL,B1G,AL,2017,1402591.4
A,CLV20_MNAC,TOTAL,B1G,AL,2018,1455085.3
A,CLV20_MNAC,TOTAL,B1G,AL,2019,1493470.1
A,CLV20_MNAC,TOTAL,B1G,AL,2020,1457203.5
A,CLV20_MNAC,TOTAL,B1G,AL,2021,1557332.9
A,CLV20_MNAC,TOTAL,B1G,AL,2022,1638721.1
A,CLV20_MNAC,TOTAL,B1G,AL,2023,1719886.9
A,CLV20_MNAC,TOTAL,B1G,AL,2024,1774827.3
A,CLV20_MNAC,TOTAL,B1G,AT,1995,231756.6
A,CLV20_MNAC,TOTAL,B1G,AT,1996,235826.5
A,CLV20_MNAC,TOTAL,B1G,AT,1997,240967.9
A,CLV20_MNAC,TOTAL,B1G,AT,1998,250077.0
A,CLV20_MNAC,TOTAL,B1G,AT,1999,258770.3
A,CLV20_MNAC,TOTAL,B1G,AT,2000,268143.7
A,CLV20_MNAC,TOTAL,B1G,AT,2001,272130.2
A,CLV20_MNAC,TOTAL,B1G,AT,2002,275896.4
A,CLV20_MNAC,TOTAL,B1G,AT,2003,279512.6
A,CLV20_MNAC,TOTAL,B1G,AT,2004,287158.8
A,CLV20_MNAC,TOTAL,B1G,AT,2005,294226.0
A,CLV20_MNAC,TOTAL,B1G,AT,2006,304670.0
A,CLV20_MNAC,TOTAL,B1G,AT,2007,316468.9
A,CLV20_MNAC,TOTAL,B1G,AT,2008,321824.3
A,CLV20_MNAC,TOTAL,B1G,AT,2009,308937.2
A,CLV20_MNAC,TOTAL,B1G,AT,2010,314719.0
A,CLV20_MNAC,TOTAL,B1G,AT,2011,324965.9
A,CLV20_MNAC,TOTAL,B1G,AT,2012,326435.9
A,CLV20_MNAC,TOTAL,B1G,AT,2013,326010.5
A,CLV20_MNAC,TOTAL,B1G,AT,2014,328437.4
A,CLV20_MNAC,TOTAL,B1G,AT,2015,331973.5
A,CLV20_MNAC,TOTAL,B1G,AT,2016,338881.4
A,CLV20_MNAC,TOTAL,B1G,AT,2017,347006.6
A,CLV20_MNAC,TOTAL,B1G,AT,2018,356475.4
A,CLV20_MNAC,TOTAL,B1G,AT,2019,362847.3
A,CLV20_MNAC,TOTAL,B1G,AT,2020,340529.9
A,CLV20_MNAC,TOTAL,B1G,AT,2021,355843.9
A,CLV20_MNAC,TOTAL,B1G,AT,2022,378881.7
A,CLV20_MNAC,TOTAL,B1G,AT,2023,374969.9
A,CLV20_MNAC,TOTAL,B1G,AT,2024,371390.9
A,CLV20_MNAC,TOTAL,B1G,AT,2025,373880.6
A,CLV20_MNAC,TOTAL,B1G,BA,2000,17296.9
A,CLV20_MNAC,TOTAL,B1G,BA,2001,17725.7
A,CLV20_MNAC,TOTAL,B1G,BA,2002,18631.6
A,CLV20_MNAC,TOTAL,B1G,BA,2003,19380.9
A,CLV20_MNAC,TOTAL,B1G,BA,2004,20673.4
A,CLV20_MNAC,TOTAL,B1G,BA,2005,21547.0
A,CLV20_MNAC,TOTAL,B1G,BA,2006,22823.9
A,CLV20_MNAC,TOTAL,B1G,BA,2007,24224.6
A,CLV20_MNAC,TOTAL,B1G,BA,2008,25591.0
A,CLV20_MNAC,TOTAL,B1G,BA,2009,24954.5
A,CLV20_MNAC,TOTAL,B1G,BA,2010,25137.2
A,CLV20_MNAC,TOTAL,B1G,BA,2011,25398.5
A,CLV20_MNAC,TOTAL,B1G,BA,2012,25197.6
A,CLV20_MNAC,TOTAL,B1G,BA,2013,25804.1
A,CLV20_MNAC,TOTAL,B1G,BA,2014,26105.0
A,CLV20_MNAC,TOTAL,B1G,BA,2015,26464.3
A,CLV20_MNAC,TOTAL,B1G,BA,2016,27311.1
A,CLV20_MNAC,TOTAL,B1G,BA,2017,28216.2
A,CLV20_MNAC,TOTAL,B1G,BA,2018,29283.6
A,CLV20_MNAC,TOTAL,B1G,BA,2019,30117.8
A,CLV20_MNAC,TOTAL,B1G,BA,2020,29292.0
A,CLV20_MNAC,TOTAL,B1G,BA,2021,31333.4
A,CLV20_MNAC,TOTAL,B1G,BA,2022,32637.6
A,CLV20_MNAC,TOTAL,B1G,BA,2023,33305.0
A,CLV20_MNAC,TOTAL,B1G,BA,2024,34271.3
A,CLV20_MNAC,TOTAL,B1G,BA,2025,34824.1
A,CLV20_MNAC,TOTAL,B1G,BE,1995,282577.6
A,CLV20_MNAC,TOTAL,B1G,BE,1996,285166.9
A,CLV20_MNAC,TOTAL,B1G,BE,1997,295566.8
A,CLV20_MNAC,TOTAL,B1G,BE,1998,301086.4
A,CLV20_MNAC,TOTAL,B1G,BE,1999,311102.2
A,CLV20_MNAC,TOTAL,B1G,BE,2000,322258.8
A,CLV20_MNAC,TOTAL,B1G,BE,2001,327157.9
A,CLV20_MNAC,TOTAL,B1G,BE,2002,332500.3
A,CLV20_MNAC,TOTAL,B1G,BE,2003,336204.6
A,CLV20_MNAC,TOTAL,B1G,BE,2004,346868.5
A,CLV20_MNAC,TOTAL,B1G,BE,2005,355352.9
A,CLV20_MNAC,TOTAL,B1G,BE,2006,364059.8
A,CLV20_MNAC,TOTAL,B1G,BE,2007,377636.4
A,CLV20_MNAC,TOTAL,B1G,BE,2008,380612.1
A,CLV20_MNAC,TOTAL,B1G,BE,2009,373587.4
A,CLV20_MNAC,TOTAL,B1G,BE,2010,383792.2
A,CLV20_MNAC,TOTAL,B1G,BE,2011,392443.0
A,CLV20_MNAC,TOTAL,B1G,BE,2012,393240.1
A,CLV20_MNAC,TOTAL,B1G,BE,2013,394151.9
A,CLV20_MNAC,TOTAL,B1G,BE,2014,401593.7
A,CLV20_MNAC,TOTAL,B1G,BE,2015,407800.3
A,CLV20_MNAC,TOTAL,B1G,BE,2016,411344.3
A,CLV20_MNAC,TOTAL,B1G,BE,2017,417213.2
A,CLV20_MNAC,TOTAL,B1G,BE,2018,425231.8
A,CLV20_MNAC,TOTAL,B1G,BE,2019,436337.0
A,CLV20_MNAC,TOTAL,B1G,BE,2020,417994.9
A,CLV20_MNAC,TOTAL,B1G,BE,2021,441793.3
A,CLV20_MNAC,TOTAL,B1G,BE,2022,460746.4
A,CLV20_MNAC,TOTAL,B1G,BE,2023,469060.5
A,CLV20_MNAC,TOTAL,B1G,BE,2024,473404.8
A,CLV20_MNAC,TOTAL,B1G,BE,2025,477717.0
A,CLV20_MNAC,TOTAL,B1G,BG,1995,33978.6
A,CLV20_MNAC,TOTAL,B1G,BG,1996,35999.4
A,CLV20_MNAC,TOTAL,B1G,BG,1997,30554.3
A,CLV20_MNAC,TOTAL,B1G,BG,1998,31124.6
A,CLV20_MNAC,TOTAL,B1G,BG,1999,28347.2
A,CLV20_MNAC,TOTAL,B1G,BG,2000,29466.6
A,CLV20_MNAC,TOTAL,B1G,BG,2001,30666.6
A,CLV20_MNAC,TOTAL,B1G,BG,2002,32997.0
A,CLV20_MNAC,TOTAL,B1G,BG,2003,34368.2
A,CLV20_MNAC,TOTAL,B1G,BG,2004,36044.4
A,CLV20_MNAC,TOTAL,B1G,BG,2005,38371.2
A,CLV20_MNAC,TOTAL,B1G,BG,2006,41112.5
A,CLV20_MNAC,TOTAL,B1G,BG,2007,43804.7
A,CLV20_MNAC,TOTAL,B1G,BG,2008,46499.4
A,CLV20_MNAC,TOTAL,B1G,BG,2009,46100.1
A,CLV20_MNAC,TOTAL,B1G,BG,2010,46943.7
A,CLV20_MNAC,TOTAL,B1G,BG,2011,47835.9
A,CLV20_MNAC,TOTAL,B1G,BG,2012,47956.9
A,CLV20_MNAC,TOTAL,B1G,BG,2013,47166.6
A,CLV20_MNAC,TOTAL,B1G,BG,2014,47620.1
A,CLV20_MNAC,TOTAL,B1G,BG,2015,49021.6
A,CLV20_MNAC,TOTAL,B1G,BG,2016,50284.8
A,CLV20_MNAC,TOTAL,B1G,BG,2017,51934.7
A,CLV20_MNAC,TOTAL,B1G,BG,2018,53527.6
A,CLV20_MNAC,TOTAL,B1G,BG,2019,55369.3
A,CLV20_MNAC,TOTAL,B1G,BG,2020,53688.0
A,CLV20_MNAC,TOTAL,B1G,BG,2021,58085.6
A,CLV20_MNAC,TOTAL,B1G,BG,2022,61288.8
A,CLV20_MNAC,TOTAL,B1G,BG,2023,61921.9
A,CLV20_MNAC,TOTAL,B1G,BG,2024,63648.1
A,CLV20_MNAC,TOTAL,B1G,BG,2025,65277.3
A,CLV20_MNAC,TOTAL,B1G,CH,1995,451030.3
A,CLV20_MNAC,TOTAL,B1G,CH,1996,453065.9
A,CLV20_MNAC,TOTAL,B1G,CH,1997,461342.0
A,CLV20_MNAC,TOTAL,B1G,CH,1998,474452.1
A,CLV20_MNAC,TOTAL,B1G,CH,1999,479869.2
A,CLV20_MNAC,TOTAL,B1G,CH,2000,495956.6
A,CLV20_MNAC,TOTAL,B1G,CH,2001,504947.0
A,CLV20_MNAC,TOTAL,B1G,CH,2002,507580.3
A,CLV20_MNAC,TOTAL,B1G,CH,2003,506039.6
A,CLV20_MNAC,TOTAL,B1G,CH,2004,518422.4
A,CLV20_MNAC,TOTAL,B1G,CH,2005,533641.1
A,CLV20_MNAC,TOTAL,B1G,CH,2006,555032.9
A,CLV20_MNAC,TOTAL,B1G,CH,2007,576596.7
A,CLV20_MNAC,TOTAL,B1G,CH,2008,591378.2
A,CLV20_MNAC,TOTAL,B1G,CH,2009,580005.5
A,CLV20_MNAC,TOTAL,B1G,CH,2010,598430.0
A,CLV20_MNAC,TOTAL,B1G,CH,2011,607750.0
A,CLV20_MNAC,TOTAL,B1G,CH,2012,615319.0
A,CLV20_MNAC,TOTAL,B1G,CH,2013,626886.9
A,CLV20_MNAC,TOTAL,B1G,CH,2014,642896.9
A,CLV20_MNAC,TOTAL,B1G,CH,2015,652320.5
A,CLV20_MNAC,TOTAL,B1G,CH,2016,664620.0
A,CLV20_MNAC,TOTAL,B1G,CH,2017,674013.6
A,CLV20_MNAC,TOTAL,B1G,CH,2018,697736.4
A,CLV20_MNAC,TOTAL,B1G,CH,2019,705929.3
A,CLV20_MNAC,TOTAL,B1G,CH,2020,690804.3
A,CLV20_MNAC,TOTAL,B1G,CH,2021,733635.3
A,CLV20_MNAC,TOTAL,B1G,CH,2022,759529.2
A,CLV20_MNAC,TOTAL,B1G,CH,2023,766489.8
A,CLV20_MNAC,TOTAL,B1G,CH,2024,777749.0
A,CLV20_MNAC,TOTAL,B1G,CH,2025,787718.4
A,CLV20_MNAC,TOTAL,B1G,CY,1995,10314.3
A,CLV20_MNAC,TOTAL,B1G,CY,1996,10443.1
A,CLV20_MNAC,TOTAL,B1G,CY,1997,10718.9
A,CLV20_MNAC,TOTAL,B1G,CY,1998,11373.9
A,CLV20_MNAC,TOTAL,B1G,CY,1999,11942.4
A,CLV20_MNAC,TOTAL,B1G,CY,2000,12654.8
A,CLV20_MNAC,TOTAL,B1G,CY,2001,13155.0
A,CLV20_MNAC,TOTAL,B1G,CY,2002,13644.7
A,CLV20_MNAC,TOTAL,B1G,CY,2003,14002.7
A,CLV20_MNAC,TOTAL,B1G,CY,2004,14706.5
A,CLV20_MNAC,TOTAL,B1G,CY,2005,15420.2
A,CLV20_MNAC,TOTAL,B1G,CY,2006,16147.1
A,CLV20_MNAC,TOTAL,B1G,CY,2007,16970.3
A,CLV20_MNAC,TOTAL,B1G,CY,2008,17589.2
A,CLV20_MNAC,TOTAL,B1G,CY,2009,17234.8
A,CLV20_MNAC,TOTAL,B1G,CY,2010,17634.5
A,CLV20_MNAC,TOTAL,B1G,CY,2011,17708.0
A,CLV20_MNAC,TOTAL,B1G,CY,2012,17097.6
A,CLV20_MNAC,TOTAL,B1G,CY,2013,15971.3
A,CLV20_MNAC,TOTAL,B1G,CY,2014,15687.6
A,CLV20_MNAC,TOTAL,B1G,CY,2015,16199.0
A,CLV20_MNAC,TOTAL,B1G,CY,2016,17264.0
A,CLV20_MNAC,TOTAL,B1G,CY,2017,18260.0
A,CLV20_MNAC,TOTAL,B1G,CY,2018,19425.8
A,CLV20_MNAC,TOTAL,B1G,CY,2019,20605.2
A,CLV20_MNAC,TOTAL,B1G,CY,2020,19958.6
A,CLV20_MNAC,TOTAL,B1G,CY,2021,22232.0
A,CLV20_MNAC,TOTAL,B1G,CY,2022,24151.9
A,CLV20_MNAC,TOTAL,B1G,CY,2023,25026.3
A,CLV20_MNAC,TOTAL,B1G,CY,2024,26012.5
A,CLV20_MNAC,TOTAL,B1G,CY,2025,26993.8
A,CLV20_MNAC,TOTAL,B1G,CZ,1995,3036289.0
A,CLV20_MNAC,TOTAL,B1G,CZ,1996,3151990.0
A,CLV20_MNAC,TOTAL,B1G,CZ,1997,3110733.0
A,CLV20_MNAC,TOTAL,B1G,CZ,1998,3099210.0
A,CLV20_MNAC,TOTAL,B1G,CZ,1999,3143290.0
A,CLV20_MNAC,TOTAL,B1G,CZ,2000,3277893.0
A,CLV20_MNAC,TOTAL,B1G,CZ,2001,3374199.0
A,CLV20_MNAC,TOTAL,B1G,CZ,2002,3440262.0
A,CLV20_MNAC,TOTAL,B1G,CZ,2003,3532083.0
A,CLV20_MNAC,TOTAL,B1G,CZ,2004,3700528.0
A,CLV20_MNAC,TOTAL,B1G,CZ,2005,3942187.0
A,CLV20_MNAC,TOTAL,B1G,CZ,2006,4222853.0
A,CLV20_MNAC,TOTAL,B1G,CZ,2007,4442356.0
A,CLV20_MNAC,TOTAL,B1G,CZ,2008,4597497.0
A,CLV20_MNAC,TOTAL,B1G,CZ,2009,4347505.0
A,CLV20_MNAC,TOTAL,B1G,CZ,2010,4491510.0
A,CLV20_MNAC,TOTAL,B1G,CZ,2011,4570973.0
A,CLV20_MNAC,TOTAL,B1G,CZ,2012,4533399.0
A,CLV20_MNAC,TOTAL,B1G,CZ,2013,4532871.0
A,CLV20_MNAC,TOTAL,B1G,CZ,2014,4661329.0
A,CLV20_MNAC,TOTAL,B1G,CZ,2015,4864094.0
A,CLV20_MNAC,TOTAL,B1G,CZ,2016,4987945.0
A,CLV20_MNAC,TOTAL,B1G,CZ,2017,5247639.0
A,CLV20_MNAC,TOTAL,B1G,CZ,2018,5403605.0
A,CLV20_MNAC,TOTAL,B1G,CZ,2019,5598111.0
A,CLV20_MNAC,TOTAL,B1G,CZ,2020,5315366.0
A,CLV20_MNAC,TOTAL,B1G,CZ,2021,5524224.0
A,CLV20_MNAC,TOTAL,B1G,CZ,2022,5684624.0
A,CLV20_MNAC,TOTAL,B1G,CZ,2023,5716511.0
A,CLV20_MNAC,TOTAL,B1G,CZ,2024,5755476.0
A,CLV20_MNAC,TOTAL,B1G,CZ,2025,5911782.0
A,CLV20_MNAC,TOTAL,B1G,DE,1991,2166105.5
A,CLV20_MNAC,TOTAL,B1G,DE,1992,2210196.8
A,CLV20_MNAC,TOTAL,B1G,DE,1993,2183929.6
A,CLV20_MNAC,TOTAL,B1G,DE,1994,2232711.6
A,CLV20_MNAC,TOTAL,B1G,DE,1995,2273363.2
A,CLV20_MNAC,TOTAL,B1G,DE,1996,2291500.0
A,CLV20_MNAC,TOTAL,B1G,DE,1997,2339031.2
A,CLV20_MNAC,TOTAL,B1G,DE,1998,2391565.6
A,CLV20_MNAC,TOTAL,B1G,DE,1999,2437533.1
A,CLV20_MNAC,TOTAL,B1G,DE,2000,2513207.7
A,CLV20_MNAC,TOTAL,B1G,DE,2001,2562615.0
A,CLV20_MNAC,TOTAL,B1G,DE,2002,2563865.8
A,CLV20_MNAC,TOTAL,B1G,DE,2003,2550106.8
A,CLV20_MNAC,TOTAL,B1G,DE,2004,2590445.7
A,CLV20_MNAC,TOTAL,B1G,DE,2005,2613273.2
A,CLV20_MNAC,TOTAL,B1G,DE,2006,2716465.7
A,CLV20_MNAC,TOTAL,B1G,DE,2007,2807150.1
A,CLV20_MNAC,TOTAL,B1G,DE,2008,2834042.7
A,CLV20_MNAC,TOTAL,B1G,DE,2009,2657677.3
A,CLV20_MNAC,TOTAL,B1G,DE,2010,2779944.8
A,CLV20_MNAC,TOTAL,B1G,DE,2011,2884700.9
A,CLV20_MNAC,TOTAL,B1G,DE,2012,2900336.1
A,CLV20_MNAC,TOTAL,B1G,DE,2013,2915971.3
A,CLV20_MNAC,TOTAL,B1G,DE,2014,2983515.5
A,CLV20_MNAC,TOTAL,B1G,DE,2015,3030108.5
A,CLV20_MNAC,TOTAL,B1G,DE,2016,3102343.3
A,CLV20_MNAC,TOTAL,B1G,DE,2017,3195529.3
A,CLV20_MNAC,TOTAL,B1G,DE,2018,3238369.9
A,CLV20_MNAC,TOTAL,B1G,DE,2019,3264637.1
A,CLV20_MNAC,TOTAL,B1G,DE,2020,3127047.0
A,CLV20_MNAC,TOTAL,B1G,DE,2021,3255881.3
A,CLV20_MNAC,TOTAL,B1G,DE,2022,3325614.5
A,CLV20_MNAC,TOTAL,B1G,DE,2023,3304663.3
A,CLV20_MNAC,TOTAL,B1G,DE,2024,3304350.6
A,CLV20_MNAC,TOTAL,B1G,DE,2025,3304976.0
A,CLV20_MNAC,TOTAL,B1G,DK,1995,1425848.8
A,CLV20_MNAC,TOTAL,B1G,DK,1996,1461807.2
A,CLV20_MNAC,TOTAL,B1G,DK,1997,1507433.0
A,CLV20_MNAC,TOTAL,B1G,DK,1998,1537078.5
A,CLV20_MNAC,TOTAL,B1G,DK,1999,1588136.1
A,CLV20_MNAC,TOTAL,B1G,DK,2000,1661630.6
A,CLV20_MNAC,TOTAL,B1G,DK,2001,1678028.4
A,CLV20_MNAC,TOTAL,B1G,DK,2002,1683189.8
A,CLV20_MNAC,TOTAL,B1G,DK,2003,1690762.1
A,CLV20_MNAC,TOTAL,B1G,DK,2004,1726064.0
A,CLV20_MNAC,TOTAL,B1G,DK,2005,1754559.4
A,CLV20_MNAC,TOTAL,B1G,DK,2006,1820273.2
A,CLV20_MNAC,TOTAL,B1G,DK,2007,1831282.7
A,CLV20_MNAC,TOTAL,B1G,DK,2008,1834554.6
A,CLV20_MNAC,TOTAL,B1G,DK,2009,1751017.6
A,CLV20_MNAC,TOTAL,B1G,DK,2010,1777553.1
A,CLV20_MNAC,TOTAL,B1G,DK,2011,1803412.8
A,CLV20_MNAC,TOTAL,B1G,DK,2012,1803376.5
A,CLV20_MNAC,TOTAL,B1G,DK,2013,1829349.0
A,CLV20_MNAC,TOTAL,B1G,DK,2014,1850048.2
A,CLV20_MNAC,TOTAL,B1G,DK,2015,1886198.6
A,CLV20_MNAC,TOTAL,B1G,DK,2016,1942417.4
A,CLV20_MNAC,TOTAL,B1G,DK,2017,2004808.3
A,CLV20_MNAC,TOTAL,B1G,DK,2018,2036106.9
A,CLV20_MNAC,TOTAL,B1G,DK,2019,2070355.7
A,CLV20_MNAC,TOTAL,B1G,DK,2020,2021320.4
A,CLV20_MNAC,TOTAL,B1G,DK,2021,2158635.8
A,CLV20_MNAC,TOTAL,B1G,DK,2022,2188220.4
A,CLV20_MNAC,TOTAL,B1G,DK,2023,2231394.5
A,CLV20_MNAC,TOTAL,B1G,DK,2024,2326029.9
A,CLV20_MNAC,TOTAL,B1G,DK,2025,2413746.7
A,CLV20_MNAC,TOTAL,B1G,EA,1995,7233133.6
A,CLV20_MNAC,TOTAL,B1G,EA,1996,7343318.8
A,CLV20_MNAC,TOTAL,B1G,EA,1997,7535081.5
A,CLV20_MNAC,TOTAL,B1G,EA,1998,7753596.7
A,CLV20_MNAC,TOTAL,B1G,EA,1999,7976817.5
A,CLV20_MNAC,TOTAL,B1G,EA,2000,8292787.1
A,CLV20_MNAC,TOTAL,B1G,EA,2001,8639482.8
A,CLV20_MNAC,TOTAL,B1G,EA,2002,8719261.3
A,CLV20_MNAC,TOTAL,B1G,EA,2003,8769957.5
A,CLV20_MNAC,TOTAL,B1G,EA,2004,8980768.5
A,CLV20_MNAC,TOTAL,B1G,EA,2005,9124240.5
A,CLV20_MNAC,TOTAL,B1G,EA,2006,9421132.4
A,CLV20_MNAC,TOTAL,B1G,EA,2007,9753813.6
A,CLV20_MNAC,TOTAL,B1G,EA,2008,9839060.7
A,CLV20_MNAC,TOTAL,B1G,EA,2009,9470077.2
A,CLV20_MNAC,TOTAL,B1G,EA,2010,9678369.8
A,CLV20_MNAC,TOTAL,B1G,EA,2011,9877930.7
A,CLV20_MNAC,TOTAL,B1G,EA,2012,9797332.9
A,CLV20_MNAC,TOTAL,B1G,EA,2013,9793076.0
A,CLV20_MNAC,TOTAL,B1G,EA,2014,9958845.1
A,CLV20_MNAC,TOTAL,B1G,EA,2015,10198159.6
A,CLV20_MNAC,TOTAL,B1G,EA,2016,10376349.8
A,CLV20_MNAC,TOTAL,B1G,EA,2017,10660958.7
A,CLV20_MNAC,TOTAL,B1G,EA,2018,10859833.3
A,CLV20_MNAC,TOTAL,B1G,EA,2019,11037905.9
A,CLV20_MNAC,TOTAL,B1G,EA,2020,10395469.6
A,CLV20_MNAC,TOTAL,B1G,EA,2021,11053366.0
A,CLV20_MNAC,TOTAL,B1G,EA,2022,11493975.4
A,CLV20_MNAC,TOTAL,B1G,EA,2023,11619902.9
A,CLV20_MNAC,TOTAL,B1G,EA,2024,11759018.1
A,CLV20_MNAC,TOTAL,B1G,EA,2025,11898526.3
A,CLV20_MNAC,TOTAL,B1G,EA12,1995,7369798.4
A,CLV20_MNAC,TOTAL,B1G,EA12,1996,7481140.6
A,CLV20_MNAC,TOTAL,B1G,EA12,1997,7677485.7
A,CLV20_MNAC,TOTAL,B1G,EA12,1998,7902199.1
A,CLV20_MNAC,TOTAL,B1G,EA12,1999,8127430.8
A,CLV20_MNAC,TOTAL,B1G,EA12,2000,8449395.7
A,CLV20_MNAC,TOTAL,B1G,EA12,2001,8639482.8
A,CLV20_MNAC,TOTAL,B1G,EA12,2002,8719261.3
A,CLV20_MNAC,TOTAL,B1G,EA12,2003,8769957.5
A,CLV20_MNAC,TOTAL,B1G,EA12,2004,8980768.5
A,CLV20_MNAC,TOTAL,B1G,EA12,2005,9124240.5
A,CLV20_MNAC,TOTAL,B1G,EA12,2006,9421132.4
A,CLV20_MNAC,TOTAL,B1G,EA12,2007,9717610.5
A,CLV20_MNAC,TOTAL,B1G,EA12,2008,9776565.1
A,CLV20_MNAC,TOTAL,B1G,EA12,2009,9345543.3
A,CLV20_MNAC,TOTAL,B1G,EA12,2010,9548068.6
A,CLV20_MNAC,TOTAL,B1G,EA12,2011,9726555.8
A,CLV20_MNAC,TOTAL,B1G,EA12,2012,9644931.6
A,CLV20_MNAC,TOTAL,B1G,EA12,2013,9641043.4
A,CLV20_MNAC,TOTAL,B1G,EA12,2014,9779543.6
A,CLV20_MNAC,TOTAL,B1G,EA12,2015,9973735.6
A,CLV20_MNAC,TOTAL,B1G,EA12,2016,10145601.1
A,CLV20_MNAC,TOTAL,B1G,EA12,2017,10420063.4
A,CLV20_MNAC,TOTAL,B1G,EA12,2018,10608123.3
A,CLV20_MNAC,TOTAL,B1G,EA12,2019,10778481.3
A,CLV20_MNAC,TOTAL,B1G,EA12,2020,10141875.2
A,CLV20_MNAC,TOTAL,B1G,EA12,2021,10781481.1
A,CLV20_MNAC,TOTAL,B1G,EA12,2022,11216580.1
A,CLV20_MNAC,TOTAL,B1G,EA12,2023,11282855.4
A,CLV20_MNAC,TOTAL,B1G,EA12,2024,11414347.3
A,CLV20_MNAC,TOTAL,B1G,EA12,2025,11546826.3
A,CLV20_MNAC,TOTAL,B1G,EA19,1995,7491343.5
A,CLV20_MNAC,TOTAL,B1G,EA19,1996,7606324.9
A,CLV20_MNAC,TOTAL,B1G,EA19,1997,7808367.0
A,CLV20_MNAC,TOTAL,B1G,EA19,1998,8038279.7
A,CLV20_MNAC,TOTAL,B1G,EA19,1999,8266690.2
A,CLV20_MNAC,TOTAL,B1G,EA19,2000,8594026.5
A,CLV20_MNAC,TOTAL,B1G,EA19,2001,8789543.3
A,CLV20_MNAC,TOTAL,B1G,EA19,2002,8875027.0
A,CLV20_MNAC,TOTAL,B1G,EA19,2003,8932260.9
A,CLV20_MNAC,TOTAL,B1G,EA19,2004,9150419.6
A,CLV20_MNAC,TOTAL,B1G,EA19,2005,9302750.4
A,CLV20_MNAC,TOTAL,B1G,EA19,2006,9612569.0
A,CLV20_MNAC,TOTAL,B1G,EA19,2007,9924574.7
A,CLV20_MNAC,TOTAL,B1G,EA19,2008,9989103.0
A,CLV20_MNAC,TOTAL,B1G,EA19,2009,9540355.3
A,CLV20_MNAC,TOTAL,B1G,EA19,2010,9748692.1
A,CLV20_MNAC,TOTAL,B1G,EA19,2011,9932136.0
A,CLV20_MNAC,TOTAL,B1G,EA19,2012,9854173.4
A,CLV20_MNAC,TOTAL,B1G,EA19,2013,9851553.2
A,CLV20_MNAC,TOTAL,B1G,EA19,2014,9995930.3
A,CLV20_MNAC,TOTAL,B1G,EA19,2015,10198159.6
A,CLV20_MNAC,TOTAL,B1G,EA19,2016,10376349.8
A,CLV20_MNAC,TOTAL,B1G,EA19,2017,10660958.7
A,CLV20_MNAC,TOTAL,B1G,EA19,2018,10859833.3
A,CLV20_MNAC,TOTAL,B1G,EA19,2019,11037905.9
A,CLV20_MNAC,TOTAL,B1G,EA19,2020,10395469.6
A,CLV20_MNAC,TOTAL,B1G,EA19,2021,11053366.0
A,CLV20_MNAC,TOTAL,B1G,EA19,2022,11493975.4
A,CLV20_MNAC,TOTAL,B1G,EA19,2023,11566983.0
A,CLV20_MNAC,TOTAL,B1G,EA19,2024,11704290.1
A,CLV20_MNAC,TOTAL,B1G,EA19,2025,11842152.9
A,CLV20_MNAC,TOTAL,B1G,EA20,1995,7518924.5
A,CLV20_MNAC,TOTAL,B1G,EA20,1996,7635284.7
A,CLV20_MNAC,TOTAL,B1G,EA20,1997,7839075.0
A,CLV20_MNAC,TOTAL,B1G,EA20,1998,8069718.5
A,CLV20_MNAC,TOTAL,B1G,EA20,1999,8298188.0
A,CLV20_MNAC,TOTAL,B1G,EA20,2000,8626335.9
A,CLV20_MNAC,TOTAL,B1G,EA20,2001,8822934.4
A,CLV20_MNAC,TOTAL,B1G,EA20,2002,8909982.3
A,CLV20_MNAC,TOTAL,B1G,EA20,2003,8969070.4
A,CLV20_MNAC,TOTAL,B1G,EA20,2004,9188716.7
A,CLV20_MNAC,TOTAL,B1G,EA20,2005,9342593.6
A,CLV20_MNAC,TOTAL,B1G,EA20,2006,9654259.3
A,CLV20_MNAC,TOTAL,B1G,EA20,2007,9968308.7
A,CLV20_MNAC,TOTAL,B1G,EA20,2008,10033713.5
A,CLV20_MNAC,TOTAL,B1G,EA20,2009,9582409.4
A,CLV20_MNAC,TOTAL,B1G,EA20,2010,9789879.0
A,CLV20_MNAC,TOTAL,B1G,EA20,2011,9973367.6
A,CLV20_MNAC,TOTAL,B1G,EA20,2012,9893974.6
A,CLV20_MNAC,TOTAL,B1G,EA20,2013,9891151.7
A,CLV20_MNAC,TOTAL,B1G,EA20,2014,10035241.6
A,CLV20_MNAC,TOTAL,B1G,EA20,2015,10238359.6
A,CLV20_MNAC,TOTAL,B1G,EA20,2016,10417962.9
A,CLV20_MNAC,TOTAL,B1G,EA20,2017,10703738.6
A,CLV20_MNAC,TOTAL,B1G,EA20,2018,10903685.3
A,CLV20_MNAC,TOTAL,B1G,EA20,2019,11083194.2
A,CLV20_MNAC,TOTAL,B1G,EA20,2020,10437446.0
A,CLV20_MNAC,TOTAL,B1G,EA20,2021,11100251.5
A,CLV20_MNAC,TOTAL,B1G,EA20,2022,11544798.5
A,CLV20_MNAC,TOTAL,B1G,EA20,2023,11619902.9
A,CLV20_MNAC,TOTAL,B1G,EA20,2024,11759018.1
A,CLV20_MNAC,TOTAL,B1G,EA20,2025,11898526.3
A,CLV20_MNAC,TOTAL,B1G,EA21,1995,7551507.1
A,CLV20_MNAC,TOTAL,B1G,EA21,1996,7669226.3
A,CLV20_MNAC,TOTAL,B1G,EA21,1997,7871653.3
A,CLV20_MNAC,TOTAL,B1G,EA21,1998,8103115.0
A,CLV20_MNAC,TOTAL,B1G,EA21,1999,8330550.8
A,CLV20_MNAC,TOTAL,B1G,EA21,2000,8659977.7
A,CLV20_MNAC,TOTAL,B1G,EA21,2001,8857652.8
A,CLV20_MNAC,TOTAL,B1G,EA21,2002,8946275.5
A,CLV20_MNAC,TOTAL,B1G,EA21,2003,9006309.6
A,CLV20_MNAC,TOTAL,B1G,EA21,2004,9227373.6
A,CLV20_MNAC,TOTAL,B1G,EA21,2005,9382975.9
A,CLV20_MNAC,TOTAL,B1G,EA21,2006,9696943.3
A,CLV20_MNAC,TOTAL,B1G,EA21,2007,10013300.2
A,CLV20_MNAC,TOTAL,B1G,EA21,2008,10080782.9
A,CLV20_MNAC,TOTAL,B1G,EA21,2009,9628673.7
A,CLV20_MNAC,TOTAL,B1G,EA21,2010,9837021.1
A,CLV20_MNAC,TOTAL,B1G,EA21,2011,10021403.3
A,CLV20_MNAC,TOTAL,B1G,EA21,2012,9942054.5
A,CLV20_MNAC,TOTAL,B1G,EA21,2013,9938556.2
A,CLV20_MNAC,TOTAL,B1G,EA21,2014,10083139.1
A,CLV20_MNAC,TOTAL,B1G,EA21,2015,10287600.9
A,CLV20_MNAC,TOTAL,B1G,EA21,2016,10468417.9
A,CLV20_MNAC,TOTAL,B1G,EA21,2017,10755818.3
A,CLV20_MNAC,TOTAL,B1G,EA21,2018,10957309.0
A,CLV20_MNAC,TOTAL,B1G,EA21,2019,11138605.5
A,CLV20_MNAC,TOTAL,B1G,EA21,2020,10491134.0
A,CLV20_MNAC,TOTAL,B1G,EA21,2021,11158337.0
A,CLV20_MNAC,TOTAL,B1G,EA21,2022,11606136.9
A,CLV20_MNAC,TOTAL,B1G,EA21,2023,11681912.7
A,CLV20_MNAC,TOTAL,B1G,EA21,2024,11822920.4
A,CLV20_MNAC,TOTAL,B1G,EA21,2025,11964256.4
A,CLV20_MNAC,TOTAL,B1G,EE,1995,9360.0
A,CLV20_MNAC,TOTAL,B1G,EE,1996,9819.9
A,CLV20_MNAC,TOTAL,B1G,EE,1997,10997.4
A,CLV20_MNAC,TOTAL,B1G,EE,1998,11707.3
A,CLV20_MNAC,TOTAL,B1G,EE,1999,11715.1
A,CLV20_MNAC,TOTAL,B1G,EE,2000,12798.8
A,CLV20_MNAC,TOTAL,B1G,EE,2001,13503.8
A,CLV20_MNAC,TOTAL,B1G,EE,2002,14395.9
A,CLV20_MNAC,TOTAL,B1G,EE,2003,15501.4
A,CLV20_MNAC,TOTAL,B1G,EE,2004,16471.3
A,CLV20_MNAC,TOTAL,B1G,EE,2005,18042.2
A,CLV20_MNAC,TOTAL,B1G,EE,2006,19718.7
A,CLV20_MNAC,TOTAL,B1G,EE,2007,21104.3
A,CLV20_MNAC,TOTAL,B1G,EE,2008,20470.2
A,CLV20_MNAC,TOTAL,B1G,EE,2009,17345.0
A,CLV20_MNAC,TOTAL,B1G,EE,2010,17976.7
A,CLV20_MNAC,TOTAL,B1G,EE,2011,19399.3
A,CLV20_MNAC,TOTAL,B1G,EE,2012,20014.3
A,CLV20_MNAC,TOTAL,B1G,EE,2013,20363.8
A,CLV20_MNAC,TOTAL,B1G,EE,2014,21013.4
A,CLV20_MNAC,TOTAL,B1G,EE,2015,21350.9
A,CLV20_MNAC,TOTAL,B1G,EE,2016,21951.1
A,CLV20_MNAC,TOTAL,B1G,EE,2017,23378.0
A,CLV20_MNAC,TOTAL,B1G,EE,2018,24335.2
A,CLV20_MNAC,TOTAL,B1G,EE,2019,25098.1
A,CLV20_MNAC,TOTAL,B1G,EE,2020,24419.9
A,CLV20_MNAC,TOTAL,B1G,EE,2021,26339.1
A,CLV20_MNAC,TOTAL,B1G,EE,2022,26553.9
A,CLV20_MNAC,TOTAL,B1G,EE,2023,25707.9
A,CLV20_MNAC,TOTAL,B1G,EE,2024,25790.4
A,CLV20_MNAC,TOTAL,B1G,EE,2025,26067.5
A,CLV20_MNAC,TOTAL,B1G,EL,1995,131207.8
A,CLV20_MNAC,TOTAL,B1G,EL,1996,132304.4
A,CLV20_MNAC,TOTAL,B1G,EL,1997,136676.1
A,CLV20_MNAC,TOTAL,B1G,EL,1998,142466.3
A,CLV20_MNAC,TOTAL,B1G,EL,1999,144509.4
A,CLV20_MNAC,TOTAL,B1G,EL,2000,150259.4
A,CLV20_MNAC,TOTAL,B1G,EL,2001,156182.2
A,CLV20_MNAC,TOTAL,B1G,EL,2002,163541.1
A,CLV20_MNAC,TOTAL,B1G,EL,2003,173607.4
A,CLV20_MNAC,TOTAL,B1G,EL,2004,184366.8
A,CLV20_MNAC,TOTAL,B1G,EL,2005,186333.8
A,CLV20_MNAC,TOTAL,B1G,EL,2006,196106.0
A,CLV20_MNAC,TOTAL,B1G,EL,2007,201908.1
A,CLV20_MNAC,TOTAL,B1G,EL,2008,202500.7
A,CLV20_MNAC,TOTAL,B1G,EL,2009,195847.0
A,CLV20_MNAC,TOTAL,B1G,EL,2010,184422.2
A,CLV20_MNAC,TOTAL,B1G,EL,2011,168055.2
A,CLV20_MNAC,TOTAL,B1G,EL,2012,155957.9
A,CLV20_MNAC,TOTAL,B1G,EL,2013,153361.0
A,CLV20_MNAC,TOTAL,B1G,EL,2014,153538.2
A,CLV20_MNAC,TOTAL,B1G,EL,2015,153549.0
A,CLV20_MNAC,TOTAL,B1G,EL,2016,153016.4
A,CLV20_MNAC,TOTAL,B1G,EL,2017,156453.2
A,CLV20_MNAC,TOTAL,B1G,EL,2018,159153.7
A,CLV20_MNAC,TOTAL,B1G,EL,2019,161973.5
A,CLV20_MNAC,TOTAL,B1G,EL,2020,147236.3
A,CLV20_MNAC,TOTAL,B1G,EL,2021,159199.4
A,CLV20_MNAC,TOTAL,B1G,EL,2022,167240.5
A,CLV20_MNAC,TOTAL,B1G,EL,2023,171024.2
A,CLV20_MNAC,TOTAL,B1G,EL,2024,173893.4
A,CLV20_MNAC,TOTAL,B1G,EL,2025,176231.1
A,CLV20_MNAC,TOTAL,B1G,ES,1995,700423.0
A,CLV20_MNAC,TOTAL,B1G,ES,1996,718547.0
A,CLV20_MNAC,TOTAL,B1G,ES,1997,742877.0
A,CLV20_MNAC,TOTAL,B1G,ES,1998,771497.0
A,CLV20_MNAC,TOTAL,B1G,ES,1999,804906.0
A,CLV20_MNAC,TOTAL,B1G,ES,2000,847624.0
A,CLV20_MNAC,TOTAL,B1G,ES,2001,881281.0
A,CLV20_MNAC,TOTAL,B1G,ES,2002,904871.0
A,CLV20_MNAC,TOTAL,B1G,ES,2003,928966.0
A,CLV20_MNAC,TOTAL,B1G,ES,2004,954997.0
A,CLV20_MNAC,TOTAL,B1G,ES,2005,987026.0
A,CLV20_MNAC,TOTAL,B1G,ES,2006,1028310.0
A,CLV20_MNAC,TOTAL,B1G,ES,2007,1069137.0
A,CLV20_MNAC,TOTAL,B1G,ES,2008,1080935.0
A,CLV20_MNAC,TOTAL,B1G,ES,2009,1045629.0
A,CLV20_MNAC,TOTAL,B1G,ES,2010,1043796.0
A,CLV20_MNAC,TOTAL,B1G,ES,2011,1041171.0
A,CLV20_MNAC,TOTAL,B1G,ES,2012,1012150.0
A,CLV20_MNAC,TOTAL,B1G,ES,2013,999231.0
A,CLV20_MNAC,TOTAL,B1G,ES,2014,1010034.0
A,CLV20_MNAC,TOTAL,B1G,ES,2015,1045761.0
A,CLV20_MNAC,TOTAL,B1G,ES,2016,1073529.0
A,CLV20_MNAC,TOTAL,B1G,ES,2017,1106005.0
A,CLV20_MNAC,TOTAL,B1G,ES,2018,1133142.0
A,CLV20_MNAC,TOTAL,B1G,ES,2019,1156624.0
A,CLV20_MNAC,TOTAL,B1G,ES,2020,1030964.0
A,CLV20_MNAC,TOTAL,B1G,ES,2021,1095737.0
A,CLV20_MNAC,TOTAL,B1G,ES,2022,1171459.0
A,CLV20_MNAC,TOTAL,B1G,ES,2023,1202231.0
A,CLV20_MNAC,TOTAL,B1G,ES,2024,1249211.0
A,CLV20_MNAC,TOTAL,B1G,ES,2025,1288552.0
A,CLV20_MNAC,TOTAL,B1G,EU27_2020,1995,8456962.1
A,CLV20_MNAC,TOTAL,B1G,EU27_2020,1996,8599304.5
A,CLV20_MNAC,TOTAL,B1G,EU27_2020,1997,8827665.8
A,CLV20_MNAC,TOTAL,B1G,EU27_2020,1998,9086571.8
A,CLV20_MNAC,TOTAL,B1G,EU27_2020,1999,9348223.2
A,CLV20_MNAC,TOTAL,B1G,EU27_2020,2000,9724429.0
A,CLV20_MNAC,TOTAL,B1G,EU27_2020,2001,9941640.7
A,CLV20_MNAC,TOTAL,B1G,EU27_2020,2002,10051450.5
A,CLV20_MNAC,TOTAL,B1G,EU27_2020,2003,10134944.0
A,CLV20_MNAC,TOTAL,B1G,EU27_2020,2004,10405628.6
A,CLV20_MNAC,TOTAL,B1G,EU27_2020,2005,10596880.8
A,CLV20_MNAC,TOTAL,B1G,EU27_2020,2006,10974907.7
A,CLV20_MNAC,TOTAL,B1G,EU27_2020,2007,11340643.6
A,CLV20_MNAC,TOTAL,B1G,EU27_2020,2008,11437222.5
A,CLV20_MNAC,TOTAL,B1G,EU27_2020,2009,10946905.3
A,CLV20_MNAC,TOTAL,B1G,EU27_2020,2010,11188615.0
A,CLV20_MNAC,TOTAL,B1G,EU27_2020,2011,11418922.1
A,CLV20_MNAC,TOTAL,B1G,EU27_2020,2012,11343226.9
A,CLV20_MNAC,TOTAL,B1G,EU27_2020,2013,11353235.3
A,CLV20_MNAC,TOTAL,B1G,EU27_2020,2014,11539333.0
A,CLV20_MNAC,TOTAL,B1G,EU27_2020,2015,11798818.6
A,CLV20_MNAC,TOTAL,B1G,EU27_2020,2016,12017779.7
A,CLV20_MNAC,TOTAL,B1G,EU27_2020,2017,12369483.2
A,CLV20_MNAC,TOTAL,B1G,EU27_2020,2018,12631144.1
A,CLV20_MNAC,TOTAL,B1G,EU27_2020,2019,12870086.0
A,CLV20_MNAC,TOTAL,B1G,EU27_2020,2020,12172998.6
A,CLV20_MNAC,TOTAL,B1G,EU27_2020,2021,12939680.5
A,CLV20_MNAC,TOTAL,B1G,EU27_2020,2022,13443263.4
A,CLV20_MNAC,TOTAL,B1G,EU27_2020,2023,13538968.2
A,CLV20_MNAC,TOTAL,B1G,EU27_2020,2024,13716499.1
A,CLV20_MNAC,TOTAL,B1G,EU27_2020,2025,13901822.3
A,CLV20_MNAC,TOTAL,B1G,FI,1980,95511.3
A,CLV20_MNAC,TOTAL,B1G,FI,1981,96841.5
A,CLV20_MNAC,TOTAL,B1G,FI,1982,99423.2
A,CLV20_MNAC,TOTAL,B1G,FI,1983,102981.3
A,CLV20_MNAC,TOTAL,B1G,FI,1984,106377.9
A,CLV20_MNAC,TOTAL,B1G,FI,1985,110114.4
A,CLV20_MNAC,TOTAL,B1G,FI,1986,112815.1
A,CLV20_MNAC,TOTAL,B1G,FI,1987,116353.0
A,CLV20_MNAC,TOTAL,B1G,FI,1988,121924.4
A,CLV20_MNAC,TOTAL,B1G,FI,1989,127989.8
A,CLV20_MNAC,TOTAL,B1G,FI,1990,129921.3
A,CLV20_MNAC,TOTAL,B1G,FI,1991,122103.9
A,CLV20_MNAC,TOTAL,B1G,FI,1992,118399.2
A,CLV20_MNAC,TOTAL,B1G,FI,1993,118159.1
A,CLV20_MNAC,TOTAL,B1G,FI,1994,123596.6
A,CLV20_MNAC,TOTAL,B1G,FI,1995,128848.2
A,CLV20_MNAC,TOTAL,B1G,FI,1996,133679.1
A,CLV20_MNAC,TOTAL,B1G,FI,1997,142052.1
A,CLV20_MNAC,TOTAL,B1G,FI,1998,149582.6
A,CLV20_MNAC,TOTAL,B1G,FI,1999,156552.1
A,CLV20_MNAC,TOTAL,B1G,FI,2000,166627.1
A,CLV20_MNAC,TOTAL,B1G,FI,2001,171259.3
A,CLV20_MNAC,TOTAL,B1G,FI,2002,173510.6
A,CLV20_MNAC,TOTAL,B1G,FI,2003,175557.9
A,CLV20_MNAC,TOTAL,B1G,FI,2004,182366.0
A,CLV20_MNAC,TOTAL,B1G,FI,2005,187071.5
A,CLV20_MNAC,TOTAL,B1G,FI,2006,194160.0
A,CLV20_MNAC,TOTAL,B1G,FI,2007,205846.7
A,CLV20_MNAC,TOTAL,B1G,FI,2008,207731.5
A,CLV20_MNAC,TOTAL,B1G,FI,2009,189816.8
A,CLV20_MNAC,TOTAL,B1G,FI,2010,195917.3
A,CLV20_MNAC,TOTAL,B1G,FI,2011,199304.3
A,CLV20_MNAC,TOTAL,B1G,FI,2012,195224.6
A,CLV20_MNAC,TOTAL,B1G,FI,2013,192987.1
A,CLV20_MNAC,TOTAL,B1G,FI,2014,192142.4
A,CLV20_MNAC,TOTAL,B1G,FI,2015,192731.0
A,CLV20_MNAC,TOTAL,B1G,FI,2016,197220.9
A,CLV20_MNAC,TOTAL,B1G,FI,2017,204622.8
A,CLV20_MNAC,TOTAL,B1G,FI,2018,206251.5
A,CLV20_MNAC,TOTAL,B1G,FI,2019,209596.0
A,CLV20_MNAC,TOTAL,B1G,FI,2020,204507.0
A,CLV20_MNAC,TOTAL,B1G,FI,2021,210135.7
A,CLV20_MNAC,TOTAL,B1G,FI,2022,212395.5
A,CLV20_MNAC,TOTAL,B1G,FI,2023,211713.5
A,CLV20_MNAC,TOTAL,B1G,FI,2024,213540.8
A,CLV20_MNAC,TOTAL,B1G,FI,2025,214826.4
A,CLV20_MNAC,TOTAL,B1G,FR,1975,917841.0
A,CLV20_MNAC,TOTAL,B1G,FR,1976,951703.9
A,CLV20_MNAC,TOTAL,B1G,FR,1977,992975.7
A,CLV20_MNAC,TOTAL,B1G,FR,1978,1026297.3
A,CLV20_MNAC,TOTAL,B1G,FR,1979,1057846.4
A,CLV20_MNAC,TOTAL,B1G,FR,1980,1080933.6
A,CLV20_MNAC,TOTAL,B1G,FR,1981,1094711.1
A,CLV20_MNAC,TOTAL,B1G,FR,1982,1120149.2
A,CLV20_MNAC,TOTAL,B1G,FR,1983,1134696.5
A,CLV20_MNAC,TOTAL,B1G,FR,1984,1153756.0
A,CLV20_MNAC,TOTAL,B1G,FR,1985,1171388.3
A,CLV20_MNAC,TOTAL,B1G,FR,1986,1196286.5
A,CLV20_MNAC,TOTAL,B1G,FR,1987,1222188.7
A,CLV20_MNAC,TOTAL,B1G,FR,1988,1277654.6
A,CLV20_MNAC,TOTAL,B1G,FR,1989,1337428.9
A,CLV20_MNAC,TOTAL,B1G,FR,1990,1376839.7
A,CLV20_MNAC,TOTAL,B1G,FR,1991,1394671.7
A,CLV20_MNAC,TOTAL,B1G,FR,1992,1419933.2
A,CLV20_MNAC,TOTAL,B1G,FR,1993,1415648.1
A,CLV20_MNAC,TOTAL,B1G,FR,1994,1444916.1
A,CLV20_MNAC,TOTAL,B1G,FR,1995,1480543.7
A,CLV20_MNAC,TOTAL,B1G,FR,1996,1502256.4
A,CLV20_MNAC,TOTAL,B1G,FR,1997,1540022.9
A,CLV20_MNAC,TOTAL,B1G,FR,1998,1594239.5
A,CLV20_MNAC,TOTAL,B1G,FR,1999,1648723.3
A,CLV20_MNAC,TOTAL,B1G,FR,2000,1716803.8
A,CLV20_MNAC,TOTAL,B1G,FR,2001,1749111.9
A,CLV20_MNAC,TOTAL,B1G,FR,2002,1767102.9
A,CLV20_MNAC,TOTAL,B1G,FR,2003,1782907.0
A,CLV20_MNAC,TOTAL,B1G,FR,2004,1837716.1
A,CLV20_MNAC,TOTAL,B1G,FR,2005,1869710.4
A,CLV20_MNAC,TOTAL,B1G,FR,2006,1920774.3
A,CLV20_MNAC,TOTAL,B1G,FR,2007,1971676.2
A,CLV20_MNAC,TOTAL,B1G,FR,2008,1984153.1
A,CLV20_MNAC,TOTAL,B1G,FR,2009,1932176.5
A,CLV20_MNAC,TOTAL,B1G,FR,2010,1966850.2
A,CLV20_MNAC,TOTAL,B1G,FR,2011,2016699.4
A,CLV20_MNAC,TOTAL,B1G,FR,2012,2024705.0
A,CLV20_MNAC,TOTAL,B1G,FR,2013,2041397.7
A,CLV20_MNAC,TOTAL,B1G,FR,2014,2065887.3
A,CLV20_MNAC,TOTAL,B1G,FR,2015,2082816.1
A,CLV20_MNAC,TOTAL,B1G,FR,2016,2096973.4
A,CLV20_MNAC,TOTAL,B1G,FR,2017,2137971.4
A,CLV20_MNAC,TOTAL,B1G,FR,2018,2172666.9
A,CLV20_MNAC,TOTAL,B1G,FR,2019,2218421.8
A,CLV20_MNAC,TOTAL,B1G,FR,2020,2056545.2
A,CLV20_MNAC,TOTAL,B1G,FR,2021,2191102.5
A,CLV20_MNAC,TOTAL,B1G,FR,2022,2256268.7
A,CLV20_MNAC,TOTAL,B1G,FR,2023,2304698.3
A,CLV20_MNAC,TOTAL,B1G,FR,2024,2347935.5
A,CLV20_MNAC,TOTAL,B1G,FR,2025,2367891.9
A,CLV20_MNAC,TOTAL,B1G,HR,1995,26643.4
A,CLV20_MNAC,TOTAL,B1G,HR,1996,28269.2
A,CLV20_MNAC,TOTAL,B1G,HR,1997,30242.8
A,CLV20_MNAC,TOTAL,B1G,HR,1998,30926.1
A,CLV20_MNAC,TOTAL,B1G,HR,1999,30834.9
A,CLV20_MNAC,TOTAL,B1G,HR,2000,31529.6
A,CLV20_MNAC,TOTAL,B1G,HR,2001,32657.0
A,CLV20_MNAC,TOTAL,B1G,HR,2002,34389.7
A,CLV20_MNAC,TOTAL,B1G,HR,2003,36424.0
A,CLV20_MNAC,TOTAL,B1G,HR,2004,37966.3
A,CLV20_MNAC,TOTAL,B1G,HR,2005,39571.1
A,CLV20_MNAC,TOTAL,B1G,HR,2006,41430.6
A,CLV20_MNAC,TOTAL,B1G,HR,2007,43471.9
A,CLV20_MNAC,TOTAL,B1G,HR,2008,44338.2
A,CLV20_MNAC,TOTAL,B1G,HR,2009,41827.0
A,CLV20_MNAC,TOTAL,B1G,HR,2010,41060.2
A,CLV20_MNAC,TOTAL,B1G,HR,2011,41153.4
A,CLV20_MNAC,TOTAL,B1G,HR,2012,39791.1
A,CLV20_MNAC,TOTAL,B1G,HR,2013,39598.2
A,CLV20_MNAC,TOTAL,B1G,HR,2014,39341.8
A,CLV20_MNAC,TOTAL,B1G,HR,2015,40229.3
A,CLV20_MNAC,TOTAL,B1G,HR,2016,41640.0
A,CLV20_MNAC,TOTAL,B1G,HR,2017,42807.3
A,CLV20_MNAC,TOTAL,B1G,HR,2018,43875.1
A,CLV20_MNAC,TOTAL,B1G,HR,2019,45292.7
A,CLV20_MNAC,TOTAL,B1G,HR,2020,41998.2
A,CLV20_MNAC,TOTAL,B1G,HR,2021,46909.7
A,CLV20_MNAC,TOTAL,B1G,HR,2022,50841.1
A,CLV20_MNAC,TOTAL,B1G,HR,2023,52883.1
A,CLV20_MNAC,TOTAL,B1G,HR,2024,54589.3
A,CLV20_MNAC,TOTAL,B1G,HR,2025,56131.2
A,CLV20_MNAC,TOTAL,B1G,HU,1995,22725696.3
A,CLV20_MNAC,TOTAL,B1G,HU,1996,23041005.1
A,CLV20_MNAC,TOTAL,B1G,HU,1997,23698379.1
A,CLV20_MNAC,TOTAL,B1G,HU,1998,24597779.6
A,CLV20_MNAC,TOTAL,B1G,HU,1999,25315318.6
A,CLV20_MNAC,TOTAL,B1G,HU,2000,26408696.4
A,CLV20_MNAC,TOTAL,B1G,HU,2001,27528525.9
A,CLV20_MNAC,TOTAL,B1G,HU,2002,28858667.3
A,CLV20_MNAC,TOTAL,B1G,HU,2003,30040860.3
A,CLV20_MNAC,TOTAL,B1G,HU,2004,31525706.8
A,CLV20_MNAC,TOTAL,B1G,HU,2005,32858725.8
A,CLV20_MNAC,TOTAL,B1G,HU,2006,34135510.8
A,CLV20_MNAC,TOTAL,B1G,HU,2007,34229182.4
A,CLV20_MNAC,TOTAL,B1G,HU,2008,34510965.7
A,CLV20_MNAC,TOTAL,B1G,HU,2009,32158846.4
A,CLV20_MNAC,TOTAL,B1G,HU,2010,32572103.1
A,CLV20_MNAC,TOTAL,B1G,HU,2011,33227422.9
A,CLV20_MNAC,TOTAL,B1G,HU,2012,32782082.0
A,CLV20_MNAC,TOTAL,B1G,HU,2013,33668388.6
A,CLV20_MNAC,TOTAL,B1G,HU,2014,35213921.6
A,CLV20_MNAC,TOTAL,B1G,HU,2015,36492906.1
A,CLV20_MNAC,TOTAL,B1G,HU,2016,37434252.6
A,CLV20_MNAC,TOTAL,B1G,HU,2017,38940334.3
A,CLV20_MNAC,TOTAL,B1G,HU,2018,41218804.3
A,CLV20_MNAC,TOTAL,B1G,HU,2019,43242756.8
A,CLV20_MNAC,TOTAL,B1G,HU,2020,41249705.0
A,CLV20_MNAC,TOTAL,B1G,HU,2021,44396639.0
A,CLV20_MNAC,TOTAL,B1G,HU,2022,46359107.0
A,CLV20_MNAC,TOTAL,B1G,HU,2023,46258523.0
A,CLV20_MNAC,TOTAL,B1G,HU,2024,46415267.3
A,CLV20_MNAC,TOTAL,B1G,HU,2025,46629710.1
A,CLV20_MNAC,TOTAL,B1G,IE,1995,100273.2
A,CLV20_MNAC,TOTAL,B1G,IE,1996,106295.8
A,CLV20_MNAC,TOTAL,B1G,IE,1997,117415.1
A,CLV20_MNAC,TOTAL,B1G,IE,1998,127878.4
A,CLV20_MNAC,TOTAL,B1G,IE,1999,138588.0
A,CLV20_MNAC,TOTAL,B1G,IE,2000,149900.3
A,CLV20_MNAC,TOTAL,B1G,IE,2001,155610.9
A,CLV20_MNAC,TOTAL,B1G,IE,2002,165091.3
A,CLV20_MNAC,TOTAL,B1G,IE,2003,167233.0
A,CLV20_MNAC,TOTAL,B1G,IE,2004,175626.8
A,CLV20_MNAC,TOTAL,B1G,IE,2005,186359.4
A,CLV20_MNAC,TOTAL,B1G,IE,2006,194908.1
A,CLV20_MNAC,TOTAL,B1G,IE,2007,210191.1
A,CLV20_MNAC,TOTAL,B1G,IE,2008,205475.7
A,CLV20_MNAC,TOTAL,B1G,IE,2009,192384.8
A,CLV20_MNAC,TOTAL,B1G,IE,2010,195867.0
A,CLV20_MNAC,TOTAL,B1G,IE,2011,200557.3
A,CLV20_MNAC,TOTAL,B1G,IE,2012,194994.8
A,CLV20_MNAC,TOTAL,B1G,IE,2013,199261.8
A,CLV20_MNAC,TOTAL,B1G,IE,2014,216491.5
A,CLV20_MNAC,TOTAL,B1G,IE,2015,265239.5
A,CLV20_MNAC,TOTAL,B1G,IE,2016,267845.3
A,CLV20_MNAC,TOTAL,B1G,IE,2017,288540.2
A,CLV20_MNAC,TOTAL,B1G,IE,2018,315508.4
A,CLV20_MNAC,TOTAL,B1G,IE,2019,332148.2
A,CLV20_MNAC,TOTAL,B1G,IE,2020,356678.2
A,CLV20_MNAC,TOTAL,B1G,IE,2021,417494.7
A,CLV20_MNAC,TOTAL,B1G,IE,2022,457674.7
A,CLV20_MNAC,TOTAL,B1G,IE,2023,445896.2
A,CLV20_MNAC,TOTAL,B1G,IE,2024,463542.9
A,CLV20_MNAC,TOTAL,B1G,IE,2025,500966.1
A,CLV20_MNAC,TOTAL,B1G,IS,1995,1348110.2
A,CLV20_MNAC,TOTAL,B1G,IS,1996,1408743.5
A,CLV20_MNAC,TOTAL,B1G,IS,1997,1467077.8
A,CLV20_MNAC,TOTAL,B1G,IS,1998,1569927.0
A,CLV20_MNAC,TOTAL,B1G,IS,1999,1631122.6
A,CLV20_MNAC,TOTAL,B1G,IS,2000,1711132.1
A,CLV20_MNAC,TOTAL,B1G,IS,2001,1776855.6
A,CLV20_MNAC,TOTAL,B1G,IS,2002,1786491.3
A,CLV20_MNAC,TOTAL,B1G,IS,2003,1827247.8
A,CLV20_MNAC,TOTAL,B1G,IS,2004,1966531.6
A,CLV20_MNAC,TOTAL,B1G,IS,2005,2104765.8
A,CLV20_MNAC,TOTAL,B1G,IS,2006,2224140.0
A,CLV20_MNAC,TOTAL,B1G,IS,2007,2418559.4
A,CLV20_MNAC,TOTAL,B1G,IS,2008,2459665.5
A,CLV20_MNAC,TOTAL,B1G,IS,2009,2254985.3
A,CLV20_MNAC,TOTAL,B1G,IS,2010,2204883.6
A,CLV20_MNAC,TOTAL,B1G,IS,2011,2235311.0
A,CLV20_MNAC,TOTAL,B1G,IS,2012,2261448.7
A,CLV20_MNAC,TOTAL,B1G,IS,2013,2342792.1
A,CLV20_MNAC,TOTAL,B1G,IS,2014,2387628.8
A,CLV20_MNAC,TOTAL,B1G,IS,2015,2477608.7
A,CLV20_MNAC,TOTAL,B1G,IS,2016,2631668.6
A,CLV20_MNAC,TOTAL,B1G,IS,2017,2723384.0
A,CLV20_MNAC,TOTAL,B1G,IS,2018,2850314.7
A,CLV20_MNAC,TOTAL,B1G,IS,2019,2882757.3
A,CLV20_MNAC,TOTAL,B1G,IS,2020,2691170.1
A,CLV20_MNAC,TOTAL,B1G,IS,2021,2830580.9
A,CLV20_MNAC,TOTAL,B1G,IS,2022,3081292.2
A,CLV20_MNAC,TOTAL,B1G,IS,2023,3241128.6
A,CLV20_MNAC,TOTAL,B1G,IS,2024,3211923.2
A,CLV20_MNAC,TOTAL,B1G,IS,2025,3246805.4
A,CLV20_MNAC,TOTAL,B1G,IT,1995,1395344.6
A,CLV20_MNAC,TOTAL,B1G,IT,1996,1414400.6
A,CLV20_MNAC,TOTAL,B1G,IT,1997,1437738.9
A,CLV20_MNAC,TOTAL,B1G,IT,1998,1461336.2
A,CLV20_MNAC,TOTAL,B1G,IT,1999,1484573.8
A,CLV20_MNAC,TOTAL,B1G,IT,2000,1542255.4
A,CLV20_MNAC,TOTAL,B1G,IT,2001,1571831.2
A,CLV20_MNAC,TOTAL,B1G,IT,2002,1577761.3
A,CLV20_MNAC,TOTAL,B1G,IT,2003,1578402.2
A,CLV20_MNAC,TOTAL,B1G,IT,2004,1604548.7
A,CLV20_MNAC,TOTAL,B1G,IT,2005,1617139.7
A,CLV20_MNAC,TOTAL,B1G,IT,2006,1648434.1
A,CLV20_MNAC,TOTAL,B1G,IT,2007,1674696.0
A,CLV20_MNAC,TOTAL,B1G,IT,2008,1660876.2
A,CLV20_MNAC,TOTAL,B1G,IT,2009,1569044.3
A,CLV20_MNAC,TOTAL,B1G,IT,2010,1597404.8
A,CLV20_MNAC,TOTAL,B1G,IT,2011,1609901.3
A,CLV20_MNAC,TOTAL,B1G,IT,2012,1564441.0
A,CLV20_MNAC,TOTAL,B1G,IT,2013,1540878.5
A,CLV20_MNAC,TOTAL,B1G,IT,2014,1539806.8
A,CLV20_MNAC,TOTAL,B1G,IT,2015,1554159.8
A,CLV20_MNAC,TOTAL,B1G,IT,2016,1575406.2
A,CLV20_MNAC,TOTAL,B1G,IT,2017,1604434.9
A,CLV20_MNAC,TOTAL,B1G,IT,2018,1620342.6
A,CLV20_MNAC,TOTAL,B1G,IT,2019,1631728.4
A,CLV20_MNAC,TOTAL,B1G,IT,2020,1496321.9
A,CLV20_MNAC,TOTAL,B1G,IT,2021,1630469.8
A,CLV20_MNAC,TOTAL,B1G,IT,2022,1711010.4
A,CLV20_MNAC,TOTAL,B1G,IT,2023,1726896.0
A,CLV20_MNAC,TOTAL,B1G,IT,2024,1735948.8
A,CLV20_MNAC,TOTAL,B1G,IT,2025,1742998.0
A,CLV20_MNAC,TOTAL,B1G,LT,1995,16368.9
A,CLV20_MNAC,TOTAL,B1G,LT,1996,17191.7
A,CLV20_MNAC,TOTAL,B1G,LT,1997,18618.8
A,CLV20_MNAC,TOTAL,B1G,LT,1998,20008.3
A,CLV20_MNAC,TOTAL,B1G,LT,1999,19788.8
A,CLV20_MNAC,TOTAL,B1G,LT,2000,20465.3
A,CLV20_MNAC,TOTAL,B1G,LT,2001,21792.3
A,CLV20_MNAC,TOTAL,B1G,LT,2002,23256.7
A,CLV20_MNAC,TOTAL,B1G,LT,2003,25710.7
A,CLV20_MNAC,TOTAL,B1G,LT,2004,27382.4
A,CLV20_MNAC,TOTAL,B1G,LT,2005,29499.5
A,CLV20_MNAC,TOTAL,B1G,LT,2006,31681.1
A,CLV20_MNAC,TOTAL,B1G,LT,2007,35190.7
A,CLV20_MNAC,TOTAL,B1G,LT,2008,36105.5
A,CLV20_MNAC,TOTAL,B1G,LT,2009,30747.9
A,CLV20_MNAC,TOTAL,B1G,LT,2010,30879.3
A,CLV20_MNAC,TOTAL,B1G,LT,2011,32832.0
A,CLV20_MNAC,TOTAL,B1G,LT,2012,34271.0
A,CLV20_MNAC,TOTAL,B1G,LT,2013,35657.9
A,CLV20_MNAC,TOTAL,B1G,LT,2014,37003.1
A,CLV20_MNAC,TOTAL,B1G,LT,2015,38051.3
A,CLV20_MNAC,TOTAL,B1G,LT,2016,39068.0
A,CLV20_MNAC,TOTAL,B1G,LT,2017,40869.9
A,CLV20_MNAC,TOTAL,B1G,LT,2018,42880.1
A,CLV20_MNAC,TOTAL,B1G,LT,2019,44885.7
A,CLV20_MNAC,TOTAL,B1G,LT,2020,44905.0
A,CLV20_MNAC,TOTAL,B1G,LT,2021,47776.5
A,CLV20_MNAC,TOTAL,B1G,LT,2022,48954.4
A,CLV20_MNAC,TOTAL,B1G,LT,2023,49316.4
A,CLV20_MNAC,TOTAL,B1G,LT,2024,50810.8
A,CLV20_MNAC,TOTAL,B1G,LT,2025,52294.5
A,CLV20_MNAC,TOTAL,B1G,LU,1995,27709.1
A,CLV20_MNAC,TOTAL,B1G,LU,1996,28009.6
A,CLV20_MNAC,TOTAL,B1G,LU,1997,29317.7
A,CLV20_MNAC,TOTAL,B1G,LU,1998,31252.0
A,CLV20_MNAC,TOTAL,B1G,LU,1999,33694.4
A,CLV20_MNAC,TOTAL,B1G,LU,2000,35764.6
A,CLV20_MNAC,TOTAL,B1G,LU,2001,37064.7
A,CLV20_MNAC,TOTAL,B1G,LU,2002,38211.3
A,CLV20_MNAC,TOTAL,B1G,LU,2003,39172.4
A,CLV20_MNAC,TOTAL,B1G,LU,2004,40612.6
A,CLV20_MNAC,TOTAL,B1G,LU,2005,41489.5
A,CLV20_MNAC,TOTAL,B1G,LU,2006,44319.7
A,CLV20_MNAC,TOTAL,B1G,LU,2007,47925.8
A,CLV20_MNAC,TOTAL,B1G,LU,2008,47707.7
A,CLV20_MNAC,TOTAL,B1G,LU,2009,46131.8
A,CLV20_MNAC,TOTAL,B1G,LU,2010,47816.4
A,CLV20_MNAC,TOTAL,B1G,LU,2011,47994.4
A,CLV20_MNAC,TOTAL,B1G,LU,2012,48655.2
A,CLV20_MNAC,TOTAL,B1G,LU,2013,50164.7
A,CLV20_MNAC,TOTAL,B1G,LU,2014,51191.5
A,CLV20_MNAC,TOTAL,B1G,LU,2015,53556.8
A,CLV20_MNAC,TOTAL,B1G,LU,2016,56275.8
A,CLV20_MNAC,TOTAL,B1G,LU,2017,56787.1
A,CLV20_MNAC,TOTAL,B1G,LU,2018,57491.4
A,CLV20_MNAC,TOTAL,B1G,LU,2019,59117.0
A,CLV20_MNAC,TOTAL,B1G,LU,2020,58593.3
A,CLV20_MNAC,TOTAL,B1G,LU,2021,62842.2
A,CLV20_MNAC,TOTAL,B1G,LU,2022,61909.0
A,CLV20_MNAC,TOTAL,B1G,LU,2023,61818.3
A,CLV20_MNAC,TOTAL,B1G,LU,2024,61860.8
A,CLV20_MNAC,TOTAL,B1G,LU,2025,62212.3
A,CLV20_MNAC,TOTAL,B1G,LV,1995,10332.3
A,CLV20_MNAC,TOTAL,B1G,LV,1996,10545.1
A,CLV20_MNAC,TOTAL,B1G,LV,1997,11551.6
A,CLV20_MNAC,TOTAL,B1G,LV,1998,12349.4
A,CLV20_MNAC,TOTAL,B1G,LV,1999,12742.3
A,CLV20_MNAC,TOTAL,B1G,LV,2000,13460.8
A,CLV20_MNAC,TOTAL,B1G,LV,2001,14346.2
A,CLV20_MNAC,TOTAL,B1G,LV,2002,15479.0
A,CLV20_MNAC,TOTAL,B1G,LV,2003,16773.1
A,CLV20_MNAC,TOTAL,B1G,LV,2004,18240.5
A,CLV20_MNAC,TOTAL,B1G,LV,2005,20410.5
A,CLV20_MNAC,TOTAL,B1G,LV,2006,22929.7
A,CLV20_MNAC,TOTAL,B1G,LV,2007,25113.4
A,CLV20_MNAC,TOTAL,B1G,LV,2008,24652.3
A,CLV20_MNAC,TOTAL,B1G,LV,2009,21267.9
A,CLV20_MNAC,TOTAL,B1G,LV,2010,20357.7
A,CLV20_MNAC,TOTAL,B1G,LV,2011,20894.5
A,CLV20_MNAC,TOTAL,B1G,LV,2012,22339.7
A,CLV20_MNAC,TOTAL,B1G,LV,2013,22656.6
A,CLV20_MNAC,TOTAL,B1G,LV,2014,23068.7
A,CLV20_MNAC,TOTAL,B1G,LV,2015,23884.7
A,CLV20_MNAC,TOTAL,B1G,LV,2016,24362.5
A,CLV20_MNAC,TOTAL,B1G,LV,2017,25190.4
A,CLV20_MNAC,TOTAL,B1G,LV,2018,26119.9
A,CLV20_MNAC,TOTAL,B1G,LV,2019,26283.4
A,CLV20_MNAC,TOTAL,B1G,LV,2020,25367.0
A,CLV20_MNAC,TOTAL,B1G,LV,2021,27219.0
A,CLV20_MNAC,TOTAL,B1G,LV,2022,27684.4
A,CLV20_MNAC,TOTAL,B1G,LV,2023,27539.5
A,CLV20_MNAC,TOTAL,B1G,LV,2024,27508.3
A,CLV20_MNAC,TOTAL,B1G,LV,2025,28056.9
A,CLV20_MNAC,TOTAL,B1G,MD,2015,160237.7
A,CLV20_MNAC,TOTAL,B1G,MD,2016,168634.0
A,CLV20_MNAC,TOTAL,B1G,MD,2017,174797.0
A,CLV20_MNAC,TOTAL,B1G,MD,2018,181946.9
A,CLV20_MNAC,TOTAL,B1G,MD,2019,189269.0
A,CLV20_MNAC,TOTAL,B1G,MD,2020,172961.3
A,CLV20_MNAC,TOTAL,B1G,MD,2021,196209.0
A,CLV20_MNAC,TOTAL,B1G,MD,2022,188160.4
A,CLV20_MNAC,TOTAL,B1G,MD,2023,192670.2
A,CLV20_MNAC,TOTAL,B1G,MD,2024,192793.7
A,CLV20_MNAC,TOTAL,B1G,MD,2025,197696.9
A,CLV20_MNAC,TOTAL,B1G,ME,2006,2733.3
A,CLV20_MNAC,TOTAL,B1G,ME,2007,2904.7
A,CLV20_MNAC,TOTAL,B1G,ME,2008,3099.2
A,CLV20_MNAC,TOTAL,B1G,ME,2009,2969.5
A,CLV20_MNAC,TOTAL,B1G,ME,2010,3052.3
A,CLV20_MNAC,TOTAL,B1G,ME,2011,3173.1
A,CLV20_MNAC,TOTAL,B1G,ME,2012,3111.4
A,CLV20_MNAC,TOTAL,B1G,ME,2013,3231.4
A,CLV20_MNAC,TOTAL,B1G,ME,2014,3314.8
A,CLV20_MNAC,TOTAL,B1G,ME,2015,3406.5
A,CLV20_MNAC,TOTAL,B1G,ME,2016,3507.3
A,CLV20_MNAC,TOTAL,B1G,ME,2017,3606.7
A,CLV20_MNAC,TOTAL,B1G,ME,2018,3808.8
A,CLV20_MNAC,TOTAL,B1G,ME,2019,3983.1
A,CLV20_MNAC,TOTAL,B1G,ME,2020,3426.8
A,CLV20_MNAC,TOTAL,B1G,ME,2021,3880.9
A,CLV20_MNAC,TOTAL,B1G,ME,2022,4188.2
A,CLV20_MNAC,TOTAL,B1G,ME,2023,4436.0
A,CLV20_MNAC,TOTAL,B1G,ME,2024,4520.1
A,CLV20_MNAC,TOTAL,B1G,ME,2025,4561.6
A,CLV20_MNAC,TOTAL,B1G,MK,2000,364211.1
A,CLV20_MNAC,TOTAL,B1G,MK,2001,354406.6
A,CLV20_MNAC,TOTAL,B1G,MK,2002,358565.8
A,CLV20_MNAC,TOTAL,B1G,MK,2003,367807.8
A,CLV20_MNAC,TOTAL,B1G,MK,2004,384879.9
A,CLV20_MNAC,TOTAL,B1G,MK,2005,401040.7
A,CLV20_MNAC,TOTAL,B1G,MK,2006,419172.7
A,CLV20_MNAC,TOTAL,B1G,MK,2007,444040.2
A,CLV20_MNAC,TOTAL,B1G,MK,2008,469471.3
A,CLV20_MNAC,TOTAL,B1G,MK,2009,468056.7
A,CLV20_MNAC,TOTAL,B1G,MK,2010,484023.0
A,CLV20_MNAC,TOTAL,B1G,MK,2011,493460.5
A,CLV20_MNAC,TOTAL,B1G,MK,2012,490173.2
A,CLV20_MNAC,TOTAL,B1G,MK,2013,509362.3
A,CLV20_MNAC,TOTAL,B1G,MK,2014,534750.7
A,CLV20_MNAC,TOTAL,B1G,MK,2015,558497.1
A,CLV20_MNAC,TOTAL,B1G,MK,2016,569807.0
A,CLV20_MNAC,TOTAL,B1G,MK,2017,575029.6
A,CLV20_MNAC,TOTAL,B1G,MK,2018,591818.5
A,CLV20_MNAC,TOTAL,B1G,MK,2019,614521.5
A,CLV20_MNAC,TOTAL,B1G,MK,2020,588081.2
A,CLV20_MNAC,TOTAL,B1G,MK,2021,611660.6
A,CLV20_MNAC,TOTAL,B1G,MK,2022,629197.0
A,CLV20_MNAC,TOTAL,B1G,MK,2023,647320.8
A,CLV20_MNAC,TOTAL,B1G,MK,2024,661883.6
A,CLV20_MNAC,TOTAL,B1G,MK,2025,684805.9
A,CLV20_MNAC,TOTAL,B1G,MT,2000,5928.8
A,CLV20_MNAC,TOTAL,B1G,MT,2001,5849.1
A,CLV20_MNAC,TOTAL,B1G,MT,2002,6056.4
A,CLV20_MNAC,TOTAL,B1G,MT,2003,6327.5
A,CLV20_MNAC,TOTAL,B1G,MT,2004,6261.6
A,CLV20_MNAC,TOTAL,B1G,MT,2005,6303.8
A,CLV20_MNAC,TOTAL,B1G,MT,2006,6480.8
A,CLV20_MNAC,TOTAL,B1G,MT,2007,6842.0
A,CLV20_MNAC,TOTAL,B1G,MT,2008,7184.8
A,CLV20_MNAC,TOTAL,B1G,MT,2009,7224.8
A,CLV20_MNAC,TOTAL,B1G,MT,2010,7640.9
A,CLV20_MNAC,TOTAL,B1G,MT,2011,7571.4
A,CLV20_MNAC,TOTAL,B1G,MT,2012,7933.2
A,CLV20_MNAC,TOTAL,B1G,MT,2013,8547.1
A,CLV20_MNAC,TOTAL,B1G,MT,2014,9326.9
A,CLV20_MNAC,TOTAL,B1G,MT,2015,10178.5
A,CLV20_MNAC,TOTAL,B1G,MT,2016,10601.5
A,CLV20_MNAC,TOTAL,B1G,MT,2017,11995.9
A,CLV20_MNAC,TOTAL,B1G,MT,2018,12890.4
A,CLV20_MNAC,TOTAL,B1G,MT,2019,13430.4
A,CLV20_MNAC,TOTAL,B1G,MT,2020,13149.7
A,CLV20_MNAC,TOTAL,B1G,MT,2021,14993.0
A,CLV20_MNAC,TOTAL,B1G,MT,2022,15561.0
A,CLV20_MNAC,TOTAL,B1G,MT,2023,16767.1
A,CLV20_MNAC,TOTAL,B1G,MT,2024,17817.9
A,CLV20_MNAC,TOTAL,B1G,MT,2025,18706.3
A,CLV20_MNAC,TOTAL,B1G,NL,1995,457906.6
A,CLV20_MNAC,TOTAL,B1G,NL,1996,472187.6
A,CLV20_MNAC,TOTAL,B1G,NL,1997,492866.9
A,CLV20_MNAC,TOTAL,B1G,NL,1998,515567.7
A,CLV20_MNAC,TOTAL,B1G,NL,1999,540183.4
A,CLV20_MNAC,TOTAL,B1G,NL,2000,564177.7
A,CLV20_MNAC,TOTAL,B1G,NL,2001,577467.5
A,CLV20_MNAC,TOTAL,B1G,NL,2002,578733.7
A,CLV20_MNAC,TOTAL,B1G,NL,2003,579085.9
A,CLV20_MNAC,TOTAL,B1G,NL,2004,591271.9
A,CLV20_MNAC,TOTAL,B1G,NL,2005,603497.1
A,CLV20_MNAC,TOTAL,B1G,NL,2006,624320.2
A,CLV20_MNAC,TOTAL,B1G,NL,2007,649175.6
A,CLV20_MNAC,TOTAL,B1G,NL,2008,665026.1
A,CLV20_MNAC,TOTAL,B1G,NL,2009,642971.1
A,CLV20_MNAC,TOTAL,B1G,NL,2010,652540.6
A,CLV20_MNAC,TOTAL,B1G,NL,2011,666380.3
A,CLV20_MNAC,TOTAL,B1G,NL,2012,661440.0
A,CLV20_MNAC,TOTAL,B1G,NL,2013,663884.2
A,CLV20_MNAC,TOTAL,B1G,NL,2014,674862.8
A,CLV20_MNAC,TOTAL,B1G,NL,2015,687898.1
A,CLV20_MNAC,TOTAL,B1G,NL,2016,703337.6
A,CLV20_MNAC,TOTAL,B1G,NL,2017,722935.7
A,CLV20_MNAC,TOTAL,B1G,NL,2018,738924.1
A,CLV20_MNAC,TOTAL,B1G,NL,2019,756589.6
A,CLV20_MNAC,TOTAL,B1G,NL,2020,726149.0
A,CLV20_MNAC,TOTAL,B1G,NL,2021,774694.5
A,CLV20_MNAC,TOTAL,B1G,NL,2022,818693.0
A,CLV20_MNAC,TOTAL,B1G,NL,2023,814136.2
A,CLV20_MNAC,TOTAL,B1G,NL,2024,823329.0
A,CLV20_MNAC,TOTAL,B1G,NL,2025,837402.5
A,CLV20_MNAC,TOTAL,B1G,NO,1975,988895.4
A,CLV20_MNAC,TOTAL,B1G,NO,1976,1053191.9
A,CLV20_MNAC,TOTAL,B1G,NO,1977,1090218.7
A,CLV20_MNAC,TOTAL,B1G,NO,1978,1139175.8
A,CLV20_MNAC,TOTAL,B1G,NO,1979,1186127.8
A,CLV20_MNAC,TOTAL,B1G,NO,1980,1248760.1
A,CLV20_MNAC,TOTAL,B1G,NO,1981,1265111.0
A,CLV20_MNAC,TOTAL,B1G,NO,1982,1271177.8
A,CLV20_MNAC,TOTAL,B1G,NO,1983,1320121.3
A,CLV20_MNAC,TOTAL,B1G,NO,1984,1411340.3
A,CLV20_MNAC,TOTAL,B1G,NO,1985,1479293.9
A,CLV20_MNAC,TOTAL,B1G,NO,1986,1530622.6
A,CLV20_MNAC,TOTAL,B1G,NO,1987,1572024.7
A,CLV20_MNAC,TOTAL,B1G,NO,1988,1585676.8
A,CLV20_MNAC,TOTAL,B1G,NO,1989,1618213.3
A,CLV20_MNAC,TOTAL,B1G,NO,1990,1648687.2
A,CLV20_MNAC,TOTAL,B1G,NO,1991,1699987.2
A,CLV20_MNAC,TOTAL,B1G,NO,1992,1761451.9
A,CLV20_MNAC,TOTAL,B1G,NO,1993,1807902.2
A,CLV20_MNAC,TOTAL,B1G,NO,1994,1903315.3
A,CLV20_MNAC,TOTAL,B1G,NO,1995,1977333.6
A,CLV20_MNAC,TOTAL,B1G,NO,1996,2067317.5
A,CLV20_MNAC,TOTAL,B1G,NO,1997,2170972.2
A,CLV20_MNAC,TOTAL,B1G,NO,1998,2223219.7
A,CLV20_MNAC,TOTAL,B1G,NO,1999,2270928.1
A,CLV20_MNAC,TOTAL,B1G,NO,2000,2350964.4
A,CLV20_MNAC,TOTAL,B1G,NO,2001,2396963.9
A,CLV20_MNAC,TOTAL,B1G,NO,2002,2424340.0
A,CLV20_MNAC,TOTAL,B1G,NO,2003,2449651.4
A,CLV20_MNAC,TOTAL,B1G,NO,2004,2551055.2
A,CLV20_MNAC,TOTAL,B1G,NO,2005,2623735.7
A,CLV20_MNAC,TOTAL,B1G,NO,2006,2687755.4
A,CLV20_MNAC,TOTAL,B1G,NO,2007,2768107.3
A,CLV20_MNAC,TOTAL,B1G,NO,2008,2798029.1
A,CLV20_MNAC,TOTAL,B1G,NO,2009,2749298.4
A,CLV20_MNAC,TOTAL,B1G,NO,2010,2770132.5
A,CLV20_MNAC,TOTAL,B1G,NO,2011,2802153.5
A,CLV20_MNAC,TOTAL,B1G,NO,2012,2879283.2
A,CLV20_MNAC,TOTAL,B1G,NO,2013,2914817.6
A,CLV20_MNAC,TOTAL,B1G,NO,2014,2976208.2
A,CLV20_MNAC,TOTAL,B1G,NO,2015,3036290.5
A,CLV20_MNAC,TOTAL,B1G,NO,2016,3072228.1
A,CLV20_MNAC,TOTAL,B1G,NO,2017,3153512.4
A,CLV20_MNAC,TOTAL,B1G,NO,2018,3186982.8
A,CLV20_MNAC,TOTAL,B1G,NO,2019,3238550.9
A,CLV20_MNAC,TOTAL,B1G,NO,2020,3195302.0
A,CLV20_MNAC,TOTAL,B1G,NO,2021,3325925.2
A,CLV20_MNAC,TOTAL,B1G,NO,2022,3475404.0
A,CLV20_MNAC,TOTAL,B1G,NO,2023,3488156.0
A,CLV20_MNAC,TOTAL,B1G,NO,2024,3543546.6
A,CLV20_MNAC,TOTAL,B1G,NO,2025,3580007.6
A,CLV20_MNAC,TOTAL,B1G,PL,1995,825710.0
A,CLV20_MNAC,TOTAL,B1G,PL,1996,871515.0
A,CLV20_MNAC,TOTAL,B1G,PL,1997,921241.0
A,CLV20_MNAC,TOTAL,B1G,PL,1998,962134.0
A,CLV20_MNAC,TOTAL,B1G,PL,1999,1005029.0
A,CLV20_MNAC,TOTAL,B1G,PL,2000,1049443.0
A,CLV20_MNAC,TOTAL,B1G,PL,2001,1063407.0
A,CLV20_MNAC,TOTAL,B1G,PL,2002,1082718.0
A,CLV20_MNAC,TOTAL,B1G,PL,2003,1118909.0
A,CLV20_MNAC,TOTAL,B1G,PL,2004,1179590.0
A,CLV20_MNAC,TOTAL,B1G,PL,2005,1216352.0
A,CLV20_MNAC,TOTAL,B1G,PL,2006,1291507.0
A,CLV20_MNAC,TOTAL,B1G,PL,2007,1379316.0
A,CLV20_MNAC,TOTAL,B1G,PL,2008,1436602.0
A,CLV20_MNAC,TOTAL,B1G,PL,2009,1478073.0
A,CLV20_MNAC,TOTAL,B1G,PL,2010,1524113.0
A,CLV20_MNAC,TOTAL,B1G,PL,2011,1603298.0
A,CLV20_MNAC,TOTAL,B1G,PL,2012,1624814.0
A,CLV20_MNAC,TOTAL,B1G,PL,2013,1634680.0
A,CLV20_MNAC,TOTAL,B1G,PL,2014,1697289.0
A,CLV20_MNAC,TOTAL,B1G,PL,2015,1774814.0
A,CLV20_MNAC,TOTAL,B1G,PL,2016,1826243.0
A,CLV20_MNAC,TOTAL,B1G,PL,2017,1917702.0
A,CLV20_MNAC,TOTAL,B1G,PL,2018,2037403.0
A,CLV20_MNAC,TOTAL,B1G,PL,2019,2128686.0
A,CLV20_MNAC,TOTAL,B1G,PL,2020,2084829.0
A,CLV20_MNAC,TOTAL,B1G,PL,2021,2223039.0
A,CLV20_MNAC,TOTAL,B1G,PL,2022,2344327.0
A,CLV20_MNAC,TOTAL,B1G,PL,2023,2374893.0
A,CLV20_MNAC,TOTAL,B1G,PL,2024,2428743.0
A,CLV20_MNAC,TOTAL,B1G,PL,2025,2504282.0
A,CLV20_MNAC,TOTAL,B1G,PT,1995,135951.6
A,CLV20_MNAC,TOTAL,B1G,PT,1996,140214.5
A,CLV20_MNAC,TOTAL,B1G,PT,1997,146279.0
A,CLV20_MNAC,TOTAL,B1G,PT,1998,152152.9
A,CLV20_MNAC,TOTAL,B1G,PT,1999,157175.1
A,CLV20_MNAC,TOTAL,B1G,PT,2000,163003.3
A,CLV20_MNAC,TOTAL,B1G,PT,2001,166640.1
A,CLV20_MNAC,TOTAL,B1G,PT,2002,167750.4
A,CLV20_MNAC,TOTAL,B1G,PT,2003,166360.0
A,CLV20_MNAC,TOTAL,B1G,PT,2004,169115.1
A,CLV20_MNAC,TOTAL,B1G,PT,2005,169939.5
A,CLV20_MNAC,TOTAL,B1G,PT,2006,172708.4
A,CLV20_MNAC,TOTAL,B1G,PT,2007,177587.1
A,CLV20_MNAC,TOTAL,B1G,PT,2008,178731.7
A,CLV20_MNAC,TOTAL,B1G,PT,2009,174071.0
A,CLV20_MNAC,TOTAL,B1G,PT,2010,176764.0
A,CLV20_MNAC,TOTAL,B1G,PT,2011,174972.3
A,CLV20_MNAC,TOTAL,B1G,PT,2012,169312.4
A,CLV20_MNAC,TOTAL,B1G,PT,2013,168235.2
A,CLV20_MNAC,TOTAL,B1G,PT,2014,168702.4
A,CLV20_MNAC,TOTAL,B1G,PT,2015,170990.3
A,CLV20_MNAC,TOTAL,B1G,PT,2016,173943.5
A,CLV20_MNAC,TOTAL,B1G,PT,2017,179445.3
A,CLV20_MNAC,TOTAL,B1G,PT,2018,184623.2
A,CLV20_MNAC,TOTAL,B1G,PT,2019,189634.8
A,CLV20_MNAC,TOTAL,B1G,PT,2020,175104.3
A,CLV20_MNAC,TOTAL,B1G,PT,2021,184411.9
A,CLV20_MNAC,TOTAL,B1G,PT,2022,197162.1
A,CLV20_MNAC,TOTAL,B1G,PT,2023,203242.7
A,CLV20_MNAC,TOTAL,B1G,PT,2024,207444.3
A,CLV20_MNAC,TOTAL,B1G,PT,2025,211068.1
A,CLV20_MNAC,TOTAL,B1G,RO,1995,503273.8
A,CLV20_MNAC,TOTAL,B1G,RO,1996,521315.1
A,CLV20_MNAC,TOTAL,B1G,RO,1997,488674.6
A,CLV20_MNAC,TOTAL,B1G,RO,1998,462118.8
A,CLV20_MNAC,TOTAL,B1G,RO,1999,464795.4
A,CLV20_MNAC,TOTAL,B1G,RO,2000,477593.8
A,CLV20_MNAC,TOTAL,B1G,RO,2001,505113.3
A,CLV20_MNAC,TOTAL,B1G,RO,2002,530650.9
A,CLV20_MNAC,TOTAL,B1G,RO,2003,542744.8
A,CLV20_MNAC,TOTAL,B1G,RO,2004,600325.7
A,CLV20_MNAC,TOTAL,B1G,RO,2005,624445.8
A,CLV20_MNAC,TOTAL,B1G,RO,2006,677491.3
A,CLV20_MNAC,TOTAL,B1G,RO,2007,725049.4
A,CLV20_MNAC,TOTAL,B1G,RO,2008,793871.0
A,CLV20_MNAC,TOTAL,B1G,RO,2009,758609.4
A,CLV20_MNAC,TOTAL,B1G,RO,2010,719319.4
A,CLV20_MNAC,TOTAL,B1G,RO,2011,750172.7
A,CLV20_MNAC,TOTAL,B1G,RO,2012,765186.8
A,CLV20_MNAC,TOTAL,B1G,RO,2013,768279.9
A,CLV20_MNAC,TOTAL,B1G,RO,2014,800294.2
A,CLV20_MNAC,TOTAL,B1G,RO,2015,821674.6
A,CLV20_MNAC,TOTAL,B1G,RO,2016,844803.8
A,CLV20_MNAC,TOTAL,B1G,RO,2017,915803.9
A,CLV20_MNAC,TOTAL,B1G,RO,2018,961063.2
A,CLV20_MNAC,TOTAL,B1G,RO,2019,997561.6
A,CLV20_MNAC,TOTAL,B1G,RO,2020,963798.7
A,CLV20_MNAC,TOTAL,B1G,RO,2021,1013893.9
A,CLV20_MNAC,TOTAL,B1G,RO,2022,1048268.6
A,CLV20_MNAC,TOTAL,B1G,RO,2023,1068904.4
A,CLV20_MNAC,TOTAL,B1G,RO,2024,1070583.1
A,CLV20_MNAC,TOTAL,B1G,RO,2025,1077642.7
A,CLV20_MNAC,TOTAL,B1G,RS,1995,2388530.2
A,CLV20_MNAC,TOTAL,B1G,RS,1996,2518342.9
A,CLV20_MNAC,TOTAL,B1G,RS,1997,2752751.7
A,CLV20_MNAC,TOTAL,B1G,RS,1998,2904623.9
A,CLV20_MNAC,TOTAL,B1G,RS,1999,2601970.2
A,CLV20_MNAC,TOTAL,B1G,RS,2000,2751022.2
A,CLV20_MNAC,TOTAL,B1G,RS,2001,2915270.8
A,CLV20_MNAC,TOTAL,B1G,RS,2002,3099395.8
A,CLV20_MNAC,TOTAL,B1G,RS,2003,3226566.3
A,CLV20_MNAC,TOTAL,B1G,RS,2004,3376561.7
A,CLV20_MNAC,TOTAL,B1G,RS,2005,3595152.5
A,CLV20_MNAC,TOTAL,B1G,RS,2006,3686356.5
A,CLV20_MNAC,TOTAL,B1G,RS,2007,3961770.0
A,CLV20_MNAC,TOTAL,B1G,RS,2008,4170841.9
A,CLV20_MNAC,TOTAL,B1G,RS,2009,4062282.3
A,CLV20_MNAC,TOTAL,B1G,RS,2010,4141578.3
A,CLV20_MNAC,TOTAL,B1G,RS,2011,4154573.2
A,CLV20_MNAC,TOTAL,B1G,RS,2012,4159295.2
A,CLV20_MNAC,TOTAL,B1G,RS,2013,4196763.9
A,CLV20_MNAC,TOTAL,B1G,RS,2014,4117897.2
A,CLV20_MNAC,TOTAL,B1G,RS,2015,4184387.4
A,CLV20_MNAC,TOTAL,B1G,RS,2016,4302239.0
A,CLV20_MNAC,TOTAL,B1G,RS,2017,4415838.9
A,CLV20_MNAC,TOTAL,B1G,RS,2018,4635877.0
A,CLV20_MNAC,TOTAL,B1G,RS,2019,4858872.2
A,CLV20_MNAC,TOTAL,B1G,RS,2020,4834183.6
A,CLV20_MNAC,TOTAL,B1G,RS,2021,5216031.3
A,CLV20_MNAC,TOTAL,B1G,RS,2022,5351898.1
A,CLV20_MNAC,TOTAL,B1G,RS,2023,5603145.7
A,CLV20_MNAC,TOTAL,B1G,RS,2024,5820323.9
A,CLV20_MNAC,TOTAL,B1G,RS,2025,5923541.2
A,CLV20_MNAC,TOTAL,B1G,SE,1993,2323776.0
A,CLV20_MNAC,TOTAL,B1G,SE,1994,2423432.0
A,CLV20_MNAC,TOTAL,B1G,SE,1995,2541064.0
A,CLV20_MNAC,TOTAL,B1G,SE,1996,2589556.0
A,CLV20_MNAC,TOTAL,B1G,SE,1997,2673686.0
A,CLV20_MNAC,TOTAL,B1G,SE,1998,2787673.0
A,CLV20_MNAC,TOTAL,B1G,SE,1999,2906795.0
A,CLV20_MNAC,TOTAL,B1G,SE,2000,3060971.0
A,CLV20_MNAC,TOTAL,B1G,SE,2001,3101640.0
A,CLV20_MNAC,TOTAL,B1G,SE,2002,3170599.0
A,CLV20_MNAC,TOTAL,B1G,SE,2003,3231971.0
A,CLV20_MNAC,TOTAL,B1G,SE,2004,3377661.0
A,CLV20_MNAC,TOTAL,B1G,SE,2005,3466536.0
A,CLV20_MNAC,TOTAL,B1G,SE,2006,3635877.0
A,CLV20_MNAC,TOTAL,B1G,SE,2007,3752611.0
A,CLV20_MNAC,TOTAL,B1G,SE,2008,3716660.0
A,CLV20_MNAC,TOTAL,B1G,SE,2009,3546732.0
A,CLV20_MNAC,TOTAL,B1G,SE,2010,3756585.0
A,CLV20_MNAC,TOTAL,B1G,SE,2011,3893369.0
A,CLV20_MNAC,TOTAL,B1G,SE,2012,3877859.0
A,CLV20_MNAC,TOTAL,B1G,SE,2013,3920616.0
A,CLV20_MNAC,TOTAL,B1G,SE,2014,4012648.0
A,CLV20_MNAC,TOTAL,B1G,SE,2015,4184403.0
A,CLV20_MNAC,TOTAL,B1G,SE,2016,4258271.0
A,CLV20_MNAC,TOTAL,B1G,SE,2017,4343932.0
A,CLV20_MNAC,TOTAL,B1G,SE,2018,4423146.0
A,CLV20_MNAC,TOTAL,B1G,SE,2019,4547499.0
A,CLV20_MNAC,TOTAL,B1G,SE,2020,4444511.0
A,CLV20_MNAC,TOTAL,B1G,SE,2021,4682960.0
A,CLV20_MNAC,TOTAL,B1G,SE,2022,4750689.0
A,CLV20_MNAC,TOTAL,B1G,SE,2023,4766113.0
A,CLV20_MNAC,TOTAL,B1G,SE,2024,4875059.0
A,CLV20_MNAC,TOTAL,B1G,SE,2025,4935520.0
A,CLV20_MNAC,TOTAL,B1G,SI,1995,21944.1
A,CLV20_MNAC,TOTAL,B1G,SI,1996,22516.8
A,CLV20_MNAC,TOTAL,B1G,SI,1997,23635.8
A,CLV20_MNAC,TOTAL,B1G,SI,1998,24281.3
A,CLV20_MNAC,TOTAL,B1G,SI,1999,25404.6
A,CLV20_MNAC,TOTAL,B1G,SI,2000,26390.5
A,CLV20_MNAC,TOTAL,B1G,SI,2001,27295.3
A,CLV20_MNAC,TOTAL,B1G,SI,2002,28282.4
A,CLV20_MNAC,TOTAL,B1G,SI,2003,29241.1
A,CLV20_MNAC,TOTAL,B1G,SI,2004,30573.9
A,CLV20_MNAC,TOTAL,B1G,SI,2005,31701.9
A,CLV20_MNAC,TOTAL,B1G,SI,2006,33652.6
A,CLV20_MNAC,TOTAL,B1G,SI,2007,36124.3
A,CLV20_MNAC,TOTAL,B1G,SI,2008,37212.0
A,CLV20_MNAC,TOTAL,B1G,SI,2009,34569.7
A,CLV20_MNAC,TOTAL,B1G,SI,2010,34976.2
A,CLV20_MNAC,TOTAL,B1G,SI,2011,35090.0
A,CLV20_MNAC,TOTAL,B1G,SI,2012,34190.4
A,CLV20_MNAC,TOTAL,B1G,SI,2013,34031.6
A,CLV20_MNAC,TOTAL,B1G,SI,2014,35216.3
A,CLV20_MNAC,TOTAL,B1G,SI,2015,36046.4
A,CLV20_MNAC,TOTAL,B1G,SI,2016,37184.4
A,CLV20_MNAC,TOTAL,B1G,SI,2017,39220.6
A,CLV20_MNAC,TOTAL,B1G,SI,2018,40943.3
A,CLV20_MNAC,TOTAL,B1G,SI,2019,42437.3
A,CLV20_MNAC,TOTAL,B1G,SI,2020,41139.2
A,CLV20_MNAC,TOTAL,B1G,SI,2021,44383.6
A,CLV20_MNAC,TOTAL,B1G,SI,2022,45548.3
A,CLV20_MNAC,TOTAL,B1G,SI,2023,46876.6
A,CLV20_MNAC,TOTAL,B1G,SI,2024,47871.7
A,CLV20_MNAC,TOTAL,B1G,SI,2025,48608.4
A,CLV20_MNAC,TOTAL,B1G,SK,1995,35834.8
A,CLV20_MNAC,TOTAL,B1G,SK,1996,38581.2
A,CLV20_MNAC,TOTAL,B1G,SK,1997,40710.1
A,CLV20_MNAC,TOTAL,B1G,SK,1998,42025.9
A,CLV20_MNAC,TOTAL,B1G,SK,1999,41968.2
A,CLV20_MNAC,TOTAL,B1G,SK,2000,42227.3
A,CLV20_MNAC,TOTAL,B1G,SK,2001,43971.4
A,CLV20_MNAC,TOTAL,B1G,SK,2002,45770.9
A,CLV20_MNAC,TOTAL,B1G,SK,2003,47651.1
A,CLV20_MNAC,TOTAL,B1G,SK,2004,49866.3
A,CLV20_MNAC,TOTAL,B1G,SK,2005,52840.3
A,CLV20_MNAC,TOTAL,B1G,SK,2006,58295.8
A,CLV20_MNAC,TOTAL,B1G,SK,2007,64764.7
A,CLV20_MNAC,TOTAL,B1G,SK,2008,68644.6
A,CLV20_MNAC,TOTAL,B1G,SK,2009,65124.9
A,CLV20_MNAC,TOTAL,B1G,SK,2010,69675.7
A,CLV20_MNAC,TOTAL,B1G,SK,2011,70945.0
A,CLV20_MNAC,TOTAL,B1G,SK,2012,72686.3
A,CLV20_MNAC,TOTAL,B1G,SK,2013,72866.6
A,CLV20_MNAC,TOTAL,B1G,SK,2014,74798.1
A,CLV20_MNAC,TOTAL,B1G,SK,2015,78478.3
A,CLV20_MNAC,TOTAL,B1G,SK,2016,80107.1
A,CLV20_MNAC,TOTAL,B1G,SK,2017,81896.5
A,CLV20_MNAC,TOTAL,B1G,SK,2018,85145.8
A,CLV20_MNAC,TOTAL,B1G,SK,2019,86707.3
A,CLV20_MNAC,TOTAL,B1G,SK,2020,84655.0
A,CLV20_MNAC,TOTAL,B1G,SK,2021,88941.5
A,CLV20_MNAC,TOTAL,B1G,SK,2022,89025.6
A,CLV20_MNAC,TOTAL,B1G,SK,2023,92991.8
A,CLV20_MNAC,TOTAL,B1G,SK,2024,94083.1
A,CLV20_MNAC,TOTAL,B1G,SK,2025,94380.4
A,CLV20_MNAC,TOTAL,B1G,TR,1995,1534405.3
A,CLV20_MNAC,TOTAL,B1G,TR,1996,1628185.9
A,CLV20_MNAC,TOTAL,B1G,TR,1997,1741812.4
A,CLV20_MNAC,TOTAL,B1G,TR,1998,1795769.4
A,CLV20_MNAC,TOTAL,B1G,TR,1999,1743215.7
A,CLV20_MNAC,TOTAL,B1G,TR,2000,1863652.8
A,CLV20_MNAC,TOTAL,B1G,TR,2001,1761419.8
A,CLV20_MNAC,TOTAL,B1G,TR,2002,1873370.9
A,CLV20_MNAC,TOTAL,B1G,TR,2003,1978685.0
A,CLV20_MNAC,TOTAL,B1G,TR,2004,2174626.4
A,CLV20_MNAC,TOTAL,B1G,TR,2005,2365915.0
A,CLV20_MNAC,TOTAL,B1G,TR,2006,2532432.1
A,CLV20_MNAC,TOTAL,B1G,TR,2007,2658632.0
A,CLV20_MNAC,TOTAL,B1G,TR,2008,2687837.9
A,CLV20_MNAC,TOTAL,B1G,TR,2009,2568045.8
A,CLV20_MNAC,TOTAL,B1G,TR,2010,2752175.6
A,CLV20_MNAC,TOTAL,B1G,TR,2011,3064458.4
A,CLV20_MNAC,TOTAL,B1G,TR,2012,3222389.5
A,CLV20_MNAC,TOTAL,B1G,TR,2013,3477263.1
A,CLV20_MNAC,TOTAL,B1G,TR,2014,3662067.8
A,CLV20_MNAC,TOTAL,B1G,TR,2015,3856046.9
A,CLV20_MNAC,TOTAL,B1G,TR,2016,3982479.4
A,CLV20_MNAC,TOTAL,B1G,TR,2017,4313507.9
A,CLV20_MNAC,TOTAL,B1G,TR,2018,4481357.8
A,CLV20_MNAC,TOTAL,B1G,TR,2019,4545664.9
A,CLV20_MNAC,TOTAL,B1G,TR,2020,4589619.5
A,CLV20_MNAC,TOTAL,B1G,TR,2021,5184499.8
A,CLV20_MNAC,TOTAL,B1G,TR,2022,5495176.6
A,CLV20_MNAC,TOTAL,B1G,TR,2023,5724856.1
A,CLV20_MNAC,TOTAL,B1G,TR,2024,5893289.7
A,CLV20_MNAC,TOTAL,B1G,TR,2025,6081255.0
A,CLV20_MNAC,TOTAL,B1G,UA,2010,3678912.2
A,CLV20_MNAC,TOTAL,B1G,UA,2011,3858330.3
A,CLV20_MNAC,TOTAL,B1G,UA,2012,3878228.2
A,CLV20_MNAC,TOTAL,B1G,UA,2013,3897602.9
A,CLV20_MNAC,TOTAL,B1G,UA,2014,3637023.2
A,CLV20_MNAC,TOTAL,B1G,UA,2015,3319562.3
A,CLV20_MNAC,TOTAL,B1G,UA,2016,3411623.7
A,CLV20_MNAC,TOTAL,B1G,UA,2017,3480711.3
A,CLV20_MNAC,TOTAL,B1G,UA,2018,3618449.6
A,CLV20_MNAC,TOTAL,B1G,UA,2019,3753518.3
A,CLV20_MNAC,TOTAL,B1G,UA,2020,3626725.0
A,CLV20_MNAC,TOTAL,B1G,UA,2021,3782978.0
A,CLV20_MNAC,TOTAL,B1G,UA,2022,2749585.6
A,CLV20_MNAC,TOTAL,B1G,UA,2023,2898910.1
A,CLV20_MNAC,TOTAL,B1G,UA,2024,3000590.6
A,CLV20_MNAC,TOTAL,B1G,XK,2008,3542.1
A,CLV20_MNAC,TOTAL,B1G,XK,2009,3751.5
A,CLV20_MNAC,TOTAL,B1G,XK,2010,3920.5
A,CLV20_MNAC,TOTAL,B1G,XK,2011,4095.7
A,CLV20_MNAC,TOTAL,B1G,XK,2012,4159.7
A,CLV20_MNAC,TOTAL,B1G,XK,2013,4428.7
A,CLV20_MNAC,TOTAL,B1G,XK,2014,4560.7
A,CLV20_MNAC,TOTAL,B1G,XK,2015,4838.4
A,CLV20_MNAC,TOTAL,B1G,XK,2016,5070.7
A,CLV20_MNAC,TOTAL,B1G,XK,2017,5333.2
A,CLV20_MNAC,TOTAL,B1G,XK,2018,5537.1
A,CLV20_MNAC,TOTAL,B1G,XK,2019,5800.3
A,CLV20_MNAC,TOTAL,B1G,XK,2020,5590.5
A,CLV20_MNAC,TOTAL,B1G,XK,2021,6025.9
A,CLV20_MNAC,TOTAL,B1G,XK,2022,6340.1
A,CLV20_MNAC,TOTAL,B1G,XK,2023,6565.3
A,CLV20_MNAC,TOTAL,B1G,XK,2024,6753.0
A,CLV20_MNAC,TOTAL,B1G,XK,2025,6945.2
A,CP_MNAC,B-E,B1G,AL,1995,28791.5
A,CP_MNAC,B-E,B1G,AL,1996,35924.0
A,CP_MNAC,B-E,B1G,AL,1997,32293.2
A,CP_MNAC,B-E,B1G,AL,1998,32818.0
A,CP_MNAC,B-E,B1G,AL,1999,37283.2
A,CP_MNAC,B-E,B1G,AL,2000,42282.7
A,CP_MNAC,B-E,B1G,AL,2001,44693.4
A,CP_MNAC,B-E,B1G,AL,2002,43637.2
A,CP_MNAC,B-E,B1G,AL,2003,57433.7
A,CP_MNAC,B-E,B1G,AL,2004,68132.6
A,CP_MNAC,B-E,B1G,AL,2005,79310.1
A,CP_MNAC,B-E,B1G,AL,2006,86281.6
A,CP_MNAC,B-E,B1G,AL,2007,94578.9
A,CP_MNAC,B-E,B1G,AL,2008,103847.8
A,CP_MNAC,B-E,B1G,AL,2009,113155.6
A,CP_MNAC,B-E,B1G,AL,2010,151499.6
A,CP_MNAC,B-E,B1G,AL,2011,152960.7
A,CP_MNAC,B-E,B1G,AL,2012,153302.3
A,CP_MNAC,B-E,B1G,AL,2013,172046.8
A,CP_MNAC,B-E,B1G,AL,2014,178727.3
A,CP_MNAC,B-E,B1G,AL,2015,188614.8
A,CP_MNAC,B-E,B1G,AL,2016,187640.4
A,CP_MNAC,B-E,B1G,AL,2017,179170.1
A,CP_MNAC,B-E,B1G,AL,2018,204979.8
A,CP_MNAC,B-E,B1G,AL,2019,206606.0
A,CP_MNAC,B-E,B1G,AL,2020,194575.9
A,CP_MNAC,B-E,B1G,AL,2021,213834.6
A,CP_MNAC,B-E,B1G,AL,2022,257291.3
A,CP_MNAC,B-E,B1G,AL,2023,281140.1
A,CP_MNAC,B-E,B1G,AL,2024,279250.3
A,CP_MNAC,B-E,B1G,AL,2025,266856.7
A,CP_MNAC,B-E,B1G,AT,1995,39068.5
A,CP_MNAC,B-E,B1G,AT,1996,39891.8
A,CP_MNAC,B-E,B1G,AT,1997,41346.7
A,CP_MNAC,B-E,B1G,AT,1998,42644.4
A,CP_MNAC,B-E,B1G,AT,1999,44460.3
A,CP_MNAC,B-E,B1G,AT,2000,46836.9
A,CP_MNAC,B-E,B1G,AT,2001,48793.6
A,CP_MNAC,B-E,B1G,AT,2002,48587.2
A,CP_MNAC,B-E,B1G,AT,2003,49240.0
A,CP_MNAC,B-E,B1G,AT,2004,51337.5
A,CP_MNAC,B-E,B1G,AT,2005,53897.9
A,CP_MNAC,B-E,B1G,AT,2006,57833.0
A,CP_MNAC,B-E,B1G,AT,2007,61446.6
A,CP_MNAC,B-E,B1G,AT,2008,62100.5
A,CP_MNAC,B-E,B1G,AT,2009,57816.4
A,CP_MNAC,B-E,B1G,AT,2010,59771.9
A,CP_MNAC,B-E,B1G,AT,2011,62914.4
A,CP_MNAC,B-E,B1G,AT,2012,64872.6
A,CP_MNAC,B-E,B1G,AT,2013,65331.9
A,CP_MNAC,B-E,B1G,AT,2014,66621.2
A,CP_MNAC,B-E,B1G,AT,2015,68437.2
A,CP_MNAC,B-E,B1G,AT,2016,72508.3
A,CP_MNAC,B-E,B1G,AT,2017,73897.5
A,CP_MNAC,B-E,B1G,AT,2018,76480.4
A,CP_MNAC,B-E,B1G,AT,2019,78099.4
A,CP_MNAC,B-E,B1G,AT,2020,73789.8
A,CP_MNAC,B-E,B1G,AT,2021,79973.3
A,CP_MNAC,B-E,B1G,AT,2022,89718.1
A,CP_MNAC,B-E,B1G,AT,2023,96275.1
A,CP_MNAC,B-E,B1G,AT,2024,93028.0
A,CP_MNAC,B-E,B1G,AT,2025,95434.9
A,CP_MNAC,B-E,B1G,BA,2000,1857.9
A,CP_MNAC,B-E,B1G,BA,2001,2022.9
A,CP_MNAC,B-E,B1G,BA,2002,2140.5
A,CP_MNAC,B-E,B1G,BA,2003,2277.9
A,CP_MNAC,B-E,B1G,BA,2004,2570.0
A,CP_MNAC,B-E,B1G,BA,2005,3001.5
A,CP_MNAC,B-E,B1G,BA,2006,3350.1
A,CP_MNAC,B-E,B1G,BA,2007,3817.5
A,CP_MNAC,B-E,B1G,BA,2008,4539.6
A,CP_MNAC,B-E,B1G,BA,2009,4360.4
A,CP_MNAC,B-E,B1G,BA,2010,4580.2
A,CP_MNAC,B-E,B1G,BA,2011,4745.2
A,CP_MNAC,B-E,B1G,BA,2012,4625.9
A,CP_MNAC,B-E,B1G,BA,2013,4932.2
A,CP_MNAC,B-E,B1G,BA,2014,4941.4
A,CP_MNAC,B-E,B1G,BA,2015,5165.7
A,CP_MNAC,B-E,B1G,BA,2016,5593.4
A,CP_MNAC,B-E,B1G,BA,2017,6093.8
A,CP_MNAC,B-E,B1G,BA,2018,6707.2
A,CP_MNAC,B-E,B1G,BA,2019,6820.3
A,CP_MNAC,B-E,B1G,BA,2020,6675.8
A,CP_MNAC,B-E,B1G,BA,2021,8044.4
A,CP_MNAC,B-E,B1G,BA,2022,9273.6
A,CP_MNAC,B-E,B1G,BA,2023,9562.9
A,CP_MNAC,B-E,B1G,BA,2024,9535.9
A,CP_MNAC,B-E,B1G,BA,2025,9470.0
A,CP_MNAC,B-E,B1G,BE,1995,44782.2
A,CP_MNAC,B-E,B1G,BE,1996,45539.4
A,CP_MNAC,B-E,B1G,BE,1997,48315.7
A,CP_MNAC,B-E,B1G,BE,1998,49116.6
A,CP_MNAC,B-E,B1G,BE,1999,48776.6
A,CP_MNAC,B-E,B1G,BE,2000,52154.1
A,CP_MNAC,B-E,B1G,BE,2001,52236.1
A,CP_MNAC,B-E,B1G,BE,2002,52973.3
A,CP_MNAC,B-E,B1G,BE,2003,52943.6
A,CP_MNAC,B-E,B1G,BE,2004,55022.9
A,CP_MNAC,B-E,B1G,BE,2005,56344.9
A,CP_MNAC,B-E,B1G,BE,2006,56631.9
A,CP_MNAC,B-E,B1G,BE,2007,59877.5
A,CP_MNAC,B-E,B1G,BE,2008,57930.1
A,CP_MNAC,B-E,B1G,BE,2009,53760.7
A,CP_MNAC,B-E,B1G,BE,2010,57388.4
A,CP_MNAC,B-E,B1G,BE,2011,59709.2
A,CP_MNAC,B-E,B1G,BE,2012,58833.3
A,CP_MNAC,B-E,B1G,BE,2013,59987.5
A,CP_MNAC,B-E,B1G,BE,2014,60613.7
A,CP_MNAC,B-E,B1G,BE,2015,61915.5
A,CP_MNAC,B-E,B1G,BE,2016,62442.1
A,CP_MNAC,B-E,B1G,BE,2017,65238.9
A,CP_MNAC,B-E,B1G,BE,2018,66074.4
A,CP_MNAC,B-E,B1G,BE,2019,70005.8
A,CP_MNAC,B-E,B1G,BE,2020,66815.9
A,CP_MNAC,B-E,B1G,BE,2021,66537.3
A,CP_MNAC,B-E,B1G,BE,2022,84698.1
A,CP_MNAC,B-E,B1G,BE,2023,87490.0
A,CP_MNAC,B-E,B1G,BE,2024,86094.5
A,CP_MNAC,B-E,B1G,BE,2025,87682.3
A,CP_MNAC,B-E,B1G,BG,1995,96.0
A,CP_MNAC,B-E,B1G,BG,1996,148.7
A,CP_MNAC,B-E,B1G,BG,1997,1872.5
A,CP_MNAC,B-E,B1G,BG,1998,2350.8
A,CP_MNAC,B-E,B1G,BG,1999,2227.7
A,CP_MNAC,B-E,B1G,BG,2000,2616.9
A,CP_MNAC,B-E,B1G,BG,2001,3058.2
A,CP_MNAC,B-E,B1G,BG,2002,3407.6
A,CP_MNAC,B-E,B1G,BG,2003,3756.6
A,CP_MNAC,B-E,B1G,BG,2004,3972.2
A,CP_MNAC,B-E,B1G,BG,2005,4570.4
A,CP_MNAC,B-E,B1G,BG,2006,5337.2
A,CP_MNAC,B-E,B1G,BG,2007,6344.8
A,CP_MNAC,B-E,B1G,BG,2008,6498.4
A,CP_MNAC,B-E,B1G,BG,2009,6833.2
A,CP_MNAC,B-E,B1G,BG,2010,6710.8
A,CP_MNAC,B-E,B1G,BG,2011,8091.6
A,CP_MNAC,B-E,B1G,BG,2012,8583.4
A,CP_MNAC,B-E,B1G,BG,2013,8160.7
A,CP_MNAC,B-E,B1G,BG,2014,8435.4
A,CP_MNAC,B-E,B1G,BG,2015,9278.6
A,CP_MNAC,B-E,B1G,BG,2016,10277.9
A,CP_MNAC,B-E,B1G,BG,2017,10728.6
A,CP_MNAC,B-E,B1G,BG,2018,10423.6
A,CP_MNAC,B-E,B1G,BG,2019,10900.4
A,CP_MNAC,B-E,B1G,BG,2020,10940.3
A,CP_MNAC,B-E,B1G,BG,2021,12326.9
A,CP_MNAC,B-E,B1G,BG,2022,18877.4
A,CP_MNAC,B-E,B1G,BG,2023,17793.3
A,CP_MNAC,B-E,B1G,BG,2024,17763.0
A,CP_MNAC,B-E,B1G,BG,2025,19341.9
A,CP_MNAC,B-E,B1G,CH,1995,95747.4
A,CP_MNAC,B-E,B1G,CH,1996,94573.3
A,CP_MNAC,B-E,B1G,CH,1997,96026.1
A,CP_MNAC,B-E,B1G,CH,1998,96619.2
A,CP_MNAC,B-E,B1G,CH,1999,97250.3
A,CP_MNAC,B-E,B1G,CH,2000,98884.4
A,CP_MNAC,B-E,B1G,CH,2001,105228.7
A,CP_MNAC,B-E,B1G,CH,2002,105149.7
A,CP_MNAC,B-E,B1G,CH,2003,104303.2
A,CP_MNAC,B-E,B1G,CH,2004,106411.8
A,CP_MNAC,B-E,B1G,CH,2005,111970.7
A,CP_MNAC,B-E,B1G,CH,2006,121231.8
A,CP_MNAC,B-E,B1G,CH,2007,130085.6
A,CP_MNAC,B-E,B1G,CH,2008,136094.2
A,CP_MNAC,B-E,B1G,CH,2009,126395.6
A,CP_MNAC,B-E,B1G,CH,2010,130304.5
A,CP_MNAC,B-E,B1G,CH,2011,134292.0
A,CP_MNAC,B-E,B1G,CH,2012,133728.4
A,CP_MNAC,B-E,B1G,CH,2013,136445.7
A,CP_MNAC,B-E,B1G,CH,2014,136885.8
A,CP_MNAC,B-E,B1G,CH,2015,135653.4
A,CP_MNAC,B-E,B1G,CH,2016,138329.5
A,CP_MNAC,B-E,B1G,CH,2017,141142.5
A,CP_MNAC,B-E,B1G,CH,2018,148696.7
A,CP_MNAC,B-E,B1G,CH,2019,155142.4
A,CP_MNAC,B-E,B1G,CH,2020,149729.5
A,CP_MNAC,B-E,B1G,CH,2021,170757.0
A,CP_MNAC,B-E,B1G,CH,2022,177013.3
A,CP_MNAC,B-E,B1G,CH,2023,178486.0
A,CP_MNAC,B-E,B1G,CH,2024,178848.2
A,CP_MNAC,B-E,B1G,CH,2025,177881.2
A,CP_MNAC,B-E,B1G,CY,1995,880.3
A,CP_MNAC,B-E,B1G,CY,1996,905.7
A,CP_MNAC,B-E,B1G,CY,1997,936.6
A,CP_MNAC,B-E,B1G,CY,1998,996.7
A,CP_MNAC,B-E,B1G,CY,1999,1032.7
A,CP_MNAC,B-E,B1G,CY,2000,1078.3
A,CP_MNAC,B-E,B1G,CY,2001,1127.9
A,CP_MNAC,B-E,B1G,CY,2002,1178.0
A,CP_MNAC,B-E,B1G,CY,2003,1234.4
A,CP_MNAC,B-E,B1G,CY,2004,1304.1
A,CP_MNAC,B-E,B1G,CY,2005,1311.4
A,CP_MNAC,B-E,B1G,CY,2006,1305.9
A,CP_MNAC,B-E,B1G,CY,2007,1375.9
A,CP_MNAC,B-E,B1G,CY,2008,1387.4
A,CP_MNAC,B-E,B1G,CY,2009,1395.4
A,CP_MNAC,B-E,B1G,CY,2010,1395.2
A,CP_MNAC,B-E,B1G,CY,2011,1298.0
A,CP_MNAC,B-E,B1G,CY,2012,1262.2
A,CP_MNAC,B-E,B1G,CY,2013,1157.3
A,CP_MNAC,B-E,B1G,CY,2014,1090.1
A,CP_MNAC,B-E,B1G,CY,2015,1193.9
A,CP_MNAC,B-E,B1G,CY,2016,1301.2
A,CP_MNAC,B-E,B1G,CY,2017,1382.4
A,CP_MNAC,B-E,B1G,CY,2018,1527.5
A,CP_MNAC,B-E,B1G,CY,2019,1688.0
A,CP_MNAC,B-E,B1G,CY,2020,1640.0
A,CP_MNAC,B-E,B1G,CY,2021,1687.2
A,CP_MNAC,B-E,B1G,CY,2022,1767.5
A,CP_MNAC,B-E,B1G,CY,2023,2081.7
A,CP_MNAC,B-E,B1G,CY,2024,2142.0
A,CP_MNAC,B-E,B1G,CY,2025,2199.9
A,CP_MNAC,B-E,B1G,CZ,1995,453278.0
A,CP_MNAC,B-E,B1G,CZ,1996,532508.0
A,CP_MNAC,B-E,B1G,CZ,1997,568682.0
A,CP_MNAC,B-E,B1G,CZ,1998,605619.0
A,CP_MNAC,B-E,B1G,CZ,1999,621812.0
A,CP_MNAC,B-E,B1G,CZ,2000,665280.0
A,CP_MNAC,B-E,B1G,CZ,2001,733177.0
A,CP_MNAC,B-E,B1G,CZ,2002,737598.0
A,CP_MNAC,B-E,B1G,CZ,2003,744196.0
A,CP_MNAC,B-E,B1G,CZ,2004,852602.0
A,CP_MNAC,B-E,B1G,CZ,2005,904671.0
A,CP_MNAC,B-E,B1G,CZ,2006,1006911.0
A,CP_MNAC,B-E,B1G,CZ,2007,1093513.0
A,CP_MNAC,B-E,B1G,CZ,2008,1125481.0
A,CP_MNAC,B-E,B1G,CZ,2009,1052672.0
A,CP_MNAC,B-E,B1G,CZ,2010,1067470.0
A,CP_MNAC,B-E,B1G,CZ,2011,1128602.0
A,CP_MNAC,B-E,B1G,CZ,2012,1126225.0
A,CP_MNAC,B-E,B1G,CZ,2013,1136501.0
A,CP_MNAC,B-E,B1G,CZ,2014,1246333.0
A,CP_MNAC,B-E,B1G,CZ,2015,1325025.0
A,CP_MNAC,B-E,B1G,CZ,2016,1365374.0
A,CP_MNAC,B-E,B1G,CZ,2017,1420717.0
A,CP_MNAC,B-E,B1G,CZ,2018,1441552.0
A,CP_MNAC,B-E,B1G,CZ,2019,1525130.0
A,CP_MNAC,B-E,B1G,CZ,2020,1437117.0
A,CP_MNAC,B-E,B1G,CZ,2021,1486591.0
A,CP_MNAC,B-E,B1G,CZ,2022,1708906.0
A,CP_MNAC,B-E,B1G,CZ,2023,1905662.0
A,CP_MNAC,B-E,B1G,CZ,2024,1981639.0
A,CP_MNAC,B-E,B1G,CZ,2025,1997138.0
A,CP_MNAC,B-E,B1G,DE,1991,442102.0
A,CP_MNAC,B-E,B1G,DE,1992,447887.0
A,CP_MNAC,B-E,B1G,DE,1993,422919.0
A,CP_MNAC,B-E,B1G,DE,1994,430578.0
A,CP_MNAC,B-E,B1G,DE,1995,440276.0
A,CP_MNAC,B-E,B1G,DE,1996,436924.0
A,CP_MNAC,B-E,B1G,DE,1997,446662.0
A,CP_MNAC,B-E,B1G,DE,1998,462890.0
A,CP_MNAC,B-E,B1G,DE,1999,465865.0
A,CP_MNAC,B-E,B1G,DE,2000,483438.0
A,CP_MNAC,B-E,B1G,DE,2001,491554.0
A,CP_MNAC,B-E,B1G,DE,2002,485669.0
A,CP_MNAC,B-E,B1G,DE,2003,489975.0
A,CP_MNAC,B-E,B1G,DE,2004,510829.0
A,CP_MNAC,B-E,B1G,DE,2005,518508.0
A,CP_MNAC,B-E,B1G,DE,2006,555602.0
A,CP_MNAC,B-E,B1G,DE,2007,587119.0
A,CP_MNAC,B-E,B1G,DE,2008,586083.0
A,CP_MNAC,B-E,B1G,DE,2009,505113.0
A,CP_MNAC,B-E,B1G,DE,2010,586538.0
A,CP_MNAC,B-E,B1G,DE,2011,621881.0
A,CP_MNAC,B-E,B1G,DE,2012,638574.0
A,CP_MNAC,B-E,B1G,DE,2013,633944.0
A,CP_MNAC,B-E,B1G,DE,2014,663325.0
A,CP_MNAC,B-E,B1G,DE,2015,684615.0
A,CP_MNAC,B-E,B1G,DE,2016,715502.0
A,CP_MNAC,B-E,B1G,DE,2017,738453.0
A,CP_MNAC,B-E,B1G,DE,2018,750810.0
A,CP_MNAC,B-E,B1G,DE,2019,760217.0
A,CP_MNAC,B-E,B1G,DE,2020,716887.0
A,CP_MNAC,B-E,B1G,DE,2021,764929.0
A,CP_MNAC,B-E,B1G,DE,2022,828496.0
A,CP_MNAC,B-E,B1G,DE,2023,943847.0
A,CP_MNAC,B-E,B1G,DE,2024,930927.0
A,CP_MNAC,B-E,B1G,DE,2025,936290.0
A,CP_MNAC,B-E,B1G,DK,1995,187776.3
A,CP_MNAC,B-E,B1G,DK,1996,196012.0
A,CP_MNAC,B-E,B1G,DK,1997,211463.0
A,CP_MNAC,B-E,B1G,DK,1998,212524.8
A,CP_MNAC,B-E,B1G,DK,1999,222582.9
A,CP_MNAC,B-E,B1G,DK,2000,251452.4
A,CP_MNAC,B-E,B1G,DK,2001,253600.9
A,CP_MNAC,B-E,B1G,DK,2002,257153.9
A,CP_MNAC,B-E,B1G,DK,2003,252352.0
A,CP_MNAC,B-E,B1G,DK,2004,264121.2
A,CP_MNAC,B-E,B1G,DK,2005,278014.8
A,CP_MNAC,B-E,B1G,DK,2006,298668.4
A,CP_MNAC,B-E,B1G,DK,2007,299001.1
A,CP_MNAC,B-E,B1G,DK,2008,314890.0
A,CP_MNAC,B-E,B1G,DK,2009,266090.0
A,CP_MNAC,B-E,B1G,DK,2010,281136.0
A,CP_MNAC,B-E,B1G,DK,2011,292115.3
A,CP_MNAC,B-E,B1G,DK,2012,300300.7
A,CP_MNAC,B-E,B1G,DK,2013,305531.5
A,CP_MNAC,B-E,B1G,DK,2014,304849.4
A,CP_MNAC,B-E,B1G,DK,2015,309023.5
A,CP_MNAC,B-E,B1G,DK,2016,325053.1
A,CP_MNAC,B-E,B1G,DK,2017,340158.4
A,CP_MNAC,B-E,B1G,DK,2018,351201.5
A,CP_MNAC,B-E,B1G,DK,2019,365595.9
A,CP_MNAC,B-E,B1G,DK,2020,345688.4
A,CP_MNAC,B-E,B1G,DK,2021,376148.3
A,CP_MNAC,B-E,B1G,DK,2022,459482.4
A,CP_MNAC,B-E,B1G,DK,2023,501521.8
A,CP_MNAC,B-E,B1G,DK,2024,588396.1
A,CP_MNAC,B-E,B1G,DK,2025,634589.9
A,CP_MNAC,B-E,B1G,EA,1995,1168659.7
A,CP_MNAC,B-E,B1G,EA,1996,1194174.2
A,CP_MNAC,B-E,B1G,EA,1997,1218107.6
A,CP_MNAC,B-E,B1G,EA,1998,1266276.0
A,CP_MNAC,B-E,B1G,EA,1999,1294319.2
A,CP_MNAC,B-E,B1G,EA,2000,1360800.5
A,CP_MNAC,B-E,B1G,EA,2001,1419779.4
A,CP_MNAC,B-E,B1G,EA,2002,1431551.9
A,CP_MNAC,B-E,B1G,EA,2003,1436566.5
A,CP_MNAC,B-E,B1G,EA,2004,1482597.9
A,CP_MNAC,B-E,B1G,EA,2005,1513268.6
A,CP_MNAC,B-E,B1G,EA,2006,1589942.8
A,CP_MNAC,B-E,B1G,EA,2007,1679588.6
A,CP_MNAC,B-E,B1G,EA,2008,1683246.0
A,CP_MNAC,B-E,B1G,EA,2009,1509729.3
A,CP_MNAC,B-E,B1G,EA,2010,1616627.6
A,CP_MNAC,B-E,B1G,EA,2011,1682882.6
A,CP_MNAC,B-E,B1G,EA,2012,1688302.5
A,CP_MNAC,B-E,B1G,EA,2013,1687505.5
A,CP_MNAC,B-E,B1G,EA,2014,1731028.0
A,CP_MNAC,B-E,B1G,EA,2015,1848238.1
A,CP_MNAC,B-E,B1G,EA,2016,1895158.3
A,CP_MNAC,B-E,B1G,EA,2017,1960673.4
A,CP_MNAC,B-E,B1G,EA,2018,2017230.2
A,CP_MNAC,B-E,B1G,EA,2019,2063847.9
A,CP_MNAC,B-E,B1G,EA,2020,1952964.3
A,CP_MNAC,B-E,B1G,EA,2021,2143984.8
A,CP_MNAC,B-E,B1G,EA,2022,2396474.2
A,CP_MNAC,B-E,B1G,EA,2023,2620085.0
A,CP_MNAC,B-E,B1G,EA,2024,2620868.0
A,CP_MNAC,B-E,B1G,EA,2025,2667613.8
A,CP_MNAC,B-E,B1G,EA12,1995,1183882.3
A,CP_MNAC,B-E,B1G,EA12,1996,1210012.9
A,CP_MNAC,B-E,B1G,EA12,1997,1234113.2
A,CP_MNAC,B-E,B1G,EA12,1998,1282327.2
A,CP_MNAC,B-E,B1G,EA12,1999,1312024.2
A,CP_MNAC,B-E,B1G,EA12,2000,1378521.6
A,CP_MNAC,B-E,B1G,EA12,2001,1419779.4
A,CP_MNAC,B-E,B1G,EA12,2002,1431551.9
A,CP_MNAC,B-E,B1G,EA12,2003,1436566.5
A,CP_MNAC,B-E,B1G,EA12,2004,1482597.9
A,CP_MNAC,B-E,B1G,EA12,2005,1513268.6
A,CP_MNAC,B-E,B1G,EA12,2006,1589942.8
A,CP_MNAC,B-E,B1G,EA12,2007,1671315.3
A,CP_MNAC,B-E,B1G,EA12,2008,1672404.3
A,CP_MNAC,B-E,B1G,EA12,2009,1487128.2
A,CP_MNAC,B-E,B1G,EA12,2010,1591890.7
A,CP_MNAC,B-E,B1G,EA12,2011,1653670.7
A,CP_MNAC,B-E,B1G,EA12,2012,1658698.1
A,CP_MNAC,B-E,B1G,EA12,2013,1658015.0
A,CP_MNAC,B-E,B1G,EA12,2014,1696072.9
A,CP_MNAC,B-E,B1G,EA12,2015,1804360.4
A,CP_MNAC,B-E,B1G,EA12,2016,1850896.6
A,CP_MNAC,B-E,B1G,EA12,2017,1914485.5
A,CP_MNAC,B-E,B1G,EA12,2018,1967621.6
A,CP_MNAC,B-E,B1G,EA12,2019,2010498.3
A,CP_MNAC,B-E,B1G,EA12,2020,1900944.0
A,CP_MNAC,B-E,B1G,EA12,2021,2088031.8
A,CP_MNAC,B-E,B1G,EA12,2022,2335107.1
A,CP_MNAC,B-E,B1G,EA12,2023,2538090.1
A,CP_MNAC,B-E,B1G,EA12,2024,2538874.0
A,CP_MNAC,B-E,B1G,EA12,2025,2584050.1
A,CP_MNAC,B-E,B1G,EA19,1995,1195658.0
A,CP_MNAC,B-E,B1G,EA19,1996,1222825.0
A,CP_MNAC,B-E,B1G,EA19,1997,1248586.6
A,CP_MNAC,B-E,B1G,EA19,1998,1297947.4
A,CP_MNAC,B-E,B1G,EA19,1999,1328001.1
A,CP_MNAC,B-E,B1G,EA19,2000,1396717.2
A,CP_MNAC,B-E,B1G,EA19,2001,1439453.9
A,CP_MNAC,B-E,B1G,EA19,2002,1452331.5
A,CP_MNAC,B-E,B1G,EA19,2003,1459695.5
A,CP_MNAC,B-E,B1G,EA19,2004,1508570.3
A,CP_MNAC,B-E,B1G,EA19,2005,1541351.2
A,CP_MNAC,B-E,B1G,EA19,2006,1621967.6
A,CP_MNAC,B-E,B1G,EA19,2007,1708071.1
A,CP_MNAC,B-E,B1G,EA19,2008,1711581.0
A,CP_MNAC,B-E,B1G,EA19,2009,1519931.4
A,CP_MNAC,B-E,B1G,EA19,2010,1628099.4
A,CP_MNAC,B-E,B1G,EA19,2011,1692900.8
A,CP_MNAC,B-E,B1G,EA19,2012,1699192.7
A,CP_MNAC,B-E,B1G,EA19,2013,1698354.4
A,CP_MNAC,B-E,B1G,EA19,2014,1738658.0
A,CP_MNAC,B-E,B1G,EA19,2015,1848238.1
A,CP_MNAC,B-E,B1G,EA19,2016,1895158.3
A,CP_MNAC,B-E,B1G,EA19,2017,1960673.4
A,CP_MNAC,B-E,B1G,EA19,2018,2017230.2
A,CP_MNAC,B-E,B1G,EA19,2019,2063847.9
A,CP_MNAC,B-E,B1G,EA19,2020,1952964.3
A,CP_MNAC,B-E,B1G,EA19,2021,2143984.8
A,CP_MNAC,B-E,B1G,EA19,2022,2396474.2
A,CP_MNAC,B-E,B1G,EA19,2023,2608191.0
A,CP_MNAC,B-E,B1G,EA19,2024,2609833.7
A,CP_MNAC,B-E,B1G,EA19,2025,2656144.9
A,CP_MNAC,B-E,B1G,EA20,1995,1199455.8
A,CP_MNAC,B-E,B1G,EA20,1996,1226619.8
A,CP_MNAC,B-E,B1G,EA20,1997,1252914.7
A,CP_MNAC,B-E,B1G,EA20,1998,1302349.1
A,CP_MNAC,B-E,B1G,EA20,1999,1332321.4
A,CP_MNAC,B-E,B1G,EA20,2000,1401486.7
A,CP_MNAC,B-E,B1G,EA20,2001,1444460.5
A,CP_MNAC,B-E,B1G,EA20,2002,1457627.7
A,CP_MNAC,B-E,B1G,EA20,2003,1465255.6
A,CP_MNAC,B-E,B1G,EA20,2004,1514839.5
A,CP_MNAC,B-E,B1G,EA20,2005,1547887.9
A,CP_MNAC,B-E,B1G,EA20,2006,1628943.0
A,CP_MNAC,B-E,B1G,EA20,2007,1715459.4
A,CP_MNAC,B-E,B1G,EA20,2008,1719454.1
A,CP_MNAC,B-E,B1G,EA20,2009,1527517.5
A,CP_MNAC,B-E,B1G,EA20,2010,1635803.0
A,CP_MNAC,B-E,B1G,EA20,2011,1700798.3
A,CP_MNAC,B-E,B1G,EA20,2012,1707005.5
A,CP_MNAC,B-E,B1G,EA20,2013,1705917.6
A,CP_MNAC,B-E,B1G,EA20,2014,1746211.0
A,CP_MNAC,B-E,B1G,EA20,2015,1855840.9
A,CP_MNAC,B-E,B1G,EA20,2016,1903017.1
A,CP_MNAC,B-E,B1G,EA20,2017,1968701.0
A,CP_MNAC,B-E,B1G,EA20,2018,2025290.8
A,CP_MNAC,B-E,B1G,EA20,2019,2072261.1
A,CP_MNAC,B-E,B1G,EA20,2020,1960596.0
A,CP_MNAC,B-E,B1G,EA20,2021,2152519.1
A,CP_MNAC,B-E,B1G,EA20,2022,2406693.3
A,CP_MNAC,B-E,B1G,EA20,2023,2620085.0
A,CP_MNAC,B-E,B1G,EA20,2024,2620868.0
A,CP_MNAC,B-E,B1G,EA20,2025,2667613.8
A,CP_MNAC,B-E,B1G,EA21,1995,1201593.6
A,CP_MNAC,B-E,B1G,EA21,1996,1227926.2
A,CP_MNAC,B-E,B1G,EA21,1997,1254851.3
A,CP_MNAC,B-E,B1G,EA21,1998,1304684.1
A,CP_MNAC,B-E,B1G,EA21,1999,1334549.1
A,CP_MNAC,B-E,B1G,EA21,2000,1404114.5
A,CP_MNAC,B-E,B1G,EA21,2001,1447530.7
A,CP_MNAC,B-E,B1G,EA21,2002,1461046.9
A,CP_MNAC,B-E,B1G,EA21,2003,1469025.4
A,CP_MNAC,B-E,B1G,EA21,2004,1518816.9
A,CP_MNAC,B-E,B1G,EA21,2005,1552458.4
A,CP_MNAC,B-E,B1G,EA21,2006,1634280.2
A,CP_MNAC,B-E,B1G,EA21,2007,1721804.1
A,CP_MNAC,B-E,B1G,EA21,2008,1725952.5
A,CP_MNAC,B-E,B1G,EA21,2009,1534351.0
A,CP_MNAC,B-E,B1G,EA21,2010,1642513.8
A,CP_MNAC,B-E,B1G,EA21,2011,1708889.9
A,CP_MNAC,B-E,B1G,EA21,2012,1715588.9
A,CP_MNAC,B-E,B1G,EA21,2013,1714078.0
A,CP_MNAC,B-E,B1G,EA21,2014,1754645.9
A,CP_MNAC,B-E,B1G,EA21,2015,1865119.3
A,CP_MNAC,B-E,B1G,EA21,2016,1913294.8
A,CP_MNAC,B-E,B1G,EA21,2017,1979429.8
A,CP_MNAC,B-E,B1G,EA21,2018,2035714.3
A,CP_MNAC,B-E,B1G,EA21,2019,2083161.2
A,CP_MNAC,B-E,B1G,EA21,2020,1971536.6
A,CP_MNAC,B-E,B1G,EA21,2021,2164846.0
A,CP_MNAC,B-E,B1G,EA21,2022,2425569.5
A,CP_MNAC,B-E,B1G,EA21,2023,2637878.0
A,CP_MNAC,B-E,B1G,EA21,2024,2638630.9
A,CP_MNAC,B-E,B1G,EA21,2025,2686955.6
A,CP_MNAC,B-E,B1G,EE,1995,621.0
A,CP_MNAC,B-E,B1G,EE,1996,781.9
A,CP_MNAC,B-E,B1G,EE,1997,954.6
A,CP_MNAC,B-E,B1G,EE,1998,973.0
A,CP_MNAC,B-E,B1G,EE,1999,1018.4
A,CP_MNAC,B-E,B1G,EE,2000,1208.5
A,CP_MNAC,B-E,B1G,EE,2001,1404.1
A,CP_MNAC,B-E,B1G,EE,2002,1558.2
A,CP_MNAC,B-E,B1G,EE,2003,1768.8
A,CP_MNAC,B-E,B1G,EE,2004,1882.2
A,CP_MNAC,B-E,B1G,EE,2005,2124.3
A,CP_MNAC,B-E,B1G,EE,2006,2488.9
A,CP_MNAC,B-E,B1G,EE,2007,2887.5
A,CP_MNAC,B-E,B1G,EE,2008,2923.8
A,CP_MNAC,B-E,B1G,EE,2009,2420.5
A,CP_MNAC,B-E,B1G,EE,2010,2792.7
A,CP_MNAC,B-E,B1G,EE,2011,3234.8
A,CP_MNAC,B-E,B1G,EE,2012,3300.6
A,CP_MNAC,B-E,B1G,EE,2013,3565.5
A,CP_MNAC,B-E,B1G,EE,2014,3830.3
A,CP_MNAC,B-E,B1G,EE,2015,3758.3
A,CP_MNAC,B-E,B1G,EE,2016,3925.9
A,CP_MNAC,B-E,B1G,EE,2017,4257.0
A,CP_MNAC,B-E,B1G,EE,2018,4595.4
A,CP_MNAC,B-E,B1G,EE,2019,4660.4
A,CP_MNAC,B-E,B1G,EE,2020,4390.3
A,CP_MNAC,B-E,B1G,EE,2021,5370.9
A,CP_MNAC,B-E,B1G,EE,2022,6364.5
A,CP_MNAC,B-E,B1G,EE,2023,5944.8
A,CP_MNAC,B-E,B1G,EE,2024,5845.1
A,CP_MNAC,B-E,B1G,EE,2025,6001.7
A,CP_MNAC,B-E,B1G,EL,1995,13535.3
A,CP_MNAC,B-E,B1G,EL,1996,14202.9
A,CP_MNAC,B-E,B1G,EL,1997,14531.5
A,CP_MNAC,B-E,B1G,EL,1998,15578.0
A,CP_MNAC,B-E,B1G,EL,1999,16926.3
A,CP_MNAC,B-E,B1G,EL,2000,17506.8
A,CP_MNAC,B-E,B1G,EL,2001,19441.3
A,CP_MNAC,B-E,B1G,EL,2002,20950.3
A,CP_MNAC,B-E,B1G,EL,2003,22674.4
A,CP_MNAC,B-E,B1G,EL,2004,23820.4
A,CP_MNAC,B-E,B1G,EL,2005,24613.9
A,CP_MNAC,B-E,B1G,EL,2006,26031.8
A,CP_MNAC,B-E,B1G,EL,2007,27239.7
A,CP_MNAC,B-E,B1G,EL,2008,27579.7
A,CP_MNAC,B-E,B1G,EL,2009,26431.0
A,CP_MNAC,B-E,B1G,EL,2010,24937.4
A,CP_MNAC,B-E,B1G,EL,2011,23423.2
A,CP_MNAC,B-E,B1G,EL,2012,23273.8
A,CP_MNAC,B-E,B1G,EL,2013,22378.4
A,CP_MNAC,B-E,B1G,EL,2014,21902.8
A,CP_MNAC,B-E,B1G,EL,2015,22121.8
A,CP_MNAC,B-E,B1G,EL,2016,22074.4
A,CP_MNAC,B-E,B1G,EL,2017,22093.6
A,CP_MNAC,B-E,B1G,EL,2018,22378.7
A,CP_MNAC,B-E,B1G,EL,2019,22382.2
A,CP_MNAC,B-E,B1G,EL,2020,21576.3
A,CP_MNAC,B-E,B1G,EL,2021,24238.1
A,CP_MNAC,B-E,B1G,EL,2022,30714.7
A,CP_MNAC,B-E,B1G,EL,2023,28922.0
A,CP_MNAC,B-E,B1G,EL,2024,30932.8
A,CP_MNAC,B-E,B1G,EL,2025,32526.0
A,CP_MNAC,B-E,B1G,ES,1995,91034.0
A,CP_MNAC,B-E,B1G,ES,1996,96839.0
A,CP_MNAC,B-E,B1G,ES,1997,103357.0
A,CP_MNAC,B-E,B1G,ES,1998,108351.0
A,CP_MNAC,B-E,B1G,ES,1999,113812.0
A,CP_MNAC,B-E,B1G,ES,2000,121835.0
A,CP_MNAC,B-E,B1G,ES,2001,128638.0
A,CP_MNAC,B-E,B1G,ES,2002,133154.0
A,CP_MNAC,B-E,B1G,ES,2003,138200.0
A,CP_MNAC,B-E,B1G,ES,2004,143100.0
A,CP_MNAC,B-E,B1G,ES,2005,150913.0
A,CP_MNAC,B-E,B1G,ES,2006,158752.0
A,CP_MNAC,B-E,B1G,ES,2007,166575.0
A,CP_MNAC,B-E,B1G,ES,2008,172743.0
A,CP_MNAC,B-E,B1G,ES,2009,155881.0
A,CP_MNAC,B-E,B1G,ES,2010,157907.0
A,CP_MNAC,B-E,B1G,ES,2011,158350.0
A,CP_MNAC,B-E,B1G,ES,2012,151066.0
A,CP_MNAC,B-E,B1G,ES,2013,149884.0
A,CP_MNAC,B-E,B1G,ES,2014,151045.0
A,CP_MNAC,B-E,B1G,ES,2015,157662.0
A,CP_MNAC,B-E,B1G,ES,2016,160533.0
A,CP_MNAC,B-E,B1G,ES,2017,168657.0
A,CP_MNAC,B-E,B1G,ES,2018,172142.0
A,CP_MNAC,B-E,B1G,ES,2019,176691.0
A,CP_MNAC,B-E,B1G,ES,2020,163491.0
A,CP_MNAC,B-E,B1G,ES,2021,185462.0
A,CP_MNAC,B-E,B1G,ES,2022,218941.0
A,CP_MNAC,B-E,B1G,ES,2023,220097.0
A,CP_MNAC,B-E,B1G,ES,2024,227314.0
A,CP_MNAC,B-E,B1G,ES,2025,240086.0
A,CP_MNAC,B-E,B1G,EU27_2020,1995,1331633.1
A,CP_MNAC,B-E,B1G,EU27_2020,1996,1369315.6
A,CP_MNAC,B-E,B1G,EU27_2020,1997,1404648.9
A,CP_MNAC,B-E,B1G,EU27_2020,1998,1459673.7
A,CP_MNAC,B-E,B1G,EU27_2020,1999,1492713.0
A,CP_MNAC,B-E,B1G,EU27_2020,2000,1582051.1
A,CP_MNAC,B-E,B1G,EU27_2020,2001,1630262.8
A,CP_MNAC,B-E,B1G,EU27_2020,2002,1651344.3
A,CP_MNAC,B-E,B1G,EU27_2020,2003,1658592.5
A,CP_MNAC,B-E,B1G,EU27_2020,2004,1725022.2
A,CP_MNAC,B-E,B1G,EU27_2020,2005,1779411.8
A,CP_MNAC,B-E,B1G,EU27_2020,2006,1884349.4
A,CP_MNAC,B-E,B1G,EU27_2020,2007,1997385.3
A,CP_MNAC,B-E,B1G,EU27_2020,2008,2022386.7
A,CP_MNAC,B-E,B1G,EU27_2020,2009,1786886.4
A,CP_MNAC,B-E,B1G,EU27_2020,2010,1933968.9
A,CP_MNAC,B-E,B1G,EU27_2020,2011,2023757.0
A,CP_MNAC,B-E,B1G,EU27_2020,2012,2025226.8
A,CP_MNAC,B-E,B1G,EU27_2020,2013,2015895.0
A,CP_MNAC,B-E,B1G,EU27_2020,2014,2067342.0
A,CP_MNAC,B-E,B1G,EU27_2020,2015,2197107.4
A,CP_MNAC,B-E,B1G,EU27_2020,2016,2251139.4
A,CP_MNAC,B-E,B1G,EU27_2020,2017,2332531.5
A,CP_MNAC,B-E,B1G,EU27_2020,2018,2399592.5
A,CP_MNAC,B-E,B1G,EU27_2020,2019,2462839.4
A,CP_MNAC,B-E,B1G,EU27_2020,2020,2333797.8
A,CP_MNAC,B-E,B1G,EU27_2020,2021,2569796.2
A,CP_MNAC,B-E,B1G,EU27_2020,2022,2898708.2
A,CP_MNAC,B-E,B1G,EU27_2020,2023,3149649.9
A,CP_MNAC,B-E,B1G,EU27_2020,2024,3158878.5
A,CP_MNAC,B-E,B1G,EU27_2020,2025,3223078.1
A,CP_MNAC,B-E,B1G,FI,1980,9235.0
A,CP_MNAC,B-E,B1G,FI,1981,10298.0
A,CP_MNAC,B-E,B1G,FI,1982,11189.0
A,CP_MNAC,B-E,B1G,FI,1983,12278.0
A,CP_MNAC,B-E,B1G,FI,1984,13597.0
A,CP_MNAC,B-E,B1G,FI,1985,14419.0
A,CP_MNAC,B-E,B1G,FI,1986,15012.0
A,CP_MNAC,B-E,B1G,FI,1987,16448.0
A,CP_MNAC,B-E,B1G,FI,1988,18086.0
A,CP_MNAC,B-E,B1G,FI,1989,19761.0
A,CP_MNAC,B-E,B1G,FI,1990,19967.0
A,CP_MNAC,B-E,B1G,FI,1991,17232.0
A,CP_MNAC,B-E,B1G,FI,1992,17848.0
A,CP_MNAC,B-E,B1G,FI,1993,19459.0
A,CP_MNAC,B-E,B1G,FI,1994,21767.0
A,CP_MNAC,B-E,B1G,FI,1995,24908.0
A,CP_MNAC,B-E,B1G,FI,1996,24783.0
A,CP_MNAC,B-E,B1G,FI,1997,27018.0
A,CP_MNAC,B-E,B1G,FI,1998,30784.0
A,CP_MNAC,B-E,B1G,FI,1999,32026.0
A,CP_MNAC,B-E,B1G,FI,2000,35758.0
A,CP_MNAC,B-E,B1G,FI,2001,37293.0
A,CP_MNAC,B-E,B1G,FI,2002,37455.0
A,CP_MNAC,B-E,B1G,FI,2003,37158.0
A,CP_MNAC,B-E,B1G,FI,2004,38303.0
A,CP_MNAC,B-E,B1G,FI,2005,38918.0
A,CP_MNAC,B-E,B1G,FI,2006,42382.0
A,CP_MNAC,B-E,B1G,FI,2007,46335.0
A,CP_MNAC,B-E,B1G,FI,2008,45607.0
A,CP_MNAC,B-E,B1G,FI,2009,35904.0
A,CP_MNAC,B-E,B1G,FI,2010,38543.0
A,CP_MNAC,B-E,B1G,FI,2011,38423.0
A,CP_MNAC,B-E,B1G,FI,2012,35400.0
A,CP_MNAC,B-E,B1G,FI,2013,36084.0
A,CP_MNAC,B-E,B1G,FI,2014,36389.0
A,CP_MNAC,B-E,B1G,FI,2015,37511.0
A,CP_MNAC,B-E,B1G,FI,2016,38109.0
A,CP_MNAC,B-E,B1G,FI,2017,41350.0
A,CP_MNAC,B-E,B1G,FI,2018,41368.0
A,CP_MNAC,B-E,B1G,FI,2019,42628.0
A,CP_MNAC,B-E,B1G,FI,2020,41902.0
A,CP_MNAC,B-E,B1G,FI,2021,45358.0
A,CP_MNAC,B-E,B1G,FI,2022,51804.0
A,CP_MNAC,B-E,B1G,FI,2023,49176.0
A,CP_MNAC,B-E,B1G,FI,2024,48535.0
A,CP_MNAC,B-E,B1G,FI,2025,49036.0
A,CP_MNAC,B-E,B1G,FR,1975,50750.1
A,CP_MNAC,B-E,B1G,FR,1976,58423.5
A,CP_MNAC,B-E,B1G,FR,1977,65865.3
A,CP_MNAC,B-E,B1G,FR,1978,74068.2
A,CP_MNAC,B-E,B1G,FR,1979,83343.1
A,CP_MNAC,B-E,B1G,FR,1980,94090.5
A,CP_MNAC,B-E,B1G,FR,1981,104565.1
A,CP_MNAC,B-E,B1G,FR,1982,116690.9
A,CP_MNAC,B-E,B1G,FR,1983,130124.8
A,CP_MNAC,B-E,B1G,FR,1984,140554.0
A,CP_MNAC,B-E,B1G,FR,1985,151157.4
A,CP_MNAC,B-E,B1G,FR,1986,158613.5
A,CP_MNAC,B-E,B1G,FR,1987,162051.8
A,CP_MNAC,B-E,B1G,FR,1988,173251.8
A,CP_MNAC,B-E,B1G,FR,1989,184081.2
A,CP_MNAC,B-E,B1G,FR,1990,195094.5
A,CP_MNAC,B-E,B1G,FR,1991,201063.2
A,CP_MNAC,B-E,B1G,FR,1992,205122.8
A,CP_MNAC,B-E,B1G,FR,1993,201088.6
A,CP_MNAC,B-E,B1G,FR,1994,201929.9
A,CP_MNAC,B-E,B1G,FR,1995,211273.2
A,CP_MNAC,B-E,B1G,FR,1996,212372.0
A,CP_MNAC,B-E,B1G,FR,1997,220252.4
A,CP_MNAC,B-E,B1G,FR,1998,230387.6
A,CP_MNAC,B-E,B1G,FR,1999,234624.3
A,CP_MNAC,B-E,B1G,FR,2000,248027.8
A,CP_MNAC,B-E,B1G,FR,2001,250224.2
A,CP_MNAC,B-E,B1G,FR,2002,250956.1
A,CP_MNAC,B-E,B1G,FR,2003,249192.1
A,CP_MNAC,B-E,B1G,FR,2004,254019.4
A,CP_MNAC,B-E,B1G,FR,2005,256194.7
A,CP_MNAC,B-E,B1G,FR,2006,257992.8
A,CP_MNAC,B-E,B1G,FR,2007,262828.7
A,CP_MNAC,B-E,B1G,FR,2008,258567.5
A,CP_MNAC,B-E,B1G,FR,2009,240670.0
A,CP_MNAC,B-E,B1G,FR,2010,243522.2
A,CP_MNAC,B-E,B1G,FR,2011,253149.2
A,CP_MNAC,B-E,B1G,FR,2012,255535.4
A,CP_MNAC,B-E,B1G,FR,2013,260450.4
A,CP_MNAC,B-E,B1G,FR,2014,262884.0
A,CP_MNAC,B-E,B1G,FR,2015,271001.1
A,CP_MNAC,B-E,B1G,FR,2016,269947.6
A,CP_MNAC,B-E,B1G,FR,2017,270903.6
A,CP_MNAC,B-E,B1G,FR,2018,277731.2
A,CP_MNAC,B-E,B1G,FR,2019,288093.1
A,CP_MNAC,B-E,B1G,FR,2020,261238.0
A,CP_MNAC,B-E,B1G,FR,2021,277505.6
A,CP_MNAC,B-E,B1G,FR,2022,287583.6
A,CP_MNAC,B-E,B1G,FR,2023,373347.9
A,CP_MNAC,B-E,B1G,FR,2024,366266.7
A,CP_MNAC,B-E,B1G,FR,2025,358527.6
A,CP_MNAC,B-E,B1G,HR,1995,3406.8
A,CP_MNAC,B-E,B1G,HR,1996,3426.4
A,CP_MNAC,B-E,B1G,HR,1997,3996.6
A,CP_MNAC,B-E,B1G,HR,1998,4171.5
A,CP_MNAC,B-E,B1G,HR,1999,4343.7
A,CP_MNAC,B-E,B1G,HR,2000,4836.9
A,CP_MNAC,B-E,B1G,HR,2001,4971.7
A,CP_MNAC,B-E,B1G,HR,2002,5210.7
A,CP_MNAC,B-E,B1G,HR,2003,5585.3
A,CP_MNAC,B-E,B1G,HR,2004,6237.5
A,CP_MNAC,B-E,B1G,HR,2005,6420.6
A,CP_MNAC,B-E,B1G,HR,2006,6781.2
A,CP_MNAC,B-E,B1G,HR,2007,7195.1
A,CP_MNAC,B-E,B1G,HR,2008,7548.6
A,CP_MNAC,B-E,B1G,HR,2009,7390.1
A,CP_MNAC,B-E,B1G,HR,2010,7452.7
A,CP_MNAC,B-E,B1G,HR,2011,7797.4
A,CP_MNAC,B-E,B1G,HR,2012,7799.5
A,CP_MNAC,B-E,B1G,HR,2013,7607.6
A,CP_MNAC,B-E,B1G,HR,2014,7653.3
A,CP_MNAC,B-E,B1G,HR,2015,7682.7
A,CP_MNAC,B-E,B1G,HR,2016,7857.5
A,CP_MNAC,B-E,B1G,HR,2017,7952.3
A,CP_MNAC,B-E,B1G,HR,2018,7936.2
A,CP_MNAC,B-E,B1G,HR,2019,8283.0
A,CP_MNAC,B-E,B1G,HR,2020,7635.8
A,CP_MNAC,B-E,B1G,HR,2021,8527.4
A,CP_MNAC,B-E,B1G,HR,2022,10219.5
A,CP_MNAC,B-E,B1G,HR,2023,11893.8
A,CP_MNAC,B-E,B1G,HR,2024,11033.9
A,CP_MNAC,B-E,B1G,HR,2025,11468.4
A,CP_MNAC,B-E,B1G,HU,1995,1259504.0
A,CP_MNAC,B-E,B1G,HU,1996,1531104.0
A,CP_MNAC,B-E,B1G,HU,1997,2085284.0
A,CP_MNAC,B-E,B1G,HU,1998,2497079.0
A,CP_MNAC,B-E,B1G,HU,1999,2706218.0
A,CP_MNAC,B-E,B1G,HU,2000,3027303.0
A,CP_MNAC,B-E,B1G,HU,2001,3458918.0
A,CP_MNAC,B-E,B1G,HU,2002,3798312.0
A,CP_MNAC,B-E,B1G,HU,2003,4154687.0
A,CP_MNAC,B-E,B1G,HU,2004,4703567.0
A,CP_MNAC,B-E,B1G,HU,2005,5023098.0
A,CP_MNAC,B-E,B1G,HU,2006,5492872.0
A,CP_MNAC,B-E,B1G,HU,2007,5786088.0
A,CP_MNAC,B-E,B1G,HU,2008,5878520.0
A,CP_MNAC,B-E,B1G,HU,2009,5562816.0
A,CP_MNAC,B-E,B1G,HU,2010,5953298.0
A,CP_MNAC,B-E,B1G,HU,2011,6183193.0
A,CP_MNAC,B-E,B1G,HU,2012,6306888.0
A,CP_MNAC,B-E,B1G,HU,2013,6566137.0
A,CP_MNAC,B-E,B1G,HU,2014,7271264.0
A,CP_MNAC,B-E,B1G,HU,2015,7991136.0
A,CP_MNAC,B-E,B1G,HU,2016,8141427.0
A,CP_MNAC,B-E,B1G,HU,2017,8476799.0
A,CP_MNAC,B-E,B1G,HU,2018,9014215.0
A,CP_MNAC,B-E,B1G,HU,2019,9469758.0
A,CP_MNAC,B-E,B1G,HU,2020,9536751.0
A,CP_MNAC,B-E,B1G,HU,2021,10390709.0
A,CP_MNAC,B-E,B1G,HU,2022,12389646.0
A,CP_MNAC,B-E,B1G,HU,2023,15135249.0
A,CP_MNAC,B-E,B1G,HU,2024,15213507.0
A,CP_MNAC,B-E,B1G,HU,2025,15474080.0
A,CP_MNAC,B-E,B1G,IE,1995,12922.9
A,CP_MNAC,B-E,B1G,IE,1996,13831.5
A,CP_MNAC,B-E,B1G,IE,1997,16847.4
A,CP_MNAC,B-E,B1G,IE,1998,20569.0
A,CP_MNAC,B-E,B1G,IE,1999,23526.4
A,CP_MNAC,B-E,B1G,IE,2000,27246.4
A,CP_MNAC,B-E,B1G,IE,2001,33530.4
A,CP_MNAC,B-E,B1G,IE,2002,39070.6
A,CP_MNAC,B-E,B1G,IE,2003,37028.5
A,CP_MNAC,B-E,B1G,IE,2004,36093.1
A,CP_MNAC,B-E,B1G,IE,2005,36490.6
A,CP_MNAC,B-E,B1G,IE,2006,38233.2
A,CP_MNAC,B-E,B1G,IE,2007,40155.1
A,CP_MNAC,B-E,B1G,IE,2008,37504.9
A,CP_MNAC,B-E,B1G,IE,2009,39246.5
A,CP_MNAC,B-E,B1G,IE,2010,36711.1
A,CP_MNAC,B-E,B1G,IE,2011,39934.9
A,CP_MNAC,B-E,B1G,IE,2012,39432.3
A,CP_MNAC,B-E,B1G,IE,2013,39742.6
A,CP_MNAC,B-E,B1G,IE,2014,44142.7
A,CP_MNAC,B-E,B1G,IE,2015,99260.5
A,CP_MNAC,B-E,B1G,IE,2016,94474.1
A,CP_MNAC,B-E,B1G,IE,2017,103691.6
A,CP_MNAC,B-E,B1G,IE,2018,114732.6
A,CP_MNAC,B-E,B1G,IE,2019,120922.2
A,CP_MNAC,B-E,B1G,IE,2020,132457.2
A,CP_MNAC,B-E,B1G,IE,2021,159712.6
A,CP_MNAC,B-E,B1G,IE,2022,200795.9
A,CP_MNAC,B-E,B1G,IE,2023,163444.4
A,CP_MNAC,B-E,B1G,IE,2024,170959.2
A,CP_MNAC,B-E,B1G,IE,2025,184479.8
A,CP_MNAC,B-E,B1G,IS,1995,79544.1
A,CP_MNAC,B-E,B1G,IS,1996,83803.3
A,CP_MNAC,B-E,B1G,IS,1997,97335.1
A,CP_MNAC,B-E,B1G,IS,1998,101569.4
A,CP_MNAC,B-E,B1G,IS,1999,99804.8
A,CP_MNAC,B-E,B1G,IS,2000,105960.0
A,CP_MNAC,B-E,B1G,IS,2001,137033.7
A,CP_MNAC,B-E,B1G,IS,2002,128451.3
A,CP_MNAC,B-E,B1G,IS,2003,124628.0
A,CP_MNAC,B-E,B1G,IS,2004,132320.1
A,CP_MNAC,B-E,B1G,IS,2005,125707.6
A,CP_MNAC,B-E,B1G,IS,2006,156013.3
A,CP_MNAC,B-E,B1G,IS,2007,156388.1
A,CP_MNAC,B-E,B1G,IS,2008,241364.9
A,CP_MNAC,B-E,B1G,IS,2009,247959.8
A,CP_MNAC,B-E,B1G,IS,2010,303989.7
A,CP_MNAC,B-E,B1G,IS,2011,326223.1
A,CP_MNAC,B-E,B1G,IS,2012,315693.1
A,CP_MNAC,B-E,B1G,IS,2013,322935.5
A,CP_MNAC,B-E,B1G,IS,2014,335177.2
A,CP_MNAC,B-E,B1G,IS,2015,350699.2
A,CP_MNAC,B-E,B1G,IS,2016,346392.3
A,CP_MNAC,B-E,B1G,IS,2017,341540.0
A,CP_MNAC,B-E,B1G,IS,2018,377223.9
A,CP_MNAC,B-E,B1G,IS,2019,379050.1
A,CP_MNAC,B-E,B1G,IS,2020,391177.3
A,CP_MNAC,B-E,B1G,IS,2021,467387.7
A,CP_MNAC,B-E,B1G,IS,2022,567310.1
A,CP_MNAC,B-E,B1G,IS,2023,551826.1
A,CP_MNAC,B-E,B1G,IS,2024,586121.8
A,CP_MNAC,B-E,B1G,IS,2025,614590.7
A,CP_MNAC,B-E,B1G,IT,1995,212947.1
A,CP_MNAC,B-E,B1G,IT,1996,221212.3
A,CP_MNAC,B-E,B1G,IT,1997,228826.8
A,CP_MNAC,B-E,B1G,IT,1998,237610.6
A,CP_MNAC,B-E,B1G,IT,1999,238294.3
A,CP_MNAC,B-E,B1G,IT,2000,246194.3
A,CP_MNAC,B-E,B1G,IT,2001,252455.7
A,CP_MNAC,B-E,B1G,IT,2002,257286.7
A,CP_MNAC,B-E,B1G,IT,2003,254749.9
A,CP_MNAC,B-E,B1G,IT,2004,261411.5
A,CP_MNAC,B-E,B1G,IT,2005,264148.6
A,CP_MNAC,B-E,B1G,IT,2006,276081.8
A,CP_MNAC,B-E,B1G,IT,2007,293101.7
A,CP_MNAC,B-E,B1G,IT,2008,292730.0
A,CP_MNAC,B-E,B1G,IT,2009,254476.5
A,CP_MNAC,B-E,B1G,IT,2010,265448.2
A,CP_MNAC,B-E,B1G,IT,2011,270502.4
A,CP_MNAC,B-E,B1G,IT,2012,264048.9
A,CP_MNAC,B-E,B1G,IT,2013,263541.9
A,CP_MNAC,B-E,B1G,IT,2014,265877.4
A,CP_MNAC,B-E,B1G,IT,2015,274001.5
A,CP_MNAC,B-E,B1G,IT,2016,287784.7
A,CP_MNAC,B-E,B1G,IT,2017,297225.4
A,CP_MNAC,B-E,B1G,IT,2018,306498.3
A,CP_MNAC,B-E,B1G,IT,2019,309885.1
A,CP_MNAC,B-E,B1G,IT,2020,284141.8
A,CP_MNAC,B-E,B1G,IT,2021,330290.1
A,CP_MNAC,B-E,B1G,IT,2022,362965.3
A,CP_MNAC,B-E,B1G,IT,2023,390458.7
A,CP_MNAC,B-E,B1G,IT,2024,389541.7
A,CP_MNAC,B-E,B1G,IT,2025,396829.9
A,CP_MNAC,B-E,B1G,LI,2016,2346.6
A,CP_MNAC,B-E,B1G,LI,2017,2548.9
A,CP_MNAC,B-E,B1G,LI,2018,2473.6
A,CP_MNAC,B-E,B1G,LI,2019,2567.8
A,CP_MNAC,B-E,B1G,LI,2020,2160.8
A,CP_MNAC,B-E,B1G,LI,2021,2696.1
A,CP_MNAC,B-E,B1G,LI,2022,2517.7
A,CP_MNAC,B-E,B1G,LI,2023,2598.0
A,CP_MNAC,B-E,B1G,LT,1995,1725.3
A,CP_MNAC,B-E,B1G,LT,1996,2069.3
A,CP_MNAC,B-E,B1G,LT,1997,2414.6
A,CP_MNAC,B-E,B1G,LT,1998,2629.0
A,CP_MNAC,B-E,B1G,LT,1999,2522.7
A,CP_MNAC,B-E,B1G,LT,2000,2835.1
A,CP_MNAC,B-E,B1G,LT,2001,3114.1
A,CP_MNAC,B-E,B1G,LT,2002,3160.6
A,CP_MNAC,B-E,B1G,LT,2003,3625.1
A,CP_MNAC,B-E,B1G,LT,2004,4211.8
A,CP_MNAC,B-E,B1G,LT,2005,4757.2
A,CP_MNAC,B-E,B1G,LT,2006,5185.2
A,CP_MNAC,B-E,B1G,LT,2007,5691.4
A,CP_MNAC,B-E,B1G,LT,2008,6258.1
A,CP_MNAC,B-E,B1G,LT,2009,5148.0
A,CP_MNAC,B-E,B1G,LT,2010,5784.7
A,CP_MNAC,B-E,B1G,LT,2011,6923.7
A,CP_MNAC,B-E,B1G,LT,2012,7512.4
A,CP_MNAC,B-E,B1G,LT,2013,7514.6
A,CP_MNAC,B-E,B1G,LT,2014,7630.5
A,CP_MNAC,B-E,B1G,LT,2015,7580.5
A,CP_MNAC,B-E,B1G,LT,2016,7724.7
A,CP_MNAC,B-E,B1G,LT,2017,8341.9
A,CP_MNAC,B-E,B1G,LT,2018,8870.6
A,CP_MNAC,B-E,B1G,LT,2019,9198.9
A,CP_MNAC,B-E,B1G,LT,2020,9182.5
A,CP_MNAC,B-E,B1G,LT,2021,10507.6
A,CP_MNAC,B-E,B1G,LT,2022,12895.8
A,CP_MNAC,B-E,B1G,LT,2023,13262.8
A,CP_MNAC,B-E,B1G,LT,2024,12723.4
A,CP_MNAC,B-E,B1G,LT,2025,13038.0
A,CP_MNAC,B-E,B1G,LU,1995,2086.8
A,CP_MNAC,B-E,B1G,LU,1996,2053.6
A,CP_MNAC,B-E,B1G,LU,1997,2207.4
A,CP_MNAC,B-E,B1G,LU,1998,2323.0
A,CP_MNAC,B-E,B1G,LU,1999,2363.2
A,CP_MNAC,B-E,B1G,LU,2000,2571.2
A,CP_MNAC,B-E,B1G,LU,2001,2557.5
A,CP_MNAC,B-E,B1G,LU,2002,2582.8
A,CP_MNAC,B-E,B1G,LU,2003,2769.6
A,CP_MNAC,B-E,B1G,LU,2004,2804.2
A,CP_MNAC,B-E,B1G,LU,2005,2856.5
A,CP_MNAC,B-E,B1G,LU,2006,2946.2
A,CP_MNAC,B-E,B1G,LU,2007,3528.3
A,CP_MNAC,B-E,B1G,LU,2008,3169.1
A,CP_MNAC,B-E,B1G,LU,2009,2381.1
A,CP_MNAC,B-E,B1G,LU,2010,2656.6
A,CP_MNAC,B-E,B1G,LU,2011,2700.7
A,CP_MNAC,B-E,B1G,LU,2012,2652.4
A,CP_MNAC,B-E,B1G,LU,2013,2837.1
A,CP_MNAC,B-E,B1G,LU,2014,3121.7
A,CP_MNAC,B-E,B1G,LU,2015,3663.2
A,CP_MNAC,B-E,B1G,LU,2016,4001.3
A,CP_MNAC,B-E,B1G,LU,2017,3486.6
A,CP_MNAC,B-E,B1G,LU,2018,3705.6
A,CP_MNAC,B-E,B1G,LU,2019,3912.3
A,CP_MNAC,B-E,B1G,LU,2020,3988.9
A,CP_MNAC,B-E,B1G,LU,2021,4233.4
A,CP_MNAC,B-E,B1G,LU,2022,3830.0
A,CP_MNAC,B-E,B1G,LU,2023,4253.6
A,CP_MNAC,B-E,B1G,LU,2024,4476.1
A,CP_MNAC,B-E,B1G,LU,2025,4109.0
A,CP_MNAC,B-E,B1G,LV,1995,915.0
A,CP_MNAC,B-E,B1G,LV,1996,1052.9
A,CP_MNAC,B-E,B1G,LV,1997,1276.6
A,CP_MNAC,B-E,B1G,LV,1998,1206.0
A,CP_MNAC,B-E,B1G,LV,1999,1152.6
A,CP_MNAC,B-E,B1G,LV,2000,1193.6
A,CP_MNAC,B-E,B1G,LV,2001,1287.3
A,CP_MNAC,B-E,B1G,LV,2002,1423.3
A,CP_MNAC,B-E,B1G,LV,2003,1508.4
A,CP_MNAC,B-E,B1G,LV,2004,1726.6
A,CP_MNAC,B-E,B1G,LV,2005,1937.6
A,CP_MNAC,B-E,B1G,LV,2006,2268.6
A,CP_MNAC,B-E,B1G,LV,2007,2859.1
A,CP_MNAC,B-E,B1G,LV,2008,3096.4
A,CP_MNAC,B-E,B1G,LV,2009,2644.3
A,CP_MNAC,B-E,B1G,LV,2010,2918.8
A,CP_MNAC,B-E,B1G,LV,2011,3109.8
A,CP_MNAC,B-E,B1G,LV,2012,3351.3
A,CP_MNAC,B-E,B1G,LV,2013,3328.4
A,CP_MNAC,B-E,B1G,LV,2014,3175.7
A,CP_MNAC,B-E,B1G,LV,2015,3388.3
A,CP_MNAC,B-E,B1G,LV,2016,3517.7
A,CP_MNAC,B-E,B1G,LV,2017,3765.7
A,CP_MNAC,B-E,B1G,LV,2018,3836.6
A,CP_MNAC,B-E,B1G,LV,2019,4061.4
A,CP_MNAC,B-E,B1G,LV,2020,4261.6
A,CP_MNAC,B-E,B1G,LV,2021,5256.9
A,CP_MNAC,B-E,B1G,LV,2022,5615.5
A,CP_MNAC,B-E,B1G,LV,2023,5837.8
A,CP_MNAC,B-E,B1G,LV,2024,5432.5
A,CP_MNAC,B-E,B1G,LV,2025,5665.5
A,CP_MNAC,B-E,B1G,MD,2014,17525.2
A,CP_MNAC,B-E,B1G,MD,2015,20026.1
A,CP_MNAC,B-E,B1G,MD,2016,21657.7
A,CP_MNAC,B-E,B1G,MD,2017,23853.3
A,CP_MNAC,B-E,B1G,MD,2018,25621.4
A,CP_MNAC,B-E,B1G,MD,2019,27130.3
A,CP_MNAC,B-E,B1G,MD,2020,26240.7
A,CP_MNAC,B-E,B1G,MD,2021,30637.0
A,CP_MNAC,B-E,B1G,MD,2022,31489.2
A,CP_MNAC,B-E,B1G,MD,2023,32063.8
A,CP_MNAC,B-E,B1G,MD,2024,31346.9
A,CP_MNAC,B-E,B1G,MD,2025,34486.8
A,CP_MNAC,B-E,B1G,ME,2006,322.3
A,CP_MNAC,B-E,B1G,ME,2007,309.3
A,CP_MNAC,B-E,B1G,ME,2008,361.9
A,CP_MNAC,B-E,B1G,ME,2009,355.6
A,CP_MNAC,B-E,B1G,ME,2010,379.5
A,CP_MNAC,B-E,B1G,ME,2011,318.1
A,CP_MNAC,B-E,B1G,ME,2012,319.0
A,CP_MNAC,B-E,B1G,ME,2013,375.8
A,CP_MNAC,B-E,B1G,ME,2014,365.6
A,CP_MNAC,B-E,B1G,ME,2015,366.7
A,CP_MNAC,B-E,B1G,ME,2016,389.6
A,CP_MNAC,B-E,B1G,ME,2017,381.0
A,CP_MNAC,B-E,B1G,ME,2018,463.7
A,CP_MNAC,B-E,B1G,ME,2019,469.1
A,CP_MNAC,B-E,B1G,ME,2020,457.8
A,CP_MNAC,B-E,B1G,ME,2021,491.5
A,CP_MNAC,B-E,B1G,ME,2022,529.5
A,CP_MNAC,B-E,B1G,ME,2023,630.2
A,CP_MNAC,B-E,B1G,ME,2024,635.6
A,CP_MNAC,B-E,B1G,ME,2025,610.8
A,CP_MNAC,B-E,B1G,MK,2000,39226.5
A,CP_MNAC,B-E,B1G,MK,2001,38885.5
A,CP_MNAC,B-E,B1G,MK,2002,36379.2
A,CP_MNAC,B-E,B1G,MK,2003,42834.0
A,CP_MNAC,B-E,B1G,MK,2004,39346.0
A,CP_MNAC,B-E,B1G,MK,2005,46487.3
A,CP_MNAC,B-E,B1G,MK,2006,49415.0
A,CP_MNAC,B-E,B1G,MK,2007,54910.3
A,CP_MNAC,B-E,B1G,MK,2008,57640.2
A,CP_MNAC,B-E,B1G,MK,2009,55292.9
A,CP_MNAC,B-E,B1G,MK,2010,67672.8
A,CP_MNAC,B-E,B1G,MK,2011,76013.2
A,CP_MNAC,B-E,B1G,MK,2012,71688.8
A,CP_MNAC,B-E,B1G,MK,2013,75397.0
A,CP_MNAC,B-E,B1G,MK,2014,83865.0
A,CP_MNAC,B-E,B1G,MK,2015,94026.8
A,CP_MNAC,B-E,B1G,MK,2016,101425.4
A,CP_MNAC,B-E,B1G,MK,2017,109870.5
A,CP_MNAC,B-E,B1G,MK,2018,123187.3
A,CP_MNAC,B-E,B1G,MK,2019,125196.0
A,CP_MNAC,B-E,B1G,MK,2020,116702.8
A,CP_MNAC,B-E,B1G,MK,2021,124273.5
A,CP_MNAC,B-E,B1G,MK,2022,139045.7
A,CP_MNAC,B-E,B1G,MK,2023,161878.8
A,CP_MNAC,B-E,B1G,MK,2024,171848.5
A,CP_MNAC,B-E,B1G,MK,2025,183123.9
A,CP_MNAC,B-E,B1G,MT,1995,626.6
A,CP_MNAC,B-E,B1G,MT,1996,659.3
A,CP_MNAC,B-E,B1G,MT,1997,693.9
A,CP_MNAC,B-E,B1G,MT,1998,771.1
A,CP_MNAC,B-E,B1G,MT,1999,766.2
A,CP_MNAC,B-E,B1G,MT,2000,892.7
A,CP_MNAC,B-E,B1G,MT,2001,777.0
A,CP_MNAC,B-E,B1G,MT,2002,809.4
A,CP_MNAC,B-E,B1G,MT,2003,826.2
A,CP_MNAC,B-E,B1G,MT,2004,752.0
A,CP_MNAC,B-E,B1G,MT,2005,733.9
A,CP_MNAC,B-E,B1G,MT,2006,771.5
A,CP_MNAC,B-E,B1G,MT,2007,832.5
A,CP_MNAC,B-E,B1G,MT,2008,945.8
A,CP_MNAC,B-E,B1G,MT,2009,859.7
A,CP_MNAC,B-E,B1G,MT,2010,905.8
A,CP_MNAC,B-E,B1G,MT,2011,863.9
A,CP_MNAC,B-E,B1G,MT,2012,840.0
A,CP_MNAC,B-E,B1G,MT,2013,877.6
A,CP_MNAC,B-E,B1G,MT,2014,865.8
A,CP_MNAC,B-E,B1G,MT,2015,889.7
A,CP_MNAC,B-E,B1G,MT,2016,967.9
A,CP_MNAC,B-E,B1G,MT,2017,1007.1
A,CP_MNAC,B-E,B1G,MT,2018,1093.4
A,CP_MNAC,B-E,B1G,MT,2019,1141.8
A,CP_MNAC,B-E,B1G,MT,2020,1145.6
A,CP_MNAC,B-E,B1G,MT,2021,1259.2
A,CP_MNAC,B-E,B1G,MT,2022,1380.5
A,CP_MNAC,B-E,B1G,MT,2023,1541.0
A,CP_MNAC,B-E,B1G,MT,2024,1624.2
A,CP_MNAC,B-E,B1G,MT,2025,1619.3
A,CP_MNAC,B-E,B1G,NL,1995,61601.0
A,CP_MNAC,B-E,B1G,NL,1996,63500.0
A,CP_MNAC,B-E,B1G,NL,1997,65050.0
A,CP_MNAC,B-E,B1G,NL,1998,68035.0
A,CP_MNAC,B-E,B1G,NL,1999,68411.0
A,CP_MNAC,B-E,B1G,NL,2000,73929.0
A,CP_MNAC,B-E,B1G,NL,2001,79279.0
A,CP_MNAC,B-E,B1G,NL,2002,78381.0
A,CP_MNAC,B-E,B1G,NL,2003,78313.0
A,CP_MNAC,B-E,B1G,NL,2004,80958.0
A,CP_MNAC,B-E,B1G,NL,2005,85690.0
A,CP_MNAC,B-E,B1G,NL,2006,91957.0
A,CP_MNAC,B-E,B1G,NL,2007,96428.0
A,CP_MNAC,B-E,B1G,NL,2008,102260.0
A,CP_MNAC,B-E,B1G,NL,2009,90014.0
A,CP_MNAC,B-E,B1G,NL,2010,91890.0
A,CP_MNAC,B-E,B1G,NL,2011,97062.0
A,CP_MNAC,B-E,B1G,NL,2012,100005.0
A,CP_MNAC,B-E,B1G,NL,2013,98777.0
A,CP_MNAC,B-E,B1G,NL,2014,94166.0
A,CP_MNAC,B-E,B1G,NL,2015,95632.0
A,CP_MNAC,B-E,B1G,NL,2016,93991.0
A,CP_MNAC,B-E,B1G,NL,2017,98589.0
A,CP_MNAC,B-E,B1G,NL,2018,103759.0
A,CP_MNAC,B-E,B1G,NL,2019,105749.0
A,CP_MNAC,B-E,B1G,NL,2020,103231.0
A,CP_MNAC,B-E,B1G,NL,2021,116527.0
A,CP_MNAC,B-E,B1G,NL,2022,141430.0
A,CP_MNAC,B-E,B1G,NL,2023,142262.0
A,CP_MNAC,B-E,B1G,NL,2024,149906.0
A,CP_MNAC,B-E,B1G,NL,2025,157220.0
A,CP_MNAC,B-E,B1G,NO,1975,40154.0
A,CP_MNAC,B-E,B1G,NO,1976,45371.0
A,CP_MNAC,B-E,B1G,NO,1977,50578.0
A,CP_MNAC,B-E,B1G,NO,1978,58104.0
A,CP_MNAC,B-E,B1G,NO,1979,73047.0
A,CP_MNAC,B-E,B1G,NO,1980,94596.0
A,CP_MNAC,B-E,B1G,NO,1981,109387.0
A,CP_MNAC,B-E,B1G,NO,1982,120895.0
A,CP_MNAC,B-E,B1G,NO,1983,138733.0
A,CP_MNAC,B-E,B1G,NO,1984,165046.0
A,CP_MNAC,B-E,B1G,NO,1985,178084.0
A,CP_MNAC,B-E,B1G,NO,1986,142202.0
A,CP_MNAC,B-E,B1G,NO,1987,149949.0
A,CP_MNAC,B-E,B1G,NO,1988,146403.0
A,CP_MNAC,B-E,B1G,NO,1989,174406.0
A,CP_MNAC,B-E,B1G,NO,1990,192399.0
A,CP_MNAC,B-E,B1G,NO,1991,199162.0
A,CP_MNAC,B-E,B1G,NO,1992,201796.0
A,CP_MNAC,B-E,B1G,NO,1993,212314.0
A,CP_MNAC,B-E,B1G,NO,1994,221367.0
A,CP_MNAC,B-E,B1G,NO,1995,243443.0
A,CP_MNAC,B-E,B1G,NO,1996,289730.0
A,CP_MNAC,B-E,B1G,NO,1997,316603.0
A,CP_MNAC,B-E,B1G,NO,1998,273583.0
A,CP_MNAC,B-E,B1G,NO,1999,326787.0
A,CP_MNAC,B-E,B1G,NO,2000,503463.0
A,CP_MNAC,B-E,B1G,NO,2001,501145.0
A,CP_MNAC,B-E,B1G,NO,2002,464704.0
A,CP_MNAC,B-E,B1G,NO,2003,485030.0
A,CP_MNAC,B-E,B1G,NO,2004,560543.0
A,CP_MNAC,B-E,B1G,NO,2005,685156.0
A,CP_MNAC,B-E,B1G,NO,2006,795898.0
A,CP_MNAC,B-E,B1G,NO,2007,776357.0
A,CP_MNAC,B-E,B1G,NO,2008,952097.0
A,CP_MNAC,B-E,B1G,NO,2009,735568.0
A,CP_MNAC,B-E,B1G,NO,2010,803336.0
A,CP_MNAC,B-E,B1G,NO,2011,929608.0
A,CP_MNAC,B-E,B1G,NO,2012,973471.0
A,CP_MNAC,B-E,B1G,NO,2013,971211.0
A,CP_MNAC,B-E,B1G,NO,2014,937609.0
A,CP_MNAC,B-E,B1G,NO,2015,823310.0
A,CP_MNAC,B-E,B1G,NO,2016,714236.0
A,CP_MNAC,B-E,B1G,NO,2017,828477.0
A,CP_MNAC,B-E,B1G,NO,2018,974235.0
A,CP_MNAC,B-E,B1G,NO,2019,868130.0
A,CP_MNAC,B-E,B1G,NO,2020,725942.0
A,CP_MNAC,B-E,B1G,NO,2021,1428107.0
A,CP_MNAC,B-E,B1G,NO,2022,2591955.0
A,CP_MNAC,B-E,B1G,NO,2023,1758881.0
A,CP_MNAC,B-E,B1G,NO,2024,1684889.0
A,CP_MNAC,B-E,B1G,NO,2025,1641492.0
A,CP_MNAC,B-E,B1G,PL,1995,90470.0
A,CP_MNAC,B-E,B1G,PL,1996,106808.0
A,CP_MNAC,B-E,B1G,PL,1997,123742.0
A,CP_MNAC,B-E,B1G,PL,1998,138442.0
A,CP_MNAC,B-E,B1G,PL,1999,150053.0
A,CP_MNAC,B-E,B1G,PL,2000,160018.0
A,CP_MNAC,B-E,B1G,PL,2001,156969.0
A,CP_MNAC,B-E,B1G,PL,2002,161973.0
A,CP_MNAC,B-E,B1G,PL,2003,180841.0
A,CP_MNAC,B-E,B1G,PL,2004,211137.0
A,CP_MNAC,B-E,B1G,PL,2005,221308.0
A,CP_MNAC,B-E,B1G,PL,2006,238562.0
A,CP_MNAC,B-E,B1G,PL,2007,262867.0
A,CP_MNAC,B-E,B1G,PL,2008,280755.0
A,CP_MNAC,B-E,B1G,PL,2009,305387.0
A,CP_MNAC,B-E,B1G,PL,2010,320373.0
A,CP_MNAC,B-E,B1G,PL,2011,347305.0
A,CP_MNAC,B-E,B1G,PL,2012,370164.0
A,CP_MNAC,B-E,B1G,PL,2013,355090.0
A,CP_MNAC,B-E,B1G,PL,2014,385440.0
A,CP_MNAC,B-E,B1G,PL,2015,419211.0
A,CP_MNAC,B-E,B1G,PL,2016,440427.0
A,CP_MNAC,B-E,B1G,PL,2017,441465.0
A,CP_MNAC,B-E,B1G,PL,2018,461384.0
A,CP_MNAC,B-E,B1G,PL,2019,497255.0
A,CP_MNAC,B-E,B1G,PL,2020,506793.0
A,CP_MNAC,B-E,B1G,PL,2021,595828.0
A,CP_MNAC,B-E,B1G,PL,2022,723768.0
A,CP_MNAC,B-E,B1G,PL,2023,791121.0
A,CP_MNAC,B-E,B1G,PL,2024,746334.0
A,CP_MNAC,B-E,B1G,PL,2025,743529.0
A,CP_MNAC,B-E,B1G,PT,1995,16982.2
A,CP_MNAC,B-E,B1G,PT,1996,18543.3
A,CP_MNAC,B-E,B1G,PT,1997,19957.7
A,CP_MNAC,B-E,B1G,PT,1998,21153.4
A,CP_MNAC,B-E,B1G,PT,1999,22126.4
A,CP_MNAC,B-E,B1G,PT,2000,22809.4
A,CP_MNAC,B-E,B1G,PT,2001,23554.8
A,CP_MNAC,B-E,B1G,PT,2002,24016.5
A,CP_MNAC,B-E,B1G,PT,2003,23896.9
A,CP_MNAC,B-E,B1G,PT,2004,24390.4
A,CP_MNAC,B-E,B1G,PT,2005,24365.5
A,CP_MNAC,B-E,B1G,PT,2006,25478.1
A,CP_MNAC,B-E,B1G,PT,2007,26829.4
A,CP_MNAC,B-E,B1G,PT,2008,25983.6
A,CP_MNAC,B-E,B1G,PT,2009,25064.8
A,CP_MNAC,B-E,B1G,PT,2010,26607.6
A,CP_MNAC,B-E,B1G,PT,2011,25601.4
A,CP_MNAC,B-E,B1G,PT,2012,24994.7
A,CP_MNAC,B-E,B1G,PT,2013,25455.8
A,CP_MNAC,B-E,B1G,PT,2014,26575.2
A,CP_MNAC,B-E,B1G,PT,2015,28751.8
A,CP_MNAC,B-E,B1G,PT,2016,29723.9
A,CP_MNAC,B-E,B1G,PT,2017,30714.0
A,CP_MNAC,B-E,B1G,PT,2018,32191.6
A,CP_MNAC,B-E,B1G,PT,2019,32357.0
A,CP_MNAC,B-E,B1G,PT,2020,30637.1
A,CP_MNAC,B-E,B1G,PT,2021,33115.4
A,CP_MNAC,B-E,B1G,PT,2022,34847.8
A,CP_MNAC,B-E,B1G,PT,2023,39040.5
A,CP_MNAC,B-E,B1G,PT,2024,41382.2
A,CP_MNAC,B-E,B1G,PT,2025,42258.5
A,CP_MNAC,B-E,B1G,RO,1995,2288.9
A,CP_MNAC,B-E,B1G,RO,1996,3560.6
A,CP_MNAC,B-E,B1G,RO,1997,7700.3
A,CP_MNAC,B-E,B1G,RO,1998,9886.8
A,CP_MNAC,B-E,B1G,RO,1999,13881.4
A,CP_MNAC,B-E,B1G,RO,2000,20253.5
A,CP_MNAC,B-E,B1G,RO,2001,31273.9
A,CP_MNAC,B-E,B1G,RO,2002,41351.5
A,CP_MNAC,B-E,B1G,RO,2003,49392.5
A,CP_MNAC,B-E,B1G,RO,2004,62285.6
A,CP_MNAC,B-E,B1G,RO,2005,72421.1
A,CP_MNAC,B-E,B1G,RO,2006,85724.7
A,CP_MNAC,B-E,B1G,RO,2007,105162.8
A,CP_MNAC,B-E,B1G,RO,2008,137225.8
A,CP_MNAC,B-E,B1G,RO,2009,136648.2
A,CP_MNAC,B-E,B1G,RO,2010,163897.2
A,CP_MNAC,B-E,B1G,RO,2011,197450.7
A,CP_MNAC,B-E,B1G,RO,2012,166971.3
A,CP_MNAC,B-E,B1G,RO,2013,159183.9
A,CP_MNAC,B-E,B1G,RO,2014,175214.4
A,CP_MNAC,B-E,B1G,RO,2015,177350.3
A,CP_MNAC,B-E,B1G,RO,2016,181197.4
A,CP_MNAC,B-E,B1G,RO,2017,201762.4
A,CP_MNAC,B-E,B1G,RO,2018,220513.3
A,CP_MNAC,B-E,B1G,RO,2019,227193.0
A,CP_MNAC,B-E,B1G,RO,2020,214157.2
A,CP_MNAC,B-E,B1G,RO,2021,234633.8
A,CP_MNAC,B-E,B1G,RO,2022,287753.5
A,CP_MNAC,B-E,B1G,RO,2023,302950.6
A,CP_MNAC,B-E,B1G,RO,2024,304586.9
A,CP_MNAC,B-E,B1G,RO,2025,320316.7
A,CP_MNAC,B-E,B1G,RS,1995,18760.9
A,CP_MNAC,B-E,B1G,RS,1996,34094.5
A,CP_MNAC,B-E,B1G,RS,1997,42999.0
A,CP_MNAC,B-E,B1G,RS,1998,56789.2
A,CP_MNAC,B-E,B1G,RS,1999,65228.4
A,CP_MNAC,B-E,B1G,RS,2000,151443.7
A,CP_MNAC,B-E,B1G,RS,2001,277826.4
A,CP_MNAC,B-E,B1G,RS,2002,325982.9
A,CP_MNAC,B-E,B1G,RS,2003,349559.6
A,CP_MNAC,B-E,B1G,RS,2004,415726.0
A,CP_MNAC,B-E,B1G,RS,2005,483744.1
A,CP_MNAC,B-E,B1G,RS,2006,569193.5
A,CP_MNAC,B-E,B1G,RS,2007,638252.9
A,CP_MNAC,B-E,B1G,RS,2008,714331.5
A,CP_MNAC,B-E,B1G,RS,2009,669811.1
A,CP_MNAC,B-E,B1G,RS,2010,744578.5
A,CP_MNAC,B-E,B1G,RS,2011,860860.0
A,CP_MNAC,B-E,B1G,RS,2012,921208.5
A,CP_MNAC,B-E,B1G,RS,2013,1082709.6
A,CP_MNAC,B-E,B1G,RS,2014,1029101.9
A,CP_MNAC,B-E,B1G,RS,2015,1046757.5
A,CP_MNAC,B-E,B1G,RS,2016,1082778.2
A,CP_MNAC,B-E,B1G,RS,2017,1135890.4
A,CP_MNAC,B-E,B1G,RS,2018,1155085.5
A,CP_MNAC,B-E,B1G,RS,2019,1161057.2
A,CP_MNAC,B-E,B1G,RS,2020,1126812.2
A,CP_MNAC,B-E,B1G,RS,2021,1260730.8
A,CP_MNAC,B-E,B1G,RS,2022,1524926.5
A,CP_MNAC,B-E,B1G,RS,2023,1655554.2
A,CP_MNAC,B-E,B1G,RS,2024,1756405.7
A,CP_MNAC,B-E,B1G,RS,2025,1836236.6
A,CP_MNAC,B-E,B1G,SE,1993,323387.0
A,CP_MNAC,B-E,B1G,SE,1994,367669.0
A,CP_MNAC,B-E,B1G,SE,1995,434530.0
A,CP_MNAC,B-E,B1G,SE,1996,435179.0
A,CP_MNAC,B-E,B1G,SE,1997,459016.0
A,CP_MNAC,B-E,B1G,SE,1998,483442.0
A,CP_MNAC,B-E,B1G,SE,1999,499169.0
A,CP_MNAC,B-E,B1G,SE,2000,538659.0
A,CP_MNAC,B-E,B1G,SE,2001,545351.0
A,CP_MNAC,B-E,B1G,SE,2002,557821.0
A,CP_MNAC,B-E,B1G,SE,2003,561979.0
A,CP_MNAC,B-E,B1G,SE,2004,577139.0
A,CP_MNAC,B-E,B1G,SE,2005,594054.0
A,CP_MNAC,B-E,B1G,SE,2006,630847.0
A,CP_MNAC,B-E,B1G,SE,2007,666440.0
A,CP_MNAC,B-E,B1G,SE,2008,658685.0
A,CP_MNAC,B-E,B1G,SE,2009,576906.0
A,CP_MNAC,B-E,B1G,SE,2010,674923.0
A,CP_MNAC,B-E,B1G,SE,2011,693186.0
A,CP_MNAC,B-E,B1G,SE,2012,668548.0
A,CP_MNAC,B-E,B1G,SE,2013,643488.0
A,CP_MNAC,B-E,B1G,SE,2014,650166.0
A,CP_MNAC,B-E,B1G,SE,2015,712034.0
A,CP_MNAC,B-E,B1G,SE,2016,722001.0
A,CP_MNAC,B-E,B1G,SE,2017,752711.0
A,CP_MNAC,B-E,B1G,SE,2018,786182.0
A,CP_MNAC,B-E,B1G,SE,2019,832455.0
A,CP_MNAC,B-E,B1G,SE,2020,797557.0
A,CP_MNAC,B-E,B1G,SE,2021,905242.0
A,CP_MNAC,B-E,B1G,SE,2022,1034949.0
A,CP_MNAC,B-E,B1G,SE,2023,1033385.0
A,CP_MNAC,B-E,B1G,SE,2024,1022508.0
A,CP_MNAC,B-E,B1G,SE,2025,1022616.0
A,CP_MNAC,B-E,B1G,SI,1995,2583.6
A,CP_MNAC,B-E,B1G,SI,1996,2979.2
A,CP_MNAC,B-E,B1G,SI,1997,3463.0
A,CP_MNAC,B-E,B1G,SI,1998,3908.5
A,CP_MNAC,B-E,B1G,SI,1999,4286.1
A,CP_MNAC,B-E,B1G,SI,2000,4642.7
A,CP_MNAC,B-E,B1G,SI,2001,5282.2
A,CP_MNAC,B-E,B1G,SI,2002,5802.1
A,CP_MNAC,B-E,B1G,SI,2003,6339.9
A,CP_MNAC,B-E,B1G,SI,2004,6849.8
A,CP_MNAC,B-E,B1G,SI,2005,6981.4
A,CP_MNAC,B-E,B1G,SI,2006,7497.9
A,CP_MNAC,B-E,B1G,SI,2007,8273.5
A,CP_MNAC,B-E,B1G,SI,2008,8508.5
A,CP_MNAC,B-E,B1G,SI,2009,7377.2
A,CP_MNAC,B-E,B1G,SI,2010,7524.0
A,CP_MNAC,B-E,B1G,SI,2011,7909.7
A,CP_MNAC,B-E,B1G,SI,2012,7948.1
A,CP_MNAC,B-E,B1G,SI,2013,8167.7
A,CP_MNAC,B-E,B1G,SI,2014,8544.1
A,CP_MNAC,B-E,B1G,SI,2015,8878.5
A,CP_MNAC,B-E,B1G,SI,2016,9283.7
A,CP_MNAC,B-E,B1G,SI,2017,10002.6
A,CP_MNAC,B-E,B1G,SI,2018,10534.3
A,CP_MNAC,B-E,B1G,SI,2019,11275.8
A,CP_MNAC,B-E,B1G,SI,2020,11076.9
A,CP_MNAC,B-E,B1G,SI,2021,11877.0
A,CP_MNAC,B-E,B1G,SI,2022,12558.4
A,CP_MNAC,B-E,B1G,SI,2023,15042.3
A,CP_MNAC,B-E,B1G,SI,2024,15613.3
A,CP_MNAC,B-E,B1G,SI,2025,15646.4
A,CP_MNAC,B-E,B1G,SK,1995,4650.4
A,CP_MNAC,B-E,B1G,SK,1996,5008.4
A,CP_MNAC,B-E,B1G,SK,1997,5208.3
A,CP_MNAC,B-E,B1G,SK,1998,5959.6
A,CP_MNAC,B-E,B1G,SK,1999,6623.9
A,CP_MNAC,B-E,B1G,SK,2000,7643.3
A,CP_MNAC,B-E,B1G,SK,2001,8440.1
A,CP_MNAC,B-E,B1G,SK,2002,8706.7
A,CP_MNAC,B-E,B1G,SK,2003,10347.3
A,CP_MNAC,B-E,B1G,SK,2004,12117.4
A,CP_MNAC,B-E,B1G,SK,2005,13065.3
A,CP_MNAC,B-E,B1G,SK,2006,15402.5
A,CP_MNAC,B-E,B1G,SK,2007,16614.1
A,CP_MNAC,B-E,B1G,SK,2008,16661.3
A,CP_MNAC,B-E,B1G,SK,2009,12968.3
A,CP_MNAC,B-E,B1G,SK,2010,14911.9
A,CP_MNAC,B-E,B1G,SK,2011,15905.5
A,CP_MNAC,B-E,B1G,SK,2012,16253.4
A,CP_MNAC,B-E,B1G,SK,2013,15723.2
A,CP_MNAC,B-E,B1G,SK,2014,17450.6
A,CP_MNAC,B-E,B1G,SK,2015,18189.2
A,CP_MNAC,B-E,B1G,SK,2016,17541.0
A,CP_MNAC,B-E,B1G,SK,2017,17431.0
A,CP_MNAC,B-E,B1G,SK,2018,19151.3
A,CP_MNAC,B-E,B1G,SK,2019,21324.3
A,CP_MNAC,B-E,B1G,SK,2020,20321.5
A,CP_MNAC,B-E,B1G,SK,2021,19994.1
A,CP_MNAC,B-E,B1G,SK,2022,20785.0
A,CP_MNAC,B-E,B1G,SK,2023,26390.6
A,CP_MNAC,B-E,B1G,SK,2024,27579.4
A,CP_MNAC,B-E,B1G,SK,2025,27923.7
A,CP_MNAC,B-E,B1G,TR,1995,3070.9
A,CP_MNAC,B-E,B1G,TR,1996,5582.0
A,CP_MNAC,B-E,B1G,TR,1997,10922.3
A,CP_MNAC,B-E,B1G,TR,1998,17983.4
A,CP_MNAC,B-E,B1G,TR,1999,24461.2
A,CP_MNAC,B-E,B1G,TR,2000,36982.8
A,CP_MNAC,B-E,B1G,TR,2001,51817.1
A,CP_MNAC,B-E,B1G,TR,2002,73041.1
A,CP_MNAC,B-E,B1G,TR,2003,95809.5
A,CP_MNAC,B-E,B1G,TR,2004,116016.2
A,CP_MNAC,B-E,B1G,TR,2005,135006.1
A,CP_MNAC,B-E,B1G,TR,2006,158585.1
A,CP_MNAC,B-E,B1G,TR,2007,175880.8
A,CP_MNAC,B-E,B1G,TR,2008,196185.9
A,CP_MNAC,B-E,B1G,TR,2009,187209.0
A,CP_MNAC,B-E,B1G,TR,2010,217540.0
A,CP_MNAC,B-E,B1G,TR,2011,279810.6
A,CP_MNAC,B-E,B1G,TR,2012,307285.7
A,CP_MNAC,B-E,B1G,TR,2013,362489.6
A,CP_MNAC,B-E,B1G,TR,2014,416542.3
A,CP_MNAC,B-E,B1G,TR,2015,466440.0
A,CP_MNAC,B-E,B1G,TR,2016,522207.6
A,CP_MNAC,B-E,B1G,TR,2017,649913.1
A,CP_MNAC,B-E,B1G,TR,2018,842059.2
A,CP_MNAC,B-E,B1G,TR,2019,957352.0
A,CP_MNAC,B-E,B1G,TR,2020,1162818.3
A,CP_MNAC,B-E,B1G,TR,2021,1920994.3
A,CP_MNAC,B-E,B1G,TR,2022,3995992.4
A,CP_MNAC,B-E,B1G,TR,2023,6178731.6
A,CP_MNAC,B-E,B1G,TR,2024,8775609.7
A,CP_MNAC,B-E,B1G,TR,2025,11437780.8
A,CP_MNAC,B-E,B1G,UA,2000,49643.0
A,CP_MNAC,B-E,B1G,UA,2001,55229.0
A,CP_MNAC,B-E,B1G,UA,2002,62338.0
A,CP_MNAC,B-E,B1G,UA,2003,73291.0
A,CP_MNAC,B-E,B1G,UA,2004,89396.0
A,CP_MNAC,B-E,B1G,UA,2005,120207.0
A,CP_MNAC,B-E,B1G,UA,2006,149595.0
A,CP_MNAC,B-E,B1G,UA,2007,196848.0
A,CP_MNAC,B-E,B1G,UA,2008,245138.0
A,CP_MNAC,B-E,B1G,UA,2009,209784.0
A,CP_MNAC,B-E,B1G,UA,2010,244167.0
A,CP_MNAC,B-E,B1G,UA,2011,286843.0
A,CP_MNAC,B-E,B1G,UA,2012,305688.0
A,CP_MNAC,B-E,B1G,UA,2013,295253.0
A,CP_MNAC,B-E,B1G,UA,2014,325242.0
A,CP_MNAC,B-E,B1G,UA,2015,393142.0
A,CP_MNAC,B-E,B1G,UA,2016,505432.0
A,CP_MNAC,B-E,B1G,UA,2017,629861.0
A,CP_MNAC,B-E,B1G,UA,2018,748054.0
A,CP_MNAC,B-E,B1G,UA,2019,790638.0
A,CP_MNAC,B-E,B1G,UA,2020,758738.0
A,CP_MNAC,B-E,B1G,UA,2021,1111762.0
A,CP_MNAC,B-E,B1G,UA,2022,874309.0
A,CP_MNAC,B-E,B1G,UA,2023,1161180.0
A,CP_MNAC,B-E,B1G,UA,2024,1329357.0
A,CP_MNAC,B-E,B1G,UK,1995,169793.0
A,CP_MNAC,B-E,B1G,UK,1996,182050.0
A,CP_MNAC,B-E,B1G,UK,1997,184921.0
A,CP_MNAC,B-E,B1G,UK,1998,184037.0
A,CP_MNAC,B-E,B1G,UK,1999,184654.0
A,CP_MNAC,B-E,B1G,UK,2000,193814.0
A,CP_MNAC,B-E,B1G,UK,2001,188155.0
A,CP_MNAC,B-E,B1G,UK,2002,189499.0
A,CP_MNAC,B-E,B1G,UK,2003,193859.0
A,CP_MNAC,B-E,B1G,UK,2004,194957.0
A,CP_MNAC,B-E,B1G,UK,2005,202540.0
A,CP_MNAC,B-E,B1G,UK,2006,213567.0
A,CP_MNAC,B-E,B1G,UK,2007,213311.0
A,CP_MNAC,B-E,B1G,UK,2008,223986.0
A,CP_MNAC,B-E,B1G,UK,2009,211783.0
A,CP_MNAC,B-E,B1G,UK,2010,222498.0
A,CP_MNAC,B-E,B1G,UK,2011,224760.0
A,CP_MNAC,B-E,B1G,UK,2012,231382.0
A,CP_MNAC,B-E,B1G,UK,2013,241777.0
A,CP_MNAC,B-E,B1G,UK,2014,243709.0
A,CP_MNAC,B-E,B1G,UK,2015,243754.0
A,CP_MNAC,B-E,B1G,UK,2016,243053.0
A,CP_MNAC,B-E,B1G,UK,2017,256285.0
A,CP_MNAC,B-E,B1G,UK,2018,264991.0
A,CP_MNAC,B-E,B1G,UK,2019,265663.0
A,CP_MNAC,B-E,B1G,XK,2008,692.7
A,CP_MNAC,B-E,B1G,XK,2009,747.1
A,CP_MNAC,B-E,B1G,XK,2010,781.2
A,CP_MNAC,B-E,B1G,XK,2011,869.6
A,CP_MNAC,B-E,B1G,XK,2012,914.1
A,CP_MNAC,B-E,B1G,XK,2013,974.7
A,CP_MNAC,B-E,B1G,XK,2014,1021.1
A,CP_MNAC,B-E,B1G,XK,2015,1097.2
A,CP_MNAC,B-E,B1G,XK,2016,1179.1
A,CP_MNAC,B-E,B1G,XK,2017,1232.1
A,CP_MNAC,B-E,B1G,XK,2018,1302.2
A,CP_MNAC,B-E,B1G,XK,2019,1334.3
A,CP_MNAC,B-E,B1G,XK,2020,1346.7
A,CP_MNAC,B-E,B1G,XK,2021,1508.5
A,CP_MNAC,B-E,B1G,XK,2022,1662.3
A,CP_MNAC,B-E,B1G,XK,2023,1768.2
A,CP_MNAC,B-E,B1G,XK,2024,1858.9
A,CP_MNAC,B-E,B1G,XK,2025,1892.4
A,CP_MNAC,TOTAL,B1G,AL,1995,253613.0
A,CP_MNAC,TOTAL,B1G,AL,1996,314451.0
A,CP_MNAC,TOTAL,B1G,AL,1997,309524.7
A,CP_MNAC,TOTAL,B1G,AL,1998,341953.6
A,CP_MNAC,TOTAL,B1G,AL,1999,398810.6
A,CP_MNAC,TOTAL,B1G,AL,2000,446542.3
A,CP_MNAC,TOTAL,B1G,AL,2001,513877.3
A,CP_MNAC,TOTAL,B1G,AL,2002,556158.4
A,CP_MNAC,TOTAL,B1G,AL,2003,608288.4
A,CP_MNAC,TOTAL,B1G,AL,2004,658643.9
A,CP_MNAC,TOTAL,B1G,AL,2005,711275.1
A,CP_MNAC,TOTAL,B1G,AL,2006,766045.4
A,CP_MNAC,TOTAL,B1G,AL,2007,858312.5
A,CP_MNAC,TOTAL,B1G,AL,2008,953090.8
A,CP_MNAC,TOTAL,B1G,AL,2009,999855.8
A,CP_MNAC,TOTAL,B1G,AL,2010,1075398.9
A,CP_MNAC,TOTAL,B1G,AL,2011,1133274.5
A,CP_MNAC,TOTAL,B1G,AL,2012,1153010.7
A,CP_MNAC,TOTAL,B1G,AL,2013,1181308.1
A,CP_MNAC,TOTAL,B1G,AL,2014,1203209.8
A,CP_MNAC,TOTAL,B1G,AL,2015,1247758.0
A,CP_MNAC,TOTAL,B1G,AL,2016,1288668.2
A,CP_MNAC,TOTAL,B1G,AL,2017,1351475.5
A,CP_MNAC,TOTAL,B1G,AL,2018,1428978.8
A,CP_MNAC,TOTAL,B1G,AL,2019,1481560.7
A,CP_MNAC,TOTAL,B1G,AL,2020,1458490.4
A,CP_MNAC,TOTAL,B1G,AL,2021,1599665.5
A,CP_MNAC,TOTAL,B1G,AL,2022,1856229.4
A,CP_MNAC,TOTAL,B1G,AL,2023,2059912.7
A,CP_MNAC,TOTAL,B1G,AL,2024,2179700.5
A,CP_MNAC,TOTAL,B1G,AL,2025,2286253.3
A,CP_MNAC,TOTAL,B1G,AT,1995,158145.3
A,CP_MNAC,TOTAL,B1G,AT,1996,162240.0
A,CP_MNAC,TOTAL,B1G,AT,1997,167234.2
A,CP_MNAC,TOTAL,B1G,AT,1998,174031.6
A,CP_MNAC,TOTAL,B1G,AT,1999,180440.9
A,CP_MNAC,TOTAL,B1G,AT,2000,189418.9
A,CP_MNAC,TOTAL,B1G,AT,2001,195976.8
A,CP_MNAC,TOTAL,B1G,AT,2002,200708.4
A,CP_MNAC,TOTAL,B1G,AT,2003,205864.5
A,CP_MNAC,TOTAL,B1G,AT,2004,214252.0
A,CP_MNAC,TOTAL,B1G,AT,2005,224194.7
A,CP_MNAC,TOTAL,B1G,AT,2006,237133.7
A,CP_MNAC,TOTAL,B1G,AT,2007,251596.6
A,CP_MNAC,TOTAL,B1G,AT,2008,260417.8
A,CP_MNAC,TOTAL,B1G,AT,2009,254814.8
A,CP_MNAC,TOTAL,B1G,AT,2010,261615.0
A,CP_MNAC,TOTAL,B1G,AT,2011,274204.3
A,CP_MNAC,TOTAL,B1G,AT,2012,281072.7
A,CP_MNAC,TOTAL,B1G,AT,2013,285327.0
A,CP_MNAC,TOTAL,B1G,AT,2014,293480.3
A,CP_MNAC,TOTAL,B1G,AT,2015,303845.6
A,CP_MNAC,TOTAL,B1G,AT,2016,315923.9
A,CP_MNAC,TOTAL,B1G,AT,2017,326371.6
A,CP_MNAC,TOTAL,B1G,AT,2018,341351.6
A,CP_MNAC,TOTAL,B1G,AT,2019,352742.6
A,CP_MNAC,TOTAL,B1G,AT,2020,340529.9
A,CP_MNAC,TOTAL,B1G,AT,2021,362536.8
A,CP_MNAC,TOTAL,B1G,AT,2022,402767.1
A,CP_MNAC,TOTAL,B1G,AT,2023,429634.3
A,CP_MNAC,TOTAL,B1G,AT,2024,443546.0
A,CP_MNAC,TOTAL,B1G,AT,2025,459303.5
A,CP_MNAC,TOTAL,B1G,BA,2000,10033.9
A,CP_MNAC,TOTAL,B1G,BA,2001,10728.1
A,CP_MNAC,TOTAL,B1G,BA,2002,11687.5
A,CP_MNAC,TOTAL,B1G,BA,2003,12329.7
A,CP_MNAC,TOTAL,B1G,BA,2004,13506.3
A,CP_MNAC,TOTAL,B1G,BA,2005,14891.3
A,CP_MNAC,TOTAL,B1G,BA,2006,16382.5
A,CP_MNAC,TOTAL,B1G,BA,2007,18493.2
A,CP_MNAC,TOTAL,B1G,BA,2008,21451.5
A,CP_MNAC,TOTAL,B1G,BA,2009,21233.6
A,CP_MNAC,TOTAL,B1G,BA,2010,21499.2
A,CP_MNAC,TOTAL,B1G,BA,2011,22235.1
A,CP_MNAC,TOTAL,B1G,BA,2012,22170.5
A,CP_MNAC,TOTAL,B1G,BA,2013,22848.2
A,CP_MNAC,TOTAL,B1G,BA,2014,23225.1
A,CP_MNAC,TOTAL,B1G,BA,2015,23922.2
A,CP_MNAC,TOTAL,B1G,BA,2016,25024.7
A,CP_MNAC,TOTAL,B1G,BA,2017,26397.0
A,CP_MNAC,TOTAL,B1G,BA,2018,28226.1
A,CP_MNAC,TOTAL,B1G,BA,2019,29781.8
A,CP_MNAC,TOTAL,B1G,BA,2020,29292.0
A,CP_MNAC,TOTAL,B1G,BA,2021,32756.9
A,CP_MNAC,TOTAL,B1G,BA,2022,38315.0
A,CP_MNAC,TOTAL,B1G,BA,2023,42075.8
A,CP_MNAC,TOTAL,B1G,BA,2024,44930.7
A,CP_MNAC,TOTAL,B1G,BA,2025,47270.0
A,CP_MNAC,TOTAL,B1G,BE,1995,189742.8
A,CP_MNAC,TOTAL,B1G,BE,1996,192228.5
A,CP_MNAC,TOTAL,B1G,BE,1997,200615.9
A,CP_MNAC,TOTAL,B1G,BE,1998,208114.5
A,CP_MNAC,TOTAL,B1G,BE,1999,216177.4
A,CP_MNAC,TOTAL,B1G,BE,2000,228625.4
A,CP_MNAC,TOTAL,B1G,BE,2001,236804.2
A,CP_MNAC,TOTAL,B1G,BE,2002,244560.7
A,CP_MNAC,TOTAL,B1G,BE,2003,251865.8
A,CP_MNAC,TOTAL,B1G,BE,2004,264845.4
A,CP_MNAC,TOTAL,B1G,BE,2005,276828.7
A,CP_MNAC,TOTAL,B1G,BE,2006,290022.6
A,CP_MNAC,TOTAL,B1G,BE,2007,306588.9
A,CP_MNAC,TOTAL,B1G,BE,2008,313984.0
A,CP_MNAC,TOTAL,B1G,BE,2009,311073.7
A,CP_MNAC,TOTAL,B1G,BE,2010,324827.0
A,CP_MNAC,TOTAL,B1G,BE,2011,339303.2
A,CP_MNAC,TOTAL,B1G,BE,2012,347256.9
A,CP_MNAC,TOTAL,B1G,BE,2013,353107.0
A,CP_MNAC,TOTAL,B1G,BE,2014,362940.0
A,CP_MNAC,TOTAL,B1G,BE,2015,372548.9
A,CP_MNAC,TOTAL,B1G,BE,2016,382874.7
A,CP_MNAC,TOTAL,B1G,BE,2017,395972.0
A,CP_MNAC,TOTAL,B1G,BE,2018,410351.2
A,CP_MNAC,TOTAL,B1G,BE,2019,429083.2
A,CP_MNAC,TOTAL,B1G,BE,2020,417994.9
A,CP_MNAC,TOTAL,B1G,BE,2021,452406.9
A,CP_MNAC,TOTAL,B1G,BE,2022,506058.5
A,CP_MNAC,TOTAL,B1G,BE,2023,545310.7
A,CP_MNAC,TOTAL,B1G,BE,2024,561413.4
A,CP_MNAC,TOTAL,B1G,BE,2025,581464.5
A,CP_MNAC,TOTAL,B1G,BG,1995,602.6
A,CP_MNAC,TOTAL,B1G,BG,1996,1025.9
A,CP_MNAC,TOTAL,B1G,BG,1997,8888.6
A,CP_MNAC,TOTAL,B1G,BG,1998,12059.1
A,CP_MNAC,TOTAL,B1G,BG,1999,11357.4
A,CP_MNAC,TOTAL,B1G,BG,2000,12606.2
A,CP_MNAC,TOTAL,B1G,BG,2001,13954.0
A,CP_MNAC,TOTAL,B1G,BG,2002,15498.7
A,CP_MNAC,TOTAL,B1G,BG,2003,16347.6
A,CP_MNAC,TOTAL,B1G,BG,2004,18040.9
A,CP_MNAC,TOTAL,B1G,BG,2005,20444.5
A,CP_MNAC,TOTAL,B1G,BG,2006,23135.5
A,CP_MNAC,TOTAL,B1G,BG,2007,27541.1
A,CP_MNAC,TOTAL,B1G,BG,2008,31315.2
A,CP_MNAC,TOTAL,B1G,BG,2009,32514.2
A,CP_MNAC,TOTAL,B1G,BG,2010,33421.8
A,CP_MNAC,TOTAL,B1G,BG,2011,36203.9
A,CP_MNAC,TOTAL,B1G,BG,2012,36759.7
A,CP_MNAC,TOTAL,B1G,BG,2013,36257.4
A,CP_MNAC,TOTAL,B1G,BG,2014,37315.2
A,CP_MNAC,TOTAL,B1G,BG,2015,39553.7
A,CP_MNAC,TOTAL,B1G,BG,2016,41978.7
A,CP_MNAC,TOTAL,B1G,BG,2017,45146.2
A,CP_MNAC,TOTAL,B1G,BG,2018,48490.8
A,CP_MNAC,TOTAL,B1G,BG,2019,52787.0
A,CP_MNAC,TOTAL,B1G,BG,2020,53688.0
A,CP_MNAC,TOTAL,B1G,BG,2021,62431.3
A,CP_MNAC,TOTAL,B1G,BG,2022,76531.2
A,CP_MNAC,TOTAL,B1G,BG,2023,82858.4
A,CP_MNAC,TOTAL,B1G,BG,2024,91404.5
A,CP_MNAC,TOTAL,B1G,BG,2025,100934.2
A,CP_MNAC,TOTAL,B1G,CH,1995,411098.4
A,CP_MNAC,TOTAL,B1G,CH,1996,414685.9
A,CP_MNAC,TOTAL,B1G,CH,1997,420644.9
A,CP_MNAC,TOTAL,B1G,CH,1998,430677.2
A,CP_MNAC,TOTAL,B1G,CH,1999,435526.1
A,CP_MNAC,TOTAL,B1G,CH,2000,456046.6
A,CP_MNAC,TOTAL,B1G,CH,2001,469830.3
A,CP_MNAC,TOTAL,B1G,CH,2002,471128.7
A,CP_MNAC,TOTAL,B1G,CH,2003,475524.7
A,CP_MNAC,TOTAL,B1G,CH,2004,489458.2
A,CP_MNAC,TOTAL,B1G,CH,2005,509162.0
A,CP_MNAC,TOTAL,B1G,CH,2006,541222.2
A,CP_MNAC,TOTAL,B1G,CH,2007,576527.3
A,CP_MNAC,TOTAL,B1G,CH,2008,599668.2
A,CP_MNAC,TOTAL,B1G,CH,2009,592004.2
A,CP_MNAC,TOTAL,B1G,CH,2010,613588.7
A,CP_MNAC,TOTAL,B1G,CH,2011,623394.5
A,CP_MNAC,TOTAL,B1G,CH,2012,633240.1
A,CP_MNAC,TOTAL,B1G,CH,2013,644826.5
A,CP_MNAC,TOTAL,B1G,CH,2014,657498.2
A,CP_MNAC,TOTAL,B1G,CH,2015,658546.5
A,CP_MNAC,TOTAL,B1G,CH,2016,667994.5
A,CP_MNAC,TOTAL,B1G,CH,2017,674735.1
A,CP_MNAC,TOTAL,B1G,CH,2018,703877.2
A,CP_MNAC,TOTAL,B1G,CH,2019,711779.8
A,CP_MNAC,TOTAL,B1G,CH,2020,690804.3
A,CP_MNAC,TOTAL,B1G,CH,2021,747160.1
A,CP_MNAC,TOTAL,B1G,CH,2022,798087.7
A,CP_MNAC,TOTAL,B1G,CH,2023,813555.9
A,CP_MNAC,TOTAL,B1G,CH,2024,832426.8
A,CP_MNAC,TOTAL,B1G,CH,2025,844927.8
A,CP_MNAC,TOTAL,B1G,CY,1995,7007.6
A,CP_MNAC,TOTAL,B1G,CY,1996,7317.6
A,CP_MNAC,TOTAL,B1G,CY,1997,7723.6
A,CP_MNAC,TOTAL,B1G,CY,1998,8414.0
A,CP_MNAC,TOTAL,B1G,CY,1999,9013.5
A,CP_MNAC,TOTAL,B1G,CY,2000,9653.7
A,CP_MNAC,TOTAL,B1G,CY,2001,10342.6
A,CP_MNAC,TOTAL,B1G,CY,2002,10703.8
A,CP_MNAC,TOTAL,B1G,CY,2003,11396.6
A,CP_MNAC,TOTAL,B1G,CY,2004,12190.1
A,CP_MNAC,TOTAL,B1G,CY,2005,12949.7
A,CP_MNAC,TOTAL,B1G,CY,2006,13935.8
A,CP_MNAC,TOTAL,B1G,CY,2007,15116.0
A,CP_MNAC,TOTAL,B1G,CY,2008,16416.5
A,CP_MNAC,TOTAL,B1G,CY,2009,16419.5
A,CP_MNAC,TOTAL,B1G,CY,2010,17160.5
A,CP_MNAC,TOTAL,B1G,CY,2011,17649.1
A,CP_MNAC,TOTAL,B1G,CY,2012,17293.9
A,CP_MNAC,TOTAL,B1G,CY,2013,16037.8
A,CP_MNAC,TOTAL,B1G,CY,2014,15322.8
A,CP_MNAC,TOTAL,B1G,CY,2015,15714.9
A,CP_MNAC,TOTAL,B1G,CY,2016,16646.5
A,CP_MNAC,TOTAL,B1G,CY,2017,17740.5
A,CP_MNAC,TOTAL,B1G,CY,2018,19024.6
A,CP_MNAC,TOTAL,B1G,CY,2019,20551.3
A,CP_MNAC,TOTAL,B1G,CY,2020,19958.6
A,CP_MNAC,TOTAL,B1G,CY,2021,22796.7
A,CP_MNAC,TOTAL,B1G,CY,2022,26300.6
A,CP_MNAC,TOTAL,B1G,CY,2023,28776.9
A,CP_MNAC,TOTAL,B1G,CY,2024,30864.7
A,CP_MNAC,TOTAL,B1G,CY,2025,32510.0
A,CP_MNAC,TOTAL,B1G,CZ,1995,1461630.0
A,CP_MNAC,TOTAL,B1G,CZ,1996,1671370.0
A,CP_MNAC,TOTAL,B1G,CZ,1997,1807139.0
A,CP_MNAC,TOTAL,B1G,CZ,1998,1979764.0
A,CP_MNAC,TOTAL,B1G,CZ,1999,2060367.0
A,CP_MNAC,TOTAL,B1G,CZ,2000,2187207.0
A,CP_MNAC,TOTAL,B1G,CZ,2001,2366279.0
A,CP_MNAC,TOTAL,B1G,CZ,2002,2474186.0
A,CP_MNAC,TOTAL,B1G,CZ,2003,2590891.0
A,CP_MNAC,TOTAL,B1G,CZ,2004,2796513.0
A,CP_MNAC,TOTAL,B1G,CZ,2005,2974445.0
A,CP_MNAC,TOTAL,B1G,CZ,2006,3208577.0
A,CP_MNAC,TOTAL,B1G,CZ,2007,3492426.0
A,CP_MNAC,TOTAL,B1G,CZ,2008,3662668.0
A,CP_MNAC,TOTAL,B1G,CZ,2009,3569244.0
A,CP_MNAC,TOTAL,B1G,CZ,2010,3653610.0
A,CP_MNAC,TOTAL,B1G,CZ,2011,3701935.0
A,CP_MNAC,TOTAL,B1G,CZ,2012,3706986.0
A,CP_MNAC,TOTAL,B1G,CZ,2013,3739215.0
A,CP_MNAC,TOTAL,B1G,CZ,2014,3962801.0
A,CP_MNAC,TOTAL,B1G,CZ,2015,4191609.0
A,CP_MNAC,TOTAL,B1G,CZ,2016,4360876.0
A,CP_MNAC,TOTAL,B1G,CZ,2017,4661221.0
A,CP_MNAC,TOTAL,B1G,CZ,2018,4941127.0
A,CP_MNAC,TOTAL,B1G,CZ,2019,5330260.0
A,CP_MNAC,TOTAL,B1G,CZ,2020,5315366.0
A,CP_MNAC,TOTAL,B1G,CZ,2021,5749003.0
A,CP_MNAC,TOTAL,B1G,CZ,2022,6418123.0
A,CP_MNAC,TOTAL,B1G,CZ,2023,7036354.0
A,CP_MNAC,TOTAL,B1G,CZ,2024,7366850.0
A,CP_MNAC,TOTAL,B1G,CZ,2025,7842043.0
A,CP_MNAC,TOTAL,B1G,DE,1991,1446372.0
A,CP_MNAC,TOTAL,B1G,DE,1992,1552925.0
A,CP_MNAC,TOTAL,B1G,DE,1993,1592408.0
A,CP_MNAC,TOTAL,B1G,DE,1994,1657667.0
A,CP_MNAC,TOTAL,B1G,DE,1995,1719432.0
A,CP_MNAC,TOTAL,B1G,DE,1996,1743857.0
A,CP_MNAC,TOTAL,B1G,DE,1997,1779970.0
A,CP_MNAC,TOTAL,B1G,DE,1998,1828375.0
A,CP_MNAC,TOTAL,B1G,DE,1999,1868803.0
A,CP_MNAC,TOTAL,B1G,DE,2000,1915279.0
A,CP_MNAC,TOTAL,B1G,DE,2001,1977509.0
A,CP_MNAC,TOTAL,B1G,DE,2002,2003527.0
A,CP_MNAC,TOTAL,B1G,DE,2003,2015904.0
A,CP_MNAC,TOTAL,B1G,DE,2004,2069017.0
A,CP_MNAC,TOTAL,B1G,DE,2005,2095171.0
A,CP_MNAC,TOTAL,B1G,DE,2006,2184869.0
A,CP_MNAC,TOTAL,B1G,DE,2007,2275687.0
A,CP_MNAC,TOTAL,B1G,DE,2008,2316889.0
A,CP_MNAC,TOTAL,B1G,DE,2009,2223746.0
A,CP_MNAC,TOTAL,B1G,DE,2010,2341162.0
A,CP_MNAC,TOTAL,B1G,DE,2011,2451863.0
A,CP_MNAC,TOTAL,B1G,DE,2012,2500501.0
A,CP_MNAC,TOTAL,B1G,DE,2013,2558938.0
A,CP_MNAC,TOTAL,B1G,DE,2014,2666091.0
A,CP_MNAC,TOTAL,B1G,DE,2015,2760477.0
A,CP_MNAC,TOTAL,B1G,DE,2016,2861806.0
A,CP_MNAC,TOTAL,B1G,DE,2017,2990068.0
A,CP_MNAC,TOTAL,B1G,DE,2018,3085866.0
A,CP_MNAC,TOTAL,B1G,DE,2019,3182023.0
A,CP_MNAC,TOTAL,B1G,DE,2020,3127047.0
A,CP_MNAC,TOTAL,B1G,DE,2021,3324835.0
A,CP_MNAC,TOTAL,B1G,DE,2022,3613110.0
A,CP_MNAC,TOTAL,B1G,DE,2023,3888686.0
A,CP_MNAC,TOTAL,B1G,DE,2024,3979644.0
A,CP_MNAC,TOTAL,B1G,DE,2025,4104359.0
A,CP_MNAC,TOTAL,B1G,DK,1995,896752.2
A,CP_MNAC,TOTAL,B1G,DK,1996,935685.6
A,CP_MNAC,TOTAL,B1G,DK,1997,983183.4
A,CP_MNAC,TOTAL,B1G,DK,1998,1009937.7
A,CP_MNAC,TOTAL,B1G,DK,1999,1058977.9
A,CP_MNAC,TOTAL,B1G,DK,2000,1142217.9
A,CP_MNAC,TOTAL,B1G,DK,2001,1181873.9
A,CP_MNAC,TOTAL,B1G,DK,2002,1212912.2
A,CP_MNAC,TOTAL,B1G,DK,2003,1238161.7
A,CP_MNAC,TOTAL,B1G,DK,2004,1294992.6
A,CP_MNAC,TOTAL,B1G,DK,2005,1351792.4
A,CP_MNAC,TOTAL,B1G,DK,2006,1431976.6
A,CP_MNAC,TOTAL,B1G,DK,2007,1479815.7
A,CP_MNAC,TOTAL,B1G,DK,2008,1554406.8
A,CP_MNAC,TOTAL,B1G,DK,2009,1492609.8
A,CP_MNAC,TOTAL,B1G,DK,2010,1565161.2
A,CP_MNAC,TOTAL,B1G,DK,2011,1594903.4
A,CP_MNAC,TOTAL,B1G,DK,2012,1634282.0
A,CP_MNAC,TOTAL,B1G,DK,2013,1675416.9
A,CP_MNAC,TOTAL,B1G,DK,2014,1717820.5
A,CP_MNAC,TOTAL,B1G,DK,2015,1761018.6
A,CP_MNAC,TOTAL,B1G,DK,2016,1822909.5
A,CP_MNAC,TOTAL,B1G,DK,2017,1903817.7
A,CP_MNAC,TOTAL,B1G,DK,2018,1945815.0
A,CP_MNAC,TOTAL,B1G,DK,2019,2005034.6
A,CP_MNAC,TOTAL,B1G,DK,2020,2021320.4
A,CP_MNAC,TOTAL,B1G,DK,2021,2224247.5
A,CP_MNAC,TOTAL,B1G,DK,2022,2494375.4
A,CP_MNAC,TOTAL,B1G,DK,2023,2463205.4
A,CP_MNAC,TOTAL,B1G,DK,2024,2652538.4
A,CP_MNAC,TOTAL,B1G,DK,2025,2770663.7
A,CP_MNAC,TOTAL,B1G,EA,1995,5044461.6
A,CP_MNAC,TOTAL,B1G,EA,1996,5242881.8
A,CP_MNAC,TOTAL,B1G,EA,1997,5349345.4
A,CP_MNAC,TOTAL,B1G,EA,1998,5555203.1
A,CP_MNAC,TOTAL,B1G,EA,1999,5796801.2
A,CP_MNAC,TOTAL,B1G,EA,2000,6111725.3
A,CP_MNAC,TOTAL,B1G,EA,2001,6540023.1
A,CP_MNAC,TOTAL,B1G,EA,2002,6760460.2
A,CP_MNAC,TOTAL,B1G,EA,2003,6953740.1
A,CP_MNAC,TOTAL,B1G,EA,2004,7239026.3
A,CP_MNAC,TOTAL,B1G,EA,2005,7482948.9
A,CP_MNAC,TOTAL,B1G,EA,2006,7852904.1
A,CP_MNAC,TOTAL,B1G,EA,2007,8305503.2
A,CP_MNAC,TOTAL,B1G,EA,2008,8560268.4
A,CP_MNAC,TOTAL,B1G,EA,2009,8352799.7
A,CP_MNAC,TOTAL,B1G,EA,2010,8562035.9
A,CP_MNAC,TOTAL,B1G,EA,2011,8801903.4
A,CP_MNAC,TOTAL,B1G,EA,2012,8821882.1
A,CP_MNAC,TOTAL,B1G,EA,2013,8905383.6
A,CP_MNAC,TOTAL,B1G,EA,2014,9128985.3
A,CP_MNAC,TOTAL,B1G,EA,2015,9490436.4
A,CP_MNAC,TOTAL,B1G,EA,2016,9739617.4
A,CP_MNAC,TOTAL,B1G,EA,2017,10109019.5
A,CP_MNAC,TOTAL,B1G,EA,2018,10444973.8
A,CP_MNAC,TOTAL,B1G,EA,2019,10799807.2
A,CP_MNAC,TOTAL,B1G,EA,2020,10395469.6
A,CP_MNAC,TOTAL,B1G,EA,2021,11241329.2
A,CP_MNAC,TOTAL,B1G,EA,2022,12333162.6
A,CP_MNAC,TOTAL,B1G,EA,2023,13304213.1
A,CP_MNAC,TOTAL,B1G,EA,2024,13783119.4
A,CP_MNAC,TOTAL,B1G,EA,2025,14248575.6
A,CP_MNAC,TOTAL,B1G,EA12,1995,5138235.5
A,CP_MNAC,TOTAL,B1G,EA12,1996,5344263.3
A,CP_MNAC,TOTAL,B1G,EA12,1997,5459403.9
A,CP_MNAC,TOTAL,B1G,EA12,1998,5667760.0
A,CP_MNAC,TOTAL,B1G,EA12,1999,5916925.8
A,CP_MNAC,TOTAL,B1G,EA12,2000,6234302.7
A,CP_MNAC,TOTAL,B1G,EA12,2001,6540023.1
A,CP_MNAC,TOTAL,B1G,EA12,2002,6760460.2
A,CP_MNAC,TOTAL,B1G,EA12,2003,6953740.1
A,CP_MNAC,TOTAL,B1G,EA12,2004,7239026.3
A,CP_MNAC,TOTAL,B1G,EA12,2005,7482948.9
A,CP_MNAC,TOTAL,B1G,EA12,2006,7852904.1
A,CP_MNAC,TOTAL,B1G,EA12,2007,8274898.8
A,CP_MNAC,TOTAL,B1G,EA12,2008,8505322.0
A,CP_MNAC,TOTAL,B1G,EA12,2009,8241646.7
A,CP_MNAC,TOTAL,B1G,EA12,2010,8445232.3
A,CP_MNAC,TOTAL,B1G,EA12,2011,8667045.4
A,CP_MNAC,TOTAL,B1G,EA12,2012,8684108.4
A,CP_MNAC,TOTAL,B1G,EA12,2013,8766857.8
A,CP_MNAC,TOTAL,B1G,EA12,2014,8966855.8
A,CP_MNAC,TOTAL,B1G,EA12,2015,9287634.7
A,CP_MNAC,TOTAL,B1G,EA12,2016,9530079.3
A,CP_MNAC,TOTAL,B1G,EA12,2017,9885619.7
A,CP_MNAC,TOTAL,B1G,EA12,2018,10204996.9
A,CP_MNAC,TOTAL,B1G,EA12,2019,10545361.0
A,CP_MNAC,TOTAL,B1G,EA12,2020,10141875.2
A,CP_MNAC,TOTAL,B1G,EA12,2021,10960423.5
A,CP_MNAC,TOTAL,B1G,EA12,2022,12017825.9
A,CP_MNAC,TOTAL,B1G,EA12,2023,12884411.7
A,CP_MNAC,TOTAL,B1G,EA12,2024,13340951.1
A,CP_MNAC,TOTAL,B1G,EA12,2025,13781916.7
A,CP_MNAC,TOTAL,B1G,EA19,1995,5186011.9
A,CP_MNAC,TOTAL,B1G,EA19,1996,5397213.6
A,CP_MNAC,TOTAL,B1G,EA19,1997,5519993.8
A,CP_MNAC,TOTAL,B1G,EA19,1998,5733401.2
A,CP_MNAC,TOTAL,B1G,EA19,1999,5985034.7
A,CP_MNAC,TOTAL,B1G,EA19,2000,6310896.0
A,CP_MNAC,TOTAL,B1G,EA19,2001,6622737.3
A,CP_MNAC,TOTAL,B1G,EA19,2002,6849871.2
A,CP_MNAC,TOTAL,B1G,EA19,2003,7050431.9
A,CP_MNAC,TOTAL,B1G,EA19,2004,7345544.8
A,CP_MNAC,TOTAL,B1G,EA19,2005,7601349.4
A,CP_MNAC,TOTAL,B1G,EA19,2006,7988179.3
A,CP_MNAC,TOTAL,B1G,EA19,2007,8435732.0
A,CP_MNAC,TOTAL,B1G,EA19,2008,8684826.0
A,CP_MNAC,TOTAL,B1G,EA19,2009,8405807.4
A,CP_MNAC,TOTAL,B1G,EA19,2010,8615175.0
A,CP_MNAC,TOTAL,B1G,EA19,2011,8846463.1
A,CP_MNAC,TOTAL,B1G,EA19,2012,8870469.4
A,CP_MNAC,TOTAL,B1G,EA19,2013,8956062.0
A,CP_MNAC,TOTAL,B1G,EA19,2014,9161723.2
A,CP_MNAC,TOTAL,B1G,EA19,2015,9490436.4
A,CP_MNAC,TOTAL,B1G,EA19,2016,9739617.4
A,CP_MNAC,TOTAL,B1G,EA19,2017,10109019.5
A,CP_MNAC,TOTAL,B1G,EA19,2018,10444973.8
A,CP_MNAC,TOTAL,B1G,EA19,2019,10799807.2
A,CP_MNAC,TOTAL,B1G,EA19,2020,10395469.6
A,CP_MNAC,TOTAL,B1G,EA19,2021,11241329.2
A,CP_MNAC,TOTAL,B1G,EA19,2022,12333162.6
A,CP_MNAC,TOTAL,B1G,EA19,2023,13237962.1
A,CP_MNAC,TOTAL,B1G,EA19,2024,13711882.5
A,CP_MNAC,TOTAL,B1G,EA19,2025,14171674.8
A,CP_MNAC,TOTAL,B1G,EA20,1995,5200483.5
A,CP_MNAC,TOTAL,B1G,EA20,1996,5413259.9
A,CP_MNAC,TOTAL,B1G,EA20,1997,5537876.1
A,CP_MNAC,TOTAL,B1G,EA20,1998,5752364.3
A,CP_MNAC,TOTAL,B1G,EA20,1999,6003498.9
A,CP_MNAC,TOTAL,B1G,EA20,2000,6330448.8
A,CP_MNAC,TOTAL,B1G,EA20,2001,6644278.9
A,CP_MNAC,TOTAL,B1G,EA20,2002,6873712.2
A,CP_MNAC,TOTAL,B1G,EA20,2003,7076346.9
A,CP_MNAC,TOTAL,B1G,EA20,2004,7374004.9
A,CP_MNAC,TOTAL,B1G,EA20,2005,7632392.3
A,CP_MNAC,TOTAL,B1G,EA20,2006,8022302.6
A,CP_MNAC,TOTAL,B1G,EA20,2007,8473223.8
A,CP_MNAC,TOTAL,B1G,EA20,2008,8725821.4
A,CP_MNAC,TOTAL,B1G,EA20,2009,8444983.6
A,CP_MNAC,TOTAL,B1G,EA20,2010,8654191.6
A,CP_MNAC,TOTAL,B1G,EA20,2011,8885506.0
A,CP_MNAC,TOTAL,B1G,EA20,2012,8908222.9
A,CP_MNAC,TOTAL,B1G,EA20,2013,8993390.4
A,CP_MNAC,TOTAL,B1G,EA20,2014,9198528.7
A,CP_MNAC,TOTAL,B1G,EA20,2015,9528023.8
A,CP_MNAC,TOTAL,B1G,EA20,2016,9778901.6
A,CP_MNAC,TOTAL,B1G,EA20,2017,10150355.2
A,CP_MNAC,TOTAL,B1G,EA20,2018,10488331.8
A,CP_MNAC,TOTAL,B1G,EA20,2019,10845314.0
A,CP_MNAC,TOTAL,B1G,EA20,2020,10437446.0
A,CP_MNAC,TOTAL,B1G,EA20,2021,11289205.7
A,CP_MNAC,TOTAL,B1G,EA20,2022,12389464.0
A,CP_MNAC,TOTAL,B1G,EA20,2023,13304213.1
A,CP_MNAC,TOTAL,B1G,EA20,2024,13783119.4
A,CP_MNAC,TOTAL,B1G,EA20,2025,14248575.6
A,CP_MNAC,TOTAL,B1G,EA21,1995,5213896.4
A,CP_MNAC,TOTAL,B1G,EA21,1996,5422275.7
A,CP_MNAC,TOTAL,B1G,EA21,1997,5547069.5
A,CP_MNAC,TOTAL,B1G,EA21,1998,5764341.9
A,CP_MNAC,TOTAL,B1G,EA21,1999,6014856.4
A,CP_MNAC,TOTAL,B1G,EA21,2000,6343107.5
A,CP_MNAC,TOTAL,B1G,EA21,2001,6658287.5
A,CP_MNAC,TOTAL,B1G,EA21,2002,6889263.6
A,CP_MNAC,TOTAL,B1G,EA21,2003,7092751.8
A,CP_MNAC,TOTAL,B1G,EA21,2004,7392069.1
A,CP_MNAC,TOTAL,B1G,EA21,2005,7652837.1
A,CP_MNAC,TOTAL,B1G,EA21,2006,8045438.1
A,CP_MNAC,TOTAL,B1G,EA21,2007,8500764.9
A,CP_MNAC,TOTAL,B1G,EA21,2008,8757136.6
A,CP_MNAC,TOTAL,B1G,EA21,2009,8477497.7
A,CP_MNAC,TOTAL,B1G,EA21,2010,8687613.4
A,CP_MNAC,TOTAL,B1G,EA21,2011,8921709.9
A,CP_MNAC,TOTAL,B1G,EA21,2012,8944982.7
A,CP_MNAC,TOTAL,B1G,EA21,2013,9029647.8
A,CP_MNAC,TOTAL,B1G,EA21,2014,9235843.9
A,CP_MNAC,TOTAL,B1G,EA21,2015,9567577.6
A,CP_MNAC,TOTAL,B1G,EA21,2016,9820880.4
A,CP_MNAC,TOTAL,B1G,EA21,2017,10195501.4
A,CP_MNAC,TOTAL,B1G,EA21,2018,10536822.6
A,CP_MNAC,TOTAL,B1G,EA21,2019,10898101.0
A,CP_MNAC,TOTAL,B1G,EA21,2020,10491134.0
A,CP_MNAC,TOTAL,B1G,EA21,2021,11351637.0
A,CP_MNAC,TOTAL,B1G,EA21,2022,12465995.2
A,CP_MNAC,TOTAL,B1G,EA21,2023,13387071.5
A,CP_MNAC,TOTAL,B1G,EA21,2024,13874523.9
A,CP_MNAC,TOTAL,B1G,EA21,2025,14349509.8
A,CP_MNAC,TOTAL,B1G,EE,1995,2534.2
A,CP_MNAC,TOTAL,B1G,EE,1996,3238.0
A,CP_MNAC,TOTAL,B1G,EE,1997,4011.6
A,CP_MNAC,TOTAL,B1G,EE,1998,4544.7
A,CP_MNAC,TOTAL,B1G,EE,1999,4863.4
A,CP_MNAC,TOTAL,B1G,EE,2000,5512.9
A,CP_MNAC,TOTAL,B1G,EE,2001,6232.0
A,CP_MNAC,TOTAL,B1G,EE,2002,6964.8
A,CP_MNAC,TOTAL,B1G,EE,2003,7809.9
A,CP_MNAC,TOTAL,B1G,EE,2004,8666.8
A,CP_MNAC,TOTAL,B1G,EE,2005,10054.9
A,CP_MNAC,TOTAL,B1G,EE,2006,11937.5
A,CP_MNAC,TOTAL,B1G,EE,2007,14406.6
A,CP_MNAC,TOTAL,B1G,EE,2008,14805.2
A,CP_MNAC,TOTAL,B1G,EE,2009,12238.4
A,CP_MNAC,TOTAL,B1G,EE,2010,12844.4
A,CP_MNAC,TOTAL,B1G,EE,2011,14643.0
A,CP_MNAC,TOTAL,B1G,EE,2012,15754.5
A,CP_MNAC,TOTAL,B1G,EE,2013,16755.8
A,CP_MNAC,TOTAL,B1G,EE,2014,17742.7
A,CP_MNAC,TOTAL,B1G,EE,2015,18203.7
A,CP_MNAC,TOTAL,B1G,EE,2016,19112.3
A,CP_MNAC,TOTAL,B1G,EE,2017,21075.6
A,CP_MNAC,TOTAL,B1G,EE,2018,22991.8
A,CP_MNAC,TOTAL,B1G,EE,2019,24742.4
A,CP_MNAC,TOTAL,B1G,EE,2020,24419.9
A,CP_MNAC,TOTAL,B1G,EE,2021,27518.9
A,CP_MNAC,TOTAL,B1G,EE,2022,32173.1
A,CP_MNAC,TOTAL,B1G,EE,2023,33631.0
A,CP_MNAC,TOTAL,B1G,EE,2024,34946.1
A,CP_MNAC,TOTAL,B1G,EE,2025,36483.2
A,CP_MNAC,TOTAL,B1G,EL,1995,83382.1
A,CP_MNAC,TOTAL,B1G,EL,1996,90907.5
A,CP_MNAC,TOTAL,B1G,EL,1997,99918.2
A,CP_MNAC,TOTAL,B1G,EL,1998,109247.3
A,CP_MNAC,TOTAL,B1G,EL,1999,114840.2
A,CP_MNAC,TOTAL,B1G,EL,2000,121095.3
A,CP_MNAC,TOTAL,B1G,EL,2001,130715.2
A,CP_MNAC,TOTAL,B1G,EL,2002,141238.9
A,CP_MNAC,TOTAL,B1G,EL,2003,155704.5
A,CP_MNAC,TOTAL,B1G,EL,2004,169962.4
A,CP_MNAC,TOTAL,B1G,EL,2005,174351.6
A,CP_MNAC,TOTAL,B1G,EL,2006,189484.4
A,CP_MNAC,TOTAL,B1G,EL,2007,201855.1
A,CP_MNAC,TOTAL,B1G,EL,2008,210563.9
A,CP_MNAC,TOTAL,B1G,EL,2009,209179.3
A,CP_MNAC,TOTAL,B1G,EL,2010,197195.6
A,CP_MNAC,TOTAL,B1G,EL,2011,178347.3
A,CP_MNAC,TOTAL,B1G,EL,2012,163766.2
A,CP_MNAC,TOTAL,B1G,EL,2013,157795.3
A,CP_MNAC,TOTAL,B1G,EL,2014,155355.4
A,CP_MNAC,TOTAL,B1G,EL,2015,154780.6
A,CP_MNAC,TOTAL,B1G,EL,2016,152015.6
A,CP_MNAC,TOTAL,B1G,EL,2017,154782.3
A,CP_MNAC,TOTAL,B1G,EL,2018,156634.9
A,CP_MNAC,TOTAL,B1G,EL,2019,160732.6
A,CP_MNAC,TOTAL,B1G,EL,2020,147236.3
A,CP_MNAC,TOTAL,B1G,EL,2021,161015.4
A,CP_MNAC,TOTAL,B1G,EL,2022,182631.3
A,CP_MNAC,TOTAL,B1G,EL,2023,196050.9
A,CP_MNAC,TOTAL,B1G,EL,2024,205426.5
A,CP_MNAC,TOTAL,B1G,EL,2025,214179.8
A,CP_MNAC,TOTAL,B1G,ES,1995,426016.0
A,CP_MNAC,TOTAL,B1G,ES,1996,451540.0
A,CP_MNAC,TOTAL,B1G,ES,1997,477108.0
A,CP_MNAC,TOTAL,B1G,ES,1998,507255.0
A,CP_MNAC,TOTAL,B1G,ES,1999,540843.0
A,CP_MNAC,TOTAL,B1G,ES,2000,588595.0
A,CP_MNAC,TOTAL,B1G,ES,2001,638972.0
A,CP_MNAC,TOTAL,B1G,ES,2002,683365.0
A,CP_MNAC,TOTAL,B1G,ES,2003,728182.0
A,CP_MNAC,TOTAL,B1G,ES,2004,775872.0
A,CP_MNAC,TOTAL,B1G,ES,2005,833031.0
A,CP_MNAC,TOTAL,B1G,ES,2006,898262.0
A,CP_MNAC,TOTAL,B1G,ES,2007,970997.0
A,CP_MNAC,TOTAL,B1G,ES,2008,1025304.0
A,CP_MNAC,TOTAL,B1G,ES,2009,1005567.0
A,CP_MNAC,TOTAL,B1G,ES,2010,989756.0
A,CP_MNAC,TOTAL,B1G,ES,2011,984997.0
A,CP_MNAC,TOTAL,B1G,ES,2012,953037.0
A,CP_MNAC,TOTAL,B1G,ES,2013,937641.0
A,CP_MNAC,TOTAL,B1G,ES,2014,946493.0
A,CP_MNAC,TOTAL,B1G,ES,2015,987936.0
A,CP_MNAC,TOTAL,B1G,ES,2016,1019400.0
A,CP_MNAC,TOTAL,B1G,ES,2017,1061122.0
A,CP_MNAC,TOTAL,B1G,ES,2018,1097845.0
A,CP_MNAC,TOTAL,B1G,ES,2019,1137968.0
A,CP_MNAC,TOTAL,B1G,ES,2020,1030964.0
A,CP_MNAC,TOTAL,B1G,ES,2021,1118595.0
A,CP_MNAC,TOTAL,B1G,ES,2022,1254715.0
A,CP_MNAC,TOTAL,B1G,ES,2023,1366751.0
A,CP_MNAC,TOTAL,B1G,ES,2024,1452583.0
A,CP_MNAC,TOTAL,B1G,ES,2025,1528809.0
A,CP_MNAC,TOTAL,B1G,EU27_2020,1995,5711439.3
A,CP_MNAC,TOTAL,B1G,EU27_2020,1996,5971708.4
A,CP_MNAC,TOTAL,B1G,EU27_2020,1997,6128243.7
A,CP_MNAC,TOTAL,B1G,EU27_2020,1998,6376377.5
A,CP_MNAC,TOTAL,B1G,EU27_2020,1999,6651582.1
A,CP_MNAC,TOTAL,B1G,EU27_2020,2000,7058269.7
A,CP_MNAC,TOTAL,B1G,EU27_2020,2001,7409922.8
A,CP_MNAC,TOTAL,B1G,EU27_2020,2002,7677659.7
A,CP_MNAC,TOTAL,B1G,EU27_2020,2003,7884009.8
A,CP_MNAC,TOTAL,B1G,EU27_2020,2004,8238184.3
A,CP_MNAC,TOTAL,B1G,EU27_2020,2005,8578962.4
A,CP_MNAC,TOTAL,B1G,EU27_2020,2006,9057363.9
A,CP_MNAC,TOTAL,B1G,EU27_2020,2007,9618863.4
A,CP_MNAC,TOTAL,B1G,EU27_2020,2008,9969556.6
A,CP_MNAC,TOTAL,B1G,EU27_2020,2009,9565294.0
A,CP_MNAC,TOTAL,B1G,EU27_2020,2010,9887265.4
A,CP_MNAC,TOTAL,B1G,EU27_2020,2011,10192423.1
A,CP_MNAC,TOTAL,B1G,EU27_2020,2012,10241851.9
A,CP_MNAC,TOTAL,B1G,EU27_2020,2013,10346226.8
A,CP_MNAC,TOTAL,B1G,EU27_2020,2014,10582080.7
A,CP_MNAC,TOTAL,B1G,EU27_2020,2015,10978751.5
A,CP_MNAC,TOTAL,B1G,EU27_2020,2016,11264160.5
A,CP_MNAC,TOTAL,B1G,EU27_2020,2017,11737226.8
A,CP_MNAC,TOTAL,B1G,EU27_2020,2018,12144897.0
A,CP_MNAC,TOTAL,B1G,EU27_2020,2019,12595355.1
A,CP_MNAC,TOTAL,B1G,EU27_2020,2020,12172998.6
A,CP_MNAC,TOTAL,B1G,EU27_2020,2021,13205508.3
A,CP_MNAC,TOTAL,B1G,EU27_2020,2022,14539149.8
A,CP_MNAC,TOTAL,B1G,EU27_2020,2023,15632424.2
A,CP_MNAC,TOTAL,B1G,EU27_2020,2024,16284605.7
A,CP_MNAC,TOTAL,B1G,EU27_2020,2025,16920010.9
A,CP_MNAC,TOTAL,B1G,FI,1980,30087.0
A,CP_MNAC,TOTAL,B1G,FI,1981,33909.0
A,CP_MNAC,TOTAL,B1G,FI,1982,38056.0
A,CP_MNAC,TOTAL,B1G,FI,1983,42531.0
A,CP_MNAC,TOTAL,B1G,FI,1984,47231.0
A,CP_MNAC,TOTAL,B1G,FI,1985,51292.0
A,CP_MNAC,TOTAL,B1G,FI,1986,55030.0
A,CP_MNAC,TOTAL,B1G,FI,1987,59190.0
A,CP_MNAC,TOTAL,B1G,FI,1988,65848.0
A,CP_MNAC,TOTAL,B1G,FI,1989,73934.0
A,CP_MNAC,TOTAL,B1G,FI,1990,79038.0
A,CP_MNAC,TOTAL,B1G,FI,1991,75610.0
A,CP_MNAC,TOTAL,B1G,FI,1992,73929.0
A,CP_MNAC,TOTAL,B1G,FI,1993,74835.0
A,CP_MNAC,TOTAL,B1G,FI,1994,79320.0
A,CP_MNAC,TOTAL,B1G,FI,1995,86250.0
A,CP_MNAC,TOTAL,B1G,FI,1996,89088.0
A,CP_MNAC,TOTAL,B1G,FI,1997,96090.0
A,CP_MNAC,TOTAL,B1G,FI,1998,104728.0
A,CP_MNAC,TOTAL,B1G,FI,1999,110400.0
A,CP_MNAC,TOTAL,B1G,FI,2000,119325.0
A,CP_MNAC,TOTAL,B1G,FI,2001,127287.0
A,CP_MNAC,TOTAL,B1G,FI,2002,130172.0
A,CP_MNAC,TOTAL,B1G,FI,2003,132388.0
A,CP_MNAC,TOTAL,B1G,FI,2004,139016.0
A,CP_MNAC,TOTAL,B1G,FI,2005,143900.0
A,CP_MNAC,TOTAL,B1G,FI,2006,150722.0
A,CP_MNAC,TOTAL,B1G,FI,2007,164129.0
A,CP_MNAC,TOTAL,B1G,FI,2008,170928.0
A,CP_MNAC,TOTAL,B1G,FI,2009,159054.0
A,CP_MNAC,TOTAL,B1G,FI,2010,164666.0
A,CP_MNAC,TOTAL,B1G,FI,2011,171239.0
A,CP_MNAC,TOTAL,B1G,FI,2012,173004.0
A,CP_MNAC,TOTAL,B1G,FI,2013,175160.0
A,CP_MNAC,TOTAL,B1G,FI,2014,177368.0
A,CP_MNAC,TOTAL,B1G,FI,2015,181406.0
A,CP_MNAC,TOTAL,B1G,FI,2016,185593.0
A,CP_MNAC,TOTAL,B1G,FI,2017,194113.0
A,CP_MNAC,TOTAL,B1G,FI,2018,199751.0
A,CP_MNAC,TOTAL,B1G,FI,2019,205950.0
A,CP_MNAC,TOTAL,B1G,FI,2020,204507.0
A,CP_MNAC,TOTAL,B1G,FI,2021,215307.0
A,CP_MNAC,TOTAL,B1G,FI,2022,231139.0
A,CP_MNAC,TOTAL,B1G,FI,2023,239121.0
A,CP_MNAC,TOTAL,B1G,FI,2024,241766.0
A,CP_MNAC,TOTAL,B1G,FI,2025,246054.0
A,CP_MNAC,TOTAL,B1G,FR,1975,208003.5
A,CP_MNAC,TOTAL,B1G,FR,1976,239186.0
A,CP_MNAC,TOTAL,B1G,FR,1977,271916.7
A,CP_MNAC,TOTAL,B1G,FR,1978,307504.8
A,CP_MNAC,TOTAL,B1G,FR,1979,349342.0
A,CP_MNAC,TOTAL,B1G,FR,1980,398292.9
A,CP_MNAC,TOTAL,B1G,FR,1981,449948.7
A,CP_MNAC,TOTAL,B1G,FR,1982,515303.5
A,CP_MNAC,TOTAL,B1G,FR,1983,572073.1
A,CP_MNAC,TOTAL,B1G,FR,1984,622185.0
A,CP_MNAC,TOTAL,B1G,FR,1985,665425.5
A,CP_MNAC,TOTAL,B1G,FR,1986,719530.6
A,CP_MNAC,TOTAL,B1G,FR,1987,755924.5
A,CP_MNAC,TOTAL,B1G,FR,1988,816665.4
A,CP_MNAC,TOTAL,B1G,FR,1989,882142.0
A,CP_MNAC,TOTAL,B1G,FR,1990,933938.3
A,CP_MNAC,TOTAL,B1G,FR,1991,969973.2
A,CP_MNAC,TOTAL,B1G,FR,1992,1009419.1
A,CP_MNAC,TOTAL,B1G,FR,1993,1021961.9
A,CP_MNAC,TOTAL,B1G,FR,1994,1049150.1
A,CP_MNAC,TOTAL,B1G,FR,1995,1085115.5
A,CP_MNAC,TOTAL,B1G,FR,1996,1110431.3
A,CP_MNAC,TOTAL,B1G,FR,1997,1149286.3
A,CP_MNAC,TOTAL,B1G,FR,1998,1199979.9
A,CP_MNAC,TOTAL,B1G,FR,1999,1243960.6
A,CP_MNAC,TOTAL,B1G,FR,2000,1319254.3
A,CP_MNAC,TOTAL,B1G,FR,2001,1373817.1
A,CP_MNAC,TOTAL,B1G,FR,2002,1417481.7
A,CP_MNAC,TOTAL,B1G,FR,2003,1457776.7
A,CP_MNAC,TOTAL,B1G,FR,2004,1521910.0
A,CP_MNAC,TOTAL,B1G,FR,2005,1579667.7
A,CP_MNAC,TOTAL,B1G,FR,2006,1649439.9
A,CP_MNAC,TOTAL,B1G,FR,2007,1736159.9
A,CP_MNAC,TOTAL,B1G,FR,2008,1787460.6
A,CP_MNAC,TOTAL,B1G,FR,2009,1743573.3
A,CP_MNAC,TOTAL,B1G,FR,2010,1792597.6
A,CP_MNAC,TOTAL,B1G,FR,2011,1845782.1
A,CP_MNAC,TOTAL,B1G,FR,2012,1866716.6
A,CP_MNAC,TOTAL,B1G,FR,2013,1894345.0
A,CP_MNAC,TOTAL,B1G,FR,2014,1921806.4
A,CP_MNAC,TOTAL,B1G,FR,2015,1960327.3
A,CP_MNAC,TOTAL,B1G,FR,2016,1983737.7
A,CP_MNAC,TOTAL,B1G,FR,2017,2029705.8
A,CP_MNAC,TOTAL,B1G,FR,2018,2081977.9
A,CP_MNAC,TOTAL,B1G,FR,2019,2150689.8
A,CP_MNAC,TOTAL,B1G,FR,2020,2056545.2
A,CP_MNAC,TOTAL,B1G,FR,2021,2212764.4
A,CP_MNAC,TOTAL,B1G,FR,2022,2368609.4
A,CP_MNAC,TOTAL,B1G,FR,2023,2545652.0
A,CP_MNAC,TOTAL,B1G,FR,2024,2624893.4
A,CP_MNAC,TOTAL,B1G,FR,2025,2664898.2
A,CP_MNAC,TOTAL,B1G,HR,1995,12981.5
A,CP_MNAC,TOTAL,B1G,HR,1996,14488.9
A,CP_MNAC,TOTAL,B1G,HR,1997,16512.6
A,CP_MNAC,TOTAL,B1G,HR,1998,17971.1
A,CP_MNAC,TOTAL,B1G,HR,1999,18564.3
A,CP_MNAC,TOTAL,B1G,HR,2000,19829.2
A,CP_MNAC,TOTAL,B1G,HR,2001,21391.4
A,CP_MNAC,TOTAL,B1G,HR,2002,23456.5
A,CP_MNAC,TOTAL,B1G,HR,2003,26033.0
A,CP_MNAC,TOTAL,B1G,HR,2004,28317.3
A,CP_MNAC,TOTAL,B1G,HR,2005,30492.0
A,CP_MNAC,TOTAL,B1G,HR,2006,33173.1
A,CP_MNAC,TOTAL,B1G,HR,2007,36512.0
A,CP_MNAC,TOTAL,B1G,HR,2008,39305.4
A,CP_MNAC,TOTAL,B1G,HR,2009,38164.8
A,CP_MNAC,TOTAL,B1G,HR,2010,37745.8
A,CP_MNAC,TOTAL,B1G,HR,2011,38548.0
A,CP_MNAC,TOTAL,B1G,HR,2012,37689.4
A,CP_MNAC,TOTAL,B1G,HR,2013,37546.9
A,CP_MNAC,TOTAL,B1G,HR,2014,37293.5
A,CP_MNAC,TOTAL,B1G,HR,2015,37982.5
A,CP_MNAC,TOTAL,B1G,HR,2016,39278.0
A,CP_MNAC,TOTAL,B1G,HR,2017,40947.3
A,CP_MNAC,TOTAL,B1G,HR,2018,42688.7
A,CP_MNAC,TOTAL,B1G,HR,2019,44803.1
A,CP_MNAC,TOTAL,B1G,HR,2020,41998.2
A,CP_MNAC,TOTAL,B1G,HR,2021,47837.7
A,CP_MNAC,TOTAL,B1G,HR,2022,56304.4
A,CP_MNAC,TOTAL,B1G,HR,2023,66251.0
A,CP_MNAC,TOTAL,B1G,HR,2024,71236.8
A,CP_MNAC,TOTAL,B1G,HR,2025,76900.8
A,CP_MNAC,TOTAL,B1G,HU,1995,4961823.0
A,CP_MNAC,TOTAL,B1G,HU,1996,6102953.0
A,CP_MNAC,TOTAL,B1G,HU,1997,7648826.0
A,CP_MNAC,TOTAL,B1G,HU,1998,9026220.0
A,CP_MNAC,TOTAL,B1G,HU,1999,10004943.0
A,CP_MNAC,TOTAL,B1G,HU,2000,11373997.0
A,CP_MNAC,TOTAL,B1G,HU,2001,13322203.0
A,CP_MNAC,TOTAL,B1G,HU,2002,15141593.0
A,CP_MNAC,TOTAL,B1G,HU,2003,16421119.0
A,CP_MNAC,TOTAL,B1G,HU,2004,18049858.0
A,CP_MNAC,TOTAL,B1G,HU,2005,19450743.0
A,CP_MNAC,TOTAL,B1G,HU,2006,21117353.0
A,CP_MNAC,TOTAL,B1G,HU,2007,22130723.0
A,CP_MNAC,TOTAL,B1G,HU,2008,23329414.0
A,CP_MNAC,TOTAL,B1G,HU,2009,22495168.0
A,CP_MNAC,TOTAL,B1G,HU,2010,23275263.0
A,CP_MNAC,TOTAL,B1G,HU,2011,24239026.0
A,CP_MNAC,TOTAL,B1G,HU,2012,24331977.0
A,CP_MNAC,TOTAL,B1G,HU,2013,25623570.0
A,CP_MNAC,TOTAL,B1G,HU,2014,27740776.0
A,CP_MNAC,TOTAL,B1G,HU,2015,29479307.0
A,CP_MNAC,TOTAL,B1G,HU,2016,30819577.0
A,CP_MNAC,TOTAL,B1G,HU,2017,33370173.0
A,CP_MNAC,TOTAL,B1G,HU,2018,36809440.0
A,CP_MNAC,TOTAL,B1G,HU,2019,40533359.0
A,CP_MNAC,TOTAL,B1G,HU,2020,41249705.0
A,CP_MNAC,TOTAL,B1G,HU,2021,47072358.0
A,CP_MNAC,TOTAL,B1G,HU,2022,56052434.0
A,CP_MNAC,TOTAL,B1G,HU,2023,65082720.0
A,CP_MNAC,TOTAL,B1G,HU,2024,70032921.0
A,CP_MNAC,TOTAL,B1G,HU,2025,74587645.0
A,CP_MNAC,TOTAL,B1G,IE,1995,49450.8
A,CP_MNAC,TOTAL,B1G,IE,1996,53516.2
A,CP_MNAC,TOTAL,B1G,IE,1997,61844.9
A,CP_MNAC,TOTAL,B1G,IE,1998,72754.1
A,CP_MNAC,TOTAL,B1G,IE,1999,82670.8
A,CP_MNAC,TOTAL,B1G,IE,2000,96721.8
A,CP_MNAC,TOTAL,B1G,IE,2001,108813.8
A,CP_MNAC,TOTAL,B1G,IE,2002,120604.6
A,CP_MNAC,TOTAL,B1G,IE,2003,128986.9
A,CP_MNAC,TOTAL,B1G,IE,2004,137191.7
A,CP_MNAC,TOTAL,B1G,IE,2005,149291.6
A,CP_MNAC,TOTAL,B1G,IE,2006,162321.0
A,CP_MNAC,TOTAL,B1G,IE,2007,174812.0
A,CP_MNAC,TOTAL,B1G,IE,2008,167079.1
A,CP_MNAC,TOTAL,B1G,IE,2009,152112.1
A,CP_MNAC,TOTAL,B1G,IE,2010,152115.5
A,CP_MNAC,TOTAL,B1G,IE,2011,158045.0
A,CP_MNAC,TOTAL,B1G,IE,2012,161253.5
A,CP_MNAC,TOTAL,B1G,IE,2013,168893.2
A,CP_MNAC,TOTAL,B1G,IE,2014,185973.8
A,CP_MNAC,TOTAL,B1G,IE,2015,254457.7
A,CP_MNAC,TOTAL,B1G,IE,2016,256859.7
A,CP_MNAC,TOTAL,B1G,IE,2017,286507.6
A,CP_MNAC,TOTAL,B1G,IE,2018,314817.0
A,CP_MNAC,TOTAL,B1G,IE,2019,342752.2
A,CP_MNAC,TOTAL,B1G,IE,2020,356678.2
A,CP_MNAC,TOTAL,B1G,IE,2021,422793.7
A,CP_MNAC,TOTAL,B1G,IE,2022,500248.8
A,CP_MNAC,TOTAL,B1G,IE,2023,495574.0
A,CP_MNAC,TOTAL,B1G,IE,2024,534897.0
A,CP_MNAC,TOTAL,B1G,IE,2025,573442.9
A,CP_MNAC,TOTAL,B1G,IS,1995,414603.6
A,CP_MNAC,TOTAL,B1G,IS,1996,442428.6
A,CP_MNAC,TOTAL,B1G,IS,1997,474419.0
A,CP_MNAC,TOTAL,B1G,IS,1998,532887.8
A,CP_MNAC,TOTAL,B1G,IS,1999,565503.2
A,CP_MNAC,TOTAL,B1G,IS,2000,623052.5
A,CP_MNAC,TOTAL,B1G,IS,2001,719086.1
A,CP_MNAC,TOTAL,B1G,IS,2002,764567.9
A,CP_MNAC,TOTAL,B1G,IS,2003,779106.6
A,CP_MNAC,TOTAL,B1G,IS,2004,850518.9
A,CP_MNAC,TOTAL,B1G,IS,2005,923335.1
A,CP_MNAC,TOTAL,B1G,IS,2006,1061038.4
A,CP_MNAC,TOTAL,B1G,IS,2007,1217039.8
A,CP_MNAC,TOTAL,B1G,IS,2008,1428945.4
A,CP_MNAC,TOTAL,B1G,IS,2009,1476233.8
A,CP_MNAC,TOTAL,B1G,IS,2010,1535147.5
A,CP_MNAC,TOTAL,B1G,IS,2011,1606736.2
A,CP_MNAC,TOTAL,B1G,IS,2012,1675286.9
A,CP_MNAC,TOTAL,B1G,IS,2013,1782140.7
A,CP_MNAC,TOTAL,B1G,IS,2014,1892555.7
A,CP_MNAC,TOTAL,B1G,IS,2015,2097809.4
A,CP_MNAC,TOTAL,B1G,IS,2016,2283498.0
A,CP_MNAC,TOTAL,B1G,IS,2017,2379896.9
A,CP_MNAC,TOTAL,B1G,IS,2018,2578005.5
A,CP_MNAC,TOTAL,B1G,IS,2019,2757269.5
A,CP_MNAC,TOTAL,B1G,IS,2020,2691170.1
A,CP_MNAC,TOTAL,B1G,IS,2021,2991121.5
A,CP_MNAC,TOTAL,B1G,IS,2022,3551600.2
A,CP_MNAC,TOTAL,B1G,IS,2023,3903221.3
A,CP_MNAC,TOTAL,B1G,IS,2024,4093030.6
A,CP_MNAC,TOTAL,B1G,IS,2025,4418567.9
A,CP_MNAC,TOTAL,B1G,IT,1995,895283.9
A,CP_MNAC,TOTAL,B1G,IT,1996,949523.4
A,CP_MNAC,TOTAL,B1G,IT,1997,987242.7
A,CP_MNAC,TOTAL,B1G,IT,1998,1023890.8
A,CP_MNAC,TOTAL,B1G,IT,1999,1054253.7
A,CP_MNAC,TOTAL,B1G,IT,2000,1115546.2
A,CP_MNAC,TOTAL,B1G,IT,2001,1178148.1
A,CP_MNAC,TOTAL,B1G,IT,2002,1220342.3
A,CP_MNAC,TOTAL,B1G,IT,2003,1264275.0
A,CP_MNAC,TOTAL,B1G,IT,2004,1312780.2
A,CP_MNAC,TOTAL,B1G,IT,2005,1348360.1
A,CP_MNAC,TOTAL,B1G,IT,2006,1394329.2
A,CP_MNAC,TOTAL,B1G,IT,2007,1453436.5
A,CP_MNAC,TOTAL,B1G,IT,2008,1479747.8
A,CP_MNAC,TOTAL,B1G,IT,2009,1425773.8
A,CP_MNAC,TOTAL,B1G,IT,2010,1449486.7
A,CP_MNAC,TOTAL,B1G,IT,2011,1480015.2
A,CP_MNAC,TOTAL,B1G,IT,2012,1455350.5
A,CP_MNAC,TOTAL,B1G,IT,2013,1445573.7
A,CP_MNAC,TOTAL,B1G,IT,2014,1453767.7
A,CP_MNAC,TOTAL,B1G,IT,2015,1479703.7
A,CP_MNAC,TOTAL,B1G,IT,2016,1515428.7
A,CP_MNAC,TOTAL,B1G,IT,2017,1552004.0
A,CP_MNAC,TOTAL,B1G,IT,2018,1582453.4
A,CP_MNAC,TOTAL,B1G,IT,2019,1604269.8
A,CP_MNAC,TOTAL,B1G,IT,2020,1496321.9
A,CP_MNAC,TOTAL,B1G,IT,2021,1644016.4
A,CP_MNAC,TOTAL,B1G,IT,2022,1793606.6
A,CP_MNAC,TOTAL,B1G,IT,2023,1924940.4
A,CP_MNAC,TOTAL,B1G,IT,2024,1968743.2
A,CP_MNAC,TOTAL,B1G,IT,2025,2014632.8
A,CP_MNAC,TOTAL,B1G,LI,2013,5728.0
A,CP_MNAC,TOTAL,B1G,LI,2014,5898.3
A,CP_MNAC,TOTAL,B1G,LI,2015,5784.0
A,CP_MNAC,TOTAL,B1G,LI,2016,5945.1
A,CP_MNAC,TOTAL,B1G,LI,2017,6106.6
A,CP_MNAC,TOTAL,B1G,LI,2018,6285.3
A,CP_MNAC,TOTAL,B1G,LI,2019,6178.1
A,CP_MNAC,TOTAL,B1G,LI,2020,5813.3
A,CP_MNAC,TOTAL,B1G,LI,2021,6944.7
A,CP_MNAC,TOTAL,B1G,LI,2022,6823.3
A,CP_MNAC,TOTAL,B1G,LI,2023,7158.8
A,CP_MNAC,TOTAL,B1G,LT,1995,6985.6
A,CP_MNAC,TOTAL,B1G,LT,1996,8786.1
A,CP_MNAC,TOTAL,B1G,LT,1997,10330.8
A,CP_MNAC,TOTAL,B1G,LT,1998,11469.7
A,CP_MNAC,TOTAL,B1G,LT,1999,11230.7
A,CP_MNAC,TOTAL,B1G,LT,2000,11894.2
A,CP_MNAC,TOTAL,B1G,LT,2001,12644.1
A,CP_MNAC,TOTAL,B1G,LT,2002,13528.1
A,CP_MNAC,TOTAL,B1G,LT,2003,14942.9
A,CP_MNAC,TOTAL,B1G,LT,2004,16498.6
A,CP_MNAC,TOTAL,B1G,LT,2005,19006.6
A,CP_MNAC,TOTAL,B1G,LT,2006,21725.4
A,CP_MNAC,TOTAL,B1G,LT,2007,26061.9
A,CP_MNAC,TOTAL,B1G,LT,2008,29313.0
A,CP_MNAC,TOTAL,B1G,LT,2009,24262.6
A,CP_MNAC,TOTAL,B1G,LT,2010,24707.5
A,CP_MNAC,TOTAL,B1G,LT,2011,27803.8
A,CP_MNAC,TOTAL,B1G,LT,2012,29870.7
A,CP_MNAC,TOTAL,B1G,LT,2013,31414.9
A,CP_MNAC,TOTAL,B1G,LT,2014,32738.0
A,CP_MNAC,TOTAL,B1G,LT,2015,33547.8
A,CP_MNAC,TOTAL,B1G,LT,2016,34789.7
A,CP_MNAC,TOTAL,B1G,LT,2017,37823.8
A,CP_MNAC,TOTAL,B1G,LT,2018,41189.1
A,CP_MNAC,TOTAL,B1G,LT,2019,44098.4
A,CP_MNAC,TOTAL,B1G,LT,2020,44905.0
A,CP_MNAC,TOTAL,B1G,LT,2021,50516.9
A,CP_MNAC,TOTAL,B1G,LT,2022,60696.1
A,CP_MNAC,TOTAL,B1G,LT,2023,67012.1
A,CP_MNAC,TOTAL,B1G,LT,2024,70747.7
A,CP_MNAC,TOTAL,B1G,LT,2025,75172.6
A,CP_MNAC,TOTAL,B1G,LU,1995,13722.3
A,CP_MNAC,TOTAL,B1G,LU,1996,14471.0
A,CP_MNAC,TOTAL,B1G,LU,1997,15592.7
A,CP_MNAC,TOTAL,B1G,LU,1998,16229.2
A,CP_MNAC,TOTAL,B1G,LU,1999,18373.9
A,CP_MNAC,TOTAL,B1G,LU,2000,20502.1
A,CP_MNAC,TOTAL,B1G,LU,2001,21424.2
A,CP_MNAC,TOTAL,B1G,LU,2002,22423.9
A,CP_MNAC,TOTAL,B1G,LU,2003,23474.6
A,CP_MNAC,TOTAL,B1G,LU,2004,25053.3
A,CP_MNAC,TOTAL,B1G,LU,2005,26894.1
A,CP_MNAC,TOTAL,B1G,LU,2006,30683.9
A,CP_MNAC,TOTAL,B1G,LU,2007,33658.4
A,CP_MNAC,TOTAL,B1G,LU,2008,35998.3
A,CP_MNAC,TOTAL,B1G,LU,2009,35116.9
A,CP_MNAC,TOTAL,B1G,LU,2010,38235.9
A,CP_MNAC,TOTAL,B1G,LU,2011,39801.1
A,CP_MNAC,TOTAL,B1G,LU,2012,41682.7
A,CP_MNAC,TOTAL,B1G,LU,2013,44019.4
A,CP_MNAC,TOTAL,B1G,LU,2014,46255.0
A,CP_MNAC,TOTAL,B1G,LU,2015,49537.3
A,CP_MNAC,TOTAL,B1G,LU,2016,51386.2
A,CP_MNAC,TOTAL,B1G,LU,2017,53011.5
A,CP_MNAC,TOTAL,B1G,LU,2018,54533.1
A,CP_MNAC,TOTAL,B1G,LU,2019,56495.2
A,CP_MNAC,TOTAL,B1G,LU,2020,58593.3
A,CP_MNAC,TOTAL,B1G,LU,2021,66274.1
A,CP_MNAC,TOTAL,B1G,LU,2022,69430.3
A,CP_MNAC,TOTAL,B1G,LU,2023,74961.7
A,CP_MNAC,TOTAL,B1G,LU,2024,78467.4
A,CP_MNAC,TOTAL,B1G,LU,2025,81066.3
A,CP_MNAC,TOTAL,B1G,LV,1995,3479.6
A,CP_MNAC,TOTAL,B1G,LV,1996,4027.3
A,CP_MNAC,TOTAL,B1G,LV,1997,4646.0
A,CP_MNAC,TOTAL,B1G,LV,1998,5146.9
A,CP_MNAC,TOTAL,B1G,LV,1999,5421.0
A,CP_MNAC,TOTAL,B1G,LV,2000,5976.9
A,CP_MNAC,TOTAL,B1G,LV,2001,6567.4
A,CP_MNAC,TOTAL,B1G,LV,2002,7308.3
A,CP_MNAC,TOTAL,B1G,LV,2003,8155.3
A,CP_MNAC,TOTAL,B1G,LV,2004,9497.3
A,CP_MNAC,TOTAL,B1G,LV,2005,11590.1
A,CP_MNAC,TOTAL,B1G,LV,2006,14323.9
A,CP_MNAC,TOTAL,B1G,LV,2007,18990.3
A,CP_MNAC,TOTAL,B1G,LV,2008,20901.5
A,CP_MNAC,TOTAL,B1G,LV,2009,16574.8
A,CP_MNAC,TOTAL,B1G,LV,2010,15718.0
A,CP_MNAC,TOTAL,B1G,LV,2011,16839.3
A,CP_MNAC,TOTAL,B1G,LV,2012,18570.1
A,CP_MNAC,TOTAL,B1G,LV,2013,19227.8
A,CP_MNAC,TOTAL,B1G,LV,2014,19950.5
A,CP_MNAC,TOTAL,B1G,LV,2015,20768.5
A,CP_MNAC,TOTAL,B1G,LV,2016,21280.0
A,CP_MNAC,TOTAL,B1G,LV,2017,22589.7
A,CP_MNAC,TOTAL,B1G,LV,2018,24287.9
A,CP_MNAC,TOTAL,B1G,LV,2019,25590.5
A,CP_MNAC,TOTAL,B1G,LV,2020,25367.0
A,CP_MNAC,TOTAL,B1G,LV,2021,28062.2
A,CP_MNAC,TOTAL,B1G,LV,2022,31521.4
A,CP_MNAC,TOTAL,B1G,LV,2023,34788.2
A,CP_MNAC,TOTAL,B1G,LV,2024,35458.0
A,CP_MNAC,TOTAL,B1G,LV,2025,37406.7
A,CP_MNAC,TOTAL,B1G,MD,2014,114418.2
A,CP_MNAC,TOTAL,B1G,MD,2015,128050.1
A,CP_MNAC,TOTAL,B1G,MD,2016,139083.1
A,CP_MNAC,TOTAL,B1G,MD,2017,151941.0
A,CP_MNAC,TOTAL,B1G,MD,2018,163026.1
A,CP_MNAC,TOTAL,B1G,MD,2019,178952.3
A,CP_MNAC,TOTAL,B1G,MD,2020,172961.3
A,CP_MNAC,TOTAL,B1G,MD,2021,207847.5
A,CP_MNAC,TOTAL,B1G,MD,2022,236319.1
A,CP_MNAC,TOTAL,B1G,MD,2023,261931.4
A,CP_MNAC,TOTAL,B1G,MD,2024,277893.5
A,CP_MNAC,TOTAL,B1G,MD,2025,303147.6
A,CP_MNAC,TOTAL,B1G,ME,2006,1770.1
A,CP_MNAC,TOTAL,B1G,ME,2007,2137.9
A,CP_MNAC,TOTAL,B1G,ME,2008,2491.0
A,CP_MNAC,TOTAL,B1G,ME,2009,2473.5
A,CP_MNAC,TOTAL,B1G,ME,2010,2603.9
A,CP_MNAC,TOTAL,B1G,ME,2011,2708.6
A,CP_MNAC,TOTAL,B1G,ME,2012,2656.0
A,CP_MNAC,TOTAL,B1G,ME,2013,2726.3
A,CP_MNAC,TOTAL,B1G,ME,2014,2788.8
A,CP_MNAC,TOTAL,B1G,ME,2015,2982.5
A,CP_MNAC,TOTAL,B1G,ME,2016,3253.4
A,CP_MNAC,TOTAL,B1G,ME,2017,3472.0
A,CP_MNAC,TOTAL,B1G,ME,2018,3753.9
A,CP_MNAC,TOTAL,B1G,ME,2019,3970.0
A,CP_MNAC,TOTAL,B1G,ME,2020,3426.8
A,CP_MNAC,TOTAL,B1G,ME,2021,3989.6
A,CP_MNAC,TOTAL,B1G,ME,2022,4790.3
A,CP_MNAC,TOTAL,B1G,ME,2023,5689.1
A,CP_MNAC,TOTAL,B1G,ME,2024,6073.0
A,CP_MNAC,TOTAL,B1G,ME,2025,6373.3
A,CP_MNAC,TOTAL,B1G,MK,2000,209601.4
A,CP_MNAC,TOTAL,B1G,MK,2001,213782.5
A,CP_MNAC,TOTAL,B1G,MK,2002,213202.6
A,CP_MNAC,TOTAL,B1G,MK,2003,232177.6
A,CP_MNAC,TOTAL,B1G,MK,2004,243685.1
A,CP_MNAC,TOTAL,B1G,MK,2005,264847.2
A,CP_MNAC,TOTAL,B1G,MK,2006,291105.1
A,CP_MNAC,TOTAL,B1G,MK,2007,321378.2
A,CP_MNAC,TOTAL,B1G,MK,2008,357150.3
A,CP_MNAC,TOTAL,B1G,MK,2009,358368.6
A,CP_MNAC,TOTAL,B1G,MK,2010,377200.5
A,CP_MNAC,TOTAL,B1G,MK,2011,399375.5
A,CP_MNAC,TOTAL,B1G,MK,2012,403683.7
A,CP_MNAC,TOTAL,B1G,MK,2013,436706.0
A,CP_MNAC,TOTAL,B1G,MK,2014,458128.0
A,CP_MNAC,TOTAL,B1G,MK,2015,488407.6
A,CP_MNAC,TOTAL,B1G,MK,2016,515600.7
A,CP_MNAC,TOTAL,B1G,MK,2017,535726.2
A,CP_MNAC,TOTAL,B1G,MK,2018,573922.0
A,CP_MNAC,TOTAL,B1G,MK,2019,601462.5
A,CP_MNAC,TOTAL,B1G,MK,2020,588081.2
A,CP_MNAC,TOTAL,B1G,MK,2021,630172.9
A,CP_MNAC,TOTAL,B1G,MK,2022,707309.1
A,CP_MNAC,TOTAL,B1G,MK,2023,787046.2
A,CP_MNAC,TOTAL,B1G,MK,2024,832965.2
A,CP_MNAC,TOTAL,B1G,MK,2025,908408.4
A,CP_MNAC,TOTAL,B1G,MT,1995,2715.8
A,CP_MNAC,TOTAL,B1G,MT,1996,2901.2
A,CP_MNAC,TOTAL,B1G,MT,1997,3054.5
A,CP_MNAC,TOTAL,B1G,MT,1998,3295.0
A,CP_MNAC,TOTAL,B1G,MT,1999,3417.2
A,CP_MNAC,TOTAL,B1G,MT,2000,3669.4
A,CP_MNAC,TOTAL,B1G,MT,2001,3784.0
A,CP_MNAC,TOTAL,B1G,MT,2002,3981.6
A,CP_MNAC,TOTAL,B1G,MT,2003,4224.8
A,CP_MNAC,TOTAL,B1G,MT,2004,4294.3
A,CP_MNAC,TOTAL,B1G,MT,2005,4463.2
A,CP_MNAC,TOTAL,B1G,MT,2006,4676.0
A,CP_MNAC,TOTAL,B1G,MT,2007,5040.0
A,CP_MNAC,TOTAL,B1G,MT,2008,5492.3
A,CP_MNAC,TOTAL,B1G,MT,2009,5505.9
A,CP_MNAC,TOTAL,B1G,MT,2010,6053.2
A,CP_MNAC,TOTAL,B1G,MT,2011,6151.1
A,CP_MNAC,TOTAL,B1G,MT,2012,6592.6
A,CP_MNAC,TOTAL,B1G,MT,2013,7204.3
A,CP_MNAC,TOTAL,B1G,MT,2014,7913.5
A,CP_MNAC,TOTAL,B1G,MT,2015,9113.5
A,CP_MNAC,TOTAL,B1G,MT,2016,9678.9
A,CP_MNAC,TOTAL,B1G,MT,2017,11228.1
A,CP_MNAC,TOTAL,B1G,MT,2018,12209.5
A,CP_MNAC,TOTAL,B1G,MT,2019,13098.9
A,CP_MNAC,TOTAL,B1G,MT,2020,13149.7
A,CP_MNAC,TOTAL,B1G,MT,2021,15370.3
A,CP_MNAC,TOTAL,B1G,MT,2022,16716.1
A,CP_MNAC,TOTAL,B1G,MT,2023,19416.3
A,CP_MNAC,TOTAL,B1G,MT,2024,21378.0
A,CP_MNAC,TOTAL,B1G,MT,2025,22652.2
A,CP_MNAC,TOTAL,B1G,NL,1995,299747.0
A,CP_MNAC,TOTAL,B1G,NL,1996,311993.0
A,CP_MNAC,TOTAL,B1G,NL,1997,333529.0
A,CP_MNAC,TOTAL,B1G,NL,1998,355882.0
A,CP_MNAC,TOTAL,B1G,NL,1999,376540.0
A,CP_MNAC,TOTAL,B1G,NL,2000,405973.0
A,CP_MNAC,TOTAL,B1G,NL,2001,430475.0
A,CP_MNAC,TOTAL,B1G,NL,2002,449144.0
A,CP_MNAC,TOTAL,B1G,NL,2003,459576.0
A,CP_MNAC,TOTAL,B1G,NL,2004,473572.0
A,CP_MNAC,TOTAL,B1G,NL,2005,492241.0
A,CP_MNAC,TOTAL,B1G,NL,2006,522057.0
A,CP_MNAC,TOTAL,B1G,NL,2007,554653.0
A,CP_MNAC,TOTAL,B1G,NL,2008,580170.0
A,CP_MNAC,TOTAL,B1G,NL,2009,564180.0
A,CP_MNAC,TOTAL,B1G,NL,2010,575705.0
A,CP_MNAC,TOTAL,B1G,NL,2011,589169.0
A,CP_MNAC,TOTAL,B1G,NL,2012,593115.0
A,CP_MNAC,TOTAL,B1G,NL,2013,598320.0
A,CP_MNAC,TOTAL,B1G,NL,2014,609309.0
A,CP_MNAC,TOTAL,B1G,NL,2015,627626.0
A,CP_MNAC,TOTAL,B1G,NL,2016,644312.0
A,CP_MNAC,TOTAL,B1G,NL,2017,671934.0
A,CP_MNAC,TOTAL,B1G,NL,2018,703557.0
A,CP_MNAC,TOTAL,B1G,NL,2019,739508.0
A,CP_MNAC,TOTAL,B1G,NL,2020,726149.0
A,CP_MNAC,TOTAL,B1G,NL,2021,791730.0
A,CP_MNAC,TOTAL,B1G,NL,2022,888174.0
A,CP_MNAC,TOTAL,B1G,NL,2023,944801.0
A,CP_MNAC,TOTAL,B1G,NL,2024,1000017.0
A,CP_MNAC,TOTAL,B1G,NL,2025,1049834.0
A,CP_MNAC,TOTAL,B1G,NO,1975,150588.0
A,CP_MNAC,TOTAL,B1G,NO,1976,171973.0
A,CP_MNAC,TOTAL,B1G,NO,1977,193405.0
A,CP_MNAC,TOTAL,B1G,NO,1978,215158.0
A,CP_MNAC,TOTAL,B1G,NO,1979,237766.0
A,CP_MNAC,TOTAL,B1G,NO,1980,283271.0
A,CP_MNAC,TOTAL,B1G,NO,1981,323212.0
A,CP_MNAC,TOTAL,B1G,NO,1982,358887.0
A,CP_MNAC,TOTAL,B1G,NO,1983,397880.0
A,CP_MNAC,TOTAL,B1G,NO,1984,449467.0
A,CP_MNAC,TOTAL,B1G,NO,1985,493162.0
A,CP_MNAC,TOTAL,B1G,NO,1986,499319.0
A,CP_MNAC,TOTAL,B1G,NO,1987,548564.0
A,CP_MNAC,TOTAL,B1G,NO,1988,578881.0
A,CP_MNAC,TOTAL,B1G,NO,1989,624949.0
A,CP_MNAC,TOTAL,B1G,NO,1990,663620.0
A,CP_MNAC,TOTAL,B1G,NO,1991,696285.0
A,CP_MNAC,TOTAL,B1G,NO,1992,713191.0
A,CP_MNAC,TOTAL,B1G,NO,1993,746329.0
A,CP_MNAC,TOTAL,B1G,NO,1994,776744.0
A,CP_MNAC,TOTAL,B1G,NO,1995,829224.0
A,CP_MNAC,TOTAL,B1G,NO,1996,907982.0
A,CP_MNAC,TOTAL,B1G,NO,1997,980621.0
A,CP_MNAC,TOTAL,B1G,NO,1998,996172.0
A,CP_MNAC,TOTAL,B1G,NO,1999,1090685.0
A,CP_MNAC,TOTAL,B1G,NO,2000,1323917.0
A,CP_MNAC,TOTAL,B1G,NO,2001,1378483.0
A,CP_MNAC,TOTAL,B1G,NO,2002,1376162.0
A,CP_MNAC,TOTAL,B1G,NO,2003,1438308.0
A,CP_MNAC,TOTAL,B1G,NO,2004,1591205.0
A,CP_MNAC,TOTAL,B1G,NO,2005,1791921.0
A,CP_MNAC,TOTAL,B1G,NO,2006,2004433.0
A,CP_MNAC,TOTAL,B1G,NO,2007,2125827.0
A,CP_MNAC,TOTAL,B1G,NO,2008,2401972.0
A,CP_MNAC,TOTAL,B1G,NO,2009,2226967.0
A,CP_MNAC,TOTAL,B1G,NO,2010,2376786.0
A,CP_MNAC,TOTAL,B1G,NO,2011,2579572.0
A,CP_MNAC,TOTAL,B1G,NO,2012,2745949.0
A,CP_MNAC,TOTAL,B1G,NO,2013,2851403.0
A,CP_MNAC,TOTAL,B1G,NO,2014,2918347.0
A,CP_MNAC,TOTAL,B1G,NO,2015,2888741.0
A,CP_MNAC,TOTAL,B1G,NO,2016,2861124.0
A,CP_MNAC,TOTAL,B1G,NO,2017,3062742.0
A,CP_MNAC,TOTAL,B1G,NO,2018,3304588.0
A,CP_MNAC,TOTAL,B1G,NO,2019,3334714.0
A,CP_MNAC,TOTAL,B1G,NO,2020,3195302.0
A,CP_MNAC,TOTAL,B1G,NO,2021,4051026.0
A,CP_MNAC,TOTAL,B1G,NO,2022,5510086.0
A,CP_MNAC,TOTAL,B1G,NO,2023,4852002.0
A,CP_MNAC,TOTAL,B1G,NO,2024,4908169.0
A,CP_MNAC,TOTAL,B1G,NO,2025,5023502.0
A,CP_MNAC,TOTAL,B1G,PL,1995,305683.0
A,CP_MNAC,TOTAL,B1G,PL,1996,381615.0
A,CP_MNAC,TOTAL,B1G,PL,1997,462705.0
A,CP_MNAC,TOTAL,B1G,PL,1998,540613.0
A,CP_MNAC,TOTAL,B1G,PL,1999,595994.0
A,CP_MNAC,TOTAL,B1G,PL,2000,667508.0
A,CP_MNAC,TOTAL,B1G,PL,2001,698576.0
A,CP_MNAC,TOTAL,B1G,PL,2002,719112.0
A,CP_MNAC,TOTAL,B1G,PL,2003,749286.0
A,CP_MNAC,TOTAL,B1G,PL,2004,829566.0
A,CP_MNAC,TOTAL,B1G,PL,2005,873226.0
A,CP_MNAC,TOTAL,B1G,PL,2006,941223.0
A,CP_MNAC,TOTAL,B1G,PL,2007,1038360.0
A,CP_MNAC,TOTAL,B1G,PL,2008,1126401.0
A,CP_MNAC,TOTAL,B1G,PL,2009,1221462.0
A,CP_MNAC,TOTAL,B1G,PL,2010,1267828.0
A,CP_MNAC,TOTAL,B1G,PL,2011,1374078.0
A,CP_MNAC,TOTAL,B1G,PL,2012,1436474.0
A,CP_MNAC,TOTAL,B1G,PL,2013,1451790.0
A,CP_MNAC,TOTAL,B1G,PL,2014,1515422.0
A,CP_MNAC,TOTAL,B1G,PL,2015,1606480.0
A,CP_MNAC,TOTAL,B1G,PL,2016,1648760.0
A,CP_MNAC,TOTAL,B1G,PL,2017,1754526.0
A,CP_MNAC,TOTAL,B1G,PL,2018,1883514.0
A,CP_MNAC,TOTAL,B1G,PL,2019,2036872.0
A,CP_MNAC,TOTAL,B1G,PL,2020,2084829.0
A,CP_MNAC,TOTAL,B1G,PL,2021,2320410.0
A,CP_MNAC,TOTAL,B1G,PL,2022,2766246.0
A,CP_MNAC,TOTAL,B1G,PL,2023,3085935.0
A,CP_MNAC,TOTAL,B1G,PL,2024,3265313.0
A,CP_MNAC,TOTAL,B1G,PL,2025,3447444.0
A,CP_MNAC,TOTAL,B1G,PT,1995,78452.6
A,CP_MNAC,TOTAL,B1G,PT,1996,82876.8
A,CP_MNAC,TOTAL,B1G,PT,1997,90046.3
A,CP_MNAC,TOTAL,B1G,PT,1998,97354.5
A,CP_MNAC,TOTAL,B1G,PT,1999,104186.7
A,CP_MNAC,TOTAL,B1G,PT,2000,112482.8
A,CP_MNAC,TOTAL,B1G,PT,2001,119059.0
A,CP_MNAC,TOTAL,B1G,PT,2002,124675.0
A,CP_MNAC,TOTAL,B1G,PT,2003,127682.6
A,CP_MNAC,TOTAL,B1G,PT,2004,133071.7
A,CP_MNAC,TOTAL,B1G,PT,2005,137401.0
A,CP_MNAC,TOTAL,B1G,PT,2006,143475.0
A,CP_MNAC,TOTAL,B1G,PT,2007,152061.8
A,CP_MNAC,TOTAL,B1G,PT,2008,156036.8
A,CP_MNAC,TOTAL,B1G,PT,2009,155410.3
A,CP_MNAC,TOTAL,B1G,PT,2010,158032.3
A,CP_MNAC,TOTAL,B1G,PT,2011,154178.0
A,CP_MNAC,TOTAL,B1G,PT,2012,147300.5
A,CP_MNAC,TOTAL,B1G,PT,2013,149851.5
A,CP_MNAC,TOTAL,B1G,PT,2014,151138.9
A,CP_MNAC,TOTAL,B1G,PT,2015,156080.7
A,CP_MNAC,TOTAL,B1G,PT,2016,161745.0
A,CP_MNAC,TOTAL,B1G,PT,2017,169071.4
A,CP_MNAC,TOTAL,B1G,PT,2018,177157.3
A,CP_MNAC,TOTAL,B1G,PT,2019,185473.9
A,CP_MNAC,TOTAL,B1G,PT,2020,175104.3
A,CP_MNAC,TOTAL,B1G,PT,2021,187361.5
A,CP_MNAC,TOTAL,B1G,PT,2022,211027.9
A,CP_MNAC,TOTAL,B1G,PT,2023,235589.3
A,CP_MNAC,TOTAL,B1G,PT,2024,252124.8
A,CP_MNAC,TOTAL,B1G,PT,2025,266164.9
A,CP_MNAC,TOTAL,B1G,RO,1995,7216.6
A,CP_MNAC,TOTAL,B1G,RO,1996,10838.2
A,CP_MNAC,TOTAL,B1G,RO,1997,23850.6
A,CP_MNAC,TOTAL,B1G,RO,1998,33374.5
A,CP_MNAC,TOTAL,B1G,RO,1999,49415.8
A,CP_MNAC,TOTAL,B1G,RO,2000,73027.0
A,CP_MNAC,TOTAL,B1G,RO,2001,106501.2
A,CP_MNAC,TOTAL,B1G,RO,2002,137534.2
A,CP_MNAC,TOTAL,B1G,RO,2003,171229.7
A,CP_MNAC,TOTAL,B1G,RO,2004,219488.8
A,CP_MNAC,TOTAL,B1G,RO,2005,254390.8
A,CP_MNAC,TOTAL,B1G,RO,2006,305239.0
A,CP_MNAC,TOTAL,B1G,RO,2007,379419.2
A,CP_MNAC,TOTAL,B1G,RO,2008,484248.8
A,CP_MNAC,TOTAL,B1G,RO,2009,482718.7
A,CP_MNAC,TOTAL,B1G,RO,2010,483596.6
A,CP_MNAC,TOTAL,B1G,RO,2011,519675.5
A,CP_MNAC,TOTAL,B1G,RO,2012,549171.4
A,CP_MNAC,TOTAL,B1G,RO,2013,556693.3
A,CP_MNAC,TOTAL,B1G,RO,2014,591543.6
A,CP_MNAC,TOTAL,B1G,RO,2015,625929.4
A,CP_MNAC,TOTAL,B1G,RO,2016,673373.2
A,CP_MNAC,TOTAL,B1G,RO,2017,770408.7
A,CP_MNAC,TOTAL,B1G,RO,2018,861471.1
A,CP_MNAC,TOTAL,B1G,RO,2019,958585.6
A,CP_MNAC,TOTAL,B1G,RO,2020,963798.7
A,CP_MNAC,TOTAL,B1G,RO,2021,1071508.9
A,CP_MNAC,TOTAL,B1G,RO,2022,1271213.1
A,CP_MNAC,TOTAL,B1G,RO,2023,1452697.1
A,CP_MNAC,TOTAL,B1G,RO,2024,1594116.0
A,CP_MNAC,TOTAL,B1G,RO,2025,1726490.9
A,CP_MNAC,TOTAL,B1G,RS,1995,59327.4
A,CP_MNAC,TOTAL,B1G,RS,1996,115799.0
A,CP_MNAC,TOTAL,B1G,RS,1997,149115.0
A,CP_MNAC,TOTAL,B1G,RS,1998,192899.2
A,CP_MNAC,TOTAL,B1G,RS,1999,223042.9
A,CP_MNAC,TOTAL,B1G,RS,2000,425704.4
A,CP_MNAC,TOTAL,B1G,RS,2001,795753.5
A,CP_MNAC,TOTAL,B1G,RS,2002,963319.7
A,CP_MNAC,TOTAL,B1G,RS,2003,1131677.1
A,CP_MNAC,TOTAL,B1G,RS,2004,1295572.5
A,CP_MNAC,TOTAL,B1G,RS,2005,1570555.6
A,CP_MNAC,TOTAL,B1G,RS,2006,1859445.6
A,CP_MNAC,TOTAL,B1G,RS,2007,2188614.7
A,CP_MNAC,TOTAL,B1G,RS,2008,2533083.2
A,CP_MNAC,TOTAL,B1G,RS,2009,2674501.5
A,CP_MNAC,TOTAL,B1G,RS,2010,2844637.7
A,CP_MNAC,TOTAL,B1G,RS,2011,3190842.4
A,CP_MNAC,TOTAL,B1G,RS,2012,3369796.2
A,CP_MNAC,TOTAL,B1G,RS,2013,3662838.9
A,CP_MNAC,TOTAL,B1G,RS,2014,3673487.8
A,CP_MNAC,TOTAL,B1G,RS,2015,3777428.3
A,CP_MNAC,TOTAL,B1G,RS,2016,3926649.5
A,CP_MNAC,TOTAL,B1G,RS,2017,4146898.5
A,CP_MNAC,TOTAL,B1G,RS,2018,4418700.4
A,CP_MNAC,TOTAL,B1G,RS,2019,4733013.0
A,CP_MNAC,TOTAL,B1G,RS,2020,4834183.6
A,CP_MNAC,TOTAL,B1G,RS,2021,5510648.0
A,CP_MNAC,TOTAL,B1G,RS,2022,6328703.4
A,CP_MNAC,TOTAL,B1G,RS,2023,7525976.8
A,CP_MNAC,TOTAL,B1G,RS,2024,8288715.3
A,CP_MNAC,TOTAL,B1G,RS,2025,8868237.4
A,CP_MNAC,TOTAL,B1G,SE,1993,1436086.0
A,CP_MNAC,TOTAL,B1G,SE,1994,1535182.0
A,CP_MNAC,TOTAL,B1G,SE,1995,1673810.0
A,CP_MNAC,TOTAL,B1G,SE,1996,1729704.0
A,CP_MNAC,TOTAL,B1G,SE,1997,1811655.0
A,CP_MNAC,TOTAL,B1G,SE,1998,1903246.0
A,CP_MNAC,TOTAL,B1G,SE,1999,2004986.0
A,CP_MNAC,TOTAL,B1G,SE,2000,2141288.0
A,CP_MNAC,TOTAL,B1G,SE,2001,2225546.0
A,CP_MNAC,TOTAL,B1G,SE,2002,2309636.0
A,CP_MNAC,TOTAL,B1G,SE,2003,2396191.0
A,CP_MNAC,TOTAL,B1G,SE,2004,2511042.0
A,CP_MNAC,TOTAL,B1G,SE,2005,2590823.0
A,CP_MNAC,TOTAL,B1G,SE,2006,2763937.0
A,CP_MNAC,TOTAL,B1G,SE,2007,2936583.0
A,CP_MNAC,TOTAL,B1G,SE,2008,3001336.0
A,CP_MNAC,TOTAL,B1G,SE,2009,2930639.0
A,CP_MNAC,TOTAL,B1G,SE,2010,3131175.0
A,CP_MNAC,TOTAL,B1G,SE,2011,3280377.0
A,CP_MNAC,TOTAL,B1G,SE,2012,3302118.0
A,CP_MNAC,TOTAL,B1G,SE,2013,3372723.0
A,CP_MNAC,TOTAL,B1G,SE,2014,3518784.0
A,CP_MNAC,TOTAL,B1G,SE,2015,3756059.0
A,CP_MNAC,TOTAL,B1G,SE,2016,3885378.0
A,CP_MNAC,TOTAL,B1G,SE,2017,4047009.0
A,CP_MNAC,TOTAL,B1G,SE,2018,4224647.0
A,CP_MNAC,TOTAL,B1G,SE,2019,4452618.0
A,CP_MNAC,TOTAL,B1G,SE,2020,4444511.0
A,CP_MNAC,TOTAL,B1G,SE,2021,4802076.0
A,CP_MNAC,TOTAL,B1G,SE,2022,5158193.0
A,CP_MNAC,TOTAL,B1G,SE,2023,5487968.0
A,CP_MNAC,TOTAL,B1G,SE,2024,5776015.0
A,CP_MNAC,TOTAL,B1G,SE,2025,5960072.0
A,CP_MNAC,TOTAL,B1G,SI,1995,9077.0
A,CP_MNAC,TOTAL,B1G,SI,1996,10435.3
A,CP_MNAC,TOTAL,B1G,SI,1997,12028.5
A,CP_MNAC,TOTAL,B1G,SI,1998,13252.2
A,CP_MNAC,TOTAL,B1G,SI,1999,14786.6
A,CP_MNAC,TOTAL,B1G,SI,2000,16343.0
A,CP_MNAC,TOTAL,B1G,SI,2001,18345.7
A,CP_MNAC,TOTAL,B1G,SI,2002,20290.1
A,CP_MNAC,TOTAL,B1G,SI,2003,22182.1
A,CP_MNAC,TOTAL,B1G,SI,2004,24033.6
A,CP_MNAC,TOTAL,B1G,SI,2005,25371.8
A,CP_MNAC,TOTAL,B1G,SI,2006,27484.7
A,CP_MNAC,TOTAL,B1G,SI,2007,30604.4
A,CP_MNAC,TOTAL,B1G,SI,2008,33037.7
A,CP_MNAC,TOTAL,B1G,SI,2009,31274.4
A,CP_MNAC,TOTAL,B1G,SI,2010,31296.9
A,CP_MNAC,TOTAL,B1G,SI,2011,31911.2
A,CP_MNAC,TOTAL,B1G,SI,2012,31113.8
A,CP_MNAC,TOTAL,B1G,SI,2013,30975.3
A,CP_MNAC,TOTAL,B1G,SI,2014,32050.3
A,CP_MNAC,TOTAL,B1G,SI,2015,33058.5
A,CP_MNAC,TOTAL,B1G,SI,2016,34438.5
A,CP_MNAC,TOTAL,B1G,SI,2017,36789.8
A,CP_MNAC,TOTAL,B1G,SI,2018,39355.4
A,CP_MNAC,TOTAL,B1G,SI,2019,41821.1
A,CP_MNAC,TOTAL,B1G,SI,2020,41139.2
A,CP_MNAC,TOTAL,B1G,SI,2021,45539.5
A,CP_MNAC,TOTAL,B1G,SI,2022,49954.1
A,CP_MNAC,TOTAL,B1G,SI,2023,57062.1
A,CP_MNAC,TOTAL,B1G,SI,2024,59723.5
A,CP_MNAC,TOTAL,B1G,SI,2025,63132.9
A,CP_MNAC,TOTAL,B1G,SK,1995,17377.4
A,CP_MNAC,TOTAL,B1G,SK,1996,19509.0
A,CP_MNAC,TOTAL,B1G,SK,1997,21626.6
A,CP_MNAC,TOTAL,B1G,SK,1998,23605.4
A,CP_MNAC,TOTAL,B1G,SK,1999,25311.2
A,CP_MNAC,TOTAL,B1G,SK,2000,27938.0
A,CP_MNAC,TOTAL,B1G,SK,2001,30677.5
A,CP_MNAC,TOTAL,B1G,SK,2002,33327.9
A,CP_MNAC,TOTAL,B1G,SK,2003,36612.9
A,CP_MNAC,TOTAL,B1G,SK,2004,40732.5
A,CP_MNAC,TOTAL,B1G,SK,2005,44412.4
A,CP_MNAC,TOTAL,B1G,SK,2006,50452.6
A,CP_MNAC,TOTAL,B1G,SK,2007,56585.5
A,CP_MNAC,TOTAL,B1G,SK,2008,61779.6
A,CP_MNAC,TOTAL,B1G,SK,2009,57953.2
A,CP_MNAC,TOTAL,B1G,SK,2010,62293.1
A,CP_MNAC,TOTAL,B1G,SK,2011,64503.5
A,CP_MNAC,TOTAL,B1G,SK,2012,67018.9
A,CP_MNAC,TOTAL,B1G,SK,2013,67552.6
A,CP_MNAC,TOTAL,B1G,SK,2014,69149.6
A,CP_MNAC,TOTAL,B1G,SK,2015,72394.9
A,CP_MNAC,TOTAL,B1G,SK,2016,73592.1
A,CP_MNAC,TOTAL,B1G,SK,2017,76152.4
A,CP_MNAC,TOTAL,B1G,SK,2018,80918.5
A,CP_MNAC,TOTAL,B1G,SK,2019,84543.6
A,CP_MNAC,TOTAL,B1G,SK,2020,84655.0
A,CP_MNAC,TOTAL,B1G,SK,2021,91101.3
A,CP_MNAC,TOTAL,B1G,SK,2022,97975.3
A,CP_MNAC,TOTAL,B1G,SK,2023,112863.8
A,CP_MNAC,TOTAL,B1G,SK,2024,117813.4
A,CP_MNAC,TOTAL,B1G,SK,2025,122400.5
A,CP_MNAC,TOTAL,B1G,TR,1995,9723.8
A,CP_MNAC,TOTAL,B1G,TR,1996,18662.0
A,CP_MNAC,TOTAL,B1G,TR,1997,36423.3
A,CP_MNAC,TOTAL,B1G,TR,1998,66286.6
A,CP_MNAC,TOTAL,B1G,TR,1999,98107.4
A,CP_MNAC,TOTAL,B1G,TR,2000,153924.0
A,CP_MNAC,TOTAL,B1G,TR,2001,221260.0
A,CP_MNAC,TOTAL,B1G,TR,2002,320747.9
A,CP_MNAC,TOTAL,B1G,TR,2003,415438.9
A,CP_MNAC,TOTAL,B1G,TR,2004,511928.6
A,CP_MNAC,TOTAL,B1G,TR,2005,597569.8
A,CP_MNAC,TOTAL,B1G,TR,2006,700486.4
A,CP_MNAC,TOTAL,B1G,TR,2007,792601.2
A,CP_MNAC,TOTAL,B1G,TR,2008,900077.0
A,CP_MNAC,TOTAL,B1G,TR,2009,905540.4
A,CP_MNAC,TOTAL,B1G,TR,2010,1035795.8
A,CP_MNAC,TOTAL,B1G,TR,2011,1246434.9
A,CP_MNAC,TOTAL,B1G,TR,2012,1406114.9
A,CP_MNAC,TOTAL,B1G,TR,2013,1607642.7
A,CP_MNAC,TOTAL,B1G,TR,2014,1826528.2
A,CP_MNAC,TOTAL,B1G,TR,2015,2076445.5
A,CP_MNAC,TOTAL,B1G,TR,2016,2320924.0
A,CP_MNAC,TOTAL,B1G,TR,2017,2798333.8
A,CP_MNAC,TOTAL,B1G,TR,2018,3418365.4
A,CP_MNAC,TOTAL,B1G,TR,2019,3973076.0
A,CP_MNAC,TOTAL,B1G,TR,2020,4589619.5
A,CP_MNAC,TOTAL,B1G,TR,2021,6669664.9
A,CP_MNAC,TOTAL,B1G,TR,2022,13756824.4
A,CP_MNAC,TOTAL,B1G,TR,2023,24093827.4
A,CP_MNAC,TOTAL,B1G,TR,2024,39613641.0
A,CP_MNAC,TOTAL,B1G,TR,2025,55872495.7
A,CP_MNAC,TOTAL,B1G,UA,2000,150320.0
A,CP_MNAC,TOTAL,B1G,UA,2001,187475.0
A,CP_MNAC,TOTAL,B1G,UA,2002,209522.0
A,CP_MNAC,TOTAL,B1G,UA,2003,250228.0
A,CP_MNAC,TOTAL,B1G,UA,2004,325477.0
A,CP_MNAC,TOTAL,B1G,UA,2005,404474.0
A,CP_MNAC,TOTAL,B1G,UA,2006,494988.0
A,CP_MNAC,TOTAL,B1G,UA,2007,665169.0
A,CP_MNAC,TOTAL,B1G,UA,2008,866939.0
A,CP_MNAC,TOTAL,B1G,UA,2009,830178.0
A,CP_MNAC,TOTAL,B1G,UA,2010,954472.0
A,CP_MNAC,TOTAL,B1G,UA,2011,1122558.0
A,CP_MNAC,TOTAL,B1G,UA,2012,1213069.0
A,CP_MNAC,TOTAL,B1G,UA,2013,1283812.0
A,CP_MNAC,TOTAL,B1G,UA,2014,1382719.0
A,CP_MNAC,TOTAL,B1G,UA,2015,1689387.0
A,CP_MNAC,TOTAL,B1G,UA,2016,2023228.0
A,CP_MNAC,TOTAL,B1G,UA,2017,2516906.0
A,CP_MNAC,TOTAL,B1G,UA,2018,3017896.0
A,CP_MNAC,TOTAL,B1G,UA,2019,3421628.0
A,CP_MNAC,TOTAL,B1G,UA,2020,3626725.0
A,CP_MNAC,TOTAL,B1G,UA,2021,4684726.0
A,CP_MNAC,TOTAL,B1G,UA,2022,4626192.0
A,CP_MNAC,TOTAL,B1G,UA,2023,5822702.0
A,CP_MNAC,TOTAL,B1G,UA,2024,6645918.0
A,CP_MNAC,TOTAL,B1G,UK,1995,770850.0
A,CP_MNAC,TOTAL,B1G,UK,1996,823949.0
A,CP_MNAC,TOTAL,B1G,UK,1997,860240.0
A,CP_MNAC,TOTAL,B1G,UK,1998,898537.0
A,CP_MNAC,TOTAL,B1G,UK,1999,932689.0
A,CP_MNAC,TOTAL,B1G,UK,2000,982663.0
A,CP_MNAC,TOTAL,B1G,UK,2001,1023357.0
A,CP_MNAC,TOTAL,B1G,UK,2002,1068389.0
A,CP_MNAC,TOTAL,B1G,UK,2003,1130746.0
A,CP_MNAC,TOTAL,B1G,UK,2004,1184235.0
A,CP_MNAC,TOTAL,B1G,UK,2005,1254195.0
A,CP_MNAC,TOTAL,B1G,UK,2006,1324608.0
A,CP_MNAC,TOTAL,B1G,UK,2007,1391606.0
A,CP_MNAC,TOTAL,B1G,UK,2008,1437682.0
A,CP_MNAC,TOTAL,B1G,UK,2009,1409889.0
A,CP_MNAC,TOTAL,B1G,UK,2010,1446477.0
A,CP_MNAC,TOTAL,B1G,UK,2011,1481874.0
A,CP_MNAC,TOTAL,B1G,UK,2012,1529665.0
A,CP_MNAC,TOTAL,B1G,UK,2013,1588795.0
A,CP_MNAC,TOTAL,B1G,UK,2014,1661233.0
A,CP_MNAC,TOTAL,B1G,UK,2015,1712072.0
A,CP_MNAC,TOTAL,B1G,UK,2016,1777366.0
A,CP_MNAC,TOTAL,B1G,UK,2017,1844010.0
A,CP_MNAC,TOTAL,B1G,UK,2018,1910247.0
A,CP_MNAC,TOTAL,B1G,UK,2019,1980968.0
A,CP_MNAC,TOTAL,B1G,XK,2008,2945.6
A,CP_MNAC,TOTAL,B1G,XK,2009,2999.6
A,CP_MNAC,TOTAL,B1G,XK,2010,3319.8
A,CP_MNAC,TOTAL,B1G,XK,2011,3690.4
A,CP_MNAC,TOTAL,B1G,XK,2012,3910.9
A,CP_MNAC,TOTAL,B1G,XK,2013,4179.6
A,CP_MNAC,TOTAL,B1G,XK,2014,4359.1
A,CP_MNAC,TOTAL,B1G,XK,2015,4611.0
A,CP_MNAC,TOTAL,B1G,XK,2016,4847.2
A,CP_MNAC,TOTAL,B1G,XK,2017,5106.0
A,CP_MNAC,TOTAL,B1G,XK,2018,5379.8
A,CP_MNAC,TOTAL,B1G,XK,2019,5698.6
A,CP_MNAC,TOTAL,B1G,XK,2020,5590.5
A,CP_MNAC,TOTAL,B1G,XK,2021,6385.8
A,CP_MNAC,TOTAL,B1G,XK,2022,7145.0
A,CP_MNAC,TOTAL,B1G,XK,2023,7756.7
A,CP_MNAC,TOTAL,B1G,XK,2024,8158.0
A,CP_MNAC,TOTAL,B1G,XK,2025,8658.7
