freq,unit,geo,time,value
A,P_MHAB,AT11,2000,68.314
A,P_MHAB,AT11,2001,48.631
A,P_MHAB,AT11,2002,49.77
A,P_MHAB,AT11,2003,86.027
A,P_MHAB,AT11,2004,74.894
A,P_MHAB,AT11,2005,60.892
A,P_MHAB,AT11,2006,101.782
A,P_MHAB,AT11,2007,101.87
A,P_MHAB,AT11,2008,76.127
A,P_MHAB,AT11,2009,91.521
A,P_MHAB,AT11,2010,84.139
A,P_MHAB,AT11,2011,61.74
A,P_MHAB,AT11,2012,62.74
A,P_MHAB,AT111,2001,26.503
A,P_MHAB,AT111,2003,75.06
A,P_MHAB,AT111,2004,66.419
A,P_MHAB,AT111,2006,26.729
A,P_MHAB,AT111,2007,4.536
A,P_MHAB,AT111,2008,46.744
A,P_MHAB,AT111,2009,26.687
A,P_MHAB,AT111,2010,13.324
A,P_MHAB,AT111,2011,71.99
A,P_MHAB,AT111,2012,22.097
A,P_MHAB,AT112,2001,55.761
A,P_MHAB,AT112,2002,64.516
A,P_MHAB,AT112,2003,87.577
A,P_MHAB,AT112,2004,99.181
A,P_MHAB,AT112,2005,102.52
A,P_MHAB,AT112,2006,129.191
A,P_MHAB,AT112,2007,137.819
A,P_MHAB,AT112,2008,57.698
A,P_MHAB,AT112,2009,95.506
A,P_MHAB,AT112,2010,95.911
A,P_MHAB,AT112,2011,64.338
A,P_MHAB,AT112,2012,76.279
A,P_MHAB,AT113,2001,46.829
A,P_MHAB,AT113,2002,47.729
A,P_MHAB,AT113,2003,88.02
A,P_MHAB,AT113,2004,42.597
A,P_MHAB,AT113,2005,23.199
A,P_MHAB,AT113,2006,90.043
A,P_MHAB,AT113,2007,85.879
A,P_MHAB,AT113,2008,115.155
A,P_MHAB,AT113,2009,110.371
A,P_MHAB,AT113,2010,93.447
A,P_MHAB,AT113,2011,53.816
A,P_MHAB,AT113,2012,57.511
A,P_MHAB,AT12,2000,115.707
A,P_MHAB,AT12,2001,113.342
A,P_MHAB,AT12,2002,114.549
A,P_MHAB,AT12,2003,133.127
A,P_MHAB,AT12,2004,136.583
A,P_MHAB,AT12,2005,151.388
A,P_MHAB,AT12,2006,166.181
A,P_MHAB,AT12,2007,137.136
A,P_MHAB,AT12,2008,137.449
A,P_MHAB,AT12,2009,146.498
A,P_MHAB,AT12,2010,147.556
A,P_MHAB,AT12,2011,142.32
A,P_MHAB,AT12,2012,145.362
A,P_MHAB,AT121,2001,85.294
A,P_MHAB,AT121,2002,141.289
A,P_MHAB,AT121,2003,185.558
A,P_MHAB,AT121,2004,159.846
A,P_MHAB,AT121,2005,176.792
A,P_MHAB,AT121,2006,188.355
A,P_MHAB,AT121,2007,154.225
A,P_MHAB,AT121,2008,101.575
A,P_MHAB,AT121,2009,146.987
A,P_MHAB,AT121,2010,223.674
A,P_MHAB,AT121,2011,215.314
A,P_MHAB,AT121,2012,271.268
A,P_MHAB,AT122,2001,59.265
A,P_MHAB,AT122,2002,65.402
A,P_MHAB,AT122,2003,117.761
A,P_MHAB,AT122,2004,102.756
A,P_MHAB,AT122,2005,138.188
A,P_MHAB,AT122,2006,122.855
A,P_MHAB,AT122,2007,103.169
A,P_MHAB,AT122,2008,88.531
A,P_MHAB,AT122,2009,132.609
A,P_MHAB,AT122,2010,133.405
A,P_MHAB,AT122,2011,110.302
A,P_MHAB,AT122,2012,111.58
A,P_MHAB,AT123,2001,113.509
A,P_MHAB,AT123,2002,138.048
A,P_MHAB,AT123,2003,118.217
A,P_MHAB,AT123,2004,156.519
A,P_MHAB,AT123,2005,140.584
A,P_MHAB,AT123,2006,150.212
A,P_MHAB,AT123,2007,97.596
A,P_MHAB,AT123,2008,186.88
A,P_MHAB,AT123,2009,181.491
A,P_MHAB,AT123,2010,126.486
A,P_MHAB,AT123,2011,125.806
A,P_MHAB,AT123,2012,65.517
A,P_MHAB,AT124,2001,80.019
A,P_MHAB,AT124,2002,65.045
A,P_MHAB,AT124,2003,65.779
A,P_MHAB,AT124,2004,79.106
A,P_MHAB,AT124,2005,144.455
A,P_MHAB,AT124,2006,96.814
A,P_MHAB,AT124,2007,72.365
A,P_MHAB,AT124,2008,118.601
A,P_MHAB,AT124,2009,116.809
A,P_MHAB,AT124,2010,87.889
A,P_MHAB,AT124,2011,64.612
A,P_MHAB,AT124,2012,91.769
A,P_MHAB,AT125,2001,70.669
A,P_MHAB,AT125,2002,39.896
A,P_MHAB,AT125,2003,29.53
A,P_MHAB,AT125,2004,73.155
A,P_MHAB,AT125,2005,53.985
A,P_MHAB,AT125,2006,123.284
A,P_MHAB,AT125,2007,127.576
A,P_MHAB,AT125,2008,46.291
A,P_MHAB,AT125,2009,56.329
A,P_MHAB,AT125,2010,30.709
A,P_MHAB,AT125,2011,61.609
A,P_MHAB,AT125,2012,59.575
A,P_MHAB,AT126,2001,152.251
A,P_MHAB,AT126,2002,127.578
A,P_MHAB,AT126,2003,163.188
A,P_MHAB,AT126,2004,145.789
A,P_MHAB,AT126,2005,175.989
A,P_MHAB,AT126,2006,198.402
A,P_MHAB,AT126,2007,171.106
A,P_MHAB,AT126,2008,203.743
A,P_MHAB,AT126,2009,135.411
A,P_MHAB,AT126,2010,135.833
A,P_MHAB,AT126,2011,137.718
A,P_MHAB,AT126,2012,173.653
A,P_MHAB,AT127,2001,188.356
A,P_MHAB,AT127,2002,179.294
A,P_MHAB,AT127,2003,176.48
A,P_MHAB,AT127,2004,196.765
A,P_MHAB,AT127,2005,168.807
A,P_MHAB,AT127,2006,228.873
A,P_MHAB,AT127,2007,188.061
A,P_MHAB,AT127,2008,167.376
A,P_MHAB,AT127,2009,207.737
A,P_MHAB,AT127,2010,209.025
A,P_MHAB,AT127,2011,209.471
A,P_MHAB,AT127,2012,156.88
A,P_MHAB,AT13,2000,119.061
A,P_MHAB,AT13,2001,148.022
A,P_MHAB,AT13,2002,172.825
A,P_MHAB,AT13,2003,196.422
A,P_MHAB,AT13,2004,193.044
A,P_MHAB,AT13,2005,189.646
A,P_MHAB,AT13,2006,241.309
A,P_MHAB,AT13,2007,224.476
A,P_MHAB,AT13,2008,161.445
A,P_MHAB,AT13,2009,140.233
A,P_MHAB,AT13,2010,136.012
A,P_MHAB,AT13,2011,154.405
A,P_MHAB,AT13,2012,129.86
A,P_MHAB,AT130,2000,119.061
A,P_MHAB,AT130,2001,148.022
A,P_MHAB,AT130,2002,172.825
A,P_MHAB,AT130,2003,196.422
A,P_MHAB,AT130,2004,193.044
A,P_MHAB,AT130,2005,189.646
A,P_MHAB,AT130,2006,241.309
A,P_MHAB,AT130,2007,224.476
A,P_MHAB,AT130,2008,161.445
A,P_MHAB,AT130,2009,140.233
A,P_MHAB,AT130,2010,136.012
A,P_MHAB,AT130,2011,154.405
A,P_MHAB,AT130,2012,129.86
A,P_MHAB,AT21,2000,102.836
A,P_MHAB,AT21,2001,82.599
A,P_MHAB,AT21,2002,148.482
A,P_MHAB,AT21,2003,103.63
A,P_MHAB,AT21,2004,94.978
A,P_MHAB,AT21,2005,133.596
A,P_MHAB,AT21,2006,111.662
A,P_MHAB,AT21,2007,113.927
A,P_MHAB,AT21,2008,119.632
A,P_MHAB,AT21,2009,183.605
A,P_MHAB,AT21,2010,81.326
A,P_MHAB,AT21,2011,123.276
A,P_MHAB,AT21,2012,102.405
A,P_MHAB,AT211,2001,114.29
A,P_MHAB,AT211,2002,214.642
A,P_MHAB,AT211,2003,138.655
A,P_MHAB,AT211,2004,119.224
A,P_MHAB,AT211,2005,230.305
A,P_MHAB,AT211,2006,127.284
A,P_MHAB,AT211,2007,142.576
A,P_MHAB,AT211,2008,122.351
A,P_MHAB,AT211,2009,266.848
A,P_MHAB,AT211,2010,116.791
A,P_MHAB,AT211,2011,140.179
A,P_MHAB,AT211,2012,141.668
A,P_MHAB,AT212,2001,64.581
A,P_MHAB,AT212,2002,108.238
A,P_MHAB,AT212,2003,94.699
A,P_MHAB,AT212,2004,62.864
A,P_MHAB,AT212,2005,60.299
A,P_MHAB,AT212,2006,126.26
A,P_MHAB,AT212,2007,113.137
A,P_MHAB,AT212,2008,110.852
A,P_MHAB,AT212,2009,80.005
A,P_MHAB,AT212,2010,50.628
A,P_MHAB,AT212,2011,117.51
A,P_MHAB,AT212,2012,71.453
A,P_MHAB,AT213,2001,43.98
A,P_MHAB,AT213,2002,69.454
A,P_MHAB,AT213,2003,51.241
A,P_MHAB,AT213,2004,80.048
A,P_MHAB,AT213,2005,27.587
A,P_MHAB,AT213,2006,72.347
A,P_MHAB,AT213,2007,64.432
A,P_MHAB,AT213,2008,122.15
A,P_MHAB,AT213,2009,121.909
A,P_MHAB,AT213,2010,43.404
A,P_MHAB,AT213,2011,97.606
A,P_MHAB,AT213,2012,56.842
A,P_MHAB,AT22,2000,146.915
A,P_MHAB,AT22,2001,145.521
A,P_MHAB,AT22,2002,160.363
A,P_MHAB,AT22,2003,182.971
A,P_MHAB,AT22,2004,168.139
A,P_MHAB,AT22,2005,162.962
A,P_MHAB,AT22,2006,211.0
A,P_MHAB,AT22,2007,182.098
A,P_MHAB,AT22,2008,202.966
A,P_MHAB,AT22,2009,230.222
A,P_MHAB,AT22,2010,226.913
A,P_MHAB,AT22,2011,222.756
A,P_MHAB,AT22,2012,216.034
A,P_MHAB,AT221,2001,264.984
A,P_MHAB,AT221,2002,313.234
A,P_MHAB,AT221,2003,350.287
A,P_MHAB,AT221,2004,317.381
A,P_MHAB,AT221,2005,289.579
A,P_MHAB,AT221,2006,378.815
A,P_MHAB,AT221,2007,314.914
A,P_MHAB,AT221,2008,355.131
A,P_MHAB,AT221,2009,401.92
A,P_MHAB,AT221,2010,401.945
A,P_MHAB,AT221,2011,393.84
A,P_MHAB,AT221,2012,356.053
A,P_MHAB,AT222,2001,22.283
A,P_MHAB,AT222,2004,36.952
A,P_MHAB,AT222,2005,43.122
A,P_MHAB,AT222,2006,40.103
A,P_MHAB,AT222,2007,4.076
A,P_MHAB,AT222,2008,3.476
A,P_MHAB,AT222,2009,37.448
A,P_MHAB,AT222,2010,32.263
A,P_MHAB,AT222,2011,87.038
A,P_MHAB,AT222,2012,62.045
A,P_MHAB,AT223,2001,107.851
A,P_MHAB,AT223,2002,84.744
A,P_MHAB,AT223,2003,156.38
A,P_MHAB,AT223,2004,153.612
A,P_MHAB,AT223,2005,165.028
A,P_MHAB,AT223,2006,132.135
A,P_MHAB,AT223,2007,153.721
A,P_MHAB,AT223,2008,185.707
A,P_MHAB,AT223,2009,205.606
A,P_MHAB,AT223,2010,157.291
A,P_MHAB,AT223,2011,203.619
A,P_MHAB,AT223,2012,175.779
A,P_MHAB,AT224,2001,58.245
A,P_MHAB,AT224,2002,80.559
A,P_MHAB,AT224,2003,72.243
A,P_MHAB,AT224,2004,64.091
A,P_MHAB,AT224,2005,60.615
A,P_MHAB,AT224,2006,77.8
A,P_MHAB,AT224,2007,93.471
A,P_MHAB,AT224,2008,110.237
A,P_MHAB,AT224,2009,127.96
A,P_MHAB,AT224,2010,103.388
A,P_MHAB,AT224,2011,109.695
A,P_MHAB,AT224,2012,133.427
A,P_MHAB,AT225,2001,123.727
A,P_MHAB,AT225,2002,114.609
A,P_MHAB,AT225,2003,137.335
A,P_MHAB,AT225,2004,119.383
A,P_MHAB,AT225,2005,135.642
A,P_MHAB,AT225,2006,213.232
A,P_MHAB,AT225,2007,154.15
A,P_MHAB,AT225,2008,168.608
A,P_MHAB,AT225,2009,187.921
A,P_MHAB,AT225,2010,205.701
A,P_MHAB,AT225,2011,162.657
A,P_MHAB,AT225,2012,150.879
A,P_MHAB,AT226,2001,161.258
A,P_MHAB,AT226,2002,166.579
A,P_MHAB,AT226,2003,147.922
A,P_MHAB,AT226,2004,120.059
A,P_MHAB,AT226,2005,109.395
A,P_MHAB,AT226,2006,197.16
A,P_MHAB,AT226,2007,153.882
A,P_MHAB,AT226,2008,117.808
A,P_MHAB,AT226,2009,110.74
A,P_MHAB,AT226,2010,176.105
A,P_MHAB,AT226,2011,96.058
A,P_MHAB,AT226,2012,181.657
A,P_MHAB,AT31,2000,183.747
A,P_MHAB,AT31,2001,184.388
A,P_MHAB,AT31,2002,192.851
A,P_MHAB,AT31,2003,183.468
A,P_MHAB,AT31,2004,212.91
A,P_MHAB,AT31,2005,216.788
A,P_MHAB,AT31,2006,242.286
A,P_MHAB,AT31,2007,245.059
A,P_MHAB,AT31,2008,237.06
A,P_MHAB,AT31,2009,278.585
A,P_MHAB,AT31,2010,296.987
A,P_MHAB,AT31,2011,287.983
A,P_MHAB,AT31,2012,252.563
A,P_MHAB,AT311,2001,160.752
A,P_MHAB,AT311,2002,94.633
A,P_MHAB,AT311,2003,157.979
A,P_MHAB,AT311,2004,182.361
A,P_MHAB,AT311,2005,188.426
A,P_MHAB,AT311,2006,243.116
A,P_MHAB,AT311,2007,208.924
A,P_MHAB,AT311,2008,168.496
A,P_MHAB,AT311,2009,280.169
A,P_MHAB,AT311,2010,276.175
A,P_MHAB,AT311,2011,257.703
A,P_MHAB,AT311,2012,218.946
A,P_MHAB,AT312,2001,264.647
A,P_MHAB,AT312,2002,254.032
A,P_MHAB,AT312,2003,215.624
A,P_MHAB,AT312,2004,228.632
A,P_MHAB,AT312,2005,248.524
A,P_MHAB,AT312,2006,244.252
A,P_MHAB,AT312,2007,252.844
A,P_MHAB,AT312,2008,286.02
A,P_MHAB,AT312,2009,336.731
A,P_MHAB,AT312,2010,360.983
A,P_MHAB,AT312,2011,360.686
A,P_MHAB,AT312,2012,328.141
A,P_MHAB,AT313,2001,73.412
A,P_MHAB,AT313,2002,93.003
A,P_MHAB,AT313,2003,109.932
A,P_MHAB,AT313,2004,118.615
A,P_MHAB,AT313,2005,124.96
A,P_MHAB,AT313,2006,158.729
A,P_MHAB,AT313,2007,162.97
A,P_MHAB,AT313,2008,155.91
A,P_MHAB,AT313,2009,119.914
A,P_MHAB,AT313,2010,179.692
A,P_MHAB,AT313,2011,168.764
A,P_MHAB,AT313,2012,152.51
A,P_MHAB,AT314,2001,174.646
A,P_MHAB,AT314,2002,225.753
A,P_MHAB,AT314,2003,186.788
A,P_MHAB,AT314,2004,233.893
A,P_MHAB,AT314,2005,211.145
A,P_MHAB,AT314,2006,201.114
A,P_MHAB,AT314,2007,295.313
A,P_MHAB,AT314,2008,228.73
A,P_MHAB,AT314,2009,220.248
A,P_MHAB,AT314,2010,245.064
A,P_MHAB,AT314,2011,256.017
A,P_MHAB,AT314,2012,242.591
A,P_MHAB,AT315,2001,132.227
A,P_MHAB,AT315,2002,236.217
A,P_MHAB,AT315,2003,202.577
A,P_MHAB,AT315,2004,282.841
A,P_MHAB,AT315,2005,261.91
A,P_MHAB,AT315,2006,338.574
A,P_MHAB,AT315,2007,309.356
A,P_MHAB,AT315,2008,280.693
A,P_MHAB,AT315,2009,318.288
A,P_MHAB,AT315,2010,307.955
A,P_MHAB,AT315,2011,277.494
A,P_MHAB,AT315,2012,206.758
A,P_MHAB,AT32,2000,150.257
A,P_MHAB,AT32,2001,135.923
A,P_MHAB,AT32,2002,128.189
A,P_MHAB,AT32,2003,158.021
A,P_MHAB,AT32,2004,155.689
A,P_MHAB,AT32,2005,163.831
A,P_MHAB,AT32,2006,196.239
A,P_MHAB,AT32,2007,230.397
A,P_MHAB,AT32,2008,189.013
A,P_MHAB,AT32,2009,192.482
A,P_MHAB,AT32,2010,175.783
A,P_MHAB,AT32,2011,194.19
A,P_MHAB,AT32,2012,142.759
A,P_MHAB,AT321,2001,132.453
A,P_MHAB,AT321,2002,193.778
A,P_MHAB,AT321,2003,15.583
A,P_MHAB,AT321,2004,94.536
A,P_MHAB,AT321,2005,47.217
A,P_MHAB,AT321,2006,91.09
A,P_MHAB,AT321,2008,15.702
A,P_MHAB,AT321,2009,15.798
A,P_MHAB,AT321,2010,33.462
A,P_MHAB,AT321,2011,228.069
A,P_MHAB,AT322,2001,41.213
A,P_MHAB,AT322,2002,69.36
A,P_MHAB,AT322,2003,48.04
A,P_MHAB,AT322,2004,91.114
A,P_MHAB,AT322,2005,75.227
A,P_MHAB,AT322,2006,151.098
A,P_MHAB,AT322,2007,141.812
A,P_MHAB,AT322,2008,146.08
A,P_MHAB,AT322,2009,104.942
A,P_MHAB,AT322,2010,138.987
A,P_MHAB,AT322,2011,68.354
A,P_MHAB,AT322,2012,85.864
A,P_MHAB,AT323,2001,182.365
A,P_MHAB,AT323,2002,152.534
A,P_MHAB,AT323,2003,220.356
A,P_MHAB,AT323,2004,190.775
A,P_MHAB,AT323,2005,213.773
A,P_MHAB,AT323,2006,224.417
A,P_MHAB,AT323,2007,286.788
A,P_MHAB,AT323,2008,220.056
A,P_MHAB,AT323,2009,244.627
A,P_MHAB,AT323,2010,201.795
A,P_MHAB,AT323,2011,251.43
A,P_MHAB,AT323,2012,178.08
A,P_MHAB,AT33,2000,126.704
A,P_MHAB,AT33,2001,163.427
A,P_MHAB,AT33,2002,148.986
A,P_MHAB,AT33,2003,153.269
A,P_MHAB,AT33,2004,157.276
A,P_MHAB,AT33,2005,169.199
A,P_MHAB,AT33,2006,175.988
A,P_MHAB,AT33,2007,206.424
A,P_MHAB,AT33,2008,219.1
A,P_MHAB,AT33,2009,200.583
A,P_MHAB,AT33,2010,208.909
A,P_MHAB,AT33,2011,205.211
A,P_MHAB,AT33,2012,185.783
A,P_MHAB,AT331,2001,341.357
A,P_MHAB,AT331,2002,490.848
A,P_MHAB,AT331,2003,342.382
A,P_MHAB,AT331,2004,336.097
A,P_MHAB,AT331,2005,464.853
A,P_MHAB,AT331,2006,185.418
A,P_MHAB,AT331,2007,279.439
A,P_MHAB,AT331,2008,62.82
A,P_MHAB,AT331,2009,352.949
A,P_MHAB,AT331,2010,298.333
A,P_MHAB,AT331,2011,432.499
A,P_MHAB,AT331,2012,337.082
A,P_MHAB,AT332,2001,199.865
A,P_MHAB,AT332,2002,136.945
A,P_MHAB,AT332,2003,144.427
A,P_MHAB,AT332,2004,128.378
A,P_MHAB,AT332,2005,173.884
A,P_MHAB,AT332,2006,181.234
A,P_MHAB,AT332,2007,216.946
A,P_MHAB,AT332,2008,284.749
A,P_MHAB,AT332,2009,172.263
A,P_MHAB,AT332,2010,243.677
A,P_MHAB,AT332,2011,233.24
A,P_MHAB,AT332,2012,207.58
A,P_MHAB,AT333,2001,59.52
A,P_MHAB,AT333,2002,39.71
A,P_MHAB,AT333,2003,81.272
A,P_MHAB,AT333,2004,152.792
A,P_MHAB,AT333,2005,202.082
A,P_MHAB,AT333,2006,69.403
A,P_MHAB,AT333,2007,194.777
A,P_MHAB,AT333,2008,268.478
A,P_MHAB,AT333,2009,254.005
A,P_MHAB,AT333,2010,77.524
A,P_MHAB,AT333,2011,117.89
A,P_MHAB,AT333,2012,233.129
A,P_MHAB,AT334,2001,43.823
A,P_MHAB,AT334,2002,42.148
A,P_MHAB,AT334,2003,46.854
A,P_MHAB,AT334,2004,37.986
A,P_MHAB,AT334,2005,47.164
A,P_MHAB,AT334,2006,57.579
A,P_MHAB,AT334,2007,37.734
A,P_MHAB,AT334,2008,51.801
A,P_MHAB,AT334,2009,75.425
A,P_MHAB,AT334,2010,61.213
A,P_MHAB,AT334,2011,92.986
A,P_MHAB,AT334,2012,65.268
A,P_MHAB,AT335,2001,169.503
A,P_MHAB,AT335,2002,185.214
A,P_MHAB,AT335,2003,198.37
A,P_MHAB,AT335,2004,218.447
A,P_MHAB,AT335,2005,168.151
A,P_MHAB,AT335,2006,241.521
A,P_MHAB,AT335,2007,257.705
A,P_MHAB,AT335,2008,223.06
A,P_MHAB,AT335,2009,255.235
A,P_MHAB,AT335,2010,245.394
A,P_MHAB,AT335,2011,207.264
A,P_MHAB,AT335,2012,181.02
A,P_MHAB,AT34,2000,423.29
A,P_MHAB,AT34,2001,377.946
A,P_MHAB,AT34,2002,321.606
A,P_MHAB,AT34,2003,351.884
A,P_MHAB,AT34,2004,444.901
A,P_MHAB,AT34,2005,517.506
A,P_MHAB,AT34,2006,475.057
A,P_MHAB,AT34,2007,539.052
A,P_MHAB,AT34,2008,557.473
A,P_MHAB,AT34,2009,476.358
A,P_MHAB,AT34,2010,721.293
A,P_MHAB,AT34,2011,716.437
A,P_MHAB,AT34,2012,590.064
A,P_MHAB,AT341,2001,368.975
A,P_MHAB,AT341,2002,224.66
A,P_MHAB,AT341,2003,149.937
A,P_MHAB,AT341,2004,310.6
A,P_MHAB,AT341,2005,363.324
A,P_MHAB,AT341,2006,284.24
A,P_MHAB,AT341,2007,313.204
A,P_MHAB,AT341,2008,379.935
A,P_MHAB,AT341,2009,318.231
A,P_MHAB,AT341,2010,417.502
A,P_MHAB,AT341,2011,340.26
A,P_MHAB,AT341,2012,404.949
A,P_MHAB,AT342,2001,380.929
A,P_MHAB,AT342,2002,353.402
A,P_MHAB,AT342,2003,417.947
A,P_MHAB,AT342,2004,488.675
A,P_MHAB,AT342,2005,567.683
A,P_MHAB,AT342,2006,536.903
A,P_MHAB,AT342,2007,611.778
A,P_MHAB,AT342,2008,614.037
A,P_MHAB,AT342,2009,526.507
A,P_MHAB,AT342,2010,816.951
A,P_MHAB,AT342,2011,833.896
A,P_MHAB,AT342,2012,647.488
A,P_MHAB,BE10,2000,128.341
A,P_MHAB,BE10,2001,134.643
A,P_MHAB,BE10,2002,100.605
A,P_MHAB,BE10,2003,98.04
A,P_MHAB,BE10,2004,135.684
A,P_MHAB,BE10,2005,94.741
A,P_MHAB,BE10,2006,117.874
A,P_MHAB,BE10,2007,124.513
A,P_MHAB,BE10,2008,125.151
A,P_MHAB,BE10,2009,133.754
A,P_MHAB,BE10,2010,114.415
A,P_MHAB,BE10,2011,112.52
A,P_MHAB,BE10,2012,94.778
A,P_MHAB,BE100,2000,128.341
A,P_MHAB,BE100,2001,134.643
A,P_MHAB,BE100,2002,100.605
A,P_MHAB,BE100,2003,98.04
A,P_MHAB,BE100,2004,135.684
A,P_MHAB,BE100,2005,94.741
A,P_MHAB,BE100,2006,117.874
A,P_MHAB,BE100,2007,124.513
A,P_MHAB,BE100,2008,125.151
A,P_MHAB,BE100,2009,133.754
A,P_MHAB,BE100,2010,114.415
A,P_MHAB,BE100,2011,112.52
A,P_MHAB,BE100,2012,94.778
A,P_MHAB,BE21,2000,155.739
A,P_MHAB,BE21,2001,151.697
A,P_MHAB,BE21,2002,195.709
A,P_MHAB,BE21,2003,163.257
A,P_MHAB,BE21,2004,199.25
A,P_MHAB,BE21,2005,201.228
A,P_MHAB,BE21,2006,204.182
A,P_MHAB,BE21,2007,182.38
A,P_MHAB,BE21,2008,152.462
A,P_MHAB,BE21,2009,158.222
A,P_MHAB,BE21,2010,133.799
A,P_MHAB,BE21,2011,134.018
A,P_MHAB,BE21,2012,146.899
A,P_MHAB,BE211,2000,185.709
A,P_MHAB,BE211,2001,180.653
A,P_MHAB,BE211,2002,232.493
A,P_MHAB,BE211,2003,165.89
A,P_MHAB,BE211,2004,205.583
A,P_MHAB,BE211,2005,235.104
A,P_MHAB,BE211,2006,201.387
A,P_MHAB,BE211,2007,178.675
A,P_MHAB,BE211,2008,153.11
A,P_MHAB,BE211,2009,161.127
A,P_MHAB,BE211,2010,128.322
A,P_MHAB,BE211,2011,139.99
A,P_MHAB,BE211,2012,180.082
A,P_MHAB,BE212,2000,96.411
A,P_MHAB,BE212,2001,89.65
A,P_MHAB,BE212,2002,119.213
A,P_MHAB,BE212,2003,114.169
A,P_MHAB,BE212,2004,156.939
A,P_MHAB,BE212,2005,116.864
A,P_MHAB,BE212,2006,183.011
A,P_MHAB,BE212,2007,191.953
A,P_MHAB,BE212,2008,157.157
A,P_MHAB,BE212,2009,162.964
A,P_MHAB,BE212,2010,111.19
A,P_MHAB,BE212,2011,117.709
A,P_MHAB,BE212,2012,92.996
A,P_MHAB,BE213,2000,131.635
A,P_MHAB,BE213,2001,132.141
A,P_MHAB,BE213,2002,169.15
A,P_MHAB,BE213,2003,194.039
A,P_MHAB,BE213,2004,216.484
A,P_MHAB,BE213,2005,187.142
A,P_MHAB,BE213,2006,226.398
A,P_MHAB,BE213,2007,183.618
A,P_MHAB,BE213,2008,147.481
A,P_MHAB,BE213,2009,148.11
A,P_MHAB,BE213,2010,163.044
A,P_MHAB,BE213,2011,132.535
A,P_MHAB,BE213,2012,110.974
A,P_MHAB,BE22,2000,77.543
A,P_MHAB,BE22,2001,83.746
A,P_MHAB,BE22,2002,74.632
A,P_MHAB,BE22,2003,122.75
A,P_MHAB,BE22,2004,77.154
A,P_MHAB,BE22,2005,103.193
A,P_MHAB,BE22,2006,112.698
A,P_MHAB,BE22,2007,141.221
A,P_MHAB,BE22,2008,108.372
A,P_MHAB,BE22,2009,106.39
A,P_MHAB,BE22,2010,126.177
A,P_MHAB,BE22,2011,119.785
A,P_MHAB,BE22,2012,70.653
A,P_MHAB,BE221,2000,81.858
A,P_MHAB,BE221,2001,105.331
A,P_MHAB,BE221,2002,70.13
A,P_MHAB,BE221,2003,110.408
A,P_MHAB,BE221,2004,61.351
A,P_MHAB,BE221,2005,103.529
A,P_MHAB,BE221,2006,93.967
A,P_MHAB,BE221,2007,146.035
A,P_MHAB,BE221,2008,107.634
A,P_MHAB,BE221,2009,97.006
A,P_MHAB,BE221,2010,134.51
A,P_MHAB,BE221,2011,149.695
A,P_MHAB,BE221,2012,79.209
A,P_MHAB,BE222,2000,80.601
A,P_MHAB,BE222,2001,77.101
A,P_MHAB,BE222,2002,113.097
A,P_MHAB,BE222,2003,174.242
A,P_MHAB,BE222,2004,110.003
A,P_MHAB,BE222,2005,142.329
A,P_MHAB,BE222,2006,142.01
A,P_MHAB,BE222,2007,180.85
A,P_MHAB,BE222,2008,132.975
A,P_MHAB,BE222,2009,146.719
A,P_MHAB,BE222,2010,169.635
A,P_MHAB,BE222,2011,121.032
A,P_MHAB,BE222,2012,81.71
A,P_MHAB,BE223,2000,65.289
A,P_MHAB,BE223,2001,47.777
A,P_MHAB,BE223,2002,39.063
A,P_MHAB,BE223,2003,87.836
A,P_MHAB,BE223,2004,70.955
A,P_MHAB,BE223,2005,56.617
A,P_MHAB,BE223,2006,116.618
A,P_MHAB,BE223,2007,84.765
A,P_MHAB,BE223,2008,80.991
A,P_MHAB,BE223,2009,78.302
A,P_MHAB,BE223,2010,57.7
A,P_MHAB,BE223,2011,56.325
A,P_MHAB,BE223,2012,39.878
A,P_MHAB,BE23,2000,114.246
A,P_MHAB,BE23,2001,96.475
A,P_MHAB,BE23,2002,137.577
A,P_MHAB,BE23,2003,133.775
A,P_MHAB,BE23,2004,158.278
A,P_MHAB,BE23,2005,156.731
A,P_MHAB,BE23,2006,142.538
A,P_MHAB,BE23,2007,162.539
A,P_MHAB,BE23,2008,154.173
A,P_MHAB,BE23,2009,131.609
A,P_MHAB,BE23,2010,160.396
A,P_MHAB,BE23,2011,154.431
A,P_MHAB,BE23,2012,128.601
A,P_MHAB,BE231,2000,29.28
A,P_MHAB,BE231,2001,57.064
A,P_MHAB,BE231,2002,79.445
A,P_MHAB,BE231,2003,73.093
A,P_MHAB,BE231,2004,68.037
A,P_MHAB,BE231,2005,83.436
A,P_MHAB,BE231,2006,68.018
A,P_MHAB,BE231,2007,79.469
A,P_MHAB,BE231,2008,85.792
A,P_MHAB,BE231,2009,63.949
A,P_MHAB,BE231,2010,91.503
A,P_MHAB,BE231,2011,76.433
A,P_MHAB,BE231,2012,69.631
A,P_MHAB,BE232,2000,95.933
A,P_MHAB,BE232,2001,50.388
A,P_MHAB,BE232,2002,132.843
A,P_MHAB,BE232,2003,105.192
A,P_MHAB,BE232,2004,84.931
A,P_MHAB,BE232,2005,136.328
A,P_MHAB,BE232,2006,121.875
A,P_MHAB,BE232,2007,118.7
A,P_MHAB,BE232,2008,175.582
A,P_MHAB,BE232,2009,77.483
A,P_MHAB,BE232,2010,163.151
A,P_MHAB,BE232,2011,129.124
A,P_MHAB,BE232,2012,89.464
A,P_MHAB,BE233,2000,42.398
A,P_MHAB,BE233,2001,48.094
A,P_MHAB,BE233,2002,60.486
A,P_MHAB,BE233,2003,81.765
A,P_MHAB,BE233,2004,165.735
A,P_MHAB,BE233,2005,72.172
A,P_MHAB,BE233,2006,60.178
A,P_MHAB,BE233,2007,101.928
A,P_MHAB,BE233,2008,169.173
A,P_MHAB,BE233,2009,37.214
A,P_MHAB,BE233,2010,84.105
A,P_MHAB,BE233,2011,88.59
A,P_MHAB,BE233,2012,92.203
A,P_MHAB,BE234,2000,169.248
A,P_MHAB,BE234,2001,163.187
A,P_MHAB,BE234,2002,200.028
A,P_MHAB,BE234,2003,190.038
A,P_MHAB,BE234,2004,219.367
A,P_MHAB,BE234,2005,237.182
A,P_MHAB,BE234,2006,229.393
A,P_MHAB,BE234,2007,239.204
A,P_MHAB,BE234,2008,199.164
A,P_MHAB,BE234,2009,228.154
A,P_MHAB,BE234,2010,228.28
A,P_MHAB,BE234,2011,257.326
A,P_MHAB,BE234,2012,203.754
A,P_MHAB,BE235,2000,147.798
A,P_MHAB,BE235,2001,100.708
A,P_MHAB,BE235,2002,108.36
A,P_MHAB,BE235,2003,97.724
A,P_MHAB,BE235,2004,199.04
A,P_MHAB,BE235,2005,98.805
A,P_MHAB,BE235,2006,89.407
A,P_MHAB,BE235,2007,173.917
A,P_MHAB,BE235,2008,153.089
A,P_MHAB,BE235,2009,90.65
A,P_MHAB,BE235,2010,164.757
A,P_MHAB,BE235,2011,123.281
A,P_MHAB,BE235,2012,73.881
A,P_MHAB,BE236,2000,115.718
A,P_MHAB,BE236,2001,48.138
A,P_MHAB,BE236,2002,112.908
A,P_MHAB,BE236,2003,139.709
A,P_MHAB,BE236,2004,164.895
A,P_MHAB,BE236,2005,139.0
A,P_MHAB,BE236,2006,108.823
A,P_MHAB,BE236,2007,139.971
A,P_MHAB,BE236,2008,111.42
A,P_MHAB,BE236,2009,92.911
A,P_MHAB,BE236,2010,110.841
A,P_MHAB,BE236,2011,74.108
A,P_MHAB,BE236,2012,101.366
A,P_MHAB,BE24,2000,192.706
A,P_MHAB,BE24,2001,181.362
A,P_MHAB,BE24,2002,189.232
A,P_MHAB,BE24,2003,215.579
A,P_MHAB,BE24,2004,211.182
A,P_MHAB,BE24,2005,231.608
A,P_MHAB,BE24,2006,219.962
A,P_MHAB,BE24,2007,272.417
A,P_MHAB,BE24,2008,228.912
A,P_MHAB,BE24,2009,236.968
A,P_MHAB,BE24,2010,252.645
A,P_MHAB,BE24,2011,265.429
A,P_MHAB,BE24,2012,232.927
A,P_MHAB,BE241,2000,157.519
A,P_MHAB,BE241,2001,159.532
A,P_MHAB,BE241,2002,134.778
A,P_MHAB,BE241,2003,169.542
A,P_MHAB,BE241,2004,149.211
A,P_MHAB,BE241,2005,162.11
A,P_MHAB,BE241,2006,142.758
A,P_MHAB,BE241,2007,194.846
A,P_MHAB,BE241,2008,147.566
A,P_MHAB,BE241,2009,126.065
A,P_MHAB,BE241,2010,151.722
A,P_MHAB,BE241,2011,137.903
A,P_MHAB,BE241,2012,118.903
A,P_MHAB,BE242,2000,235.737
A,P_MHAB,BE242,2001,208.067
A,P_MHAB,BE242,2002,256.001
A,P_MHAB,BE242,2003,271.923
A,P_MHAB,BE242,2004,287.316
A,P_MHAB,BE242,2005,317.187
A,P_MHAB,BE242,2006,314.98
A,P_MHAB,BE242,2007,367.792
A,P_MHAB,BE242,2008,328.825
A,P_MHAB,BE242,2009,372.989
A,P_MHAB,BE242,2010,376.508
A,P_MHAB,BE242,2011,422.204
A,P_MHAB,BE242,2012,373.314
A,P_MHAB,BE25,2000,94.146
A,P_MHAB,BE25,2001,95.66
A,P_MHAB,BE25,2002,107.43
A,P_MHAB,BE25,2003,99.133
A,P_MHAB,BE25,2004,130.067
A,P_MHAB,BE25,2005,114.484
A,P_MHAB,BE25,2006,114.103
A,P_MHAB,BE25,2007,102.044
A,P_MHAB,BE25,2008,129.841
A,P_MHAB,BE25,2009,128.279
A,P_MHAB,BE25,2010,129.105
A,P_MHAB,BE25,2011,113.955
A,P_MHAB,BE25,2012,93.831
A,P_MHAB,BE251,2000,80.113
A,P_MHAB,BE251,2001,80.129
A,P_MHAB,BE251,2002,95.143
A,P_MHAB,BE251,2003,70.619
A,P_MHAB,BE251,2004,105.793
A,P_MHAB,BE251,2005,64.324
A,P_MHAB,BE251,2006,88.473
A,P_MHAB,BE251,2007,50.333
A,P_MHAB,BE251,2008,103.266
A,P_MHAB,BE251,2009,77.58
A,P_MHAB,BE251,2010,90.296
A,P_MHAB,BE251,2011,106.014
A,P_MHAB,BE251,2012,81.419
A,P_MHAB,BE252,2000,38.131
A,P_MHAB,BE252,2001,38.06
A,P_MHAB,BE252,2002,50.379
A,P_MHAB,BE252,2003,71.195
A,P_MHAB,BE252,2004,43.027
A,P_MHAB,BE252,2005,24.244
A,P_MHAB,BE252,2006,118.907
A,P_MHAB,BE252,2007,77.208
A,P_MHAB,BE252,2008,107.729
A,P_MHAB,BE252,2009,36.878
A,P_MHAB,BE252,2010,112.33
A,P_MHAB,BE252,2011,119.531
A,P_MHAB,BE252,2012,49.668
A,P_MHAB,BE253,2000,74.129
A,P_MHAB,BE253,2001,88.669
A,P_MHAB,BE253,2002,124.03
A,P_MHAB,BE253,2003,143.998
A,P_MHAB,BE253,2004,106.892
A,P_MHAB,BE253,2005,141.169
A,P_MHAB,BE253,2006,133.964
A,P_MHAB,BE253,2007,116.128
A,P_MHAB,BE253,2008,159.115
A,P_MHAB,BE253,2009,115.631
A,P_MHAB,BE253,2010,94.493
A,P_MHAB,BE253,2011,119.118
A,P_MHAB,BE253,2012,82.195
A,P_MHAB,BE254,2000,144.119
A,P_MHAB,BE254,2001,141.476
A,P_MHAB,BE254,2002,167.079
A,P_MHAB,BE254,2003,115.561
A,P_MHAB,BE254,2004,185.944
A,P_MHAB,BE254,2005,168.08
A,P_MHAB,BE254,2006,120.462
A,P_MHAB,BE254,2007,151.639
A,P_MHAB,BE254,2008,187.425
A,P_MHAB,BE254,2009,178.504
A,P_MHAB,BE254,2010,181.493
A,P_MHAB,BE254,2011,148.223
A,P_MHAB,BE254,2012,100.249
A,P_MHAB,BE255,2000,22.327
A,P_MHAB,BE255,2001,63.52
A,P_MHAB,BE255,2002,32.662
A,P_MHAB,BE255,2003,63.491
A,P_MHAB,BE255,2004,53.26
A,P_MHAB,BE255,2005,35.223
A,P_MHAB,BE255,2006,33.131
A,P_MHAB,BE255,2007,48.542
A,P_MHAB,BE255,2008,27.598
A,P_MHAB,BE255,2009,123.294
A,P_MHAB,BE255,2010,78.56
A,P_MHAB,BE255,2011,61.742
A,P_MHAB,BE255,2012,59.884
A,P_MHAB,BE256,2000,156.979
A,P_MHAB,BE256,2001,131.216
A,P_MHAB,BE256,2002,133.807
A,P_MHAB,BE256,2003,157.566
A,P_MHAB,BE256,2004,230.21
A,P_MHAB,BE256,2005,231.945
A,P_MHAB,BE256,2006,264.325
A,P_MHAB,BE256,2007,129.434
A,P_MHAB,BE256,2008,214.67
A,P_MHAB,BE256,2009,211.579
A,P_MHAB,BE256,2010,198.519
A,P_MHAB,BE256,2011,159.6
A,P_MHAB,BE256,2012,132.875
A,P_MHAB,BE257,2000,75.743
A,P_MHAB,BE257,2001,73.04
A,P_MHAB,BE257,2002,83.329
A,P_MHAB,BE257,2003,92.639
A,P_MHAB,BE257,2004,124.533
A,P_MHAB,BE257,2005,117.704
A,P_MHAB,BE257,2006,107.448
A,P_MHAB,BE257,2007,166.745
A,P_MHAB,BE257,2008,96.446
A,P_MHAB,BE257,2009,128.607
A,P_MHAB,BE257,2010,155.748
A,P_MHAB,BE257,2011,90.602
A,P_MHAB,BE257,2012,116.749
A,P_MHAB,BE258,2000,53.219
A,P_MHAB,BE258,2001,35.242
A,P_MHAB,BE258,2002,53.814
A,P_MHAB,BE258,2003,53.567
A,P_MHAB,BE258,2004,48.615
A,P_MHAB,BE258,2005,31.909
A,P_MHAB,BE258,2006,14.767
A,P_MHAB,BE258,2007,75.212
A,P_MHAB,BE258,2008,52.037
A,P_MHAB,BE258,2009,36.215
A,P_MHAB,BE258,2010,56.552
A,P_MHAB,BE258,2011,32.966
A,P_MHAB,BE258,2012,134.656
A,P_MHAB,BE31,2000,383.413
A,P_MHAB,BE31,2001,318.847
A,P_MHAB,BE31,2002,328.738
A,P_MHAB,BE31,2003,259.349
A,P_MHAB,BE31,2004,336.025
A,P_MHAB,BE31,2005,430.512
A,P_MHAB,BE31,2006,409.817
A,P_MHAB,BE31,2007,336.528
A,P_MHAB,BE31,2008,307.075
A,P_MHAB,BE31,2009,233.864
A,P_MHAB,BE31,2010,307.182
A,P_MHAB,BE31,2011,313.021
A,P_MHAB,BE31,2012,230.175
A,P_MHAB,BE310,2000,383.413
A,P_MHAB,BE310,2001,318.847
A,P_MHAB,BE310,2002,328.738
A,P_MHAB,BE310,2003,259.349
A,P_MHAB,BE310,2004,336.025
A,P_MHAB,BE310,2005,430.512
A,P_MHAB,BE310,2006,409.817
A,P_MHAB,BE310,2007,336.528
A,P_MHAB,BE310,2008,307.075
A,P_MHAB,BE310,2009,233.864
A,P_MHAB,BE310,2010,307.182
A,P_MHAB,BE310,2011,313.021
A,P_MHAB,BE310,2012,230.175
A,P_MHAB,BE32,2000,71.561
A,P_MHAB,BE32,2001,50.085
A,P_MHAB,BE32,2002,64.151
A,P_MHAB,BE32,2003,72.887
A,P_MHAB,BE32,2004,77.868
A,P_MHAB,BE32,2005,69.604
A,P_MHAB,BE32,2006,91.839
A,P_MHAB,BE32,2007,71.692
A,P_MHAB,BE32,2008,94.093
A,P_MHAB,BE32,2009,69.363
A,P_MHAB,BE32,2010,76.725
A,P_MHAB,BE32,2011,74.681
A,P_MHAB,BE32,2012,38.239
A,P_MHAB,BE321,2000,40.083
A,P_MHAB,BE321,2001,87.688
A,P_MHAB,BE321,2002,54.233
A,P_MHAB,BE321,2003,90.459
A,P_MHAB,BE321,2004,41.468
A,P_MHAB,BE321,2005,35.747
A,P_MHAB,BE321,2006,69.994
A,P_MHAB,BE321,2007,63.917
A,P_MHAB,BE321,2008,109.761
A,P_MHAB,BE321,2009,19.488
A,P_MHAB,BE321,2010,61.013
A,P_MHAB,BE321,2011,46.47
A,P_MHAB,BE321,2012,66.438
A,P_MHAB,BE322,2000,93.597
A,P_MHAB,BE322,2001,54.901
A,P_MHAB,BE322,2002,77.748
A,P_MHAB,BE322,2003,70.034
A,P_MHAB,BE322,2004,127.364
A,P_MHAB,BE322,2005,107.951
A,P_MHAB,BE322,2006,124.893
A,P_MHAB,BE322,2007,96.025
A,P_MHAB,BE322,2008,155.599
A,P_MHAB,BE322,2009,120.908
A,P_MHAB,BE322,2010,119.851
A,P_MHAB,BE322,2011,108.983
A,P_MHAB,BE322,2012,16.953
A,P_MHAB,BE323,2000,81.016
A,P_MHAB,BE323,2001,43.909
A,P_MHAB,BE323,2002,85.203
A,P_MHAB,BE323,2003,112.003
A,P_MHAB,BE323,2004,89.82
A,P_MHAB,BE323,2005,70.928
A,P_MHAB,BE323,2006,80.401
A,P_MHAB,BE323,2007,63.111
A,P_MHAB,BE323,2008,53.747
A,P_MHAB,BE323,2009,19.028
A,P_MHAB,BE323,2010,56.093
A,P_MHAB,BE323,2011,67.113
A,P_MHAB,BE323,2012,57.285
A,P_MHAB,BE324,2000,30.832
A,P_MHAB,BE324,2001,18.996
A,P_MHAB,BE324,2002,46.604
A,P_MHAB,BE324,2003,32.867
A,P_MHAB,BE324,2004,71.43
A,P_MHAB,BE324,2005,4.431
A,P_MHAB,BE324,2006,8.24
A,P_MHAB,BE324,2007,20.08
A,P_MHAB,BE324,2008,7.422
A,P_MHAB,BE324,2009,17.376
A,P_MHAB,BE324,2010,10.362
A,P_MHAB,BE324,2011,47.901
A,P_MHAB,BE324,2012,15.148
A,P_MHAB,BE325,2000,85.056
A,P_MHAB,BE325,2001,57.482
A,P_MHAB,BE325,2002,42.162
A,P_MHAB,BE325,2003,97.002
A,P_MHAB,BE325,2004,57.367
A,P_MHAB,BE325,2005,88.163
A,P_MHAB,BE325,2006,124.931
A,P_MHAB,BE325,2007,80.487
A,P_MHAB,BE325,2008,102.253
A,P_MHAB,BE325,2009,108.754
A,P_MHAB,BE325,2010,87.842
A,P_MHAB,BE325,2011,83.618
A,P_MHAB,BE325,2012,64.597
A,P_MHAB,BE326,2000,50.45
A,P_MHAB,BE326,2001,33.709
A,P_MHAB,BE326,2002,30.801
A,P_MHAB,BE326,2003,35.36
A,P_MHAB,BE326,2004,29.615
A,P_MHAB,BE326,2005,20.051
A,P_MHAB,BE326,2006,57.492
A,P_MHAB,BE326,2007,26.716
A,P_MHAB,BE326,2008,47.645
A,P_MHAB,BE326,2009,23.223
A,P_MHAB,BE326,2010,46.283
A,P_MHAB,BE326,2011,45.381
A,P_MHAB,BE326,2012,28.941
A,P_MHAB,BE327,2000,32.017
A,P_MHAB,BE327,2001,48.766
A,P_MHAB,BE327,2002,62.629
A,P_MHAB,BE327,2003,31.03
A,P_MHAB,BE327,2004,8.725
A,P_MHAB,BE327,2005,32.617
A,P_MHAB,BE327,2006,61.518
A,P_MHAB,BE327,2007,80.171
A,P_MHAB,BE327,2008,54.712
A,P_MHAB,BE327,2009,57.696
A,P_MHAB,BE327,2010,45.402
A,P_MHAB,BE327,2011,35.756
A,P_MHAB,BE327,2012,39.086
A,P_MHAB,BE33,2000,114.543
A,P_MHAB,BE33,2001,121.348
A,P_MHAB,BE33,2002,95.955
A,P_MHAB,BE33,2003,116.119
A,P_MHAB,BE33,2004,114.432
A,P_MHAB,BE33,2005,92.764
A,P_MHAB,BE33,2006,93.502
A,P_MHAB,BE33,2007,94.595
A,P_MHAB,BE33,2008,96.819
A,P_MHAB,BE33,2009,73.762
A,P_MHAB,BE33,2010,101.547
A,P_MHAB,BE33,2011,89.425
A,P_MHAB,BE33,2012,87.272
A,P_MHAB,BE331,2000,86.983
A,P_MHAB,BE331,2001,68.826
A,P_MHAB,BE331,2002,74.883
A,P_MHAB,BE331,2003,79.503
A,P_MHAB,BE331,2004,92.397
A,P_MHAB,BE331,2005,51.851
A,P_MHAB,BE331,2006,102.335
A,P_MHAB,BE331,2007,59.853
A,P_MHAB,BE331,2008,80.836
A,P_MHAB,BE331,2009,75.567
A,P_MHAB,BE331,2010,63.525
A,P_MHAB,BE331,2011,50.458
A,P_MHAB,BE331,2012,46.419
A,P_MHAB,BE332,2000,121.603
A,P_MHAB,BE332,2001,121.099
A,P_MHAB,BE332,2002,93.115
A,P_MHAB,BE332,2003,117.466
A,P_MHAB,BE332,2004,112.089
A,P_MHAB,BE332,2005,103.997
A,P_MHAB,BE332,2006,92.39
A,P_MHAB,BE332,2007,79.199
A,P_MHAB,BE332,2008,100.774
A,P_MHAB,BE332,2009,75.05
A,P_MHAB,BE332,2010,96.066
A,P_MHAB,BE332,2011,82.206
A,P_MHAB,BE332,2012,71.529
A,P_MHAB,BE334,2000,108.654
A,P_MHAB,BE334,2001,111.681
A,P_MHAB,BE334,2002,108.389
A,P_MHAB,BE334,2003,157.542
A,P_MHAB,BE334,2004,96.884
A,P_MHAB,BE334,2005,96.006
A,P_MHAB,BE334,2006,85.239
A,P_MHAB,BE334,2007,126.802
A,P_MHAB,BE334,2008,94.04
A,P_MHAB,BE334,2009,72.029
A,P_MHAB,BE334,2010,125.946
A,P_MHAB,BE334,2011,86.85
A,P_MHAB,BE334,2012,105.267
A,P_MHAB,BE335,2004,106.904
A,P_MHAB,BE335,2005,65.302
A,P_MHAB,BE335,2006,65.111
A,P_MHAB,BE335,2007,91.357
A,P_MHAB,BE335,2008,55.287
A,P_MHAB,BE335,2009,44.695
A,P_MHAB,BE335,2010,80.154
A,P_MHAB,BE335,2011,109.955
A,P_MHAB,BE335,2012,115.205
A,P_MHAB,BE336,2004,203.063
A,P_MHAB,BE336,2005,131.978
A,P_MHAB,BE336,2006,175.741
A,P_MHAB,BE336,2007,245.402
A,P_MHAB,BE336,2008,203.994
A,P_MHAB,BE336,2009,142.071
A,P_MHAB,BE336,2010,233.708
A,P_MHAB,BE336,2011,149.884
A,P_MHAB,BE336,2012,178.283
A,P_MHAB,BE34,2000,124.706
A,P_MHAB,BE34,2001,74.573
A,P_MHAB,BE34,2002,69.687
A,P_MHAB,BE34,2003,141.66
A,P_MHAB,BE34,2004,146.899
A,P_MHAB,BE34,2005,108.28
A,P_MHAB,BE34,2006,83.544
A,P_MHAB,BE34,2007,128.954
A,P_MHAB,BE34,2008,141.697
A,P_MHAB,BE34,2009,109.196
A,P_MHAB,BE34,2010,107.054
A,P_MHAB,BE34,2011,149.631
A,P_MHAB,BE34,2012,113.053
A,P_MHAB,BE341,2000,269.739
A,P_MHAB,BE341,2001,98.277
A,P_MHAB,BE341,2002,129.481
A,P_MHAB,BE341,2003,253.983
A,P_MHAB,BE341,2004,359.752
A,P_MHAB,BE341,2005,178.094
A,P_MHAB,BE341,2006,213.254
A,P_MHAB,BE341,2007,291.404
A,P_MHAB,BE341,2008,390.481
A,P_MHAB,BE341,2009,317.206
A,P_MHAB,BE341,2010,329.3
A,P_MHAB,BE341,2011,314.863
A,P_MHAB,BE341,2012,194.767
A,P_MHAB,BE342,2000,144.181
A,P_MHAB,BE342,2001,98.533
A,P_MHAB,BE342,2002,63.125
A,P_MHAB,BE342,2003,149.859
A,P_MHAB,BE342,2004,78.628
A,P_MHAB,BE342,2005,88.306
A,P_MHAB,BE342,2006,109.343
A,P_MHAB,BE342,2007,122.226
A,P_MHAB,BE342,2008,165.409
A,P_MHAB,BE342,2009,63.517
A,P_MHAB,BE342,2010,55.48
A,P_MHAB,BE342,2011,156.077
A,P_MHAB,BE342,2012,116.452
A,P_MHAB,BE343,2000,26.013
A,P_MHAB,BE343,2001,43.802
A,P_MHAB,BE343,2002,33.267
A,P_MHAB,BE343,2003,16.121
A,P_MHAB,BE343,2004,15.001
A,P_MHAB,BE343,2005,63.906
A,P_MHAB,BE343,2006,32.193
A,P_MHAB,BE343,2007,76.238
A,P_MHAB,BE343,2008,43.476
A,P_MHAB,BE343,2009,9.999
A,P_MHAB,BE343,2010,9.223
A,P_MHAB,BE343,2011,17.968
A,P_MHAB,BE343,2012,41.433
A,P_MHAB,BE344,2000,17.986
A,P_MHAB,BE344,2001,17.939
A,P_MHAB,BE344,2002,41.935
A,P_MHAB,BE344,2003,47.398
A,P_MHAB,BE344,2004,10.232
A,P_MHAB,BE344,2005,38.965
A,P_MHAB,BE344,2006,8.498
A,P_MHAB,BE344,2007,42.304
A,P_MHAB,BE344,2009,19.702
A,P_MHAB,BE344,2010,37.587
A,P_MHAB,BE344,2011,78.564
A,P_MHAB,BE344,2012,16.302
A,P_MHAB,BE345,2000,178.147
A,P_MHAB,BE345,2001,125.688
A,P_MHAB,BE345,2002,80.593
A,P_MHAB,BE345,2003,252.128
A,P_MHAB,BE345,2004,268.666
A,P_MHAB,BE345,2005,175.147
A,P_MHAB,BE345,2006,59.958
A,P_MHAB,BE345,2007,111.467
A,P_MHAB,BE345,2008,112.537
A,P_MHAB,BE345,2009,124.344
A,P_MHAB,BE345,2010,86.285
A,P_MHAB,BE345,2011,180.99
A,P_MHAB,BE345,2012,206.476
A,P_MHAB,BE35,2000,84.681
A,P_MHAB,BE35,2001,46.7
A,P_MHAB,BE35,2002,78.097
A,P_MHAB,BE35,2003,81.75
A,P_MHAB,BE35,2004,66.136
A,P_MHAB,BE35,2005,86.978
A,P_MHAB,BE35,2006,75.735
A,P_MHAB,BE35,2007,57.037
A,P_MHAB,BE35,2008,49.293
A,P_MHAB,BE35,2009,48.207
A,P_MHAB,BE35,2010,64.114
A,P_MHAB,BE35,2011,63.102
A,P_MHAB,BE35,2012,42.242
A,P_MHAB,BE351,2000,13.744
A,P_MHAB,BE351,2001,25.325
A,P_MHAB,BE351,2002,19.063
A,P_MHAB,BE351,2003,23.693
A,P_MHAB,BE351,2004,14.06
A,P_MHAB,BE351,2005,11.602
A,P_MHAB,BE351,2006,48.488
A,P_MHAB,BE351,2007,15.286
A,P_MHAB,BE351,2008,32.277
A,P_MHAB,BE351,2009,23.724
A,P_MHAB,BE351,2010,12.547
A,P_MHAB,BE351,2011,15.42
A,P_MHAB,BE351,2012,1.283
A,P_MHAB,BE352,2000,124.572
A,P_MHAB,BE352,2001,64.413
A,P_MHAB,BE352,2002,101.55
A,P_MHAB,BE352,2003,112.292
A,P_MHAB,BE352,2004,98.836
A,P_MHAB,BE352,2005,112.294
A,P_MHAB,BE352,2006,101.704
A,P_MHAB,BE352,2007,79.879
A,P_MHAB,BE352,2008,63.172
A,P_MHAB,BE352,2009,60.535
A,P_MHAB,BE352,2010,88.3
A,P_MHAB,BE352,2011,87.157
A,P_MHAB,BE352,2012,61.56
A,P_MHAB,BE353,2000,16.262
A,P_MHAB,BE353,2002,66.263
A,P_MHAB,BE353,2003,35.548
A,P_MHAB,BE353,2005,92.957
A,P_MHAB,BE353,2007,19.64
A,P_MHAB,BE353,2008,12.935
A,P_MHAB,BE353,2009,31.06
A,P_MHAB,BE353,2010,35.951
A,P_MHAB,BE353,2011,30.249
A,P_MHAB,BE353,2012,19.969
A,P_MHAB,BG31,2001,1.04
A,P_MHAB,BG31,2002,0.985
A,P_MHAB,BG31,2003,0.503
A,P_MHAB,BG31,2004,1.027
A,P_MHAB,BG31,2005,1.572
A,P_MHAB,BG31,2006,1.07
A,P_MHAB,BG31,2007,1.277
A,P_MHAB,BG31,2008,1.113
A,P_MHAB,BG31,2012,1.399
A,P_MHAB,BG311,2001,0.808
A,P_MHAB,BG311,2006,8.719
A,P_MHAB,BG311,2007,2.236
A,P_MHAB,BG311,2012,1.709
A,P_MHAB,BG312,2003,2.871
A,P_MHAB,BG312,2005,2.996
A,P_MHAB,BG313,2001,3.951
A,P_MHAB,BG313,2007,1.243
A,P_MHAB,BG313,2012,5.415
A,P_MHAB,BG314,2005,3.292
A,P_MHAB,BG314,2008,3.498
A,P_MHAB,BG315,2002,6.007
A,P_MHAB,BG315,2004,6.243
A,P_MHAB,BG315,2007,4.42
A,P_MHAB,BG32,1990,0.287
A,P_MHAB,BG32,1995,0.918
A,P_MHAB,BG32,2001,0.99
A,P_MHAB,BG32,2002,1.588
A,P_MHAB,BG32,2003,3.62
A,P_MHAB,BG32,2004,1.05
A,P_MHAB,BG32,2006,1.808
A,P_MHAB,BG32,2007,0.275
A,P_MHAB,BG32,2008,2.787
A,P_MHAB,BG32,2009,1.13
A,P_MHAB,BG32,2010,1.522
A,P_MHAB,BG32,2011,4.257
A,P_MHAB,BG32,2012,3.55
A,P_MHAB,BG321,2001,1.674
A,P_MHAB,BG322,2004,7.288
A,P_MHAB,BG322,2006,5.045
A,P_MHAB,BG322,2007,1.913
A,P_MHAB,BG322,2008,11.654
A,P_MHAB,BG322,2009,7.896
A,P_MHAB,BG322,2010,10.659
A,P_MHAB,BG322,2011,29.876
A,P_MHAB,BG322,2012,22.243
A,P_MHAB,BG323,1990,1.077
A,P_MHAB,BG323,2001,1.94
A,P_MHAB,BG323,2002,3.808
A,P_MHAB,BG323,2003,5.791
A,P_MHAB,BG323,2006,4.009
A,P_MHAB,BG323,2008,4.105
A,P_MHAB,BG323,2012,1.412
A,P_MHAB,BG324,1995,5.909
A,P_MHAB,BG324,2002,3.756
A,P_MHAB,BG324,2003,13.693
A,P_MHAB,BG33,1990,0.604
A,P_MHAB,BG33,1994,0.939
A,P_MHAB,BG33,1995,0.945
A,P_MHAB,BG33,2001,1.474
A,P_MHAB,BG33,2002,1.973
A,P_MHAB,BG33,2003,0.992
A,P_MHAB,BG33,2004,2.995
A,P_MHAB,BG33,2005,4.345
A,P_MHAB,BG33,2006,2.018
A,P_MHAB,BG33,2007,2.028
A,P_MHAB,BG33,2008,1.019
A,P_MHAB,BG33,2009,1.025
A,P_MHAB,BG33,2011,2.587
A,P_MHAB,BG33,2012,1.559
A,P_MHAB,BG331,1990,1.446
A,P_MHAB,BG331,2001,1.148
A,P_MHAB,BG331,2003,2.15
A,P_MHAB,BG331,2004,4.288
A,P_MHAB,BG331,2005,9.259
A,P_MHAB,BG331,2006,4.266
A,P_MHAB,BG331,2007,4.254
A,P_MHAB,BG331,2009,2.116
A,P_MHAB,BG331,2011,5.266
A,P_MHAB,BG332,1994,4.313
A,P_MHAB,BG332,1995,4.343
A,P_MHAB,BG332,2012,7.975
A,P_MHAB,BG333,2001,4.674
A,P_MHAB,BG333,2002,9.908
A,P_MHAB,BG333,2004,5.081
A,P_MHAB,BG333,2008,5.334
A,P_MHAB,BG34,1995,0.201
A,P_MHAB,BG34,2000,0.165
A,P_MHAB,BG34,2001,0.831
A,P_MHAB,BG34,2002,0.112
A,P_MHAB,BG34,2003,2.615
A,P_MHAB,BG34,2005,0.886
A,P_MHAB,BG34,2006,0.295
A,P_MHAB,BG34,2007,0.297
A,P_MHAB,BG34,2008,0.181
A,P_MHAB,BG34,2009,0.612
A,P_MHAB,BG34,2012,0.233
A,P_MHAB,BG341,2000,0.468
A,P_MHAB,BG341,2001,2.351
A,P_MHAB,BG341,2002,0.308
A,P_MHAB,BG341,2003,4.747
A,P_MHAB,BG341,2006,0.788
A,P_MHAB,BG341,2007,0.789
A,P_MHAB,BG341,2009,1.606
A,P_MHAB,BG342,1995,1.064
A,P_MHAB,BG342,2005,4.778
A,P_MHAB,BG343,2012,1.922
A,P_MHAB,BG344,2003,2.762
A,P_MHAB,BG344,2008,0.583
A,P_MHAB,BG41,1990,2.549
A,P_MHAB,BG41,1991,1.02
A,P_MHAB,BG41,1992,2.089
A,P_MHAB,BG41,1993,3.434
A,P_MHAB,BG41,1994,0.922
A,P_MHAB,BG41,1995,2.078
A,P_MHAB,BG41,2000,2.842
A,P_MHAB,BG41,2001,4.218
A,P_MHAB,BG41,2002,4.271
A,P_MHAB,BG41,2003,4.614
A,P_MHAB,BG41,2004,5.49
A,P_MHAB,BG41,2005,6.583
A,P_MHAB,BG41,2006,8.849
A,P_MHAB,BG41,2007,3.636
A,P_MHAB,BG41,2008,5.382
A,P_MHAB,BG41,2009,4.615
A,P_MHAB,BG41,2010,4.595
A,P_MHAB,BG41,2011,8.694
A,P_MHAB,BG41,2012,9.328
A,P_MHAB,BG411,1990,4.674
A,P_MHAB,BG411,1991,1.871
A,P_MHAB,BG411,1992,3.82
A,P_MHAB,BG411,1993,6.279
A,P_MHAB,BG411,1994,1.683
A,P_MHAB,BG411,1995,3.776
A,P_MHAB,BG411,2000,5.027
A,P_MHAB,BG411,2001,7.069
A,P_MHAB,BG411,2002,7.559
A,P_MHAB,BG411,2003,8.076
A,P_MHAB,BG411,2004,9.354
A,P_MHAB,BG411,2005,10.241
A,P_MHAB,BG411,2006,14.76
A,P_MHAB,BG411,2007,6.159
A,P_MHAB,BG411,2008,8.858
A,P_MHAB,BG411,2009,7.717
A,P_MHAB,BG411,2010,7.442
A,P_MHAB,BG411,2011,14.36
A,P_MHAB,BG411,2012,13.636
A,P_MHAB,BG412,2001,0.78
A,P_MHAB,BG412,2005,3.832
A,P_MHAB,BG412,2008,0.986
A,P_MHAB,BG412,2010,1.001
A,P_MHAB,BG412,2012,0.814
A,P_MHAB,BG413,2005,0.99
A,P_MHAB,BG413,2006,1.267
A,P_MHAB,BG414,2001,1.318
A,P_MHAB,BG414,2004,1.388
A,P_MHAB,BG415,2012,14.816
A,P_MHAB,BG42,1990,0.549
A,P_MHAB,BG42,1991,0.559
A,P_MHAB,BG42,1993,0.578
A,P_MHAB,BG42,1995,0.823
A,P_MHAB,BG42,2000,0.671
A,P_MHAB,BG42,2001,0.793
A,P_MHAB,BG42,2002,0.314
A,P_MHAB,BG42,2003,1.712
A,P_MHAB,BG42,2004,0.64
A,P_MHAB,BG42,2005,1.626
A,P_MHAB,BG42,2006,1.842
A,P_MHAB,BG42,2007,0.459
A,P_MHAB,BG42,2008,1.654
A,P_MHAB,BG42,2009,1.553
A,P_MHAB,BG42,2010,3.689
A,P_MHAB,BG42,2011,1.128
A,P_MHAB,BG42,2012,2.665
A,P_MHAB,BG421,1991,1.336
A,P_MHAB,BG421,1993,1.362
A,P_MHAB,BG421,1995,1.928
A,P_MHAB,BG421,2000,0.727
A,P_MHAB,BG421,2001,1.826
A,P_MHAB,BG421,2002,0.702
A,P_MHAB,BG421,2003,1.696
A,P_MHAB,BG421,2004,1.421
A,P_MHAB,BG421,2005,3.111
A,P_MHAB,BG421,2006,2.625
A,P_MHAB,BG421,2007,0.288
A,P_MHAB,BG421,2008,2.896
A,P_MHAB,BG421,2009,3.387
A,P_MHAB,BG421,2010,8.019
A,P_MHAB,BG421,2011,2.444
A,P_MHAB,BG421,2012,5.757
A,P_MHAB,BG422,2003,3.713
A,P_MHAB,BG423,1990,3.052
A,P_MHAB,BG423,2000,1.903
A,P_MHAB,BG423,2003,1.652
A,P_MHAB,BG423,2005,1.118
A,P_MHAB,BG423,2006,3.429
A,P_MHAB,BG425,2007,3.192
A,P_MHAB,BG425,2008,3.212
A,P_MHAB,CH01,1990,196.03
A,P_MHAB,CH01,1991,158.45
A,P_MHAB,CH01,1992,161.731
A,P_MHAB,CH01,1993,156.208
A,P_MHAB,CH01,1994,182.702
A,P_MHAB,CH01,1995,174.375
A,P_MHAB,CH01,1996,204.034
A,P_MHAB,CH01,1997,230.003
A,P_MHAB,CH01,1998,225.994
A,P_MHAB,CH01,1999,269.366
A,P_MHAB,CH01,2000,293.118
A,P_MHAB,CH01,2001,313.58
A,P_MHAB,CH01,2002,306.921
A,P_MHAB,CH01,2003,305.65
A,P_MHAB,CH01,2004,361.537
A,P_MHAB,CH01,2005,335.394
A,P_MHAB,CH01,2006,368.007
A,P_MHAB,CH01,2007,341.485
A,P_MHAB,CH01,2008,364.098
A,P_MHAB,CH01,2009,369.98
A,P_MHAB,CH01,2010,423.79
A,P_MHAB,CH01,2011,370.828
A,P_MHAB,CH01,2012,266.99
A,P_MHAB,CH011,1990,259.051
A,P_MHAB,CH011,1991,195.455
A,P_MHAB,CH011,1992,187.831
A,P_MHAB,CH011,1993,197.873
A,P_MHAB,CH011,1994,235.582
A,P_MHAB,CH011,1995,250.607
A,P_MHAB,CH011,1996,261.212
A,P_MHAB,CH011,1997,270.846
A,P_MHAB,CH011,1998,291.407
A,P_MHAB,CH011,1999,369.09
A,P_MHAB,CH011,2000,434.692
A,P_MHAB,CH011,2001,432.356
A,P_MHAB,CH011,2002,429.214
A,P_MHAB,CH011,2003,412.352
A,P_MHAB,CH011,2004,506.239
A,P_MHAB,CH011,2005,445.842
A,P_MHAB,CH011,2006,531.499
A,P_MHAB,CH011,2007,493.019
A,P_MHAB,CH011,2008,566.902
A,P_MHAB,CH011,2009,605.191
A,P_MHAB,CH011,2010,660.959
A,P_MHAB,CH011,2011,557.929
A,P_MHAB,CH011,2012,433.477
A,P_MHAB,CH012,1990,148.417
A,P_MHAB,CH012,1991,120.732
A,P_MHAB,CH012,1992,114.771
A,P_MHAB,CH012,1993,101.148
A,P_MHAB,CH012,1994,75.849
A,P_MHAB,CH012,1995,79.416
A,P_MHAB,CH012,1996,143.425
A,P_MHAB,CH012,1997,151.883
A,P_MHAB,CH012,1998,125.548
A,P_MHAB,CH012,1999,114.225
A,P_MHAB,CH012,2000,116.387
A,P_MHAB,CH012,2001,140.13
A,P_MHAB,CH012,2002,89.972
A,P_MHAB,CH012,2003,154.97
A,P_MHAB,CH012,2004,197.924
A,P_MHAB,CH012,2005,123.864
A,P_MHAB,CH012,2006,215.622
A,P_MHAB,CH012,2007,212.588
A,P_MHAB,CH012,2008,173.689
A,P_MHAB,CH012,2009,170.689
A,P_MHAB,CH012,2010,181.267
A,P_MHAB,CH012,2011,148.712
A,P_MHAB,CH012,2012,105.576
A,P_MHAB,CH013,1990,130.503
A,P_MHAB,CH013,1991,127.108
A,P_MHAB,CH013,1992,153.25
A,P_MHAB,CH013,1993,129.457
A,P_MHAB,CH013,1994,174.791
A,P_MHAB,CH013,1995,122.492
A,P_MHAB,CH013,1996,158.016
A,P_MHAB,CH013,1997,221.142
A,P_MHAB,CH013,1998,194.928
A,P_MHAB,CH013,1999,223.208
A,P_MHAB,CH013,2000,197.511
A,P_MHAB,CH013,2001,250.842
A,P_MHAB,CH013,2002,268.17
A,P_MHAB,CH013,2003,246.091
A,P_MHAB,CH013,2004,253.4
A,P_MHAB,CH013,2005,310.602
A,P_MHAB,CH013,2006,222.855
A,P_MHAB,CH013,2007,197.537
A,P_MHAB,CH013,2008,182.803
A,P_MHAB,CH013,2009,142.589
A,P_MHAB,CH013,2010,221.226
A,P_MHAB,CH013,2011,230.995
A,P_MHAB,CH013,2012,115.67
A,P_MHAB,CH02,1990,174.554
A,P_MHAB,CH02,1991,158.504
A,P_MHAB,CH02,1992,179.956
A,P_MHAB,CH02,1993,181.553
A,P_MHAB,CH02,1994,171.193
A,P_MHAB,CH02,1995,174.014
A,P_MHAB,CH02,1996,181.751
A,P_MHAB,CH02,1997,255.398
A,P_MHAB,CH02,1998,250.668
A,P_MHAB,CH02,1999,269.623
A,P_MHAB,CH02,2000,281.751
A,P_MHAB,CH02,2001,292.879
A,P_MHAB,CH02,2002,279.172
A,P_MHAB,CH02,2003,298.959
A,P_MHAB,CH02,2004,357.561
A,P_MHAB,CH02,2005,333.802
A,P_MHAB,CH02,2006,329.671
A,P_MHAB,CH02,2007,325.599
A,P_MHAB,CH02,2008,290.751
A,P_MHAB,CH02,2009,294.739
A,P_MHAB,CH02,2010,323.648
A,P_MHAB,CH02,2011,302.962
A,P_MHAB,CH02,2012,239.078
A,P_MHAB,CH021,1990,100.676
A,P_MHAB,CH021,1991,118.492
A,P_MHAB,CH021,1992,123.714
A,P_MHAB,CH021,1993,112.59
A,P_MHAB,CH021,1994,115.242
A,P_MHAB,CH021,1995,124.598
A,P_MHAB,CH021,1996,139.041
A,P_MHAB,CH021,1997,197.061
A,P_MHAB,CH021,1998,188.143
A,P_MHAB,CH021,1999,233.344
A,P_MHAB,CH021,2000,230.606
A,P_MHAB,CH021,2001,209.2
A,P_MHAB,CH021,2002,206.93
A,P_MHAB,CH021,2003,223.812
A,P_MHAB,CH021,2004,258.961
A,P_MHAB,CH021,2005,269.956
A,P_MHAB,CH021,2006,246.075
A,P_MHAB,CH021,2007,274.107
A,P_MHAB,CH021,2008,217.585
A,P_MHAB,CH021,2009,226.989
A,P_MHAB,CH021,2010,248.872
A,P_MHAB,CH021,2011,244.519
A,P_MHAB,CH021,2012,188.966
A,P_MHAB,CH022,1990,320.22
A,P_MHAB,CH022,1991,251.12
A,P_MHAB,CH022,1992,290.204
A,P_MHAB,CH022,1993,326.536
A,P_MHAB,CH022,1994,271.509
A,P_MHAB,CH022,1995,233.365
A,P_MHAB,CH022,1996,263.636
A,P_MHAB,CH022,1997,287.976
A,P_MHAB,CH022,1998,326.38
A,P_MHAB,CH022,1999,232.155
A,P_MHAB,CH022,2000,355.346
A,P_MHAB,CH022,2001,322.683
A,P_MHAB,CH022,2002,298.037
A,P_MHAB,CH022,2003,327.527
A,P_MHAB,CH022,2004,440.289
A,P_MHAB,CH022,2005,321.795
A,P_MHAB,CH022,2006,277.767
A,P_MHAB,CH022,2007,203.329
A,P_MHAB,CH022,2008,256.077
A,P_MHAB,CH022,2009,202.803
A,P_MHAB,CH022,2010,242.24
A,P_MHAB,CH022,2011,199.718
A,P_MHAB,CH022,2012,136.545
A,P_MHAB,CH023,1990,226.722
A,P_MHAB,CH023,1991,161.424
A,P_MHAB,CH023,1992,199.183
A,P_MHAB,CH023,1993,228.629
A,P_MHAB,CH023,1994,197.936
A,P_MHAB,CH023,1995,237.088
A,P_MHAB,CH023,1996,198.525
A,P_MHAB,CH023,1997,248.986
A,P_MHAB,CH023,1998,268.464
A,P_MHAB,CH023,1999,269.419
A,P_MHAB,CH023,2000,210.735
A,P_MHAB,CH023,2001,279.068
A,P_MHAB,CH023,2002,263.716
A,P_MHAB,CH023,2003,349.358
A,P_MHAB,CH023,2004,417.33
A,P_MHAB,CH023,2005,313.891
A,P_MHAB,CH023,2006,356.099
A,P_MHAB,CH023,2007,403.559
A,P_MHAB,CH023,2008,354.979
A,P_MHAB,CH023,2009,395.545
A,P_MHAB,CH023,2010,421.408
A,P_MHAB,CH023,2011,321.994
A,P_MHAB,CH023,2012,230.32
A,P_MHAB,CH024,1990,356.312
A,P_MHAB,CH024,1991,297.705
A,P_MHAB,CH024,1992,362.11
A,P_MHAB,CH024,1993,396.787
A,P_MHAB,CH024,1994,373.435
A,P_MHAB,CH024,1995,319.962
A,P_MHAB,CH024,1996,289.426
A,P_MHAB,CH024,1997,560.787
A,P_MHAB,CH024,1998,455.958
A,P_MHAB,CH024,1999,543.317
A,P_MHAB,CH024,2000,598.072
A,P_MHAB,CH024,2001,786.916
A,P_MHAB,CH024,2002,712.881
A,P_MHAB,CH024,2003,650.848
A,P_MHAB,CH024,2004,707.106
A,P_MHAB,CH024,2005,802.513
A,P_MHAB,CH024,2006,813.327
A,P_MHAB,CH024,2007,720.967
A,P_MHAB,CH024,2008,661.79
A,P_MHAB,CH024,2009,691.828
A,P_MHAB,CH024,2010,726.549
A,P_MHAB,CH024,2011,808.205
A,P_MHAB,CH024,2012,670.043
A,P_MHAB,CH025,1990,159.065
A,P_MHAB,CH025,1991,93.578
A,P_MHAB,CH025,1992,124.393
A,P_MHAB,CH025,1993,14.636
A,P_MHAB,CH025,1994,43.715
A,P_MHAB,CH025,1995,93.072
A,P_MHAB,CH025,1996,182.209
A,P_MHAB,CH025,1997,234.38
A,P_MHAB,CH025,1998,294.356
A,P_MHAB,CH025,1999,234.365
A,P_MHAB,CH025,2000,222.616
A,P_MHAB,CH025,2001,199.208
A,P_MHAB,CH025,2002,214.42
A,P_MHAB,CH025,2003,202.247
A,P_MHAB,CH025,2004,361.983
A,P_MHAB,CH025,2005,192.355
A,P_MHAB,CH025,2006,404.428
A,P_MHAB,CH025,2007,250.39
A,P_MHAB,CH025,2008,298.181
A,P_MHAB,CH025,2009,253.215
A,P_MHAB,CH025,2010,341.061
A,P_MHAB,CH025,2011,220.328
A,P_MHAB,CH025,2012,326.472
A,P_MHAB,CH03,1990,379.418
A,P_MHAB,CH03,1991,360.195
A,P_MHAB,CH03,1992,375.942
A,P_MHAB,CH03,1993,372.907
A,P_MHAB,CH03,1994,407.571
A,P_MHAB,CH03,1995,390.714
A,P_MHAB,CH03,1996,413.244
A,P_MHAB,CH03,1997,430.805
A,P_MHAB,CH03,1998,465.418
A,P_MHAB,CH03,1999,515.722
A,P_MHAB,CH03,2000,553.823
A,P_MHAB,CH03,2001,622.766
A,P_MHAB,CH03,2002,562.479
A,P_MHAB,CH03,2003,562.196
A,P_MHAB,CH03,2004,644.056
A,P_MHAB,CH03,2005,618.445
A,P_MHAB,CH03,2006,640.557
A,P_MHAB,CH03,2007,619.507
A,P_MHAB,CH03,2008,601.506
A,P_MHAB,CH03,2009,614.272
A,P_MHAB,CH03,2010,628.28
A,P_MHAB,CH03,2011,636.699
A,P_MHAB,CH03,2012,554.471
A,P_MHAB,CH031,1990,292.571
A,P_MHAB,CH031,1991,274.161
A,P_MHAB,CH031,1992,303.097
A,P_MHAB,CH031,1993,264.196
A,P_MHAB,CH031,1994,294.271
A,P_MHAB,CH031,1995,297.736
A,P_MHAB,CH031,1996,297.202
A,P_MHAB,CH031,1997,221.843
A,P_MHAB,CH031,1998,257.131
A,P_MHAB,CH031,1999,370.227
A,P_MHAB,CH031,2000,420.147
A,P_MHAB,CH031,2001,626.447
A,P_MHAB,CH031,2002,569.424
A,P_MHAB,CH031,2003,632.341
A,P_MHAB,CH031,2004,731.411
A,P_MHAB,CH031,2005,766.092
A,P_MHAB,CH031,2006,800.858
A,P_MHAB,CH031,2007,653.385
A,P_MHAB,CH031,2008,661.027
A,P_MHAB,CH031,2009,741.247
A,P_MHAB,CH031,2010,757.219
A,P_MHAB,CH031,2011,870.938
A,P_MHAB,CH031,2012,688.679
A,P_MHAB,CH032,1990,467.275
A,P_MHAB,CH032,1991,447.465
A,P_MHAB,CH032,1992,461.321
A,P_MHAB,CH032,1993,388.847
A,P_MHAB,CH032,1994,466.81
A,P_MHAB,CH032,1995,389.12
A,P_MHAB,CH032,1996,467.957
A,P_MHAB,CH032,1997,476.466
A,P_MHAB,CH032,1998,438.769
A,P_MHAB,CH032,1999,526.404
A,P_MHAB,CH032,2000,550.846
A,P_MHAB,CH032,2001,548.272
A,P_MHAB,CH032,2002,482.682
A,P_MHAB,CH032,2003,653.054
A,P_MHAB,CH032,2004,614.065
A,P_MHAB,CH032,2005,701.042
A,P_MHAB,CH032,2006,749.862
A,P_MHAB,CH032,2007,567.737
A,P_MHAB,CH032,2008,527.337
A,P_MHAB,CH032,2009,436.924
A,P_MHAB,CH032,2010,447.666
A,P_MHAB,CH032,2011,487.384
A,P_MHAB,CH032,2012,335.742
A,P_MHAB,CH033,1990,372.116
A,P_MHAB,CH033,1991,353.148
A,P_MHAB,CH033,1992,364.944
A,P_MHAB,CH033,1993,407.4
A,P_MHAB,CH033,1994,422.087
A,P_MHAB,CH033,1995,426.504
A,P_MHAB,CH033,1996,430.073
A,P_MHAB,CH033,1997,485.607
A,P_MHAB,CH033,1998,553.454
A,P_MHAB,CH033,1999,562.277
A,P_MHAB,CH033,2000,601.825
A,P_MHAB,CH033,2001,657.072
A,P_MHAB,CH033,2002,597.985
A,P_MHAB,CH033,2003,495.644
A,P_MHAB,CH033,2004,629.136
A,P_MHAB,CH033,2005,530.894
A,P_MHAB,CH033,2006,537.232
A,P_MHAB,CH033,2007,632.675
A,P_MHAB,CH033,2008,616.873
A,P_MHAB,CH033,2009,655.509
A,P_MHAB,CH033,2010,670.022
A,P_MHAB,CH033,2011,632.84
A,P_MHAB,CH033,2012,611.437
A,P_MHAB,CH04,1990,348.074
A,P_MHAB,CH04,1991,365.957
A,P_MHAB,CH04,1992,364.89
A,P_MHAB,CH04,1993,334.287
A,P_MHAB,CH04,1994,316.122
A,P_MHAB,CH04,1995,315.968
A,P_MHAB,CH04,1996,349.975
A,P_MHAB,CH04,1997,388.26
A,P_MHAB,CH04,1998,493.012
A,P_MHAB,CH04,1999,441.147
A,P_MHAB,CH04,2000,515.773
A,P_MHAB,CH04,2001,469.962
A,P_MHAB,CH04,2002,436.789
A,P_MHAB,CH04,2003,473.483
A,P_MHAB,CH04,2004,515.22
A,P_MHAB,CH04,2005,587.656
A,P_MHAB,CH04,2006,522.855
A,P_MHAB,CH04,2007,535.453
A,P_MHAB,CH04,2008,508.601
A,P_MHAB,CH04,2009,467.673
A,P_MHAB,CH04,2010,459.085
A,P_MHAB,CH04,2011,466.576
A,P_MHAB,CH04,2012,385.113
A,P_MHAB,CH040,1990,348.074
A,P_MHAB,CH040,1991,365.957
A,P_MHAB,CH040,1992,364.89
A,P_MHAB,CH040,1993,334.287
A,P_MHAB,CH040,1994,316.122
A,P_MHAB,CH040,1995,315.968
A,P_MHAB,CH040,1996,349.975
A,P_MHAB,CH040,1997,388.26
A,P_MHAB,CH040,1998,493.012
A,P_MHAB,CH040,1999,441.147
A,P_MHAB,CH040,2000,515.773
A,P_MHAB,CH040,2001,469.962
A,P_MHAB,CH040,2002,436.789
A,P_MHAB,CH040,2003,473.483
A,P_MHAB,CH040,2004,515.22
A,P_MHAB,CH040,2005,587.656
A,P_MHAB,CH040,2006,522.855
A,P_MHAB,CH040,2007,535.453
A,P_MHAB,CH040,2008,508.601
A,P_MHAB,CH040,2009,467.673
A,P_MHAB,CH040,2010,459.085
A,P_MHAB,CH040,2011,466.576
A,P_MHAB,CH040,2012,385.113
A,P_MHAB,CH05,1990,229.15
A,P_MHAB,CH05,1991,213.29
A,P_MHAB,CH05,1992,220.027
A,P_MHAB,CH05,1993,213.088
A,P_MHAB,CH05,1994,198.006
A,P_MHAB,CH05,1995,211.108
A,P_MHAB,CH05,1996,241.21
A,P_MHAB,CH05,1997,297.108
A,P_MHAB,CH05,1998,336.515
A,P_MHAB,CH05,1999,311.352
A,P_MHAB,CH05,2000,312.536
A,P_MHAB,CH05,2001,347.908
A,P_MHAB,CH05,2002,310.624
A,P_MHAB,CH05,2003,321.035
A,P_MHAB,CH05,2004,310.054
A,P_MHAB,CH05,2005,398.061
A,P_MHAB,CH05,2006,371.351
A,P_MHAB,CH05,2007,391.531
A,P_MHAB,CH05,2008,361.606
A,P_MHAB,CH05,2009,330.856
A,P_MHAB,CH05,2010,408.837
A,P_MHAB,CH05,2011,382.643
A,P_MHAB,CH05,2012,302.236
A,P_MHAB,CH051,1990,93.952
A,P_MHAB,CH051,1991,132.723
A,P_MHAB,CH051,1992,103.306
A,P_MHAB,CH051,1993,161.125
A,P_MHAB,CH051,1994,63.877
A,P_MHAB,CH051,1995,71.849
A,P_MHAB,CH051,1996,101.497
A,P_MHAB,CH051,1997,119.251
A,P_MHAB,CH051,1998,460.307
A,P_MHAB,CH051,1999,189.415
A,P_MHAB,CH051,2000,326.031
A,P_MHAB,CH051,2001,153.681
A,P_MHAB,CH051,2002,226.868
A,P_MHAB,CH051,2003,165.179
A,P_MHAB,CH051,2004,127.786
A,P_MHAB,CH051,2005,313.96
A,P_MHAB,CH051,2006,282.137
A,P_MHAB,CH051,2007,445.857
A,P_MHAB,CH051,2008,430.212
A,P_MHAB,CH051,2009,308.314
A,P_MHAB,CH051,2010,220.9
A,P_MHAB,CH051,2011,115.261
A,P_MHAB,CH051,2012,240.967
A,P_MHAB,CH052,1990,297.115
A,P_MHAB,CH052,1991,422.451
A,P_MHAB,CH052,1992,267.331
A,P_MHAB,CH052,1993,383.688
A,P_MHAB,CH052,1994,322.063
A,P_MHAB,CH052,1995,371.072
A,P_MHAB,CH052,1996,239.076
A,P_MHAB,CH052,1997,637.232
A,P_MHAB,CH052,1998,565.222
A,P_MHAB,CH052,1999,698.271
A,P_MHAB,CH052,2000,582.173
A,P_MHAB,CH052,2001,615.132
A,P_MHAB,CH052,2002,679.649
A,P_MHAB,CH052,2003,533.629
A,P_MHAB,CH052,2004,528.337
A,P_MHAB,CH052,2005,1015.477
A,P_MHAB,CH052,2006,679.6
A,P_MHAB,CH052,2007,524.869
A,P_MHAB,CH052,2008,483.449
A,P_MHAB,CH052,2009,529.727
A,P_MHAB,CH052,2010,526.323
A,P_MHAB,CH052,2011,593.012
A,P_MHAB,CH052,2012,318.775
A,P_MHAB,CH053,1990,169.019
A,P_MHAB,CH053,1991,176.129
A,P_MHAB,CH053,1992,209.776
A,P_MHAB,CH053,1993,181.481
A,P_MHAB,CH053,1994,154.751
A,P_MHAB,CH053,1995,161.359
A,P_MHAB,CH053,1996,108.495
A,P_MHAB,CH053,1997,306.266
A,P_MHAB,CH053,1998,325.489
A,P_MHAB,CH053,1999,286.532
A,P_MHAB,CH053,2000,209.725
A,P_MHAB,CH053,2001,303.484
A,P_MHAB,CH053,2002,315.782
A,P_MHAB,CH053,2003,288.717
A,P_MHAB,CH053,2004,278.428
A,P_MHAB,CH053,2005,299.389
A,P_MHAB,CH053,2006,445.768
A,P_MHAB,CH053,2007,375.364
A,P_MHAB,CH053,2008,328.18
A,P_MHAB,CH053,2009,247.672
A,P_MHAB,CH053,2010,374.036
A,P_MHAB,CH053,2011,349.699
A,P_MHAB,CH053,2012,243.468
A,P_MHAB,CH054,1990,296.209
A,P_MHAB,CH054,1991,236.036
A,P_MHAB,CH054,1992,122.798
A,P_MHAB,CH054,1993,321.006
A,P_MHAB,CH054,1994,272.48
A,P_MHAB,CH054,1995,47.483
A,P_MHAB,CH054,1996,67.797
A,P_MHAB,CH054,1997,202.252
A,P_MHAB,CH054,1998,414.456
A,P_MHAB,CH054,1999,190.278
A,P_MHAB,CH054,2000,66.908
A,P_MHAB,CH054,2001,233.147
A,P_MHAB,CH054,2002,267.076
A,P_MHAB,CH054,2003,166.834
A,P_MHAB,CH054,2004,83.278
A,P_MHAB,CH054,2005,332.69
A,P_MHAB,CH054,2006,388.962
A,P_MHAB,CH054,2007,686.928
A,P_MHAB,CH054,2008,775.645
A,P_MHAB,CH054,2009,207.087
A,P_MHAB,CH054,2010,292.073
A,P_MHAB,CH054,2011,318.715
A,P_MHAB,CH054,2012,285.841
A,P_MHAB,CH055,1990,253.039
A,P_MHAB,CH055,1991,221.713
A,P_MHAB,CH055,1992,244.874
A,P_MHAB,CH055,1993,209.995
A,P_MHAB,CH055,1994,217.087
A,P_MHAB,CH055,1995,242.93
A,P_MHAB,CH055,1996,268.317
A,P_MHAB,CH055,1997,299.455
A,P_MHAB,CH055,1998,309.363
A,P_MHAB,CH055,1999,319.179
A,P_MHAB,CH055,2000,361.163
A,P_MHAB,CH055,2001,372.336
A,P_MHAB,CH055,2002,333.846
A,P_MHAB,CH055,2003,389.675
A,P_MHAB,CH055,2004,382.297
A,P_MHAB,CH055,2005,426.506
A,P_MHAB,CH055,2006,357.936
A,P_MHAB,CH055,2007,428.25
A,P_MHAB,CH055,2008,365.908
A,P_MHAB,CH055,2009,360.775
A,P_MHAB,CH055,2010,452.098
A,P_MHAB,CH055,2011,429.186
A,P_MHAB,CH055,2012,339.104
A,P_MHAB,CH056,1990,172.598
A,P_MHAB,CH056,1991,128.398
A,P_MHAB,CH056,1992,102.618
A,P_MHAB,CH056,1993,155.177
A,P_MHAB,CH056,1994,171.744
A,P_MHAB,CH056,1995,139.828
A,P_MHAB,CH056,1996,218.412
A,P_MHAB,CH056,1997,158.119
A,P_MHAB,CH056,1998,274.562
A,P_MHAB,CH056,1999,192.082
A,P_MHAB,CH056,2000,164.063
A,P_MHAB,CH056,2001,216.688
A,P_MHAB,CH056,2002,199.109
A,P_MHAB,CH056,2003,169.348
A,P_MHAB,CH056,2004,133.891
A,P_MHAB,CH056,2005,188.593
A,P_MHAB,CH056,2006,242.328
A,P_MHAB,CH056,2007,291.613
A,P_MHAB,CH056,2008,305.782
A,P_MHAB,CH056,2009,221.465
A,P_MHAB,CH056,2010,366.776
A,P_MHAB,CH056,2011,316.217
A,P_MHAB,CH056,2012,303.069
A,P_MHAB,CH057,1990,239.163
A,P_MHAB,CH057,1991,217.478
A,P_MHAB,CH057,1992,282.176
A,P_MHAB,CH057,1993,219.687
A,P_MHAB,CH057,1994,169.484
A,P_MHAB,CH057,1995,201.421
A,P_MHAB,CH057,1996,275.415
A,P_MHAB,CH057,1997,330.795
A,P_MHAB,CH057,1998,342.377
A,P_MHAB,CH057,1999,302.677
A,P_MHAB,CH057,2000,289.24
A,P_MHAB,CH057,2001,371.591
A,P_MHAB,CH057,2002,252.316
A,P_MHAB,CH057,2003,282.857
A,P_MHAB,CH057,2004,292.146
A,P_MHAB,CH057,2005,355.785
A,P_MHAB,CH057,2006,400.756
A,P_MHAB,CH057,2007,333.087
A,P_MHAB,CH057,2008,328.765
A,P_MHAB,CH057,2009,326.495
A,P_MHAB,CH057,2010,366.169
A,P_MHAB,CH057,2011,332.389
A,P_MHAB,CH057,2012,248.796
A,P_MHAB,CH06,1990,216.038
A,P_MHAB,CH06,1991,162.047
A,P_MHAB,CH06,1992,281.81
A,P_MHAB,CH06,1993,241.441
A,P_MHAB,CH06,1994,274.093
A,P_MHAB,CH06,1995,211.858
A,P_MHAB,CH06,1996,239.867
A,P_MHAB,CH06,1997,246.04
A,P_MHAB,CH06,1998,292.278
A,P_MHAB,CH06,1999,340.122
A,P_MHAB,CH06,2000,359.256
A,P_MHAB,CH06,2001,371.312
A,P_MHAB,CH06,2002,350.789
A,P_MHAB,CH06,2003,401.337
A,P_MHAB,CH06,2004,356.112
A,P_MHAB,CH06,2005,381.409
A,P_MHAB,CH06,2006,444.281
A,P_MHAB,CH06,2007,422.217
A,P_MHAB,CH06,2008,456.21
A,P_MHAB,CH06,2009,439.678
A,P_MHAB,CH06,2010,383.587
A,P_MHAB,CH06,2011,391.834
A,P_MHAB,CH06,2012,273.117
A,P_MHAB,CH061,1990,161.417
A,P_MHAB,CH061,1991,117.757
A,P_MHAB,CH061,1992,190.785
A,P_MHAB,CH061,1993,122.502
A,P_MHAB,CH061,1994,153.406
A,P_MHAB,CH061,1995,145.38
A,P_MHAB,CH061,1996,164.975
A,P_MHAB,CH061,1997,166.614
A,P_MHAB,CH061,1998,217.079
A,P_MHAB,CH061,1999,249.465
A,P_MHAB,CH061,2000,264.827
A,P_MHAB,CH061,2001,290.874
A,P_MHAB,CH061,2002,240.131
A,P_MHAB,CH061,2003,294.553
A,P_MHAB,CH061,2004,255.822
A,P_MHAB,CH061,2005,283.539
A,P_MHAB,CH061,2006,348.837
A,P_MHAB,CH061,2007,339.562
A,P_MHAB,CH061,2008,320.82
A,P_MHAB,CH061,2009,289.335
A,P_MHAB,CH061,2010,322.042
A,P_MHAB,CH061,2011,299.992
A,P_MHAB,CH061,2012,225.02
A,P_MHAB,CH062,1990,59.682
A,P_MHAB,CH062,1991,19.127
A,P_MHAB,CH062,1992,141.391
A,P_MHAB,CH062,1993,346.894
A,P_MHAB,CH062,1994,97.965
A,P_MHAB,CH062,1995,125.233
A,P_MHAB,CH062,1996,69.684
A,P_MHAB,CH062,1997,88.397
A,P_MHAB,CH062,1998,60.667
A,P_MHAB,CH062,1999,198.809
A,P_MHAB,CH062,2000,160.622
A,P_MHAB,CH062,2001,151.463
A,P_MHAB,CH062,2002,38.009
A,P_MHAB,CH062,2003,161.038
A,P_MHAB,CH062,2004,132.98
A,P_MHAB,CH062,2005,28.504
A,P_MHAB,CH062,2006,223.16
A,P_MHAB,CH062,2007,218.611
A,P_MHAB,CH062,2008,37.726
A,P_MHAB,CH062,2009,251.123
A,P_MHAB,CH062,2010,123.39
A,P_MHAB,CH062,2011,192.818
A,P_MHAB,CH062,2012,26.002
A,P_MHAB,CH063,1990,215.43
A,P_MHAB,CH063,1991,134.594
A,P_MHAB,CH063,1992,209.418
A,P_MHAB,CH063,1993,207.339
A,P_MHAB,CH063,1994,208.39
A,P_MHAB,CH063,1995,178.974
A,P_MHAB,CH063,1996,292.626
A,P_MHAB,CH063,1997,172.876
A,P_MHAB,CH063,1998,262.008
A,P_MHAB,CH063,1999,283.683
A,P_MHAB,CH063,2000,294.04
A,P_MHAB,CH063,2001,325.094
A,P_MHAB,CH063,2002,300.92
A,P_MHAB,CH063,2003,403.372
A,P_MHAB,CH063,2004,368.932
A,P_MHAB,CH063,2005,436.285
A,P_MHAB,CH063,2006,511.191
A,P_MHAB,CH063,2007,479.716
A,P_MHAB,CH063,2008,462.829
A,P_MHAB,CH063,2009,440.652
A,P_MHAB,CH063,2010,341.36
A,P_MHAB,CH063,2011,438.288
A,P_MHAB,CH063,2012,328.592
A,P_MHAB,CH064,1990,121.809
A,P_MHAB,CH064,1991,137.85
A,P_MHAB,CH064,1992,33.656
A,P_MHAB,CH064,1993,22.151
A,P_MHAB,CH064,1994,103.771
A,P_MHAB,CH064,1995,129.207
A,P_MHAB,CH064,1996,106.356
A,P_MHAB,CH064,1997,101.781
A,P_MHAB,CH064,1998,141.372
A,P_MHAB,CH064,1999,265.716
A,P_MHAB,CH064,2000,46.548
A,P_MHAB,CH064,2001,218.816
A,P_MHAB,CH064,2002,210.233
A,P_MHAB,CH064,2003,417.16
A,P_MHAB,CH064,2004,299.62
A,P_MHAB,CH064,2005,147.156
A,P_MHAB,CH064,2006,334.846
A,P_MHAB,CH064,2007,162.346
A,P_MHAB,CH064,2008,218.549
A,P_MHAB,CH064,2009,225.682
A,P_MHAB,CH064,2010,255.195
A,P_MHAB,CH064,2011,345.651
A,P_MHAB,CH064,2012,125.401
A,P_MHAB,CH065,1990,546.363
A,P_MHAB,CH065,1991,163.311
A,P_MHAB,CH065,1992,512.753
A,P_MHAB,CH065,1993,186.428
A,P_MHAB,CH065,1994,287.345
A,P_MHAB,CH065,1995,120.335
A,P_MHAB,CH065,1996,178.248
A,P_MHAB,CH065,1997,255.205
A,P_MHAB,CH065,1998,305.651
A,P_MHAB,CH065,1999,339.496
A,P_MHAB,CH065,2000,224.394
A,P_MHAB,CH065,2001,380.852
A,P_MHAB,CH065,2002,364.688
A,P_MHAB,CH065,2003,366.584
A,P_MHAB,CH065,2004,450.474
A,P_MHAB,CH065,2005,321.037
A,P_MHAB,CH065,2006,504.485
A,P_MHAB,CH065,2007,164.951
A,P_MHAB,CH065,2008,250.205
A,P_MHAB,CH065,2009,527.039
A,P_MHAB,CH065,2010,444.183
A,P_MHAB,CH065,2011,399.035
A,P_MHAB,CH065,2012,268.694
A,P_MHAB,CH066,1990,389.839
A,P_MHAB,CH066,1991,433.943
A,P_MHAB,CH066,1992,774.668
A,P_MHAB,CH066,1993,795.383
A,P_MHAB,CH066,1994,943.973
A,P_MHAB,CH066,1995,603.349
A,P_MHAB,CH066,1996,581.652
A,P_MHAB,CH066,1997,737.382
A,P_MHAB,CH066,1998,735.662
A,P_MHAB,CH066,1999,813.535
A,P_MHAB,CH066,2000,1005.544
A,P_MHAB,CH066,2001,833.885
A,P_MHAB,CH066,2002,947.516
A,P_MHAB,CH066,2003,856.191
A,P_MHAB,CH066,2004,739.372
A,P_MHAB,CH066,2005,854.586
A,P_MHAB,CH066,2006,761.719
A,P_MHAB,CH066,2007,868.892
A,P_MHAB,CH066,2008,1182.69
A,P_MHAB,CH066,2009,1035.295
A,P_MHAB,CH066,2010,746.866
A,P_MHAB,CH066,2011,712.524
A,P_MHAB,CH066,2012,485.04
A,P_MHAB,CH07,1990,127.799
A,P_MHAB,CH07,1991,160.596
A,P_MHAB,CH07,1992,155.276
A,P_MHAB,CH07,1993,147.157
A,P_MHAB,CH07,1994,143.881
A,P_MHAB,CH07,1995,133.055
A,P_MHAB,CH07,1996,199.968
A,P_MHAB,CH07,1997,161.664
A,P_MHAB,CH07,1998,193.332
A,P_MHAB,CH07,1999,238.161
A,P_MHAB,CH07,2000,279.84
A,P_MHAB,CH07,2001,213.844
A,P_MHAB,CH07,2002,225.292
A,P_MHAB,CH07,2003,245.705
A,P_MHAB,CH07,2004,216.252
A,P_MHAB,CH07,2005,234.426
A,P_MHAB,CH07,2006,223.194
A,P_MHAB,CH07,2007,391.164
A,P_MHAB,CH07,2008,266.937
A,P_MHAB,CH07,2009,230.603
A,P_MHAB,CH07,2010,205.141
A,P_MHAB,CH07,2011,253.031
A,P_MHAB,CH07,2012,272.093
A,P_MHAB,CH070,1990,127.799
A,P_MHAB,CH070,1991,160.596
A,P_MHAB,CH070,1992,155.276
A,P_MHAB,CH070,1993,147.157
A,P_MHAB,CH070,1994,143.881
A,P_MHAB,CH070,1995,133.055
A,P_MHAB,CH070,1996,199.968
A,P_MHAB,CH070,1997,161.664
A,P_MHAB,CH070,1998,193.332
A,P_MHAB,CH070,1999,238.161
A,P_MHAB,CH070,2000,279.84
A,P_MHAB,CH070,2001,213.844
A,P_MHAB,CH070,2002,225.292
A,P_MHAB,CH070,2003,245.705
A,P_MHAB,CH070,2004,216.252
A,P_MHAB,CH070,2005,234.426
A,P_MHAB,CH070,2006,223.194
A,P_MHAB,CH070,2007,391.164
A,P_MHAB,CH070,2008,266.937
A,P_MHAB,CH070,2009,230.603
A,P_MHAB,CH070,2010,205.141
A,P_MHAB,CH070,2011,253.031
A,P_MHAB,CH070,2012,272.093
A,P_MHAB,CY00,1990,5.239
A,P_MHAB,CY00,1991,3.406
A,P_MHAB,CY00,1992,4.145
A,P_MHAB,CY00,1993,1.615
A,P_MHAB,CY00,1994,6.32
A,P_MHAB,CY00,1996,2.788
A,P_MHAB,CY00,1997,3.632
A,P_MHAB,CY00,1998,2.962
A,P_MHAB,CY00,1999,6.019
A,P_MHAB,CY00,2000,8.979
A,P_MHAB,CY00,2001,21.188
A,P_MHAB,CY00,2002,9.808
A,P_MHAB,CY00,2003,7.048
A,P_MHAB,CY00,2004,8.3
A,P_MHAB,CY00,2005,22.904
A,P_MHAB,CY00,2006,8.508
A,P_MHAB,CY00,2007,13.629
A,P_MHAB,CY00,2008,14.491
A,P_MHAB,CY00,2009,19.111
A,P_MHAB,CY00,2010,9.363
A,P_MHAB,CY00,2011,6.704
A,P_MHAB,CY00,2012,2.9
A,P_MHAB,CY000,1990,5.239
A,P_MHAB,CY000,1991,3.406
A,P_MHAB,CY000,1992,4.145
A,P_MHAB,CY000,1993,1.615
A,P_MHAB,CY000,1994,6.32
A,P_MHAB,CY000,1996,2.788
A,P_MHAB,CY000,1997,3.632
A,P_MHAB,CY000,1998,2.962
A,P_MHAB,CY000,1999,6.019
A,P_MHAB,CY000,2000,8.979
A,P_MHAB,CY000,2001,21.188
A,P_MHAB,CY000,2002,9.808
A,P_MHAB,CY000,2003,7.048
A,P_MHAB,CY000,2004,8.3
A,P_MHAB,CY000,2005,22.904
A,P_MHAB,CY000,2006,8.508
A,P_MHAB,CY000,2007,13.629
A,P_MHAB,CY000,2008,14.491
A,P_MHAB,CY000,2009,19.111
A,P_MHAB,CY000,2010,9.363
A,P_MHAB,CY000,2011,6.704
A,P_MHAB,CY000,2012,2.9
A,P_MHAB,CZ01,1992,4.725
A,P_MHAB,CZ01,1993,6.876
A,P_MHAB,CZ01,2000,13.018
A,P_MHAB,CZ01,2001,17.959
A,P_MHAB,CZ01,2002,18.353
A,P_MHAB,CZ01,2003,18.757
A,P_MHAB,CZ01,2004,27.564
A,P_MHAB,CZ01,2005,22.5
A,P_MHAB,CZ01,2006,32.584
A,P_MHAB,CZ01,2007,40.956
A,P_MHAB,CZ01,2008,31.819
A,P_MHAB,CZ01,2009,24.203
A,P_MHAB,CZ01,2010,34.432
A,P_MHAB,CZ01,2011,33.856
A,P_MHAB,CZ01,2012,30.548
A,P_MHAB,CZ010,1992,4.725
A,P_MHAB,CZ010,1993,6.876
A,P_MHAB,CZ010,2000,13.018
A,P_MHAB,CZ010,2001,17.959
A,P_MHAB,CZ010,2002,18.353
A,P_MHAB,CZ010,2003,18.757
A,P_MHAB,CZ010,2004,27.564
A,P_MHAB,CZ010,2005,22.5
A,P_MHAB,CZ010,2006,32.584
A,P_MHAB,CZ010,2007,40.956
A,P_MHAB,CZ010,2008,31.819
A,P_MHAB,CZ010,2009,24.203
A,P_MHAB,CZ010,2010,34.432
A,P_MHAB,CZ010,2011,33.856
A,P_MHAB,CZ010,2012,30.548
A,P_MHAB,CZ02,1993,0.18
A,P_MHAB,CZ02,2000,1.953
A,P_MHAB,CZ02,2001,5.011
A,P_MHAB,CZ02,2002,8.631
A,P_MHAB,CZ02,2003,7.354
A,P_MHAB,CZ02,2004,8.682
A,P_MHAB,CZ02,2005,13.419
A,P_MHAB,CZ02,2006,16.902
A,P_MHAB,CZ02,2007,18.784
A,P_MHAB,CZ02,2008,28.406
A,P_MHAB,CZ02,2009,14.849
A,P_MHAB,CZ02,2010,17.79
A,P_MHAB,CZ02,2011,18.19
A,P_MHAB,CZ02,2012,13.546
A,P_MHAB,CZ020,1993,0.18
A,P_MHAB,CZ020,2000,1.953
A,P_MHAB,CZ020,2001,5.011
A,P_MHAB,CZ020,2002,8.631
A,P_MHAB,CZ020,2003,7.354
A,P_MHAB,CZ020,2004,8.682
A,P_MHAB,CZ020,2005,13.419
A,P_MHAB,CZ020,2006,16.902
A,P_MHAB,CZ020,2007,18.784
A,P_MHAB,CZ020,2008,28.406
A,P_MHAB,CZ020,2009,14.849
A,P_MHAB,CZ020,2010,17.79
A,P_MHAB,CZ020,2011,18.19
A,P_MHAB,CZ020,2012,13.546
A,P_MHAB,CZ03,1993,0.279
A,P_MHAB,CZ03,2000,0.637
A,P_MHAB,CZ03,2001,7.21
A,P_MHAB,CZ03,2002,7.412
A,P_MHAB,CZ03,2003,5.01
A,P_MHAB,CZ03,2004,5.595
A,P_MHAB,CZ03,2005,8.351
A,P_MHAB,CZ03,2006,9.652
A,P_MHAB,CZ03,2007,10.705
A,P_MHAB,CZ03,2008,22.121
A,P_MHAB,CZ03,2009,6.761
A,P_MHAB,CZ03,2010,7.215
A,P_MHAB,CZ03,2011,10.878
A,P_MHAB,CZ03,2012,6.491
A,P_MHAB,CZ031,2001,10.363
A,P_MHAB,CZ031,2002,6.889
A,P_MHAB,CZ031,2003,2.274
A,P_MHAB,CZ031,2004,7.462
A,P_MHAB,CZ031,2005,7.817
A,P_MHAB,CZ031,2006,11.55
A,P_MHAB,CZ031,2007,15.209
A,P_MHAB,CZ031,2008,23.428
A,P_MHAB,CZ031,2009,5.492
A,P_MHAB,CZ031,2010,7.924
A,P_MHAB,CZ031,2011,13.857
A,P_MHAB,CZ031,2012,4.983
A,P_MHAB,CZ032,1993,0.593
A,P_MHAB,CZ032,2001,3.631
A,P_MHAB,CZ032,2002,8.007
A,P_MHAB,CZ032,2003,8.14
A,P_MHAB,CZ032,2004,3.474
A,P_MHAB,CZ032,2005,8.959
A,P_MHAB,CZ032,2006,7.496
A,P_MHAB,CZ032,2007,5.597
A,P_MHAB,CZ032,2008,20.65
A,P_MHAB,CZ032,2009,8.175
A,P_MHAB,CZ032,2010,6.427
A,P_MHAB,CZ032,2011,7.562
A,P_MHAB,CZ032,2012,8.186
A,P_MHAB,CZ04,1993,0.443
A,P_MHAB,CZ04,2000,2.5
A,P_MHAB,CZ04,2001,1.778
A,P_MHAB,CZ04,2002,0.446
A,P_MHAB,CZ04,2003,3.726
A,P_MHAB,CZ04,2004,2.229
A,P_MHAB,CZ04,2005,4.705
A,P_MHAB,CZ04,2006,4.324
A,P_MHAB,CZ04,2007,3.346
A,P_MHAB,CZ04,2008,5.927
A,P_MHAB,CZ04,2009,10.318
A,P_MHAB,CZ04,2010,4.341
A,P_MHAB,CZ04,2011,14.635
A,P_MHAB,CZ04,2012,7.072
A,P_MHAB,CZ041,1993,1.645
A,P_MHAB,CZ041,2003,6.919
A,P_MHAB,CZ041,2004,4.948
A,P_MHAB,CZ041,2005,9.897
A,P_MHAB,CZ041,2006,9.92
A,P_MHAB,CZ041,2007,7.442
A,P_MHAB,CZ041,2008,19.684
A,P_MHAB,CZ041,2009,21.283
A,P_MHAB,CZ041,2011,31.863
A,P_MHAB,CZ041,2012,10.456
A,P_MHAB,CZ042,2001,2.438
A,P_MHAB,CZ042,2002,0.611
A,P_MHAB,CZ042,2003,2.542
A,P_MHAB,CZ042,2004,1.222
A,P_MHAB,CZ042,2005,2.784
A,P_MHAB,CZ042,2006,2.258
A,P_MHAB,CZ042,2007,1.833
A,P_MHAB,CZ042,2008,0.848
A,P_MHAB,CZ042,2009,6.281
A,P_MHAB,CZ042,2010,5.934
A,P_MHAB,CZ042,2011,8.305
A,P_MHAB,CZ042,2012,5.833
A,P_MHAB,CZ05,1992,2.351
A,P_MHAB,CZ05,1993,4.002
A,P_MHAB,CZ05,2000,9.178
A,P_MHAB,CZ05,2001,5.896
A,P_MHAB,CZ05,2002,13.232
A,P_MHAB,CZ05,2003,15.539
A,P_MHAB,CZ05,2004,16.242
A,P_MHAB,CZ05,2005,15.071
A,P_MHAB,CZ05,2006,15.258
A,P_MHAB,CZ05,2007,19.353
A,P_MHAB,CZ05,2008,17.616
A,P_MHAB,CZ05,2009,21.285
A,P_MHAB,CZ05,2010,23.067
A,P_MHAB,CZ05,2011,30.946
A,P_MHAB,CZ05,2012,27.159
A,P_MHAB,CZ051,1992,3.521
A,P_MHAB,CZ051,1993,5.077
A,P_MHAB,CZ051,2001,7.472
A,P_MHAB,CZ051,2002,15.1
A,P_MHAB,CZ051,2003,28.347
A,P_MHAB,CZ051,2004,22.224
A,P_MHAB,CZ051,2005,26.184
A,P_MHAB,CZ051,2006,22.322
A,P_MHAB,CZ051,2007,29.068
A,P_MHAB,CZ051,2008,21.836
A,P_MHAB,CZ051,2009,30.355
A,P_MHAB,CZ051,2010,27.456
A,P_MHAB,CZ051,2011,32.951
A,P_MHAB,CZ051,2012,23.894
A,P_MHAB,CZ052,1993,3.61
A,P_MHAB,CZ052,2001,1.815
A,P_MHAB,CZ052,2002,9.558
A,P_MHAB,CZ052,2003,4.87
A,P_MHAB,CZ052,2004,12.843
A,P_MHAB,CZ052,2005,10.968
A,P_MHAB,CZ052,2006,13.175
A,P_MHAB,CZ052,2007,11.98
A,P_MHAB,CZ052,2008,14.317
A,P_MHAB,CZ052,2009,21.206
A,P_MHAB,CZ052,2010,17.003
A,P_MHAB,CZ052,2011,27.031
A,P_MHAB,CZ052,2012,20.637
A,P_MHAB,CZ053,1992,3.927
A,P_MHAB,CZ053,1993,3.527
A,P_MHAB,CZ053,2001,8.991
A,P_MHAB,CZ053,2002,15.639
A,P_MHAB,CZ053,2003,16.296
A,P_MHAB,CZ053,2004,14.869
A,P_MHAB,CZ053,2005,10.144
A,P_MHAB,CZ053,2006,11.536
A,P_MHAB,CZ053,2007,19.093
A,P_MHAB,CZ053,2008,17.589
A,P_MHAB,CZ053,2009,13.69
A,P_MHAB,CZ053,2010,25.865
A,P_MHAB,CZ053,2011,33.452
A,P_MHAB,CZ053,2012,36.909
A,P_MHAB,CZ06,1992,2.91
A,P_MHAB,CZ06,1993,1.401
A,P_MHAB,CZ06,2000,7.988
A,P_MHAB,CZ06,2001,5.494
A,P_MHAB,CZ06,2002,11.289
A,P_MHAB,CZ06,2003,16.309
A,P_MHAB,CZ06,2004,8.457
A,P_MHAB,CZ06,2005,9.976
A,P_MHAB,CZ06,2006,15.001
A,P_MHAB,CZ06,2007,22.813
A,P_MHAB,CZ06,2008,23.975
A,P_MHAB,CZ06,2009,19.673
A,P_MHAB,CZ06,2010,25.7
A,P_MHAB,CZ06,2011,23.361
A,P_MHAB,CZ06,2012,27.421
A,P_MHAB,CZ063,1993,0.252
A,P_MHAB,CZ063,2001,1.308
A,P_MHAB,CZ063,2002,3.209
A,P_MHAB,CZ063,2003,7.352
A,P_MHAB,CZ063,2004,1.53
A,P_MHAB,CZ063,2005,1.532
A,P_MHAB,CZ063,2006,2.454
A,P_MHAB,CZ063,2007,10.116
A,P_MHAB,CZ063,2008,15.688
A,P_MHAB,CZ063,2009,3.974
A,P_MHAB,CZ063,2010,19.072
A,P_MHAB,CZ063,2011,4.158
A,P_MHAB,CZ063,2012,11.232
A,P_MHAB,CZ064,1992,4.217
A,P_MHAB,CZ064,1993,1.917
A,P_MHAB,CZ064,2001,7.383
A,P_MHAB,CZ064,2002,14.936
A,P_MHAB,CZ064,2003,20.351
A,P_MHAB,CZ064,2004,11.576
A,P_MHAB,CZ064,2005,13.769
A,P_MHAB,CZ064,2006,20.629
A,P_MHAB,CZ064,2007,28.5
A,P_MHAB,CZ064,2008,27.677
A,P_MHAB,CZ064,2009,26.652
A,P_MHAB,CZ064,2010,28.623
A,P_MHAB,CZ064,2011,31.823
A,P_MHAB,CZ064,2012,34.528
A,P_MHAB,CZ07,1992,1.605
A,P_MHAB,CZ07,1993,1.601
A,P_MHAB,CZ07,2000,6.635
A,P_MHAB,CZ07,2001,5.891
A,P_MHAB,CZ07,2002,3.947
A,P_MHAB,CZ07,2003,5.497
A,P_MHAB,CZ07,2004,8.065
A,P_MHAB,CZ07,2005,3.484
A,P_MHAB,CZ07,2006,13.422
A,P_MHAB,CZ07,2007,16.625
A,P_MHAB,CZ07,2008,18.144
A,P_MHAB,CZ07,2009,24.634
A,P_MHAB,CZ07,2010,16.44
A,P_MHAB,CZ07,2011,16.752
A,P_MHAB,CZ07,2012,10.76
A,P_MHAB,CZ071,1992,1.543
A,P_MHAB,CZ071,2001,3.447
A,P_MHAB,CZ071,2002,4.716
A,P_MHAB,CZ071,2003,3.31
A,P_MHAB,CZ071,2004,8.348
A,P_MHAB,CZ071,2005,3.26
A,P_MHAB,CZ071,2006,12.032
A,P_MHAB,CZ071,2007,14.328
A,P_MHAB,CZ071,2008,20.594
A,P_MHAB,CZ071,2009,26.233
A,P_MHAB,CZ071,2010,16.531
A,P_MHAB,CZ071,2011,14.835
A,P_MHAB,CZ071,2012,13.106
A,P_MHAB,CZ072,1992,1.672
A,P_MHAB,CZ072,1993,3.336
A,P_MHAB,CZ072,2001,8.537
A,P_MHAB,CZ072,2002,3.115
A,P_MHAB,CZ072,2003,7.877
A,P_MHAB,CZ072,2004,7.76
A,P_MHAB,CZ072,2005,3.727
A,P_MHAB,CZ072,2006,14.926
A,P_MHAB,CZ072,2007,19.111
A,P_MHAB,CZ072,2008,15.489
A,P_MHAB,CZ072,2009,22.902
A,P_MHAB,CZ072,2010,16.342
A,P_MHAB,CZ072,2011,18.828
A,P_MHAB,CZ072,2012,8.234
A,P_MHAB,CZ08,1992,0.781
A,P_MHAB,CZ08,1993,0.779
A,P_MHAB,CZ08,2000,6.547
A,P_MHAB,CZ08,2001,6.117
A,P_MHAB,CZ08,2002,5.291
A,P_MHAB,CZ08,2003,11.375
A,P_MHAB,CZ08,2004,9.45
A,P_MHAB,CZ08,2005,5.867
A,P_MHAB,CZ08,2006,8.453
A,P_MHAB,CZ08,2007,10.351
A,P_MHAB,CZ08,2008,7.272
A,P_MHAB,CZ08,2009,7.814
A,P_MHAB,CZ08,2010,9.595
A,P_MHAB,CZ08,2011,10.772
A,P_MHAB,CZ08,2012,6.663
A,P_MHAB,CZ080,1992,0.781
A,P_MHAB,CZ080,1993,0.779
A,P_MHAB,CZ080,2000,6.547
A,P_MHAB,CZ080,2001,6.117
A,P_MHAB,CZ080,2002,5.291
A,P_MHAB,CZ080,2003,11.375
A,P_MHAB,CZ080,2004,9.45
A,P_MHAB,CZ080,2005,5.867
A,P_MHAB,CZ080,2006,8.453
A,P_MHAB,CZ080,2007,10.351
A,P_MHAB,CZ080,2008,7.272
A,P_MHAB,CZ080,2009,7.814
A,P_MHAB,CZ080,2010,9.595
A,P_MHAB,CZ080,2011,10.772
A,P_MHAB,CZ080,2012,6.663
A,P_MHAB,DE11,2000,656.091
A,P_MHAB,DE11,2001,687.944
A,P_MHAB,DE11,2002,668.631
A,P_MHAB,DE11,2003,644.607
A,P_MHAB,DE11,2004,651.983
A,P_MHAB,DE11,2005,663.629
A,P_MHAB,DE11,2006,656.852
A,P_MHAB,DE11,2007,662.459
A,P_MHAB,DE11,2008,597.603
A,P_MHAB,DE11,2009,617.104
A,P_MHAB,DE11,2010,619.079
A,P_MHAB,DE11,2011,607.242
A,P_MHAB,DE11,2012,430.743
A,P_MHAB,DE111,2000,799.718
A,P_MHAB,DE111,2001,870.188
A,P_MHAB,DE111,2002,849.865
A,P_MHAB,DE111,2003,771.891
A,P_MHAB,DE111,2004,790.378
A,P_MHAB,DE111,2005,747.016
A,P_MHAB,DE111,2006,751.339
A,P_MHAB,DE111,2007,831.387
A,P_MHAB,DE111,2008,769.02
A,P_MHAB,DE111,2009,759.147
A,P_MHAB,DE111,2010,756.857
A,P_MHAB,DE111,2011,675.994
A,P_MHAB,DE111,2012,520.923
A,P_MHAB,DE112,2000,742.692
A,P_MHAB,DE112,2001,911.101
A,P_MHAB,DE112,2002,796.944
A,P_MHAB,DE112,2003,751.019
A,P_MHAB,DE112,2004,732.596
A,P_MHAB,DE112,2005,800.671
A,P_MHAB,DE112,2006,684.258
A,P_MHAB,DE112,2007,658.655
A,P_MHAB,DE112,2008,639.052
A,P_MHAB,DE112,2009,593.251
A,P_MHAB,DE112,2010,622.201
A,P_MHAB,DE112,2011,588.186
A,P_MHAB,DE112,2012,477.663
A,P_MHAB,DE113,2000,687.449
A,P_MHAB,DE113,2001,694.375
A,P_MHAB,DE113,2002,751.474
A,P_MHAB,DE113,2003,734.178
A,P_MHAB,DE113,2004,713.127
A,P_MHAB,DE113,2005,703.033
A,P_MHAB,DE113,2006,873.65
A,P_MHAB,DE113,2007,883.569
A,P_MHAB,DE113,2008,550.648
A,P_MHAB,DE113,2009,591.105
A,P_MHAB,DE113,2010,643.56
A,P_MHAB,DE113,2011,613.134
A,P_MHAB,DE113,2012,495.877
A,P_MHAB,DE114,2000,403.34
A,P_MHAB,DE114,2001,322.635
A,P_MHAB,DE114,2002,442.653
A,P_MHAB,DE114,2003,391.972
A,P_MHAB,DE114,2004,494.42
A,P_MHAB,DE114,2005,389.528
A,P_MHAB,DE114,2006,419.849
A,P_MHAB,DE114,2007,396.199
A,P_MHAB,DE114,2008,326.144
A,P_MHAB,DE114,2009,329.745
A,P_MHAB,DE114,2010,458.777
A,P_MHAB,DE114,2011,435.323
A,P_MHAB,DE114,2012,296.307
A,P_MHAB,DE115,2000,1300.291
A,P_MHAB,DE115,2001,1366.129
A,P_MHAB,DE115,2002,1131.115
A,P_MHAB,DE115,2003,1101.662
A,P_MHAB,DE115,2004,1091.859
A,P_MHAB,DE115,2005,1178.673
A,P_MHAB,DE115,2006,1073.352
A,P_MHAB,DE115,2007,1045.666
A,P_MHAB,DE115,2008,1049.955
A,P_MHAB,DE115,2009,1046.951
A,P_MHAB,DE115,2010,1062.948
A,P_MHAB,DE115,2011,1108.661
A,P_MHAB,DE115,2012,726.526
A,P_MHAB,DE116,2000,444.657
A,P_MHAB,DE116,2001,456.76
A,P_MHAB,DE116,2002,545.914
A,P_MHAB,DE116,2003,561.063
A,P_MHAB,DE116,2004,519.76
A,P_MHAB,DE116,2005,495.373
A,P_MHAB,DE116,2006,472.879
A,P_MHAB,DE116,2007,497.954
A,P_MHAB,DE116,2008,480.305
A,P_MHAB,DE116,2009,515.573
A,P_MHAB,DE116,2010,494.255
A,P_MHAB,DE116,2011,571.696
A,P_MHAB,DE116,2012,312.759
A,P_MHAB,DE117,2000,370.212
A,P_MHAB,DE117,2001,290.264
A,P_MHAB,DE117,2002,332.548
A,P_MHAB,DE117,2003,303.522
A,P_MHAB,DE117,2004,434.033
A,P_MHAB,DE117,2005,431.586
A,P_MHAB,DE117,2006,453.899
A,P_MHAB,DE117,2007,373.69
A,P_MHAB,DE117,2008,289.738
A,P_MHAB,DE117,2009,342.184
A,P_MHAB,DE117,2010,314.749
A,P_MHAB,DE117,2011,319.501
A,P_MHAB,DE117,2012,210.37
A,P_MHAB,DE118,2000,361.643
A,P_MHAB,DE118,2001,363.727
A,P_MHAB,DE118,2002,337.702
A,P_MHAB,DE118,2003,322.779
A,P_MHAB,DE118,2004,404.073
A,P_MHAB,DE118,2005,396.727
A,P_MHAB,DE118,2006,332.41
A,P_MHAB,DE118,2007,305.929
A,P_MHAB,DE118,2008,346.834
A,P_MHAB,DE118,2009,365.042
A,P_MHAB,DE118,2010,424.55
A,P_MHAB,DE118,2011,387.375
A,P_MHAB,DE118,2012,281.081
A,P_MHAB,DE119,2000,331.525
A,P_MHAB,DE119,2001,269.132
A,P_MHAB,DE119,2002,214.837
A,P_MHAB,DE119,2003,355.007
A,P_MHAB,DE119,2004,247.46
A,P_MHAB,DE119,2005,475.783
A,P_MHAB,DE119,2006,342.15
A,P_MHAB,DE119,2007,421.904
A,P_MHAB,DE119,2008,338.944
A,P_MHAB,DE119,2009,486.123
A,P_MHAB,DE119,2010,454.195
A,P_MHAB,DE119,2011,338.986
A,P_MHAB,DE119,2012,348.978
A,P_MHAB,DE11A,2000,258.577
A,P_MHAB,DE11A,2001,165.08
A,P_MHAB,DE11A,2002,191.478
A,P_MHAB,DE11A,2003,355.365
A,P_MHAB,DE11A,2004,252.489
A,P_MHAB,DE11A,2005,244.339
A,P_MHAB,DE11A,2006,291.117
A,P_MHAB,DE11A,2007,303.36
A,P_MHAB,DE11A,2008,259.287
A,P_MHAB,DE11A,2009,313.177
A,P_MHAB,DE11A,2010,282.468
A,P_MHAB,DE11A,2011,207.303
A,P_MHAB,DE11A,2012,223.774
A,P_MHAB,DE11B,2000,252.889
A,P_MHAB,DE11B,2001,260.33
A,P_MHAB,DE11B,2002,282.602
A,P_MHAB,DE11B,2003,282.844
A,P_MHAB,DE11B,2004,225.497
A,P_MHAB,DE11B,2005,193.849
A,P_MHAB,DE11B,2006,295.281
A,P_MHAB,DE11B,2007,224.291
A,P_MHAB,DE11B,2008,178.008
A,P_MHAB,DE11B,2009,296.43
A,P_MHAB,DE11B,2010,188.733
A,P_MHAB,DE11B,2011,251.142
A,P_MHAB,DE11B,2012,209.485
A,P_MHAB,DE11C,2000,976.477
A,P_MHAB,DE11C,2001,1054.199
A,P_MHAB,DE11C,2002,1034.913
A,P_MHAB,DE11C,2003,1096.256
A,P_MHAB,DE11C,2004,1182.218
A,P_MHAB,DE11C,2005,1192.527
A,P_MHAB,DE11C,2006,1116.043
A,P_MHAB,DE11C,2007,1174.98
A,P_MHAB,DE11C,2008,1447.444
A,P_MHAB,DE11C,2009,1214.629
A,P_MHAB,DE11C,2010,953.1
A,P_MHAB,DE11C,2011,1047.469
A,P_MHAB,DE11C,2012,510.255
A,P_MHAB,DE11D,2000,491.194
A,P_MHAB,DE11D,2001,566.808
A,P_MHAB,DE11D,2002,572.928
A,P_MHAB,DE11D,2003,418.585
A,P_MHAB,DE11D,2004,470.374
A,P_MHAB,DE11D,2005,555.517
A,P_MHAB,DE11D,2006,560.487
A,P_MHAB,DE11D,2007,553.569
A,P_MHAB,DE11D,2008,431.785
A,P_MHAB,DE11D,2009,563.595
A,P_MHAB,DE11D,2010,500.37
A,P_MHAB,DE11D,2011,487.138
A,P_MHAB,DE11D,2012,320.719
A,P_MHAB,DE12,2000,410.652
A,P_MHAB,DE12,2001,447.612
A,P_MHAB,DE12,2002,473.825
A,P_MHAB,DE12,2003,511.573
A,P_MHAB,DE12,2004,532.828
A,P_MHAB,DE12,2005,548.554
A,P_MHAB,DE12,2006,562.029
A,P_MHAB,DE12,2007,520.283
A,P_MHAB,DE12,2008,469.982
A,P_MHAB,DE12,2009,507.984
A,P_MHAB,DE12,2010,487.297
A,P_MHAB,DE12,2011,479.997
A,P_MHAB,DE12,2012,364.031
A,P_MHAB,DE121,2000,200.657
A,P_MHAB,DE121,2001,281.06
A,P_MHAB,DE121,2002,226.999
A,P_MHAB,DE121,2003,164.234
A,P_MHAB,DE121,2004,264.563
A,P_MHAB,DE121,2005,527.43
A,P_MHAB,DE121,2006,484.967
A,P_MHAB,DE121,2007,397.776
A,P_MHAB,DE121,2008,375.914
A,P_MHAB,DE121,2009,292.276
A,P_MHAB,DE121,2010,228.282
A,P_MHAB,DE121,2011,341.262
A,P_MHAB,DE121,2012,342.998
A,P_MHAB,DE122,2000,375.896
A,P_MHAB,DE122,2001,351.022
A,P_MHAB,DE122,2002,458.548
A,P_MHAB,DE122,2003,523.044
A,P_MHAB,DE122,2004,517.808
A,P_MHAB,DE122,2005,533.321
A,P_MHAB,DE122,2006,496.77
A,P_MHAB,DE122,2007,406.039
A,P_MHAB,DE122,2008,383.051
A,P_MHAB,DE122,2009,456.909
A,P_MHAB,DE122,2010,422.594
A,P_MHAB,DE122,2011,439.135
A,P_MHAB,DE122,2012,322.702
A,P_MHAB,DE123,2000,486.734
A,P_MHAB,DE123,2001,451.288
A,P_MHAB,DE123,2002,501.097
A,P_MHAB,DE123,2003,538.133
A,P_MHAB,DE123,2004,491.913
A,P_MHAB,DE123,2005,477.386
A,P_MHAB,DE123,2006,506.584
A,P_MHAB,DE123,2007,568.164
A,P_MHAB,DE123,2008,434.998
A,P_MHAB,DE123,2009,498.075
A,P_MHAB,DE123,2010,513.292
A,P_MHAB,DE123,2011,512.318
A,P_MHAB,DE123,2012,385.748
A,P_MHAB,DE124,2000,535.277
A,P_MHAB,DE124,2001,581.074
A,P_MHAB,DE124,2002,645.404
A,P_MHAB,DE124,2003,569.421
A,P_MHAB,DE124,2004,841.05
A,P_MHAB,DE124,2005,810.287
A,P_MHAB,DE124,2006,759.168
A,P_MHAB,DE124,2007,647.439
A,P_MHAB,DE124,2008,469.927
A,P_MHAB,DE124,2009,613.136
A,P_MHAB,DE124,2010,530.029
A,P_MHAB,DE124,2011,530.052
A,P_MHAB,DE124,2012,358.745
A,P_MHAB,DE125,2000,667.278
A,P_MHAB,DE125,2001,922.864
A,P_MHAB,DE125,2002,909.624
A,P_MHAB,DE125,2003,1010.065
A,P_MHAB,DE125,2004,822.474
A,P_MHAB,DE125,2005,672.848
A,P_MHAB,DE125,2006,807.872
A,P_MHAB,DE125,2007,589.488
A,P_MHAB,DE125,2008,673.727
A,P_MHAB,DE125,2009,859.573
A,P_MHAB,DE125,2010,766.321
A,P_MHAB,DE125,2011,818.331
A,P_MHAB,DE125,2012,427.78
A,P_MHAB,DE126,2000,350.437
A,P_MHAB,DE126,2001,363.22
A,P_MHAB,DE126,2002,365.906
A,P_MHAB,DE126,2003,442.611
A,P_MHAB,DE126,2004,537.209
A,P_MHAB,DE126,2005,695.97
A,P_MHAB,DE126,2006,693.732
A,P_MHAB,DE126,2007,661.581
A,P_MHAB,DE126,2008,515.986
A,P_MHAB,DE126,2009,529.514
A,P_MHAB,DE126,2010,536.784
A,P_MHAB,DE126,2011,542.893
A,P_MHAB,DE126,2012,327.723
A,P_MHAB,DE127,2000,120.789
A,P_MHAB,DE127,2001,118.656
A,P_MHAB,DE127,2002,175.893
A,P_MHAB,DE127,2003,102.881
A,P_MHAB,DE127,2004,149.947
A,P_MHAB,DE127,2005,253.423
A,P_MHAB,DE127,2006,153.889
A,P_MHAB,DE127,2007,203.637
A,P_MHAB,DE127,2008,143.409
A,P_MHAB,DE127,2009,189.63
A,P_MHAB,DE127,2010,171.739
A,P_MHAB,DE127,2011,142.579
A,P_MHAB,DE127,2012,150.18
A,P_MHAB,DE128,2000,452.952
A,P_MHAB,DE128,2001,502.988
A,P_MHAB,DE128,2002,548.716
A,P_MHAB,DE128,2003,646.843
A,P_MHAB,DE128,2004,643.357
A,P_MHAB,DE128,2005,595.453
A,P_MHAB,DE128,2006,602.03
A,P_MHAB,DE128,2007,622.103
A,P_MHAB,DE128,2008,679.453
A,P_MHAB,DE128,2009,632.169
A,P_MHAB,DE128,2010,598.902
A,P_MHAB,DE128,2011,603.171
A,P_MHAB,DE128,2012,545.284
A,P_MHAB,DE129,2000,130.772
A,P_MHAB,DE129,2001,105.927
A,P_MHAB,DE129,2002,156.777
A,P_MHAB,DE129,2003,201.12
A,P_MHAB,DE129,2004,255.951
A,P_MHAB,DE129,2005,148.258
A,P_MHAB,DE129,2006,207.778
A,P_MHAB,DE129,2007,202.004
A,P_MHAB,DE129,2008,151.06
A,P_MHAB,DE129,2009,220.629
A,P_MHAB,DE129,2010,267.806
A,P_MHAB,DE129,2011,202.286
A,P_MHAB,DE129,2012,204.707
A,P_MHAB,DE12A,2000,216.433
A,P_MHAB,DE12A,2001,270.133
A,P_MHAB,DE12A,2002,250.133
A,P_MHAB,DE12A,2003,263.381
A,P_MHAB,DE12A,2004,302.556
A,P_MHAB,DE12A,2005,328.174
A,P_MHAB,DE12A,2006,269.76
A,P_MHAB,DE12A,2007,290.443
A,P_MHAB,DE12A,2008,285.26
A,P_MHAB,DE12A,2009,214.427
A,P_MHAB,DE12A,2010,255.987
A,P_MHAB,DE12A,2011,215.17
A,P_MHAB,DE12A,2012,161.931
A,P_MHAB,DE12B,2000,514.484
A,P_MHAB,DE12B,2001,657.447
A,P_MHAB,DE12B,2002,609.935
A,P_MHAB,DE12B,2003,583.867
A,P_MHAB,DE12B,2004,580.052
A,P_MHAB,DE12B,2005,640.035
A,P_MHAB,DE12B,2006,769.231
A,P_MHAB,DE12B,2007,578.918
A,P_MHAB,DE12B,2008,480.361
A,P_MHAB,DE12B,2009,545.324
A,P_MHAB,DE12B,2010,553.265
A,P_MHAB,DE12B,2011,482.381
A,P_MHAB,DE12B,2012,383.461
A,P_MHAB,DE12C,2000,481.402
A,P_MHAB,DE12C,2001,542.665
A,P_MHAB,DE12C,2002,399.73
A,P_MHAB,DE12C,2003,462.4
A,P_MHAB,DE12C,2004,398.222
A,P_MHAB,DE12C,2005,533.385
A,P_MHAB,DE12C,2006,680.785
A,P_MHAB,DE12C,2007,460.683
A,P_MHAB,DE12C,2008,501.703
A,P_MHAB,DE12C,2009,539.119
A,P_MHAB,DE12C,2010,425.74
A,P_MHAB,DE12C,2011,334.59
A,P_MHAB,DE12C,2012,261.714
A,P_MHAB,DE13,2000,397.819
A,P_MHAB,DE13,2001,377.124
A,P_MHAB,DE13,2002,433.957
A,P_MHAB,DE13,2003,469.334
A,P_MHAB,DE13,2004,456.909
A,P_MHAB,DE13,2005,530.021
A,P_MHAB,DE13,2006,512.898
A,P_MHAB,DE13,2007,503.862
A,P_MHAB,DE13,2008,473.495
A,P_MHAB,DE13,2009,466.826
A,P_MHAB,DE13,2010,426.117
A,P_MHAB,DE13,2011,409.808
A,P_MHAB,DE13,2012,367.635
A,P_MHAB,DE131,2000,278.136
A,P_MHAB,DE131,2001,292.245
A,P_MHAB,DE131,2002,332.991
A,P_MHAB,DE131,2003,459.773
A,P_MHAB,DE131,2004,373.797
A,P_MHAB,DE131,2005,430.845
A,P_MHAB,DE131,2006,533.093
A,P_MHAB,DE131,2007,496.261
A,P_MHAB,DE131,2008,427.471
A,P_MHAB,DE131,2009,406.892
A,P_MHAB,DE131,2010,474.937
A,P_MHAB,DE131,2011,390.604
A,P_MHAB,DE131,2012,430.603
A,P_MHAB,DE132,2000,276.877
A,P_MHAB,DE132,2001,273.587
A,P_MHAB,DE132,2002,325.786
A,P_MHAB,DE132,2003,290.411
A,P_MHAB,DE132,2004,294.896
A,P_MHAB,DE132,2005,432.488
A,P_MHAB,DE132,2006,345.402
A,P_MHAB,DE132,2007,401.179
A,P_MHAB,DE132,2008,415.496
A,P_MHAB,DE132,2009,408.584
A,P_MHAB,DE132,2010,336.557
A,P_MHAB,DE132,2011,327.382
A,P_MHAB,DE132,2012,250.033
A,P_MHAB,DE133,2000,433.759
A,P_MHAB,DE133,2001,363.441
A,P_MHAB,DE133,2002,411.891
A,P_MHAB,DE133,2003,349.954
A,P_MHAB,DE133,2004,333.14
A,P_MHAB,DE133,2005,467.998
A,P_MHAB,DE133,2006,510.375
A,P_MHAB,DE133,2007,475.694
A,P_MHAB,DE133,2008,512.089
A,P_MHAB,DE133,2009,374.714
A,P_MHAB,DE133,2010,398.755
A,P_MHAB,DE133,2011,468.101
A,P_MHAB,DE133,2012,462.033
A,P_MHAB,DE134,2000,275.809
A,P_MHAB,DE134,2001,215.35
A,P_MHAB,DE134,2002,249.264
A,P_MHAB,DE134,2003,287.065
A,P_MHAB,DE134,2004,288.13
A,P_MHAB,DE134,2005,283.506
A,P_MHAB,DE134,2006,310.727
A,P_MHAB,DE134,2007,359.544
A,P_MHAB,DE134,2008,336.203
A,P_MHAB,DE134,2009,357.364
A,P_MHAB,DE134,2010,339.447
A,P_MHAB,DE134,2011,316.469
A,P_MHAB,DE134,2012,252.372
A,P_MHAB,DE135,2000,310.393
A,P_MHAB,DE135,2001,285.931
A,P_MHAB,DE135,2002,466.278
A,P_MHAB,DE135,2003,436.607
A,P_MHAB,DE135,2004,467.602
A,P_MHAB,DE135,2005,667.969
A,P_MHAB,DE135,2006,536.553
A,P_MHAB,DE135,2007,562.621
A,P_MHAB,DE135,2008,386.292
A,P_MHAB,DE135,2009,523.488
A,P_MHAB,DE135,2010,382.875
A,P_MHAB,DE135,2011,490.683
A,P_MHAB,DE135,2012,349.988
A,P_MHAB,DE136,2000,479.187
A,P_MHAB,DE136,2001,424.774
A,P_MHAB,DE136,2002,638.839
A,P_MHAB,DE136,2003,676.664
A,P_MHAB,DE136,2004,712.819
A,P_MHAB,DE136,2005,738.503
A,P_MHAB,DE136,2006,649.252
A,P_MHAB,DE136,2007,594.586
A,P_MHAB,DE136,2008,624.294
A,P_MHAB,DE136,2009,506.251
A,P_MHAB,DE136,2010,430.09
A,P_MHAB,DE136,2011,381.679
A,P_MHAB,DE136,2012,325.196
A,P_MHAB,DE137,2000,407.336
A,P_MHAB,DE137,2001,472.93
A,P_MHAB,DE137,2002,501.546
A,P_MHAB,DE137,2003,450.497
A,P_MHAB,DE137,2004,743.682
A,P_MHAB,DE137,2005,568.741
A,P_MHAB,DE137,2006,850.204
A,P_MHAB,DE137,2007,721.038
A,P_MHAB,DE137,2008,659.69
A,P_MHAB,DE137,2009,891.957
A,P_MHAB,DE137,2010,785.008
A,P_MHAB,DE137,2011,817.876
A,P_MHAB,DE137,2012,756.833
A,P_MHAB,DE138,2000,504.12
A,P_MHAB,DE138,2001,451.043
A,P_MHAB,DE138,2002,467.94
A,P_MHAB,DE138,2003,623.017
A,P_MHAB,DE138,2004,543.548
A,P_MHAB,DE138,2005,629.706
A,P_MHAB,DE138,2006,499.141
A,P_MHAB,DE138,2007,492.262
A,P_MHAB,DE138,2008,457.437
A,P_MHAB,DE138,2009,520.272
A,P_MHAB,DE138,2010,407.703
A,P_MHAB,DE138,2011,377.908
A,P_MHAB,DE138,2012,317.486
A,P_MHAB,DE139,2000,673.543
A,P_MHAB,DE139,2001,719.558
A,P_MHAB,DE139,2002,760.305
A,P_MHAB,DE139,2003,831.297
A,P_MHAB,DE139,2004,698.649
A,P_MHAB,DE139,2005,920.753
A,P_MHAB,DE139,2006,814.612
A,P_MHAB,DE139,2007,737.645
A,P_MHAB,DE139,2008,691.239
A,P_MHAB,DE139,2009,535.904
A,P_MHAB,DE139,2010,537.947
A,P_MHAB,DE139,2011,472.221
A,P_MHAB,DE139,2012,424.433
A,P_MHAB,DE13A,2000,418.748
A,P_MHAB,DE13A,2001,416.444
A,P_MHAB,DE13A,2002,368.361
A,P_MHAB,DE13A,2003,357.657
A,P_MHAB,DE13A,2004,309.535
A,P_MHAB,DE13A,2005,380.412
A,P_MHAB,DE13A,2006,400.421
A,P_MHAB,DE13A,2007,422.748
A,P_MHAB,DE13A,2008,397.907
A,P_MHAB,DE13A,2009,371.862
A,P_MHAB,DE13A,2010,361.273
A,P_MHAB,DE13A,2011,346.816
A,P_MHAB,DE13A,2012,420.456
A,P_MHAB,DE14,2000,405.787
A,P_MHAB,DE14,2001,450.229
A,P_MHAB,DE14,2002,501.496
A,P_MHAB,DE14,2003,455.158
A,P_MHAB,DE14,2004,522.259
A,P_MHAB,DE14,2005,530.118
A,P_MHAB,DE14,2006,577.837
A,P_MHAB,DE14,2007,536.498
A,P_MHAB,DE14,2008,521.396
A,P_MHAB,DE14,2009,519.773
A,P_MHAB,DE14,2010,493.634
A,P_MHAB,DE14,2011,480.669
A,P_MHAB,DE14,2012,359.584
A,P_MHAB,DE141,2000,407.994
A,P_MHAB,DE141,2001,531.34
A,P_MHAB,DE141,2002,501.975
A,P_MHAB,DE141,2003,398.734
A,P_MHAB,DE141,2004,568.71
A,P_MHAB,DE141,2005,560.546
A,P_MHAB,DE141,2006,623.757
A,P_MHAB,DE141,2007,554.079
A,P_MHAB,DE141,2008,507.422
A,P_MHAB,DE141,2009,496.442
A,P_MHAB,DE141,2010,536.403
A,P_MHAB,DE141,2011,517.85
A,P_MHAB,DE141,2012,353.359
A,P_MHAB,DE142,2000,483.988
A,P_MHAB,DE142,2001,606.229
A,P_MHAB,DE142,2002,577.187
A,P_MHAB,DE142,2003,458.419
A,P_MHAB,DE142,2004,550.183
A,P_MHAB,DE142,2005,505.34
A,P_MHAB,DE142,2006,627.318
A,P_MHAB,DE142,2007,615.042
A,P_MHAB,DE142,2008,600.693
A,P_MHAB,DE142,2009,560.011
A,P_MHAB,DE142,2010,607.16
A,P_MHAB,DE142,2011,542.557
A,P_MHAB,DE142,2012,464.237
A,P_MHAB,DE143,2000,235.901
A,P_MHAB,DE143,2001,273.678
A,P_MHAB,DE143,2002,309.737
A,P_MHAB,DE143,2003,375.072
A,P_MHAB,DE143,2004,323.445
A,P_MHAB,DE143,2005,347.739
A,P_MHAB,DE143,2006,390.147
A,P_MHAB,DE143,2007,403.928
A,P_MHAB,DE143,2008,608.465
A,P_MHAB,DE143,2009,488.77
A,P_MHAB,DE143,2010,429.393
A,P_MHAB,DE143,2011,397.998
A,P_MHAB,DE143,2012,360.899
A,P_MHAB,DE144,2000,637.021
A,P_MHAB,DE144,2001,709.698
A,P_MHAB,DE144,2002,814.554
A,P_MHAB,DE144,2003,781.839
A,P_MHAB,DE144,2004,845.443
A,P_MHAB,DE144,2005,732.43
A,P_MHAB,DE144,2006,835.979
A,P_MHAB,DE144,2007,769.981
A,P_MHAB,DE144,2008,724.756
A,P_MHAB,DE144,2009,641.359
A,P_MHAB,DE144,2010,676.649
A,P_MHAB,DE144,2011,592.178
A,P_MHAB,DE144,2012,375.105
A,P_MHAB,DE145,2000,307.192
A,P_MHAB,DE145,2001,406.177
A,P_MHAB,DE145,2002,366.471
A,P_MHAB,DE145,2003,379.758
A,P_MHAB,DE145,2004,341.035
A,P_MHAB,DE145,2005,485.829
A,P_MHAB,DE145,2006,468.899
A,P_MHAB,DE145,2007,473.582
A,P_MHAB,DE145,2008,450.445
A,P_MHAB,DE145,2009,410.813
A,P_MHAB,DE145,2010,389.396
A,P_MHAB,DE145,2011,436.917
A,P_MHAB,DE145,2012,310.865
A,P_MHAB,DE146,2000,421.975
A,P_MHAB,DE146,2001,465.026
A,P_MHAB,DE146,2002,675.055
A,P_MHAB,DE146,2003,555.49
A,P_MHAB,DE146,2004,982.59
A,P_MHAB,DE146,2005,768.129
A,P_MHAB,DE146,2006,820.869
A,P_MHAB,DE146,2007,485.462
A,P_MHAB,DE146,2008,394.417
A,P_MHAB,DE146,2009,467.892
A,P_MHAB,DE146,2010,419.318
A,P_MHAB,DE146,2011,385.607
A,P_MHAB,DE146,2012,312.891
A,P_MHAB,DE147,2000,646.386
A,P_MHAB,DE147,2001,606.182
A,P_MHAB,DE147,2002,625.634
A,P_MHAB,DE147,2003,695.533
A,P_MHAB,DE147,2004,654.078
A,P_MHAB,DE147,2005,687.649
A,P_MHAB,DE147,2006,802.06
A,P_MHAB,DE147,2007,829.657
A,P_MHAB,DE147,2008,824.051
A,P_MHAB,DE147,2009,900.484
A,P_MHAB,DE147,2010,715.469
A,P_MHAB,DE147,2011,709.085
A,P_MHAB,DE147,2012,601.813
A,P_MHAB,DE148,2000,364.069
A,P_MHAB,DE148,2001,341.333
A,P_MHAB,DE148,2002,475.696
A,P_MHAB,DE148,2003,344.25
A,P_MHAB,DE148,2004,317.815
A,P_MHAB,DE148,2005,448.053
A,P_MHAB,DE148,2006,414.761
A,P_MHAB,DE148,2007,478.869
A,P_MHAB,DE148,2008,382.32
A,P_MHAB,DE148,2009,390.923
A,P_MHAB,DE148,2010,417.169
A,P_MHAB,DE148,2011,455.509
A,P_MHAB,DE148,2012,256.379
A,P_MHAB,DE149,2000,164.335
A,P_MHAB,DE149,2001,92.584
A,P_MHAB,DE149,2002,195.854
A,P_MHAB,DE149,2003,221.962
A,P_MHAB,DE149,2004,207.859
A,P_MHAB,DE149,2005,243.995
A,P_MHAB,DE149,2006,241.706
A,P_MHAB,DE149,2007,178.767
A,P_MHAB,DE149,2008,209.487
A,P_MHAB,DE149,2009,337.143
A,P_MHAB,DE149,2010,201.207
A,P_MHAB,DE149,2011,199.67
A,P_MHAB,DE149,2012,146.479
A,P_MHAB,DE21,2000,677.65
A,P_MHAB,DE21,2001,640.252
A,P_MHAB,DE21,2002,568.234
A,P_MHAB,DE21,2003,566.092
A,P_MHAB,DE21,2004,580.009
A,P_MHAB,DE21,2005,591.902
A,P_MHAB,DE21,2006,614.689
A,P_MHAB,DE21,2007,610.849
A,P_MHAB,DE21,2008,565.905
A,P_MHAB,DE21,2009,544.483
A,P_MHAB,DE21,2010,579.588
A,P_MHAB,DE21,2011,548.396
A,P_MHAB,DE21,2012,464.107
A,P_MHAB,DE211,2000,359.936
A,P_MHAB,DE211,2001,330.015
A,P_MHAB,DE211,2002,351.374
A,P_MHAB,DE211,2003,420.045
A,P_MHAB,DE211,2004,325.53
A,P_MHAB,DE211,2005,316.336
A,P_MHAB,DE211,2006,367.476
A,P_MHAB,DE211,2007,309.003
A,P_MHAB,DE211,2008,312.218
A,P_MHAB,DE211,2009,365.544
A,P_MHAB,DE211,2010,675.874
A,P_MHAB,DE211,2011,740.279
A,P_MHAB,DE211,2012,629.833
A,P_MHAB,DE212,2000,845.985
A,P_MHAB,DE212,2001,775.741
A,P_MHAB,DE212,2002,688.273
A,P_MHAB,DE212,2003,650.259
A,P_MHAB,DE212,2004,636.323
A,P_MHAB,DE212,2005,646.322
A,P_MHAB,DE212,2006,717.033
A,P_MHAB,DE212,2007,675.324
A,P_MHAB,DE212,2008,658.461
A,P_MHAB,DE212,2009,603.298
A,P_MHAB,DE212,2010,646.576
A,P_MHAB,DE212,2011,609.214
A,P_MHAB,DE212,2012,515.718
A,P_MHAB,DE213,2000,287.631
A,P_MHAB,DE213,2001,315.916
A,P_MHAB,DE213,2002,279.885
A,P_MHAB,DE213,2003,348.378
A,P_MHAB,DE213,2004,233.047
A,P_MHAB,DE213,2005,307.946
A,P_MHAB,DE213,2006,413.111
A,P_MHAB,DE213,2007,380.17
A,P_MHAB,DE213,2008,373.142
A,P_MHAB,DE213,2009,368.302
A,P_MHAB,DE213,2010,375.676
A,P_MHAB,DE213,2011,291.848
A,P_MHAB,DE213,2012,323.514
A,P_MHAB,DE214,2000,627.542
A,P_MHAB,DE214,2001,472.162
A,P_MHAB,DE214,2002,597.397
A,P_MHAB,DE214,2003,524.592
A,P_MHAB,DE214,2004,675.753
A,P_MHAB,DE214,2005,773.085
A,P_MHAB,DE214,2006,750.547
A,P_MHAB,DE214,2007,675.436
A,P_MHAB,DE214,2008,650.069
A,P_MHAB,DE214,2009,609.066
A,P_MHAB,DE214,2010,540.485
A,P_MHAB,DE214,2011,531.236
A,P_MHAB,DE214,2012,427.033
A,P_MHAB,DE215,2000,285.855
A,P_MHAB,DE215,2001,128.796
A,P_MHAB,DE215,2002,182.358
A,P_MHAB,DE215,2003,173.537
A,P_MHAB,DE215,2004,191.177
A,P_MHAB,DE215,2005,232.244
A,P_MHAB,DE215,2006,199.051
A,P_MHAB,DE215,2007,170.496
A,P_MHAB,DE215,2008,257.66
A,P_MHAB,DE215,2009,225.231
A,P_MHAB,DE215,2010,222.769
A,P_MHAB,DE215,2011,227.564
A,P_MHAB,DE215,2012,168.165
A,P_MHAB,DE216,2000,583.192
A,P_MHAB,DE216,2001,724.118
A,P_MHAB,DE216,2002,619.166
A,P_MHAB,DE216,2003,535.497
A,P_MHAB,DE216,2004,552.678
A,P_MHAB,DE216,2005,613.897
A,P_MHAB,DE216,2006,791.74
A,P_MHAB,DE216,2007,550.005
A,P_MHAB,DE216,2008,471.225
A,P_MHAB,DE216,2009,444.779
A,P_MHAB,DE216,2010,519.106
A,P_MHAB,DE216,2011,533.986
A,P_MHAB,DE216,2012,370.846
A,P_MHAB,DE217,2000,630.763
A,P_MHAB,DE217,2001,705.458
A,P_MHAB,DE217,2002,477.978
A,P_MHAB,DE217,2003,635.457
A,P_MHAB,DE217,2004,568.163
A,P_MHAB,DE217,2005,522.85
A,P_MHAB,DE217,2006,649.789
A,P_MHAB,DE217,2007,617.049
A,P_MHAB,DE217,2008,469.135
A,P_MHAB,DE217,2009,513.154
A,P_MHAB,DE217,2010,444.218
A,P_MHAB,DE217,2011,519.896
A,P_MHAB,DE217,2012,565.687
A,P_MHAB,DE218,2000,642.332
A,P_MHAB,DE218,2001,805.295
A,P_MHAB,DE218,2002,808.281
A,P_MHAB,DE218,2003,603.97
A,P_MHAB,DE218,2004,588.279
A,P_MHAB,DE218,2005,670.637
A,P_MHAB,DE218,2006,743.129
A,P_MHAB,DE218,2007,720.1
A,P_MHAB,DE218,2008,706.171
A,P_MHAB,DE218,2009,604.871
A,P_MHAB,DE218,2010,765.243
A,P_MHAB,DE218,2011,572.992
A,P_MHAB,DE218,2012,552.065
A,P_MHAB,DE219,2000,299.755
A,P_MHAB,DE219,2001,339.325
A,P_MHAB,DE219,2002,337.352
A,P_MHAB,DE219,2003,391.864
A,P_MHAB,DE219,2004,516.052
A,P_MHAB,DE219,2005,322.777
A,P_MHAB,DE219,2006,331.973
A,P_MHAB,DE219,2007,358.075
A,P_MHAB,DE219,2008,299.552
A,P_MHAB,DE219,2009,429.77
A,P_MHAB,DE219,2010,494.471
A,P_MHAB,DE219,2011,625.285
A,P_MHAB,DE219,2012,527.934
A,P_MHAB,DE21A,2000,476.644
A,P_MHAB,DE21A,2001,362.604
A,P_MHAB,DE21A,2002,370.838
A,P_MHAB,DE21A,2003,353.979
A,P_MHAB,DE21A,2004,433.282
A,P_MHAB,DE21A,2005,513.499
A,P_MHAB,DE21A,2006,527.158
A,P_MHAB,DE21A,2007,421.17
A,P_MHAB,DE21A,2008,385.903
A,P_MHAB,DE21A,2009,416.428
A,P_MHAB,DE21A,2010,359.737
A,P_MHAB,DE21A,2011,330.523
A,P_MHAB,DE21A,2012,202.165
A,P_MHAB,DE21B,2000,632.481
A,P_MHAB,DE21B,2001,632.013
A,P_MHAB,DE21B,2002,535.792
A,P_MHAB,DE21B,2003,495.225
A,P_MHAB,DE21B,2004,607.626
A,P_MHAB,DE21B,2005,624.596
A,P_MHAB,DE21B,2006,494.974
A,P_MHAB,DE21B,2007,568.537
A,P_MHAB,DE21B,2008,490.734
A,P_MHAB,DE21B,2009,472.938
A,P_MHAB,DE21B,2010,514.675
A,P_MHAB,DE21B,2011,397.536
A,P_MHAB,DE21B,2012,262.279
A,P_MHAB,DE21C,2000,725.935
A,P_MHAB,DE21C,2001,723.904
A,P_MHAB,DE21C,2002,721.145
A,P_MHAB,DE21C,2003,640.451
A,P_MHAB,DE21C,2004,606.53
A,P_MHAB,DE21C,2005,627.247
A,P_MHAB,DE21C,2006,690.049
A,P_MHAB,DE21C,2007,886.495
A,P_MHAB,DE21C,2008,576.541
A,P_MHAB,DE21C,2009,504.744
A,P_MHAB,DE21C,2010,506.87
A,P_MHAB,DE21C,2011,423.931
A,P_MHAB,DE21C,2012,562.465
A,P_MHAB,DE21D,2000,238.12
A,P_MHAB,DE21D,2001,144.149
A,P_MHAB,DE21D,2002,188.427
A,P_MHAB,DE21D,2003,184.132
A,P_MHAB,DE21D,2004,260.519
A,P_MHAB,DE21D,2005,175.261
A,P_MHAB,DE21D,2006,182.368
A,P_MHAB,DE21D,2007,146.682
A,P_MHAB,DE21D,2008,229.648
A,P_MHAB,DE21D,2009,245.959
A,P_MHAB,DE21D,2010,221.076
A,P_MHAB,DE21D,2011,276.825
A,P_MHAB,DE21D,2012,188.825
A,P_MHAB,DE21E,2000,794.758
A,P_MHAB,DE21E,2001,701.064
A,P_MHAB,DE21E,2002,709.327
A,P_MHAB,DE21E,2003,583.628
A,P_MHAB,DE21E,2004,895.443
A,P_MHAB,DE21E,2005,684.573
A,P_MHAB,DE21E,2006,743.665
A,P_MHAB,DE21E,2007,869.41
A,P_MHAB,DE21E,2008,523.25
A,P_MHAB,DE21E,2009,512.401
A,P_MHAB,DE21E,2010,537.0
A,P_MHAB,DE21E,2011,505.732
A,P_MHAB,DE21E,2012,212.386
A,P_MHAB,DE21F,2000,801.156
A,P_MHAB,DE21F,2001,542.475
A,P_MHAB,DE21F,2002,564.603
A,P_MHAB,DE21F,2003,561.971
A,P_MHAB,DE21F,2004,466.655
A,P_MHAB,DE21F,2005,441.762
A,P_MHAB,DE21F,2006,459.303
A,P_MHAB,DE21F,2007,307.539
A,P_MHAB,DE21F,2008,514.239
A,P_MHAB,DE21F,2009,635.861
A,P_MHAB,DE21F,2010,730.279
A,P_MHAB,DE21F,2011,707.124
A,P_MHAB,DE21F,2012,309.989
A,P_MHAB,DE21G,2000,280.519
A,P_MHAB,DE21G,2001,254.794
A,P_MHAB,DE21G,2002,202.4
A,P_MHAB,DE21G,2003,252.238
A,P_MHAB,DE21G,2004,280.404
A,P_MHAB,DE21G,2005,322.787
A,P_MHAB,DE21G,2006,298.116
A,P_MHAB,DE21G,2007,280.141
A,P_MHAB,DE21G,2008,263.625
A,P_MHAB,DE21G,2009,285.538
A,P_MHAB,DE21G,2010,283.789
A,P_MHAB,DE21G,2011,310.295
A,P_MHAB,DE21G,2012,244.94
A,P_MHAB,DE21H,2000,1372.686
A,P_MHAB,DE21H,2001,1219.42
A,P_MHAB,DE21H,2002,973.28
A,P_MHAB,DE21H,2003,1031.544
A,P_MHAB,DE21H,2004,892.808
A,P_MHAB,DE21H,2005,990.816
A,P_MHAB,DE21H,2006,987.252
A,P_MHAB,DE21H,2007,1000.568
A,P_MHAB,DE21H,2008,910.442
A,P_MHAB,DE21H,2009,926.016
A,P_MHAB,DE21H,2010,867.001
A,P_MHAB,DE21H,2011,848.227
A,P_MHAB,DE21H,2012,675.993
A,P_MHAB,DE21I,2000,161.436
A,P_MHAB,DE21I,2001,391.862
A,P_MHAB,DE21I,2002,277.421
A,P_MHAB,DE21I,2003,206.035
A,P_MHAB,DE21I,2004,261.297
A,P_MHAB,DE21I,2005,233.086
A,P_MHAB,DE21I,2006,193.132
A,P_MHAB,DE21I,2007,251.031
A,P_MHAB,DE21I,2008,197.437
A,P_MHAB,DE21I,2009,219.103
A,P_MHAB,DE21I,2010,214.118
A,P_MHAB,DE21I,2011,329.332
A,P_MHAB,DE21I,2012,227.97
A,P_MHAB,DE21J,2000,222.78
A,P_MHAB,DE21J,2001,341.187
A,P_MHAB,DE21J,2002,241.179
A,P_MHAB,DE21J,2003,247.188
A,P_MHAB,DE21J,2004,414.188
A,P_MHAB,DE21J,2005,350.661
A,P_MHAB,DE21J,2006,260.17
A,P_MHAB,DE21J,2007,450.549
A,P_MHAB,DE21J,2008,312.61
A,P_MHAB,DE21J,2009,218.12
A,P_MHAB,DE21J,2010,313.186
A,P_MHAB,DE21J,2011,461.528
A,P_MHAB,DE21J,2012,299.945
A,P_MHAB,DE21K,2000,336.82
A,P_MHAB,DE21K,2001,300.237
A,P_MHAB,DE21K,2002,330.104
A,P_MHAB,DE21K,2003,350.638
A,P_MHAB,DE21K,2004,396.407
A,P_MHAB,DE21K,2005,434.419
A,P_MHAB,DE21K,2006,383.15
A,P_MHAB,DE21K,2007,412.311
A,P_MHAB,DE21K,2008,440.038
A,P_MHAB,DE21K,2009,471.748
A,P_MHAB,DE21K,2010,448.519
A,P_MHAB,DE21K,2011,398.323
A,P_MHAB,DE21K,2012,323.012
A,P_MHAB,DE21L,2000,1256.045
A,P_MHAB,DE21L,2001,1210.026
A,P_MHAB,DE21L,2002,817.929
A,P_MHAB,DE21L,2003,928.709
A,P_MHAB,DE21L,2004,1018.141
A,P_MHAB,DE21L,2005,956.557
A,P_MHAB,DE21L,2006,1078.309
A,P_MHAB,DE21L,2007,1028.504
A,P_MHAB,DE21L,2008,991.237
A,P_MHAB,DE21L,2009,811.021
A,P_MHAB,DE21L,2010,880.548
A,P_MHAB,DE21L,2011,677.448
A,P_MHAB,DE21L,2012,606.196
A,P_MHAB,DE21M,2000,511.064
A,P_MHAB,DE21M,2001,454.768
A,P_MHAB,DE21M,2002,421.615
A,P_MHAB,DE21M,2003,543.809
A,P_MHAB,DE21M,2004,550.733
A,P_MHAB,DE21M,2005,737.405
A,P_MHAB,DE21M,2006,586.697
A,P_MHAB,DE21M,2007,668.622
A,P_MHAB,DE21M,2008,751.41
A,P_MHAB,DE21M,2009,659.636
A,P_MHAB,DE21M,2010,831.526
A,P_MHAB,DE21M,2011,654.054
A,P_MHAB,DE21M,2012,772.824
A,P_MHAB,DE21N,2000,492.734
A,P_MHAB,DE21N,2001,545.435
A,P_MHAB,DE21N,2002,449.188
A,P_MHAB,DE21N,2003,629.613
A,P_MHAB,DE21N,2004,684.207
A,P_MHAB,DE21N,2005,606.36
A,P_MHAB,DE21N,2006,526.657
A,P_MHAB,DE21N,2007,585.195
A,P_MHAB,DE21N,2008,473.663
A,P_MHAB,DE21N,2009,537.708
A,P_MHAB,DE21N,2010,543.622
A,P_MHAB,DE21N,2011,477.46
A,P_MHAB,DE21N,2012,489.253
A,P_MHAB,DE22,2000,167.061
A,P_MHAB,DE22,2001,157.268
A,P_MHAB,DE22,2002,154.867
A,P_MHAB,DE22,2003,131.022
A,P_MHAB,DE22,2004,190.318
A,P_MHAB,DE22,2005,180.634
A,P_MHAB,DE22,2006,192.686
A,P_MHAB,DE22,2007,221.382
A,P_MHAB,DE22,2008,190.916
A,P_MHAB,DE22,2009,187.783
A,P_MHAB,DE22,2010,193.593
A,P_MHAB,DE22,2011,189.745
A,P_MHAB,DE22,2012,160.162
A,P_MHAB,DE221,2000,261.13
A,P_MHAB,DE221,2001,335.002
A,P_MHAB,DE221,2002,326.987
A,P_MHAB,DE221,2003,259.01
A,P_MHAB,DE221,2004,286.321
A,P_MHAB,DE221,2005,277.314
A,P_MHAB,DE221,2006,299.016
A,P_MHAB,DE221,2007,414.709
A,P_MHAB,DE221,2008,358.939
A,P_MHAB,DE221,2009,480.944
A,P_MHAB,DE221,2010,351.797
A,P_MHAB,DE221,2011,387.777
A,P_MHAB,DE221,2012,279.187
A,P_MHAB,DE222,2000,91.865
A,P_MHAB,DE222,2001,140.098
A,P_MHAB,DE222,2002,230.91
A,P_MHAB,DE222,2003,121.433
A,P_MHAB,DE222,2004,75.568
A,P_MHAB,DE222,2005,56.79
A,P_MHAB,DE222,2006,84.302
A,P_MHAB,DE222,2007,88.856
A,P_MHAB,DE222,2008,72.328
A,P_MHAB,DE222,2009,183.37
A,P_MHAB,DE222,2010,79.602
A,P_MHAB,DE222,2011,134.799
A,P_MHAB,DE222,2012,24.729
A,P_MHAB,DE223,2000,149.866
A,P_MHAB,DE223,2001,59.754
A,P_MHAB,DE223,2002,125.914
A,P_MHAB,DE223,2003,135.245
A,P_MHAB,DE223,2004,166.843
A,P_MHAB,DE223,2005,190.229
A,P_MHAB,DE223,2006,197.612
A,P_MHAB,DE223,2007,256.606
A,P_MHAB,DE223,2008,268.908
A,P_MHAB,DE223,2009,229.459
A,P_MHAB,DE223,2010,234.868
A,P_MHAB,DE223,2011,224.972
A,P_MHAB,DE223,2012,246.847
A,P_MHAB,DE224,2000,138.089
A,P_MHAB,DE224,2001,78.074
A,P_MHAB,DE224,2002,108.272
A,P_MHAB,DE224,2003,136.391
A,P_MHAB,DE224,2004,175.178
A,P_MHAB,DE224,2005,275.656
A,P_MHAB,DE224,2006,117.285
A,P_MHAB,DE224,2007,208.055
A,P_MHAB,DE224,2008,134.616
A,P_MHAB,DE224,2009,136.349
A,P_MHAB,DE224,2010,132.904
A,P_MHAB,DE224,2011,140.763
A,P_MHAB,DE224,2012,173.344
A,P_MHAB,DE225,2000,112.681
A,P_MHAB,DE225,2001,78.123
A,P_MHAB,DE225,2002,37.309
A,P_MHAB,DE225,2003,24.251
A,P_MHAB,DE225,2004,43.102
A,P_MHAB,DE225,2005,36.597
A,P_MHAB,DE225,2006,45.966
A,P_MHAB,DE225,2007,80.474
A,P_MHAB,DE225,2008,77.337
A,P_MHAB,DE225,2009,77.582
A,P_MHAB,DE225,2010,73.163
A,P_MHAB,DE225,2011,107.576
A,P_MHAB,DE225,2012,90.439
A,P_MHAB,DE226,2000,237.213
A,P_MHAB,DE226,2001,274.13
A,P_MHAB,DE226,2002,278.494
A,P_MHAB,DE226,2003,231.859
A,P_MHAB,DE226,2004,379.101
A,P_MHAB,DE226,2005,333.454
A,P_MHAB,DE226,2006,262.193
A,P_MHAB,DE226,2007,444.446
A,P_MHAB,DE226,2008,401.104
A,P_MHAB,DE226,2009,327.528
A,P_MHAB,DE226,2010,375.428
A,P_MHAB,DE226,2011,324.622
A,P_MHAB,DE226,2012,186.974
A,P_MHAB,DE227,2000,244.484
A,P_MHAB,DE227,2001,269.934
A,P_MHAB,DE227,2002,236.672
A,P_MHAB,DE227,2003,171.497
A,P_MHAB,DE227,2004,283.064
A,P_MHAB,DE227,2005,232.306
A,P_MHAB,DE227,2006,242.672
A,P_MHAB,DE227,2007,274.208
A,P_MHAB,DE227,2008,157.938
A,P_MHAB,DE227,2009,247.655
A,P_MHAB,DE227,2010,216.65
A,P_MHAB,DE227,2011,298.421
A,P_MHAB,DE227,2012,188.001
A,P_MHAB,DE228,2000,152.349
A,P_MHAB,DE228,2001,118.225
A,P_MHAB,DE228,2002,113.314
A,P_MHAB,DE228,2003,100.803
A,P_MHAB,DE228,2004,134.831
A,P_MHAB,DE228,2005,107.445
A,P_MHAB,DE228,2006,130.854
A,P_MHAB,DE228,2007,131.424
A,P_MHAB,DE228,2008,154.885
A,P_MHAB,DE228,2009,77.568
A,P_MHAB,DE228,2010,133.373
A,P_MHAB,DE228,2011,107.501
A,P_MHAB,DE228,2012,138.479
A,P_MHAB,DE229,2000,72.704
A,P_MHAB,DE229,2001,65.93
A,P_MHAB,DE229,2002,81.6
A,P_MHAB,DE229,2003,15.505
A,P_MHAB,DE229,2004,97.247
A,P_MHAB,DE229,2005,122.989
A,P_MHAB,DE229,2006,85.241
A,P_MHAB,DE229,2007,70.218
A,P_MHAB,DE229,2008,109.109
A,P_MHAB,DE229,2009,80.516
A,P_MHAB,DE229,2010,81.939
A,P_MHAB,DE229,2011,106.646
A,P_MHAB,DE229,2012,72.018
A,P_MHAB,DE22A,2000,105.601
A,P_MHAB,DE22A,2001,76.079
A,P_MHAB,DE22A,2002,99.658
A,P_MHAB,DE22A,2003,125.025
A,P_MHAB,DE22A,2004,146.832
A,P_MHAB,DE22A,2005,101.898
A,P_MHAB,DE22A,2006,252.931
A,P_MHAB,DE22A,2007,177.226
A,P_MHAB,DE22A,2008,154.461
A,P_MHAB,DE22A,2009,125.693
A,P_MHAB,DE22A,2010,145.146
A,P_MHAB,DE22A,2011,155.741
A,P_MHAB,DE22A,2012,186.169
A,P_MHAB,DE22B,2000,163.14
A,P_MHAB,DE22B,2001,233.615
A,P_MHAB,DE22B,2002,212.839
A,P_MHAB,DE22B,2003,150.255
A,P_MHAB,DE22B,2004,256.245
A,P_MHAB,DE22B,2005,232.095
A,P_MHAB,DE22B,2006,335.082
A,P_MHAB,DE22B,2007,323.02
A,P_MHAB,DE22B,2008,341.069
A,P_MHAB,DE22B,2009,260.691
A,P_MHAB,DE22B,2010,292.018
A,P_MHAB,DE22B,2011,190.796
A,P_MHAB,DE22B,2012,78.906
A,P_MHAB,DE22C,2000,238.748
A,P_MHAB,DE22C,2001,142.775
A,P_MHAB,DE22C,2002,63.474
A,P_MHAB,DE22C,2003,105.541
A,P_MHAB,DE22C,2004,156.908
A,P_MHAB,DE22C,2005,166.484
A,P_MHAB,DE22C,2006,232.085
A,P_MHAB,DE22C,2007,195.212
A,P_MHAB,DE22C,2008,102.207
A,P_MHAB,DE22C,2009,184.271
A,P_MHAB,DE22C,2010,226.418
A,P_MHAB,DE22C,2011,138.994
A,P_MHAB,DE22C,2012,247.163
A,P_MHAB,DE23,2000,360.538
A,P_MHAB,DE23,2001,333.89
A,P_MHAB,DE23,2002,344.12
A,P_MHAB,DE23,2003,362.87
A,P_MHAB,DE23,2004,396.054
A,P_MHAB,DE23,2005,383.275
A,P_MHAB,DE23,2006,408.621
A,P_MHAB,DE23,2007,421.411
A,P_MHAB,DE23,2008,393.417
A,P_MHAB,DE23,2009,427.162
A,P_MHAB,DE23,2010,536.093
A,P_MHAB,DE23,2011,471.502
A,P_MHAB,DE23,2012,414.864
A,P_MHAB,DE231,2000,179.399
A,P_MHAB,DE231,2001,98.415
A,P_MHAB,DE231,2002,773.458
A,P_MHAB,DE231,2003,426.389
A,P_MHAB,DE231,2004,301.148
A,P_MHAB,DE231,2005,219.093
A,P_MHAB,DE231,2006,335.067
A,P_MHAB,DE231,2007,396.45
A,P_MHAB,DE231,2008,384.476
A,P_MHAB,DE231,2009,261.014
A,P_MHAB,DE231,2010,357.314
A,P_MHAB,DE231,2011,343.732
A,P_MHAB,DE231,2012,283.259
A,P_MHAB,DE232,2000,805.759
A,P_MHAB,DE232,2001,774.054
A,P_MHAB,DE232,2002,812.749
A,P_MHAB,DE232,2003,824.501
A,P_MHAB,DE232,2004,814.127
A,P_MHAB,DE232,2005,783.14
A,P_MHAB,DE232,2006,774.686
A,P_MHAB,DE232,2007,839.564
A,P_MHAB,DE232,2008,764.708
A,P_MHAB,DE232,2009,917.057
A,P_MHAB,DE232,2010,1251.62
A,P_MHAB,DE232,2011,837.662
A,P_MHAB,DE232,2012,482.878
A,P_MHAB,DE233,2000,106.752
A,P_MHAB,DE233,2001,150.128
A,P_MHAB,DE233,2002,167.63
A,P_MHAB,DE233,2003,166.507
A,P_MHAB,DE233,2004,214.835
A,P_MHAB,DE233,2005,160.608
A,P_MHAB,DE233,2006,129.593
A,P_MHAB,DE233,2007,278.379
A,P_MHAB,DE233,2008,32.984
A,P_MHAB,DE233,2009,144.011
A,P_MHAB,DE233,2010,178.325
A,P_MHAB,DE233,2011,137.985
A,P_MHAB,DE233,2012,119.178
A,P_MHAB,DE234,2000,282.094
A,P_MHAB,DE234,2001,313.961
A,P_MHAB,DE234,2002,179.955
A,P_MHAB,DE234,2003,370.401
A,P_MHAB,DE234,2004,466.267
A,P_MHAB,DE234,2005,349.5
A,P_MHAB,DE234,2006,449.616
A,P_MHAB,DE234,2007,512.059
A,P_MHAB,DE234,2008,303.823
A,P_MHAB,DE234,2009,321.585
A,P_MHAB,DE234,2010,534.206
A,P_MHAB,DE234,2011,489.352
A,P_MHAB,DE234,2012,452.779
A,P_MHAB,DE235,2000,66.895
A,P_MHAB,DE235,2001,117.526
A,P_MHAB,DE235,2002,113.609
A,P_MHAB,DE235,2003,120.345
A,P_MHAB,DE235,2004,161.002
A,P_MHAB,DE235,2005,139.521
A,P_MHAB,DE235,2006,141.819
A,P_MHAB,DE235,2007,121.896
A,P_MHAB,DE235,2008,180.317
A,P_MHAB,DE235,2009,233.864
A,P_MHAB,DE235,2010,215.801
A,P_MHAB,DE235,2011,153.442
A,P_MHAB,DE235,2012,95.161
A,P_MHAB,DE236,2000,283.095
A,P_MHAB,DE236,2001,349.453
A,P_MHAB,DE236,2002,318.273
A,P_MHAB,DE236,2003,266.116
A,P_MHAB,DE236,2004,223.052
A,P_MHAB,DE236,2005,360.303
A,P_MHAB,DE236,2006,364.582
A,P_MHAB,DE236,2007,280.015
A,P_MHAB,DE236,2008,270.609
A,P_MHAB,DE236,2009,291.657
A,P_MHAB,DE236,2010,321.127
A,P_MHAB,DE236,2011,275.967
A,P_MHAB,DE236,2012,207.623
A,P_MHAB,DE237,2000,146.022
A,P_MHAB,DE237,2001,176.911
A,P_MHAB,DE237,2002,190.117
A,P_MHAB,DE237,2003,203.068
A,P_MHAB,DE237,2004,253.832
A,P_MHAB,DE237,2005,266.819
A,P_MHAB,DE237,2006,265.985
A,P_MHAB,DE237,2007,269.659
A,P_MHAB,DE237,2008,217.156
A,P_MHAB,DE237,2009,185.012
A,P_MHAB,DE237,2010,202.677
A,P_MHAB,DE237,2011,314.573
A,P_MHAB,DE237,2012,129.184
A,P_MHAB,DE238,2000,801.291
A,P_MHAB,DE238,2001,645.152
A,P_MHAB,DE238,2002,572.335
A,P_MHAB,DE238,2003,668.547
A,P_MHAB,DE238,2004,767.269
A,P_MHAB,DE238,2005,718.995
A,P_MHAB,DE238,2006,768.69
A,P_MHAB,DE238,2007,782.837
A,P_MHAB,DE238,2008,898.747
A,P_MHAB,DE238,2009,853.773
A,P_MHAB,DE238,2010,989.811
A,P_MHAB,DE238,2011,962.263
A,P_MHAB,DE238,2012,1199.491
A,P_MHAB,DE239,2000,241.856
A,P_MHAB,DE239,2001,131.782
A,P_MHAB,DE239,2002,173.235
A,P_MHAB,DE239,2003,197.235
A,P_MHAB,DE239,2004,221.578
A,P_MHAB,DE239,2005,203.307
A,P_MHAB,DE239,2006,249.606
A,P_MHAB,DE239,2007,226.783
A,P_MHAB,DE239,2008,175.794
A,P_MHAB,DE239,2009,266.569
A,P_MHAB,DE239,2010,339.91
A,P_MHAB,DE239,2011,339.696
A,P_MHAB,DE239,2012,254.202
A,P_MHAB,DE23A,2000,130.314
A,P_MHAB,DE23A,2001,102.384
A,P_MHAB,DE23A,2002,94.607
A,P_MHAB,DE23A,2003,52.042
A,P_MHAB,DE23A,2004,96.609
A,P_MHAB,DE23A,2005,138.65
A,P_MHAB,DE23A,2006,93.273
A,P_MHAB,DE23A,2007,122.196
A,P_MHAB,DE23A,2008,79.426
A,P_MHAB,DE23A,2009,114.545
A,P_MHAB,DE23A,2010,181.982
A,P_MHAB,DE23A,2011,174.193
A,P_MHAB,DE23A,2012,117.052
A,P_MHAB,DE24,2000,220.993
A,P_MHAB,DE24,2001,192.347
A,P_MHAB,DE24,2002,223.4
A,P_MHAB,DE24,2003,221.003
A,P_MHAB,DE24,2004,215.099
A,P_MHAB,DE24,2005,260.668
A,P_MHAB,DE24,2006,292.449
A,P_MHAB,DE24,2007,300.139
A,P_MHAB,DE24,2008,250.008
A,P_MHAB,DE24,2009,250.463
A,P_MHAB,DE24,2010,245.996
A,P_MHAB,DE24,2011,267.132
A,P_MHAB,DE24,2012,208.018
A,P_MHAB,DE241,2000,243.609
A,P_MHAB,DE241,2001,284.489
A,P_MHAB,DE241,2002,191.51
A,P_MHAB,DE241,2003,78.737
A,P_MHAB,DE241,2004,115.738
A,P_MHAB,DE241,2005,145.946
A,P_MHAB,DE241,2006,222.457
A,P_MHAB,DE241,2007,266.91
A,P_MHAB,DE241,2008,265.869
A,P_MHAB,DE241,2009,219.034
A,P_MHAB,DE241,2010,233.434
A,P_MHAB,DE241,2011,331.267
A,P_MHAB,DE241,2012,171.223
A,P_MHAB,DE242,2000,83.686
A,P_MHAB,DE242,2001,132.159
A,P_MHAB,DE242,2002,161.435
A,P_MHAB,DE242,2003,189.115
A,P_MHAB,DE242,2004,282.018
A,P_MHAB,DE242,2005,197.457
A,P_MHAB,DE242,2006,289.066
A,P_MHAB,DE242,2007,291.281
A,P_MHAB,DE242,2008,220.666
A,P_MHAB,DE242,2009,179.338
A,P_MHAB,DE242,2010,179.123
A,P_MHAB,DE242,2011,225.913
A,P_MHAB,DE242,2012,229.24
A,P_MHAB,DE243,2000,324.921
A,P_MHAB,DE243,2001,133.081
A,P_MHAB,DE243,2002,150.007
A,P_MHAB,DE243,2003,323.958
A,P_MHAB,DE243,2004,226.471
A,P_MHAB,DE243,2005,346.229
A,P_MHAB,DE243,2006,347.318
A,P_MHAB,DE243,2007,267.304
A,P_MHAB,DE243,2008,391.202
A,P_MHAB,DE243,2009,254.139
A,P_MHAB,DE243,2010,235.568
A,P_MHAB,DE243,2011,166.034
A,P_MHAB,DE243,2012,165.465
A,P_MHAB,DE244,2000,146.676
A,P_MHAB,DE244,2001,68.978
A,P_MHAB,DE244,2002,59.225
A,P_MHAB,DE244,2003,150.947
A,P_MHAB,DE244,2004,92.986
A,P_MHAB,DE244,2005,138.926
A,P_MHAB,DE244,2006,183.486
A,P_MHAB,DE244,2007,127.617
A,P_MHAB,DE244,2008,199.397
A,P_MHAB,DE244,2009,127.763
A,P_MHAB,DE244,2010,227.452
A,P_MHAB,DE244,2011,199.844
A,P_MHAB,DE244,2012,273.832
A,P_MHAB,DE245,2000,188.938
A,P_MHAB,DE245,2001,258.056
A,P_MHAB,DE245,2002,236.886
A,P_MHAB,DE245,2003,176.54
A,P_MHAB,DE245,2004,203.025
A,P_MHAB,DE245,2005,291.167
A,P_MHAB,DE245,2006,333.437
A,P_MHAB,DE245,2007,271.599
A,P_MHAB,DE245,2008,195.655
A,P_MHAB,DE245,2009,233.525
A,P_MHAB,DE245,2010,260.174
A,P_MHAB,DE245,2011,289.16
A,P_MHAB,DE245,2012,164.934
A,P_MHAB,DE246,2000,225.722
A,P_MHAB,DE246,2001,157.069
A,P_MHAB,DE246,2002,154.876
A,P_MHAB,DE246,2003,177.49
A,P_MHAB,DE246,2004,222.387
A,P_MHAB,DE246,2005,229.356
A,P_MHAB,DE246,2006,157.739
A,P_MHAB,DE246,2007,207.286
A,P_MHAB,DE246,2008,147.795
A,P_MHAB,DE246,2009,206.728
A,P_MHAB,DE246,2010,244.722
A,P_MHAB,DE246,2011,224.312
A,P_MHAB,DE246,2012,176.66
A,P_MHAB,DE247,2000,258.602
A,P_MHAB,DE247,2001,116.974
A,P_MHAB,DE247,2002,173.212
A,P_MHAB,DE247,2003,387.723
A,P_MHAB,DE247,2004,193.367
A,P_MHAB,DE247,2005,287.193
A,P_MHAB,DE247,2006,287.763
A,P_MHAB,DE247,2007,308.748
A,P_MHAB,DE247,2008,235.916
A,P_MHAB,DE247,2009,355.742
A,P_MHAB,DE247,2010,249.261
A,P_MHAB,DE247,2011,263.4
A,P_MHAB,DE247,2012,204.8
A,P_MHAB,DE248,2000,498.176
A,P_MHAB,DE248,2001,455.467
A,P_MHAB,DE248,2002,532.179
A,P_MHAB,DE248,2003,535.687
A,P_MHAB,DE248,2004,550.336
A,P_MHAB,DE248,2005,587.499
A,P_MHAB,DE248,2006,607.435
A,P_MHAB,DE248,2007,715.98
A,P_MHAB,DE248,2008,644.948
A,P_MHAB,DE248,2009,542.153
A,P_MHAB,DE248,2010,491.628
A,P_MHAB,DE248,2011,622.826
A,P_MHAB,DE248,2012,427.8
A,P_MHAB,DE249,2000,277.583
A,P_MHAB,DE249,2001,212.518
A,P_MHAB,DE249,2002,251.324
A,P_MHAB,DE249,2003,166.639
A,P_MHAB,DE249,2004,218.781
A,P_MHAB,DE249,2005,321.855
A,P_MHAB,DE249,2006,294.471
A,P_MHAB,DE249,2007,320.993
A,P_MHAB,DE249,2008,280.462
A,P_MHAB,DE249,2009,208.831
A,P_MHAB,DE249,2010,245.328
A,P_MHAB,DE249,2011,235.649
A,P_MHAB,DE249,2012,217.076
A,P_MHAB,DE24A,2000,141.888
A,P_MHAB,DE24A,2001,136.656
A,P_MHAB,DE24A,2002,231.917
A,P_MHAB,DE24A,2003,151.79
A,P_MHAB,DE24A,2004,135.421
A,P_MHAB,DE24A,2005,100.438
A,P_MHAB,DE24A,2006,208.339
A,P_MHAB,DE24A,2007,191.609
A,P_MHAB,DE24A,2008,170.565
A,P_MHAB,DE24A,2009,128.057
A,P_MHAB,DE24A,2010,168.591
A,P_MHAB,DE24A,2011,90.292
A,P_MHAB,DE24A,2012,132.718
A,P_MHAB,DE24B,2000,75.493
A,P_MHAB,DE24B,2001,96.162
A,P_MHAB,DE24B,2002,149.605
A,P_MHAB,DE24B,2003,114.226
A,P_MHAB,DE24B,2004,132.538
A,P_MHAB,DE24B,2005,106.762
A,P_MHAB,DE24B,2006,201.709
A,P_MHAB,DE24B,2007,157.096
A,P_MHAB,DE24B,2008,148.254
A,P_MHAB,DE24B,2009,225.285
A,P_MHAB,DE24B,2010,110.182
A,P_MHAB,DE24B,2011,159.617
A,P_MHAB,DE24B,2012,112.004
A,P_MHAB,DE24C,2000,173.882
A,P_MHAB,DE24C,2001,177.301
A,P_MHAB,DE24C,2002,307.306
A,P_MHAB,DE24C,2003,227.516
A,P_MHAB,DE24C,2004,187.712
A,P_MHAB,DE24C,2005,298.223
A,P_MHAB,DE24C,2006,224.531
A,P_MHAB,DE24C,2007,194.911
A,P_MHAB,DE24C,2008,176.407
A,P_MHAB,DE24C,2009,148.214
A,P_MHAB,DE24C,2010,202.531
A,P_MHAB,DE24C,2011,204.297
A,P_MHAB,DE24C,2012,175.565
A,P_MHAB,DE24D,2000,129.446
A,P_MHAB,DE24D,2001,69.151
A,P_MHAB,DE24D,2002,104.013
A,P_MHAB,DE24D,2003,108.661
A,P_MHAB,DE24D,2004,52.3
A,P_MHAB,DE24D,2005,130.95
A,P_MHAB,DE24D,2006,283.593
A,P_MHAB,DE24D,2007,336.128
A,P_MHAB,DE24D,2008,104.113
A,P_MHAB,DE24D,2009,246.051
A,P_MHAB,DE24D,2010,190.744
A,P_MHAB,DE24D,2011,203.389
A,P_MHAB,DE24D,2012,185.796
A,P_MHAB,DE25,2000,470.967
A,P_MHAB,DE25,2001,463.416
A,P_MHAB,DE25,2002,480.951
A,P_MHAB,DE25,2003,409.562
A,P_MHAB,DE25,2004,463.772
A,P_MHAB,DE25,2005,510.02
A,P_MHAB,DE25,2006,552.365
A,P_MHAB,DE25,2007,517.446
A,P_MHAB,DE25,2008,538.269
A,P_MHAB,DE25,2009,563.658
A,P_MHAB,DE25,2010,559.73
A,P_MHAB,DE25,2011,573.002
A,P_MHAB,DE25,2012,468.132
A,P_MHAB,DE251,2000,174.29
A,P_MHAB,DE251,2001,290.054
A,P_MHAB,DE251,2002,276.403
A,P_MHAB,DE251,2003,204.258
A,P_MHAB,DE251,2004,331.63
A,P_MHAB,DE251,2005,449.99
A,P_MHAB,DE251,2006,293.423
A,P_MHAB,DE251,2007,352.123
A,P_MHAB,DE251,2008,68.931
A,P_MHAB,DE251,2009,216.295
A,P_MHAB,DE251,2010,415.141
A,P_MHAB,DE251,2011,422.826
A,P_MHAB,DE251,2012,271.987
A,P_MHAB,DE252,2000,1407.742
A,P_MHAB,DE252,2001,1351.684
A,P_MHAB,DE252,2002,1347.633
A,P_MHAB,DE252,2003,1348.265
A,P_MHAB,DE252,2004,1479.468
A,P_MHAB,DE252,2005,1510.265
A,P_MHAB,DE252,2006,1714.1
A,P_MHAB,DE252,2007,1860.38
A,P_MHAB,DE252,2008,1955.566
A,P_MHAB,DE252,2009,1781.768
A,P_MHAB,DE252,2010,2024.367
A,P_MHAB,DE252,2011,2475.362
A,P_MHAB,DE252,2012,1770.498
A,P_MHAB,DE253,2000,415.592
A,P_MHAB,DE253,2001,453.76
A,P_MHAB,DE253,2002,405.008
A,P_MHAB,DE253,2003,393.706
A,P_MHAB,DE253,2004,384.21
A,P_MHAB,DE253,2005,460.509
A,P_MHAB,DE253,2006,436.864
A,P_MHAB,DE253,2007,389.432
A,P_MHAB,DE253,2008,437.045
A,P_MHAB,DE253,2009,442.794
A,P_MHAB,DE253,2010,473.765
A,P_MHAB,DE253,2011,483.477
A,P_MHAB,DE253,2012,415.416
A,P_MHAB,DE254,2000,354.645
A,P_MHAB,DE254,2001,339.128
A,P_MHAB,DE254,2002,338.627
A,P_MHAB,DE254,2003,294.205
A,P_MHAB,DE254,2004,303.757
A,P_MHAB,DE254,2005,345.93
A,P_MHAB,DE254,2006,418.218
A,P_MHAB,DE254,2007,366.613
A,P_MHAB,DE254,2008,408.36
A,P_MHAB,DE254,2009,440.455
A,P_MHAB,DE254,2010,458.949
A,P_MHAB,DE254,2011,372.045
A,P_MHAB,DE254,2012,332.294
A,P_MHAB,DE255,2000,271.168
A,P_MHAB,DE255,2001,526.522
A,P_MHAB,DE255,2002,356.976
A,P_MHAB,DE255,2003,312.168
A,P_MHAB,DE255,2004,300.109
A,P_MHAB,DE255,2005,478.902
A,P_MHAB,DE255,2006,644.995
A,P_MHAB,DE255,2007,408.111
A,P_MHAB,DE255,2008,576.988
A,P_MHAB,DE255,2009,316.474
A,P_MHAB,DE255,2010,465.278
A,P_MHAB,DE255,2011,255.408
A,P_MHAB,DE255,2012,389.395
A,P_MHAB,DE256,2000,192.916
A,P_MHAB,DE256,2001,125.486
A,P_MHAB,DE256,2002,250.071
A,P_MHAB,DE256,2003,163.181
A,P_MHAB,DE256,2004,228.174
A,P_MHAB,DE256,2005,200.134
A,P_MHAB,DE256,2006,367.228
A,P_MHAB,DE256,2007,312.534
A,P_MHAB,DE256,2008,228.753
A,P_MHAB,DE256,2009,382.158
A,P_MHAB,DE256,2010,298.142
A,P_MHAB,DE256,2011,319.411
A,P_MHAB,DE256,2012,247.052
A,P_MHAB,DE257,2000,1160.739
A,P_MHAB,DE257,2001,1093.695
A,P_MHAB,DE257,2002,1340.568
A,P_MHAB,DE257,2003,992.45
A,P_MHAB,DE257,2004,1303.689
A,P_MHAB,DE257,2005,1463.123
A,P_MHAB,DE257,2006,1386.094
A,P_MHAB,DE257,2007,1192.694
A,P_MHAB,DE257,2008,1337.862
A,P_MHAB,DE257,2009,1482.261
A,P_MHAB,DE257,2010,1252.718
A,P_MHAB,DE257,2011,1475.793
A,P_MHAB,DE257,2012,1045.824
A,P_MHAB,DE258,2000,376.382
A,P_MHAB,DE258,2001,555.644
A,P_MHAB,DE258,2002,525.676
A,P_MHAB,DE258,2003,449.315
A,P_MHAB,DE258,2004,449.59
A,P_MHAB,DE258,2005,498.001
A,P_MHAB,DE258,2006,515.681
A,P_MHAB,DE258,2007,416.451
A,P_MHAB,DE258,2008,542.351
A,P_MHAB,DE258,2009,513.293
A,P_MHAB,DE258,2010,381.743
A,P_MHAB,DE258,2011,419.563
A,P_MHAB,DE258,2012,371.104
A,P_MHAB,DE259,2000,506.559
A,P_MHAB,DE259,2001,508.142
A,P_MHAB,DE259,2002,458.11
A,P_MHAB,DE259,2003,432.614
A,P_MHAB,DE259,2004,437.374
A,P_MHAB,DE259,2005,522.431
A,P_MHAB,DE259,2006,473.19
A,P_MHAB,DE259,2007,542.32
A,P_MHAB,DE259,2008,495.33
A,P_MHAB,DE259,2009,456.83
A,P_MHAB,DE259,2010,413.836
A,P_MHAB,DE259,2011,496.211
A,P_MHAB,DE259,2012,524.821
A,P_MHAB,DE25A,2000,312.319
A,P_MHAB,DE25A,2001,292.589
A,P_MHAB,DE25A,2002,273.609
A,P_MHAB,DE25A,2003,254.372
A,P_MHAB,DE25A,2004,376.874
A,P_MHAB,DE25A,2005,385.573
A,P_MHAB,DE25A,2006,432.991
A,P_MHAB,DE25A,2007,343.05
A,P_MHAB,DE25A,2008,333.582
A,P_MHAB,DE25A,2009,390.929
A,P_MHAB,DE25A,2010,323.12
A,P_MHAB,DE25A,2011,269.071
A,P_MHAB,DE25A,2012,238.713
A,P_MHAB,DE25B,2000,460.258
A,P_MHAB,DE25B,2001,257.354
A,P_MHAB,DE25B,2002,343.222
A,P_MHAB,DE25B,2003,181.673
A,P_MHAB,DE25B,2004,217.703
A,P_MHAB,DE25B,2005,227.105
A,P_MHAB,DE25B,2006,259.649
A,P_MHAB,DE25B,2007,254.976
A,P_MHAB,DE25B,2008,253.593
A,P_MHAB,DE25B,2009,231.47
A,P_MHAB,DE25B,2010,343.524
A,P_MHAB,DE25B,2011,235.212
A,P_MHAB,DE25B,2012,213.902
A,P_MHAB,DE25C,2000,173.492
A,P_MHAB,DE25C,2001,273.686
A,P_MHAB,DE25C,2002,171.052
A,P_MHAB,DE25C,2003,196.961
A,P_MHAB,DE25C,2004,200.258
A,P_MHAB,DE25C,2005,171.797
A,P_MHAB,DE25C,2006,114.832
A,P_MHAB,DE25C,2007,182.662
A,P_MHAB,DE25C,2008,115.995
A,P_MHAB,DE25C,2009,200.088
A,P_MHAB,DE25C,2010,199.706
A,P_MHAB,DE25C,2011,121.201
A,P_MHAB,DE25C,2012,110.187
A,P_MHAB,DE26,2000,346.535
A,P_MHAB,DE26,2001,399.494
A,P_MHAB,DE26,2002,380.003
A,P_MHAB,DE26,2003,353.76
A,P_MHAB,DE26,2004,458.914
A,P_MHAB,DE26,2005,392.361
A,P_MHAB,DE26,2006,419.029
A,P_MHAB,DE26,2007,447.994
A,P_MHAB,DE26,2008,399.081
A,P_MHAB,DE26,2009,383.165
A,P_MHAB,DE26,2010,337.689
A,P_MHAB,DE26,2011,346.217
A,P_MHAB,DE26,2012,326.182
A,P_MHAB,DE261,2000,401.026
A,P_MHAB,DE261,2001,330.069
A,P_MHAB,DE261,2002,347.42
A,P_MHAB,DE261,2003,422.527
A,P_MHAB,DE261,2004,523.124
A,P_MHAB,DE261,2005,526.032
A,P_MHAB,DE261,2006,471.723
A,P_MHAB,DE261,2007,400.21
A,P_MHAB,DE261,2008,491.07
A,P_MHAB,DE261,2009,533.551
A,P_MHAB,DE261,2010,477.431
A,P_MHAB,DE261,2011,484.726
A,P_MHAB,DE261,2012,348.07
A,P_MHAB,DE262,2000,254.444
A,P_MHAB,DE262,2001,447.124
A,P_MHAB,DE262,2002,458.327
A,P_MHAB,DE262,2003,344.613
A,P_MHAB,DE262,2004,430.944
A,P_MHAB,DE262,2005,569.336
A,P_MHAB,DE262,2006,631.99
A,P_MHAB,DE262,2007,576.802
A,P_MHAB,DE262,2008,455.036
A,P_MHAB,DE262,2009,481.451
A,P_MHAB,DE262,2010,432.07
A,P_MHAB,DE262,2011,401.011
A,P_MHAB,DE262,2012,387.252
A,P_MHAB,DE263,2000,473.027
A,P_MHAB,DE263,2001,470.516
A,P_MHAB,DE263,2002,520.109
A,P_MHAB,DE263,2003,606.01
A,P_MHAB,DE263,2004,563.281
A,P_MHAB,DE263,2005,372.026
A,P_MHAB,DE263,2006,423.207
A,P_MHAB,DE263,2007,576.89
A,P_MHAB,DE263,2008,449.96
A,P_MHAB,DE263,2009,439.547
A,P_MHAB,DE263,2010,333.571
A,P_MHAB,DE263,2011,254.187
A,P_MHAB,DE263,2012,334.434
A,P_MHAB,DE264,2000,585.909
A,P_MHAB,DE264,2001,482.19
A,P_MHAB,DE264,2002,466.728
A,P_MHAB,DE264,2003,367.659
A,P_MHAB,DE264,2004,568.619
A,P_MHAB,DE264,2005,500.781
A,P_MHAB,DE264,2006,498.703
A,P_MHAB,DE264,2007,565.018
A,P_MHAB,DE264,2008,523.116
A,P_MHAB,DE264,2009,449.32
A,P_MHAB,DE264,2010,434.707
A,P_MHAB,DE264,2011,464.362
A,P_MHAB,DE264,2012,415.132
A,P_MHAB,DE265,2000,176.67
A,P_MHAB,DE265,2001,188.973
A,P_MHAB,DE265,2002,100.002
A,P_MHAB,DE265,2003,173.063
A,P_MHAB,DE265,2004,211.153
A,P_MHAB,DE265,2005,173.838
A,P_MHAB,DE265,2006,276.327
A,P_MHAB,DE265,2007,261.497
A,P_MHAB,DE265,2008,305.736
A,P_MHAB,DE265,2009,244.871
A,P_MHAB,DE265,2010,267.316
A,P_MHAB,DE265,2011,271.714
A,P_MHAB,DE265,2012,233.045
A,P_MHAB,DE266,2000,215.329
A,P_MHAB,DE266,2001,466.002
A,P_MHAB,DE266,2002,360.944
A,P_MHAB,DE266,2003,374.952
A,P_MHAB,DE266,2004,372.132
A,P_MHAB,DE266,2005,508.123
A,P_MHAB,DE266,2006,339.745
A,P_MHAB,DE266,2007,333.83
A,P_MHAB,DE266,2008,438.967
A,P_MHAB,DE266,2009,272.841
A,P_MHAB,DE266,2010,301.407
A,P_MHAB,DE266,2011,481.572
A,P_MHAB,DE266,2012,474.467
A,P_MHAB,DE267,2000,172.794
A,P_MHAB,DE267,2001,182.693
A,P_MHAB,DE267,2002,325.974
A,P_MHAB,DE267,2003,135.786
A,P_MHAB,DE267,2004,338.787
A,P_MHAB,DE267,2005,183.664
A,P_MHAB,DE267,2006,271.097
A,P_MHAB,DE267,2007,282.324
A,P_MHAB,DE267,2008,213.12
A,P_MHAB,DE267,2009,275.857
A,P_MHAB,DE267,2010,259.08
A,P_MHAB,DE267,2011,195.742
A,P_MHAB,DE267,2012,206.285
A,P_MHAB,DE268,2000,204.779
A,P_MHAB,DE268,2001,215.315
A,P_MHAB,DE268,2002,207.51
A,P_MHAB,DE268,2003,180.892
A,P_MHAB,DE268,2004,254.643
A,P_MHAB,DE268,2005,233.454
A,P_MHAB,DE268,2006,208.154
A,P_MHAB,DE268,2007,335.541
A,P_MHAB,DE268,2008,255.227
A,P_MHAB,DE268,2009,342.452
A,P_MHAB,DE268,2010,319.082
A,P_MHAB,DE268,2011,361.551
A,P_MHAB,DE268,2012,159.491
A,P_MHAB,DE269,2000,231.485
A,P_MHAB,DE269,2001,263.14
A,P_MHAB,DE269,2002,262.238
A,P_MHAB,DE269,2003,266.782
A,P_MHAB,DE269,2004,364.354
A,P_MHAB,DE269,2005,286.978
A,P_MHAB,DE269,2006,316.725
A,P_MHAB,DE269,2007,217.152
A,P_MHAB,DE269,2008,233.763
A,P_MHAB,DE269,2009,281.069
A,P_MHAB,DE269,2010,202.949
A,P_MHAB,DE269,2011,190.742
A,P_MHAB,DE269,2012,259.891
A,P_MHAB,DE26A,2000,552.744
A,P_MHAB,DE26A,2001,539.042
A,P_MHAB,DE26A,2002,378.5
A,P_MHAB,DE26A,2003,470.267
A,P_MHAB,DE26A,2004,664.093
A,P_MHAB,DE26A,2005,568.415
A,P_MHAB,DE26A,2006,541.542
A,P_MHAB,DE26A,2007,596.657
A,P_MHAB,DE26A,2008,475.689
A,P_MHAB,DE26A,2009,357.775
A,P_MHAB,DE26A,2010,331.864
A,P_MHAB,DE26A,2011,279.898
A,P_MHAB,DE26A,2012,308.614
A,P_MHAB,DE26B,2000,184.453
A,P_MHAB,DE26B,2001,320.497
A,P_MHAB,DE26B,2002,358.163
A,P_MHAB,DE26B,2003,367.166
A,P_MHAB,DE26B,2004,590.726
A,P_MHAB,DE26B,2005,534.714
A,P_MHAB,DE26B,2006,669.145
A,P_MHAB,DE26B,2007,672.467
A,P_MHAB,DE26B,2008,534.987
A,P_MHAB,DE26B,2009,552.443
A,P_MHAB,DE26B,2010,549.702
A,P_MHAB,DE26B,2011,517.331
A,P_MHAB,DE26B,2012,423.144
A,P_MHAB,DE26C,2000,398.664
A,P_MHAB,DE26C,2001,652.093
A,P_MHAB,DE26C,2002,601.465
A,P_MHAB,DE26C,2003,399.012
A,P_MHAB,DE26C,2004,442.829
A,P_MHAB,DE26C,2005,300.225
A,P_MHAB,DE26C,2006,373.801
A,P_MHAB,DE26C,2007,433.087
A,P_MHAB,DE26C,2008,359.913
A,P_MHAB,DE26C,2009,378.978
A,P_MHAB,DE26C,2010,224.927
A,P_MHAB,DE26C,2011,324.618
A,P_MHAB,DE26C,2012,332.098
A,P_MHAB,DE27,2000,306.724
A,P_MHAB,DE27,2001,274.539
A,P_MHAB,DE27,2002,331.679
A,P_MHAB,DE27,2003,305.224
A,P_MHAB,DE27,2004,308.194
A,P_MHAB,DE27,2005,351.149
A,P_MHAB,DE27,2006,334.923
A,P_MHAB,DE27,2007,406.579
A,P_MHAB,DE27,2008,342.515
A,P_MHAB,DE27,2009,341.727
A,P_MHAB,DE27,2010,368.807
A,P_MHAB,DE27,2011,330.626
A,P_MHAB,DE27,2012,267.905
A,P_MHAB,DE271,2000,231.807
A,P_MHAB,DE271,2001,277.0
A,P_MHAB,DE271,2002,251.71
A,P_MHAB,DE271,2003,252.709
A,P_MHAB,DE271,2004,254.96
A,P_MHAB,DE271,2005,257.904
A,P_MHAB,DE271,2006,217.264
A,P_MHAB,DE271,2007,327.718
A,P_MHAB,DE271,2008,263.924
A,P_MHAB,DE271,2009,209.523
A,P_MHAB,DE271,2010,300.024
A,P_MHAB,DE271,2011,266.18
A,P_MHAB,DE271,2012,173.9
A,P_MHAB,DE272,2000,231.495
A,P_MHAB,DE272,2001,201.885
A,P_MHAB,DE272,2002,161.672
A,P_MHAB,DE272,2003,219.618
A,P_MHAB,DE272,2004,106.385
A,P_MHAB,DE272,2005,245.581
A,P_MHAB,DE272,2006,179.693
A,P_MHAB,DE272,2007,221.004
A,P_MHAB,DE272,2008,149.371
A,P_MHAB,DE272,2009,69.818
A,P_MHAB,DE272,2010,37.726
A,P_MHAB,DE272,2011,132.161
A,P_MHAB,DE272,2012,47.91
A,P_MHAB,DE273,2000,227.88
A,P_MHAB,DE273,2001,94.968
A,P_MHAB,DE273,2002,180.148
A,P_MHAB,DE273,2003,178.708
A,P_MHAB,DE273,2004,171.371
A,P_MHAB,DE273,2005,185.137
A,P_MHAB,DE273,2006,176.499
A,P_MHAB,DE273,2007,236.825
A,P_MHAB,DE273,2008,351.198
A,P_MHAB,DE273,2009,221.936
A,P_MHAB,DE273,2010,239.167
A,P_MHAB,DE273,2011,302.772
A,P_MHAB,DE273,2012,208.548
A,P_MHAB,DE274,2000,158.076
A,P_MHAB,DE274,2001,152.513
A,P_MHAB,DE274,2002,176.395
A,P_MHAB,DE274,2003,204.707
A,P_MHAB,DE274,2004,297.814
A,P_MHAB,DE274,2005,402.272
A,P_MHAB,DE274,2006,231.591
A,P_MHAB,DE274,2007,225.73
A,P_MHAB,DE274,2008,524.122
A,P_MHAB,DE274,2009,455.542
A,P_MHAB,DE274,2010,300.11
A,P_MHAB,DE274,2011,284.217
A,P_MHAB,DE274,2012,255.91
A,P_MHAB,DE275,2000,441.916
A,P_MHAB,DE275,2001,392.819
A,P_MHAB,DE275,2002,417.105
A,P_MHAB,DE275,2003,376.392
A,P_MHAB,DE275,2004,584.48
A,P_MHAB,DE275,2005,566.733
A,P_MHAB,DE275,2006,494.876
A,P_MHAB,DE275,2007,546.769
A,P_MHAB,DE275,2008,453.574
A,P_MHAB,DE275,2009,357.353
A,P_MHAB,DE275,2010,306.588
A,P_MHAB,DE275,2011,337.697
A,P_MHAB,DE275,2012,387.304
A,P_MHAB,DE276,2000,375.136
A,P_MHAB,DE276,2001,342.1
A,P_MHAB,DE276,2002,398.64
A,P_MHAB,DE276,2003,322.362
A,P_MHAB,DE276,2004,443.219
A,P_MHAB,DE276,2005,452.185
A,P_MHAB,DE276,2006,431.434
A,P_MHAB,DE276,2007,556.48
A,P_MHAB,DE276,2008,355.596
A,P_MHAB,DE276,2009,372.252
A,P_MHAB,DE276,2010,447.899
A,P_MHAB,DE276,2011,409.634
A,P_MHAB,DE276,2012,285.91
A,P_MHAB,DE277,2000,537.982
A,P_MHAB,DE277,2001,376.548
A,P_MHAB,DE277,2002,521.84
A,P_MHAB,DE277,2003,368.402
A,P_MHAB,DE277,2004,394.479
A,P_MHAB,DE277,2005,394.976
A,P_MHAB,DE277,2006,436.176
A,P_MHAB,DE277,2007,444.998
A,P_MHAB,DE277,2008,492.829
A,P_MHAB,DE277,2009,447.587
A,P_MHAB,DE277,2010,514.632
A,P_MHAB,DE277,2011,374.282
A,P_MHAB,DE277,2012,212.077
A,P_MHAB,DE278,2000,268.708
A,P_MHAB,DE278,2001,231.403
A,P_MHAB,DE278,2002,293.824
A,P_MHAB,DE278,2003,241.16
A,P_MHAB,DE278,2004,223.032
A,P_MHAB,DE278,2005,350.631
A,P_MHAB,DE278,2006,350.184
A,P_MHAB,DE278,2007,242.217
A,P_MHAB,DE278,2008,235.35
A,P_MHAB,DE278,2009,283.085
A,P_MHAB,DE278,2010,292.16
A,P_MHAB,DE278,2011,271.812
A,P_MHAB,DE278,2012,238.135
A,P_MHAB,DE279,2000,395.6
A,P_MHAB,DE279,2001,386.485
A,P_MHAB,DE279,2002,483.148
A,P_MHAB,DE279,2003,454.646
A,P_MHAB,DE279,2004,368.404
A,P_MHAB,DE279,2005,430.02
A,P_MHAB,DE279,2006,435.102
A,P_MHAB,DE279,2007,500.015
A,P_MHAB,DE279,2008,401.621
A,P_MHAB,DE279,2009,511.073
A,P_MHAB,DE279,2010,369.187
A,P_MHAB,DE279,2011,350.596
A,P_MHAB,DE279,2012,321.705
A,P_MHAB,DE27A,2000,514.092
A,P_MHAB,DE27A,2001,364.822
A,P_MHAB,DE27A,2002,556.84
A,P_MHAB,DE27A,2003,472.776
A,P_MHAB,DE27A,2004,444.541
A,P_MHAB,DE27A,2005,341.318
A,P_MHAB,DE27A,2006,568.79
A,P_MHAB,DE27A,2007,607.904
A,P_MHAB,DE27A,2008,441.233
A,P_MHAB,DE27A,2009,534.944
A,P_MHAB,DE27A,2010,752.711
A,P_MHAB,DE27A,2011,466.347
A,P_MHAB,DE27A,2012,308.53
A,P_MHAB,DE27B,2000,240.337
A,P_MHAB,DE27B,2001,222.28
A,P_MHAB,DE27B,2002,304.255
A,P_MHAB,DE27B,2003,320.73
A,P_MHAB,DE27B,2004,299.667
A,P_MHAB,DE27B,2005,392.829
A,P_MHAB,DE27B,2006,314.471
A,P_MHAB,DE27B,2007,483.311
A,P_MHAB,DE27B,2008,405.021
A,P_MHAB,DE27B,2009,500.179
A,P_MHAB,DE27B,2010,451.854
A,P_MHAB,DE27B,2011,433.295
A,P_MHAB,DE27B,2012,331.022
A,P_MHAB,DE27C,2000,242.67
A,P_MHAB,DE27C,2001,250.395
A,P_MHAB,DE27C,2002,310.851
A,P_MHAB,DE27C,2003,274.575
A,P_MHAB,DE27C,2004,248.594
A,P_MHAB,DE27C,2005,342.784
A,P_MHAB,DE27C,2006,297.182
A,P_MHAB,DE27C,2007,373.547
A,P_MHAB,DE27C,2008,300.372
A,P_MHAB,DE27C,2009,285.316
A,P_MHAB,DE27C,2010,367.592
A,P_MHAB,DE27C,2011,368.113
A,P_MHAB,DE27C,2012,418.754
A,P_MHAB,DE27D,2000,215.052
A,P_MHAB,DE27D,2001,164.247
A,P_MHAB,DE27D,2002,248.82
A,P_MHAB,DE27D,2003,304.587
A,P_MHAB,DE27D,2004,148.908
A,P_MHAB,DE27D,2005,220.221
A,P_MHAB,DE27D,2006,221.045
A,P_MHAB,DE27D,2007,325.044
A,P_MHAB,DE27D,2008,288.922
A,P_MHAB,DE27D,2009,289.772
A,P_MHAB,DE27D,2010,349.355
A,P_MHAB,DE27D,2011,275.943
A,P_MHAB,DE27D,2012,201.591
A,P_MHAB,DE27E,2000,187.91
A,P_MHAB,DE27E,2001,160.239
A,P_MHAB,DE27E,2002,189.057
A,P_MHAB,DE27E,2003,189.993
A,P_MHAB,DE27E,2004,144.507
A,P_MHAB,DE27E,2005,227.796
A,P_MHAB,DE27E,2006,228.827
A,P_MHAB,DE27E,2007,288.04
A,P_MHAB,DE27E,2008,269.162
A,P_MHAB,DE27E,2009,252.382
A,P_MHAB,DE27E,2010,290.237
A,P_MHAB,DE27E,2011,238.784
A,P_MHAB,DE27E,2012,234.484
A,P_MHAB,DE30,2000,174.425
A,P_MHAB,DE30,2001,153.756
A,P_MHAB,DE30,2002,165.495
A,P_MHAB,DE30,2003,166.707
A,P_MHAB,DE30,2004,179.222
A,P_MHAB,DE30,2005,205.5
A,P_MHAB,DE30,2006,219.098
A,P_MHAB,DE30,2007,222.08
A,P_MHAB,DE30,2008,219.141
A,P_MHAB,DE30,2009,201.266
A,P_MHAB,DE30,2010,205.959
A,P_MHAB,DE30,2011,198.149
A,P_MHAB,DE30,2012,164.349
A,P_MHAB,DE300,2000,174.425
A,P_MHAB,DE300,2001,153.756
A,P_MHAB,DE300,2002,165.495
A,P_MHAB,DE300,2003,166.707
A,P_MHAB,DE300,2004,179.222
A,P_MHAB,DE300,2005,205.5
A,P_MHAB,DE300,2006,219.098
A,P_MHAB,DE300,2007,222.08
A,P_MHAB,DE300,2008,219.141
A,P_MHAB,DE300,2009,201.266
A,P_MHAB,DE300,2010,205.959
A,P_MHAB,DE300,2011,198.149
A,P_MHAB,DE300,2012,164.349
A,P_MHAB,DE40,2000,64.201
A,P_MHAB,DE40,2001,70.585
A,P_MHAB,DE40,2002,75.101
A,P_MHAB,DE40,2003,81.673
A,P_MHAB,DE40,2004,82.229
A,P_MHAB,DE40,2005,99.521
A,P_MHAB,DE40,2006,113.824
A,P_MHAB,DE40,2007,121.514
A,P_MHAB,DE40,2008,113.892
A,P_MHAB,DE40,2009,116.107
A,P_MHAB,DE40,2010,106.071
A,P_MHAB,DE40,2011,97.708
A,P_MHAB,DE40,2012,88.266
A,P_MHAB,DE401,2000,20.264
A,P_MHAB,DE401,2001,21.544
A,P_MHAB,DE401,2002,30.517
A,P_MHAB,DE401,2003,46.496
A,P_MHAB,DE401,2004,87.17
A,P_MHAB,DE401,2005,44.474
A,P_MHAB,DE401,2006,100.905
A,P_MHAB,DE401,2007,47.635
A,P_MHAB,DE401,2008,13.022
A,P_MHAB,DE401,2009,53.781
A,P_MHAB,DE401,2010,48.157
A,P_MHAB,DE401,2011,33.018
A,P_MHAB,DE401,2012,24.184
A,P_MHAB,DE402,2000,20.29
A,P_MHAB,DE402,2001,1.843
A,P_MHAB,DE402,2002,31.429
A,P_MHAB,DE402,2003,15.504
A,P_MHAB,DE402,2004,23.989
A,P_MHAB,DE402,2005,16.633
A,P_MHAB,DE402,2006,50.708
A,P_MHAB,DE402,2007,26.484
A,P_MHAB,DE402,2008,33.265
A,P_MHAB,DE402,2009,23.579
A,P_MHAB,DE402,2010,51.932
A,P_MHAB,DE402,2011,38.691
A,P_MHAB,DE402,2012,64.232
A,P_MHAB,DE403,2000,62.033
A,P_MHAB,DE403,2001,63.08
A,P_MHAB,DE403,2002,18.206
A,P_MHAB,DE403,2003,32.918
A,P_MHAB,DE403,2004,47.005
A,P_MHAB,DE403,2005,30.655
A,P_MHAB,DE403,2006,62.747
A,P_MHAB,DE403,2007,89.785
A,P_MHAB,DE403,2008,51.316
A,P_MHAB,DE403,2009,93.333
A,P_MHAB,DE403,2010,74.557
A,P_MHAB,DE403,2011,84.204
A,P_MHAB,DE403,2012,38.332
A,P_MHAB,DE404,2000,124.435
A,P_MHAB,DE404,2001,170.27
A,P_MHAB,DE404,2002,183.923
A,P_MHAB,DE404,2003,139.483
A,P_MHAB,DE404,2004,106.084
A,P_MHAB,DE404,2005,180.499
A,P_MHAB,DE404,2006,151.101
A,P_MHAB,DE404,2007,239.966
A,P_MHAB,DE404,2008,206.453
A,P_MHAB,DE404,2009,313.272
A,P_MHAB,DE404,2010,210.6
A,P_MHAB,DE404,2011,164.94
A,P_MHAB,DE404,2012,137.506
A,P_MHAB,DE405,2000,57.946
A,P_MHAB,DE405,2001,104.059
A,P_MHAB,DE405,2002,75.981
A,P_MHAB,DE405,2003,94.383
A,P_MHAB,DE405,2004,66.8
A,P_MHAB,DE405,2005,115.546
A,P_MHAB,DE405,2006,106.626
A,P_MHAB,DE405,2007,163.645
A,P_MHAB,DE405,2008,118.476
A,P_MHAB,DE405,2009,134.82
A,P_MHAB,DE405,2010,102.033
A,P_MHAB,DE405,2011,112.583
A,P_MHAB,DE405,2012,97.992
A,P_MHAB,DE406,2000,44.744
A,P_MHAB,DE406,2001,33.901
A,P_MHAB,DE406,2002,56.778
A,P_MHAB,DE406,2003,95.171
A,P_MHAB,DE406,2004,65.429
A,P_MHAB,DE406,2005,87.853
A,P_MHAB,DE406,2006,83.736
A,P_MHAB,DE406,2007,120.057
A,P_MHAB,DE406,2008,144.033
A,P_MHAB,DE406,2009,123.977
A,P_MHAB,DE406,2010,123.68
A,P_MHAB,DE406,2011,100.553
A,P_MHAB,DE406,2012,123.92
A,P_MHAB,DE407,2000,18.815
A,P_MHAB,DE407,2001,20.585
A,P_MHAB,DE407,2002,28.745
A,P_MHAB,DE407,2003,18.324
A,P_MHAB,DE407,2004,15.535
A,P_MHAB,DE407,2005,17.172
A,P_MHAB,DE407,2006,39.58
A,P_MHAB,DE407,2007,22.292
A,P_MHAB,DE407,2008,73.008
A,P_MHAB,DE407,2009,98.91
A,P_MHAB,DE407,2010,43.315
A,P_MHAB,DE407,2011,92.521
A,P_MHAB,DE407,2012,59.66
A,P_MHAB,DE408,2000,150.61
A,P_MHAB,DE408,2001,103.288
A,P_MHAB,DE408,2002,106.425
A,P_MHAB,DE408,2003,156.527
A,P_MHAB,DE408,2004,179.941
A,P_MHAB,DE408,2005,204.941
A,P_MHAB,DE408,2006,218.425
A,P_MHAB,DE408,2007,315.685
A,P_MHAB,DE408,2008,275.169
A,P_MHAB,DE408,2009,231.016
A,P_MHAB,DE408,2010,226.475
A,P_MHAB,DE408,2011,230.485
A,P_MHAB,DE408,2012,229.73
A,P_MHAB,DE409,2000,30.819
A,P_MHAB,DE409,2001,46.421
A,P_MHAB,DE409,2002,40.974
A,P_MHAB,DE409,2003,37.812
A,P_MHAB,DE409,2004,51.479
A,P_MHAB,DE409,2005,73.179
A,P_MHAB,DE409,2006,55.59
A,P_MHAB,DE409,2007,58.751
A,P_MHAB,DE409,2008,68.201
A,P_MHAB,DE409,2009,76.134
A,P_MHAB,DE409,2010,70.237
A,P_MHAB,DE409,2011,84.671
A,P_MHAB,DE409,2012,38.382
A,P_MHAB,DE40A,2000,113.325
A,P_MHAB,DE40A,2001,146.156
A,P_MHAB,DE40A,2002,146.014
A,P_MHAB,DE40A,2003,201.178
A,P_MHAB,DE40A,2004,182.183
A,P_MHAB,DE40A,2005,223.772
A,P_MHAB,DE40A,2006,263.508
A,P_MHAB,DE40A,2007,216.554
A,P_MHAB,DE40A,2008,221.298
A,P_MHAB,DE40A,2009,171.685
A,P_MHAB,DE40A,2010,197.952
A,P_MHAB,DE40A,2011,176.592
A,P_MHAB,DE40A,2012,181.467
A,P_MHAB,DE40B,2000,54.616
A,P_MHAB,DE40B,2001,90.483
A,P_MHAB,DE40B,2002,71.711
A,P_MHAB,DE40B,2003,37.106
A,P_MHAB,DE40B,2004,43.229
A,P_MHAB,DE40B,2005,50.588
A,P_MHAB,DE40B,2006,84.525
A,P_MHAB,DE40B,2007,41.441
A,P_MHAB,DE40B,2008,37.477
A,P_MHAB,DE40B,2009,59.737
A,P_MHAB,DE40B,2010,55.175
A,P_MHAB,DE40B,2011,39.859
A,P_MHAB,DE40B,2012,37.826
A,P_MHAB,DE40C,2000,24.138
A,P_MHAB,DE40C,2001,42.504
A,P_MHAB,DE40C,2002,45.229
A,P_MHAB,DE40C,2003,42.901
A,P_MHAB,DE40C,2004,42.577
A,P_MHAB,DE40C,2005,38.802
A,P_MHAB,DE40C,2006,72.092
A,P_MHAB,DE40C,2007,72.31
A,P_MHAB,DE40C,2008,34.249
A,P_MHAB,DE40C,2009,36.238
A,P_MHAB,DE40C,2010,34.745
A,P_MHAB,DE40C,2011,28.446
A,P_MHAB,DE40C,2012,39.607
A,P_MHAB,DE40D,2000,4.025
A,P_MHAB,DE40D,2001,26.211
A,P_MHAB,DE40D,2002,20.826
A,P_MHAB,DE40D,2003,4.504
A,P_MHAB,DE40D,2004,32.892
A,P_MHAB,DE40D,2005,27.642
A,P_MHAB,DE40D,2006,33.603
A,P_MHAB,DE40D,2007,34.354
A,P_MHAB,DE40D,2008,22.871
A,P_MHAB,DE40D,2009,57.26
A,P_MHAB,DE40D,2010,29.884
A,P_MHAB,DE40D,2011,12.151
A,P_MHAB,DE40D,2012,9.794
A,P_MHAB,DE40E,2000,225.086
A,P_MHAB,DE40E,2001,172.022
A,P_MHAB,DE40E,2002,196.768
A,P_MHAB,DE40E,2003,146.76
A,P_MHAB,DE40E,2004,218.492
A,P_MHAB,DE40E,2005,250.259
A,P_MHAB,DE40E,2006,260.472
A,P_MHAB,DE40E,2007,213.816
A,P_MHAB,DE40E,2008,164.344
A,P_MHAB,DE40E,2009,212.408
A,P_MHAB,DE40E,2010,233.194
A,P_MHAB,DE40E,2011,163.603
A,P_MHAB,DE40E,2012,139.393
A,P_MHAB,DE40F,2000,12.361
A,P_MHAB,DE40F,2001,2.09
A,P_MHAB,DE40F,2002,19.465
A,P_MHAB,DE40F,2003,15.651
A,P_MHAB,DE40F,2004,21.926
A,P_MHAB,DE40F,2005,37.086
A,P_MHAB,DE40F,2006,50.94
A,P_MHAB,DE40F,2007,45.861
A,P_MHAB,DE40F,2008,35.004
A,P_MHAB,DE40F,2009,57.306
A,P_MHAB,DE40F,2010,50.189
A,P_MHAB,DE40F,2011,54.863
A,P_MHAB,DE40F,2012,39.198
A,P_MHAB,DE40G,2000,10.757
A,P_MHAB,DE40G,2001,6.501
A,P_MHAB,DE40G,2003,5.438
A,P_MHAB,DE40G,2004,22.442
A,P_MHAB,DE40G,2005,10.182
A,P_MHAB,DE40G,2006,12.418
A,P_MHAB,DE40G,2007,14.665
A,P_MHAB,DE40G,2008,34.112
A,P_MHAB,DE40G,2009,11.483
A,P_MHAB,DE40G,2010,19.46
A,P_MHAB,DE40G,2011,19.778
A,P_MHAB,DE40G,2012,13.637
A,P_MHAB,DE40H,2000,72.572
A,P_MHAB,DE40H,2001,84.578
A,P_MHAB,DE40H,2002,114.89
A,P_MHAB,DE40H,2003,195.945
A,P_MHAB,DE40H,2004,110.024
A,P_MHAB,DE40H,2005,133.333
A,P_MHAB,DE40H,2006,161.332
A,P_MHAB,DE40H,2007,193.37
A,P_MHAB,DE40H,2008,228.191
A,P_MHAB,DE40H,2009,128.954
A,P_MHAB,DE40H,2010,101.392
A,P_MHAB,DE40H,2011,119.775
A,P_MHAB,DE40H,2012,98.548
A,P_MHAB,DE40I,2000,1.622
A,P_MHAB,DE40I,2001,13.18
A,P_MHAB,DE40I,2002,16.823
A,P_MHAB,DE40I,2003,13.725
A,P_MHAB,DE40I,2004,13.806
A,P_MHAB,DE40I,2005,8.837
A,P_MHAB,DE40I,2006,27.489
A,P_MHAB,DE40I,2007,23.686
A,P_MHAB,DE40I,2008,36.159
A,P_MHAB,DE40I,2009,11.744
A,P_MHAB,DE40I,2010,13.576
A,P_MHAB,DE40I,2011,14.414
A,P_MHAB,DE40I,2012,13.965
A,P_MHAB,DE50,2000,71.818
A,P_MHAB,DE50,2001,90.742
A,P_MHAB,DE50,2002,54.301
A,P_MHAB,DE50,2003,105.287
A,P_MHAB,DE50,2004,100.991
A,P_MHAB,DE50,2005,101.4
A,P_MHAB,DE50,2006,121.498
A,P_MHAB,DE50,2007,93.135
A,P_MHAB,DE50,2008,92.342
A,P_MHAB,DE50,2009,106.018
A,P_MHAB,DE50,2010,98.124
A,P_MHAB,DE50,2011,106.795
A,P_MHAB,DE50,2012,85.075
A,P_MHAB,DE501,2000,79.47
A,P_MHAB,DE501,2001,104.226
A,P_MHAB,DE501,2002,58.97
A,P_MHAB,DE501,2003,123.778
A,P_MHAB,DE501,2004,112.324
A,P_MHAB,DE501,2005,110.05
A,P_MHAB,DE501,2006,140.239
A,P_MHAB,DE501,2007,99.008
A,P_MHAB,DE501,2008,109.499
A,P_MHAB,DE501,2009,121.127
A,P_MHAB,DE501,2010,110.556
A,P_MHAB,DE501,2011,113.074
A,P_MHAB,DE501,2012,99.103
A,P_MHAB,DE502,2000,38.131
A,P_MHAB,DE502,2001,30.541
A,P_MHAB,DE502,2002,33.024
A,P_MHAB,DE502,2003,20.989
A,P_MHAB,DE502,2004,48.784
A,P_MHAB,DE502,2005,61.135
A,P_MHAB,DE502,2006,33.615
A,P_MHAB,DE502,2007,65.319
A,P_MHAB,DE502,2008,10.84
A,P_MHAB,DE502,2009,33.797
A,P_MHAB,DE502,2010,38.411
A,P_MHAB,DE502,2011,76.478
A,P_MHAB,DE502,2012,16.994
A,P_MHAB,DE60,2000,186.052
A,P_MHAB,DE60,2001,215.665
A,P_MHAB,DE60,2002,198.185
A,P_MHAB,DE60,2003,218.636
A,P_MHAB,DE60,2004,207.032
A,P_MHAB,DE60,2005,225.169
A,P_MHAB,DE60,2006,210.257
A,P_MHAB,DE60,2007,203.405
A,P_MHAB,DE60,2008,231.68
A,P_MHAB,DE60,2009,219.807
A,P_MHAB,DE60,2010,188.031
A,P_MHAB,DE60,2011,240.992
A,P_MHAB,DE60,2012,201.074
A,P_MHAB,DE600,2000,186.052
A,P_MHAB,DE600,2001,215.665
A,P_MHAB,DE600,2002,198.185
A,P_MHAB,DE600,2003,218.636
A,P_MHAB,DE600,2004,207.032
A,P_MHAB,DE600,2005,225.169
A,P_MHAB,DE600,2006,210.257
A,P_MHAB,DE600,2007,203.405
A,P_MHAB,DE600,2008,231.68
A,P_MHAB,DE600,2009,219.807
A,P_MHAB,DE600,2010,188.031
A,P_MHAB,DE600,2011,240.992
A,P_MHAB,DE600,2012,201.074
A,P_MHAB,DE71,2000,435.046
A,P_MHAB,DE71,2001,382.669
A,P_MHAB,DE71,2002,389.823
A,P_MHAB,DE71,2003,366.292
A,P_MHAB,DE71,2004,412.578
A,P_MHAB,DE71,2005,409.727
A,P_MHAB,DE71,2006,392.327
A,P_MHAB,DE71,2007,427.093
A,P_MHAB,DE71,2008,350.762
A,P_MHAB,DE71,2009,344.309
A,P_MHAB,DE71,2010,346.346
A,P_MHAB,DE71,2011,357.446
A,P_MHAB,DE71,2012,244.7
A,P_MHAB,DE711,2000,1184.677
A,P_MHAB,DE711,2001,840.7
A,P_MHAB,DE711,2002,939.353
A,P_MHAB,DE711,2003,968.919
A,P_MHAB,DE711,2004,928.932
A,P_MHAB,DE711,2005,976.099
A,P_MHAB,DE711,2006,874.703
A,P_MHAB,DE711,2007,842.79
A,P_MHAB,DE711,2008,723.042
A,P_MHAB,DE711,2009,692.502
A,P_MHAB,DE711,2010,774.356
A,P_MHAB,DE711,2011,772.842
A,P_MHAB,DE711,2012,607.842
A,P_MHAB,DE712,2000,267.559
A,P_MHAB,DE712,2001,243.369
A,P_MHAB,DE712,2002,313.879
A,P_MHAB,DE712,2003,259.148
A,P_MHAB,DE712,2004,293.877
A,P_MHAB,DE712,2005,308.863
A,P_MHAB,DE712,2006,300.629
A,P_MHAB,DE712,2007,324.62
A,P_MHAB,DE712,2008,314.148
A,P_MHAB,DE712,2009,356.403
A,P_MHAB,DE712,2010,351.779
A,P_MHAB,DE712,2011,440.276
A,P_MHAB,DE712,2012,246.472
A,P_MHAB,DE713,2000,201.497
A,P_MHAB,DE713,2001,144.127
A,P_MHAB,DE713,2002,133.329
A,P_MHAB,DE713,2003,172.687
A,P_MHAB,DE713,2004,187.907
A,P_MHAB,DE713,2005,189.162
A,P_MHAB,DE713,2006,292.473
A,P_MHAB,DE713,2007,287.843
A,P_MHAB,DE713,2008,138.949
A,P_MHAB,DE713,2009,109.433
A,P_MHAB,DE713,2010,120.906
A,P_MHAB,DE713,2011,105.949
A,P_MHAB,DE713,2012,131.861
A,P_MHAB,DE714,2000,285.245
A,P_MHAB,DE714,2001,168.525
A,P_MHAB,DE714,2002,246.352
A,P_MHAB,DE714,2003,218.889
A,P_MHAB,DE714,2004,268.792
A,P_MHAB,DE714,2005,246.063
A,P_MHAB,DE714,2006,221.55
A,P_MHAB,DE714,2007,248.619
A,P_MHAB,DE714,2008,148.197
A,P_MHAB,DE714,2009,147.466
A,P_MHAB,DE714,2010,125.517
A,P_MHAB,DE714,2011,185.994
A,P_MHAB,DE714,2012,127.277
A,P_MHAB,DE715,2000,501.08
A,P_MHAB,DE715,2001,486.407
A,P_MHAB,DE715,2002,465.139
A,P_MHAB,DE715,2003,410.146
A,P_MHAB,DE715,2004,457.021
A,P_MHAB,DE715,2005,464.185
A,P_MHAB,DE715,2006,449.923
A,P_MHAB,DE715,2007,614.412
A,P_MHAB,DE715,2008,399.841
A,P_MHAB,DE715,2009,449.889
A,P_MHAB,DE715,2010,431.666
A,P_MHAB,DE715,2011,443.404
A,P_MHAB,DE715,2012,286.794
A,P_MHAB,DE716,2000,703.402
A,P_MHAB,DE716,2001,597.322
A,P_MHAB,DE716,2002,615.365
A,P_MHAB,DE716,2003,530.483
A,P_MHAB,DE716,2004,572.957
A,P_MHAB,DE716,2005,560.404
A,P_MHAB,DE716,2006,506.421
A,P_MHAB,DE716,2007,563.951
A,P_MHAB,DE716,2008,524.335
A,P_MHAB,DE716,2009,504.605
A,P_MHAB,DE716,2010,518.002
A,P_MHAB,DE716,2011,436.585
A,P_MHAB,DE716,2012,303.587
A,P_MHAB,DE717,2000,301.906
A,P_MHAB,DE717,2001,254.146
A,P_MHAB,DE717,2002,247.327
A,P_MHAB,DE717,2003,260.614
A,P_MHAB,DE717,2004,266.261
A,P_MHAB,DE717,2005,327.886
A,P_MHAB,DE717,2006,305.075
A,P_MHAB,DE717,2007,292.306
A,P_MHAB,DE717,2008,201.847
A,P_MHAB,DE717,2009,206.881
A,P_MHAB,DE717,2010,181.034
A,P_MHAB,DE717,2011,164.7
A,P_MHAB,DE717,2012,101.033
A,P_MHAB,DE718,2000,399.864
A,P_MHAB,DE718,2001,470.931
A,P_MHAB,DE718,2002,500.655
A,P_MHAB,DE718,2003,341.467
A,P_MHAB,DE718,2004,522.873
A,P_MHAB,DE718,2005,543.854
A,P_MHAB,DE718,2006,349.172
A,P_MHAB,DE718,2007,463.426
A,P_MHAB,DE718,2008,419.257
A,P_MHAB,DE718,2009,456.682
A,P_MHAB,DE718,2010,360.643
A,P_MHAB,DE718,2011,383.071
A,P_MHAB,DE718,2012,327.593
A,P_MHAB,DE719,2000,521.645
A,P_MHAB,DE719,2001,377.763
A,P_MHAB,DE719,2002,374.819
A,P_MHAB,DE719,2003,384.408
A,P_MHAB,DE719,2004,434.362
A,P_MHAB,DE719,2005,344.683
A,P_MHAB,DE719,2006,365.321
A,P_MHAB,DE719,2007,375.05
A,P_MHAB,DE719,2008,375.023
A,P_MHAB,DE719,2009,297.087
A,P_MHAB,DE719,2010,316.985
A,P_MHAB,DE719,2011,291.724
A,P_MHAB,DE719,2012,226.66
A,P_MHAB,DE71A,2000,759.499
A,P_MHAB,DE71A,2001,910.68
A,P_MHAB,DE71A,2002,743.291
A,P_MHAB,DE71A,2003,759.875
A,P_MHAB,DE71A,2004,884.07
A,P_MHAB,DE71A,2005,782.042
A,P_MHAB,DE71A,2006,715.086
A,P_MHAB,DE71A,2007,841.687
A,P_MHAB,DE71A,2008,629.431
A,P_MHAB,DE71A,2009,514.128
A,P_MHAB,DE71A,2010,561.005
A,P_MHAB,DE71A,2011,546.883
A,P_MHAB,DE71A,2012,372.17
A,P_MHAB,DE71B,2000,233.766
A,P_MHAB,DE71B,2001,211.003
A,P_MHAB,DE71B,2002,161.817
A,P_MHAB,DE71B,2003,280.826
A,P_MHAB,DE71B,2004,264.371
A,P_MHAB,DE71B,2005,277.949
A,P_MHAB,DE71B,2006,345.798
A,P_MHAB,DE71B,2007,314.432
A,P_MHAB,DE71B,2008,166.138
A,P_MHAB,DE71B,2009,201.036
A,P_MHAB,DE71B,2010,141.638
A,P_MHAB,DE71B,2011,164.585
A,P_MHAB,DE71B,2012,210.649
A,P_MHAB,DE71C,2000,333.987
A,P_MHAB,DE71C,2001,319.345
A,P_MHAB,DE71C,2002,281.38
A,P_MHAB,DE71C,2003,281.019
A,P_MHAB,DE71C,2004,316.835
A,P_MHAB,DE71C,2005,367.271
A,P_MHAB,DE71C,2006,500.887
A,P_MHAB,DE71C,2007,464.646
A,P_MHAB,DE71C,2008,340.926
A,P_MHAB,DE71C,2009,373.911
A,P_MHAB,DE71C,2010,344.255
A,P_MHAB,DE71C,2011,378.659
A,P_MHAB,DE71C,2012,232.363
A,P_MHAB,DE71D,2000,457.12
A,P_MHAB,DE71D,2001,335.417
A,P_MHAB,DE71D,2002,284.645
A,P_MHAB,DE71D,2003,383.217
A,P_MHAB,DE71D,2004,362.667
A,P_MHAB,DE71D,2005,362.207
A,P_MHAB,DE71D,2006,269.061
A,P_MHAB,DE71D,2007,281.733
A,P_MHAB,DE71D,2008,244.798
A,P_MHAB,DE71D,2009,228.736
A,P_MHAB,DE71D,2010,219.745
A,P_MHAB,DE71D,2011,225.147
A,P_MHAB,DE71D,2012,164.484
A,P_MHAB,DE71E,2000,307.996
A,P_MHAB,DE71E,2001,275.844
A,P_MHAB,DE71E,2002,301.936
A,P_MHAB,DE71E,2003,233.631
A,P_MHAB,DE71E,2004,298.255
A,P_MHAB,DE71E,2005,304.55
A,P_MHAB,DE71E,2006,271.007
A,P_MHAB,DE71E,2007,305.96
A,P_MHAB,DE71E,2008,282.357
A,P_MHAB,DE71E,2009,231.594
A,P_MHAB,DE71E,2010,335.939
A,P_MHAB,DE71E,2011,285.623
A,P_MHAB,DE71E,2012,182.858
A,P_MHAB,DE72,2000,243.516
A,P_MHAB,DE72,2001,235.017
A,P_MHAB,DE72,2002,232.548
A,P_MHAB,DE72,2003,229.447
A,P_MHAB,DE72,2004,249.374
A,P_MHAB,DE72,2005,265.216
A,P_MHAB,DE72,2006,224.051
A,P_MHAB,DE72,2007,203.035
A,P_MHAB,DE72,2008,206.54
A,P_MHAB,DE72,2009,230.67
A,P_MHAB,DE72,2010,220.537
A,P_MHAB,DE72,2011,249.234
A,P_MHAB,DE72,2012,193.59
A,P_MHAB,DE721,2000,215.315
A,P_MHAB,DE721,2001,269.888
A,P_MHAB,DE721,2002,211.535
A,P_MHAB,DE721,2003,227.004
A,P_MHAB,DE721,2004,194.386
A,P_MHAB,DE721,2005,190.793
A,P_MHAB,DE721,2006,145.723
A,P_MHAB,DE721,2007,145.824
A,P_MHAB,DE721,2008,183.012
A,P_MHAB,DE721,2009,240.816
A,P_MHAB,DE721,2010,267.746
A,P_MHAB,DE721,2011,289.036
A,P_MHAB,DE721,2012,212.443
A,P_MHAB,DE722,2000,334.207
A,P_MHAB,DE722,2001,267.748
A,P_MHAB,DE722,2002,270.45
A,P_MHAB,DE722,2003,246.184
A,P_MHAB,DE722,2004,302.677
A,P_MHAB,DE722,2005,307.759
A,P_MHAB,DE722,2006,216.266
A,P_MHAB,DE722,2007,203.039
A,P_MHAB,DE722,2008,230.641
A,P_MHAB,DE722,2009,185.204
A,P_MHAB,DE722,2010,205.0
A,P_MHAB,DE722,2011,233.955
A,P_MHAB,DE722,2012,227.308
A,P_MHAB,DE723,2000,227.085
A,P_MHAB,DE723,2001,185.892
A,P_MHAB,DE723,2002,290.131
A,P_MHAB,DE723,2003,194.996
A,P_MHAB,DE723,2004,217.873
A,P_MHAB,DE723,2005,285.199
A,P_MHAB,DE723,2006,233.855
A,P_MHAB,DE723,2007,239.485
A,P_MHAB,DE723,2008,163.047
A,P_MHAB,DE723,2009,190.636
A,P_MHAB,DE723,2010,137.037
A,P_MHAB,DE723,2011,171.105
A,P_MHAB,DE723,2012,136.654
A,P_MHAB,DE724,2000,206.362
A,P_MHAB,DE724,2001,238.67
A,P_MHAB,DE724,2002,235.345
A,P_MHAB,DE724,2003,246.093
A,P_MHAB,DE724,2004,320.817
A,P_MHAB,DE724,2005,312.968
A,P_MHAB,DE724,2006,357.086
A,P_MHAB,DE724,2007,274.85
A,P_MHAB,DE724,2008,277.651
A,P_MHAB,DE724,2009,320.89
A,P_MHAB,DE724,2010,267.649
A,P_MHAB,DE724,2011,344.791
A,P_MHAB,DE724,2012,235.19
A,P_MHAB,DE725,2000,206.455
A,P_MHAB,DE725,2001,152.663
A,P_MHAB,DE725,2002,102.047
A,P_MHAB,DE725,2003,213.058
A,P_MHAB,DE725,2004,142.985
A,P_MHAB,DE725,2005,199.455
A,P_MHAB,DE725,2006,108.567
A,P_MHAB,DE725,2007,116.909
A,P_MHAB,DE725,2008,113.413
A,P_MHAB,DE725,2009,170.758
A,P_MHAB,DE725,2010,169.747
A,P_MHAB,DE725,2011,93.923
A,P_MHAB,DE725,2012,63.756
A,P_MHAB,DE73,2000,100.322
A,P_MHAB,DE73,2001,114.846
A,P_MHAB,DE73,2002,94.277
A,P_MHAB,DE73,2003,107.551
A,P_MHAB,DE73,2004,112.247
A,P_MHAB,DE73,2005,110.583
A,P_MHAB,DE73,2006,161.624
A,P_MHAB,DE73,2007,164.262
A,P_MHAB,DE73,2008,154.673
A,P_MHAB,DE73,2009,169.07
A,P_MHAB,DE73,2010,158.009
A,P_MHAB,DE73,2011,162.393
A,P_MHAB,DE73,2012,154.366
A,P_MHAB,DE731,2000,83.278
A,P_MHAB,DE731,2001,116.55
A,P_MHAB,DE731,2002,71.477
A,P_MHAB,DE731,2003,77.674
A,P_MHAB,DE731,2004,106.884
A,P_MHAB,DE731,2005,93.333
A,P_MHAB,DE731,2006,151.934
A,P_MHAB,DE731,2007,178.588
A,P_MHAB,DE731,2008,177.345
A,P_MHAB,DE731,2009,283.208
A,P_MHAB,DE731,2010,218.048
A,P_MHAB,DE731,2011,243.441
A,P_MHAB,DE731,2012,238.136
A,P_MHAB,DE732,2000,92.823
A,P_MHAB,DE732,2001,127.004
A,P_MHAB,DE732,2002,105.805
A,P_MHAB,DE732,2003,83.686
A,P_MHAB,DE732,2004,103.839
A,P_MHAB,DE732,2005,107.274
A,P_MHAB,DE732,2006,126.198
A,P_MHAB,DE732,2007,151.217
A,P_MHAB,DE732,2008,127.32
A,P_MHAB,DE732,2009,120.501
A,P_MHAB,DE732,2010,119.72
A,P_MHAB,DE732,2011,131.228
A,P_MHAB,DE732,2012,126.294
A,P_MHAB,DE733,2000,117.897
A,P_MHAB,DE733,2001,143.356
A,P_MHAB,DE733,2002,96.762
A,P_MHAB,DE733,2003,154.855
A,P_MHAB,DE733,2004,65.983
A,P_MHAB,DE733,2005,84.757
A,P_MHAB,DE733,2006,115.134
A,P_MHAB,DE733,2007,155.036
A,P_MHAB,DE733,2008,147.91
A,P_MHAB,DE733,2009,87.915
A,P_MHAB,DE733,2010,141.843
A,P_MHAB,DE733,2011,67.985
A,P_MHAB,DE733,2012,139.907
A,P_MHAB,DE734,2000,137.016
A,P_MHAB,DE734,2001,91.505
A,P_MHAB,DE734,2002,82.528
A,P_MHAB,DE734,2003,96.487
A,P_MHAB,DE734,2004,188.452
A,P_MHAB,DE734,2005,97.041
A,P_MHAB,DE734,2006,170.72
A,P_MHAB,DE734,2007,154.677
A,P_MHAB,DE734,2008,140.781
A,P_MHAB,DE734,2009,159.8
A,P_MHAB,DE734,2010,117.156
A,P_MHAB,DE734,2011,145.325
A,P_MHAB,DE734,2012,188.843
A,P_MHAB,DE735,2000,76.9
A,P_MHAB,DE735,2001,106.649
A,P_MHAB,DE735,2002,87.175
A,P_MHAB,DE735,2003,119.463
A,P_MHAB,DE735,2004,86.25
A,P_MHAB,DE735,2005,124.156
A,P_MHAB,DE735,2006,168.479
A,P_MHAB,DE735,2007,192.582
A,P_MHAB,DE735,2008,172.3
A,P_MHAB,DE735,2009,220.28
A,P_MHAB,DE735,2010,197.318
A,P_MHAB,DE735,2011,169.969
A,P_MHAB,DE735,2012,96.076
A,P_MHAB,DE736,2000,108.489
A,P_MHAB,DE736,2001,124.173
A,P_MHAB,DE736,2002,142.052
A,P_MHAB,DE736,2003,143.133
A,P_MHAB,DE736,2004,90.844
A,P_MHAB,DE736,2005,172.694
A,P_MHAB,DE736,2006,264.242
A,P_MHAB,DE736,2007,208.232
A,P_MHAB,DE736,2008,202.164
A,P_MHAB,DE736,2009,164.104
A,P_MHAB,DE736,2010,205.052
A,P_MHAB,DE736,2011,208.994
A,P_MHAB,DE736,2012,170.766
A,P_MHAB,DE737,2000,72.422
A,P_MHAB,DE737,2001,106.351
A,P_MHAB,DE737,2002,74.144
A,P_MHAB,DE737,2003,101.03
A,P_MHAB,DE737,2004,101.129
A,P_MHAB,DE737,2005,88.715
A,P_MHAB,DE737,2006,114.072
A,P_MHAB,DE737,2007,80.156
A,P_MHAB,DE737,2008,104.334
A,P_MHAB,DE737,2009,93.917
A,P_MHAB,DE737,2010,95.525
A,P_MHAB,DE737,2011,139.084
A,P_MHAB,DE737,2012,69.053
A,P_MHAB,DE80,2000,34.505
A,P_MHAB,DE80,2001,36.6
A,P_MHAB,DE80,2002,31.82
A,P_MHAB,DE80,2003,42.989
A,P_MHAB,DE80,2004,51.835
A,P_MHAB,DE80,2005,38.647
A,P_MHAB,DE80,2006,62.691
A,P_MHAB,DE80,2007,62.353
A,P_MHAB,DE80,2008,50.248
A,P_MHAB,DE80,2009,57.77
A,P_MHAB,DE80,2010,59.635
A,P_MHAB,DE80,2011,47.128
A,P_MHAB,DE80,2012,39.272
A,P_MHAB,DE801,2000,106.959
A,P_MHAB,DE801,2001,116.528
A,P_MHAB,DE801,2002,169.989
A,P_MHAB,DE801,2003,95.105
A,P_MHAB,DE801,2004,257.807
A,P_MHAB,DE801,2005,221.762
A,P_MHAB,DE801,2006,279.086
A,P_MHAB,DE801,2007,250.215
A,P_MHAB,DE801,2008,303.092
A,P_MHAB,DE801,2009,164.046
A,P_MHAB,DE801,2010,183.4
A,P_MHAB,DE801,2011,93.023
A,P_MHAB,DE801,2012,40.508
A,P_MHAB,DE802,2000,26.836
A,P_MHAB,DE802,2001,32.325
A,P_MHAB,DE802,2002,20.914
A,P_MHAB,DE802,2003,35.592
A,P_MHAB,DE802,2004,87.482
A,P_MHAB,DE802,2005,43.389
A,P_MHAB,DE802,2006,121.869
A,P_MHAB,DE802,2007,45.322
A,P_MHAB,DE802,2008,32.217
A,P_MHAB,DE802,2009,22.769
A,P_MHAB,DE802,2010,41.451
A,P_MHAB,DE802,2012,3.846
A,P_MHAB,DE803,2000,101.732
A,P_MHAB,DE803,2001,53.914
A,P_MHAB,DE803,2002,40.259
A,P_MHAB,DE803,2003,47.766
A,P_MHAB,DE803,2004,44.629
A,P_MHAB,DE803,2005,63.319
A,P_MHAB,DE803,2006,69.046
A,P_MHAB,DE803,2007,139.542
A,P_MHAB,DE803,2008,109.823
A,P_MHAB,DE803,2009,92.443
A,P_MHAB,DE803,2010,84.143
A,P_MHAB,DE803,2011,88.441
A,P_MHAB,DE803,2012,109.762
A,P_MHAB,DE804,2000,13.803
A,P_MHAB,DE804,2001,71.593
A,P_MHAB,DE804,2002,8.202
A,P_MHAB,DE804,2003,101.274
A,P_MHAB,DE804,2004,97.242
A,P_MHAB,DE804,2005,19.771
A,P_MHAB,DE804,2006,57.006
A,P_MHAB,DE804,2007,5.505
A,P_MHAB,DE804,2008,62.595
A,P_MHAB,DE804,2009,48.665
A,P_MHAB,DE804,2010,75.652
A,P_MHAB,DE804,2011,37.387
A,P_MHAB,DE804,2012,33.263
A,P_MHAB,DE805,2000,5.38
A,P_MHAB,DE805,2002,24.179
A,P_MHAB,DE805,2003,40.479
A,P_MHAB,DE805,2004,5.58
A,P_MHAB,DE805,2007,31.396
A,P_MHAB,DE805,2008,43.083
A,P_MHAB,DE805,2009,43.203
A,P_MHAB,DE805,2010,2.423
A,P_MHAB,DE805,2011,18.727
A,P_MHAB,DE805,2012,20.739
A,P_MHAB,DE806,2000,21.095
A,P_MHAB,DE806,2001,10.631
A,P_MHAB,DE806,2002,57.365
A,P_MHAB,DE806,2003,79.489
A,P_MHAB,DE806,2004,72.844
A,P_MHAB,DE806,2005,47.753
A,P_MHAB,DE806,2006,40.316
A,P_MHAB,DE806,2007,58.652
A,P_MHAB,DE806,2008,35.99
A,P_MHAB,DE806,2009,11.178
A,P_MHAB,DE806,2010,186.643
A,P_MHAB,DE806,2011,95.727
A,P_MHAB,DE806,2012,31.777
A,P_MHAB,DE807,2000,42.761
A,P_MHAB,DE807,2001,49.103
A,P_MHAB,DE807,2002,55.846
A,P_MHAB,DE807,2003,63.832
A,P_MHAB,DE807,2004,58.757
A,P_MHAB,DE807,2005,82.065
A,P_MHAB,DE807,2006,62.379
A,P_MHAB,DE807,2007,62.518
A,P_MHAB,DE807,2008,108.024
A,P_MHAB,DE807,2009,134.374
A,P_MHAB,DE807,2010,110.789
A,P_MHAB,DE807,2011,108.45
A,P_MHAB,DE807,2012,78.35
A,P_MHAB,DE808,2004,5.561
A,P_MHAB,DE808,2005,5.664
A,P_MHAB,DE808,2007,1.173
A,P_MHAB,DE808,2008,5.389
A,P_MHAB,DE808,2009,3.057
A,P_MHAB,DE808,2010,3.596
A,P_MHAB,DE808,2011,31.46
A,P_MHAB,DE808,2012,57.42
A,P_MHAB,DE809,2001,11.107
A,P_MHAB,DE809,2002,10.071
A,P_MHAB,DE809,2003,19.392
A,P_MHAB,DE809,2004,29.756
A,P_MHAB,DE809,2005,27.962
A,P_MHAB,DE809,2006,21.286
A,P_MHAB,DE809,2007,49.38
A,P_MHAB,DE809,2008,10.704
A,P_MHAB,DE809,2009,34.602
A,P_MHAB,DE809,2010,40.823
A,P_MHAB,DE809,2011,40.407
A,P_MHAB,DE809,2012,12.758
A,P_MHAB,DE80A,2000,31.293
A,P_MHAB,DE80A,2001,65.314
A,P_MHAB,DE80A,2002,27.724
A,P_MHAB,DE80A,2003,23.119
A,P_MHAB,DE80A,2004,25.373
A,P_MHAB,DE80A,2005,16.072
A,P_MHAB,DE80A,2006,32.221
A,P_MHAB,DE80A,2007,38.646
A,P_MHAB,DE80A,2008,21.015
A,P_MHAB,DE80A,2009,30.098
A,P_MHAB,DE80A,2010,31.977
A,P_MHAB,DE80A,2011,23.416
A,P_MHAB,DE80A,2012,28.719
A,P_MHAB,DE80B,2000,33.9
A,P_MHAB,DE80B,2001,68.22
A,P_MHAB,DE80B,2002,9.528
A,P_MHAB,DE80B,2003,52.085
A,P_MHAB,DE80B,2004,52.641
A,P_MHAB,DE80B,2005,80.772
A,P_MHAB,DE80B,2006,192.575
A,P_MHAB,DE80B,2007,152.006
A,P_MHAB,DE80B,2009,261.26
A,P_MHAB,DE80B,2010,83.119
A,P_MHAB,DE80B,2011,64.509
A,P_MHAB,DE80B,2012,42.949
A,P_MHAB,DE80C,2000,42.805
A,P_MHAB,DE80C,2003,14.456
A,P_MHAB,DE80C,2004,7.27
A,P_MHAB,DE80C,2005,14.661
A,P_MHAB,DE80C,2006,8.593
A,P_MHAB,DE80C,2007,34.775
A,P_MHAB,DE80C,2008,18.044
A,P_MHAB,DE80C,2009,30.419
A,P_MHAB,DE80C,2010,20.396
A,P_MHAB,DE80C,2011,18.572
A,P_MHAB,DE80C,2012,7.783
A,P_MHAB,DE80D,2000,26.523
A,P_MHAB,DE80D,2001,13.796
A,P_MHAB,DE80D,2002,31.175
A,P_MHAB,DE80D,2003,26.444
A,P_MHAB,DE80D,2004,20.227
A,P_MHAB,DE80D,2005,6.412
A,P_MHAB,DE80D,2006,43.681
A,P_MHAB,DE80D,2007,9.828
A,P_MHAB,DE80D,2008,14.802
A,P_MHAB,DE80D,2009,28.065
A,P_MHAB,DE80D,2010,42.939
A,P_MHAB,DE80D,2011,41.877
A,P_MHAB,DE80D,2012,33.271
A,P_MHAB,DE80E,2000,24.746
A,P_MHAB,DE80E,2001,39.81
A,P_MHAB,DE80E,2002,36.153
A,P_MHAB,DE80E,2003,86.145
A,P_MHAB,DE80E,2004,49.33
A,P_MHAB,DE80E,2005,25.033
A,P_MHAB,DE80E,2006,68.904
A,P_MHAB,DE80E,2007,58.896
A,P_MHAB,DE80E,2008,30.082
A,P_MHAB,DE80E,2009,39.224
A,P_MHAB,DE80E,2010,56.309
A,P_MHAB,DE80E,2011,34.303
A,P_MHAB,DE80E,2012,40.525
A,P_MHAB,DE80F,2000,49.773
A,P_MHAB,DE80F,2001,30.536
A,P_MHAB,DE80F,2002,56.767
A,P_MHAB,DE80F,2003,36.231
A,P_MHAB,DE80F,2004,68.118
A,P_MHAB,DE80F,2005,49.164
A,P_MHAB,DE80F,2006,75.257
A,P_MHAB,DE80F,2007,68.028
A,P_MHAB,DE80F,2008,51.878
A,P_MHAB,DE80F,2009,18.246
A,P_MHAB,DE80F,2010,43.711
A,P_MHAB,DE80F,2011,26.943
A,P_MHAB,DE80F,2012,14.512
A,P_MHAB,DE80G,2000,21.913
A,P_MHAB,DE80G,2001,47.026
A,P_MHAB,DE80G,2002,30.834
A,P_MHAB,DE80G,2003,33.449
A,P_MHAB,DE80G,2004,95.892
A,P_MHAB,DE80G,2005,12.791
A,P_MHAB,DE80G,2006,39.834
A,P_MHAB,DE80G,2007,33.274
A,P_MHAB,DE80G,2008,35.815
A,P_MHAB,DE80G,2009,13.021
A,P_MHAB,DE80G,2010,48.815
A,P_MHAB,DE80G,2011,27.871
A,P_MHAB,DE80G,2012,3.056
A,P_MHAB,DE80H,2002,14.247
A,P_MHAB,DE80H,2004,13.733
A,P_MHAB,DE80H,2006,40.677
A,P_MHAB,DE80H,2007,57.054
A,P_MHAB,DE80H,2008,17.213
A,P_MHAB,DE80H,2009,35.573
A,P_MHAB,DE80H,2010,43.596
A,P_MHAB,DE80H,2011,32.136
A,P_MHAB,DE80H,2012,15.4
A,P_MHAB,DE80I,2000,11.574
A,P_MHAB,DE80I,2001,11.753
A,P_MHAB,DE80I,2002,15.936
A,P_MHAB,DE80I,2003,30.625
A,P_MHAB,DE80I,2004,24.904
A,P_MHAB,DE80I,2005,16.879
A,P_MHAB,DE80I,2006,48.476
A,P_MHAB,DE80I,2007,10.884
A,P_MHAB,DE80I,2010,6.847
A,P_MHAB,DE80I,2011,15.803
A,P_MHAB,DE80I,2012,4.625
A,P_MHAB,DE91,2000,236.848
A,P_MHAB,DE91,2001,228.898
A,P_MHAB,DE91,2002,228.537
A,P_MHAB,DE91,2003,214.109
A,P_MHAB,DE91,2004,184.777
A,P_MHAB,DE91,2005,188.032
A,P_MHAB,DE91,2006,188.478
A,P_MHAB,DE91,2007,197.615
A,P_MHAB,DE91,2008,198.179
A,P_MHAB,DE91,2009,174.225
A,P_MHAB,DE91,2010,190.491
A,P_MHAB,DE91,2011,221.658
A,P_MHAB,DE91,2012,176.901
A,P_MHAB,DE911,2000,393.144
A,P_MHAB,DE911,2001,433.658
A,P_MHAB,DE911,2002,356.962
A,P_MHAB,DE911,2003,341.413
A,P_MHAB,DE911,2004,249.27
A,P_MHAB,DE911,2005,289.5
A,P_MHAB,DE911,2006,302.805
A,P_MHAB,DE911,2007,353.775
A,P_MHAB,DE911,2008,354.908
A,P_MHAB,DE911,2009,320.432
A,P_MHAB,DE911,2010,304.244
A,P_MHAB,DE911,2011,413.233
A,P_MHAB,DE911,2012,359.88
A,P_MHAB,DE912,2000,129.633
A,P_MHAB,DE912,2001,138.377
A,P_MHAB,DE912,2002,159.809
A,P_MHAB,DE912,2003,133.283
A,P_MHAB,DE912,2004,111.693
A,P_MHAB,DE912,2005,115.48
A,P_MHAB,DE912,2006,61.824
A,P_MHAB,DE912,2007,70.876
A,P_MHAB,DE912,2008,38.169
A,P_MHAB,DE912,2009,56.98
A,P_MHAB,DE912,2010,65.831
A,P_MHAB,DE912,2011,74.223
A,P_MHAB,DE912,2012,35.872
A,P_MHAB,DE913,2000,202.207
A,P_MHAB,DE913,2001,132.753
A,P_MHAB,DE913,2002,203.631
A,P_MHAB,DE913,2003,214.091
A,P_MHAB,DE913,2004,103.484
A,P_MHAB,DE913,2005,150.801
A,P_MHAB,DE913,2006,135.727
A,P_MHAB,DE913,2007,141.17
A,P_MHAB,DE913,2008,140.739
A,P_MHAB,DE913,2009,146.759
A,P_MHAB,DE913,2010,188.59
A,P_MHAB,DE913,2011,257.47
A,P_MHAB,DE913,2012,198.396
A,P_MHAB,DE914,2000,478.495
A,P_MHAB,DE914,2001,320.406
A,P_MHAB,DE914,2002,392.295
A,P_MHAB,DE914,2003,249.507
A,P_MHAB,DE914,2004,213.342
A,P_MHAB,DE914,2005,218.56
A,P_MHAB,DE914,2006,216.26
A,P_MHAB,DE914,2007,225.462
A,P_MHAB,DE914,2008,174.942
A,P_MHAB,DE914,2009,199.35
A,P_MHAB,DE914,2010,281.14
A,P_MHAB,DE914,2011,230.36
A,P_MHAB,DE914,2012,200.744
A,P_MHAB,DE915,2000,205.516
A,P_MHAB,DE915,2001,252.717
A,P_MHAB,DE915,2002,254.397
A,P_MHAB,DE915,2003,240.723
A,P_MHAB,DE915,2004,270.125
A,P_MHAB,DE915,2005,258.639
A,P_MHAB,DE915,2006,323.895
A,P_MHAB,DE915,2007,243.537
A,P_MHAB,DE915,2008,301.73
A,P_MHAB,DE915,2009,214.235
A,P_MHAB,DE915,2010,240.01
A,P_MHAB,DE915,2011,272.289
A,P_MHAB,DE915,2012,238.296
A,P_MHAB,DE916,2000,151.134
A,P_MHAB,DE916,2001,96.258
A,P_MHAB,DE916,2002,94.788
A,P_MHAB,DE916,2003,106.377
A,P_MHAB,DE916,2004,127.483
A,P_MHAB,DE916,2005,124.445
A,P_MHAB,DE916,2006,117.331
A,P_MHAB,DE916,2007,163.508
A,P_MHAB,DE916,2008,138.428
A,P_MHAB,DE916,2009,135.785
A,P_MHAB,DE916,2010,125.449
A,P_MHAB,DE916,2011,216.622
A,P_MHAB,DE916,2012,99.57
A,P_MHAB,DE917,2000,179.263
A,P_MHAB,DE917,2001,150.75
A,P_MHAB,DE917,2002,117.958
A,P_MHAB,DE917,2003,133.044
A,P_MHAB,DE917,2004,150.103
A,P_MHAB,DE917,2005,122.169
A,P_MHAB,DE917,2006,98.108
A,P_MHAB,DE917,2007,181.702
A,P_MHAB,DE917,2008,69.886
A,P_MHAB,DE917,2009,79.372
A,P_MHAB,DE917,2010,83.597
A,P_MHAB,DE917,2011,202.184
A,P_MHAB,DE917,2012,88.745
A,P_MHAB,DE918,2000,100.563
A,P_MHAB,DE918,2001,117.132
A,P_MHAB,DE918,2002,92.871
A,P_MHAB,DE918,2003,134.119
A,P_MHAB,DE918,2004,84.27
A,P_MHAB,DE918,2005,82.492
A,P_MHAB,DE918,2006,68.239
A,P_MHAB,DE918,2007,153.415
A,P_MHAB,DE918,2008,113.229
A,P_MHAB,DE918,2009,90.991
A,P_MHAB,DE918,2010,95.195
A,P_MHAB,DE918,2011,107.723
A,P_MHAB,DE918,2012,52.158
A,P_MHAB,DE919,2000,130.755
A,P_MHAB,DE919,2001,100.642
A,P_MHAB,DE919,2002,155.162
A,P_MHAB,DE919,2003,187.745
A,P_MHAB,DE919,2004,139.37
A,P_MHAB,DE919,2005,162.745
A,P_MHAB,DE919,2006,118.658
A,P_MHAB,DE919,2007,76.844
A,P_MHAB,DE919,2008,168.991
A,P_MHAB,DE919,2009,158.276
A,P_MHAB,DE919,2010,80.891
A,P_MHAB,DE919,2011,35.951
A,P_MHAB,DE919,2012,61.15
A,P_MHAB,DE91A,2000,106.176
A,P_MHAB,DE91A,2001,194.793
A,P_MHAB,DE91A,2002,211.507
A,P_MHAB,DE91A,2003,163.113
A,P_MHAB,DE91A,2004,146.328
A,P_MHAB,DE91A,2005,145.064
A,P_MHAB,DE91A,2006,160.721
A,P_MHAB,DE91A,2007,129.977
A,P_MHAB,DE91A,2008,160.527
A,P_MHAB,DE91A,2009,133.848
A,P_MHAB,DE91A,2010,158.481
A,P_MHAB,DE91A,2011,88.302
A,P_MHAB,DE91A,2012,113.065
A,P_MHAB,DE91B,2000,326.919
A,P_MHAB,DE91B,2001,311.136
A,P_MHAB,DE91B,2002,265.448
A,P_MHAB,DE91B,2003,294.351
A,P_MHAB,DE91B,2004,269.376
A,P_MHAB,DE91B,2005,213.318
A,P_MHAB,DE91B,2006,175.391
A,P_MHAB,DE91B,2007,174.146
A,P_MHAB,DE91B,2008,222.058
A,P_MHAB,DE91B,2009,157.121
A,P_MHAB,DE91B,2010,207.4
A,P_MHAB,DE91B,2011,211.406
A,P_MHAB,DE91B,2012,172.067
A,P_MHAB,DE92,2000,211.032
A,P_MHAB,DE92,2001,217.439
A,P_MHAB,DE92,2002,208.544
A,P_MHAB,DE92,2003,249.691
A,P_MHAB,DE92,2004,226.799
A,P_MHAB,DE92,2005,244.26
A,P_MHAB,DE92,2006,216.861
A,P_MHAB,DE92,2007,245.152
A,P_MHAB,DE92,2008,257.608
A,P_MHAB,DE92,2009,215.04
A,P_MHAB,DE92,2010,233.748
A,P_MHAB,DE92,2011,231.878
A,P_MHAB,DE92,2012,200.338
A,P_MHAB,DE922,2000,123.569
A,P_MHAB,DE922,2001,145.294
A,P_MHAB,DE922,2002,148.852
A,P_MHAB,DE922,2003,189.145
A,P_MHAB,DE922,2004,207.323
A,P_MHAB,DE922,2005,158.775
A,P_MHAB,DE922,2006,181.213
A,P_MHAB,DE922,2007,206.447
A,P_MHAB,DE922,2008,179.649
A,P_MHAB,DE922,2009,164.382
A,P_MHAB,DE922,2010,218.317
A,P_MHAB,DE922,2011,150.545
A,P_MHAB,DE922,2012,165.188
A,P_MHAB,DE923,2000,108.416
A,P_MHAB,DE923,2001,106.847
A,P_MHAB,DE923,2002,75.852
A,P_MHAB,DE923,2003,112.621
A,P_MHAB,DE923,2004,78.321
A,P_MHAB,DE923,2005,104.257
A,P_MHAB,DE923,2006,140.641
A,P_MHAB,DE923,2007,143.579
A,P_MHAB,DE923,2008,227.533
A,P_MHAB,DE923,2009,128.39
A,P_MHAB,DE923,2010,128.123
A,P_MHAB,DE923,2011,151.021
A,P_MHAB,DE923,2012,162.233
A,P_MHAB,DE925,2000,358.948
A,P_MHAB,DE925,2001,293.502
A,P_MHAB,DE925,2002,282.711
A,P_MHAB,DE925,2003,284.594
A,P_MHAB,DE925,2004,294.912
A,P_MHAB,DE925,2005,315.41
A,P_MHAB,DE925,2006,272.224
A,P_MHAB,DE925,2007,352.571
A,P_MHAB,DE925,2008,283.311
A,P_MHAB,DE925,2009,239.689
A,P_MHAB,DE925,2010,168.617
A,P_MHAB,DE925,2011,157.465
A,P_MHAB,DE925,2012,140.501
A,P_MHAB,DE926,2000,256.993
A,P_MHAB,DE926,2001,260.232
A,P_MHAB,DE926,2002,270.942
A,P_MHAB,DE926,2003,314.048
A,P_MHAB,DE926,2004,453.867
A,P_MHAB,DE926,2005,313.791
A,P_MHAB,DE926,2006,370.261
A,P_MHAB,DE926,2007,433.358
A,P_MHAB,DE926,2008,210.504
A,P_MHAB,DE926,2009,235.977
A,P_MHAB,DE926,2010,332.82
A,P_MHAB,DE926,2011,310.896
A,P_MHAB,DE926,2012,423.208
A,P_MHAB,DE927,2000,60.996
A,P_MHAB,DE927,2001,65.667
A,P_MHAB,DE927,2002,46.394
A,P_MHAB,DE927,2003,74.663
A,P_MHAB,DE927,2004,51.574
A,P_MHAB,DE927,2005,50.423
A,P_MHAB,DE927,2006,55.851
A,P_MHAB,DE927,2007,49.667
A,P_MHAB,DE927,2008,104.248
A,P_MHAB,DE927,2009,108.895
A,P_MHAB,DE927,2010,103.017
A,P_MHAB,DE927,2011,92.058
A,P_MHAB,DE927,2012,56.699
A,P_MHAB,DE928,2000,192.045
A,P_MHAB,DE928,2001,153.596
A,P_MHAB,DE928,2002,148.966
A,P_MHAB,DE928,2003,128.155
A,P_MHAB,DE928,2004,160.149
A,P_MHAB,DE928,2005,203.418
A,P_MHAB,DE928,2006,211.226
A,P_MHAB,DE928,2007,142.815
A,P_MHAB,DE928,2008,207.709
A,P_MHAB,DE928,2009,121.924
A,P_MHAB,DE928,2010,134.408
A,P_MHAB,DE928,2011,202.134
A,P_MHAB,DE928,2012,112.563
A,P_MHAB,DE929,2000,220.068
A,P_MHAB,DE929,2001,250.686
A,P_MHAB,DE929,2002,242.291
A,P_MHAB,DE929,2003,304.847
A,P_MHAB,DE929,2004,247.452
A,P_MHAB,DE929,2005,284.915
A,P_MHAB,DE929,2006,228.392
A,P_MHAB,DE929,2007,263.082
A,P_MHAB,DE929,2008,297.459
A,P_MHAB,DE929,2009,254.072
A,P_MHAB,DE929,2010,289.508
A,P_MHAB,DE929,2011,291.027
A,P_MHAB,DE929,2012,240.474
A,P_MHAB,DE93,2000,146.244
A,P_MHAB,DE93,2001,140.714
A,P_MHAB,DE93,2002,124.846
A,P_MHAB,DE93,2003,153.269
A,P_MHAB,DE93,2004,156.338
A,P_MHAB,DE93,2005,146.644
A,P_MHAB,DE93,2006,175.878
A,P_MHAB,DE93,2007,165.414
A,P_MHAB,DE93,2008,178.358
A,P_MHAB,DE93,2009,160.293
A,P_MHAB,DE93,2010,152.965
A,P_MHAB,DE93,2011,159.587
A,P_MHAB,DE93,2012,123.388
A,P_MHAB,DE931,2000,179.066
A,P_MHAB,DE931,2001,125.968
A,P_MHAB,DE931,2002,116.618
A,P_MHAB,DE931,2003,145.707
A,P_MHAB,DE931,2004,154.326
A,P_MHAB,DE931,2005,110.158
A,P_MHAB,DE931,2006,94.276
A,P_MHAB,DE931,2007,155.219
A,P_MHAB,DE931,2008,148.359
A,P_MHAB,DE931,2009,146.061
A,P_MHAB,DE931,2010,114.312
A,P_MHAB,DE931,2011,132.472
A,P_MHAB,DE931,2012,99.104
A,P_MHAB,DE932,2000,48.324
A,P_MHAB,DE932,2001,74.301
A,P_MHAB,DE932,2002,56.743
A,P_MHAB,DE932,2003,47.697
A,P_MHAB,DE932,2004,70.009
A,P_MHAB,DE932,2005,59.862
A,P_MHAB,DE932,2006,116.916
A,P_MHAB,DE932,2007,87.155
A,P_MHAB,DE932,2008,48.932
A,P_MHAB,DE932,2009,76.834
A,P_MHAB,DE932,2010,110.593
A,P_MHAB,DE932,2011,88.594
A,P_MHAB,DE932,2012,60.669
A,P_MHAB,DE933,2000,230.952
A,P_MHAB,DE933,2001,253.91
A,P_MHAB,DE933,2002,188.55
A,P_MHAB,DE933,2003,303.241
A,P_MHAB,DE933,2004,299.012
A,P_MHAB,DE933,2005,282.782
A,P_MHAB,DE933,2006,226.112
A,P_MHAB,DE933,2007,249.806
A,P_MHAB,DE933,2008,245.769
A,P_MHAB,DE933,2009,254.823
A,P_MHAB,DE933,2010,195.014
A,P_MHAB,DE933,2011,227.814
A,P_MHAB,DE933,2012,197.226
A,P_MHAB,DE934,2000,113.673
A,P_MHAB,DE934,2001,28.791
A,P_MHAB,DE934,2002,80.471
A,P_MHAB,DE934,2003,16.227
A,P_MHAB,DE934,2004,38.742
A,P_MHAB,DE934,2005,9.694
A,P_MHAB,DE934,2006,43.815
A,P_MHAB,DE934,2007,62.896
A,P_MHAB,DE934,2008,107.401
A,P_MHAB,DE934,2009,30.021
A,P_MHAB,DE934,2010,40.242
A,P_MHAB,DE934,2011,44.094
A,P_MHAB,DE934,2012,23.869
A,P_MHAB,DE935,2000,110.437
A,P_MHAB,DE935,2001,118.444
A,P_MHAB,DE935,2002,166.238
A,P_MHAB,DE935,2003,156.852
A,P_MHAB,DE935,2004,160.599
A,P_MHAB,DE935,2005,153.524
A,P_MHAB,DE935,2006,208.902
A,P_MHAB,DE935,2007,181.688
A,P_MHAB,DE935,2008,153.419
A,P_MHAB,DE935,2009,126.847
A,P_MHAB,DE935,2010,145.22
A,P_MHAB,DE935,2011,121.616
A,P_MHAB,DE935,2012,91.134
A,P_MHAB,DE936,2000,175.282
A,P_MHAB,DE936,2001,144.599
A,P_MHAB,DE936,2002,107.47
A,P_MHAB,DE936,2003,89.203
A,P_MHAB,DE936,2004,85.598
A,P_MHAB,DE936,2005,125.362
A,P_MHAB,DE936,2006,120.719
A,P_MHAB,DE936,2007,135.558
A,P_MHAB,DE936,2008,74.726
A,P_MHAB,DE936,2009,122.06
A,P_MHAB,DE936,2010,138.179
A,P_MHAB,DE936,2011,74.815
A,P_MHAB,DE936,2012,89.78
A,P_MHAB,DE937,2000,82.669
A,P_MHAB,DE937,2001,47.807
A,P_MHAB,DE937,2002,77.089
A,P_MHAB,DE937,2003,64.134
A,P_MHAB,DE937,2004,73.558
A,P_MHAB,DE937,2005,108.105
A,P_MHAB,DE937,2006,151.024
A,P_MHAB,DE937,2007,116.272
A,P_MHAB,DE937,2008,123.884
A,P_MHAB,DE937,2009,123.935
A,P_MHAB,DE937,2010,122.574
A,P_MHAB,DE937,2011,137.312
A,P_MHAB,DE937,2012,149.42
A,P_MHAB,DE938,2000,195.44
A,P_MHAB,DE938,2001,145.361
A,P_MHAB,DE938,2002,65.018
A,P_MHAB,DE938,2003,141.357
A,P_MHAB,DE938,2004,122.53
A,P_MHAB,DE938,2005,121.342
A,P_MHAB,DE938,2006,179.705
A,P_MHAB,DE938,2007,105.46
A,P_MHAB,DE938,2008,207.069
A,P_MHAB,DE938,2009,135.945
A,P_MHAB,DE938,2010,176.719
A,P_MHAB,DE938,2011,152.546
A,P_MHAB,DE938,2012,79.188
A,P_MHAB,DE939,2000,170.242
A,P_MHAB,DE939,2001,190.985
A,P_MHAB,DE939,2002,142.766
A,P_MHAB,DE939,2003,225.257
A,P_MHAB,DE939,2004,267.199
A,P_MHAB,DE939,2005,199.002
A,P_MHAB,DE939,2006,288.739
A,P_MHAB,DE939,2007,280.08
A,P_MHAB,DE939,2008,356.992
A,P_MHAB,DE939,2009,264.106
A,P_MHAB,DE939,2010,223.912
A,P_MHAB,DE939,2011,313.09
A,P_MHAB,DE939,2012,207.726
A,P_MHAB,DE93A,2000,21.495
A,P_MHAB,DE93A,2001,62.6
A,P_MHAB,DE93A,2002,73.232
A,P_MHAB,DE93A,2003,97.164
A,P_MHAB,DE93A,2004,45.826
A,P_MHAB,DE93A,2005,80.702
A,P_MHAB,DE93A,2006,42.501
A,P_MHAB,DE93A,2007,61.27
A,P_MHAB,DE93A,2008,44.383
A,P_MHAB,DE93A,2009,38.867
A,P_MHAB,DE93A,2010,47.549
A,P_MHAB,DE93A,2011,37.332
A,P_MHAB,DE93A,2012,55.256
A,P_MHAB,DE93B,2000,220.358
A,P_MHAB,DE93B,2001,226.472
A,P_MHAB,DE93B,2002,242.106
A,P_MHAB,DE93B,2003,220.58
A,P_MHAB,DE93B,2004,193.842
A,P_MHAB,DE93B,2005,193.644
A,P_MHAB,DE93B,2006,297.798
A,P_MHAB,DE93B,2007,218.714
A,P_MHAB,DE93B,2008,309.045
A,P_MHAB,DE93B,2009,261.53
A,P_MHAB,DE93B,2010,238.36
A,P_MHAB,DE93B,2011,234.539
A,P_MHAB,DE93B,2012,157.253
A,P_MHAB,DE94,2000,112.132
A,P_MHAB,DE94,2001,111.924
A,P_MHAB,DE94,2002,108.549
A,P_MHAB,DE94,2003,121.974
A,P_MHAB,DE94,2004,126.613
A,P_MHAB,DE94,2005,142.837
A,P_MHAB,DE94,2006,119.537
A,P_MHAB,DE94,2007,107.07
A,P_MHAB,DE94,2008,132.503
A,P_MHAB,DE94,2009,125.855
A,P_MHAB,DE94,2010,145.194
A,P_MHAB,DE94,2011,138.855
A,P_MHAB,DE94,2012,109.087
A,P_MHAB,DE941,2000,41.221
A,P_MHAB,DE941,2001,30.922
A,P_MHAB,DE941,2002,21.892
A,P_MHAB,DE941,2003,22.344
A,P_MHAB,DE941,2004,116.206
A,P_MHAB,DE941,2005,84.369
A,P_MHAB,DE941,2006,86.016
A,P_MHAB,DE941,2007,85.236
A,P_MHAB,DE941,2008,62.155
A,P_MHAB,DE941,2009,29.431
A,P_MHAB,DE941,2010,46.301
A,P_MHAB,DE941,2011,33.62
A,P_MHAB,DE941,2012,10.068
A,P_MHAB,DE942,2000,19.542
A,P_MHAB,DE942,2001,39.244
A,P_MHAB,DE942,2002,9.768
A,P_MHAB,DE942,2003,15.969
A,P_MHAB,DE942,2004,14.579
A,P_MHAB,DE942,2006,16.056
A,P_MHAB,DE942,2007,15.075
A,P_MHAB,DE942,2008,52.21
A,P_MHAB,DE942,2009,44.219
A,P_MHAB,DE942,2010,32.364
A,P_MHAB,DE942,2011,61.996
A,P_MHAB,DE942,2012,40.366
A,P_MHAB,DE943,2000,118.735
A,P_MHAB,DE943,2001,61.744
A,P_MHAB,DE943,2002,91.336
A,P_MHAB,DE943,2003,62.565
A,P_MHAB,DE943,2004,58.04
A,P_MHAB,DE943,2005,161.243
A,P_MHAB,DE943,2006,97.373
A,P_MHAB,DE943,2007,70.288
A,P_MHAB,DE943,2008,81.911
A,P_MHAB,DE943,2009,142.252
A,P_MHAB,DE943,2010,107.541
A,P_MHAB,DE943,2011,174.875
A,P_MHAB,DE943,2012,74.347
A,P_MHAB,DE944,2000,232.711
A,P_MHAB,DE944,2001,198.719
A,P_MHAB,DE944,2002,185.937
A,P_MHAB,DE944,2003,274.549
A,P_MHAB,DE944,2004,298.519
A,P_MHAB,DE944,2005,327.195
A,P_MHAB,DE944,2006,247.476
A,P_MHAB,DE944,2007,122.807
A,P_MHAB,DE944,2008,241.604
A,P_MHAB,DE944,2009,188.504
A,P_MHAB,DE944,2010,286.336
A,P_MHAB,DE944,2011,293.933
A,P_MHAB,DE944,2012,177.977
A,P_MHAB,DE945,2000,54.018
A,P_MHAB,DE945,2001,11.725
A,P_MHAB,DE945,2002,15.648
A,P_MHAB,DE945,2003,44.247
A,P_MHAB,DE945,2004,20.098
A,P_MHAB,DE945,2005,2.972
A,P_MHAB,DE945,2006,23.937
A,P_MHAB,DE945,2007,16.063
A,P_MHAB,DE945,2008,48.667
A,P_MHAB,DE945,2009,80.21
A,P_MHAB,DE945,2010,49.299
A,P_MHAB,DE945,2012,56.529
A,P_MHAB,DE946,2000,75.189
A,P_MHAB,DE946,2001,49.164
A,P_MHAB,DE946,2002,49.11
A,P_MHAB,DE946,2003,127.868
A,P_MHAB,DE946,2004,74.919
A,P_MHAB,DE946,2005,94.117
A,P_MHAB,DE946,2006,80.679
A,P_MHAB,DE946,2007,120.899
A,P_MHAB,DE946,2008,109.961
A,P_MHAB,DE946,2009,102.304
A,P_MHAB,DE946,2010,130.024
A,P_MHAB,DE946,2011,130.674
A,P_MHAB,DE946,2012,39.55
A,P_MHAB,DE947,2000,215.026
A,P_MHAB,DE947,2001,334.253
A,P_MHAB,DE947,2002,175.618
A,P_MHAB,DE947,2003,146.577
A,P_MHAB,DE947,2004,101.08
A,P_MHAB,DE947,2005,59.176
A,P_MHAB,DE947,2006,31.558
A,P_MHAB,DE947,2007,29.96
A,P_MHAB,DE947,2008,59.908
A,P_MHAB,DE947,2009,55.866
A,P_MHAB,DE947,2010,185.053
A,P_MHAB,DE947,2011,148.984
A,P_MHAB,DE947,2012,148.675
A,P_MHAB,DE948,2000,38.0
A,P_MHAB,DE948,2001,50.385
A,P_MHAB,DE948,2002,58.156
A,P_MHAB,DE948,2003,82.141
A,P_MHAB,DE948,2004,38.817
A,P_MHAB,DE948,2005,63.5
A,P_MHAB,DE948,2006,58.403
A,P_MHAB,DE948,2007,48.387
A,P_MHAB,DE948,2008,57.201
A,P_MHAB,DE948,2009,56.909
A,P_MHAB,DE948,2010,84.886
A,P_MHAB,DE948,2011,72.569
A,P_MHAB,DE948,2012,60.817
A,P_MHAB,DE949,2000,94.726
A,P_MHAB,DE949,2001,93.323
A,P_MHAB,DE949,2002,85.396
A,P_MHAB,DE949,2003,123.482
A,P_MHAB,DE949,2004,140.576
A,P_MHAB,DE949,2005,138.111
A,P_MHAB,DE949,2006,132.704
A,P_MHAB,DE949,2007,132.323
A,P_MHAB,DE949,2008,190.666
A,P_MHAB,DE949,2009,146.197
A,P_MHAB,DE949,2010,108.337
A,P_MHAB,DE949,2011,117.838
A,P_MHAB,DE949,2012,132.647
A,P_MHAB,DE94A,2000,46.843
A,P_MHAB,DE94A,2001,52.037
A,P_MHAB,DE94A,2002,41.123
A,P_MHAB,DE94A,2003,65.615
A,P_MHAB,DE94A,2004,29.511
A,P_MHAB,DE94A,2005,42.551
A,P_MHAB,DE94A,2006,17.256
A,P_MHAB,DE94A,2007,8.202
A,P_MHAB,DE94A,2008,39.492
A,P_MHAB,DE94A,2009,58.52
A,P_MHAB,DE94A,2010,84.626
A,P_MHAB,DE94A,2011,45.182
A,P_MHAB,DE94A,2012,44.457
A,P_MHAB,DE94B,2000,63.723
A,P_MHAB,DE94B,2001,58.339
A,P_MHAB,DE94B,2002,93.069
A,P_MHAB,DE94B,2003,89.071
A,P_MHAB,DE94B,2004,68.96
A,P_MHAB,DE94B,2005,73.71
A,P_MHAB,DE94B,2006,131.135
A,P_MHAB,DE94B,2007,112.43
A,P_MHAB,DE94B,2008,188.438
A,P_MHAB,DE94B,2009,223.16
A,P_MHAB,DE94B,2010,173.26
A,P_MHAB,DE94B,2011,141.58
A,P_MHAB,DE94B,2012,126.629
A,P_MHAB,DE94C,2000,40.234
A,P_MHAB,DE94C,2001,34.629
A,P_MHAB,DE94C,2002,52.223
A,P_MHAB,DE94C,2003,52.934
A,P_MHAB,DE94C,2004,28.564
A,P_MHAB,DE94C,2005,55.92
A,P_MHAB,DE94C,2006,35.321
A,P_MHAB,DE94C,2007,45.057
A,P_MHAB,DE94C,2008,50.276
A,P_MHAB,DE94C,2009,36.375
A,P_MHAB,DE94C,2010,51.263
A,P_MHAB,DE94C,2011,54.825
A,P_MHAB,DE94C,2012,49.274
A,P_MHAB,DE94D,2000,59.848
A,P_MHAB,DE94D,2001,71.891
A,P_MHAB,DE94D,2002,69.604
A,P_MHAB,DE94D,2003,123.036
A,P_MHAB,DE94D,2004,91.68
A,P_MHAB,DE94D,2005,223.927
A,P_MHAB,DE94D,2006,163.285
A,P_MHAB,DE94D,2007,133.943
A,P_MHAB,DE94D,2008,237.689
A,P_MHAB,DE94D,2009,220.576
A,P_MHAB,DE94D,2010,195.7
A,P_MHAB,DE94D,2011,149.511
A,P_MHAB,DE94D,2012,111.056
A,P_MHAB,DE94E,2000,183.55
A,P_MHAB,DE94E,2001,172.538
A,P_MHAB,DE94E,2002,230.617
A,P_MHAB,DE94E,2003,225.15
A,P_MHAB,DE94E,2004,290.023
A,P_MHAB,DE94E,2005,305.844
A,P_MHAB,DE94E,2006,205.036
A,P_MHAB,DE94E,2007,229.198
A,P_MHAB,DE94E,2008,206.993
A,P_MHAB,DE94E,2009,177.509
A,P_MHAB,DE94E,2010,204.114
A,P_MHAB,DE94E,2011,207.793
A,P_MHAB,DE94E,2012,178.011
A,P_MHAB,DE94F,2000,201.516
A,P_MHAB,DE94F,2001,219.324
A,P_MHAB,DE94F,2002,192.294
A,P_MHAB,DE94F,2003,143.13
A,P_MHAB,DE94F,2004,203.034
A,P_MHAB,DE94F,2005,208.568
A,P_MHAB,DE94F,2006,305.36
A,P_MHAB,DE94F,2007,220.429
A,P_MHAB,DE94F,2008,180.054
A,P_MHAB,DE94F,2009,198.355
A,P_MHAB,DE94F,2010,290.052
A,P_MHAB,DE94F,2011,235.791
A,P_MHAB,DE94F,2012,174.072
A,P_MHAB,DE94G,2000,56.624
A,P_MHAB,DE94G,2001,28.698
A,P_MHAB,DE94G,2002,27.138
A,P_MHAB,DE94G,2003,39.223
A,P_MHAB,DE94G,2004,58.36
A,P_MHAB,DE94G,2005,35.397
A,P_MHAB,DE94G,2006,30.195
A,P_MHAB,DE94G,2007,41.141
A,P_MHAB,DE94G,2008,29.691
A,P_MHAB,DE94G,2009,45.342
A,P_MHAB,DE94G,2010,22.8
A,P_MHAB,DE94G,2011,110.607
A,P_MHAB,DE94G,2012,42.564
A,P_MHAB,DE94H,2000,23.212
A,P_MHAB,DE94H,2001,29.128
A,P_MHAB,DE94H,2002,13.584
A,P_MHAB,DE94H,2003,11.635
A,P_MHAB,DE94H,2004,20.287
A,P_MHAB,DE94H,2005,5.709
A,P_MHAB,DE94H,2006,38.824
A,P_MHAB,DE94H,2007,18.676
A,P_MHAB,DE94H,2008,49.011
A,P_MHAB,DE94H,2009,96.187
A,P_MHAB,DE94H,2010,165.357
A,P_MHAB,DE94H,2011,38.408
A,P_MHAB,DE94H,2012,52.622
A,P_MHAB,DEA1,2000,276.195
A,P_MHAB,DEA1,2001,265.945
A,P_MHAB,DEA1,2002,243.724
A,P_MHAB,DEA1,2003,256.21
A,P_MHAB,DEA1,2004,270.64
A,P_MHAB,DEA1,2005,285.243
A,P_MHAB,DEA1,2006,302.829
A,P_MHAB,DEA1,2007,285.149
A,P_MHAB,DEA1,2008,276.411
A,P_MHAB,DEA1,2009,298.349
A,P_MHAB,DEA1,2010,283.821
A,P_MHAB,DEA1,2011,262.185
A,P_MHAB,DEA1,2012,224.093
A,P_MHAB,DEA11,2000,367.897
A,P_MHAB,DEA11,2001,319.953
A,P_MHAB,DEA11,2002,265.468
A,P_MHAB,DEA11,2003,274.006
A,P_MHAB,DEA11,2004,334.736
A,P_MHAB,DEA11,2005,371.44
A,P_MHAB,DEA11,2006,429.929
A,P_MHAB,DEA11,2007,419.338
A,P_MHAB,DEA11,2008,367.479
A,P_MHAB,DEA11,2009,384.6
A,P_MHAB,DEA11,2010,317.203
A,P_MHAB,DEA11,2011,325.817
A,P_MHAB,DEA11,2012,255.202
A,P_MHAB,DEA12,2000,107.331
A,P_MHAB,DEA12,2001,110.95
A,P_MHAB,DEA12,2002,122.512
A,P_MHAB,DEA12,2003,111.508
A,P_MHAB,DEA12,2004,94.729
A,P_MHAB,DEA12,2005,107.969
A,P_MHAB,DEA12,2006,116.934
A,P_MHAB,DEA12,2007,125.443
A,P_MHAB,DEA12,2008,111.665
A,P_MHAB,DEA12,2009,125.534
A,P_MHAB,DEA12,2010,116.134
A,P_MHAB,DEA12,2011,127.441
A,P_MHAB,DEA12,2012,105.122
A,P_MHAB,DEA13,2000,134.008
A,P_MHAB,DEA13,2001,146.461
A,P_MHAB,DEA13,2002,153.171
A,P_MHAB,DEA13,2003,146.837
A,P_MHAB,DEA13,2004,179.152
A,P_MHAB,DEA13,2005,162.324
A,P_MHAB,DEA13,2006,198.282
A,P_MHAB,DEA13,2007,178.636
A,P_MHAB,DEA13,2008,191.14
A,P_MHAB,DEA13,2009,226.094
A,P_MHAB,DEA13,2010,155.815
A,P_MHAB,DEA13,2011,195.707
A,P_MHAB,DEA13,2012,183.742
A,P_MHAB,DEA14,2000,372.877
A,P_MHAB,DEA14,2001,371.588
A,P_MHAB,DEA14,2002,313.785
A,P_MHAB,DEA14,2003,304.746
A,P_MHAB,DEA14,2004,284.828
A,P_MHAB,DEA14,2005,303.269
A,P_MHAB,DEA14,2006,324.441
A,P_MHAB,DEA14,2007,302.062
A,P_MHAB,DEA14,2008,252.922
A,P_MHAB,DEA14,2009,317.349
A,P_MHAB,DEA14,2010,332.223
A,P_MHAB,DEA14,2011,236.264
A,P_MHAB,DEA14,2012,234.987
A,P_MHAB,DEA15,2000,206.601
A,P_MHAB,DEA15,2001,172.462
A,P_MHAB,DEA15,2002,260.759
A,P_MHAB,DEA15,2003,177.99
A,P_MHAB,DEA15,2004,145.546
A,P_MHAB,DEA15,2005,130.322
A,P_MHAB,DEA15,2006,107.786
A,P_MHAB,DEA15,2007,129.181
A,P_MHAB,DEA15,2008,147.951
A,P_MHAB,DEA15,2009,159.553
A,P_MHAB,DEA15,2010,172.855
A,P_MHAB,DEA15,2011,105.623
A,P_MHAB,DEA15,2012,162.126
A,P_MHAB,DEA16,2000,332.097
A,P_MHAB,DEA16,2001,394.014
A,P_MHAB,DEA16,2002,380.777
A,P_MHAB,DEA16,2003,446.126
A,P_MHAB,DEA16,2004,678.087
A,P_MHAB,DEA16,2005,568.671
A,P_MHAB,DEA16,2006,734.476
A,P_MHAB,DEA16,2007,458.581
A,P_MHAB,DEA16,2008,556.46
A,P_MHAB,DEA16,2009,626.664
A,P_MHAB,DEA16,2010,533.227
A,P_MHAB,DEA16,2011,550.722
A,P_MHAB,DEA16,2012,428.522
A,P_MHAB,DEA17,2000,115.899
A,P_MHAB,DEA17,2001,96.556
A,P_MHAB,DEA17,2002,95.389
A,P_MHAB,DEA17,2003,135.972
A,P_MHAB,DEA17,2004,146.569
A,P_MHAB,DEA17,2005,109.936
A,P_MHAB,DEA17,2006,151.897
A,P_MHAB,DEA17,2007,117.792
A,P_MHAB,DEA17,2008,185.161
A,P_MHAB,DEA17,2009,152.084
A,P_MHAB,DEA17,2010,168.019
A,P_MHAB,DEA17,2011,165.113
A,P_MHAB,DEA17,2012,153.41
A,P_MHAB,DEA18,2000,282.872
A,P_MHAB,DEA18,2001,310.679
A,P_MHAB,DEA18,2002,311.318
A,P_MHAB,DEA18,2003,326.942
A,P_MHAB,DEA18,2004,347.698
A,P_MHAB,DEA18,2005,381.162
A,P_MHAB,DEA18,2006,308.897
A,P_MHAB,DEA18,2007,337.611
A,P_MHAB,DEA18,2008,310.089
A,P_MHAB,DEA18,2009,323.663
A,P_MHAB,DEA18,2010,425.41
A,P_MHAB,DEA18,2011,340.982
A,P_MHAB,DEA18,2012,164.696
A,P_MHAB,DEA19,2000,247.368
A,P_MHAB,DEA19,2001,159.784
A,P_MHAB,DEA19,2002,190.811
A,P_MHAB,DEA19,2003,240.864
A,P_MHAB,DEA19,2004,216.782
A,P_MHAB,DEA19,2005,323.681
A,P_MHAB,DEA19,2006,303.703
A,P_MHAB,DEA19,2007,275.118
A,P_MHAB,DEA19,2008,289.897
A,P_MHAB,DEA19,2009,278.157
A,P_MHAB,DEA19,2010,323.619
A,P_MHAB,DEA19,2011,229.292
A,P_MHAB,DEA19,2012,203.821
A,P_MHAB,DEA1A,2000,290.819
A,P_MHAB,DEA1A,2001,311.516
A,P_MHAB,DEA1A,2002,309.471
A,P_MHAB,DEA1A,2003,335.44
A,P_MHAB,DEA1A,2004,313.362
A,P_MHAB,DEA1A,2005,374.768
A,P_MHAB,DEA1A,2006,309.963
A,P_MHAB,DEA1A,2007,306.952
A,P_MHAB,DEA1A,2008,245.693
A,P_MHAB,DEA1A,2009,274.888
A,P_MHAB,DEA1A,2010,221.023
A,P_MHAB,DEA1A,2011,244.423
A,P_MHAB,DEA1A,2012,200.246
A,P_MHAB,DEA1B,2000,181.716
A,P_MHAB,DEA1B,2001,163.681
A,P_MHAB,DEA1B,2002,155.535
A,P_MHAB,DEA1B,2003,133.344
A,P_MHAB,DEA1B,2004,137.337
A,P_MHAB,DEA1B,2005,160.632
A,P_MHAB,DEA1B,2006,147.545
A,P_MHAB,DEA1B,2007,163.072
A,P_MHAB,DEA1B,2008,170.978
A,P_MHAB,DEA1B,2009,131.983
A,P_MHAB,DEA1B,2010,144.114
A,P_MHAB,DEA1B,2011,135.734
A,P_MHAB,DEA1B,2012,138.76
A,P_MHAB,DEA1C,2000,630.456
A,P_MHAB,DEA1C,2001,575.459
A,P_MHAB,DEA1C,2002,440.962
A,P_MHAB,DEA1C,2003,526.535
A,P_MHAB,DEA1C,2004,565.281
A,P_MHAB,DEA1C,2005,525.826
A,P_MHAB,DEA1C,2006,649.482
A,P_MHAB,DEA1C,2007,628.312
A,P_MHAB,DEA1C,2008,506.309
A,P_MHAB,DEA1C,2009,537.588
A,P_MHAB,DEA1C,2010,542.779
A,P_MHAB,DEA1C,2011,453.939
A,P_MHAB,DEA1C,2012,356.007
A,P_MHAB,DEA1D,2000,373.62
A,P_MHAB,DEA1D,2001,340.171
A,P_MHAB,DEA1D,2002,260.432
A,P_MHAB,DEA1D,2003,331.875
A,P_MHAB,DEA1D,2004,328.742
A,P_MHAB,DEA1D,2005,349.29
A,P_MHAB,DEA1D,2006,331.698
A,P_MHAB,DEA1D,2007,340.387
A,P_MHAB,DEA1D,2008,352.946
A,P_MHAB,DEA1D,2009,419.267
A,P_MHAB,DEA1D,2010,432.487
A,P_MHAB,DEA1D,2011,402.968
A,P_MHAB,DEA1D,2012,312.087
A,P_MHAB,DEA1E,2000,221.391
A,P_MHAB,DEA1E,2001,263.992
A,P_MHAB,DEA1E,2002,257.006
A,P_MHAB,DEA1E,2003,248.105
A,P_MHAB,DEA1E,2004,251.593
A,P_MHAB,DEA1E,2005,318.784
A,P_MHAB,DEA1E,2006,263.3
A,P_MHAB,DEA1E,2007,224.608
A,P_MHAB,DEA1E,2008,257.343
A,P_MHAB,DEA1E,2009,253.66
A,P_MHAB,DEA1E,2010,251.626
A,P_MHAB,DEA1E,2011,254.247
A,P_MHAB,DEA1E,2012,246.963
A,P_MHAB,DEA1F,2000,196.338
A,P_MHAB,DEA1F,2001,205.907
A,P_MHAB,DEA1F,2002,207.437
A,P_MHAB,DEA1F,2003,181.312
A,P_MHAB,DEA1F,2004,163.776
A,P_MHAB,DEA1F,2005,215.335
A,P_MHAB,DEA1F,2006,209.329
A,P_MHAB,DEA1F,2007,189.68
A,P_MHAB,DEA1F,2008,242.298
A,P_MHAB,DEA1F,2009,266.787
A,P_MHAB,DEA1F,2010,273.49
A,P_MHAB,DEA1F,2011,203.043
A,P_MHAB,DEA1F,2012,203.178
A,P_MHAB,DEA2,2000,332.558
A,P_MHAB,DEA2,2001,326.907
A,P_MHAB,DEA2,2002,330.867
A,P_MHAB,DEA2,2003,350.135
A,P_MHAB,DEA2,2004,333.415
A,P_MHAB,DEA2,2005,341.398
A,P_MHAB,DEA2,2006,276.155
A,P_MHAB,DEA2,2007,272.675
A,P_MHAB,DEA2,2008,273.569
A,P_MHAB,DEA2,2009,275.289
A,P_MHAB,DEA2,2010,287.3
A,P_MHAB,DEA2,2011,257.711
A,P_MHAB,DEA2,2012,203.756
A,P_MHAB,DEA22,2000,194.388
A,P_MHAB,DEA22,2001,215.188
A,P_MHAB,DEA22,2002,180.644
A,P_MHAB,DEA22,2003,188.009
A,P_MHAB,DEA22,2004,196.205
A,P_MHAB,DEA22,2005,243.35
A,P_MHAB,DEA22,2006,226.873
A,P_MHAB,DEA22,2007,255.235
A,P_MHAB,DEA22,2008,263.387
A,P_MHAB,DEA22,2009,265.64
A,P_MHAB,DEA22,2010,242.589
A,P_MHAB,DEA22,2011,268.637
A,P_MHAB,DEA22,2012,165.257
A,P_MHAB,DEA23,2000,221.889
A,P_MHAB,DEA23,2001,229.01
A,P_MHAB,DEA23,2002,198.607
A,P_MHAB,DEA23,2003,216.541
A,P_MHAB,DEA23,2004,196.707
A,P_MHAB,DEA23,2005,209.939
A,P_MHAB,DEA23,2006,194.275
A,P_MHAB,DEA23,2007,199.977
A,P_MHAB,DEA23,2008,206.521
A,P_MHAB,DEA23,2009,216.341
A,P_MHAB,DEA23,2010,224.315
A,P_MHAB,DEA23,2011,185.877
A,P_MHAB,DEA23,2012,138.701
A,P_MHAB,DEA24,2000,580.636
A,P_MHAB,DEA24,2001,524.381
A,P_MHAB,DEA24,2002,488.531
A,P_MHAB,DEA24,2003,442.696
A,P_MHAB,DEA24,2004,469.534
A,P_MHAB,DEA24,2005,457.361
A,P_MHAB,DEA24,2006,571.306
A,P_MHAB,DEA24,2007,532.739
A,P_MHAB,DEA24,2008,572.252
A,P_MHAB,DEA24,2009,587.645
A,P_MHAB,DEA24,2010,783.222
A,P_MHAB,DEA24,2011,512.589
A,P_MHAB,DEA24,2012,398.524
A,P_MHAB,DEA26,2000,281.359
A,P_MHAB,DEA26,2001,262.693
A,P_MHAB,DEA26,2002,283.908
A,P_MHAB,DEA26,2003,277.789
A,P_MHAB,DEA26,2004,286.551
A,P_MHAB,DEA26,2005,261.773
A,P_MHAB,DEA26,2006,229.119
A,P_MHAB,DEA26,2007,195.743
A,P_MHAB,DEA26,2008,198.356
A,P_MHAB,DEA26,2009,219.171
A,P_MHAB,DEA26,2010,230.497
A,P_MHAB,DEA26,2011,190.092
A,P_MHAB,DEA26,2012,185.546
A,P_MHAB,DEA27,2000,171.933
A,P_MHAB,DEA27,2001,162.946
A,P_MHAB,DEA27,2002,124.926
A,P_MHAB,DEA27,2003,150.62
A,P_MHAB,DEA27,2004,172.149
A,P_MHAB,DEA27,2005,244.732
A,P_MHAB,DEA27,2006,171.433
A,P_MHAB,DEA27,2007,168.931
A,P_MHAB,DEA27,2008,166.692
A,P_MHAB,DEA27,2009,144.528
A,P_MHAB,DEA27,2010,132.107
A,P_MHAB,DEA27,2011,151.768
A,P_MHAB,DEA27,2012,105.546
A,P_MHAB,DEA28,2000,111.77
A,P_MHAB,DEA28,2001,93.019
A,P_MHAB,DEA28,2002,101.899
A,P_MHAB,DEA28,2003,91.58
A,P_MHAB,DEA28,2004,67.247
A,P_MHAB,DEA28,2005,115.322
A,P_MHAB,DEA28,2006,102.171
A,P_MHAB,DEA28,2007,95.398
A,P_MHAB,DEA28,2008,69.181
A,P_MHAB,DEA28,2009,123.496
A,P_MHAB,DEA28,2010,128.691
A,P_MHAB,DEA28,2011,105.99
A,P_MHAB,DEA28,2012,87.517
A,P_MHAB,DEA29,2000,200.578
A,P_MHAB,DEA29,2001,182.907
A,P_MHAB,DEA29,2002,203.072
A,P_MHAB,DEA29,2003,118.23
A,P_MHAB,DEA29,2004,189.302
A,P_MHAB,DEA29,2005,196.454
A,P_MHAB,DEA29,2006,155.406
A,P_MHAB,DEA29,2007,192.785
A,P_MHAB,DEA29,2008,189.644
A,P_MHAB,DEA29,2009,170.935
A,P_MHAB,DEA29,2010,186.865
A,P_MHAB,DEA29,2011,210.955
A,P_MHAB,DEA29,2012,125.478
A,P_MHAB,DEA2A,2000,316.587
A,P_MHAB,DEA2A,2001,301.523
A,P_MHAB,DEA2A,2002,264.854
A,P_MHAB,DEA2A,2003,388.202
A,P_MHAB,DEA2A,2004,284.698
A,P_MHAB,DEA2A,2005,378.027
A,P_MHAB,DEA2A,2006,340.089
A,P_MHAB,DEA2A,2007,275.758
A,P_MHAB,DEA2A,2008,329.148
A,P_MHAB,DEA2A,2009,275.545
A,P_MHAB,DEA2A,2010,330.107
A,P_MHAB,DEA2A,2011,258.475
A,P_MHAB,DEA2A,2012,280.612
A,P_MHAB,DEA2B,2000,742.478
A,P_MHAB,DEA2B,2001,617.445
A,P_MHAB,DEA2B,2002,648.983
A,P_MHAB,DEA2B,2003,637.644
A,P_MHAB,DEA2B,2004,679.664
A,P_MHAB,DEA2B,2005,543.886
A,P_MHAB,DEA2B,2006,674.258
A,P_MHAB,DEA2B,2007,648.645
A,P_MHAB,DEA2B,2008,657.134
A,P_MHAB,DEA2B,2009,644.011
A,P_MHAB,DEA2B,2010,564.943
A,P_MHAB,DEA2B,2011,519.054
A,P_MHAB,DEA2B,2012,472.856
A,P_MHAB,DEA2C,2000,259.885
A,P_MHAB,DEA2C,2001,238.963
A,P_MHAB,DEA2C,2002,255.055
A,P_MHAB,DEA2C,2003,240.908
A,P_MHAB,DEA2C,2004,196.659
A,P_MHAB,DEA2C,2005,188.546
A,P_MHAB,DEA2C,2006,233.936
A,P_MHAB,DEA2C,2007,245.689
A,P_MHAB,DEA2C,2008,211.588
A,P_MHAB,DEA2C,2009,261.607
A,P_MHAB,DEA2C,2010,261.745
A,P_MHAB,DEA2C,2011,249.509
A,P_MHAB,DEA2C,2012,172.209
A,P_MHAB,DEA2D,2011,378.477
A,P_MHAB,DEA2D,2012,315.305
A,P_MHAB,DEA3,2000,182.407
A,P_MHAB,DEA3,2001,179.566
A,P_MHAB,DEA3,2002,174.507
A,P_MHAB,DEA3,2003,184.454
A,P_MHAB,DEA3,2004,184.934
A,P_MHAB,DEA3,2005,188.917
A,P_MHAB,DEA3,2006,177.502
A,P_MHAB,DEA3,2007,162.848
A,P_MHAB,DEA3,2008,175.202
A,P_MHAB,DEA3,2009,199.488
A,P_MHAB,DEA3,2010,187.963
A,P_MHAB,DEA3,2011,186.486
A,P_MHAB,DEA3,2012,148.409
A,P_MHAB,DEA31,2000,131.713
A,P_MHAB,DEA31,2001,102.644
A,P_MHAB,DEA31,2002,102.583
A,P_MHAB,DEA31,2003,123.139
A,P_MHAB,DEA31,2004,120.342
A,P_MHAB,DEA31,2005,80.06
A,P_MHAB,DEA31,2006,112.102
A,P_MHAB,DEA31,2007,98.76
A,P_MHAB,DEA31,2008,108.772
A,P_MHAB,DEA31,2009,191.413
A,P_MHAB,DEA31,2010,119.497
A,P_MHAB,DEA31,2011,122.376
A,P_MHAB,DEA31,2012,130.37
A,P_MHAB,DEA32,2000,39.932
A,P_MHAB,DEA32,2001,47.615
A,P_MHAB,DEA32,2002,27.788
A,P_MHAB,DEA32,2003,58.343
A,P_MHAB,DEA32,2004,54.727
A,P_MHAB,DEA32,2005,45.797
A,P_MHAB,DEA32,2006,56.508
A,P_MHAB,DEA32,2007,42.358
A,P_MHAB,DEA32,2008,37.58
A,P_MHAB,DEA32,2009,46.287
A,P_MHAB,DEA32,2010,52.59
A,P_MHAB,DEA32,2011,63.377
A,P_MHAB,DEA32,2012,34.911
A,P_MHAB,DEA33,2000,234.216
A,P_MHAB,DEA33,2001,221.19
A,P_MHAB,DEA33,2002,186.828
A,P_MHAB,DEA33,2003,191.192
A,P_MHAB,DEA33,2004,189.11
A,P_MHAB,DEA33,2005,197.009
A,P_MHAB,DEA33,2006,205.008
A,P_MHAB,DEA33,2007,187.794
A,P_MHAB,DEA33,2008,206.008
A,P_MHAB,DEA33,2009,205.933
A,P_MHAB,DEA33,2010,261.375
A,P_MHAB,DEA33,2011,237.274
A,P_MHAB,DEA33,2012,189.063
A,P_MHAB,DEA34,2000,189.063
A,P_MHAB,DEA34,2001,217.87
A,P_MHAB,DEA34,2002,172.448
A,P_MHAB,DEA34,2003,217.889
A,P_MHAB,DEA34,2004,184.194
A,P_MHAB,DEA34,2005,200.323
A,P_MHAB,DEA34,2006,167.158
A,P_MHAB,DEA34,2007,184.601
A,P_MHAB,DEA34,2008,206.728
A,P_MHAB,DEA34,2009,167.448
A,P_MHAB,DEA34,2010,172.561
A,P_MHAB,DEA34,2011,156.804
A,P_MHAB,DEA34,2012,123.243
A,P_MHAB,DEA35,2000,259.376
A,P_MHAB,DEA35,2001,219.086
A,P_MHAB,DEA35,2002,227.209
A,P_MHAB,DEA35,2003,228.985
A,P_MHAB,DEA35,2004,211.263
A,P_MHAB,DEA35,2005,246.353
A,P_MHAB,DEA35,2006,196.47
A,P_MHAB,DEA35,2007,177.025
A,P_MHAB,DEA35,2008,219.124
A,P_MHAB,DEA35,2009,270.232
A,P_MHAB,DEA35,2010,163.533
A,P_MHAB,DEA35,2011,211.981
A,P_MHAB,DEA35,2012,190.433
A,P_MHAB,DEA36,2000,180.163
A,P_MHAB,DEA36,2001,173.649
A,P_MHAB,DEA36,2002,195.182
A,P_MHAB,DEA36,2003,144.862
A,P_MHAB,DEA36,2004,192.678
A,P_MHAB,DEA36,2005,153.132
A,P_MHAB,DEA36,2006,169.235
A,P_MHAB,DEA36,2007,125.099
A,P_MHAB,DEA36,2008,156.577
A,P_MHAB,DEA36,2009,194.206
A,P_MHAB,DEA36,2010,142.68
A,P_MHAB,DEA36,2011,162.162
A,P_MHAB,DEA36,2012,126.118
A,P_MHAB,DEA37,2000,181.435
A,P_MHAB,DEA37,2001,163.767
A,P_MHAB,DEA37,2002,188.346
A,P_MHAB,DEA37,2003,238.499
A,P_MHAB,DEA37,2004,217.338
A,P_MHAB,DEA37,2005,257.643
A,P_MHAB,DEA37,2006,202.417
A,P_MHAB,DEA37,2007,204.121
A,P_MHAB,DEA37,2008,193.7
A,P_MHAB,DEA37,2009,234.744
A,P_MHAB,DEA37,2010,215.984
A,P_MHAB,DEA37,2011,256.836
A,P_MHAB,DEA37,2012,161.045
A,P_MHAB,DEA38,2000,239.0
A,P_MHAB,DEA38,2001,263.333
A,P_MHAB,DEA38,2002,230.121
A,P_MHAB,DEA38,2003,256.668
A,P_MHAB,DEA38,2004,245.712
A,P_MHAB,DEA38,2005,278.569
A,P_MHAB,DEA38,2006,271.706
A,P_MHAB,DEA38,2007,260.999
A,P_MHAB,DEA38,2008,239.773
A,P_MHAB,DEA38,2009,282.571
A,P_MHAB,DEA38,2010,368.061
A,P_MHAB,DEA38,2011,238.688
A,P_MHAB,DEA38,2012,248.765
A,P_MHAB,DEA4,2000,219.274
A,P_MHAB,DEA4,2001,234.989
A,P_MHAB,DEA4,2002,212.36
A,P_MHAB,DEA4,2003,209.753
A,P_MHAB,DEA4,2004,249.725
A,P_MHAB,DEA4,2005,233.41
A,P_MHAB,DEA4,2006,256.605
A,P_MHAB,DEA4,2007,291.462
A,P_MHAB,DEA4,2008,323.679
A,P_MHAB,DEA4,2009,307.675
A,P_MHAB,DEA4,2010,319.585
A,P_MHAB,DEA4,2011,293.741
A,P_MHAB,DEA4,2012,273.331
A,P_MHAB,DEA41,2000,292.721
A,P_MHAB,DEA41,2001,259.916
A,P_MHAB,DEA41,2002,211.057
A,P_MHAB,DEA41,2003,192.171
A,P_MHAB,DEA41,2004,229.531
A,P_MHAB,DEA41,2005,192.981
A,P_MHAB,DEA41,2006,201.606
A,P_MHAB,DEA41,2007,321.686
A,P_MHAB,DEA41,2008,233.386
A,P_MHAB,DEA41,2009,210.961
A,P_MHAB,DEA41,2010,277.544
A,P_MHAB,DEA41,2011,286.85
A,P_MHAB,DEA41,2012,253.498
A,P_MHAB,DEA42,2000,230.577
A,P_MHAB,DEA42,2001,268.43
A,P_MHAB,DEA42,2002,269.863
A,P_MHAB,DEA42,2003,252.768
A,P_MHAB,DEA42,2004,319.632
A,P_MHAB,DEA42,2005,303.548
A,P_MHAB,DEA42,2006,350.97
A,P_MHAB,DEA42,2007,399.004
A,P_MHAB,DEA42,2008,412.942
A,P_MHAB,DEA42,2009,398.481
A,P_MHAB,DEA42,2010,429.714
A,P_MHAB,DEA42,2011,406.625
A,P_MHAB,DEA42,2012,374.37
A,P_MHAB,DEA43,2000,219.244
A,P_MHAB,DEA43,2001,204.275
A,P_MHAB,DEA43,2002,191.509
A,P_MHAB,DEA43,2003,171.801
A,P_MHAB,DEA43,2004,204.596
A,P_MHAB,DEA43,2005,244.216
A,P_MHAB,DEA43,2006,259.954
A,P_MHAB,DEA43,2007,285.674
A,P_MHAB,DEA43,2008,313.067
A,P_MHAB,DEA43,2009,357.599
A,P_MHAB,DEA43,2010,312.172
A,P_MHAB,DEA43,2011,209.14
A,P_MHAB,DEA43,2012,237.13
A,P_MHAB,DEA44,2000,131.048
A,P_MHAB,DEA44,2001,177.205
A,P_MHAB,DEA44,2002,131.689
A,P_MHAB,DEA44,2003,129.961
A,P_MHAB,DEA44,2004,214.882
A,P_MHAB,DEA44,2005,205.459
A,P_MHAB,DEA44,2006,215.239
A,P_MHAB,DEA44,2007,221.455
A,P_MHAB,DEA44,2008,208.558
A,P_MHAB,DEA44,2009,168.425
A,P_MHAB,DEA44,2010,234.458
A,P_MHAB,DEA44,2011,226.655
A,P_MHAB,DEA44,2012,212.899
A,P_MHAB,DEA45,2000,197.28
A,P_MHAB,DEA45,2001,167.422
A,P_MHAB,DEA45,2002,139.401
A,P_MHAB,DEA45,2003,175.949
A,P_MHAB,DEA45,2004,248.928
A,P_MHAB,DEA45,2005,222.439
A,P_MHAB,DEA45,2006,253.784
A,P_MHAB,DEA45,2007,251.231
A,P_MHAB,DEA45,2008,351.052
A,P_MHAB,DEA45,2009,266.402
A,P_MHAB,DEA45,2010,327.699
A,P_MHAB,DEA45,2011,279.304
A,P_MHAB,DEA45,2012,272.708
A,P_MHAB,DEA46,2000,143.877
A,P_MHAB,DEA46,2001,253.633
A,P_MHAB,DEA46,2002,240.114
A,P_MHAB,DEA46,2003,217.64
A,P_MHAB,DEA46,2004,245.909
A,P_MHAB,DEA46,2005,226.128
A,P_MHAB,DEA46,2006,213.408
A,P_MHAB,DEA46,2007,259.746
A,P_MHAB,DEA46,2008,264.339
A,P_MHAB,DEA46,2009,297.137
A,P_MHAB,DEA46,2010,244.534
A,P_MHAB,DEA46,2011,217.06
A,P_MHAB,DEA46,2012,236.829
A,P_MHAB,DEA47,2000,283.815
A,P_MHAB,DEA47,2001,289.768
A,P_MHAB,DEA47,2002,266.827
A,P_MHAB,DEA47,2003,286.222
A,P_MHAB,DEA47,2004,251.64
A,P_MHAB,DEA47,2005,221.417
A,P_MHAB,DEA47,2006,273.549
A,P_MHAB,DEA47,2007,254.206
A,P_MHAB,DEA47,2008,414.004
A,P_MHAB,DEA47,2009,392.848
A,P_MHAB,DEA47,2010,352.952
A,P_MHAB,DEA47,2011,368.426
A,P_MHAB,DEA47,2012,273.239
A,P_MHAB,DEA5,2000,191.552
A,P_MHAB,DEA5,2001,178.063
A,P_MHAB,DEA5,2002,169.086
A,P_MHAB,DEA5,2003,184.57
A,P_MHAB,DEA5,2004,196.89
A,P_MHAB,DEA5,2005,184.469
A,P_MHAB,DEA5,2006,191.857
A,P_MHAB,DEA5,2007,197.752
A,P_MHAB,DEA5,2008,190.686
A,P_MHAB,DEA5,2009,207.579
A,P_MHAB,DEA5,2010,215.354
A,P_MHAB,DEA5,2011,216.787
A,P_MHAB,DEA5,2012,184.019
A,P_MHAB,DEA51,2000,165.975
A,P_MHAB,DEA51,2001,160.4
A,P_MHAB,DEA51,2002,144.019
A,P_MHAB,DEA51,2003,126.804
A,P_MHAB,DEA51,2004,167.139
A,P_MHAB,DEA51,2005,161.24
A,P_MHAB,DEA51,2006,156.862
A,P_MHAB,DEA51,2007,171.287
A,P_MHAB,DEA51,2008,137.39
A,P_MHAB,DEA51,2009,180.958
A,P_MHAB,DEA51,2010,221.089
A,P_MHAB,DEA51,2011,211.375
A,P_MHAB,DEA51,2012,194.531
A,P_MHAB,DEA52,2000,129.699
A,P_MHAB,DEA52,2001,115.621
A,P_MHAB,DEA52,2002,125.687
A,P_MHAB,DEA52,2003,131.357
A,P_MHAB,DEA52,2004,151.511
A,P_MHAB,DEA52,2005,130.954
A,P_MHAB,DEA52,2006,144.823
A,P_MHAB,DEA52,2007,126.152
A,P_MHAB,DEA52,2008,134.569
A,P_MHAB,DEA52,2009,125.785
A,P_MHAB,DEA52,2010,147.409
A,P_MHAB,DEA52,2011,199.554
A,P_MHAB,DEA52,2012,155.038
A,P_MHAB,DEA53,2000,105.604
A,P_MHAB,DEA53,2001,111.247
A,P_MHAB,DEA53,2002,91.013
A,P_MHAB,DEA53,2003,96.415
A,P_MHAB,DEA53,2004,108.979
A,P_MHAB,DEA53,2005,113.794
A,P_MHAB,DEA53,2006,111.459
A,P_MHAB,DEA53,2007,146.01
A,P_MHAB,DEA53,2008,136.311
A,P_MHAB,DEA53,2009,96.057
A,P_MHAB,DEA53,2010,98.779
A,P_MHAB,DEA53,2011,137.061
A,P_MHAB,DEA53,2012,115.179
A,P_MHAB,DEA54,2000,55.444
A,P_MHAB,DEA54,2001,42.866
A,P_MHAB,DEA54,2002,30.086
A,P_MHAB,DEA54,2003,43.938
A,P_MHAB,DEA54,2004,56.282
A,P_MHAB,DEA54,2005,49.101
A,P_MHAB,DEA54,2006,37.614
A,P_MHAB,DEA54,2007,45.08
A,P_MHAB,DEA54,2008,87.783
A,P_MHAB,DEA54,2009,20.607
A,P_MHAB,DEA54,2010,67.679
A,P_MHAB,DEA54,2011,41.313
A,P_MHAB,DEA54,2012,53.484
A,P_MHAB,DEA55,2000,52.544
A,P_MHAB,DEA55,2001,39.077
A,P_MHAB,DEA55,2002,84.589
A,P_MHAB,DEA55,2003,71.122
A,P_MHAB,DEA55,2004,67.392
A,P_MHAB,DEA55,2005,78.158
A,P_MHAB,DEA55,2006,40.119
A,P_MHAB,DEA55,2007,63.121
A,P_MHAB,DEA55,2008,59.007
A,P_MHAB,DEA55,2009,95.073
A,P_MHAB,DEA55,2010,48.058
A,P_MHAB,DEA55,2011,59.358
A,P_MHAB,DEA55,2012,38.54
A,P_MHAB,DEA56,2000,363.106
A,P_MHAB,DEA56,2001,322.594
A,P_MHAB,DEA56,2002,321.44
A,P_MHAB,DEA56,2003,327.545
A,P_MHAB,DEA56,2004,326.646
A,P_MHAB,DEA56,2005,278.606
A,P_MHAB,DEA56,2006,273.726
A,P_MHAB,DEA56,2007,284.035
A,P_MHAB,DEA56,2008,314.891
A,P_MHAB,DEA56,2009,281.352
A,P_MHAB,DEA56,2010,361.071
A,P_MHAB,DEA56,2011,326.352
A,P_MHAB,DEA56,2012,270.228
A,P_MHAB,DEA57,2000,173.288
A,P_MHAB,DEA57,2001,186.034
A,P_MHAB,DEA57,2002,148.572
A,P_MHAB,DEA57,2003,154.888
A,P_MHAB,DEA57,2004,214.294
A,P_MHAB,DEA57,2005,169.094
A,P_MHAB,DEA57,2006,188.876
A,P_MHAB,DEA57,2007,188.587
A,P_MHAB,DEA57,2008,197.154
A,P_MHAB,DEA57,2009,194.269
A,P_MHAB,DEA57,2010,219.985
A,P_MHAB,DEA57,2011,216.33
A,P_MHAB,DEA57,2012,186.545
A,P_MHAB,DEA58,2000,220.989
A,P_MHAB,DEA58,2001,247.932
A,P_MHAB,DEA58,2002,186.598
A,P_MHAB,DEA58,2003,202.515
A,P_MHAB,DEA58,2004,252.39
A,P_MHAB,DEA58,2005,221.345
A,P_MHAB,DEA58,2006,262.478
A,P_MHAB,DEA58,2007,258.357
A,P_MHAB,DEA58,2008,222.479
A,P_MHAB,DEA58,2009,346.015
A,P_MHAB,DEA58,2010,278.943
A,P_MHAB,DEA58,2011,257.608
A,P_MHAB,DEA58,2012,222.977
A,P_MHAB,DEA59,2000,341.681
A,P_MHAB,DEA59,2001,303.314
A,P_MHAB,DEA59,2002,289.616
A,P_MHAB,DEA59,2003,362.574
A,P_MHAB,DEA59,2004,412.629
A,P_MHAB,DEA59,2005,458.492
A,P_MHAB,DEA59,2006,374.958
A,P_MHAB,DEA59,2007,361.251
A,P_MHAB,DEA59,2008,457.18
A,P_MHAB,DEA59,2009,538.792
A,P_MHAB,DEA59,2010,394.441
A,P_MHAB,DEA59,2011,388.742
A,P_MHAB,DEA59,2012,299.772
A,P_MHAB,DEA5A,2000,288.721
A,P_MHAB,DEA5A,2001,245.531
A,P_MHAB,DEA5A,2002,212.687
A,P_MHAB,DEA5A,2003,276.569
A,P_MHAB,DEA5A,2004,181.0
A,P_MHAB,DEA5A,2005,255.78
A,P_MHAB,DEA5A,2006,349.038
A,P_MHAB,DEA5A,2007,282.204
A,P_MHAB,DEA5A,2008,252.218
A,P_MHAB,DEA5A,2009,265.701
A,P_MHAB,DEA5A,2010,267.822
A,P_MHAB,DEA5A,2011,273.029
A,P_MHAB,DEA5A,2012,197.56
A,P_MHAB,DEA5B,2000,276.124
A,P_MHAB,DEA5B,2001,229.064
A,P_MHAB,DEA5B,2002,219.292
A,P_MHAB,DEA5B,2003,281.897
A,P_MHAB,DEA5B,2004,309.069
A,P_MHAB,DEA5B,2005,248.015
A,P_MHAB,DEA5B,2006,224.053
A,P_MHAB,DEA5B,2007,298.905
A,P_MHAB,DEA5B,2008,234.797
A,P_MHAB,DEA5B,2009,216.378
A,P_MHAB,DEA5B,2010,265.26
A,P_MHAB,DEA5B,2011,266.301
A,P_MHAB,DEA5B,2012,257.732
A,P_MHAB,DEA5C,2000,118.989
A,P_MHAB,DEA5C,2001,103.859
A,P_MHAB,DEA5C,2002,146.769
A,P_MHAB,DEA5C,2003,149.896
A,P_MHAB,DEA5C,2004,123.52
A,P_MHAB,DEA5C,2005,122.46
A,P_MHAB,DEA5C,2006,122.785
A,P_MHAB,DEA5C,2007,152.089
A,P_MHAB,DEA5C,2008,138.451
A,P_MHAB,DEA5C,2009,170.611
A,P_MHAB,DEA5C,2010,170.46
A,P_MHAB,DEA5C,2011,159.153
A,P_MHAB,DEA5C,2012,148.489
A,P_MHAB,DEB1,2000,149.357
A,P_MHAB,DEB1,2001,155.255
A,P_MHAB,DEB1,2002,147.065
A,P_MHAB,DEB1,2003,162.993
A,P_MHAB,DEB1,2004,185.331
A,P_MHAB,DEB1,2005,186.14
A,P_MHAB,DEB1,2006,182.189
A,P_MHAB,DEB1,2007,177.517
A,P_MHAB,DEB1,2008,175.155
A,P_MHAB,DEB1,2009,166.2
A,P_MHAB,DEB1,2010,184.315
A,P_MHAB,DEB1,2011,194.264
A,P_MHAB,DEB1,2012,132.276
A,P_MHAB,DEB11,2000,94.257
A,P_MHAB,DEB11,2001,187.587
A,P_MHAB,DEB11,2002,279.124
A,P_MHAB,DEB11,2003,143.293
A,P_MHAB,DEB11,2004,86.889
A,P_MHAB,DEB11,2005,114.725
A,P_MHAB,DEB11,2006,160.186
A,P_MHAB,DEB11,2007,115.499
A,P_MHAB,DEB11,2008,100.201
A,P_MHAB,DEB11,2009,237.363
A,P_MHAB,DEB11,2010,229.696
A,P_MHAB,DEB11,2011,246.765
A,P_MHAB,DEB11,2012,203.043
A,P_MHAB,DEB12,2000,128.735
A,P_MHAB,DEB12,2001,214.889
A,P_MHAB,DEB12,2002,106.577
A,P_MHAB,DEB12,2003,166.091
A,P_MHAB,DEB12,2004,176.929
A,P_MHAB,DEB12,2005,159.113
A,P_MHAB,DEB12,2006,121.717
A,P_MHAB,DEB12,2007,154.416
A,P_MHAB,DEB12,2008,161.818
A,P_MHAB,DEB12,2009,154.308
A,P_MHAB,DEB12,2010,171.088
A,P_MHAB,DEB12,2011,251.877
A,P_MHAB,DEB12,2012,111.04
A,P_MHAB,DEB13,2000,179.548
A,P_MHAB,DEB13,2001,170.671
A,P_MHAB,DEB13,2002,144.197
A,P_MHAB,DEB13,2003,195.91
A,P_MHAB,DEB13,2004,205.194
A,P_MHAB,DEB13,2005,246.033
A,P_MHAB,DEB13,2006,288.07
A,P_MHAB,DEB13,2007,219.96
A,P_MHAB,DEB13,2008,219.773
A,P_MHAB,DEB13,2009,203.536
A,P_MHAB,DEB13,2010,161.583
A,P_MHAB,DEB13,2011,207.727
A,P_MHAB,DEB13,2012,151.165
A,P_MHAB,DEB14,2000,191.614
A,P_MHAB,DEB14,2001,197.682
A,P_MHAB,DEB14,2002,192.406
A,P_MHAB,DEB14,2003,235.816
A,P_MHAB,DEB14,2004,214.914
A,P_MHAB,DEB14,2005,179.595
A,P_MHAB,DEB14,2006,281.899
A,P_MHAB,DEB14,2007,236.739
A,P_MHAB,DEB14,2008,275.035
A,P_MHAB,DEB14,2009,271.416
A,P_MHAB,DEB14,2010,281.375
A,P_MHAB,DEB14,2011,265.777
A,P_MHAB,DEB14,2012,141.698
A,P_MHAB,DEB15,2000,54.136
A,P_MHAB,DEB15,2001,28.573
A,P_MHAB,DEB15,2002,36.918
A,P_MHAB,DEB15,2003,11.12
A,P_MHAB,DEB15,2004,85.726
A,P_MHAB,DEB15,2005,89.91
A,P_MHAB,DEB15,2006,98.88
A,P_MHAB,DEB15,2007,90.567
A,P_MHAB,DEB15,2008,181.221
A,P_MHAB,DEB15,2009,99.745
A,P_MHAB,DEB15,2010,111.638
A,P_MHAB,DEB15,2011,96.104
A,P_MHAB,DEB15,2012,100.373
A,P_MHAB,DEB16,2000,46.994
A,P_MHAB,DEB16,2001,49.647
A,P_MHAB,DEB16,2002,116.004
A,P_MHAB,DEB16,2003,69.245
A,P_MHAB,DEB16,2004,90.067
A,P_MHAB,DEB16,2005,134.712
A,P_MHAB,DEB16,2006,73.328
A,P_MHAB,DEB16,2007,85.475
A,P_MHAB,DEB16,2008,100.211
A,P_MHAB,DEB16,2009,105.754
A,P_MHAB,DEB16,2010,86.094
A,P_MHAB,DEB16,2011,185.62
A,P_MHAB,DEB16,2012,79.906
A,P_MHAB,DEB17,2000,98.424
A,P_MHAB,DEB17,2001,161.044
A,P_MHAB,DEB17,2002,77.563
A,P_MHAB,DEB17,2003,131.846
A,P_MHAB,DEB17,2004,115.921
A,P_MHAB,DEB17,2005,178.395
A,P_MHAB,DEB17,2006,112.792
A,P_MHAB,DEB17,2007,151.1
A,P_MHAB,DEB17,2008,120.736
A,P_MHAB,DEB17,2009,140.828
A,P_MHAB,DEB17,2010,131.941
A,P_MHAB,DEB17,2011,110.573
A,P_MHAB,DEB17,2012,63.895
A,P_MHAB,DEB18,2000,283.316
A,P_MHAB,DEB18,2001,191.721
A,P_MHAB,DEB18,2002,208.212
A,P_MHAB,DEB18,2003,232.261
A,P_MHAB,DEB18,2004,214.818
A,P_MHAB,DEB18,2005,321.48
A,P_MHAB,DEB18,2006,248.463
A,P_MHAB,DEB18,2007,299.7
A,P_MHAB,DEB18,2008,211.635
A,P_MHAB,DEB18,2009,189.989
A,P_MHAB,DEB18,2010,243.041
A,P_MHAB,DEB18,2011,218.625
A,P_MHAB,DEB18,2012,184.116
A,P_MHAB,DEB19,2000,112.912
A,P_MHAB,DEB19,2001,111.027
A,P_MHAB,DEB19,2002,95.463
A,P_MHAB,DEB19,2003,156.672
A,P_MHAB,DEB19,2004,245.725
A,P_MHAB,DEB19,2005,122.177
A,P_MHAB,DEB19,2006,117.686
A,P_MHAB,DEB19,2007,153.451
A,P_MHAB,DEB19,2008,146.169
A,P_MHAB,DEB19,2009,108.002
A,P_MHAB,DEB19,2010,210.152
A,P_MHAB,DEB19,2011,172.794
A,P_MHAB,DEB19,2012,206.906
A,P_MHAB,DEB1A,2000,119.656
A,P_MHAB,DEB1A,2001,103.19
A,P_MHAB,DEB1A,2002,138.88
A,P_MHAB,DEB1A,2003,177.508
A,P_MHAB,DEB1A,2004,223.962
A,P_MHAB,DEB1A,2005,213.064
A,P_MHAB,DEB1A,2006,277.528
A,P_MHAB,DEB1A,2007,169.551
A,P_MHAB,DEB1A,2008,140.664
A,P_MHAB,DEB1A,2009,204.5
A,P_MHAB,DEB1A,2010,241.496
A,P_MHAB,DEB1A,2011,219.497
A,P_MHAB,DEB1A,2012,119.724
A,P_MHAB,DEB1B,2000,183.136
A,P_MHAB,DEB1B,2001,164.289
A,P_MHAB,DEB1B,2002,177.787
A,P_MHAB,DEB1B,2003,153.726
A,P_MHAB,DEB1B,2004,270.826
A,P_MHAB,DEB1B,2005,165.257
A,P_MHAB,DEB1B,2006,141.004
A,P_MHAB,DEB1B,2007,151.142
A,P_MHAB,DEB1B,2008,197.635
A,P_MHAB,DEB1B,2009,88.057
A,P_MHAB,DEB1B,2010,122.97
A,P_MHAB,DEB1B,2011,169.856
A,P_MHAB,DEB1B,2012,112.527
A,P_MHAB,DEB2,2000,88.144
A,P_MHAB,DEB2,2001,72.574
A,P_MHAB,DEB2,2002,65.771
A,P_MHAB,DEB2,2003,82.519
A,P_MHAB,DEB2,2004,84.787
A,P_MHAB,DEB2,2005,129.043
A,P_MHAB,DEB2,2006,73.067
A,P_MHAB,DEB2,2007,115.99
A,P_MHAB,DEB2,2008,93.435
A,P_MHAB,DEB2,2009,114.763
A,P_MHAB,DEB2,2010,97.023
A,P_MHAB,DEB2,2011,101.665
A,P_MHAB,DEB2,2012,86.922
A,P_MHAB,DEB21,2000,94.002
A,P_MHAB,DEB21,2001,64.078
A,P_MHAB,DEB21,2002,84.48
A,P_MHAB,DEB21,2003,28.833
A,P_MHAB,DEB21,2004,84.149
A,P_MHAB,DEB21,2005,116.011
A,P_MHAB,DEB21,2006,64.401
A,P_MHAB,DEB21,2007,108.001
A,P_MHAB,DEB21,2008,74.6
A,P_MHAB,DEB21,2009,93.272
A,P_MHAB,DEB21,2010,58.325
A,P_MHAB,DEB21,2011,84.648
A,P_MHAB,DEB21,2012,84.031
A,P_MHAB,DEB22,2000,94.064
A,P_MHAB,DEB22,2001,55.137
A,P_MHAB,DEB22,2002,55.527
A,P_MHAB,DEB22,2003,118.117
A,P_MHAB,DEB22,2004,64.909
A,P_MHAB,DEB22,2005,65.915
A,P_MHAB,DEB22,2006,30.8
A,P_MHAB,DEB22,2007,106.111
A,P_MHAB,DEB22,2008,122.697
A,P_MHAB,DEB22,2009,131.167
A,P_MHAB,DEB22,2010,96.644
A,P_MHAB,DEB22,2011,83.999
A,P_MHAB,DEB22,2012,90.037
A,P_MHAB,DEB23,2000,42.912
A,P_MHAB,DEB23,2001,72.874
A,P_MHAB,DEB23,2002,15.575
A,P_MHAB,DEB23,2003,48.076
A,P_MHAB,DEB23,2004,74.804
A,P_MHAB,DEB23,2005,71.949
A,P_MHAB,DEB23,2006,120.439
A,P_MHAB,DEB23,2007,112.463
A,P_MHAB,DEB23,2008,52.3
A,P_MHAB,DEB23,2009,64.749
A,P_MHAB,DEB23,2010,77.335
A,P_MHAB,DEB23,2011,106.161
A,P_MHAB,DEB23,2012,50.636
A,P_MHAB,DEB24,2000,82.076
A,P_MHAB,DEB24,2001,16.779
A,P_MHAB,DEB24,2002,56.931
A,P_MHAB,DEB24,2003,54.327
A,P_MHAB,DEB24,2004,31.111
A,P_MHAB,DEB24,2005,164.232
A,P_MHAB,DEB24,2006,49.807
A,P_MHAB,DEB24,2007,79.163
A,P_MHAB,DEB24,2008,108.735
A,P_MHAB,DEB24,2009,155.464
A,P_MHAB,DEB24,2010,68.782
A,P_MHAB,DEB24,2011,86.996
A,P_MHAB,DEB24,2012,20.611
A,P_MHAB,DEB25,2000,113.595
A,P_MHAB,DEB25,2001,119.105
A,P_MHAB,DEB25,2002,99.786
A,P_MHAB,DEB25,2003,128.857
A,P_MHAB,DEB25,2004,133.185
A,P_MHAB,DEB25,2005,213.161
A,P_MHAB,DEB25,2006,91.759
A,P_MHAB,DEB25,2007,148.861
A,P_MHAB,DEB25,2008,104.816
A,P_MHAB,DEB25,2009,133.356
A,P_MHAB,DEB25,2010,151.398
A,P_MHAB,DEB25,2011,131.454
A,P_MHAB,DEB25,2012,139.039
A,P_MHAB,DEB3,2000,429.563
A,P_MHAB,DEB3,2001,388.46
A,P_MHAB,DEB3,2002,445.003
A,P_MHAB,DEB3,2003,412.767
A,P_MHAB,DEB3,2004,421.52
A,P_MHAB,DEB3,2005,471.675
A,P_MHAB,DEB3,2006,409.899
A,P_MHAB,DEB3,2007,453.254
A,P_MHAB,DEB3,2008,410.515
A,P_MHAB,DEB3,2009,426.044
A,P_MHAB,DEB3,2010,390.575
A,P_MHAB,DEB3,2011,382.347
A,P_MHAB,DEB3,2012,291.218
A,P_MHAB,DEB31,2000,565.822
A,P_MHAB,DEB31,2001,440.299
A,P_MHAB,DEB31,2002,863.947
A,P_MHAB,DEB31,2003,663.955
A,P_MHAB,DEB31,2004,539.694
A,P_MHAB,DEB31,2005,655.569
A,P_MHAB,DEB31,2006,541.662
A,P_MHAB,DEB31,2007,543.27
A,P_MHAB,DEB31,2008,493.098
A,P_MHAB,DEB31,2009,373.179
A,P_MHAB,DEB31,2010,353.928
A,P_MHAB,DEB31,2011,311.371
A,P_MHAB,DEB31,2012,363.176
A,P_MHAB,DEB32,2000,256.236
A,P_MHAB,DEB32,2001,191.635
A,P_MHAB,DEB32,2002,256.428
A,P_MHAB,DEB32,2003,330.354
A,P_MHAB,DEB32,2004,181.442
A,P_MHAB,DEB32,2005,271.924
A,P_MHAB,DEB32,2006,228.622
A,P_MHAB,DEB32,2007,237.138
A,P_MHAB,DEB32,2008,236.78
A,P_MHAB,DEB32,2009,228.15
A,P_MHAB,DEB32,2010,276.202
A,P_MHAB,DEB32,2011,222.717
A,P_MHAB,DEB32,2012,133.581
A,P_MHAB,DEB33,2000,183.533
A,P_MHAB,DEB33,2001,229.804
A,P_MHAB,DEB33,2002,159.897
A,P_MHAB,DEB33,2003,338.922
A,P_MHAB,DEB33,2004,372.03
A,P_MHAB,DEB33,2005,257.765
A,P_MHAB,DEB33,2006,187.018
A,P_MHAB,DEB33,2007,304.311
A,P_MHAB,DEB33,2008,251.26
A,P_MHAB,DEB33,2009,180.664
A,P_MHAB,DEB33,2010,220.031
A,P_MHAB,DEB33,2011,195.575
A,P_MHAB,DEB33,2012,175.626
A,P_MHAB,DEB34,2000,485.373
A,P_MHAB,DEB34,2001,488.68
A,P_MHAB,DEB34,2002,530.168
A,P_MHAB,DEB34,2003,555.234
A,P_MHAB,DEB34,2004,608.772
A,P_MHAB,DEB34,2005,684.282
A,P_MHAB,DEB34,2006,585.639
A,P_MHAB,DEB34,2007,633.162
A,P_MHAB,DEB34,2008,474.487
A,P_MHAB,DEB34,2009,631.932
A,P_MHAB,DEB34,2010,560.487
A,P_MHAB,DEB34,2011,610.888
A,P_MHAB,DEB34,2012,390.191
A,P_MHAB,DEB35,2000,571.658
A,P_MHAB,DEB35,2001,432.001
A,P_MHAB,DEB35,2002,610.601
A,P_MHAB,DEB35,2003,449.429
A,P_MHAB,DEB35,2004,535.11
A,P_MHAB,DEB35,2005,597.976
A,P_MHAB,DEB35,2006,421.254
A,P_MHAB,DEB35,2007,386.916
A,P_MHAB,DEB35,2008,406.778
A,P_MHAB,DEB35,2009,403.749
A,P_MHAB,DEB35,2010,296.342
A,P_MHAB,DEB35,2011,335.63
A,P_MHAB,DEB35,2012,218.903
A,P_MHAB,DEB36,2000,664.366
A,P_MHAB,DEB36,2001,710.722
A,P_MHAB,DEB36,2002,475.456
A,P_MHAB,DEB36,2003,700.661
A,P_MHAB,DEB36,2004,740.651
A,P_MHAB,DEB36,2005,871.897
A,P_MHAB,DEB36,2006,821.586
A,P_MHAB,DEB36,2007,728.143
A,P_MHAB,DEB36,2008,756.105
A,P_MHAB,DEB36,2009,875.545
A,P_MHAB,DEB36,2010,709.762
A,P_MHAB,DEB36,2011,588.97
A,P_MHAB,DEB36,2012,526.624
A,P_MHAB,DEB37,2000,43.694
A,P_MHAB,DEB37,2001,44.236
A,P_MHAB,DEB37,2002,78.087
A,P_MHAB,DEB37,2003,22.539
A,P_MHAB,DEB37,2004,113.711
A,P_MHAB,DEB37,2005,4.583
A,P_MHAB,DEB37,2006,7.65
A,P_MHAB,DEB37,2007,67.646
A,P_MHAB,DEB37,2008,97.91
A,P_MHAB,DEB37,2009,94.057
A,P_MHAB,DEB37,2010,51.46
A,P_MHAB,DEB37,2011,89.144
A,P_MHAB,DEB37,2012,151.977
A,P_MHAB,DEB38,2000,617.841
A,P_MHAB,DEB38,2001,592.454
A,P_MHAB,DEB38,2002,613.54
A,P_MHAB,DEB38,2003,641.598
A,P_MHAB,DEB38,2004,658.547
A,P_MHAB,DEB38,2005,610.563
A,P_MHAB,DEB38,2006,596.226
A,P_MHAB,DEB38,2007,595.088
A,P_MHAB,DEB38,2008,538.354
A,P_MHAB,DEB38,2009,533.948
A,P_MHAB,DEB38,2010,577.182
A,P_MHAB,DEB38,2011,605.933
A,P_MHAB,DEB38,2012,387.921
A,P_MHAB,DEB39,2000,315.949
A,P_MHAB,DEB39,2001,286.831
A,P_MHAB,DEB39,2002,373.085
A,P_MHAB,DEB39,2003,207.124
A,P_MHAB,DEB39,2004,346.732
A,P_MHAB,DEB39,2005,252.062
A,P_MHAB,DEB39,2006,321.05
A,P_MHAB,DEB39,2007,264.56
A,P_MHAB,DEB39,2008,240.734
A,P_MHAB,DEB39,2009,323.623
A,P_MHAB,DEB39,2010,202.607
A,P_MHAB,DEB39,2011,236.738
A,P_MHAB,DEB39,2012,203.009
A,P_MHAB,DEB3A,2000,465.69
A,P_MHAB,DEB3A,2001,308.799
A,P_MHAB,DEB3A,2002,150.842
A,P_MHAB,DEB3A,2003,271.439
A,P_MHAB,DEB3A,2004,283.494
A,P_MHAB,DEB3A,2005,274.937
A,P_MHAB,DEB3A,2006,230.841
A,P_MHAB,DEB3A,2007,197.176
A,P_MHAB,DEB3A,2008,279.674
A,P_MHAB,DEB3A,2009,371.615
A,P_MHAB,DEB3A,2010,390.806
A,P_MHAB,DEB3A,2011,112.833
A,P_MHAB,DEB3A,2012,150.265
A,P_MHAB,DEB3B,2000,328.56
A,P_MHAB,DEB3B,2001,226.118
A,P_MHAB,DEB3B,2002,231.678
A,P_MHAB,DEB3B,2003,246.544
A,P_MHAB,DEB3B,2004,263.623
A,P_MHAB,DEB3B,2005,332.85
A,P_MHAB,DEB3B,2006,251.013
A,P_MHAB,DEB3B,2007,279.713
A,P_MHAB,DEB3B,2008,184.332
A,P_MHAB,DEB3B,2009,233.704
A,P_MHAB,DEB3B,2010,163.276
A,P_MHAB,DEB3B,2011,200.224
A,P_MHAB,DEB3B,2012,178.12
A,P_MHAB,DEB3C,2000,935.237
A,P_MHAB,DEB3C,2001,803.722
A,P_MHAB,DEB3C,2002,1044.355
A,P_MHAB,DEB3C,2003,917.937
A,P_MHAB,DEB3C,2004,832.53
A,P_MHAB,DEB3C,2005,1040.419
A,P_MHAB,DEB3C,2006,900.708
A,P_MHAB,DEB3C,2007,831.996
A,P_MHAB,DEB3C,2008,779.955
A,P_MHAB,DEB3C,2009,780.604
A,P_MHAB,DEB3C,2010,746.174
A,P_MHAB,DEB3C,2011,623.621
A,P_MHAB,DEB3C,2012,587.991
A,P_MHAB,DEB3D,2000,129.188
A,P_MHAB,DEB3D,2001,229.589
A,P_MHAB,DEB3D,2002,215.773
A,P_MHAB,DEB3D,2003,256.897
A,P_MHAB,DEB3D,2004,142.65
A,P_MHAB,DEB3D,2005,283.798
A,P_MHAB,DEB3D,2006,295.084
A,P_MHAB,DEB3D,2007,205.567
A,P_MHAB,DEB3D,2008,298.676
A,P_MHAB,DEB3D,2009,219.005
A,P_MHAB,DEB3D,2010,260.412
A,P_MHAB,DEB3D,2011,262.263
A,P_MHAB,DEB3D,2012,214.339
A,P_MHAB,DEB3E,2000,169.264
A,P_MHAB,DEB3E,2001,267.505
A,P_MHAB,DEB3E,2002,194.243
A,P_MHAB,DEB3E,2003,213.205
A,P_MHAB,DEB3E,2004,238.442
A,P_MHAB,DEB3E,2005,284.488
A,P_MHAB,DEB3E,2006,258.087
A,P_MHAB,DEB3E,2007,241.898
A,P_MHAB,DEB3E,2008,265.852
A,P_MHAB,DEB3E,2009,379.131
A,P_MHAB,DEB3E,2010,262.358
A,P_MHAB,DEB3E,2011,346.048
A,P_MHAB,DEB3E,2012,178.877
A,P_MHAB,DEB3F,2000,244.23
A,P_MHAB,DEB3F,2001,209.622
A,P_MHAB,DEB3F,2002,257.425
A,P_MHAB,DEB3F,2003,189.024
A,P_MHAB,DEB3F,2004,102.882
A,P_MHAB,DEB3F,2005,208.141
A,P_MHAB,DEB3F,2006,186.077
A,P_MHAB,DEB3F,2007,246.761
A,P_MHAB,DEB3F,2008,186.234
A,P_MHAB,DEB3F,2009,196.656
A,P_MHAB,DEB3F,2010,165.616
A,P_MHAB,DEB3F,2011,188.47
A,P_MHAB,DEB3F,2012,147.409
A,P_MHAB,DEB3G,2000,113.659
A,P_MHAB,DEB3G,2001,80.702
A,P_MHAB,DEB3G,2002,59.086
A,P_MHAB,DEB3G,2003,64.268
A,P_MHAB,DEB3G,2004,123.218
A,P_MHAB,DEB3G,2005,96.393
A,P_MHAB,DEB3G,2006,67.284
A,P_MHAB,DEB3G,2007,98.933
A,P_MHAB,DEB3G,2008,20.434
A,P_MHAB,DEB3G,2009,56.091
A,P_MHAB,DEB3G,2010,73.664
A,P_MHAB,DEB3G,2011,122.586
A,P_MHAB,DEB3G,2012,59.57
A,P_MHAB,DEB3H,2000,117.86
A,P_MHAB,DEB3H,2001,129.097
A,P_MHAB,DEB3H,2002,184.422
A,P_MHAB,DEB3H,2003,199.953
A,P_MHAB,DEB3H,2004,211.809
A,P_MHAB,DEB3H,2005,289.261
A,P_MHAB,DEB3H,2006,245.031
A,P_MHAB,DEB3H,2007,252.606
A,P_MHAB,DEB3H,2008,186.255
A,P_MHAB,DEB3H,2009,310.604
A,P_MHAB,DEB3H,2010,194.258
A,P_MHAB,DEB3H,2011,195.501
A,P_MHAB,DEB3H,2012,142.09
A,P_MHAB,DEB3I,2000,905.932
A,P_MHAB,DEB3I,2001,849.265
A,P_MHAB,DEB3I,2002,874.04
A,P_MHAB,DEB3I,2003,776.172
A,P_MHAB,DEB3I,2004,828.489
A,P_MHAB,DEB3I,2005,814.696
A,P_MHAB,DEB3I,2006,816.846
A,P_MHAB,DEB3I,2007,828.088
A,P_MHAB,DEB3I,2008,643.222
A,P_MHAB,DEB3I,2009,684.312
A,P_MHAB,DEB3I,2010,560.266
A,P_MHAB,DEB3I,2011,572.015
A,P_MHAB,DEB3I,2012,473.653
A,P_MHAB,DEB3J,2000,595.496
A,P_MHAB,DEB3J,2001,495.066
A,P_MHAB,DEB3J,2002,518.891
A,P_MHAB,DEB3J,2003,499.446
A,P_MHAB,DEB3J,2004,517.04
A,P_MHAB,DEB3J,2005,506.716
A,P_MHAB,DEB3J,2006,438.036
A,P_MHAB,DEB3J,2007,844.688
A,P_MHAB,DEB3J,2008,836.73
A,P_MHAB,DEB3J,2009,662.926
A,P_MHAB,DEB3J,2010,808.501
A,P_MHAB,DEB3J,2011,668.084
A,P_MHAB,DEB3J,2012,494.155
A,P_MHAB,DEB3K,2000,118.89
A,P_MHAB,DEB3K,2001,144.812
A,P_MHAB,DEB3K,2002,312.052
A,P_MHAB,DEB3K,2003,183.136
A,P_MHAB,DEB3K,2004,189.058
A,P_MHAB,DEB3K,2005,256.686
A,P_MHAB,DEB3K,2006,157.973
A,P_MHAB,DEB3K,2007,252.946
A,P_MHAB,DEB3K,2008,213.591
A,P_MHAB,DEB3K,2009,173.419
A,P_MHAB,DEB3K,2010,191.557
A,P_MHAB,DEB3K,2011,259.994
A,P_MHAB,DEB3K,2012,189.677
A,P_MHAB,DED2,2000,157.558
A,P_MHAB,DED2,2001,164.496
A,P_MHAB,DED2,2002,150.412
A,P_MHAB,DED2,2003,124.725
A,P_MHAB,DED2,2004,130.666
A,P_MHAB,DED2,2005,147.433
A,P_MHAB,DED2,2006,140.465
A,P_MHAB,DED2,2007,155.692
A,P_MHAB,DED2,2008,149.255
A,P_MHAB,DED2,2009,173.816
A,P_MHAB,DED2,2010,163.311
A,P_MHAB,DED2,2011,155.931
A,P_MHAB,DED2,2012,115.763
A,P_MHAB,DED21,2000,344.936
A,P_MHAB,DED21,2001,367.491
A,P_MHAB,DED21,2002,317.134
A,P_MHAB,DED21,2003,250.673
A,P_MHAB,DED21,2004,285.879
A,P_MHAB,DED21,2005,323.868
A,P_MHAB,DED21,2006,314.249
A,P_MHAB,DED21,2007,272.19
A,P_MHAB,DED21,2008,287.776
A,P_MHAB,DED21,2009,323.309
A,P_MHAB,DED21,2010,333.506
A,P_MHAB,DED21,2011,310.577
A,P_MHAB,DED21,2012,219.393
A,P_MHAB,DED2C,2011,88.333
A,P_MHAB,DED2C,2012,66.38
A,P_MHAB,DED2D,2011,64.314
A,P_MHAB,DED2D,2012,48.261
A,P_MHAB,DED2E,2011,92.662
A,P_MHAB,DED2E,2012,91.036
A,P_MHAB,DED2F,2011,85.451
A,P_MHAB,DED2F,2012,58.0
A,P_MHAB,DED4,2011,81.319
A,P_MHAB,DED4,2012,74.491
A,P_MHAB,DED41,2000,86.505
A,P_MHAB,DED41,2001,72.981
A,P_MHAB,DED41,2002,52.151
A,P_MHAB,DED41,2003,137.678
A,P_MHAB,DED41,2004,62.219
A,P_MHAB,DED41,2005,79.762
A,P_MHAB,DED41,2006,146.885
A,P_MHAB,DED41,2007,123.769
A,P_MHAB,DED41,2008,76.75
A,P_MHAB,DED41,2009,139.618
A,P_MHAB,DED41,2010,130.899
A,P_MHAB,DED41,2011,125.962
A,P_MHAB,DED41,2012,79.45
A,P_MHAB,DED42,2011,69.235
A,P_MHAB,DED42,2012,56.331
A,P_MHAB,DED43,2011,119.083
A,P_MHAB,DED43,2012,112.095
A,P_MHAB,DED44,2011,57.201
A,P_MHAB,DED44,2012,59.675
A,P_MHAB,DED45,2011,43.517
A,P_MHAB,DED45,2012,64.948
A,P_MHAB,DED5,2011,64.776
A,P_MHAB,DED5,2012,74.639
A,P_MHAB,DED51,2000,53.888
A,P_MHAB,DED51,2001,66.666
A,P_MHAB,DED51,2002,48.859
A,P_MHAB,DED51,2003,55.275
A,P_MHAB,DED51,2004,66.87
A,P_MHAB,DED51,2005,87.203
A,P_MHAB,DED51,2006,68.318
A,P_MHAB,DED51,2007,87.232
A,P_MHAB,DED51,2008,103.759
A,P_MHAB,DED51,2009,122.316
A,P_MHAB,DED51,2010,121.921
A,P_MHAB,DED51,2011,94.285
A,P_MHAB,DED51,2012,90.728
A,P_MHAB,DED52,2011,46.109
A,P_MHAB,DED52,2012,75.815
A,P_MHAB,DED53,2011,14.208
A,P_MHAB,DED53,2012,31.201
A,P_MHAB,DEE0,2000,42.371
A,P_MHAB,DEE0,2001,46.196
A,P_MHAB,DEE0,2002,37.77
A,P_MHAB,DEE0,2003,56.644
A,P_MHAB,DEE0,2004,36.117
A,P_MHAB,DEE0,2005,45.73
A,P_MHAB,DEE0,2006,49.811
A,P_MHAB,DEE0,2007,52.765
A,P_MHAB,DEE0,2008,40.664
A,P_MHAB,DEE0,2009,46.455
A,P_MHAB,DEE0,2010,43.468
A,P_MHAB,DEE0,2011,41.927
A,P_MHAB,DEE0,2012,35.128
A,P_MHAB,DEE01,2007,71.238
A,P_MHAB,DEE01,2008,26.464
A,P_MHAB,DEE01,2009,64.041
A,P_MHAB,DEE01,2010,47.172
A,P_MHAB,DEE01,2011,37.397
A,P_MHAB,DEE01,2012,30.639
A,P_MHAB,DEE02,2000,75.602
A,P_MHAB,DEE02,2001,135.265
A,P_MHAB,DEE02,2002,111.667
A,P_MHAB,DEE02,2003,134.695
A,P_MHAB,DEE02,2004,79.835
A,P_MHAB,DEE02,2005,102.098
A,P_MHAB,DEE02,2006,114.672
A,P_MHAB,DEE02,2007,152.13
A,P_MHAB,DEE02,2008,104.697
A,P_MHAB,DEE02,2009,96.99
A,P_MHAB,DEE02,2010,97.364
A,P_MHAB,DEE02,2011,97.955
A,P_MHAB,DEE02,2012,52.887
A,P_MHAB,DEE03,2000,63.385
A,P_MHAB,DEE03,2001,53.402
A,P_MHAB,DEE03,2002,50.793
A,P_MHAB,DEE03,2003,82.439
A,P_MHAB,DEE03,2004,45.488
A,P_MHAB,DEE03,2005,78.041
A,P_MHAB,DEE03,2006,88.772
A,P_MHAB,DEE03,2007,72.403
A,P_MHAB,DEE03,2008,53.576
A,P_MHAB,DEE03,2009,49.164
A,P_MHAB,DEE03,2010,73.593
A,P_MHAB,DEE03,2011,51.744
A,P_MHAB,DEE03,2012,71.999
A,P_MHAB,DEE04,2000,27.006
A,P_MHAB,DEE04,2001,34.608
A,P_MHAB,DEE04,2002,5.775
A,P_MHAB,DEE04,2003,11.871
A,P_MHAB,DEE04,2004,10.074
A,P_MHAB,DEE04,2005,27.888
A,P_MHAB,DEE04,2006,15.618
A,P_MHAB,DEE04,2007,29.087
A,P_MHAB,DEE04,2008,18.216
A,P_MHAB,DEE04,2009,36.009
A,P_MHAB,DEE04,2010,5.858
A,P_MHAB,DEE04,2011,22.343
A,P_MHAB,DEE04,2012,9.385
A,P_MHAB,DEE05,2007,47.372
A,P_MHAB,DEE05,2008,65.016
A,P_MHAB,DEE05,2009,56.476
A,P_MHAB,DEE05,2010,36.817
A,P_MHAB,DEE05,2011,47.95
A,P_MHAB,DEE05,2012,42.299
A,P_MHAB,DEE06,2007,39.073
A,P_MHAB,DEE06,2008,35.91
A,P_MHAB,DEE06,2009,30.065
A,P_MHAB,DEE06,2010,55.056
A,P_MHAB,DEE06,2011,27.22
A,P_MHAB,DEE06,2012,20.383
A,P_MHAB,DEE07,2007,54.037
A,P_MHAB,DEE07,2008,24.534
A,P_MHAB,DEE07,2009,18.538
A,P_MHAB,DEE07,2010,25.346
A,P_MHAB,DEE07,2011,40.53
A,P_MHAB,DEE07,2012,31.415
A,P_MHAB,DEE08,2007,7.704
A,P_MHAB,DEE08,2008,29.069
A,P_MHAB,DEE08,2009,16.467
A,P_MHAB,DEE08,2010,9.622
A,P_MHAB,DEE08,2011,13.286
A,P_MHAB,DEE08,2012,7.834
A,P_MHAB,DEE09,2007,63.419
A,P_MHAB,DEE09,2008,41.408
A,P_MHAB,DEE09,2009,67.493
A,P_MHAB,DEE09,2010,56.372
A,P_MHAB,DEE09,2011,77.73
A,P_MHAB,DEE09,2012,29.977
A,P_MHAB,DEE0A,2007,26.586
A,P_MHAB,DEE0A,2008,17.381
A,P_MHAB,DEE0A,2009,20.096
A,P_MHAB,DEE0A,2010,28.061
A,P_MHAB,DEE0A,2011,9.98
A,P_MHAB,DEE0A,2012,44.71
A,P_MHAB,DEE0B,2007,46.763
A,P_MHAB,DEE0B,2008,42.943
A,P_MHAB,DEE0B,2009,84.164
A,P_MHAB,DEE0B,2010,38.739
A,P_MHAB,DEE0B,2011,33.106
A,P_MHAB,DEE0B,2012,46.122
A,P_MHAB,DEE0C,2007,32.686
A,P_MHAB,DEE0C,2008,22.397
A,P_MHAB,DEE0C,2009,26.764
A,P_MHAB,DEE0C,2010,42.332
A,P_MHAB,DEE0C,2011,40.748
A,P_MHAB,DEE0C,2012,24.18
A,P_MHAB,DEE0D,2000,16.066
A,P_MHAB,DEE0D,2002,2.382
A,P_MHAB,DEE0D,2003,12.786
A,P_MHAB,DEE0D,2004,6.119
A,P_MHAB,DEE0D,2006,11.427
A,P_MHAB,DEE0D,2007,19.926
A,P_MHAB,DEE0D,2008,14.357
A,P_MHAB,DEE0D,2009,17.061
A,P_MHAB,DEE0D,2010,20.214
A,P_MHAB,DEE0D,2012,24.962
A,P_MHAB,DEE0E,2007,15.52
A,P_MHAB,DEE0E,2008,20.363
A,P_MHAB,DEE0E,2009,27.131
A,P_MHAB,DEE0E,2010,21.591
A,P_MHAB,DEE0E,2011,16.853
A,P_MHAB,DEE0E,2012,8.715
A,P_MHAB,DEF0,2000,131.888
A,P_MHAB,DEF0,2001,150.862
A,P_MHAB,DEF0,2002,131.219
A,P_MHAB,DEF0,2003,155.838
A,P_MHAB,DEF0,2004,147.632
A,P_MHAB,DEF0,2005,142.317
A,P_MHAB,DEF0,2006,152.255
A,P_MHAB,DEF0,2007,154.46
A,P_MHAB,DEF0,2008,161.382
A,P_MHAB,DEF0,2009,154.961
A,P_MHAB,DEF0,2010,148.282
A,P_MHAB,DEF0,2011,175.863
A,P_MHAB,DEF0,2012,147.098
A,P_MHAB,DEF01,2000,98.639
A,P_MHAB,DEF01,2001,45.918
A,P_MHAB,DEF01,2002,88.778
A,P_MHAB,DEF01,2003,67.411
A,P_MHAB,DEF01,2004,91.794
A,P_MHAB,DEF01,2005,29.15
A,P_MHAB,DEF01,2006,58.086
A,P_MHAB,DEF01,2007,57.717
A,P_MHAB,DEF01,2008,50.346
A,P_MHAB,DEF01,2009,170.428
A,P_MHAB,DEF01,2010,75.253
A,P_MHAB,DEF01,2011,155.365
A,P_MHAB,DEF01,2012,15.891
A,P_MHAB,DEF02,2000,178.105
A,P_MHAB,DEF02,2001,119.469
A,P_MHAB,DEF02,2002,112.555
A,P_MHAB,DEF02,2003,166.117
A,P_MHAB,DEF02,2004,147.529
A,P_MHAB,DEF02,2005,96.259
A,P_MHAB,DEF02,2006,116.963
A,P_MHAB,DEF02,2007,161.876
A,P_MHAB,DEF02,2008,152.932
A,P_MHAB,DEF02,2009,161.167
A,P_MHAB,DEF02,2010,149.949
A,P_MHAB,DEF02,2011,183.988
A,P_MHAB,DEF02,2012,150.181
A,P_MHAB,DEF03,2000,71.112
A,P_MHAB,DEF03,2001,104.405
A,P_MHAB,DEF03,2002,103.983
A,P_MHAB,DEF03,2003,141.068
A,P_MHAB,DEF03,2004,121.126
A,P_MHAB,DEF03,2005,81.228
A,P_MHAB,DEF03,2006,160.651
A,P_MHAB,DEF03,2007,153.778
A,P_MHAB,DEF03,2008,98.279
A,P_MHAB,DEF03,2009,123.855
A,P_MHAB,DEF03,2010,180.966
A,P_MHAB,DEF03,2011,150.31
A,P_MHAB,DEF03,2012,129.074
A,P_MHAB,DEF04,2000,119.263
A,P_MHAB,DEF04,2001,146.309
A,P_MHAB,DEF04,2002,132.712
A,P_MHAB,DEF04,2003,70.15
A,P_MHAB,DEF04,2004,79.163
A,P_MHAB,DEF04,2005,117.115
A,P_MHAB,DEF04,2006,70.064
A,P_MHAB,DEF04,2007,96.104
A,P_MHAB,DEF04,2008,60.571
A,P_MHAB,DEF04,2009,81.842
A,P_MHAB,DEF04,2010,55.269
A,P_MHAB,DEF04,2011,107.38
A,P_MHAB,DEF04,2012,64.337
A,P_MHAB,DEF05,2000,43.821
A,P_MHAB,DEF05,2001,9.696
A,P_MHAB,DEF05,2002,19.644
A,P_MHAB,DEF05,2003,62.06
A,P_MHAB,DEF05,2004,67.963
A,P_MHAB,DEF05,2005,19.287
A,P_MHAB,DEF05,2006,45.752
A,P_MHAB,DEF05,2007,30.695
A,P_MHAB,DEF05,2008,47.27
A,P_MHAB,DEF05,2009,102.535
A,P_MHAB,DEF05,2010,55.663
A,P_MHAB,DEF05,2011,57.79
A,P_MHAB,DEF05,2012,42.292
A,P_MHAB,DEF06,2000,265.33
A,P_MHAB,DEF06,2001,292.414
A,P_MHAB,DEF06,2002,334.084
A,P_MHAB,DEF06,2003,342.539
A,P_MHAB,DEF06,2004,271.883
A,P_MHAB,DEF06,2005,332.01
A,P_MHAB,DEF06,2006,225.558
A,P_MHAB,DEF06,2007,280.508
A,P_MHAB,DEF06,2008,328.391
A,P_MHAB,DEF06,2009,239.218
A,P_MHAB,DEF06,2010,225.635
A,P_MHAB,DEF06,2011,380.149
A,P_MHAB,DEF06,2012,300.999
A,P_MHAB,DEF07,2000,22.565
A,P_MHAB,DEF07,2001,33.966
A,P_MHAB,DEF07,2002,31.389
A,P_MHAB,DEF07,2003,31.265
A,P_MHAB,DEF07,2004,29.758
A,P_MHAB,DEF07,2005,16.386
A,P_MHAB,DEF07,2006,35.938
A,P_MHAB,DEF07,2007,58.579
A,P_MHAB,DEF07,2008,51.161
A,P_MHAB,DEF07,2009,51.483
A,P_MHAB,DEF07,2010,17.494
A,P_MHAB,DEF07,2011,25.018
A,P_MHAB,DEF07,2012,33.322
A,P_MHAB,DEF08,2000,45.084
A,P_MHAB,DEF08,2001,109.52
A,P_MHAB,DEF08,2002,66.524
A,P_MHAB,DEF08,2003,75.942
A,P_MHAB,DEF08,2004,70.196
A,P_MHAB,DEF08,2005,82.495
A,P_MHAB,DEF08,2006,97.942
A,P_MHAB,DEF08,2007,121.485
A,P_MHAB,DEF08,2008,126.988
A,P_MHAB,DEF08,2009,102.928
A,P_MHAB,DEF08,2010,99.977
A,P_MHAB,DEF08,2011,96.012
A,P_MHAB,DEF08,2012,170.896
A,P_MHAB,DEF09,2000,213.948
A,P_MHAB,DEF09,2001,323.927
A,P_MHAB,DEF09,2002,220.234
A,P_MHAB,DEF09,2003,223.445
A,P_MHAB,DEF09,2004,200.141
A,P_MHAB,DEF09,2005,241.122
A,P_MHAB,DEF09,2006,222.317
A,P_MHAB,DEF09,2007,205.525
A,P_MHAB,DEF09,2008,232.61
A,P_MHAB,DEF09,2009,210.037
A,P_MHAB,DEF09,2010,168.336
A,P_MHAB,DEF09,2011,223.902
A,P_MHAB,DEF09,2012,234.479
A,P_MHAB,DEF0A,2000,112.534
A,P_MHAB,DEF0A,2001,135.144
A,P_MHAB,DEF0A,2002,128.121
A,P_MHAB,DEF0A,2003,119.374
A,P_MHAB,DEF0A,2004,148.255
A,P_MHAB,DEF0A,2005,93.174
A,P_MHAB,DEF0A,2006,77.476
A,P_MHAB,DEF0A,2007,122.822
A,P_MHAB,DEF0A,2008,209.272
A,P_MHAB,DEF0A,2009,179.302
A,P_MHAB,DEF0A,2010,143.194
A,P_MHAB,DEF0A,2011,127.708
A,P_MHAB,DEF0A,2012,83.712
A,P_MHAB,DEF0B,2000,142.01
A,P_MHAB,DEF0B,2001,126.208
A,P_MHAB,DEF0B,2002,103.592
A,P_MHAB,DEF0B,2003,176.14
A,P_MHAB,DEF0B,2004,165.524
A,P_MHAB,DEF0B,2005,123.055
A,P_MHAB,DEF0B,2006,171.441
A,P_MHAB,DEF0B,2007,196.155
A,P_MHAB,DEF0B,2008,192.155
A,P_MHAB,DEF0B,2009,199.305
A,P_MHAB,DEF0B,2010,219.085
A,P_MHAB,DEF0B,2011,217.549
A,P_MHAB,DEF0B,2012,162.07
A,P_MHAB,DEF0C,2000,6.364
A,P_MHAB,DEF0C,2001,17.041
A,P_MHAB,DEF0C,2002,37.552
A,P_MHAB,DEF0C,2003,62.542
A,P_MHAB,DEF0C,2004,34.267
A,P_MHAB,DEF0C,2005,19.15
A,P_MHAB,DEF0C,2006,38.964
A,P_MHAB,DEF0C,2007,66.495
A,P_MHAB,DEF0C,2008,62.832
A,P_MHAB,DEF0C,2009,47.672
A,P_MHAB,DEF0C,2010,55.789
A,P_MHAB,DEF0C,2011,81.707
A,P_MHAB,DEF0C,2012,24.068
A,P_MHAB,DEF0D,2000,169.904
A,P_MHAB,DEF0D,2001,196.312
A,P_MHAB,DEF0D,2002,181.676
A,P_MHAB,DEF0D,2003,231.306
A,P_MHAB,DEF0D,2004,180.299
A,P_MHAB,DEF0D,2005,238.01
A,P_MHAB,DEF0D,2006,264.317
A,P_MHAB,DEF0D,2007,175.83
A,P_MHAB,DEF0D,2008,179.495
A,P_MHAB,DEF0D,2009,161.391
A,P_MHAB,DEF0D,2010,143.521
A,P_MHAB,DEF0D,2011,174.344
A,P_MHAB,DEF0D,2012,147.632
A,P_MHAB,DEF0E,2000,116.938
A,P_MHAB,DEF0E,2001,83.292
A,P_MHAB,DEF0E,2002,66.497
A,P_MHAB,DEF0E,2003,87.574
A,P_MHAB,DEF0E,2004,141.683
A,P_MHAB,DEF0E,2005,96.293
A,P_MHAB,DEF0E,2006,105.298
A,P_MHAB,DEF0E,2007,115.582
A,P_MHAB,DEF0E,2008,159.582
A,P_MHAB,DEF0E,2009,114.848
A,P_MHAB,DEF0E,2010,112.544
A,P_MHAB,DEF0E,2011,171.185
A,P_MHAB,DEF0E,2012,126.631
A,P_MHAB,DEF0F,2000,238.811
A,P_MHAB,DEF0F,2001,290.925
A,P_MHAB,DEF0F,2002,213.784
A,P_MHAB,DEF0F,2003,240.527
A,P_MHAB,DEF0F,2004,300.035
A,P_MHAB,DEF0F,2005,317.308
A,P_MHAB,DEF0F,2006,315.83
A,P_MHAB,DEF0F,2007,253.738
A,P_MHAB,DEF0F,2008,256.617
A,P_MHAB,DEF0F,2009,250.462
A,P_MHAB,DEF0F,2010,305.22
A,P_MHAB,DEF0F,2011,305.759
A,P_MHAB,DEF0F,2012,254.834
A,P_MHAB,DEG0,2000,86.0
A,P_MHAB,DEG0,2001,91.718
A,P_MHAB,DEG0,2002,93.888
A,P_MHAB,DEG0,2003,107.716
A,P_MHAB,DEG0,2004,114.287
A,P_MHAB,DEG0,2005,112.976
A,P_MHAB,DEG0,2006,120.917
A,P_MHAB,DEG0,2007,122.485
A,P_MHAB,DEG0,2008,130.957
A,P_MHAB,DEG0,2009,132.337
A,P_MHAB,DEG0,2010,123.722
A,P_MHAB,DEG0,2011,120.938
A,P_MHAB,DEG0,2012,115.77
A,P_MHAB,DEG01,2000,69.212
A,P_MHAB,DEG01,2001,65.465
A,P_MHAB,DEG01,2002,115.227
A,P_MHAB,DEG01,2003,98.216
A,P_MHAB,DEG01,2004,158.794
A,P_MHAB,DEG01,2005,127.933
A,P_MHAB,DEG01,2006,107.915
A,P_MHAB,DEG01,2007,56.4
A,P_MHAB,DEG01,2008,112.995
A,P_MHAB,DEG01,2009,156.345
A,P_MHAB,DEG01,2010,112.349
A,P_MHAB,DEG01,2011,124.101
A,P_MHAB,DEG01,2012,142.55
A,P_MHAB,DEG02,2000,17.434
A,P_MHAB,DEG02,2001,14.357
A,P_MHAB,DEG02,2002,38.662
A,P_MHAB,DEG02,2003,26.184
A,P_MHAB,DEG02,2004,29.803
A,P_MHAB,DEG02,2005,25.392
A,P_MHAB,DEG02,2006,29.63
A,P_MHAB,DEG02,2007,23.07
A,P_MHAB,DEG02,2008,41.922
A,P_MHAB,DEG02,2009,35.373
A,P_MHAB,DEG02,2010,32.504
A,P_MHAB,DEG02,2011,25.186
A,P_MHAB,DEG02,2012,24.301
A,P_MHAB,DEG03,2000,724.802
A,P_MHAB,DEG03,2001,753.206
A,P_MHAB,DEG03,2002,760.798
A,P_MHAB,DEG03,2003,847.805
A,P_MHAB,DEG03,2004,912.466
A,P_MHAB,DEG03,2005,833.74
A,P_MHAB,DEG03,2006,1025.924
A,P_MHAB,DEG03,2007,952.153
A,P_MHAB,DEG03,2008,668.211
A,P_MHAB,DEG03,2009,709.823
A,P_MHAB,DEG03,2010,557.784
A,P_MHAB,DEG03,2011,632.746
A,P_MHAB,DEG03,2012,561.998
A,P_MHAB,DEG04,2000,35.565
A,P_MHAB,DEG04,2001,119.729
A,P_MHAB,DEG04,2002,26.729
A,P_MHAB,DEG04,2003,54.862
A,P_MHAB,DEG04,2004,40.423
A,P_MHAB,DEG04,2005,13.287
A,P_MHAB,DEG04,2006,73.087
A,P_MHAB,DEG04,2007,93.643
A,P_MHAB,DEG04,2008,49.25
A,P_MHAB,DEG04,2009,66.463
A,P_MHAB,DEG04,2010,33.649
A,P_MHAB,DEG04,2011,155.509
A,P_MHAB,DEG04,2012,59.395
A,P_MHAB,DEG05,2000,162.205
A,P_MHAB,DEG05,2001,142.411
A,P_MHAB,DEG05,2002,104.531
A,P_MHAB,DEG05,2003,167.788
A,P_MHAB,DEG05,2004,275.583
A,P_MHAB,DEG05,2005,177.544
A,P_MHAB,DEG05,2006,107.286
A,P_MHAB,DEG05,2007,242.552
A,P_MHAB,DEG05,2008,242.12
A,P_MHAB,DEG05,2009,120.115
A,P_MHAB,DEG05,2010,203.885
A,P_MHAB,DEG05,2011,237.023
A,P_MHAB,DEG05,2012,139.453
A,P_MHAB,DEG06,2000,13.337
A,P_MHAB,DEG06,2001,45.746
A,P_MHAB,DEG06,2002,14.547
A,P_MHAB,DEG06,2003,35.556
A,P_MHAB,DEG06,2004,81.019
A,P_MHAB,DEG06,2005,39.064
A,P_MHAB,DEG06,2006,65.819
A,P_MHAB,DEG06,2007,72.555
A,P_MHAB,DEG06,2008,84.504
A,P_MHAB,DEG06,2009,49.281
A,P_MHAB,DEG06,2010,46.392
A,P_MHAB,DEG06,2011,32.511
A,P_MHAB,DEG06,2012,43.712
A,P_MHAB,DEG07,2000,33.315
A,P_MHAB,DEG07,2001,10.141
A,P_MHAB,DEG07,2002,39.003
A,P_MHAB,DEG07,2003,15.523
A,P_MHAB,DEG07,2004,22.694
A,P_MHAB,DEG07,2005,16.187
A,P_MHAB,DEG07,2006,32.047
A,P_MHAB,DEG07,2007,22.347
A,P_MHAB,DEG07,2008,92.74
A,P_MHAB,DEG07,2009,317.493
A,P_MHAB,DEG07,2010,260.079
A,P_MHAB,DEG07,2011,306.015
A,P_MHAB,DEG07,2012,70.634
A,P_MHAB,DEG09,2000,44.18
A,P_MHAB,DEG09,2001,29.288
A,P_MHAB,DEG09,2002,34.699
A,P_MHAB,DEG09,2003,49.01
A,P_MHAB,DEG09,2004,23.693
A,P_MHAB,DEG09,2005,14.509
A,P_MHAB,DEG09,2006,21.937
A,P_MHAB,DEG09,2007,22.909
A,P_MHAB,DEG09,2008,68.522
A,P_MHAB,DEG09,2009,85.096
A,P_MHAB,DEG09,2010,86.492
A,P_MHAB,DEG09,2011,5.333
A,P_MHAB,DEG09,2012,43.502
A,P_MHAB,DEG0A,2000,13.957
A,P_MHAB,DEG0A,2001,31.587
A,P_MHAB,DEG0A,2002,26.887
A,P_MHAB,DEG0A,2003,34.479
A,P_MHAB,DEG0A,2004,16.527
A,P_MHAB,DEG0A,2005,10.724
A,P_MHAB,DEG0A,2006,13.929
A,P_MHAB,DEG0A,2007,40.433
A,P_MHAB,DEG0A,2008,29.638
A,P_MHAB,DEG0A,2009,30.775
A,P_MHAB,DEG0A,2010,48.397
A,P_MHAB,DEG0A,2011,132.967
A,P_MHAB,DEG0A,2012,91.089
A,P_MHAB,DEG0B,2000,66.553
A,P_MHAB,DEG0B,2001,53.444
A,P_MHAB,DEG0B,2002,59.303
A,P_MHAB,DEG0B,2003,90.178
A,P_MHAB,DEG0B,2004,64.668
A,P_MHAB,DEG0B,2005,85.4
A,P_MHAB,DEG0B,2006,81.52
A,P_MHAB,DEG0B,2007,127.609
A,P_MHAB,DEG0B,2008,165.944
A,P_MHAB,DEG0B,2009,94.141
A,P_MHAB,DEG0B,2010,112.861
A,P_MHAB,DEG0B,2011,106.938
A,P_MHAB,DEG0B,2012,78.804
A,P_MHAB,DEG0C,2000,80.005
A,P_MHAB,DEG0C,2001,77.696
A,P_MHAB,DEG0C,2002,66.885
A,P_MHAB,DEG0C,2003,87.293
A,P_MHAB,DEG0C,2004,88.8
A,P_MHAB,DEG0C,2005,145.547
A,P_MHAB,DEG0C,2006,92.664
A,P_MHAB,DEG0C,2007,74.531
A,P_MHAB,DEG0C,2008,58.838
A,P_MHAB,DEG0C,2009,99.042
A,P_MHAB,DEG0C,2010,86.276
A,P_MHAB,DEG0C,2011,40.129
A,P_MHAB,DEG0C,2012,60.143
A,P_MHAB,DEG0D,2000,36.637
A,P_MHAB,DEG0D,2001,19.457
A,P_MHAB,DEG0D,2002,66.357
A,P_MHAB,DEG0D,2003,3.141
A,P_MHAB,DEG0D,2004,33.939
A,P_MHAB,DEG0D,2005,44.969
A,P_MHAB,DEG0D,2006,54.251
A,P_MHAB,DEG0D,2007,70.042
A,P_MHAB,DEG0D,2008,18.204
A,P_MHAB,DEG0D,2009,13.448
A,P_MHAB,DEG0D,2010,47.498
A,P_MHAB,DEG0D,2011,10.017
A,P_MHAB,DEG0D,2012,54.185
A,P_MHAB,DEG0E,2000,31.955
A,P_MHAB,DEG0E,2001,54.172
A,P_MHAB,DEG0E,2002,22.8
A,P_MHAB,DEG0E,2003,100.73
A,P_MHAB,DEG0E,2004,71.806
A,P_MHAB,DEG0E,2005,87.387
A,P_MHAB,DEG0E,2006,80.961
A,P_MHAB,DEG0E,2007,56.972
A,P_MHAB,DEG0E,2008,33.561
A,P_MHAB,DEG0E,2009,182.226
A,P_MHAB,DEG0E,2010,124.602
A,P_MHAB,DEG0E,2011,78.947
A,P_MHAB,DEG0E,2012,142.519
A,P_MHAB,DEG0F,2000,161.371
A,P_MHAB,DEG0F,2001,142.604
A,P_MHAB,DEG0F,2002,139.293
A,P_MHAB,DEG0F,2003,160.487
A,P_MHAB,DEG0F,2004,148.069
A,P_MHAB,DEG0F,2005,193.122
A,P_MHAB,DEG0F,2006,153.742
A,P_MHAB,DEG0F,2007,207.079
A,P_MHAB,DEG0F,2008,302.329
A,P_MHAB,DEG0F,2009,201.647
A,P_MHAB,DEG0F,2010,217.9
A,P_MHAB,DEG0F,2011,203.026
A,P_MHAB,DEG0F,2012,177.167
A,P_MHAB,DEG0G,2000,70.809
A,P_MHAB,DEG0G,2001,75.785
A,P_MHAB,DEG0G,2002,59.953
A,P_MHAB,DEG0G,2003,130.066
A,P_MHAB,DEG0G,2004,207.979
A,P_MHAB,DEG0G,2005,149.558
A,P_MHAB,DEG0G,2006,65.012
A,P_MHAB,DEG0G,2007,115.905
A,P_MHAB,DEG0G,2008,90.334
A,P_MHAB,DEG0G,2009,96.364
A,P_MHAB,DEG0G,2010,55.69
A,P_MHAB,DEG0G,2011,82.651
A,P_MHAB,DEG0G,2012,90.889
A,P_MHAB,DEG0H,2000,86.521
A,P_MHAB,DEG0H,2001,98.772
A,P_MHAB,DEG0H,2002,91.701
A,P_MHAB,DEG0H,2003,140.771
A,P_MHAB,DEG0H,2004,43.086
A,P_MHAB,DEG0H,2005,59.862
A,P_MHAB,DEG0H,2006,105.773
A,P_MHAB,DEG0H,2007,126.422
A,P_MHAB,DEG0H,2008,66.363
A,P_MHAB,DEG0H,2009,193.101
A,P_MHAB,DEG0H,2010,147.127
A,P_MHAB,DEG0H,2011,66.051
A,P_MHAB,DEG0H,2012,106.837
A,P_MHAB,DEG0I,2000,96.421
A,P_MHAB,DEG0I,2001,68.556
A,P_MHAB,DEG0I,2002,76.174
A,P_MHAB,DEG0I,2003,104.699
A,P_MHAB,DEG0I,2004,71.691
A,P_MHAB,DEG0I,2005,69.854
A,P_MHAB,DEG0I,2006,113.601
A,P_MHAB,DEG0I,2007,105.978
A,P_MHAB,DEG0I,2008,55.783
A,P_MHAB,DEG0I,2009,93.309
A,P_MHAB,DEG0I,2010,90.108
A,P_MHAB,DEG0I,2011,98.701
A,P_MHAB,DEG0I,2012,88.056
A,P_MHAB,DEG0J,2000,148.486
A,P_MHAB,DEG0J,2001,178.433
A,P_MHAB,DEG0J,2002,203.096
A,P_MHAB,DEG0J,2003,211.146
A,P_MHAB,DEG0J,2004,120.246
A,P_MHAB,DEG0J,2005,207.281
A,P_MHAB,DEG0J,2006,252.091
A,P_MHAB,DEG0J,2007,273.303
A,P_MHAB,DEG0J,2008,222.522
A,P_MHAB,DEG0J,2009,188.211
A,P_MHAB,DEG0J,2010,181.579
A,P_MHAB,DEG0J,2011,201.246
A,P_MHAB,DEG0J,2012,236.029
A,P_MHAB,DEG0K,2000,10.035
A,P_MHAB,DEG0K,2001,41.281
A,P_MHAB,DEG0K,2002,32.695
A,P_MHAB,DEG0K,2003,22.048
A,P_MHAB,DEG0K,2004,30.091
A,P_MHAB,DEG0K,2005,20.846
A,P_MHAB,DEG0K,2006,90.479
A,P_MHAB,DEG0K,2007,43.434
A,P_MHAB,DEG0K,2008,45.87
A,P_MHAB,DEG0K,2009,35.291
A,P_MHAB,DEG0K,2010,52.69
A,P_MHAB,DEG0K,2011,67.427
A,P_MHAB,DEG0K,2012,21.172
A,P_MHAB,DEG0L,2000,12.624
A,P_MHAB,DEG0L,2001,40.85
A,P_MHAB,DEG0L,2002,38.788
A,P_MHAB,DEG0L,2003,33.27
A,P_MHAB,DEG0L,2004,26.862
A,P_MHAB,DEG0L,2005,21.77
A,P_MHAB,DEG0L,2006,43.243
A,P_MHAB,DEG0L,2007,24.916
A,P_MHAB,DEG0L,2008,119.629
A,P_MHAB,DEG0L,2009,54.087
A,P_MHAB,DEG0L,2010,114.217
A,P_MHAB,DEG0L,2011,33.285
A,P_MHAB,DEG0L,2012,74.716
A,P_MHAB,DEG0M,2000,6.483
A,P_MHAB,DEG0M,2001,18.301
A,P_MHAB,DEG0M,2002,1.512
A,P_MHAB,DEG0M,2003,9.018
A,P_MHAB,DEG0M,2004,32.021
A,P_MHAB,DEG0M,2005,20.854
A,P_MHAB,DEG0M,2006,28.957
A,P_MHAB,DEG0M,2007,26.069
A,P_MHAB,DEG0M,2008,92.631
A,P_MHAB,DEG0M,2009,27.826
A,P_MHAB,DEG0M,2010,58.075
A,P_MHAB,DEG0M,2011,40.785
A,P_MHAB,DEG0M,2012,83.947
A,P_MHAB,DEG0N,2000,84.272
A,P_MHAB,DEG0N,2001,135.007
A,P_MHAB,DEG0N,2002,176.529
A,P_MHAB,DEG0N,2003,40.401
A,P_MHAB,DEG0N,2004,65.788
A,P_MHAB,DEG0N,2005,82.204
A,P_MHAB,DEG0N,2006,24.699
A,P_MHAB,DEG0N,2007,67.162
A,P_MHAB,DEG0N,2008,208.968
A,P_MHAB,DEG0N,2009,136.814
A,P_MHAB,DEG0N,2010,95.456
A,P_MHAB,DEG0N,2011,74.152
A,P_MHAB,DEG0N,2012,260.191
A,P_MHAB,DEG0P,2000,40.422
A,P_MHAB,DEG0P,2001,46.863
A,P_MHAB,DEG0P,2002,24.574
A,P_MHAB,DEG0P,2003,46.145
A,P_MHAB,DEG0P,2004,40.78
A,P_MHAB,DEG0P,2005,76.607
A,P_MHAB,DEG0P,2006,61.083
A,P_MHAB,DEG0P,2007,47.923
A,P_MHAB,DEG0P,2008,109.138
A,P_MHAB,DEG0P,2009,46.834
A,P_MHAB,DEG0P,2010,52.268
A,P_MHAB,DEG0P,2011,53.692
A,P_MHAB,DEG0P,2012,50.817
A,P_MHAB,DK01,2007,386.895
A,P_MHAB,DK01,2008,374.949
A,P_MHAB,DK01,2009,318.568
A,P_MHAB,DK01,2010,336.684
A,P_MHAB,DK01,2011,359.118
A,P_MHAB,DK01,2012,241.166
A,P_MHAB,DK011,2007,261.031
A,P_MHAB,DK011,2008,264.841
A,P_MHAB,DK011,2009,199.992
A,P_MHAB,DK011,2010,216.314
A,P_MHAB,DK011,2011,222.796
A,P_MHAB,DK011,2012,161.751
A,P_MHAB,DK012,2007,407.781
A,P_MHAB,DK012,2008,415.853
A,P_MHAB,DK012,2009,363.491
A,P_MHAB,DK012,2010,373.324
A,P_MHAB,DK012,2011,376.816
A,P_MHAB,DK012,2012,253.31
A,P_MHAB,DK013,2007,579.899
A,P_MHAB,DK013,2008,526.017
A,P_MHAB,DK013,2009,473.622
A,P_MHAB,DK013,2010,505.027
A,P_MHAB,DK013,2011,578.702
A,P_MHAB,DK013,2012,367.351
A,P_MHAB,DK014,2007,61.899
A,P_MHAB,DK014,2008,23.303
A,P_MHAB,DK014,2009,23.442
A,P_MHAB,DK014,2010,47.332
A,P_MHAB,DK014,2011,47.737
A,P_MHAB,DK014,2012,72.453
A,P_MHAB,DK02,2007,137.051
A,P_MHAB,DK02,2008,132.873
A,P_MHAB,DK02,2009,116.663
A,P_MHAB,DK02,2010,113.849
A,P_MHAB,DK02,2011,124.548
A,P_MHAB,DK02,2012,77.698
A,P_MHAB,DK021,2007,293.023
A,P_MHAB,DK021,2008,237.934
A,P_MHAB,DK021,2009,203.035
A,P_MHAB,DK021,2010,226.453
A,P_MHAB,DK021,2011,232.635
A,P_MHAB,DK021,2012,165.8
A,P_MHAB,DK022,2007,75.028
A,P_MHAB,DK022,2008,91.266
A,P_MHAB,DK022,2009,82.345
A,P_MHAB,DK022,2010,68.773
A,P_MHAB,DK022,2011,80.976
A,P_MHAB,DK022,2012,41.876
A,P_MHAB,DK03,2007,130.045
A,P_MHAB,DK03,2008,173.765
A,P_MHAB,DK03,2009,172.189
A,P_MHAB,DK03,2010,172.427
A,P_MHAB,DK03,2011,184.341
A,P_MHAB,DK03,2012,133.834
A,P_MHAB,DK031,2007,96.168
A,P_MHAB,DK031,2008,160.133
A,P_MHAB,DK031,2009,146.858
A,P_MHAB,DK031,2010,174.936
A,P_MHAB,DK031,2011,130.05
A,P_MHAB,DK031,2012,74.548
A,P_MHAB,DK032,2007,153.003
A,P_MHAB,DK032,2008,182.998
A,P_MHAB,DK032,2009,189.342
A,P_MHAB,DK032,2010,170.726
A,P_MHAB,DK032,2011,221.13
A,P_MHAB,DK032,2012,173.999
A,P_MHAB,DK04,2007,255.323
A,P_MHAB,DK04,2008,226.274
A,P_MHAB,DK04,2009,227.517
A,P_MHAB,DK04,2010,254.083
A,P_MHAB,DK04,2011,334.942
A,P_MHAB,DK04,2012,253.907
A,P_MHAB,DK041,2007,255.709
A,P_MHAB,DK041,2008,236.773
A,P_MHAB,DK041,2009,201.44
A,P_MHAB,DK041,2010,283.229
A,P_MHAB,DK041,2011,388.774
A,P_MHAB,DK041,2012,303.814
A,P_MHAB,DK042,2007,255.107
A,P_MHAB,DK042,2008,220.785
A,P_MHAB,DK042,2009,241.092
A,P_MHAB,DK042,2010,239.031
A,P_MHAB,DK042,2011,307.38
A,P_MHAB,DK042,2012,228.531
A,P_MHAB,DK05,2007,126.54
A,P_MHAB,DK05,2008,121.191
A,P_MHAB,DK05,2009,116.707
A,P_MHAB,DK05,2010,138.882
A,P_MHAB,DK05,2011,154.339
A,P_MHAB,DK05,2012,101.311
A,P_MHAB,DK050,2007,126.54
A,P_MHAB,DK050,2008,121.191
A,P_MHAB,DK050,2009,116.707
A,P_MHAB,DK050,2010,138.882
A,P_MHAB,DK050,2011,154.339
A,P_MHAB,DK050,2012,101.311
A,P_MHAB,EE00,2000,3.269
A,P_MHAB,EE00,2001,6.34
A,P_MHAB,EE00,2002,4.12
A,P_MHAB,EE00,2003,7.563
A,P_MHAB,EE00,2004,6.236
A,P_MHAB,EE00,2005,4.688
A,P_MHAB,EE00,2006,15.71
A,P_MHAB,EE00,2007,21.014
A,P_MHAB,EE00,2008,26.247
A,P_MHAB,EE00,2009,32.806
A,P_MHAB,EE00,2010,28.261
A,P_MHAB,EE00,2011,19.479
A,P_MHAB,EE00,2012,13.153
A,P_MHAB,EE001,2000,8.239
A,P_MHAB,EE001,2001,9.687
A,P_MHAB,EE001,2002,10.511
A,P_MHAB,EE001,2003,13.244
A,P_MHAB,EE001,2004,11.773
A,P_MHAB,EE001,2005,9.469
A,P_MHAB,EE001,2006,23.098
A,P_MHAB,EE001,2007,33.537
A,P_MHAB,EE001,2008,53.848
A,P_MHAB,EE001,2009,56.552
A,P_MHAB,EE001,2010,42.882
A,P_MHAB,EE001,2011,30.948
A,P_MHAB,EE001,2012,23.609
A,P_MHAB,EE004,2009,4.338
A,P_MHAB,EE004,2010,0.522
A,P_MHAB,EE004,2011,6.608
A,P_MHAB,EE004,2012,8.892
A,P_MHAB,EE006,2008,4.307
A,P_MHAB,EE006,2010,3.415
A,P_MHAB,EE006,2011,1.31
A,P_MHAB,EE006,2012,7.821
A,P_MHAB,EE007,2008,1.533
A,P_MHAB,EE007,2009,6.217
A,P_MHAB,EE007,2010,5.038
A,P_MHAB,EE008,2000,0.466
A,P_MHAB,EE008,2001,10.109
A,P_MHAB,EE008,2002,0.277
A,P_MHAB,EE008,2003,9.301
A,P_MHAB,EE008,2004,6.232
A,P_MHAB,EE008,2005,3.588
A,P_MHAB,EE008,2006,25.301
A,P_MHAB,EE008,2007,29.29
A,P_MHAB,EE008,2008,14.231
A,P_MHAB,EE008,2009,32.647
A,P_MHAB,EE008,2010,37.498
A,P_MHAB,EE008,2011,22.198
A,P_MHAB,EE008,2012,5.224
A,P_MHAB,EL11,1990,1.203
A,P_MHAB,EL11,1991,1.746
A,P_MHAB,EL11,1993,1.742
A,P_MHAB,EL11,1998,1.72
A,P_MHAB,EL11,2001,0.428
A,P_MHAB,EL11,2005,0.419
A,P_MHAB,EL11,2007,4.146
A,P_MHAB,EL11,2008,2.478
A,P_MHAB,EL11,2009,1.643
A,P_MHAB,EL11,2012,3.48
A,P_MHAB,EL111,2008,10.196
A,P_MHAB,EL111,2009,6.764
A,P_MHAB,EL112,1991,10.855
A,P_MHAB,EL112,1998,9.955
A,P_MHAB,EL113,2007,9.075
A,P_MHAB,EL114,2001,2.61
A,P_MHAB,EL114,2007,5.13
A,P_MHAB,EL114,2012,19.986
A,P_MHAB,EL115,1993,7.444
A,P_MHAB,EL115,2005,1.796
A,P_MHAB,EL115,2007,7.164
A,P_MHAB,EL115,2012,1.22
A,P_MHAB,EL12,1990,3.563
A,P_MHAB,EL12,1991,1.165
A,P_MHAB,EL12,1992,2.319
A,P_MHAB,EL12,1993,1.726
A,P_MHAB,EL12,1994,1.712
A,P_MHAB,EL12,1995,2.836
A,P_MHAB,EL12,1996,3.38
A,P_MHAB,EL12,1997,5.315
A,P_MHAB,EL12,1998,5.818
A,P_MHAB,EL12,1999,3.801
A,P_MHAB,EL12,2000,6.262
A,P_MHAB,EL12,2001,6.281
A,P_MHAB,EL12,2002,6.739
A,P_MHAB,EL12,2003,8.414
A,P_MHAB,EL12,2004,5.434
A,P_MHAB,EL12,2005,9.747
A,P_MHAB,EL12,2006,12.115
A,P_MHAB,EL12,2007,7.945
A,P_MHAB,EL12,2008,6.401
A,P_MHAB,EL12,2009,8.715
A,P_MHAB,EL12,2010,8.299
A,P_MHAB,EL12,2011,10.029
A,P_MHAB,EL12,2012,3.896
A,P_MHAB,EL121,1997,7.252
A,P_MHAB,EL121,1998,7.236
A,P_MHAB,EL121,2000,3.845
A,P_MHAB,EL121,2001,7.248
A,P_MHAB,EL121,2002,7.259
A,P_MHAB,EL121,2003,14.462
A,P_MHAB,EL121,2004,7.207
A,P_MHAB,EL121,2005,7.181
A,P_MHAB,EL121,2007,21.334
A,P_MHAB,EL121,2009,1.76
A,P_MHAB,EL121,2010,7.001
A,P_MHAB,EL121,2011,6.979
A,P_MHAB,EL122,1991,2.052
A,P_MHAB,EL122,1992,4.085
A,P_MHAB,EL122,1993,3.032
A,P_MHAB,EL122,1994,2.996
A,P_MHAB,EL122,1995,3.957
A,P_MHAB,EL122,1996,5.383
A,P_MHAB,EL122,1997,8.229
A,P_MHAB,EL122,1998,8.119
A,P_MHAB,EL122,1999,6.527
A,P_MHAB,EL122,2000,9.282
A,P_MHAB,EL122,2001,8.847
A,P_MHAB,EL122,2002,9.638
A,P_MHAB,EL122,2003,11.563
A,P_MHAB,EL122,2004,7.548
A,P_MHAB,EL122,2005,14.851
A,P_MHAB,EL122,2006,20.467
A,P_MHAB,EL122,2007,10.454
A,P_MHAB,EL122,2008,9.035
A,P_MHAB,EL122,2009,14.199
A,P_MHAB,EL122,2010,11.078
A,P_MHAB,EL122,2011,15.628
A,P_MHAB,EL122,2012,5.708
A,P_MHAB,EL123,1995,12.857
A,P_MHAB,EL123,2002,12.498
A,P_MHAB,EL123,2008,12.353
A,P_MHAB,EL123,2010,12.294
A,P_MHAB,EL124,2005,3.546
A,P_MHAB,EL124,2010,2.318
A,P_MHAB,EL125,1996,4.289
A,P_MHAB,EL125,2001,8.472
A,P_MHAB,EL125,2010,7.83
A,P_MHAB,EL125,2012,7.703
A,P_MHAB,EL126,2000,5.404
A,P_MHAB,EL126,2003,5.466
A,P_MHAB,EL126,2004,1.808
A,P_MHAB,EL126,2005,1.812
A,P_MHAB,EL126,2007,1.817
A,P_MHAB,EL126,2008,5.514
A,P_MHAB,EL126,2009,1.82
A,P_MHAB,EL127,1998,10.247
A,P_MHAB,EL127,2004,4.78
A,P_MHAB,EL127,2011,4.578
A,P_MHAB,EL13,1991,1.135
A,P_MHAB,EL13,1994,0.685
A,P_MHAB,EL13,1995,3.432
A,P_MHAB,EL13,1996,0.859
A,P_MHAB,EL13,2005,6.953
A,P_MHAB,EL13,2009,3.488
A,P_MHAB,EL13,2010,6.982
A,P_MHAB,EL13,2011,4.652
A,P_MHAB,EL132,1996,4.72
A,P_MHAB,EL133,1991,2.182
A,P_MHAB,EL133,1994,1.3
A,P_MHAB,EL133,2005,12.966
A,P_MHAB,EL133,2009,6.551
A,P_MHAB,EL133,2010,13.147
A,P_MHAB,EL133,2011,6.597
A,P_MHAB,EL134,1995,19.406
A,P_MHAB,EL134,2011,6.358
A,P_MHAB,EL14,1990,1.372
A,P_MHAB,EL14,1998,0.905
A,P_MHAB,EL14,1999,1.35
A,P_MHAB,EL14,2000,0.676
A,P_MHAB,EL14,2002,5.367
A,P_MHAB,EL14,2003,0.336
A,P_MHAB,EL14,2004,5.387
A,P_MHAB,EL14,2005,6.567
A,P_MHAB,EL14,2006,2.966
A,P_MHAB,EL14,2007,9.244
A,P_MHAB,EL14,2008,2.016
A,P_MHAB,EL14,2009,1.341
A,P_MHAB,EL14,2010,1.606
A,P_MHAB,EL14,2012,2.105
A,P_MHAB,EL141,2002,5.529
A,P_MHAB,EL141,2007,8.522
A,P_MHAB,EL142,1998,2.366
A,P_MHAB,EL142,1999,3.517
A,P_MHAB,EL142,2000,1.754
A,P_MHAB,EL142,2002,11.595
A,P_MHAB,EL142,2003,0.871
A,P_MHAB,EL142,2005,9.983
A,P_MHAB,EL142,2006,7.639
A,P_MHAB,EL142,2007,15.136
A,P_MHAB,EL142,2008,1.729
A,P_MHAB,EL142,2009,3.452
A,P_MHAB,EL142,2010,4.134
A,P_MHAB,EL142,2012,3.554
A,P_MHAB,EL143,2004,19.706
A,P_MHAB,EL143,2005,4.923
A,P_MHAB,EL143,2007,7.335
A,P_MHAB,EL143,2008,4.877
A,P_MHAB,EL143,2012,1.589
A,P_MHAB,EL144,2005,7.55
A,P_MHAB,EL144,2012,1.498
A,P_MHAB,EL21,1994,1.504
A,P_MHAB,EL21,1998,2.474
A,P_MHAB,EL21,1999,1.335
A,P_MHAB,EL21,2001,0.971
A,P_MHAB,EL21,2002,0.993
A,P_MHAB,EL21,2003,6.81
A,P_MHAB,EL21,2005,2.044
A,P_MHAB,EL21,2006,4.083
A,P_MHAB,EL21,2008,6.388
A,P_MHAB,EL21,2009,2.897
A,P_MHAB,EL21,2011,1.443
A,P_MHAB,EL21,2012,1.447
A,P_MHAB,EL211,2006,13.848
A,P_MHAB,EL212,2003,23.575
A,P_MHAB,EL212,2008,22.968
A,P_MHAB,EL213,1998,5.133
A,P_MHAB,EL213,1999,2.755
A,P_MHAB,EL213,2001,1.982
A,P_MHAB,EL213,2002,2.033
A,P_MHAB,EL213,2003,7.925
A,P_MHAB,EL213,2005,4.139
A,P_MHAB,EL213,2006,2.354
A,P_MHAB,EL213,2008,5.841
A,P_MHAB,EL213,2009,5.823
A,P_MHAB,EL213,2011,2.896
A,P_MHAB,EL213,2012,2.902
A,P_MHAB,EL214,1994,8.85
A,P_MHAB,EL214,2008,3.442
A,P_MHAB,EL22,2004,4.834
A,P_MHAB,EL22,2007,4.827
A,P_MHAB,EL222,2004,9.453
A,P_MHAB,EL222,2007,9.509
A,P_MHAB,EL23,1990,1.433
A,P_MHAB,EL23,1991,2.26
A,P_MHAB,EL23,1992,1.421
A,P_MHAB,EL23,1993,1.884
A,P_MHAB,EL23,1994,4.861
A,P_MHAB,EL23,1995,1.765
A,P_MHAB,EL23,1997,1.468
A,P_MHAB,EL23,1998,3.525
A,P_MHAB,EL23,1999,3.713
A,P_MHAB,EL23,2000,5.769
A,P_MHAB,EL23,2001,3.284
A,P_MHAB,EL23,2002,4.714
A,P_MHAB,EL23,2003,6.898
A,P_MHAB,EL23,2004,2.142
A,P_MHAB,EL23,2005,5.731
A,P_MHAB,EL23,2006,8.563
A,P_MHAB,EL23,2007,14.16
A,P_MHAB,EL23,2008,1.687
A,P_MHAB,EL23,2009,5.339
A,P_MHAB,EL23,2010,3.756
A,P_MHAB,EL23,2011,6.947
A,P_MHAB,EL23,2012,9.449
A,P_MHAB,EL231,1999,4.489
A,P_MHAB,EL231,2003,2.109
A,P_MHAB,EL231,2007,4.637
A,P_MHAB,EL231,2009,2.093
A,P_MHAB,EL232,1991,5.305
A,P_MHAB,EL232,1993,4.356
A,P_MHAB,EL232,1994,11.168
A,P_MHAB,EL232,1995,4.033
A,P_MHAB,EL232,1997,3.318
A,P_MHAB,EL232,1998,7.911
A,P_MHAB,EL232,1999,4.195
A,P_MHAB,EL232,2000,12.805
A,P_MHAB,EL232,2001,7.256
A,P_MHAB,EL232,2002,10.4
A,P_MHAB,EL232,2003,13.754
A,P_MHAB,EL232,2004,4.711
A,P_MHAB,EL232,2005,12.581
A,P_MHAB,EL232,2006,17.979
A,P_MHAB,EL232,2007,27.883
A,P_MHAB,EL232,2008,3.698
A,P_MHAB,EL232,2009,10.281
A,P_MHAB,EL232,2010,8.232
A,P_MHAB,EL232,2011,15.23
A,P_MHAB,EL232,2012,20.705
A,P_MHAB,EL233,1992,5.724
A,P_MHAB,EL233,1999,1.721
A,P_MHAB,EL233,2006,1.537
A,P_MHAB,EL24,1995,0.362
A,P_MHAB,EL24,1998,1.812
A,P_MHAB,EL24,2001,5.986
A,P_MHAB,EL24,2002,4.442
A,P_MHAB,EL24,2003,0.089
A,P_MHAB,EL24,2004,2.694
A,P_MHAB,EL24,2005,3.908
A,P_MHAB,EL24,2007,1.801
A,P_MHAB,EL24,2008,1.044
A,P_MHAB,EL24,2009,6.585
A,P_MHAB,EL24,2010,3.931
A,P_MHAB,EL24,2011,1.976
A,P_MHAB,EL24,2012,2.671
A,P_MHAB,EL241,2002,16.787
A,P_MHAB,EL241,2005,12.724
A,P_MHAB,EL241,2007,8.454
A,P_MHAB,EL241,2009,8.39
A,P_MHAB,EL241,2010,8.347
A,P_MHAB,EL242,2001,6.116
A,P_MHAB,EL242,2002,2.291
A,P_MHAB,EL242,2003,0.23
A,P_MHAB,EL242,2004,6.936
A,P_MHAB,EL242,2005,3.107
A,P_MHAB,EL242,2008,1.532
A,P_MHAB,EL242,2009,6.16
A,P_MHAB,EL242,2010,0.923
A,P_MHAB,EL242,2011,4.607
A,P_MHAB,EL242,2012,2.308
A,P_MHAB,EL243,1998,49.898
A,P_MHAB,EL244,2001,12.447
A,P_MHAB,EL244,2008,1.549
A,P_MHAB,EL244,2009,2.043
A,P_MHAB,EL244,2011,0.677
A,P_MHAB,EL244,2012,6.153
A,P_MHAB,EL245,1995,5.247
A,P_MHAB,EL245,2009,24.914
A,P_MHAB,EL245,2010,24.645
A,P_MHAB,EL25,1991,0.571
A,P_MHAB,EL25,1995,0.566
A,P_MHAB,EL25,1996,1.717
A,P_MHAB,EL25,1999,2.566
A,P_MHAB,EL25,2000,2.049
A,P_MHAB,EL25,2001,3.537
A,P_MHAB,EL25,2002,0.42
A,P_MHAB,EL25,2003,5.077
A,P_MHAB,EL25,2005,3.412
A,P_MHAB,EL25,2006,3.845
A,P_MHAB,EL25,2007,4.338
A,P_MHAB,EL25,2008,7.39
A,P_MHAB,EL25,2010,1.699
A,P_MHAB,EL25,2011,1.696
A,P_MHAB,EL25,2012,1.698
A,P_MHAB,EL251,1995,3.44
A,P_MHAB,EL251,1996,5.213
A,P_MHAB,EL251,1999,10.458
A,P_MHAB,EL251,2000,2.098
A,P_MHAB,EL251,2003,20.254
A,P_MHAB,EL251,2005,10.153
A,P_MHAB,EL251,2007,12.178
A,P_MHAB,EL251,2008,20.274
A,P_MHAB,EL252,2005,10.987
A,P_MHAB,EL252,2006,2.766
A,P_MHAB,EL252,2008,11.155
A,P_MHAB,EL252,2010,11.235
A,P_MHAB,EL253,1996,3.628
A,P_MHAB,EL253,2001,5.218
A,P_MHAB,EL253,2002,1.703
A,P_MHAB,EL253,2003,6.852
A,P_MHAB,EL253,2006,6.9
A,P_MHAB,EL253,2012,6.732
A,P_MHAB,EL254,2000,10.946
A,P_MHAB,EL254,2001,10.967
A,P_MHAB,EL254,2006,11.25
A,P_MHAB,EL254,2007,11.214
A,P_MHAB,EL254,2008,11.176
A,P_MHAB,EL255,1991,2.038
A,P_MHAB,EL255,1999,3.022
A,P_MHAB,EL255,2001,1.991
A,P_MHAB,EL255,2007,2.094
A,P_MHAB,EL255,2008,2.032
A,P_MHAB,EL255,2011,6.137
A,P_MHAB,EL30,1990,3.821
A,P_MHAB,EL30,1991,4.589
A,P_MHAB,EL30,1992,7.161
A,P_MHAB,EL30,1993,2.297
A,P_MHAB,EL30,1994,6.007
A,P_MHAB,EL30,1995,4.574
A,P_MHAB,EL30,1996,7.212
A,P_MHAB,EL30,1997,9.257
A,P_MHAB,EL30,1998,10.599
A,P_MHAB,EL30,1999,9.587
A,P_MHAB,EL30,2000,8.451
A,P_MHAB,EL30,2001,10.85
A,P_MHAB,EL30,2002,11.792
A,P_MHAB,EL30,2003,13.34
A,P_MHAB,EL30,2004,10.957
A,P_MHAB,EL30,2005,16.905
A,P_MHAB,EL30,2006,14.937
A,P_MHAB,EL30,2007,15.098
A,P_MHAB,EL30,2008,13.714
A,P_MHAB,EL30,2009,12.934
A,P_MHAB,EL30,2010,9.426
A,P_MHAB,EL30,2011,11.152
A,P_MHAB,EL30,2012,12.798
A,P_MHAB,EL300,1991,4.589
A,P_MHAB,EL300,1992,7.161
A,P_MHAB,EL300,1993,2.297
A,P_MHAB,EL300,1994,6.007
A,P_MHAB,EL300,1995,4.574
A,P_MHAB,EL300,1996,7.212
A,P_MHAB,EL300,1997,9.257
A,P_MHAB,EL300,1998,10.599
A,P_MHAB,EL300,1999,9.587
A,P_MHAB,EL300,2000,8.451
A,P_MHAB,EL300,2001,10.85
A,P_MHAB,EL300,2002,11.792
A,P_MHAB,EL300,2003,13.34
A,P_MHAB,EL300,2004,10.957
A,P_MHAB,EL300,2005,16.905
A,P_MHAB,EL300,2006,14.937
A,P_MHAB,EL300,2007,15.098
A,P_MHAB,EL300,2008,13.714
A,P_MHAB,EL300,2009,12.934
A,P_MHAB,EL300,2010,9.426
A,P_MHAB,EL300,2011,11.152
A,P_MHAB,EL300,2012,12.798
A,P_MHAB,EL41,2002,5.016
A,P_MHAB,EL412,2002,23.632
A,P_MHAB,EL42,1997,3.422
A,P_MHAB,EL42,2000,6.537
A,P_MHAB,EL42,2001,3.213
A,P_MHAB,EL42,2004,1.568
A,P_MHAB,EL42,2005,3.108
A,P_MHAB,EL42,2006,6.159
A,P_MHAB,EL42,2007,0.244
A,P_MHAB,EL42,2008,15.173
A,P_MHAB,EL42,2009,5.033
A,P_MHAB,EL42,2011,8.982
A,P_MHAB,EL421,1997,5.453
A,P_MHAB,EL421,2000,10.463
A,P_MHAB,EL421,2004,2.526
A,P_MHAB,EL421,2007,0.391
A,P_MHAB,EL421,2008,4.863
A,P_MHAB,EL421,2009,3.242
A,P_MHAB,EL422,2001,8.47
A,P_MHAB,EL422,2005,8.24
A,P_MHAB,EL422,2006,16.4
A,P_MHAB,EL422,2008,32.289
A,P_MHAB,EL422,2009,7.989
A,P_MHAB,EL422,2011,23.569
A,P_MHAB,EL43,1990,4.372
A,P_MHAB,EL43,1991,1.393
A,P_MHAB,EL43,1992,8.55
A,P_MHAB,EL43,1993,3.339
A,P_MHAB,EL43,1994,1.811
A,P_MHAB,EL43,1995,3.56
A,P_MHAB,EL43,1996,3.48
A,P_MHAB,EL43,1997,7.088
A,P_MHAB,EL43,1998,3.217
A,P_MHAB,EL43,1999,3.493
A,P_MHAB,EL43,2000,7.679
A,P_MHAB,EL43,2001,12.214
A,P_MHAB,EL43,2002,9.884
A,P_MHAB,EL43,2003,8.986
A,P_MHAB,EL43,2004,6.707
A,P_MHAB,EL43,2005,11.541
A,P_MHAB,EL43,2006,13.809
A,P_MHAB,EL43,2007,5.567
A,P_MHAB,EL43,2008,11.906
A,P_MHAB,EL43,2009,12.405
A,P_MHAB,EL43,2010,2.937
A,P_MHAB,EL43,2011,11.959
A,P_MHAB,EL43,2012,11.281
A,P_MHAB,EL431,1991,2.815
A,P_MHAB,EL431,1992,17.277
A,P_MHAB,EL431,1993,6.746
A,P_MHAB,EL431,1994,3.662
A,P_MHAB,EL431,1995,4.362
A,P_MHAB,EL431,1996,6.321
A,P_MHAB,EL431,1997,14.36
A,P_MHAB,EL431,1998,6.519
A,P_MHAB,EL431,1999,7.078
A,P_MHAB,EL431,2000,12.037
A,P_MHAB,EL431,2001,19.508
A,P_MHAB,EL431,2002,20.007
A,P_MHAB,EL431,2003,4.547
A,P_MHAB,EL431,2004,10.213
A,P_MHAB,EL431,2005,13.305
A,P_MHAB,EL431,2006,16.886
A,P_MHAB,EL431,2007,7.321
A,P_MHAB,EL431,2008,17.603
A,P_MHAB,EL431,2009,16.475
A,P_MHAB,EL431,2010,5.33
A,P_MHAB,EL431,2011,17.874
A,P_MHAB,EL431,2012,18.115
A,P_MHAB,EL432,2006,4.402
A,P_MHAB,EL433,1995,3.49
A,P_MHAB,EL433,2001,13.058
A,P_MHAB,EL433,2003,50.387
A,P_MHAB,EL433,2004,12.48
A,P_MHAB,EL433,2006,6.114
A,P_MHAB,EL433,2008,23.962
A,P_MHAB,EL433,2009,31.595
A,P_MHAB,EL433,2010,2.341
A,P_MHAB,EL433,2011,11.59
A,P_MHAB,EL433,2012,11.536
A,P_MHAB,EL434,1995,3.852
A,P_MHAB,EL434,1996,1.439
A,P_MHAB,EL434,2000,6.972
A,P_MHAB,EL434,2001,3.458
A,P_MHAB,EL434,2005,20.11
A,P_MHAB,EL434,2006,16.594
A,P_MHAB,EL434,2007,7.895
A,P_MHAB,EL434,2011,6.357
A,P_MHAB,EL434,2012,3.167
A,P_MHAB,ES11,2000,2.298
A,P_MHAB,ES11,2001,5.053
A,P_MHAB,ES11,2002,7.438
A,P_MHAB,ES11,2003,7.837
A,P_MHAB,ES11,2004,9.6
A,P_MHAB,ES11,2005,11.582
A,P_MHAB,ES11,2006,12.567
A,P_MHAB,ES11,2007,10.642
A,P_MHAB,ES11,2008,12.749
A,P_MHAB,ES11,2009,15.866
A,P_MHAB,ES11,2010,13.255
A,P_MHAB,ES11,2011,16.081
A,P_MHAB,ES11,2012,10.844
A,P_MHAB,ES111,2002,6.542
A,P_MHAB,ES111,2003,11.962
A,P_MHAB,ES111,2004,10.989
A,P_MHAB,ES111,2005,14.865
A,P_MHAB,ES111,2006,15.286
A,P_MHAB,ES111,2007,9.738
A,P_MHAB,ES111,2008,18.855
A,P_MHAB,ES111,2009,20.814
A,P_MHAB,ES111,2010,24.128
A,P_MHAB,ES111,2011,24.77
A,P_MHAB,ES111,2012,11.733
A,P_MHAB,ES112,2002,2.323
A,P_MHAB,ES112,2003,1.884
A,P_MHAB,ES112,2006,7.685
A,P_MHAB,ES112,2007,2.839
A,P_MHAB,ES112,2008,4.254
A,P_MHAB,ES112,2009,3.548
A,P_MHAB,ES112,2011,4.005
A,P_MHAB,ES112,2012,3.826
A,P_MHAB,ES113,2004,0.595
A,P_MHAB,ES113,2005,6.387
A,P_MHAB,ES113,2007,2.998
A,P_MHAB,ES113,2010,9.558
A,P_MHAB,ES113,2011,3.03
A,P_MHAB,ES114,2002,13.322
A,P_MHAB,ES114,2003,8.088
A,P_MHAB,ES114,2004,14.937
A,P_MHAB,ES114,2005,13.954
A,P_MHAB,ES114,2006,15.691
A,P_MHAB,ES114,2007,17.399
A,P_MHAB,ES114,2008,13.107
A,P_MHAB,ES114,2009,20.08
A,P_MHAB,ES114,2010,6.441
A,P_MHAB,ES114,2011,14.636
A,P_MHAB,ES114,2012,16.054
A,P_MHAB,ES12,2000,7.835
A,P_MHAB,ES12,2001,11.851
A,P_MHAB,ES12,2002,6.116
A,P_MHAB,ES12,2003,6.25
A,P_MHAB,ES12,2004,14.429
A,P_MHAB,ES12,2005,16.749
A,P_MHAB,ES12,2006,14.415
A,P_MHAB,ES12,2007,17.385
A,P_MHAB,ES12,2008,25.806
A,P_MHAB,ES12,2009,21.788
A,P_MHAB,ES12,2010,13.833
A,P_MHAB,ES12,2011,16.154
A,P_MHAB,ES12,2012,9.178
A,P_MHAB,ES120,2000,7.835
A,P_MHAB,ES120,2001,11.851
A,P_MHAB,ES120,2002,6.116
A,P_MHAB,ES120,2003,6.25
A,P_MHAB,ES120,2004,14.429
A,P_MHAB,ES120,2005,16.749
A,P_MHAB,ES120,2006,14.415
A,P_MHAB,ES120,2007,17.385
A,P_MHAB,ES120,2008,25.806
A,P_MHAB,ES120,2009,21.788
A,P_MHAB,ES120,2010,13.833
A,P_MHAB,ES120,2011,16.154
A,P_MHAB,ES120,2012,9.178
A,P_MHAB,ES13,2000,1.318
A,P_MHAB,ES13,2001,8.762
A,P_MHAB,ES13,2002,1.249
A,P_MHAB,ES13,2003,9.453
A,P_MHAB,ES13,2004,8.887
A,P_MHAB,ES13,2005,15.017
A,P_MHAB,ES13,2006,19.909
A,P_MHAB,ES13,2007,8.817
A,P_MHAB,ES13,2008,19.35
A,P_MHAB,ES13,2009,29.504
A,P_MHAB,ES13,2010,26.508
A,P_MHAB,ES13,2011,20.191
A,P_MHAB,ES13,2012,16.881
A,P_MHAB,ES130,2000,1.318
A,P_MHAB,ES130,2001,8.762
A,P_MHAB,ES130,2002,1.249
A,P_MHAB,ES130,2003,9.453
A,P_MHAB,ES130,2004,8.887
A,P_MHAB,ES130,2005,15.017
A,P_MHAB,ES130,2006,19.909
A,P_MHAB,ES130,2007,8.817
A,P_MHAB,ES130,2008,19.35
A,P_MHAB,ES130,2009,29.504
A,P_MHAB,ES130,2010,26.508
A,P_MHAB,ES130,2011,20.191
A,P_MHAB,ES130,2012,16.881
A,P_MHAB,ES21,2000,36.773
A,P_MHAB,ES21,2001,39.356
A,P_MHAB,ES21,2002,37.875
A,P_MHAB,ES21,2003,37.742
A,P_MHAB,ES21,2004,50.078
A,P_MHAB,ES21,2005,63.997
A,P_MHAB,ES21,2006,66.062
A,P_MHAB,ES21,2007,63.978
A,P_MHAB,ES21,2008,65.694
A,P_MHAB,ES21,2009,65.209
A,P_MHAB,ES21,2010,80.353
A,P_MHAB,ES21,2011,72.213
A,P_MHAB,ES21,2012,64.375
A,P_MHAB,ES211,2002,56.969
A,P_MHAB,ES211,2003,46.363
A,P_MHAB,ES211,2004,45.09
A,P_MHAB,ES211,2005,91.824
A,P_MHAB,ES211,2006,71.143
A,P_MHAB,ES211,2007,80.429
A,P_MHAB,ES211,2008,79.79
A,P_MHAB,ES211,2009,70.952
A,P_MHAB,ES211,2010,77.298
A,P_MHAB,ES211,2011,77.162
A,P_MHAB,ES211,2012,100.916
A,P_MHAB,ES212,2002,51.916
A,P_MHAB,ES212,2003,55.897
A,P_MHAB,ES212,2004,78.223
A,P_MHAB,ES212,2005,75.658
A,P_MHAB,ES212,2006,97.397
A,P_MHAB,ES212,2007,84.896
A,P_MHAB,ES212,2008,89.42
A,P_MHAB,ES212,2009,83.262
A,P_MHAB,ES212,2010,111.109
A,P_MHAB,ES212,2011,97.193
A,P_MHAB,ES212,2012,78.484
A,P_MHAB,ES213,2002,24.567
A,P_MHAB,ES213,2003,24.593
A,P_MHAB,ES213,2004,34.396
A,P_MHAB,ES213,2005,49.595
A,P_MHAB,ES213,2006,45.726
A,P_MHAB,ES213,2007,46.872
A,P_MHAB,ES213,2008,47.429
A,P_MHAB,ES213,2009,52.632
A,P_MHAB,ES213,2010,62.406
A,P_MHAB,ES213,2011,55.552
A,P_MHAB,ES213,2012,45.591
A,P_MHAB,ES22,2000,41.212
A,P_MHAB,ES22,2001,41.674
A,P_MHAB,ES22,2002,65.028
A,P_MHAB,ES22,2003,51.066
A,P_MHAB,ES22,2004,107.696
A,P_MHAB,ES22,2005,104.558
A,P_MHAB,ES22,2006,80.927
A,P_MHAB,ES22,2007,101.471
A,P_MHAB,ES22,2008,104.02
A,P_MHAB,ES22,2009,81.701
A,P_MHAB,ES22,2010,117.547
A,P_MHAB,ES22,2011,74.007
A,P_MHAB,ES22,2012,60.811
A,P_MHAB,ES220,2000,41.212
A,P_MHAB,ES220,2001,41.674
A,P_MHAB,ES220,2002,65.028
A,P_MHAB,ES220,2003,51.066
A,P_MHAB,ES220,2004,107.696
A,P_MHAB,ES220,2005,104.558
A,P_MHAB,ES220,2006,80.927
A,P_MHAB,ES220,2007,101.471
A,P_MHAB,ES220,2008,104.02
A,P_MHAB,ES220,2009,81.701
A,P_MHAB,ES220,2010,117.547
A,P_MHAB,ES220,2011,74.007
A,P_MHAB,ES220,2012,60.811
A,P_MHAB,ES23,2000,3.733
A,P_MHAB,ES23,2001,3.69
A,P_MHAB,ES23,2002,19.605
A,P_MHAB,ES23,2003,26.352
A,P_MHAB,ES23,2004,38.924
A,P_MHAB,ES23,2005,17.615
A,P_MHAB,ES23,2006,24.909
A,P_MHAB,ES23,2007,42.192
A,P_MHAB,ES23,2008,13.694
A,P_MHAB,ES23,2009,25.11
A,P_MHAB,ES23,2010,28.693
A,P_MHAB,ES23,2011,12.996
A,P_MHAB,ES23,2012,12.993
A,P_MHAB,ES230,2000,3.733
A,P_MHAB,ES230,2001,3.69
A,P_MHAB,ES230,2002,19.605
A,P_MHAB,ES230,2003,26.352
A,P_MHAB,ES230,2004,38.924
A,P_MHAB,ES230,2005,17.615
A,P_MHAB,ES230,2006,24.909
A,P_MHAB,ES230,2007,42.192
A,P_MHAB,ES230,2008,13.694
A,P_MHAB,ES230,2009,25.11
A,P_MHAB,ES230,2010,28.693
A,P_MHAB,ES230,2011,12.996
A,P_MHAB,ES230,2012,12.993
A,P_MHAB,ES24,2000,31.354
A,P_MHAB,ES24,2001,20.746
A,P_MHAB,ES24,2002,40.235
A,P_MHAB,ES24,2003,27.35
A,P_MHAB,ES24,2004,26.33
A,P_MHAB,ES24,2005,40.802
A,P_MHAB,ES24,2006,37.532
A,P_MHAB,ES24,2007,57.756
A,P_MHAB,ES24,2008,45.827
A,P_MHAB,ES24,2009,55.02
A,P_MHAB,ES24,2010,56.838
A,P_MHAB,ES24,2011,82.075
A,P_MHAB,ES24,2012,54.011
A,P_MHAB,ES241,2002,16.014
A,P_MHAB,ES241,2003,19.098
A,P_MHAB,ES241,2004,18.892
A,P_MHAB,ES241,2005,11.28
A,P_MHAB,ES241,2006,23.384
A,P_MHAB,ES241,2007,14.176
A,P_MHAB,ES241,2008,31.55
A,P_MHAB,ES241,2009,7.452
A,P_MHAB,ES241,2010,13.846
A,P_MHAB,ES241,2011,29.877
A,P_MHAB,ES241,2012,12.664
A,P_MHAB,ES242,2002,8.841
A,P_MHAB,ES242,2005,7.152
A,P_MHAB,ES242,2006,16.492
A,P_MHAB,ES242,2007,13.926
A,P_MHAB,ES242,2008,6.863
A,P_MHAB,ES242,2009,0.547
A,P_MHAB,ES242,2011,15.032
A,P_MHAB,ES242,2012,1.399
A,P_MHAB,ES243,2002,50.918
A,P_MHAB,ES243,2003,33.598
A,P_MHAB,ES243,2004,32.208
A,P_MHAB,ES243,2005,53.058
A,P_MHAB,ES243,2006,44.129
A,P_MHAB,ES243,2007,74.828
A,P_MHAB,ES243,2008,55.123
A,P_MHAB,ES243,2009,74.349
A,P_MHAB,ES243,2010,75.338
A,P_MHAB,ES243,2011,104.167
A,P_MHAB,ES243,2012,71.299
A,P_MHAB,ES30,2000,25.261
A,P_MHAB,ES30,2001,30.886
A,P_MHAB,ES30,2002,26.056
A,P_MHAB,ES30,2003,29.46
A,P_MHAB,ES30,2004,36.299
A,P_MHAB,ES30,2005,41.69
A,P_MHAB,ES30,2006,42.865
A,P_MHAB,ES30,2007,43.368
A,P_MHAB,ES30,2008,49.04
A,P_MHAB,ES30,2009,55.252
A,P_MHAB,ES30,2010,49.274
A,P_MHAB,ES30,2011,49.133
A,P_MHAB,ES30,2012,38.294
A,P_MHAB,ES300,2000,25.261
A,P_MHAB,ES300,2001,30.886
A,P_MHAB,ES300,2002,26.056
A,P_MHAB,ES300,2003,29.46
A,P_MHAB,ES300,2004,36.299
A,P_MHAB,ES300,2005,41.69
A,P_MHAB,ES300,2006,42.865
A,P_MHAB,ES300,2007,43.368
A,P_MHAB,ES300,2008,49.04
A,P_MHAB,ES300,2009,55.252
A,P_MHAB,ES300,2010,49.274
A,P_MHAB,ES300,2011,49.133
A,P_MHAB,ES300,2012,38.294
A,P_MHAB,ES41,2000,8.777
A,P_MHAB,ES41,2001,13.06
A,P_MHAB,ES41,2002,11.423
A,P_MHAB,ES41,2003,12.607
A,P_MHAB,ES41,2004,18.348
A,P_MHAB,ES41,2005,20.412
A,P_MHAB,ES41,2006,15.353
A,P_MHAB,ES41,2007,15.468
A,P_MHAB,ES41,2008,13.747
A,P_MHAB,ES41,2009,14.177
A,P_MHAB,ES41,2010,10.23
A,P_MHAB,ES41,2011,9.48
A,P_MHAB,ES41,2012,12.279
A,P_MHAB,ES411,2005,6.018
A,P_MHAB,ES411,2007,5.875
A,P_MHAB,ES411,2008,5.771
A,P_MHAB,ES411,2010,5.768
A,P_MHAB,ES412,2002,27.199
A,P_MHAB,ES412,2003,44.961
A,P_MHAB,ES412,2004,67.64
A,P_MHAB,ES412,2005,72.269
A,P_MHAB,ES412,2006,29.581
A,P_MHAB,ES412,2007,14.152
A,P_MHAB,ES412,2008,21.661
A,P_MHAB,ES412,2009,9.285
A,P_MHAB,ES412,2010,6.283
A,P_MHAB,ES412,2011,10.717
A,P_MHAB,ES412,2012,28.883
A,P_MHAB,ES413,2002,4.451
A,P_MHAB,ES413,2003,6.278
A,P_MHAB,ES413,2004,5.359
A,P_MHAB,ES413,2005,3.282
A,P_MHAB,ES413,2006,11.156
A,P_MHAB,ES413,2007,7.187
A,P_MHAB,ES413,2008,2.025
A,P_MHAB,ES413,2009,5.252
A,P_MHAB,ES413,2010,4.042
A,P_MHAB,ES413,2011,2.428
A,P_MHAB,ES413,2012,3.551
A,P_MHAB,ES414,2002,0.979
A,P_MHAB,ES414,2003,5.772
A,P_MHAB,ES414,2004,11.581
A,P_MHAB,ES414,2006,11.598
A,P_MHAB,ES414,2007,14.429
A,P_MHAB,ES414,2008,12.739
A,P_MHAB,ES414,2009,7.703
A,P_MHAB,ES414,2012,5.872
A,P_MHAB,ES415,2002,11.243
A,P_MHAB,ES415,2003,2.894
A,P_MHAB,ES415,2004,28.433
A,P_MHAB,ES415,2005,24.054
A,P_MHAB,ES415,2006,16.893
A,P_MHAB,ES415,2007,12.424
A,P_MHAB,ES415,2008,13.577
A,P_MHAB,ES415,2009,22.934
A,P_MHAB,ES415,2010,19.72
A,P_MHAB,ES415,2011,6.642
A,P_MHAB,ES415,2012,6.779
A,P_MHAB,ES416,2002,27.095
A,P_MHAB,ES416,2005,2.918
A,P_MHAB,ES416,2006,6.399
A,P_MHAB,ES416,2007,6.283
A,P_MHAB,ES416,2009,13.467
A,P_MHAB,ES416,2010,6.129
A,P_MHAB,ES416,2011,13.094
A,P_MHAB,ES416,2012,12.275
A,P_MHAB,ES417,2003,21.949
A,P_MHAB,ES417,2004,10.896
A,P_MHAB,ES417,2006,21.566
A,P_MHAB,ES417,2007,10.704
A,P_MHAB,ES417,2009,7.072
A,P_MHAB,ES417,2010,10.528
A,P_MHAB,ES417,2012,4.763
A,P_MHAB,ES418,2002,14.671
A,P_MHAB,ES418,2003,15.735
A,P_MHAB,ES418,2004,9.755
A,P_MHAB,ES418,2005,21.314
A,P_MHAB,ES418,2006,10.375
A,P_MHAB,ES418,2007,35.424
A,P_MHAB,ES418,2008,20.774
A,P_MHAB,ES418,2009,29.898
A,P_MHAB,ES418,2010,15.608
A,P_MHAB,ES418,2011,26.867
A,P_MHAB,ES418,2012,23.862
A,P_MHAB,ES419,2002,5.042
A,P_MHAB,ES419,2003,1.265
A,P_MHAB,ES419,2004,5.08
A,P_MHAB,ES419,2005,13.14
A,P_MHAB,ES419,2006,30.613
A,P_MHAB,ES419,2007,10.211
A,P_MHAB,ES419,2008,35.682
A,P_MHAB,ES419,2009,10.26
A,P_MHAB,ES419,2010,18.065
A,P_MHAB,ES419,2011,0.882
A,P_MHAB,ES419,2012,0.68
A,P_MHAB,ES42,2000,3.991
A,P_MHAB,ES42,2001,6.906
A,P_MHAB,ES42,2002,5.172
A,P_MHAB,ES42,2003,7.0
A,P_MHAB,ES42,2004,8.557
A,P_MHAB,ES42,2005,14.141
A,P_MHAB,ES42,2006,10.545
A,P_MHAB,ES42,2007,8.944
A,P_MHAB,ES42,2008,8.923
A,P_MHAB,ES42,2009,10.172
A,P_MHAB,ES42,2010,9.475
A,P_MHAB,ES42,2011,6.489
A,P_MHAB,ES42,2012,8.106
A,P_MHAB,ES421,2003,2.7
A,P_MHAB,ES421,2004,9.341
A,P_MHAB,ES421,2005,23.07
A,P_MHAB,ES421,2006,14.187
A,P_MHAB,ES421,2007,11.128
A,P_MHAB,ES421,2008,8.871
A,P_MHAB,ES421,2009,11.058
A,P_MHAB,ES421,2010,5.007
A,P_MHAB,ES421,2011,12.474
A,P_MHAB,ES421,2012,11.206
A,P_MHAB,ES422,2002,1.044
A,P_MHAB,ES422,2003,1.035
A,P_MHAB,ES422,2004,3.872
A,P_MHAB,ES422,2005,9.109
A,P_MHAB,ES422,2006,7.586
A,P_MHAB,ES422,2007,1.964
A,P_MHAB,ES422,2008,2.886
A,P_MHAB,ES422,2009,4.962
A,P_MHAB,ES422,2010,3.254
A,P_MHAB,ES422,2012,7.752
A,P_MHAB,ES423,2002,5.009
A,P_MHAB,ES423,2003,14.911
A,P_MHAB,ES423,2004,9.846
A,P_MHAB,ES423,2005,10.933
A,P_MHAB,ES423,2006,4.805
A,P_MHAB,ES423,2008,5.584
A,P_MHAB,ES423,2009,1.155
A,P_MHAB,ES423,2010,1.154
A,P_MHAB,ES423,2012,1.35
A,P_MHAB,ES424,2003,18.109
A,P_MHAB,ES424,2004,1.294
A,P_MHAB,ES424,2005,3.456
A,P_MHAB,ES424,2006,1.736
A,P_MHAB,ES424,2007,11.464
A,P_MHAB,ES424,2008,6.235
A,P_MHAB,ES424,2009,4.645
A,P_MHAB,ES424,2010,5.588
A,P_MHAB,ES424,2011,14.451
A,P_MHAB,ES424,2012,7.76
A,P_MHAB,ES425,2002,14.023
A,P_MHAB,ES425,2003,8.507
A,P_MHAB,ES425,2004,14.012
A,P_MHAB,ES425,2005,17.387
A,P_MHAB,ES425,2006,15.708
A,P_MHAB,ES425,2007,15.266
A,P_MHAB,ES425,2008,15.708
A,P_MHAB,ES425,2009,18.499
A,P_MHAB,ES425,2010,20.782
A,P_MHAB,ES425,2011,7.047
A,P_MHAB,ES425,2012,8.787
A,P_MHAB,ES43,2000,2.648
A,P_MHAB,ES43,2001,1.491
A,P_MHAB,ES43,2002,1.891
A,P_MHAB,ES43,2004,2.659
A,P_MHAB,ES43,2005,5.14
A,P_MHAB,ES43,2006,2.791
A,P_MHAB,ES43,2007,1.386
A,P_MHAB,ES43,2008,1.835
A,P_MHAB,ES43,2009,0.913
A,P_MHAB,ES43,2010,3.92
A,P_MHAB,ES43,2011,2.422
A,P_MHAB,ES43,2012,1.358
A,P_MHAB,ES431,2002,3.053
A,P_MHAB,ES431,2004,3.532
A,P_MHAB,ES431,2005,6.02
A,P_MHAB,ES431,2006,1.496
A,P_MHAB,ES431,2007,0.742
A,P_MHAB,ES431,2008,2.938
A,P_MHAB,ES431,2009,1.461
A,P_MHAB,ES431,2010,5.453
A,P_MHAB,ES431,2011,2.899
A,P_MHAB,ES431,2012,0.723
A,P_MHAB,ES432,2004,1.235
A,P_MHAB,ES432,2005,3.697
A,P_MHAB,ES432,2006,4.921
A,P_MHAB,ES432,2007,2.453
A,P_MHAB,ES432,2010,1.36
A,P_MHAB,ES432,2011,1.625
A,P_MHAB,ES432,2012,2.424
A,P_MHAB,ES51,2000,53.012
A,P_MHAB,ES51,2001,55.865
A,P_MHAB,ES51,2002,59.506
A,P_MHAB,ES51,2003,60.526
A,P_MHAB,ES51,2004,72.796
A,P_MHAB,ES51,2005,73.453
A,P_MHAB,ES51,2006,74.874
A,P_MHAB,ES51,2007,72.752
A,P_MHAB,ES51,2008,67.98
A,P_MHAB,ES51,2009,65.136
A,P_MHAB,ES51,2010,64.193
A,P_MHAB,ES51,2011,65.284
A,P_MHAB,ES51,2012,57.042
A,P_MHAB,ES511,2002,68.664
A,P_MHAB,ES511,2003,70.035
A,P_MHAB,ES511,2004,86.413
A,P_MHAB,ES511,2005,84.937
A,P_MHAB,ES511,2006,87.766
A,P_MHAB,ES511,2007,87.769
A,P_MHAB,ES511,2008,82.297
A,P_MHAB,ES511,2009,79.752
A,P_MHAB,ES511,2010,74.13
A,P_MHAB,ES511,2011,80.181
A,P_MHAB,ES511,2012,70.872
A,P_MHAB,ES512,2002,48.357
A,P_MHAB,ES512,2003,31.817
A,P_MHAB,ES512,2004,43.96
A,P_MHAB,ES512,2005,55.025
A,P_MHAB,ES512,2006,47.899
A,P_MHAB,ES512,2007,29.688
A,P_MHAB,ES512,2008,37.902
A,P_MHAB,ES512,2009,38.635
A,P_MHAB,ES512,2010,48.487
A,P_MHAB,ES512,2011,29.958
A,P_MHAB,ES512,2012,21.581
A,P_MHAB,ES513,2002,8.481
A,P_MHAB,ES513,2003,37.803
A,P_MHAB,ES513,2004,21.285
A,P_MHAB,ES513,2005,23.517
A,P_MHAB,ES513,2006,18.672
A,P_MHAB,ES513,2007,26.122
A,P_MHAB,ES513,2008,14.003
A,P_MHAB,ES513,2009,12.957
A,P_MHAB,ES513,2010,31.208
A,P_MHAB,ES513,2011,15.846
A,P_MHAB,ES513,2012,18.895
A,P_MHAB,ES514,2002,27.845
A,P_MHAB,ES514,2003,26.484
A,P_MHAB,ES514,2004,25.337
A,P_MHAB,ES514,2005,33.47
A,P_MHAB,ES514,2006,37.692
A,P_MHAB,ES514,2007,32.05
A,P_MHAB,ES514,2008,26.172
A,P_MHAB,ES514,2009,17.431
A,P_MHAB,ES514,2010,28.417
A,P_MHAB,ES514,2011,22.939
A,P_MHAB,ES514,2012,16.21
A,P_MHAB,ES52,2000,20.691
A,P_MHAB,ES52,2001,22.967
A,P_MHAB,ES52,2002,22.646
A,P_MHAB,ES52,2003,19.946
A,P_MHAB,ES52,2004,25.885
A,P_MHAB,ES52,2005,25.182
A,P_MHAB,ES52,2006,19.199
A,P_MHAB,ES52,2007,22.828
A,P_MHAB,ES52,2008,22.753
A,P_MHAB,ES52,2009,25.028
A,P_MHAB,ES52,2010,22.988
A,P_MHAB,ES52,2011,23.534
A,P_MHAB,ES52,2012,21.399
A,P_MHAB,ES521,2002,18.176
A,P_MHAB,ES521,2003,9.162
A,P_MHAB,ES521,2004,19.143
A,P_MHAB,ES521,2005,22.845
A,P_MHAB,ES521,2006,16.208
A,P_MHAB,ES521,2007,11.397
A,P_MHAB,ES521,2008,15.928
A,P_MHAB,ES521,2009,12.363
A,P_MHAB,ES521,2010,18.108
A,P_MHAB,ES521,2011,16.119
A,P_MHAB,ES521,2012,11.817
A,P_MHAB,ES522,2002,18.624
A,P_MHAB,ES522,2003,19.798
A,P_MHAB,ES522,2004,22.483
A,P_MHAB,ES522,2005,26.479
A,P_MHAB,ES522,2006,28.539
A,P_MHAB,ES522,2007,24.262
A,P_MHAB,ES522,2008,12.738
A,P_MHAB,ES522,2009,25.187
A,P_MHAB,ES522,2010,31.132
A,P_MHAB,ES522,2011,25.774
A,P_MHAB,ES522,2012,24.969
A,P_MHAB,ES523,2002,26.495
A,P_MHAB,ES523,2003,27.285
A,P_MHAB,ES523,2004,31.302
A,P_MHAB,ES523,2005,26.527
A,P_MHAB,ES523,2006,19.2
A,P_MHAB,ES523,2007,30.68
A,P_MHAB,ES523,2008,30.005
A,P_MHAB,ES523,2009,34.108
A,P_MHAB,ES523,2010,24.604
A,P_MHAB,ES523,2011,28.357
A,P_MHAB,ES523,2012,27.5
A,P_MHAB,ES53,2000,12.89
A,P_MHAB,ES53,2001,7.93
A,P_MHAB,ES53,2002,3.349
A,P_MHAB,ES53,2003,6.792
A,P_MHAB,ES53,2004,8.576
A,P_MHAB,ES53,2005,6.457
A,P_MHAB,ES53,2006,10.049
A,P_MHAB,ES53,2007,8.287
A,P_MHAB,ES53,2008,11.152
A,P_MHAB,ES53,2009,9.157
A,P_MHAB,ES53,2010,11.627
A,P_MHAB,ES53,2011,7.631
A,P_MHAB,ES53,2012,9.158
A,P_MHAB,ES531,2002,3.496
A,P_MHAB,ES531,2007,8.101
A,P_MHAB,ES531,2008,7.657
A,P_MHAB,ES531,2011,7.1
A,P_MHAB,ES532,2002,1.473
A,P_MHAB,ES532,2003,8.492
A,P_MHAB,ES532,2004,10.768
A,P_MHAB,ES532,2005,6.795
A,P_MHAB,ES532,2006,12.589
A,P_MHAB,ES532,2007,9.228
A,P_MHAB,ES532,2008,12.929
A,P_MHAB,ES532,2009,10.442
A,P_MHAB,ES532,2010,13.61
A,P_MHAB,ES532,2011,8.551
A,P_MHAB,ES532,2012,10.369
A,P_MHAB,ES533,2002,20.924
A,P_MHAB,ES533,2005,12.195
A,P_MHAB,ES533,2006,0.943
A,P_MHAB,ES533,2009,10.853
A,P_MHAB,ES533,2010,10.745
A,P_MHAB,ES533,2012,12.098
A,P_MHAB,ES61,2000,5.158
A,P_MHAB,ES61,2001,5.437
A,P_MHAB,ES61,2002,7.283
A,P_MHAB,ES61,2003,6.891
A,P_MHAB,ES61,2004,5.547
A,P_MHAB,ES61,2005,8.18
A,P_MHAB,ES61,2006,9.033
A,P_MHAB,ES61,2007,6.18
A,P_MHAB,ES61,2008,7.899
A,P_MHAB,ES61,2009,12.632
A,P_MHAB,ES61,2010,10.315
A,P_MHAB,ES61,2011,7.825
A,P_MHAB,ES61,2012,10.023
A,P_MHAB,ES611,2002,9.165
A,P_MHAB,ES611,2003,9.864
A,P_MHAB,ES611,2004,4.156
A,P_MHAB,ES611,2005,19.197
A,P_MHAB,ES611,2006,6.771
A,P_MHAB,ES611,2007,3.111
A,P_MHAB,ES611,2008,3.639
A,P_MHAB,ES611,2009,12.629
A,P_MHAB,ES611,2010,7.348
A,P_MHAB,ES611,2011,2.447
A,P_MHAB,ES611,2012,5.774
A,P_MHAB,ES612,2002,4.469
A,P_MHAB,ES612,2003,7.368
A,P_MHAB,ES612,2004,0.874
A,P_MHAB,ES612,2005,3.731
A,P_MHAB,ES612,2006,10.02
A,P_MHAB,ES612,2007,2.848
A,P_MHAB,ES612,2008,3.474
A,P_MHAB,ES612,2009,14.742
A,P_MHAB,ES612,2010,1.016
A,P_MHAB,ES612,2011,1.275
A,P_MHAB,ES612,2012,5.533
A,P_MHAB,ES613,2002,1.312
A,P_MHAB,ES613,2003,4.569
A,P_MHAB,ES613,2004,5.321
A,P_MHAB,ES613,2005,1.933
A,P_MHAB,ES613,2006,3.843
A,P_MHAB,ES613,2007,6.142
A,P_MHAB,ES613,2008,5.778
A,P_MHAB,ES613,2009,5.681
A,P_MHAB,ES613,2010,12.191
A,P_MHAB,ES613,2011,3.742
A,P_MHAB,ES613,2012,5.606
A,P_MHAB,ES614,2002,12.836
A,P_MHAB,ES614,2003,5.449
A,P_MHAB,ES614,2004,9.634
A,P_MHAB,ES614,2005,9.586
A,P_MHAB,ES614,2006,17.382
A,P_MHAB,ES614,2007,8.068
A,P_MHAB,ES614,2008,14.129
A,P_MHAB,ES614,2009,9.79
A,P_MHAB,ES614,2010,11.723
A,P_MHAB,ES614,2011,12.415
A,P_MHAB,ES614,2012,16.402
A,P_MHAB,ES615,2002,4.312
A,P_MHAB,ES615,2005,4.167
A,P_MHAB,ES615,2006,5.465
A,P_MHAB,ES615,2007,0.808
A,P_MHAB,ES615,2008,2.475
A,P_MHAB,ES615,2009,6.859
A,P_MHAB,ES615,2010,4.916
A,P_MHAB,ES615,2012,2.481
A,P_MHAB,ES616,2002,2.066
A,P_MHAB,ES616,2003,8.039
A,P_MHAB,ES616,2004,6.031
A,P_MHAB,ES616,2005,6.241
A,P_MHAB,ES616,2006,7.113
A,P_MHAB,ES616,2007,0.909
A,P_MHAB,ES616,2008,1.13
A,P_MHAB,ES616,2009,7.216
A,P_MHAB,ES616,2010,4.862
A,P_MHAB,ES616,2011,9.654
A,P_MHAB,ES616,2012,11.36
A,P_MHAB,ES617,2002,14.141
A,P_MHAB,ES617,2003,8.966
A,P_MHAB,ES617,2004,8.757
A,P_MHAB,ES617,2005,4.026
A,P_MHAB,ES617,2006,5.92
A,P_MHAB,ES617,2007,6.154
A,P_MHAB,ES617,2008,10.392
A,P_MHAB,ES617,2009,5.686
A,P_MHAB,ES617,2010,9.766
A,P_MHAB,ES617,2011,6.507
A,P_MHAB,ES617,2012,6.489
A,P_MHAB,ES618,2002,6.071
A,P_MHAB,ES618,2003,7.161
A,P_MHAB,ES618,2004,5.99
A,P_MHAB,ES618,2005,14.481
A,P_MHAB,ES618,2006,11.565
A,P_MHAB,ES618,2007,11.9
A,P_MHAB,ES618,2008,12.014
A,P_MHAB,ES618,2009,24.781
A,P_MHAB,ES618,2010,19.743
A,P_MHAB,ES618,2011,16.047
A,P_MHAB,ES618,2012,17.712
A,P_MHAB,ES62,2000,9.215
A,P_MHAB,ES62,2001,6.296
A,P_MHAB,ES62,2002,9.324
A,P_MHAB,ES62,2003,7.243
A,P_MHAB,ES62,2004,8.028
A,P_MHAB,ES62,2005,9.41
A,P_MHAB,ES62,2006,12.419
A,P_MHAB,ES62,2007,17.305
A,P_MHAB,ES62,2008,10.236
A,P_MHAB,ES62,2009,12.901
A,P_MHAB,ES62,2010,19.504
A,P_MHAB,ES62,2011,13.762
A,P_MHAB,ES62,2012,20.104
A,P_MHAB,ES620,2000,9.215
A,P_MHAB,ES620,2001,6.296
A,P_MHAB,ES620,2002,9.324
A,P_MHAB,ES620,2003,7.243
A,P_MHAB,ES620,2004,8.028
A,P_MHAB,ES620,2005,9.41
A,P_MHAB,ES620,2006,12.419
A,P_MHAB,ES620,2007,17.305
A,P_MHAB,ES620,2008,10.236
A,P_MHAB,ES620,2009,12.901
A,P_MHAB,ES620,2010,19.504
A,P_MHAB,ES620,2011,13.762
A,P_MHAB,ES620,2012,20.104
A,P_MHAB,ES70,2000,6.85
A,P_MHAB,ES70,2001,2.883
A,P_MHAB,ES70,2002,4.402
A,P_MHAB,ES70,2003,6.265
A,P_MHAB,ES70,2004,4.434
A,P_MHAB,ES70,2005,6.243
A,P_MHAB,ES70,2006,4.038
A,P_MHAB,ES70,2007,3.777
A,P_MHAB,ES70,2008,7.194
A,P_MHAB,ES70,2009,3.53
A,P_MHAB,ES70,2010,3.261
A,P_MHAB,ES70,2011,5.167
A,P_MHAB,ES70,2012,5.048
A,P_MHAB,ES704,2009,10.243
A,P_MHAB,ES705,2002,4.086
A,P_MHAB,ES705,2003,4.004
A,P_MHAB,ES705,2004,1.313
A,P_MHAB,ES705,2005,6.464
A,P_MHAB,ES705,2006,2.127
A,P_MHAB,ES705,2007,4.072
A,P_MHAB,ES705,2008,4.105
A,P_MHAB,ES705,2009,0.401
A,P_MHAB,ES705,2010,2.405
A,P_MHAB,ES705,2011,5.155
A,P_MHAB,ES705,2012,6.397
A,P_MHAB,ES707,2008,24.164
A,P_MHAB,ES708,2007,7.821
A,P_MHAB,ES708,2008,7.471
A,P_MHAB,ES708,2009,1.466
A,P_MHAB,ES709,2002,6.38
A,P_MHAB,ES709,2003,10.987
A,P_MHAB,ES709,2004,9.328
A,P_MHAB,ES709,2005,8.49
A,P_MHAB,ES709,2006,7.547
A,P_MHAB,ES709,2007,3.8
A,P_MHAB,ES709,2008,9.564
A,P_MHAB,ES709,2009,6.59
A,P_MHAB,ES709,2010,5.419
A,P_MHAB,ES709,2011,7.267
A,P_MHAB,ES709,2012,5.813
A,P_MHAB,FI19,1990,81.521
A,P_MHAB,FI19,1991,74.672
A,P_MHAB,FI19,1992,85.531
A,P_MHAB,FI19,1993,91.682
A,P_MHAB,FI19,1994,102.756
A,P_MHAB,FI19,1995,131.732
A,P_MHAB,FI19,1996,138.037
A,P_MHAB,FI19,1997,163.85
A,P_MHAB,FI19,1998,227.82
A,P_MHAB,FI19,1999,275.017
A,P_MHAB,FI19,2000,280.767
A,P_MHAB,FI19,2001,276.111
A,P_MHAB,FI19,2002,258.223
A,P_MHAB,FI19,2003,258.009
A,P_MHAB,FI19,2004,305.024
A,P_MHAB,FI19,2005,263.002
A,P_MHAB,FI19,2006,252.441
A,P_MHAB,FI19,2007,212.827
A,P_MHAB,FI19,2008,222.34
A,P_MHAB,FI19,2009,216.042
A,P_MHAB,FI19,2010,250.117
A,P_MHAB,FI19,2011,241.978
A,P_MHAB,FI19,2012,227.173
A,P_MHAB,FI193,1990,125.531
A,P_MHAB,FI193,1991,111.332
A,P_MHAB,FI193,1992,131.426
A,P_MHAB,FI193,1993,178.781
A,P_MHAB,FI193,1994,79.181
A,P_MHAB,FI193,1995,173.673
A,P_MHAB,FI193,1996,146.585
A,P_MHAB,FI193,1997,184.709
A,P_MHAB,FI193,1998,197.465
A,P_MHAB,FI193,1999,207.547
A,P_MHAB,FI193,2000,161.431
A,P_MHAB,FI193,2001,166.552
A,P_MHAB,FI193,2002,122.504
A,P_MHAB,FI193,2003,120.574
A,P_MHAB,FI193,2004,138.117
A,P_MHAB,FI193,2005,92.196
A,P_MHAB,FI193,2006,149.272
A,P_MHAB,FI193,2007,117.974
A,P_MHAB,FI193,2008,118.877
A,P_MHAB,FI193,2009,143.773
A,P_MHAB,FI193,2010,109.757
A,P_MHAB,FI193,2011,131.086
A,P_MHAB,FI193,2012,100.737
A,P_MHAB,FI194,1990,17.399
A,P_MHAB,FI194,1992,14.854
A,P_MHAB,FI194,1993,12.356
A,P_MHAB,FI194,1994,23.855
A,P_MHAB,FI194,1995,22.259
A,P_MHAB,FI194,1996,14.936
A,P_MHAB,FI194,1997,22.518
A,P_MHAB,FI194,1998,76.772
A,P_MHAB,FI194,1999,59.331
A,P_MHAB,FI194,2000,22.866
A,P_MHAB,FI194,2001,26.429
A,P_MHAB,FI194,2002,45.389
A,P_MHAB,FI194,2003,32.354
A,P_MHAB,FI194,2004,44.908
A,P_MHAB,FI194,2005,22.311
A,P_MHAB,FI194,2006,43.96
A,P_MHAB,FI194,2007,18.08
A,P_MHAB,FI194,2008,18.987
A,P_MHAB,FI194,2009,28.422
A,P_MHAB,FI194,2010,56.789
A,P_MHAB,FI194,2011,51.782
A,P_MHAB,FI194,2012,38.3
A,P_MHAB,FI195,1990,27.481
A,P_MHAB,FI195,1991,55.089
A,P_MHAB,FI195,1992,36.378
A,P_MHAB,FI195,1993,42.696
A,P_MHAB,FI195,1994,93.346
A,P_MHAB,FI195,1995,77.504
A,P_MHAB,FI195,1996,53.11
A,P_MHAB,FI195,1997,78.776
A,P_MHAB,FI195,1998,121.219
A,P_MHAB,FI195,1999,140.725
A,P_MHAB,FI195,2000,151.268
A,P_MHAB,FI195,2001,102.697
A,P_MHAB,FI195,2002,139.008
A,P_MHAB,FI195,2003,165.775
A,P_MHAB,FI195,2004,223.845
A,P_MHAB,FI195,2005,172.399
A,P_MHAB,FI195,2006,113.865
A,P_MHAB,FI195,2007,214.567
A,P_MHAB,FI195,2008,247.447
A,P_MHAB,FI195,2009,192.744
A,P_MHAB,FI195,2010,278.358
A,P_MHAB,FI195,2011,322.682
A,P_MHAB,FI195,2012,323.719
A,P_MHAB,FI196,1990,54.596
A,P_MHAB,FI196,1991,47.483
A,P_MHAB,FI196,1992,62.638
A,P_MHAB,FI196,1993,46.787
A,P_MHAB,FI196,1994,76.882
A,P_MHAB,FI196,1995,85.252
A,P_MHAB,FI196,1996,101.946
A,P_MHAB,FI196,1997,40.015
A,P_MHAB,FI196,1998,71.042
A,P_MHAB,FI196,1999,107.716
A,P_MHAB,FI196,2000,153.154
A,P_MHAB,FI196,2001,99.864
A,P_MHAB,FI196,2002,133.203
A,P_MHAB,FI196,2003,98.533
A,P_MHAB,FI196,2004,81.739
A,P_MHAB,FI196,2005,73.731
A,P_MHAB,FI196,2006,71.837
A,P_MHAB,FI196,2007,84.888
A,P_MHAB,FI196,2008,89.349
A,P_MHAB,FI196,2009,102.305
A,P_MHAB,FI196,2010,73.355
A,P_MHAB,FI196,2011,80.385
A,P_MHAB,FI196,2012,74.283
A,P_MHAB,FI197,1990,122.67
A,P_MHAB,FI197,1991,111.247
A,P_MHAB,FI197,1992,123.898
A,P_MHAB,FI197,1993,121.284
A,P_MHAB,FI197,1994,172.435
A,P_MHAB,FI197,1995,205.051
A,P_MHAB,FI197,1996,243.396
A,P_MHAB,FI197,1997,317.105
A,P_MHAB,FI197,1998,440.842
A,P_MHAB,FI197,1999,553.487
A,P_MHAB,FI197,2000,583.175
A,P_MHAB,FI197,2001,608.445
A,P_MHAB,FI197,2002,539.457
A,P_MHAB,FI197,2003,550.645
A,P_MHAB,FI197,2004,653.163
A,P_MHAB,FI197,2005,591.142
A,P_MHAB,FI197,2006,538.804
A,P_MHAB,FI197,2007,408.36
A,P_MHAB,FI197,2008,418.311
A,P_MHAB,FI197,2009,394.816
A,P_MHAB,FI197,2010,479.011
A,P_MHAB,FI197,2011,425.374
A,P_MHAB,FI197,2012,407.51
A,P_MHAB,FI1B,1990,133.195
A,P_MHAB,FI1B,1991,122.103
A,P_MHAB,FI1B,1992,181.945
A,P_MHAB,FI1B,1993,209.81
A,P_MHAB,FI1B,1994,248.511
A,P_MHAB,FI1B,1995,248.652
A,P_MHAB,FI1B,1996,307.1
A,P_MHAB,FI1B,1997,371.01
A,P_MHAB,FI1B,1998,390.866
A,P_MHAB,FI1B,1999,507.745
A,P_MHAB,FI1B,2000,473.577
A,P_MHAB,FI1B,2001,472.974
A,P_MHAB,FI1B,2002,427.575
A,P_MHAB,FI1B,2003,405.532
A,P_MHAB,FI1B,2004,460.958
A,P_MHAB,FI1B,2005,443.011
A,P_MHAB,FI1B,2006,462.783
A,P_MHAB,FI1B,2007,430.222
A,P_MHAB,FI1B,2008,424.157
A,P_MHAB,FI1B,2009,423.833
A,P_MHAB,FI1B,2010,453.47
A,P_MHAB,FI1B,2011,413.761
A,P_MHAB,FI1B,2012,410.553
A,P_MHAB,FI1B1,1990,133.195
A,P_MHAB,FI1B1,1991,122.103
A,P_MHAB,FI1B1,1992,181.945
A,P_MHAB,FI1B1,1993,209.81
A,P_MHAB,FI1B1,1994,248.511
A,P_MHAB,FI1B1,1995,248.652
A,P_MHAB,FI1B1,1996,307.1
A,P_MHAB,FI1B1,1997,371.01
A,P_MHAB,FI1B1,1998,390.866
A,P_MHAB,FI1B1,1999,507.745
A,P_MHAB,FI1B1,2000,473.577
A,P_MHAB,FI1B1,2001,472.974
A,P_MHAB,FI1B1,2002,427.575
A,P_MHAB,FI1B1,2003,405.532
A,P_MHAB,FI1B1,2004,460.958
A,P_MHAB,FI1B1,2005,443.011
A,P_MHAB,FI1B1,2006,462.783
A,P_MHAB,FI1B1,2007,430.222
A,P_MHAB,FI1B1,2008,424.157
A,P_MHAB,FI1B1,2009,423.833
A,P_MHAB,FI1B1,2010,453.47
A,P_MHAB,FI1B1,2011,413.761
A,P_MHAB,FI1B1,2012,410.553
A,P_MHAB,FI1C,1990,81.121
A,P_MHAB,FI1C,1991,89.336
A,P_MHAB,FI1C,1992,99.773
A,P_MHAB,FI1C,1993,100.338
A,P_MHAB,FI1C,1994,112.448
A,P_MHAB,FI1C,1995,102.211
A,P_MHAB,FI1C,1996,130.097
A,P_MHAB,FI1C,1997,114.066
A,P_MHAB,FI1C,1998,167.675
A,P_MHAB,FI1C,1999,150.912
A,P_MHAB,FI1C,2000,183.698
A,P_MHAB,FI1C,2001,199.681
A,P_MHAB,FI1C,2002,161.4
A,P_MHAB,FI1C,2003,195.342
A,P_MHAB,FI1C,2004,169.699
A,P_MHAB,FI1C,2005,161.643
A,P_MHAB,FI1C,2006,141.422
A,P_MHAB,FI1C,2007,152.346
A,P_MHAB,FI1C,2008,145.167
A,P_MHAB,FI1C,2009,157.897
A,P_MHAB,FI1C,2010,135.349
A,P_MHAB,FI1C,2011,147.219
A,P_MHAB,FI1C,2012,168.043
A,P_MHAB,FI1C1,1990,113.228
A,P_MHAB,FI1C1,1991,164.667
A,P_MHAB,FI1C1,1992,164.178
A,P_MHAB,FI1C1,1993,157.602
A,P_MHAB,FI1C1,1994,190.168
A,P_MHAB,FI1C1,1995,145.977
A,P_MHAB,FI1C1,1996,209.0
A,P_MHAB,FI1C1,1997,202.29
A,P_MHAB,FI1C1,1998,297.405
A,P_MHAB,FI1C1,1999,252.206
A,P_MHAB,FI1C1,2000,333.616
A,P_MHAB,FI1C1,2001,351.038
A,P_MHAB,FI1C1,2002,279.484
A,P_MHAB,FI1C1,2003,386.347
A,P_MHAB,FI1C1,2004,285.715
A,P_MHAB,FI1C1,2005,264.51
A,P_MHAB,FI1C1,2006,209.687
A,P_MHAB,FI1C1,2007,253.916
A,P_MHAB,FI1C1,2008,204.492
A,P_MHAB,FI1C1,2009,206.667
A,P_MHAB,FI1C1,2010,146.874
A,P_MHAB,FI1C1,2011,197.363
A,P_MHAB,FI1C1,2012,219.834
A,P_MHAB,FI1C2,1990,29.16
A,P_MHAB,FI1C2,1991,38.028
A,P_MHAB,FI1C2,1992,38.729
A,P_MHAB,FI1C2,1993,74.652
A,P_MHAB,FI1C2,1994,70.402
A,P_MHAB,FI1C2,1995,62.562
A,P_MHAB,FI1C2,1996,49.595
A,P_MHAB,FI1C2,1997,45.424
A,P_MHAB,FI1C2,1998,30.238
A,P_MHAB,FI1C2,1999,102.478
A,P_MHAB,FI1C2,2000,70.162
A,P_MHAB,FI1C2,2001,66.059
A,P_MHAB,FI1C2,2002,90.871
A,P_MHAB,FI1C2,2003,79.934
A,P_MHAB,FI1C2,2004,72.668
A,P_MHAB,FI1C2,2005,129.75
A,P_MHAB,FI1C2,2006,115.571
A,P_MHAB,FI1C2,2007,95.498
A,P_MHAB,FI1C2,2008,109.829
A,P_MHAB,FI1C2,2009,162.274
A,P_MHAB,FI1C2,2010,130.934
A,P_MHAB,FI1C2,2011,138.638
A,P_MHAB,FI1C2,2012,131.256
A,P_MHAB,FI1C3,1990,58.994
A,P_MHAB,FI1C3,1991,44.414
A,P_MHAB,FI1C3,1992,96.079
A,P_MHAB,FI1C3,1993,77.951
A,P_MHAB,FI1C3,1994,48.261
A,P_MHAB,FI1C3,1995,95.034
A,P_MHAB,FI1C3,1996,87.752
A,P_MHAB,FI1C3,1997,67.018
A,P_MHAB,FI1C3,1998,107.734
A,P_MHAB,FI1C3,1999,83.568
A,P_MHAB,FI1C3,2000,105.854
A,P_MHAB,FI1C3,2001,121.999
A,P_MHAB,FI1C3,2002,134.78
A,P_MHAB,FI1C3,2003,68.555
A,P_MHAB,FI1C3,2004,113.388
A,P_MHAB,FI1C3,2005,90.747
A,P_MHAB,FI1C3,2006,91.318
A,P_MHAB,FI1C3,2007,89.141
A,P_MHAB,FI1C3,2008,129.56
A,P_MHAB,FI1C3,2009,138.314
A,P_MHAB,FI1C3,2010,129.08
A,P_MHAB,FI1C3,2011,80.536
A,P_MHAB,FI1C3,2012,99.537
A,P_MHAB,FI1C4,1990,116.67
A,P_MHAB,FI1C4,1991,65.749
A,P_MHAB,FI1C4,1992,68.853
A,P_MHAB,FI1C4,1993,68.912
A,P_MHAB,FI1C4,1994,98.718
A,P_MHAB,FI1C4,1995,86.19
A,P_MHAB,FI1C4,1996,89.868
A,P_MHAB,FI1C4,1997,70.859
A,P_MHAB,FI1C4,1998,104.529
A,P_MHAB,FI1C4,1999,94.256
A,P_MHAB,FI1C4,2000,87.1
A,P_MHAB,FI1C4,2001,128.711
A,P_MHAB,FI1C4,2002,30.368
A,P_MHAB,FI1C4,2003,43.899
A,P_MHAB,FI1C4,2004,71.797
A,P_MHAB,FI1C4,2005,73.838
A,P_MHAB,FI1C4,2006,94.818
A,P_MHAB,FI1C4,2007,45.05
A,P_MHAB,FI1C4,2008,58.726
A,P_MHAB,FI1C4,2009,50.943
A,P_MHAB,FI1C4,2010,76.17
A,P_MHAB,FI1C4,2011,54.446
A,P_MHAB,FI1C4,2012,70.561
A,P_MHAB,FI1C5,1990,25.984
A,P_MHAB,FI1C5,1991,16.497
A,P_MHAB,FI1C5,1992,23.314
A,P_MHAB,FI1C5,1993,30.736
A,P_MHAB,FI1C5,1994,33.304
A,P_MHAB,FI1C5,1995,46.137
A,P_MHAB,FI1C5,1996,94.836
A,P_MHAB,FI1C5,1997,44.368
A,P_MHAB,FI1C5,1998,91.968
A,P_MHAB,FI1C5,1999,57.927
A,P_MHAB,FI1C5,2000,78.47
A,P_MHAB,FI1C5,2001,76.049
A,P_MHAB,FI1C5,2002,76.34
A,P_MHAB,FI1C5,2003,95.103
A,P_MHAB,FI1C5,2004,118.634
A,P_MHAB,FI1C5,2005,81.001
A,P_MHAB,FI1C5,2006,81.34
A,P_MHAB,FI1C5,2007,119.256
A,P_MHAB,FI1C5,2008,128.864
A,P_MHAB,FI1C5,2009,159.541
A,P_MHAB,FI1C5,2010,191.316
A,P_MHAB,FI1C5,2011,211.14
A,P_MHAB,FI1C5,2012,271.771
A,P_MHAB,FI1D,1990,48.489
A,P_MHAB,FI1D,1991,52.563
A,P_MHAB,FI1D,1992,51.083
A,P_MHAB,FI1D,1993,70.131
A,P_MHAB,FI1D,1994,77.815
A,P_MHAB,FI1D,1995,79.538
A,P_MHAB,FI1D,1996,91.562
A,P_MHAB,FI1D,1997,135.926
A,P_MHAB,FI1D,1998,121.26
A,P_MHAB,FI1D,1999,150.188
A,P_MHAB,FI1D,2000,149.021
A,P_MHAB,FI1D,2001,117.033
A,P_MHAB,FI1D,2002,124.017
A,P_MHAB,FI1D,2003,116.285
A,P_MHAB,FI1D,2004,111.828
A,P_MHAB,FI1D,2005,127.338
A,P_MHAB,FI1D,2006,134.712
A,P_MHAB,FI1D,2007,136.894
A,P_MHAB,FI1D,2008,125.191
A,P_MHAB,FI1D,2009,145.583
A,P_MHAB,FI1D,2010,148.102
A,P_MHAB,FI1D,2011,144.158
A,P_MHAB,FI1D,2012,136.175
A,P_MHAB,FI1D1,1990,56.347
A,P_MHAB,FI1D1,1991,43.045
A,P_MHAB,FI1D1,1992,34.46
A,P_MHAB,FI1D1,1993,72.754
A,P_MHAB,FI1D1,1994,61.59
A,P_MHAB,FI1D1,1995,39.843
A,P_MHAB,FI1D1,1996,23.203
A,P_MHAB,FI1D1,1997,56.151
A,P_MHAB,FI1D1,1998,75.661
A,P_MHAB,FI1D1,1999,72.278
A,P_MHAB,FI1D1,2000,50.866
A,P_MHAB,FI1D1,2001,27.938
A,P_MHAB,FI1D1,2002,30.4
A,P_MHAB,FI1D1,2003,27.071
A,P_MHAB,FI1D1,2004,42.638
A,P_MHAB,FI1D1,2005,14.19
A,P_MHAB,FI1D1,2006,39.811
A,P_MHAB,FI1D1,2007,48.09
A,P_MHAB,FI1D1,2008,54.921
A,P_MHAB,FI1D1,2009,54.267
A,P_MHAB,FI1D1,2010,75.401
A,P_MHAB,FI1D1,2011,71.637
A,P_MHAB,FI1D1,2012,78.835
A,P_MHAB,FI1D2,1990,35.43
A,P_MHAB,FI1D2,1991,28.999
A,P_MHAB,FI1D2,1992,28.771
A,P_MHAB,FI1D2,1993,24.3
A,P_MHAB,FI1D2,1994,54.678
A,P_MHAB,FI1D2,1995,31.585
A,P_MHAB,FI1D2,1996,49.984
A,P_MHAB,FI1D2,1997,42.931
A,P_MHAB,FI1D2,1998,84.918
A,P_MHAB,FI1D2,1999,50.754
A,P_MHAB,FI1D2,2000,53.16
A,P_MHAB,FI1D2,2001,65.495
A,P_MHAB,FI1D2,2002,98.56
A,P_MHAB,FI1D2,2003,49.886
A,P_MHAB,FI1D2,2004,100.057
A,P_MHAB,FI1D2,2005,102.83
A,P_MHAB,FI1D2,2006,124.128
A,P_MHAB,FI1D2,2007,78.678
A,P_MHAB,FI1D2,2008,68.871
A,P_MHAB,FI1D2,2009,92.262
A,P_MHAB,FI1D2,2010,80.586
A,P_MHAB,FI1D2,2011,82.156
A,P_MHAB,FI1D2,2012,71.978
A,P_MHAB,FI1D3,1990,27.185
A,P_MHAB,FI1D3,1991,5.655
A,P_MHAB,FI1D3,1992,15.216
A,P_MHAB,FI1D3,1993,29.962
A,P_MHAB,FI1D3,1994,5.616
A,P_MHAB,FI1D3,1995,39.344
A,P_MHAB,FI1D3,1996,41.575
A,P_MHAB,FI1D3,1997,48.235
A,P_MHAB,FI1D3,1998,76.112
A,P_MHAB,FI1D3,1999,59.655
A,P_MHAB,FI1D3,2000,53.723
A,P_MHAB,FI1D3,2001,57.281
A,P_MHAB,FI1D3,2002,56.735
A,P_MHAB,FI1D3,2003,84.786
A,P_MHAB,FI1D3,2004,38.432
A,P_MHAB,FI1D3,2005,52.368
A,P_MHAB,FI1D3,2006,82.877
A,P_MHAB,FI1D3,2007,64.172
A,P_MHAB,FI1D3,2008,58.593
A,P_MHAB,FI1D3,2009,86.258
A,P_MHAB,FI1D3,2010,68.389
A,P_MHAB,FI1D3,2011,62.159
A,P_MHAB,FI1D3,2012,26.642
A,P_MHAB,FI1D4,1991,13.717
A,P_MHAB,FI1D4,1992,3.413
A,P_MHAB,FI1D4,1994,23.365
A,P_MHAB,FI1D4,1995,26.092
A,P_MHAB,FI1D4,1996,10.504
A,P_MHAB,FI1D4,1997,32.526
A,P_MHAB,FI1D4,1998,14.268
A,P_MHAB,FI1D4,1999,34.43
A,P_MHAB,FI1D4,2000,62.252
A,P_MHAB,FI1D4,2002,39.56
A,P_MHAB,FI1D4,2003,11.445
A,P_MHAB,FI1D4,2004,13.861
A,P_MHAB,FI1D4,2005,43.622
A,P_MHAB,FI1D4,2006,74.675
A,P_MHAB,FI1D4,2007,28.453
A,P_MHAB,FI1D4,2008,62.068
A,P_MHAB,FI1D4,2009,42.088
A,P_MHAB,FI1D4,2010,10.044
A,P_MHAB,FI1D4,2011,19.495
A,P_MHAB,FI1D4,2012,49.202
A,P_MHAB,FI1D5,1990,12.204
A,P_MHAB,FI1D5,1991,14.66
A,P_MHAB,FI1D5,1993,14.517
A,P_MHAB,FI1D5,1994,3.607
A,P_MHAB,FI1D5,1995,3.591
A,P_MHAB,FI1D5,1996,21.571
A,P_MHAB,FI1D5,1997,14.448
A,P_MHAB,FI1D5,1998,21.733
A,P_MHAB,FI1D5,1999,126.067
A,P_MHAB,FI1D5,2000,61.892
A,P_MHAB,FI1D5,2001,72.298
A,P_MHAB,FI1D5,2002,29.998
A,P_MHAB,FI1D5,2003,91.411
A,P_MHAB,FI1D5,2005,57.742
A,P_MHAB,FI1D5,2007,12.272
A,P_MHAB,FI1D5,2008,42.711
A,P_MHAB,FI1D5,2009,36.77
A,P_MHAB,FI1D5,2010,41.538
A,P_MHAB,FI1D5,2011,12.149
A,P_MHAB,FI1D5,2012,16.062
A,P_MHAB,FI1D6,1990,111.409
A,P_MHAB,FI1D6,1991,137.597
A,P_MHAB,FI1D6,1992,143.94
A,P_MHAB,FI1D6,1993,190.456
A,P_MHAB,FI1D6,1994,205.703
A,P_MHAB,FI1D6,1995,225.113
A,P_MHAB,FI1D6,1996,258.178
A,P_MHAB,FI1D6,1997,394.427
A,P_MHAB,FI1D6,1998,297.654
A,P_MHAB,FI1D6,1999,391.569
A,P_MHAB,FI1D6,2000,400.121
A,P_MHAB,FI1D6,2001,307.3
A,P_MHAB,FI1D6,2002,295.873
A,P_MHAB,FI1D6,2003,288.784
A,P_MHAB,FI1D6,2004,271.226
A,P_MHAB,FI1D6,2005,305.919
A,P_MHAB,FI1D6,2006,295.521
A,P_MHAB,FI1D6,2007,346.513
A,P_MHAB,FI1D6,2008,300.095
A,P_MHAB,FI1D6,2009,337.503
A,P_MHAB,FI1D6,2010,352.988
A,P_MHAB,FI1D6,2011,345.777
A,P_MHAB,FI1D6,2012,329.114
A,P_MHAB,FI1D7,1990,5.001
A,P_MHAB,FI1D7,1991,17.441
A,P_MHAB,FI1D7,1992,4.959
A,P_MHAB,FI1D7,1993,4.94
A,P_MHAB,FI1D7,1994,12.322
A,P_MHAB,FI1D7,1995,4.943
A,P_MHAB,FI1D7,1996,12.412
A,P_MHAB,FI1D7,1997,25.626
A,P_MHAB,FI1D7,1998,10.048
A,P_MHAB,FI1D7,1999,42.716
A,P_MHAB,FI1D7,2000,42.86
A,P_MHAB,FI1D7,2001,20.598
A,P_MHAB,FI1D7,2002,36.083
A,P_MHAB,FI1D7,2003,26.361
A,P_MHAB,FI1D7,2004,20.062
A,P_MHAB,FI1D7,2005,27.73
A,P_MHAB,FI1D7,2006,24.65
A,P_MHAB,FI1D7,2007,18.006
A,P_MHAB,FI1D7,2008,14.046
A,P_MHAB,FI1D7,2009,29.897
A,P_MHAB,FI1D7,2010,37.17
A,P_MHAB,FI1D7,2011,34.062
A,P_MHAB,FI1D7,2012,35.019
A,P_MHAB,FI20,1994,19.919
A,P_MHAB,FI20,1996,119.038
A,P_MHAB,FI20,1997,79.186
A,P_MHAB,FI20,1998,36.232
A,P_MHAB,FI20,1999,78.049
A,P_MHAB,FI20,2000,155.606
A,P_MHAB,FI20,2001,70.996
A,P_MHAB,FI20,2003,114.255
A,P_MHAB,FI20,2004,113.865
A,P_MHAB,FI20,2005,6.408
A,P_MHAB,FI20,2006,74.722
A,P_MHAB,FI20,2007,49.4
A,P_MHAB,FI20,2008,18.414
A,P_MHAB,FI20,2009,30.23
A,P_MHAB,FI20,2010,47.956
A,P_MHAB,FI20,2011,202.449
A,P_MHAB,FI20,2012,120.618
A,P_MHAB,FI200,1994,19.919
A,P_MHAB,FI200,1996,119.038
A,P_MHAB,FI200,1997,79.186
A,P_MHAB,FI200,1998,36.232
A,P_MHAB,FI200,1999,78.049
A,P_MHAB,FI200,2000,155.606
A,P_MHAB,FI200,2001,70.996
A,P_MHAB,FI200,2003,114.255
A,P_MHAB,FI200,2004,113.865
A,P_MHAB,FI200,2005,6.408
A,P_MHAB,FI200,2006,74.722
A,P_MHAB,FI200,2007,49.4
A,P_MHAB,FI200,2008,18.414
A,P_MHAB,FI200,2009,30.23
A,P_MHAB,FI200,2010,47.956
A,P_MHAB,FI200,2011,202.449
A,P_MHAB,FI200,2012,120.618
A,P_MHAB,FR10,1990,201.654
A,P_MHAB,FR10,1991,206.363
A,P_MHAB,FR10,1992,184.439
A,P_MHAB,FR10,1993,184.365
A,P_MHAB,FR10,1994,192.304
A,P_MHAB,FR10,1995,198.917
A,P_MHAB,FR10,1996,206.412
A,P_MHAB,FR10,1997,234.893
A,P_MHAB,FR10,1998,261.917
A,P_MHAB,FR10,1999,275.565
A,P_MHAB,FR10,2000,265.314
A,P_MHAB,FR10,2001,263.626
A,P_MHAB,FR10,2002,251.272
A,P_MHAB,FR10,2003,277.106
A,P_MHAB,FR10,2004,294.39
A,P_MHAB,FR10,2005,266.714
A,P_MHAB,FR10,2006,271.868
A,P_MHAB,FR10,2007,270.457
A,P_MHAB,FR10,2008,270.652
A,P_MHAB,FR10,2009,259.617
A,P_MHAB,FR10,2010,241.297
A,P_MHAB,FR10,2011,254.994
A,P_MHAB,FR10,2012,198.308
A,P_MHAB,FR101,1990,235.844
A,P_MHAB,FR101,1991,240.522
A,P_MHAB,FR101,1992,225.751
A,P_MHAB,FR101,1993,230.999
A,P_MHAB,FR101,1994,246.035
A,P_MHAB,FR101,1995,217.85
A,P_MHAB,FR101,1996,270.398
A,P_MHAB,FR101,1997,321.853
A,P_MHAB,FR101,1998,351.866
A,P_MHAB,FR101,1999,369.829
A,P_MHAB,FR101,2000,350.049
A,P_MHAB,FR101,2001,373.147
A,P_MHAB,FR101,2002,364.456
A,P_MHAB,FR101,2003,394.496
A,P_MHAB,FR101,2004,406.849
A,P_MHAB,FR101,2005,352.378
A,P_MHAB,FR101,2006,353.823
A,P_MHAB,FR101,2007,356.01
A,P_MHAB,FR101,2008,363.904
A,P_MHAB,FR101,2009,344.509
A,P_MHAB,FR101,2010,302.678
A,P_MHAB,FR101,2011,315.857
A,P_MHAB,FR101,2012,227.147
A,P_MHAB,FR102,1990,85.091
A,P_MHAB,FR102,1991,96.582
A,P_MHAB,FR102,1992,81.517
A,P_MHAB,FR102,1993,96.289
A,P_MHAB,FR102,1994,90.28
A,P_MHAB,FR102,1995,96.436
A,P_MHAB,FR102,1996,114.205
A,P_MHAB,FR102,1997,115.414
A,P_MHAB,FR102,1998,127.835
A,P_MHAB,FR102,1999,105.943
A,P_MHAB,FR102,2000,110.921
A,P_MHAB,FR102,2001,144.57
A,P_MHAB,FR102,2002,144.602
A,P_MHAB,FR102,2003,163.594
A,P_MHAB,FR102,2004,164.285
A,P_MHAB,FR102,2005,129.753
A,P_MHAB,FR102,2006,142.977
A,P_MHAB,FR102,2007,194.886
A,P_MHAB,FR102,2008,141.812
A,P_MHAB,FR102,2009,149.998
A,P_MHAB,FR102,2010,136.248
A,P_MHAB,FR102,2011,169.4
A,P_MHAB,FR102,2012,131.091
A,P_MHAB,FR103,1990,283.516
A,P_MHAB,FR103,1991,258.357
A,P_MHAB,FR103,1992,241.407
A,P_MHAB,FR103,1993,229.522
A,P_MHAB,FR103,1994,207.257
A,P_MHAB,FR103,1995,265.134
A,P_MHAB,FR103,1996,252.766
A,P_MHAB,FR103,1997,317.208
A,P_MHAB,FR103,1998,348.904
A,P_MHAB,FR103,1999,358.242
A,P_MHAB,FR103,2000,340.009
A,P_MHAB,FR103,2001,335.703
A,P_MHAB,FR103,2002,348.55
A,P_MHAB,FR103,2003,337.242
A,P_MHAB,FR103,2004,408.699
A,P_MHAB,FR103,2005,375.327
A,P_MHAB,FR103,2006,366.327
A,P_MHAB,FR103,2007,361.87
A,P_MHAB,FR103,2008,353.756
A,P_MHAB,FR103,2009,304.797
A,P_MHAB,FR103,2010,317.292
A,P_MHAB,FR103,2011,363.368
A,P_MHAB,FR103,2012,287.222
A,P_MHAB,FR104,1990,162.447
A,P_MHAB,FR104,1991,217.435
A,P_MHAB,FR104,1992,163.205
A,P_MHAB,FR104,1993,167.635
A,P_MHAB,FR104,1994,191.007
A,P_MHAB,FR104,1995,193.341
A,P_MHAB,FR104,1996,190.428
A,P_MHAB,FR104,1997,210.019
A,P_MHAB,FR104,1998,231.614
A,P_MHAB,FR104,1999,263.68
A,P_MHAB,FR104,2000,273.563
A,P_MHAB,FR104,2001,300.342
A,P_MHAB,FR104,2002,257.714
A,P_MHAB,FR104,2003,316.535
A,P_MHAB,FR104,2004,349.325
A,P_MHAB,FR104,2005,283.41
A,P_MHAB,FR104,2006,316.773
A,P_MHAB,FR104,2007,346.408
A,P_MHAB,FR104,2008,356.495
A,P_MHAB,FR104,2009,353.972
A,P_MHAB,FR104,2010,344.866
A,P_MHAB,FR104,2011,336.486
A,P_MHAB,FR104,2012,315.885
A,P_MHAB,FR105,1990,432.433
A,P_MHAB,FR105,1991,424.974
A,P_MHAB,FR105,1992,376.419
A,P_MHAB,FR105,1993,350.551
A,P_MHAB,FR105,1994,393.151
A,P_MHAB,FR105,1995,415.457
A,P_MHAB,FR105,1996,309.507
A,P_MHAB,FR105,1997,346.656
A,P_MHAB,FR105,1998,388.462
A,P_MHAB,FR105,1999,440.532
A,P_MHAB,FR105,2000,418.532
A,P_MHAB,FR105,2001,345.007
A,P_MHAB,FR105,2002,321.245
A,P_MHAB,FR105,2003,423.087
A,P_MHAB,FR105,2004,443.492
A,P_MHAB,FR105,2005,467.796
A,P_MHAB,FR105,2006,480.49
A,P_MHAB,FR105,2007,413.653
A,P_MHAB,FR105,2008,472.781
A,P_MHAB,FR105,2009,482.159
A,P_MHAB,FR105,2010,416.098
A,P_MHAB,FR105,2011,414.693
A,P_MHAB,FR105,2012,334.562
A,P_MHAB,FR106,1990,90.441
A,P_MHAB,FR106,1991,82.016
A,P_MHAB,FR106,1992,66.474
A,P_MHAB,FR106,1993,62.901
A,P_MHAB,FR106,1994,72.982
A,P_MHAB,FR106,1995,65.239
A,P_MHAB,FR106,1996,70.779
A,P_MHAB,FR106,1997,58.878
A,P_MHAB,FR106,1998,62.041
A,P_MHAB,FR106,1999,71.075
A,P_MHAB,FR106,2000,72.308
A,P_MHAB,FR106,2001,72.539
A,P_MHAB,FR106,2002,60.909
A,P_MHAB,FR106,2003,63.378
A,P_MHAB,FR106,2004,59.338
A,P_MHAB,FR106,2005,65.59
A,P_MHAB,FR106,2006,57.595
A,P_MHAB,FR106,2007,60.186
A,P_MHAB,FR106,2008,50.92
A,P_MHAB,FR106,2009,44.044
A,P_MHAB,FR106,2010,46.569
A,P_MHAB,FR106,2011,48.728
A,P_MHAB,FR106,2012,41.508
A,P_MHAB,FR107,1990,112.869
A,P_MHAB,FR107,1991,142.805
A,P_MHAB,FR107,1992,132.119
A,P_MHAB,FR107,1993,137.37
A,P_MHAB,FR107,1994,149.72
A,P_MHAB,FR107,1995,157.359
A,P_MHAB,FR107,1996,257.168
A,P_MHAB,FR107,1997,274.249
A,P_MHAB,FR107,1998,302.806
A,P_MHAB,FR107,1999,309.112
A,P_MHAB,FR107,2000,294.288
A,P_MHAB,FR107,2001,314.633
A,P_MHAB,FR107,2002,294.919
A,P_MHAB,FR107,2003,276.524
A,P_MHAB,FR107,2004,265.633
A,P_MHAB,FR107,2005,235.344
A,P_MHAB,FR107,2006,227.822
A,P_MHAB,FR107,2007,223.235
A,P_MHAB,FR107,2008,220.173
A,P_MHAB,FR107,2009,196.187
A,P_MHAB,FR107,2010,178.824
A,P_MHAB,FR107,2011,204.468
A,P_MHAB,FR107,2012,142.432
A,P_MHAB,FR108,1990,133.015
A,P_MHAB,FR108,1991,122.211
A,P_MHAB,FR108,1992,122.272
A,P_MHAB,FR108,1993,140.353
A,P_MHAB,FR108,1994,119.204
A,P_MHAB,FR108,1995,133.502
A,P_MHAB,FR108,1996,123.883
A,P_MHAB,FR108,1997,155.111
A,P_MHAB,FR108,1998,200.676
A,P_MHAB,FR108,1999,193.774
A,P_MHAB,FR108,2000,181.734
A,P_MHAB,FR108,2001,136.072
A,P_MHAB,FR108,2002,127.64
A,P_MHAB,FR108,2003,145.109
A,P_MHAB,FR108,2004,164.391
A,P_MHAB,FR108,2005,133.744
A,P_MHAB,FR108,2006,147.513
A,P_MHAB,FR108,2007,138.156
A,P_MHAB,FR108,2008,120.809
A,P_MHAB,FR108,2009,122.407
A,P_MHAB,FR108,2010,132.834
A,P_MHAB,FR108,2011,132.086
A,P_MHAB,FR108,2012,76.507
A,P_MHAB,FR21,1990,47.722
A,P_MHAB,FR21,1991,50.996
A,P_MHAB,FR21,1992,43.812
A,P_MHAB,FR21,1993,48.506
A,P_MHAB,FR21,1994,34.814
A,P_MHAB,FR21,1995,39.019
A,P_MHAB,FR21,1996,41.311
A,P_MHAB,FR21,1997,60.493
A,P_MHAB,FR21,1998,52.93
A,P_MHAB,FR21,1999,64.462
A,P_MHAB,FR21,2000,69.091
A,P_MHAB,FR21,2001,55.616
A,P_MHAB,FR21,2002,62.036
A,P_MHAB,FR21,2003,62.498
A,P_MHAB,FR21,2004,52.911
A,P_MHAB,FR21,2005,57.712
A,P_MHAB,FR21,2006,71.539
A,P_MHAB,FR21,2007,48.31
A,P_MHAB,FR21,2008,49.746
A,P_MHAB,FR21,2009,57.745
A,P_MHAB,FR21,2010,58.664
A,P_MHAB,FR21,2011,67.048
A,P_MHAB,FR21,2012,62.713
A,P_MHAB,FR211,1990,65.777
A,P_MHAB,FR211,1991,75.928
A,P_MHAB,FR211,1992,56.58
A,P_MHAB,FR211,1993,94.126
A,P_MHAB,FR211,1994,22.089
A,P_MHAB,FR211,1995,43.018
A,P_MHAB,FR211,1996,29.438
A,P_MHAB,FR211,1997,48.498
A,P_MHAB,FR211,1998,49.394
A,P_MHAB,FR211,1999,41.9
A,P_MHAB,FR211,2000,48.928
A,P_MHAB,FR211,2001,29.996
A,P_MHAB,FR211,2002,56.045
A,P_MHAB,FR211,2003,52.846
A,P_MHAB,FR211,2004,32.075
A,P_MHAB,FR211,2005,45.562
A,P_MHAB,FR211,2006,82.443
A,P_MHAB,FR211,2007,45.057
A,P_MHAB,FR211,2008,53.378
A,P_MHAB,FR211,2009,38.405
A,P_MHAB,FR211,2010,54.793
A,P_MHAB,FR211,2011,97.241
A,P_MHAB,FR211,2012,58.633
A,P_MHAB,FR212,1990,39.773
A,P_MHAB,FR212,1991,28.712
A,P_MHAB,FR212,1992,12.039
A,P_MHAB,FR212,1993,27.389
A,P_MHAB,FR212,1994,30.483
A,P_MHAB,FR212,1995,20.508
A,P_MHAB,FR212,1996,26.78
A,P_MHAB,FR212,1997,74.305
A,P_MHAB,FR212,1998,41.001
A,P_MHAB,FR212,1999,78.682
A,P_MHAB,FR212,2000,59.314
A,P_MHAB,FR212,2001,32.958
A,P_MHAB,FR212,2002,36.66
A,P_MHAB,FR212,2003,40.23
A,P_MHAB,FR212,2004,24.667
A,P_MHAB,FR212,2005,42.146
A,P_MHAB,FR212,2006,35.268
A,P_MHAB,FR212,2007,21.706
A,P_MHAB,FR212,2008,28.773
A,P_MHAB,FR212,2009,45.731
A,P_MHAB,FR212,2010,48.792
A,P_MHAB,FR212,2011,44.968
A,P_MHAB,FR212,2012,46.334
A,P_MHAB,FR213,1990,42.088
A,P_MHAB,FR213,1991,50.93
A,P_MHAB,FR213,1992,51.338
A,P_MHAB,FR213,1993,33.36
A,P_MHAB,FR213,1994,41.856
A,P_MHAB,FR213,1995,47.034
A,P_MHAB,FR213,1996,59.536
A,P_MHAB,FR213,1997,64.581
A,P_MHAB,FR213,1998,62.11
A,P_MHAB,FR213,1999,63.481
A,P_MHAB,FR213,2000,77.602
A,P_MHAB,FR213,2001,73.559
A,P_MHAB,FR213,2002,78.829
A,P_MHAB,FR213,2003,73.803
A,P_MHAB,FR213,2004,77.947
A,P_MHAB,FR213,2005,70.023
A,P_MHAB,FR213,2006,95.84
A,P_MHAB,FR213,2007,66.056
A,P_MHAB,FR213,2008,65.335
A,P_MHAB,FR213,2009,82.594
A,P_MHAB,FR213,2010,74.084
A,P_MHAB,FR213,2011,76.266
A,P_MHAB,FR213,2012,82.198
A,P_MHAB,FR214,1990,48.177
A,P_MHAB,FR214,1991,46.721
A,P_MHAB,FR214,1992,50.037
A,P_MHAB,FR214,1993,54.609
A,P_MHAB,FR214,1994,40.022
A,P_MHAB,FR214,1995,37.639
A,P_MHAB,FR214,1996,28.344
A,P_MHAB,FR214,1997,46.035
A,P_MHAB,FR214,1998,49.496
A,P_MHAB,FR214,1999,79.588
A,P_MHAB,FR214,2000,89.164
A,P_MHAB,FR214,2001,76.014
A,P_MHAB,FR214,2002,60.6
A,P_MHAB,FR214,2003,78.153
A,P_MHAB,FR214,2004,54.006
A,P_MHAB,FR214,2005,63.871
A,P_MHAB,FR214,2006,39.595
A,P_MHAB,FR214,2007,42.261
A,P_MHAB,FR214,2008,30.836
A,P_MHAB,FR214,2009,31.045
A,P_MHAB,FR214,2010,33.526
A,P_MHAB,FR214,2011,28.348
A,P_MHAB,FR214,2012,35.688
A,P_MHAB,FR22,1990,58.072
A,P_MHAB,FR22,1991,68.759
A,P_MHAB,FR22,1992,58.896
A,P_MHAB,FR22,1993,49.294
A,P_MHAB,FR22,1994,60.752
A,P_MHAB,FR22,1995,52.672
A,P_MHAB,FR22,1996,66.81
A,P_MHAB,FR22,1997,82.537
A,P_MHAB,FR22,1998,89.138
A,P_MHAB,FR22,1999,76.594
A,P_MHAB,FR22,2000,74.909
A,P_MHAB,FR22,2001,74.22
A,P_MHAB,FR22,2002,69.561
A,P_MHAB,FR22,2003,74.084
A,P_MHAB,FR22,2004,80.641
A,P_MHAB,FR22,2005,100.274
A,P_MHAB,FR22,2006,71.745
A,P_MHAB,FR22,2007,83.627
A,P_MHAB,FR22,2008,76.392
A,P_MHAB,FR22,2009,65.447
A,P_MHAB,FR22,2010,80.753
A,P_MHAB,FR22,2011,86.927
A,P_MHAB,FR22,2012,52.738
A,P_MHAB,FR221,1990,20.172
A,P_MHAB,FR221,1991,25.183
A,P_MHAB,FR221,1992,22.631
A,P_MHAB,FR221,1993,7.804
A,P_MHAB,FR221,1994,14.723
A,P_MHAB,FR221,1995,14.545
A,P_MHAB,FR221,1996,27.88
A,P_MHAB,FR221,1997,29.065
A,P_MHAB,FR221,1998,23.144
A,P_MHAB,FR221,1999,25.794
A,P_MHAB,FR221,2000,41.622
A,P_MHAB,FR221,2001,16.436
A,P_MHAB,FR221,2002,27.441
A,P_MHAB,FR221,2003,24.373
A,P_MHAB,FR221,2004,18.864
A,P_MHAB,FR221,2005,56.725
A,P_MHAB,FR221,2006,31.803
A,P_MHAB,FR221,2007,26.812
A,P_MHAB,FR221,2008,25.984
A,P_MHAB,FR221,2009,17.486
A,P_MHAB,FR221,2010,28.769
A,P_MHAB,FR221,2011,15.906
A,P_MHAB,FR221,2012,8.578
A,P_MHAB,FR222,1990,110.242
A,P_MHAB,FR222,1991,133.638
A,P_MHAB,FR222,1992,106.119
A,P_MHAB,FR222,1993,86.314
A,P_MHAB,FR222,1994,105.395
A,P_MHAB,FR222,1995,90.965
A,P_MHAB,FR222,1996,109.658
A,P_MHAB,FR222,1997,145.879
A,P_MHAB,FR222,1998,155.141
A,P_MHAB,FR222,1999,118.316
A,P_MHAB,FR222,2000,128.753
A,P_MHAB,FR222,2001,137.131
A,P_MHAB,FR222,2002,128.084
A,P_MHAB,FR222,2003,122.092
A,P_MHAB,FR222,2004,133.375
A,P_MHAB,FR222,2005,152.685
A,P_MHAB,FR222,2006,118.251
A,P_MHAB,FR222,2007,137.907
A,P_MHAB,FR222,2008,127.156
A,P_MHAB,FR222,2009,118.8
A,P_MHAB,FR222,2010,136.935
A,P_MHAB,FR222,2011,137.096
A,P_MHAB,FR222,2012,90.09
A,P_MHAB,FR223,1990,26.174
A,P_MHAB,FR223,1991,24.775
A,P_MHAB,FR223,1992,30.79
A,P_MHAB,FR223,1993,39.655
A,P_MHAB,FR223,1994,44.815
A,P_MHAB,FR223,1995,37.435
A,P_MHAB,FR223,1996,45.729
A,P_MHAB,FR223,1997,47.068
A,P_MHAB,FR223,1998,61.937
A,P_MHAB,FR223,1999,68.059
A,P_MHAB,FR223,2000,32.541
A,P_MHAB,FR223,2001,42.602
A,P_MHAB,FR223,2002,28.665
A,P_MHAB,FR223,2003,54.763
A,P_MHAB,FR223,2004,65.968
A,P_MHAB,FR223,2005,68.357
A,P_MHAB,FR223,2006,44.39
A,P_MHAB,FR223,2007,61.229
A,P_MHAB,FR223,2008,52.738
A,P_MHAB,FR223,2009,35.839
A,P_MHAB,FR223,2010,50.881
A,P_MHAB,FR223,2011,83.472
A,P_MHAB,FR223,2012,41.582
A,P_MHAB,FR23,1990,59.304
A,P_MHAB,FR23,1991,48.776
A,P_MHAB,FR23,1992,46.565
A,P_MHAB,FR23,1993,49.382
A,P_MHAB,FR23,1994,54.809
A,P_MHAB,FR23,1995,66.492
A,P_MHAB,FR23,1996,84.725
A,P_MHAB,FR23,1997,84.173
A,P_MHAB,FR23,1998,87.755
A,P_MHAB,FR23,1999,107.178
A,P_MHAB,FR23,2000,92.913
A,P_MHAB,FR23,2001,95.054
A,P_MHAB,FR23,2002,93.183
A,P_MHAB,FR23,2003,115.789
A,P_MHAB,FR23,2004,104.379
A,P_MHAB,FR23,2005,125.307
A,P_MHAB,FR23,2006,130.824
A,P_MHAB,FR23,2007,121.285
A,P_MHAB,FR23,2008,130.692
A,P_MHAB,FR23,2009,113.01
A,P_MHAB,FR23,2010,123.667
A,P_MHAB,FR23,2011,122.997
A,P_MHAB,FR23,2012,88.147
A,P_MHAB,FR231,1990,88.127
A,P_MHAB,FR231,1991,66.457
A,P_MHAB,FR231,1992,76.692
A,P_MHAB,FR231,1993,79.171
A,P_MHAB,FR231,1994,97.922
A,P_MHAB,FR231,1995,86.011
A,P_MHAB,FR231,1996,114.048
A,P_MHAB,FR231,1997,127.796
A,P_MHAB,FR231,1998,120.532
A,P_MHAB,FR231,1999,183.947
A,P_MHAB,FR231,2000,142.077
A,P_MHAB,FR231,2001,154.421
A,P_MHAB,FR231,2002,134.315
A,P_MHAB,FR231,2003,186.75
A,P_MHAB,FR231,2004,148.786
A,P_MHAB,FR231,2005,143.383
A,P_MHAB,FR231,2006,171.221
A,P_MHAB,FR231,2007,121.551
A,P_MHAB,FR231,2008,139.216
A,P_MHAB,FR231,2009,128.684
A,P_MHAB,FR231,2010,125.992
A,P_MHAB,FR231,2011,157.402
A,P_MHAB,FR231,2012,96.735
A,P_MHAB,FR232,1990,47.198
A,P_MHAB,FR232,1991,41.32
A,P_MHAB,FR232,1992,33.778
A,P_MHAB,FR232,1993,36.692
A,P_MHAB,FR232,1994,36.369
A,P_MHAB,FR232,1995,58.119
A,P_MHAB,FR232,1996,72.092
A,P_MHAB,FR232,1997,65.263
A,P_MHAB,FR232,1998,73.481
A,P_MHAB,FR232,1999,73.678
A,P_MHAB,FR232,2000,71.326
A,P_MHAB,FR232,2001,68.805
A,P_MHAB,FR232,2002,74.894
A,P_MHAB,FR232,2003,84.035
A,P_MHAB,FR232,2004,84.385
A,P_MHAB,FR232,2005,117.118
A,P_MHAB,FR232,2006,112.402
A,P_MHAB,FR232,2007,121.162
A,P_MHAB,FR232,2008,126.752
A,P_MHAB,FR232,2009,105.702
A,P_MHAB,FR232,2010,122.576
A,P_MHAB,FR232,2011,106.826
A,P_MHAB,FR232,2012,84.096
A,P_MHAB,FR24,1990,56.76
A,P_MHAB,FR24,1991,57.298
A,P_MHAB,FR24,1992,59.067
A,P_MHAB,FR24,1993,77.167
A,P_MHAB,FR24,1994,75.075
A,P_MHAB,FR24,1995,75.056
A,P_MHAB,FR24,1996,94.315
A,P_MHAB,FR24,1997,88.745
A,P_MHAB,FR24,1998,86.609
A,P_MHAB,FR24,1999,105.123
A,P_MHAB,FR24,2000,105.819
A,P_MHAB,FR24,2001,94.383
A,P_MHAB,FR24,2002,88.634
A,P_MHAB,FR24,2003,107.137
A,P_MHAB,FR24,2004,108.909
A,P_MHAB,FR24,2005,111.944
A,P_MHAB,FR24,2006,98.267
A,P_MHAB,FR24,2007,92.326
A,P_MHAB,FR24,2008,104.717
A,P_MHAB,FR24,2009,102.6
A,P_MHAB,FR24,2010,99.15
A,P_MHAB,FR24,2011,95.712
A,P_MHAB,FR24,2012,82.712
A,P_MHAB,FR241,1990,61.029
A,P_MHAB,FR241,1991,80.928
A,P_MHAB,FR241,1992,72.67
A,P_MHAB,FR241,1993,87.211
A,P_MHAB,FR241,1994,108.051
A,P_MHAB,FR241,1995,78.649
A,P_MHAB,FR241,1996,74.689
A,P_MHAB,FR241,1997,70.922
A,P_MHAB,FR241,1998,82.568
A,P_MHAB,FR241,1999,91.067
A,P_MHAB,FR241,2000,72.858
A,P_MHAB,FR241,2001,45.863
A,P_MHAB,FR241,2002,122.679
A,P_MHAB,FR241,2003,117.796
A,P_MHAB,FR241,2004,116.188
A,P_MHAB,FR241,2005,106.121
A,P_MHAB,FR241,2006,83.165
A,P_MHAB,FR241,2007,98.475
A,P_MHAB,FR241,2008,131.875
A,P_MHAB,FR241,2009,112.629
A,P_MHAB,FR241,2010,111.387
A,P_MHAB,FR241,2011,103.724
A,P_MHAB,FR241,2012,98.59
A,P_MHAB,FR242,1990,47.26
A,P_MHAB,FR242,1991,62.297
A,P_MHAB,FR242,1992,51.704
A,P_MHAB,FR242,1993,70.999
A,P_MHAB,FR242,1994,60.771
A,P_MHAB,FR242,1995,84.898
A,P_MHAB,FR242,1996,67.279
A,P_MHAB,FR242,1997,86.196
A,P_MHAB,FR242,1998,92.403
A,P_MHAB,FR242,1999,116.873
A,P_MHAB,FR242,2000,102.115
A,P_MHAB,FR242,2001,113.861
A,P_MHAB,FR242,2002,60.2
A,P_MHAB,FR242,2003,103.028
A,P_MHAB,FR242,2004,105.516
A,P_MHAB,FR242,2005,104.829
A,P_MHAB,FR242,2006,86.271
A,P_MHAB,FR242,2007,93.061
A,P_MHAB,FR242,2008,111.295
A,P_MHAB,FR242,2009,115.887
A,P_MHAB,FR242,2010,117.174
A,P_MHAB,FR242,2011,89.17
A,P_MHAB,FR242,2012,76.486
A,P_MHAB,FR243,1990,52.607
A,P_MHAB,FR243,1991,28.468
A,P_MHAB,FR243,1992,11.968
A,P_MHAB,FR243,1993,49.485
A,P_MHAB,FR243,1994,56.826
A,P_MHAB,FR243,1995,72.632
A,P_MHAB,FR243,1996,92.855
A,P_MHAB,FR243,1997,144.441
A,P_MHAB,FR243,1998,112.679
A,P_MHAB,FR243,1999,140.816
A,P_MHAB,FR243,2000,109.445
A,P_MHAB,FR243,2001,102.425
A,P_MHAB,FR243,2002,95.529
A,P_MHAB,FR243,2003,110.487
A,P_MHAB,FR243,2004,92.502
A,P_MHAB,FR243,2005,102.832
A,P_MHAB,FR243,2006,103.752
A,P_MHAB,FR243,2007,91.538
A,P_MHAB,FR243,2008,127.67
A,P_MHAB,FR243,2009,70.307
A,P_MHAB,FR243,2010,51.173
A,P_MHAB,FR243,2011,89.063
A,P_MHAB,FR243,2012,47.925
A,P_MHAB,FR244,1990,70.32
A,P_MHAB,FR244,1991,64.949
A,P_MHAB,FR244,1992,42.042
A,P_MHAB,FR244,1993,52.179
A,P_MHAB,FR244,1994,51.113
A,P_MHAB,FR244,1995,58.843
A,P_MHAB,FR244,1996,86.294
A,P_MHAB,FR244,1997,86.698
A,P_MHAB,FR244,1998,55.395
A,P_MHAB,FR244,1999,105.023
A,P_MHAB,FR244,2000,108.495
A,P_MHAB,FR244,2001,115.406
A,P_MHAB,FR244,2002,86.796
A,P_MHAB,FR244,2003,114.986
A,P_MHAB,FR244,2004,106.718
A,P_MHAB,FR244,2005,106.321
A,P_MHAB,FR244,2006,85.885
A,P_MHAB,FR244,2007,93.52
A,P_MHAB,FR244,2008,78.834
A,P_MHAB,FR244,2009,107.151
A,P_MHAB,FR244,2010,101.42
A,P_MHAB,FR244,2011,124.511
A,P_MHAB,FR244,2012,101.92
A,P_MHAB,FR245,1990,49.694
A,P_MHAB,FR245,1991,36.196
A,P_MHAB,FR245,1992,58.091
A,P_MHAB,FR245,1993,61.007
A,P_MHAB,FR245,1994,48.958
A,P_MHAB,FR245,1995,43.775
A,P_MHAB,FR245,1996,82.792
A,P_MHAB,FR245,1997,67.844
A,P_MHAB,FR245,1998,56.863
A,P_MHAB,FR245,1999,98.605
A,P_MHAB,FR245,2000,75.864
A,P_MHAB,FR245,2001,41.884
A,P_MHAB,FR245,2002,42.301
A,P_MHAB,FR245,2003,67.325
A,P_MHAB,FR245,2004,49.377
A,P_MHAB,FR245,2005,90.791
A,P_MHAB,FR245,2006,77.311
A,P_MHAB,FR245,2007,62.122
A,P_MHAB,FR245,2008,89.314
A,P_MHAB,FR245,2009,88.694
A,P_MHAB,FR245,2010,78.012
A,P_MHAB,FR245,2011,73.171
A,P_MHAB,FR245,2012,66.665
A,P_MHAB,FR246,1990,53.93
A,P_MHAB,FR246,1991,56.729
A,P_MHAB,FR246,1992,91.434
A,P_MHAB,FR246,1993,117.884
A,P_MHAB,FR246,1994,109.431
A,P_MHAB,FR246,1995,98.169
A,P_MHAB,FR246,1996,136.324
A,P_MHAB,FR246,1997,91.024
A,P_MHAB,FR246,1998,118.127
A,P_MHAB,FR246,1999,94.573
A,P_MHAB,FR246,2000,136.471
A,P_MHAB,FR246,2001,110.822
A,P_MHAB,FR246,2002,112.865
A,P_MHAB,FR246,2003,116.395
A,P_MHAB,FR246,2004,145.577
A,P_MHAB,FR246,2005,138.497
A,P_MHAB,FR246,2006,133.189
A,P_MHAB,FR246,2007,103.283
A,P_MHAB,FR246,2008,110.193
A,P_MHAB,FR246,2009,103.518
A,P_MHAB,FR246,2010,107.056
A,P_MHAB,FR246,2011,83.886
A,P_MHAB,FR246,2012,82.018
A,P_MHAB,FR25,1990,39.241
A,P_MHAB,FR25,1991,42.717
A,P_MHAB,FR25,1992,36.929
A,P_MHAB,FR25,1993,51.617
A,P_MHAB,FR25,1994,42.431
A,P_MHAB,FR25,1995,37.122
A,P_MHAB,FR25,1996,48.461
A,P_MHAB,FR25,1997,46.853
A,P_MHAB,FR25,1998,53.081
A,P_MHAB,FR25,1999,40.205
A,P_MHAB,FR25,2000,59.505
A,P_MHAB,FR25,2001,55.061
A,P_MHAB,FR25,2002,58.972
A,P_MHAB,FR25,2003,70.739
A,P_MHAB,FR25,2004,73.33
A,P_MHAB,FR25,2005,61.118
A,P_MHAB,FR25,2006,55.348
A,P_MHAB,FR25,2007,68.618
A,P_MHAB,FR25,2008,69.864
A,P_MHAB,FR25,2009,50.827
A,P_MHAB,FR25,2010,62.233
A,P_MHAB,FR25,2011,50.187
A,P_MHAB,FR25,2012,36.17
A,P_MHAB,FR251,1990,41.821
A,P_MHAB,FR251,1991,38.197
A,P_MHAB,FR251,1992,39.787
A,P_MHAB,FR251,1993,55.004
A,P_MHAB,FR251,1994,51.158
A,P_MHAB,FR251,1995,48.111
A,P_MHAB,FR251,1996,77.344
A,P_MHAB,FR251,1997,68.441
A,P_MHAB,FR251,1998,96.414
A,P_MHAB,FR251,1999,56.98
A,P_MHAB,FR251,2000,98.911
A,P_MHAB,FR251,2001,88.287
A,P_MHAB,FR251,2002,95.793
A,P_MHAB,FR251,2003,99.35
A,P_MHAB,FR251,2004,117.59
A,P_MHAB,FR251,2005,91.648
A,P_MHAB,FR251,2006,79.303
A,P_MHAB,FR251,2007,100.109
A,P_MHAB,FR251,2008,114.596
A,P_MHAB,FR251,2009,71.889
A,P_MHAB,FR251,2010,94.788
A,P_MHAB,FR251,2011,77.182
A,P_MHAB,FR251,2012,51.145
A,P_MHAB,FR252,1990,29.547
A,P_MHAB,FR252,1991,31.949
A,P_MHAB,FR252,1992,11.994
A,P_MHAB,FR252,1993,39.093
A,P_MHAB,FR252,1994,30.91
A,P_MHAB,FR252,1995,10.93
A,P_MHAB,FR252,1996,10.411
A,P_MHAB,FR252,1997,12.478
A,P_MHAB,FR252,1998,11.073
A,P_MHAB,FR252,1999,12.109
A,P_MHAB,FR252,2000,19.496
A,P_MHAB,FR252,2001,20.357
A,P_MHAB,FR252,2002,22.937
A,P_MHAB,FR252,2003,40.143
A,P_MHAB,FR252,2004,37.418
A,P_MHAB,FR252,2005,34.167
A,P_MHAB,FR252,2006,39.02
A,P_MHAB,FR252,2007,28.436
A,P_MHAB,FR252,2008,32.137
A,P_MHAB,FR252,2009,34.896
A,P_MHAB,FR252,2010,32.642
A,P_MHAB,FR252,2011,26.625
A,P_MHAB,FR252,2012,26.896
A,P_MHAB,FR253,1990,49.66
A,P_MHAB,FR253,1991,69.927
A,P_MHAB,FR253,1992,71.596
A,P_MHAB,FR253,1993,64.845
A,P_MHAB,FR253,1994,42.463
A,P_MHAB,FR253,1995,56.207
A,P_MHAB,FR253,1996,47.97
A,P_MHAB,FR253,1997,55.962
A,P_MHAB,FR253,1998,26.732
A,P_MHAB,FR253,1999,49.294
A,P_MHAB,FR253,2000,37.873
A,P_MHAB,FR253,2001,38.242
A,P_MHAB,FR253,2002,36.101
A,P_MHAB,FR253,2003,57.136
A,P_MHAB,FR253,2004,32.929
A,P_MHAB,FR253,2005,36.676
A,P_MHAB,FR253,2006,27.861
A,P_MHAB,FR253,2007,64.079
A,P_MHAB,FR253,2008,30.211
A,P_MHAB,FR253,2009,28.918
A,P_MHAB,FR253,2010,36.586
A,P_MHAB,FR253,2011,27.055
A,P_MHAB,FR253,2012,16.585
A,P_MHAB,FR26,1990,67.41
A,P_MHAB,FR26,1991,61.667
A,P_MHAB,FR26,1992,57.709
A,P_MHAB,FR26,1993,56.088
A,P_MHAB,FR26,1994,83.138
A,P_MHAB,FR26,1995,75.134
A,P_MHAB,FR26,1996,76.78
A,P_MHAB,FR26,1997,76.09
A,P_MHAB,FR26,1998,83.137
A,P_MHAB,FR26,1999,85.086
A,P_MHAB,FR26,2000,83.618
A,P_MHAB,FR26,2001,82.295
A,P_MHAB,FR26,2002,92.67
A,P_MHAB,FR26,2003,91.247
A,P_MHAB,FR26,2004,77.124
A,P_MHAB,FR26,2005,66.96
A,P_MHAB,FR26,2006,60.706
A,P_MHAB,FR26,2007,74.546
A,P_MHAB,FR26,2008,53.607
A,P_MHAB,FR26,2009,67.077
A,P_MHAB,FR26,2010,64.995
A,P_MHAB,FR26,2011,74.912
A,P_MHAB,FR26,2012,61.951
A,P_MHAB,FR261,1990,60.774
A,P_MHAB,FR261,1991,56.566
A,P_MHAB,FR261,1992,92.049
A,P_MHAB,FR261,1993,67.725
A,P_MHAB,FR261,1994,135.668
A,P_MHAB,FR261,1995,73.454
A,P_MHAB,FR261,1996,96.543
A,P_MHAB,FR261,1997,72.135
A,P_MHAB,FR261,1998,87.592
A,P_MHAB,FR261,1999,108.289
A,P_MHAB,FR261,2000,98.619
A,P_MHAB,FR261,2001,110.552
A,P_MHAB,FR261,2002,118.408
A,P_MHAB,FR261,2003,105.386
A,P_MHAB,FR261,2004,89.062
A,P_MHAB,FR261,2005,84.291
A,P_MHAB,FR261,2006,83.493
A,P_MHAB,FR261,2007,78.514
A,P_MHAB,FR261,2008,74.385
A,P_MHAB,FR261,2009,77.593
A,P_MHAB,FR261,2010,90.778
A,P_MHAB,FR261,2011,113.988
A,P_MHAB,FR261,2012,94.747
A,P_MHAB,FR262,1990,74.963
A,P_MHAB,FR262,1991,49.426
A,P_MHAB,FR262,1992,34.566
A,P_MHAB,FR262,1993,67.171
A,P_MHAB,FR262,1994,41.278
A,P_MHAB,FR262,1995,93.999
A,P_MHAB,FR262,1996,70.745
A,P_MHAB,FR262,1997,141.682
A,P_MHAB,FR262,1998,95.16
A,P_MHAB,FR262,1999,117.879
A,P_MHAB,FR262,2000,124.992
A,P_MHAB,FR262,2001,61.896
A,P_MHAB,FR262,2002,78.969
A,P_MHAB,FR262,2003,47.316
A,P_MHAB,FR262,2004,65.008
A,P_MHAB,FR262,2005,47.416
A,P_MHAB,FR262,2006,17.64
A,P_MHAB,FR262,2007,51.289
A,P_MHAB,FR262,2008,29.73
A,P_MHAB,FR262,2009,63.942
A,P_MHAB,FR262,2010,27.097
A,P_MHAB,FR262,2011,61.738
A,P_MHAB,FR262,2012,44.191
A,P_MHAB,FR263,1990,93.553
A,P_MHAB,FR263,1991,82.681
A,P_MHAB,FR263,1992,56.336
A,P_MHAB,FR263,1993,62.326
A,P_MHAB,FR263,1994,86.604
A,P_MHAB,FR263,1995,92.613
A,P_MHAB,FR263,1996,79.321
A,P_MHAB,FR263,1997,74.286
A,P_MHAB,FR263,1998,99.603
A,P_MHAB,FR263,1999,74.582
A,P_MHAB,FR263,2000,77.658
A,P_MHAB,FR263,2001,98.167
A,P_MHAB,FR263,2002,94.163
A,P_MHAB,FR263,2003,115.683
A,P_MHAB,FR263,2004,95.844
A,P_MHAB,FR263,2005,65.486
A,P_MHAB,FR263,2006,67.897
A,P_MHAB,FR263,2007,109.144
A,P_MHAB,FR263,2008,52.675
A,P_MHAB,FR263,2009,82.835
A,P_MHAB,FR263,2010,73.192
A,P_MHAB,FR263,2011,60.432
A,P_MHAB,FR263,2012,51.708
A,P_MHAB,FR264,1990,26.832
A,P_MHAB,FR264,1991,42.049
A,P_MHAB,FR264,1992,24.154
A,P_MHAB,FR264,1993,19.955
A,P_MHAB,FR264,1994,26.573
A,P_MHAB,FR264,1995,35.235
A,P_MHAB,FR264,1996,46.624
A,P_MHAB,FR264,1997,40.097
A,P_MHAB,FR264,1998,41.079
A,P_MHAB,FR264,1999,44.777
A,P_MHAB,FR264,2000,42.661
A,P_MHAB,FR264,2001,27.1
A,P_MHAB,FR264,2002,60.215
A,P_MHAB,FR264,2003,59.194
A,P_MHAB,FR264,2004,36.628
A,P_MHAB,FR264,2005,55.814
A,P_MHAB,FR264,2006,42.577
A,P_MHAB,FR264,2007,27.679
A,P_MHAB,FR264,2008,38.848
A,P_MHAB,FR264,2009,27.608
A,P_MHAB,FR264,2010,36.524
A,P_MHAB,FR264,2011,46.837
A,P_MHAB,FR264,2012,39.222
A,P_MHAB,FR30,1990,31.628
A,P_MHAB,FR30,1991,30.219
A,P_MHAB,FR30,1992,32.738
A,P_MHAB,FR30,1993,29.308
A,P_MHAB,FR30,1994,28.156
A,P_MHAB,FR30,1995,34.608
A,P_MHAB,FR30,1996,30.049
A,P_MHAB,FR30,1997,34.049
A,P_MHAB,FR30,1998,35.796
A,P_MHAB,FR30,1999,43.438
A,P_MHAB,FR30,2000,40.949
A,P_MHAB,FR30,2001,38.621
A,P_MHAB,FR30,2002,37.58
A,P_MHAB,FR30,2003,41.565
A,P_MHAB,FR30,2004,43.585
A,P_MHAB,FR30,2005,47.318
A,P_MHAB,FR30,2006,43.219
A,P_MHAB,FR30,2007,39.518
A,P_MHAB,FR30,2008,44.117
A,P_MHAB,FR30,2009,46.849
A,P_MHAB,FR30,2010,41.172
A,P_MHAB,FR30,2011,42.86
A,P_MHAB,FR30,2012,38.304
A,P_MHAB,FR301,1990,35.841
A,P_MHAB,FR301,1991,37.826
A,P_MHAB,FR301,1992,39.281
A,P_MHAB,FR301,1993,37.644
A,P_MHAB,FR301,1994,31.328
A,P_MHAB,FR301,1995,40.444
A,P_MHAB,FR301,1996,34.673
A,P_MHAB,FR301,1997,41.59
A,P_MHAB,FR301,1998,41.476
A,P_MHAB,FR301,1999,51.869
A,P_MHAB,FR301,2000,43.082
A,P_MHAB,FR301,2001,44.03
A,P_MHAB,FR301,2002,46.509
A,P_MHAB,FR301,2003,51.249
A,P_MHAB,FR301,2004,53.037
A,P_MHAB,FR301,2005,61.329
A,P_MHAB,FR301,2006,51.227
A,P_MHAB,FR301,2007,49.748
A,P_MHAB,FR301,2008,57.584
A,P_MHAB,FR301,2009,57.229
A,P_MHAB,FR301,2010,52.244
A,P_MHAB,FR301,2011,53.993
A,P_MHAB,FR301,2012,44.915
A,P_MHAB,FR302,1990,24.186
A,P_MHAB,FR302,1991,16.788
A,P_MHAB,FR302,1992,21.166
A,P_MHAB,FR302,1993,14.558
A,P_MHAB,FR302,1994,22.536
A,P_MHAB,FR302,1995,24.259
A,P_MHAB,FR302,1996,21.845
A,P_MHAB,FR302,1997,20.687
A,P_MHAB,FR302,1998,25.72
A,P_MHAB,FR302,1999,28.495
A,P_MHAB,FR302,2000,37.174
A,P_MHAB,FR302,2001,29.048
A,P_MHAB,FR302,2002,21.791
A,P_MHAB,FR302,2003,24.462
A,P_MHAB,FR302,2004,26.885
A,P_MHAB,FR302,2005,22.58
A,P_MHAB,FR302,2006,29.077
A,P_MHAB,FR302,2007,21.514
A,P_MHAB,FR302,2008,20.445
A,P_MHAB,FR302,2009,28.578
A,P_MHAB,FR302,2010,21.651
A,P_MHAB,FR302,2011,23.222
A,P_MHAB,FR302,2012,26.612
A,P_MHAB,FR41,1990,48.996
A,P_MHAB,FR41,1991,45.789
A,P_MHAB,FR41,1992,40.007
A,P_MHAB,FR41,1993,43.664
A,P_MHAB,FR41,1994,55.647
A,P_MHAB,FR41,1995,45.45
A,P_MHAB,FR41,1996,59.643
A,P_MHAB,FR41,1997,68.732
A,P_MHAB,FR41,1998,65.711
A,P_MHAB,FR41,1999,68.812
A,P_MHAB,FR41,2000,68.556
A,P_MHAB,FR41,2001,59.035
A,P_MHAB,FR41,2002,63.71
A,P_MHAB,FR41,2003,60.601
A,P_MHAB,FR41,2004,57.437
A,P_MHAB,FR41,2005,59.551
A,P_MHAB,FR41,2006,68.625
A,P_MHAB,FR41,2007,69.79
A,P_MHAB,FR41,2008,67.696
A,P_MHAB,FR41,2009,58.631
A,P_MHAB,FR41,2010,48.398
A,P_MHAB,FR41,2011,60.251
A,P_MHAB,FR41,2012,57.553
A,P_MHAB,FR411,1990,63.23
A,P_MHAB,FR411,1991,53.459
A,P_MHAB,FR411,1992,42.39
A,P_MHAB,FR411,1993,45.27
A,P_MHAB,FR411,1994,29.183
A,P_MHAB,FR411,1995,33.293
A,P_MHAB,FR411,1996,52.733
A,P_MHAB,FR411,1997,68.909
A,P_MHAB,FR411,1998,64.834
A,P_MHAB,FR411,1999,56.069
A,P_MHAB,FR411,2000,88.74
A,P_MHAB,FR411,2001,69.826
A,P_MHAB,FR411,2002,60.498
A,P_MHAB,FR411,2003,48.235
A,P_MHAB,FR411,2004,52.277
A,P_MHAB,FR411,2005,40.108
A,P_MHAB,FR411,2006,73.652
A,P_MHAB,FR411,2007,88.509
A,P_MHAB,FR411,2008,61.937
A,P_MHAB,FR411,2009,70.053
A,P_MHAB,FR411,2010,52.28
A,P_MHAB,FR411,2011,60.822
A,P_MHAB,FR411,2012,66.879
A,P_MHAB,FR412,1990,9.323
A,P_MHAB,FR412,1991,17.853
A,P_MHAB,FR412,1992,17.989
A,P_MHAB,FR412,1993,15.073
A,P_MHAB,FR412,1994,15.347
A,P_MHAB,FR412,1995,12.315
A,P_MHAB,FR412,1996,6.834
A,P_MHAB,FR412,1997,2.573
A,P_MHAB,FR412,1998,32.729
A,P_MHAB,FR412,1999,10.393
A,P_MHAB,FR412,2000,13.961
A,P_MHAB,FR412,2001,20.412
A,P_MHAB,FR412,2002,22.347
A,P_MHAB,FR412,2003,27.157
A,P_MHAB,FR412,2004,10.756
A,P_MHAB,FR412,2005,28.404
A,P_MHAB,FR412,2006,15.127
A,P_MHAB,FR412,2007,20.21
A,P_MHAB,FR412,2008,13.747
A,P_MHAB,FR412,2009,11.185
A,P_MHAB,FR412,2010,29.909
A,P_MHAB,FR412,2011,38.335
A,P_MHAB,FR412,2012,9.492
A,P_MHAB,FR413,1990,55.417
A,P_MHAB,FR413,1991,54.484
A,P_MHAB,FR413,1992,44.991
A,P_MHAB,FR413,1993,51.287
A,P_MHAB,FR413,1994,82.322
A,P_MHAB,FR413,1995,69.137
A,P_MHAB,FR413,1996,84.185
A,P_MHAB,FR413,1997,91.686
A,P_MHAB,FR413,1998,78.931
A,P_MHAB,FR413,1999,98.499
A,P_MHAB,FR413,2000,67.634
A,P_MHAB,FR413,2001,64.363
A,P_MHAB,FR413,2002,72.89
A,P_MHAB,FR413,2003,64.145
A,P_MHAB,FR413,2004,63.362
A,P_MHAB,FR413,2005,69.281
A,P_MHAB,FR413,2006,75.986
A,P_MHAB,FR413,2007,66.534
A,P_MHAB,FR413,2008,69.716
A,P_MHAB,FR413,2009,55.795
A,P_MHAB,FR413,2010,60.637
A,P_MHAB,FR413,2011,72.258
A,P_MHAB,FR413,2012,63.108
A,P_MHAB,FR414,1990,26.105
A,P_MHAB,FR414,1991,22.957
A,P_MHAB,FR414,1992,33.631
A,P_MHAB,FR414,1993,35.062
A,P_MHAB,FR414,1994,54.856
A,P_MHAB,FR414,1995,22.089
A,P_MHAB,FR414,1996,34.089
A,P_MHAB,FR414,1997,40.684
A,P_MHAB,FR414,1998,48.587
A,P_MHAB,FR414,1999,42.45
A,P_MHAB,FR414,2000,60.731
A,P_MHAB,FR414,2001,43.942
A,P_MHAB,FR414,2002,65.953
A,P_MHAB,FR414,2003,91.373
A,P_MHAB,FR414,2004,74.87
A,P_MHAB,FR414,2005,85.94
A,P_MHAB,FR414,2006,66.215
A,P_MHAB,FR414,2007,68.182
A,P_MHAB,FR414,2008,100.777
A,P_MHAB,FR414,2009,68.702
A,P_MHAB,FR414,2010,16.67
A,P_MHAB,FR414,2011,37.246
A,P_MHAB,FR414,2012,48.584
A,P_MHAB,FR42,1990,104.806
A,P_MHAB,FR42,1991,106.18
A,P_MHAB,FR42,1992,114.153
A,P_MHAB,FR42,1993,115.673
A,P_MHAB,FR42,1994,94.454
A,P_MHAB,FR42,1995,88.861
A,P_MHAB,FR42,1996,111.543
A,P_MHAB,FR42,1997,116.444
A,P_MHAB,FR42,1998,125.367
A,P_MHAB,FR42,1999,148.108
A,P_MHAB,FR42,2000,152.487
A,P_MHAB,FR42,2001,147.59
A,P_MHAB,FR42,2002,165.476
A,P_MHAB,FR42,2003,177.565
A,P_MHAB,FR42,2004,175.553
A,P_MHAB,FR42,2005,187.34
A,P_MHAB,FR42,2006,181.064
A,P_MHAB,FR42,2007,193.865
A,P_MHAB,FR42,2008,191.27
A,P_MHAB,FR42,2009,160.864
A,P_MHAB,FR42,2010,173.469
A,P_MHAB,FR42,2011,166.148
A,P_MHAB,FR42,2012,137.451
A,P_MHAB,FR421,1990,120.579
A,P_MHAB,FR421,1991,116.628
A,P_MHAB,FR421,1992,128.902
A,P_MHAB,FR421,1993,148.476
A,P_MHAB,FR421,1994,96.934
A,P_MHAB,FR421,1995,85.162
A,P_MHAB,FR421,1996,109.111
A,P_MHAB,FR421,1997,116.255
A,P_MHAB,FR421,1998,120.855
A,P_MHAB,FR421,1999,137.605
A,P_MHAB,FR421,2000,146.693
A,P_MHAB,FR421,2001,124.976
A,P_MHAB,FR421,2002,149.451
A,P_MHAB,FR421,2003,137.941
A,P_MHAB,FR421,2004,157.128
A,P_MHAB,FR421,2005,149.016
A,P_MHAB,FR421,2006,138.941
A,P_MHAB,FR421,2007,158.696
A,P_MHAB,FR421,2008,185.9
A,P_MHAB,FR421,2009,161.827
A,P_MHAB,FR421,2010,186.412
A,P_MHAB,FR421,2011,165.701
A,P_MHAB,FR421,2012,143.247
A,P_MHAB,FR422,1990,82.412
A,P_MHAB,FR422,1991,91.333
A,P_MHAB,FR422,1992,93.111
A,P_MHAB,FR422,1993,68.765
A,P_MHAB,FR422,1994,90.897
A,P_MHAB,FR422,1995,94.175
A,P_MHAB,FR422,1996,115.043
A,P_MHAB,FR422,1997,116.716
A,P_MHAB,FR422,1998,131.889
A,P_MHAB,FR422,1999,163.309
A,P_MHAB,FR422,2000,160.895
A,P_MHAB,FR422,2001,180.475
A,P_MHAB,FR422,2002,188.816
A,P_MHAB,FR422,2003,235.379
A,P_MHAB,FR422,2004,202.481
A,P_MHAB,FR422,2005,243.403
A,P_MHAB,FR422,2006,242.764
A,P_MHAB,FR422,2007,245.256
A,P_MHAB,FR422,2008,199.123
A,P_MHAB,FR422,2009,159.455
A,P_MHAB,FR422,2010,154.565
A,P_MHAB,FR422,2011,166.8
A,P_MHAB,FR422,2012,128.972
A,P_MHAB,FR43,1990,76.795
A,P_MHAB,FR43,1991,63.977
A,P_MHAB,FR43,1992,73.39
A,P_MHAB,FR43,1993,79.02
A,P_MHAB,FR43,1994,74.608
A,P_MHAB,FR43,1995,81.661
A,P_MHAB,FR43,1996,90.16
A,P_MHAB,FR43,1997,100.761
A,P_MHAB,FR43,1998,93.78
A,P_MHAB,FR43,1999,116.661
A,P_MHAB,FR43,2000,123.851
A,P_MHAB,FR43,2001,99.592
A,P_MHAB,FR43,2002,131.724
A,P_MHAB,FR43,2003,120.319
A,P_MHAB,FR43,2004,104.921
A,P_MHAB,FR43,2005,128.615
A,P_MHAB,FR43,2006,152.3
A,P_MHAB,FR43,2007,119.007
A,P_MHAB,FR43,2008,111.424
A,P_MHAB,FR43,2009,123.54
A,P_MHAB,FR43,2010,131.784
A,P_MHAB,FR43,2011,142.385
A,P_MHAB,FR43,2012,102.528
A,P_MHAB,FR431,1990,118.737
A,P_MHAB,FR431,1991,77.594
A,P_MHAB,FR431,1992,94.937
A,P_MHAB,FR431,1993,97.616
A,P_MHAB,FR431,1994,97.826
A,P_MHAB,FR431,1995,89.423
A,P_MHAB,FR431,1996,121.949
A,P_MHAB,FR431,1997,113.819
A,P_MHAB,FR431,1998,112.312
A,P_MHAB,FR431,1999,146.968
A,P_MHAB,FR431,2000,137.868
A,P_MHAB,FR431,2001,107.614
A,P_MHAB,FR431,2002,167.055
A,P_MHAB,FR431,2003,120.189
A,P_MHAB,FR431,2004,116.446
A,P_MHAB,FR431,2005,171.155
A,P_MHAB,FR431,2006,191.24
A,P_MHAB,FR431,2007,130.236
A,P_MHAB,FR431,2008,139.95
A,P_MHAB,FR431,2009,163.571
A,P_MHAB,FR431,2010,163.632
A,P_MHAB,FR431,2011,205.499
A,P_MHAB,FR431,2012,124.882
A,P_MHAB,FR432,1990,65.016
A,P_MHAB,FR432,1991,65.149
A,P_MHAB,FR432,1992,64.046
A,P_MHAB,FR432,1993,80.93
A,P_MHAB,FR432,1994,49.262
A,P_MHAB,FR432,1995,75.167
A,P_MHAB,FR432,1996,74.541
A,P_MHAB,FR432,1997,95.428
A,P_MHAB,FR432,1998,117.888
A,P_MHAB,FR432,1999,100.157
A,P_MHAB,FR432,2000,119.256
A,P_MHAB,FR432,2001,94.408
A,P_MHAB,FR432,2002,121.753
A,P_MHAB,FR432,2003,131.571
A,P_MHAB,FR432,2004,96.347
A,P_MHAB,FR432,2005,71.054
A,P_MHAB,FR432,2006,72.533
A,P_MHAB,FR432,2007,101.121
A,P_MHAB,FR432,2008,68.075
A,P_MHAB,FR432,2009,50.827
A,P_MHAB,FR432,2010,92.455
A,P_MHAB,FR432,2011,77.92
A,P_MHAB,FR432,2012,50.051
A,P_MHAB,FR433,1990,20.045
A,P_MHAB,FR433,1991,24.025
A,P_MHAB,FR433,1992,26.371
A,P_MHAB,FR433,1993,42.305
A,P_MHAB,FR433,1994,47.78
A,P_MHAB,FR433,1995,43.597
A,P_MHAB,FR433,1996,48.013
A,P_MHAB,FR433,1997,78.888
A,P_MHAB,FR433,1998,52.891
A,P_MHAB,FR433,1999,92.152
A,P_MHAB,FR433,2000,127.702
A,P_MHAB,FR433,2001,85.432
A,P_MHAB,FR433,2002,110.846
A,P_MHAB,FR433,2003,119.121
A,P_MHAB,FR433,2004,116.03
A,P_MHAB,FR433,2005,133.016
A,P_MHAB,FR433,2006,155.554
A,P_MHAB,FR433,2007,76.856
A,P_MHAB,FR433,2008,91.051
A,P_MHAB,FR433,2009,99.543
A,P_MHAB,FR433,2010,90.295
A,P_MHAB,FR433,2011,58.992
A,P_MHAB,FR433,2012,93.055
A,P_MHAB,FR434,1990,44.261
A,P_MHAB,FR434,1991,80.557
A,P_MHAB,FR434,1992,92.296
A,P_MHAB,FR434,1993,70.032
A,P_MHAB,FR434,1994,82.268
A,P_MHAB,FR434,1995,129.363
A,P_MHAB,FR434,1996,73.882
A,P_MHAB,FR434,1997,99.668
A,P_MHAB,FR434,1998,50.643
A,P_MHAB,FR434,1999,77.658
A,P_MHAB,FR434,2000,74.838
A,P_MHAB,FR434,2001,103.6
A,P_MHAB,FR434,2002,56.245
A,P_MHAB,FR434,2003,102.257
A,P_MHAB,FR434,2004,60.004
A,P_MHAB,FR434,2005,70.945
A,P_MHAB,FR434,2006,149.999
A,P_MHAB,FR434,2007,180.632
A,P_MHAB,FR434,2008,120.247
A,P_MHAB,FR434,2009,149.655
A,P_MHAB,FR434,2010,155.691
A,P_MHAB,FR434,2011,166.309
A,P_MHAB,FR434,2012,131.027
A,P_MHAB,FR51,1990,33.343
A,P_MHAB,FR51,1991,27.816
A,P_MHAB,FR51,1992,39.8
A,P_MHAB,FR51,1993,32.497
A,P_MHAB,FR51,1994,39.195
A,P_MHAB,FR51,1995,37.365
A,P_MHAB,FR51,1996,40.881
A,P_MHAB,FR51,1997,46.636
A,P_MHAB,FR51,1998,55.739
A,P_MHAB,FR51,1999,53.65
A,P_MHAB,FR51,2000,53.235
A,P_MHAB,FR51,2001,59.808
A,P_MHAB,FR51,2002,61.521
A,P_MHAB,FR51,2003,62.01
A,P_MHAB,FR51,2004,66.489
A,P_MHAB,FR51,2005,67.626
A,P_MHAB,FR51,2006,71.226
A,P_MHAB,FR51,2007,73.112
A,P_MHAB,FR51,2008,66.008
A,P_MHAB,FR51,2009,74.079
A,P_MHAB,FR51,2010,80.107
A,P_MHAB,FR51,2011,70.362
A,P_MHAB,FR51,2012,60.273
A,P_MHAB,FR511,1990,35.21
A,P_MHAB,FR511,1991,28.726
A,P_MHAB,FR511,1992,41.17
A,P_MHAB,FR511,1993,38.746
A,P_MHAB,FR511,1994,52.774
A,P_MHAB,FR511,1995,42.298
A,P_MHAB,FR511,1996,54.198
A,P_MHAB,FR511,1997,46.908
A,P_MHAB,FR511,1998,71.334
A,P_MHAB,FR511,1999,63.075
A,P_MHAB,FR511,2000,46.586
A,P_MHAB,FR511,2001,69.632
A,P_MHAB,FR511,2002,71.095
A,P_MHAB,FR511,2003,60.85
A,P_MHAB,FR511,2004,80.11
A,P_MHAB,FR511,2005,81.703
A,P_MHAB,FR511,2006,75.894
A,P_MHAB,FR511,2007,74.679
A,P_MHAB,FR511,2008,76.075
A,P_MHAB,FR511,2009,75.081
A,P_MHAB,FR511,2010,69.178
A,P_MHAB,FR511,2011,69.849
A,P_MHAB,FR511,2012,66.838
A,P_MHAB,FR512,1990,32.242
A,P_MHAB,FR512,1991,22.899
A,P_MHAB,FR512,1992,33.368
A,P_MHAB,FR512,1993,29.349
A,P_MHAB,FR512,1994,31.546
A,P_MHAB,FR512,1995,26.646
A,P_MHAB,FR512,1996,44.593
A,P_MHAB,FR512,1997,39.305
A,P_MHAB,FR512,1998,37.269
A,P_MHAB,FR512,1999,44.962
A,P_MHAB,FR512,2000,44.146
A,P_MHAB,FR512,2001,54.55
A,P_MHAB,FR512,2002,65.28
A,P_MHAB,FR512,2003,80.749
A,P_MHAB,FR512,2004,55.458
A,P_MHAB,FR512,2005,54.89
A,P_MHAB,FR512,2006,79.918
A,P_MHAB,FR512,2007,67.374
A,P_MHAB,FR512,2008,64.492
A,P_MHAB,FR512,2009,68.749
A,P_MHAB,FR512,2010,77.407
A,P_MHAB,FR512,2011,73.512
A,P_MHAB,FR512,2012,57.922
A,P_MHAB,FR513,1990,40.792
A,P_MHAB,FR513,1991,17.358
A,P_MHAB,FR513,1992,41.873
A,P_MHAB,FR513,1993,35.571
A,P_MHAB,FR513,1994,27.765
A,P_MHAB,FR513,1995,45.018
A,P_MHAB,FR513,1996,19.478
A,P_MHAB,FR513,1997,52.38
A,P_MHAB,FR513,1998,64.285
A,P_MHAB,FR513,1999,83.866
A,P_MHAB,FR513,2000,62.864
A,P_MHAB,FR513,2001,35.279
A,P_MHAB,FR513,2002,37.784
A,P_MHAB,FR513,2003,57.416
A,P_MHAB,FR513,2004,53.661
A,P_MHAB,FR513,2005,48.807
A,P_MHAB,FR513,2006,87.391
A,P_MHAB,FR513,2007,92.901
A,P_MHAB,FR513,2008,64.03
A,P_MHAB,FR513,2009,69.475
A,P_MHAB,FR513,2010,102.567
A,P_MHAB,FR513,2011,86.245
A,P_MHAB,FR513,2012,50.089
A,P_MHAB,FR514,1990,32.964
A,P_MHAB,FR514,1991,32.063
A,P_MHAB,FR514,1992,68.286
A,P_MHAB,FR514,1993,35.784
A,P_MHAB,FR514,1994,36.775
A,P_MHAB,FR514,1995,61.0
A,P_MHAB,FR514,1996,42.941
A,P_MHAB,FR514,1997,66.939
A,P_MHAB,FR514,1998,71.254
A,P_MHAB,FR514,1999,62.63
A,P_MHAB,FR514,2000,60.777
A,P_MHAB,FR514,2001,66.529
A,P_MHAB,FR514,2002,62.18
A,P_MHAB,FR514,2003,55.374
A,P_MHAB,FR514,2004,72.51
A,P_MHAB,FR514,2005,80.481
A,P_MHAB,FR514,2006,60.182
A,P_MHAB,FR514,2007,67.565
A,P_MHAB,FR514,2008,68.604
A,P_MHAB,FR514,2009,105.106
A,P_MHAB,FR514,2010,115.347
A,P_MHAB,FR514,2011,75.568
A,P_MHAB,FR514,2012,60.841
A,P_MHAB,FR515,1990,27.33
A,P_MHAB,FR515,1991,34.13
A,P_MHAB,FR515,1992,16.155
A,P_MHAB,FR515,1993,18.883
A,P_MHAB,FR515,1994,29.951
A,P_MHAB,FR515,1995,14.184
A,P_MHAB,FR515,1996,17.337
A,P_MHAB,FR515,1997,32.926
A,P_MHAB,FR515,1998,28.338
A,P_MHAB,FR515,1999,20.831
A,P_MHAB,FR515,2000,67.029
A,P_MHAB,FR515,2001,52.573
A,P_MHAB,FR515,2002,48.184
A,P_MHAB,FR515,2003,48.418
A,P_MHAB,FR515,2004,53.457
A,P_MHAB,FR515,2005,52.423
A,P_MHAB,FR515,2006,52.563
A,P_MHAB,FR515,2007,72.469
A,P_MHAB,FR515,2008,46.052
A,P_MHAB,FR515,2009,53.16
A,P_MHAB,FR515,2010,63.376
A,P_MHAB,FR515,2011,55.341
A,P_MHAB,FR515,2012,54.199
A,P_MHAB,FR52,1990,38.897
A,P_MHAB,FR52,1991,33.487
A,P_MHAB,FR52,1992,38.802
A,P_MHAB,FR52,1993,44.138
A,P_MHAB,FR52,1994,45.761
A,P_MHAB,FR52,1995,40.501
A,P_MHAB,FR52,1996,40.716
A,P_MHAB,FR52,1997,57.916
A,P_MHAB,FR52,1998,63.367
A,P_MHAB,FR52,1999,71.389
A,P_MHAB,FR52,2000,90.169
A,P_MHAB,FR52,2001,101.587
A,P_MHAB,FR52,2002,108.979
A,P_MHAB,FR52,2003,121.937
A,P_MHAB,FR52,2004,112.842
A,P_MHAB,FR52,2005,131.906
A,P_MHAB,FR52,2006,135.306
A,P_MHAB,FR52,2007,127.661
A,P_MHAB,FR52,2008,117.135
A,P_MHAB,FR52,2009,127.405
A,P_MHAB,FR52,2010,121.07
A,P_MHAB,FR52,2011,126.718
A,P_MHAB,FR52,2012,113.531
A,P_MHAB,FR521,1990,52.968
A,P_MHAB,FR521,1991,79.634
A,P_MHAB,FR521,1992,83.424
A,P_MHAB,FR521,1993,81.07
A,P_MHAB,FR521,1994,72.039
A,P_MHAB,FR521,1995,59.124
A,P_MHAB,FR521,1996,51.131
A,P_MHAB,FR521,1997,83.846
A,P_MHAB,FR521,1998,66.311
A,P_MHAB,FR521,1999,86.947
A,P_MHAB,FR521,2000,100.338
A,P_MHAB,FR521,2001,88.152
A,P_MHAB,FR521,2002,126.762
A,P_MHAB,FR521,2003,116.63
A,P_MHAB,FR521,2004,145.475
A,P_MHAB,FR521,2005,149.483
A,P_MHAB,FR521,2006,169.078
A,P_MHAB,FR521,2007,127.836
A,P_MHAB,FR521,2008,112.506
A,P_MHAB,FR521,2009,132.37
A,P_MHAB,FR521,2010,110.979
A,P_MHAB,FR521,2011,98.709
A,P_MHAB,FR521,2012,91.347
A,P_MHAB,FR522,1990,22.568
A,P_MHAB,FR522,1991,24.093
A,P_MHAB,FR522,1992,14.777
A,P_MHAB,FR522,1993,16.626
A,P_MHAB,FR522,1994,23.924
A,P_MHAB,FR522,1995,15.845
A,P_MHAB,FR522,1996,22.307
A,P_MHAB,FR522,1997,18.546
A,P_MHAB,FR522,1998,24.289
A,P_MHAB,FR522,1999,21.625
A,P_MHAB,FR522,2000,25.259
A,P_MHAB,FR522,2001,33.258
A,P_MHAB,FR522,2002,41.387
A,P_MHAB,FR522,2003,42.982
A,P_MHAB,FR522,2004,33.094
A,P_MHAB,FR522,2005,45.872
A,P_MHAB,FR522,2006,42.106
A,P_MHAB,FR522,2007,54.611
A,P_MHAB,FR522,2008,43.964
A,P_MHAB,FR522,2009,67.792
A,P_MHAB,FR522,2010,65.45
A,P_MHAB,FR522,2011,59.009
A,P_MHAB,FR522,2012,45.535
A,P_MHAB,FR523,1990,66.509
A,P_MHAB,FR523,1991,31.2
A,P_MHAB,FR523,1992,42.989
A,P_MHAB,FR523,1993,55.757
A,P_MHAB,FR523,1994,66.675
A,P_MHAB,FR523,1995,61.055
A,P_MHAB,FR523,1996,57.717
A,P_MHAB,FR523,1997,88.615
A,P_MHAB,FR523,1998,128.556
A,P_MHAB,FR523,1999,140.559
A,P_MHAB,FR523,2000,196.542
A,P_MHAB,FR523,2001,224.222
A,P_MHAB,FR523,2002,215.15
A,P_MHAB,FR523,2003,270.276
A,P_MHAB,FR523,2004,233.32
A,P_MHAB,FR523,2005,273.867
A,P_MHAB,FR523,2006,276.597
A,P_MHAB,FR523,2007,257.311
A,P_MHAB,FR523,2008,242.541
A,P_MHAB,FR523,2009,238.161
A,P_MHAB,FR523,2010,239.44
A,P_MHAB,FR523,2011,270.363
A,P_MHAB,FR523,2012,246.453
A,P_MHAB,FR524,1990,13.232
A,P_MHAB,FR524,1991,9.184
A,P_MHAB,FR524,1992,27.219
A,P_MHAB,FR524,1993,34.145
A,P_MHAB,FR524,1994,24.987
A,P_MHAB,FR524,1995,30.372
A,P_MHAB,FR524,1996,33.843
A,P_MHAB,FR524,1997,47.384
A,P_MHAB,FR524,1998,25.431
A,P_MHAB,FR524,1999,31.09
A,P_MHAB,FR524,2000,23.698
A,P_MHAB,FR524,2001,36.659
A,P_MHAB,FR524,2002,38.507
A,P_MHAB,FR524,2003,27.491
A,P_MHAB,FR524,2004,24.876
A,P_MHAB,FR524,2005,34.517
A,P_MHAB,FR524,2006,33.663
A,P_MHAB,FR524,2007,43.232
A,P_MHAB,FR524,2008,41.801
A,P_MHAB,FR524,2009,46.58
A,P_MHAB,FR524,2010,36.444
A,P_MHAB,FR524,2011,36.557
A,P_MHAB,FR524,2012,32.32
A,P_MHAB,FR53,1990,28.504
A,P_MHAB,FR53,1991,25.923
A,P_MHAB,FR53,1992,37.637
A,P_MHAB,FR53,1993,41.201
A,P_MHAB,FR53,1994,53.77
A,P_MHAB,FR53,1995,41.914
A,P_MHAB,FR53,1996,30.904
A,P_MHAB,FR53,1997,49.967
A,P_MHAB,FR53,1998,47.062
A,P_MHAB,FR53,1999,45.824
A,P_MHAB,FR53,2000,61.883
A,P_MHAB,FR53,2001,41.555
A,P_MHAB,FR53,2002,46.594
A,P_MHAB,FR53,2003,62.776
A,P_MHAB,FR53,2004,65.777
A,P_MHAB,FR53,2005,60.468
A,P_MHAB,FR53,2006,49.422
A,P_MHAB,FR53,2007,42.126
A,P_MHAB,FR53,2008,56.564
A,P_MHAB,FR53,2009,57.623
A,P_MHAB,FR53,2010,44.352
A,P_MHAB,FR53,2011,57.82
A,P_MHAB,FR53,2012,35.847
A,P_MHAB,FR531,1990,43.357
A,P_MHAB,FR531,1991,39.942
A,P_MHAB,FR531,1992,34.566
A,P_MHAB,FR531,1993,45.271
A,P_MHAB,FR531,1994,46.32
A,P_MHAB,FR531,1995,33.688
A,P_MHAB,FR531,1996,42.314
A,P_MHAB,FR531,1997,61.187
A,P_MHAB,FR531,1998,36.272
A,P_MHAB,FR531,1999,46.582
A,P_MHAB,FR531,2000,74.334
A,P_MHAB,FR531,2001,62.873
A,P_MHAB,FR531,2002,29.649
A,P_MHAB,FR531,2003,60.484
A,P_MHAB,FR531,2004,56.831
A,P_MHAB,FR531,2005,58.397
A,P_MHAB,FR531,2006,31.265
A,P_MHAB,FR531,2007,19.54
A,P_MHAB,FR531,2008,77.82
A,P_MHAB,FR531,2009,69.888
A,P_MHAB,FR531,2010,36.265
A,P_MHAB,FR531,2011,124.24
A,P_MHAB,FR531,2012,65.515
A,P_MHAB,FR532,1990,17.356
A,P_MHAB,FR532,1991,12.909
A,P_MHAB,FR532,1992,21.052
A,P_MHAB,FR532,1993,25.882
A,P_MHAB,FR532,1994,33.107
A,P_MHAB,FR532,1995,20.193
A,P_MHAB,FR532,1996,16.126
A,P_MHAB,FR532,1997,36.487
A,P_MHAB,FR532,1998,32.209
A,P_MHAB,FR532,1999,14.701
A,P_MHAB,FR532,2000,37.918
A,P_MHAB,FR532,2001,15.098
A,P_MHAB,FR532,2002,18.072
A,P_MHAB,FR532,2003,22.212
A,P_MHAB,FR532,2004,18.342
A,P_MHAB,FR532,2005,14.899
A,P_MHAB,FR532,2006,27.116
A,P_MHAB,FR532,2007,40.336
A,P_MHAB,FR532,2008,34.199
A,P_MHAB,FR532,2009,27.035
A,P_MHAB,FR532,2010,30.0
A,P_MHAB,FR532,2011,22.551
A,P_MHAB,FR532,2012,21.535
A,P_MHAB,FR533,1990,27.455
A,P_MHAB,FR533,1991,23.858
A,P_MHAB,FR533,1992,23.856
A,P_MHAB,FR533,1993,38.578
A,P_MHAB,FR533,1994,40.848
A,P_MHAB,FR533,1995,21.955
A,P_MHAB,FR533,1996,17.61
A,P_MHAB,FR533,1997,32.138
A,P_MHAB,FR533,1998,53.486
A,P_MHAB,FR533,1999,75.678
A,P_MHAB,FR533,2000,87.809
A,P_MHAB,FR533,2001,41.595
A,P_MHAB,FR533,2002,106.158
A,P_MHAB,FR533,2003,84.766
A,P_MHAB,FR533,2004,131.976
A,P_MHAB,FR533,2005,107.467
A,P_MHAB,FR533,2006,69.639
A,P_MHAB,FR533,2007,33.917
A,P_MHAB,FR533,2008,58.429
A,P_MHAB,FR533,2009,51.81
A,P_MHAB,FR533,2010,46.605
A,P_MHAB,FR533,2011,39.09
A,P_MHAB,FR533,2012,23.333
A,P_MHAB,FR534,1990,31.529
A,P_MHAB,FR534,1991,33.311
A,P_MHAB,FR534,1992,75.817
A,P_MHAB,FR534,1993,61.202
A,P_MHAB,FR534,1994,100.471
A,P_MHAB,FR534,1995,96.637
A,P_MHAB,FR534,1996,53.117
A,P_MHAB,FR534,1997,74.473
A,P_MHAB,FR534,1998,71.317
A,P_MHAB,FR534,1999,62.807
A,P_MHAB,FR534,2000,62.475
A,P_MHAB,FR534,2001,60.65
A,P_MHAB,FR534,2002,49.75
A,P_MHAB,FR534,2003,103.165
A,P_MHAB,FR534,2004,83.698
A,P_MHAB,FR534,2005,86.8
A,P_MHAB,FR534,2006,79.028
A,P_MHAB,FR534,2007,70.468
A,P_MHAB,FR534,2008,69.588
A,P_MHAB,FR534,2009,96.769
A,P_MHAB,FR534,2010,69.968
A,P_MHAB,FR534,2011,70.861
A,P_MHAB,FR534,2012,43.184
A,P_MHAB,FR61,1990,42.874
A,P_MHAB,FR61,1991,40.388
A,P_MHAB,FR61,1992,34.851
A,P_MHAB,FR61,1993,33.572
A,P_MHAB,FR61,1994,33.052
A,P_MHAB,FR61,1995,42.56
A,P_MHAB,FR61,1996,38.436
A,P_MHAB,FR61,1997,46.791
A,P_MHAB,FR61,1998,44.828
A,P_MHAB,FR61,1999,39.88
A,P_MHAB,FR61,2000,42.394
A,P_MHAB,FR61,2001,42.883
A,P_MHAB,FR61,2002,40.877
A,P_MHAB,FR61,2003,38.182
A,P_MHAB,FR61,2004,54.872
A,P_MHAB,FR61,2005,50.719
A,P_MHAB,FR61,2006,53.379
A,P_MHAB,FR61,2007,64.118
A,P_MHAB,FR61,2008,66.77
A,P_MHAB,FR61,2009,72.988
A,P_MHAB,FR61,2010,70.141
A,P_MHAB,FR61,2011,65.484
A,P_MHAB,FR61,2012,52.164
A,P_MHAB,FR611,1990,12.93
A,P_MHAB,FR611,1991,14.646
A,P_MHAB,FR611,1992,5.374
A,P_MHAB,FR611,1993,6.456
A,P_MHAB,FR611,1994,9.041
A,P_MHAB,FR611,1995,5.169
A,P_MHAB,FR611,1996,6.982
A,P_MHAB,FR611,1997,11.978
A,P_MHAB,FR611,1998,15.9
A,P_MHAB,FR611,1999,18.022
A,P_MHAB,FR611,2000,13.888
A,P_MHAB,FR611,2001,15.771
A,P_MHAB,FR611,2002,22.166
A,P_MHAB,FR611,2003,5.87
A,P_MHAB,FR611,2004,22.356
A,P_MHAB,FR611,2005,29.357
A,P_MHAB,FR611,2006,40.564
A,P_MHAB,FR611,2007,23.083
A,P_MHAB,FR611,2008,37.739
A,P_MHAB,FR611,2009,39.313
A,P_MHAB,FR611,2010,31.269
A,P_MHAB,FR611,2011,24.737
A,P_MHAB,FR611,2012,23.008
A,P_MHAB,FR612,1990,61.951
A,P_MHAB,FR612,1991,55.451
A,P_MHAB,FR612,1992,54.436
A,P_MHAB,FR612,1993,44.325
A,P_MHAB,FR612,1994,39.889
A,P_MHAB,FR612,1995,52.648
A,P_MHAB,FR612,1996,52.468
A,P_MHAB,FR612,1997,56.127
A,P_MHAB,FR612,1998,48.533
A,P_MHAB,FR612,1999,49.881
A,P_MHAB,FR612,2000,59.656
A,P_MHAB,FR612,2001,64.564
A,P_MHAB,FR612,2002,58.688
A,P_MHAB,FR612,2003,62.425
A,P_MHAB,FR612,2004,80.692
A,P_MHAB,FR612,2005,74.268
A,P_MHAB,FR612,2006,74.547
A,P_MHAB,FR612,2007,93.618
A,P_MHAB,FR612,2008,94.218
A,P_MHAB,FR612,2009,101.669
A,P_MHAB,FR612,2010,88.763
A,P_MHAB,FR612,2011,83.831
A,P_MHAB,FR612,2012,71.429
A,P_MHAB,FR613,1990,7.223
A,P_MHAB,FR613,1991,17.939
A,P_MHAB,FR613,1992,11.038
A,P_MHAB,FR613,1993,15.767
A,P_MHAB,FR613,1994,16.54
A,P_MHAB,FR613,1995,12.259
A,P_MHAB,FR613,1996,8.81
A,P_MHAB,FR613,1997,28.872
A,P_MHAB,FR613,1998,25.071
A,P_MHAB,FR613,1999,17.816
A,P_MHAB,FR613,2000,6.033
A,P_MHAB,FR613,2001,6.925
A,P_MHAB,FR613,2002,22.785
A,P_MHAB,FR613,2003,8.944
A,P_MHAB,FR613,2004,10.005
A,P_MHAB,FR613,2005,5.845
A,P_MHAB,FR613,2006,10.143
A,P_MHAB,FR613,2007,10.422
A,P_MHAB,FR613,2008,25.701
A,P_MHAB,FR613,2009,16.555
A,P_MHAB,FR613,2010,21.076
A,P_MHAB,FR613,2011,17.426
A,P_MHAB,FR613,2012,9.418
A,P_MHAB,FR614,1990,6.998
A,P_MHAB,FR614,1991,14.535
A,P_MHAB,FR614,1992,10.918
A,P_MHAB,FR614,1993,14.249
A,P_MHAB,FR614,1994,15.623
A,P_MHAB,FR614,1995,11.501
A,P_MHAB,FR614,1996,14.734
A,P_MHAB,FR614,1997,22.03
A,P_MHAB,FR614,1998,23.511
A,P_MHAB,FR614,1999,16.106
A,P_MHAB,FR614,2000,12.101
A,P_MHAB,FR614,2001,22.346
A,P_MHAB,FR614,2002,16.828
A,P_MHAB,FR614,2003,9.064
A,P_MHAB,FR614,2004,23.858
A,P_MHAB,FR614,2005,17.203
A,P_MHAB,FR614,2006,22.123
A,P_MHAB,FR614,2007,31.804
A,P_MHAB,FR614,2008,9.436
A,P_MHAB,FR614,2009,26.024
A,P_MHAB,FR614,2010,22.409
A,P_MHAB,FR614,2011,11.001
A,P_MHAB,FR614,2012,26.105
A,P_MHAB,FR615,1990,61.03
A,P_MHAB,FR615,1991,51.494
A,P_MHAB,FR615,1992,38.382
A,P_MHAB,FR615,1993,48.372
A,P_MHAB,FR615,1994,52.352
A,P_MHAB,FR615,1995,78.15
A,P_MHAB,FR615,1996,57.38
A,P_MHAB,FR615,1997,72.067
A,P_MHAB,FR615,1998,77.527
A,P_MHAB,FR615,1999,56.743
A,P_MHAB,FR615,2000,59.032
A,P_MHAB,FR615,2001,43.864
A,P_MHAB,FR615,2002,36.611
A,P_MHAB,FR615,2003,37.342
A,P_MHAB,FR615,2004,60.367
A,P_MHAB,FR615,2005,55.311
A,P_MHAB,FR615,2006,55.618
A,P_MHAB,FR615,2007,72.4
A,P_MHAB,FR615,2008,77.43
A,P_MHAB,FR615,2009,87.767
A,P_MHAB,FR615,2010,106.516
A,P_MHAB,FR615,2011,106.197
A,P_MHAB,FR615,2012,65.792
A,P_MHAB,FR62,1990,51.866
A,P_MHAB,FR62,1991,55.008
A,P_MHAB,FR62,1992,43.138
A,P_MHAB,FR62,1993,61.978
A,P_MHAB,FR62,1994,54.203
A,P_MHAB,FR62,1995,64.767
A,P_MHAB,FR62,1996,64.453
A,P_MHAB,FR62,1997,76.042
A,P_MHAB,FR62,1998,86.646
A,P_MHAB,FR62,1999,83.391
A,P_MHAB,FR62,2000,89.196
A,P_MHAB,FR62,2001,97.186
A,P_MHAB,FR62,2002,95.179
A,P_MHAB,FR62,2003,103.101
A,P_MHAB,FR62,2004,123.054
A,P_MHAB,FR62,2005,130.551
A,P_MHAB,FR62,2006,131.906
A,P_MHAB,FR62,2007,121.544
A,P_MHAB,FR62,2008,124.772
A,P_MHAB,FR62,2009,118.88
A,P_MHAB,FR62,2010,115.339
A,P_MHAB,FR62,2011,114.282
A,P_MHAB,FR62,2012,95.483
A,P_MHAB,FR621,1990,3.658
A,P_MHAB,FR621,1991,23.762
A,P_MHAB,FR621,1992,7.306
A,P_MHAB,FR621,1993,2.415
A,P_MHAB,FR621,1994,24.156
A,P_MHAB,FR621,1995,20.147
A,P_MHAB,FR621,1996,11.232
A,P_MHAB,FR621,1997,18.309
A,P_MHAB,FR621,1998,10.97
A,P_MHAB,FR621,1999,13.338
A,P_MHAB,FR621,2000,16.281
A,P_MHAB,FR621,2001,17.003
A,P_MHAB,FR621,2002,21.894
A,P_MHAB,FR621,2003,21.754
A,P_MHAB,FR621,2004,16.74
A,P_MHAB,FR621,2005,25.537
A,P_MHAB,FR621,2006,26.865
A,P_MHAB,FR621,2007,6.731
A,P_MHAB,FR621,2008,6.658
A,P_MHAB,FR621,2009,28.653
A,P_MHAB,FR621,2010,6.775
A,P_MHAB,FR621,2011,19.897
A,P_MHAB,FR621,2012,12.995
A,P_MHAB,FR622,1990,14.164
A,P_MHAB,FR622,1991,11.148
A,P_MHAB,FR622,1992,7.15
A,P_MHAB,FR622,1993,7.097
A,P_MHAB,FR622,1994,22.919
A,P_MHAB,FR622,1995,25.031
A,P_MHAB,FR622,1996,12.693
A,P_MHAB,FR622,1997,9.433
A,P_MHAB,FR622,1998,13.879
A,P_MHAB,FR622,1999,24.427
A,P_MHAB,FR622,2000,20.221
A,P_MHAB,FR622,2001,40.733
A,P_MHAB,FR622,2002,7.208
A,P_MHAB,FR622,2003,8.361
A,P_MHAB,FR622,2004,24.531
A,P_MHAB,FR622,2005,13.751
A,P_MHAB,FR622,2006,13.534
A,P_MHAB,FR622,2007,19.75
A,P_MHAB,FR622,2008,28.526
A,P_MHAB,FR622,2009,14.907
A,P_MHAB,FR622,2010,13.836
A,P_MHAB,FR622,2011,29.622
A,P_MHAB,FR622,2012,11.657
A,P_MHAB,FR623,1990,103.09
A,P_MHAB,FR623,1991,101.217
A,P_MHAB,FR623,1992,74.691
A,P_MHAB,FR623,1993,118.548
A,P_MHAB,FR623,1994,96.659
A,P_MHAB,FR623,1995,103.034
A,P_MHAB,FR623,1996,106.237
A,P_MHAB,FR623,1997,137.464
A,P_MHAB,FR623,1998,154.002
A,P_MHAB,FR623,1999,147.605
A,P_MHAB,FR623,2000,158.577
A,P_MHAB,FR623,2001,177.676
A,P_MHAB,FR623,2002,177.012
A,P_MHAB,FR623,2003,182.111
A,P_MHAB,FR623,2004,221.482
A,P_MHAB,FR623,2005,262.875
A,P_MHAB,FR623,2006,242.656
A,P_MHAB,FR623,2007,230.049
A,P_MHAB,FR623,2008,234.658
A,P_MHAB,FR623,2009,219.39
A,P_MHAB,FR623,2010,201.2
A,P_MHAB,FR623,2011,204.162
A,P_MHAB,FR623,2012,168.429
A,P_MHAB,FR624,1990,6.524
A,P_MHAB,FR624,1991,5.718
A,P_MHAB,FR624,1992,5.744
A,P_MHAB,FR624,1993,8.634
A,P_MHAB,FR624,1994,8.314
A,P_MHAB,FR624,1995,20.272
A,P_MHAB,FR624,1996,28.975
A,P_MHAB,FR624,1997,18.561
A,P_MHAB,FR624,1998,14.486
A,P_MHAB,FR624,1999,20.292
A,P_MHAB,FR624,2000,13.428
A,P_MHAB,FR624,2001,28.108
A,P_MHAB,FR624,2002,11.247
A,P_MHAB,FR624,2003,34.992
A,P_MHAB,FR624,2004,50.136
A,P_MHAB,FR624,2005,36.112
A,P_MHAB,FR624,2006,56.513
A,P_MHAB,FR624,2007,44.495
A,P_MHAB,FR624,2008,40.914
A,P_MHAB,FR624,2009,32.535
A,P_MHAB,FR624,2010,22.587
A,P_MHAB,FR624,2011,39.599
A,P_MHAB,FR624,2012,29.916
A,P_MHAB,FR625,1990,22.44
A,P_MHAB,FR625,1991,15.551
A,P_MHAB,FR625,1992,25.481
A,P_MHAB,FR625,1993,15.902
A,P_MHAB,FR625,1994,3.868
A,P_MHAB,FR625,1995,2.089
A,P_MHAB,FR625,1996,16.86
A,P_MHAB,FR625,1997,38.787
A,P_MHAB,FR625,1998,23.989
A,P_MHAB,FR625,1999,32.765
A,P_MHAB,FR625,2000,29.62
A,P_MHAB,FR625,2001,28.153
A,P_MHAB,FR625,2002,34.374
A,P_MHAB,FR625,2003,21.149
A,P_MHAB,FR625,2004,14.981
A,P_MHAB,FR625,2005,6.715
A,P_MHAB,FR625,2006,21.176
A,P_MHAB,FR625,2007,14.605
A,P_MHAB,FR625,2008,25.058
A,P_MHAB,FR625,2009,25.927
A,P_MHAB,FR625,2010,28.182
A,P_MHAB,FR625,2011,38.626
A,P_MHAB,FR625,2012,55.522
A,P_MHAB,FR626,1990,23.253
A,P_MHAB,FR626,1991,46.306
A,P_MHAB,FR626,1992,56.355
A,P_MHAB,FR626,1993,33.515
A,P_MHAB,FR626,1994,36.009
A,P_MHAB,FR626,1995,28.669
A,P_MHAB,FR626,1996,68.214
A,P_MHAB,FR626,1997,49.079
A,P_MHAB,FR626,1998,107.378
A,P_MHAB,FR626,1999,43.57
A,P_MHAB,FR626,2000,69.279
A,P_MHAB,FR626,2001,57.697
A,P_MHAB,FR626,2002,59.869
A,P_MHAB,FR626,2003,89.836
A,P_MHAB,FR626,2004,98.925
A,P_MHAB,FR626,2005,70.107
A,P_MHAB,FR626,2006,88.919
A,P_MHAB,FR626,2007,65.968
A,P_MHAB,FR626,2008,100.096
A,P_MHAB,FR626,2009,51.683
A,P_MHAB,FR626,2010,119.281
A,P_MHAB,FR626,2011,56.145
A,P_MHAB,FR626,2012,80.095
A,P_MHAB,FR627,1990,28.226
A,P_MHAB,FR627,1991,44.899
A,P_MHAB,FR627,1992,31.467
A,P_MHAB,FR627,1993,50.058
A,P_MHAB,FR627,1994,51.416
A,P_MHAB,FR627,1995,92.783
A,P_MHAB,FR627,1996,59.718
A,P_MHAB,FR627,1997,46.914
A,P_MHAB,FR627,1998,54.957
A,P_MHAB,FR627,1999,70.579
A,P_MHAB,FR627,2000,49.731
A,P_MHAB,FR627,2001,63.342
A,P_MHAB,FR627,2002,56.202
A,P_MHAB,FR627,2003,84.421
A,P_MHAB,FR627,2004,64.482
A,P_MHAB,FR627,2005,45.92
A,P_MHAB,FR627,2006,74.315
A,P_MHAB,FR627,2007,64.791
A,P_MHAB,FR627,2008,37.446
A,P_MHAB,FR627,2009,85.343
A,P_MHAB,FR627,2010,71.741
A,P_MHAB,FR627,2011,70.484
A,P_MHAB,FR627,2012,50.165
A,P_MHAB,FR628,1990,34.1
A,P_MHAB,FR628,1991,19.84
A,P_MHAB,FR628,1992,17.247
A,P_MHAB,FR628,1993,36.901
A,P_MHAB,FR628,1994,13.882
A,P_MHAB,FR628,1995,39.556
A,P_MHAB,FR628,1996,32.594
A,P_MHAB,FR628,1997,51.168
A,P_MHAB,FR628,1998,32.844
A,P_MHAB,FR628,1999,36.742
A,P_MHAB,FR628,2000,67.556
A,P_MHAB,FR628,2001,16.956
A,P_MHAB,FR628,2002,48.783
A,P_MHAB,FR628,2003,27.613
A,P_MHAB,FR628,2004,63.182
A,P_MHAB,FR628,2005,18.772
A,P_MHAB,FR628,2006,42.01
A,P_MHAB,FR628,2007,37.754
A,P_MHAB,FR628,2008,45.906
A,P_MHAB,FR628,2009,31.134
A,P_MHAB,FR628,2010,57.22
A,P_MHAB,FR628,2011,39.216
A,P_MHAB,FR628,2012,24.578
A,P_MHAB,FR63,1990,17.928
A,P_MHAB,FR63,1991,23.314
A,P_MHAB,FR63,1992,29.018
A,P_MHAB,FR63,1993,28.415
A,P_MHAB,FR63,1994,23.826
A,P_MHAB,FR63,1995,28.831
A,P_MHAB,FR63,1996,37.941
A,P_MHAB,FR63,1997,31.861
A,P_MHAB,FR63,1998,43.194
A,P_MHAB,FR63,1999,41.351
A,P_MHAB,FR63,2000,47.753
A,P_MHAB,FR63,2001,42.652
A,P_MHAB,FR63,2002,36.287
A,P_MHAB,FR63,2003,61.468
A,P_MHAB,FR63,2004,57.825
A,P_MHAB,FR63,2005,78.682
A,P_MHAB,FR63,2006,69.091
A,P_MHAB,FR63,2007,37.91
A,P_MHAB,FR63,2008,61.452
A,P_MHAB,FR63,2009,44.528
A,P_MHAB,FR63,2010,69.214
A,P_MHAB,FR63,2011,60.089
A,P_MHAB,FR63,2012,47.412
A,P_MHAB,FR631,1990,8.402
A,P_MHAB,FR631,1991,11.242
A,P_MHAB,FR631,1992,29.881
A,P_MHAB,FR631,1993,28.564
A,P_MHAB,FR631,1994,25.103
A,P_MHAB,FR631,1995,16.991
A,P_MHAB,FR631,1996,7.802
A,P_MHAB,FR631,1997,11.037
A,P_MHAB,FR631,1998,1.928
A,P_MHAB,FR631,1999,24.139
A,P_MHAB,FR631,2000,29.149
A,P_MHAB,FR631,2001,17.905
A,P_MHAB,FR631,2002,11.876
A,P_MHAB,FR631,2003,13.513
A,P_MHAB,FR631,2004,27.121
A,P_MHAB,FR631,2005,41.683
A,P_MHAB,FR631,2006,32.035
A,P_MHAB,FR631,2007,5.247
A,P_MHAB,FR631,2008,39.605
A,P_MHAB,FR631,2009,15.204
A,P_MHAB,FR631,2010,43.769
A,P_MHAB,FR631,2011,55.474
A,P_MHAB,FR631,2012,43.026
A,P_MHAB,FR632,1990,15.199
A,P_MHAB,FR632,1993,11.242
A,P_MHAB,FR632,1994,3.126
A,P_MHAB,FR632,1996,7.914
A,P_MHAB,FR632,1997,10.568
A,P_MHAB,FR632,1998,7.98
A,P_MHAB,FR632,1999,8.026
A,P_MHAB,FR632,2000,6.034
A,P_MHAB,FR632,2001,32.233
A,P_MHAB,FR632,2002,8.068
A,P_MHAB,FR632,2003,54.121
A,P_MHAB,FR632,2004,39.09
A,P_MHAB,FR632,2005,42.537
A,P_MHAB,FR632,2006,22.285
A,P_MHAB,FR632,2007,11.707
A,P_MHAB,FR632,2009,20.229
A,P_MHAB,FR632,2010,33.976
A,P_MHAB,FR632,2011,22.03
A,P_MHAB,FR632,2012,19.174
A,P_MHAB,FR633,1990,25.352
A,P_MHAB,FR633,1991,40.049
A,P_MHAB,FR633,1992,39.031
A,P_MHAB,FR633,1993,34.564
A,P_MHAB,FR633,1994,30.444
A,P_MHAB,FR633,1995,47.022
A,P_MHAB,FR633,1996,68.592
A,P_MHAB,FR633,1997,53.128
A,P_MHAB,FR633,1998,82.867
A,P_MHAB,FR633,1999,64.397
A,P_MHAB,FR633,2000,74.582
A,P_MHAB,FR633,2001,62.526
A,P_MHAB,FR633,2002,62.063
A,P_MHAB,FR633,2003,95.468
A,P_MHAB,FR633,2004,84.354
A,P_MHAB,FR633,2005,115.161
A,P_MHAB,FR633,2006,109.082
A,P_MHAB,FR633,2007,67.96
A,P_MHAB,FR633,2008,96.031
A,P_MHAB,FR633,2009,71.575
A,P_MHAB,FR633,2010,97.211
A,P_MHAB,FR633,2011,75.467
A,P_MHAB,FR633,2012,59.329
A,P_MHAB,FR71,1990,142.094
A,P_MHAB,FR71,1991,144.925
A,P_MHAB,FR71,1992,140.678
A,P_MHAB,FR71,1993,142.431
A,P_MHAB,FR71,1994,146.591
A,P_MHAB,FR71,1995,154.787
A,P_MHAB,FR71,1996,178.1
A,P_MHAB,FR71,1997,186.667
A,P_MHAB,FR71,1998,194.864
A,P_MHAB,FR71,1999,201.213
A,P_MHAB,FR71,2000,202.274
A,P_MHAB,FR71,2001,214.414
A,P_MHAB,FR71,2002,231.423
A,P_MHAB,FR71,2003,224.097
A,P_MHAB,FR71,2004,228.869
A,P_MHAB,FR71,2005,240.012
A,P_MHAB,FR71,2006,246.782
A,P_MHAB,FR71,2007,261.884
A,P_MHAB,FR71,2008,270.287
A,P_MHAB,FR71,2009,265.807
A,P_MHAB,FR71,2010,262.558
A,P_MHAB,FR71,2011,283.869
A,P_MHAB,FR71,2012,214.584
A,P_MHAB,FR711,1990,50.972
A,P_MHAB,FR711,1991,56.145
A,P_MHAB,FR711,1992,61.464
A,P_MHAB,FR711,1993,72.587
A,P_MHAB,FR711,1994,81.342
A,P_MHAB,FR711,1995,64.347
A,P_MHAB,FR711,1996,102.902
A,P_MHAB,FR711,1997,128.124
A,P_MHAB,FR711,1998,121.978
A,P_MHAB,FR711,1999,145.179
A,P_MHAB,FR711,2000,134.81
A,P_MHAB,FR711,2001,146.253
A,P_MHAB,FR711,2002,155.821
A,P_MHAB,FR711,2003,176.549
A,P_MHAB,FR711,2004,185.411
A,P_MHAB,FR711,2005,161.369
A,P_MHAB,FR711,2006,182.5
A,P_MHAB,FR711,2007,155.508
A,P_MHAB,FR711,2008,161.21
A,P_MHAB,FR711,2009,147.252
A,P_MHAB,FR711,2010,144.574
A,P_MHAB,FR711,2011,175.613
A,P_MHAB,FR711,2012,123.997
A,P_MHAB,FR712,1990,43.508
A,P_MHAB,FR712,1991,46.001
A,P_MHAB,FR712,1992,69.425
A,P_MHAB,FR712,1993,49.561
A,P_MHAB,FR712,1994,40.193
A,P_MHAB,FR712,1995,52.613
A,P_MHAB,FR712,1996,55.827
A,P_MHAB,FR712,1997,66.488
A,P_MHAB,FR712,1998,54.983
A,P_MHAB,FR712,1999,98.08
A,P_MHAB,FR712,2000,103.68
A,P_MHAB,FR712,2001,76.543
A,P_MHAB,FR712,2002,66.106
A,P_MHAB,FR712,2003,63.173
A,P_MHAB,FR712,2004,91.627
A,P_MHAB,FR712,2005,86.039
A,P_MHAB,FR712,2006,73.015
A,P_MHAB,FR712,2007,81.11
A,P_MHAB,FR712,2008,76.32
A,P_MHAB,FR712,2009,78.513
A,P_MHAB,FR712,2010,74.233
A,P_MHAB,FR712,2011,57.836
A,P_MHAB,FR712,2012,69.094
A,P_MHAB,FR713,1990,90.714
A,P_MHAB,FR713,1991,100.859
A,P_MHAB,FR713,1992,81.036
A,P_MHAB,FR713,1993,58.759
A,P_MHAB,FR713,1994,56.45
A,P_MHAB,FR713,1995,76.677
A,P_MHAB,FR713,1996,67.123
A,P_MHAB,FR713,1997,84.002
A,P_MHAB,FR713,1998,83.399
A,P_MHAB,FR713,1999,72.637
A,P_MHAB,FR713,2000,74.862
A,P_MHAB,FR713,2001,66.545
A,P_MHAB,FR713,2002,82.472
A,P_MHAB,FR713,2003,67.979
A,P_MHAB,FR713,2004,103.73
A,P_MHAB,FR713,2005,110.243
A,P_MHAB,FR713,2006,76.46
A,P_MHAB,FR713,2007,106.605
A,P_MHAB,FR713,2008,92.393
A,P_MHAB,FR713,2009,127.271
A,P_MHAB,FR713,2010,141.63
A,P_MHAB,FR713,2011,155.002
A,P_MHAB,FR713,2012,100.482
A,P_MHAB,FR714,1990,232.684
A,P_MHAB,FR714,1991,230.966
A,P_MHAB,FR714,1992,268.746
A,P_MHAB,FR714,1993,268.102
A,P_MHAB,FR714,1994,290.456
A,P_MHAB,FR714,1995,284.723
A,P_MHAB,FR714,1996,321.435
A,P_MHAB,FR714,1997,331.27
A,P_MHAB,FR714,1998,352.229
A,P_MHAB,FR714,1999,407.329
A,P_MHAB,FR714,2000,386.608
A,P_MHAB,FR714,2001,456.669
A,P_MHAB,FR714,2002,512.353
A,P_MHAB,FR714,2003,471.702
A,P_MHAB,FR714,2004,425.265
A,P_MHAB,FR714,2005,507.504
A,P_MHAB,FR714,2006,499.687
A,P_MHAB,FR714,2007,555.987
A,P_MHAB,FR714,2008,566.411
A,P_MHAB,FR714,2009,611.509
A,P_MHAB,FR714,2010,564.941
A,P_MHAB,FR714,2011,629.281
A,P_MHAB,FR714,2012,528.615
A,P_MHAB,FR715,1990,62.364
A,P_MHAB,FR715,1991,61.876
A,P_MHAB,FR715,1992,64.72
A,P_MHAB,FR715,1993,58.772
A,P_MHAB,FR715,1994,57.106
A,P_MHAB,FR715,1995,51.217
A,P_MHAB,FR715,1996,67.77
A,P_MHAB,FR715,1997,69.211
A,P_MHAB,FR715,1998,70.306
A,P_MHAB,FR715,1999,60.172
A,P_MHAB,FR715,2000,61.318
A,P_MHAB,FR715,2001,65.84
A,P_MHAB,FR715,2002,63.179
A,P_MHAB,FR715,2003,64.0
A,P_MHAB,FR715,2004,86.22
A,P_MHAB,FR715,2005,81.283
A,P_MHAB,FR715,2006,76.342
A,P_MHAB,FR715,2007,90.148
A,P_MHAB,FR715,2008,104.342
A,P_MHAB,FR715,2009,80.778
A,P_MHAB,FR715,2010,96.949
A,P_MHAB,FR715,2011,117.228
A,P_MHAB,FR715,2012,78.752
A,P_MHAB,FR716,1990,175.946
A,P_MHAB,FR716,1991,179.369
A,P_MHAB,FR716,1992,144.636
A,P_MHAB,FR716,1993,168.335
A,P_MHAB,FR716,1994,160.651
A,P_MHAB,FR716,1995,174.375
A,P_MHAB,FR716,1996,200.573
A,P_MHAB,FR716,1997,209.062
A,P_MHAB,FR716,1998,226.891
A,P_MHAB,FR716,1999,217.736
A,P_MHAB,FR716,2000,233.393
A,P_MHAB,FR716,2001,209.167
A,P_MHAB,FR716,2002,216.87
A,P_MHAB,FR716,2003,222.449
A,P_MHAB,FR716,2004,219.407
A,P_MHAB,FR716,2005,224.437
A,P_MHAB,FR716,2006,254.076
A,P_MHAB,FR716,2007,254.64
A,P_MHAB,FR716,2008,288.394
A,P_MHAB,FR716,2009,256.726
A,P_MHAB,FR716,2010,254.687
A,P_MHAB,FR716,2011,260.687
A,P_MHAB,FR716,2012,162.236
A,P_MHAB,FR717,1990,71.275
A,P_MHAB,FR717,1991,77.348
A,P_MHAB,FR717,1992,77.488
A,P_MHAB,FR717,1993,63.88
A,P_MHAB,FR717,1994,60.366
A,P_MHAB,FR717,1995,65.105
A,P_MHAB,FR717,1996,103.575
A,P_MHAB,FR717,1997,96.972
A,P_MHAB,FR717,1998,125.089
A,P_MHAB,FR717,1999,129.496
A,P_MHAB,FR717,2000,106.742
A,P_MHAB,FR717,2001,110.472
A,P_MHAB,FR717,2002,124.072
A,P_MHAB,FR717,2003,123.991
A,P_MHAB,FR717,2004,130.272
A,P_MHAB,FR717,2005,111.43
A,P_MHAB,FR717,2006,113.746
A,P_MHAB,FR717,2007,121.814
A,P_MHAB,FR717,2008,124.156
A,P_MHAB,FR717,2009,151.336
A,P_MHAB,FR717,2010,162.763
A,P_MHAB,FR717,2011,207.591
A,P_MHAB,FR717,2012,152.765
A,P_MHAB,FR718,1990,199.635
A,P_MHAB,FR718,1991,202.896
A,P_MHAB,FR718,1992,180.765
A,P_MHAB,FR718,1993,167.084
A,P_MHAB,FR718,1994,187.651
A,P_MHAB,FR718,1995,233.832
A,P_MHAB,FR718,1996,243.876
A,P_MHAB,FR718,1997,245.708
A,P_MHAB,FR718,1998,229.287
A,P_MHAB,FR718,1999,189.898
A,P_MHAB,FR718,2000,211.864
A,P_MHAB,FR718,2001,259.525
A,P_MHAB,FR718,2002,275.054
A,P_MHAB,FR718,2003,258.604
A,P_MHAB,FR718,2004,313.186
A,P_MHAB,FR718,2005,291.703
A,P_MHAB,FR718,2006,306.339
A,P_MHAB,FR718,2007,318.547
A,P_MHAB,FR718,2008,283.075
A,P_MHAB,FR718,2009,241.377
A,P_MHAB,FR718,2010,266.188
A,P_MHAB,FR718,2011,253.67
A,P_MHAB,FR718,2012,206.477
A,P_MHAB,FR72,1990,49.669
A,P_MHAB,FR72,1991,48.836
A,P_MHAB,FR72,1992,40.375
A,P_MHAB,FR72,1993,50.054
A,P_MHAB,FR72,1994,51.483
A,P_MHAB,FR72,1995,46.577
A,P_MHAB,FR72,1996,72.096
A,P_MHAB,FR72,1997,68.324
A,P_MHAB,FR72,1998,79.031
A,P_MHAB,FR72,1999,93.564
A,P_MHAB,FR72,2000,108.845
A,P_MHAB,FR72,2001,115.202
A,P_MHAB,FR72,2002,101.97
A,P_MHAB,FR72,2003,93.305
A,P_MHAB,FR72,2004,106.028
A,P_MHAB,FR72,2005,99.431
A,P_MHAB,FR72,2006,106.599
A,P_MHAB,FR72,2007,118.477
A,P_MHAB,FR72,2008,112.374
A,P_MHAB,FR72,2009,131.164
A,P_MHAB,FR72,2010,161.112
A,P_MHAB,FR72,2011,179.287
A,P_MHAB,FR72,2012,99.195
A,P_MHAB,FR721,1990,24.389
A,P_MHAB,FR721,1991,18.713
A,P_MHAB,FR721,1992,22.044
A,P_MHAB,FR721,1993,34.707
A,P_MHAB,FR721,1994,34.162
A,P_MHAB,FR721,1995,7.321
A,P_MHAB,FR721,1996,31.742
A,P_MHAB,FR721,1997,45.003
A,P_MHAB,FR721,1998,25.617
A,P_MHAB,FR721,1999,21.155
A,P_MHAB,FR721,2000,22.889
A,P_MHAB,FR721,2001,40.023
A,P_MHAB,FR721,2002,60.867
A,P_MHAB,FR721,2003,41.656
A,P_MHAB,FR721,2004,53.85
A,P_MHAB,FR721,2005,47.648
A,P_MHAB,FR721,2006,65.713
A,P_MHAB,FR721,2007,46.981
A,P_MHAB,FR721,2008,27.304
A,P_MHAB,FR721,2009,56.348
A,P_MHAB,FR721,2010,18.722
A,P_MHAB,FR721,2011,23.021
A,P_MHAB,FR721,2012,17.351
A,P_MHAB,FR722,1990,6.296
A,P_MHAB,FR722,1991,25.268
A,P_MHAB,FR722,1994,9.642
A,P_MHAB,FR722,1995,3.234
A,P_MHAB,FR722,1996,17.883
A,P_MHAB,FR722,1997,3.274
A,P_MHAB,FR722,1998,25.224
A,P_MHAB,FR722,1999,13.247
A,P_MHAB,FR722,2000,43.68
A,P_MHAB,FR722,2001,16.616
A,P_MHAB,FR722,2002,29.964
A,P_MHAB,FR722,2003,57.155
A,P_MHAB,FR722,2004,19.741
A,P_MHAB,FR722,2005,19.489
A,P_MHAB,FR722,2006,37.88
A,P_MHAB,FR722,2007,15.632
A,P_MHAB,FR722,2008,20.708
A,P_MHAB,FR722,2009,14.827
A,P_MHAB,FR722,2010,10.124
A,P_MHAB,FR722,2011,23.716
A,P_MHAB,FR722,2012,24.896
A,P_MHAB,FR723,1990,43.986
A,P_MHAB,FR723,1991,49.997
A,P_MHAB,FR723,1992,29.859
A,P_MHAB,FR723,1993,32.707
A,P_MHAB,FR723,1994,13.704
A,P_MHAB,FR723,1995,32.783
A,P_MHAB,FR723,1996,47.512
A,P_MHAB,FR723,1997,36.376
A,P_MHAB,FR723,1998,33.944
A,P_MHAB,FR723,1999,39.266
A,P_MHAB,FR723,2000,28.136
A,P_MHAB,FR723,2001,36.69
A,P_MHAB,FR723,2002,39.063
A,P_MHAB,FR723,2003,51.073
A,P_MHAB,FR723,2004,43.948
A,P_MHAB,FR723,2005,29.061
A,P_MHAB,FR723,2006,36.358
A,P_MHAB,FR723,2007,40.011
A,P_MHAB,FR723,2008,26.596
A,P_MHAB,FR723,2009,29.804
A,P_MHAB,FR723,2010,55.49
A,P_MHAB,FR723,2011,31.569
A,P_MHAB,FR723,2012,24.503
A,P_MHAB,FR724,1990,78.27
A,P_MHAB,FR724,1991,72.614
A,P_MHAB,FR724,1992,65.497
A,P_MHAB,FR724,1993,78.138
A,P_MHAB,FR724,1994,85.539
A,P_MHAB,FR724,1995,85.445
A,P_MHAB,FR724,1996,117.885
A,P_MHAB,FR724,1997,109.35
A,P_MHAB,FR724,1998,138.89
A,P_MHAB,FR724,1999,173.772
A,P_MHAB,FR724,2000,201.891
A,P_MHAB,FR724,2001,209.37
A,P_MHAB,FR724,2002,164.685
A,P_MHAB,FR724,2003,145.781
A,P_MHAB,FR724,2004,177.748
A,P_MHAB,FR724,2005,172.1
A,P_MHAB,FR724,2006,170.355
A,P_MHAB,FR724,2007,209.706
A,P_MHAB,FR724,2008,210.729
A,P_MHAB,FR724,2009,235.297
A,P_MHAB,FR724,2010,311.129
A,P_MHAB,FR724,2011,351.976
A,P_MHAB,FR724,2012,186.76
A,P_MHAB,FR81,1990,35.033
A,P_MHAB,FR81,1991,33.018
A,P_MHAB,FR81,1992,26.46
A,P_MHAB,FR81,1993,30.464
A,P_MHAB,FR81,1994,33.715
A,P_MHAB,FR81,1995,40.611
A,P_MHAB,FR81,1996,39.755
A,P_MHAB,FR81,1997,41.935
A,P_MHAB,FR81,1998,49.637
A,P_MHAB,FR81,1999,52.495
A,P_MHAB,FR81,2000,46.79
A,P_MHAB,FR81,2001,50.339
A,P_MHAB,FR81,2002,56.369
A,P_MHAB,FR81,2003,49.247
A,P_MHAB,FR81,2004,56.265
A,P_MHAB,FR81,2005,58.129
A,P_MHAB,FR81,2006,55.297
A,P_MHAB,FR81,2007,54.681
A,P_MHAB,FR81,2008,52.225
A,P_MHAB,FR81,2009,69.141
A,P_MHAB,FR81,2010,59.385
A,P_MHAB,FR81,2011,64.01
A,P_MHAB,FR81,2012,45.825
A,P_MHAB,FR811,1990,11.709
A,P_MHAB,FR811,1991,8.882
A,P_MHAB,FR811,1992,14.383
A,P_MHAB,FR811,1993,23.633
A,P_MHAB,FR811,1994,12.46
A,P_MHAB,FR811,1995,14.271
A,P_MHAB,FR811,1996,3.284
A,P_MHAB,FR811,1997,14.169
A,P_MHAB,FR811,1998,25.412
A,P_MHAB,FR811,1999,24.332
A,P_MHAB,FR811,2000,13.085
A,P_MHAB,FR811,2001,26.893
A,P_MHAB,FR811,2002,38.668
A,P_MHAB,FR811,2003,16.294
A,P_MHAB,FR811,2004,8.151
A,P_MHAB,FR811,2005,9.844
A,P_MHAB,FR811,2006,17.066
A,P_MHAB,FR811,2007,31.668
A,P_MHAB,FR811,2008,10.824
A,P_MHAB,FR811,2009,15.764
A,P_MHAB,FR811,2010,24.855
A,P_MHAB,FR811,2011,25.419
A,P_MHAB,FR811,2012,23.928
A,P_MHAB,FR812,1990,36.805
A,P_MHAB,FR812,1991,38.013
A,P_MHAB,FR812,1992,18.452
A,P_MHAB,FR812,1993,28.764
A,P_MHAB,FR812,1994,32.51
A,P_MHAB,FR812,1995,26.726
A,P_MHAB,FR812,1996,38.573
A,P_MHAB,FR812,1997,40.409
A,P_MHAB,FR812,1998,46.752
A,P_MHAB,FR812,1999,34.072
A,P_MHAB,FR812,2000,44.361
A,P_MHAB,FR812,2001,46.132
A,P_MHAB,FR812,2002,44.808
A,P_MHAB,FR812,2003,26.376
A,P_MHAB,FR812,2004,52.692
A,P_MHAB,FR812,2005,61.612
A,P_MHAB,FR812,2006,60.702
A,P_MHAB,FR812,2007,59.115
A,P_MHAB,FR812,2008,60.649
A,P_MHAB,FR812,2009,74.485
A,P_MHAB,FR812,2010,58.729
A,P_MHAB,FR812,2011,66.958
A,P_MHAB,FR812,2012,45.52
A,P_MHAB,FR813,1990,53.043
A,P_MHAB,FR813,1991,52.079
A,P_MHAB,FR813,1992,45.943
A,P_MHAB,FR813,1993,46.201
A,P_MHAB,FR813,1994,53.289
A,P_MHAB,FR813,1995,73.126
A,P_MHAB,FR813,1996,66.776
A,P_MHAB,FR813,1997,67.513
A,P_MHAB,FR813,1998,77.558
A,P_MHAB,FR813,1999,92.372
A,P_MHAB,FR813,2000,78.91
A,P_MHAB,FR813,2001,75.05
A,P_MHAB,FR813,2002,79.83
A,P_MHAB,FR813,2003,91.346
A,P_MHAB,FR813,2004,90.121
A,P_MHAB,FR813,2005,92.467
A,P_MHAB,FR813,2006,79.927
A,P_MHAB,FR813,2007,79.143
A,P_MHAB,FR813,2008,76.231
A,P_MHAB,FR813,2009,105.817
A,P_MHAB,FR813,2010,81.977
A,P_MHAB,FR813,2011,92.068
A,P_MHAB,FR813,2012,67.547
A,P_MHAB,FR814,1990,26.351
A,P_MHAB,FR814,1991,6.882
A,P_MHAB,FR814,1995,20.992
A,P_MHAB,FR814,1996,15.062
A,P_MHAB,FR814,1997,13.658
A,P_MHAB,FR814,1998,20.406
A,P_MHAB,FR814,1999,4.489
A,P_MHAB,FR814,2000,13.541
A,P_MHAB,FR814,2001,11.971
A,P_MHAB,FR814,2002,6.679
A,P_MHAB,FR814,2005,7.602
A,P_MHAB,FR814,2007,13.007
A,P_MHAB,FR814,2008,10.783
A,P_MHAB,FR814,2009,8.683
A,P_MHAB,FR814,2010,19.46
A,P_MHAB,FR814,2012,13.006
A,P_MHAB,FR815,1990,13.745
A,P_MHAB,FR815,1991,8.16
A,P_MHAB,FR815,1992,11.281
A,P_MHAB,FR815,1993,9.659
A,P_MHAB,FR815,1994,15.526
A,P_MHAB,FR815,1995,14.577
A,P_MHAB,FR815,1996,14.429
A,P_MHAB,FR815,1997,13.84
A,P_MHAB,FR815,1998,15.422
A,P_MHAB,FR815,1999,21.994
A,P_MHAB,FR815,2000,9.998
A,P_MHAB,FR815,2001,25.992
A,P_MHAB,FR815,2002,43.904
A,P_MHAB,FR815,2003,23.529
A,P_MHAB,FR815,2004,31.942
A,P_MHAB,FR815,2005,20.375
A,P_MHAB,FR815,2006,29.691
A,P_MHAB,FR815,2007,16.63
A,P_MHAB,FR815,2008,23.471
A,P_MHAB,FR815,2009,28.684
A,P_MHAB,FR815,2010,42.136
A,P_MHAB,FR815,2011,35.092
A,P_MHAB,FR815,2012,18.021
A,P_MHAB,FR82,1990,62.052
A,P_MHAB,FR82,1991,59.294
A,P_MHAB,FR82,1992,49.613
A,P_MHAB,FR82,1993,49.763
A,P_MHAB,FR82,1994,59.016
A,P_MHAB,FR82,1995,58.143
A,P_MHAB,FR82,1996,65.573
A,P_MHAB,FR82,1997,69.144
A,P_MHAB,FR82,1998,76.064
A,P_MHAB,FR82,1999,87.567
A,P_MHAB,FR82,2000,95.834
A,P_MHAB,FR82,2001,84.214
A,P_MHAB,FR82,2002,92.06
A,P_MHAB,FR82,2003,94.087
A,P_MHAB,FR82,2004,97.87
A,P_MHAB,FR82,2005,105.973
A,P_MHAB,FR82,2006,103.071
A,P_MHAB,FR82,2007,116.373
A,P_MHAB,FR82,2008,114.96
A,P_MHAB,FR82,2009,116.288
A,P_MHAB,FR82,2010,111.644
A,P_MHAB,FR82,2011,112.696
A,P_MHAB,FR82,2012,93.655
A,P_MHAB,FR821,1990,38.194
A,P_MHAB,FR821,1991,41.333
A,P_MHAB,FR821,1992,58.009
A,P_MHAB,FR821,1993,29.842
A,P_MHAB,FR821,1994,49.328
A,P_MHAB,FR821,1995,35.119
A,P_MHAB,FR821,1996,40.232
A,P_MHAB,FR821,1997,40.543
A,P_MHAB,FR821,1998,47.471
A,P_MHAB,FR821,1999,73.756
A,P_MHAB,FR821,2000,36.973
A,P_MHAB,FR821,2001,44.925
A,P_MHAB,FR821,2002,39.657
A,P_MHAB,FR821,2003,48.996
A,P_MHAB,FR821,2004,53.315
A,P_MHAB,FR821,2005,28.417
A,P_MHAB,FR821,2006,31.327
A,P_MHAB,FR821,2007,25.694
A,P_MHAB,FR821,2008,29.437
A,P_MHAB,FR821,2009,19.881
A,P_MHAB,FR821,2010,47.331
A,P_MHAB,FR821,2011,33.114
A,P_MHAB,FR821,2012,26.792
A,P_MHAB,FR822,1990,8.829
A,P_MHAB,FR822,1991,4.379
A,P_MHAB,FR822,1992,17.404
A,P_MHAB,FR822,1994,12.855
A,P_MHAB,FR822,1995,20.42
A,P_MHAB,FR822,1996,25.311
A,P_MHAB,FR822,1997,38.348
A,P_MHAB,FR822,1998,18.021
A,P_MHAB,FR822,1999,5.522
A,P_MHAB,FR822,2000,14.281
A,P_MHAB,FR822,2001,8.073
A,P_MHAB,FR822,2002,10.616
A,P_MHAB,FR822,2003,6.55
A,P_MHAB,FR822,2004,30.609
A,P_MHAB,FR822,2005,15.45
A,P_MHAB,FR822,2006,15.296
A,P_MHAB,FR822,2007,22.645
A,P_MHAB,FR822,2008,7.451
A,P_MHAB,FR822,2009,29.447
A,P_MHAB,FR822,2010,12.192
A,P_MHAB,FR822,2011,24.025
A,P_MHAB,FR822,2012,12.54
A,P_MHAB,FR823,1990,106.234
A,P_MHAB,FR823,1991,99.314
A,P_MHAB,FR823,1992,94.415
A,P_MHAB,FR823,1993,91.497
A,P_MHAB,FR823,1994,116.072
A,P_MHAB,FR823,1995,97.236
A,P_MHAB,FR823,1996,118.322
A,P_MHAB,FR823,1997,108.484
A,P_MHAB,FR823,1998,139.603
A,P_MHAB,FR823,1999,162.52
A,P_MHAB,FR823,2000,177.385
A,P_MHAB,FR823,2001,141.312
A,P_MHAB,FR823,2002,174.099
A,P_MHAB,FR823,2003,183.134
A,P_MHAB,FR823,2004,191.562
A,P_MHAB,FR823,2005,203.771
A,P_MHAB,FR823,2006,219.841
A,P_MHAB,FR823,2007,214.012
A,P_MHAB,FR823,2008,205.306
A,P_MHAB,FR823,2009,196.034
A,P_MHAB,FR823,2010,177.162
A,P_MHAB,FR823,2011,183.289
A,P_MHAB,FR823,2012,153.926
A,P_MHAB,FR824,1990,64.383
A,P_MHAB,FR824,1991,60.569
A,P_MHAB,FR824,1992,42.631
A,P_MHAB,FR824,1993,44.015
A,P_MHAB,FR824,1994,53.46
A,P_MHAB,FR824,1995,54.417
A,P_MHAB,FR824,1996,64.973
A,P_MHAB,FR824,1997,76.484
A,P_MHAB,FR824,1998,76.952
A,P_MHAB,FR824,1999,85.906
A,P_MHAB,FR824,2000,84.061
A,P_MHAB,FR824,2001,86.456
A,P_MHAB,FR824,2002,80.84
A,P_MHAB,FR824,2003,90.919
A,P_MHAB,FR824,2004,91.51
A,P_MHAB,FR824,2005,94.629
A,P_MHAB,FR824,2006,92.371
A,P_MHAB,FR824,2007,112.694
A,P_MHAB,FR824,2008,120.559
A,P_MHAB,FR824,2009,120.566
A,P_MHAB,FR824,2010,126.241
A,P_MHAB,FR824,2011,126.581
A,P_MHAB,FR824,2012,111.11
A,P_MHAB,FR825,1990,32.891
A,P_MHAB,FR825,1991,26.204
A,P_MHAB,FR825,1992,19.841
A,P_MHAB,FR825,1993,27.5
A,P_MHAB,FR825,1994,28.249
A,P_MHAB,FR825,1995,32.952
A,P_MHAB,FR825,1996,38.451
A,P_MHAB,FR825,1997,32.869
A,P_MHAB,FR825,1998,39.446
A,P_MHAB,FR825,1999,43.316
A,P_MHAB,FR825,2000,71.262
A,P_MHAB,FR825,2001,48.934
A,P_MHAB,FR825,2002,56.341
A,P_MHAB,FR825,2003,42.313
A,P_MHAB,FR825,2004,40.991
A,P_MHAB,FR825,2005,62.722
A,P_MHAB,FR825,2006,47.102
A,P_MHAB,FR825,2007,58.428
A,P_MHAB,FR825,2008,56.231
A,P_MHAB,FR825,2009,70.267
A,P_MHAB,FR825,2010,52.738
A,P_MHAB,FR825,2011,54.338
A,P_MHAB,FR825,2012,37.899
A,P_MHAB,FR826,1990,31.805
A,P_MHAB,FR826,1991,47.538
A,P_MHAB,FR826,1992,40.38
A,P_MHAB,FR826,1993,41.538
A,P_MHAB,FR826,1994,30.038
A,P_MHAB,FR826,1995,52.016
A,P_MHAB,FR826,1996,25.157
A,P_MHAB,FR826,1997,42.558
A,P_MHAB,FR826,1998,31.995
A,P_MHAB,FR826,1999,45.322
A,P_MHAB,FR826,2000,54.905
A,P_MHAB,FR826,2001,54.297
A,P_MHAB,FR826,2002,67.332
A,P_MHAB,FR826,2003,55.005
A,P_MHAB,FR826,2004,65.915
A,P_MHAB,FR826,2005,74.57
A,P_MHAB,FR826,2006,52.743
A,P_MHAB,FR826,2007,89.976
A,P_MHAB,FR826,2008,73.724
A,P_MHAB,FR826,2009,77.509
A,P_MHAB,FR826,2010,81.899
A,P_MHAB,FR826,2011,76.889
A,P_MHAB,FR826,2012,55.609
A,P_MHAB,FR83,1990,16.023
A,P_MHAB,FR83,1991,1.311
A,P_MHAB,FR83,1993,1.972
A,P_MHAB,FR83,1994,7.783
A,P_MHAB,FR83,1995,3.87
A,P_MHAB,FR83,1996,1.273
A,P_MHAB,FR83,1998,5.781
A,P_MHAB,FR83,1999,9.61
A,P_MHAB,FR83,2000,1.89
A,P_MHAB,FR83,2001,7.427
A,P_MHAB,FR83,2002,4.852
A,P_MHAB,FR83,2003,14.336
A,P_MHAB,FR83,2004,12.924
A,P_MHAB,FR83,2005,10.377
A,P_MHAB,FR83,2006,27.778
A,P_MHAB,FR83,2007,0.668
A,P_MHAB,FR83,2008,5.149
A,P_MHAB,FR83,2009,7.001
A,P_MHAB,FR83,2010,3.423
A,P_MHAB,FR83,2011,8.554
A,P_MHAB,FR83,2012,7.905
A,P_MHAB,FR831,1990,16.884
A,P_MHAB,FR831,1991,2.776
A,P_MHAB,FR831,1993,4.181
A,P_MHAB,FR831,1994,8.356
A,P_MHAB,FR831,1996,2.769
A,P_MHAB,FR831,1998,4.221
A,P_MHAB,FR831,1999,4.221
A,P_MHAB,FR831,2000,4.141
A,P_MHAB,FR831,2001,16.236
A,P_MHAB,FR831,2002,2.626
A,P_MHAB,FR831,2003,31.226
A,P_MHAB,FR831,2004,12.326
A,P_MHAB,FR831,2005,7.512
A,P_MHAB,FR831,2006,36.841
A,P_MHAB,FR831,2007,1.435
A,P_MHAB,FR831,2008,7.52
A,P_MHAB,FR831,2009,8.066
A,P_MHAB,FR831,2010,0.975
A,P_MHAB,FR831,2011,4.457
A,P_MHAB,FR831,2012,3.438
A,P_MHAB,FR832,1990,15.245
A,P_MHAB,FR832,1994,7.283
A,P_MHAB,FR832,1995,7.212
A,P_MHAB,FR832,1998,7.092
A,P_MHAB,FR832,1999,14.116
A,P_MHAB,FR832,2002,6.737
A,P_MHAB,FR832,2004,13.433
A,P_MHAB,FR832,2005,12.823
A,P_MHAB,FR832,2006,20.013
A,P_MHAB,FR832,2008,3.086
A,P_MHAB,FR832,2009,6.085
A,P_MHAB,FR832,2010,5.539
A,P_MHAB,FR832,2011,12.097
A,P_MHAB,FR832,2012,11.708
A,P_MHAB,FR91,1991,2.578
A,P_MHAB,FR91,1992,2.557
A,P_MHAB,FR91,1994,0.351
A,P_MHAB,FR91,1996,1.229
A,P_MHAB,FR91,1998,4.805
A,P_MHAB,FR91,1999,5.932
A,P_MHAB,FR91,2001,3.57
A,P_MHAB,FR91,2002,0.764
A,P_MHAB,FR91,2003,2.299
A,P_MHAB,FR91,2004,3.811
A,P_MHAB,FR91,2005,1.518
A,P_MHAB,FR91,2006,3.219
A,P_MHAB,FR91,2007,8.428
A,P_MHAB,FR91,2008,0.738
A,P_MHAB,FR91,2009,3.913
A,P_MHAB,FR910,1991,2.578
A,P_MHAB,FR910,1992,2.557
A,P_MHAB,FR910,1994,0.351
A,P_MHAB,FR910,1996,1.229
A,P_MHAB,FR910,1998,4.805
A,P_MHAB,FR910,1999,5.932
A,P_MHAB,FR910,2001,3.57
A,P_MHAB,FR910,2002,0.764
A,P_MHAB,FR910,2003,2.299
A,P_MHAB,FR910,2004,3.811
A,P_MHAB,FR910,2005,1.518
A,P_MHAB,FR910,2006,3.219
A,P_MHAB,FR910,2007,8.428
A,P_MHAB,FR910,2008,0.738
A,P_MHAB,FR910,2009,3.913
A,P_MHAB,FR92,1993,2.752
A,P_MHAB,FR92,1996,6.283
A,P_MHAB,FR92,1998,1.617
A,P_MHAB,FR92,1999,1.602
A,P_MHAB,FR92,2001,3.104
A,P_MHAB,FR92,2003,3.396
A,P_MHAB,FR92,2004,1.27
A,P_MHAB,FR92,2006,3.143
A,P_MHAB,FR92,2007,1.333
A,P_MHAB,FR92,2008,3.143
A,P_MHAB,FR92,2009,1.766
A,P_MHAB,FR92,2011,5.098
A,P_MHAB,FR92,2012,1.287
A,P_MHAB,FR920,1993,2.752
A,P_MHAB,FR920,1996,6.283
A,P_MHAB,FR920,1998,1.617
A,P_MHAB,FR920,1999,1.602
A,P_MHAB,FR920,2001,3.104
A,P_MHAB,FR920,2003,3.396
A,P_MHAB,FR920,2004,1.27
A,P_MHAB,FR920,2006,3.143
A,P_MHAB,FR920,2007,1.333
A,P_MHAB,FR920,2008,3.143
A,P_MHAB,FR920,2009,1.766
A,P_MHAB,FR920,2011,5.098
A,P_MHAB,FR920,2012,1.287
A,P_MHAB,FR93,1993,2.624
A,P_MHAB,FR93,1996,2.36
A,P_MHAB,FR93,1998,2.196
A,P_MHAB,FR93,2003,5.411
A,P_MHAB,FR93,2005,5.02
A,P_MHAB,FR93,2007,4.694
A,P_MHAB,FR930,1993,2.624
A,P_MHAB,FR930,1996,2.36
A,P_MHAB,FR930,1998,2.196
A,P_MHAB,FR930,2003,5.411
A,P_MHAB,FR930,2005,5.02
A,P_MHAB,FR930,2007,4.694
A,P_MHAB,FR94,1990,1.673
A,P_MHAB,FR94,1991,1.876
A,P_MHAB,FR94,1992,1.338
A,P_MHAB,FR94,1995,1.522
A,P_MHAB,FR94,1996,1.495
A,P_MHAB,FR94,1997,3.426
A,P_MHAB,FR94,1999,1.662
A,P_MHAB,FR94,2000,1.396
A,P_MHAB,FR94,2001,1.92
A,P_MHAB,FR94,2002,3.377
A,P_MHAB,FR94,2003,3.996
A,P_MHAB,FR94,2004,7.221
A,P_MHAB,FR94,2005,5.395
A,P_MHAB,FR94,2006,5.115
A,P_MHAB,FR94,2007,5.755
A,P_MHAB,FR94,2008,4.12
A,P_MHAB,FR94,2009,4.189
A,P_MHAB,FR94,2010,4.664
A,P_MHAB,FR94,2011,4.622
A,P_MHAB,FR94,2012,2.398
A,P_MHAB,FR940,1990,1.673
A,P_MHAB,FR940,1991,1.876
A,P_MHAB,FR940,1992,1.338
A,P_MHAB,FR940,1995,1.522
A,P_MHAB,FR940,1996,1.495
A,P_MHAB,FR940,1997,3.426
A,P_MHAB,FR940,1999,1.662
A,P_MHAB,FR940,2000,1.396
A,P_MHAB,FR940,2001,1.92
A,P_MHAB,FR940,2002,3.377
A,P_MHAB,FR940,2003,3.996
A,P_MHAB,FR940,2004,7.221
A,P_MHAB,FR940,2005,5.395
A,P_MHAB,FR940,2006,5.115
A,P_MHAB,FR940,2007,5.755
A,P_MHAB,FR940,2008,4.12
A,P_MHAB,FR940,2009,4.189
A,P_MHAB,FR940,2010,4.664
A,P_MHAB,FR940,2011,4.622
A,P_MHAB,FR940,2012,2.398
A,P_MHAB,HR03,2001,1.005
A,P_MHAB,HR03,2002,4.651
A,P_MHAB,HR03,2003,6.094
A,P_MHAB,HR03,2004,4.551
A,P_MHAB,HR03,2005,2.06
A,P_MHAB,HR03,2006,1.072
A,P_MHAB,HR03,2007,1.066
A,P_MHAB,HR03,2008,4.568
A,P_MHAB,HR03,2009,2.947
A,P_MHAB,HR03,2010,2.359
A,P_MHAB,HR03,2011,1.535
A,P_MHAB,HR03,2012,1.418
A,P_MHAB,HR031,2001,2.26
A,P_MHAB,HR031,2002,1.315
A,P_MHAB,HR031,2003,10.218
A,P_MHAB,HR031,2004,16.153
A,P_MHAB,HR031,2005,5.628
A,P_MHAB,HR031,2006,3.365
A,P_MHAB,HR031,2007,1.68
A,P_MHAB,HR031,2008,10.743
A,P_MHAB,HR031,2009,3.362
A,P_MHAB,HR031,2010,0.303
A,P_MHAB,HR031,2011,3.372
A,P_MHAB,HR033,2002,7.507
A,P_MHAB,HR033,2004,0.878
A,P_MHAB,HR033,2008,5.983
A,P_MHAB,HR034,2002,19.518
A,P_MHAB,HR034,2003,30.506
A,P_MHAB,HR034,2004,1.537
A,P_MHAB,HR034,2005,1.804
A,P_MHAB,HR034,2010,2.254
A,P_MHAB,HR034,2011,10.667
A,P_MHAB,HR035,2001,1.155
A,P_MHAB,HR035,2002,4.57
A,P_MHAB,HR035,2003,4.538
A,P_MHAB,HR035,2004,2.257
A,P_MHAB,HR035,2005,2.235
A,P_MHAB,HR035,2006,1.11
A,P_MHAB,HR035,2007,2.211
A,P_MHAB,HR035,2008,0.551
A,P_MHAB,HR035,2009,5.498
A,P_MHAB,HR035,2010,6.589
A,P_MHAB,HR035,2012,4.396
A,P_MHAB,HR036,2001,1.014
A,P_MHAB,HR036,2002,3.378
A,P_MHAB,HR036,2004,0.995
A,P_MHAB,HR036,2008,4.828
A,P_MHAB,HR036,2009,3.22
A,P_MHAB,HR037,2008,8.257
A,P_MHAB,HR04,2001,6.637
A,P_MHAB,HR04,2002,9.957
A,P_MHAB,HR04,2003,10.977
A,P_MHAB,HR04,2004,8.478
A,P_MHAB,HR04,2005,10.113
A,P_MHAB,HR04,2006,11.567
A,P_MHAB,HR04,2007,9.706
A,P_MHAB,HR04,2008,6.89
A,P_MHAB,HR04,2009,4.885
A,P_MHAB,HR04,2010,7.988
A,P_MHAB,HR04,2011,4.335
A,P_MHAB,HR04,2012,2.024
A,P_MHAB,HR041,2001,17.472
A,P_MHAB,HR041,2002,30.07
A,P_MHAB,HR041,2003,35.163
A,P_MHAB,HR041,2004,25.816
A,P_MHAB,HR041,2005,33.469
A,P_MHAB,HR041,2006,39.294
A,P_MHAB,HR041,2007,17.28
A,P_MHAB,HR041,2008,21.505
A,P_MHAB,HR041,2009,8.043
A,P_MHAB,HR041,2010,19.925
A,P_MHAB,HR041,2011,9.776
A,P_MHAB,HR041,2012,0.631
A,P_MHAB,HR042,2002,7.169
A,P_MHAB,HR042,2003,4.348
A,P_MHAB,HR042,2004,2.957
A,P_MHAB,HR042,2005,4.662
A,P_MHAB,HR042,2007,23.025
A,P_MHAB,HR042,2008,5.84
A,P_MHAB,HR042,2010,4.707
A,P_MHAB,HR042,2011,9.197
A,P_MHAB,HR042,2012,4.179
A,P_MHAB,HR043,2003,2.389
A,P_MHAB,HR043,2005,1.83
A,P_MHAB,HR043,2012,5.292
A,P_MHAB,HR044,2001,4.589
A,P_MHAB,HR044,2002,14.69
A,P_MHAB,HR044,2003,6.677
A,P_MHAB,HR044,2004,16.767
A,P_MHAB,HR044,2005,7.454
A,P_MHAB,HR044,2006,11.22
A,P_MHAB,HR044,2007,6.071
A,P_MHAB,HR044,2009,30.1
A,P_MHAB,HR044,2010,4.699
A,P_MHAB,HR044,2011,1.42
A,P_MHAB,HR044,2012,9.511
A,P_MHAB,HR045,2001,2.712
A,P_MHAB,HR045,2004,1.167
A,P_MHAB,HR045,2006,2.104
A,P_MHAB,HR045,2007,2.117
A,P_MHAB,HR045,2008,8.504
A,P_MHAB,HR045,2009,1.452
A,P_MHAB,HR045,2010,8.588
A,P_MHAB,HR045,2011,2.159
A,P_MHAB,HR045,2012,10.421
A,P_MHAB,HR046,2001,7.282
A,P_MHAB,HR046,2002,2.19
A,P_MHAB,HR046,2003,1.227
A,P_MHAB,HR046,2007,2.194
A,P_MHAB,HR046,2009,9.493
A,P_MHAB,HR046,2010,8.783
A,P_MHAB,HR047,2001,7.679
A,P_MHAB,HR047,2002,1.931
A,P_MHAB,HR047,2004,3.609
A,P_MHAB,HR047,2007,8.031
A,P_MHAB,HR047,2009,8.172
A,P_MHAB,HR047,2010,8.242
A,P_MHAB,HR049,2001,23.954
A,P_MHAB,HR049,2003,12.044
A,P_MHAB,HR049,2004,3.51
A,P_MHAB,HR04A,2001,6.074
A,P_MHAB,HR04A,2011,2.077
A,P_MHAB,HR04B,2007,3.201
A,P_MHAB,HR04C,2010,7.302
A,P_MHAB,HR04C,2011,1.388
A,P_MHAB,HR04D,2002,3.003
A,P_MHAB,HR04D,2005,3.661
A,P_MHAB,HR04D,2006,6.643
A,P_MHAB,HR04D,2007,11.166
A,P_MHAB,HR04D,2008,2.477
A,P_MHAB,HR04D,2009,1.892
A,P_MHAB,HR04D,2010,5.591
A,P_MHAB,HR04D,2011,5.801
A,P_MHAB,HR04D,2012,3.132
A,P_MHAB,HR04E,2002,1.323
A,P_MHAB,HR04E,2003,5.324
A,P_MHAB,HR04E,2007,13.72
A,P_MHAB,HU10,2000,30.749
A,P_MHAB,HU10,2001,27.682
A,P_MHAB,HU10,2002,28.338
A,P_MHAB,HU10,2003,32.969
A,P_MHAB,HU10,2004,38.944
A,P_MHAB,HU10,2005,34.284
A,P_MHAB,HU10,2006,37.196
A,P_MHAB,HU10,2007,40.325
A,P_MHAB,HU10,2008,38.753
A,P_MHAB,HU10,2009,40.585
A,P_MHAB,HU10,2010,42.64
A,P_MHAB,HU10,2011,49.033
A,P_MHAB,HU10,2012,38.659
A,P_MHAB,HU101,2001,35.027
A,P_MHAB,HU101,2003,42.621
A,P_MHAB,HU101,2004,54.852
A,P_MHAB,HU101,2005,45.047
A,P_MHAB,HU101,2006,47.959
A,P_MHAB,HU101,2007,51.305
A,P_MHAB,HU101,2008,45.468
A,P_MHAB,HU101,2009,54.584
A,P_MHAB,HU101,2010,55.206
A,P_MHAB,HU101,2011,57.623
A,P_MHAB,HU101,2012,44.903
A,P_MHAB,HU102,2001,15.626
A,P_MHAB,HU102,2003,17.948
A,P_MHAB,HU102,2004,14.817
A,P_MHAB,HU102,2005,18.319
A,P_MHAB,HU102,2006,21.407
A,P_MHAB,HU102,2007,24.495
A,P_MHAB,HU102,2008,29.188
A,P_MHAB,HU102,2009,20.828
A,P_MHAB,HU102,2010,25.051
A,P_MHAB,HU102,2011,37.0
A,P_MHAB,HU102,2012,29.769
A,P_MHAB,HU21,2000,1.519
A,P_MHAB,HU21,2001,1.41
A,P_MHAB,HU21,2002,4.239
A,P_MHAB,HU21,2003,4.364
A,P_MHAB,HU21,2004,6.721
A,P_MHAB,HU21,2005,4.663
A,P_MHAB,HU21,2006,6.588
A,P_MHAB,HU21,2007,7.973
A,P_MHAB,HU21,2008,7.494
A,P_MHAB,HU21,2009,8.848
A,P_MHAB,HU21,2010,7.018
A,P_MHAB,HU21,2011,11.964
A,P_MHAB,HU21,2012,8.911
A,P_MHAB,HU211,2001,0.584
A,P_MHAB,HU211,2003,5.532
A,P_MHAB,HU211,2004,10.383
A,P_MHAB,HU211,2005,8.722
A,P_MHAB,HU211,2006,3.969
A,P_MHAB,HU211,2007,5.342
A,P_MHAB,HU211,2008,7.723
A,P_MHAB,HU211,2009,10.087
A,P_MHAB,HU211,2010,6.598
A,P_MHAB,HU211,2011,8.941
A,P_MHAB,HU211,2012,3.152
A,P_MHAB,HU212,2003,1.585
A,P_MHAB,HU212,2004,2.944
A,P_MHAB,HU212,2005,2.313
A,P_MHAB,HU212,2006,4.225
A,P_MHAB,HU212,2007,4.253
A,P_MHAB,HU212,2008,4.767
A,P_MHAB,HU212,2009,6.329
A,P_MHAB,HU212,2010,7.682
A,P_MHAB,HU212,2011,7.835
A,P_MHAB,HU212,2012,16.586
A,P_MHAB,HU213,2001,3.541
A,P_MHAB,HU213,2003,5.382
A,P_MHAB,HU213,2004,5.698
A,P_MHAB,HU213,2005,1.937
A,P_MHAB,HU213,2006,11.698
A,P_MHAB,HU213,2007,14.297
A,P_MHAB,HU213,2008,9.596
A,P_MHAB,HU213,2009,9.545
A,P_MHAB,HU213,2010,6.94
A,P_MHAB,HU213,2011,19.155
A,P_MHAB,HU213,2012,9.186
A,P_MHAB,HU22,2000,3.743
A,P_MHAB,HU22,2001,1.913
A,P_MHAB,HU22,2002,2.493
A,P_MHAB,HU22,2003,4.839
A,P_MHAB,HU22,2004,1.824
A,P_MHAB,HU22,2005,2.649
A,P_MHAB,HU22,2006,5.019
A,P_MHAB,HU22,2007,8.936
A,P_MHAB,HU22,2008,10.151
A,P_MHAB,HU22,2009,16.831
A,P_MHAB,HU22,2010,9.585
A,P_MHAB,HU22,2011,7.369
A,P_MHAB,HU22,2012,7.812
A,P_MHAB,HU221,2001,4.422
A,P_MHAB,HU221,2003,7.835
A,P_MHAB,HU221,2004,3.408
A,P_MHAB,HU221,2005,3.796
A,P_MHAB,HU221,2006,9.398
A,P_MHAB,HU221,2007,5.557
A,P_MHAB,HU221,2008,10.014
A,P_MHAB,HU221,2009,18.925
A,P_MHAB,HU221,2010,8.831
A,P_MHAB,HU221,2011,7.556
A,P_MHAB,HU221,2012,9.889
A,P_MHAB,HU222,2004,0.3
A,P_MHAB,HU222,2005,1.093
A,P_MHAB,HU222,2006,3.026
A,P_MHAB,HU222,2007,10.028
A,P_MHAB,HU222,2008,5.079
A,P_MHAB,HU222,2009,15.367
A,P_MHAB,HU222,2010,11.143
A,P_MHAB,HU222,2011,4.424
A,P_MHAB,HU222,2012,10.733
A,P_MHAB,HU223,2003,4.767
A,P_MHAB,HU223,2004,0.843
A,P_MHAB,HU223,2005,2.337
A,P_MHAB,HU223,2006,0.238
A,P_MHAB,HU223,2007,13.052
A,P_MHAB,HU223,2008,14.879
A,P_MHAB,HU223,2009,14.921
A,P_MHAB,HU223,2010,9.356
A,P_MHAB,HU223,2011,9.685
A,P_MHAB,HU223,2012,1.871
A,P_MHAB,HU23,2000,1.861
A,P_MHAB,HU23,2001,2.666
A,P_MHAB,HU23,2002,4.097
A,P_MHAB,HU23,2003,6.054
A,P_MHAB,HU23,2004,4.819
A,P_MHAB,HU23,2005,2.343
A,P_MHAB,HU23,2006,6.933
A,P_MHAB,HU23,2007,12.091
A,P_MHAB,HU23,2008,6.499
A,P_MHAB,HU23,2009,8.101
A,P_MHAB,HU23,2010,11.023
A,P_MHAB,HU23,2011,5.337
A,P_MHAB,HU23,2012,5.971
A,P_MHAB,HU231,2001,1.47
A,P_MHAB,HU231,2003,6.869
A,P_MHAB,HU231,2004,5.395
A,P_MHAB,HU231,2005,5.496
A,P_MHAB,HU231,2006,13.757
A,P_MHAB,HU231,2007,21.22
A,P_MHAB,HU231,2008,13.993
A,P_MHAB,HU231,2009,7.495
A,P_MHAB,HU231,2010,15.898
A,P_MHAB,HU231,2011,12.39
A,P_MHAB,HU231,2012,9.976
A,P_MHAB,HU232,2001,3.936
A,P_MHAB,HU232,2003,2.979
A,P_MHAB,HU232,2004,3.862
A,P_MHAB,HU232,2006,3.795
A,P_MHAB,HU232,2007,6.849
A,P_MHAB,HU232,2008,0.523
A,P_MHAB,HU232,2009,6.207
A,P_MHAB,HU232,2010,0.156
A,P_MHAB,HU232,2011,0.535
A,P_MHAB,HU232,2012,4.8
A,P_MHAB,HU233,2001,2.862
A,P_MHAB,HU233,2003,8.835
A,P_MHAB,HU233,2004,5.217
A,P_MHAB,HU233,2005,0.367
A,P_MHAB,HU233,2007,4.15
A,P_MHAB,HU233,2008,2.223
A,P_MHAB,HU233,2009,11.659
A,P_MHAB,HU233,2010,17.719
A,P_MHAB,HU233,2012,0.993
A,P_MHAB,HU31,2000,4.584
A,P_MHAB,HU31,2001,0.959
A,P_MHAB,HU31,2002,2.954
A,P_MHAB,HU31,2003,4.787
A,P_MHAB,HU31,2004,2.891
A,P_MHAB,HU31,2005,2.612
A,P_MHAB,HU31,2006,5.232
A,P_MHAB,HU31,2007,11.77
A,P_MHAB,HU31,2008,8.434
A,P_MHAB,HU31,2009,5.412
A,P_MHAB,HU31,2010,10.379
A,P_MHAB,HU31,2011,11.074
A,P_MHAB,HU31,2012,2.981
A,P_MHAB,HU311,2001,0.332
A,P_MHAB,HU311,2003,4.083
A,P_MHAB,HU311,2004,3.658
A,P_MHAB,HU311,2005,3.416
A,P_MHAB,HU311,2006,6.09
A,P_MHAB,HU311,2007,18.193
A,P_MHAB,HU311,2008,12.542
A,P_MHAB,HU311,2009,5.263
A,P_MHAB,HU311,2010,16.6
A,P_MHAB,HU311,2011,16.706
A,P_MHAB,HU311,2012,4.471
A,P_MHAB,HU312,2001,3.051
A,P_MHAB,HU312,2003,9.63
A,P_MHAB,HU312,2004,3.089
A,P_MHAB,HU312,2005,2.541
A,P_MHAB,HU312,2006,4.924
A,P_MHAB,HU312,2007,5.165
A,P_MHAB,HU312,2008,4.197
A,P_MHAB,HU312,2009,4.23
A,P_MHAB,HU312,2010,2.569
A,P_MHAB,HU312,2011,4.87
A,P_MHAB,HU312,2012,1.067
A,P_MHAB,HU313,2006,2.793
A,P_MHAB,HU313,2008,0.952
A,P_MHAB,HU313,2009,7.706
A,P_MHAB,HU313,2010,1.22
A,P_MHAB,HU313,2011,1.387
A,P_MHAB,HU313,2012,0.839
A,P_MHAB,HU32,2000,8.919
A,P_MHAB,HU32,2001,4.707
A,P_MHAB,HU32,2002,6.036
A,P_MHAB,HU32,2003,7.232
A,P_MHAB,HU32,2004,9.418
A,P_MHAB,HU32,2005,8.6
A,P_MHAB,HU32,2006,11.114
A,P_MHAB,HU32,2007,8.713
A,P_MHAB,HU32,2008,5.667
A,P_MHAB,HU32,2009,5.298
A,P_MHAB,HU32,2010,5.005
A,P_MHAB,HU32,2011,6.849
A,P_MHAB,HU32,2012,5.838
A,P_MHAB,HU321,2001,12.526
A,P_MHAB,HU321,2003,18.357
A,P_MHAB,HU321,2004,23.189
A,P_MHAB,HU321,2005,21.497
A,P_MHAB,HU321,2006,23.787
A,P_MHAB,HU321,2007,12.206
A,P_MHAB,HU321,2008,11.475
A,P_MHAB,HU321,2009,8.041
A,P_MHAB,HU321,2010,6.835
A,P_MHAB,HU321,2011,13.916
A,P_MHAB,HU321,2012,11.832
A,P_MHAB,HU322,2001,0.714
A,P_MHAB,HU322,2003,2.403
A,P_MHAB,HU322,2004,2.832
A,P_MHAB,HU322,2006,0.835
A,P_MHAB,HU322,2007,10.282
A,P_MHAB,HU322,2008,3.332
A,P_MHAB,HU322,2009,5.014
A,P_MHAB,HU322,2010,6.474
A,P_MHAB,HU322,2011,4.602
A,P_MHAB,HU322,2012,3.846
A,P_MHAB,HU323,2001,0.22
A,P_MHAB,HU323,2003,0.188
A,P_MHAB,HU323,2004,1.097
A,P_MHAB,HU323,2005,2.493
A,P_MHAB,HU323,2006,6.36
A,P_MHAB,HU323,2007,4.305
A,P_MHAB,HU323,2008,1.751
A,P_MHAB,HU323,2009,2.866
A,P_MHAB,HU323,2010,2.213
A,P_MHAB,HU323,2011,1.548
A,P_MHAB,HU323,2012,1.451
A,P_MHAB,HU33,2000,4.843
A,P_MHAB,HU33,2001,5.035
A,P_MHAB,HU33,2002,11.462
A,P_MHAB,HU33,2003,4.989
A,P_MHAB,HU33,2004,7.925
A,P_MHAB,HU33,2005,8.392
A,P_MHAB,HU33,2006,10.681
A,P_MHAB,HU33,2007,13.433
A,P_MHAB,HU33,2008,16.313
A,P_MHAB,HU33,2009,11.422
A,P_MHAB,HU33,2010,14.072
A,P_MHAB,HU33,2011,19.397
A,P_MHAB,HU33,2012,15.714
A,P_MHAB,HU331,2001,2.354
A,P_MHAB,HU331,2003,6.12
A,P_MHAB,HU331,2004,5.225
A,P_MHAB,HU331,2005,8.936
A,P_MHAB,HU331,2006,6.098
A,P_MHAB,HU331,2007,12.493
A,P_MHAB,HU331,2008,18.175
A,P_MHAB,HU331,2009,19.005
A,P_MHAB,HU331,2010,12.149
A,P_MHAB,HU331,2011,24.484
A,P_MHAB,HU331,2012,16.825
A,P_MHAB,HU332,2001,0.995
A,P_MHAB,HU332,2004,2.826
A,P_MHAB,HU332,2005,4.056
A,P_MHAB,HU332,2006,8.319
A,P_MHAB,HU332,2007,6.698
A,P_MHAB,HU332,2008,3.186
A,P_MHAB,HU332,2009,2.181
A,P_MHAB,HU332,2010,7.148
A,P_MHAB,HU332,2011,13.599
A,P_MHAB,HU332,2012,8.217
A,P_MHAB,HU333,2001,12.218
A,P_MHAB,HU333,2003,8.177
A,P_MHAB,HU333,2004,16.041
A,P_MHAB,HU333,2005,11.651
A,P_MHAB,HU333,2006,18.65
A,P_MHAB,HU333,2007,20.696
A,P_MHAB,HU333,2008,25.628
A,P_MHAB,HU333,2009,10.004
A,P_MHAB,HU333,2010,22.47
A,P_MHAB,HU333,2011,18.041
A,P_MHAB,HU333,2012,20.91
A,P_MHAB,IE01,1991,8.02
A,P_MHAB,IE01,1996,12.36
A,P_MHAB,IE01,1997,26.328
A,P_MHAB,IE01,1998,41.629
A,P_MHAB,IE01,1999,54.635
A,P_MHAB,IE01,2000,35.07
A,P_MHAB,IE01,2001,64.341
A,P_MHAB,IE01,2002,61.803
A,P_MHAB,IE01,2003,70.005
A,P_MHAB,IE01,2004,64.915
A,P_MHAB,IE01,2005,83.745
A,P_MHAB,IE01,2006,85.942
A,P_MHAB,IE01,2007,90.012
A,P_MHAB,IE01,2008,86.799
A,P_MHAB,IE01,2009,68.701
A,P_MHAB,IE01,2010,69.161
A,P_MHAB,IE01,2011,66.526
A,P_MHAB,IE01,2012,54.774
A,P_MHAB,IE011,1991,4.97
A,P_MHAB,IE011,1996,19.035
A,P_MHAB,IE011,1997,26.156
A,P_MHAB,IE011,1998,27.318
A,P_MHAB,IE011,1999,29.365
A,P_MHAB,IE011,2000,22.86
A,P_MHAB,IE011,2001,33.573
A,P_MHAB,IE011,2002,38.802
A,P_MHAB,IE011,2003,34.262
A,P_MHAB,IE011,2004,43.803
A,P_MHAB,IE011,2005,63.081
A,P_MHAB,IE011,2006,64.315
A,P_MHAB,IE011,2007,47.087
A,P_MHAB,IE011,2008,37.966
A,P_MHAB,IE011,2009,38.989
A,P_MHAB,IE011,2010,31.98
A,P_MHAB,IE011,2011,33.754
A,P_MHAB,IE011,2012,36.382
A,P_MHAB,IE012,1991,13.961
A,P_MHAB,IE012,1996,9.747
A,P_MHAB,IE012,1997,17.568
A,P_MHAB,IE012,1998,27.945
A,P_MHAB,IE012,1999,55.083
A,P_MHAB,IE012,2000,19.882
A,P_MHAB,IE012,2001,40.511
A,P_MHAB,IE012,2002,60.811
A,P_MHAB,IE012,2003,73.283
A,P_MHAB,IE012,2004,50.318
A,P_MHAB,IE012,2005,43.947
A,P_MHAB,IE012,2006,50.391
A,P_MHAB,IE012,2007,59.754
A,P_MHAB,IE012,2008,50.348
A,P_MHAB,IE012,2009,45.141
A,P_MHAB,IE012,2010,45.893
A,P_MHAB,IE012,2011,43.428
A,P_MHAB,IE012,2012,32.672
A,P_MHAB,IE013,1991,8.087
A,P_MHAB,IE013,1996,6.169
A,P_MHAB,IE013,1997,31.673
A,P_MHAB,IE013,1998,66.24
A,P_MHAB,IE013,1999,83.693
A,P_MHAB,IE013,2000,58.313
A,P_MHAB,IE013,2001,114.112
A,P_MHAB,IE013,2002,88.613
A,P_MHAB,IE013,2003,108.514
A,P_MHAB,IE013,2004,97.704
A,P_MHAB,IE013,2005,130.894
A,P_MHAB,IE013,2006,132.26
A,P_MHAB,IE013,2007,157.813
A,P_MHAB,IE013,2008,165.771
A,P_MHAB,IE013,2009,117.892
A,P_MHAB,IE013,2010,127.237
A,P_MHAB,IE013,2011,119.659
A,P_MHAB,IE013,2012,90.695
A,P_MHAB,IE02,1991,21.956
A,P_MHAB,IE02,1996,35.901
A,P_MHAB,IE02,1997,38.49
A,P_MHAB,IE02,1998,52.712
A,P_MHAB,IE02,1999,63.779
A,P_MHAB,IE02,2000,60.391
A,P_MHAB,IE02,2001,64.676
A,P_MHAB,IE02,2002,55.274
A,P_MHAB,IE02,2003,51.574
A,P_MHAB,IE02,2004,67.385
A,P_MHAB,IE02,2005,59.439
A,P_MHAB,IE02,2006,61.622
A,P_MHAB,IE02,2007,66.674
A,P_MHAB,IE02,2008,64.893
A,P_MHAB,IE02,2009,74.634
A,P_MHAB,IE02,2010,62.321
A,P_MHAB,IE02,2011,81.352
A,P_MHAB,IE02,2012,52.203
A,P_MHAB,IE021,1991,24.679
A,P_MHAB,IE021,1996,38.362
A,P_MHAB,IE021,1997,49.984
A,P_MHAB,IE021,1998,57.706
A,P_MHAB,IE021,1999,77.748
A,P_MHAB,IE021,2000,81.106
A,P_MHAB,IE021,2001,87.594
A,P_MHAB,IE021,2002,63.2
A,P_MHAB,IE021,2003,46.887
A,P_MHAB,IE021,2004,73.834
A,P_MHAB,IE021,2005,60.268
A,P_MHAB,IE021,2006,75.342
A,P_MHAB,IE021,2007,87.293
A,P_MHAB,IE021,2008,88.325
A,P_MHAB,IE021,2009,87.491
A,P_MHAB,IE021,2010,73.245
A,P_MHAB,IE021,2011,111.636
A,P_MHAB,IE021,2012,78.06
A,P_MHAB,IE022,1991,21.641
A,P_MHAB,IE022,1996,42.499
A,P_MHAB,IE022,1997,49.842
A,P_MHAB,IE022,1998,42.255
A,P_MHAB,IE022,1999,54.447
A,P_MHAB,IE022,2000,54.045
A,P_MHAB,IE022,2001,74.956
A,P_MHAB,IE022,2002,48.688
A,P_MHAB,IE022,2003,47.229
A,P_MHAB,IE022,2004,58.079
A,P_MHAB,IE022,2005,52.359
A,P_MHAB,IE022,2006,44.198
A,P_MHAB,IE022,2007,56.974
A,P_MHAB,IE022,2008,39.366
A,P_MHAB,IE022,2009,51.392
A,P_MHAB,IE022,2010,57.913
A,P_MHAB,IE022,2011,51.58
A,P_MHAB,IE022,2012,50.008
A,P_MHAB,IE023,1991,23.622
A,P_MHAB,IE023,1996,40.911
A,P_MHAB,IE023,1997,35.07
A,P_MHAB,IE023,1998,62.219
A,P_MHAB,IE023,1999,51.901
A,P_MHAB,IE023,2000,37.042
A,P_MHAB,IE023,2001,48.059
A,P_MHAB,IE023,2002,40.354
A,P_MHAB,IE023,2003,64.566
A,P_MHAB,IE023,2004,98.668
A,P_MHAB,IE023,2005,81.911
A,P_MHAB,IE023,2006,81.869
A,P_MHAB,IE023,2007,74.917
A,P_MHAB,IE023,2008,49.279
A,P_MHAB,IE023,2009,99.968
A,P_MHAB,IE023,2010,90.69
A,P_MHAB,IE023,2011,110.29
A,P_MHAB,IE023,2012,50.009
A,P_MHAB,IE024,1991,17.43
A,P_MHAB,IE024,1996,15.99
A,P_MHAB,IE024,1997,22.91
A,P_MHAB,IE024,1998,23.832
A,P_MHAB,IE024,1999,28.382
A,P_MHAB,IE024,2000,36.016
A,P_MHAB,IE024,2001,24.97
A,P_MHAB,IE024,2002,21.502
A,P_MHAB,IE024,2003,21.179
A,P_MHAB,IE024,2004,40.583
A,P_MHAB,IE024,2005,29.533
A,P_MHAB,IE024,2006,32.309
A,P_MHAB,IE024,2007,30.607
A,P_MHAB,IE024,2008,38.433
A,P_MHAB,IE024,2009,36.183
A,P_MHAB,IE024,2010,28.875
A,P_MHAB,IE024,2011,28.712
A,P_MHAB,IE024,2012,32.113
A,P_MHAB,IE025,1991,19.189
A,P_MHAB,IE025,1996,38.279
A,P_MHAB,IE025,1997,21.843
A,P_MHAB,IE025,1998,65.195
A,P_MHAB,IE025,1999,75.394
A,P_MHAB,IE025,2000,55.777
A,P_MHAB,IE025,2001,51.684
A,P_MHAB,IE025,2002,77.969
A,P_MHAB,IE025,2003,78.412
A,P_MHAB,IE025,2004,63.355
A,P_MHAB,IE025,2005,72.142
A,P_MHAB,IE025,2006,58.85
A,P_MHAB,IE025,2007,56.629
A,P_MHAB,IE025,2008,68.671
A,P_MHAB,IE025,2009,82.749
A,P_MHAB,IE025,2010,53.961
A,P_MHAB,IE025,2011,70.762
A,P_MHAB,IE025,2012,21.301
A,P_MHAB,IS00,2000,95.682
A,P_MHAB,IS00,2001,65.041
A,P_MHAB,IS00,2002,129.111
A,P_MHAB,IS00,2003,94.013
A,P_MHAB,IS00,2004,105.654
A,P_MHAB,IS00,2005,104.436
A,P_MHAB,IS00,2006,98.402
A,P_MHAB,IS00,2007,78.72
A,P_MHAB,IS00,2008,67.774
A,P_MHAB,IS00,2009,75.117
A,P_MHAB,IS00,2010,51.79
A,P_MHAB,IS00,2011,72.35
A,P_MHAB,IS00,2012,64.617
A,P_MHAB,IS001,2003,145.118
A,P_MHAB,IS001,2004,117.911
A,P_MHAB,IS001,2005,159.625
A,P_MHAB,IS001,2006,140.962
A,P_MHAB,IS001,2007,119.217
A,P_MHAB,IS001,2008,106.343
A,P_MHAB,IS001,2009,100.968
A,P_MHAB,IS001,2010,76.553
A,P_MHAB,IS001,2011,106.652
A,P_MHAB,IS001,2012,97.842
A,P_MHAB,IS002,2003,9.218
A,P_MHAB,IS002,2004,85.133
A,P_MHAB,IS002,2005,11.433
A,P_MHAB,IS002,2006,27.386
A,P_MHAB,IS002,2007,11.49
A,P_MHAB,IS002,2008,2.808
A,P_MHAB,IS002,2009,31.071
A,P_MHAB,IS002,2010,9.167
A,P_MHAB,IS002,2011,12.574
A,P_MHAB,IS002,2012,6.294
A,P_MHAB,ITC1,1990,76.038
A,P_MHAB,ITC1,1991,70.954
A,P_MHAB,ITC1,1992,76.101
A,P_MHAB,ITC1,2000,103.29
A,P_MHAB,ITC1,2001,109.574
A,P_MHAB,ITC1,2002,121.576
A,P_MHAB,ITC1,2003,134.389
A,P_MHAB,ITC1,2004,145.401
A,P_MHAB,ITC1,2005,147.451
A,P_MHAB,ITC1,2006,146.178
A,P_MHAB,ITC1,2007,143.735
A,P_MHAB,ITC1,2008,136.637
A,P_MHAB,ITC1,2009,108.761
A,P_MHAB,ITC1,2010,111.551
A,P_MHAB,ITC1,2011,117.664
A,P_MHAB,ITC1,2012,92.299
A,P_MHAB,ITC11,1990,96.775
A,P_MHAB,ITC11,1991,81.963
A,P_MHAB,ITC11,1992,96.226
A,P_MHAB,ITC11,2001,137.728
A,P_MHAB,ITC11,2002,160.737
A,P_MHAB,ITC11,2003,187.318
A,P_MHAB,ITC11,2004,195.055
A,P_MHAB,ITC11,2005,200.622
A,P_MHAB,ITC11,2006,191.099
A,P_MHAB,ITC11,2007,184.129
A,P_MHAB,ITC11,2008,177.848
A,P_MHAB,ITC11,2009,122.365
A,P_MHAB,ITC11,2010,131.206
A,P_MHAB,ITC11,2011,145.814
A,P_MHAB,ITC11,2012,116.659
A,P_MHAB,ITC12,1990,51.074
A,P_MHAB,ITC12,1991,40.74
A,P_MHAB,ITC12,1992,66.254
A,P_MHAB,ITC12,2001,70.78
A,P_MHAB,ITC12,2002,54.012
A,P_MHAB,ITC12,2003,71.444
A,P_MHAB,ITC12,2004,50.939
A,P_MHAB,ITC12,2005,78.545
A,P_MHAB,ITC12,2006,74.721
A,P_MHAB,ITC12,2007,65.031
A,P_MHAB,ITC12,2008,69.087
A,P_MHAB,ITC12,2009,57.504
A,P_MHAB,ITC12,2010,60.728
A,P_MHAB,ITC12,2011,87.744
A,P_MHAB,ITC12,2012,47.175
A,P_MHAB,ITC13,1990,27.308
A,P_MHAB,ITC13,1991,41.35
A,P_MHAB,ITC13,1992,41.864
A,P_MHAB,ITC13,2001,60.393
A,P_MHAB,ITC13,2002,37.443
A,P_MHAB,ITC13,2003,50.122
A,P_MHAB,ITC13,2004,94.254
A,P_MHAB,ITC13,2005,52.98
A,P_MHAB,ITC13,2006,69.172
A,P_MHAB,ITC13,2007,116.085
A,P_MHAB,ITC13,2008,58.166
A,P_MHAB,ITC13,2009,44.238
A,P_MHAB,ITC13,2010,50.148
A,P_MHAB,ITC13,2011,30.063
A,P_MHAB,ITC13,2012,33.376
A,P_MHAB,ITC14,1990,18.669
A,P_MHAB,ITC14,1991,28.049
A,P_MHAB,ITC14,1992,10.799
A,P_MHAB,ITC14,2001,42.058
A,P_MHAB,ITC14,2002,25.375
A,P_MHAB,ITC14,2003,12.595
A,P_MHAB,ITC14,2004,54.984
A,P_MHAB,ITC14,2005,58.057
A,P_MHAB,ITC14,2006,40.177
A,P_MHAB,ITC14,2007,20.26
A,P_MHAB,ITC14,2008,16.597
A,P_MHAB,ITC14,2009,44.546
A,P_MHAB,ITC14,2010,31.044
A,P_MHAB,ITC14,2011,38.088
A,P_MHAB,ITC14,2012,20.302
A,P_MHAB,ITC15,1990,127.645
A,P_MHAB,ITC15,1991,142.459
A,P_MHAB,ITC15,1992,118.462
A,P_MHAB,ITC15,2001,141.752
A,P_MHAB,ITC15,2002,142.449
A,P_MHAB,ITC15,2003,122.583
A,P_MHAB,ITC15,2004,179.117
A,P_MHAB,ITC15,2005,131.448
A,P_MHAB,ITC15,2006,167.222
A,P_MHAB,ITC15,2007,115.596
A,P_MHAB,ITC15,2008,169.06
A,P_MHAB,ITC15,2009,149.783
A,P_MHAB,ITC15,2010,154.479
A,P_MHAB,ITC15,2011,162.749
A,P_MHAB,ITC15,2012,94.501
A,P_MHAB,ITC16,1990,29.703
A,P_MHAB,ITC16,1991,30.206
A,P_MHAB,ITC16,1992,48.344
A,P_MHAB,ITC16,2001,47.678
A,P_MHAB,ITC16,2002,76.478
A,P_MHAB,ITC16,2003,66.578
A,P_MHAB,ITC16,2004,60.065
A,P_MHAB,ITC16,2005,64.493
A,P_MHAB,ITC16,2006,70.293
A,P_MHAB,ITC16,2007,107.367
A,P_MHAB,ITC16,2008,77.339
A,P_MHAB,ITC16,2009,111.432
A,P_MHAB,ITC16,2010,86.004
A,P_MHAB,ITC16,2011,78.03
A,P_MHAB,ITC16,2012,49.82
A,P_MHAB,ITC17,1990,62.738
A,P_MHAB,ITC17,1991,36.782
A,P_MHAB,ITC17,1992,7.588
A,P_MHAB,ITC17,2001,53.641
A,P_MHAB,ITC17,2002,72.074
A,P_MHAB,ITC17,2003,53.141
A,P_MHAB,ITC17,2004,51.339
A,P_MHAB,ITC17,2005,89.567
A,P_MHAB,ITC17,2006,73.383
A,P_MHAB,ITC17,2007,98.562
A,P_MHAB,ITC17,2008,84.947
A,P_MHAB,ITC17,2009,56.245
A,P_MHAB,ITC17,2010,89.2
A,P_MHAB,ITC17,2011,75.419
A,P_MHAB,ITC17,2012,52.804
A,P_MHAB,ITC18,1990,46.638
A,P_MHAB,ITC18,1991,68.232
A,P_MHAB,ITC18,1992,51.57
A,P_MHAB,ITC18,2001,111.51
A,P_MHAB,ITC18,2002,88.963
A,P_MHAB,ITC18,2003,111.104
A,P_MHAB,ITC18,2004,117.734
A,P_MHAB,ITC18,2005,129.82
A,P_MHAB,ITC18,2006,138.046
A,P_MHAB,ITC18,2007,120.781
A,P_MHAB,ITC18,2008,108.011
A,P_MHAB,ITC18,2009,99.268
A,P_MHAB,ITC18,2010,96.026
A,P_MHAB,ITC18,2011,86.844
A,P_MHAB,ITC18,2012,111.628
A,P_MHAB,ITC2,1990,27.708
A,P_MHAB,ITC2,1991,20.213
A,P_MHAB,ITC2,2000,77.149
A,P_MHAB,ITC2,2001,68.498
A,P_MHAB,ITC2,2002,100.542
A,P_MHAB,ITC2,2003,49.845
A,P_MHAB,ITC2,2004,45.494
A,P_MHAB,ITC2,2005,81.593
A,P_MHAB,ITC2,2006,65.904
A,P_MHAB,ITC2,2007,26.714
A,P_MHAB,ITC2,2008,47.79
A,P_MHAB,ITC2,2009,85.86
A,P_MHAB,ITC2,2010,49.335
A,P_MHAB,ITC2,2011,27.927
A,P_MHAB,ITC2,2012,51.493
A,P_MHAB,ITC20,1990,27.708
A,P_MHAB,ITC20,1991,20.213
A,P_MHAB,ITC20,2000,77.149
A,P_MHAB,ITC20,2001,68.498
A,P_MHAB,ITC20,2002,100.542
A,P_MHAB,ITC20,2003,49.845
A,P_MHAB,ITC20,2004,45.494
A,P_MHAB,ITC20,2005,81.593
A,P_MHAB,ITC20,2006,65.904
A,P_MHAB,ITC20,2007,26.714
A,P_MHAB,ITC20,2008,47.79
A,P_MHAB,ITC20,2009,85.86
A,P_MHAB,ITC20,2010,49.335
A,P_MHAB,ITC20,2011,27.927
A,P_MHAB,ITC20,2012,51.493
A,P_MHAB,ITC3,1990,24.669
A,P_MHAB,ITC3,1991,36.349
A,P_MHAB,ITC3,1992,40.302
A,P_MHAB,ITC3,2000,58.075
A,P_MHAB,ITC3,2001,52.166
A,P_MHAB,ITC3,2002,53.561
A,P_MHAB,ITC3,2003,67.889
A,P_MHAB,ITC3,2004,57.482
A,P_MHAB,ITC3,2005,53.892
A,P_MHAB,ITC3,2006,79.872
A,P_MHAB,ITC3,2007,84.334
A,P_MHAB,ITC3,2008,85.093
A,P_MHAB,ITC3,2009,74.983
A,P_MHAB,ITC3,2010,81.982
A,P_MHAB,ITC3,2011,66.875
A,P_MHAB,ITC3,2012,57.448
A,P_MHAB,ITC31,1990,13.528
A,P_MHAB,ITC31,1991,9.341
A,P_MHAB,ITC31,1992,5.999
A,P_MHAB,ITC31,2001,22.821
A,P_MHAB,ITC31,2002,55.732
A,P_MHAB,ITC31,2003,29.609
A,P_MHAB,ITC31,2004,5.799
A,P_MHAB,ITC31,2005,13.764
A,P_MHAB,ITC31,2006,2.386
A,P_MHAB,ITC31,2007,52.24
A,P_MHAB,ITC31,2008,30.633
A,P_MHAB,ITC31,2009,18.124
A,P_MHAB,ITC31,2010,46.569
A,P_MHAB,ITC31,2011,12.539
A,P_MHAB,ITC31,2012,9.343
A,P_MHAB,ITC32,1990,59.035
A,P_MHAB,ITC32,1991,78.686
A,P_MHAB,ITC32,1992,99.109
A,P_MHAB,ITC32,2001,37.259
A,P_MHAB,ITC32,2002,69.818
A,P_MHAB,ITC32,2003,51.326
A,P_MHAB,ITC32,2004,17.437
A,P_MHAB,ITC32,2005,44.535
A,P_MHAB,ITC32,2006,41.328
A,P_MHAB,ITC32,2007,54.46
A,P_MHAB,ITC32,2008,43.356
A,P_MHAB,ITC32,2009,50.201
A,P_MHAB,ITC32,2010,54.8
A,P_MHAB,ITC32,2011,65.044
A,P_MHAB,ITC32,2012,48.463
A,P_MHAB,ITC33,1990,21.775
A,P_MHAB,ITC33,1991,33.279
A,P_MHAB,ITC33,1992,38.798
A,P_MHAB,ITC33,2001,72.527
A,P_MHAB,ITC33,2002,56.493
A,P_MHAB,ITC33,2003,91.555
A,P_MHAB,ITC33,2004,87.819
A,P_MHAB,ITC33,2005,71.257
A,P_MHAB,ITC33,2006,112.545
A,P_MHAB,ITC33,2007,113.706
A,P_MHAB,ITC33,2008,127.959
A,P_MHAB,ITC33,2009,108.295
A,P_MHAB,ITC33,2010,94.474
A,P_MHAB,ITC33,2011,88.178
A,P_MHAB,ITC33,2012,73.378
A,P_MHAB,ITC34,1990,4.377
A,P_MHAB,ITC34,1991,21.604
A,P_MHAB,ITC34,1992,5.16
A,P_MHAB,ITC34,2001,15.92
A,P_MHAB,ITC34,2002,19.105
A,P_MHAB,ITC34,2003,29.45
A,P_MHAB,ITC34,2004,35.68
A,P_MHAB,ITC34,2005,34.357
A,P_MHAB,ITC34,2006,72.754
A,P_MHAB,ITC34,2007,36.166
A,P_MHAB,ITC34,2008,22.113
A,P_MHAB,ITC34,2009,31.102
A,P_MHAB,ITC34,2010,102.506
A,P_MHAB,ITC34,2011,39.064
A,P_MHAB,ITC34,2012,53.863
A,P_MHAB,ITC4,1990,90.064
A,P_MHAB,ITC4,1991,92.287
A,P_MHAB,ITC4,1992,87.296
A,P_MHAB,ITC4,2000,153.645
A,P_MHAB,ITC4,2001,146.414
A,P_MHAB,ITC4,2002,155.002
A,P_MHAB,ITC4,2003,152.594
A,P_MHAB,ITC4,2004,157.124
A,P_MHAB,ITC4,2005,157.215
A,P_MHAB,ITC4,2006,161.547
A,P_MHAB,ITC4,2007,148.982
A,P_MHAB,ITC4,2008,143.932
A,P_MHAB,ITC4,2009,140.011
A,P_MHAB,ITC4,2010,134.672
A,P_MHAB,ITC4,2011,125.69
A,P_MHAB,ITC4,2012,93.711
A,P_MHAB,ITC41,1990,86.127
A,P_MHAB,ITC41,1991,96.358
A,P_MHAB,ITC41,1992,110.869
A,P_MHAB,ITC41,2001,177.553
A,P_MHAB,ITC41,2002,157.513
A,P_MHAB,ITC41,2003,181.088
A,P_MHAB,ITC41,2004,171.787
A,P_MHAB,ITC41,2005,184.333
A,P_MHAB,ITC41,2006,204.706
A,P_MHAB,ITC41,2007,169.56
A,P_MHAB,ITC41,2008,184.411
A,P_MHAB,ITC41,2009,163.401
A,P_MHAB,ITC41,2010,182.068
A,P_MHAB,ITC41,2011,169.802
A,P_MHAB,ITC41,2012,130.501
A,P_MHAB,ITC42,1990,78.746
A,P_MHAB,ITC42,1991,59.31
A,P_MHAB,ITC42,1992,64.735
A,P_MHAB,ITC42,2001,133.055
A,P_MHAB,ITC42,2002,119.772
A,P_MHAB,ITC42,2003,110.236
A,P_MHAB,ITC42,2004,148.229
A,P_MHAB,ITC42,2005,165.066
A,P_MHAB,ITC42,2006,144.928
A,P_MHAB,ITC42,2007,138.491
A,P_MHAB,ITC42,2008,156.991
A,P_MHAB,ITC42,2009,104.568
A,P_MHAB,ITC42,2010,135.596
A,P_MHAB,ITC42,2011,155.851
A,P_MHAB,ITC42,2012,96.235
A,P_MHAB,ITC43,1990,72.973
A,P_MHAB,ITC43,1991,100.12
A,P_MHAB,ITC43,1992,97.928
A,P_MHAB,ITC43,2001,176.004
A,P_MHAB,ITC43,2002,152.414
A,P_MHAB,ITC43,2003,172.629
A,P_MHAB,ITC43,2004,171.105
A,P_MHAB,ITC43,2005,173.472
A,P_MHAB,ITC43,2006,184.103
A,P_MHAB,ITC43,2007,207.438
A,P_MHAB,ITC43,2008,157.111
A,P_MHAB,ITC43,2009,157.793
A,P_MHAB,ITC43,2010,130.032
A,P_MHAB,ITC43,2011,186.875
A,P_MHAB,ITC43,2012,110.107
A,P_MHAB,ITC44,1990,5.687
A,P_MHAB,ITC44,1991,0.967
A,P_MHAB,ITC44,1992,29.471
A,P_MHAB,ITC44,2001,31.544
A,P_MHAB,ITC44,2002,42.277
A,P_MHAB,ITC44,2003,52.655
A,P_MHAB,ITC44,2004,37.964
A,P_MHAB,ITC44,2005,50.883
A,P_MHAB,ITC44,2006,34.659
A,P_MHAB,ITC44,2007,46.603
A,P_MHAB,ITC44,2008,47.198
A,P_MHAB,ITC44,2009,54.946
A,P_MHAB,ITC44,2010,31.016
A,P_MHAB,ITC44,2011,38.236
A,P_MHAB,ITC44,2012,44.256
A,P_MHAB,ITC46,1990,54.837
A,P_MHAB,ITC46,1991,56.637
A,P_MHAB,ITC46,1992,51.939
A,P_MHAB,ITC46,2001,139.514
A,P_MHAB,ITC46,2002,137.217
A,P_MHAB,ITC46,2003,127.173
A,P_MHAB,ITC46,2004,118.979
A,P_MHAB,ITC46,2005,154.541
A,P_MHAB,ITC46,2006,141.643
A,P_MHAB,ITC46,2007,152.316
A,P_MHAB,ITC46,2008,144.12
A,P_MHAB,ITC46,2009,112.317
A,P_MHAB,ITC46,2010,119.61
A,P_MHAB,ITC46,2011,123.403
A,P_MHAB,ITC46,2012,116.59
A,P_MHAB,ITC47,1990,48.207
A,P_MHAB,ITC47,1991,46.608
A,P_MHAB,ITC47,1992,41.074
A,P_MHAB,ITC47,2001,86.724
A,P_MHAB,ITC47,2002,95.961
A,P_MHAB,ITC47,2003,99.216
A,P_MHAB,ITC47,2004,144.113
A,P_MHAB,ITC47,2005,114.777
A,P_MHAB,ITC47,2006,117.292
A,P_MHAB,ITC47,2007,109.951
A,P_MHAB,ITC47,2008,112.055
A,P_MHAB,ITC47,2009,126.867
A,P_MHAB,ITC47,2010,96.638
A,P_MHAB,ITC47,2011,111.648
A,P_MHAB,ITC47,2012,75.997
A,P_MHAB,ITC48,1990,70.625
A,P_MHAB,ITC48,1991,50.331
A,P_MHAB,ITC48,1992,56.506
A,P_MHAB,ITC48,2001,112.171
A,P_MHAB,ITC48,2002,108.399
A,P_MHAB,ITC48,2003,145.635
A,P_MHAB,ITC48,2004,98.371
A,P_MHAB,ITC48,2005,106.544
A,P_MHAB,ITC48,2006,107.976
A,P_MHAB,ITC48,2007,110.415
A,P_MHAB,ITC48,2008,104.811
A,P_MHAB,ITC48,2009,98.089
A,P_MHAB,ITC48,2010,69.025
A,P_MHAB,ITC48,2011,64.759
A,P_MHAB,ITC48,2012,44.748
A,P_MHAB,ITC49,1990,57.045
A,P_MHAB,ITC49,1991,78.497
A,P_MHAB,ITC49,1992,59.505
A,P_MHAB,ITC49,2001,104.403
A,P_MHAB,ITC49,2002,100.541
A,P_MHAB,ITC49,2003,97.783
A,P_MHAB,ITC49,2004,77.139
A,P_MHAB,ITC49,2005,64.502
A,P_MHAB,ITC49,2006,87.54
A,P_MHAB,ITC49,2007,86.092
A,P_MHAB,ITC49,2008,77.815
A,P_MHAB,ITC49,2009,89.743
A,P_MHAB,ITC49,2010,57.174
A,P_MHAB,ITC49,2011,62.847
A,P_MHAB,ITC49,2012,76.366
A,P_MHAB,ITC4A,1990,34.151
A,P_MHAB,ITC4A,1991,35.712
A,P_MHAB,ITC4A,1992,24.846
A,P_MHAB,ITC4A,2001,67.484
A,P_MHAB,ITC4A,2002,148.218
A,P_MHAB,ITC4A,2003,76.569
A,P_MHAB,ITC4A,2004,120.353
A,P_MHAB,ITC4A,2005,118.545
A,P_MHAB,ITC4A,2006,106.621
A,P_MHAB,ITC4A,2007,72.32
A,P_MHAB,ITC4A,2008,74.355
A,P_MHAB,ITC4A,2009,144.647
A,P_MHAB,ITC4A,2010,146.439
A,P_MHAB,ITC4A,2011,108.513
A,P_MHAB,ITC4A,2012,77.968
A,P_MHAB,ITC4B,1990,62.646
A,P_MHAB,ITC4B,1991,61.101
A,P_MHAB,ITC4B,1992,81.889
A,P_MHAB,ITC4B,2001,95.462
A,P_MHAB,ITC4B,2002,116.523
A,P_MHAB,ITC4B,2003,143.421
A,P_MHAB,ITC4B,2004,126.514
A,P_MHAB,ITC4B,2005,160.318
A,P_MHAB,ITC4B,2006,181.138
A,P_MHAB,ITC4B,2007,131.118
A,P_MHAB,ITC4B,2008,114.233
A,P_MHAB,ITC4B,2009,119.361
A,P_MHAB,ITC4B,2010,142.494
A,P_MHAB,ITC4B,2011,103.714
A,P_MHAB,ITC4B,2012,55.416
A,P_MHAB,ITC4C,2001,182.697
A,P_MHAB,ITC4C,2002,205.002
A,P_MHAB,ITC4C,2003,199.014
A,P_MHAB,ITC4C,2004,192.635
A,P_MHAB,ITC4C,2005,188.641
A,P_MHAB,ITC4C,2006,199.49
A,P_MHAB,ITC4C,2007,177.997
A,P_MHAB,ITC4C,2008,171.796
A,P_MHAB,ITC4C,2009,171.05
A,P_MHAB,ITC4C,2010,160.341
A,P_MHAB,ITC4C,2011,137.005
A,P_MHAB,ITC4C,2012,97.162
A,P_MHAB,ITC4D,2001,184.948
A,P_MHAB,ITC4D,2002,186.542
A,P_MHAB,ITC4D,2003,157.185
A,P_MHAB,ITC4D,2004,193.549
A,P_MHAB,ITC4D,2005,160.291
A,P_MHAB,ITC4D,2006,164.391
A,P_MHAB,ITC4D,2007,163.058
A,P_MHAB,ITC4D,2008,140.702
A,P_MHAB,ITC4D,2009,143.367
A,P_MHAB,ITC4D,2010,146.201
A,P_MHAB,ITC4D,2011,109.681
A,P_MHAB,ITC4D,2012,103.039
A,P_MHAB,ITF1,1990,12.293
A,P_MHAB,ITF1,1991,12.907
A,P_MHAB,ITF1,1992,9.155
A,P_MHAB,ITF1,2000,53.032
A,P_MHAB,ITF1,2001,44.192
A,P_MHAB,ITF1,2002,34.683
A,P_MHAB,ITF1,2003,39.569
A,P_MHAB,ITF1,2004,46.264
A,P_MHAB,ITF1,2005,38.866
A,P_MHAB,ITF1,2006,47.203
A,P_MHAB,ITF1,2007,49.959
A,P_MHAB,ITF1,2008,33.96
A,P_MHAB,ITF1,2009,35.007
A,P_MHAB,ITF1,2010,35.304
A,P_MHAB,ITF1,2011,39.173
A,P_MHAB,ITF1,2012,19.58
A,P_MHAB,ITF11,1990,2.535
A,P_MHAB,ITF11,1991,2.527
A,P_MHAB,ITF11,1992,2.148
A,P_MHAB,ITF11,2001,41.742
A,P_MHAB,ITF11,2002,37.27
A,P_MHAB,ITF11,2003,46.579
A,P_MHAB,ITF11,2004,45.078
A,P_MHAB,ITF11,2005,30.992
A,P_MHAB,ITF11,2006,34.812
A,P_MHAB,ITF11,2007,40.271
A,P_MHAB,ITF11,2008,20.782
A,P_MHAB,ITF11,2009,29.297
A,P_MHAB,ITF11,2010,21.532
A,P_MHAB,ITF11,2011,35.164
A,P_MHAB,ITF11,2012,14.258
A,P_MHAB,ITF12,1990,6.289
A,P_MHAB,ITF12,1991,5.376
A,P_MHAB,ITF12,1992,1.786
A,P_MHAB,ITF12,2001,27.025
A,P_MHAB,ITF12,2002,19.737
A,P_MHAB,ITF12,2003,25.686
A,P_MHAB,ITF12,2004,25.713
A,P_MHAB,ITF12,2005,23.42
A,P_MHAB,ITF12,2006,29.838
A,P_MHAB,ITF12,2007,37.825
A,P_MHAB,ITF12,2008,27.606
A,P_MHAB,ITF12,2009,25.168
A,P_MHAB,ITF12,2010,47.617
A,P_MHAB,ITF12,2011,32.146
A,P_MHAB,ITF12,2012,19.597
A,P_MHAB,ITF13,1990,26.591
A,P_MHAB,ITF13,1991,32.308
A,P_MHAB,ITF13,1992,24.515
A,P_MHAB,ITF13,2001,75.145
A,P_MHAB,ITF13,2002,44.107
A,P_MHAB,ITF13,2003,44.344
A,P_MHAB,ITF13,2004,60.331
A,P_MHAB,ITF13,2005,61.314
A,P_MHAB,ITF13,2006,66.54
A,P_MHAB,ITF13,2007,63.054
A,P_MHAB,ITF13,2008,45.504
A,P_MHAB,ITF13,2009,49.714
A,P_MHAB,ITF13,2010,30.241
A,P_MHAB,ITF13,2011,63.196
A,P_MHAB,ITF13,2012,24.11
A,P_MHAB,ITF14,1990,13.456
A,P_MHAB,ITF14,1991,11.802
A,P_MHAB,ITF14,1992,8.376
A,P_MHAB,ITF14,2001,35.132
A,P_MHAB,ITF14,2002,36.592
A,P_MHAB,ITF14,2003,40.908
A,P_MHAB,ITF14,2004,51.852
A,P_MHAB,ITF14,2005,39.271
A,P_MHAB,ITF14,2006,55.055
A,P_MHAB,ITF14,2007,56.564
A,P_MHAB,ITF14,2008,39.956
A,P_MHAB,ITF14,2009,35.361
A,P_MHAB,ITF14,2010,40.295
A,P_MHAB,ITF14,2011,28.349
A,P_MHAB,ITF14,2012,19.987
A,P_MHAB,ITF2,1990,1.816
A,P_MHAB,ITF2,1991,1.513
A,P_MHAB,ITF2,1992,5.535
A,P_MHAB,ITF2,2000,4.647
A,P_MHAB,ITF2,2001,16.082
A,P_MHAB,ITF2,2002,3.124
A,P_MHAB,ITF2,2004,4.685
A,P_MHAB,ITF2,2005,11.206
A,P_MHAB,ITF2,2006,1.1
A,P_MHAB,ITF2,2007,7.093
A,P_MHAB,ITF2,2008,2.109
A,P_MHAB,ITF2,2009,4.733
A,P_MHAB,ITF2,2010,5.514
A,P_MHAB,ITF2,2011,9.003
A,P_MHAB,ITF2,2012,2.938
A,P_MHAB,ITF21,1991,5.442
A,P_MHAB,ITF21,2001,27.754
A,P_MHAB,ITF21,2004,11.157
A,P_MHAB,ITF21,2005,5.593
A,P_MHAB,ITF21,2006,1.124
A,P_MHAB,ITF21,2007,22.599
A,P_MHAB,ITF21,2008,3.725
A,P_MHAB,ITF21,2009,17.041
A,P_MHAB,ITF21,2010,2.28
A,P_MHAB,ITF21,2011,2.862
A,P_MHAB,ITF21,2012,4.368
A,P_MHAB,ITF22,1990,2.516
A,P_MHAB,ITF22,1992,7.666
A,P_MHAB,ITF22,2001,11.539
A,P_MHAB,ITF22,2002,4.339
A,P_MHAB,ITF22,2004,2.169
A,P_MHAB,ITF22,2005,13.386
A,P_MHAB,ITF22,2006,1.09
A,P_MHAB,ITF22,2007,1.093
A,P_MHAB,ITF22,2008,1.441
A,P_MHAB,ITF22,2010,6.76
A,P_MHAB,ITF22,2011,11.366
A,P_MHAB,ITF22,2012,2.388
A,P_MHAB,ITF3,1990,3.315
A,P_MHAB,ITF3,1991,3.795
A,P_MHAB,ITF3,1992,6.137
A,P_MHAB,ITF3,2000,8.362
A,P_MHAB,ITF3,2001,9.735
A,P_MHAB,ITF3,2002,8.022
A,P_MHAB,ITF3,2003,10.989
A,P_MHAB,ITF3,2004,13.691
A,P_MHAB,ITF3,2005,17.58
A,P_MHAB,ITF3,2006,18.233
A,P_MHAB,ITF3,2007,14.371
A,P_MHAB,ITF3,2008,19.183
A,P_MHAB,ITF3,2009,15.66
A,P_MHAB,ITF3,2010,12.728
A,P_MHAB,ITF3,2011,10.255
A,P_MHAB,ITF3,2012,9.741
A,P_MHAB,ITF31,1990,1.863
A,P_MHAB,ITF31,1991,5.955
A,P_MHAB,ITF31,1992,7.352
A,P_MHAB,ITF31,2001,3.168
A,P_MHAB,ITF31,2002,3.52
A,P_MHAB,ITF31,2003,12.539
A,P_MHAB,ITF31,2004,15.346
A,P_MHAB,ITF31,2005,12.873
A,P_MHAB,ITF31,2006,14.774
A,P_MHAB,ITF31,2007,12.132
A,P_MHAB,ITF31,2008,8.778
A,P_MHAB,ITF31,2009,14.509
A,P_MHAB,ITF31,2010,10.297
A,P_MHAB,ITF31,2011,6.449
A,P_MHAB,ITF31,2012,8.473
A,P_MHAB,ITF32,1990,1.129
A,P_MHAB,ITF32,1991,0.854
A,P_MHAB,ITF32,1992,0.683
A,P_MHAB,ITF32,2002,3.489
A,P_MHAB,ITF32,2003,3.495
A,P_MHAB,ITF32,2004,2.337
A,P_MHAB,ITF32,2005,10.786
A,P_MHAB,ITF32,2006,12.773
A,P_MHAB,ITF32,2007,6.593
A,P_MHAB,ITF32,2008,6.2
A,P_MHAB,ITF32,2009,7.831
A,P_MHAB,ITF32,2010,2.862
A,P_MHAB,ITF32,2011,8.747
A,P_MHAB,ITF32,2012,14.935
A,P_MHAB,ITF33,1990,4.321
A,P_MHAB,ITF33,1991,4.117
A,P_MHAB,ITF33,1992,6.954
A,P_MHAB,ITF33,2001,10.34
A,P_MHAB,ITF33,2002,8.666
A,P_MHAB,ITF33,2003,11.835
A,P_MHAB,ITF33,2004,12.533
A,P_MHAB,ITF33,2005,20.211
A,P_MHAB,ITF33,2006,21.499
A,P_MHAB,ITF33,2007,15.009
A,P_MHAB,ITF33,2008,21.098
A,P_MHAB,ITF33,2009,16.525
A,P_MHAB,ITF33,2010,14.635
A,P_MHAB,ITF33,2011,10.981
A,P_MHAB,ITF33,2012,9.482
A,P_MHAB,ITF34,1990,0.755
A,P_MHAB,ITF34,1991,2.283
A,P_MHAB,ITF34,1992,0.57
A,P_MHAB,ITF34,2001,9.69
A,P_MHAB,ITF34,2002,2.146
A,P_MHAB,ITF34,2003,6.222
A,P_MHAB,ITF34,2004,15.022
A,P_MHAB,ITF34,2005,14.573
A,P_MHAB,ITF34,2006,13.068
A,P_MHAB,ITF34,2007,7.414
A,P_MHAB,ITF34,2008,13.411
A,P_MHAB,ITF34,2009,11.676
A,P_MHAB,ITF34,2010,11.364
A,P_MHAB,ITF34,2011,4.927
A,P_MHAB,ITF34,2012,15.04
A,P_MHAB,ITF35,1990,3.206
A,P_MHAB,ITF35,1991,2.663
A,P_MHAB,ITF35,1992,6.693
A,P_MHAB,ITF35,2001,15.84
A,P_MHAB,ITF35,2002,13.323
A,P_MHAB,ITF35,2003,11.26
A,P_MHAB,ITF35,2004,18.162
A,P_MHAB,ITF35,2005,16.912
A,P_MHAB,ITF35,2006,15.304
A,P_MHAB,ITF35,2007,19.217
A,P_MHAB,ITF35,2008,28.013
A,P_MHAB,ITF35,2009,17.826
A,P_MHAB,ITF35,2010,12.513
A,P_MHAB,ITF35,2011,13.865
A,P_MHAB,ITF35,2012,8.082
A,P_MHAB,ITF4,1990,3.531
A,P_MHAB,ITF4,1991,3.354
A,P_MHAB,ITF4,1992,4.279
A,P_MHAB,ITF4,2000,8.664
A,P_MHAB,ITF4,2001,8.443
A,P_MHAB,ITF4,2002,8.154
A,P_MHAB,ITF4,2003,9.41
A,P_MHAB,ITF4,2004,15.315
A,P_MHAB,ITF4,2005,13.543
A,P_MHAB,ITF4,2006,13.953
A,P_MHAB,ITF4,2007,15.659
A,P_MHAB,ITF4,2008,15.73
A,P_MHAB,ITF4,2009,13.443
A,P_MHAB,ITF4,2010,14.19
A,P_MHAB,ITF4,2011,16.356
A,P_MHAB,ITF4,2012,9.543
A,P_MHAB,ITF43,1990,3.393
A,P_MHAB,ITF43,1991,1.695
A,P_MHAB,ITF43,1992,2.546
A,P_MHAB,ITF43,2001,9.596
A,P_MHAB,ITF43,2002,12.641
A,P_MHAB,ITF43,2003,10.347
A,P_MHAB,ITF43,2004,8.05
A,P_MHAB,ITF43,2005,7.685
A,P_MHAB,ITF43,2006,7.235
A,P_MHAB,ITF43,2007,14.949
A,P_MHAB,ITF43,2008,5.05
A,P_MHAB,ITF43,2009,12.278
A,P_MHAB,ITF43,2010,7.976
A,P_MHAB,ITF43,2011,2.273
A,P_MHAB,ITF43,2012,7.138
A,P_MHAB,ITF44,1991,2.435
A,P_MHAB,ITF44,1992,1.216
A,P_MHAB,ITF44,2002,4.972
A,P_MHAB,ITF44,2003,5.41
A,P_MHAB,ITF44,2004,9.437
A,P_MHAB,ITF44,2005,8.644
A,P_MHAB,ITF44,2006,6.546
A,P_MHAB,ITF44,2007,10.838
A,P_MHAB,ITF44,2008,13.079
A,P_MHAB,ITF44,2009,4.575
A,P_MHAB,ITF44,2010,12.286
A,P_MHAB,ITF44,2011,13.145
A,P_MHAB,ITF44,2012,2.497
A,P_MHAB,ITF45,1990,1.664
A,P_MHAB,ITF45,1992,4.977
A,P_MHAB,ITF45,2001,5.276
A,P_MHAB,ITF45,2002,12.38
A,P_MHAB,ITF45,2003,6.441
A,P_MHAB,ITF45,2004,12.493
A,P_MHAB,ITF45,2005,13.352
A,P_MHAB,ITF45,2006,12.588
A,P_MHAB,ITF45,2007,20.144
A,P_MHAB,ITF45,2008,18.698
A,P_MHAB,ITF45,2009,15.144
A,P_MHAB,ITF45,2010,11.342
A,P_MHAB,ITF45,2011,21.735
A,P_MHAB,ITF45,2012,11.87
A,P_MHAB,ITF46,2001,2.135
A,P_MHAB,ITF46,2002,0.924
A,P_MHAB,ITF46,2003,7.895
A,P_MHAB,ITF46,2004,8.546
A,P_MHAB,ITF46,2005,8.708
A,P_MHAB,ITF46,2006,5.164
A,P_MHAB,ITF46,2007,7.79
A,P_MHAB,ITF46,2008,9.644
A,P_MHAB,ITF46,2009,5.421
A,P_MHAB,ITF46,2010,12.306
A,P_MHAB,ITF46,2011,8.038
A,P_MHAB,ITF46,2012,5.594
A,P_MHAB,ITF47,2001,18.595
A,P_MHAB,ITF47,2002,10.745
A,P_MHAB,ITF47,2003,14.324
A,P_MHAB,ITF47,2004,28.162
A,P_MHAB,ITF47,2005,23.446
A,P_MHAB,ITF47,2006,27.714
A,P_MHAB,ITF47,2007,21.222
A,P_MHAB,ITF47,2008,26.195
A,P_MHAB,ITF47,2009,21.792
A,P_MHAB,ITF47,2010,21.496
A,P_MHAB,ITF47,2011,28.27
A,P_MHAB,ITF47,2012,15.216
A,P_MHAB,ITF48,2001,0.524
A,P_MHAB,ITF48,2003,5.208
A,P_MHAB,ITF48,2004,8.632
A,P_MHAB,ITF48,2005,4.317
A,P_MHAB,ITF48,2006,5.166
A,P_MHAB,ITF48,2007,7.619
A,P_MHAB,ITF48,2008,5.017
A,P_MHAB,ITF48,2009,7.265
A,P_MHAB,ITF48,2010,11.101
A,P_MHAB,ITF48,2011,5.086
A,P_MHAB,ITF48,2012,3.829
A,P_MHAB,ITF5,1991,4.092
A,P_MHAB,ITF5,1992,3.277
A,P_MHAB,ITF5,2000,4.041
A,P_MHAB,ITF5,2001,3.887
A,P_MHAB,ITF5,2002,5.577
A,P_MHAB,ITF5,2003,13.393
A,P_MHAB,ITF5,2004,3.03
A,P_MHAB,ITF5,2005,11.828
A,P_MHAB,ITF5,2006,8.906
A,P_MHAB,ITF5,2007,9.748
A,P_MHAB,ITF5,2008,13.712
A,P_MHAB,ITF5,2009,12.629
A,P_MHAB,ITF5,2010,8.914
A,P_MHAB,ITF5,2011,9.838
A,P_MHAB,ITF5,2012,10.302
A,P_MHAB,ITF51,1992,3.737
A,P_MHAB,ITF51,2001,3.369
A,P_MHAB,ITF51,2002,1.476
A,P_MHAB,ITF51,2003,9.136
A,P_MHAB,ITF51,2004,2.505
A,P_MHAB,ITF51,2005,12.794
A,P_MHAB,ITF51,2006,5.031
A,P_MHAB,ITF51,2007,11.276
A,P_MHAB,ITF51,2008,14.408
A,P_MHAB,ITF51,2009,11.42
A,P_MHAB,ITF51,2010,6.303
A,P_MHAB,ITF51,2011,12.027
A,P_MHAB,ITF51,2012,15.761
A,P_MHAB,ITF52,1991,11.972
A,P_MHAB,ITF52,1992,2.393
A,P_MHAB,ITF52,2001,4.886
A,P_MHAB,ITF52,2002,13.471
A,P_MHAB,ITF52,2003,21.554
A,P_MHAB,ITF52,2004,4.042
A,P_MHAB,ITF52,2005,10.019
A,P_MHAB,ITF52,2006,16.348
A,P_MHAB,ITF52,2007,6.822
A,P_MHAB,ITF52,2008,12.384
A,P_MHAB,ITF52,2009,14.933
A,P_MHAB,ITF52,2010,13.874
A,P_MHAB,ITF52,2011,5.694
A,P_MHAB,ITF6,1990,1.6
A,P_MHAB,ITF6,1991,1.604
A,P_MHAB,ITF6,1992,1.0
A,P_MHAB,ITF6,2000,3.894
A,P_MHAB,ITF6,2001,4.052
A,P_MHAB,ITF6,2002,6.3
A,P_MHAB,ITF6,2003,3.812
A,P_MHAB,ITF6,2004,7.79
A,P_MHAB,ITF6,2005,8.746
A,P_MHAB,ITF6,2006,7.582
A,P_MHAB,ITF6,2007,7.415
A,P_MHAB,ITF6,2008,4.726
A,P_MHAB,ITF6,2009,5.612
A,P_MHAB,ITF6,2010,5.569
A,P_MHAB,ITF6,2011,5.93
A,P_MHAB,ITF6,2012,9.166
A,P_MHAB,ITF61,1990,2.768
A,P_MHAB,ITF61,1991,1.77
A,P_MHAB,ITF61,1992,2.49
A,P_MHAB,ITF61,2001,5.962
A,P_MHAB,ITF61,2002,8.121
A,P_MHAB,ITF61,2003,7.881
A,P_MHAB,ITF61,2004,9.425
A,P_MHAB,ITF61,2005,4.784
A,P_MHAB,ITF61,2006,14.568
A,P_MHAB,ITF61,2007,7.219
A,P_MHAB,ITF61,2008,4.992
A,P_MHAB,ITF61,2009,6.428
A,P_MHAB,ITF61,2010,4.988
A,P_MHAB,ITF61,2011,4.783
A,P_MHAB,ITF61,2012,10.086
A,P_MHAB,ITF62,2001,5.755
A,P_MHAB,ITF62,2005,1.458
A,P_MHAB,ITF62,2006,1.935
A,P_MHAB,ITF62,2007,2.119
A,P_MHAB,ITF62,2009,1.466
A,P_MHAB,ITF62,2011,6.665
A,P_MHAB,ITF63,1990,2.608
A,P_MHAB,ITF63,1991,5.217
A,P_MHAB,ITF63,2001,4.124
A,P_MHAB,ITF63,2002,7.103
A,P_MHAB,ITF63,2003,1.143
A,P_MHAB,ITF63,2004,10.9
A,P_MHAB,ITF63,2005,8.247
A,P_MHAB,ITF63,2006,3.251
A,P_MHAB,ITF63,2007,10.102
A,P_MHAB,ITF63,2008,4.227
A,P_MHAB,ITF63,2009,10.506
A,P_MHAB,ITF63,2010,9.36
A,P_MHAB,ITF63,2011,14.782
A,P_MHAB,ITF63,2012,20.151
A,P_MHAB,ITF64,2003,7.374
A,P_MHAB,ITF64,2005,5.952
A,P_MHAB,ITF64,2007,7.509
A,P_MHAB,ITF64,2008,15.512
A,P_MHAB,ITF64,2009,6.042
A,P_MHAB,ITF64,2010,6.073
A,P_MHAB,ITF64,2011,1.524
A,P_MHAB,ITF65,1990,0.43
A,P_MHAB,ITF65,1992,0.347
A,P_MHAB,ITF65,2001,2.209
A,P_MHAB,ITF65,2002,7.245
A,P_MHAB,ITF65,2003,0.357
A,P_MHAB,ITF65,2004,8.368
A,P_MHAB,ITF65,2005,17.28
A,P_MHAB,ITF65,2006,5.354
A,P_MHAB,ITF65,2007,7.53
A,P_MHAB,ITF65,2008,2.93
A,P_MHAB,ITF65,2009,2.525
A,P_MHAB,ITF65,2010,5.433
A,P_MHAB,ITF65,2011,2.716
A,P_MHAB,ITF65,2012,6.354
A,P_MHAB,ITG1,1990,5.6
A,P_MHAB,ITG1,1991,4.697
A,P_MHAB,ITG1,1992,3.292
A,P_MHAB,ITG1,2000,12.356
A,P_MHAB,ITG1,2001,12.372
A,P_MHAB,ITG1,2002,14.891
A,P_MHAB,ITG1,2003,14.096
A,P_MHAB,ITG1,2004,15.982
A,P_MHAB,ITG1,2005,16.445
A,P_MHAB,ITG1,2006,13.624
A,P_MHAB,ITG1,2007,8.609
A,P_MHAB,ITG1,2008,10.192
A,P_MHAB,ITG1,2009,10.105
A,P_MHAB,ITG1,2010,9.955
A,P_MHAB,ITG1,2011,5.941
A,P_MHAB,ITG1,2012,4.378
A,P_MHAB,ITG11,2001,5.473
A,P_MHAB,ITG11,2002,8.869
A,P_MHAB,ITG11,2003,2.328
A,P_MHAB,ITG11,2004,6.388
A,P_MHAB,ITG11,2005,9.96
A,P_MHAB,ITG11,2006,2.343
A,P_MHAB,ITG11,2007,2.342
A,P_MHAB,ITG11,2008,2.333
A,P_MHAB,ITG11,2009,4.431
A,P_MHAB,ITG11,2010,4.658
A,P_MHAB,ITG11,2012,4.656
A,P_MHAB,ITG12,1990,4.078
A,P_MHAB,ITG12,1991,1.141
A,P_MHAB,ITG12,1992,1.143
A,P_MHAB,ITG12,2001,5.638
A,P_MHAB,ITG12,2002,6.19
A,P_MHAB,ITG12,2003,11.317
A,P_MHAB,ITG12,2004,10.495
A,P_MHAB,ITG12,2005,7.277
A,P_MHAB,ITG12,2006,8.479
A,P_MHAB,ITG12,2007,5.926
A,P_MHAB,ITG12,2008,7.831
A,P_MHAB,ITG12,2009,5.311
A,P_MHAB,ITG12,2010,3.312
A,P_MHAB,ITG12,2011,2.21
A,P_MHAB,ITG12,2012,4.829
A,P_MHAB,ITG13,1990,3.08
A,P_MHAB,ITG13,1991,1.759
A,P_MHAB,ITG13,1992,3.864
A,P_MHAB,ITG13,2001,9.219
A,P_MHAB,ITG13,2002,12.517
A,P_MHAB,ITG13,2003,12.759
A,P_MHAB,ITG13,2004,17.874
A,P_MHAB,ITG13,2005,11.986
A,P_MHAB,ITG13,2006,15.574
A,P_MHAB,ITG13,2007,5.105
A,P_MHAB,ITG13,2008,8.648
A,P_MHAB,ITG13,2009,6.251
A,P_MHAB,ITG13,2010,14.805
A,P_MHAB,ITG13,2011,5.633
A,P_MHAB,ITG13,2012,2.464
A,P_MHAB,ITG14,2001,0.863
A,P_MHAB,ITG14,2002,2.747
A,P_MHAB,ITG14,2003,5.989
A,P_MHAB,ITG14,2004,5.291
A,P_MHAB,ITG14,2005,1.297
A,P_MHAB,ITG14,2006,8.392
A,P_MHAB,ITG14,2007,6.735
A,P_MHAB,ITG14,2008,1.299
A,P_MHAB,ITG14,2009,2.127
A,P_MHAB,ITG14,2010,7.095
A,P_MHAB,ITG14,2011,0.492
A,P_MHAB,ITG14,2012,2.24
A,P_MHAB,ITG15,1990,2.391
A,P_MHAB,ITG15,1991,3.58
A,P_MHAB,ITG15,2001,3.273
A,P_MHAB,ITG15,2002,5.295
A,P_MHAB,ITG15,2003,1.833
A,P_MHAB,ITG15,2004,17.427
A,P_MHAB,ITG15,2005,2.129
A,P_MHAB,ITG15,2006,3.79
A,P_MHAB,ITG15,2007,7.075
A,P_MHAB,ITG15,2008,16.26
A,P_MHAB,ITG15,2009,11.566
A,P_MHAB,ITG15,2010,4.177
A,P_MHAB,ITG15,2011,0.512
A,P_MHAB,ITG15,2012,3.664
A,P_MHAB,ITG16,1990,3.567
A,P_MHAB,ITG16,1992,1.075
A,P_MHAB,ITG16,2001,7.462
A,P_MHAB,ITG16,2002,18.365
A,P_MHAB,ITG16,2003,13.604
A,P_MHAB,ITG16,2004,3.017
A,P_MHAB,ITG16,2005,10.45
A,P_MHAB,ITG16,2006,14.289
A,P_MHAB,ITG16,2007,1.891
A,P_MHAB,ITG16,2009,4.182
A,P_MHAB,ITG16,2010,11.476
A,P_MHAB,ITG16,2011,0.978
A,P_MHAB,ITG17,1990,17.003
A,P_MHAB,ITG17,1991,15.615
A,P_MHAB,ITG17,1992,10.861
A,P_MHAB,ITG17,2001,33.938
A,P_MHAB,ITG17,2002,37.297
A,P_MHAB,ITG17,2003,33.201
A,P_MHAB,ITG17,2004,37.781
A,P_MHAB,ITG17,2005,47.277
A,P_MHAB,ITG17,2006,30.786
A,P_MHAB,ITG17,2007,20.968
A,P_MHAB,ITG17,2008,24.758
A,P_MHAB,ITG17,2009,27.372
A,P_MHAB,ITG17,2010,21.753
A,P_MHAB,ITG17,2011,16.585
A,P_MHAB,ITG17,2012,5.603
A,P_MHAB,ITG18,1990,1.738
A,P_MHAB,ITG18,1991,8.588
A,P_MHAB,ITG18,2001,8.461
A,P_MHAB,ITG18,2002,11.856
A,P_MHAB,ITG18,2003,5.76
A,P_MHAB,ITG18,2004,3.03
A,P_MHAB,ITG18,2005,13.411
A,P_MHAB,ITG18,2006,4.451
A,P_MHAB,ITG18,2007,3.34
A,P_MHAB,ITG18,2008,3.883
A,P_MHAB,ITG18,2009,3.301
A,P_MHAB,ITG18,2010,3.742
A,P_MHAB,ITG18,2011,12.063
A,P_MHAB,ITG18,2012,3.25
A,P_MHAB,ITG19,1990,3.536
A,P_MHAB,ITG19,1991,2.909
A,P_MHAB,ITG19,1992,2.488
A,P_MHAB,ITG19,2001,13.264
A,P_MHAB,ITG19,2002,13.89
A,P_MHAB,ITG19,2003,10.752
A,P_MHAB,ITG19,2004,8.519
A,P_MHAB,ITG19,2005,8.587
A,P_MHAB,ITG19,2006,11.67
A,P_MHAB,ITG19,2007,6.314
A,P_MHAB,ITG19,2008,4.396
A,P_MHAB,ITG19,2009,6.58
A,P_MHAB,ITG19,2010,7.801
A,P_MHAB,ITG19,2011,2.997
A,P_MHAB,ITG19,2012,8.127
A,P_MHAB,ITG2,1990,3.816
A,P_MHAB,ITG2,1991,3.193
A,P_MHAB,ITG2,1992,3.932
A,P_MHAB,ITG2,2000,7.903
A,P_MHAB,ITG2,2001,8.912
A,P_MHAB,ITG2,2002,8.025
A,P_MHAB,ITG2,2003,5.429
A,P_MHAB,ITG2,2004,12.296
A,P_MHAB,ITG2,2005,10.884
A,P_MHAB,ITG2,2006,8.323
A,P_MHAB,ITG2,2007,11.702
A,P_MHAB,ITG2,2008,15.563
A,P_MHAB,ITG2,2009,12.176
A,P_MHAB,ITG2,2010,11.369
A,P_MHAB,ITG2,2011,7.791
A,P_MHAB,ITG2,2012,5.703
A,P_MHAB,ITG25,1990,11.464
A,P_MHAB,ITG25,1991,3.049
A,P_MHAB,ITG25,1992,5.072
A,P_MHAB,ITG25,2001,22.029
A,P_MHAB,ITG25,2002,12.422
A,P_MHAB,ITG25,2003,9.354
A,P_MHAB,ITG25,2004,6.61
A,P_MHAB,ITG25,2005,8.869
A,P_MHAB,ITG25,2006,9.59
A,P_MHAB,ITG25,2007,13.816
A,P_MHAB,ITG25,2008,17.055
A,P_MHAB,ITG25,2009,10.96
A,P_MHAB,ITG25,2010,11.231
A,P_MHAB,ITG25,2011,5.789
A,P_MHAB,ITG25,2012,2.715
A,P_MHAB,ITG26,1992,5.923
A,P_MHAB,ITG26,2001,12.147
A,P_MHAB,ITG26,2002,1.036
A,P_MHAB,ITG26,2004,6.138
A,P_MHAB,ITG26,2005,14.355
A,P_MHAB,ITG26,2006,0.804
A,P_MHAB,ITG26,2007,8.244
A,P_MHAB,ITG26,2008,12.421
A,P_MHAB,ITG26,2009,18.655
A,P_MHAB,ITG26,2010,5.555
A,P_MHAB,ITG27,1990,2.82
A,P_MHAB,ITG27,1991,4.203
A,P_MHAB,ITG27,1992,4.309
A,P_MHAB,ITG27,2001,4.751
A,P_MHAB,ITG27,2002,13.963
A,P_MHAB,ITG27,2003,6.442
A,P_MHAB,ITG27,2004,17.768
A,P_MHAB,ITG27,2005,11.01
A,P_MHAB,ITG27,2006,15.288
A,P_MHAB,ITG27,2007,14.755
A,P_MHAB,ITG27,2008,19.042
A,P_MHAB,ITG27,2009,17.107
A,P_MHAB,ITG27,2010,13.728
A,P_MHAB,ITG27,2011,13.2
A,P_MHAB,ITG27,2012,7.583
A,P_MHAB,ITG28,1991,5.794
A,P_MHAB,ITG28,1992,5.783
A,P_MHAB,ITG28,2003,7.953
A,P_MHAB,ITG28,2004,2.995
A,P_MHAB,ITG28,2005,8.863
A,P_MHAB,ITG28,2007,11.892
A,P_MHAB,ITG28,2009,18.131
A,P_MHAB,ITG28,2010,14.181
A,P_MHAB,ITG28,2011,7.59
A,P_MHAB,ITG28,2012,8.676
A,P_MHAB,ITG29,2001,14.508
A,P_MHAB,ITG29,2002,7.238
A,P_MHAB,ITG29,2003,7.191
A,P_MHAB,ITG29,2004,35.637
A,P_MHAB,ITG29,2005,10.628
A,P_MHAB,ITG29,2006,14.084
A,P_MHAB,ITG29,2007,15.693
A,P_MHAB,ITG29,2008,23.882
A,P_MHAB,ITG29,2009,6.724
A,P_MHAB,ITG29,2010,16.921
A,P_MHAB,ITG29,2011,15.844
A,P_MHAB,ITG29,2012,19.071
A,P_MHAB,ITG2A,2004,4.315
A,P_MHAB,ITG2A,2005,8.644
A,P_MHAB,ITG2B,2005,7.22
A,P_MHAB,ITG2B,2007,9.684
A,P_MHAB,ITG2B,2010,9.797
A,P_MHAB,ITG2C,1990,7.189
A,P_MHAB,ITG2C,1991,7.167
A,P_MHAB,ITG2C,1992,3.584
A,P_MHAB,ITG2C,2001,6.548
A,P_MHAB,ITG2C,2002,2.506
A,P_MHAB,ITG2C,2004,7.635
A,P_MHAB,ITG2C,2005,17.809
A,P_MHAB,ITG2C,2008,30.767
A,P_MHAB,ITG2C,2010,5.181
A,P_MHAB,ITH1,1990,30.748
A,P_MHAB,ITH1,1991,20.505
A,P_MHAB,ITH1,1992,24.964
A,P_MHAB,ITH1,2000,80.318
A,P_MHAB,ITH1,2001,32.704
A,P_MHAB,ITH1,2002,69.205
A,P_MHAB,ITH1,2003,50.527
A,P_MHAB,ITH1,2004,68.664
A,P_MHAB,ITH1,2005,94.612
A,P_MHAB,ITH1,2006,91.832
A,P_MHAB,ITH1,2007,114.231
A,P_MHAB,ITH1,2008,128.97
A,P_MHAB,ITH1,2009,137.233
A,P_MHAB,ITH1,2010,116.974
A,P_MHAB,ITH1,2011,144.615
A,P_MHAB,ITH1,2012,124.963
A,P_MHAB,ITH10,1990,30.748
A,P_MHAB,ITH10,1991,20.505
A,P_MHAB,ITH10,1992,24.964
A,P_MHAB,ITH10,2000,80.318
A,P_MHAB,ITH10,2001,32.704
A,P_MHAB,ITH10,2002,69.205
A,P_MHAB,ITH10,2003,50.527
A,P_MHAB,ITH10,2004,68.664
A,P_MHAB,ITH10,2005,94.612
A,P_MHAB,ITH10,2006,91.832
A,P_MHAB,ITH10,2007,114.231
A,P_MHAB,ITH10,2008,128.97
A,P_MHAB,ITH10,2009,137.233
A,P_MHAB,ITH10,2010,116.974
A,P_MHAB,ITH10,2011,144.615
A,P_MHAB,ITH10,2012,124.963
A,P_MHAB,ITH2,1990,29.709
A,P_MHAB,ITH2,1991,23.49
A,P_MHAB,ITH2,1992,33.792
A,P_MHAB,ITH2,2000,65.695
A,P_MHAB,ITH2,2001,52.729
A,P_MHAB,ITH2,2002,60.32
A,P_MHAB,ITH2,2003,61.931
A,P_MHAB,ITH2,2004,35.906
A,P_MHAB,ITH2,2005,66.652
A,P_MHAB,ITH2,2006,56.445
A,P_MHAB,ITH2,2007,70.317
A,P_MHAB,ITH2,2008,54.527
A,P_MHAB,ITH2,2009,63.821
A,P_MHAB,ITH2,2010,61.527
A,P_MHAB,ITH2,2011,85.285
A,P_MHAB,ITH2,2012,54.737
A,P_MHAB,ITH20,1990,29.709
A,P_MHAB,ITH20,1991,23.49
A,P_MHAB,ITH20,1992,33.792
A,P_MHAB,ITH20,2000,65.695
A,P_MHAB,ITH20,2001,52.729
A,P_MHAB,ITH20,2002,60.32
A,P_MHAB,ITH20,2003,61.931
A,P_MHAB,ITH20,2004,35.906
A,P_MHAB,ITH20,2005,66.652
A,P_MHAB,ITH20,2006,56.445
A,P_MHAB,ITH20,2007,70.317
A,P_MHAB,ITH20,2008,54.527
A,P_MHAB,ITH20,2009,63.821
A,P_MHAB,ITH20,2010,61.527
A,P_MHAB,ITH20,2011,85.285
A,P_MHAB,ITH20,2012,54.737
A,P_MHAB,ITH3,1990,49.126
A,P_MHAB,ITH3,1991,52.606
A,P_MHAB,ITH3,1992,50.329
A,P_MHAB,ITH3,2000,100.752
A,P_MHAB,ITH3,2001,109.899
A,P_MHAB,ITH3,2002,110.274
A,P_MHAB,ITH3,2003,118.141
A,P_MHAB,ITH3,2004,123.853
A,P_MHAB,ITH3,2005,141.86
A,P_MHAB,ITH3,2006,137.33
A,P_MHAB,ITH3,2007,143.477
A,P_MHAB,ITH3,2008,124.616
A,P_MHAB,ITH3,2009,118.077
A,P_MHAB,ITH3,2010,114.669
A,P_MHAB,ITH3,2011,113.496
A,P_MHAB,ITH3,2012,101.837
A,P_MHAB,ITH31,1990,28.422
A,P_MHAB,ITH31,1991,35.219
A,P_MHAB,ITH31,1992,32.247
A,P_MHAB,ITH31,2001,97.541
A,P_MHAB,ITH31,2002,81.958
A,P_MHAB,ITH31,2003,119.089
A,P_MHAB,ITH31,2004,110.547
A,P_MHAB,ITH31,2005,108.812
A,P_MHAB,ITH31,2006,108.035
A,P_MHAB,ITH31,2007,112.757
A,P_MHAB,ITH31,2008,82.219
A,P_MHAB,ITH31,2009,74.315
A,P_MHAB,ITH31,2010,79.165
A,P_MHAB,ITH31,2011,86.978
A,P_MHAB,ITH31,2012,77.571
A,P_MHAB,ITH32,1990,63.203
A,P_MHAB,ITH32,1991,66.933
A,P_MHAB,ITH32,1992,60.801
A,P_MHAB,ITH32,2001,164.849
A,P_MHAB,ITH32,2002,171.316
A,P_MHAB,ITH32,2003,191.588
A,P_MHAB,ITH32,2004,194.262
A,P_MHAB,ITH32,2005,228.684
A,P_MHAB,ITH32,2006,195.411
A,P_MHAB,ITH32,2007,233.383
A,P_MHAB,ITH32,2008,190.778
A,P_MHAB,ITH32,2009,154.083
A,P_MHAB,ITH32,2010,167.319
A,P_MHAB,ITH32,2011,162.849
A,P_MHAB,ITH32,2012,152.993
A,P_MHAB,ITH33,1990,61.134
A,P_MHAB,ITH33,1991,31.418
A,P_MHAB,ITH33,1992,30.295
A,P_MHAB,ITH33,2001,44.049
A,P_MHAB,ITH33,2002,65.581
A,P_MHAB,ITH33,2003,61.872
A,P_MHAB,ITH33,2004,55.324
A,P_MHAB,ITH33,2005,36.293
A,P_MHAB,ITH33,2006,51.742
A,P_MHAB,ITH33,2007,53.433
A,P_MHAB,ITH33,2008,71.512
A,P_MHAB,ITH33,2009,44.736
A,P_MHAB,ITH33,2010,62.274
A,P_MHAB,ITH33,2011,70.403
A,P_MHAB,ITH33,2012,60.319
A,P_MHAB,ITH34,1990,85.394
A,P_MHAB,ITH34,1991,65.993
A,P_MHAB,ITH34,1992,99.386
A,P_MHAB,ITH34,2001,165.437
A,P_MHAB,ITH34,2002,148.761
A,P_MHAB,ITH34,2003,144.148
A,P_MHAB,ITH34,2004,149.357
A,P_MHAB,ITH34,2005,209.122
A,P_MHAB,ITH34,2006,203.145
A,P_MHAB,ITH34,2007,205.32
A,P_MHAB,ITH34,2008,185.0
A,P_MHAB,ITH34,2009,177.691
A,P_MHAB,ITH34,2010,174.441
A,P_MHAB,ITH34,2011,173.757
A,P_MHAB,ITH34,2012,128.828
A,P_MHAB,ITH35,1990,19.167
A,P_MHAB,ITH35,1991,26.023
A,P_MHAB,ITH35,1992,24.047
A,P_MHAB,ITH35,2001,44.893
A,P_MHAB,ITH35,2002,59.619
A,P_MHAB,ITH35,2003,44.714
A,P_MHAB,ITH35,2004,73.179
A,P_MHAB,ITH35,2005,65.952
A,P_MHAB,ITH35,2006,81.113
A,P_MHAB,ITH35,2007,72.294
A,P_MHAB,ITH35,2008,74.195
A,P_MHAB,ITH35,2009,79.609
A,P_MHAB,ITH35,2010,58.095
A,P_MHAB,ITH35,2011,51.762
A,P_MHAB,ITH35,2012,59.283
A,P_MHAB,ITH36,1990,63.354
A,P_MHAB,ITH36,1991,87.261
A,P_MHAB,ITH36,1992,51.003
A,P_MHAB,ITH36,2001,117.044
A,P_MHAB,ITH36,2002,122.999
A,P_MHAB,ITH36,2003,118.514
A,P_MHAB,ITH36,2004,125.762
A,P_MHAB,ITH36,2005,143.424
A,P_MHAB,ITH36,2006,148.578
A,P_MHAB,ITH36,2007,145.05
A,P_MHAB,ITH36,2008,125.99
A,P_MHAB,ITH36,2009,145.374
A,P_MHAB,ITH36,2010,119.955
A,P_MHAB,ITH36,2011,116.75
A,P_MHAB,ITH36,2012,115.605
A,P_MHAB,ITH37,1990,6.844
A,P_MHAB,ITH37,1991,16.531
A,P_MHAB,ITH37,1992,30.744
A,P_MHAB,ITH37,2001,41.07
A,P_MHAB,ITH37,2002,43.418
A,P_MHAB,ITH37,2003,77.987
A,P_MHAB,ITH37,2004,70.125
A,P_MHAB,ITH37,2005,72.898
A,P_MHAB,ITH37,2006,36.542
A,P_MHAB,ITH37,2007,40.434
A,P_MHAB,ITH37,2008,48.331
A,P_MHAB,ITH37,2009,33.57
A,P_MHAB,ITH37,2010,67.294
A,P_MHAB,ITH37,2011,60.154
A,P_MHAB,ITH37,2012,45.258
A,P_MHAB,ITH4,1990,84.047
A,P_MHAB,ITH4,1991,70.732
A,P_MHAB,ITH4,1992,59.957
A,P_MHAB,ITH4,2000,91.558
A,P_MHAB,ITH4,2001,86.756
A,P_MHAB,ITH4,2002,94.513
A,P_MHAB,ITH4,2003,91.138
A,P_MHAB,ITH4,2004,121.643
A,P_MHAB,ITH4,2005,124.848
A,P_MHAB,ITH4,2006,158.432
A,P_MHAB,ITH4,2007,143.655
A,P_MHAB,ITH4,2008,142.249
A,P_MHAB,ITH4,2009,135.411
A,P_MHAB,ITH4,2010,169.176
A,P_MHAB,ITH4,2011,199.853
A,P_MHAB,ITH4,2012,217.363
A,P_MHAB,ITH41,1990,170.38
A,P_MHAB,ITH41,1991,165.274
A,P_MHAB,ITH41,1992,176.228
A,P_MHAB,ITH41,2001,162.679
A,P_MHAB,ITH41,2002,205.207
A,P_MHAB,ITH41,2003,152.291
A,P_MHAB,ITH41,2004,239.168
A,P_MHAB,ITH41,2005,228.82
A,P_MHAB,ITH41,2006,309.484
A,P_MHAB,ITH41,2007,286.316
A,P_MHAB,ITH41,2008,323.051
A,P_MHAB,ITH41,2009,290.883
A,P_MHAB,ITH41,2010,360.049
A,P_MHAB,ITH41,2011,496.898
A,P_MHAB,ITH41,2012,647.079
A,P_MHAB,ITH42,1990,80.564
A,P_MHAB,ITH42,1991,56.183
A,P_MHAB,ITH42,1992,36.944
A,P_MHAB,ITH42,2001,68.111
A,P_MHAB,ITH42,2002,67.217
A,P_MHAB,ITH42,2003,78.919
A,P_MHAB,ITH42,2004,90.632
A,P_MHAB,ITH42,2005,105.645
A,P_MHAB,ITH42,2006,121.938
A,P_MHAB,ITH42,2007,113.856
A,P_MHAB,ITH42,2008,84.641
A,P_MHAB,ITH42,2009,96.688
A,P_MHAB,ITH42,2010,136.212
A,P_MHAB,ITH42,2011,93.698
A,P_MHAB,ITH42,2012,72.12
A,P_MHAB,ITH43,1990,32.481
A,P_MHAB,ITH43,1991,36.179
A,P_MHAB,ITH43,1992,14.491
A,P_MHAB,ITH43,2001,67.819
A,P_MHAB,ITH43,2002,48.789
A,P_MHAB,ITH43,2003,73.481
A,P_MHAB,ITH43,2004,67.511
A,P_MHAB,ITH43,2005,73.701
A,P_MHAB,ITH43,2006,91.569
A,P_MHAB,ITH43,2007,105.418
A,P_MHAB,ITH43,2008,76.658
A,P_MHAB,ITH43,2009,87.542
A,P_MHAB,ITH43,2010,76.997
A,P_MHAB,ITH43,2011,74.041
A,P_MHAB,ITH43,2012,45.528
A,P_MHAB,ITH44,1990,28.425
A,P_MHAB,ITH44,1991,19.003
A,P_MHAB,ITH44,1992,7.465
A,P_MHAB,ITH44,2001,48.395
A,P_MHAB,ITH44,2002,47.857
A,P_MHAB,ITH44,2003,53.993
A,P_MHAB,ITH44,2004,76.347
A,P_MHAB,ITH44,2005,67.478
A,P_MHAB,ITH44,2006,88.391
A,P_MHAB,ITH44,2007,50.371
A,P_MHAB,ITH44,2008,76.838
A,P_MHAB,ITH44,2009,47.304
A,P_MHAB,ITH44,2010,47.11
A,P_MHAB,ITH44,2011,123.98
A,P_MHAB,ITH44,2012,80.754
A,P_MHAB,ITH5,2001,168.771
A,P_MHAB,ITH5,2002,179.9
A,P_MHAB,ITH5,2003,181.951
A,P_MHAB,ITH5,2004,171.32
A,P_MHAB,ITH5,2005,190.601
A,P_MHAB,ITH5,2006,206.083
A,P_MHAB,ITH5,2007,191.577
A,P_MHAB,ITH5,2008,174.48
A,P_MHAB,ITH5,2009,158.7
A,P_MHAB,ITH5,2010,158.365
A,P_MHAB,ITH5,2011,153.869
A,P_MHAB,ITH5,2012,133.407
A,P_MHAB,ITH51,1990,66.321
A,P_MHAB,ITH51,1991,48.819
A,P_MHAB,ITH51,1992,37.702
A,P_MHAB,ITH51,2001,82.775
A,P_MHAB,ITH51,2002,65.739
A,P_MHAB,ITH51,2003,94.811
A,P_MHAB,ITH51,2004,106.181
A,P_MHAB,ITH51,2005,97.888
A,P_MHAB,ITH51,2006,118.014
A,P_MHAB,ITH51,2007,71.743
A,P_MHAB,ITH51,2008,104.257
A,P_MHAB,ITH51,2009,49.848
A,P_MHAB,ITH51,2010,85.459
A,P_MHAB,ITH51,2011,82.104
A,P_MHAB,ITH51,2012,64.618
A,P_MHAB,ITH52,1990,73.394
A,P_MHAB,ITH52,1991,94.419
A,P_MHAB,ITH52,1992,45.453
A,P_MHAB,ITH52,2001,151.182
A,P_MHAB,ITH52,2002,171.526
A,P_MHAB,ITH52,2003,175.219
A,P_MHAB,ITH52,2004,155.585
A,P_MHAB,ITH52,2005,188.17
A,P_MHAB,ITH52,2006,184.156
A,P_MHAB,ITH52,2007,193.952
A,P_MHAB,ITH52,2008,202.676
A,P_MHAB,ITH52,2009,229.58
A,P_MHAB,ITH52,2010,189.891
A,P_MHAB,ITH52,2011,220.229
A,P_MHAB,ITH52,2012,179.486
A,P_MHAB,ITH53,1990,40.545
A,P_MHAB,ITH53,1991,69.543
A,P_MHAB,ITH53,1992,72.316
A,P_MHAB,ITH53,2001,173.603
A,P_MHAB,ITH53,2002,182.912
A,P_MHAB,ITH53,2003,171.393
A,P_MHAB,ITH53,2004,167.624
A,P_MHAB,ITH53,2005,197.622
A,P_MHAB,ITH53,2006,217.291
A,P_MHAB,ITH53,2007,171.416
A,P_MHAB,ITH53,2008,164.483
A,P_MHAB,ITH53,2009,155.894
A,P_MHAB,ITH53,2010,128.701
A,P_MHAB,ITH53,2011,155.969
A,P_MHAB,ITH53,2012,136.489
A,P_MHAB,ITH54,1990,74.451
A,P_MHAB,ITH54,1991,73.174
A,P_MHAB,ITH54,1992,52.063
A,P_MHAB,ITH54,2001,195.62
A,P_MHAB,ITH54,2002,212.967
A,P_MHAB,ITH54,2003,239.272
A,P_MHAB,ITH54,2004,190.894
A,P_MHAB,ITH54,2005,176.622
A,P_MHAB,ITH54,2006,240.527
A,P_MHAB,ITH54,2007,228.729
A,P_MHAB,ITH54,2008,201.471
A,P_MHAB,ITH54,2009,200.069
A,P_MHAB,ITH54,2010,231.282
A,P_MHAB,ITH54,2011,172.636
A,P_MHAB,ITH54,2012,155.346
A,P_MHAB,ITH55,1990,149.261
A,P_MHAB,ITH55,1991,157.523
A,P_MHAB,ITH55,1992,137.537
A,P_MHAB,ITH55,2001,301.307
A,P_MHAB,ITH55,2002,316.353
A,P_MHAB,ITH55,2003,313.245
A,P_MHAB,ITH55,2004,310.755
A,P_MHAB,ITH55,2005,319.999
A,P_MHAB,ITH55,2006,332.814
A,P_MHAB,ITH55,2007,315.638
A,P_MHAB,ITH55,2008,266.481
A,P_MHAB,ITH55,2009,229.012
A,P_MHAB,ITH55,2010,221.971
A,P_MHAB,ITH55,2011,212.403
A,P_MHAB,ITH55,2012,201.055
A,P_MHAB,ITH56,1990,57.787
A,P_MHAB,ITH56,1991,59.624
A,P_MHAB,ITH56,1992,89.877
A,P_MHAB,ITH56,2001,115.327
A,P_MHAB,ITH56,2002,146.789
A,P_MHAB,ITH56,2003,118.933
A,P_MHAB,ITH56,2004,146.381
A,P_MHAB,ITH56,2005,159.381
A,P_MHAB,ITH56,2006,193.872
A,P_MHAB,ITH56,2007,161.441
A,P_MHAB,ITH56,2008,109.049
A,P_MHAB,ITH56,2009,144.336
A,P_MHAB,ITH56,2010,117.817
A,P_MHAB,ITH56,2011,164.534
A,P_MHAB,ITH56,2012,148.021
A,P_MHAB,ITH57,1990,50.828
A,P_MHAB,ITH57,1991,43.367
A,P_MHAB,ITH57,1992,66.114
A,P_MHAB,ITH57,2001,89.823
A,P_MHAB,ITH57,2002,68.32
A,P_MHAB,ITH57,2003,97.13
A,P_MHAB,ITH57,2004,58.486
A,P_MHAB,ITH57,2005,137.129
A,P_MHAB,ITH57,2006,114.54
A,P_MHAB,ITH57,2007,85.343
A,P_MHAB,ITH57,2008,129.742
A,P_MHAB,ITH57,2009,59.864
A,P_MHAB,ITH57,2010,86.542
A,P_MHAB,ITH57,2011,91.825
A,P_MHAB,ITH57,2012,71.093
A,P_MHAB,ITH58,1990,36.515
A,P_MHAB,ITH58,1991,37.353
A,P_MHAB,ITH58,1992,35.836
A,P_MHAB,ITH58,2001,58.274
A,P_MHAB,ITH58,2002,82.571
A,P_MHAB,ITH58,2003,71.254
A,P_MHAB,ITH58,2004,59.133
A,P_MHAB,ITH58,2005,86.893
A,P_MHAB,ITH58,2006,71.544
A,P_MHAB,ITH58,2007,112.958
A,P_MHAB,ITH58,2008,92.962
A,P_MHAB,ITH58,2009,94.946
A,P_MHAB,ITH58,2010,95.883
A,P_MHAB,ITH58,2011,71.872
A,P_MHAB,ITH58,2012,39.905
A,P_MHAB,ITH59,2001,81.819
A,P_MHAB,ITH59,2002,80.99
A,P_MHAB,ITH59,2003,61.592
A,P_MHAB,ITH59,2004,81.848
A,P_MHAB,ITH59,2005,122.477
A,P_MHAB,ITH59,2006,119.149
A,P_MHAB,ITH59,2007,124.407
A,P_MHAB,ITH59,2008,103.473
A,P_MHAB,ITH59,2009,74.956
A,P_MHAB,ITH59,2010,86.818
A,P_MHAB,ITH59,2011,70.272
A,P_MHAB,ITH59,2012,48.132
A,P_MHAB,ITI1,1990,38.502
A,P_MHAB,ITI1,1991,45.688
A,P_MHAB,ITI1,1992,32.239
A,P_MHAB,ITI1,2000,63.524
A,P_MHAB,ITI1,2001,71.62
A,P_MHAB,ITI1,2002,80.632
A,P_MHAB,ITI1,2003,89.136
A,P_MHAB,ITI1,2004,80.893
A,P_MHAB,ITI1,2005,85.364
A,P_MHAB,ITI1,2006,83.756
A,P_MHAB,ITI1,2007,81.889
A,P_MHAB,ITI1,2008,86.994
A,P_MHAB,ITI1,2009,83.52
A,P_MHAB,ITI1,2010,88.031
A,P_MHAB,ITI1,2011,79.5
A,P_MHAB,ITI1,2012,65.206
A,P_MHAB,ITI11,1990,12.454
A,P_MHAB,ITI11,1991,25.448
A,P_MHAB,ITI11,1992,4.997
A,P_MHAB,ITI11,2001,27.414
A,P_MHAB,ITI11,2002,32.075
A,P_MHAB,ITI11,2003,5.222
A,P_MHAB,ITI11,2004,40.767
A,P_MHAB,ITI11,2005,31.537
A,P_MHAB,ITI11,2006,21.114
A,P_MHAB,ITI11,2007,31.351
A,P_MHAB,ITI11,2008,20.475
A,P_MHAB,ITI11,2009,41.346
A,P_MHAB,ITI11,2010,17.956
A,P_MHAB,ITI11,2011,42.906
A,P_MHAB,ITI11,2012,23.817
A,P_MHAB,ITI12,1990,34.448
A,P_MHAB,ITI12,1991,39.881
A,P_MHAB,ITI12,1992,40.248
A,P_MHAB,ITI12,2001,62.37
A,P_MHAB,ITI12,2002,116.109
A,P_MHAB,ITI12,2003,156.64
A,P_MHAB,ITI12,2004,118.5
A,P_MHAB,ITI12,2005,89.163
A,P_MHAB,ITI12,2006,153.102
A,P_MHAB,ITI12,2007,118.906
A,P_MHAB,ITI12,2008,99.93
A,P_MHAB,ITI12,2009,74.51
A,P_MHAB,ITI12,2010,62.818
A,P_MHAB,ITI12,2011,72.442
A,P_MHAB,ITI12,2012,46.978
A,P_MHAB,ITI13,1990,24.804
A,P_MHAB,ITI13,1991,27.432
A,P_MHAB,ITI13,1992,27.125
A,P_MHAB,ITI13,2001,31.455
A,P_MHAB,ITI13,2002,72.557
A,P_MHAB,ITI13,2003,57.418
A,P_MHAB,ITI13,2004,65.711
A,P_MHAB,ITI13,2005,34.291
A,P_MHAB,ITI13,2006,43.717
A,P_MHAB,ITI13,2007,45.309
A,P_MHAB,ITI13,2008,42.179
A,P_MHAB,ITI13,2009,29.13
A,P_MHAB,ITI13,2010,52.658
A,P_MHAB,ITI13,2011,35.752
A,P_MHAB,ITI13,2012,39.632
A,P_MHAB,ITI14,1990,72.145
A,P_MHAB,ITI14,1991,76.217
A,P_MHAB,ITI14,1992,42.477
A,P_MHAB,ITI14,2001,94.782
A,P_MHAB,ITI14,2002,79.531
A,P_MHAB,ITI14,2003,94.086
A,P_MHAB,ITI14,2004,76.493
A,P_MHAB,ITI14,2005,70.733
A,P_MHAB,ITI14,2006,93.961
A,P_MHAB,ITI14,2007,75.025
A,P_MHAB,ITI14,2008,84.823
A,P_MHAB,ITI14,2009,92.926
A,P_MHAB,ITI14,2010,110.528
A,P_MHAB,ITI14,2011,104.681
A,P_MHAB,ITI14,2012,74.488
A,P_MHAB,ITI15,1990,20.838
A,P_MHAB,ITI15,1991,39.052
A,P_MHAB,ITI15,1992,16.462
A,P_MHAB,ITI15,2001,74.241
A,P_MHAB,ITI15,2002,87.207
A,P_MHAB,ITI15,2003,89.02
A,P_MHAB,ITI15,2004,40.321
A,P_MHAB,ITI15,2005,48.204
A,P_MHAB,ITI15,2006,47.307
A,P_MHAB,ITI15,2007,44.101
A,P_MHAB,ITI15,2008,40.698
A,P_MHAB,ITI15,2009,28.798
A,P_MHAB,ITI15,2010,78.822
A,P_MHAB,ITI15,2011,22.734
A,P_MHAB,ITI15,2012,34.611
A,P_MHAB,ITI16,1990,25.873
A,P_MHAB,ITI16,1991,40.958
A,P_MHAB,ITI16,1992,9.428
A,P_MHAB,ITI16,2001,33.195
A,P_MHAB,ITI16,2002,26.342
A,P_MHAB,ITI16,2003,88.983
A,P_MHAB,ITI16,2004,71.953
A,P_MHAB,ITI16,2005,80.79
A,P_MHAB,ITI16,2006,89.841
A,P_MHAB,ITI16,2007,57.363
A,P_MHAB,ITI16,2008,114.726
A,P_MHAB,ITI16,2009,81.614
A,P_MHAB,ITI16,2010,109.307
A,P_MHAB,ITI16,2011,88.0
A,P_MHAB,ITI16,2012,100.457
A,P_MHAB,ITI17,1990,39.064
A,P_MHAB,ITI17,1991,57.308
A,P_MHAB,ITI17,1992,48.054
A,P_MHAB,ITI17,2001,91.102
A,P_MHAB,ITI17,2002,119.821
A,P_MHAB,ITI17,2003,118.643
A,P_MHAB,ITI17,2004,117.336
A,P_MHAB,ITI17,2005,153.934
A,P_MHAB,ITI17,2006,104.157
A,P_MHAB,ITI17,2007,155.828
A,P_MHAB,ITI17,2008,182.244
A,P_MHAB,ITI17,2009,146.752
A,P_MHAB,ITI17,2010,161.175
A,P_MHAB,ITI17,2011,158.359
A,P_MHAB,ITI17,2012,112.288
A,P_MHAB,ITI18,1990,13.318
A,P_MHAB,ITI18,1991,12.746
A,P_MHAB,ITI18,1992,20.762
A,P_MHAB,ITI18,2001,43.613
A,P_MHAB,ITI18,2002,69.69
A,P_MHAB,ITI18,2003,48.327
A,P_MHAB,ITI18,2004,44.143
A,P_MHAB,ITI18,2005,78.027
A,P_MHAB,ITI18,2006,53.436
A,P_MHAB,ITI18,2007,76.981
A,P_MHAB,ITI18,2008,56.699
A,P_MHAB,ITI18,2009,69.52
A,P_MHAB,ITI18,2010,54.103
A,P_MHAB,ITI18,2011,40.66
A,P_MHAB,ITI18,2012,60.472
A,P_MHAB,ITI19,1990,40.714
A,P_MHAB,ITI19,1991,44.773
A,P_MHAB,ITI19,1992,62.062
A,P_MHAB,ITI19,2001,185.6
A,P_MHAB,ITI19,2002,156.987
A,P_MHAB,ITI19,2003,140.78
A,P_MHAB,ITI19,2004,166.491
A,P_MHAB,ITI19,2005,230.008
A,P_MHAB,ITI19,2006,126.403
A,P_MHAB,ITI19,2007,139.549
A,P_MHAB,ITI19,2008,131.528
A,P_MHAB,ITI19,2009,168.655
A,P_MHAB,ITI19,2010,101.833
A,P_MHAB,ITI19,2011,102.974
A,P_MHAB,ITI19,2012,79.581
A,P_MHAB,ITI1A,1990,5.544
A,P_MHAB,ITI1A,1991,2.312
A,P_MHAB,ITI1A,1992,9.269
A,P_MHAB,ITI1A,2001,5.917
A,P_MHAB,ITI1A,2002,9.483
A,P_MHAB,ITI1A,2003,14.217
A,P_MHAB,ITI1A,2004,36.142
A,P_MHAB,ITI1A,2005,18.967
A,P_MHAB,ITI1A,2006,15.876
A,P_MHAB,ITI1A,2007,23.678
A,P_MHAB,ITI1A,2008,20.676
A,P_MHAB,ITI1A,2009,33.922
A,P_MHAB,ITI1A,2010,22.246
A,P_MHAB,ITI1A,2011,7.254
A,P_MHAB,ITI1A,2012,9.858
A,P_MHAB,ITI2,1990,21.529
A,P_MHAB,ITI2,1991,9.067
A,P_MHAB,ITI2,1992,19.815
A,P_MHAB,ITI2,2000,39.155
A,P_MHAB,ITI2,2001,34.98
A,P_MHAB,ITI2,2002,36.642
A,P_MHAB,ITI2,2003,39.215
A,P_MHAB,ITI2,2004,56.331
A,P_MHAB,ITI2,2005,53.722
A,P_MHAB,ITI2,2006,47.102
A,P_MHAB,ITI2,2007,59.067
A,P_MHAB,ITI2,2008,51.111
A,P_MHAB,ITI2,2009,32.013
A,P_MHAB,ITI2,2010,37.98
A,P_MHAB,ITI2,2011,37.782
A,P_MHAB,ITI2,2012,33.355
A,P_MHAB,ITI21,1990,20.495
A,P_MHAB,ITI21,1991,11.369
A,P_MHAB,ITI21,1992,18.269
A,P_MHAB,ITI21,2001,36.673
A,P_MHAB,ITI21,2002,39.872
A,P_MHAB,ITI21,2003,46.628
A,P_MHAB,ITI21,2004,74.676
A,P_MHAB,ITI21,2005,67.714
A,P_MHAB,ITI21,2006,55.836
A,P_MHAB,ITI21,2007,76.763
A,P_MHAB,ITI21,2008,63.792
A,P_MHAB,ITI21,2009,34.895
A,P_MHAB,ITI21,2010,47.502
A,P_MHAB,ITI21,2011,46.945
A,P_MHAB,ITI21,2012,38.977
A,P_MHAB,ITI22,1990,24.293
A,P_MHAB,ITI22,1991,3.004
A,P_MHAB,ITI22,1992,23.895
A,P_MHAB,ITI22,2001,30.328
A,P_MHAB,ITI22,2002,27.679
A,P_MHAB,ITI22,2003,18.642
A,P_MHAB,ITI22,2004,5.183
A,P_MHAB,ITI22,2005,14.488
A,P_MHAB,ITI22,2006,22.527
A,P_MHAB,ITI22,2007,9.031
A,P_MHAB,ITI22,2008,15.126
A,P_MHAB,ITI22,2009,23.814
A,P_MHAB,ITI22,2010,10.812
A,P_MHAB,ITI22,2011,11.529
A,P_MHAB,ITI22,2012,17.221
A,P_MHAB,ITI3,2001,51.383
A,P_MHAB,ITI3,2002,58.71
A,P_MHAB,ITI3,2003,54.025
A,P_MHAB,ITI3,2004,57.199
A,P_MHAB,ITI3,2005,70.835
A,P_MHAB,ITI3,2006,77.78
A,P_MHAB,ITI3,2007,91.412
A,P_MHAB,ITI3,2008,79.645
A,P_MHAB,ITI3,2009,92.195
A,P_MHAB,ITI3,2010,89.348
A,P_MHAB,ITI3,2011,77.408
A,P_MHAB,ITI3,2012,58.565
A,P_MHAB,ITI31,2001,55.442
A,P_MHAB,ITI31,2002,93.707
A,P_MHAB,ITI31,2003,49.002
A,P_MHAB,ITI31,2004,53.232
A,P_MHAB,ITI31,2005,72.648
A,P_MHAB,ITI31,2006,89.268
A,P_MHAB,ITI31,2007,79.085
A,P_MHAB,ITI31,2008,82.325
A,P_MHAB,ITI31,2009,101.561
A,P_MHAB,ITI31,2010,80.825
A,P_MHAB,ITI31,2011,70.846
A,P_MHAB,ITI31,2012,58.372
A,P_MHAB,ITI32,1990,46.339
A,P_MHAB,ITI32,1991,36.654
A,P_MHAB,ITI32,1992,32.029
A,P_MHAB,ITI32,2001,58.958
A,P_MHAB,ITI32,2002,58.498
A,P_MHAB,ITI32,2003,79.504
A,P_MHAB,ITI32,2004,64.719
A,P_MHAB,ITI32,2005,86.534
A,P_MHAB,ITI32,2006,102.154
A,P_MHAB,ITI32,2007,131.301
A,P_MHAB,ITI32,2008,109.912
A,P_MHAB,ITI32,2009,141.806
A,P_MHAB,ITI32,2010,147.558
A,P_MHAB,ITI32,2011,122.521
A,P_MHAB,ITI32,2012,94.375
A,P_MHAB,ITI33,1990,15.676
A,P_MHAB,ITI33,1991,35.605
A,P_MHAB,ITI33,1992,16.088
A,P_MHAB,ITI33,2001,51.5
A,P_MHAB,ITI33,2002,47.814
A,P_MHAB,ITI33,2003,61.078
A,P_MHAB,ITI33,2004,82.201
A,P_MHAB,ITI33,2005,93.263
A,P_MHAB,ITI33,2006,75.18
A,P_MHAB,ITI33,2007,94.624
A,P_MHAB,ITI33,2008,62.46
A,P_MHAB,ITI33,2009,53.611
A,P_MHAB,ITI33,2010,63.199
A,P_MHAB,ITI33,2011,43.626
A,P_MHAB,ITI33,2012,35.068
A,P_MHAB,ITI34,2001,39.511
A,P_MHAB,ITI34,2002,49.526
A,P_MHAB,ITI34,2003,9.505
A,P_MHAB,ITI34,2004,25.933
A,P_MHAB,ITI34,2005,30.909
A,P_MHAB,ITI34,2006,43.37
A,P_MHAB,ITI34,2007,60.56
A,P_MHAB,ITI34,2008,59.395
A,P_MHAB,ITI34,2009,31.656
A,P_MHAB,ITI34,2010,41.056
A,P_MHAB,ITI34,2011,47.68
A,P_MHAB,ITI34,2012,32.924
A,P_MHAB,ITI35,2001,37.211
A,P_MHAB,ITI35,2002,20.029
A,P_MHAB,ITI35,2003,36.875
A,P_MHAB,ITI35,2004,37.471
A,P_MHAB,ITI35,2005,32.436
A,P_MHAB,ITI35,2006,35.102
A,P_MHAB,ITI35,2007,40.29
A,P_MHAB,ITI35,2008,48.236
A,P_MHAB,ITI35,2009,82.278
A,P_MHAB,ITI35,2010,55.798
A,P_MHAB,ITI35,2011,66.502
A,P_MHAB,ITI35,2012,35.752
A,P_MHAB,ITI4,1990,26.413
A,P_MHAB,ITI4,1991,29.305
A,P_MHAB,ITI4,1992,24.158
A,P_MHAB,ITI4,2000,40.453
A,P_MHAB,ITI4,2001,39.216
A,P_MHAB,ITI4,2002,35.382
A,P_MHAB,ITI4,2003,41.878
A,P_MHAB,ITI4,2004,41.064
A,P_MHAB,ITI4,2005,46.301
A,P_MHAB,ITI4,2006,44.241
A,P_MHAB,ITI4,2007,41.094
A,P_MHAB,ITI4,2008,42.951
A,P_MHAB,ITI4,2009,31.76
A,P_MHAB,ITI4,2010,41.713
A,P_MHAB,ITI4,2011,39.428
A,P_MHAB,ITI4,2012,23.593
A,P_MHAB,ITI41,1990,6.039
A,P_MHAB,ITI41,1991,1.798
A,P_MHAB,ITI41,1992,5.375
A,P_MHAB,ITI41,2001,18.356
A,P_MHAB,ITI41,2002,22.489
A,P_MHAB,ITI41,2003,14.471
A,P_MHAB,ITI41,2004,17.026
A,P_MHAB,ITI41,2005,19.678
A,P_MHAB,ITI41,2006,15.091
A,P_MHAB,ITI41,2007,0.434
A,P_MHAB,ITI41,2008,22.602
A,P_MHAB,ITI41,2009,11.51
A,P_MHAB,ITI41,2010,17.69
A,P_MHAB,ITI41,2011,8.108
A,P_MHAB,ITI41,2012,10.138
A,P_MHAB,ITI42,1990,14.405
A,P_MHAB,ITI42,1991,5.73
A,P_MHAB,ITI42,1992,7.444
A,P_MHAB,ITI42,2001,21.52
A,P_MHAB,ITI42,2002,20.333
A,P_MHAB,ITI42,2003,13.514
A,P_MHAB,ITI42,2004,20.128
A,P_MHAB,ITI42,2005,25.52
A,P_MHAB,ITI42,2006,6.617
A,P_MHAB,ITI42,2007,13.727
A,P_MHAB,ITI42,2008,9.469
A,P_MHAB,ITI42,2009,6.448
A,P_MHAB,ITI42,2010,41.726
A,P_MHAB,ITI42,2011,27.84
A,P_MHAB,ITI42,2012,10.522
A,P_MHAB,ITI43,1990,32.742
A,P_MHAB,ITI43,1991,36.828
A,P_MHAB,ITI43,1992,29.555
A,P_MHAB,ITI43,2001,45.406
A,P_MHAB,ITI43,2002,39.708
A,P_MHAB,ITI43,2003,49.155
A,P_MHAB,ITI43,2004,49.153
A,P_MHAB,ITI43,2005,53.252
A,P_MHAB,ITI43,2006,52.035
A,P_MHAB,ITI43,2007,50.997
A,P_MHAB,ITI43,2008,51.778
A,P_MHAB,ITI43,2009,38.83
A,P_MHAB,ITI43,2010,48.775
A,P_MHAB,ITI43,2011,48.108
A,P_MHAB,ITI43,2012,29.049
A,P_MHAB,ITI44,1990,9.965
A,P_MHAB,ITI44,1991,7.044
A,P_MHAB,ITI44,1992,11.353
A,P_MHAB,ITI44,2001,28.334
A,P_MHAB,ITI44,2002,18.694
A,P_MHAB,ITI44,2003,26.627
A,P_MHAB,ITI44,2004,19.265
A,P_MHAB,ITI44,2005,28.215
A,P_MHAB,ITI44,2006,25.955
A,P_MHAB,ITI44,2007,16.673
A,P_MHAB,ITI44,2008,19.219
A,P_MHAB,ITI44,2009,11.91
A,P_MHAB,ITI44,2010,18.859
A,P_MHAB,ITI44,2011,17.041
A,P_MHAB,ITI44,2012,6.919
A,P_MHAB,ITI45,1990,8.233
A,P_MHAB,ITI45,1991,15.331
A,P_MHAB,ITI45,1992,10.567
A,P_MHAB,ITI45,2001,20.704
A,P_MHAB,ITI45,2002,31.513
A,P_MHAB,ITI45,2003,26.733
A,P_MHAB,ITI45,2004,22.188
A,P_MHAB,ITI45,2005,33.786
A,P_MHAB,ITI45,2006,32.194
A,P_MHAB,ITI45,2007,22.72
A,P_MHAB,ITI45,2008,21.735
A,P_MHAB,ITI45,2009,17.74
A,P_MHAB,ITI45,2010,25.278
A,P_MHAB,ITI45,2011,17.436
A,P_MHAB,ITI45,2012,10.461
A,P_MHAB,LT00,2000,1.264
A,P_MHAB,LT00,2001,0.903
A,P_MHAB,LT00,2002,0.77
A,P_MHAB,LT00,2003,4.91
A,P_MHAB,LT00,2004,3.272
A,P_MHAB,LT00,2005,2.623
A,P_MHAB,LT00,2006,2.939
A,P_MHAB,LT00,2007,3.015
A,P_MHAB,LT00,2008,5.173
A,P_MHAB,LT00,2009,2.61
A,P_MHAB,LT00,2010,5.061
A,P_MHAB,LT00,2011,5.847
A,P_MHAB,LT00,2012,8.653
A,P_MHAB,LT001,2010,6.067
A,P_MHAB,LT001,2012,6.452
A,P_MHAB,LT002,2000,1.411
A,P_MHAB,LT002,2002,0.791
A,P_MHAB,LT002,2003,11.177
A,P_MHAB,LT002,2004,7.36
A,P_MHAB,LT002,2005,3.84
A,P_MHAB,LT002,2006,2.279
A,P_MHAB,LT002,2007,4.305
A,P_MHAB,LT002,2008,5.44
A,P_MHAB,LT002,2009,4.699
A,P_MHAB,LT002,2010,3.493
A,P_MHAB,LT002,2011,2.786
A,P_MHAB,LT002,2012,4.353
A,P_MHAB,LT003,2004,0.265
A,P_MHAB,LT003,2010,4.282
A,P_MHAB,LT003,2011,8.822
A,P_MHAB,LT003,2012,2.987
A,P_MHAB,LT004,2009,0.647
A,P_MHAB,LT004,2011,3.083
A,P_MHAB,LT004,2012,6.279
A,P_MHAB,LT005,2007,1.206
A,P_MHAB,LT005,2008,3.72
A,P_MHAB,LT005,2010,3.855
A,P_MHAB,LT005,2011,3.978
A,P_MHAB,LT005,2012,1.583
A,P_MHAB,LT006,2005,1.909
A,P_MHAB,LT006,2009,0.619
A,P_MHAB,LT006,2010,3.162
A,P_MHAB,LT006,2011,4.949
A,P_MHAB,LT006,2012,4.496
A,P_MHAB,LT007,2002,7.52
A,P_MHAB,LT008,2008,6.156
A,P_MHAB,LT009,2010,1.27
A,P_MHAB,LT009,2012,6.711
A,P_MHAB,LT00A,2000,4.019
A,P_MHAB,LT00A,2001,3.703
A,P_MHAB,LT00A,2002,1.313
A,P_MHAB,LT00A,2003,10.838
A,P_MHAB,LT00A,2004,7.14
A,P_MHAB,LT00A,2005,6.619
A,P_MHAB,LT00A,2006,9.829
A,P_MHAB,LT00A,2007,8.042
A,P_MHAB,LT00A,2008,13.457
A,P_MHAB,LT00A,2009,6.05
A,P_MHAB,LT00A,2010,10.92
A,P_MHAB,LT00A,2011,12.507
A,P_MHAB,LT00A,2012,21.901
A,P_MHAB,LU00,1990,107.646
A,P_MHAB,LU00,1991,73.413
A,P_MHAB,LU00,1992,61.525
A,P_MHAB,LU00,1993,87.296
A,P_MHAB,LU00,1994,52.499
A,P_MHAB,LU00,1995,70.948
A,P_MHAB,LU00,1996,100.121
A,P_MHAB,LU00,1997,121.602
A,P_MHAB,LU00,1998,175.88
A,P_MHAB,LU00,1999,146.203
A,P_MHAB,LU00,2000,183.233
A,P_MHAB,LU00,2001,163.964
A,P_MHAB,LU00,2002,136.741
A,P_MHAB,LU00,2003,194.446
A,P_MHAB,LU00,2004,250.286
A,P_MHAB,LU00,2005,210.112
A,P_MHAB,LU00,2006,225.886
A,P_MHAB,LU00,2007,152.146
A,P_MHAB,LU00,2008,189.976
A,P_MHAB,LU00,2009,151.834
A,P_MHAB,LU00,2010,151.633
A,P_MHAB,LU00,2011,136.078
A,P_MHAB,LU00,2012,110.221
A,P_MHAB,LU000,1990,107.646
A,P_MHAB,LU000,1991,73.413
A,P_MHAB,LU000,1992,61.525
A,P_MHAB,LU000,1993,87.296
A,P_MHAB,LU000,1994,52.499
A,P_MHAB,LU000,1995,70.948
A,P_MHAB,LU000,1996,100.121
A,P_MHAB,LU000,1997,121.602
A,P_MHAB,LU000,1998,175.88
A,P_MHAB,LU000,1999,146.203
A,P_MHAB,LU000,2000,183.233
A,P_MHAB,LU000,2001,163.964
A,P_MHAB,LU000,2002,136.741
A,P_MHAB,LU000,2003,194.446
A,P_MHAB,LU000,2004,250.286
A,P_MHAB,LU000,2005,210.112
A,P_MHAB,LU000,2006,225.886
A,P_MHAB,LU000,2007,152.146
A,P_MHAB,LU000,2008,189.976
A,P_MHAB,LU000,2009,151.834
A,P_MHAB,LU000,2010,151.633
A,P_MHAB,LU000,2011,136.078
A,P_MHAB,LU000,2012,110.221
A,P_MHAB,LV00,2000,3.871
A,P_MHAB,LV00,2001,2.18
A,P_MHAB,LV00,2002,2.943
A,P_MHAB,LV00,2003,3.092
A,P_MHAB,LV00,2004,4.314
A,P_MHAB,LV00,2005,7.921
A,P_MHAB,LV00,2006,7.375
A,P_MHAB,LV00,2007,7.094
A,P_MHAB,LV00,2008,10.056
A,P_MHAB,LV00,2009,8.572
A,P_MHAB,LV00,2010,7.442
A,P_MHAB,LV00,2011,8.561
A,P_MHAB,LV00,2012,12.016
A,P_MHAB,LV003,2003,0.549
A,P_MHAB,LV003,2006,0.604
A,P_MHAB,LV003,2008,3.337
A,P_MHAB,LV003,2010,0.895
A,P_MHAB,LV003,2012,7.019
A,P_MHAB,LV005,2005,2.841
A,P_MHAB,LV005,2006,2.901
A,P_MHAB,LV005,2010,1.051
A,P_MHAB,LV005,2011,0.361
A,P_MHAB,LV005,2012,1.107
A,P_MHAB,LV006,2001,5.644
A,P_MHAB,LV006,2002,8.408
A,P_MHAB,LV006,2003,6.048
A,P_MHAB,LV006,2004,7.76
A,P_MHAB,LV006,2005,18.813
A,P_MHAB,LV006,2006,13.713
A,P_MHAB,LV006,2007,19.215
A,P_MHAB,LV006,2008,25.17
A,P_MHAB,LV006,2009,20.482
A,P_MHAB,LV006,2010,19.453
A,P_MHAB,LV006,2011,15.301
A,P_MHAB,LV006,2012,26.991
A,P_MHAB,LV007,2001,2.447
A,P_MHAB,LV007,2002,1.724
A,P_MHAB,LV007,2003,7.0
A,P_MHAB,LV007,2004,11.037
A,P_MHAB,LV007,2005,8.999
A,P_MHAB,LV007,2006,15.175
A,P_MHAB,LV007,2007,5.882
A,P_MHAB,LV007,2008,5.875
A,P_MHAB,LV007,2009,7.289
A,P_MHAB,LV007,2010,4.948
A,P_MHAB,LV007,2011,13.685
A,P_MHAB,LV007,2012,10.942
A,P_MHAB,LV008,2005,0.584
A,P_MHAB,LV008,2008,1.445
A,P_MHAB,LV008,2012,1.581
A,P_MHAB,LV009,2004,0.708
A,P_MHAB,LV009,2008,3.688
A,P_MHAB,LV009,2009,6.462
A,P_MHAB,LV009,2010,0.956
A,P_MHAB,LV009,2011,9.682
A,P_MHAB,LV009,2012,1.75
A,P_MHAB,MT00,1991,11.239
A,P_MHAB,MT00,1992,11.125
A,P_MHAB,MT00,1993,2.755
A,P_MHAB,MT00,1995,2.707
A,P_MHAB,MT00,1996,5.385
A,P_MHAB,MT00,1997,5.348
A,P_MHAB,MT00,1998,10.624
A,P_MHAB,MT00,1999,13.209
A,P_MHAB,MT00,2000,11.836
A,P_MHAB,MT00,2001,10.092
A,P_MHAB,MT00,2002,10.136
A,P_MHAB,MT00,2003,8.18
A,P_MHAB,MT00,2004,15.005
A,P_MHAB,MT00,2005,27.939
A,P_MHAB,MT00,2006,16.914
A,P_MHAB,MT00,2007,12.327
A,P_MHAB,MT00,2008,7.356
A,P_MHAB,MT00,2009,15.258
A,P_MHAB,MT00,2010,8.454
A,P_MHAB,MT00,2012,9.58
A,P_MHAB,MT001,2001,10.941
A,P_MHAB,MT001,2002,10.995
A,P_MHAB,MT001,2003,8.879
A,P_MHAB,MT001,2004,13.578
A,P_MHAB,MT001,2005,29.215
A,P_MHAB,MT001,2006,18.316
A,P_MHAB,MT001,2007,12.011
A,P_MHAB,MT001,2008,7.962
A,P_MHAB,MT001,2009,16.511
A,P_MHAB,MT001,2010,9.145
A,P_MHAB,MT001,2012,10.359
A,P_MHAB,MT002,2004,31.629
A,P_MHAB,MT002,2005,13.14
A,P_MHAB,MT002,2007,16.148
A,P_MHAB,NL11,2000,80.868
A,P_MHAB,NL11,2001,75.041
A,P_MHAB,NL11,2002,97.322
A,P_MHAB,NL11,2003,84.398
A,P_MHAB,NL11,2004,73.487
A,P_MHAB,NL11,2005,66.913
A,P_MHAB,NL11,2006,91.073
A,P_MHAB,NL11,2007,91.752
A,P_MHAB,NL11,2008,99.868
A,P_MHAB,NL11,2009,89.655
A,P_MHAB,NL11,2010,69.277
A,P_MHAB,NL11,2011,80.651
A,P_MHAB,NL11,2012,37.598
A,P_MHAB,NL111,2003,56.262
A,P_MHAB,NL111,2004,64.226
A,P_MHAB,NL111,2005,57.37
A,P_MHAB,NL111,2006,45.495
A,P_MHAB,NL111,2007,29.452
A,P_MHAB,NL111,2008,80.555
A,P_MHAB,NL111,2009,42.715
A,P_MHAB,NL111,2010,28.486
A,P_MHAB,NL111,2011,71.735
A,P_MHAB,NL111,2012,26.528
A,P_MHAB,NL112,2003,47.156
A,P_MHAB,NL112,2004,30.219
A,P_MHAB,NL112,2005,19.262
A,P_MHAB,NL112,2006,112.292
A,P_MHAB,NL112,2008,84.751
A,P_MHAB,NL112,2009,24.291
A,P_MHAB,NL112,2010,2.85
A,P_MHAB,NL112,2011,99.115
A,P_MHAB,NL112,2012,44.537
A,P_MHAB,NL113,2003,101.648
A,P_MHAB,NL113,2004,83.513
A,P_MHAB,NL113,2005,77.564
A,P_MHAB,NL113,2006,107.209
A,P_MHAB,NL113,2007,130.261
A,P_MHAB,NL113,2008,109.899
A,P_MHAB,NL113,2009,117.497
A,P_MHAB,NL113,2010,94.449
A,P_MHAB,NL113,2011,81.851
A,P_MHAB,NL113,2012,41.089
A,P_MHAB,NL12,2000,49.64
A,P_MHAB,NL12,2001,52.939
A,P_MHAB,NL12,2002,43.902
A,P_MHAB,NL12,2003,54.237
A,P_MHAB,NL12,2004,60.664
A,P_MHAB,NL12,2005,57.654
A,P_MHAB,NL12,2006,51.212
A,P_MHAB,NL12,2007,52.631
A,P_MHAB,NL12,2008,71.394
A,P_MHAB,NL12,2009,62.313
A,P_MHAB,NL12,2010,68.203
A,P_MHAB,NL12,2011,60.36
A,P_MHAB,NL12,2012,37.391
A,P_MHAB,NL121,2003,30.286
A,P_MHAB,NL121,2004,55.194
A,P_MHAB,NL121,2005,46.679
A,P_MHAB,NL121,2006,49.285
A,P_MHAB,NL121,2007,46.949
A,P_MHAB,NL121,2008,76.338
A,P_MHAB,NL121,2009,46.251
A,P_MHAB,NL121,2010,80.32
A,P_MHAB,NL121,2011,54.644
A,P_MHAB,NL121,2012,35.072
A,P_MHAB,NL122,2003,135.903
A,P_MHAB,NL122,2004,54.016
A,P_MHAB,NL122,2005,62.125
A,P_MHAB,NL122,2006,41.154
A,P_MHAB,NL122,2007,39.588
A,P_MHAB,NL122,2008,77.394
A,P_MHAB,NL122,2009,76.464
A,P_MHAB,NL122,2010,43.984
A,P_MHAB,NL122,2011,84.955
A,P_MHAB,NL122,2012,69.272
A,P_MHAB,NL123,2003,51.038
A,P_MHAB,NL123,2004,72.851
A,P_MHAB,NL123,2005,72.975
A,P_MHAB,NL123,2006,59.452
A,P_MHAB,NL123,2007,68.417
A,P_MHAB,NL123,2008,60.427
A,P_MHAB,NL123,2009,80.702
A,P_MHAB,NL123,2010,61.274
A,P_MHAB,NL123,2011,56.942
A,P_MHAB,NL123,2012,24.846
A,P_MHAB,NL13,2000,85.184
A,P_MHAB,NL13,2001,56.143
A,P_MHAB,NL13,2002,70.071
A,P_MHAB,NL13,2003,83.594
A,P_MHAB,NL13,2004,93.695
A,P_MHAB,NL13,2005,60.471
A,P_MHAB,NL13,2006,90.736
A,P_MHAB,NL13,2007,77.191
A,P_MHAB,NL13,2008,82.498
A,P_MHAB,NL13,2009,74.114
A,P_MHAB,NL13,2010,58.801
A,P_MHAB,NL13,2011,42.388
A,P_MHAB,NL13,2012,43.928
A,P_MHAB,NL131,2003,78.305
A,P_MHAB,NL131,2004,90.514
A,P_MHAB,NL131,2005,72.509
A,P_MHAB,NL131,2006,82.327
A,P_MHAB,NL131,2007,67.66
A,P_MHAB,NL131,2008,59.766
A,P_MHAB,NL131,2009,69.132
A,P_MHAB,NL131,2010,51.111
A,P_MHAB,NL131,2011,43.891
A,P_MHAB,NL131,2012,49.943
A,P_MHAB,NL132,2003,88.897
A,P_MHAB,NL132,2004,89.45
A,P_MHAB,NL132,2005,87.587
A,P_MHAB,NL132,2006,114.777
A,P_MHAB,NL132,2007,92.014
A,P_MHAB,NL132,2008,125.945
A,P_MHAB,NL132,2009,78.727
A,P_MHAB,NL132,2010,75.255
A,P_MHAB,NL132,2011,42.799
A,P_MHAB,NL132,2012,45.434
A,P_MHAB,NL133,2003,84.117
A,P_MHAB,NL133,2004,104.009
A,P_MHAB,NL133,2005,6.522
A,P_MHAB,NL133,2006,70.695
A,P_MHAB,NL133,2007,71.207
A,P_MHAB,NL133,2008,57.801
A,P_MHAB,NL133,2009,75.276
A,P_MHAB,NL133,2010,48.27
A,P_MHAB,NL133,2011,39.66
A,P_MHAB,NL133,2012,33.202
A,P_MHAB,NL21,2000,101.139
A,P_MHAB,NL21,2001,98.336
A,P_MHAB,NL21,2002,85.738
A,P_MHAB,NL21,2003,71.12
A,P_MHAB,NL21,2004,110.492
A,P_MHAB,NL21,2005,120.485
A,P_MHAB,NL21,2006,113.63
A,P_MHAB,NL21,2007,134.901
A,P_MHAB,NL21,2008,134.438
A,P_MHAB,NL21,2009,151.444
A,P_MHAB,NL21,2010,136.728
A,P_MHAB,NL21,2011,129.938
A,P_MHAB,NL21,2012,101.69
A,P_MHAB,NL211,2003,37.149
A,P_MHAB,NL211,2004,88.359
A,P_MHAB,NL211,2005,68.351
A,P_MHAB,NL211,2006,81.09
A,P_MHAB,NL211,2007,126.782
A,P_MHAB,NL211,2008,110.537
A,P_MHAB,NL211,2009,94.408
A,P_MHAB,NL211,2010,101.199
A,P_MHAB,NL211,2011,96.614
A,P_MHAB,NL211,2012,77.063
A,P_MHAB,NL212,2003,86.193
A,P_MHAB,NL212,2004,57.787
A,P_MHAB,NL212,2005,113.739
A,P_MHAB,NL212,2006,102.287
A,P_MHAB,NL212,2007,66.444
A,P_MHAB,NL212,2008,99.007
A,P_MHAB,NL212,2009,130.365
A,P_MHAB,NL212,2010,101.074
A,P_MHAB,NL212,2011,79.777
A,P_MHAB,NL212,2012,66.761
A,P_MHAB,NL213,2003,86.345
A,P_MHAB,NL213,2004,135.527
A,P_MHAB,NL213,2005,151.081
A,P_MHAB,NL213,2006,134.584
A,P_MHAB,NL213,2007,156.206
A,P_MHAB,NL213,2008,156.609
A,P_MHAB,NL213,2009,188.897
A,P_MHAB,NL213,2010,165.664
A,P_MHAB,NL213,2011,161.183
A,P_MHAB,NL213,2012,124.293
A,P_MHAB,NL22,2000,126.832
A,P_MHAB,NL22,2001,119.769
A,P_MHAB,NL22,2002,113.321
A,P_MHAB,NL22,2003,118.23
A,P_MHAB,NL22,2004,151.195
A,P_MHAB,NL22,2005,150.445
A,P_MHAB,NL22,2006,148.362
A,P_MHAB,NL22,2007,130.436
A,P_MHAB,NL22,2008,132.922
A,P_MHAB,NL22,2009,133.095
A,P_MHAB,NL22,2010,136.323
A,P_MHAB,NL22,2011,130.585
A,P_MHAB,NL22,2012,96.666
A,P_MHAB,NL221,2003,125.305
A,P_MHAB,NL221,2004,183.62
A,P_MHAB,NL221,2005,174.64
A,P_MHAB,NL221,2006,183.287
A,P_MHAB,NL221,2007,168.402
A,P_MHAB,NL221,2008,133.412
A,P_MHAB,NL221,2009,135.393
A,P_MHAB,NL221,2010,154.569
A,P_MHAB,NL221,2011,139.174
A,P_MHAB,NL221,2012,96.235
A,P_MHAB,NL224,2003,52.691
A,P_MHAB,NL224,2004,133.505
A,P_MHAB,NL224,2005,111.926
A,P_MHAB,NL224,2006,132.446
A,P_MHAB,NL224,2007,76.014
A,P_MHAB,NL224,2008,108.312
A,P_MHAB,NL224,2009,99.253
A,P_MHAB,NL224,2010,75.138
A,P_MHAB,NL224,2011,135.511
A,P_MHAB,NL224,2012,102.414
A,P_MHAB,NL225,2003,150.109
A,P_MHAB,NL225,2004,158.23
A,P_MHAB,NL225,2005,140.323
A,P_MHAB,NL225,2006,134.55
A,P_MHAB,NL225,2007,126.727
A,P_MHAB,NL225,2008,131.718
A,P_MHAB,NL225,2009,141.174
A,P_MHAB,NL225,2010,130.482
A,P_MHAB,NL225,2011,97.178
A,P_MHAB,NL225,2012,122.373
A,P_MHAB,NL226,2003,115.824
A,P_MHAB,NL226,2004,123.737
A,P_MHAB,NL226,2005,146.761
A,P_MHAB,NL226,2006,129.26
A,P_MHAB,NL226,2007,115.569
A,P_MHAB,NL226,2008,141.378
A,P_MHAB,NL226,2009,137.612
A,P_MHAB,NL226,2010,143.075
A,P_MHAB,NL226,2011,139.892
A,P_MHAB,NL226,2012,80.709
A,P_MHAB,NL23,2000,91.013
A,P_MHAB,NL23,2001,71.047
A,P_MHAB,NL23,2002,58.118
A,P_MHAB,NL23,2003,64.263
A,P_MHAB,NL23,2004,72.158
A,P_MHAB,NL23,2005,56.361
A,P_MHAB,NL23,2006,63.32
A,P_MHAB,NL23,2007,76.117
A,P_MHAB,NL23,2008,62.426
A,P_MHAB,NL23,2009,45.638
A,P_MHAB,NL23,2010,49.242
A,P_MHAB,NL23,2011,43.601
A,P_MHAB,NL23,2012,64.598
A,P_MHAB,NL230,2000,91.013
A,P_MHAB,NL230,2001,71.047
A,P_MHAB,NL230,2002,58.118
A,P_MHAB,NL230,2003,64.263
A,P_MHAB,NL230,2004,72.158
A,P_MHAB,NL230,2005,56.361
A,P_MHAB,NL230,2006,63.32
A,P_MHAB,NL230,2007,76.117
A,P_MHAB,NL230,2008,62.426
A,P_MHAB,NL230,2009,45.638
A,P_MHAB,NL230,2010,49.242
A,P_MHAB,NL230,2011,43.601
A,P_MHAB,NL230,2012,64.598
A,P_MHAB,NL31,2000,156.411
A,P_MHAB,NL31,2001,136.798
A,P_MHAB,NL31,2002,150.756
A,P_MHAB,NL31,2003,147.151
A,P_MHAB,NL31,2004,156.007
A,P_MHAB,NL31,2005,175.584
A,P_MHAB,NL31,2006,180.121
A,P_MHAB,NL31,2007,177.263
A,P_MHAB,NL31,2008,166.196
A,P_MHAB,NL31,2009,167.458
A,P_MHAB,NL31,2010,155.073
A,P_MHAB,NL31,2011,101.994
A,P_MHAB,NL31,2012,105.002
A,P_MHAB,NL310,2000,156.411
A,P_MHAB,NL310,2001,136.798
A,P_MHAB,NL310,2002,150.756
A,P_MHAB,NL310,2003,147.151
A,P_MHAB,NL310,2004,156.007
A,P_MHAB,NL310,2005,175.584
A,P_MHAB,NL310,2006,180.121
A,P_MHAB,NL310,2007,177.263
A,P_MHAB,NL310,2008,166.196
A,P_MHAB,NL310,2009,167.458
A,P_MHAB,NL310,2010,155.073
A,P_MHAB,NL310,2011,101.994
A,P_MHAB,NL310,2012,105.002
A,P_MHAB,NL32,2000,119.665
A,P_MHAB,NL32,2001,100.13
A,P_MHAB,NL32,2002,110.835
A,P_MHAB,NL32,2003,109.548
A,P_MHAB,NL32,2004,130.412
A,P_MHAB,NL32,2005,104.698
A,P_MHAB,NL32,2006,140.744
A,P_MHAB,NL32,2007,138.626
A,P_MHAB,NL32,2008,116.082
A,P_MHAB,NL32,2009,115.57
A,P_MHAB,NL32,2010,108.322
A,P_MHAB,NL32,2011,120.391
A,P_MHAB,NL32,2012,81.33
A,P_MHAB,NL321,2003,50.972
A,P_MHAB,NL321,2004,68.757
A,P_MHAB,NL321,2005,71.343
A,P_MHAB,NL321,2006,75.728
A,P_MHAB,NL321,2007,85.372
A,P_MHAB,NL321,2008,48.45
A,P_MHAB,NL321,2009,77.626
A,P_MHAB,NL321,2010,47.247
A,P_MHAB,NL321,2011,69.049
A,P_MHAB,NL321,2012,47.525
A,P_MHAB,NL322,2003,84.98
A,P_MHAB,NL322,2004,125.858
A,P_MHAB,NL322,2005,96.765
A,P_MHAB,NL322,2006,126.558
A,P_MHAB,NL322,2007,73.788
A,P_MHAB,NL322,2008,114.26
A,P_MHAB,NL322,2009,98.965
A,P_MHAB,NL322,2010,85.966
A,P_MHAB,NL322,2011,94.638
A,P_MHAB,NL322,2012,43.048
A,P_MHAB,NL323,2003,45.344
A,P_MHAB,NL323,2004,81.168
A,P_MHAB,NL323,2005,50.615
A,P_MHAB,NL323,2006,120.319
A,P_MHAB,NL323,2007,71.278
A,P_MHAB,NL323,2008,61.989
A,P_MHAB,NL323,2009,90.928
A,P_MHAB,NL323,2010,125.151
A,P_MHAB,NL323,2011,237.307
A,P_MHAB,NL323,2012,154.617
A,P_MHAB,NL324,2003,90.117
A,P_MHAB,NL324,2004,152.915
A,P_MHAB,NL324,2005,133.445
A,P_MHAB,NL324,2006,119.681
A,P_MHAB,NL324,2007,122.346
A,P_MHAB,NL324,2008,128.056
A,P_MHAB,NL324,2009,67.989
A,P_MHAB,NL324,2010,88.443
A,P_MHAB,NL324,2011,75.406
A,P_MHAB,NL324,2012,60.295
A,P_MHAB,NL325,2003,114.535
A,P_MHAB,NL325,2004,93.61
A,P_MHAB,NL325,2005,70.799
A,P_MHAB,NL325,2006,84.58
A,P_MHAB,NL325,2007,176.462
A,P_MHAB,NL325,2008,47.933
A,P_MHAB,NL325,2009,58.704
A,P_MHAB,NL325,2010,95.661
A,P_MHAB,NL325,2011,52.107
A,P_MHAB,NL325,2012,58.332
A,P_MHAB,NL326,2003,137.656
A,P_MHAB,NL326,2004,138.168
A,P_MHAB,NL326,2005,117.365
A,P_MHAB,NL326,2006,154.282
A,P_MHAB,NL326,2007,158.875
A,P_MHAB,NL326,2008,147.075
A,P_MHAB,NL326,2009,149.59
A,P_MHAB,NL326,2010,127.928
A,P_MHAB,NL326,2011,140.554
A,P_MHAB,NL326,2012,95.23
A,P_MHAB,NL327,2003,146.165
A,P_MHAB,NL327,2004,230.533
A,P_MHAB,NL327,2005,137.323
A,P_MHAB,NL327,2006,255.732
A,P_MHAB,NL327,2007,221.453
A,P_MHAB,NL327,2008,140.162
A,P_MHAB,NL327,2009,115.33
A,P_MHAB,NL327,2010,134.578
A,P_MHAB,NL327,2011,111.911
A,P_MHAB,NL327,2012,72.926
A,P_MHAB,NL33,2000,127.39
A,P_MHAB,NL33,2001,122.057
A,P_MHAB,NL33,2002,128.77
A,P_MHAB,NL33,2003,135.87
A,P_MHAB,NL33,2004,129.003
A,P_MHAB,NL33,2005,142.289
A,P_MHAB,NL33,2006,147.831
A,P_MHAB,NL33,2007,151.975
A,P_MHAB,NL33,2008,163.06
A,P_MHAB,NL33,2009,151.679
A,P_MHAB,NL33,2010,139.08
A,P_MHAB,NL33,2011,139.775
A,P_MHAB,NL33,2012,121.915
A,P_MHAB,NL332,2003,135.158
A,P_MHAB,NL332,2004,115.39
A,P_MHAB,NL332,2005,163.306
A,P_MHAB,NL332,2006,162.064
A,P_MHAB,NL332,2007,168.135
A,P_MHAB,NL332,2008,198.737
A,P_MHAB,NL332,2009,198.058
A,P_MHAB,NL332,2010,148.49
A,P_MHAB,NL332,2011,97.577
A,P_MHAB,NL332,2012,80.242
A,P_MHAB,NL333,2003,291.07
A,P_MHAB,NL333,2004,287.972
A,P_MHAB,NL333,2005,312.894
A,P_MHAB,NL333,2006,358.022
A,P_MHAB,NL333,2007,409.474
A,P_MHAB,NL333,2008,515.879
A,P_MHAB,NL333,2009,401.075
A,P_MHAB,NL333,2010,546.819
A,P_MHAB,NL333,2011,774.789
A,P_MHAB,NL333,2012,648.255
A,P_MHAB,NL337,2003,142.891
A,P_MHAB,NL337,2004,209.787
A,P_MHAB,NL337,2005,136.942
A,P_MHAB,NL337,2006,177.244
A,P_MHAB,NL337,2007,147.911
A,P_MHAB,NL337,2008,175.575
A,P_MHAB,NL337,2009,201.033
A,P_MHAB,NL337,2010,158.35
A,P_MHAB,NL337,2011,148.66
A,P_MHAB,NL337,2012,106.055
A,P_MHAB,NL338,2003,138.685
A,P_MHAB,NL338,2004,72.956
A,P_MHAB,NL338,2005,95.666
A,P_MHAB,NL338,2006,141.464
A,P_MHAB,NL338,2007,119.549
A,P_MHAB,NL338,2008,92.488
A,P_MHAB,NL338,2009,86.578
A,P_MHAB,NL338,2010,60.9
A,P_MHAB,NL338,2011,63.066
A,P_MHAB,NL338,2012,66.038
A,P_MHAB,NL339,2003,123.207
A,P_MHAB,NL339,2004,115.345
A,P_MHAB,NL339,2005,130.196
A,P_MHAB,NL339,2006,110.922
A,P_MHAB,NL339,2007,129.063
A,P_MHAB,NL339,2008,112.314
A,P_MHAB,NL339,2009,97.29
A,P_MHAB,NL339,2010,103.071
A,P_MHAB,NL339,2011,91.893
A,P_MHAB,NL339,2012,90.239
A,P_MHAB,NL33A,2003,89.037
A,P_MHAB,NL33A,2004,78.365
A,P_MHAB,NL33A,2005,92.541
A,P_MHAB,NL33A,2006,111.292
A,P_MHAB,NL33A,2007,89.52
A,P_MHAB,NL33A,2008,118.319
A,P_MHAB,NL33A,2009,112.104
A,P_MHAB,NL33A,2010,64.178
A,P_MHAB,NL33A,2011,98.054
A,P_MHAB,NL33A,2012,88.312
A,P_MHAB,NL34,2000,67.686
A,P_MHAB,NL34,2001,42.862
A,P_MHAB,NL34,2002,49.81
A,P_MHAB,NL34,2003,58.729
A,P_MHAB,NL34,2004,71.34
A,P_MHAB,NL34,2005,51.161
A,P_MHAB,NL34,2006,65.994
A,P_MHAB,NL34,2007,85.362
A,P_MHAB,NL34,2008,128.513
A,P_MHAB,NL34,2009,71.709
A,P_MHAB,NL34,2010,59.044
A,P_MHAB,NL34,2011,73.231
A,P_MHAB,NL34,2012,56.318
A,P_MHAB,NL341,2003,111.514
A,P_MHAB,NL341,2004,123.65
A,P_MHAB,NL341,2005,63.886
A,P_MHAB,NL341,2006,40.032
A,P_MHAB,NL341,2007,153.151
A,P_MHAB,NL341,2008,171.236
A,P_MHAB,NL341,2009,119.786
A,P_MHAB,NL341,2010,118.041
A,P_MHAB,NL341,2011,95.944
A,P_MHAB,NL341,2012,66.155
A,P_MHAB,NL342,2003,37.577
A,P_MHAB,NL342,2004,50.527
A,P_MHAB,NL342,2005,46.118
A,P_MHAB,NL342,2006,76.251
A,P_MHAB,NL342,2007,58.631
A,P_MHAB,NL342,2008,111.73
A,P_MHAB,NL342,2009,52.887
A,P_MHAB,NL342,2010,36.128
A,P_MHAB,NL342,2011,64.434
A,P_MHAB,NL342,2012,52.519
A,P_MHAB,NL41,2000,780.088
A,P_MHAB,NL41,2001,1018.935
A,P_MHAB,NL41,2002,829.405
A,P_MHAB,NL41,2003,784.094
A,P_MHAB,NL41,2004,770.542
A,P_MHAB,NL41,2005,713.739
A,P_MHAB,NL41,2006,732.856
A,P_MHAB,NL41,2007,567.377
A,P_MHAB,NL41,2008,626.102
A,P_MHAB,NL41,2009,642.095
A,P_MHAB,NL41,2010,532.764
A,P_MHAB,NL41,2011,664.701
A,P_MHAB,NL41,2012,495.976
A,P_MHAB,NL411,2003,98.069
A,P_MHAB,NL411,2004,119.594
A,P_MHAB,NL411,2005,148.326
A,P_MHAB,NL411,2006,127.476
A,P_MHAB,NL411,2007,113.04
A,P_MHAB,NL411,2008,133.132
A,P_MHAB,NL411,2009,102.488
A,P_MHAB,NL411,2010,108.784
A,P_MHAB,NL411,2011,98.336
A,P_MHAB,NL411,2012,86.281
A,P_MHAB,NL412,2003,173.41
A,P_MHAB,NL412,2004,163.815
A,P_MHAB,NL412,2005,180.295
A,P_MHAB,NL412,2006,133.048
A,P_MHAB,NL412,2007,144.88
A,P_MHAB,NL412,2008,166.794
A,P_MHAB,NL412,2009,186.851
A,P_MHAB,NL412,2010,104.527
A,P_MHAB,NL412,2011,119.134
A,P_MHAB,NL412,2012,71.706
A,P_MHAB,NL413,2003,167.163
A,P_MHAB,NL413,2004,182.403
A,P_MHAB,NL413,2005,160.635
A,P_MHAB,NL413,2006,161.822
A,P_MHAB,NL413,2007,156.528
A,P_MHAB,NL413,2008,182.815
A,P_MHAB,NL413,2009,177.822
A,P_MHAB,NL413,2010,146.85
A,P_MHAB,NL413,2011,132.97
A,P_MHAB,NL413,2012,115.073
A,P_MHAB,NL414,2003,2269.049
A,P_MHAB,NL414,2004,2199.04
A,P_MHAB,NL414,2005,1994.406
A,P_MHAB,NL414,2006,2104.347
A,P_MHAB,NL414,2007,1565.044
A,P_MHAB,NL414,2008,1706.963
A,P_MHAB,NL414,2009,1777.733
A,P_MHAB,NL414,2010,1488.035
A,P_MHAB,NL414,2011,1936.686
A,P_MHAB,NL414,2012,1430.109
A,P_MHAB,NL42,2000,167.632
A,P_MHAB,NL42,2001,166.88
A,P_MHAB,NL42,2002,172.562
A,P_MHAB,NL42,2003,181.191
A,P_MHAB,NL42,2004,202.539
A,P_MHAB,NL42,2005,198.382
A,P_MHAB,NL42,2006,226.815
A,P_MHAB,NL42,2007,225.083
A,P_MHAB,NL42,2008,190.958
A,P_MHAB,NL42,2009,183.261
A,P_MHAB,NL42,2010,156.195
A,P_MHAB,NL42,2011,247.072
A,P_MHAB,NL42,2012,178.002
A,P_MHAB,NL421,2003,161.117
A,P_MHAB,NL421,2004,279.603
A,P_MHAB,NL421,2005,196.391
A,P_MHAB,NL421,2006,196.455
A,P_MHAB,NL421,2007,178.751
A,P_MHAB,NL421,2008,144.108
A,P_MHAB,NL421,2009,191.083
A,P_MHAB,NL421,2010,152.587
A,P_MHAB,NL421,2011,253.764
A,P_MHAB,NL421,2012,164.918
A,P_MHAB,NL422,2003,152.601
A,P_MHAB,NL422,2004,177.636
A,P_MHAB,NL422,2005,134.307
A,P_MHAB,NL422,2006,207.513
A,P_MHAB,NL422,2007,195.346
A,P_MHAB,NL422,2008,147.851
A,P_MHAB,NL422,2009,160.69
A,P_MHAB,NL422,2010,193.333
A,P_MHAB,NL422,2011,559.965
A,P_MHAB,NL422,2012,418.66
A,P_MHAB,NL423,2003,200.677
A,P_MHAB,NL423,2004,177.684
A,P_MHAB,NL423,2005,223.311
A,P_MHAB,NL423,2006,247.775
A,P_MHAB,NL423,2007,257.416
A,P_MHAB,NL423,2008,228.871
A,P_MHAB,NL423,2009,188.377
A,P_MHAB,NL423,2010,143.505
A,P_MHAB,NL423,2011,122.787
A,P_MHAB,NL423,2012,90.742
A,P_MHAB,NO01,2000,136.313
A,P_MHAB,NO01,2001,126.999
A,P_MHAB,NO01,2002,162.408
A,P_MHAB,NO01,2003,136.876
A,P_MHAB,NO01,2004,148.866
A,P_MHAB,NO01,2005,144.073
A,P_MHAB,NO01,2006,182.466
A,P_MHAB,NO01,2007,163.482
A,P_MHAB,NO01,2008,139.511
A,P_MHAB,NO01,2009,174.644
A,P_MHAB,NO01,2010,156.317
A,P_MHAB,NO01,2011,130.66
A,P_MHAB,NO01,2012,125.178
A,P_MHAB,NO011,2005,165.444
A,P_MHAB,NO011,2006,216.935
A,P_MHAB,NO011,2007,199.21
A,P_MHAB,NO011,2008,156.311
A,P_MHAB,NO011,2009,199.696
A,P_MHAB,NO011,2010,169.001
A,P_MHAB,NO011,2011,144.152
A,P_MHAB,NO011,2012,145.463
A,P_MHAB,NO012,2005,121.161
A,P_MHAB,NO012,2006,145.453
A,P_MHAB,NO012,2007,125.006
A,P_MHAB,NO012,2008,121.354
A,P_MHAB,NO012,2009,147.339
A,P_MHAB,NO012,2010,142.461
A,P_MHAB,NO012,2011,115.843
A,P_MHAB,NO012,2012,102.813
A,P_MHAB,NO02,2000,28.556
A,P_MHAB,NO02,2001,27.005
A,P_MHAB,NO02,2002,30.307
A,P_MHAB,NO02,2003,13.446
A,P_MHAB,NO02,2004,27.015
A,P_MHAB,NO02,2005,21.72
A,P_MHAB,NO02,2006,33.951
A,P_MHAB,NO02,2007,21.629
A,P_MHAB,NO02,2008,18.985
A,P_MHAB,NO02,2009,24.442
A,P_MHAB,NO02,2010,27.319
A,P_MHAB,NO02,2011,29.573
A,P_MHAB,NO02,2012,13.239
A,P_MHAB,NO021,2005,24.791
A,P_MHAB,NO021,2006,37.133
A,P_MHAB,NO021,2007,21.835
A,P_MHAB,NO021,2008,27.63
A,P_MHAB,NO021,2009,22.991
A,P_MHAB,NO021,2010,16.779
A,P_MHAB,NO021,2011,12.629
A,P_MHAB,NO021,2012,7.78
A,P_MHAB,NO022,2005,18.562
A,P_MHAB,NO022,2006,30.676
A,P_MHAB,NO022,2007,21.416
A,P_MHAB,NO022,2008,10.074
A,P_MHAB,NO022,2009,25.938
A,P_MHAB,NO022,2010,38.172
A,P_MHAB,NO022,2011,47.021
A,P_MHAB,NO022,2012,18.862
A,P_MHAB,NO03,2000,102.649
A,P_MHAB,NO03,2001,82.425
A,P_MHAB,NO03,2002,92.591
A,P_MHAB,NO03,2003,67.937
A,P_MHAB,NO03,2004,81.347
A,P_MHAB,NO03,2005,141.419
A,P_MHAB,NO03,2006,101.381
A,P_MHAB,NO03,2007,118.869
A,P_MHAB,NO03,2008,77.233
A,P_MHAB,NO03,2009,106.305
A,P_MHAB,NO03,2010,84.911
A,P_MHAB,NO03,2011,68.596
A,P_MHAB,NO03,2012,57.413
A,P_MHAB,NO031,2005,88.303
A,P_MHAB,NO031,2006,41.592
A,P_MHAB,NO031,2007,42.358
A,P_MHAB,NO031,2008,47.767
A,P_MHAB,NO031,2009,63.22
A,P_MHAB,NO031,2010,52.124
A,P_MHAB,NO031,2011,51.341
A,P_MHAB,NO031,2012,34.417
A,P_MHAB,NO032,2005,122.386
A,P_MHAB,NO032,2006,66.877
A,P_MHAB,NO032,2007,119.763
A,P_MHAB,NO032,2008,83.632
A,P_MHAB,NO032,2009,84.16
A,P_MHAB,NO032,2010,64.423
A,P_MHAB,NO032,2011,73.954
A,P_MHAB,NO032,2012,45.066
A,P_MHAB,NO033,2005,124.81
A,P_MHAB,NO033,2006,89.508
A,P_MHAB,NO033,2007,148.567
A,P_MHAB,NO033,2008,75.387
A,P_MHAB,NO033,2009,131.233
A,P_MHAB,NO033,2010,99.876
A,P_MHAB,NO033,2011,52.459
A,P_MHAB,NO033,2012,106.588
A,P_MHAB,NO034,2005,273.861
A,P_MHAB,NO034,2006,261.888
A,P_MHAB,NO034,2007,198.411
A,P_MHAB,NO034,2008,117.015
A,P_MHAB,NO034,2009,174.875
A,P_MHAB,NO034,2010,148.665
A,P_MHAB,NO034,2011,110.707
A,P_MHAB,NO034,2012,45.935
A,P_MHAB,NO04,2000,102.174
A,P_MHAB,NO04,2001,109.512
A,P_MHAB,NO04,2002,82.922
A,P_MHAB,NO04,2003,95.624
A,P_MHAB,NO04,2004,88.817
A,P_MHAB,NO04,2005,112.299
A,P_MHAB,NO04,2006,125.844
A,P_MHAB,NO04,2007,125.701
A,P_MHAB,NO04,2008,130.849
A,P_MHAB,NO04,2009,180.747
A,P_MHAB,NO04,2010,131.999
A,P_MHAB,NO04,2011,138.238
A,P_MHAB,NO04,2012,110.161
A,P_MHAB,NO041,2005,44.5
A,P_MHAB,NO041,2006,81.665
A,P_MHAB,NO041,2007,103.38
A,P_MHAB,NO041,2008,44.285
A,P_MHAB,NO041,2009,77.59
A,P_MHAB,NO041,2010,85.254
A,P_MHAB,NO041,2011,14.357
A,P_MHAB,NO041,2012,43.948
A,P_MHAB,NO042,2005,114.4
A,P_MHAB,NO042,2006,112.249
A,P_MHAB,NO042,2007,80.329
A,P_MHAB,NO042,2008,108.35
A,P_MHAB,NO042,2009,246.801
A,P_MHAB,NO042,2010,83.169
A,P_MHAB,NO042,2011,102.083
A,P_MHAB,NO042,2012,50.653
A,P_MHAB,NO043,2005,129.304
A,P_MHAB,NO043,2006,142.96
A,P_MHAB,NO043,2007,149.84
A,P_MHAB,NO043,2008,162.157
A,P_MHAB,NO043,2009,180.658
A,P_MHAB,NO043,2010,163.291
A,P_MHAB,NO043,2011,183.794
A,P_MHAB,NO043,2012,150.232
A,P_MHAB,NO05,2000,53.616
A,P_MHAB,NO05,2001,55.172
A,P_MHAB,NO05,2002,45.06
A,P_MHAB,NO05,2003,48.295
A,P_MHAB,NO05,2004,61.718
A,P_MHAB,NO05,2005,85.456
A,P_MHAB,NO05,2006,55.12
A,P_MHAB,NO05,2007,81.926
A,P_MHAB,NO05,2008,84.038
A,P_MHAB,NO05,2009,105.739
A,P_MHAB,NO05,2010,93.858
A,P_MHAB,NO05,2011,72.256
A,P_MHAB,NO05,2012,48.925
A,P_MHAB,NO051,2005,80.006
A,P_MHAB,NO051,2006,71.761
A,P_MHAB,NO051,2007,85.327
A,P_MHAB,NO051,2008,100.373
A,P_MHAB,NO051,2009,131.749
A,P_MHAB,NO051,2010,113.103
A,P_MHAB,NO051,2011,78.081
A,P_MHAB,NO051,2012,24.563
A,P_MHAB,NO052,2005,15.603
A,P_MHAB,NO052,2006,25.035
A,P_MHAB,NO052,2007,20.434
A,P_MHAB,NO052,2008,56.466
A,P_MHAB,NO052,2009,40.674
A,P_MHAB,NO052,2010,85.917
A,P_MHAB,NO052,2011,32.485
A,P_MHAB,NO052,2012,58.502
A,P_MHAB,NO053,2005,125.997
A,P_MHAB,NO053,2006,37.473
A,P_MHAB,NO053,2007,102.207
A,P_MHAB,NO053,2008,65.323
A,P_MHAB,NO053,2009,84.43
A,P_MHAB,NO053,2010,60.733
A,P_MHAB,NO053,2011,78.022
A,P_MHAB,NO053,2012,91.455
A,P_MHAB,NO06,2000,132.988
A,P_MHAB,NO06,2001,73.624
A,P_MHAB,NO06,2002,105.211
A,P_MHAB,NO06,2003,96.337
A,P_MHAB,NO06,2004,118.145
A,P_MHAB,NO06,2005,160.719
A,P_MHAB,NO06,2006,130.835
A,P_MHAB,NO06,2007,82.495
A,P_MHAB,NO06,2008,106.189
A,P_MHAB,NO06,2009,172.984
A,P_MHAB,NO06,2010,161.027
A,P_MHAB,NO06,2011,210.602
A,P_MHAB,NO06,2012,145.245
A,P_MHAB,NO061,2005,228.384
A,P_MHAB,NO061,2006,176.541
A,P_MHAB,NO061,2007,116.807
A,P_MHAB,NO061,2008,139.014
A,P_MHAB,NO061,2009,224.812
A,P_MHAB,NO061,2010,222.202
A,P_MHAB,NO061,2011,299.049
A,P_MHAB,NO061,2012,208.592
A,P_MHAB,NO062,2005,17.128
A,P_MHAB,NO062,2006,33.024
A,P_MHAB,NO062,2007,8.368
A,P_MHAB,NO062,2008,34.654
A,P_MHAB,NO062,2009,59.292
A,P_MHAB,NO062,2010,25.997
A,P_MHAB,NO062,2011,13.773
A,P_MHAB,NO062,2012,3.748
A,P_MHAB,NO07,2000,24.379
A,P_MHAB,NO07,2001,19.756
A,P_MHAB,NO07,2002,24.605
A,P_MHAB,NO07,2003,19.818
A,P_MHAB,NO07,2004,17.628
A,P_MHAB,NO07,2005,11.802
A,P_MHAB,NO07,2006,23.402
A,P_MHAB,NO07,2007,13.521
A,P_MHAB,NO07,2008,31.534
A,P_MHAB,NO07,2009,14.199
A,P_MHAB,NO07,2010,30.776
A,P_MHAB,NO07,2011,18.857
A,P_MHAB,NO07,2012,16.463
A,P_MHAB,NO071,2005,10.556
A,P_MHAB,NO071,2006,16.931
A,P_MHAB,NO071,2007,8.495
A,P_MHAB,NO071,2008,13.49
A,P_MHAB,NO071,2009,10.621
A,P_MHAB,NO071,2010,8.465
A,P_MHAB,NO071,2011,24.57
A,P_MHAB,NO071,2012,10.49
A,P_MHAB,NO072,2005,19.379
A,P_MHAB,NO072,2006,35.811
A,P_MHAB,NO072,2007,27.573
A,P_MHAB,NO072,2008,67.252
A,P_MHAB,NO072,2009,26.229
A,P_MHAB,NO072,2010,78.789
A,P_MHAB,NO072,2011,12.694
A,P_MHAB,NO072,2012,33.092
A,P_MHAB,NO073,2006,18.235
A,P_MHAB,NO073,2008,13.812
A,P_MHAB,NO073,2011,13.621
A,P_MHAB,PL11,1990,0.608
A,P_MHAB,PL11,1991,0.74
A,P_MHAB,PL11,1992,0.74
A,P_MHAB,PL11,1993,0.492
A,P_MHAB,PL11,1994,0.678
A,P_MHAB,PL11,1995,1.065
A,P_MHAB,PL11,1996,0.67
A,P_MHAB,PL11,1997,1.216
A,P_MHAB,PL11,1998,1.871
A,P_MHAB,PL11,1999,2.223
A,P_MHAB,PL11,2000,2.571
A,P_MHAB,PL11,2001,1.332
A,P_MHAB,PL11,2002,0.638
A,P_MHAB,PL11,2003,2.727
A,P_MHAB,PL11,2004,2.784
A,P_MHAB,PL11,2005,2.898
A,P_MHAB,PL11,2006,4.939
A,P_MHAB,PL11,2007,5.88
A,P_MHAB,PL11,2008,8.385
A,P_MHAB,PL11,2009,14.775
A,P_MHAB,PL11,2010,15.853
A,P_MHAB,PL11,2011,12.216
A,P_MHAB,PL11,2012,19.012
A,P_MHAB,PL113,1990,1.961
A,P_MHAB,PL113,1991,0.79
A,P_MHAB,PL113,1992,1.775
A,P_MHAB,PL113,1993,1.586
A,P_MHAB,PL113,1994,2.195
A,P_MHAB,PL113,1995,2.052
A,P_MHAB,PL113,1996,2.187
A,P_MHAB,PL113,1997,3.68
A,P_MHAB,PL113,1998,5.983
A,P_MHAB,PL113,1999,4.946
A,P_MHAB,PL113,2000,5.613
A,P_MHAB,PL113,2001,1.252
A,P_MHAB,PL113,2002,1.996
A,P_MHAB,PL113,2003,5.961
A,P_MHAB,PL113,2004,6.507
A,P_MHAB,PL113,2005,8.075
A,P_MHAB,PL113,2006,9.34
A,P_MHAB,PL113,2007,11.786
A,P_MHAB,PL113,2008,20.539
A,P_MHAB,PL113,2009,33.822
A,P_MHAB,PL113,2010,34.4
A,P_MHAB,PL113,2011,22.871
A,P_MHAB,PL113,2012,46.326
A,P_MHAB,PL114,1991,3.56
A,P_MHAB,PL114,1992,1.337
A,P_MHAB,PL114,1995,3.117
A,P_MHAB,PL114,1997,0.665
A,P_MHAB,PL114,1998,0.373
A,P_MHAB,PL114,1999,0.719
A,P_MHAB,PL114,2000,1.953
A,P_MHAB,PL114,2003,0.938
A,P_MHAB,PL114,2004,0.455
A,P_MHAB,PL114,2005,0.668
A,P_MHAB,PL114,2006,6.002
A,P_MHAB,PL114,2007,6.582
A,P_MHAB,PL114,2008,7.525
A,P_MHAB,PL114,2009,6.415
A,P_MHAB,PL114,2010,7.775
A,P_MHAB,PL114,2011,15.234
A,P_MHAB,PL114,2012,11.19
A,P_MHAB,PL115,1999,1.628
A,P_MHAB,PL115,2000,0.543
A,P_MHAB,PL115,2001,1.648
A,P_MHAB,PL115,2003,2.89
A,P_MHAB,PL115,2004,3.31
A,P_MHAB,PL115,2006,1.662
A,P_MHAB,PL115,2007,0.283
A,P_MHAB,PL115,2008,0.618
A,P_MHAB,PL115,2009,11.416
A,P_MHAB,PL115,2010,11.507
A,P_MHAB,PL115,2011,6.697
A,P_MHAB,PL115,2012,5.269
A,P_MHAB,PL116,2000,2.156
A,P_MHAB,PL116,2005,2.184
A,P_MHAB,PL116,2006,3.286
A,P_MHAB,PL116,2007,6.587
A,P_MHAB,PL116,2008,2.202
A,P_MHAB,PL116,2009,3.262
A,P_MHAB,PL116,2010,6.611
A,P_MHAB,PL116,2011,4.238
A,P_MHAB,PL116,2012,4.427
A,P_MHAB,PL117,1999,1.669
A,P_MHAB,PL117,2000,0.517
A,P_MHAB,PL117,2001,3.889
A,P_MHAB,PL117,2002,0.208
A,P_MHAB,PL117,2003,0.863
A,P_MHAB,PL117,2006,2.149
A,P_MHAB,PL117,2007,1.332
A,P_MHAB,PL117,2008,4.738
A,P_MHAB,PL117,2009,4.482
A,P_MHAB,PL117,2010,5.826
A,P_MHAB,PL117,2011,6.816
A,P_MHAB,PL117,2012,13.657
A,P_MHAB,PL12,1990,1.032
A,P_MHAB,PL12,1991,0.707
A,P_MHAB,PL12,1992,0.332
A,P_MHAB,PL12,1993,1.59
A,P_MHAB,PL12,1994,0.549
A,P_MHAB,PL12,1995,1.054
A,P_MHAB,PL12,1996,1.611
A,P_MHAB,PL12,1997,2.152
A,P_MHAB,PL12,1998,1.579
A,P_MHAB,PL12,1999,1.774
A,P_MHAB,PL12,2000,1.741
A,P_MHAB,PL12,2001,3.853
A,P_MHAB,PL12,2002,6.795
A,P_MHAB,PL12,2003,5.462
A,P_MHAB,PL12,2004,8.217
A,P_MHAB,PL12,2005,6.5
A,P_MHAB,PL12,2006,5.661
A,P_MHAB,PL12,2007,8.336
A,P_MHAB,PL12,2008,8.422
A,P_MHAB,PL12,2009,10.729
A,P_MHAB,PL12,2010,18.294
A,P_MHAB,PL12,2011,16.527
A,P_MHAB,PL12,2012,22.312
A,P_MHAB,PL121,2003,3.568
A,P_MHAB,PL121,2004,1.858
A,P_MHAB,PL121,2005,2.116
A,P_MHAB,PL121,2006,0.526
A,P_MHAB,PL121,2008,2.56
A,P_MHAB,PL121,2009,2.131
A,P_MHAB,PL121,2010,3.098
A,P_MHAB,PL121,2011,5.155
A,P_MHAB,PL121,2012,10.639
A,P_MHAB,PL122,1990,1.308
A,P_MHAB,PL122,1996,0.156
A,P_MHAB,PL122,1999,0.583
A,P_MHAB,PL122,2000,0.436
A,P_MHAB,PL122,2001,0.436
A,P_MHAB,PL122,2002,0.489
A,P_MHAB,PL122,2003,0.463
A,P_MHAB,PL122,2004,0.172
A,P_MHAB,PL122,2005,1.023
A,P_MHAB,PL122,2007,1.547
A,P_MHAB,PL122,2008,0.668
A,P_MHAB,PL122,2009,4.716
A,P_MHAB,PL122,2010,0.663
A,P_MHAB,PL122,2011,3.955
A,P_MHAB,PL122,2012,4.349
A,P_MHAB,PL127,1990,1.742
A,P_MHAB,PL127,1991,2.144
A,P_MHAB,PL127,1992,1.01
A,P_MHAB,PL127,1993,4.366
A,P_MHAB,PL127,1994,1.631
A,P_MHAB,PL127,1995,3.096
A,P_MHAB,PL127,1996,4.11
A,P_MHAB,PL127,1997,6.411
A,P_MHAB,PL127,1998,3.262
A,P_MHAB,PL127,1999,4.788
A,P_MHAB,PL127,2000,3.188
A,P_MHAB,PL127,2001,9.182
A,P_MHAB,PL127,2002,14.695
A,P_MHAB,PL127,2003,9.809
A,P_MHAB,PL127,2004,18.502
A,P_MHAB,PL127,2005,10.373
A,P_MHAB,PL127,2006,9.59
A,P_MHAB,PL127,2007,17.084
A,P_MHAB,PL127,2008,15.745
A,P_MHAB,PL127,2009,17.599
A,P_MHAB,PL127,2010,36.12
A,P_MHAB,PL127,2011,29.238
A,P_MHAB,PL127,2012,36.415
A,P_MHAB,PL128,1993,1.041
A,P_MHAB,PL128,1996,0.309
A,P_MHAB,PL128,1998,2.312
A,P_MHAB,PL128,2001,1.584
A,P_MHAB,PL128,2002,6.337
A,P_MHAB,PL128,2003,7.934
A,P_MHAB,PL128,2004,1.591
A,P_MHAB,PL128,2005,9.447
A,P_MHAB,PL128,2006,9.993
A,P_MHAB,PL128,2007,5.658
A,P_MHAB,PL128,2008,8.834
A,P_MHAB,PL128,2009,7.072
A,P_MHAB,PL128,2010,21.361
A,P_MHAB,PL128,2011,17.98
A,P_MHAB,PL128,2012,23.054
A,P_MHAB,PL129,1990,1.927
A,P_MHAB,PL129,1993,0.246
A,P_MHAB,PL129,1994,0.13
A,P_MHAB,PL129,1995,0.357
A,P_MHAB,PL129,2001,0.462
A,P_MHAB,PL129,2002,2.55
A,P_MHAB,PL129,2003,3.048
A,P_MHAB,PL129,2004,4.536
A,P_MHAB,PL129,2005,0.822
A,P_MHAB,PL129,2006,2.612
A,P_MHAB,PL129,2007,5.504
A,P_MHAB,PL129,2008,3.444
A,P_MHAB,PL129,2009,7.625
A,P_MHAB,PL129,2010,11.931
A,P_MHAB,PL129,2011,11.494
A,P_MHAB,PL129,2012,15.176
A,P_MHAB,PL12A,1996,1.688
A,P_MHAB,PL12A,1997,0.667
A,P_MHAB,PL12A,1998,1.806
A,P_MHAB,PL12A,1999,1.181
A,P_MHAB,PL12A,2000,4.612
A,P_MHAB,PL12A,2001,3.656
A,P_MHAB,PL12A,2002,5.413
A,P_MHAB,PL12A,2003,2.351
A,P_MHAB,PL12A,2004,7.57
A,P_MHAB,PL12A,2005,10.172
A,P_MHAB,PL12A,2006,6.129
A,P_MHAB,PL12A,2007,7.222
A,P_MHAB,PL12A,2008,9.03
A,P_MHAB,PL12A,2009,14.412
A,P_MHAB,PL12A,2010,12.718
A,P_MHAB,PL12A,2011,14.057
A,P_MHAB,PL12A,2012,24.867
A,P_MHAB,PL21,1990,0.323
A,P_MHAB,PL21,1991,0.536
A,P_MHAB,PL21,1992,0.958
A,P_MHAB,PL21,1993,0.317
A,P_MHAB,PL21,1994,0.474
A,P_MHAB,PL21,1996,1.78
A,P_MHAB,PL21,1997,0.391
A,P_MHAB,PL21,1998,0.415
A,P_MHAB,PL21,1999,0.177
A,P_MHAB,PL21,2000,1.464
A,P_MHAB,PL21,2001,1.176
A,P_MHAB,PL21,2002,3.592
A,P_MHAB,PL21,2003,3.707
A,P_MHAB,PL21,2004,5.186
A,P_MHAB,PL21,2005,3.034
A,P_MHAB,PL21,2006,6.249
A,P_MHAB,PL21,2007,7.957
A,P_MHAB,PL21,2008,9.866
A,P_MHAB,PL21,2009,14.697
A,P_MHAB,PL21,2010,15.061
A,P_MHAB,PL21,2011,23.728
A,P_MHAB,PL21,2012,18.498
A,P_MHAB,PL213,1991,2.225
A,P_MHAB,PL213,1992,3.327
A,P_MHAB,PL213,1993,1.344
A,P_MHAB,PL213,1994,2.013
A,P_MHAB,PL213,1996,6.282
A,P_MHAB,PL213,1997,1.688
A,P_MHAB,PL213,1998,1.796
A,P_MHAB,PL213,2000,5.229
A,P_MHAB,PL213,2001,3.677
A,P_MHAB,PL213,2002,12.23
A,P_MHAB,PL213,2003,10.23
A,P_MHAB,PL213,2004,17.342
A,P_MHAB,PL213,2005,6.232
A,P_MHAB,PL213,2006,9.688
A,P_MHAB,PL213,2007,16.714
A,P_MHAB,PL213,2008,19.363
A,P_MHAB,PL213,2009,38.549
A,P_MHAB,PL213,2010,29.198
A,P_MHAB,PL213,2011,53.374
A,P_MHAB,PL213,2012,50.059
A,P_MHAB,PL214,2000,0.779
A,P_MHAB,PL214,2002,1.547
A,P_MHAB,PL214,2003,1.54
A,P_MHAB,PL214,2004,1.836
A,P_MHAB,PL214,2005,3.045
A,P_MHAB,PL214,2006,6.558
A,P_MHAB,PL214,2007,10.662
A,P_MHAB,PL214,2008,4.204
A,P_MHAB,PL214,2009,14.596
A,P_MHAB,PL214,2010,9.653
A,P_MHAB,PL214,2011,19.309
A,P_MHAB,PL214,2012,20.727
A,P_MHAB,PL215,1990,1.423
A,P_MHAB,PL215,2001,1.349
A,P_MHAB,PL215,2003,2.004
A,P_MHAB,PL215,2004,0.665
A,P_MHAB,PL215,2005,3.248
A,P_MHAB,PL215,2006,9.246
A,P_MHAB,PL215,2007,4.175
A,P_MHAB,PL215,2008,9.37
A,P_MHAB,PL215,2009,7.878
A,P_MHAB,PL215,2010,19.472
A,P_MHAB,PL215,2011,24.607
A,P_MHAB,PL215,2012,8.001
A,P_MHAB,PL216,1992,0.789
A,P_MHAB,PL216,1996,1.56
A,P_MHAB,PL216,2000,0.397
A,P_MHAB,PL216,2002,2.108
A,P_MHAB,PL216,2003,2.77
A,P_MHAB,PL216,2004,0.792
A,P_MHAB,PL216,2005,1.155
A,P_MHAB,PL216,2006,1.581
A,P_MHAB,PL216,2007,2.595
A,P_MHAB,PL216,2008,9.362
A,P_MHAB,PL216,2009,2.732
A,P_MHAB,PL216,2010,6.186
A,P_MHAB,PL216,2011,8.872
A,P_MHAB,PL216,2012,3.988
A,P_MHAB,PL217,1999,1.271
A,P_MHAB,PL217,2004,3.335
A,P_MHAB,PL217,2006,1.631
A,P_MHAB,PL217,2007,3.264
A,P_MHAB,PL217,2008,3.981
A,P_MHAB,PL217,2009,3.542
A,P_MHAB,PL217,2010,4.804
A,P_MHAB,PL217,2011,0.729
A,P_MHAB,PL217,2012,1.061
A,P_MHAB,PL22,1990,0.643
A,P_MHAB,PL22,1991,0.323
A,P_MHAB,PL22,1992,0.066
A,P_MHAB,PL22,1993,0.168
A,P_MHAB,PL22,1994,0.503
A,P_MHAB,PL22,1995,0.254
A,P_MHAB,PL22,1996,0.601
A,P_MHAB,PL22,1997,0.567
A,P_MHAB,PL22,1998,0.266
A,P_MHAB,PL22,1999,0.674
A,P_MHAB,PL22,2000,0.878
A,P_MHAB,PL22,2001,1.597
A,P_MHAB,PL22,2002,1.552
A,P_MHAB,PL22,2003,1.543
A,P_MHAB,PL22,2004,2.025
A,P_MHAB,PL22,2005,2.227
A,P_MHAB,PL22,2006,4.123
A,P_MHAB,PL22,2007,2.746
A,P_MHAB,PL22,2008,5.258
A,P_MHAB,PL22,2009,7.041
A,P_MHAB,PL22,2010,4.047
A,P_MHAB,PL22,2011,7.05
A,P_MHAB,PL22,2012,8.004
A,P_MHAB,PL224,1997,4.218
A,P_MHAB,PL224,1999,0.254
A,P_MHAB,PL224,2000,5.498
A,P_MHAB,PL224,2001,3.672
A,P_MHAB,PL224,2002,3.683
A,P_MHAB,PL224,2003,2.307
A,P_MHAB,PL224,2004,0.537
A,P_MHAB,PL224,2005,1.856
A,P_MHAB,PL224,2006,5.585
A,P_MHAB,PL224,2008,5.783
A,P_MHAB,PL224,2009,9.302
A,P_MHAB,PL224,2010,1.896
A,P_MHAB,PL224,2011,1.273
A,P_MHAB,PL224,2012,6.534
A,P_MHAB,PL225,1992,0.52
A,P_MHAB,PL225,1993,0.79
A,P_MHAB,PL225,1998,2.017
A,P_MHAB,PL225,2001,3.116
A,P_MHAB,PL225,2002,3.112
A,P_MHAB,PL225,2003,3.962
A,P_MHAB,PL225,2004,6.205
A,P_MHAB,PL225,2005,3.606
A,P_MHAB,PL225,2006,7.629
A,P_MHAB,PL225,2007,1.542
A,P_MHAB,PL225,2008,10.066
A,P_MHAB,PL225,2009,9.693
A,P_MHAB,PL225,2010,11.377
A,P_MHAB,PL225,2011,8.13
A,P_MHAB,PL225,2012,17.747
A,P_MHAB,PL227,1995,1.5
A,P_MHAB,PL227,2003,0.775
A,P_MHAB,PL227,2005,1.293
A,P_MHAB,PL227,2006,0.515
A,P_MHAB,PL227,2007,1.566
A,P_MHAB,PL227,2008,1.036
A,P_MHAB,PL227,2009,5.619
A,P_MHAB,PL227,2010,2.979
A,P_MHAB,PL227,2011,4.921
A,P_MHAB,PL227,2012,0.845
A,P_MHAB,PL228,1991,0.788
A,P_MHAB,PL228,1994,0.258
A,P_MHAB,PL228,1999,1.007
A,P_MHAB,PL228,2000,0.419
A,P_MHAB,PL228,2001,1.58
A,P_MHAB,PL228,2002,2.118
A,P_MHAB,PL228,2003,1.065
A,P_MHAB,PL228,2004,1.777
A,P_MHAB,PL228,2005,1.14
A,P_MHAB,PL228,2006,2.53
A,P_MHAB,PL228,2008,1.812
A,P_MHAB,PL228,2009,2.695
A,P_MHAB,PL228,2010,0.45
A,P_MHAB,PL228,2011,5.977
A,P_MHAB,PL228,2012,1.516
A,P_MHAB,PL229,1990,3.937
A,P_MHAB,PL229,1993,0.602
A,P_MHAB,PL229,1994,2.553
A,P_MHAB,PL229,1995,0.46
A,P_MHAB,PL229,1996,1.403
A,P_MHAB,PL229,1997,0.813
A,P_MHAB,PL229,2000,1.909
A,P_MHAB,PL229,2001,3.575
A,P_MHAB,PL229,2002,2.261
A,P_MHAB,PL229,2003,0.972
A,P_MHAB,PL229,2004,5.24
A,P_MHAB,PL229,2005,3.146
A,P_MHAB,PL229,2006,8.105
A,P_MHAB,PL229,2007,4.251
A,P_MHAB,PL229,2008,6.049
A,P_MHAB,PL229,2009,7.453
A,P_MHAB,PL229,2010,5.7
A,P_MHAB,PL229,2011,20.886
A,P_MHAB,PL229,2012,15.883
A,P_MHAB,PL22A,1990,0.86
A,P_MHAB,PL22A,1991,1.326
A,P_MHAB,PL22A,1994,1.082
A,P_MHAB,PL22A,1996,1.849
A,P_MHAB,PL22A,1999,3.131
A,P_MHAB,PL22A,2002,1.493
A,P_MHAB,PL22A,2003,0.941
A,P_MHAB,PL22A,2004,2.06
A,P_MHAB,PL22A,2005,1.487
A,P_MHAB,PL22A,2006,6.793
A,P_MHAB,PL22A,2007,7.949
A,P_MHAB,PL22A,2008,4.381
A,P_MHAB,PL22A,2009,9.839
A,P_MHAB,PL22A,2010,4.743
A,P_MHAB,PL22A,2011,8.545
A,P_MHAB,PL22A,2012,7.011
A,P_MHAB,PL22B,1990,0.329
A,P_MHAB,PL22B,2003,1.694
A,P_MHAB,PL22B,2004,0.177
A,P_MHAB,PL22B,2005,2.283
A,P_MHAB,PL22B,2006,0.659
A,P_MHAB,PL22B,2007,2.07
A,P_MHAB,PL22B,2008,6.571
A,P_MHAB,PL22B,2009,3.478
A,P_MHAB,PL22B,2010,0.352
A,P_MHAB,PL22B,2011,3.788
A,P_MHAB,PL22B,2012,9.187
A,P_MHAB,PL22C,1996,1.556
A,P_MHAB,PL22C,2001,2.616
A,P_MHAB,PL22C,2005,3.48
A,P_MHAB,PL22C,2007,2.615
A,P_MHAB,PL22C,2008,5.745
A,P_MHAB,PL22C,2009,7.481
A,P_MHAB,PL22C,2010,3.867
A,P_MHAB,PL22C,2011,3.617
A,P_MHAB,PL22C,2012,2.594
A,P_MHAB,PL31,1993,0.357
A,P_MHAB,PL31,1995,0.445
A,P_MHAB,PL31,1996,0.41
A,P_MHAB,PL31,1998,0.089
A,P_MHAB,PL31,1999,0.447
A,P_MHAB,PL31,2000,0.226
A,P_MHAB,PL31,2001,2.117
A,P_MHAB,PL31,2002,0.304
A,P_MHAB,PL31,2003,0.091
A,P_MHAB,PL31,2004,0.306
A,P_MHAB,PL31,2005,1.057
A,P_MHAB,PL31,2006,1.422
A,P_MHAB,PL31,2007,4.105
A,P_MHAB,PL31,2008,10.262
A,P_MHAB,PL31,2009,4.02
A,P_MHAB,PL31,2010,5.01
A,P_MHAB,PL31,2011,9.014
A,P_MHAB,PL31,2012,3.01
A,P_MHAB,PL311,2007,3.229
A,P_MHAB,PL311,2008,3.241
A,P_MHAB,PL311,2009,3.248
A,P_MHAB,PL311,2010,4.953
A,P_MHAB,PL311,2011,19.994
A,P_MHAB,PL311,2012,0.619
A,P_MHAB,PL312,1998,0.291
A,P_MHAB,PL312,1999,1.46
A,P_MHAB,PL312,2001,1.491
A,P_MHAB,PL312,2002,0.494
A,P_MHAB,PL312,2005,1.514
A,P_MHAB,PL312,2006,0.912
A,P_MHAB,PL312,2008,1.797
A,P_MHAB,PL312,2010,0.772
A,P_MHAB,PL312,2011,5.394
A,P_MHAB,PL312,2012,0.779
A,P_MHAB,PL314,1995,1.407
A,P_MHAB,PL314,1996,1.29
A,P_MHAB,PL314,2001,4.429
A,P_MHAB,PL314,2002,0.462
A,P_MHAB,PL314,2003,0.279
A,P_MHAB,PL314,2004,0.937
A,P_MHAB,PL314,2005,1.831
A,P_MHAB,PL314,2006,3.495
A,P_MHAB,PL314,2007,9.681
A,P_MHAB,PL314,2008,25.998
A,P_MHAB,PL314,2009,8.563
A,P_MHAB,PL314,2010,10.152
A,P_MHAB,PL314,2011,10.092
A,P_MHAB,PL314,2012,3.408
A,P_MHAB,PL315,1993,1.54
A,P_MHAB,PL315,2000,0.99
A,P_MHAB,PL315,2001,0.991
A,P_MHAB,PL315,2007,2.022
A,P_MHAB,PL315,2008,3.046
A,P_MHAB,PL315,2009,3.217
A,P_MHAB,PL315,2010,3.214
A,P_MHAB,PL315,2011,5.335
A,P_MHAB,PL315,2012,6.868
A,P_MHAB,PL32,1993,0.274
A,P_MHAB,PL32,1996,0.712
A,P_MHAB,PL32,1997,0.63
A,P_MHAB,PL32,1998,0.708
A,P_MHAB,PL32,1999,0.471
A,P_MHAB,PL32,2000,0.476
A,P_MHAB,PL32,2001,0.952
A,P_MHAB,PL32,2002,1.426
A,P_MHAB,PL32,2003,1.948
A,P_MHAB,PL32,2004,1.645
A,P_MHAB,PL32,2005,5.996
A,P_MHAB,PL32,2006,3.727
A,P_MHAB,PL32,2007,4.21
A,P_MHAB,PL32,2008,4.015
A,P_MHAB,PL32,2009,3.01
A,P_MHAB,PL32,2010,7.726
A,P_MHAB,PL32,2011,3.062
A,P_MHAB,PL32,2012,5.85
A,P_MHAB,PL323,1996,3.055
A,P_MHAB,PL323,1999,2.021
A,P_MHAB,PL323,2001,4.088
A,P_MHAB,PL323,2002,2.042
A,P_MHAB,PL323,2006,2.076
A,P_MHAB,PL323,2008,4.159
A,P_MHAB,PL323,2009,0.685
A,P_MHAB,PL323,2010,10.856
A,P_MHAB,PL323,2011,5.098
A,P_MHAB,PL323,2012,1.344
A,P_MHAB,PL324,1997,2.19
A,P_MHAB,PL324,2003,1.258
A,P_MHAB,PL324,2004,3.346
A,P_MHAB,PL324,2005,0.327
A,P_MHAB,PL324,2007,1.263
A,P_MHAB,PL324,2010,1.704
A,P_MHAB,PL324,2011,1.909
A,P_MHAB,PL324,2012,6.836
A,P_MHAB,PL325,1997,0.757
A,P_MHAB,PL325,1998,2.515
A,P_MHAB,PL325,2002,1.665
A,P_MHAB,PL325,2003,0.998
A,P_MHAB,PL325,2004,1.86
A,P_MHAB,PL325,2005,3.513
A,P_MHAB,PL325,2006,2.481
A,P_MHAB,PL325,2007,3.301
A,P_MHAB,PL325,2008,1.927
A,P_MHAB,PL325,2009,5.218
A,P_MHAB,PL325,2010,8.288
A,P_MHAB,PL325,2011,5.251
A,P_MHAB,PL325,2012,7.734
A,P_MHAB,PL326,1993,0.929
A,P_MHAB,PL326,2000,1.627
A,P_MHAB,PL326,2002,1.623
A,P_MHAB,PL326,2003,4.871
A,P_MHAB,PL326,2004,1.624
A,P_MHAB,PL326,2005,16.787
A,P_MHAB,PL326,2006,8.644
A,P_MHAB,PL326,2007,10.301
A,P_MHAB,PL326,2008,8.552
A,P_MHAB,PL326,2009,4.561
A,P_MHAB,PL326,2010,8.615
A,P_MHAB,PL326,2012,6.838
A,P_MHAB,PL33,1993,0.188
A,P_MHAB,PL33,1998,0.377
A,P_MHAB,PL33,2001,0.768
A,P_MHAB,PL33,2002,0.385
A,P_MHAB,PL33,2003,3.473
A,P_MHAB,PL33,2004,0.217
A,P_MHAB,PL33,2005,1.552
A,P_MHAB,PL33,2006,0.802
A,P_MHAB,PL33,2007,2.602
A,P_MHAB,PL33,2008,2.611
A,P_MHAB,PL33,2009,5.083
A,P_MHAB,PL33,2010,2.515
A,P_MHAB,PL33,2011,6.442
A,P_MHAB,PL33,2012,3.965
A,P_MHAB,PL331,1993,0.314
A,P_MHAB,PL331,1998,0.626
A,P_MHAB,PL331,2001,1.266
A,P_MHAB,PL331,2002,0.634
A,P_MHAB,PL331,2003,4.447
A,P_MHAB,PL331,2005,1.275
A,P_MHAB,PL331,2006,0.894
A,P_MHAB,PL331,2007,4.064
A,P_MHAB,PL331,2008,4.075
A,P_MHAB,PL331,2009,6.49
A,P_MHAB,PL331,2010,3.479
A,P_MHAB,PL331,2011,7.424
A,P_MHAB,PL331,2012,5.256
A,P_MHAB,PL332,2003,1.965
A,P_MHAB,PL332,2004,0.553
A,P_MHAB,PL332,2005,1.984
A,P_MHAB,PL332,2006,0.657
A,P_MHAB,PL332,2007,0.34
A,P_MHAB,PL332,2008,0.342
A,P_MHAB,PL332,2009,2.882
A,P_MHAB,PL332,2010,1.008
A,P_MHAB,PL332,2011,4.903
A,P_MHAB,PL332,2012,1.935
A,P_MHAB,PL34,1997,0.204
A,P_MHAB,PL34,1999,1.634
A,P_MHAB,PL34,2000,0.825
A,P_MHAB,PL34,2001,0.892
A,P_MHAB,PL34,2002,0.413
A,P_MHAB,PL34,2003,1.035
A,P_MHAB,PL34,2004,0.274
A,P_MHAB,PL34,2005,0.832
A,P_MHAB,PL34,2006,0.45
A,P_MHAB,PL34,2007,2.926
A,P_MHAB,PL34,2008,1.048
A,P_MHAB,PL34,2009,2.224
A,P_MHAB,PL34,2010,2.525
A,P_MHAB,PL34,2011,2.153
A,P_MHAB,PL34,2012,1.024
A,P_MHAB,PL343,1999,1.99
A,P_MHAB,PL343,2000,1.983
A,P_MHAB,PL343,2001,2.141
A,P_MHAB,PL343,2002,0.99
A,P_MHAB,PL343,2003,1.585
A,P_MHAB,PL343,2004,0.654
A,P_MHAB,PL343,2005,1.982
A,P_MHAB,PL343,2006,1.07
A,P_MHAB,PL343,2007,5.951
A,P_MHAB,PL343,2008,1.489
A,P_MHAB,PL343,2009,5.258
A,P_MHAB,PL343,2010,5.283
A,P_MHAB,PL343,2011,5.052
A,P_MHAB,PL344,1997,0.569
A,P_MHAB,PL344,1999,2.291
A,P_MHAB,PL344,2003,1.065
A,P_MHAB,PL344,2007,1.206
A,P_MHAB,PL344,2010,0.42
A,P_MHAB,PL344,2012,2.495
A,P_MHAB,PL345,2008,1.806
A,P_MHAB,PL345,2010,0.626
A,P_MHAB,PL345,2012,0.74
A,P_MHAB,PL41,1990,0.307
A,P_MHAB,PL41,1991,0.612
A,P_MHAB,PL41,1992,0.305
A,P_MHAB,PL41,1994,0.785
A,P_MHAB,PL41,1995,0.602
A,P_MHAB,PL41,1996,0.225
A,P_MHAB,PL41,1997,0.132
A,P_MHAB,PL41,1998,0.598
A,P_MHAB,PL41,1999,2.396
A,P_MHAB,PL41,2000,0.823
A,P_MHAB,PL41,2001,1.695
A,P_MHAB,PL41,2002,1.295
A,P_MHAB,PL41,2003,5.374
A,P_MHAB,PL41,2004,2.592
A,P_MHAB,PL41,2005,3.194
A,P_MHAB,PL41,2006,3.051
A,P_MHAB,PL41,2007,5.283
A,P_MHAB,PL41,2008,5.864
A,P_MHAB,PL41,2009,6.87
A,P_MHAB,PL41,2010,7.89
A,P_MHAB,PL41,2011,5.355
A,P_MHAB,PL41,2012,8.468
A,P_MHAB,PL411,1996,0.318
A,P_MHAB,PL411,2004,1.479
A,P_MHAB,PL411,2011,2.441
A,P_MHAB,PL411,2012,0.488
A,P_MHAB,PL414,2000,0.386
A,P_MHAB,PL414,2002,1.851
A,P_MHAB,PL414,2003,0.509
A,P_MHAB,PL414,2004,1.078
A,P_MHAB,PL414,2006,0.216
A,P_MHAB,PL414,2007,1.924
A,P_MHAB,PL414,2008,3.075
A,P_MHAB,PL414,2009,3.069
A,P_MHAB,PL414,2011,1.311
A,P_MHAB,PL414,2012,2.97
A,P_MHAB,PL415,1990,1.763
A,P_MHAB,PL415,1991,3.389
A,P_MHAB,PL415,1992,1.696
A,P_MHAB,PL415,1994,4.152
A,P_MHAB,PL415,1995,1.717
A,P_MHAB,PL415,1996,0.86
A,P_MHAB,PL415,1997,0.758
A,P_MHAB,PL415,1998,3.448
A,P_MHAB,PL415,1999,12.158
A,P_MHAB,PL415,2000,1.421
A,P_MHAB,PL415,2001,7.729
A,P_MHAB,PL415,2002,3.625
A,P_MHAB,PL415,2003,7.191
A,P_MHAB,PL415,2004,5.278
A,P_MHAB,PL415,2005,10.88
A,P_MHAB,PL415,2006,13.63
A,P_MHAB,PL415,2007,19.205
A,P_MHAB,PL415,2008,16.954
A,P_MHAB,PL415,2009,27.779
A,P_MHAB,PL415,2010,31.498
A,P_MHAB,PL415,2011,15.292
A,P_MHAB,PL415,2012,28.762
A,P_MHAB,PL416,1995,1.5
A,P_MHAB,PL416,1999,1.494
A,P_MHAB,PL416,2000,1.503
A,P_MHAB,PL416,2002,1.426
A,P_MHAB,PL416,2003,13.195
A,P_MHAB,PL416,2004,6.575
A,P_MHAB,PL416,2005,1.696
A,P_MHAB,PL416,2006,0.75
A,P_MHAB,PL416,2007,3.628
A,P_MHAB,PL416,2008,3.748
A,P_MHAB,PL416,2009,1.932
A,P_MHAB,PL416,2010,3.747
A,P_MHAB,PL416,2011,7.635
A,P_MHAB,PL416,2012,2.62
A,P_MHAB,PL417,2000,1.26
A,P_MHAB,PL417,2001,0.939
A,P_MHAB,PL417,2002,0.15
A,P_MHAB,PL417,2003,8.408
A,P_MHAB,PL417,2005,5.582
A,P_MHAB,PL417,2007,3.242
A,P_MHAB,PL417,2008,3.233
A,P_MHAB,PL417,2009,2.154
A,P_MHAB,PL417,2010,0.974
A,P_MHAB,PL417,2011,1.593
A,P_MHAB,PL417,2012,7.362
A,P_MHAB,PL418,1994,0.372
A,P_MHAB,PL418,1996,0.264
A,P_MHAB,PL418,2001,1.307
A,P_MHAB,PL418,2003,0.478
A,P_MHAB,PL418,2005,0.785
A,P_MHAB,PL418,2006,3.518
A,P_MHAB,PL418,2007,2.87
A,P_MHAB,PL418,2008,7.32
A,P_MHAB,PL418,2009,5.973
A,P_MHAB,PL418,2010,11.011
A,P_MHAB,PL418,2011,3.474
A,P_MHAB,PL418,2012,8.819
A,P_MHAB,PL42,1990,0.596
A,P_MHAB,PL42,1994,0.193
A,P_MHAB,PL42,1995,0.291
A,P_MHAB,PL42,1996,0.291
A,P_MHAB,PL42,1997,0.516
A,P_MHAB,PL42,1998,0.289
A,P_MHAB,PL42,2001,0.147
A,P_MHAB,PL42,2002,0.589
A,P_MHAB,PL42,2003,1.119
A,P_MHAB,PL42,2004,1.81
A,P_MHAB,PL42,2005,4.313
A,P_MHAB,PL42,2006,3.028
A,P_MHAB,PL42,2007,2.776
A,P_MHAB,PL42,2008,3.451
A,P_MHAB,PL42,2009,3.81
A,P_MHAB,PL42,2010,3.4
A,P_MHAB,PL42,2011,6.664
A,P_MHAB,PL42,2012,7.949
A,P_MHAB,PL422,1996,0.821
A,P_MHAB,PL422,2001,0.421
A,P_MHAB,PL422,2004,2.241
A,P_MHAB,PL422,2006,1.264
A,P_MHAB,PL422,2007,4.217
A,P_MHAB,PL422,2008,3.26
A,P_MHAB,PL422,2009,2.113
A,P_MHAB,PL422,2011,2.533
A,P_MHAB,PL422,2012,0.558
A,P_MHAB,PL423,2002,2.642
A,P_MHAB,PL423,2003,0.872
A,P_MHAB,PL423,2004,1.06
A,P_MHAB,PL423,2005,2.653
A,P_MHAB,PL423,2006,2.657
A,P_MHAB,PL423,2007,2.661
A,P_MHAB,PL423,2009,3.439
A,P_MHAB,PL423,2010,7.975
A,P_MHAB,PL423,2011,10.651
A,P_MHAB,PL423,2012,3.044
A,P_MHAB,PL424,1990,2.494
A,P_MHAB,PL424,1994,0.79
A,P_MHAB,PL424,1995,1.192
A,P_MHAB,PL424,1997,1.051
A,P_MHAB,PL424,1998,1.193
A,P_MHAB,PL424,2003,3.782
A,P_MHAB,PL424,2004,2.729
A,P_MHAB,PL424,2005,10.221
A,P_MHAB,PL424,2006,5.594
A,P_MHAB,PL424,2007,2.933
A,P_MHAB,PL424,2008,6.326
A,P_MHAB,PL424,2009,7.716
A,P_MHAB,PL424,2010,6.539
A,P_MHAB,PL424,2011,10.228
A,P_MHAB,PL424,2012,22.113
A,P_MHAB,PL425,1997,1.402
A,P_MHAB,PL425,2004,0.643
A,P_MHAB,PL425,2005,6.72
A,P_MHAB,PL425,2006,3.445
A,P_MHAB,PL425,2008,4.191
A,P_MHAB,PL425,2009,2.412
A,P_MHAB,PL425,2010,0.312
A,P_MHAB,PL425,2011,5.097
A,P_MHAB,PL425,2012,9.291
A,P_MHAB,PL43,1990,1.005
A,P_MHAB,PL43,1994,0.496
A,P_MHAB,PL43,2000,0.327
A,P_MHAB,PL43,2001,0.496
A,P_MHAB,PL43,2002,2.607
A,P_MHAB,PL43,2003,5.207
A,P_MHAB,PL43,2004,10.121
A,P_MHAB,PL43,2005,9.235
A,P_MHAB,PL43,2006,4.291
A,P_MHAB,PL43,2007,4.462
A,P_MHAB,PL43,2008,3.322
A,P_MHAB,PL43,2009,10.605
A,P_MHAB,PL43,2010,15.026
A,P_MHAB,PL43,2011,13.852
A,P_MHAB,PL43,2012,16.112
A,P_MHAB,PL431,1990,2.684
A,P_MHAB,PL431,1994,1.321
A,P_MHAB,PL431,2000,0.87
A,P_MHAB,PL431,2003,2.632
A,P_MHAB,PL431,2008,0.262
A,P_MHAB,PL431,2009,5.235
A,P_MHAB,PL431,2011,1.757
A,P_MHAB,PL431,2012,6.683
A,P_MHAB,PL432,2001,0.795
A,P_MHAB,PL432,2002,4.182
A,P_MHAB,PL432,2003,6.765
A,P_MHAB,PL432,2004,16.265
A,P_MHAB,PL432,2005,14.843
A,P_MHAB,PL432,2006,6.9
A,P_MHAB,PL432,2007,7.178
A,P_MHAB,PL432,2008,5.186
A,P_MHAB,PL432,2009,13.877
A,P_MHAB,PL432,2010,24.125
A,P_MHAB,PL432,2011,21.182
A,P_MHAB,PL432,2012,21.85
A,P_MHAB,PL51,1990,0.227
A,P_MHAB,PL51,1991,1.798
A,P_MHAB,PL51,1992,0.646
A,P_MHAB,PL51,1993,1.118
A,P_MHAB,PL51,1994,1.512
A,P_MHAB,PL51,1995,0.335
A,P_MHAB,PL51,1996,0.669
A,P_MHAB,PL51,1997,1.282
A,P_MHAB,PL51,1998,0.335
A,P_MHAB,PL51,1999,0.496
A,P_MHAB,PL51,2000,1.2
A,P_MHAB,PL51,2001,1.26
A,P_MHAB,PL51,2002,1.395
A,P_MHAB,PL51,2003,4.562
A,P_MHAB,PL51,2004,2.922
A,P_MHAB,PL51,2005,3.356
A,P_MHAB,PL51,2006,4.504
A,P_MHAB,PL51,2007,7.185
A,P_MHAB,PL51,2008,5.197
A,P_MHAB,PL51,2009,10.16
A,P_MHAB,PL51,2010,10.475
A,P_MHAB,PL51,2011,11.365
A,P_MHAB,PL51,2012,11.255
A,P_MHAB,PL514,1990,1.08
A,P_MHAB,PL514,1991,8.286
A,P_MHAB,PL514,1992,2.983
A,P_MHAB,PL514,1993,3.637
A,P_MHAB,PL514,1994,6.632
A,P_MHAB,PL514,1995,1.555
A,P_MHAB,PL514,1996,3.115
A,P_MHAB,PL514,1997,3.903
A,P_MHAB,PL514,1998,1.564
A,P_MHAB,PL514,1999,1.787
A,P_MHAB,PL514,2000,5.439
A,P_MHAB,PL514,2001,4.948
A,P_MHAB,PL514,2002,4.385
A,P_MHAB,PL514,2003,16.944
A,P_MHAB,PL514,2004,12.172
A,P_MHAB,PL514,2005,8.456
A,P_MHAB,PL514,2006,10.803
A,P_MHAB,PL514,2007,21.509
A,P_MHAB,PL514,2008,18.722
A,P_MHAB,PL514,2009,33.868
A,P_MHAB,PL514,2010,34.508
A,P_MHAB,PL514,2011,32.329
A,P_MHAB,PL514,2012,33.574
A,P_MHAB,PL515,2002,0.846
A,P_MHAB,PL515,2003,1.832
A,P_MHAB,PL515,2004,0.221
A,P_MHAB,PL515,2005,2.269
A,P_MHAB,PL515,2006,3.766
A,P_MHAB,PL515,2007,1.72
A,P_MHAB,PL515,2008,1.553
A,P_MHAB,PL515,2009,1.435
A,P_MHAB,PL515,2010,2.466
A,P_MHAB,PL515,2011,5.239
A,P_MHAB,PL515,2012,4.857
A,P_MHAB,PL516,2002,1.656
A,P_MHAB,PL516,2004,0.554
A,P_MHAB,PL516,2006,0.733
A,P_MHAB,PL516,2007,2.962
A,P_MHAB,PL516,2008,0.557
A,P_MHAB,PL516,2009,3.344
A,P_MHAB,PL516,2010,4.453
A,P_MHAB,PL516,2011,4.855
A,P_MHAB,PL516,2012,3.232
A,P_MHAB,PL517,1997,1.46
A,P_MHAB,PL517,2001,0.469
A,P_MHAB,PL517,2003,1.432
A,P_MHAB,PL517,2004,0.475
A,P_MHAB,PL517,2005,2.894
A,P_MHAB,PL517,2006,4.972
A,P_MHAB,PL517,2007,1.463
A,P_MHAB,PL517,2008,1.47
A,P_MHAB,PL517,2009,1.772
A,P_MHAB,PL517,2010,4.767
A,P_MHAB,PL517,2011,0.577
A,P_MHAB,PL517,2012,4.874
A,P_MHAB,PL518,1993,1.924
A,P_MHAB,PL518,1994,0.48
A,P_MHAB,PL518,1997,0.475
A,P_MHAB,PL518,1999,0.625
A,P_MHAB,PL518,2001,0.326
A,P_MHAB,PL518,2003,0.628
A,P_MHAB,PL518,2005,1.891
A,P_MHAB,PL518,2006,0.339
A,P_MHAB,PL518,2007,6.992
A,P_MHAB,PL518,2008,1.787
A,P_MHAB,PL518,2009,7.933
A,P_MHAB,PL518,2010,3.574
A,P_MHAB,PL518,2011,12.545
A,P_MHAB,PL518,2012,6.986
A,P_MHAB,PL52,1990,0.82
A,P_MHAB,PL52,1994,0.228
A,P_MHAB,PL52,1998,0.917
A,P_MHAB,PL52,1999,1.074
A,P_MHAB,PL52,2000,1.164
A,P_MHAB,PL52,2001,1.457
A,P_MHAB,PL52,2004,1.876
A,P_MHAB,PL52,2005,2.53
A,P_MHAB,PL52,2006,3.838
A,P_MHAB,PL52,2007,2.898
A,P_MHAB,PL52,2008,6.644
A,P_MHAB,PL52,2009,2.236
A,P_MHAB,PL52,2010,9.505
A,P_MHAB,PL52,2011,0.339
A,P_MHAB,PL52,2012,8.561
A,P_MHAB,PL521,2005,1.109
A,P_MHAB,PL521,2006,9.046
A,P_MHAB,PL521,2007,4.254
A,P_MHAB,PL521,2008,9.494
A,P_MHAB,PL521,2009,4.238
A,P_MHAB,PL521,2010,4.486
A,P_MHAB,PL521,2011,0.834
A,P_MHAB,PL521,2012,8.25
A,P_MHAB,PL522,1990,1.353
A,P_MHAB,PL522,1994,0.373
A,P_MHAB,PL522,1998,1.501
A,P_MHAB,PL522,1999,1.759
A,P_MHAB,PL522,2000,1.914
A,P_MHAB,PL522,2001,2.399
A,P_MHAB,PL522,2004,3.096
A,P_MHAB,PL522,2005,3.456
A,P_MHAB,PL522,2006,0.457
A,P_MHAB,PL522,2007,2.014
A,P_MHAB,PL522,2008,4.782
A,P_MHAB,PL522,2009,0.928
A,P_MHAB,PL522,2010,12.965
A,P_MHAB,PL522,2012,8.773
A,P_MHAB,PL61,1990,0.097
A,P_MHAB,PL61,2001,0.324
A,P_MHAB,PL61,2003,0.435
A,P_MHAB,PL61,2004,2.539
A,P_MHAB,PL61,2005,1.209
A,P_MHAB,PL61,2006,1.958
A,P_MHAB,PL61,2007,5.846
A,P_MHAB,PL61,2008,4.438
A,P_MHAB,PL61,2009,2.055
A,P_MHAB,PL61,2010,4.753
A,P_MHAB,PL61,2011,4.862
A,P_MHAB,PL61,2012,6.05
A,P_MHAB,PL613,1990,0.276
A,P_MHAB,PL613,2004,3.31
A,P_MHAB,PL613,2005,3.305
A,P_MHAB,PL613,2006,4.355
A,P_MHAB,PL613,2007,5.012
A,P_MHAB,PL613,2008,10.103
A,P_MHAB,PL613,2009,3.947
A,P_MHAB,PL613,2010,7.84
A,P_MHAB,PL613,2011,7.826
A,P_MHAB,PL613,2012,5.191
A,P_MHAB,PL614,2001,1.265
A,P_MHAB,PL614,2004,0.943
A,P_MHAB,PL614,2006,1.133
A,P_MHAB,PL614,2007,11.768
A,P_MHAB,PL614,2008,0.944
A,P_MHAB,PL614,2010,2.637
A,P_MHAB,PL614,2011,4.705
A,P_MHAB,PL614,2012,12.369
A,P_MHAB,PL615,2003,1.149
A,P_MHAB,PL615,2004,2.874
A,P_MHAB,PL615,2006,0.179
A,P_MHAB,PL615,2007,2.632
A,P_MHAB,PL615,2008,1.286
A,P_MHAB,PL615,2009,1.608
A,P_MHAB,PL615,2010,3.169
A,P_MHAB,PL615,2011,2.055
A,P_MHAB,PL615,2012,2.575
A,P_MHAB,PL62,1994,0.693
A,P_MHAB,PL62,1997,0.227
A,P_MHAB,PL62,1998,0.459
A,P_MHAB,PL62,2000,0.098
A,P_MHAB,PL62,2003,1.281
A,P_MHAB,PL62,2004,0.35
A,P_MHAB,PL62,2005,0.42
A,P_MHAB,PL62,2006,1.155
A,P_MHAB,PL62,2008,1.227
A,P_MHAB,PL62,2009,0.491
A,P_MHAB,PL62,2010,2.394
A,P_MHAB,PL62,2011,1.813
A,P_MHAB,PL62,2012,2.221
A,P_MHAB,PL621,1994,1.866
A,P_MHAB,PL621,1997,0.609
A,P_MHAB,PL621,1998,1.233
A,P_MHAB,PL621,2000,0.263
A,P_MHAB,PL621,2003,1.556
A,P_MHAB,PL621,2006,0.752
A,P_MHAB,PL621,2008,1.887
A,P_MHAB,PL621,2010,1.883
A,P_MHAB,PL621,2011,0.942
A,P_MHAB,PL621,2012,2.832
A,P_MHAB,PL622,2004,0.818
A,P_MHAB,PL622,2005,0.163
A,P_MHAB,PL622,2006,1.714
A,P_MHAB,PL622,2008,1.224
A,P_MHAB,PL622,2009,1.141
A,P_MHAB,PL622,2010,3.259
A,P_MHAB,PL622,2011,3.403
A,P_MHAB,PL622,2012,2.72
A,P_MHAB,PL623,2003,3.52
A,P_MHAB,PL623,2005,1.759
A,P_MHAB,PL623,2006,0.703
A,P_MHAB,PL623,2010,1.48
A,P_MHAB,PL63,1990,0.954
A,P_MHAB,PL63,1991,0.943
A,P_MHAB,PL63,1992,1.21
A,P_MHAB,PL63,1993,0.739
A,P_MHAB,PL63,1994,0.507
A,P_MHAB,PL63,1995,0.278
A,P_MHAB,PL63,1996,1.385
A,P_MHAB,PL63,1997,1.335
A,P_MHAB,PL63,1998,1.854
A,P_MHAB,PL63,1999,1.286
A,P_MHAB,PL63,2000,2.654
A,P_MHAB,PL63,2001,1.243
A,P_MHAB,PL63,2002,4.196
A,P_MHAB,PL63,2003,1.681
A,P_MHAB,PL63,2004,2.115
A,P_MHAB,PL63,2005,2.074
A,P_MHAB,PL63,2006,1.128
A,P_MHAB,PL63,2007,7.315
A,P_MHAB,PL63,2008,5.021
A,P_MHAB,PL63,2009,4.992
A,P_MHAB,PL63,2010,7.029
A,P_MHAB,PL63,2011,11.031
A,P_MHAB,PL63,2012,8.011
A,P_MHAB,PL631,1992,4.233
A,P_MHAB,PL631,1994,0.187
A,P_MHAB,PL631,1997,4.952
A,P_MHAB,PL631,1998,4.112
A,P_MHAB,PL631,1999,0.287
A,P_MHAB,PL631,2000,4.573
A,P_MHAB,PL631,2002,10.486
A,P_MHAB,PL631,2003,2.095
A,P_MHAB,PL631,2004,3.956
A,P_MHAB,PL631,2005,4.187
A,P_MHAB,PL631,2007,14.116
A,P_MHAB,PL631,2008,1.735
A,P_MHAB,PL631,2009,6.255
A,P_MHAB,PL631,2010,4.159
A,P_MHAB,PL631,2011,2.077
A,P_MHAB,PL631,2012,2.222
A,P_MHAB,PL633,1990,2.689
A,P_MHAB,PL633,1991,1.31
A,P_MHAB,PL633,1992,0.759
A,P_MHAB,PL633,1993,2.088
A,P_MHAB,PL633,1994,1.319
A,P_MHAB,PL633,1995,0.791
A,P_MHAB,PL633,1996,3.957
A,P_MHAB,PL633,1997,0.66
A,P_MHAB,PL633,1998,2.699
A,P_MHAB,PL633,1999,2.211
A,P_MHAB,PL633,2000,4.709
A,P_MHAB,PL633,2001,3.559
A,P_MHAB,PL633,2002,5.467
A,P_MHAB,PL633,2003,3.529
A,P_MHAB,PL633,2004,2.316
A,P_MHAB,PL633,2005,3.387
A,P_MHAB,PL633,2006,2.77
A,P_MHAB,PL633,2007,9.41
A,P_MHAB,PL633,2008,10.763
A,P_MHAB,PL633,2009,7.638
A,P_MHAB,PL633,2010,15.762
A,P_MHAB,PL633,2011,23.71
A,P_MHAB,PL633,2012,21.421
A,P_MHAB,PL634,1991,2.407
A,P_MHAB,PL634,1999,2.221
A,P_MHAB,PL634,2004,1.74
A,P_MHAB,PL634,2006,0.828
A,P_MHAB,PL634,2007,1.531
A,P_MHAB,PL634,2008,0.923
A,P_MHAB,PL634,2009,4.744
A,P_MHAB,PL634,2010,0.639
A,P_MHAB,PL634,2011,4.435
A,P_MHAB,PL634,2012,1.595
A,P_MHAB,PL635,2004,0.351
A,P_MHAB,PL635,2007,3.241
A,P_MHAB,PL635,2008,3.66
A,P_MHAB,PL635,2010,3.374
A,P_MHAB,PL635,2011,7.715
A,P_MHAB,PL635,2012,0.503
A,P_MHAB,PT11,1992,1.353
A,P_MHAB,PT11,1993,1.657
A,P_MHAB,PT11,1994,1.132
A,P_MHAB,PT11,1995,0.797
A,P_MHAB,PT11,1996,0.804
A,P_MHAB,PT11,1997,1.435
A,P_MHAB,PT11,1998,2.206
A,P_MHAB,PT11,1999,2.427
A,P_MHAB,PT11,2000,4.222
A,P_MHAB,PT11,2001,3.215
A,P_MHAB,PT11,2002,4.688
A,P_MHAB,PT11,2003,7.06
A,P_MHAB,PT11,2004,5.779
A,P_MHAB,PT11,2005,9.928
A,P_MHAB,PT11,2006,10.551
A,P_MHAB,PT11,2007,11.323
A,P_MHAB,PT11,2008,11.482
A,P_MHAB,PT11,2009,9.145
A,P_MHAB,PT11,2010,8.675
A,P_MHAB,PT11,2011,8.848
A,P_MHAB,PT11,2012,7.23
A,P_MHAB,PT111,1992,3.99
A,P_MHAB,PT111,2003,0.558
A,P_MHAB,PT111,2004,3.314
A,P_MHAB,PT111,2005,3.998
A,P_MHAB,PT111,2006,2.003
A,P_MHAB,PT111,2007,13.174
A,P_MHAB,PT111,2008,10.744
A,P_MHAB,PT111,2009,5.374
A,P_MHAB,PT111,2011,2.038
A,P_MHAB,PT111,2012,2.744
A,P_MHAB,PT112,1993,2.773
A,P_MHAB,PT112,1994,4.81
A,P_MHAB,PT112,1995,1.361
A,P_MHAB,PT112,1997,4.674
A,P_MHAB,PT112,1998,7.268
A,P_MHAB,PT112,1999,7.844
A,P_MHAB,PT112,2000,5.609
A,P_MHAB,PT112,2001,3.827
A,P_MHAB,PT112,2002,8.012
A,P_MHAB,PT112,2003,10.53
A,P_MHAB,PT112,2004,9.525
A,P_MHAB,PT112,2005,12.157
A,P_MHAB,PT112,2006,9.704
A,P_MHAB,PT112,2007,6.317
A,P_MHAB,PT112,2008,10.112
A,P_MHAB,PT112,2009,14.462
A,P_MHAB,PT112,2010,14.453
A,P_MHAB,PT112,2011,15.132
A,P_MHAB,PT112,2012,21.385
A,P_MHAB,PT113,1994,0.521
A,P_MHAB,PT113,1997,1.159
A,P_MHAB,PT113,1998,2.017
A,P_MHAB,PT113,1999,0.66
A,P_MHAB,PT113,2000,4.959
A,P_MHAB,PT113,2003,5.979
A,P_MHAB,PT113,2004,4.859
A,P_MHAB,PT113,2005,15.174
A,P_MHAB,PT113,2006,4.518
A,P_MHAB,PT113,2007,10.949
A,P_MHAB,PT113,2008,7.79
A,P_MHAB,PT113,2009,10.991
A,P_MHAB,PT113,2010,11.403
A,P_MHAB,PT113,2011,9.744
A,P_MHAB,PT113,2012,10.41
A,P_MHAB,PT114,1992,2.745
A,P_MHAB,PT114,1993,3.22
A,P_MHAB,PT114,1994,1.67
A,P_MHAB,PT114,1995,1.932
A,P_MHAB,PT114,1996,1.54
A,P_MHAB,PT114,1997,1.498
A,P_MHAB,PT114,1998,3.421
A,P_MHAB,PT114,1999,3.615
A,P_MHAB,PT114,2000,7.548
A,P_MHAB,PT114,2001,7.812
A,P_MHAB,PT114,2002,10.139
A,P_MHAB,PT114,2003,13.857
A,P_MHAB,PT114,2004,7.948
A,P_MHAB,PT114,2005,14.055
A,P_MHAB,PT114,2006,18.573
A,P_MHAB,PT114,2007,18.02
A,P_MHAB,PT114,2008,17.858
A,P_MHAB,PT114,2009,12.808
A,P_MHAB,PT114,2010,13.152
A,P_MHAB,PT114,2011,12.814
A,P_MHAB,PT114,2012,8.297
A,P_MHAB,PT115,1992,0.969
A,P_MHAB,PT115,2003,0.253
A,P_MHAB,PT115,2009,3.605
A,P_MHAB,PT115,2010,1.807
A,P_MHAB,PT115,2011,2.377
A,P_MHAB,PT116,1996,3.792
A,P_MHAB,PT116,1997,3.757
A,P_MHAB,PT116,1999,3.69
A,P_MHAB,PT116,2001,1.81
A,P_MHAB,PT116,2002,3.607
A,P_MHAB,PT116,2003,3.597
A,P_MHAB,PT116,2004,13.761
A,P_MHAB,PT116,2005,18.682
A,P_MHAB,PT116,2006,23.907
A,P_MHAB,PT116,2007,17.8
A,P_MHAB,PT116,2008,27.174
A,P_MHAB,PT116,2009,9.169
A,P_MHAB,PT116,2010,8.651
A,P_MHAB,PT116,2011,7.27
A,P_MHAB,PT116,2012,3.632
A,P_MHAB,PT117,2000,5.987
A,P_MHAB,PT117,2004,1.508
A,P_MHAB,PT117,2006,4.64
A,P_MHAB,PT117,2007,7.006
A,P_MHAB,PT117,2008,4.706
A,P_MHAB,PT117,2011,4.847
A,P_MHAB,PT117,2012,0.976
A,P_MHAB,PT118,1993,4.299
A,P_MHAB,PT118,2002,1.485
A,P_MHAB,PT118,2006,4.635
A,P_MHAB,PT118,2007,4.676
A,P_MHAB,PT118,2008,1.557
A,P_MHAB,PT118,2011,0.83
A,P_MHAB,PT15,1992,0.577
A,P_MHAB,PT15,1993,3.348
A,P_MHAB,PT15,1996,5.526
A,P_MHAB,PT15,1997,0.463
A,P_MHAB,PT15,1998,1.341
A,P_MHAB,PT15,1999,0.871
A,P_MHAB,PT15,2001,1.781
A,P_MHAB,PT15,2002,1.247
A,P_MHAB,PT15,2003,2.451
A,P_MHAB,PT15,2004,0.604
A,P_MHAB,PT15,2005,2.795
A,P_MHAB,PT15,2006,2.951
A,P_MHAB,PT15,2007,8.559
A,P_MHAB,PT15,2008,6.904
A,P_MHAB,PT15,2009,4.999
A,P_MHAB,PT15,2010,4.486
A,P_MHAB,PT15,2011,3.324
A,P_MHAB,PT15,2012,3.743
A,P_MHAB,PT150,1992,0.577
A,P_MHAB,PT150,1993,3.348
A,P_MHAB,PT150,1996,5.526
A,P_MHAB,PT150,1997,0.463
A,P_MHAB,PT150,1998,1.341
A,P_MHAB,PT150,1999,0.871
A,P_MHAB,PT150,2001,1.781
A,P_MHAB,PT150,2002,1.247
A,P_MHAB,PT150,2003,2.451
A,P_MHAB,PT150,2004,0.604
A,P_MHAB,PT150,2005,2.795
A,P_MHAB,PT150,2006,2.951
A,P_MHAB,PT150,2007,8.559
A,P_MHAB,PT150,2008,6.904
A,P_MHAB,PT150,2009,4.999
A,P_MHAB,PT150,2010,4.486
A,P_MHAB,PT150,2011,3.324
A,P_MHAB,PT150,2012,3.743
A,P_MHAB,PT16,1992,0.44
A,P_MHAB,PT16,1993,1.602
A,P_MHAB,PT16,1994,0.22
A,P_MHAB,PT16,1995,0.219
A,P_MHAB,PT16,1996,1.891
A,P_MHAB,PT16,1997,3.591
A,P_MHAB,PT16,1998,1.795
A,P_MHAB,PT16,1999,2.59
A,P_MHAB,PT16,2000,5.724
A,P_MHAB,PT16,2001,3.723
A,P_MHAB,PT16,2002,3.402
A,P_MHAB,PT16,2003,5.562
A,P_MHAB,PT16,2004,5.917
A,P_MHAB,PT16,2005,12.835
A,P_MHAB,PT16,2006,8.608
A,P_MHAB,PT16,2007,8.087
A,P_MHAB,PT16,2008,9.365
A,P_MHAB,PT16,2009,4.479
A,P_MHAB,PT16,2010,9.047
A,P_MHAB,PT16,2011,9.427
A,P_MHAB,PT16,2012,11.722
A,P_MHAB,PT161,1993,0.393
A,P_MHAB,PT161,1995,1.378
A,P_MHAB,PT161,1996,10.926
A,P_MHAB,PT161,1997,6.087
A,P_MHAB,PT161,1998,9.752
A,P_MHAB,PT161,1999,4.432
A,P_MHAB,PT161,2000,21.9
A,P_MHAB,PT161,2001,5.848
A,P_MHAB,PT161,2002,14.86
A,P_MHAB,PT161,2003,8.805
A,P_MHAB,PT161,2004,16.052
A,P_MHAB,PT161,2005,38.233
A,P_MHAB,PT161,2006,25.525
A,P_MHAB,PT161,2007,22.09
A,P_MHAB,PT161,2008,19.356
A,P_MHAB,PT161,2009,21.187
A,P_MHAB,PT161,2010,27.421
A,P_MHAB,PT161,2011,25.053
A,P_MHAB,PT161,2012,36.826
A,P_MHAB,PT162,1992,3.018
A,P_MHAB,PT162,1993,6.036
A,P_MHAB,PT162,1994,1.506
A,P_MHAB,PT162,1996,0.988
A,P_MHAB,PT162,1999,2.966
A,P_MHAB,PT162,2000,11.825
A,P_MHAB,PT162,2001,0.736
A,P_MHAB,PT162,2002,0.735
A,P_MHAB,PT162,2003,7.292
A,P_MHAB,PT162,2004,10.105
A,P_MHAB,PT162,2005,11.897
A,P_MHAB,PT162,2006,13.226
A,P_MHAB,PT162,2007,18.542
A,P_MHAB,PT162,2008,21.806
A,P_MHAB,PT162,2009,6.057
A,P_MHAB,PT162,2010,17.026
A,P_MHAB,PT162,2011,20.126
A,P_MHAB,PT162,2012,18.711
A,P_MHAB,PT163,1993,4.383
A,P_MHAB,PT163,1997,12.636
A,P_MHAB,PT163,1999,8.223
A,P_MHAB,PT163,2001,9.308
A,P_MHAB,PT163,2002,5.941
A,P_MHAB,PT163,2003,3.934
A,P_MHAB,PT163,2004,7.829
A,P_MHAB,PT163,2005,7.796
A,P_MHAB,PT163,2006,3.885
A,P_MHAB,PT163,2007,1.934
A,P_MHAB,PT163,2008,9.636
A,P_MHAB,PT163,2010,7.671
A,P_MHAB,PT163,2011,1.914
A,P_MHAB,PT163,2012,18.457
A,P_MHAB,PT164,2003,7.256
A,P_MHAB,PT164,2006,1.844
A,P_MHAB,PT164,2007,3.703
A,P_MHAB,PT164,2008,1.489
A,P_MHAB,PT164,2010,7.531
A,P_MHAB,PT164,2011,5.689
A,P_MHAB,PT165,1998,1.771
A,P_MHAB,PT165,2000,3.519
A,P_MHAB,PT165,2001,3.151
A,P_MHAB,PT165,2008,4.016
A,P_MHAB,PT165,2009,0.607
A,P_MHAB,PT165,2010,0.466
A,P_MHAB,PT165,2011,4.503
A,P_MHAB,PT166,1993,10.068
A,P_MHAB,PT166,2011,6.117
A,P_MHAB,PT167,2001,20.042
A,P_MHAB,PT168,2005,13.413
A,P_MHAB,PT168,2011,4.774
A,P_MHAB,PT169,2005,6.464
A,P_MHAB,PT169,2012,1.886
A,P_MHAB,PT16A,2001,10.696
A,P_MHAB,PT16A,2003,23.683
A,P_MHAB,PT16A,2004,16.239
A,P_MHAB,PT16A,2005,37.023
A,P_MHAB,PT16A,2006,30.69
A,P_MHAB,PT16A,2007,13.775
A,P_MHAB,PT16A,2008,13.638
A,P_MHAB,PT16A,2010,12.838
A,P_MHAB,PT16A,2012,4.946
A,P_MHAB,PT16B,1997,6.139
A,P_MHAB,PT16B,1999,4.016
A,P_MHAB,PT16B,2001,2.958
A,P_MHAB,PT16B,2002,1.464
A,P_MHAB,PT16B,2003,8.699
A,P_MHAB,PT16B,2004,2.158
A,P_MHAB,PT16B,2005,11.058
A,P_MHAB,PT16B,2006,2.839
A,P_MHAB,PT16B,2007,4.707
A,P_MHAB,PT16B,2008,3.052
A,P_MHAB,PT16B,2011,2.975
A,P_MHAB,PT16B,2012,3.45
A,P_MHAB,PT16C,1997,4.488
A,P_MHAB,PT16C,2006,3.343
A,P_MHAB,PT16C,2007,0.894
A,P_MHAB,PT16C,2008,4.119
A,P_MHAB,PT16C,2010,2.073
A,P_MHAB,PT16C,2011,5.156
A,P_MHAB,PT17,1992,1.811
A,P_MHAB,PT17,1993,3.02
A,P_MHAB,PT17,1994,3.303
A,P_MHAB,PT17,1995,3.006
A,P_MHAB,PT17,1996,3.19
A,P_MHAB,PT17,1997,3.304
A,P_MHAB,PT17,1998,4.413
A,P_MHAB,PT17,1999,7.827
A,P_MHAB,PT17,2000,4.534
A,P_MHAB,PT17,2001,6.75
A,P_MHAB,PT17,2002,4.271
A,P_MHAB,PT17,2003,8.6
A,P_MHAB,PT17,2004,7.046
A,P_MHAB,PT17,2005,19.06
A,P_MHAB,PT17,2006,14.081
A,P_MHAB,PT17,2007,18.916
A,P_MHAB,PT17,2008,13.388
A,P_MHAB,PT17,2009,13.452
A,P_MHAB,PT17,2010,11.712
A,P_MHAB,PT17,2011,16.094
A,P_MHAB,PT17,2012,8.634
A,P_MHAB,PT171,1992,1.376
A,P_MHAB,PT171,1993,3.536
A,P_MHAB,PT171,1994,3.396
A,P_MHAB,PT171,1995,2.825
A,P_MHAB,PT171,1996,3.97
A,P_MHAB,PT171,1997,4.223
A,P_MHAB,PT171,1998,5.39
A,P_MHAB,PT171,1999,9.794
A,P_MHAB,PT171,2000,4.629
A,P_MHAB,PT171,2001,8.713
A,P_MHAB,PT171,2002,5.845
A,P_MHAB,PT171,2003,10.662
A,P_MHAB,PT171,2004,8.388
A,P_MHAB,PT171,2005,22.118
A,P_MHAB,PT171,2006,17.695
A,P_MHAB,PT171,2007,21.168
A,P_MHAB,PT171,2008,14.565
A,P_MHAB,PT171,2009,13.89
A,P_MHAB,PT171,2010,13.145
A,P_MHAB,PT171,2011,18.425
A,P_MHAB,PT171,2012,9.158
A,P_MHAB,PT172,1992,3.08
A,P_MHAB,PT172,1993,1.531
A,P_MHAB,PT172,1994,3.036
A,P_MHAB,PT172,1995,3.502
A,P_MHAB,PT172,1996,0.997
A,P_MHAB,PT172,1997,0.737
A,P_MHAB,PT172,1998,1.706
A,P_MHAB,PT172,1999,2.408
A,P_MHAB,PT172,2000,4.273
A,P_MHAB,PT172,2001,1.404
A,P_MHAB,PT172,2003,3.042
A,P_MHAB,PT172,2004,3.434
A,P_MHAB,PT172,2005,10.866
A,P_MHAB,PT172,2006,4.436
A,P_MHAB,PT172,2007,12.948
A,P_MHAB,PT172,2008,10.273
A,P_MHAB,PT172,2009,12.297
A,P_MHAB,PT172,2010,7.947
A,P_MHAB,PT172,2011,9.976
A,P_MHAB,PT172,2012,7.267
A,P_MHAB,PT18,1994,0.641
A,P_MHAB,PT18,1995,2.567
A,P_MHAB,PT18,1996,1.286
A,P_MHAB,PT18,1997,0.902
A,P_MHAB,PT18,1998,3.649
A,P_MHAB,PT18,1999,0.426
A,P_MHAB,PT18,2001,0.425
A,P_MHAB,PT18,2002,1.61
A,P_MHAB,PT18,2003,1.288
A,P_MHAB,PT18,2004,3.229
A,P_MHAB,PT18,2005,2.587
A,P_MHAB,PT18,2006,7.459
A,P_MHAB,PT18,2007,2.6
A,P_MHAB,PT18,2008,6.775
A,P_MHAB,PT18,2009,1.792
A,P_MHAB,PT18,2010,6.01
A,P_MHAB,PT18,2011,12.824
A,P_MHAB,PT18,2012,7.834
A,P_MHAB,PT181,1995,10.082
A,P_MHAB,PT181,1996,10.072
A,P_MHAB,PT181,1997,2.014
A,P_MHAB,PT181,1998,13.388
A,P_MHAB,PT181,2002,2.5
A,P_MHAB,PT181,2003,4.997
A,P_MHAB,PT181,2008,1.718
A,P_MHAB,PT181,2009,1.723
A,P_MHAB,PT181,2011,10.192
A,P_MHAB,PT181,2012,3.372
A,P_MHAB,PT182,2004,7.995
A,P_MHAB,PT182,2009,8.281
A,P_MHAB,PT182,2011,33.683
A,P_MHAB,PT182,2012,25.59
A,P_MHAB,PT183,1994,2.884
A,P_MHAB,PT183,1997,2.887
A,P_MHAB,PT183,2001,1.901
A,P_MHAB,PT183,2002,5.767
A,P_MHAB,PT183,2004,8.696
A,P_MHAB,PT183,2005,11.619
A,P_MHAB,PT183,2006,10.213
A,P_MHAB,PT183,2008,1.0
A,P_MHAB,PT183,2011,2.992
A,P_MHAB,PT184,2007,7.653
A,P_MHAB,PT184,2008,23.089
A,P_MHAB,PT184,2010,24.761
A,P_MHAB,PT184,2011,18.352
A,P_MHAB,PT185,1995,4.251
A,P_MHAB,PT185,1998,6.33
A,P_MHAB,PT185,1999,1.388
A,P_MHAB,PT185,2003,2.056
A,P_MHAB,PT185,2006,16.308
A,P_MHAB,PT185,2007,4.063
A,P_MHAB,PT185,2008,7.576
A,P_MHAB,PT185,2009,0.809
A,P_MHAB,PT185,2010,5.735
A,P_MHAB,PT185,2011,7.628
A,P_MHAB,PT185,2012,10.421
A,P_MHAB,PT20,1999,1.373
A,P_MHAB,PT20,2002,4.123
A,P_MHAB,PT20,2007,4.07
A,P_MHAB,PT20,2008,2.719
A,P_MHAB,PT200,1999,1.373
A,P_MHAB,PT200,2002,4.123
A,P_MHAB,PT200,2007,4.07
A,P_MHAB,PT200,2008,2.719
A,P_MHAB,PT30,1994,2.012
A,P_MHAB,PT30,1995,4.057
A,P_MHAB,PT30,1999,4.128
A,P_MHAB,PT30,2000,4.118
A,P_MHAB,PT30,2001,1.024
A,P_MHAB,PT30,2003,3.98
A,P_MHAB,PT30,2006,3.867
A,P_MHAB,PT30,2007,0.23
A,P_MHAB,PT30,2009,0.754
A,P_MHAB,PT30,2011,3.732
A,P_MHAB,PT300,1994,2.012
A,P_MHAB,PT300,1995,4.057
A,P_MHAB,PT300,1999,4.128
A,P_MHAB,PT300,2000,4.118
A,P_MHAB,PT300,2001,1.024
A,P_MHAB,PT300,2003,3.98
A,P_MHAB,PT300,2006,3.867
A,P_MHAB,PT300,2007,0.23
A,P_MHAB,PT300,2009,0.754
A,P_MHAB,PT300,2011,3.732
A,P_MHAB,RO11,1997,0.307
A,P_MHAB,RO11,1998,0.35
A,P_MHAB,RO11,2001,0.468
A,P_MHAB,RO11,2002,0.217
A,P_MHAB,RO11,2003,0.894
A,P_MHAB,RO11,2004,1.578
A,P_MHAB,RO11,2005,1.488
A,P_MHAB,RO11,2006,0.634
A,P_MHAB,RO11,2007,0.66
A,P_MHAB,RO11,2008,1.009
A,P_MHAB,RO11,2009,0.184
A,P_MHAB,RO11,2010,0.949
A,P_MHAB,RO11,2011,2.664
A,P_MHAB,RO11,2012,1.539
A,P_MHAB,RO111,2005,1.676
A,P_MHAB,RO111,2006,0.554
A,P_MHAB,RO111,2007,2.018
A,P_MHAB,RO112,1997,0.244
A,P_MHAB,RO112,2001,3.066
A,P_MHAB,RO112,2004,3.134
A,P_MHAB,RO112,2005,0.788
A,P_MHAB,RO112,2006,3.138
A,P_MHAB,RO112,2011,1.578
A,P_MHAB,RO113,1998,1.38
A,P_MHAB,RO113,2001,0.457
A,P_MHAB,RO113,2002,0.577
A,P_MHAB,RO113,2003,1.939
A,P_MHAB,RO113,2004,0.481
A,P_MHAB,RO113,2005,2.625
A,P_MHAB,RO113,2006,0.366
A,P_MHAB,RO113,2007,0.649
A,P_MHAB,RO113,2008,3.497
A,P_MHAB,RO113,2009,0.724
A,P_MHAB,RO113,2010,2.282
A,P_MHAB,RO113,2011,6.829
A,P_MHAB,RO113,2012,4.325
A,P_MHAB,RO114,2002,0.384
A,P_MHAB,RO114,2003,1.923
A,P_MHAB,RO114,2004,1.93
A,P_MHAB,RO114,2005,1.939
A,P_MHAB,RO114,2006,0.271
A,P_MHAB,RO114,2011,1.315
A,P_MHAB,RO115,2003,0.348
A,P_MHAB,RO115,2004,5.367
A,P_MHAB,RO115,2010,2.743
A,P_MHAB,RO115,2011,2.751
A,P_MHAB,RO115,2012,2.911
A,P_MHAB,RO116,1997,3.072
A,P_MHAB,RO116,2007,0.575
A,P_MHAB,RO116,2008,1.359
A,P_MHAB,RO116,2011,1.374
A,P_MHAB,RO12,1996,0.311
A,P_MHAB,RO12,1997,0.375
A,P_MHAB,RO12,2001,0.053
A,P_MHAB,RO12,2002,0.141
A,P_MHAB,RO12,2005,2.143
A,P_MHAB,RO12,2006,0.548
A,P_MHAB,RO12,2007,1.715
A,P_MHAB,RO12,2008,0.463
A,P_MHAB,RO12,2009,1.781
A,P_MHAB,RO12,2010,1.129
A,P_MHAB,RO12,2011,1.32
A,P_MHAB,RO12,2012,1.758
A,P_MHAB,RO121,2005,2.631
A,P_MHAB,RO121,2007,0.664
A,P_MHAB,RO121,2012,3.895
A,P_MHAB,RO122,1996,1.3
A,P_MHAB,RO122,2001,0.223
A,P_MHAB,RO122,2005,3.526
A,P_MHAB,RO122,2006,0.655
A,P_MHAB,RO122,2007,0.979
A,P_MHAB,RO122,2009,3.351
A,P_MHAB,RO122,2010,2.925
A,P_MHAB,RO122,2011,2.672
A,P_MHAB,RO122,2012,2.875
A,P_MHAB,RO123,2002,1.107
A,P_MHAB,RO123,2006,4.462
A,P_MHAB,RO123,2007,2.236
A,P_MHAB,RO123,2011,0.901
A,P_MHAB,RO124,2005,6.111
A,P_MHAB,RO124,2011,3.082
A,P_MHAB,RO124,2012,1.833
A,P_MHAB,RO125,2002,0.187
A,P_MHAB,RO125,2005,0.566
A,P_MHAB,RO125,2008,0.86
A,P_MHAB,RO125,2009,1.152
A,P_MHAB,RO125,2010,0.775
A,P_MHAB,RO125,2011,0.345
A,P_MHAB,RO125,2012,0.309
A,P_MHAB,RO126,1997,2.249
A,P_MHAB,RO126,2007,7.09
A,P_MHAB,RO126,2008,1.583
A,P_MHAB,RO126,2009,4.307
A,P_MHAB,RO126,2010,1.53
A,P_MHAB,RO126,2011,0.774
A,P_MHAB,RO126,2012,1.254
A,P_MHAB,RO21,1995,0.529
A,P_MHAB,RO21,1996,0.087
A,P_MHAB,RO21,1997,0.037
A,P_MHAB,RO21,1998,0.395
A,P_MHAB,RO21,1999,0.242
A,P_MHAB,RO21,2000,0.065
A,P_MHAB,RO21,2002,0.171
A,P_MHAB,RO21,2003,0.045
A,P_MHAB,RO21,2004,0.393
A,P_MHAB,RO21,2005,0.209
A,P_MHAB,RO21,2006,1.025
A,P_MHAB,RO21,2007,0.33
A,P_MHAB,RO21,2008,0.725
A,P_MHAB,RO21,2009,0.538
A,P_MHAB,RO21,2010,0.646
A,P_MHAB,RO21,2011,0.805
A,P_MHAB,RO21,2012,1.497
A,P_MHAB,RO211,2005,0.345
A,P_MHAB,RO211,2009,0.696
A,P_MHAB,RO211,2010,0.698
A,P_MHAB,RO212,2010,0.446
A,P_MHAB,RO212,2012,0.609
A,P_MHAB,RO213,1995,1.834
A,P_MHAB,RO213,1996,0.401
A,P_MHAB,RO213,1997,0.17
A,P_MHAB,RO213,1998,1.815
A,P_MHAB,RO213,1999,1.107
A,P_MHAB,RO213,2000,0.299
A,P_MHAB,RO213,2002,0.174
A,P_MHAB,RO213,2003,0.209
A,P_MHAB,RO213,2004,0.535
A,P_MHAB,RO213,2005,0.652
A,P_MHAB,RO213,2006,3.071
A,P_MHAB,RO213,2007,0.897
A,P_MHAB,RO213,2008,2.076
A,P_MHAB,RO213,2009,1.214
A,P_MHAB,RO213,2010,1.455
A,P_MHAB,RO213,2011,3.139
A,P_MHAB,RO213,2012,4.437
A,P_MHAB,RO214,2002,0.868
A,P_MHAB,RO214,2004,0.542
A,P_MHAB,RO214,2011,0.711
A,P_MHAB,RO215,1995,0.704
A,P_MHAB,RO215,2004,0.709
A,P_MHAB,RO215,2007,0.707
A,P_MHAB,RO215,2008,1.414
A,P_MHAB,RO215,2009,0.707
A,P_MHAB,RO215,2010,0.706
A,P_MHAB,RO215,2012,1.578
A,P_MHAB,RO216,2006,2.888
A,P_MHAB,RO216,2012,0.634
A,P_MHAB,RO22,1995,0.396
A,P_MHAB,RO22,1998,0.34
A,P_MHAB,RO22,2001,0.048
A,P_MHAB,RO22,2002,0.696
A,P_MHAB,RO22,2003,0.349
A,P_MHAB,RO22,2005,0.351
A,P_MHAB,RO22,2006,1.055
A,P_MHAB,RO22,2008,0.177
A,P_MHAB,RO22,2010,0.178
A,P_MHAB,RO22,2011,0.357
A,P_MHAB,RO22,2012,0.855
A,P_MHAB,RO221,2001,0.363
A,P_MHAB,RO222,2006,2.029
A,P_MHAB,RO222,2012,2.605
A,P_MHAB,RO223,1995,0.227
A,P_MHAB,RO223,2002,2.802
A,P_MHAB,RO223,2005,1.399
A,P_MHAB,RO223,2008,0.695
A,P_MHAB,RO223,2010,0.691
A,P_MHAB,RO224,1995,1.555
A,P_MHAB,RO224,1998,1.557
A,P_MHAB,RO224,2003,1.602
A,P_MHAB,RO224,2006,3.231
A,P_MHAB,RO225,2011,4.08
A,P_MHAB,RO225,2012,4.717
A,P_MHAB,RO31,1999,0.382
A,P_MHAB,RO31,2000,0.049
A,P_MHAB,RO31,2001,0.04
A,P_MHAB,RO31,2002,0.148
A,P_MHAB,RO31,2003,0.018
A,P_MHAB,RO31,2004,0.388
A,P_MHAB,RO31,2005,0.398
A,P_MHAB,RO31,2006,0.202
A,P_MHAB,RO31,2007,0.263
A,P_MHAB,RO31,2008,0.398
A,P_MHAB,RO31,2009,0.39
A,P_MHAB,RO31,2010,0.251
A,P_MHAB,RO31,2011,0.615
A,P_MHAB,RO31,2012,1.627
A,P_MHAB,RO311,1999,1.484
A,P_MHAB,RO311,2003,0.092
A,P_MHAB,RO311,2004,0.077
A,P_MHAB,RO311,2012,0.409
A,P_MHAB,RO313,2001,0.253
A,P_MHAB,RO313,2002,0.922
A,P_MHAB,RO313,2004,0.464
A,P_MHAB,RO313,2006,0.615
A,P_MHAB,RO313,2012,4.018
A,P_MHAB,RO314,2004,3.466
A,P_MHAB,RO316,1999,0.384
A,P_MHAB,RO316,2000,0.198
A,P_MHAB,RO316,2005,1.604
A,P_MHAB,RO316,2007,1.058
A,P_MHAB,RO316,2008,1.598
A,P_MHAB,RO316,2009,1.567
A,P_MHAB,RO316,2010,1.007
A,P_MHAB,RO316,2011,2.465
A,P_MHAB,RO316,2012,3.623
A,P_MHAB,RO317,2006,0.786
A,P_MHAB,RO32,1995,1.425
A,P_MHAB,RO32,1996,0.72
A,P_MHAB,RO32,1997,2.167
A,P_MHAB,RO32,1998,0.687
A,P_MHAB,RO32,1999,2.385
A,P_MHAB,RO32,2000,1.86
A,P_MHAB,RO32,2001,2.169
A,P_MHAB,RO32,2002,2.914
A,P_MHAB,RO32,2003,5.285
A,P_MHAB,RO32,2004,5.33
A,P_MHAB,RO32,2005,6.856
A,P_MHAB,RO32,2006,3.687
A,P_MHAB,RO32,2007,5.389
A,P_MHAB,RO32,2008,7.212
A,P_MHAB,RO32,2009,8.033
A,P_MHAB,RO32,2010,7.751
A,P_MHAB,RO32,2011,13.368
A,P_MHAB,RO32,2012,14.115
A,P_MHAB,RO321,1995,1.425
A,P_MHAB,RO321,1996,0.72
A,P_MHAB,RO321,1997,2.463
A,P_MHAB,RO321,1998,0.782
A,P_MHAB,RO321,1999,2.711
A,P_MHAB,RO321,2000,2.114
A,P_MHAB,RO321,2001,2.469
A,P_MHAB,RO321,2002,2.556
A,P_MHAB,RO321,2003,6.014
A,P_MHAB,RO321,2004,5.771
A,P_MHAB,RO321,2005,7.756
A,P_MHAB,RO321,2006,4.232
A,P_MHAB,RO321,2007,6.199
A,P_MHAB,RO321,2008,8.251
A,P_MHAB,RO321,2009,9.052
A,P_MHAB,RO321,2010,8.979
A,P_MHAB,RO321,2011,14.442
A,P_MHAB,RO321,2012,15.751
A,P_MHAB,RO322,2002,5.414
A,P_MHAB,RO322,2003,0.217
A,P_MHAB,RO322,2004,2.267
A,P_MHAB,RO322,2005,0.708
A,P_MHAB,RO322,2008,0.436
A,P_MHAB,RO322,2009,1.62
A,P_MHAB,RO322,2010,0.221
A,P_MHAB,RO322,2011,7.061
A,P_MHAB,RO322,2012,6.246
A,P_MHAB,RO41,1995,0.41
A,P_MHAB,RO41,2000,0.487
A,P_MHAB,RO41,2001,1.113
A,P_MHAB,RO41,2003,0.073
A,P_MHAB,RO41,2004,0.774
A,P_MHAB,RO41,2006,0.23
A,P_MHAB,RO41,2007,1.094
A,P_MHAB,RO41,2008,0.44
A,P_MHAB,RO41,2009,1.253
A,P_MHAB,RO41,2010,0.668
A,P_MHAB,RO41,2011,0.39
A,P_MHAB,RO41,2012,0.324
A,P_MHAB,RO411,1995,1.317
A,P_MHAB,RO411,2000,1.342
A,P_MHAB,RO411,2004,0.111
A,P_MHAB,RO411,2007,1.401
A,P_MHAB,RO411,2008,1.407
A,P_MHAB,RO411,2009,3.293
A,P_MHAB,RO411,2010,1.42
A,P_MHAB,RO411,2011,0.186
A,P_MHAB,RO411,2012,0.759
A,P_MHAB,RO412,2009,1.322
A,P_MHAB,RO412,2010,1.327
A,P_MHAB,RO413,2003,0.357
A,P_MHAB,RO413,2004,0.293
A,P_MHAB,RO413,2007,5.0
A,P_MHAB,RO413,2012,0.643
A,P_MHAB,RO414,2004,1.184
A,P_MHAB,RO415,2000,0.394
A,P_MHAB,RO415,2001,6.191
A,P_MHAB,RO415,2003,0.143
A,P_MHAB,RO415,2004,2.512
A,P_MHAB,RO415,2006,1.277
A,P_MHAB,RO415,2011,1.848
A,P_MHAB,RO42,1997,0.482
A,P_MHAB,RO42,2001,0.491
A,P_MHAB,RO42,2002,0.102
A,P_MHAB,RO42,2003,0.384
A,P_MHAB,RO42,2004,1.199
A,P_MHAB,RO42,2005,0.465
A,P_MHAB,RO42,2006,0.378
A,P_MHAB,RO42,2007,2.948
A,P_MHAB,RO42,2008,3.311
A,P_MHAB,RO42,2009,0.691
A,P_MHAB,RO42,2010,1.302
A,P_MHAB,RO42,2011,6.03
A,P_MHAB,RO42,2012,3.326
A,P_MHAB,RO421,2002,0.432
A,P_MHAB,RO421,2004,4.333
A,P_MHAB,RO421,2007,0.546
A,P_MHAB,RO421,2008,0.743
A,P_MHAB,RO421,2011,3.164
A,P_MHAB,RO421,2012,4.83
A,P_MHAB,RO422,2008,2.055
A,P_MHAB,RO423,2001,1.921
A,P_MHAB,RO423,2007,1.055
A,P_MHAB,RO423,2008,2.659
A,P_MHAB,RO423,2010,4.319
A,P_MHAB,RO424,1997,1.444
A,P_MHAB,RO424,2003,1.133
A,P_MHAB,RO424,2004,0.5
A,P_MHAB,RO424,2005,1.365
A,P_MHAB,RO424,2006,1.107
A,P_MHAB,RO424,2007,7.403
A,P_MHAB,RO424,2008,6.12
A,P_MHAB,RO424,2009,1.966
A,P_MHAB,RO424,2010,0.737
A,P_MHAB,RO424,2011,14.889
A,P_MHAB,RO424,2012,5.832
A,P_MHAB,SE11,2000,399.828
A,P_MHAB,SE11,2001,338.677
A,P_MHAB,SE11,2002,307.236
A,P_MHAB,SE11,2003,306.063
A,P_MHAB,SE11,2004,350.33
A,P_MHAB,SE11,2005,368.551
A,P_MHAB,SE11,2006,418.705
A,P_MHAB,SE11,2007,469.25
A,P_MHAB,SE11,2008,500.601
A,P_MHAB,SE11,2009,441.587
A,P_MHAB,SE11,2010,490.515
A,P_MHAB,SE11,2011,457.475
A,P_MHAB,SE11,2012,396.849
A,P_MHAB,SE110,2000,399.828
A,P_MHAB,SE110,2001,338.677
A,P_MHAB,SE110,2002,307.236
A,P_MHAB,SE110,2003,306.063
A,P_MHAB,SE110,2004,350.33
A,P_MHAB,SE110,2005,368.551
A,P_MHAB,SE110,2006,418.705
A,P_MHAB,SE110,2007,469.25
A,P_MHAB,SE110,2008,500.601
A,P_MHAB,SE110,2009,441.587
A,P_MHAB,SE110,2010,490.515
A,P_MHAB,SE110,2011,457.475
A,P_MHAB,SE110,2012,396.849
A,P_MHAB,SE12,2000,246.882
A,P_MHAB,SE12,2001,214.5
A,P_MHAB,SE12,2002,226.12
A,P_MHAB,SE12,2003,211.59
A,P_MHAB,SE12,2004,210.797
A,P_MHAB,SE12,2005,266.839
A,P_MHAB,SE12,2006,277.667
A,P_MHAB,SE12,2007,310.474
A,P_MHAB,SE12,2008,312.389
A,P_MHAB,SE12,2009,293.649
A,P_MHAB,SE12,2010,290.985
A,P_MHAB,SE12,2011,301.724
A,P_MHAB,SE12,2012,214.79
A,P_MHAB,SE121,2000,424.123
A,P_MHAB,SE121,2001,382.942
A,P_MHAB,SE121,2002,363.757
A,P_MHAB,SE121,2003,359.411
A,P_MHAB,SE121,2004,307.825
A,P_MHAB,SE121,2005,397.536
A,P_MHAB,SE121,2006,378.162
A,P_MHAB,SE121,2007,472.361
A,P_MHAB,SE121,2008,388.313
A,P_MHAB,SE121,2009,433.39
A,P_MHAB,SE121,2010,383.401
A,P_MHAB,SE121,2011,390.345
A,P_MHAB,SE121,2012,261.761
A,P_MHAB,SE122,2000,150.377
A,P_MHAB,SE122,2001,149.121
A,P_MHAB,SE122,2002,177.008
A,P_MHAB,SE122,2003,169.031
A,P_MHAB,SE122,2004,177.932
A,P_MHAB,SE122,2005,207.492
A,P_MHAB,SE122,2006,185.685
A,P_MHAB,SE122,2007,135.348
A,P_MHAB,SE122,2008,156.19
A,P_MHAB,SE122,2009,139.763
A,P_MHAB,SE122,2010,121.723
A,P_MHAB,SE122,2011,156.313
A,P_MHAB,SE122,2012,120.596
A,P_MHAB,SE123,2000,198.604
A,P_MHAB,SE123,2001,205.108
A,P_MHAB,SE123,2002,222.353
A,P_MHAB,SE123,2003,183.316
A,P_MHAB,SE123,2004,235.07
A,P_MHAB,SE123,2005,272.819
A,P_MHAB,SE123,2006,250.347
A,P_MHAB,SE123,2007,353.258
A,P_MHAB,SE123,2008,409.521
A,P_MHAB,SE123,2009,356.43
A,P_MHAB,SE123,2010,367.286
A,P_MHAB,SE123,2011,387.299
A,P_MHAB,SE123,2012,289.3
A,P_MHAB,SE124,2000,144.254
A,P_MHAB,SE124,2001,76.604
A,P_MHAB,SE124,2002,71.686
A,P_MHAB,SE124,2003,76.295
A,P_MHAB,SE124,2004,81.333
A,P_MHAB,SE124,2005,149.095
A,P_MHAB,SE124,2006,133.299
A,P_MHAB,SE124,2007,128.277
A,P_MHAB,SE124,2008,130.403
A,P_MHAB,SE124,2009,69.455
A,P_MHAB,SE124,2010,125.465
A,P_MHAB,SE124,2011,79.934
A,P_MHAB,SE124,2012,64.104
A,P_MHAB,SE125,2000,327.947
A,P_MHAB,SE125,2001,248.668
A,P_MHAB,SE125,2002,286.366
A,P_MHAB,SE125,2003,271.675
A,P_MHAB,SE125,2004,229.151
A,P_MHAB,SE125,2005,288.692
A,P_MHAB,SE125,2006,447.72
A,P_MHAB,SE125,2007,417.161
A,P_MHAB,SE125,2008,417.748
A,P_MHAB,SE125,2009,418.243
A,P_MHAB,SE125,2010,404.133
A,P_MHAB,SE125,2011,440.187
A,P_MHAB,SE125,2012,293.797
A,P_MHAB,SE21,2000,101.498
A,P_MHAB,SE21,2001,92.74
A,P_MHAB,SE21,2002,89.427
A,P_MHAB,SE21,2003,106.518
A,P_MHAB,SE21,2004,104.943
A,P_MHAB,SE21,2005,116.801
A,P_MHAB,SE21,2006,120.779
A,P_MHAB,SE21,2007,119.888
A,P_MHAB,SE21,2008,118.445
A,P_MHAB,SE21,2009,113.607
A,P_MHAB,SE21,2010,126.36
A,P_MHAB,SE21,2011,147.398
A,P_MHAB,SE21,2012,117.4
A,P_MHAB,SE211,2000,120.789
A,P_MHAB,SE211,2001,103.865
A,P_MHAB,SE211,2002,116.678
A,P_MHAB,SE211,2003,157.209
A,P_MHAB,SE211,2004,164.213
A,P_MHAB,SE211,2005,169.847
A,P_MHAB,SE211,2006,159.459
A,P_MHAB,SE211,2007,179.677
A,P_MHAB,SE211,2008,133.03
A,P_MHAB,SE211,2009,139.42
A,P_MHAB,SE211,2010,172.626
A,P_MHAB,SE211,2011,209.638
A,P_MHAB,SE211,2012,153.124
A,P_MHAB,SE212,2000,121.367
A,P_MHAB,SE212,2001,91.543
A,P_MHAB,SE212,2002,111.28
A,P_MHAB,SE212,2003,86.169
A,P_MHAB,SE212,2004,78.896
A,P_MHAB,SE212,2005,114.311
A,P_MHAB,SE212,2006,150.973
A,P_MHAB,SE212,2007,135.942
A,P_MHAB,SE212,2008,149.9
A,P_MHAB,SE212,2009,128.413
A,P_MHAB,SE212,2010,152.761
A,P_MHAB,SE212,2011,145.21
A,P_MHAB,SE212,2012,123.203
A,P_MHAB,SE213,2000,76.11
A,P_MHAB,SE213,2001,96.478
A,P_MHAB,SE213,2002,46.869
A,P_MHAB,SE213,2003,69.983
A,P_MHAB,SE213,2004,56.751
A,P_MHAB,SE213,2005,72.922
A,P_MHAB,SE213,2006,68.563
A,P_MHAB,SE213,2007,45.77
A,P_MHAB,SE213,2008,102.209
A,P_MHAB,SE213,2009,92.675
A,P_MHAB,SE213,2010,66.855
A,P_MHAB,SE213,2011,86.967
A,P_MHAB,SE213,2012,85.589
A,P_MHAB,SE214,2000,34.826
A,P_MHAB,SE214,2001,17.448
A,P_MHAB,SE214,2002,40.584
A,P_MHAB,SE214,2003,29.104
A,P_MHAB,SE214,2004,43.452
A,P_MHAB,SE214,2006,17.395
A,P_MHAB,SE214,2007,26.179
A,P_MHAB,SE214,2010,13.107
A,P_MHAB,SE214,2011,34.923
A,P_MHAB,SE214,2012,17.45
A,P_MHAB,SE22,2000,329.533
A,P_MHAB,SE22,2001,336.58
A,P_MHAB,SE22,2002,315.975
A,P_MHAB,SE22,2003,324.179
A,P_MHAB,SE22,2004,350.249
A,P_MHAB,SE22,2005,359.679
A,P_MHAB,SE22,2006,399.103
A,P_MHAB,SE22,2007,427.423
A,P_MHAB,SE22,2008,390.74
A,P_MHAB,SE22,2009,362.227
A,P_MHAB,SE22,2010,367.679
A,P_MHAB,SE22,2011,390.797
A,P_MHAB,SE22,2012,367.768
A,P_MHAB,SE221,2000,123.817
A,P_MHAB,SE221,2001,113.969
A,P_MHAB,SE221,2002,123.119
A,P_MHAB,SE221,2003,120.567
A,P_MHAB,SE221,2004,119.555
A,P_MHAB,SE221,2005,142.349
A,P_MHAB,SE221,2006,169.878
A,P_MHAB,SE221,2007,118.334
A,P_MHAB,SE221,2008,138.776
A,P_MHAB,SE221,2009,194.931
A,P_MHAB,SE221,2010,126.941
A,P_MHAB,SE221,2011,133.332
A,P_MHAB,SE221,2012,91.254
A,P_MHAB,SE224,2000,357.114
A,P_MHAB,SE224,2001,366.222
A,P_MHAB,SE224,2002,341.43
A,P_MHAB,SE224,2003,350.828
A,P_MHAB,SE224,2004,380.247
A,P_MHAB,SE224,2005,387.822
A,P_MHAB,SE224,2006,428.649
A,P_MHAB,SE224,2007,466.94
A,P_MHAB,SE224,2008,422.651
A,P_MHAB,SE224,2009,383.196
A,P_MHAB,SE224,2010,397.519
A,P_MHAB,SE224,2011,422.519
A,P_MHAB,SE224,2012,401.53
A,P_MHAB,SE23,2000,254.039
A,P_MHAB,SE23,2001,288.137
A,P_MHAB,SE23,2002,280.156
A,P_MHAB,SE23,2003,276.995
A,P_MHAB,SE23,2004,290.372
A,P_MHAB,SE23,2005,319.796
A,P_MHAB,SE23,2006,295.328
A,P_MHAB,SE23,2007,304.349
A,P_MHAB,SE23,2008,255.399
A,P_MHAB,SE23,2009,232.986
A,P_MHAB,SE23,2010,249.121
A,P_MHAB,SE23,2011,241.486
A,P_MHAB,SE23,2012,185.887
A,P_MHAB,SE231,2000,178.696
A,P_MHAB,SE231,2001,174.47
A,P_MHAB,SE231,2002,172.527
A,P_MHAB,SE231,2003,191.742
A,P_MHAB,SE231,2004,194.51
A,P_MHAB,SE231,2005,239.334
A,P_MHAB,SE231,2006,208.103
A,P_MHAB,SE231,2007,143.703
A,P_MHAB,SE231,2008,146.984
A,P_MHAB,SE231,2009,132.336
A,P_MHAB,SE231,2010,165.249
A,P_MHAB,SE231,2011,153.531
A,P_MHAB,SE231,2012,104.135
A,P_MHAB,SE232,2000,267.876
A,P_MHAB,SE232,2001,309.051
A,P_MHAB,SE232,2002,299.989
A,P_MHAB,SE232,2003,292.74
A,P_MHAB,SE232,2004,308.173
A,P_MHAB,SE232,2005,334.8
A,P_MHAB,SE232,2006,311.635
A,P_MHAB,SE232,2007,334.516
A,P_MHAB,SE232,2008,275.816
A,P_MHAB,SE232,2009,251.949
A,P_MHAB,SE232,2010,264.983
A,P_MHAB,SE232,2011,258.154
A,P_MHAB,SE232,2012,201.395
A,P_MHAB,SE31,2000,174.7
A,P_MHAB,SE31,2001,122.387
A,P_MHAB,SE31,2002,116.317
A,P_MHAB,SE31,2003,116.206
A,P_MHAB,SE31,2004,140.625
A,P_MHAB,SE31,2005,118.52
A,P_MHAB,SE31,2006,149.993
A,P_MHAB,SE31,2007,114.469
A,P_MHAB,SE31,2008,121.976
A,P_MHAB,SE31,2009,133.794
A,P_MHAB,SE31,2010,136.731
A,P_MHAB,SE31,2011,138.313
A,P_MHAB,SE31,2012,116.218
A,P_MHAB,SE311,2000,194.758
A,P_MHAB,SE311,2001,132.435
A,P_MHAB,SE311,2002,142.188
A,P_MHAB,SE311,2003,96.299
A,P_MHAB,SE311,2004,110.505
A,P_MHAB,SE311,2005,85.287
A,P_MHAB,SE311,2006,114.787
A,P_MHAB,SE311,2007,87.938
A,P_MHAB,SE311,2008,97.945
A,P_MHAB,SE311,2009,104.363
A,P_MHAB,SE311,2010,100.016
A,P_MHAB,SE311,2011,119.701
A,P_MHAB,SE311,2012,77.804
A,P_MHAB,SE312,2000,144.845
A,P_MHAB,SE312,2001,71.48
A,P_MHAB,SE312,2002,84.943
A,P_MHAB,SE312,2003,74.43
A,P_MHAB,SE312,2004,122.848
A,P_MHAB,SE312,2005,139.145
A,P_MHAB,SE312,2006,218.926
A,P_MHAB,SE312,2007,147.147
A,P_MHAB,SE312,2008,186.744
A,P_MHAB,SE312,2009,182.588
A,P_MHAB,SE312,2010,198.984
A,P_MHAB,SE312,2011,211.697
A,P_MHAB,SE312,2012,129.192
A,P_MHAB,SE313,2000,184.812
A,P_MHAB,SE313,2001,163.216
A,P_MHAB,SE313,2002,122.083
A,P_MHAB,SE313,2003,177.537
A,P_MHAB,SE313,2004,188.105
A,P_MHAB,SE313,2005,130.803
A,P_MHAB,SE313,2006,116.017
A,P_MHAB,SE313,2007,108.107
A,P_MHAB,SE313,2008,81.109
A,P_MHAB,SE313,2009,114.168
A,P_MHAB,SE313,2010,110.709
A,P_MHAB,SE313,2011,83.18
A,P_MHAB,SE313,2012,141.165
A,P_MHAB,SE32,2000,104.104
A,P_MHAB,SE32,2001,71.135
A,P_MHAB,SE32,2002,55.264
A,P_MHAB,SE32,2003,52.516
A,P_MHAB,SE32,2004,60.794
A,P_MHAB,SE32,2005,94.64
A,P_MHAB,SE32,2006,107.535
A,P_MHAB,SE32,2007,94.556
A,P_MHAB,SE32,2008,99.923
A,P_MHAB,SE32,2009,124.774
A,P_MHAB,SE32,2010,89.747
A,P_MHAB,SE32,2011,94.309
A,P_MHAB,SE32,2012,54.552
A,P_MHAB,SE321,2000,125.913
A,P_MHAB,SE321,2001,90.238
A,P_MHAB,SE321,2002,69.162
A,P_MHAB,SE321,2003,68.763
A,P_MHAB,SE321,2004,63.211
A,P_MHAB,SE321,2005,94.883
A,P_MHAB,SE321,2006,120.827
A,P_MHAB,SE321,2007,117.142
A,P_MHAB,SE321,2008,141.755
A,P_MHAB,SE321,2009,180.259
A,P_MHAB,SE321,2010,104.097
A,P_MHAB,SE321,2011,122.947
A,P_MHAB,SE321,2012,66.486
A,P_MHAB,SE322,2000,62.507
A,P_MHAB,SE322,2001,34.731
A,P_MHAB,SE322,2002,28.775
A,P_MHAB,SE322,2003,21.493
A,P_MHAB,SE322,2004,56.171
A,P_MHAB,SE322,2005,94.174
A,P_MHAB,SE322,2006,82.029
A,P_MHAB,SE322,2007,51.173
A,P_MHAB,SE322,2008,19.695
A,P_MHAB,SE322,2009,18.361
A,P_MHAB,SE322,2010,62.211
A,P_MHAB,SE322,2011,39.466
A,P_MHAB,SE322,2012,31.671
A,P_MHAB,SE33,2000,156.642
A,P_MHAB,SE33,2001,105.885
A,P_MHAB,SE33,2002,111.863
A,P_MHAB,SE33,2003,83.775
A,P_MHAB,SE33,2004,110.901
A,P_MHAB,SE33,2005,104.64
A,P_MHAB,SE33,2006,158.071
A,P_MHAB,SE33,2007,154.828
A,P_MHAB,SE33,2008,135.46
A,P_MHAB,SE33,2009,144.693
A,P_MHAB,SE33,2010,153.497
A,P_MHAB,SE33,2011,151.409
A,P_MHAB,SE33,2012,93.032
A,P_MHAB,SE331,2000,132.445
A,P_MHAB,SE331,2001,111.172
A,P_MHAB,SE331,2002,115.494
A,P_MHAB,SE331,2003,93.759
A,P_MHAB,SE331,2004,92.086
A,P_MHAB,SE331,2005,76.263
A,P_MHAB,SE331,2006,110.11
A,P_MHAB,SE331,2007,105.598
A,P_MHAB,SE331,2008,119.374
A,P_MHAB,SE331,2009,112.02
A,P_MHAB,SE331,2010,121.099
A,P_MHAB,SE331,2011,135.95
A,P_MHAB,SE331,2012,72.786
A,P_MHAB,SE332,2000,180.709
A,P_MHAB,SE332,2001,100.61
A,P_MHAB,SE332,2002,108.231
A,P_MHAB,SE332,2003,73.729
A,P_MHAB,SE332,2004,129.946
A,P_MHAB,SE332,2005,133.5
A,P_MHAB,SE332,2006,207.158
A,P_MHAB,SE332,2007,205.172
A,P_MHAB,SE332,2008,151.994
A,P_MHAB,SE332,2009,178.431
A,P_MHAB,SE332,2010,187.134
A,P_MHAB,SE332,2011,167.532
A,P_MHAB,SE332,2012,114.185
A,P_MHAB,SI01,2000,19.57
A,P_MHAB,SI01,2001,14.975
A,P_MHAB,SI01,2002,37.065
A,P_MHAB,SI01,2003,19.936
A,P_MHAB,SI01,2004,50.781
A,P_MHAB,SI01,2005,51.59
A,P_MHAB,SI01,2006,40.112
A,P_MHAB,SI01,2007,49.561
A,P_MHAB,SI01,2008,45.147
A,P_MHAB,SI01,2009,46.98
A,P_MHAB,SI01,2010,38.509
A,P_MHAB,SI01,2011,35.122
A,P_MHAB,SI01,2012,34.778
A,P_MHAB,SI011,2003,12.141
A,P_MHAB,SI011,2004,15.6
A,P_MHAB,SI011,2005,10.838
A,P_MHAB,SI011,2006,4.328
A,P_MHAB,SI011,2007,16.384
A,P_MHAB,SI011,2008,11.664
A,P_MHAB,SI011,2009,4.183
A,P_MHAB,SI011,2010,2.76
A,P_MHAB,SI011,2011,14.017
A,P_MHAB,SI012,2003,7.223
A,P_MHAB,SI012,2004,23.605
A,P_MHAB,SI012,2005,18.802
A,P_MHAB,SI012,2006,4.699
A,P_MHAB,SI012,2007,20.175
A,P_MHAB,SI012,2008,7.602
A,P_MHAB,SI012,2009,17.095
A,P_MHAB,SI012,2010,13.453
A,P_MHAB,SI012,2011,26.275
A,P_MHAB,SI012,2012,24.232
A,P_MHAB,SI013,2004,5.416
A,P_MHAB,SI013,2005,28.169
A,P_MHAB,SI013,2006,23.456
A,P_MHAB,SI013,2007,7.199
A,P_MHAB,SI013,2008,41.973
A,P_MHAB,SI013,2009,6.898
A,P_MHAB,SI013,2010,29.528
A,P_MHAB,SI013,2011,23.036
A,P_MHAB,SI013,2012,44.497
A,P_MHAB,SI014,2003,24.789
A,P_MHAB,SI014,2004,55.644
A,P_MHAB,SI014,2005,92.073
A,P_MHAB,SI014,2006,54.939
A,P_MHAB,SI014,2007,59.308
A,P_MHAB,SI014,2008,60.506
A,P_MHAB,SI014,2009,73.789
A,P_MHAB,SI014,2010,50.034
A,P_MHAB,SI014,2011,40.812
A,P_MHAB,SI014,2012,59.865
A,P_MHAB,SI015,2003,21.777
A,P_MHAB,SI015,2004,79.542
A,P_MHAB,SI015,2005,34.25
A,P_MHAB,SI015,2006,68.128
A,P_MHAB,SI015,2007,94.63
A,P_MHAB,SI015,2008,80.061
A,P_MHAB,SI015,2009,59.665
A,P_MHAB,SI015,2010,93.276
A,P_MHAB,SI015,2011,62.186
A,P_MHAB,SI015,2012,132.04
A,P_MHAB,SI016,2003,4.721
A,P_MHAB,SI016,2004,25.551
A,P_MHAB,SI016,2005,35.946
A,P_MHAB,SI016,2006,6.295
A,P_MHAB,SI016,2007,24.551
A,P_MHAB,SI016,2008,28.707
A,P_MHAB,SI016,2009,43.491
A,P_MHAB,SI016,2010,33.765
A,P_MHAB,SI016,2011,2.423
A,P_MHAB,SI017,2003,28.923
A,P_MHAB,SI017,2004,139.721
A,P_MHAB,SI017,2005,122.147
A,P_MHAB,SI017,2006,145.549
A,P_MHAB,SI017,2007,140.955
A,P_MHAB,SI017,2008,130.563
A,P_MHAB,SI017,2009,114.475
A,P_MHAB,SI017,2010,106.058
A,P_MHAB,SI017,2011,60.428
A,P_MHAB,SI017,2012,28.175
A,P_MHAB,SI018,2003,118.168
A,P_MHAB,SI018,2004,114.116
A,P_MHAB,SI018,2005,29.393
A,P_MHAB,SI018,2006,29.312
A,P_MHAB,SI018,2007,67.984
A,P_MHAB,SI018,2008,47.156
A,P_MHAB,SI018,2009,64.182
A,P_MHAB,SI018,2010,6.32
A,P_MHAB,SI018,2011,78.605
A,P_MHAB,SI018,2012,23.861
A,P_MHAB,SI02,2000,29.635
A,P_MHAB,SI02,2001,37.696
A,P_MHAB,SI02,2002,47.088
A,P_MHAB,SI02,2003,56.522
A,P_MHAB,SI02,2004,62.222
A,P_MHAB,SI02,2005,57.14
A,P_MHAB,SI02,2006,60.734
A,P_MHAB,SI02,2007,71.578
A,P_MHAB,SI02,2008,90.769
A,P_MHAB,SI02,2009,74.423
A,P_MHAB,SI02,2010,63.386
A,P_MHAB,SI02,2011,74.792
A,P_MHAB,SI02,2012,62.181
A,P_MHAB,SI021,2003,70.263
A,P_MHAB,SI021,2004,80.165
A,P_MHAB,SI021,2005,76.207
A,P_MHAB,SI021,2006,91.496
A,P_MHAB,SI021,2007,103.823
A,P_MHAB,SI021,2008,127.985
A,P_MHAB,SI021,2009,110.486
A,P_MHAB,SI021,2010,80.903
A,P_MHAB,SI021,2011,109.562
A,P_MHAB,SI021,2012,80.729
A,P_MHAB,SI022,2003,44.928
A,P_MHAB,SI022,2004,46.099
A,P_MHAB,SI022,2005,23.495
A,P_MHAB,SI022,2006,27.375
A,P_MHAB,SI022,2007,42.171
A,P_MHAB,SI022,2008,59.173
A,P_MHAB,SI022,2009,27.505
A,P_MHAB,SI022,2010,28.191
A,P_MHAB,SI022,2011,21.433
A,P_MHAB,SI022,2012,32.148
A,P_MHAB,SI023,2003,50.026
A,P_MHAB,SI023,2004,63.804
A,P_MHAB,SI023,2005,52.248
A,P_MHAB,SI023,2006,38.536
A,P_MHAB,SI023,2007,27.871
A,P_MHAB,SI023,2008,29.343
A,P_MHAB,SI023,2009,43.026
A,P_MHAB,SI023,2010,69.953
A,P_MHAB,SI023,2011,42.637
A,P_MHAB,SI023,2012,60.552
A,P_MHAB,SI024,2003,21.041
A,P_MHAB,SI024,2004,6.095
A,P_MHAB,SI024,2005,36.18
A,P_MHAB,SI024,2006,3.124
A,P_MHAB,SI024,2007,23.078
A,P_MHAB,SI024,2008,39.509
A,P_MHAB,SI024,2009,22.707
A,P_MHAB,SI024,2010,36.953
A,P_MHAB,SI024,2011,39.906
A,P_MHAB,SI024,2012,29.617
A,P_MHAB,SK01,2000,6.937
A,P_MHAB,SK01,2001,16.149
A,P_MHAB,SK01,2002,24.105
A,P_MHAB,SK01,2003,17.714
A,P_MHAB,SK01,2004,12.944
A,P_MHAB,SK01,2005,18.625
A,P_MHAB,SK01,2006,26.507
A,P_MHAB,SK01,2007,21.586
A,P_MHAB,SK01,2008,33.585
A,P_MHAB,SK01,2009,15.866
A,P_MHAB,SK01,2010,25.652
A,P_MHAB,SK01,2011,32.087
A,P_MHAB,SK01,2012,9.513
A,P_MHAB,SK010,2000,6.937
A,P_MHAB,SK010,2001,16.149
A,P_MHAB,SK010,2002,24.105
A,P_MHAB,SK010,2003,17.714
A,P_MHAB,SK010,2004,12.944
A,P_MHAB,SK010,2005,18.625
A,P_MHAB,SK010,2006,26.507
A,P_MHAB,SK010,2007,21.586
A,P_MHAB,SK010,2008,33.585
A,P_MHAB,SK010,2009,15.866
A,P_MHAB,SK010,2010,25.652
A,P_MHAB,SK010,2011,32.087
A,P_MHAB,SK010,2012,9.513
A,P_MHAB,SK02,2000,1.13
A,P_MHAB,SK02,2001,1.342
A,P_MHAB,SK02,2002,3.522
A,P_MHAB,SK02,2003,4.945
A,P_MHAB,SK02,2004,2.825
A,P_MHAB,SK02,2005,6.425
A,P_MHAB,SK02,2006,4.817
A,P_MHAB,SK02,2007,7.349
A,P_MHAB,SK02,2008,2.475
A,P_MHAB,SK02,2009,4.839
A,P_MHAB,SK02,2010,8.433
A,P_MHAB,SK02,2011,7.075
A,P_MHAB,SK02,2012,6.965
A,P_MHAB,SK021,2002,3.322
A,P_MHAB,SK021,2003,6.946
A,P_MHAB,SK021,2004,3.036
A,P_MHAB,SK021,2005,3.634
A,P_MHAB,SK021,2006,4.778
A,P_MHAB,SK021,2007,6.032
A,P_MHAB,SK021,2008,1.941
A,P_MHAB,SK021,2009,2.676
A,P_MHAB,SK021,2010,11.195
A,P_MHAB,SK021,2011,11.48
A,P_MHAB,SK021,2012,4.194
A,P_MHAB,SK022,2002,7.852
A,P_MHAB,SK022,2003,1.658
A,P_MHAB,SK022,2004,4.157
A,P_MHAB,SK022,2005,6.898
A,P_MHAB,SK022,2006,7.282
A,P_MHAB,SK022,2007,7.243
A,P_MHAB,SK022,2008,1.44
A,P_MHAB,SK022,2009,6.282
A,P_MHAB,SK022,2010,6.63
A,P_MHAB,SK022,2011,8.209
A,P_MHAB,SK022,2012,11.192
A,P_MHAB,SK023,2003,6.187
A,P_MHAB,SK023,2004,1.528
A,P_MHAB,SK023,2005,8.201
A,P_MHAB,SK023,2006,2.747
A,P_MHAB,SK023,2007,8.475
A,P_MHAB,SK023,2008,3.785
A,P_MHAB,SK023,2009,5.32
A,P_MHAB,SK023,2010,7.776
A,P_MHAB,SK023,2011,2.564
A,P_MHAB,SK023,2012,5.554
A,P_MHAB,SK03,2000,1.719
A,P_MHAB,SK03,2001,0.325
A,P_MHAB,SK03,2002,1.108
A,P_MHAB,SK03,2003,1.722
A,P_MHAB,SK03,2004,0.37
A,P_MHAB,SK03,2005,2.773
A,P_MHAB,SK03,2006,4.654
A,P_MHAB,SK03,2007,2.169
A,P_MHAB,SK03,2008,1.296
A,P_MHAB,SK03,2009,1.585
A,P_MHAB,SK03,2010,3.466
A,P_MHAB,SK03,2011,3.239
A,P_MHAB,SK03,2012,1.911
A,P_MHAB,SK031,2003,3.367
A,P_MHAB,SK031,2004,0.723
A,P_MHAB,SK031,2005,1.809
A,P_MHAB,SK031,2006,5.067
A,P_MHAB,SK031,2007,2.434
A,P_MHAB,SK031,2008,0.363
A,P_MHAB,SK031,2009,1.451
A,P_MHAB,SK031,2010,5.05
A,P_MHAB,SK031,2011,4.606
A,P_MHAB,SK031,2012,1.45
A,P_MHAB,SK032,2002,2.268
A,P_MHAB,SK032,2005,3.781
A,P_MHAB,SK032,2006,4.221
A,P_MHAB,SK032,2007,1.877
A,P_MHAB,SK032,2008,2.27
A,P_MHAB,SK032,2009,1.725
A,P_MHAB,SK032,2010,1.815
A,P_MHAB,SK032,2011,1.815
A,P_MHAB,SK032,2012,2.393
A,P_MHAB,SK04,2000,1.291
A,P_MHAB,SK04,2002,1.714
A,P_MHAB,SK04,2003,5.299
A,P_MHAB,SK04,2004,3.777
A,P_MHAB,SK04,2005,3.129
A,P_MHAB,SK04,2006,5.915
A,P_MHAB,SK04,2007,4.531
A,P_MHAB,SK04,2008,6.384
A,P_MHAB,SK04,2009,4.611
A,P_MHAB,SK04,2010,4.533
A,P_MHAB,SK04,2011,8.776
A,P_MHAB,SK04,2012,4.165
A,P_MHAB,SK041,2003,2.306
A,P_MHAB,SK041,2004,5.87
A,P_MHAB,SK041,2005,1.88
A,P_MHAB,SK041,2006,8.748
A,P_MHAB,SK041,2007,2.704
A,P_MHAB,SK041,2008,8.861
A,P_MHAB,SK041,2009,6.615
A,P_MHAB,SK041,2010,5.45
A,P_MHAB,SK041,2011,12.475
A,P_MHAB,SK041,2012,5.148
A,P_MHAB,SK042,2002,3.483
A,P_MHAB,SK042,2003,8.386
A,P_MHAB,SK042,2004,1.62
A,P_MHAB,SK042,2005,4.417
A,P_MHAB,SK042,2006,2.998
A,P_MHAB,SK042,2007,6.413
A,P_MHAB,SK042,2008,3.836
A,P_MHAB,SK042,2009,2.549
A,P_MHAB,SK042,2010,3.589
A,P_MHAB,SK042,2011,4.969
A,P_MHAB,SK042,2012,3.153
A,P_MHAB,TR10,2008,13.919
A,P_MHAB,TR10,2009,18.024
A,P_MHAB,TR10,2010,22.749
A,P_MHAB,TR10,2011,17.597
A,P_MHAB,TR10,2012,12.779
A,P_MHAB,TR100,2008,13.919
A,P_MHAB,TR100,2009,18.024
A,P_MHAB,TR100,2010,22.749
A,P_MHAB,TR100,2011,17.597
A,P_MHAB,TR100,2012,12.779
A,P_MHAB,TR21,2008,6.172
A,P_MHAB,TR21,2009,4.659
A,P_MHAB,TR21,2010,6.779
A,P_MHAB,TR21,2011,5.968
A,P_MHAB,TR21,2012,5.939
A,P_MHAB,TR211,2008,12.356
A,P_MHAB,TR211,2009,9.082
A,P_MHAB,TR211,2010,13.085
A,P_MHAB,TR211,2011,11.377
A,P_MHAB,TR211,2012,11.231
A,P_MHAB,TR31,2008,3.177
A,P_MHAB,TR31,2009,2.503
A,P_MHAB,TR31,2010,7.76
A,P_MHAB,TR31,2011,5.26
A,P_MHAB,TR31,2012,3.69
A,P_MHAB,TR310,2008,3.177
A,P_MHAB,TR310,2009,2.503
A,P_MHAB,TR310,2010,7.76
A,P_MHAB,TR310,2011,5.26
A,P_MHAB,TR310,2012,3.69
A,P_MHAB,TR32,2008,0.382
A,P_MHAB,TR32,2009,0.748
A,P_MHAB,TR32,2010,1.108
A,P_MHAB,TR32,2011,0.792
A,P_MHAB,TR32,2012,1.079
A,P_MHAB,TR321,2009,1.036
A,P_MHAB,TR321,2010,2.043
A,P_MHAB,TR321,2011,1.182
A,P_MHAB,TR322,2008,1.102
A,P_MHAB,TR323,2009,1.264
A,P_MHAB,TR323,2010,1.246
A,P_MHAB,TR323,2011,1.223
A,P_MHAB,TR323,2012,3.579
A,P_MHAB,TR33,2008,5.586
A,P_MHAB,TR33,2009,13.349
A,P_MHAB,TR33,2010,17.464
A,P_MHAB,TR33,2011,9.975
A,P_MHAB,TR33,2012,4.19
A,P_MHAB,TR331,2008,12.44
A,P_MHAB,TR331,2009,29.542
A,P_MHAB,TR331,2010,38.56
A,P_MHAB,TR331,2011,21.733
A,P_MHAB,TR331,2012,9.201
A,P_MHAB,TR41,2008,1.285
A,P_MHAB,TR41,2009,2.783
A,P_MHAB,TR41,2010,6.952
A,P_MHAB,TR41,2011,4.169
A,P_MHAB,TR41,2012,3.527
A,P_MHAB,TR411,2008,1.775
A,P_MHAB,TR411,2009,3.82
A,P_MHAB,TR411,2010,9.562
A,P_MHAB,TR411,2011,5.753
A,P_MHAB,TR411,2012,4.838
A,P_MHAB,TR42,2008,3.224
A,P_MHAB,TR42,2009,3.217
A,P_MHAB,TR42,2010,5.408
A,P_MHAB,TR42,2011,7.849
A,P_MHAB,TR42,2012,5.556
A,P_MHAB,TR421,2008,6.836
A,P_MHAB,TR421,2009,6.77
A,P_MHAB,TR421,2010,11.121
A,P_MHAB,TR421,2011,14.409
A,P_MHAB,TR421,2012,10.251
A,P_MHAB,TR422,2011,2.291
A,P_MHAB,TR422,2012,2.251
A,P_MHAB,TR424,2010,1.215
A,P_MHAB,TR425,2011,4.908
A,P_MHAB,TR51,2008,3.398
A,P_MHAB,TR51,2009,3.935
A,P_MHAB,TR51,2010,5.741
A,P_MHAB,TR51,2011,5.118
A,P_MHAB,TR51,2012,5.435
A,P_MHAB,TR510,2008,3.398
A,P_MHAB,TR510,2009,3.935
A,P_MHAB,TR510,2010,5.741
A,P_MHAB,TR510,2011,5.118
A,P_MHAB,TR510,2012,5.435
A,P_MHAB,TR52,2008,0.458
A,P_MHAB,TR52,2009,0.455
A,P_MHAB,TR52,2010,0.899
A,P_MHAB,TR52,2011,1.558
A,P_MHAB,TR521,2008,0.51
A,P_MHAB,TR521,2009,0.508
A,P_MHAB,TR521,2010,1.004
A,P_MHAB,TR521,2011,1.738
A,P_MHAB,TR61,2008,0.87
A,P_MHAB,TR61,2009,1.193
A,P_MHAB,TR61,2010,0.386
A,P_MHAB,TR61,2011,0.868
A,P_MHAB,TR61,2012,0.924
A,P_MHAB,TR611,2008,1.196
A,P_MHAB,TR611,2009,1.614
A,P_MHAB,TR611,2010,0.521
A,P_MHAB,TR611,2011,1.178
A,P_MHAB,TR611,2012,1.223
A,P_MHAB,TR62,2009,0.995
A,P_MHAB,TR62,2010,0.27
A,P_MHAB,TR62,2012,0.087
A,P_MHAB,TR621,2009,1.782
A,P_MHAB,TR621,2010,0.485
A,P_MHAB,TR621,2012,0.156
A,P_MHAB,TR63,2009,0.114
A,P_MHAB,TR63,2010,0.169
A,P_MHAB,TR63,2011,0.639
A,P_MHAB,TR631,2009,0.233
A,P_MHAB,TR631,2010,0.345
A,P_MHAB,TR631,2011,1.297
A,P_MHAB,TR81,2008,0.128
A,P_MHAB,TR81,2010,0.243
A,P_MHAB,TR812,2008,0.595
A,P_MHAB,TR812,2010,1.144
A,P_MHAB,TR83,2008,0.367
A,P_MHAB,TR83,2012,1.104
A,P_MHAB,TR831,2008,0.814
A,P_MHAB,TR831,2012,2.397
A,P_MHAB,TR90,2009,0.199
A,P_MHAB,TR90,2012,0.08
A,P_MHAB,TR901,2012,0.264
A,P_MHAB,TR902,2009,0.695
A,P_MHAB,TRA1,2012,0.308
A,P_MHAB,TRA11,2012,0.423
A,P_MHAB,TRB1,2008,0.313
A,P_MHAB,TRB1,2011,0.308
A,P_MHAB,TRB1,2012,0.15
A,P_MHAB,TRB11,2008,0.692
A,P_MHAB,TRB11,2011,0.675
A,P_MHAB,TRB11,2012,0.33
A,P_MHAB,UKC1,1990,23.372
A,P_MHAB,UKC1,1991,40.216
A,P_MHAB,UKC1,1992,38.138
A,P_MHAB,UKC1,1993,51.407
A,P_MHAB,UKC1,1994,40.1
A,P_MHAB,UKC1,1995,39.779
A,P_MHAB,UKC1,1996,39.409
A,P_MHAB,UKC1,1997,45.783
A,P_MHAB,UKC1,1998,60.29
A,P_MHAB,UKC1,1999,46.354
A,P_MHAB,UKC1,2000,51.771
A,P_MHAB,UKC1,2001,60.098
A,P_MHAB,UKC1,2002,76.094
A,P_MHAB,UKC1,2003,75.802
A,P_MHAB,UKC1,2004,59.474
A,P_MHAB,UKC1,2005,68.22
A,P_MHAB,UKC1,2006,69.996
A,P_MHAB,UKC1,2007,55.501
A,P_MHAB,UKC1,2008,56.222
A,P_MHAB,UKC1,2009,58.18
A,P_MHAB,UKC1,2010,47.374
A,P_MHAB,UKC1,2011,81.226
A,P_MHAB,UKC1,2012,35.957
A,P_MHAB,UKC11,1990,15.356
A,P_MHAB,UKC11,1991,50.225
A,P_MHAB,UKC11,1992,63.793
A,P_MHAB,UKC11,1993,47.794
A,P_MHAB,UKC11,1994,43.91
A,P_MHAB,UKC11,1995,56.982
A,P_MHAB,UKC11,1996,47.259
A,P_MHAB,UKC11,1997,57.942
A,P_MHAB,UKC11,1998,53.031
A,P_MHAB,UKC11,1999,44.104
A,P_MHAB,UKC11,2000,51.837
A,P_MHAB,UKC11,2001,44.483
A,P_MHAB,UKC11,2002,63.148
A,P_MHAB,UKC11,2003,82.724
A,P_MHAB,UKC11,2004,56.07
A,P_MHAB,UKC11,2005,56.806
A,P_MHAB,UKC11,2006,85.074
A,P_MHAB,UKC11,2007,31.782
A,P_MHAB,UKC11,2008,56.999
A,P_MHAB,UKC11,2009,48.836
A,P_MHAB,UKC11,2010,42.365
A,P_MHAB,UKC11,2011,56.729
A,P_MHAB,UKC11,2012,19.279
A,P_MHAB,UKC12,1990,34.423
A,P_MHAB,UKC12,1991,40.923
A,P_MHAB,UKC12,1992,32.736
A,P_MHAB,UKC12,1993,42.587
A,P_MHAB,UKC12,1994,11.076
A,P_MHAB,UKC12,1995,11.975
A,P_MHAB,UKC12,1996,35.122
A,P_MHAB,UKC12,1997,17.55
A,P_MHAB,UKC12,1998,33.007
A,P_MHAB,UKC12,1999,24.093
A,P_MHAB,UKC12,2000,58.049
A,P_MHAB,UKC12,2001,45.351
A,P_MHAB,UKC12,2002,45.333
A,P_MHAB,UKC12,2003,30.852
A,P_MHAB,UKC12,2004,40.276
A,P_MHAB,UKC12,2005,46.303
A,P_MHAB,UKC12,2006,47.426
A,P_MHAB,UKC12,2007,37.974
A,P_MHAB,UKC12,2008,45.789
A,P_MHAB,UKC12,2009,49.239
A,P_MHAB,UKC12,2010,43.211
A,P_MHAB,UKC12,2011,50.755
A,P_MHAB,UKC12,2012,28.251
A,P_MHAB,UKC13,1990,5.841
A,P_MHAB,UKC13,1991,32.729
A,P_MHAB,UKC13,1992,30.211
A,P_MHAB,UKC13,1993,54.086
A,P_MHAB,UKC13,1994,77.021
A,P_MHAB,UKC13,1995,48.638
A,P_MHAB,UKC13,1996,61.174
A,P_MHAB,UKC13,1997,26.867
A,P_MHAB,UKC13,1998,64.603
A,P_MHAB,UKC13,1999,54.902
A,P_MHAB,UKC13,2000,80.2
A,P_MHAB,UKC13,2001,35.718
A,P_MHAB,UKC13,2002,72.539
A,P_MHAB,UKC13,2003,51.492
A,P_MHAB,UKC13,2004,67.107
A,P_MHAB,UKC13,2005,65.544
A,P_MHAB,UKC13,2006,53.733
A,P_MHAB,UKC13,2007,120.844
A,P_MHAB,UKC13,2008,43.632
A,P_MHAB,UKC13,2009,55.966
A,P_MHAB,UKC13,2010,24.652
A,P_MHAB,UKC13,2011,48.825
A,P_MHAB,UKC13,2012,40.04
A,P_MHAB,UKC14,1990,24.678
A,P_MHAB,UKC14,1991,35.986
A,P_MHAB,UKC14,1992,29.192
A,P_MHAB,UKC14,1993,57.893
A,P_MHAB,UKC14,1994,47.456
A,P_MHAB,UKC14,1995,44.842
A,P_MHAB,UKC14,1996,33.338
A,P_MHAB,UKC14,1997,59.23
A,P_MHAB,UKC14,1998,78.957
A,P_MHAB,UKC14,1999,58.608
A,P_MHAB,UKC14,2000,42.553
A,P_MHAB,UKC14,2001,81.936
A,P_MHAB,UKC14,2002,101.435
A,P_MHAB,UKC14,2003,102.117
A,P_MHAB,UKC14,2004,70.61
A,P_MHAB,UKC14,2005,87.346
A,P_MHAB,UKC14,2006,77.406
A,P_MHAB,UKC14,2007,64.989
A,P_MHAB,UKC14,2008,64.049
A,P_MHAB,UKC14,2009,68.67
A,P_MHAB,UKC14,2010,57.037
A,P_MHAB,UKC14,2011,117.717
A,P_MHAB,UKC14,2012,48.454
A,P_MHAB,UKC2,1990,27.781
A,P_MHAB,UKC2,1991,28.84
A,P_MHAB,UKC2,1992,24.811
A,P_MHAB,UKC2,1993,33.795
A,P_MHAB,UKC2,1994,56.351
A,P_MHAB,UKC2,1995,61.44
A,P_MHAB,UKC2,1996,58.322
A,P_MHAB,UKC2,1997,54.187
A,P_MHAB,UKC2,1998,50.827
A,P_MHAB,UKC2,1999,51.441
A,P_MHAB,UKC2,2000,46.818
A,P_MHAB,UKC2,2001,33.462
A,P_MHAB,UKC2,2002,35.536
A,P_MHAB,UKC2,2003,50.81
A,P_MHAB,UKC2,2004,58.038
A,P_MHAB,UKC2,2005,47.557
A,P_MHAB,UKC2,2006,60.107
A,P_MHAB,UKC2,2007,47.774
A,P_MHAB,UKC2,2008,79.597
A,P_MHAB,UKC2,2009,78.953
A,P_MHAB,UKC2,2010,53.409
A,P_MHAB,UKC2,2011,65.403
A,P_MHAB,UKC2,2012,59.33
A,P_MHAB,UKC21,1990,41.927
A,P_MHAB,UKC21,1991,27.294
A,P_MHAB,UKC21,1992,51.145
A,P_MHAB,UKC21,1993,26.233
A,P_MHAB,UKC21,1994,61.403
A,P_MHAB,UKC21,1995,94.926
A,P_MHAB,UKC21,1996,82.29
A,P_MHAB,UKC21,1997,73.43
A,P_MHAB,UKC21,1998,91.304
A,P_MHAB,UKC21,1999,104.696
A,P_MHAB,UKC21,2000,80.119
A,P_MHAB,UKC21,2001,43.89
A,P_MHAB,UKC21,2002,62.841
A,P_MHAB,UKC21,2003,99.526
A,P_MHAB,UKC21,2004,56.781
A,P_MHAB,UKC21,2005,50.22
A,P_MHAB,UKC21,2006,72.722
A,P_MHAB,UKC21,2007,47.061
A,P_MHAB,UKC21,2008,114.07
A,P_MHAB,UKC21,2009,131.77
A,P_MHAB,UKC21,2010,72.072
A,P_MHAB,UKC21,2011,112.392
A,P_MHAB,UKC21,2012,43.328
A,P_MHAB,UKC22,1990,29.69
A,P_MHAB,UKC22,1991,32.625
A,P_MHAB,UKC22,1992,20.234
A,P_MHAB,UKC22,1993,45.62
A,P_MHAB,UKC22,1994,71.853
A,P_MHAB,UKC22,1995,69.004
A,P_MHAB,UKC22,1996,66.907
A,P_MHAB,UKC22,1997,58.424
A,P_MHAB,UKC22,1998,50.517
A,P_MHAB,UKC22,1999,49.564
A,P_MHAB,UKC22,2000,45.615
A,P_MHAB,UKC22,2001,39.998
A,P_MHAB,UKC22,2002,37.377
A,P_MHAB,UKC22,2003,46.216
A,P_MHAB,UKC22,2004,70.002
A,P_MHAB,UKC22,2005,54.757
A,P_MHAB,UKC22,2006,58.66
A,P_MHAB,UKC22,2007,54.673
A,P_MHAB,UKC22,2008,88.596
A,P_MHAB,UKC22,2009,77.803
A,P_MHAB,UKC22,2010,53.917
A,P_MHAB,UKC22,2011,63.898
A,P_MHAB,UKC22,2012,75.975
A,P_MHAB,UKC23,1990,7.869
A,P_MHAB,UKC23,1991,19.838
A,P_MHAB,UKC23,1992,10.402
A,P_MHAB,UKC23,1993,8.429
A,P_MHAB,UKC23,1994,7.599
A,P_MHAB,UKC23,1995,5.363
A,P_MHAB,UKC23,1996,9.11
A,P_MHAB,UKC23,1997,22.021
A,P_MHAB,UKC23,1998,8.889
A,P_MHAB,UKC23,2000,14.479
A,P_MHAB,UKC23,2001,3.787
A,P_MHAB,UKC23,2002,0.705
A,P_MHAB,UKC23,2003,10.558
A,P_MHAB,UKC23,2004,25.214
A,P_MHAB,UKC23,2005,23.888
A,P_MHAB,UKC23,2006,50.22
A,P_MHAB,UKC23,2007,28.481
A,P_MHAB,UKC23,2008,14.244
A,P_MHAB,UKC23,2009,22.351
A,P_MHAB,UKC23,2010,30.607
A,P_MHAB,UKC23,2011,16.035
A,P_MHAB,UKC23,2012,27.512
A,P_MHAB,UKD1,1990,32.69
A,P_MHAB,UKD1,1991,18.841
A,P_MHAB,UKD1,1992,31.163
A,P_MHAB,UKD1,1993,38.567
A,P_MHAB,UKD1,1994,41.43
A,P_MHAB,UKD1,1995,37.79
A,P_MHAB,UKD1,1996,51.4
A,P_MHAB,UKD1,1997,60.785
A,P_MHAB,UKD1,1998,46.991
A,P_MHAB,UKD1,1999,70.898
A,P_MHAB,UKD1,2000,57.064
A,P_MHAB,UKD1,2001,52.738
A,P_MHAB,UKD1,2002,56.84
A,P_MHAB,UKD1,2003,45.269
A,P_MHAB,UKD1,2004,51.086
A,P_MHAB,UKD1,2005,42.343
A,P_MHAB,UKD1,2006,46.356
A,P_MHAB,UKD1,2007,43.739
A,P_MHAB,UKD1,2008,52.095
A,P_MHAB,UKD1,2009,33.145
A,P_MHAB,UKD1,2010,44.359
A,P_MHAB,UKD1,2011,41.544
A,P_MHAB,UKD1,2012,36.042
A,P_MHAB,UKD11,1990,22.061
A,P_MHAB,UKD11,1991,8.299
A,P_MHAB,UKD11,1992,16.936
A,P_MHAB,UKD11,1993,46.238
A,P_MHAB,UKD11,1994,18.929
A,P_MHAB,UKD11,1995,18.55
A,P_MHAB,UKD11,1996,40.212
A,P_MHAB,UKD11,1997,56.783
A,P_MHAB,UKD11,1998,41.913
A,P_MHAB,UKD11,1999,62.961
A,P_MHAB,UKD11,2000,57.39
A,P_MHAB,UKD11,2001,73.766
A,P_MHAB,UKD11,2002,58.979
A,P_MHAB,UKD11,2003,26.314
A,P_MHAB,UKD11,2004,48.368
A,P_MHAB,UKD11,2005,38.225
A,P_MHAB,UKD11,2006,23.678
A,P_MHAB,UKD11,2007,54.102
A,P_MHAB,UKD11,2008,55.727
A,P_MHAB,UKD11,2009,43.37
A,P_MHAB,UKD11,2010,44.678
A,P_MHAB,UKD11,2011,43.9
A,P_MHAB,UKD11,2012,21.226
A,P_MHAB,UKD12,1990,43.113
A,P_MHAB,UKD12,1991,29.182
A,P_MHAB,UKD12,1992,45.059
A,P_MHAB,UKD12,1993,31.089
A,P_MHAB,UKD12,1994,63.164
A,P_MHAB,UKD12,1995,56.23
A,P_MHAB,UKD12,1996,62.081
A,P_MHAB,UKD12,1997,64.583
A,P_MHAB,UKD12,1998,51.772
A,P_MHAB,UKD12,1999,78.343
A,P_MHAB,UKD12,2000,56.759
A,P_MHAB,UKD12,2001,33.153
A,P_MHAB,UKD12,2002,54.863
A,P_MHAB,UKD12,2003,62.664
A,P_MHAB,UKD12,2004,53.602
A,P_MHAB,UKD12,2005,46.065
A,P_MHAB,UKD12,2006,66.736
A,P_MHAB,UKD12,2007,34.452
A,P_MHAB,UKD12,2008,48.802
A,P_MHAB,UKD12,2009,23.975
A,P_MHAB,UKD12,2010,44.074
A,P_MHAB,UKD12,2011,39.434
A,P_MHAB,UKD12,2012,49.269
A,P_MHAB,UKD3,1990,38.835
A,P_MHAB,UKD3,1991,36.922
A,P_MHAB,UKD3,1992,38.09
A,P_MHAB,UKD3,1993,34.664
A,P_MHAB,UKD3,1994,32.923
A,P_MHAB,UKD3,1995,37.449
A,P_MHAB,UKD3,1996,39.42
A,P_MHAB,UKD3,1997,43.045
A,P_MHAB,UKD3,1998,49.446
A,P_MHAB,UKD3,1999,42.828
A,P_MHAB,UKD3,2000,52.462
A,P_MHAB,UKD3,2001,47.925
A,P_MHAB,UKD3,2002,47.146
A,P_MHAB,UKD3,2003,52.108
A,P_MHAB,UKD3,2004,47.478
A,P_MHAB,UKD3,2005,59.459
A,P_MHAB,UKD3,2006,46.488
A,P_MHAB,UKD3,2007,47.56
A,P_MHAB,UKD3,2008,41.794
A,P_MHAB,UKD3,2009,37.542
A,P_MHAB,UKD3,2010,43.195
A,P_MHAB,UKD3,2011,47.58
A,P_MHAB,UKD3,2012,36.581
A,P_MHAB,UKD31,1990,35.175
A,P_MHAB,UKD31,1991,34.987
A,P_MHAB,UKD31,1992,35.459
A,P_MHAB,UKD31,1993,35.195
A,P_MHAB,UKD31,1994,32.357
A,P_MHAB,UKD31,1995,34.798
A,P_MHAB,UKD31,1996,50.151
A,P_MHAB,UKD31,1997,56.548
A,P_MHAB,UKD31,1998,68.814
A,P_MHAB,UKD31,1999,62.173
A,P_MHAB,UKD31,2000,66.378
A,P_MHAB,UKD31,2001,54.479
A,P_MHAB,UKD31,2002,62.713
A,P_MHAB,UKD31,2003,65.744
A,P_MHAB,UKD31,2004,68.213
A,P_MHAB,UKD31,2005,83.695
A,P_MHAB,UKD31,2006,67.114
A,P_MHAB,UKD31,2007,68.743
A,P_MHAB,UKD31,2008,55.384
A,P_MHAB,UKD31,2009,50.842
A,P_MHAB,UKD31,2010,60.262
A,P_MHAB,UKD31,2011,62.897
A,P_MHAB,UKD31,2012,42.888
A,P_MHAB,UKD32,1990,43.196
A,P_MHAB,UKD32,1991,39.209
A,P_MHAB,UKD32,1992,41.201
A,P_MHAB,UKD32,1993,34.038
A,P_MHAB,UKD32,1994,33.597
A,P_MHAB,UKD32,1995,40.55
A,P_MHAB,UKD32,1996,26.844
A,P_MHAB,UKD32,1997,27.271
A,P_MHAB,UKD32,1998,26.91
A,P_MHAB,UKD32,1999,20.394
A,P_MHAB,UKD32,2000,36.376
A,P_MHAB,UKD32,2001,40.357
A,P_MHAB,UKD32,2002,29.169
A,P_MHAB,UKD32,2003,36.323
A,P_MHAB,UKD32,2004,23.359
A,P_MHAB,UKD32,2005,31.075
A,P_MHAB,UKD32,2006,22.197
A,P_MHAB,UKD32,2007,22.517
A,P_MHAB,UKD32,2008,25.667
A,P_MHAB,UKD32,2009,21.711
A,P_MHAB,UKD32,2010,22.796
A,P_MHAB,UKD32,2011,29.174
A,P_MHAB,UKD32,2012,28.961
A,P_MHAB,UKD4,1990,32.269
A,P_MHAB,UKD4,1991,29.374
A,P_MHAB,UKD4,1992,39.091
A,P_MHAB,UKD4,1993,34.888
A,P_MHAB,UKD4,1994,42.271
A,P_MHAB,UKD4,1995,38.478
A,P_MHAB,UKD4,1996,47.105
A,P_MHAB,UKD4,1997,48.678
A,P_MHAB,UKD4,1998,58.151
A,P_MHAB,UKD4,1999,48.79
A,P_MHAB,UKD4,2000,51.419
A,P_MHAB,UKD4,2001,42.834
A,P_MHAB,UKD4,2002,39.269
A,P_MHAB,UKD4,2003,48.614
A,P_MHAB,UKD4,2004,43.071
A,P_MHAB,UKD4,2005,50.811
A,P_MHAB,UKD4,2006,57.613
A,P_MHAB,UKD4,2007,44.794
A,P_MHAB,UKD4,2008,42.528
A,P_MHAB,UKD4,2009,46.713
A,P_MHAB,UKD4,2010,24.878
A,P_MHAB,UKD4,2011,40.937
A,P_MHAB,UKD4,2012,21.968
A,P_MHAB,UKD41,1990,15.171
A,P_MHAB,UKD41,1991,24.909
A,P_MHAB,UKD41,1992,12.355
A,P_MHAB,UKD41,1993,5.421
A,P_MHAB,UKD41,1994,8.979
A,P_MHAB,UKD41,1995,14.333
A,P_MHAB,UKD41,1996,7.76
A,P_MHAB,UKD41,1997,60.03
A,P_MHAB,UKD41,1998,39.523
A,P_MHAB,UKD41,1999,30.022
A,P_MHAB,UKD41,2000,43.99
A,P_MHAB,UKD41,2001,21.11
A,P_MHAB,UKD41,2002,45.55
A,P_MHAB,UKD41,2003,30.371
A,P_MHAB,UKD41,2004,49.326
A,P_MHAB,UKD41,2005,81.269
A,P_MHAB,UKD41,2006,97.127
A,P_MHAB,UKD41,2007,54.006
A,P_MHAB,UKD41,2008,59.421
A,P_MHAB,UKD41,2009,87.276
A,P_MHAB,UKD41,2010,26.955
A,P_MHAB,UKD41,2011,56.559
A,P_MHAB,UKD41,2012,25.6
A,P_MHAB,UKD42,1990,6.812
A,P_MHAB,UKD42,1991,2.246
A,P_MHAB,UKD42,1992,5.556
A,P_MHAB,UKD42,1993,3.319
A,P_MHAB,UKD42,1995,3.33
A,P_MHAB,UKD42,1998,3.453
A,P_MHAB,UKD42,1999,11.633
A,P_MHAB,UKD42,2000,15.733
A,P_MHAB,UKD42,2001,22.783
A,P_MHAB,UKD42,2002,10.549
A,P_MHAB,UKD42,2004,6.999
A,P_MHAB,UKD42,2005,5.789
A,P_MHAB,UKD42,2006,10.997
A,P_MHAB,UKD42,2007,10.441
A,P_MHAB,UKD42,2008,10.47
A,P_MHAB,UKD42,2010,7.011
A,P_MHAB,UKD42,2011,1.756
A,P_MHAB,UKD43,1990,33.205
A,P_MHAB,UKD43,1991,32.82
A,P_MHAB,UKD43,1992,42.815
A,P_MHAB,UKD43,1993,38.311
A,P_MHAB,UKD43,1994,49.854
A,P_MHAB,UKD43,1995,42.53
A,P_MHAB,UKD43,1996,55.069
A,P_MHAB,UKD43,1997,52.423
A,P_MHAB,UKD43,1998,65.396
A,P_MHAB,UKD43,1999,55.086
A,P_MHAB,UKD43,2000,56.839
A,P_MHAB,UKD43,2001,48.012
A,P_MHAB,UKD43,2002,42.091
A,P_MHAB,UKD43,2003,56.914
A,P_MHAB,UKD43,2004,45.924
A,P_MHAB,UKD43,2005,51.764
A,P_MHAB,UKD43,2006,58.351
A,P_MHAB,UKD43,2007,47.908
A,P_MHAB,UKD43,2008,44.38
A,P_MHAB,UKD43,2009,46.94
A,P_MHAB,UKD43,2010,26.802
A,P_MHAB,UKD43,2011,43.731
A,P_MHAB,UKD43,2012,24.168
A,P_MHAB,UKD6,2002,180.798
A,P_MHAB,UKD6,2003,155.763
A,P_MHAB,UKD6,2004,148.192
A,P_MHAB,UKD6,2005,193.745
A,P_MHAB,UKD6,2006,138.443
A,P_MHAB,UKD6,2007,110.018
A,P_MHAB,UKD6,2008,104.36
A,P_MHAB,UKD6,2009,110.345
A,P_MHAB,UKD6,2010,122.035
A,P_MHAB,UKD6,2011,106.537
A,P_MHAB,UKD6,2012,59.308
A,P_MHAB,UKD61,2002,101.363
A,P_MHAB,UKD61,2003,80.77
A,P_MHAB,UKD61,2004,61.964
A,P_MHAB,UKD61,2005,74.172
A,P_MHAB,UKD61,2006,54.442
A,P_MHAB,UKD61,2007,31.039
A,P_MHAB,UKD61,2008,33.14
A,P_MHAB,UKD61,2009,32.548
A,P_MHAB,UKD61,2010,48.491
A,P_MHAB,UKD61,2011,64.364
A,P_MHAB,UKD61,2012,45.286
A,P_MHAB,UKD62,2002,257.58
A,P_MHAB,UKD62,2003,253.307
A,P_MHAB,UKD62,2004,245.931
A,P_MHAB,UKD62,2005,280.753
A,P_MHAB,UKD62,2006,191.865
A,P_MHAB,UKD62,2007,134.928
A,P_MHAB,UKD62,2008,152.26
A,P_MHAB,UKD62,2009,131.968
A,P_MHAB,UKD62,2010,178.624
A,P_MHAB,UKD62,2011,147.347
A,P_MHAB,UKD62,2012,74.442
A,P_MHAB,UKD63,2002,140.853
A,P_MHAB,UKD63,2003,93.353
A,P_MHAB,UKD63,2004,91.867
A,P_MHAB,UKD63,2005,167.257
A,P_MHAB,UKD63,2006,129.279
A,P_MHAB,UKD63,2007,129.48
A,P_MHAB,UKD63,2008,89.724
A,P_MHAB,UKD63,2009,133.218
A,P_MHAB,UKD63,2010,100.48
A,P_MHAB,UKD63,2011,86.579
A,P_MHAB,UKD63,2012,50.902
A,P_MHAB,UKD7,2002,71.011
A,P_MHAB,UKD7,2003,59.223
A,P_MHAB,UKD7,2004,70.185
A,P_MHAB,UKD7,2005,62.693
A,P_MHAB,UKD7,2006,72.316
A,P_MHAB,UKD7,2007,62.269
A,P_MHAB,UKD7,2008,88.513
A,P_MHAB,UKD7,2009,67.557
A,P_MHAB,UKD7,2010,87.367
A,P_MHAB,UKD7,2011,84.898
A,P_MHAB,UKD7,2012,49.699
A,P_MHAB,UKD71,2002,21.452
A,P_MHAB,UKD71,2003,41.951
A,P_MHAB,UKD71,2004,41.444
A,P_MHAB,UKD71,2005,48.493
A,P_MHAB,UKD71,2006,46.139
A,P_MHAB,UKD71,2007,56.78
A,P_MHAB,UKD71,2008,77.393
A,P_MHAB,UKD71,2009,58.016
A,P_MHAB,UKD71,2010,74.183
A,P_MHAB,UKD71,2011,61.941
A,P_MHAB,UKD71,2012,42.648
A,P_MHAB,UKD72,1990,10.576
A,P_MHAB,UKD72,1991,8.775
A,P_MHAB,UKD72,1992,15.339
A,P_MHAB,UKD72,1993,20.956
A,P_MHAB,UKD72,1994,19.971
A,P_MHAB,UKD72,1995,21.27
A,P_MHAB,UKD72,1996,20.128
A,P_MHAB,UKD72,1997,21.9
A,P_MHAB,UKD72,1998,24.624
A,P_MHAB,UKD72,1999,25.708
A,P_MHAB,UKD72,2000,20.906
A,P_MHAB,UKD72,2001,24.462
A,P_MHAB,UKD72,2002,48.37
A,P_MHAB,UKD72,2003,35.061
A,P_MHAB,UKD72,2004,31.241
A,P_MHAB,UKD72,2005,25.5
A,P_MHAB,UKD72,2006,57.281
A,P_MHAB,UKD72,2007,19.478
A,P_MHAB,UKD72,2008,33.213
A,P_MHAB,UKD72,2009,52.961
A,P_MHAB,UKD72,2010,38.001
A,P_MHAB,UKD72,2011,44.161
A,P_MHAB,UKD72,2012,21.105
A,P_MHAB,UKD73,1990,17.261
A,P_MHAB,UKD73,1991,20.688
A,P_MHAB,UKD73,1992,24.582
A,P_MHAB,UKD73,1993,28.786
A,P_MHAB,UKD73,1994,24.611
A,P_MHAB,UKD73,1995,11.805
A,P_MHAB,UKD73,1996,27.652
A,P_MHAB,UKD73,1997,34.846
A,P_MHAB,UKD73,1998,31.735
A,P_MHAB,UKD73,1999,28.104
A,P_MHAB,UKD73,2000,34.643
A,P_MHAB,UKD73,2001,19.321
A,P_MHAB,UKD73,2002,10.892
A,P_MHAB,UKD73,2003,28.534
A,P_MHAB,UKD73,2004,21.298
A,P_MHAB,UKD73,2005,16.77
A,P_MHAB,UKD73,2006,38.64
A,P_MHAB,UKD73,2007,14.812
A,P_MHAB,UKD73,2008,16.37
A,P_MHAB,UKD73,2009,19.568
A,P_MHAB,UKD73,2010,13.614
A,P_MHAB,UKD73,2011,5.806
A,P_MHAB,UKD73,2012,9.751
A,P_MHAB,UKD74,1990,160.292
A,P_MHAB,UKD74,1991,120.711
A,P_MHAB,UKD74,1992,122.489
A,P_MHAB,UKD74,1993,115.601
A,P_MHAB,UKD74,1994,119.357
A,P_MHAB,UKD74,1995,112.794
A,P_MHAB,UKD74,1996,101.876
A,P_MHAB,UKD74,1997,119.043
A,P_MHAB,UKD74,1998,167.008
A,P_MHAB,UKD74,1999,258.511
A,P_MHAB,UKD74,2000,289.023
A,P_MHAB,UKD74,2001,202.341
A,P_MHAB,UKD74,2002,226.817
A,P_MHAB,UKD74,2003,144.985
A,P_MHAB,UKD74,2004,209.241
A,P_MHAB,UKD74,2005,176.403
A,P_MHAB,UKD74,2006,160.414
A,P_MHAB,UKD74,2007,172.902
A,P_MHAB,UKD74,2008,246.315
A,P_MHAB,UKD74,2009,143.49
A,P_MHAB,UKD74,2010,240.534
A,P_MHAB,UKD74,2011,243.951
A,P_MHAB,UKD74,2012,135.521
A,P_MHAB,UKE1,1990,32.864
A,P_MHAB,UKE1,1991,36.38
A,P_MHAB,UKE1,1992,29.041
A,P_MHAB,UKE1,1993,38.867
A,P_MHAB,UKE1,1994,34.101
A,P_MHAB,UKE1,1995,46.448
A,P_MHAB,UKE1,1996,46.828
A,P_MHAB,UKE1,1997,34.94
A,P_MHAB,UKE1,1998,61.087
A,P_MHAB,UKE1,1999,39.209
A,P_MHAB,UKE1,2000,47.379
A,P_MHAB,UKE1,2001,54.836
A,P_MHAB,UKE1,2002,70.172
A,P_MHAB,UKE1,2003,52.125
A,P_MHAB,UKE1,2004,57.434
A,P_MHAB,UKE1,2005,76.887
A,P_MHAB,UKE1,2006,51.735
A,P_MHAB,UKE1,2007,82.614
A,P_MHAB,UKE1,2008,41.233
A,P_MHAB,UKE1,2009,29.187
A,P_MHAB,UKE1,2010,32.128
A,P_MHAB,UKE1,2011,44.577
A,P_MHAB,UKE1,2012,16.822
A,P_MHAB,UKE11,1990,9.256
A,P_MHAB,UKE11,1991,20.16
A,P_MHAB,UKE11,1992,25.227
A,P_MHAB,UKE11,1993,22.627
A,P_MHAB,UKE11,1994,13.173
A,P_MHAB,UKE11,1995,39.878
A,P_MHAB,UKE11,1996,42.569
A,P_MHAB,UKE11,1997,14.698
A,P_MHAB,UKE11,1998,54.402
A,P_MHAB,UKE11,1999,38.166
A,P_MHAB,UKE11,2000,43.766
A,P_MHAB,UKE11,2001,74.751
A,P_MHAB,UKE11,2002,100.652
A,P_MHAB,UKE11,2003,66.675
A,P_MHAB,UKE11,2004,69.895
A,P_MHAB,UKE11,2005,132.359
A,P_MHAB,UKE11,2006,68.35
A,P_MHAB,UKE11,2007,120.027
A,P_MHAB,UKE11,2008,45.466
A,P_MHAB,UKE11,2009,39.666
A,P_MHAB,UKE11,2010,51.268
A,P_MHAB,UKE11,2011,90.894
A,P_MHAB,UKE11,2012,27.158
A,P_MHAB,UKE12,1990,83.151
A,P_MHAB,UKE12,1991,81.08
A,P_MHAB,UKE12,1992,36.822
A,P_MHAB,UKE12,1993,75.334
A,P_MHAB,UKE12,1994,85.436
A,P_MHAB,UKE12,1995,79.903
A,P_MHAB,UKE12,1996,87.754
A,P_MHAB,UKE12,1997,74.407
A,P_MHAB,UKE12,1998,119.444
A,P_MHAB,UKE12,1999,71.982
A,P_MHAB,UKE12,2000,84.427
A,P_MHAB,UKE12,2001,86.595
A,P_MHAB,UKE12,2002,95.978
A,P_MHAB,UKE12,2003,84.748
A,P_MHAB,UKE12,2004,82.663
A,P_MHAB,UKE12,2005,106.477
A,P_MHAB,UKE12,2006,64.985
A,P_MHAB,UKE12,2007,114.703
A,P_MHAB,UKE12,2008,60.846
A,P_MHAB,UKE12,2009,38.996
A,P_MHAB,UKE12,2010,31.216
A,P_MHAB,UKE12,2011,39.986
A,P_MHAB,UKE12,2012,21.325
A,P_MHAB,UKE13,1990,5.334
A,P_MHAB,UKE13,1991,7.977
A,P_MHAB,UKE13,1992,24.936
A,P_MHAB,UKE13,1993,18.022
A,P_MHAB,UKE13,1994,2.642
A,P_MHAB,UKE13,1995,19.634
A,P_MHAB,UKE13,1996,10.519
A,P_MHAB,UKE13,1997,13.404
A,P_MHAB,UKE13,1998,9.116
A,P_MHAB,UKE13,1999,7.516
A,P_MHAB,UKE13,2000,13.289
A,P_MHAB,UKE13,2001,6.699
A,P_MHAB,UKE13,2002,19.514
A,P_MHAB,UKE13,2003,7.18
A,P_MHAB,UKE13,2004,21.638
A,P_MHAB,UKE13,2005,2.11
A,P_MHAB,UKE13,2006,24.823
A,P_MHAB,UKE13,2007,19.746
A,P_MHAB,UKE13,2008,17.685
A,P_MHAB,UKE13,2009,10.811
A,P_MHAB,UKE13,2010,17.945
A,P_MHAB,UKE13,2011,12.93
A,P_MHAB,UKE13,2012,4.089
A,P_MHAB,UKE2,1990,42.603
A,P_MHAB,UKE2,1991,36.9
A,P_MHAB,UKE2,1992,48.582
A,P_MHAB,UKE2,1993,51.613
A,P_MHAB,UKE2,1994,65.061
A,P_MHAB,UKE2,1995,45.431
A,P_MHAB,UKE2,1996,69.731
A,P_MHAB,UKE2,1997,75.538
A,P_MHAB,UKE2,1998,64.937
A,P_MHAB,UKE2,1999,112.192
A,P_MHAB,UKE2,2000,82.244
A,P_MHAB,UKE2,2001,73.444
A,P_MHAB,UKE2,2002,83.189
A,P_MHAB,UKE2,2003,93.56
A,P_MHAB,UKE2,2004,69.643
A,P_MHAB,UKE2,2005,76.487
A,P_MHAB,UKE2,2006,72.663
A,P_MHAB,UKE2,2007,114.302
A,P_MHAB,UKE2,2008,60.979
A,P_MHAB,UKE2,2009,73.343
A,P_MHAB,UKE2,2010,78.591
A,P_MHAB,UKE2,2011,80.436
A,P_MHAB,UKE2,2012,53.858
A,P_MHAB,UKE21,1990,9.186
A,P_MHAB,UKE21,1991,17.442
A,P_MHAB,UKE21,1992,31.977
A,P_MHAB,UKE21,1993,16.31
A,P_MHAB,UKE21,1994,36.764
A,P_MHAB,UKE21,1995,29.404
A,P_MHAB,UKE21,1996,57.41
A,P_MHAB,UKE21,1997,44.588
A,P_MHAB,UKE21,1998,53.982
A,P_MHAB,UKE21,1999,142.606
A,P_MHAB,UKE21,2000,101.613
A,P_MHAB,UKE21,2001,85.295
A,P_MHAB,UKE21,2002,98.036
A,P_MHAB,UKE21,2003,170.428
A,P_MHAB,UKE21,2004,98.234
A,P_MHAB,UKE21,2005,116.861
A,P_MHAB,UKE21,2006,104.095
A,P_MHAB,UKE21,2007,248.206
A,P_MHAB,UKE21,2008,121.102
A,P_MHAB,UKE21,2009,101.639
A,P_MHAB,UKE21,2010,117.751
A,P_MHAB,UKE21,2011,117.003
A,P_MHAB,UKE21,2012,104.084
A,P_MHAB,UKE22,1990,53.295
A,P_MHAB,UKE22,1991,43.103
A,P_MHAB,UKE22,1992,53.824
A,P_MHAB,UKE22,1993,62.724
A,P_MHAB,UKE22,1994,73.98
A,P_MHAB,UKE22,1995,50.467
A,P_MHAB,UKE22,1996,73.601
A,P_MHAB,UKE22,1997,85.289
A,P_MHAB,UKE22,1998,68.392
A,P_MHAB,UKE22,1999,102.596
A,P_MHAB,UKE22,2000,76.125
A,P_MHAB,UKE22,2001,69.684
A,P_MHAB,UKE22,2002,78.471
A,P_MHAB,UKE22,2003,69.081
A,P_MHAB,UKE22,2004,60.479
A,P_MHAB,UKE22,2005,63.487
A,P_MHAB,UKE22,2006,62.526
A,P_MHAB,UKE22,2007,71.256
A,P_MHAB,UKE22,2008,41.711
A,P_MHAB,UKE22,2009,64.243
A,P_MHAB,UKE22,2010,65.883
A,P_MHAB,UKE22,2011,68.485
A,P_MHAB,UKE22,2012,37.263
A,P_MHAB,UKE3,1990,12.029
A,P_MHAB,UKE3,1991,15.962
A,P_MHAB,UKE3,1992,21.614
A,P_MHAB,UKE3,1993,20.642
A,P_MHAB,UKE3,1994,14.174
A,P_MHAB,UKE3,1995,19.828
A,P_MHAB,UKE3,1996,24.097
A,P_MHAB,UKE3,1997,33.873
A,P_MHAB,UKE3,1998,23.374
A,P_MHAB,UKE3,1999,37.719
A,P_MHAB,UKE3,2000,43.237
A,P_MHAB,UKE3,2001,39.237
A,P_MHAB,UKE3,2002,50.184
A,P_MHAB,UKE3,2003,38.243
A,P_MHAB,UKE3,2004,35.077
A,P_MHAB,UKE3,2005,48.162
A,P_MHAB,UKE3,2006,43.078
A,P_MHAB,UKE3,2007,39.232
A,P_MHAB,UKE3,2008,53.833
A,P_MHAB,UKE3,2009,28.582
A,P_MHAB,UKE3,2010,41.712
A,P_MHAB,UKE3,2011,38.756
A,P_MHAB,UKE3,2012,27.893
A,P_MHAB,UKE31,1990,5.643
A,P_MHAB,UKE31,1991,11.285
A,P_MHAB,UKE31,1992,12.37
A,P_MHAB,UKE31,1993,14.448
A,P_MHAB,UKE31,1994,7.757
A,P_MHAB,UKE31,1995,15.922
A,P_MHAB,UKE31,1996,14.922
A,P_MHAB,UKE31,1997,19.09
A,P_MHAB,UKE31,1998,17.984
A,P_MHAB,UKE31,1999,17.117
A,P_MHAB,UKE31,2000,21.377
A,P_MHAB,UKE31,2001,20.49
A,P_MHAB,UKE31,2002,28.374
A,P_MHAB,UKE31,2003,20.39
A,P_MHAB,UKE31,2004,18.662
A,P_MHAB,UKE31,2005,24.919
A,P_MHAB,UKE31,2006,22.993
A,P_MHAB,UKE31,2007,19.787
A,P_MHAB,UKE31,2008,28.873
A,P_MHAB,UKE31,2009,12.674
A,P_MHAB,UKE31,2010,28.276
A,P_MHAB,UKE31,2011,18.161
A,P_MHAB,UKE31,2012,12.994
A,P_MHAB,UKE32,1990,21.427
A,P_MHAB,UKE32,1991,22.867
A,P_MHAB,UKE32,1992,35.261
A,P_MHAB,UKE32,1993,29.764
A,P_MHAB,UKE32,1994,23.629
A,P_MHAB,UKE32,1995,25.595
A,P_MHAB,UKE32,1996,37.608
A,P_MHAB,UKE32,1997,55.558
A,P_MHAB,UKE32,1998,31.262
A,P_MHAB,UKE32,1999,67.8
A,P_MHAB,UKE32,2000,75.157
A,P_MHAB,UKE32,2001,66.714
A,P_MHAB,UKE32,2002,82.253
A,P_MHAB,UKE32,2003,64.57
A,P_MHAB,UKE32,2004,59.247
A,P_MHAB,UKE32,2005,82.209
A,P_MHAB,UKE32,2006,72.434
A,P_MHAB,UKE32,2007,67.703
A,P_MHAB,UKE32,2008,90.361
A,P_MHAB,UKE32,2009,51.843
A,P_MHAB,UKE32,2010,61.237
A,P_MHAB,UKE32,2011,68.441
A,P_MHAB,UKE32,2012,49.191
A,P_MHAB,UKE4,1990,29.781
A,P_MHAB,UKE4,1991,41.059
A,P_MHAB,UKE4,1992,29.119
A,P_MHAB,UKE4,1993,31.628
A,P_MHAB,UKE4,1994,41.43
A,P_MHAB,UKE4,1995,43.652
A,P_MHAB,UKE4,1996,46.907
A,P_MHAB,UKE4,1997,57.092
A,P_MHAB,UKE4,1998,55.203
A,P_MHAB,UKE4,1999,78.701
A,P_MHAB,UKE4,2000,76.079
A,P_MHAB,UKE4,2001,61.606
A,P_MHAB,UKE4,2002,56.197
A,P_MHAB,UKE4,2003,57.388
A,P_MHAB,UKE4,2004,59.781
A,P_MHAB,UKE4,2005,51.422
A,P_MHAB,UKE4,2006,54.453
A,P_MHAB,UKE4,2007,50.358
A,P_MHAB,UKE4,2008,58.444
A,P_MHAB,UKE4,2009,46.816
A,P_MHAB,UKE4,2010,50.691
A,P_MHAB,UKE4,2011,46.824
A,P_MHAB,UKE4,2012,40.576
A,P_MHAB,UKE41,1990,28.289
A,P_MHAB,UKE41,1991,40.419
A,P_MHAB,UKE41,1992,36.402
A,P_MHAB,UKE41,1993,27.302
A,P_MHAB,UKE41,1994,20.856
A,P_MHAB,UKE41,1995,36.074
A,P_MHAB,UKE41,1996,44.184
A,P_MHAB,UKE41,1997,50.383
A,P_MHAB,UKE41,1998,50.149
A,P_MHAB,UKE41,1999,85.054
A,P_MHAB,UKE41,2000,100.037
A,P_MHAB,UKE41,2001,72.76
A,P_MHAB,UKE41,2002,54.443
A,P_MHAB,UKE41,2003,71.879
A,P_MHAB,UKE41,2004,80.013
A,P_MHAB,UKE41,2005,71.371
A,P_MHAB,UKE41,2006,75.742
A,P_MHAB,UKE41,2007,65.996
A,P_MHAB,UKE41,2008,49.528
A,P_MHAB,UKE41,2009,40.108
A,P_MHAB,UKE41,2010,69.059
A,P_MHAB,UKE41,2011,68.464
A,P_MHAB,UKE41,2012,51.12
A,P_MHAB,UKE42,1990,35.352
A,P_MHAB,UKE42,1991,50.326
A,P_MHAB,UKE42,1992,30.102
A,P_MHAB,UKE42,1993,34.136
A,P_MHAB,UKE42,1994,54.088
A,P_MHAB,UKE42,1995,59.232
A,P_MHAB,UKE42,1996,53.586
A,P_MHAB,UKE42,1997,68.083
A,P_MHAB,UKE42,1998,64.207
A,P_MHAB,UKE42,1999,93.346
A,P_MHAB,UKE42,2000,79.146
A,P_MHAB,UKE42,2001,71.618
A,P_MHAB,UKE42,2002,59.118
A,P_MHAB,UKE42,2003,61.477
A,P_MHAB,UKE42,2004,68.994
A,P_MHAB,UKE42,2005,60.597
A,P_MHAB,UKE42,2006,59.931
A,P_MHAB,UKE42,2007,69.61
A,P_MHAB,UKE42,2008,76.635
A,P_MHAB,UKE42,2009,63.085
A,P_MHAB,UKE42,2010,56.747
A,P_MHAB,UKE42,2011,51.604
A,P_MHAB,UKE42,2012,46.408
A,P_MHAB,UKE44,2002,77.259
A,P_MHAB,UKE44,2003,57.334
A,P_MHAB,UKE44,2004,58.696
A,P_MHAB,UKE44,2005,45.732
A,P_MHAB,UKE44,2006,48.538
A,P_MHAB,UKE44,2007,28.909
A,P_MHAB,UKE44,2008,56.014
A,P_MHAB,UKE44,2009,47.867
A,P_MHAB,UKE44,2010,38.44
A,P_MHAB,UKE44,2011,36.426
A,P_MHAB,UKE44,2012,32.782
A,P_MHAB,UKE45,2002,13.299
A,P_MHAB,UKE45,2003,26.415
A,P_MHAB,UKE45,2004,10.228
A,P_MHAB,UKE45,2005,10.459
A,P_MHAB,UKE45,2006,20.03
A,P_MHAB,UKE45,2007,22.245
A,P_MHAB,UKE45,2008,34.641
A,P_MHAB,UKE45,2009,18.063
A,P_MHAB,UKE45,2010,31.014
A,P_MHAB,UKE45,2011,21.226
A,P_MHAB,UKE45,2012,25.227
A,P_MHAB,UKF1,1990,37.453
A,P_MHAB,UKF1,1991,50.131
A,P_MHAB,UKF1,1992,41.791
A,P_MHAB,UKF1,1993,42.218
A,P_MHAB,UKF1,1994,52.246
A,P_MHAB,UKF1,1995,55.573
A,P_MHAB,UKF1,1996,64.636
A,P_MHAB,UKF1,1997,66.3
A,P_MHAB,UKF1,1998,75.16
A,P_MHAB,UKF1,1999,92.899
A,P_MHAB,UKF1,2000,90.436
A,P_MHAB,UKF1,2001,91.954
A,P_MHAB,UKF1,2002,85.228
A,P_MHAB,UKF1,2003,91.132
A,P_MHAB,UKF1,2004,87.3
A,P_MHAB,UKF1,2005,86.608
A,P_MHAB,UKF1,2006,106.319
A,P_MHAB,UKF1,2007,94.64
A,P_MHAB,UKF1,2008,116.582
A,P_MHAB,UKF1,2009,102.979
A,P_MHAB,UKF1,2010,94.601
A,P_MHAB,UKF1,2011,142.707
A,P_MHAB,UKF1,2012,67.301
A,P_MHAB,UKF11,1990,29.412
A,P_MHAB,UKF11,1991,106.388
A,P_MHAB,UKF11,1992,38.792
A,P_MHAB,UKF11,1993,43.04
A,P_MHAB,UKF11,1994,46.617
A,P_MHAB,UKF11,1995,44.034
A,P_MHAB,UKF11,1996,63.606
A,P_MHAB,UKF11,1997,40.766
A,P_MHAB,UKF11,1998,78.809
A,P_MHAB,UKF11,1999,111.437
A,P_MHAB,UKF11,2000,77.265
A,P_MHAB,UKF11,2001,114.491
A,P_MHAB,UKF11,2002,114.25
A,P_MHAB,UKF11,2003,179.574
A,P_MHAB,UKF11,2004,192.298
A,P_MHAB,UKF11,2005,168.176
A,P_MHAB,UKF11,2006,169.721
A,P_MHAB,UKF11,2007,147.278
A,P_MHAB,UKF11,2008,335.862
A,P_MHAB,UKF11,2009,291.546
A,P_MHAB,UKF11,2010,243.919
A,P_MHAB,UKF11,2011,443.811
A,P_MHAB,UKF11,2012,162.092
A,P_MHAB,UKF12,1990,15.264
A,P_MHAB,UKF12,1991,22.355
A,P_MHAB,UKF12,1992,26.022
A,P_MHAB,UKF12,1993,18.708
A,P_MHAB,UKF12,1994,24.607
A,P_MHAB,UKF12,1995,20.485
A,P_MHAB,UKF12,1996,34.816
A,P_MHAB,UKF12,1997,41.823
A,P_MHAB,UKF12,1998,38.472
A,P_MHAB,UKF12,1999,54.52
A,P_MHAB,UKF12,2000,53.977
A,P_MHAB,UKF12,2001,19.942
A,P_MHAB,UKF12,2002,35.539
A,P_MHAB,UKF12,2003,20.962
A,P_MHAB,UKF12,2004,32.765
A,P_MHAB,UKF12,2005,18.845
A,P_MHAB,UKF12,2006,64.48
A,P_MHAB,UKF12,2007,29.965
A,P_MHAB,UKF12,2008,37.508
A,P_MHAB,UKF12,2009,59.423
A,P_MHAB,UKF12,2010,30.577
A,P_MHAB,UKF12,2011,38.253
A,P_MHAB,UKF12,2012,28.042
A,P_MHAB,UKF13,1990,44.069
A,P_MHAB,UKF13,1991,60.297
A,P_MHAB,UKF13,1992,71.768
A,P_MHAB,UKF13,1993,67.35
A,P_MHAB,UKF13,1994,69.952
A,P_MHAB,UKF13,1995,71.961
A,P_MHAB,UKF13,1996,76.413
A,P_MHAB,UKF13,1997,86.65
A,P_MHAB,UKF13,1998,99.52
A,P_MHAB,UKF13,1999,113.355
A,P_MHAB,UKF13,2000,129.742
A,P_MHAB,UKF13,2001,133.25
A,P_MHAB,UKF13,2002,119.214
A,P_MHAB,UKF13,2003,135.157
A,P_MHAB,UKF13,2004,133.727
A,P_MHAB,UKF13,2005,129.094
A,P_MHAB,UKF13,2006,167.038
A,P_MHAB,UKF13,2007,138.206
A,P_MHAB,UKF13,2008,128.17
A,P_MHAB,UKF13,2009,107.412
A,P_MHAB,UKF13,2010,128.885
A,P_MHAB,UKF13,2011,173.233
A,P_MHAB,UKF13,2012,71.581
A,P_MHAB,UKF14,1990,45.405
A,P_MHAB,UKF14,1991,66.188
A,P_MHAB,UKF14,1992,45.601
A,P_MHAB,UKF14,1993,80.576
A,P_MHAB,UKF14,1994,74.581
A,P_MHAB,UKF14,1995,109.259
A,P_MHAB,UKF14,1996,95.072
A,P_MHAB,UKF14,1997,123.753
A,P_MHAB,UKF14,1998,118.821
A,P_MHAB,UKF14,1999,165.111
A,P_MHAB,UKF14,2000,136.842
A,P_MHAB,UKF14,2001,134.932
A,P_MHAB,UKF14,2002,107.977
A,P_MHAB,UKF14,2003,132.765
A,P_MHAB,UKF14,2004,76.988
A,P_MHAB,UKF14,2005,96.63
A,P_MHAB,UKF14,2006,104.085
A,P_MHAB,UKF14,2007,130.976
A,P_MHAB,UKF14,2008,154.983
A,P_MHAB,UKF14,2009,97.0
A,P_MHAB,UKF14,2010,105.999
A,P_MHAB,UKF14,2011,141.478
A,P_MHAB,UKF14,2012,79.301
A,P_MHAB,UKF15,1990,27.099
A,P_MHAB,UKF15,1991,13.927
A,P_MHAB,UKF15,1992,16.137
A,P_MHAB,UKF15,1993,7.847
A,P_MHAB,UKF15,1994,15.489
A,P_MHAB,UKF15,1995,23.427
A,P_MHAB,UKF15,1996,31.424
A,P_MHAB,UKF15,1997,30.524
A,P_MHAB,UKF15,1998,26.33
A,P_MHAB,UKF15,1999,36.198
A,P_MHAB,UKF15,2000,32.841
A,P_MHAB,UKF15,2001,31.118
A,P_MHAB,UKF15,2002,42.964
A,P_MHAB,UKF15,2003,21.794
A,P_MHAB,UKF15,2004,25.13
A,P_MHAB,UKF15,2005,42.088
A,P_MHAB,UKF15,2006,47.4
A,P_MHAB,UKF15,2007,39.696
A,P_MHAB,UKF15,2008,45.659
A,P_MHAB,UKF15,2009,34.867
A,P_MHAB,UKF15,2010,39.742
A,P_MHAB,UKF15,2011,35.843
A,P_MHAB,UKF15,2012,26.427
A,P_MHAB,UKF16,1990,59.265
A,P_MHAB,UKF16,1991,53.523
A,P_MHAB,UKF16,1992,45.62
A,P_MHAB,UKF16,1993,37.935
A,P_MHAB,UKF16,1994,83.159
A,P_MHAB,UKF16,1995,65.652
A,P_MHAB,UKF16,1996,90.551
A,P_MHAB,UKF16,1997,73.08
A,P_MHAB,UKF16,1998,93.91
A,P_MHAB,UKF16,1999,94.146
A,P_MHAB,UKF16,2000,109.498
A,P_MHAB,UKF16,2001,119.405
A,P_MHAB,UKF16,2002,92.971
A,P_MHAB,UKF16,2003,78.649
A,P_MHAB,UKF16,2004,81.185
A,P_MHAB,UKF16,2005,73.147
A,P_MHAB,UKF16,2006,87.538
A,P_MHAB,UKF16,2007,88.615
A,P_MHAB,UKF16,2008,67.231
A,P_MHAB,UKF16,2009,91.69
A,P_MHAB,UKF16,2010,51.303
A,P_MHAB,UKF16,2011,106.859
A,P_MHAB,UKF16,2012,67.354
A,P_MHAB,UKF2,1990,53.354
A,P_MHAB,UKF2,1991,62.377
A,P_MHAB,UKF2,1992,71.413
A,P_MHAB,UKF2,1993,59.708
A,P_MHAB,UKF2,1994,69.659
A,P_MHAB,UKF2,1995,54.027
A,P_MHAB,UKF2,1996,82.75
A,P_MHAB,UKF2,1997,82.606
A,P_MHAB,UKF2,1998,88.458
A,P_MHAB,UKF2,1999,109.464
A,P_MHAB,UKF2,2000,101.067
A,P_MHAB,UKF2,2001,80.536
A,P_MHAB,UKF2,2002,89.533
A,P_MHAB,UKF2,2003,95.962
A,P_MHAB,UKF2,2004,80.627
A,P_MHAB,UKF2,2005,95.295
A,P_MHAB,UKF2,2006,88.979
A,P_MHAB,UKF2,2007,78.9
A,P_MHAB,UKF2,2008,68.804
A,P_MHAB,UKF2,2009,65.555
A,P_MHAB,UKF2,2010,63.053
A,P_MHAB,UKF2,2011,65.786
A,P_MHAB,UKF2,2012,57.053
A,P_MHAB,UKF21,1990,43.394
A,P_MHAB,UKF21,1991,48.544
A,P_MHAB,UKF21,1992,36.386
A,P_MHAB,UKF21,1993,12.439
A,P_MHAB,UKF21,1994,21.387
A,P_MHAB,UKF21,1995,21.437
A,P_MHAB,UKF21,1996,40.53
A,P_MHAB,UKF21,1997,25.282
A,P_MHAB,UKF21,1998,33.194
A,P_MHAB,UKF21,1999,22.988
A,P_MHAB,UKF21,2000,44.969
A,P_MHAB,UKF21,2001,26.829
A,P_MHAB,UKF21,2002,33.31
A,P_MHAB,UKF21,2003,57.083
A,P_MHAB,UKF21,2004,38.611
A,P_MHAB,UKF21,2005,54.563
A,P_MHAB,UKF21,2006,40.885
A,P_MHAB,UKF21,2007,43.928
A,P_MHAB,UKF21,2008,32.805
A,P_MHAB,UKF21,2009,49.848
A,P_MHAB,UKF21,2010,29.228
A,P_MHAB,UKF21,2011,22.948
A,P_MHAB,UKF21,2012,33.363
A,P_MHAB,UKF22,1990,63.547
A,P_MHAB,UKF22,1991,86.908
A,P_MHAB,UKF22,1992,76.595
A,P_MHAB,UKF22,1993,64.906
A,P_MHAB,UKF22,1994,85.055
A,P_MHAB,UKF22,1995,77.507
A,P_MHAB,UKF22,1996,104.886
A,P_MHAB,UKF22,1997,120.683
A,P_MHAB,UKF22,1998,142.387
A,P_MHAB,UKF22,1999,161.792
A,P_MHAB,UKF22,2000,149.74
A,P_MHAB,UKF22,2001,114.599
A,P_MHAB,UKF22,2002,142.951
A,P_MHAB,UKF22,2003,157.228
A,P_MHAB,UKF22,2004,104.154
A,P_MHAB,UKF22,2005,140.112
A,P_MHAB,UKF22,2006,141.937
A,P_MHAB,UKF22,2007,118.539
A,P_MHAB,UKF22,2008,102.846
A,P_MHAB,UKF22,2009,97.521
A,P_MHAB,UKF22,2010,90.357
A,P_MHAB,UKF22,2011,113.317
A,P_MHAB,UKF22,2012,98.847
A,P_MHAB,UKF24,2002,77.64
A,P_MHAB,UKF24,2003,63.755
A,P_MHAB,UKF24,2004,95.777
A,P_MHAB,UKF24,2005,82.276
A,P_MHAB,UKF24,2006,76.042
A,P_MHAB,UKF24,2007,81.529
A,P_MHAB,UKF24,2008,58.501
A,P_MHAB,UKF24,2009,55.994
A,P_MHAB,UKF24,2010,76.381
A,P_MHAB,UKF24,2011,48.783
A,P_MHAB,UKF24,2012,24.551
A,P_MHAB,UKF25,2002,35.549
A,P_MHAB,UKF25,2003,35.569
A,P_MHAB,UKF25,2004,48.01
A,P_MHAB,UKF25,2005,51.921
A,P_MHAB,UKF25,2006,35.944
A,P_MHAB,UKF25,2007,24.041
A,P_MHAB,UKF25,2008,39.91
A,P_MHAB,UKF25,2009,23.25
A,P_MHAB,UKF25,2010,22.593
A,P_MHAB,UKF25,2011,27.098
A,P_MHAB,UKF25,2012,29.563
A,P_MHAB,UKF3,1990,22.318
A,P_MHAB,UKF3,1991,30.406
A,P_MHAB,UKF3,1992,21.115
A,P_MHAB,UKF3,1993,16.887
A,P_MHAB,UKF3,1994,24.173
A,P_MHAB,UKF3,1995,23.761
A,P_MHAB,UKF3,1996,31.585
A,P_MHAB,UKF3,1997,36.112
A,P_MHAB,UKF3,1998,28.593
A,P_MHAB,UKF3,1999,29.665
A,P_MHAB,UKF3,2000,33.106
A,P_MHAB,UKF3,2001,31.666
A,P_MHAB,UKF3,2002,21.101
A,P_MHAB,UKF3,2003,39.369
A,P_MHAB,UKF3,2004,48.41
A,P_MHAB,UKF3,2005,39.887
A,P_MHAB,UKF3,2006,46.595
A,P_MHAB,UKF3,2007,72.694
A,P_MHAB,UKF3,2008,55.358
A,P_MHAB,UKF3,2009,62.668
A,P_MHAB,UKF3,2010,88.397
A,P_MHAB,UKF3,2011,67.038
A,P_MHAB,UKF3,2012,66.375
A,P_MHAB,UKF30,1990,22.318
A,P_MHAB,UKF30,1991,30.406
A,P_MHAB,UKF30,1992,21.115
A,P_MHAB,UKF30,1993,16.887
A,P_MHAB,UKF30,1994,24.173
A,P_MHAB,UKF30,1995,23.761
A,P_MHAB,UKF30,1996,31.585
A,P_MHAB,UKF30,1997,36.112
A,P_MHAB,UKF30,1998,28.593
A,P_MHAB,UKF30,1999,29.665
A,P_MHAB,UKF30,2000,33.106
A,P_MHAB,UKF30,2001,31.666
A,P_MHAB,UKF30,2002,21.101
A,P_MHAB,UKF30,2003,39.369
A,P_MHAB,UKF30,2004,48.41
A,P_MHAB,UKF30,2005,39.887
A,P_MHAB,UKF30,2006,46.595
A,P_MHAB,UKF30,2007,72.694
A,P_MHAB,UKF30,2008,55.358
A,P_MHAB,UKF30,2009,62.668
A,P_MHAB,UKF30,2010,88.397
A,P_MHAB,UKF30,2011,67.038
A,P_MHAB,UKF30,2012,66.375
A,P_MHAB,UKG1,1990,91.846
A,P_MHAB,UKG1,1991,62.361
A,P_MHAB,UKG1,1992,85.186
A,P_MHAB,UKG1,1993,98.411
A,P_MHAB,UKG1,1994,89.831
A,P_MHAB,UKG1,1995,102.264
A,P_MHAB,UKG1,1996,111.217
A,P_MHAB,UKG1,1997,114.938
A,P_MHAB,UKG1,1998,130.616
A,P_MHAB,UKG1,1999,130.32
A,P_MHAB,UKG1,2000,141.836
A,P_MHAB,UKG1,2001,154.39
A,P_MHAB,UKG1,2002,162.089
A,P_MHAB,UKG1,2003,153.855
A,P_MHAB,UKG1,2004,134.324
A,P_MHAB,UKG1,2005,89.991
A,P_MHAB,UKG1,2006,118.889
A,P_MHAB,UKG1,2007,91.238
A,P_MHAB,UKG1,2008,91.625
A,P_MHAB,UKG1,2009,137.684
A,P_MHAB,UKG1,2010,135.18
A,P_MHAB,UKG1,2011,100.154
A,P_MHAB,UKG1,2012,60.531
A,P_MHAB,UKG11,1990,32.353
A,P_MHAB,UKG11,1991,41.635
A,P_MHAB,UKG11,1992,20.161
A,P_MHAB,UKG11,1993,59.096
A,P_MHAB,UKG11,1994,19.107
A,P_MHAB,UKG11,1995,49.833
A,P_MHAB,UKG11,1996,14.436
A,P_MHAB,UKG11,1997,52.713
A,P_MHAB,UKG11,1998,57.912
A,P_MHAB,UKG11,1999,41.281
A,P_MHAB,UKG11,2000,14.93
A,P_MHAB,UKG11,2001,23.3
A,P_MHAB,UKG11,2002,79.698
A,P_MHAB,UKG11,2003,62.079
A,P_MHAB,UKG11,2004,46.186
A,P_MHAB,UKG11,2005,34.49
A,P_MHAB,UKG11,2006,62.825
A,P_MHAB,UKG11,2007,68.215
A,P_MHAB,UKG11,2008,33.677
A,P_MHAB,UKG11,2009,38.45
A,P_MHAB,UKG11,2010,28.314
A,P_MHAB,UKG11,2011,41.317
A,P_MHAB,UKG11,2012,26.215
A,P_MHAB,UKG12,1990,98.291
A,P_MHAB,UKG12,1991,60.45
A,P_MHAB,UKG12,1992,75.758
A,P_MHAB,UKG12,1993,84.086
A,P_MHAB,UKG12,1994,74.591
A,P_MHAB,UKG12,1995,132.195
A,P_MHAB,UKG12,1996,109.665
A,P_MHAB,UKG12,1997,116.962
A,P_MHAB,UKG12,1998,145.649
A,P_MHAB,UKG12,1999,155.381
A,P_MHAB,UKG12,2000,153.372
A,P_MHAB,UKG12,2001,180.377
A,P_MHAB,UKG12,2002,209.728
A,P_MHAB,UKG12,2003,187.196
A,P_MHAB,UKG12,2004,151.829
A,P_MHAB,UKG12,2005,96.743
A,P_MHAB,UKG12,2006,119.849
A,P_MHAB,UKG12,2007,75.829
A,P_MHAB,UKG12,2008,99.603
A,P_MHAB,UKG12,2009,152.965
A,P_MHAB,UKG12,2010,98.901
A,P_MHAB,UKG12,2011,62.071
A,P_MHAB,UKG12,2012,62.609
A,P_MHAB,UKG13,1990,104.678
A,P_MHAB,UKG13,1991,71.205
A,P_MHAB,UKG13,1992,116.612
A,P_MHAB,UKG13,1993,126.633
A,P_MHAB,UKG13,1994,129.677
A,P_MHAB,UKG13,1995,87.977
A,P_MHAB,UKG13,1996,145.426
A,P_MHAB,UKG13,1997,133.797
A,P_MHAB,UKG13,1998,139.277
A,P_MHAB,UKG13,1999,133.982
A,P_MHAB,UKG13,2000,173.229
A,P_MHAB,UKG13,2001,171.851
A,P_MHAB,UKG13,2002,139.542
A,P_MHAB,UKG13,2003,149.759
A,P_MHAB,UKG13,2004,145.765
A,P_MHAB,UKG13,2005,101.638
A,P_MHAB,UKG13,2006,136.767
A,P_MHAB,UKG13,2007,115.112
A,P_MHAB,UKG13,2008,102.83
A,P_MHAB,UKG13,2009,155.205
A,P_MHAB,UKG13,2010,208.703
A,P_MHAB,UKG13,2011,159.398
A,P_MHAB,UKG13,2012,69.91
A,P_MHAB,UKG2,1990,27.064
A,P_MHAB,UKG2,1991,33.568
A,P_MHAB,UKG2,1992,29.962
A,P_MHAB,UKG2,1993,36.81
A,P_MHAB,UKG2,1994,38.648
A,P_MHAB,UKG2,1995,33.344
A,P_MHAB,UKG2,1996,42.096
A,P_MHAB,UKG2,1997,48.581
A,P_MHAB,UKG2,1998,55.017
A,P_MHAB,UKG2,1999,55.755
A,P_MHAB,UKG2,2000,54.287
A,P_MHAB,UKG2,2001,48.796
A,P_MHAB,UKG2,2002,53.187
A,P_MHAB,UKG2,2003,49.232
A,P_MHAB,UKG2,2004,58.676
A,P_MHAB,UKG2,2005,54.059
A,P_MHAB,UKG2,2006,38.984
A,P_MHAB,UKG2,2007,41.665
A,P_MHAB,UKG2,2008,43.214
A,P_MHAB,UKG2,2009,48.268
A,P_MHAB,UKG2,2010,54.721
A,P_MHAB,UKG2,2011,44.275
A,P_MHAB,UKG2,2012,48.646
A,P_MHAB,UKG21,1990,27.495
A,P_MHAB,UKG21,1991,54.797
A,P_MHAB,UKG21,1992,24.683
A,P_MHAB,UKG21,1993,53.101
A,P_MHAB,UKG21,1994,34.204
A,P_MHAB,UKG21,1995,37.855
A,P_MHAB,UKG21,1996,23.598
A,P_MHAB,UKG21,1997,26.493
A,P_MHAB,UKG21,1998,34.174
A,P_MHAB,UKG21,1999,86.945
A,P_MHAB,UKG21,2000,12.921
A,P_MHAB,UKG21,2001,11.132
A,P_MHAB,UKG21,2002,12.582
A,P_MHAB,UKG21,2003,32.77
A,P_MHAB,UKG21,2004,29.652
A,P_MHAB,UKG21,2005,10.37
A,P_MHAB,UKG21,2006,49.604
A,P_MHAB,UKG21,2007,15.337
A,P_MHAB,UKG21,2008,19.731
A,P_MHAB,UKG21,2009,38.489
A,P_MHAB,UKG21,2010,66.573
A,P_MHAB,UKG21,2011,9.025
A,P_MHAB,UKG21,2012,13.156
A,P_MHAB,UKG22,1990,20.507
A,P_MHAB,UKG22,1991,25.428
A,P_MHAB,UKG22,1992,19.814
A,P_MHAB,UKG22,1993,23.184
A,P_MHAB,UKG22,1994,37.712
A,P_MHAB,UKG22,1995,27.522
A,P_MHAB,UKG22,1996,49.66
A,P_MHAB,UKG22,1997,44.414
A,P_MHAB,UKG22,1998,64.304
A,P_MHAB,UKG22,1999,37.724
A,P_MHAB,UKG22,2000,53.034
A,P_MHAB,UKG22,2001,52.025
A,P_MHAB,UKG22,2002,39.674
A,P_MHAB,UKG22,2003,48.69
A,P_MHAB,UKG22,2004,59.162
A,P_MHAB,UKG22,2005,70.169
A,P_MHAB,UKG22,2006,32.284
A,P_MHAB,UKG22,2007,23.272
A,P_MHAB,UKG22,2008,56.611
A,P_MHAB,UKG22,2009,38.338
A,P_MHAB,UKG22,2010,31.06
A,P_MHAB,UKG22,2011,27.797
A,P_MHAB,UKG22,2012,25.939
A,P_MHAB,UKG23,1990,10.036
A,P_MHAB,UKG23,1991,11.352
A,P_MHAB,UKG23,1992,8.711
A,P_MHAB,UKG23,1993,9.047
A,P_MHAB,UKG23,1994,26.105
A,P_MHAB,UKG23,1995,9.344
A,P_MHAB,UKG23,1996,25.409
A,P_MHAB,UKG23,1997,30.423
A,P_MHAB,UKG23,1998,12.991
A,P_MHAB,UKG23,1999,31.343
A,P_MHAB,UKG23,2000,16.128
A,P_MHAB,UKG23,2001,30.057
A,P_MHAB,UKG23,2002,24.982
A,P_MHAB,UKG23,2003,27.086
A,P_MHAB,UKG23,2005,21.76
A,P_MHAB,UKG23,2006,7.554
A,P_MHAB,UKG23,2007,49.802
A,P_MHAB,UKG23,2008,15.659
A,P_MHAB,UKG23,2009,20.842
A,P_MHAB,UKG23,2010,9.448
A,P_MHAB,UKG23,2011,16.934
A,P_MHAB,UKG23,2012,12.034
A,P_MHAB,UKG24,1990,34.6
A,P_MHAB,UKG24,1991,39.572
A,P_MHAB,UKG24,1992,41.03
A,P_MHAB,UKG24,1993,47.186
A,P_MHAB,UKG24,1994,43.698
A,P_MHAB,UKG24,1995,42.04
A,P_MHAB,UKG24,1996,48.098
A,P_MHAB,UKG24,1997,59.769
A,P_MHAB,UKG24,1998,68.654
A,P_MHAB,UKG24,1999,63.482
A,P_MHAB,UKG24,2000,74.222
A,P_MHAB,UKG24,2001,60.621
A,P_MHAB,UKG24,2002,74.302
A,P_MHAB,UKG24,2003,59.194
A,P_MHAB,UKG24,2004,81.473
A,P_MHAB,UKG24,2005,66.444
A,P_MHAB,UKG24,2006,48.506
A,P_MHAB,UKG24,2007,51.008
A,P_MHAB,UKG24,2008,51.073
A,P_MHAB,UKG24,2009,61.78
A,P_MHAB,UKG24,2010,74.148
A,P_MHAB,UKG24,2011,65.136
A,P_MHAB,UKG24,2012,74.558
A,P_MHAB,UKG3,1990,27.395
A,P_MHAB,UKG3,1991,37.435
A,P_MHAB,UKG3,1992,39.03
A,P_MHAB,UKG3,1993,43.064
A,P_MHAB,UKG3,1994,41.697
A,P_MHAB,UKG3,1995,38.25
A,P_MHAB,UKG3,1996,47.858
A,P_MHAB,UKG3,1997,48.909
A,P_MHAB,UKG3,1998,51.084
A,P_MHAB,UKG3,1999,56.643
A,P_MHAB,UKG3,2000,56.446
A,P_MHAB,UKG3,2001,52.403
A,P_MHAB,UKG3,2002,46.851
A,P_MHAB,UKG3,2003,41.304
A,P_MHAB,UKG3,2004,44.144
A,P_MHAB,UKG3,2005,52.396
A,P_MHAB,UKG3,2006,49.345
A,P_MHAB,UKG3,2007,41.062
A,P_MHAB,UKG3,2008,44.55
A,P_MHAB,UKG3,2009,33.484
A,P_MHAB,UKG3,2010,52.854
A,P_MHAB,UKG3,2011,58.643
A,P_MHAB,UKG3,2012,64.336
A,P_MHAB,UKG31,1990,23.307
A,P_MHAB,UKG31,1991,29.239
A,P_MHAB,UKG31,1992,42.204
A,P_MHAB,UKG31,1993,37.499
A,P_MHAB,UKG31,1994,33.078
A,P_MHAB,UKG31,1995,38.214
A,P_MHAB,UKG31,1996,36.486
A,P_MHAB,UKG31,1997,51.385
A,P_MHAB,UKG31,1998,47.768
A,P_MHAB,UKG31,1999,69.598
A,P_MHAB,UKG31,2000,49.29
A,P_MHAB,UKG31,2001,51.103
A,P_MHAB,UKG31,2002,46.933
A,P_MHAB,UKG31,2003,36.279
A,P_MHAB,UKG31,2004,45.476
A,P_MHAB,UKG31,2005,53.213
A,P_MHAB,UKG31,2006,35.517
A,P_MHAB,UKG31,2007,38.879
A,P_MHAB,UKG31,2008,48.344
A,P_MHAB,UKG31,2009,31.142
A,P_MHAB,UKG31,2010,36.357
A,P_MHAB,UKG31,2011,35.43
A,P_MHAB,UKG31,2012,34.197
A,P_MHAB,UKG32,1990,57.555
A,P_MHAB,UKG32,1991,117.456
A,P_MHAB,UKG32,1992,68.2
A,P_MHAB,UKG32,1993,113.354
A,P_MHAB,UKG32,1994,124.007
A,P_MHAB,UKG32,1995,70.567
A,P_MHAB,UKG32,1996,85.097
A,P_MHAB,UKG32,1997,77.146
A,P_MHAB,UKG32,1998,118.971
A,P_MHAB,UKG32,1999,107.601
A,P_MHAB,UKG32,2000,147.844
A,P_MHAB,UKG32,2001,109.035
A,P_MHAB,UKG32,2002,83.643
A,P_MHAB,UKG32,2003,54.68
A,P_MHAB,UKG32,2004,73.797
A,P_MHAB,UKG32,2005,100.031
A,P_MHAB,UKG32,2006,80.817
A,P_MHAB,UKG32,2007,72.459
A,P_MHAB,UKG32,2008,106.151
A,P_MHAB,UKG32,2009,67.919
A,P_MHAB,UKG32,2010,80.047
A,P_MHAB,UKG32,2011,77.409
A,P_MHAB,UKG32,2012,41.19
A,P_MHAB,UKG33,1990,47.053
A,P_MHAB,UKG33,1991,71.668
A,P_MHAB,UKG33,1992,64.107
A,P_MHAB,UKG33,1993,92.119
A,P_MHAB,UKG33,1994,79.731
A,P_MHAB,UKG33,1995,80.854
A,P_MHAB,UKG33,1996,133.186
A,P_MHAB,UKG33,1997,68.722
A,P_MHAB,UKG33,1998,99.715
A,P_MHAB,UKG33,1999,89.531
A,P_MHAB,UKG33,2000,92.646
A,P_MHAB,UKG33,2001,67.968
A,P_MHAB,UKG33,2002,70.419
A,P_MHAB,UKG33,2003,75.99
A,P_MHAB,UKG33,2004,61.623
A,P_MHAB,UKG33,2005,55.756
A,P_MHAB,UKG33,2006,86.32
A,P_MHAB,UKG33,2007,52.765
A,P_MHAB,UKG33,2008,65.086
A,P_MHAB,UKG33,2009,49.891
A,P_MHAB,UKG33,2010,176.302
A,P_MHAB,UKG33,2011,265.619
A,P_MHAB,UKG33,2012,339.71
A,P_MHAB,UKG36,2002,51.585
A,P_MHAB,UKG36,2003,60.373
A,P_MHAB,UKG36,2004,57.803
A,P_MHAB,UKG36,2005,73.229
A,P_MHAB,UKG36,2006,80.736
A,P_MHAB,UKG36,2007,51.096
A,P_MHAB,UKG36,2008,27.559
A,P_MHAB,UKG36,2009,30.606
A,P_MHAB,UKG36,2010,43.063
A,P_MHAB,UKG36,2011,32.52
A,P_MHAB,UKG36,2012,29.609
A,P_MHAB,UKG37,2002,39.214
A,P_MHAB,UKG37,2003,26.469
A,P_MHAB,UKG37,2004,30.106
A,P_MHAB,UKG37,2005,27.622
A,P_MHAB,UKG37,2006,18.424
A,P_MHAB,UKG37,2007,28.957
A,P_MHAB,UKG37,2008,17.979
A,P_MHAB,UKG37,2009,8.258
A,P_MHAB,UKG37,2010,5.752
A,P_MHAB,UKG37,2011,9.493
A,P_MHAB,UKG37,2012,15.573
A,P_MHAB,UKG38,2002,21.001
A,P_MHAB,UKG38,2003,33.476
A,P_MHAB,UKG38,2004,23.437
A,P_MHAB,UKG38,2005,38.964
A,P_MHAB,UKG38,2006,34.12
A,P_MHAB,UKG38,2007,36.283
A,P_MHAB,UKG38,2008,31.797
A,P_MHAB,UKG38,2009,16.977
A,P_MHAB,UKG38,2010,29.46
A,P_MHAB,UKG38,2011,8.689
A,P_MHAB,UKG38,2012,19.43
A,P_MHAB,UKG39,2002,16.434
A,P_MHAB,UKG39,2003,9.063
A,P_MHAB,UKG39,2004,13.531
A,P_MHAB,UKG39,2005,22.605
A,P_MHAB,UKG39,2006,45.078
A,P_MHAB,UKG39,2007,16.6
A,P_MHAB,UKG39,2008,19.091
A,P_MHAB,UKG39,2009,46.365
A,P_MHAB,UKG39,2010,37.479
A,P_MHAB,UKG39,2011,28.665
A,P_MHAB,UKG39,2012,13.779
A,P_MHAB,UKH1,1990,114.873
A,P_MHAB,UKH1,1991,84.425
A,P_MHAB,UKH1,1992,97.358
A,P_MHAB,UKH1,1993,121.882
A,P_MHAB,UKH1,1994,131.205
A,P_MHAB,UKH1,1995,137.83
A,P_MHAB,UKH1,1996,180.842
A,P_MHAB,UKH1,1997,192.849
A,P_MHAB,UKH1,1998,199.131
A,P_MHAB,UKH1,1999,229.686
A,P_MHAB,UKH1,2000,225.832
A,P_MHAB,UKH1,2001,261.283
A,P_MHAB,UKH1,2002,218.494
A,P_MHAB,UKH1,2003,227.398
A,P_MHAB,UKH1,2004,228.0
A,P_MHAB,UKH1,2005,239.075
A,P_MHAB,UKH1,2006,224.577
A,P_MHAB,UKH1,2007,225.435
A,P_MHAB,UKH1,2008,196.822
A,P_MHAB,UKH1,2009,169.348
A,P_MHAB,UKH1,2010,164.516
A,P_MHAB,UKH1,2011,163.039
A,P_MHAB,UKH1,2012,128.651
A,P_MHAB,UKH11,1990,70.779
A,P_MHAB,UKH11,1991,36.77
A,P_MHAB,UKH11,1992,22.61
A,P_MHAB,UKH11,1993,36.451
A,P_MHAB,UKH11,1994,33.983
A,P_MHAB,UKH11,1995,36.305
A,P_MHAB,UKH11,1996,44.182
A,P_MHAB,UKH11,1997,47.689
A,P_MHAB,UKH11,1998,7.493
A,P_MHAB,UKH11,1999,69.591
A,P_MHAB,UKH11,2000,28.486
A,P_MHAB,UKH11,2001,26.747
A,P_MHAB,UKH11,2002,21.065
A,P_MHAB,UKH11,2003,59.466
A,P_MHAB,UKH11,2004,47.685
A,P_MHAB,UKH11,2005,24.679
A,P_MHAB,UKH11,2006,53.409
A,P_MHAB,UKH11,2007,57.263
A,P_MHAB,UKH11,2008,78.297
A,P_MHAB,UKH11,2009,57.136
A,P_MHAB,UKH11,2010,32.828
A,P_MHAB,UKH11,2011,62.648
A,P_MHAB,UKH11,2012,101.249
A,P_MHAB,UKH12,1990,233.487
A,P_MHAB,UKH12,1991,197.93
A,P_MHAB,UKH12,1992,224.075
A,P_MHAB,UKH12,1993,278.071
A,P_MHAB,UKH12,1994,279.442
A,P_MHAB,UKH12,1995,321.919
A,P_MHAB,UKH12,1996,429.063
A,P_MHAB,UKH12,1997,448.169
A,P_MHAB,UKH12,1998,478.913
A,P_MHAB,UKH12,1999,607.069
A,P_MHAB,UKH12,2000,592.693
A,P_MHAB,UKH12,2001,658.908
A,P_MHAB,UKH12,2002,560.961
A,P_MHAB,UKH12,2003,627.54
A,P_MHAB,UKH12,2004,661.778
A,P_MHAB,UKH12,2005,650.418
A,P_MHAB,UKH12,2006,614.556
A,P_MHAB,UKH12,2007,592.702
A,P_MHAB,UKH12,2008,502.451
A,P_MHAB,UKH12,2009,449.765
A,P_MHAB,UKH12,2010,512.731
A,P_MHAB,UKH12,2011,511.595
A,P_MHAB,UKH12,2012,367.781
A,P_MHAB,UKH13,1990,42.616
A,P_MHAB,UKH13,1991,27.304
A,P_MHAB,UKH13,1992,34.392
A,P_MHAB,UKH13,1993,22.08
A,P_MHAB,UKH13,1994,36.901
A,P_MHAB,UKH13,1995,48.273
A,P_MHAB,UKH13,1996,44.407
A,P_MHAB,UKH13,1997,49.787
A,P_MHAB,UKH13,1998,61.813
A,P_MHAB,UKH13,1999,58.15
A,P_MHAB,UKH13,2000,55.761
A,P_MHAB,UKH13,2001,39.231
A,P_MHAB,UKH13,2002,43.903
A,P_MHAB,UKH13,2003,32.819
A,P_MHAB,UKH13,2004,50.051
A,P_MHAB,UKH13,2005,50.894
A,P_MHAB,UKH13,2006,42.819
A,P_MHAB,UKH13,2007,66.92
A,P_MHAB,UKH13,2008,36.826
A,P_MHAB,UKH13,2009,53.793
A,P_MHAB,UKH13,2010,44.216
A,P_MHAB,UKH13,2011,33.005
A,P_MHAB,UKH13,2012,34.299
A,P_MHAB,UKH14,1990,117.292
A,P_MHAB,UKH14,1991,73.077
A,P_MHAB,UKH14,1992,88.272
A,P_MHAB,UKH14,1993,134.588
A,P_MHAB,UKH14,1994,146.871
A,P_MHAB,UKH14,1995,120.317
A,P_MHAB,UKH14,1996,174.216
A,P_MHAB,UKH14,1997,187.886
A,P_MHAB,UKH14,1998,176.604
A,P_MHAB,UKH14,1999,159.504
A,P_MHAB,UKH14,2000,171.602
A,P_MHAB,UKH14,2001,251.888
A,P_MHAB,UKH14,2002,189.312
A,P_MHAB,UKH14,2003,165.76
A,P_MHAB,UKH14,2004,119.936
A,P_MHAB,UKH14,2005,169.04
A,P_MHAB,UKH14,2006,153.692
A,P_MHAB,UKH14,2007,145.253
A,P_MHAB,UKH14,2008,157.648
A,P_MHAB,UKH14,2009,97.027
A,P_MHAB,UKH14,2010,44.362
A,P_MHAB,UKH14,2011,44.892
A,P_MHAB,UKH14,2012,42.378
A,P_MHAB,UKH2,1990,136.718
A,P_MHAB,UKH2,1991,120.13
A,P_MHAB,UKH2,1992,121.733
A,P_MHAB,UKH2,1993,107.133
A,P_MHAB,UKH2,1994,90.199
A,P_MHAB,UKH2,1995,97.066
A,P_MHAB,UKH2,1996,117.592
A,P_MHAB,UKH2,1997,133.442
A,P_MHAB,UKH2,1998,148.646
A,P_MHAB,UKH2,1999,167.029
A,P_MHAB,UKH2,2000,183.836
A,P_MHAB,UKH2,2001,177.067
A,P_MHAB,UKH2,2002,188.865
A,P_MHAB,UKH2,2003,190.553
A,P_MHAB,UKH2,2004,158.6
A,P_MHAB,UKH2,2005,167.141
A,P_MHAB,UKH2,2006,166.484
A,P_MHAB,UKH2,2007,132.776
A,P_MHAB,UKH2,2008,111.123
A,P_MHAB,UKH2,2009,100.311
A,P_MHAB,UKH2,2010,120.847
A,P_MHAB,UKH2,2011,104.728
A,P_MHAB,UKH2,2012,89.049
A,P_MHAB,UKH21,1990,18.961
A,P_MHAB,UKH21,1991,14.451
A,P_MHAB,UKH21,1992,25.744
A,P_MHAB,UKH21,1993,14.105
A,P_MHAB,UKH21,1994,5.564
A,P_MHAB,UKH21,1995,17.007
A,P_MHAB,UKH21,1996,13.941
A,P_MHAB,UKH21,1997,32.881
A,P_MHAB,UKH21,1998,11.353
A,P_MHAB,UKH21,1999,19.39
A,P_MHAB,UKH21,2000,29.853
A,P_MHAB,UKH21,2001,21.649
A,P_MHAB,UKH21,2002,26.92
A,P_MHAB,UKH21,2003,34.107
A,P_MHAB,UKH21,2004,12.211
A,P_MHAB,UKH21,2005,45.159
A,P_MHAB,UKH21,2006,35.797
A,P_MHAB,UKH21,2007,7.957
A,P_MHAB,UKH21,2008,22.263
A,P_MHAB,UKH21,2009,6.039
A,P_MHAB,UKH21,2010,25.317
A,P_MHAB,UKH21,2011,18.999
A,P_MHAB,UKH21,2012,9.379
A,P_MHAB,UKH23,1990,136.949
A,P_MHAB,UKH23,1991,120.833
A,P_MHAB,UKH23,1992,122.126
A,P_MHAB,UKH23,1993,104.417
A,P_MHAB,UKH23,1994,95.998
A,P_MHAB,UKH23,1995,108.56
A,P_MHAB,UKH23,1996,138.302
A,P_MHAB,UKH23,1997,159.406
A,P_MHAB,UKH23,1998,175.835
A,P_MHAB,UKH23,1999,189.482
A,P_MHAB,UKH23,2000,210.086
A,P_MHAB,UKH23,2001,202.582
A,P_MHAB,UKH23,2002,236.633
A,P_MHAB,UKH23,2003,202.086
A,P_MHAB,UKH23,2004,173.591
A,P_MHAB,UKH23,2005,177.128
A,P_MHAB,UKH23,2006,167.614
A,P_MHAB,UKH23,2007,135.329
A,P_MHAB,UKH23,2008,110.335
A,P_MHAB,UKH23,2009,107.572
A,P_MHAB,UKH23,2010,132.518
A,P_MHAB,UKH23,2011,111.717
A,P_MHAB,UKH23,2012,94.279
A,P_MHAB,UKH24,2002,209.576
A,P_MHAB,UKH24,2003,338.963
A,P_MHAB,UKH24,2004,245.684
A,P_MHAB,UKH24,2005,271.084
A,P_MHAB,UKH24,2006,355.661
A,P_MHAB,UKH24,2007,286.261
A,P_MHAB,UKH24,2008,251.037
A,P_MHAB,UKH24,2009,162.818
A,P_MHAB,UKH24,2010,221.403
A,P_MHAB,UKH24,2011,162.262
A,P_MHAB,UKH24,2012,160.187
A,P_MHAB,UKH25,2002,90.674
A,P_MHAB,UKH25,2003,166.766
A,P_MHAB,UKH25,2004,146.321
A,P_MHAB,UKH25,2005,151.599
A,P_MHAB,UKH25,2006,143.428
A,P_MHAB,UKH25,2007,117.001
A,P_MHAB,UKH25,2008,94.27
A,P_MHAB,UKH25,2009,103.064
A,P_MHAB,UKH25,2010,82.466
A,P_MHAB,UKH25,2011,106.483
A,P_MHAB,UKH25,2012,85.804
A,P_MHAB,UKH3,1990,69.664
A,P_MHAB,UKH3,1991,83.796
A,P_MHAB,UKH3,1992,79.281
A,P_MHAB,UKH3,1993,79.21
A,P_MHAB,UKH3,1994,71.925
A,P_MHAB,UKH3,1995,78.133
A,P_MHAB,UKH3,1996,109.844
A,P_MHAB,UKH3,1997,124.876
A,P_MHAB,UKH3,1998,122.948
A,P_MHAB,UKH3,1999,130.641
A,P_MHAB,UKH3,2000,119.129
A,P_MHAB,UKH3,2001,118.234
A,P_MHAB,UKH3,2002,114.007
A,P_MHAB,UKH3,2003,87.172
A,P_MHAB,UKH3,2004,104.133
A,P_MHAB,UKH3,2005,96.744
A,P_MHAB,UKH3,2006,95.869
A,P_MHAB,UKH3,2007,94.57
A,P_MHAB,UKH3,2008,71.962
A,P_MHAB,UKH3,2009,77.504
A,P_MHAB,UKH3,2010,65.092
A,P_MHAB,UKH3,2011,51.653
A,P_MHAB,UKH3,2012,37.532
A,P_MHAB,UKH31,1990,19.339
A,P_MHAB,UKH31,1991,9.323
A,P_MHAB,UKH31,1992,12.361
A,P_MHAB,UKH31,1993,15.341
A,P_MHAB,UKH31,1994,50.813
A,P_MHAB,UKH31,1995,35.027
A,P_MHAB,UKH31,1996,53.473
A,P_MHAB,UKH31,1997,56.815
A,P_MHAB,UKH31,1998,47.612
A,P_MHAB,UKH31,1999,68.557
A,P_MHAB,UKH31,2000,58.428
A,P_MHAB,UKH31,2001,27.52
A,P_MHAB,UKH31,2002,20.718
A,P_MHAB,UKH31,2003,33.297
A,P_MHAB,UKH31,2004,19.637
A,P_MHAB,UKH31,2005,34.127
A,P_MHAB,UKH31,2006,28.618
A,P_MHAB,UKH31,2007,18.594
A,P_MHAB,UKH31,2008,23.985
A,P_MHAB,UKH31,2010,29.234
A,P_MHAB,UKH31,2011,7.68
A,P_MHAB,UKH31,2012,1.891
A,P_MHAB,UKH32,1990,2.6
A,P_MHAB,UKH32,1991,10.383
A,P_MHAB,UKH32,1992,1.926
A,P_MHAB,UKH32,1993,1.904
A,P_MHAB,UKH32,1994,3.786
A,P_MHAB,UKH32,1995,10.382
A,P_MHAB,UKH32,1996,7.462
A,P_MHAB,UKH32,1997,14.814
A,P_MHAB,UKH32,1998,1.46
A,P_MHAB,UKH32,1999,20.276
A,P_MHAB,UKH32,2000,60.858
A,P_MHAB,UKH32,2001,35.954
A,P_MHAB,UKH32,2002,6.39
A,P_MHAB,UKH32,2003,18.924
A,P_MHAB,UKH32,2004,13.653
A,P_MHAB,UKH32,2005,18.068
A,P_MHAB,UKH32,2006,15.601
A,P_MHAB,UKH32,2007,6.625
A,P_MHAB,UKH32,2008,16.9
A,P_MHAB,UKH32,2009,24.824
A,P_MHAB,UKH32,2010,19.26
A,P_MHAB,UKH32,2011,4.765
A,P_MHAB,UKH32,2012,9.442
A,P_MHAB,UKH33,1990,82.955
A,P_MHAB,UKH33,1991,100.929
A,P_MHAB,UKH33,1992,95.957
A,P_MHAB,UKH33,1993,95.596
A,P_MHAB,UKH33,1994,81.825
A,P_MHAB,UKH33,1995,90.849
A,P_MHAB,UKH33,1996,127.904
A,P_MHAB,UKH33,1997,145.275
A,P_MHAB,UKH33,1998,145.611
A,P_MHAB,UKH33,1999,150.409
A,P_MHAB,UKH33,2000,133.005
A,P_MHAB,UKH33,2001,138.348
A,P_MHAB,UKH33,2002,137.176
A,P_MHAB,UKH33,2003,101.239
A,P_MHAB,UKH33,2004,124.348
A,P_MHAB,UKH33,2005,112.993
A,P_MHAB,UKH33,2006,112.88
A,P_MHAB,UKH33,2007,113.542
A,P_MHAB,UKH33,2008,83.954
A,P_MHAB,UKH33,2009,92.928
A,P_MHAB,UKH33,2010,74.679
A,P_MHAB,UKH33,2011,62.411
A,P_MHAB,UKH33,2012,45.147
A,P_MHAB,UKI1,1990,31.653
A,P_MHAB,UKI1,1991,31.884
A,P_MHAB,UKI1,1992,35.252
A,P_MHAB,UKI1,1993,36.282
A,P_MHAB,UKI1,1994,35.757
A,P_MHAB,UKI1,1995,47.056
A,P_MHAB,UKI1,1996,54.04
A,P_MHAB,UKI1,1997,53.581
A,P_MHAB,UKI1,1998,76.864
A,P_MHAB,UKI1,1999,88.269
A,P_MHAB,UKI1,2000,101.453
A,P_MHAB,UKI1,2001,96.361
A,P_MHAB,UKI1,2002,78.331
A,P_MHAB,UKI1,2003,97.183
A,P_MHAB,UKI1,2004,104.074
A,P_MHAB,UKI1,2005,103.817
A,P_MHAB,UKI1,2006,106.922
A,P_MHAB,UKI1,2007,103.56
A,P_MHAB,UKI1,2008,86.863
A,P_MHAB,UKI1,2009,90.571
A,P_MHAB,UKI1,2010,100.002
A,P_MHAB,UKI1,2011,111.28
A,P_MHAB,UKI1,2012,89.782
A,P_MHAB,UKI11,1990,58.03
A,P_MHAB,UKI11,1991,59.892
A,P_MHAB,UKI11,1992,71.775
A,P_MHAB,UKI11,1993,74.703
A,P_MHAB,UKI11,1994,69.011
A,P_MHAB,UKI11,1995,93.491
A,P_MHAB,UKI11,1996,101.271
A,P_MHAB,UKI11,1997,105.393
A,P_MHAB,UKI11,1998,154.629
A,P_MHAB,UKI11,1999,171.272
A,P_MHAB,UKI11,2000,203.007
A,P_MHAB,UKI11,2001,198.274
A,P_MHAB,UKI11,2002,150.676
A,P_MHAB,UKI11,2003,175.978
A,P_MHAB,UKI11,2004,197.389
A,P_MHAB,UKI11,2005,188.917
A,P_MHAB,UKI11,2006,210.563
A,P_MHAB,UKI11,2007,186.0
A,P_MHAB,UKI11,2008,178.046
A,P_MHAB,UKI11,2009,183.688
A,P_MHAB,UKI11,2010,214.058
A,P_MHAB,UKI11,2011,239.96
A,P_MHAB,UKI11,2012,198.151
A,P_MHAB,UKI12,1990,16.852
A,P_MHAB,UKI12,1991,16.214
A,P_MHAB,UKI12,1992,15.017
A,P_MHAB,UKI12,1993,15.264
A,P_MHAB,UKI12,1994,17.759
A,P_MHAB,UKI12,1995,22.128
A,P_MHAB,UKI12,1996,28.738
A,P_MHAB,UKI12,1997,25.817
A,P_MHAB,UKI12,1998,35.497
A,P_MHAB,UKI12,1999,44.129
A,P_MHAB,UKI12,2000,46.753
A,P_MHAB,UKI12,2001,40.614
A,P_MHAB,UKI12,2002,38.354
A,P_MHAB,UKI12,2003,53.463
A,P_MHAB,UKI12,2004,52.045
A,P_MHAB,UKI12,2005,56.041
A,P_MHAB,UKI12,2006,48.88
A,P_MHAB,UKI12,2007,58.125
A,P_MHAB,UKI12,2008,37.676
A,P_MHAB,UKI12,2009,41.333
A,P_MHAB,UKI12,2010,40.614
A,P_MHAB,UKI12,2011,45.194
A,P_MHAB,UKI12,2012,34.824
A,P_MHAB,UKI2,1990,53.885
A,P_MHAB,UKI2,1991,52.182
A,P_MHAB,UKI2,1992,45.621
A,P_MHAB,UKI2,1993,49.61
A,P_MHAB,UKI2,1994,48.022
A,P_MHAB,UKI2,1995,46.356
A,P_MHAB,UKI2,1996,48.441
A,P_MHAB,UKI2,1997,56.904
A,P_MHAB,UKI2,1998,61.079
A,P_MHAB,UKI2,1999,58.861
A,P_MHAB,UKI2,2000,62.864
A,P_MHAB,UKI2,2001,53.213
A,P_MHAB,UKI2,2002,53.865
A,P_MHAB,UKI2,2003,42.863
A,P_MHAB,UKI2,2004,39.131
A,P_MHAB,UKI2,2005,41.643
A,P_MHAB,UKI2,2006,41.586
A,P_MHAB,UKI2,2007,42.798
A,P_MHAB,UKI2,2008,39.357
A,P_MHAB,UKI2,2009,42.437
A,P_MHAB,UKI2,2010,37.695
A,P_MHAB,UKI2,2011,30.763
A,P_MHAB,UKI2,2012,32.907
A,P_MHAB,UKI21,1990,25.803
A,P_MHAB,UKI21,1991,23.52
A,P_MHAB,UKI21,1992,21.456
A,P_MHAB,UKI21,1993,16.43
A,P_MHAB,UKI21,1994,16.797
A,P_MHAB,UKI21,1995,16.561
A,P_MHAB,UKI21,1996,21.359
A,P_MHAB,UKI21,1997,25.122
A,P_MHAB,UKI21,1998,24.775
A,P_MHAB,UKI21,1999,23.812
A,P_MHAB,UKI21,2000,24.04
A,P_MHAB,UKI21,2001,19.193
A,P_MHAB,UKI21,2002,23.463
A,P_MHAB,UKI21,2003,26.535
A,P_MHAB,UKI21,2004,15.341
A,P_MHAB,UKI21,2005,16.562
A,P_MHAB,UKI21,2006,12.479
A,P_MHAB,UKI21,2007,11.62
A,P_MHAB,UKI21,2008,28.54
A,P_MHAB,UKI21,2009,19.527
A,P_MHAB,UKI21,2010,13.541
A,P_MHAB,UKI21,2011,9.349
A,P_MHAB,UKI21,2012,13.605
A,P_MHAB,UKI22,1990,62.17
A,P_MHAB,UKI22,1991,55.929
A,P_MHAB,UKI22,1992,41.851
A,P_MHAB,UKI22,1993,42.322
A,P_MHAB,UKI22,1994,39.783
A,P_MHAB,UKI22,1995,38.732
A,P_MHAB,UKI22,1996,47.578
A,P_MHAB,UKI22,1997,37.353
A,P_MHAB,UKI22,1998,44.016
A,P_MHAB,UKI22,1999,61.532
A,P_MHAB,UKI22,2000,55.226
A,P_MHAB,UKI22,2001,47.535
A,P_MHAB,UKI22,2002,40.578
A,P_MHAB,UKI22,2003,46.924
A,P_MHAB,UKI22,2004,35.763
A,P_MHAB,UKI22,2005,44.358
A,P_MHAB,UKI22,2006,40.064
A,P_MHAB,UKI22,2007,46.711
A,P_MHAB,UKI22,2008,30.105
A,P_MHAB,UKI22,2009,31.96
A,P_MHAB,UKI22,2010,32.792
A,P_MHAB,UKI22,2011,35.727
A,P_MHAB,UKI22,2012,28.814
A,P_MHAB,UKI23,1990,74.381
A,P_MHAB,UKI23,1991,76.28
A,P_MHAB,UKI23,1992,70.61
A,P_MHAB,UKI23,1993,85.369
A,P_MHAB,UKI23,1994,82.514
A,P_MHAB,UKI23,1995,78.991
A,P_MHAB,UKI23,1996,73.898
A,P_MHAB,UKI23,1997,98.977
A,P_MHAB,UKI23,1998,105.462
A,P_MHAB,UKI23,1999,88.819
A,P_MHAB,UKI23,2000,102.966
A,P_MHAB,UKI23,2001,87.623
A,P_MHAB,UKI23,2002,90.034
A,P_MHAB,UKI23,2003,54.956
A,P_MHAB,UKI23,2004,62.867
A,P_MHAB,UKI23,2005,62.483
A,P_MHAB,UKI23,2006,68.732
A,P_MHAB,UKI23,2007,68.259
A,P_MHAB,UKI23,2008,54.994
A,P_MHAB,UKI23,2009,69.658
A,P_MHAB,UKI23,2010,62.459
A,P_MHAB,UKI23,2011,46.896
A,P_MHAB,UKI23,2012,52.805
A,P_MHAB,UKJ1,1990,138.966
A,P_MHAB,UKJ1,1991,119.634
A,P_MHAB,UKJ1,1992,129.778
A,P_MHAB,UKJ1,1993,133.961
A,P_MHAB,UKJ1,1994,141.623
A,P_MHAB,UKJ1,1995,151.432
A,P_MHAB,UKJ1,1996,173.483
A,P_MHAB,UKJ1,1997,183.185
A,P_MHAB,UKJ1,1998,210.986
A,P_MHAB,UKJ1,1999,240.881
A,P_MHAB,UKJ1,2000,261.423
A,P_MHAB,UKJ1,2001,238.17
A,P_MHAB,UKJ1,2002,218.378
A,P_MHAB,UKJ1,2003,231.727
A,P_MHAB,UKJ1,2004,209.264
A,P_MHAB,UKJ1,2005,223.209
A,P_MHAB,UKJ1,2006,248.752
A,P_MHAB,UKJ1,2007,244.462
A,P_MHAB,UKJ1,2008,234.527
A,P_MHAB,UKJ1,2009,236.848
A,P_MHAB,UKJ1,2010,206.813
A,P_MHAB,UKJ1,2011,222.461
A,P_MHAB,UKJ1,2012,160.936
A,P_MHAB,UKJ11,1990,150.408
A,P_MHAB,UKJ11,1991,131.718
A,P_MHAB,UKJ11,1992,127.104
A,P_MHAB,UKJ11,1993,108.725
A,P_MHAB,UKJ11,1994,110.881
A,P_MHAB,UKJ11,1995,138.85
A,P_MHAB,UKJ11,1996,140.949
A,P_MHAB,UKJ11,1997,160.624
A,P_MHAB,UKJ11,1998,210.525
A,P_MHAB,UKJ11,1999,235.381
A,P_MHAB,UKJ11,2000,245.703
A,P_MHAB,UKJ11,2001,220.668
A,P_MHAB,UKJ11,2002,211.419
A,P_MHAB,UKJ11,2003,218.127
A,P_MHAB,UKJ11,2004,179.278
A,P_MHAB,UKJ11,2005,221.729
A,P_MHAB,UKJ11,2006,240.856
A,P_MHAB,UKJ11,2007,260.532
A,P_MHAB,UKJ11,2008,241.909
A,P_MHAB,UKJ11,2009,256.615
A,P_MHAB,UKJ11,2010,230.683
A,P_MHAB,UKJ11,2011,229.264
A,P_MHAB,UKJ11,2012,155.25
A,P_MHAB,UKJ12,1990,28.929
A,P_MHAB,UKJ12,1991,45.798
A,P_MHAB,UKJ12,1992,57.557
A,P_MHAB,UKJ12,1993,74.66
A,P_MHAB,UKJ12,1994,41.951
A,P_MHAB,UKJ12,1995,25.401
A,P_MHAB,UKJ12,1996,69.407
A,P_MHAB,UKJ12,1997,77.111
A,P_MHAB,UKJ12,1998,50.283
A,P_MHAB,UKJ12,1999,75.014
A,P_MHAB,UKJ12,2000,39.283
A,P_MHAB,UKJ12,2001,61.158
A,P_MHAB,UKJ12,2002,47.32
A,P_MHAB,UKJ12,2003,108.827
A,P_MHAB,UKJ12,2004,47.818
A,P_MHAB,UKJ12,2005,68.046
A,P_MHAB,UKJ12,2006,97.104
A,P_MHAB,UKJ12,2007,45.043
A,P_MHAB,UKJ12,2008,45.392
A,P_MHAB,UKJ12,2009,41.49
A,P_MHAB,UKJ12,2010,39.251
A,P_MHAB,UKJ12,2011,37.19
A,P_MHAB,UKJ12,2012,53.125
A,P_MHAB,UKJ13,1990,95.932
A,P_MHAB,UKJ13,1991,82.14
A,P_MHAB,UKJ13,1992,104.761
A,P_MHAB,UKJ13,1993,129.297
A,P_MHAB,UKJ13,1994,122.917
A,P_MHAB,UKJ13,1995,134.38
A,P_MHAB,UKJ13,1996,136.183
A,P_MHAB,UKJ13,1997,96.518
A,P_MHAB,UKJ13,1998,147.748
A,P_MHAB,UKJ13,1999,146.863
A,P_MHAB,UKJ13,2000,177.868
A,P_MHAB,UKJ13,2001,181.509
A,P_MHAB,UKJ13,2002,145.821
A,P_MHAB,UKJ13,2003,161.385
A,P_MHAB,UKJ13,2004,134.033
A,P_MHAB,UKJ13,2005,142.798
A,P_MHAB,UKJ13,2006,163.427
A,P_MHAB,UKJ13,2007,167.045
A,P_MHAB,UKJ13,2008,160.257
A,P_MHAB,UKJ13,2009,166.258
A,P_MHAB,UKJ13,2010,147.12
A,P_MHAB,UKJ13,2011,91.165
A,P_MHAB,UKJ13,2012,65.87
A,P_MHAB,UKJ14,1990,188.175
A,P_MHAB,UKJ14,1991,154.601
A,P_MHAB,UKJ14,1992,173.902
A,P_MHAB,UKJ14,1993,189.482
A,P_MHAB,UKJ14,1994,229.312
A,P_MHAB,UKJ14,1995,222.86
A,P_MHAB,UKJ14,1996,280.243
A,P_MHAB,UKJ14,1997,317.789
A,P_MHAB,UKJ14,1998,314.334
A,P_MHAB,UKJ14,1999,378.417
A,P_MHAB,UKJ14,2000,421.829
A,P_MHAB,UKJ14,2001,367.493
A,P_MHAB,UKJ14,2002,343.292
A,P_MHAB,UKJ14,2003,347.941
A,P_MHAB,UKJ14,2004,363.008
A,P_MHAB,UKJ14,2005,342.539
A,P_MHAB,UKJ14,2006,379.393
A,P_MHAB,UKJ14,2007,355.789
A,P_MHAB,UKJ14,2008,349.458
A,P_MHAB,UKJ14,2009,338.1
A,P_MHAB,UKJ14,2010,284.292
A,P_MHAB,UKJ14,2011,385.555
A,P_MHAB,UKJ14,2012,283.155
A,P_MHAB,UKJ2,1990,94.227
A,P_MHAB,UKJ2,1991,70.923
A,P_MHAB,UKJ2,1992,99.877
A,P_MHAB,UKJ2,1993,85.637
A,P_MHAB,UKJ2,1994,93.818
A,P_MHAB,UKJ2,1995,100.498
A,P_MHAB,UKJ2,1996,105.309
A,P_MHAB,UKJ2,1997,102.992
A,P_MHAB,UKJ2,1998,94.201
A,P_MHAB,UKJ2,1999,122.012
A,P_MHAB,UKJ2,2000,117.443
A,P_MHAB,UKJ2,2001,112.612
A,P_MHAB,UKJ2,2002,172.118
A,P_MHAB,UKJ2,2003,177.385
A,P_MHAB,UKJ2,2004,203.488
A,P_MHAB,UKJ2,2005,164.839
A,P_MHAB,UKJ2,2006,156.009
A,P_MHAB,UKJ2,2007,139.696
A,P_MHAB,UKJ2,2008,148.179
A,P_MHAB,UKJ2,2009,180.139
A,P_MHAB,UKJ2,2010,161.454
A,P_MHAB,UKJ2,2011,138.301
A,P_MHAB,UKJ2,2012,126.829
A,P_MHAB,UKJ21,1990,18.758
A,P_MHAB,UKJ21,1991,19.85
A,P_MHAB,UKJ21,1992,29.788
A,P_MHAB,UKJ21,1993,29.156
A,P_MHAB,UKJ21,1994,43.741
A,P_MHAB,UKJ21,1995,59.371
A,P_MHAB,UKJ21,1996,28.819
A,P_MHAB,UKJ21,1997,67.523
A,P_MHAB,UKJ21,1998,33.567
A,P_MHAB,UKJ21,1999,47.047
A,P_MHAB,UKJ21,2000,21.82
A,P_MHAB,UKJ21,2001,56.823
A,P_MHAB,UKJ21,2002,69.485
A,P_MHAB,UKJ21,2003,62.616
A,P_MHAB,UKJ21,2004,38.146
A,P_MHAB,UKJ21,2005,53.674
A,P_MHAB,UKJ21,2006,62.473
A,P_MHAB,UKJ21,2007,64.048
A,P_MHAB,UKJ21,2008,23.954
A,P_MHAB,UKJ21,2009,48.791
A,P_MHAB,UKJ21,2010,48.407
A,P_MHAB,UKJ21,2011,47.122
A,P_MHAB,UKJ21,2012,47.277
A,P_MHAB,UKJ22,1990,29.596
A,P_MHAB,UKJ22,1991,22.308
A,P_MHAB,UKJ22,1992,20.017
A,P_MHAB,UKJ22,1993,28.781
A,P_MHAB,UKJ22,1994,32.812
A,P_MHAB,UKJ22,1995,18.864
A,P_MHAB,UKJ22,1996,35.49
A,P_MHAB,UKJ22,1997,36.544
A,P_MHAB,UKJ22,1998,49.694
A,P_MHAB,UKJ22,1999,34.586
A,P_MHAB,UKJ22,2000,50.965
A,P_MHAB,UKJ22,2001,53.188
A,P_MHAB,UKJ22,2002,61.531
A,P_MHAB,UKJ22,2003,50.897
A,P_MHAB,UKJ22,2004,37.588
A,P_MHAB,UKJ22,2005,38.143
A,P_MHAB,UKJ22,2006,49.8
A,P_MHAB,UKJ22,2007,60.577
A,P_MHAB,UKJ22,2008,40.711
A,P_MHAB,UKJ22,2009,47.134
A,P_MHAB,UKJ22,2010,49.174
A,P_MHAB,UKJ22,2011,40.918
A,P_MHAB,UKJ22,2012,33.465
A,P_MHAB,UKJ23,1990,176.745
A,P_MHAB,UKJ23,1991,123.139
A,P_MHAB,UKJ23,1992,178.677
A,P_MHAB,UKJ23,1993,148.74
A,P_MHAB,UKJ23,1994,144.804
A,P_MHAB,UKJ23,1995,168.259
A,P_MHAB,UKJ23,1996,165.073
A,P_MHAB,UKJ23,1997,157.631
A,P_MHAB,UKJ23,1998,146.281
A,P_MHAB,UKJ23,1999,202.911
A,P_MHAB,UKJ23,2000,180.542
A,P_MHAB,UKJ23,2001,172.295
A,P_MHAB,UKJ23,2002,310.949
A,P_MHAB,UKJ23,2003,315.21
A,P_MHAB,UKJ23,2004,380.644
A,P_MHAB,UKJ23,2005,284.71
A,P_MHAB,UKJ23,2006,240.806
A,P_MHAB,UKJ23,2007,206.197
A,P_MHAB,UKJ23,2008,266.526
A,P_MHAB,UKJ23,2009,338.005
A,P_MHAB,UKJ23,2010,285.79
A,P_MHAB,UKJ23,2011,257.408
A,P_MHAB,UKJ23,2012,226.124
A,P_MHAB,UKJ24,1990,44.255
A,P_MHAB,UKJ24,1991,45.214
A,P_MHAB,UKJ24,1992,62.967
A,P_MHAB,UKJ24,1993,51.609
A,P_MHAB,UKJ24,1994,77.954
A,P_MHAB,UKJ24,1995,71.535
A,P_MHAB,UKJ24,1996,92.054
A,P_MHAB,UKJ24,1997,81.216
A,P_MHAB,UKJ24,1998,70.233
A,P_MHAB,UKJ24,1999,90.284
A,P_MHAB,UKJ24,2000,103.731
A,P_MHAB,UKJ24,2001,86.078
A,P_MHAB,UKJ24,2002,83.845
A,P_MHAB,UKJ24,2003,105.634
A,P_MHAB,UKJ24,2004,120.015
A,P_MHAB,UKJ24,2005,118.071
A,P_MHAB,UKJ24,2006,138.671
A,P_MHAB,UKJ24,2007,123.862
A,P_MHAB,UKJ24,2008,94.533
A,P_MHAB,UKJ24,2009,90.291
A,P_MHAB,UKJ24,2010,98.468
A,P_MHAB,UKJ24,2011,65.391
A,P_MHAB,UKJ24,2012,75.217
A,P_MHAB,UKJ3,1990,70.181
A,P_MHAB,UKJ3,1991,73.266
A,P_MHAB,UKJ3,1992,88.831
A,P_MHAB,UKJ3,1993,70.293
A,P_MHAB,UKJ3,1994,69.102
A,P_MHAB,UKJ3,1995,91.175
A,P_MHAB,UKJ3,1996,81.023
A,P_MHAB,UKJ3,1997,93.728
A,P_MHAB,UKJ3,1998,157.273
A,P_MHAB,UKJ3,1999,159.806
A,P_MHAB,UKJ3,2000,212.642
A,P_MHAB,UKJ3,2001,128.376
A,P_MHAB,UKJ3,2002,140.257
A,P_MHAB,UKJ3,2003,163.435
A,P_MHAB,UKJ3,2004,147.632
A,P_MHAB,UKJ3,2005,147.217
A,P_MHAB,UKJ3,2006,159.393
A,P_MHAB,UKJ3,2007,166.43
A,P_MHAB,UKJ3,2008,154.119
A,P_MHAB,UKJ3,2009,113.608
A,P_MHAB,UKJ3,2010,127.808
A,P_MHAB,UKJ3,2011,112.081
A,P_MHAB,UKJ3,2012,92.434
A,P_MHAB,UKJ31,1990,27.028
A,P_MHAB,UKJ31,1991,4.45
A,P_MHAB,UKJ31,1992,13.355
A,P_MHAB,UKJ31,1993,17.333
A,P_MHAB,UKJ31,1994,1.332
A,P_MHAB,UKJ31,1995,31.155
A,P_MHAB,UKJ31,1996,9.672
A,P_MHAB,UKJ31,1997,9.659
A,P_MHAB,UKJ31,1998,14.741
A,P_MHAB,UKJ31,1999,33.962
A,P_MHAB,UKJ31,2000,5.751
A,P_MHAB,UKJ31,2001,18.198
A,P_MHAB,UKJ31,2002,43.138
A,P_MHAB,UKJ31,2003,20.596
A,P_MHAB,UKJ31,2004,16.053
A,P_MHAB,UKJ31,2005,26.941
A,P_MHAB,UKJ31,2006,14.227
A,P_MHAB,UKJ31,2007,35.822
A,P_MHAB,UKJ31,2008,19.801
A,P_MHAB,UKJ31,2009,39.244
A,P_MHAB,UKJ31,2010,9.959
A,P_MHAB,UKJ31,2011,61.41
A,P_MHAB,UKJ31,2012,19.407
A,P_MHAB,UKJ32,1990,86.303
A,P_MHAB,UKJ32,1991,56.654
A,P_MHAB,UKJ32,1992,79.132
A,P_MHAB,UKJ32,1993,63.702
A,P_MHAB,UKJ32,1994,102.354
A,P_MHAB,UKJ32,1995,79.086
A,P_MHAB,UKJ32,1996,51.827
A,P_MHAB,UKJ32,1997,77.26
A,P_MHAB,UKJ32,1998,101.673
A,P_MHAB,UKJ32,1999,151.441
A,P_MHAB,UKJ32,2000,151.755
A,P_MHAB,UKJ32,2001,186.625
A,P_MHAB,UKJ32,2002,176.428
A,P_MHAB,UKJ32,2003,238.114
A,P_MHAB,UKJ32,2004,158.74
A,P_MHAB,UKJ32,2005,152.463
A,P_MHAB,UKJ32,2006,183.553
A,P_MHAB,UKJ32,2007,151.052
A,P_MHAB,UKJ32,2008,213.42
A,P_MHAB,UKJ32,2009,75.04
A,P_MHAB,UKJ32,2010,102.748
A,P_MHAB,UKJ32,2011,110.261
A,P_MHAB,UKJ32,2012,114.127
A,P_MHAB,UKJ33,1990,80.714
A,P_MHAB,UKJ33,1991,94.086
A,P_MHAB,UKJ33,1992,109.389
A,P_MHAB,UKJ33,1993,86.823
A,P_MHAB,UKJ33,1994,79.768
A,P_MHAB,UKJ33,1995,112.277
A,P_MHAB,UKJ33,1996,105.83
A,P_MHAB,UKJ33,1997,117.082
A,P_MHAB,UKJ33,1998,202.365
A,P_MHAB,UKJ33,1999,193.759
A,P_MHAB,UKJ33,2000,274.069
A,P_MHAB,UKJ33,2001,143.27
A,P_MHAB,UKJ33,2002,160.391
A,P_MHAB,UKJ33,2003,188.126
A,P_MHAB,UKJ33,2004,180.812
A,P_MHAB,UKJ33,2005,177.602
A,P_MHAB,UKJ33,2006,193.031
A,P_MHAB,UKJ33,2007,187.404
A,P_MHAB,UKJ33,2008,170.2
A,P_MHAB,UKJ33,2009,136.546
A,P_MHAB,UKJ33,2010,148.594
A,P_MHAB,UKJ33,2011,123.348
A,P_MHAB,UKJ33,2012,103.474
A,P_MHAB,UKJ34,1990,10.464
A,P_MHAB,UKJ34,1991,7.918
A,P_MHAB,UKJ34,1992,23.847
A,P_MHAB,UKJ34,1993,3.986
A,P_MHAB,UKJ34,1994,13.963
A,P_MHAB,UKJ34,1997,23.464
A,P_MHAB,UKJ34,1998,31.265
A,P_MHAB,UKJ34,1999,34.807
A,P_MHAB,UKJ34,2000,30.601
A,P_MHAB,UKJ34,2001,49.176
A,P_MHAB,UKJ34,2002,29.988
A,P_MHAB,UKJ34,2003,12.433
A,P_MHAB,UKJ34,2004,8.647
A,P_MHAB,UKJ34,2005,29.888
A,P_MHAB,UKJ34,2006,16.372
A,P_MHAB,UKJ34,2007,182.419
A,P_MHAB,UKJ34,2008,96.564
A,P_MHAB,UKJ34,2009,68.6
A,P_MHAB,UKJ34,2010,144.429
A,P_MHAB,UKJ34,2011,82.618
A,P_MHAB,UKJ34,2012,58.107
A,P_MHAB,UKJ4,1990,55.682
A,P_MHAB,UKJ4,1991,46.908
A,P_MHAB,UKJ4,1992,49.15
A,P_MHAB,UKJ4,1993,58.201
A,P_MHAB,UKJ4,1994,50.884
A,P_MHAB,UKJ4,1995,66.464
A,P_MHAB,UKJ4,1996,71.514
A,P_MHAB,UKJ4,1997,80.444
A,P_MHAB,UKJ4,1998,100.075
A,P_MHAB,UKJ4,1999,116.777
A,P_MHAB,UKJ4,2000,112.0
A,P_MHAB,UKJ4,2001,91.076
A,P_MHAB,UKJ4,2002,87.846
A,P_MHAB,UKJ4,2003,87.196
A,P_MHAB,UKJ4,2004,84.749
A,P_MHAB,UKJ4,2005,80.776
A,P_MHAB,UKJ4,2006,69.137
A,P_MHAB,UKJ4,2007,62.028
A,P_MHAB,UKJ4,2008,49.627
A,P_MHAB,UKJ4,2009,44.232
A,P_MHAB,UKJ4,2010,46.207
A,P_MHAB,UKJ4,2011,47.937
A,P_MHAB,UKJ4,2012,28.489
A,P_MHAB,UKJ41,1990,26.189
A,P_MHAB,UKJ41,1991,22.795
A,P_MHAB,UKJ41,1992,42.493
A,P_MHAB,UKJ41,1993,77.812
A,P_MHAB,UKJ41,1994,90.684
A,P_MHAB,UKJ41,1995,61.983
A,P_MHAB,UKJ41,1996,58.338
A,P_MHAB,UKJ41,1997,51.985
A,P_MHAB,UKJ41,1998,86.741
A,P_MHAB,UKJ41,1999,120.677
A,P_MHAB,UKJ41,2000,26.392
A,P_MHAB,UKJ41,2001,29.347
A,P_MHAB,UKJ41,2002,57.087
A,P_MHAB,UKJ41,2003,55.287
A,P_MHAB,UKJ41,2004,57.701
A,P_MHAB,UKJ41,2005,106.249
A,P_MHAB,UKJ41,2006,124.939
A,P_MHAB,UKJ41,2007,109.293
A,P_MHAB,UKJ41,2008,100.502
A,P_MHAB,UKJ41,2009,79.744
A,P_MHAB,UKJ41,2010,72.019
A,P_MHAB,UKJ41,2011,90.032
A,P_MHAB,UKJ41,2012,50.237
A,P_MHAB,UKJ42,1990,56.398
A,P_MHAB,UKJ42,1991,46.662
A,P_MHAB,UKJ42,1992,45.585
A,P_MHAB,UKJ42,1993,52.547
A,P_MHAB,UKJ42,1994,42.416
A,P_MHAB,UKJ42,1995,66.219
A,P_MHAB,UKJ42,1996,73.96
A,P_MHAB,UKJ42,1997,85.482
A,P_MHAB,UKJ42,1998,101.647
A,P_MHAB,UKJ42,1999,115.093
A,P_MHAB,UKJ42,2000,128.038
A,P_MHAB,UKJ42,2001,102.656
A,P_MHAB,UKJ42,2002,93.357
A,P_MHAB,UKJ42,2003,92.128
A,P_MHAB,UKJ42,2004,89.764
A,P_MHAB,UKJ42,2005,74.628
A,P_MHAB,UKJ42,2006,58.509
A,P_MHAB,UKJ42,2007,53.417
A,P_MHAB,UKJ42,2008,40.391
A,P_MHAB,UKJ42,2009,36.812
A,P_MHAB,UKJ42,2010,41.533
A,P_MHAB,UKJ42,2011,40.328
A,P_MHAB,UKJ42,2012,24.555
A,P_MHAB,UKK1,1990,75.839
A,P_MHAB,UKK1,1991,80.104
A,P_MHAB,UKK1,1992,73.003
A,P_MHAB,UKK1,1993,71.912
A,P_MHAB,UKK1,1994,118.225
A,P_MHAB,UKK1,1995,94.382
A,P_MHAB,UKK1,1996,102.903
A,P_MHAB,UKK1,1997,119.202
A,P_MHAB,UKK1,1998,150.804
A,P_MHAB,UKK1,1999,194.835
A,P_MHAB,UKK1,2000,198.803
A,P_MHAB,UKK1,2001,174.386
A,P_MHAB,UKK1,2002,170.914
A,P_MHAB,UKK1,2003,160.365
A,P_MHAB,UKK1,2004,161.02
A,P_MHAB,UKK1,2005,166.881
A,P_MHAB,UKK1,2006,168.269
A,P_MHAB,UKK1,2007,171.347
A,P_MHAB,UKK1,2008,156.556
A,P_MHAB,UKK1,2009,186.086
A,P_MHAB,UKK1,2010,177.224
A,P_MHAB,UKK1,2011,192.106
A,P_MHAB,UKK1,2012,165.285
A,P_MHAB,UKK11,1990,68.568
A,P_MHAB,UKK11,1991,54.313
A,P_MHAB,UKK11,1992,59.581
A,P_MHAB,UKK11,1993,59.654
A,P_MHAB,UKK11,1994,118.686
A,P_MHAB,UKK11,1995,87.151
A,P_MHAB,UKK11,1996,125.762
A,P_MHAB,UKK11,1997,113.007
A,P_MHAB,UKK11,1998,198.058
A,P_MHAB,UKK11,1999,174.965
A,P_MHAB,UKK11,2000,230.961
A,P_MHAB,UKK11,2001,206.663
A,P_MHAB,UKK11,2002,171.303
A,P_MHAB,UKK11,2003,169.045
A,P_MHAB,UKK11,2004,175.892
A,P_MHAB,UKK11,2005,163.336
A,P_MHAB,UKK11,2006,189.723
A,P_MHAB,UKK11,2007,239.393
A,P_MHAB,UKK11,2008,213.739
A,P_MHAB,UKK11,2009,204.008
A,P_MHAB,UKK11,2010,198.122
A,P_MHAB,UKK11,2011,295.662
A,P_MHAB,UKK11,2012,192.861
A,P_MHAB,UKK12,1990,76.34
A,P_MHAB,UKK12,1991,84.77
A,P_MHAB,UKK12,1992,85.328
A,P_MHAB,UKK12,1993,71.355
A,P_MHAB,UKK12,1994,105.883
A,P_MHAB,UKK12,1995,85.465
A,P_MHAB,UKK12,1996,119.544
A,P_MHAB,UKK12,1997,116.063
A,P_MHAB,UKK12,1998,149.194
A,P_MHAB,UKK12,1999,206.782
A,P_MHAB,UKK12,2000,211.958
A,P_MHAB,UKK12,2001,201.21
A,P_MHAB,UKK12,2002,168.408
A,P_MHAB,UKK12,2003,149.679
A,P_MHAB,UKK12,2004,204.045
A,P_MHAB,UKK12,2005,209.947
A,P_MHAB,UKK12,2006,159.278
A,P_MHAB,UKK12,2007,191.423
A,P_MHAB,UKK12,2008,185.185
A,P_MHAB,UKK12,2009,165.148
A,P_MHAB,UKK12,2010,162.899
A,P_MHAB,UKK12,2011,160.009
A,P_MHAB,UKK12,2012,137.927
A,P_MHAB,UKK13,1990,92.195
A,P_MHAB,UKK13,1991,108.402
A,P_MHAB,UKK13,1992,70.439
A,P_MHAB,UKK13,1993,70.24
A,P_MHAB,UKK13,1994,132.109
A,P_MHAB,UKK13,1995,94.978
A,P_MHAB,UKK13,1996,65.548
A,P_MHAB,UKK13,1997,94.167
A,P_MHAB,UKK13,1998,106.648
A,P_MHAB,UKK13,1999,161.989
A,P_MHAB,UKK13,2000,156.84
A,P_MHAB,UKK13,2001,125.002
A,P_MHAB,UKK13,2002,145.882
A,P_MHAB,UKK13,2003,147.142
A,P_MHAB,UKK13,2004,120.827
A,P_MHAB,UKK13,2005,123.071
A,P_MHAB,UKK13,2006,100.772
A,P_MHAB,UKK13,2007,101.154
A,P_MHAB,UKK13,2008,102.673
A,P_MHAB,UKK13,2009,86.341
A,P_MHAB,UKK13,2010,112.744
A,P_MHAB,UKK13,2011,87.253
A,P_MHAB,UKK13,2012,101.294
A,P_MHAB,UKK14,1990,80.905
A,P_MHAB,UKK14,1991,95.733
A,P_MHAB,UKK14,1992,110.128
A,P_MHAB,UKK14,1993,97.783
A,P_MHAB,UKK14,1994,124.388
A,P_MHAB,UKK14,1995,163.563
A,P_MHAB,UKK14,1996,135.388
A,P_MHAB,UKK14,1997,205.995
A,P_MHAB,UKK14,1998,160.574
A,P_MHAB,UKK14,1999,401.756
A,P_MHAB,UKK14,2000,244.998
A,P_MHAB,UKK14,2001,155.5
A,P_MHAB,UKK14,2002,245.947
A,P_MHAB,UKK14,2003,118.329
A,P_MHAB,UKK14,2004,141.841
A,P_MHAB,UKK14,2005,116.111
A,P_MHAB,UKK14,2006,192.266
A,P_MHAB,UKK14,2007,161.652
A,P_MHAB,UKK14,2008,97.739
A,P_MHAB,UKK14,2009,148.729
A,P_MHAB,UKK14,2010,150.703
A,P_MHAB,UKK14,2011,215.225
A,P_MHAB,UKK14,2012,198.44
A,P_MHAB,UKK15,1990,57.985
A,P_MHAB,UKK15,1991,53.99
A,P_MHAB,UKK15,1992,56.217
A,P_MHAB,UKK15,1993,75.744
A,P_MHAB,UKK15,1994,114.11
A,P_MHAB,UKK15,1995,84.078
A,P_MHAB,UKK15,1996,94.135
A,P_MHAB,UKK15,1997,126.444
A,P_MHAB,UKK15,1998,163.667
A,P_MHAB,UKK15,1999,152.494
A,P_MHAB,UKK15,2000,186.832
A,P_MHAB,UKK15,2001,180.259
A,P_MHAB,UKK15,2002,175.338
A,P_MHAB,UKK15,2003,201.972
A,P_MHAB,UKK15,2004,148.133
A,P_MHAB,UKK15,2005,188.328
A,P_MHAB,UKK15,2006,237.789
A,P_MHAB,UKK15,2007,176.466
A,P_MHAB,UKK15,2008,160.112
A,P_MHAB,UKK15,2009,341.064
A,P_MHAB,UKK15,2010,271.082
A,P_MHAB,UKK15,2011,264.469
A,P_MHAB,UKK15,2012,243.515
A,P_MHAB,UKK2,1990,42.928
A,P_MHAB,UKK2,1991,43.282
A,P_MHAB,UKK2,1992,34.727
A,P_MHAB,UKK2,1993,34.222
A,P_MHAB,UKK2,1994,39.35
A,P_MHAB,UKK2,1995,41.911
A,P_MHAB,UKK2,1996,39.617
A,P_MHAB,UKK2,1997,59.635
A,P_MHAB,UKK2,1998,53.583
A,P_MHAB,UKK2,1999,62.243
A,P_MHAB,UKK2,2000,63.846
A,P_MHAB,UKK2,2001,74.901
A,P_MHAB,UKK2,2002,74.312
A,P_MHAB,UKK2,2003,52.386
A,P_MHAB,UKK2,2004,60.831
A,P_MHAB,UKK2,2005,66.175
A,P_MHAB,UKK2,2006,62.935
A,P_MHAB,UKK2,2007,59.726
A,P_MHAB,UKK2,2008,64.237
A,P_MHAB,UKK2,2009,49.617
A,P_MHAB,UKK2,2010,49.893
A,P_MHAB,UKK2,2011,62.729
A,P_MHAB,UKK2,2012,44.501
A,P_MHAB,UKK21,1990,31.071
A,P_MHAB,UKK21,1991,40.158
A,P_MHAB,UKK21,1992,49.23
A,P_MHAB,UKK21,1993,47.969
A,P_MHAB,UKK21,1994,29.941
A,P_MHAB,UKK21,1995,44.872
A,P_MHAB,UKK21,1996,34.098
A,P_MHAB,UKK21,1997,79.612
A,P_MHAB,UKK21,1998,35.812
A,P_MHAB,UKK21,1999,50.232
A,P_MHAB,UKK21,2000,80.11
A,P_MHAB,UKK21,2001,63.692
A,P_MHAB,UKK21,2002,55.655
A,P_MHAB,UKK21,2003,40.513
A,P_MHAB,UKK21,2004,69.022
A,P_MHAB,UKK21,2005,60.277
A,P_MHAB,UKK21,2006,50.285
A,P_MHAB,UKK21,2007,57.602
A,P_MHAB,UKK21,2008,63.863
A,P_MHAB,UKK21,2009,35.071
A,P_MHAB,UKK21,2010,37.261
A,P_MHAB,UKK21,2011,74.761
A,P_MHAB,UKK21,2012,61.929
A,P_MHAB,UKK22,1990,54.064
A,P_MHAB,UKK22,1991,55.275
A,P_MHAB,UKK22,1992,41.972
A,P_MHAB,UKK22,1993,46.567
A,P_MHAB,UKK22,1994,56.337
A,P_MHAB,UKK22,1995,43.557
A,P_MHAB,UKK22,1996,48.525
A,P_MHAB,UKK22,1997,34.097
A,P_MHAB,UKK22,1998,52.878
A,P_MHAB,UKK22,1999,71.924
A,P_MHAB,UKK22,2000,59.633
A,P_MHAB,UKK22,2001,114.749
A,P_MHAB,UKK22,2002,110.988
A,P_MHAB,UKK22,2003,80.324
A,P_MHAB,UKK22,2004,61.742
A,P_MHAB,UKK22,2005,81.743
A,P_MHAB,UKK22,2006,87.285
A,P_MHAB,UKK22,2007,62.226
A,P_MHAB,UKK22,2008,97.709
A,P_MHAB,UKK22,2009,71.519
A,P_MHAB,UKK22,2010,70.413
A,P_MHAB,UKK22,2011,78.828
A,P_MHAB,UKK22,2012,56.276
A,P_MHAB,UKK23,1990,41.622
A,P_MHAB,UKK23,1991,35.842
A,P_MHAB,UKK23,1992,20.004
A,P_MHAB,UKK23,1993,15.987
A,P_MHAB,UKK23,1994,31.897
A,P_MHAB,UKK23,1995,38.782
A,P_MHAB,UKK23,1996,36.002
A,P_MHAB,UKK23,1997,67.46
A,P_MHAB,UKK23,1998,65.107
A,P_MHAB,UKK23,1999,62.0
A,P_MHAB,UKK23,2000,57.235
A,P_MHAB,UKK23,2001,50.35
A,P_MHAB,UKK23,2002,56.774
A,P_MHAB,UKK23,2003,37.547
A,P_MHAB,UKK23,2004,55.215
A,P_MHAB,UKK23,2005,57.443
A,P_MHAB,UKK23,2006,51.357
A,P_MHAB,UKK23,2007,59.033
A,P_MHAB,UKK23,2008,38.231
A,P_MHAB,UKK23,2009,41.3
A,P_MHAB,UKK23,2010,41.603
A,P_MHAB,UKK23,2011,42.726
A,P_MHAB,UKK23,2012,24.434
A,P_MHAB,UKK3,1990,19.602
A,P_MHAB,UKK3,1991,24.331
A,P_MHAB,UKK3,1992,21.533
A,P_MHAB,UKK3,1993,27.433
A,P_MHAB,UKK3,1994,24.324
A,P_MHAB,UKK3,1995,40.074
A,P_MHAB,UKK3,1996,49.896
A,P_MHAB,UKK3,1997,40.332
A,P_MHAB,UKK3,1998,32.472
A,P_MHAB,UKK3,1999,33.815
A,P_MHAB,UKK3,2000,39.432
A,P_MHAB,UKK3,2001,40.538
A,P_MHAB,UKK3,2002,35.84
A,P_MHAB,UKK3,2003,29.698
A,P_MHAB,UKK3,2004,45.473
A,P_MHAB,UKK3,2005,29.437
A,P_MHAB,UKK3,2006,40.536
A,P_MHAB,UKK3,2007,39.73
A,P_MHAB,UKK3,2008,26.379
A,P_MHAB,UKK3,2009,36.498
A,P_MHAB,UKK3,2010,23.099
A,P_MHAB,UKK3,2011,47.657
A,P_MHAB,UKK3,2012,30.422
A,P_MHAB,UKK30,1990,19.602
A,P_MHAB,UKK30,1991,24.331
A,P_MHAB,UKK30,1992,21.533
A,P_MHAB,UKK30,1993,27.433
A,P_MHAB,UKK30,1994,24.324
A,P_MHAB,UKK30,1995,40.074
A,P_MHAB,UKK30,1996,49.896
A,P_MHAB,UKK30,1997,40.332
A,P_MHAB,UKK30,1998,32.472
A,P_MHAB,UKK30,1999,33.815
A,P_MHAB,UKK30,2000,39.432
A,P_MHAB,UKK30,2001,40.538
A,P_MHAB,UKK30,2002,35.84
A,P_MHAB,UKK30,2003,29.698
A,P_MHAB,UKK30,2004,45.473
A,P_MHAB,UKK30,2005,29.437
A,P_MHAB,UKK30,2006,40.536
A,P_MHAB,UKK30,2007,39.73
A,P_MHAB,UKK30,2008,26.379
A,P_MHAB,UKK30,2009,36.498
A,P_MHAB,UKK30,2010,23.099
A,P_MHAB,UKK30,2011,47.657
A,P_MHAB,UKK30,2012,30.422
A,P_MHAB,UKK4,1990,19.408
A,P_MHAB,UKK4,1991,21.672
A,P_MHAB,UKK4,1992,28.049
A,P_MHAB,UKK4,1993,33.636
A,P_MHAB,UKK4,1994,21.33
A,P_MHAB,UKK4,1995,28.995
A,P_MHAB,UKK4,1996,38.457
A,P_MHAB,UKK4,1997,37.391
A,P_MHAB,UKK4,1998,39.693
A,P_MHAB,UKK4,1999,50.117
A,P_MHAB,UKK4,2000,44.135
A,P_MHAB,UKK4,2001,61.456
A,P_MHAB,UKK4,2002,50.754
A,P_MHAB,UKK4,2003,32.63
A,P_MHAB,UKK4,2004,40.486
A,P_MHAB,UKK4,2005,40.235
A,P_MHAB,UKK4,2006,35.254
A,P_MHAB,UKK4,2007,31.251
A,P_MHAB,UKK4,2008,33.509
A,P_MHAB,UKK4,2009,29.588
A,P_MHAB,UKK4,2010,38.683
A,P_MHAB,UKK4,2011,17.271
A,P_MHAB,UKK4,2012,23.195
A,P_MHAB,UKK41,1990,3.909
A,P_MHAB,UKK41,1991,15.132
A,P_MHAB,UKK41,1992,40.943
A,P_MHAB,UKK41,1993,23.666
A,P_MHAB,UKK41,1994,17.882
A,P_MHAB,UKK41,1995,22.008
A,P_MHAB,UKK41,1996,20.077
A,P_MHAB,UKK41,1997,26.001
A,P_MHAB,UKK41,1998,40.21
A,P_MHAB,UKK41,1999,25.038
A,P_MHAB,UKK41,2000,13.769
A,P_MHAB,UKK41,2001,61.2
A,P_MHAB,UKK41,2002,50.347
A,P_MHAB,UKK41,2003,26.878
A,P_MHAB,UKK41,2004,31.27
A,P_MHAB,UKK41,2005,21.892
A,P_MHAB,UKK41,2006,17.517
A,P_MHAB,UKK41,2007,15.988
A,P_MHAB,UKK41,2008,35.339
A,P_MHAB,UKK41,2009,26.306
A,P_MHAB,UKK41,2010,51.647
A,P_MHAB,UKK41,2011,14.174
A,P_MHAB,UKK41,2012,21.066
A,P_MHAB,UKK42,1990,28.902
A,P_MHAB,UKK42,1991,20.61
A,P_MHAB,UKK42,1992,25.637
A,P_MHAB,UKK42,1993,68.552
A,P_MHAB,UKK42,1994,33.281
A,P_MHAB,UKK42,1995,18.745
A,P_MHAB,UKK42,1996,62.724
A,P_MHAB,UKK42,1997,23.911
A,P_MHAB,UKK42,1998,55.081
A,P_MHAB,UKK42,1999,34.47
A,P_MHAB,UKK42,2000,20.959
A,P_MHAB,UKK42,2001,38.926
A,P_MHAB,UKK42,2002,28.031
A,P_MHAB,UKK42,2003,9.172
A,P_MHAB,UKK42,2004,35.346
A,P_MHAB,UKK42,2005,25.602
A,P_MHAB,UKK42,2006,18.941
A,P_MHAB,UKK42,2007,45.462
A,P_MHAB,UKK42,2008,15.141
A,P_MHAB,UKK42,2009,9.179
A,P_MHAB,UKK42,2010,20.303
A,P_MHAB,UKK42,2011,16.528
A,P_MHAB,UKK42,2012,15.231
A,P_MHAB,UKK43,1990,23.715
A,P_MHAB,UKK43,1991,22.606
A,P_MHAB,UKK43,1992,20.542
A,P_MHAB,UKK43,1993,30.301
A,P_MHAB,UKK43,1994,19.192
A,P_MHAB,UKK43,1995,33.491
A,P_MHAB,UKK43,1996,35.563
A,P_MHAB,UKK43,1997,43.04
A,P_MHAB,UKK43,1998,36.704
A,P_MHAB,UKK43,1999,60.33
A,P_MHAB,UKK43,2000,58.241
A,P_MHAB,UKK43,2001,65.683
A,P_MHAB,UKK43,2002,55.073
A,P_MHAB,UKK43,2003,38.902
A,P_MHAB,UKK43,2004,44.565
A,P_MHAB,UKK43,2005,49.151
A,P_MHAB,UKK43,2006,44.266
A,P_MHAB,UKK43,2007,33.902
A,P_MHAB,UKK43,2008,36.172
A,P_MHAB,UKK43,2009,34.342
A,P_MHAB,UKK43,2010,37.51
A,P_MHAB,UKK43,2011,18.476
A,P_MHAB,UKK43,2012,25.318
A,P_MHAB,UKL1,1990,20.216
A,P_MHAB,UKL1,1991,16.749
A,P_MHAB,UKL1,1992,20.076
A,P_MHAB,UKL1,1993,23.363
A,P_MHAB,UKL1,1994,16.384
A,P_MHAB,UKL1,1995,17.939
A,P_MHAB,UKL1,1996,17.826
A,P_MHAB,UKL1,1997,23.457
A,P_MHAB,UKL1,1998,30.587
A,P_MHAB,UKL1,1999,29.737
A,P_MHAB,UKL1,2000,35.181
A,P_MHAB,UKL1,2001,33.304
A,P_MHAB,UKL1,2002,29.698
A,P_MHAB,UKL1,2003,39.498
A,P_MHAB,UKL1,2004,31.179
A,P_MHAB,UKL1,2005,31.292
A,P_MHAB,UKL1,2006,32.256
A,P_MHAB,UKL1,2007,30.348
A,P_MHAB,UKL1,2008,26.646
A,P_MHAB,UKL1,2009,29.746
A,P_MHAB,UKL1,2010,24.585
A,P_MHAB,UKL1,2011,34.192
A,P_MHAB,UKL1,2012,32.976
A,P_MHAB,UKL11,1990,59.914
A,P_MHAB,UKL11,1991,14.409
A,P_MHAB,UKL11,1992,31.746
A,P_MHAB,UKL11,1993,21.559
A,P_MHAB,UKL11,1994,43.178
A,P_MHAB,UKL11,1995,14.534
A,P_MHAB,UKL11,1996,19.414
A,P_MHAB,UKL11,1997,45.794
A,P_MHAB,UKL11,1998,45.361
A,P_MHAB,UKL11,1999,34.348
A,P_MHAB,UKL11,2000,22.079
A,P_MHAB,UKL11,2001,23.433
A,P_MHAB,UKL11,2002,4.867
A,P_MHAB,UKL11,2003,14.713
A,P_MHAB,UKL11,2004,14.619
A,P_MHAB,UKL11,2005,62.852
A,P_MHAB,UKL11,2006,3.613
A,P_MHAB,UKL11,2007,5.755
A,P_MHAB,UKL11,2008,21.503
A,P_MHAB,UKL11,2009,16.747
A,P_MHAB,UKL11,2010,21.483
A,P_MHAB,UKL11,2011,6.873
A,P_MHAB,UKL11,2012,16.728
A,P_MHAB,UKL12,1990,21.981
A,P_MHAB,UKL12,1991,13.043
A,P_MHAB,UKL12,1992,15.885
A,P_MHAB,UKL12,1993,8.653
A,P_MHAB,UKL12,1994,20.685
A,P_MHAB,UKL12,1995,17.789
A,P_MHAB,UKL12,1996,21.276
A,P_MHAB,UKL12,1998,23.15
A,P_MHAB,UKL12,1999,10.011
A,P_MHAB,UKL12,2000,19.308
A,P_MHAB,UKL12,2001,22.266
A,P_MHAB,UKL12,2002,42.711
A,P_MHAB,UKL12,2003,48.192
A,P_MHAB,UKL12,2004,23.239
A,P_MHAB,UKL12,2005,25.285
A,P_MHAB,UKL12,2006,44.857
A,P_MHAB,UKL12,2007,20.971
A,P_MHAB,UKL12,2008,41.161
A,P_MHAB,UKL12,2009,56.495
A,P_MHAB,UKL12,2010,59.394
A,P_MHAB,UKL12,2011,24.73
A,P_MHAB,UKL12,2012,52.709
A,P_MHAB,UKL13,1990,39.173
A,P_MHAB,UKL13,1991,17.812
A,P_MHAB,UKL13,1992,29.477
A,P_MHAB,UKL13,1993,49.592
A,P_MHAB,UKL13,1994,17.678
A,P_MHAB,UKL13,1995,25.32
A,P_MHAB,UKL13,1996,5.033
A,P_MHAB,UKL13,1997,31.864
A,P_MHAB,UKL13,1998,40.18
A,P_MHAB,UKL13,1999,29.255
A,P_MHAB,UKL13,2000,5.586
A,P_MHAB,UKL13,2001,35.502
A,P_MHAB,UKL13,2002,27.041
A,P_MHAB,UKL13,2003,32.602
A,P_MHAB,UKL13,2004,23.484
A,P_MHAB,UKL13,2005,18.906
A,P_MHAB,UKL13,2006,29.616
A,P_MHAB,UKL13,2007,10.307
A,P_MHAB,UKL13,2008,28.751
A,P_MHAB,UKL13,2009,26.595
A,P_MHAB,UKL13,2010,36.137
A,P_MHAB,UKL13,2011,62.628
A,P_MHAB,UKL13,2012,18.816
A,P_MHAB,UKL14,1990,14.764
A,P_MHAB,UKL14,1991,6.703
A,P_MHAB,UKL14,1992,16.705
A,P_MHAB,UKL14,1993,18.975
A,P_MHAB,UKL14,1994,12.87
A,P_MHAB,UKL14,1995,13.661
A,P_MHAB,UKL14,1996,9.181
A,P_MHAB,UKL14,1997,19.016
A,P_MHAB,UKL14,1998,37.675
A,P_MHAB,UKL14,1999,35.694
A,P_MHAB,UKL14,2000,35.718
A,P_MHAB,UKL14,2001,32.305
A,P_MHAB,UKL14,2002,41.302
A,P_MHAB,UKL14,2003,28.722
A,P_MHAB,UKL14,2004,27.48
A,P_MHAB,UKL14,2005,32.622
A,P_MHAB,UKL14,2006,17.687
A,P_MHAB,UKL14,2007,24.1
A,P_MHAB,UKL14,2008,27.633
A,P_MHAB,UKL14,2009,16.314
A,P_MHAB,UKL14,2010,18.387
A,P_MHAB,UKL14,2011,17.217
A,P_MHAB,UKL14,2012,49.918
A,P_MHAB,UKL15,1990,4.549
A,P_MHAB,UKL15,1991,8.163
A,P_MHAB,UKL15,1992,11.876
A,P_MHAB,UKL15,1993,32.477
A,P_MHAB,UKL15,1994,12.995
A,P_MHAB,UKL15,1995,5.096
A,P_MHAB,UKL15,1996,21.201
A,P_MHAB,UKL15,1997,9.098
A,P_MHAB,UKL15,1998,17.366
A,P_MHAB,UKL15,1999,17.971
A,P_MHAB,UKL15,2000,25.906
A,P_MHAB,UKL15,2001,10.335
A,P_MHAB,UKL15,2002,16.219
A,P_MHAB,UKL15,2003,43.918
A,P_MHAB,UKL15,2004,23.173
A,P_MHAB,UKL15,2005,36.154
A,P_MHAB,UKL15,2006,20.055
A,P_MHAB,UKL15,2007,16.303
A,P_MHAB,UKL15,2008,23.286
A,P_MHAB,UKL15,2009,19.648
A,P_MHAB,UKL15,2010,15.772
A,P_MHAB,UKL15,2011,13.068
A,P_MHAB,UKL15,2012,10.04
A,P_MHAB,UKL16,1990,11.214
A,P_MHAB,UKL16,1991,9.707
A,P_MHAB,UKL16,1992,19.216
A,P_MHAB,UKL16,1993,19.563
A,P_MHAB,UKL16,1994,15.594
A,P_MHAB,UKL16,1995,17.745
A,P_MHAB,UKL16,1996,34.377
A,P_MHAB,UKL16,1997,25.443
A,P_MHAB,UKL16,1998,22.736
A,P_MHAB,UKL16,1999,29.427
A,P_MHAB,UKL16,2000,45.29
A,P_MHAB,UKL16,2001,45.036
A,P_MHAB,UKL16,2002,23.798
A,P_MHAB,UKL16,2003,35.094
A,P_MHAB,UKL16,2004,36.722
A,P_MHAB,UKL16,2005,28.434
A,P_MHAB,UKL16,2006,43.434
A,P_MHAB,UKL16,2007,39.474
A,P_MHAB,UKL16,2008,13.704
A,P_MHAB,UKL16,2009,33.315
A,P_MHAB,UKL16,2010,24.101
A,P_MHAB,UKL16,2011,58.698
A,P_MHAB,UKL16,2012,61.473
A,P_MHAB,UKL17,1990,9.077
A,P_MHAB,UKL17,1991,18.331
A,P_MHAB,UKL17,1992,14.089
A,P_MHAB,UKL17,1993,11.926
A,P_MHAB,UKL17,1994,15.605
A,P_MHAB,UKL17,1995,14.444
A,P_MHAB,UKL17,1996,14.366
A,P_MHAB,UKL17,1997,32.977
A,P_MHAB,UKL17,1998,31.469
A,P_MHAB,UKL17,1999,35.258
A,P_MHAB,UKL17,2000,31.613
A,P_MHAB,UKL17,2001,21.856
A,P_MHAB,UKL17,2002,25.884
A,P_MHAB,UKL17,2003,30.194
A,P_MHAB,UKL17,2004,28.601
A,P_MHAB,UKL17,2005,10.748
A,P_MHAB,UKL17,2006,39.041
A,P_MHAB,UKL17,2007,36.356
A,P_MHAB,UKL17,2008,31.838
A,P_MHAB,UKL17,2009,41.52
A,P_MHAB,UKL17,2010,14.944
A,P_MHAB,UKL17,2011,25.369
A,P_MHAB,UKL17,2012,8.871
A,P_MHAB,UKL18,1990,45.622
A,P_MHAB,UKL18,1991,53.075
A,P_MHAB,UKL18,1992,34.48
A,P_MHAB,UKL18,1993,22.573
A,P_MHAB,UKL18,1994,16.74
A,P_MHAB,UKL18,1995,40.219
A,P_MHAB,UKL18,1996,15.738
A,P_MHAB,UKL18,1997,33.042
A,P_MHAB,UKL18,1998,37.926
A,P_MHAB,UKL18,1999,38.733
A,P_MHAB,UKL18,2000,74.162
A,P_MHAB,UKL18,2001,67.42
A,P_MHAB,UKL18,2002,44.535
A,P_MHAB,UKL18,2003,77.947
A,P_MHAB,UKL18,2004,58.397
A,P_MHAB,UKL18,2005,56.09
A,P_MHAB,UKL18,2006,51.424
A,P_MHAB,UKL18,2007,68.042
A,P_MHAB,UKL18,2008,33.994
A,P_MHAB,UKL18,2009,37.983
A,P_MHAB,UKL18,2010,30.452
A,P_MHAB,UKL18,2011,50.635
A,P_MHAB,UKL18,2012,28.853
A,P_MHAB,UKL2,1990,31.115
A,P_MHAB,UKL2,1991,39.494
A,P_MHAB,UKL2,1992,42.863
A,P_MHAB,UKL2,1993,36.162
A,P_MHAB,UKL2,1994,58.73
A,P_MHAB,UKL2,1995,57.668
A,P_MHAB,UKL2,1996,51.312
A,P_MHAB,UKL2,1997,62.137
A,P_MHAB,UKL2,1998,71.173
A,P_MHAB,UKL2,1999,73.201
A,P_MHAB,UKL2,2000,77.239
A,P_MHAB,UKL2,2001,75.245
A,P_MHAB,UKL2,2002,57.697
A,P_MHAB,UKL2,2003,72.55
A,P_MHAB,UKL2,2004,59.632
A,P_MHAB,UKL2,2005,42.701
A,P_MHAB,UKL2,2006,59.488
A,P_MHAB,UKL2,2007,62.67
A,P_MHAB,UKL2,2008,63.855
A,P_MHAB,UKL2,2009,67.252
A,P_MHAB,UKL2,2010,59.036
A,P_MHAB,UKL2,2011,68.185
A,P_MHAB,UKL2,2012,39.915
A,P_MHAB,UKL21,1990,38.962
A,P_MHAB,UKL21,1991,57.043
A,P_MHAB,UKL21,1992,39.407
A,P_MHAB,UKL21,1993,23.9
A,P_MHAB,UKL21,1994,86.829
A,P_MHAB,UKL21,1995,81.577
A,P_MHAB,UKL21,1996,74.925
A,P_MHAB,UKL21,1997,65.446
A,P_MHAB,UKL21,1998,82.998
A,P_MHAB,UKL21,1999,108.998
A,P_MHAB,UKL21,2000,110.094
A,P_MHAB,UKL21,2001,83.916
A,P_MHAB,UKL21,2002,52.963
A,P_MHAB,UKL21,2003,93.5
A,P_MHAB,UKL21,2004,79.189
A,P_MHAB,UKL21,2005,59.209
A,P_MHAB,UKL21,2006,85.01
A,P_MHAB,UKL21,2007,55.669
A,P_MHAB,UKL21,2008,69.129
A,P_MHAB,UKL21,2009,88.884
A,P_MHAB,UKL21,2010,52.161
A,P_MHAB,UKL21,2011,71.787
A,P_MHAB,UKL21,2012,37.809
A,P_MHAB,UKL22,1990,25.353
A,P_MHAB,UKL22,1991,29.062
A,P_MHAB,UKL22,1992,37.518
A,P_MHAB,UKL22,1993,36.498
A,P_MHAB,UKL22,1994,51.528
A,P_MHAB,UKL22,1995,76.49
A,P_MHAB,UKL22,1996,59.348
A,P_MHAB,UKL22,1997,74.095
A,P_MHAB,UKL22,1998,86.563
A,P_MHAB,UKL22,1999,87.001
A,P_MHAB,UKL22,2000,86.661
A,P_MHAB,UKL22,2001,101.037
A,P_MHAB,UKL22,2002,73.671
A,P_MHAB,UKL22,2003,91.675
A,P_MHAB,UKL22,2004,78.221
A,P_MHAB,UKL22,2005,57.344
A,P_MHAB,UKL22,2006,52.284
A,P_MHAB,UKL22,2007,68.128
A,P_MHAB,UKL22,2008,83.868
A,P_MHAB,UKL22,2009,84.829
A,P_MHAB,UKL22,2010,60.816
A,P_MHAB,UKL22,2011,74.919
A,P_MHAB,UKL22,2012,30.038
A,P_MHAB,UKL23,1990,43.814
A,P_MHAB,UKL23,1991,55.48
A,P_MHAB,UKL23,1992,50.112
A,P_MHAB,UKL23,1993,47.811
A,P_MHAB,UKL23,1994,39.233
A,P_MHAB,UKL23,1995,32.475
A,P_MHAB,UKL23,1996,23.856
A,P_MHAB,UKL23,1997,42.118
A,P_MHAB,UKL23,1998,38.031
A,P_MHAB,UKL23,1999,38.559
A,P_MHAB,UKL23,2000,58.437
A,P_MHAB,UKL23,2001,52.356
A,P_MHAB,UKL23,2002,55.238
A,P_MHAB,UKL23,2003,39.308
A,P_MHAB,UKL23,2004,34.989
A,P_MHAB,UKL23,2005,10.398
A,P_MHAB,UKL23,2006,64.625
A,P_MHAB,UKL23,2007,72.394
A,P_MHAB,UKL23,2008,48.912
A,P_MHAB,UKL23,2009,42.768
A,P_MHAB,UKL23,2010,61.259
A,P_MHAB,UKL23,2011,69.816
A,P_MHAB,UKL23,2012,58.922
A,P_MHAB,UKL24,1990,8.496
A,P_MHAB,UKL24,1991,8.418
A,P_MHAB,UKL24,1992,51.417
A,P_MHAB,UKL24,1993,31.064
A,P_MHAB,UKL24,1994,76.297
A,P_MHAB,UKL24,1995,6.167
A,P_MHAB,UKL24,1996,41.905
A,P_MHAB,UKL24,1997,58.98
A,P_MHAB,UKL24,1998,69.828
A,P_MHAB,UKL24,1999,38.475
A,P_MHAB,UKL24,2000,28.439
A,P_MHAB,UKL24,2001,22.255
A,P_MHAB,UKL24,2002,17.12
A,P_MHAB,UKL24,2003,43.074
A,P_MHAB,UKL24,2004,15.516
A,P_MHAB,UKL24,2005,33.344
A,P_MHAB,UKL24,2006,28.409
A,P_MHAB,UKL24,2007,35.518
A,P_MHAB,UKL24,2008,17.598
A,P_MHAB,UKL24,2009,20.685
A,P_MHAB,UKL24,2010,60.173
A,P_MHAB,UKL24,2011,34.449
A,P_MHAB,UKL24,2012,37.6
A,P_MHAB,UKM2,2000,80.269
A,P_MHAB,UKM2,2001,84.058
A,P_MHAB,UKM2,2002,87.443
A,P_MHAB,UKM2,2003,93.952
A,P_MHAB,UKM2,2004,88.801
A,P_MHAB,UKM2,2005,90.095
A,P_MHAB,UKM2,2006,105.232
A,P_MHAB,UKM2,2007,96.019
A,P_MHAB,UKM2,2008,96.911
A,P_MHAB,UKM2,2009,97.127
A,P_MHAB,UKM2,2010,78.529
A,P_MHAB,UKM2,2011,78.574
A,P_MHAB,UKM2,2012,55.762
A,P_MHAB,UKM21,2000,96.688
A,P_MHAB,UKM21,2001,126.565
A,P_MHAB,UKM21,2002,95.902
A,P_MHAB,UKM21,2003,141.721
A,P_MHAB,UKM21,2004,133.397
A,P_MHAB,UKM21,2005,87.924
A,P_MHAB,UKM21,2006,103.101
A,P_MHAB,UKM21,2007,115.735
A,P_MHAB,UKM21,2008,96.783
A,P_MHAB,UKM21,2009,88.213
A,P_MHAB,UKM21,2010,77.518
A,P_MHAB,UKM21,2011,67.333
A,P_MHAB,UKM21,2012,61.248
A,P_MHAB,UKM22,2000,56.152
A,P_MHAB,UKM22,2001,51.311
A,P_MHAB,UKM22,2002,58.943
A,P_MHAB,UKM22,2003,53.584
A,P_MHAB,UKM22,2004,64.828
A,P_MHAB,UKM22,2005,23.911
A,P_MHAB,UKM22,2006,118.365
A,P_MHAB,UKM22,2007,75.45
A,P_MHAB,UKM22,2008,107.068
A,P_MHAB,UKM22,2009,85.128
A,P_MHAB,UKM22,2010,99.318
A,P_MHAB,UKM22,2011,85.177
A,P_MHAB,UKM22,2012,71.101
A,P_MHAB,UKM23,2000,62.098
A,P_MHAB,UKM23,2001,77.92
A,P_MHAB,UKM23,2002,70.145
A,P_MHAB,UKM23,2003,53.055
A,P_MHAB,UKM23,2004,38.924
A,P_MHAB,UKM23,2005,54.588
A,P_MHAB,UKM23,2006,50.898
A,P_MHAB,UKM23,2007,67.364
A,P_MHAB,UKM23,2008,70.332
A,P_MHAB,UKM23,2009,124.388
A,P_MHAB,UKM23,2010,57.063
A,P_MHAB,UKM23,2011,127.132
A,P_MHAB,UKM23,2012,85.94
A,P_MHAB,UKM24,2000,82.523
A,P_MHAB,UKM24,2001,25.705
A,P_MHAB,UKM24,2002,67.628
A,P_MHAB,UKM24,2003,43.543
A,P_MHAB,UKM24,2004,34.437
A,P_MHAB,UKM24,2005,36.423
A,P_MHAB,UKM24,2006,49.677
A,P_MHAB,UKM24,2007,19.013
A,P_MHAB,UKM24,2008,28.826
A,P_MHAB,UKM24,2009,50.862
A,P_MHAB,UKM24,2010,60.473
A,P_MHAB,UKM24,2011,46.328
A,P_MHAB,UKM24,2012,45.005
A,P_MHAB,UKM25,2000,121.502
A,P_MHAB,UKM25,2001,136.587
A,P_MHAB,UKM25,2002,163.101
A,P_MHAB,UKM25,2003,166.312
A,P_MHAB,UKM25,2004,158.691
A,P_MHAB,UKM25,2005,181.136
A,P_MHAB,UKM25,2006,181.27
A,P_MHAB,UKM25,2007,194.141
A,P_MHAB,UKM25,2008,173.393
A,P_MHAB,UKM25,2009,179.981
A,P_MHAB,UKM25,2010,126.064
A,P_MHAB,UKM25,2011,106.596
A,P_MHAB,UKM25,2012,62.921
A,P_MHAB,UKM26,2000,54.142
A,P_MHAB,UKM26,2001,5.726
A,P_MHAB,UKM26,2002,31.463
A,P_MHAB,UKM26,2003,33.827
A,P_MHAB,UKM26,2004,53.689
A,P_MHAB,UKM26,2005,127.555
A,P_MHAB,UKM26,2006,56.647
A,P_MHAB,UKM26,2007,25.846
A,P_MHAB,UKM26,2008,28.343
A,P_MHAB,UKM26,2009,14.312
A,P_MHAB,UKM26,2010,6.143
A,P_MHAB,UKM26,2011,25.695
A,P_MHAB,UKM26,2012,44.665
A,P_MHAB,UKM27,2000,68.589
A,P_MHAB,UKM27,2001,87.905
A,P_MHAB,UKM27,2002,52.069
A,P_MHAB,UKM27,2003,93.078
A,P_MHAB,UKM27,2004,65.082
A,P_MHAB,UKM27,2005,81.628
A,P_MHAB,UKM27,2006,65.825
A,P_MHAB,UKM27,2007,63.457
A,P_MHAB,UKM27,2008,42.498
A,P_MHAB,UKM27,2009,50.531
A,P_MHAB,UKM27,2010,44.644
A,P_MHAB,UKM27,2011,39.466
A,P_MHAB,UKM27,2012,19.416
A,P_MHAB,UKM28,2000,55.035
A,P_MHAB,UKM28,2001,61.186
A,P_MHAB,UKM28,2002,64.694
A,P_MHAB,UKM28,2003,51.614
A,P_MHAB,UKM28,2004,40.596
A,P_MHAB,UKM28,2005,58.451
A,P_MHAB,UKM28,2006,61.615
A,P_MHAB,UKM28,2007,39.404
A,P_MHAB,UKM28,2008,75.291
A,P_MHAB,UKM28,2009,56.336
A,P_MHAB,UKM28,2010,47.196
A,P_MHAB,UKM28,2011,74.022
A,P_MHAB,UKM28,2012,26.023
A,P_MHAB,UKM3,2000,37.189
A,P_MHAB,UKM3,2001,36.384
A,P_MHAB,UKM3,2002,38.646
A,P_MHAB,UKM3,2003,28.112
A,P_MHAB,UKM3,2004,36.818
A,P_MHAB,UKM3,2005,34.083
A,P_MHAB,UKM3,2006,37.678
A,P_MHAB,UKM3,2007,33.251
A,P_MHAB,UKM3,2008,28.455
A,P_MHAB,UKM3,2009,35.294
A,P_MHAB,UKM3,2010,27.05
A,P_MHAB,UKM3,2011,27.205
A,P_MHAB,UKM3,2012,22.007
A,P_MHAB,UKM31,2000,44.988
A,P_MHAB,UKM31,2001,30.632
A,P_MHAB,UKM31,2002,62.208
A,P_MHAB,UKM31,2003,18.828
A,P_MHAB,UKM31,2004,41.022
A,P_MHAB,UKM31,2005,24.353
A,P_MHAB,UKM31,2006,24.511
A,P_MHAB,UKM31,2007,21.786
A,P_MHAB,UKM31,2008,17.203
A,P_MHAB,UKM31,2009,28.069
A,P_MHAB,UKM31,2010,21.745
A,P_MHAB,UKM31,2011,38.214
A,P_MHAB,UKM31,2012,12.588
A,P_MHAB,UKM32,2000,25.832
A,P_MHAB,UKM32,2001,6.772
A,P_MHAB,UKM32,2002,1.693
A,P_MHAB,UKM32,2003,7.92
A,P_MHAB,UKM32,2004,23.071
A,P_MHAB,UKM32,2005,21.257
A,P_MHAB,UKM32,2006,39.019
A,P_MHAB,UKM32,2007,30.19
A,P_MHAB,UKM32,2008,19.913
A,P_MHAB,UKM32,2009,17.543
A,P_MHAB,UKM32,2010,9.928
A,P_MHAB,UKM32,2011,2.843
A,P_MHAB,UKM32,2012,1.324
A,P_MHAB,UKM33,2000,2.316
A,P_MHAB,UKM33,2001,21.58
A,P_MHAB,UKM33,2002,13.147
A,P_MHAB,UKM33,2003,12.023
A,P_MHAB,UKM33,2004,14.683
A,P_MHAB,UKM33,2005,13.459
A,P_MHAB,UKM33,2006,24.451
A,P_MHAB,UKM33,2007,20.204
A,P_MHAB,UKM33,2008,10.808
A,P_MHAB,UKM33,2009,14.795
A,P_MHAB,UKM33,2010,8.861
A,P_MHAB,UKM33,2011,7.862
A,P_MHAB,UKM33,2012,3.183
A,P_MHAB,UKM34,2000,27.742
A,P_MHAB,UKM34,2001,64.168
A,P_MHAB,UKM34,2002,52.615
A,P_MHAB,UKM34,2003,48.017
A,P_MHAB,UKM34,2004,45.102
A,P_MHAB,UKM34,2005,42.903
A,P_MHAB,UKM34,2006,54.757
A,P_MHAB,UKM34,2007,43.043
A,P_MHAB,UKM34,2008,45.558
A,P_MHAB,UKM34,2009,37.154
A,P_MHAB,UKM34,2010,36.433
A,P_MHAB,UKM34,2011,44.372
A,P_MHAB,UKM34,2012,46.036
A,P_MHAB,UKM35,2000,81.312
A,P_MHAB,UKM35,2001,42.491
A,P_MHAB,UKM35,2002,49.426
A,P_MHAB,UKM35,2003,32.083
A,P_MHAB,UKM35,2004,39.295
A,P_MHAB,UKM35,2005,34.741
A,P_MHAB,UKM35,2006,38.177
A,P_MHAB,UKM35,2007,38.566
A,P_MHAB,UKM35,2008,26.878
A,P_MHAB,UKM35,2009,47.012
A,P_MHAB,UKM35,2010,33.408
A,P_MHAB,UKM35,2011,39.114
A,P_MHAB,UKM35,2012,18.42
A,P_MHAB,UKM36,2000,22.78
A,P_MHAB,UKM36,2001,23.468
A,P_MHAB,UKM36,2002,29.455
A,P_MHAB,UKM36,2003,15.784
A,P_MHAB,UKM36,2004,31.522
A,P_MHAB,UKM36,2005,52.196
A,P_MHAB,UKM36,2006,29.093
A,P_MHAB,UKM36,2007,21.185
A,P_MHAB,UKM36,2008,22.485
A,P_MHAB,UKM36,2009,60.741
A,P_MHAB,UKM36,2010,20.196
A,P_MHAB,UKM36,2011,10.386
A,P_MHAB,UKM36,2012,13.026
A,P_MHAB,UKM37,2000,71.245
A,P_MHAB,UKM37,2001,58.186
A,P_MHAB,UKM37,2002,53.623
A,P_MHAB,UKM37,2003,31.364
A,P_MHAB,UKM37,2004,53.735
A,P_MHAB,UKM37,2006,44.631
A,P_MHAB,UKM37,2007,26.734
A,P_MHAB,UKM37,2008,19.296
A,P_MHAB,UKM37,2009,22.22
A,P_MHAB,UKM37,2010,41.505
A,P_MHAB,UKM37,2011,16.85
A,P_MHAB,UKM37,2012,38.7
A,P_MHAB,UKM38,2000,35.678
A,P_MHAB,UKM38,2001,12.967
A,P_MHAB,UKM38,2002,25.12
A,P_MHAB,UKM38,2003,27.877
A,P_MHAB,UKM38,2004,39.663
A,P_MHAB,UKM38,2005,40.391
A,P_MHAB,UKM38,2006,31.921
A,P_MHAB,UKM38,2007,44.892
A,P_MHAB,UKM38,2008,34.84
A,P_MHAB,UKM38,2009,26.753
A,P_MHAB,UKM38,2010,31.44
A,P_MHAB,UKM38,2011,23.252
A,P_MHAB,UKM38,2012,15.981
A,P_MHAB,UKM5,2000,162.113
A,P_MHAB,UKM5,2001,144.224
A,P_MHAB,UKM5,2002,111.412
A,P_MHAB,UKM5,2003,119.084
A,P_MHAB,UKM5,2004,130.752
A,P_MHAB,UKM5,2005,102.795
A,P_MHAB,UKM5,2006,166.987
A,P_MHAB,UKM5,2007,285.014
A,P_MHAB,UKM5,2008,217.871
A,P_MHAB,UKM5,2009,205.411
A,P_MHAB,UKM5,2010,190.164
A,P_MHAB,UKM5,2011,178.725
A,P_MHAB,UKM5,2012,165.454
A,P_MHAB,UKM50,2000,162.113
A,P_MHAB,UKM50,2001,144.224
A,P_MHAB,UKM50,2002,111.412
A,P_MHAB,UKM50,2003,119.084
A,P_MHAB,UKM50,2004,130.752
A,P_MHAB,UKM50,2005,102.795
A,P_MHAB,UKM50,2006,166.987
A,P_MHAB,UKM50,2007,285.014
A,P_MHAB,UKM50,2008,217.871
A,P_MHAB,UKM50,2009,205.411
A,P_MHAB,UKM50,2010,190.164
A,P_MHAB,UKM50,2011,178.725
A,P_MHAB,UKM50,2012,165.454
A,P_MHAB,UKM6,2000,44.218
A,P_MHAB,UKM6,2001,18.582
A,P_MHAB,UKM6,2002,34.049
A,P_MHAB,UKM6,2003,24.838
A,P_MHAB,UKM6,2004,55.482
A,P_MHAB,UKM6,2005,35.042
A,P_MHAB,UKM6,2006,49.828
A,P_MHAB,UKM6,2007,22.25
A,P_MHAB,UKM6,2008,40.552
A,P_MHAB,UKM6,2009,55.447
A,P_MHAB,UKM6,2010,47.52
A,P_MHAB,UKM6,2011,36.261
A,P_MHAB,UKM6,2012,34.932
A,P_MHAB,UKM61,2000,13.452
A,P_MHAB,UKM61,2001,13.128
A,P_MHAB,UKM61,2002,22.673
A,P_MHAB,UKM61,2003,8.942
A,P_MHAB,UKM61,2004,17.064
A,P_MHAB,UKM61,2005,10.071
A,P_MHAB,UKM61,2006,34.115
A,P_MHAB,UKM61,2007,16.118
A,P_MHAB,UKM61,2008,55.752
A,P_MHAB,UKM61,2009,46.999
A,P_MHAB,UKM61,2010,44.785
A,P_MHAB,UKM61,2011,49.782
A,P_MHAB,UKM61,2012,15.741
A,P_MHAB,UKM62,2000,82.127
A,P_MHAB,UKM62,2001,24.981
A,P_MHAB,UKM62,2002,57.699
A,P_MHAB,UKM62,2003,50.613
A,P_MHAB,UKM62,2004,111.9
A,P_MHAB,UKM62,2005,73.329
A,P_MHAB,UKM62,2006,79.338
A,P_MHAB,UKM62,2007,27.469
A,P_MHAB,UKM62,2008,49.145
A,P_MHAB,UKM62,2009,80.493
A,P_MHAB,UKM62,2010,81.455
A,P_MHAB,UKM62,2011,44.732
A,P_MHAB,UKM62,2012,63.665
A,P_MHAB,UKM63,2000,29.881
A,P_MHAB,UKM63,2001,19.811
A,P_MHAB,UKM63,2002,15.514
A,P_MHAB,UKM63,2003,9.953
A,P_MHAB,UKM63,2004,5.545
A,P_MHAB,UKM63,2005,7.391
A,P_MHAB,UKM63,2006,34.392
A,P_MHAB,UKM63,2007,31.079
A,P_MHAB,UKM63,2008,9.024
A,P_MHAB,UKM63,2009,34.514
A,P_MHAB,UKM63,2010,9.849
A,P_MHAB,UKM63,2011,19.72
A,P_MHAB,UKM63,2012,21.76
A,P_MHAB,UKM64,2002,37.945
A,P_MHAB,UKM64,2004,37.732
A,P_MHAB,UKM64,2006,37.102
A,P_MHAB,UKM64,2009,35.884
A,P_MHAB,UKM64,2010,12.014
A,P_MHAB,UKM65,2000,4.134
A,P_MHAB,UKM65,2004,50.911
A,P_MHAB,UKM65,2005,25.124
A,P_MHAB,UKM65,2008,48.501
A,P_MHAB,UKM65,2010,23.768
A,P_MHAB,UKM65,2011,15.508
A,P_MHAB,UKM66,2000,22.376
A,P_MHAB,UKM66,2001,22.652
A,P_MHAB,UKM66,2004,4.549
A,P_MHAB,UKM66,2007,11.243
A,P_MHAB,UKM66,2008,89.385
A,P_MHAB,UKM66,2009,44.273
A,P_MHAB,UKM66,2011,43.273
A,P_MHAB,UKN0,1990,7.062
A,P_MHAB,UKN0,1991,11.034
A,P_MHAB,UKN0,1992,4.797
A,P_MHAB,UKN0,1993,8.026
A,P_MHAB,UKN0,1994,13.337
A,P_MHAB,UKN0,1995,14.174
A,P_MHAB,UKN0,1996,9.634
A,P_MHAB,UKN0,1997,15.228
A,P_MHAB,UKN0,1998,12.707
A,P_MHAB,UKN0,1999,27.749
A,P_MHAB,UKN0,2000,28.599
A,P_MHAB,UKN0,2001,31.98
A,P_MHAB,UKN0,2002,23.182
A,P_MHAB,UKN0,2003,27.163
A,P_MHAB,UKN0,2004,32.607
A,P_MHAB,UKN0,2005,37.046
A,P_MHAB,UKN0,2006,40.452
A,P_MHAB,UKN0,2007,35.107
A,P_MHAB,UKN0,2008,32.445
A,P_MHAB,UKN0,2009,38.518
A,P_MHAB,UKN0,2010,26.831
A,P_MHAB,UKN0,2011,33.451
A,P_MHAB,UKN0,2012,38.143
A,P_MHAB,UKN01,1990,6.77
A,P_MHAB,UKN01,1991,14.74
A,P_MHAB,UKN01,1992,4.535
A,P_MHAB,UKN01,1993,4.259
A,P_MHAB,UKN01,1994,21.238
A,P_MHAB,UKN01,1995,6.454
A,P_MHAB,UKN01,1996,11.947
A,P_MHAB,UKN01,1997,12.668
A,P_MHAB,UKN01,1998,14.796
A,P_MHAB,UKN01,1999,41.647
A,P_MHAB,UKN01,2000,42.471
A,P_MHAB,UKN01,2001,39.848
A,P_MHAB,UKN01,2002,33.117
A,P_MHAB,UKN01,2003,30.672
A,P_MHAB,UKN01,2004,34.396
A,P_MHAB,UKN01,2005,70.436
A,P_MHAB,UKN01,2006,62.816
A,P_MHAB,UKN01,2007,39.477
A,P_MHAB,UKN01,2008,41.582
A,P_MHAB,UKN01,2009,62.409
A,P_MHAB,UKN01,2010,28.492
A,P_MHAB,UKN01,2011,29.963
A,P_MHAB,UKN01,2012,19.308
A,P_MHAB,UKN02,1990,8.83
A,P_MHAB,UKN02,1991,22.826
A,P_MHAB,UKN02,1992,4.084
A,P_MHAB,UKN02,1993,18.947
A,P_MHAB,UKN02,1994,15.947
A,P_MHAB,UKN02,1995,21.193
A,P_MHAB,UKN02,1996,10.562
A,P_MHAB,UKN02,1997,19.123
A,P_MHAB,UKN02,1998,14.353
A,P_MHAB,UKN02,1999,32.687
A,P_MHAB,UKN02,2000,24.913
A,P_MHAB,UKN02,2001,21.106
A,P_MHAB,UKN02,2002,24.274
A,P_MHAB,UKN02,2003,22.032
A,P_MHAB,UKN02,2004,34.142
A,P_MHAB,UKN02,2005,50.472
A,P_MHAB,UKN02,2006,50.171
A,P_MHAB,UKN02,2007,41.852
A,P_MHAB,UKN02,2008,26.37
A,P_MHAB,UKN02,2009,30.5
A,P_MHAB,UKN02,2010,28.409
A,P_MHAB,UKN02,2011,34.017
A,P_MHAB,UKN02,2012,33.856
A,P_MHAB,UKN03,1990,2.764
A,P_MHAB,UKN03,1991,15.126
A,P_MHAB,UKN03,1992,5.909
A,P_MHAB,UKN03,1993,6.493
A,P_MHAB,UKN03,1994,7.505
A,P_MHAB,UKN03,1995,17.612
A,P_MHAB,UKN03,1996,8.284
A,P_MHAB,UKN03,1997,15.131
A,P_MHAB,UKN03,1998,10.956
A,P_MHAB,UKN03,1999,23.883
A,P_MHAB,UKN03,2000,22.656
A,P_MHAB,UKN03,2001,51.735
A,P_MHAB,UKN03,2002,21.888
A,P_MHAB,UKN03,2003,31.903
A,P_MHAB,UKN03,2004,44.384
A,P_MHAB,UKN03,2005,18.334
A,P_MHAB,UKN03,2006,25.901
A,P_MHAB,UKN03,2007,37.648
A,P_MHAB,UKN03,2008,27.888
A,P_MHAB,UKN03,2009,42.066
A,P_MHAB,UKN03,2010,35.288
A,P_MHAB,UKN03,2011,26.289
A,P_MHAB,UKN03,2012,38.575
A,P_MHAB,UKN04,1993,3.864
A,P_MHAB,UKN04,1994,7.642
A,P_MHAB,UKN04,1995,9.494
A,P_MHAB,UKN04,1996,9.423
A,P_MHAB,UKN04,1997,1.23
A,P_MHAB,UKN04,1998,11.075
A,P_MHAB,UKN04,1999,11.982
A,P_MHAB,UKN04,2000,30.385
A,P_MHAB,UKN04,2001,4.833
A,P_MHAB,UKN04,2002,14.487
A,P_MHAB,UKN04,2003,10.326
A,P_MHAB,UKN04,2004,7.764
A,P_MHAB,UKN04,2005,13.63
A,P_MHAB,UKN04,2006,23.006
A,P_MHAB,UKN04,2007,20.831
A,P_MHAB,UKN04,2008,15.711
A,P_MHAB,UKN04,2009,30.759
A,P_MHAB,UKN04,2010,5.21
A,P_MHAB,UKN04,2011,35.439
A,P_MHAB,UKN04,2012,25.625
A,P_MHAB,UKN05,1992,2.848
A,P_MHAB,UKN05,1994,5.656
A,P_MHAB,UKN05,1995,4.229
A,P_MHAB,UKN05,1996,2.807
A,P_MHAB,UKN05,1997,5.571
A,P_MHAB,UKN05,1999,16.576
A,P_MHAB,UKN05,2000,16.319
A,P_MHAB,UKN05,2001,16.872
A,P_MHAB,UKN05,2002,4.519
A,P_MHAB,UKN05,2003,22.813
A,P_MHAB,UKN05,2004,14.901
A,P_MHAB,UKN05,2005,24.821
A,P_MHAB,UKN05,2006,25.249
A,P_MHAB,UKN05,2007,27.61
A,P_MHAB,UKN05,2008,30.628
A,P_MHAB,UKN05,2009,19.833
A,P_MHAB,UKN05,2010,24.463
A,P_MHAB,UKN05,2011,35.643
A,P_MHAB,UKN05,2012,52.385
