freq,unit,geo,time,value
A,EUR_HAB,AL,2008,3100
A,EUR_HAB,AL,2009,3000
A,EUR_HAB,AL,2010,3100
A,EUR_HAB,AL,2011,3200
A,EUR_HAB,AL,2012,3300
A,EUR_HAB,AL,2013,3300
A,EUR_HAB,AL,2014,3500
A,EUR_HAB,AL,2015,3600
A,EUR_HAB,AL,2016,3800
A,EUR_HAB,AL,2017,4100
A,EUR_HAB,AL,2018,4500
A,EUR_HAB,AL,2019,4900
A,EUR_HAB,AL,2020,4700
A,EUR_HAB,AL,2021,5400
A,EUR_HAB,AL,2022,6500
A,EUR_HAB,AL0,2008,3100
A,EUR_HAB,AL0,2009,3000
A,EUR_HAB,AL0,2010,3100
A,EUR_HAB,AL0,2011,3200
A,EUR_HAB,AL0,2012,3300
A,EUR_HAB,AL0,2013,3300
A,EUR_HAB,AL0,2014,3500
A,EUR_HAB,AL0,2015,3600
A,EUR_HAB,AL0,2016,3800
A,EUR_HAB,AL0,2017,4100
A,EUR_HAB,AL0,2018,4500
A,EUR_HAB,AL0,2019,4900
A,EUR_HAB,AL0,2020,4700
A,EUR_HAB,AL0,2021,5400
A,EUR_HAB,AL0,2022,6500
A,EUR_HAB,AL01,2008,2400
A,EUR_HAB,AL01,2009,2400
A,EUR_HAB,AL01,2010,2600
A,EUR_HAB,AL01,2011,2600
A,EUR_HAB,AL01,2012,2700
A,EUR_HAB,AL01,2013,2700
A,EUR_HAB,AL01,2014,2700
A,EUR_HAB,AL01,2015,2900
A,EUR_HAB,AL01,2016,3100
A,EUR_HAB,AL01,2017,3300
A,EUR_HAB,AL01,2018,3600
A,EUR_HAB,AL01,2019,3900
A,EUR_HAB,AL01,2020,3600
A,EUR_HAB,AL01,2021,4300
A,EUR_HAB,AL01,2022,5300
A,EUR_HAB,AL02,2008,4200
A,EUR_HAB,AL02,2009,4000
A,EUR_HAB,AL02,2010,4000
A,EUR_HAB,AL02,2011,3900
A,EUR_HAB,AL02,2012,3900
A,EUR_HAB,AL02,2013,3900
A,EUR_HAB,AL02,2014,4100
A,EUR_HAB,AL02,2015,4300
A,EUR_HAB,AL02,2016,4500
A,EUR_HAB,AL02,2017,5000
A,EUR_HAB,AL02,2018,5500
A,EUR_HAB,AL02,2019,5900
A,EUR_HAB,AL02,2020,5800
A,EUR_HAB,AL02,2021,6500
A,EUR_HAB,AL02,2022,7700
A,EUR_HAB,AL03,2008,2500
A,EUR_HAB,AL03,2009,2500
A,EUR_HAB,AL03,2010,2700
A,EUR_HAB,AL03,2011,3000
A,EUR_HAB,AL03,2012,3100
A,EUR_HAB,AL03,2013,3200
A,EUR_HAB,AL03,2014,3400
A,EUR_HAB,AL03,2015,3300
A,EUR_HAB,AL03,2016,3500
A,EUR_HAB,AL03,2017,3700
A,EUR_HAB,AL03,2018,4200
A,EUR_HAB,AL03,2019,4500
A,EUR_HAB,AL03,2020,4200
A,EUR_HAB,AL03,2021,5000
A,EUR_HAB,AL03,2022,6000
A,EUR_HAB,AT,2000,26500
A,EUR_HAB,AT,2001,27300
A,EUR_HAB,AT,2002,27900
A,EUR_HAB,AT,2003,28400
A,EUR_HAB,AT,2004,29400
A,EUR_HAB,AT,2005,30700
A,EUR_HAB,AT,2006,32200
A,EUR_HAB,AT,2007,34000
A,EUR_HAB,AT,2008,35100
A,EUR_HAB,AT,2009,34300
A,EUR_HAB,AT,2010,35200
A,EUR_HAB,AT,2011,36700
A,EUR_HAB,AT,2012,37600
A,EUR_HAB,AT,2013,37900
A,EUR_HAB,AT,2014,38600
A,EUR_HAB,AT,2015,39600
A,EUR_HAB,AT,2016,40700
A,EUR_HAB,AT,2017,41800
A,EUR_HAB,AT,2018,43400
A,EUR_HAB,AT,2019,44600
A,EUR_HAB,AT,2020,42700
A,EUR_HAB,AT,2021,45400
A,EUR_HAB,AT,2022,49600
A,EUR_HAB,AT,2023,52300
A,EUR_HAB,AT,2024,53800
A,EUR_HAB,AT1,2000,28200
A,EUR_HAB,AT1,2001,28800
A,EUR_HAB,AT1,2002,29400
A,EUR_HAB,AT1,2003,29700
A,EUR_HAB,AT1,2004,30700
A,EUR_HAB,AT1,2005,31700
A,EUR_HAB,AT1,2006,33100
A,EUR_HAB,AT1,2007,34800
A,EUR_HAB,AT1,2008,35900
A,EUR_HAB,AT1,2009,35400
A,EUR_HAB,AT1,2010,36200
A,EUR_HAB,AT1,2011,37400
A,EUR_HAB,AT1,2012,38000
A,EUR_HAB,AT1,2013,38200
A,EUR_HAB,AT1,2014,38700
A,EUR_HAB,AT1,2015,39500
A,EUR_HAB,AT1,2016,40700
A,EUR_HAB,AT1,2017,41300
A,EUR_HAB,AT1,2018,42800
A,EUR_HAB,AT1,2019,44100
A,EUR_HAB,AT1,2020,42000
A,EUR_HAB,AT1,2021,45100
A,EUR_HAB,AT1,2022,48100
A,EUR_HAB,AT1,2023,51200
A,EUR_HAB,AT1,2024,52800
A,EUR_HAB,AT11,2000,17700
A,EUR_HAB,AT11,2001,18200
A,EUR_HAB,AT11,2002,18800
A,EUR_HAB,AT11,2003,19000
A,EUR_HAB,AT11,2004,19900
A,EUR_HAB,AT11,2005,20000
A,EUR_HAB,AT11,2006,20900
A,EUR_HAB,AT11,2007,22200
A,EUR_HAB,AT11,2008,22100
A,EUR_HAB,AT11,2009,22400
A,EUR_HAB,AT11,2010,23400
A,EUR_HAB,AT11,2011,24500
A,EUR_HAB,AT11,2012,25400
A,EUR_HAB,AT11,2013,25800
A,EUR_HAB,AT11,2014,26600
A,EUR_HAB,AT11,2015,27900
A,EUR_HAB,AT11,2016,28500
A,EUR_HAB,AT11,2017,29500
A,EUR_HAB,AT11,2018,30100
A,EUR_HAB,AT11,2019,30800
A,EUR_HAB,AT11,2020,29700
A,EUR_HAB,AT11,2021,31800
A,EUR_HAB,AT11,2022,34500
A,EUR_HAB,AT11,2023,37500
A,EUR_HAB,AT11,2024,39000
A,EUR_HAB,AT12,2000,21900
A,EUR_HAB,AT12,2001,22000
A,EUR_HAB,AT12,2002,22300
A,EUR_HAB,AT12,2003,22700
A,EUR_HAB,AT12,2004,24200
A,EUR_HAB,AT12,2005,25000
A,EUR_HAB,AT12,2006,26100
A,EUR_HAB,AT12,2007,27800
A,EUR_HAB,AT12,2008,28700
A,EUR_HAB,AT12,2009,28100
A,EUR_HAB,AT12,2010,28700
A,EUR_HAB,AT12,2011,30000
A,EUR_HAB,AT12,2012,30800
A,EUR_HAB,AT12,2013,31100
A,EUR_HAB,AT12,2014,31900
A,EUR_HAB,AT12,2015,32700
A,EUR_HAB,AT12,2016,33700
A,EUR_HAB,AT12,2017,34900
A,EUR_HAB,AT12,2018,36100
A,EUR_HAB,AT12,2019,37600
A,EUR_HAB,AT12,2020,35100
A,EUR_HAB,AT12,2021,37400
A,EUR_HAB,AT12,2022,40700
A,EUR_HAB,AT12,2023,43300
A,EUR_HAB,AT12,2024,44500
A,EUR_HAB,AT13,2000,36400
A,EUR_HAB,AT13,2001,37300
A,EUR_HAB,AT13,2002,38300
A,EUR_HAB,AT13,2003,38300
A,EUR_HAB,AT13,2004,38800
A,EUR_HAB,AT13,2005,40200
A,EUR_HAB,AT13,2006,41900
A,EUR_HAB,AT13,2007,43700
A,EUR_HAB,AT13,2008,45100
A,EUR_HAB,AT13,2009,44500
A,EUR_HAB,AT13,2010,45400
A,EUR_HAB,AT13,2011,46400
A,EUR_HAB,AT13,2012,46700
A,EUR_HAB,AT13,2013,46700
A,EUR_HAB,AT13,2014,46900
A,EUR_HAB,AT13,2015,47500
A,EUR_HAB,AT13,2016,48800
A,EUR_HAB,AT13,2017,48800
A,EUR_HAB,AT13,2018,50700
A,EUR_HAB,AT13,2019,51800
A,EUR_HAB,AT13,2020,50000
A,EUR_HAB,AT13,2021,53800
A,EUR_HAB,AT13,2022,56500
A,EUR_HAB,AT13,2023,60200
A,EUR_HAB,AT13,2024,61900
A,EUR_HAB,AT2,2000,22900
A,EUR_HAB,AT2,2001,23600
A,EUR_HAB,AT2,2002,24000
A,EUR_HAB,AT2,2003,24700
A,EUR_HAB,AT2,2004,25900
A,EUR_HAB,AT2,2005,26800
A,EUR_HAB,AT2,2006,28300
A,EUR_HAB,AT2,2007,30300
A,EUR_HAB,AT2,2008,31200
A,EUR_HAB,AT2,2009,30100
A,EUR_HAB,AT2,2010,30900
A,EUR_HAB,AT2,2011,32500
A,EUR_HAB,AT2,2012,33500
A,EUR_HAB,AT2,2013,33500
A,EUR_HAB,AT2,2014,34600
A,EUR_HAB,AT2,2015,35100
A,EUR_HAB,AT2,2016,36200
A,EUR_HAB,AT2,2017,37800
A,EUR_HAB,AT2,2018,39000
A,EUR_HAB,AT2,2019,40400
A,EUR_HAB,AT2,2020,38800
A,EUR_HAB,AT2,2021,41200
A,EUR_HAB,AT2,2022,45500
A,EUR_HAB,AT2,2023,48700
A,EUR_HAB,AT2,2024,50100
A,EUR_HAB,AT21,2000,22400
A,EUR_HAB,AT21,2001,23000
A,EUR_HAB,AT21,2002,23500
A,EUR_HAB,AT21,2003,24200
A,EUR_HAB,AT21,2004,25300
A,EUR_HAB,AT21,2005,26100
A,EUR_HAB,AT21,2006,27500
A,EUR_HAB,AT21,2007,29500
A,EUR_HAB,AT21,2008,30500
A,EUR_HAB,AT21,2009,29100
A,EUR_HAB,AT21,2010,30000
A,EUR_HAB,AT21,2011,31600
A,EUR_HAB,AT21,2012,32100
A,EUR_HAB,AT21,2013,32200
A,EUR_HAB,AT21,2014,33500
A,EUR_HAB,AT21,2015,33900
A,EUR_HAB,AT21,2016,34500
A,EUR_HAB,AT21,2017,35900
A,EUR_HAB,AT21,2018,37500
A,EUR_HAB,AT21,2019,38700
A,EUR_HAB,AT21,2020,37700
A,EUR_HAB,AT21,2021,40100
A,EUR_HAB,AT21,2022,45100
A,EUR_HAB,AT21,2023,49700
A,EUR_HAB,AT21,2024,49600
A,EUR_HAB,AT22,2000,23200
A,EUR_HAB,AT22,2001,23900
A,EUR_HAB,AT22,2002,24200
A,EUR_HAB,AT22,2003,25000
A,EUR_HAB,AT22,2004,26300
A,EUR_HAB,AT22,2005,27200
A,EUR_HAB,AT22,2006,28700
A,EUR_HAB,AT22,2007,30600
A,EUR_HAB,AT22,2008,31500
A,EUR_HAB,AT22,2009,30600
A,EUR_HAB,AT22,2010,31300
A,EUR_HAB,AT22,2011,33000
A,EUR_HAB,AT22,2012,34200
A,EUR_HAB,AT22,2013,34100
A,EUR_HAB,AT22,2014,35100
A,EUR_HAB,AT22,2015,35700
A,EUR_HAB,AT22,2016,37000
A,EUR_HAB,AT22,2017,38700
A,EUR_HAB,AT22,2018,39600
A,EUR_HAB,AT22,2019,41100
A,EUR_HAB,AT22,2020,39300
A,EUR_HAB,AT22,2021,41700
A,EUR_HAB,AT22,2022,45700
A,EUR_HAB,AT22,2023,48300
A,EUR_HAB,AT22,2024,50300
A,EUR_HAB,AT3,2000,26600
A,EUR_HAB,AT3,2001,27700
A,EUR_HAB,AT3,2002,28300
A,EUR_HAB,AT3,2003,29000
A,EUR_HAB,AT3,2004,30000
A,EUR_HAB,AT3,2005,31700
A,EUR_HAB,AT3,2006,33300
A,EUR_HAB,AT3,2007,35300
A,EUR_HAB,AT3,2008,36300
A,EUR_HAB,AT3,2009,35500
A,EUR_HAB,AT3,2010,36500
A,EUR_HAB,AT3,2011,38400
A,EUR_HAB,AT3,2012,39400
A,EUR_HAB,AT3,2013,40100
A,EUR_HAB,AT3,2014,40900
A,EUR_HAB,AT3,2015,42400
A,EUR_HAB,AT3,2016,43200
A,EUR_HAB,AT3,2017,44600
A,EUR_HAB,AT3,2018,46500
A,EUR_HAB,AT3,2019,47500
A,EUR_HAB,AT3,2020,45500
A,EUR_HAB,AT3,2021,48100
A,EUR_HAB,AT3,2022,53800
A,EUR_HAB,AT3,2023,55700
A,EUR_HAB,AT3,2024,57200
A,EUR_HAB,AT31,2000,25500
A,EUR_HAB,AT31,2001,26800
A,EUR_HAB,AT31,2002,27200
A,EUR_HAB,AT31,2003,28000
A,EUR_HAB,AT31,2004,29000
A,EUR_HAB,AT31,2005,30600
A,EUR_HAB,AT31,2006,32200
A,EUR_HAB,AT31,2007,34100
A,EUR_HAB,AT31,2008,35700
A,EUR_HAB,AT31,2009,34400
A,EUR_HAB,AT31,2010,35300
A,EUR_HAB,AT31,2011,37500
A,EUR_HAB,AT31,2012,38200
A,EUR_HAB,AT31,2013,39000
A,EUR_HAB,AT31,2014,39900
A,EUR_HAB,AT31,2015,41000
A,EUR_HAB,AT31,2016,41800
A,EUR_HAB,AT31,2017,43200
A,EUR_HAB,AT31,2018,45000
A,EUR_HAB,AT31,2019,46300
A,EUR_HAB,AT31,2020,44600
A,EUR_HAB,AT31,2021,47400
A,EUR_HAB,AT31,2022,51000
A,EUR_HAB,AT31,2023,53200
A,EUR_HAB,AT31,2024,53800
A,EUR_HAB,AT32,2000,29100
A,EUR_HAB,AT32,2001,29900
A,EUR_HAB,AT32,2002,30700
A,EUR_HAB,AT32,2003,31600
A,EUR_HAB,AT32,2004,33100
A,EUR_HAB,AT32,2005,34600
A,EUR_HAB,AT32,2006,36500
A,EUR_HAB,AT32,2007,39100
A,EUR_HAB,AT32,2008,39800
A,EUR_HAB,AT32,2009,38900
A,EUR_HAB,AT32,2010,40900
A,EUR_HAB,AT32,2011,42600
A,EUR_HAB,AT32,2012,44200
A,EUR_HAB,AT32,2013,43800
A,EUR_HAB,AT32,2014,44400
A,EUR_HAB,AT32,2015,46000
A,EUR_HAB,AT32,2016,47700
A,EUR_HAB,AT32,2017,48800
A,EUR_HAB,AT32,2018,50500
A,EUR_HAB,AT32,2019,52200
A,EUR_HAB,AT32,2020,50200
A,EUR_HAB,AT32,2021,52400
A,EUR_HAB,AT32,2022,60700
A,EUR_HAB,AT32,2023,63400
A,EUR_HAB,AT32,2024,65800
A,EUR_HAB,AT33,2000,26600
A,EUR_HAB,AT33,2001,27600
A,EUR_HAB,AT33,2002,28400
A,EUR_HAB,AT33,2003,29100
A,EUR_HAB,AT33,2004,29600
A,EUR_HAB,AT33,2005,31600
A,EUR_HAB,AT33,2006,33200
A,EUR_HAB,AT33,2007,34700
A,EUR_HAB,AT33,2008,35100
A,EUR_HAB,AT33,2009,35000
A,EUR_HAB,AT33,2010,35700
A,EUR_HAB,AT33,2011,37200
A,EUR_HAB,AT33,2012,38500
A,EUR_HAB,AT33,2013,39300
A,EUR_HAB,AT33,2014,39800
A,EUR_HAB,AT33,2015,41400
A,EUR_HAB,AT33,2016,42400
A,EUR_HAB,AT33,2017,43600
A,EUR_HAB,AT33,2018,45300
A,EUR_HAB,AT33,2019,46800
A,EUR_HAB,AT33,2020,44000
A,EUR_HAB,AT33,2021,44500
A,EUR_HAB,AT33,2022,51600
A,EUR_HAB,AT33,2023,55200
A,EUR_HAB,AT33,2024,57700
A,EUR_HAB,AT34,2000,27500
A,EUR_HAB,AT34,2001,28100
A,EUR_HAB,AT34,2002,28800
A,EUR_HAB,AT34,2003,29100
A,EUR_HAB,AT34,2004,30300
A,EUR_HAB,AT34,2005,31600
A,EUR_HAB,AT34,2006,33300
A,EUR_HAB,AT34,2007,35200
A,EUR_HAB,AT34,2008,36000
A,EUR_HAB,AT34,2009,35500
A,EUR_HAB,AT34,2010,36200
A,EUR_HAB,AT34,2011,38200
A,EUR_HAB,AT34,2012,38700
A,EUR_HAB,AT34,2013,40200
A,EUR_HAB,AT34,2014,41500
A,EUR_HAB,AT34,2015,44300
A,EUR_HAB,AT34,2016,43900
A,EUR_HAB,AT34,2017,45500
A,EUR_HAB,AT34,2018,48700
A,EUR_HAB,AT34,2019,47300
A,EUR_HAB,AT34,2020,45600
A,EUR_HAB,AT34,2021,51400
A,EUR_HAB,AT34,2022,59200
A,EUR_HAB,AT34,2023,54700
A,EUR_HAB,AT34,2024,56500
A,EUR_HAB,BE,2000,25000
A,EUR_HAB,BE,2001,25700
A,EUR_HAB,BE,2002,26400
A,EUR_HAB,BE,2003,27100
A,EUR_HAB,BE,2004,28500
A,EUR_HAB,BE,2005,29600
A,EUR_HAB,BE,2006,30800
A,EUR_HAB,BE,2007,32300
A,EUR_HAB,BE,2008,32800
A,EUR_HAB,BE,2009,32200
A,EUR_HAB,BE,2010,33300
A,EUR_HAB,BE,2011,34300
A,EUR_HAB,BE,2012,34900
A,EUR_HAB,BE,2013,35400
A,EUR_HAB,BE,2014,36100
A,EUR_HAB,BE,2015,36900
A,EUR_HAB,BE,2016,37800
A,EUR_HAB,BE,2017,39000
A,EUR_HAB,BE,2018,40200
A,EUR_HAB,BE,2019,41700
A,EUR_HAB,BE,2020,40200
A,EUR_HAB,BE,2021,43700
A,EUR_HAB,BE,2022,48100
A,EUR_HAB,BE,2023,51100
A,EUR_HAB,BE,2024,52300
A,EUR_HAB,BE1,2003,54900
A,EUR_HAB,BE1,2004,57400
A,EUR_HAB,BE1,2005,58700
A,EUR_HAB,BE1,2006,60600
A,EUR_HAB,BE1,2007,62200
A,EUR_HAB,BE1,2008,61800
A,EUR_HAB,BE1,2009,60700
A,EUR_HAB,BE1,2010,61900
A,EUR_HAB,BE1,2011,61900
A,EUR_HAB,BE1,2012,63000
A,EUR_HAB,BE1,2013,62700
A,EUR_HAB,BE1,2014,64200
A,EUR_HAB,BE1,2015,65400
A,EUR_HAB,BE1,2016,66000
A,EUR_HAB,BE1,2017,68000
A,EUR_HAB,BE1,2018,68900
A,EUR_HAB,BE1,2019,71700
A,EUR_HAB,BE1,2020,68000
A,EUR_HAB,BE1,2021,72900
A,EUR_HAB,BE1,2022,77900
A,EUR_HAB,BE1,2023,82300
A,EUR_HAB,BE1,2024,85300
A,EUR_HAB,BE10,2003,54900
A,EUR_HAB,BE10,2004,57400
A,EUR_HAB,BE10,2005,58700
A,EUR_HAB,BE10,2006,60600
A,EUR_HAB,BE10,2007,62200
A,EUR_HAB,BE10,2008,61800
A,EUR_HAB,BE10,2009,60700
A,EUR_HAB,BE10,2010,61900
A,EUR_HAB,BE10,2011,61900
A,EUR_HAB,BE10,2012,63000
A,EUR_HAB,BE10,2013,62700
A,EUR_HAB,BE10,2014,64200
A,EUR_HAB,BE10,2015,65400
A,EUR_HAB,BE10,2016,66000
A,EUR_HAB,BE10,2017,68000
A,EUR_HAB,BE10,2018,68900
A,EUR_HAB,BE10,2019,71700
A,EUR_HAB,BE10,2020,68000
A,EUR_HAB,BE10,2021,72900
A,EUR_HAB,BE10,2022,77900
A,EUR_HAB,BE10,2023,82300
A,EUR_HAB,BE10,2024,85300
A,EUR_HAB,BE2,2003,26800
A,EUR_HAB,BE2,2004,28100
A,EUR_HAB,BE2,2005,29300
A,EUR_HAB,BE2,2006,30700
A,EUR_HAB,BE2,2007,32400
A,EUR_HAB,BE2,2008,32900
A,EUR_HAB,BE2,2009,32100
A,EUR_HAB,BE2,2010,33200
A,EUR_HAB,BE2,2011,34500
A,EUR_HAB,BE2,2012,35100
A,EUR_HAB,BE2,2013,35700
A,EUR_HAB,BE2,2014,36400
A,EUR_HAB,BE2,2015,37300
A,EUR_HAB,BE2,2016,38400
A,EUR_HAB,BE2,2017,39600
A,EUR_HAB,BE2,2018,40800
A,EUR_HAB,BE2,2019,42200
A,EUR_HAB,BE2,2020,40800
A,EUR_HAB,BE2,2021,44800
A,EUR_HAB,BE2,2022,49400
A,EUR_HAB,BE2,2023,52600
A,EUR_HAB,BE2,2024,53600
A,EUR_HAB,BE21,2003,31400
A,EUR_HAB,BE21,2004,33300
A,EUR_HAB,BE21,2005,35300
A,EUR_HAB,BE21,2006,36300
A,EUR_HAB,BE21,2007,38300
A,EUR_HAB,BE21,2008,38900
A,EUR_HAB,BE21,2009,37300
A,EUR_HAB,BE21,2010,38600
A,EUR_HAB,BE21,2011,40000
A,EUR_HAB,BE21,2012,40700
A,EUR_HAB,BE21,2013,41300
A,EUR_HAB,BE21,2014,42100
A,EUR_HAB,BE21,2015,43300
A,EUR_HAB,BE21,2016,44500
A,EUR_HAB,BE21,2017,45700
A,EUR_HAB,BE21,2018,47300
A,EUR_HAB,BE21,2019,48900
A,EUR_HAB,BE21,2020,47600
A,EUR_HAB,BE21,2021,51300
A,EUR_HAB,BE21,2022,57700
A,EUR_HAB,BE21,2023,60400
A,EUR_HAB,BE21,2024,60700
A,EUR_HAB,BE22,2003,22700
A,EUR_HAB,BE22,2004,23200
A,EUR_HAB,BE22,2005,23700
A,EUR_HAB,BE22,2006,25100
A,EUR_HAB,BE22,2007,26500
A,EUR_HAB,BE22,2008,27300
A,EUR_HAB,BE22,2009,25400
A,EUR_HAB,BE22,2010,26400
A,EUR_HAB,BE22,2011,27600
A,EUR_HAB,BE22,2012,27800
A,EUR_HAB,BE22,2013,28400
A,EUR_HAB,BE22,2014,29100
A,EUR_HAB,BE22,2015,29300
A,EUR_HAB,BE22,2016,30200
A,EUR_HAB,BE22,2017,31400
A,EUR_HAB,BE22,2018,32500
A,EUR_HAB,BE22,2019,33500
A,EUR_HAB,BE22,2020,32300
A,EUR_HAB,BE22,2021,35400
A,EUR_HAB,BE22,2022,39300
A,EUR_HAB,BE22,2023,41300
A,EUR_HAB,BE22,2024,42200
A,EUR_HAB,BE23,2003,24100
A,EUR_HAB,BE23,2004,25200
A,EUR_HAB,BE23,2005,26000
A,EUR_HAB,BE23,2006,27300
A,EUR_HAB,BE23,2007,29000
A,EUR_HAB,BE23,2008,29300
A,EUR_HAB,BE23,2009,29200
A,EUR_HAB,BE23,2010,30100
A,EUR_HAB,BE23,2011,31300
A,EUR_HAB,BE23,2012,31600
A,EUR_HAB,BE23,2013,32300
A,EUR_HAB,BE23,2014,32800
A,EUR_HAB,BE23,2015,33900
A,EUR_HAB,BE23,2016,34800
A,EUR_HAB,BE23,2017,36200
A,EUR_HAB,BE23,2018,37000
A,EUR_HAB,BE23,2019,38200
A,EUR_HAB,BE23,2020,37100
A,EUR_HAB,BE23,2021,41200
A,EUR_HAB,BE23,2022,45700
A,EUR_HAB,BE23,2023,48200
A,EUR_HAB,BE23,2024,49500
A,EUR_HAB,BE24,2003,27700
A,EUR_HAB,BE24,2004,29300
A,EUR_HAB,BE24,2005,30500
A,EUR_HAB,BE24,2006,32300
A,EUR_HAB,BE24,2007,33800
A,EUR_HAB,BE24,2008,34400
A,EUR_HAB,BE24,2009,34900
A,EUR_HAB,BE24,2010,35500
A,EUR_HAB,BE24,2011,36800
A,EUR_HAB,BE24,2012,38000
A,EUR_HAB,BE24,2013,38400
A,EUR_HAB,BE24,2014,38900
A,EUR_HAB,BE24,2015,39900
A,EUR_HAB,BE24,2016,41400
A,EUR_HAB,BE24,2017,42300
A,EUR_HAB,BE24,2018,43500
A,EUR_HAB,BE24,2019,45100
A,EUR_HAB,BE24,2020,42700
A,EUR_HAB,BE24,2021,48200
A,EUR_HAB,BE24,2022,50600
A,EUR_HAB,BE24,2023,55700
A,EUR_HAB,BE24,2024,57100
A,EUR_HAB,BE25,2003,25300
A,EUR_HAB,BE25,2004,26500
A,EUR_HAB,BE25,2005,27500
A,EUR_HAB,BE25,2006,29300
A,EUR_HAB,BE25,2007,31000
A,EUR_HAB,BE25,2008,31100
A,EUR_HAB,BE25,2009,30300
A,EUR_HAB,BE25,2010,31600
A,EUR_HAB,BE25,2011,32800
A,EUR_HAB,BE25,2012,33400
A,EUR_HAB,BE25,2013,34100
A,EUR_HAB,BE25,2014,35100
A,EUR_HAB,BE25,2015,35600
A,EUR_HAB,BE25,2016,36900
A,EUR_HAB,BE25,2017,38000
A,EUR_HAB,BE25,2018,38900
A,EUR_HAB,BE25,2019,40400
A,EUR_HAB,BE25,2020,39300
A,EUR_HAB,BE25,2021,43000
A,EUR_HAB,BE25,2022,47500
A,EUR_HAB,BE25,2023,51300
A,EUR_HAB,BE25,2024,52400
A,EUR_HAB,BE3,2003,19400
A,EUR_HAB,BE3,2004,20500
A,EUR_HAB,BE3,2005,21300
A,EUR_HAB,BE3,2006,22000
A,EUR_HAB,BE3,2007,23100
A,EUR_HAB,BE3,2008,23800
A,EUR_HAB,BE3,2009,23500
A,EUR_HAB,BE3,2010,24600
A,EUR_HAB,BE3,2011,25100
A,EUR_HAB,BE3,2012,25500
A,EUR_HAB,BE3,2013,25800
A,EUR_HAB,BE3,2014,26400
A,EUR_HAB,BE3,2015,26600
A,EUR_HAB,BE3,2016,27300
A,EUR_HAB,BE3,2017,28200
A,EUR_HAB,BE3,2018,29600
A,EUR_HAB,BE3,2019,30900
A,EUR_HAB,BE3,2020,29800
A,EUR_HAB,BE3,2021,31800
A,EUR_HAB,BE3,2022,35500
A,EUR_HAB,BE3,2023,37800
A,EUR_HAB,BE3,2024,38800
A,EUR_HAB,BE31,2003,27000
A,EUR_HAB,BE31,2004,28900
A,EUR_HAB,BE31,2005,30900
A,EUR_HAB,BE31,2006,30800
A,EUR_HAB,BE31,2007,33400
A,EUR_HAB,BE31,2008,34500
A,EUR_HAB,BE31,2009,34900
A,EUR_HAB,BE31,2010,39100
A,EUR_HAB,BE31,2011,37100
A,EUR_HAB,BE31,2012,38600
A,EUR_HAB,BE31,2013,39900
A,EUR_HAB,BE31,2014,41300
A,EUR_HAB,BE31,2015,41100
A,EUR_HAB,BE31,2016,43600
A,EUR_HAB,BE31,2017,45400
A,EUR_HAB,BE31,2018,50600
A,EUR_HAB,BE31,2019,56100
A,EUR_HAB,BE31,2020,54700
A,EUR_HAB,BE31,2021,52800
A,EUR_HAB,BE31,2022,62100
A,EUR_HAB,BE31,2023,68200
A,EUR_HAB,BE31,2024,69500
A,EUR_HAB,BE32,2003,17400
A,EUR_HAB,BE32,2004,18500
A,EUR_HAB,BE32,2005,19200
A,EUR_HAB,BE32,2006,19800
A,EUR_HAB,BE32,2007,20700
A,EUR_HAB,BE32,2008,21500
A,EUR_HAB,BE32,2009,20500
A,EUR_HAB,BE32,2010,21400
A,EUR_HAB,BE32,2011,22200
A,EUR_HAB,BE32,2012,22300
A,EUR_HAB,BE32,2013,22300
A,EUR_HAB,BE32,2014,22900
A,EUR_HAB,BE32,2015,23300
A,EUR_HAB,BE32,2016,23700
A,EUR_HAB,BE32,2017,24300
A,EUR_HAB,BE32,2018,25300
A,EUR_HAB,BE32,2019,25900
A,EUR_HAB,BE32,2020,24800
A,EUR_HAB,BE32,2021,27100
A,EUR_HAB,BE32,2022,29700
A,EUR_HAB,BE32,2023,31300
A,EUR_HAB,BE32,2024,32300
A,EUR_HAB,BE33,2003,19700
A,EUR_HAB,BE33,2004,20600
A,EUR_HAB,BE33,2005,21400
A,EUR_HAB,BE33,2006,22300
A,EUR_HAB,BE33,2007,23300
A,EUR_HAB,BE33,2008,24000
A,EUR_HAB,BE33,2009,24300
A,EUR_HAB,BE33,2010,24700
A,EUR_HAB,BE33,2011,25800
A,EUR_HAB,BE33,2012,26100
A,EUR_HAB,BE33,2013,26500
A,EUR_HAB,BE33,2014,26900
A,EUR_HAB,BE33,2015,27000
A,EUR_HAB,BE33,2016,27600
A,EUR_HAB,BE33,2017,28600
A,EUR_HAB,BE33,2018,29600
A,EUR_HAB,BE33,2019,30500
A,EUR_HAB,BE33,2020,29200
A,EUR_HAB,BE33,2021,31900
A,EUR_HAB,BE33,2022,35400
A,EUR_HAB,BE33,2023,37500
A,EUR_HAB,BE33,2024,38400
A,EUR_HAB,BE34,2003,18500
A,EUR_HAB,BE34,2004,19000
A,EUR_HAB,BE34,2005,19800
A,EUR_HAB,BE34,2006,21000
A,EUR_HAB,BE34,2007,21500
A,EUR_HAB,BE34,2008,21600
A,EUR_HAB,BE34,2009,20800
A,EUR_HAB,BE34,2010,21300
A,EUR_HAB,BE34,2011,21700
A,EUR_HAB,BE34,2012,22000
A,EUR_HAB,BE34,2013,22200
A,EUR_HAB,BE34,2014,22500
A,EUR_HAB,BE34,2015,22800
A,EUR_HAB,BE34,2016,23300
A,EUR_HAB,BE34,2017,24000
A,EUR_HAB,BE34,2018,24800
A,EUR_HAB,BE34,2019,25600
A,EUR_HAB,BE34,2020,24700
A,EUR_HAB,BE34,2021,27400
A,EUR_HAB,BE34,2022,30400
A,EUR_HAB,BE34,2023,31700
A,EUR_HAB,BE34,2024,32500
A,EUR_HAB,BE35,2003,18600
A,EUR_HAB,BE35,2004,19500
A,EUR_HAB,BE35,2005,20200
A,EUR_HAB,BE35,2006,21200
A,EUR_HAB,BE35,2007,21900
A,EUR_HAB,BE35,2008,22800
A,EUR_HAB,BE35,2009,22200
A,EUR_HAB,BE35,2010,23300
A,EUR_HAB,BE35,2011,23800
A,EUR_HAB,BE35,2012,24300
A,EUR_HAB,BE35,2013,24600
A,EUR_HAB,BE35,2014,24800
A,EUR_HAB,BE35,2015,25000
A,EUR_HAB,BE35,2016,25700
A,EUR_HAB,BE35,2017,26200
A,EUR_HAB,BE35,2018,27100
A,EUR_HAB,BE35,2019,27600
A,EUR_HAB,BE35,2020,26900
A,EUR_HAB,BE35,2021,29500
A,EUR_HAB,BE35,2022,32500
A,EUR_HAB,BE35,2023,34800
A,EUR_HAB,BE35,2024,35800
A,EUR_HAB,BG,2000,1800
A,EUR_HAB,BG,2001,2000
A,EUR_HAB,BG,2002,2200
A,EUR_HAB,BG,2003,2400
A,EUR_HAB,BG,2004,2700
A,EUR_HAB,BG,2005,3100
A,EUR_HAB,BG,2006,3600
A,EUR_HAB,BG,2007,4200
A,EUR_HAB,BG,2008,4900
A,EUR_HAB,BG,2009,4900
A,EUR_HAB,BG,2010,5100
A,EUR_HAB,BG,2011,5600
A,EUR_HAB,BG,2012,5800
A,EUR_HAB,BG,2013,5900
A,EUR_HAB,BG,2014,6100
A,EUR_HAB,BG,2015,6600
A,EUR_HAB,BG,2016,7100
A,EUR_HAB,BG,2017,7700
A,EUR_HAB,BG,2018,8300
A,EUR_HAB,BG,2019,9200
A,EUR_HAB,BG,2020,9400
A,EUR_HAB,BG,2021,11000
A,EUR_HAB,BG,2022,13300
A,EUR_HAB,BG,2023,14700
A,EUR_HAB,BG,2024,16300
A,EUR_HAB,BG3,2000,1600
A,EUR_HAB,BG3,2001,1800
A,EUR_HAB,BG3,2002,1900
A,EUR_HAB,BG3,2003,2100
A,EUR_HAB,BG3,2004,2300
A,EUR_HAB,BG3,2005,2600
A,EUR_HAB,BG3,2006,2800
A,EUR_HAB,BG3,2007,3200
A,EUR_HAB,BG3,2008,3700
A,EUR_HAB,BG3,2009,3700
A,EUR_HAB,BG3,2010,3700
A,EUR_HAB,BG3,2011,4200
A,EUR_HAB,BG3,2012,4400
A,EUR_HAB,BG3,2013,4500
A,EUR_HAB,BG3,2014,4700
A,EUR_HAB,BG3,2015,5000
A,EUR_HAB,BG3,2016,5400
A,EUR_HAB,BG3,2017,5900
A,EUR_HAB,BG3,2018,6300
A,EUR_HAB,BG3,2019,6700
A,EUR_HAB,BG3,2020,6700
A,EUR_HAB,BG3,2021,8100
A,EUR_HAB,BG3,2022,10300
A,EUR_HAB,BG3,2023,11100
A,EUR_HAB,BG3,2024,12100
A,EUR_HAB,BG31,2000,1600
A,EUR_HAB,BG31,2001,1800
A,EUR_HAB,BG31,2002,1900
A,EUR_HAB,BG31,2003,1900
A,EUR_HAB,BG31,2004,2100
A,EUR_HAB,BG31,2005,2300
A,EUR_HAB,BG31,2006,2500
A,EUR_HAB,BG31,2007,2800
A,EUR_HAB,BG31,2008,3200
A,EUR_HAB,BG31,2009,3100
A,EUR_HAB,BG31,2010,3100
A,EUR_HAB,BG31,2011,3600
A,EUR_HAB,BG31,2012,3600
A,EUR_HAB,BG31,2013,3700
A,EUR_HAB,BG31,2014,3900
A,EUR_HAB,BG31,2015,4000
A,EUR_HAB,BG31,2016,4200
A,EUR_HAB,BG31,2017,4800
A,EUR_HAB,BG31,2018,5400
A,EUR_HAB,BG31,2019,5500
A,EUR_HAB,BG31,2020,6000
A,EUR_HAB,BG31,2021,7200
A,EUR_HAB,BG31,2022,8800
A,EUR_HAB,BG31,2023,9800
A,EUR_HAB,BG31,2024,10300
A,EUR_HAB,BG32,2000,1400
A,EUR_HAB,BG32,2001,1700
A,EUR_HAB,BG32,2002,1900
A,EUR_HAB,BG32,2003,1900
A,EUR_HAB,BG32,2004,2100
A,EUR_HAB,BG32,2005,2400
A,EUR_HAB,BG32,2006,2600
A,EUR_HAB,BG32,2007,3000
A,EUR_HAB,BG32,2008,3400
A,EUR_HAB,BG32,2009,3300
A,EUR_HAB,BG32,2010,3300
A,EUR_HAB,BG32,2011,3800
A,EUR_HAB,BG32,2012,4000
A,EUR_HAB,BG32,2013,4200
A,EUR_HAB,BG32,2014,4400
A,EUR_HAB,BG32,2015,4600
A,EUR_HAB,BG32,2016,4900
A,EUR_HAB,BG32,2017,5400
A,EUR_HAB,BG32,2018,5800
A,EUR_HAB,BG32,2019,6300
A,EUR_HAB,BG32,2020,6500
A,EUR_HAB,BG32,2021,7700
A,EUR_HAB,BG32,2022,8900
A,EUR_HAB,BG32,2023,10100
A,EUR_HAB,BG32,2024,10700
A,EUR_HAB,BG33,2000,1700
A,EUR_HAB,BG33,2001,1800
A,EUR_HAB,BG33,2002,2000
A,EUR_HAB,BG33,2003,2100
A,EUR_HAB,BG33,2004,2400
A,EUR_HAB,BG33,2005,2700
A,EUR_HAB,BG33,2006,3100
A,EUR_HAB,BG33,2007,3600
A,EUR_HAB,BG33,2008,4200
A,EUR_HAB,BG33,2009,4100
A,EUR_HAB,BG33,2010,4100
A,EUR_HAB,BG33,2011,4600
A,EUR_HAB,BG33,2012,4800
A,EUR_HAB,BG33,2013,4900
A,EUR_HAB,BG33,2014,5200
A,EUR_HAB,BG33,2015,5500
A,EUR_HAB,BG33,2016,5800
A,EUR_HAB,BG33,2017,6300
A,EUR_HAB,BG33,2018,6900
A,EUR_HAB,BG33,2019,7500
A,EUR_HAB,BG33,2020,7500
A,EUR_HAB,BG33,2021,8600
A,EUR_HAB,BG33,2022,10300
A,EUR_HAB,BG33,2023,11500
A,EUR_HAB,BG33,2024,12500
A,EUR_HAB,BG34,2000,1800
A,EUR_HAB,BG34,2001,1900
A,EUR_HAB,BG34,2002,2000
A,EUR_HAB,BG34,2003,2200
A,EUR_HAB,BG34,2004,2500
A,EUR_HAB,BG34,2005,2900
A,EUR_HAB,BG34,2006,3100
A,EUR_HAB,BG34,2007,3500
A,EUR_HAB,BG34,2008,4000
A,EUR_HAB,BG34,2009,4100
A,EUR_HAB,BG34,2010,4200
A,EUR_HAB,BG34,2011,4600
A,EUR_HAB,BG34,2012,4900
A,EUR_HAB,BG34,2013,5000
A,EUR_HAB,BG34,2014,5300
A,EUR_HAB,BG34,2015,5500
A,EUR_HAB,BG34,2016,6300
A,EUR_HAB,BG34,2017,6800
A,EUR_HAB,BG34,2018,6900
A,EUR_HAB,BG34,2019,7000
A,EUR_HAB,BG34,2020,6700
A,EUR_HAB,BG34,2021,8600
A,EUR_HAB,BG34,2022,12400
A,EUR_HAB,BG34,2023,12500
A,EUR_HAB,BG34,2024,13900
A,EUR_HAB,BG4,2000,1900
A,EUR_HAB,BG4,2001,2300
A,EUR_HAB,BG4,2002,2500
A,EUR_HAB,BG4,2003,2800
A,EUR_HAB,BG4,2004,3200
A,EUR_HAB,BG4,2005,3700
A,EUR_HAB,BG4,2006,4300
A,EUR_HAB,BG4,2007,5300
A,EUR_HAB,BG4,2008,6100
A,EUR_HAB,BG4,2009,6300
A,EUR_HAB,BG4,2010,6500
A,EUR_HAB,BG4,2011,7200
A,EUR_HAB,BG4,2012,7300
A,EUR_HAB,BG4,2013,7300
A,EUR_HAB,BG4,2014,7400
A,EUR_HAB,BG4,2015,8200
A,EUR_HAB,BG4,2016,8700
A,EUR_HAB,BG4,2017,9500
A,EUR_HAB,BG4,2018,10300
A,EUR_HAB,BG4,2019,11700
A,EUR_HAB,BG4,2020,12100
A,EUR_HAB,BG4,2021,13700
A,EUR_HAB,BG4,2022,16200
A,EUR_HAB,BG4,2023,18000
A,EUR_HAB,BG4,2024,20200
A,EUR_HAB,BG41,2000,2400
A,EUR_HAB,BG41,2001,2800
A,EUR_HAB,BG41,2002,3200
A,EUR_HAB,BG41,2003,3500
A,EUR_HAB,BG41,2004,4000
A,EUR_HAB,BG41,2005,4600
A,EUR_HAB,BG41,2006,5600
A,EUR_HAB,BG41,2007,7000
A,EUR_HAB,BG41,2008,8100
A,EUR_HAB,BG41,2009,8300
A,EUR_HAB,BG41,2010,8700
A,EUR_HAB,BG41,2011,9400
A,EUR_HAB,BG41,2012,9400
A,EUR_HAB,BG41,2013,9500
A,EUR_HAB,BG41,2014,9700
A,EUR_HAB,BG41,2015,10500
A,EUR_HAB,BG41,2016,11300
A,EUR_HAB,BG41,2017,12200
A,EUR_HAB,BG41,2018,13200
A,EUR_HAB,BG41,2019,15100
A,EUR_HAB,BG41,2020,15400
A,EUR_HAB,BG41,2021,17900
A,EUR_HAB,BG41,2022,20800
A,EUR_HAB,BG41,2023,23500
A,EUR_HAB,BG41,2024,26300
A,EUR_HAB,BG42,2000,1300
A,EUR_HAB,BG42,2001,1500
A,EUR_HAB,BG42,2002,1600
A,EUR_HAB,BG42,2003,1800
A,EUR_HAB,BG42,2004,2100
A,EUR_HAB,BG42,2005,2400
A,EUR_HAB,BG42,2006,2700
A,EUR_HAB,BG42,2007,3000
A,EUR_HAB,BG42,2008,3400
A,EUR_HAB,BG42,2009,3500
A,EUR_HAB,BG42,2010,3600
A,EUR_HAB,BG42,2011,3900
A,EUR_HAB,BG42,2012,4100
A,EUR_HAB,BG42,2013,4100
A,EUR_HAB,BG42,2014,4100
A,EUR_HAB,BG42,2015,4600
A,EUR_HAB,BG42,2016,4900
A,EUR_HAB,BG42,2017,5400
A,EUR_HAB,BG42,2018,5900
A,EUR_HAB,BG42,2019,6500
A,EUR_HAB,BG42,2020,6900
A,EUR_HAB,BG42,2021,7300
A,EUR_HAB,BG42,2022,9100
A,EUR_HAB,BG42,2023,9500
A,EUR_HAB,BG42,2024,10700
A,EUR_HAB,CY,2000,15600
A,EUR_HAB,CY,2001,16500
A,EUR_HAB,CY,2002,17000
A,EUR_HAB,CY,2003,17900
A,EUR_HAB,CY,2004,19100
A,EUR_HAB,CY,2005,20400
A,EUR_HAB,CY,2006,21700
A,EUR_HAB,CY,2007,22900
A,EUR_HAB,CY,2008,24200
A,EUR_HAB,CY,2009,23100
A,EUR_HAB,CY,2010,23500
A,EUR_HAB,CY,2011,23300
A,EUR_HAB,CY,2012,22600
A,EUR_HAB,CY,2013,20900
A,EUR_HAB,CY,2014,20300
A,EUR_HAB,CY,2015,20800
A,EUR_HAB,CY,2016,21900
A,EUR_HAB,CY,2017,23200
A,EUR_HAB,CY,2018,24700
A,EUR_HAB,CY,2019,26100
A,EUR_HAB,CY,2020,24600
A,EUR_HAB,CY,2021,27800
A,EUR_HAB,CY,2022,31600
A,EUR_HAB,CY,2023,33900
A,EUR_HAB,CY,2024,35700
A,EUR_HAB,CY0,2000,15600
A,EUR_HAB,CY0,2001,16500
A,EUR_HAB,CY0,2002,17000
A,EUR_HAB,CY0,2003,17900
A,EUR_HAB,CY0,2004,19100
A,EUR_HAB,CY0,2005,20400
A,EUR_HAB,CY0,2006,21700
A,EUR_HAB,CY0,2007,22900
A,EUR_HAB,CY0,2008,24200
A,EUR_HAB,CY0,2009,23100
A,EUR_HAB,CY0,2010,23500
A,EUR_HAB,CY0,2011,23300
A,EUR_HAB,CY0,2012,22600
A,EUR_HAB,CY0,2013,20900
A,EUR_HAB,CY0,2014,20300
A,EUR_HAB,CY0,2015,20800
A,EUR_HAB,CY0,2016,21900
A,EUR_HAB,CY0,2017,23200
A,EUR_HAB,CY0,2018,24700
A,EUR_HAB,CY0,2019,26100
A,EUR_HAB,CY0,2020,24600
A,EUR_HAB,CY0,2021,27800
A,EUR_HAB,CY0,2022,31600
A,EUR_HAB,CY0,2023,33900
A,EUR_HAB,CY0,2024,35700
A,EUR_HAB,CY00,2000,15600
A,EUR_HAB,CY00,2001,16500
A,EUR_HAB,CY00,2002,17000
A,EUR_HAB,CY00,2003,17900
A,EUR_HAB,CY00,2004,19100
A,EUR_HAB,CY00,2005,20400
A,EUR_HAB,CY00,2006,21700
A,EUR_HAB,CY00,2007,22900
A,EUR_HAB,CY00,2008,24200
A,EUR_HAB,CY00,2009,23100
A,EUR_HAB,CY00,2010,23500
A,EUR_HAB,CY00,2011,23300
A,EUR_HAB,CY00,2012,22600
A,EUR_HAB,CY00,2013,20900
A,EUR_HAB,CY00,2014,20300
A,EUR_HAB,CY00,2015,20800
A,EUR_HAB,CY00,2016,21900
A,EUR_HAB,CY00,2017,23200
A,EUR_HAB,CY00,2018,24700
A,EUR_HAB,CY00,2019,26100
A,EUR_HAB,CY00,2020,24600
A,EUR_HAB,CY00,2021,27800
A,EUR_HAB,CY00,2022,31600
A,EUR_HAB,CY00,2023,33900
A,EUR_HAB,CY00,2024,35700
A,EUR_HAB,CZ,2000,6600
A,EUR_HAB,CZ,2001,7400
A,EUR_HAB,CZ,2002,8600
A,EUR_HAB,CZ,2003,8700
A,EUR_HAB,CZ,2004,9500
A,EUR_HAB,CZ,2005,10800
A,EUR_HAB,CZ,2006,12100
A,EUR_HAB,CZ,2007,13500
A,EUR_HAB,CZ,2008,15500
A,EUR_HAB,CZ,2009,14200
A,EUR_HAB,CZ,2010,15200
A,EUR_HAB,CZ,2011,15900
A,EUR_HAB,CZ,2012,15600
A,EUR_HAB,CZ,2013,15300
A,EUR_HAB,CZ,2014,15100
A,EUR_HAB,CZ,2015,16200
A,EUR_HAB,CZ,2016,17000
A,EUR_HAB,CZ,2017,18700
A,EUR_HAB,CZ,2018,20300
A,EUR_HAB,CZ,2019,21700
A,EUR_HAB,CZ,2020,21000
A,EUR_HAB,CZ,2021,23400
A,EUR_HAB,CZ,2022,26700
A,EUR_HAB,CZ,2023,29300
A,EUR_HAB,CZ,2024,29400
A,EUR_HAB,CZ0,2000,6600
A,EUR_HAB,CZ0,2001,7400
A,EUR_HAB,CZ0,2002,8600
A,EUR_HAB,CZ0,2003,8700
A,EUR_HAB,CZ0,2004,9500
A,EUR_HAB,CZ0,2005,10800
A,EUR_HAB,CZ0,2006,12100
A,EUR_HAB,CZ0,2007,13500
A,EUR_HAB,CZ0,2008,15500
A,EUR_HAB,CZ0,2009,14200
A,EUR_HAB,CZ0,2010,15200
A,EUR_HAB,CZ0,2011,15900
A,EUR_HAB,CZ0,2012,15600
A,EUR_HAB,CZ0,2013,15300
A,EUR_HAB,CZ0,2014,15100
A,EUR_HAB,CZ0,2015,16200
A,EUR_HAB,CZ0,2016,17000
A,EUR_HAB,CZ0,2017,18700
A,EUR_HAB,CZ0,2018,20300
A,EUR_HAB,CZ0,2019,21700
A,EUR_HAB,CZ0,2020,21000
A,EUR_HAB,CZ0,2021,23400
A,EUR_HAB,CZ0,2022,26700
A,EUR_HAB,CZ0,2023,29300
A,EUR_HAB,CZ0,2024,29400
A,EUR_HAB,CZ01,2000,12800
A,EUR_HAB,CZ01,2001,15000
A,EUR_HAB,CZ01,2002,18100
A,EUR_HAB,CZ01,2003,18700
A,EUR_HAB,CZ01,2004,20500
A,EUR_HAB,CZ01,2005,23600
A,EUR_HAB,CZ01,2006,26600
A,EUR_HAB,CZ01,2007,30300
A,EUR_HAB,CZ01,2008,34800
A,EUR_HAB,CZ01,2009,31600
A,EUR_HAB,CZ01,2010,34100
A,EUR_HAB,CZ01,2011,34700
A,EUR_HAB,CZ01,2012,34000
A,EUR_HAB,CZ01,2013,33600
A,EUR_HAB,CZ01,2014,33200
A,EUR_HAB,CZ01,2015,35700
A,EUR_HAB,CZ01,2016,37500
A,EUR_HAB,CZ01,2017,40800
A,EUR_HAB,CZ01,2018,44900
A,EUR_HAB,CZ01,2019,48000
A,EUR_HAB,CZ01,2020,46300
A,EUR_HAB,CZ01,2021,52600
A,EUR_HAB,CZ01,2022,59400
A,EUR_HAB,CZ01,2023,63500
A,EUR_HAB,CZ01,2024,62400
A,EUR_HAB,CZ02,2000,6600
A,EUR_HAB,CZ02,2001,7400
A,EUR_HAB,CZ02,2002,8700
A,EUR_HAB,CZ02,2003,8500
A,EUR_HAB,CZ02,2004,9300
A,EUR_HAB,CZ02,2005,10100
A,EUR_HAB,CZ02,2006,11600
A,EUR_HAB,CZ02,2007,13300
A,EUR_HAB,CZ02,2008,14800
A,EUR_HAB,CZ02,2009,13100
A,EUR_HAB,CZ02,2010,13700
A,EUR_HAB,CZ02,2011,14700
A,EUR_HAB,CZ02,2012,14500
A,EUR_HAB,CZ02,2013,13900
A,EUR_HAB,CZ02,2014,13900
A,EUR_HAB,CZ02,2015,14900
A,EUR_HAB,CZ02,2016,15900
A,EUR_HAB,CZ02,2017,17500
A,EUR_HAB,CZ02,2018,18500
A,EUR_HAB,CZ02,2019,20500
A,EUR_HAB,CZ02,2020,19000
A,EUR_HAB,CZ02,2021,21100
A,EUR_HAB,CZ02,2022,23800
A,EUR_HAB,CZ02,2023,26400
A,EUR_HAB,CZ02,2024,27200
A,EUR_HAB,CZ03,2000,6200
A,EUR_HAB,CZ03,2001,6900
A,EUR_HAB,CZ03,2002,7900
A,EUR_HAB,CZ03,2003,8000
A,EUR_HAB,CZ03,2004,8800
A,EUR_HAB,CZ03,2005,9800
A,EUR_HAB,CZ03,2006,11100
A,EUR_HAB,CZ03,2007,11200
A,EUR_HAB,CZ03,2008,13100
A,EUR_HAB,CZ03,2009,12300
A,EUR_HAB,CZ03,2010,13100
A,EUR_HAB,CZ03,2011,13700
A,EUR_HAB,CZ03,2012,13400
A,EUR_HAB,CZ03,2013,13300
A,EUR_HAB,CZ03,2014,13100
A,EUR_HAB,CZ03,2015,13900
A,EUR_HAB,CZ03,2016,14500
A,EUR_HAB,CZ03,2017,16100
A,EUR_HAB,CZ03,2018,17300
A,EUR_HAB,CZ03,2019,18300
A,EUR_HAB,CZ03,2020,17800
A,EUR_HAB,CZ03,2021,19700
A,EUR_HAB,CZ03,2022,22200
A,EUR_HAB,CZ03,2023,24600
A,EUR_HAB,CZ03,2024,24500
A,EUR_HAB,CZ04,2000,5500
A,EUR_HAB,CZ04,2001,6000
A,EUR_HAB,CZ04,2002,6900
A,EUR_HAB,CZ04,2003,7100
A,EUR_HAB,CZ04,2004,7500
A,EUR_HAB,CZ04,2005,8500
A,EUR_HAB,CZ04,2006,9400
A,EUR_HAB,CZ04,2007,10100
A,EUR_HAB,CZ04,2008,11600
A,EUR_HAB,CZ04,2009,11100
A,EUR_HAB,CZ04,2010,11300
A,EUR_HAB,CZ04,2011,11700
A,EUR_HAB,CZ04,2012,11500
A,EUR_HAB,CZ04,2013,11100
A,EUR_HAB,CZ04,2014,10800
A,EUR_HAB,CZ04,2015,11700
A,EUR_HAB,CZ04,2016,11900
A,EUR_HAB,CZ04,2017,13000
A,EUR_HAB,CZ04,2018,13800
A,EUR_HAB,CZ04,2019,14900
A,EUR_HAB,CZ04,2020,14200
A,EUR_HAB,CZ04,2021,15700
A,EUR_HAB,CZ04,2022,18500
A,EUR_HAB,CZ04,2023,20000
A,EUR_HAB,CZ04,2024,19900
A,EUR_HAB,CZ05,2000,5900
A,EUR_HAB,CZ05,2001,6600
A,EUR_HAB,CZ05,2002,7500
A,EUR_HAB,CZ05,2003,7400
A,EUR_HAB,CZ05,2004,7900
A,EUR_HAB,CZ05,2005,9000
A,EUR_HAB,CZ05,2006,10000
A,EUR_HAB,CZ05,2007,11000
A,EUR_HAB,CZ05,2008,12400
A,EUR_HAB,CZ05,2009,11400
A,EUR_HAB,CZ05,2010,12200
A,EUR_HAB,CZ05,2011,12800
A,EUR_HAB,CZ05,2012,12400
A,EUR_HAB,CZ05,2013,12300
A,EUR_HAB,CZ05,2014,12200
A,EUR_HAB,CZ05,2015,13100
A,EUR_HAB,CZ05,2016,13900
A,EUR_HAB,CZ05,2017,15500
A,EUR_HAB,CZ05,2018,16700
A,EUR_HAB,CZ05,2019,17800
A,EUR_HAB,CZ05,2020,17500
A,EUR_HAB,CZ05,2021,18900
A,EUR_HAB,CZ05,2022,21200
A,EUR_HAB,CZ05,2023,23800
A,EUR_HAB,CZ05,2024,24300
A,EUR_HAB,CZ06,2000,5800
A,EUR_HAB,CZ06,2001,6700
A,EUR_HAB,CZ06,2002,7600
A,EUR_HAB,CZ06,2003,7800
A,EUR_HAB,CZ06,2004,8300
A,EUR_HAB,CZ06,2005,9400
A,EUR_HAB,CZ06,2006,10600
A,EUR_HAB,CZ06,2007,12000
A,EUR_HAB,CZ06,2008,14000
A,EUR_HAB,CZ06,2009,12800
A,EUR_HAB,CZ06,2010,13600
A,EUR_HAB,CZ06,2011,14400
A,EUR_HAB,CZ06,2012,14300
A,EUR_HAB,CZ06,2013,14200
A,EUR_HAB,CZ06,2014,13800
A,EUR_HAB,CZ06,2015,14800
A,EUR_HAB,CZ06,2016,15300
A,EUR_HAB,CZ06,2017,16800
A,EUR_HAB,CZ06,2018,18300
A,EUR_HAB,CZ06,2019,19700
A,EUR_HAB,CZ06,2020,19600
A,EUR_HAB,CZ06,2021,22100
A,EUR_HAB,CZ06,2022,24800
A,EUR_HAB,CZ06,2023,27500
A,EUR_HAB,CZ06,2024,27300
A,EUR_HAB,CZ07,2000,5300
A,EUR_HAB,CZ07,2001,5900
A,EUR_HAB,CZ07,2002,6700
A,EUR_HAB,CZ07,2003,6800
A,EUR_HAB,CZ07,2004,7300
A,EUR_HAB,CZ07,2005,8200
A,EUR_HAB,CZ07,2006,9200
A,EUR_HAB,CZ07,2007,10000
A,EUR_HAB,CZ07,2008,12000
A,EUR_HAB,CZ07,2009,11000
A,EUR_HAB,CZ07,2010,11700
A,EUR_HAB,CZ07,2011,12500
A,EUR_HAB,CZ07,2012,12300
A,EUR_HAB,CZ07,2013,12000
A,EUR_HAB,CZ07,2014,12100
A,EUR_HAB,CZ07,2015,13000
A,EUR_HAB,CZ07,2016,13600
A,EUR_HAB,CZ07,2017,15100
A,EUR_HAB,CZ07,2018,16200
A,EUR_HAB,CZ07,2019,17400
A,EUR_HAB,CZ07,2020,17000
A,EUR_HAB,CZ07,2021,18800
A,EUR_HAB,CZ07,2022,21300
A,EUR_HAB,CZ07,2023,23700
A,EUR_HAB,CZ07,2024,24100
A,EUR_HAB,CZ08,2000,5100
A,EUR_HAB,CZ08,2001,5800
A,EUR_HAB,CZ08,2002,6500
A,EUR_HAB,CZ08,2003,6600
A,EUR_HAB,CZ08,2004,7400
A,EUR_HAB,CZ08,2005,8900
A,EUR_HAB,CZ08,2006,9800
A,EUR_HAB,CZ08,2007,10900
A,EUR_HAB,CZ08,2008,12700
A,EUR_HAB,CZ08,2009,11300
A,EUR_HAB,CZ08,2010,12200
A,EUR_HAB,CZ08,2011,13200
A,EUR_HAB,CZ08,2012,13100
A,EUR_HAB,CZ08,2013,12300
A,EUR_HAB,CZ08,2014,12400
A,EUR_HAB,CZ08,2015,13200
A,EUR_HAB,CZ08,2016,13900
A,EUR_HAB,CZ08,2017,15000
A,EUR_HAB,CZ08,2018,16400
A,EUR_HAB,CZ08,2019,16900
A,EUR_HAB,CZ08,2020,16000
A,EUR_HAB,CZ08,2021,18100
A,EUR_HAB,CZ08,2022,20900
A,EUR_HAB,CZ08,2023,22600
A,EUR_HAB,CZ08,2024,23100
A,EUR_HAB,DE,2000,26100
A,EUR_HAB,DE,2001,26900
A,EUR_HAB,DE,2002,27300
A,EUR_HAB,DE,2003,27500
A,EUR_HAB,DE,2004,28200
A,EUR_HAB,DE,2005,28600
A,EUR_HAB,DE,2006,29900
A,EUR_HAB,DE,2007,31400
A,EUR_HAB,DE,2008,32100
A,EUR_HAB,DE,2009,31000
A,EUR_HAB,DE,2010,32600
A,EUR_HAB,DE,2011,34200
A,EUR_HAB,DE,2012,34800
A,EUR_HAB,DE,2013,35600
A,EUR_HAB,DE,2014,37000
A,EUR_HAB,DE,2015,37900
A,EUR_HAB,DE,2016,39000
A,EUR_HAB,DE,2017,40600
A,EUR_HAB,DE,2018,41800
A,EUR_HAB,DE,2019,43000
A,EUR_HAB,DE,2020,42000
A,EUR_HAB,DE,2021,44900
A,EUR_HAB,DE,2022,48300
A,EUR_HAB,DE,2023,50700
A,EUR_HAB,DE,2024,51800
A,EUR_HAB,DE1,2000,30100
A,EUR_HAB,DE1,2001,31400
A,EUR_HAB,DE1,2002,31500
A,EUR_HAB,DE1,2003,31700
A,EUR_HAB,DE1,2004,32100
A,EUR_HAB,DE1,2005,32400
A,EUR_HAB,DE1,2006,34500
A,EUR_HAB,DE1,2007,36400
A,EUR_HAB,DE1,2008,36900
A,EUR_HAB,DE1,2009,34300
A,EUR_HAB,DE1,2010,37200
A,EUR_HAB,DE1,2011,39300
A,EUR_HAB,DE1,2012,40000
A,EUR_HAB,DE1,2013,40800
A,EUR_HAB,DE1,2014,42100
A,EUR_HAB,DE1,2015,43600
A,EUR_HAB,DE1,2016,44500
A,EUR_HAB,DE1,2017,46400
A,EUR_HAB,DE1,2018,48000
A,EUR_HAB,DE1,2019,48800
A,EUR_HAB,DE1,2020,47000
A,EUR_HAB,DE1,2021,50600
A,EUR_HAB,DE1,2022,54200
A,EUR_HAB,DE1,2023,57200
A,EUR_HAB,DE1,2024,58300
A,EUR_HAB,DE11,2000,33800
A,EUR_HAB,DE11,2001,35700
A,EUR_HAB,DE11,2002,35500
A,EUR_HAB,DE11,2003,36000
A,EUR_HAB,DE11,2004,36100
A,EUR_HAB,DE11,2005,36000
A,EUR_HAB,DE11,2006,38700
A,EUR_HAB,DE11,2007,41200
A,EUR_HAB,DE11,2008,41000
A,EUR_HAB,DE11,2009,37500
A,EUR_HAB,DE11,2010,41500
A,EUR_HAB,DE11,2011,44000
A,EUR_HAB,DE11,2012,45100
A,EUR_HAB,DE11,2013,46100
A,EUR_HAB,DE11,2014,47500
A,EUR_HAB,DE11,2015,49700
A,EUR_HAB,DE11,2016,50500
A,EUR_HAB,DE11,2017,53100
A,EUR_HAB,DE11,2018,55100
A,EUR_HAB,DE11,2019,55100
A,EUR_HAB,DE11,2020,53200
A,EUR_HAB,DE11,2021,58500
A,EUR_HAB,DE11,2022,63300
A,EUR_HAB,DE11,2023,67300
A,EUR_HAB,DE11,2024,68500
A,EUR_HAB,DE12,2000,30200
A,EUR_HAB,DE12,2001,31300
A,EUR_HAB,DE12,2002,31700
A,EUR_HAB,DE12,2003,31800
A,EUR_HAB,DE12,2004,32300
A,EUR_HAB,DE12,2005,33000
A,EUR_HAB,DE12,2006,34800
A,EUR_HAB,DE12,2007,36300
A,EUR_HAB,DE12,2008,37200
A,EUR_HAB,DE12,2009,35200
A,EUR_HAB,DE12,2010,37400
A,EUR_HAB,DE12,2011,39000
A,EUR_HAB,DE12,2012,39300
A,EUR_HAB,DE12,2013,39800
A,EUR_HAB,DE12,2014,41000
A,EUR_HAB,DE12,2015,42300
A,EUR_HAB,DE12,2016,43000
A,EUR_HAB,DE12,2017,44700
A,EUR_HAB,DE12,2018,46200
A,EUR_HAB,DE12,2019,47400
A,EUR_HAB,DE12,2020,45400
A,EUR_HAB,DE12,2021,48200
A,EUR_HAB,DE12,2022,51900
A,EUR_HAB,DE12,2023,54100
A,EUR_HAB,DE12,2024,55400
A,EUR_HAB,DE13,2000,25800
A,EUR_HAB,DE13,2001,26400
A,EUR_HAB,DE13,2002,26500
A,EUR_HAB,DE13,2003,26600
A,EUR_HAB,DE13,2004,27000
A,EUR_HAB,DE13,2005,27400
A,EUR_HAB,DE13,2006,29000
A,EUR_HAB,DE13,2007,30300
A,EUR_HAB,DE13,2008,31100
A,EUR_HAB,DE13,2009,29400
A,EUR_HAB,DE13,2010,31300
A,EUR_HAB,DE13,2011,33300
A,EUR_HAB,DE13,2012,33600
A,EUR_HAB,DE13,2013,34500
A,EUR_HAB,DE13,2014,36000
A,EUR_HAB,DE13,2015,36600
A,EUR_HAB,DE13,2016,37300
A,EUR_HAB,DE13,2017,38800
A,EUR_HAB,DE13,2018,40000
A,EUR_HAB,DE13,2019,41200
A,EUR_HAB,DE13,2020,39500
A,EUR_HAB,DE13,2021,41400
A,EUR_HAB,DE13,2022,43600
A,EUR_HAB,DE13,2023,45900
A,EUR_HAB,DE13,2024,46800
A,EUR_HAB,DE14,2000,27000
A,EUR_HAB,DE14,2001,28000
A,EUR_HAB,DE14,2002,28100
A,EUR_HAB,DE14,2003,28300
A,EUR_HAB,DE14,2004,29100
A,EUR_HAB,DE14,2005,29700
A,EUR_HAB,DE14,2006,31200
A,EUR_HAB,DE14,2007,33200
A,EUR_HAB,DE14,2008,34200
A,EUR_HAB,DE14,2009,31700
A,EUR_HAB,DE14,2010,34500
A,EUR_HAB,DE14,2011,36800
A,EUR_HAB,DE14,2012,37300
A,EUR_HAB,DE14,2013,38300
A,EUR_HAB,DE14,2014,39400
A,EUR_HAB,DE14,2015,40300
A,EUR_HAB,DE14,2016,42000
A,EUR_HAB,DE14,2017,43400
A,EUR_HAB,DE14,2018,44800
A,EUR_HAB,DE14,2019,46000
A,EUR_HAB,DE14,2020,44700
A,EUR_HAB,DE14,2021,47900
A,EUR_HAB,DE14,2022,50800
A,EUR_HAB,DE14,2023,53500
A,EUR_HAB,DE14,2024,54400
A,EUR_HAB,DE2,2000,29700
A,EUR_HAB,DE2,2001,30700
A,EUR_HAB,DE2,2002,31200
A,EUR_HAB,DE2,2003,31000
A,EUR_HAB,DE2,2004,32000
A,EUR_HAB,DE2,2005,32600
A,EUR_HAB,DE2,2006,33900
A,EUR_HAB,DE2,2007,35500
A,EUR_HAB,DE2,2008,35700
A,EUR_HAB,DE2,2009,35100
A,EUR_HAB,DE2,2010,37100
A,EUR_HAB,DE2,2011,39500
A,EUR_HAB,DE2,2012,40400
A,EUR_HAB,DE2,2013,41500
A,EUR_HAB,DE2,2014,43000
A,EUR_HAB,DE2,2015,44500
A,EUR_HAB,DE2,2016,45900
A,EUR_HAB,DE2,2017,47900
A,EUR_HAB,DE2,2018,48900
A,EUR_HAB,DE2,2019,50400
A,EUR_HAB,DE2,2020,49200
A,EUR_HAB,DE2,2021,52400
A,EUR_HAB,DE2,2022,56200
A,EUR_HAB,DE2,2023,59600
A,EUR_HAB,DE2,2024,60300
A,EUR_HAB,DE21,2000,38600
A,EUR_HAB,DE21,2001,40000
A,EUR_HAB,DE21,2002,40400
A,EUR_HAB,DE21,2003,39900
A,EUR_HAB,DE21,2004,41200
A,EUR_HAB,DE21,2005,41800
A,EUR_HAB,DE21,2006,43400
A,EUR_HAB,DE21,2007,45400
A,EUR_HAB,DE21,2008,44700
A,EUR_HAB,DE21,2009,44100
A,EUR_HAB,DE21,2010,46100
A,EUR_HAB,DE21,2011,49100
A,EUR_HAB,DE21,2012,50000
A,EUR_HAB,DE21,2013,51500
A,EUR_HAB,DE21,2014,52900
A,EUR_HAB,DE21,2015,54900
A,EUR_HAB,DE21,2016,56600
A,EUR_HAB,DE21,2017,59200
A,EUR_HAB,DE21,2018,60200
A,EUR_HAB,DE21,2019,62200
A,EUR_HAB,DE21,2020,60200
A,EUR_HAB,DE21,2021,65000
A,EUR_HAB,DE21,2022,70400
A,EUR_HAB,DE21,2023,74700
A,EUR_HAB,DE21,2024,75700
A,EUR_HAB,DE22,2000,23600
A,EUR_HAB,DE22,2001,24900
A,EUR_HAB,DE22,2002,25300
A,EUR_HAB,DE22,2003,25200
A,EUR_HAB,DE22,2004,26200
A,EUR_HAB,DE22,2005,26600
A,EUR_HAB,DE22,2006,27600
A,EUR_HAB,DE22,2007,29100
A,EUR_HAB,DE22,2008,29500
A,EUR_HAB,DE22,2009,28900
A,EUR_HAB,DE22,2010,31600
A,EUR_HAB,DE22,2011,33700
A,EUR_HAB,DE22,2012,33700
A,EUR_HAB,DE22,2013,34500
A,EUR_HAB,DE22,2014,36600
A,EUR_HAB,DE22,2015,37200
A,EUR_HAB,DE22,2016,38100
A,EUR_HAB,DE22,2017,40000
A,EUR_HAB,DE22,2018,40400
A,EUR_HAB,DE22,2019,41900
A,EUR_HAB,DE22,2020,41300
A,EUR_HAB,DE22,2021,43800
A,EUR_HAB,DE22,2022,47400
A,EUR_HAB,DE22,2023,49900
A,EUR_HAB,DE22,2024,50300
A,EUR_HAB,DE23,2000,25000
A,EUR_HAB,DE23,2001,25200
A,EUR_HAB,DE23,2002,26100
A,EUR_HAB,DE23,2003,26100
A,EUR_HAB,DE23,2004,26800
A,EUR_HAB,DE23,2005,27500
A,EUR_HAB,DE23,2006,28600
A,EUR_HAB,DE23,2007,30600
A,EUR_HAB,DE23,2008,31400
A,EUR_HAB,DE23,2009,30500
A,EUR_HAB,DE23,2010,32800
A,EUR_HAB,DE23,2011,34900
A,EUR_HAB,DE23,2012,35700
A,EUR_HAB,DE23,2013,36600
A,EUR_HAB,DE23,2014,38800
A,EUR_HAB,DE23,2015,39700
A,EUR_HAB,DE23,2016,40800
A,EUR_HAB,DE23,2017,43100
A,EUR_HAB,DE23,2018,44100
A,EUR_HAB,DE23,2019,45200
A,EUR_HAB,DE23,2020,44600
A,EUR_HAB,DE23,2021,47700
A,EUR_HAB,DE23,2022,51000
A,EUR_HAB,DE23,2023,54200
A,EUR_HAB,DE23,2024,54700
A,EUR_HAB,DE24,2000,23000
A,EUR_HAB,DE24,2001,23900
A,EUR_HAB,DE24,2002,23900
A,EUR_HAB,DE24,2003,23600
A,EUR_HAB,DE24,2004,24400
A,EUR_HAB,DE24,2005,24700
A,EUR_HAB,DE24,2006,26300
A,EUR_HAB,DE24,2007,27200
A,EUR_HAB,DE24,2008,27500
A,EUR_HAB,DE24,2009,27700
A,EUR_HAB,DE24,2010,29300
A,EUR_HAB,DE24,2011,31100
A,EUR_HAB,DE24,2012,32000
A,EUR_HAB,DE24,2013,32800
A,EUR_HAB,DE24,2014,34100
A,EUR_HAB,DE24,2015,35800
A,EUR_HAB,DE24,2016,36700
A,EUR_HAB,DE24,2017,38400
A,EUR_HAB,DE24,2018,39700
A,EUR_HAB,DE24,2019,41000
A,EUR_HAB,DE24,2020,40200
A,EUR_HAB,DE24,2021,42900
A,EUR_HAB,DE24,2022,45200
A,EUR_HAB,DE24,2023,47900
A,EUR_HAB,DE24,2024,48700
A,EUR_HAB,DE25,2000,28500
A,EUR_HAB,DE25,2001,28600
A,EUR_HAB,DE25,2002,29500
A,EUR_HAB,DE25,2003,29500
A,EUR_HAB,DE25,2004,30900
A,EUR_HAB,DE25,2005,30700
A,EUR_HAB,DE25,2006,32000
A,EUR_HAB,DE25,2007,33400
A,EUR_HAB,DE25,2008,34400
A,EUR_HAB,DE25,2009,34000
A,EUR_HAB,DE25,2010,35500
A,EUR_HAB,DE25,2011,37600
A,EUR_HAB,DE25,2012,38800
A,EUR_HAB,DE25,2013,39700
A,EUR_HAB,DE25,2014,41100
A,EUR_HAB,DE25,2015,42300
A,EUR_HAB,DE25,2016,43700
A,EUR_HAB,DE25,2017,45400
A,EUR_HAB,DE25,2018,47000
A,EUR_HAB,DE25,2019,48200
A,EUR_HAB,DE25,2020,46900
A,EUR_HAB,DE25,2021,49600
A,EUR_HAB,DE25,2022,52400
A,EUR_HAB,DE25,2023,55500
A,EUR_HAB,DE25,2024,56400
A,EUR_HAB,DE26,2000,25100
A,EUR_HAB,DE26,2001,26300
A,EUR_HAB,DE26,2002,26700
A,EUR_HAB,DE26,2003,26900
A,EUR_HAB,DE26,2004,27500
A,EUR_HAB,DE26,2005,28500
A,EUR_HAB,DE26,2006,29500
A,EUR_HAB,DE26,2007,30900
A,EUR_HAB,DE26,2008,31300
A,EUR_HAB,DE26,2009,30200
A,EUR_HAB,DE26,2010,32200
A,EUR_HAB,DE26,2011,34600
A,EUR_HAB,DE26,2012,35200
A,EUR_HAB,DE26,2013,35800
A,EUR_HAB,DE26,2014,37100
A,EUR_HAB,DE26,2015,38200
A,EUR_HAB,DE26,2016,39700
A,EUR_HAB,DE26,2017,41400
A,EUR_HAB,DE26,2018,42200
A,EUR_HAB,DE26,2019,43200
A,EUR_HAB,DE26,2020,42100
A,EUR_HAB,DE26,2021,44000
A,EUR_HAB,DE26,2022,47400
A,EUR_HAB,DE26,2023,50800
A,EUR_HAB,DE26,2024,51600
A,EUR_HAB,DE27,2000,25000
A,EUR_HAB,DE27,2001,25900
A,EUR_HAB,DE27,2002,26600
A,EUR_HAB,DE27,2003,26300
A,EUR_HAB,DE27,2004,26900
A,EUR_HAB,DE27,2005,27500
A,EUR_HAB,DE27,2006,28900
A,EUR_HAB,DE27,2007,29700
A,EUR_HAB,DE27,2008,30600
A,EUR_HAB,DE27,2009,29700
A,EUR_HAB,DE27,2010,31400
A,EUR_HAB,DE27,2011,33300
A,EUR_HAB,DE27,2012,34400
A,EUR_HAB,DE27,2013,35000
A,EUR_HAB,DE27,2014,36300
A,EUR_HAB,DE27,2015,37600
A,EUR_HAB,DE27,2016,38800
A,EUR_HAB,DE27,2017,40000
A,EUR_HAB,DE27,2018,40700
A,EUR_HAB,DE27,2019,42500
A,EUR_HAB,DE27,2020,41500
A,EUR_HAB,DE27,2021,42900
A,EUR_HAB,DE27,2022,45600
A,EUR_HAB,DE27,2023,48100
A,EUR_HAB,DE27,2024,48500
A,EUR_HAB,DE3,2000,26100
A,EUR_HAB,DE3,2001,26500
A,EUR_HAB,DE3,2002,26500
A,EUR_HAB,DE3,2003,26400
A,EUR_HAB,DE3,2004,26500
A,EUR_HAB,DE3,2005,27200
A,EUR_HAB,DE3,2006,28400
A,EUR_HAB,DE3,2007,29600
A,EUR_HAB,DE3,2008,30900
A,EUR_HAB,DE3,2009,31000
A,EUR_HAB,DE3,2010,32100
A,EUR_HAB,DE3,2011,33500
A,EUR_HAB,DE3,2012,33600
A,EUR_HAB,DE3,2013,34400
A,EUR_HAB,DE3,2014,35800
A,EUR_HAB,DE3,2015,37500
A,EUR_HAB,DE3,2016,39000
A,EUR_HAB,DE3,2017,40900
A,EUR_HAB,DE3,2018,42900
A,EUR_HAB,DE3,2019,44800
A,EUR_HAB,DE3,2020,44700
A,EUR_HAB,DE3,2021,48200
A,EUR_HAB,DE3,2022,51700
A,EUR_HAB,DE3,2023,54700
A,EUR_HAB,DE3,2024,56600
A,EUR_HAB,DE30,2000,26100
A,EUR_HAB,DE30,2001,26500
A,EUR_HAB,DE30,2002,26500
A,EUR_HAB,DE30,2003,26400
A,EUR_HAB,DE30,2004,26500
A,EUR_HAB,DE30,2005,27200
A,EUR_HAB,DE30,2006,28400
A,EUR_HAB,DE30,2007,29600
A,EUR_HAB,DE30,2008,30900
A,EUR_HAB,DE30,2009,31000
A,EUR_HAB,DE30,2010,32100
A,EUR_HAB,DE30,2011,33500
A,EUR_HAB,DE30,2012,33600
A,EUR_HAB,DE30,2013,34400
A,EUR_HAB,DE30,2014,35800
A,EUR_HAB,DE30,2015,37500
A,EUR_HAB,DE30,2016,39000
A,EUR_HAB,DE30,2017,40900
A,EUR_HAB,DE30,2018,42900
A,EUR_HAB,DE30,2019,44800
A,EUR_HAB,DE30,2020,44700
A,EUR_HAB,DE30,2021,48200
A,EUR_HAB,DE30,2022,51700
A,EUR_HAB,DE30,2023,54700
A,EUR_HAB,DE30,2024,56600
A,EUR_HAB,DE4,2000,17500
A,EUR_HAB,DE4,2001,18000
A,EUR_HAB,DE4,2002,18300
A,EUR_HAB,DE4,2003,18600
A,EUR_HAB,DE4,2004,19200
A,EUR_HAB,DE4,2005,19600
A,EUR_HAB,DE4,2006,20700
A,EUR_HAB,DE4,2007,21600
A,EUR_HAB,DE4,2008,22500
A,EUR_HAB,DE4,2009,22100
A,EUR_HAB,DE4,2010,23300
A,EUR_HAB,DE4,2011,24200
A,EUR_HAB,DE4,2012,24900
A,EUR_HAB,DE4,2013,25500
A,EUR_HAB,DE4,2014,26800
A,EUR_HAB,DE4,2015,27100
A,EUR_HAB,DE4,2016,27700
A,EUR_HAB,DE4,2017,29000
A,EUR_HAB,DE4,2018,29700
A,EUR_HAB,DE4,2019,30900
A,EUR_HAB,DE4,2020,30500
A,EUR_HAB,DE4,2021,32500
A,EUR_HAB,DE4,2022,35700
A,EUR_HAB,DE4,2023,37500
A,EUR_HAB,DE4,2024,38300
A,EUR_HAB,DE40,2000,17500
A,EUR_HAB,DE40,2001,18000
A,EUR_HAB,DE40,2002,18300
A,EUR_HAB,DE40,2003,18600
A,EUR_HAB,DE40,2004,19200
A,EUR_HAB,DE40,2005,19600
A,EUR_HAB,DE40,2006,20700
A,EUR_HAB,DE40,2007,21600
A,EUR_HAB,DE40,2008,22500
A,EUR_HAB,DE40,2009,22100
A,EUR_HAB,DE40,2010,23300
A,EUR_HAB,DE40,2011,24200
A,EUR_HAB,DE40,2012,24900
A,EUR_HAB,DE40,2013,25500
A,EUR_HAB,DE40,2014,26800
A,EUR_HAB,DE40,2015,27100
A,EUR_HAB,DE40,2016,27700
A,EUR_HAB,DE40,2017,29000
A,EUR_HAB,DE40,2018,29700
A,EUR_HAB,DE40,2019,30900
A,EUR_HAB,DE40,2020,30500
A,EUR_HAB,DE40,2021,32500
A,EUR_HAB,DE40,2022,35700
A,EUR_HAB,DE40,2023,37500
A,EUR_HAB,DE40,2024,38300
A,EUR_HAB,DE5,2000,34300
A,EUR_HAB,DE5,2001,35600
A,EUR_HAB,DE5,2002,36500
A,EUR_HAB,DE5,2003,37400
A,EUR_HAB,DE5,2004,37700
A,EUR_HAB,DE5,2005,38600
A,EUR_HAB,DE5,2006,40500
A,EUR_HAB,DE5,2007,41900
A,EUR_HAB,DE5,2008,42600
A,EUR_HAB,DE5,2009,39000
A,EUR_HAB,DE5,2010,41300
A,EUR_HAB,DE5,2011,42700
A,EUR_HAB,DE5,2012,44500
A,EUR_HAB,DE5,2013,44900
A,EUR_HAB,DE5,2014,46100
A,EUR_HAB,DE5,2015,46400
A,EUR_HAB,DE5,2016,47000
A,EUR_HAB,DE5,2017,47900
A,EUR_HAB,DE5,2018,48600
A,EUR_HAB,DE5,2019,48600
A,EUR_HAB,DE5,2020,47100
A,EUR_HAB,DE5,2021,51600
A,EUR_HAB,DE5,2022,56700
A,EUR_HAB,DE5,2023,58000
A,EUR_HAB,DE5,2024,58900
A,EUR_HAB,DE50,2000,34300
A,EUR_HAB,DE50,2001,35600
A,EUR_HAB,DE50,2002,36500
A,EUR_HAB,DE50,2003,37400
A,EUR_HAB,DE50,2004,37700
A,EUR_HAB,DE50,2005,38600
A,EUR_HAB,DE50,2006,40500
A,EUR_HAB,DE50,2007,41900
A,EUR_HAB,DE50,2008,42600
A,EUR_HAB,DE50,2009,39000
A,EUR_HAB,DE50,2010,41300
A,EUR_HAB,DE50,2011,42700
A,EUR_HAB,DE50,2012,44500
A,EUR_HAB,DE50,2013,44900
A,EUR_HAB,DE50,2014,46100
A,EUR_HAB,DE50,2015,46400
A,EUR_HAB,DE50,2016,47000
A,EUR_HAB,DE50,2017,47900
A,EUR_HAB,DE50,2018,48600
A,EUR_HAB,DE50,2019,48600
A,EUR_HAB,DE50,2020,47100
A,EUR_HAB,DE50,2021,51600
A,EUR_HAB,DE50,2022,56700
A,EUR_HAB,DE50,2023,58000
A,EUR_HAB,DE50,2024,58900
A,EUR_HAB,DE6,2000,46900
A,EUR_HAB,DE6,2001,49500
A,EUR_HAB,DE6,2002,50200
A,EUR_HAB,DE6,2003,50500
A,EUR_HAB,DE6,2004,51900
A,EUR_HAB,DE6,2005,53200
A,EUR_HAB,DE6,2006,53700
A,EUR_HAB,DE6,2007,55300
A,EUR_HAB,DE6,2008,57100
A,EUR_HAB,DE6,2009,55400
A,EUR_HAB,DE6,2010,57100
A,EUR_HAB,DE6,2011,57700
A,EUR_HAB,DE6,2012,58800
A,EUR_HAB,DE6,2013,61300
A,EUR_HAB,DE6,2014,62300
A,EUR_HAB,DE6,2015,64400
A,EUR_HAB,DE6,2016,65000
A,EUR_HAB,DE6,2017,68100
A,EUR_HAB,DE6,2018,69300
A,EUR_HAB,DE6,2019,72400
A,EUR_HAB,DE6,2020,69200
A,EUR_HAB,DE6,2021,77000
A,EUR_HAB,DE6,2022,87000
A,EUR_HAB,DE6,2023,84200
A,EUR_HAB,DE6,2024,87500
A,EUR_HAB,DE60,2000,46900
A,EUR_HAB,DE60,2001,49500
A,EUR_HAB,DE60,2002,50200
A,EUR_HAB,DE60,2003,50500
A,EUR_HAB,DE60,2004,51900
A,EUR_HAB,DE60,2005,53200
A,EUR_HAB,DE60,2006,53700
A,EUR_HAB,DE60,2007,55300
A,EUR_HAB,DE60,2008,57100
A,EUR_HAB,DE60,2009,55400
A,EUR_HAB,DE60,2010,57100
A,EUR_HAB,DE60,2011,57700
A,EUR_HAB,DE60,2012,58800
A,EUR_HAB,DE60,2013,61300
A,EUR_HAB,DE60,2014,62300
A,EUR_HAB,DE60,2015,64400
A,EUR_HAB,DE60,2016,65000
A,EUR_HAB,DE60,2017,68100
A,EUR_HAB,DE60,2018,69300
A,EUR_HAB,DE60,2019,72400
A,EUR_HAB,DE60,2020,69200
A,EUR_HAB,DE60,2021,77000
A,EUR_HAB,DE60,2022,87000
A,EUR_HAB,DE60,2023,84200
A,EUR_HAB,DE60,2024,87500
A,EUR_HAB,DE7,2000,32500
A,EUR_HAB,DE7,2001,33700
A,EUR_HAB,DE7,2002,33800
A,EUR_HAB,DE7,2003,34800
A,EUR_HAB,DE7,2004,35300
A,EUR_HAB,DE7,2005,35700
A,EUR_HAB,DE7,2006,37000
A,EUR_HAB,DE7,2007,38600
A,EUR_HAB,DE7,2008,39100
A,EUR_HAB,DE7,2009,37700
A,EUR_HAB,DE7,2010,38900
A,EUR_HAB,DE7,2011,40700
A,EUR_HAB,DE7,2012,40700
A,EUR_HAB,DE7,2013,41600
A,EUR_HAB,DE7,2014,43200
A,EUR_HAB,DE7,2015,44100
A,EUR_HAB,DE7,2016,45600
A,EUR_HAB,DE7,2017,46900
A,EUR_HAB,DE7,2018,47800
A,EUR_HAB,DE7,2019,49100
A,EUR_HAB,DE7,2020,47700
A,EUR_HAB,DE7,2021,51100
A,EUR_HAB,DE7,2022,54300
A,EUR_HAB,DE7,2023,57300
A,EUR_HAB,DE7,2024,59100
A,EUR_HAB,DE71,2000,38200
A,EUR_HAB,DE71,2001,39600
A,EUR_HAB,DE71,2002,39600
A,EUR_HAB,DE71,2003,40700
A,EUR_HAB,DE71,2004,41300
A,EUR_HAB,DE71,2005,41600
A,EUR_HAB,DE71,2006,43100
A,EUR_HAB,DE71,2007,44800
A,EUR_HAB,DE71,2008,45300
A,EUR_HAB,DE71,2009,43600
A,EUR_HAB,DE71,2010,44900
A,EUR_HAB,DE71,2011,46800
A,EUR_HAB,DE71,2012,46600
A,EUR_HAB,DE71,2013,47500
A,EUR_HAB,DE71,2014,49200
A,EUR_HAB,DE71,2015,50000
A,EUR_HAB,DE71,2016,51600
A,EUR_HAB,DE71,2017,53000
A,EUR_HAB,DE71,2018,53900
A,EUR_HAB,DE71,2019,55000
A,EUR_HAB,DE71,2020,53300
A,EUR_HAB,DE71,2021,57300
A,EUR_HAB,DE71,2022,60800
A,EUR_HAB,DE71,2023,64100
A,EUR_HAB,DE71,2024,66200
A,EUR_HAB,DE72,2000,23100
A,EUR_HAB,DE72,2001,23700
A,EUR_HAB,DE72,2002,24000
A,EUR_HAB,DE72,2003,24200
A,EUR_HAB,DE72,2004,25000
A,EUR_HAB,DE72,2005,25500
A,EUR_HAB,DE72,2006,26400
A,EUR_HAB,DE72,2007,27900
A,EUR_HAB,DE72,2008,28900
A,EUR_HAB,DE72,2009,27100
A,EUR_HAB,DE72,2010,28100
A,EUR_HAB,DE72,2011,29600
A,EUR_HAB,DE72,2012,29800
A,EUR_HAB,DE72,2013,30500
A,EUR_HAB,DE72,2014,31900
A,EUR_HAB,DE72,2015,32500
A,EUR_HAB,DE72,2016,33300
A,EUR_HAB,DE72,2017,35100
A,EUR_HAB,DE72,2018,36200
A,EUR_HAB,DE72,2019,37400
A,EUR_HAB,DE72,2020,36700
A,EUR_HAB,DE72,2021,38800
A,EUR_HAB,DE72,2022,40500
A,EUR_HAB,DE72,2023,43400
A,EUR_HAB,DE72,2024,44500
A,EUR_HAB,DE73,2000,23900
A,EUR_HAB,DE73,2001,24700
A,EUR_HAB,DE73,2002,25200
A,EUR_HAB,DE73,2003,26100
A,EUR_HAB,DE73,2004,26300
A,EUR_HAB,DE73,2005,26400
A,EUR_HAB,DE73,2006,27600
A,EUR_HAB,DE73,2007,28900
A,EUR_HAB,DE73,2008,29200
A,EUR_HAB,DE73,2009,28500
A,EUR_HAB,DE73,2010,29600
A,EUR_HAB,DE73,2011,31200
A,EUR_HAB,DE73,2012,31500
A,EUR_HAB,DE73,2013,32600
A,EUR_HAB,DE73,2014,33800
A,EUR_HAB,DE73,2015,34800
A,EUR_HAB,DE73,2016,36400
A,EUR_HAB,DE73,2017,36800
A,EUR_HAB,DE73,2018,37900
A,EUR_HAB,DE73,2019,39800
A,EUR_HAB,DE73,2020,38600
A,EUR_HAB,DE73,2021,40900
A,EUR_HAB,DE73,2022,44500
A,EUR_HAB,DE73,2023,46800
A,EUR_HAB,DE73,2024,48100
A,EUR_HAB,DE8,2000,16800
A,EUR_HAB,DE8,2001,17200
A,EUR_HAB,DE8,2002,17500
A,EUR_HAB,DE8,2003,17800
A,EUR_HAB,DE8,2004,18100
A,EUR_HAB,DE8,2005,18400
A,EUR_HAB,DE8,2006,19100
A,EUR_HAB,DE8,2007,20300
A,EUR_HAB,DE8,2008,21000
A,EUR_HAB,DE8,2009,21100
A,EUR_HAB,DE8,2010,21800
A,EUR_HAB,DE8,2011,22900
A,EUR_HAB,DE8,2012,23300
A,EUR_HAB,DE8,2013,24100
A,EUR_HAB,DE8,2014,25300
A,EUR_HAB,DE8,2015,25700
A,EUR_HAB,DE8,2016,26300
A,EUR_HAB,DE8,2017,28500
A,EUR_HAB,DE8,2018,28700
A,EUR_HAB,DE8,2019,30700
A,EUR_HAB,DE8,2020,30200
A,EUR_HAB,DE8,2021,32300
A,EUR_HAB,DE8,2022,35800
A,EUR_HAB,DE8,2023,37400
A,EUR_HAB,DE8,2024,39100
A,EUR_HAB,DE80,2000,16800
A,EUR_HAB,DE80,2001,17200
A,EUR_HAB,DE80,2002,17500
A,EUR_HAB,DE80,2003,17800
A,EUR_HAB,DE80,2004,18100
A,EUR_HAB,DE80,2005,18400
A,EUR_HAB,DE80,2006,19100
A,EUR_HAB,DE80,2007,20300
A,EUR_HAB,DE80,2008,21000
A,EUR_HAB,DE80,2009,21100
A,EUR_HAB,DE80,2010,21800
A,EUR_HAB,DE80,2011,22900
A,EUR_HAB,DE80,2012,23300
A,EUR_HAB,DE80,2013,24100
A,EUR_HAB,DE80,2014,25300
A,EUR_HAB,DE80,2015,25700
A,EUR_HAB,DE80,2016,26300
A,EUR_HAB,DE80,2017,28500
A,EUR_HAB,DE80,2018,28700
A,EUR_HAB,DE80,2019,30700
A,EUR_HAB,DE80,2020,30200
A,EUR_HAB,DE80,2021,32300
A,EUR_HAB,DE80,2022,35800
A,EUR_HAB,DE80,2023,37400
A,EUR_HAB,DE80,2024,39100
A,EUR_HAB,DE9,2000,23700
A,EUR_HAB,DE9,2001,24100
A,EUR_HAB,DE9,2002,23900
A,EUR_HAB,DE9,2003,24100
A,EUR_HAB,DE9,2004,24700
A,EUR_HAB,DE9,2005,25400
A,EUR_HAB,DE9,2006,26700
A,EUR_HAB,DE9,2007,28000
A,EUR_HAB,DE9,2008,28800
A,EUR_HAB,DE9,2009,27700
A,EUR_HAB,DE9,2010,29500
A,EUR_HAB,DE9,2011,31300
A,EUR_HAB,DE9,2012,32000
A,EUR_HAB,DE9,2013,32400
A,EUR_HAB,DE9,2014,33800
A,EUR_HAB,DE9,2015,33900
A,EUR_HAB,DE9,2016,36200
A,EUR_HAB,DE9,2017,37200
A,EUR_HAB,DE9,2018,38600
A,EUR_HAB,DE9,2019,39900
A,EUR_HAB,DE9,2020,39000
A,EUR_HAB,DE9,2021,40900
A,EUR_HAB,DE9,2022,43700
A,EUR_HAB,DE9,2023,46400
A,EUR_HAB,DE9,2024,47900
A,EUR_HAB,DE91,2000,28200
A,EUR_HAB,DE91,2001,28800
A,EUR_HAB,DE91,2002,28000
A,EUR_HAB,DE91,2003,28500
A,EUR_HAB,DE91,2004,29000
A,EUR_HAB,DE91,2005,30600
A,EUR_HAB,DE91,2006,31800
A,EUR_HAB,DE91,2007,34100
A,EUR_HAB,DE91,2008,34800
A,EUR_HAB,DE91,2009,32900
A,EUR_HAB,DE91,2010,36300
A,EUR_HAB,DE91,2011,39000
A,EUR_HAB,DE91,2012,39600
A,EUR_HAB,DE91,2013,40200
A,EUR_HAB,DE91,2014,42300
A,EUR_HAB,DE91,2015,40600
A,EUR_HAB,DE91,2016,47600
A,EUR_HAB,DE91,2017,47100
A,EUR_HAB,DE91,2018,49900
A,EUR_HAB,DE91,2019,51000
A,EUR_HAB,DE91,2020,48100
A,EUR_HAB,DE91,2021,49000
A,EUR_HAB,DE91,2022,50300
A,EUR_HAB,DE91,2023,55900
A,EUR_HAB,DE91,2024,57600
A,EUR_HAB,DE92,2000,24900
A,EUR_HAB,DE92,2001,25400
A,EUR_HAB,DE92,2002,25600
A,EUR_HAB,DE92,2003,25800
A,EUR_HAB,DE92,2004,26200
A,EUR_HAB,DE92,2005,27100
A,EUR_HAB,DE92,2006,28800
A,EUR_HAB,DE92,2007,29500
A,EUR_HAB,DE92,2008,30600
A,EUR_HAB,DE92,2009,29700
A,EUR_HAB,DE92,2010,31100
A,EUR_HAB,DE92,2011,32700
A,EUR_HAB,DE92,2012,33300
A,EUR_HAB,DE92,2013,33300
A,EUR_HAB,DE92,2014,35300
A,EUR_HAB,DE92,2015,35900
A,EUR_HAB,DE92,2016,37500
A,EUR_HAB,DE92,2017,38800
A,EUR_HAB,DE92,2018,39900
A,EUR_HAB,DE92,2019,41400
A,EUR_HAB,DE92,2020,40600
A,EUR_HAB,DE92,2021,43200
A,EUR_HAB,DE92,2022,45200
A,EUR_HAB,DE92,2023,48300
A,EUR_HAB,DE92,2024,50000
A,EUR_HAB,DE93,2000,18800
A,EUR_HAB,DE93,2001,18900
A,EUR_HAB,DE93,2002,18900
A,EUR_HAB,DE93,2003,19000
A,EUR_HAB,DE93,2004,19400
A,EUR_HAB,DE93,2005,19700
A,EUR_HAB,DE93,2006,20500
A,EUR_HAB,DE93,2007,21600
A,EUR_HAB,DE93,2008,22100
A,EUR_HAB,DE93,2009,21600
A,EUR_HAB,DE93,2010,22500
A,EUR_HAB,DE93,2011,23800
A,EUR_HAB,DE93,2012,24700
A,EUR_HAB,DE93,2013,25300
A,EUR_HAB,DE93,2014,26000
A,EUR_HAB,DE93,2015,26500
A,EUR_HAB,DE93,2016,26900
A,EUR_HAB,DE93,2017,28200
A,EUR_HAB,DE93,2018,29500
A,EUR_HAB,DE93,2019,30800
A,EUR_HAB,DE93,2020,30700
A,EUR_HAB,DE93,2021,32400
A,EUR_HAB,DE93,2022,35300
A,EUR_HAB,DE93,2023,36500
A,EUR_HAB,DE93,2024,37700
A,EUR_HAB,DE94,2000,22900
A,EUR_HAB,DE94,2001,23300
A,EUR_HAB,DE94,2002,23000
A,EUR_HAB,DE94,2003,23100
A,EUR_HAB,DE94,2004,24000
A,EUR_HAB,DE94,2005,24400
A,EUR_HAB,DE94,2006,25700
A,EUR_HAB,DE94,2007,26900
A,EUR_HAB,DE94,2008,27700
A,EUR_HAB,DE94,2009,26900
A,EUR_HAB,DE94,2010,28600
A,EUR_HAB,DE94,2011,30100
A,EUR_HAB,DE94,2012,31100
A,EUR_HAB,DE94,2013,31400
A,EUR_HAB,DE94,2014,32300
A,EUR_HAB,DE94,2015,32900
A,EUR_HAB,DE94,2016,34100
A,EUR_HAB,DE94,2017,35600
A,EUR_HAB,DE94,2018,36400
A,EUR_HAB,DE94,2019,37900
A,EUR_HAB,DE94,2020,37500
A,EUR_HAB,DE94,2021,39700
A,EUR_HAB,DE94,2022,44100
A,EUR_HAB,DE94,2023,45700
A,EUR_HAB,DE94,2024,47000
A,EUR_HAB,DEA,2000,26300
A,EUR_HAB,DEA,2001,26900
A,EUR_HAB,DEA,2002,27300
A,EUR_HAB,DEA,2003,27400
A,EUR_HAB,DEA,2004,28100
A,EUR_HAB,DEA,2005,28500
A,EUR_HAB,DEA,2006,29600
A,EUR_HAB,DEA,2007,31400
A,EUR_HAB,DEA,2008,32200
A,EUR_HAB,DEA,2009,31200
A,EUR_HAB,DEA,2010,32200
A,EUR_HAB,DEA,2011,33500
A,EUR_HAB,DEA,2012,33900
A,EUR_HAB,DEA,2013,34500
A,EUR_HAB,DEA,2014,35900
A,EUR_HAB,DEA,2015,36800
A,EUR_HAB,DEA,2016,37400
A,EUR_HAB,DEA,2017,38900
A,EUR_HAB,DEA,2018,40200
A,EUR_HAB,DEA,2019,41100
A,EUR_HAB,DEA,2020,40300
A,EUR_HAB,DEA,2021,42500
A,EUR_HAB,DEA,2022,45600
A,EUR_HAB,DEA,2023,47600
A,EUR_HAB,DEA,2024,48600
A,EUR_HAB,DEA1,2000,28500
A,EUR_HAB,DEA1,2001,29500
A,EUR_HAB,DEA1,2002,29800
A,EUR_HAB,DEA1,2003,30200
A,EUR_HAB,DEA1,2004,31100
A,EUR_HAB,DEA1,2005,31500
A,EUR_HAB,DEA1,2006,32400
A,EUR_HAB,DEA1,2007,34600
A,EUR_HAB,DEA1,2008,36100
A,EUR_HAB,DEA1,2009,34700
A,EUR_HAB,DEA1,2010,35300
A,EUR_HAB,DEA1,2011,36600
A,EUR_HAB,DEA1,2012,36600
A,EUR_HAB,DEA1,2013,37100
A,EUR_HAB,DEA1,2014,38500
A,EUR_HAB,DEA1,2015,39500
A,EUR_HAB,DEA1,2016,40000
A,EUR_HAB,DEA1,2017,41500
A,EUR_HAB,DEA1,2018,42900
A,EUR_HAB,DEA1,2019,43400
A,EUR_HAB,DEA1,2020,42500
A,EUR_HAB,DEA1,2021,45000
A,EUR_HAB,DEA1,2022,48600
A,EUR_HAB,DEA1,2023,50700
A,EUR_HAB,DEA1,2024,51800
A,EUR_HAB,DEA2,2000,29900
A,EUR_HAB,DEA2,2001,30400
A,EUR_HAB,DEA2,2002,31500
A,EUR_HAB,DEA2,2003,30800
A,EUR_HAB,DEA2,2004,31400
A,EUR_HAB,DEA2,2005,31400
A,EUR_HAB,DEA2,2006,32800
A,EUR_HAB,DEA2,2007,34500
A,EUR_HAB,DEA2,2008,34500
A,EUR_HAB,DEA2,2009,34000
A,EUR_HAB,DEA2,2010,34900
A,EUR_HAB,DEA2,2011,36100
A,EUR_HAB,DEA2,2012,36500
A,EUR_HAB,DEA2,2013,37600
A,EUR_HAB,DEA2,2014,39000
A,EUR_HAB,DEA2,2015,40300
A,EUR_HAB,DEA2,2016,40700
A,EUR_HAB,DEA2,2017,42500
A,EUR_HAB,DEA2,2018,44200
A,EUR_HAB,DEA2,2019,44900
A,EUR_HAB,DEA2,2020,43800
A,EUR_HAB,DEA2,2021,46200
A,EUR_HAB,DEA2,2022,49500
A,EUR_HAB,DEA2,2023,51600
A,EUR_HAB,DEA2,2024,52800
A,EUR_HAB,DEA3,2000,22100
A,EUR_HAB,DEA3,2001,22600
A,EUR_HAB,DEA3,2002,22700
A,EUR_HAB,DEA3,2003,23000
A,EUR_HAB,DEA3,2004,23900
A,EUR_HAB,DEA3,2005,24400
A,EUR_HAB,DEA3,2006,25500
A,EUR_HAB,DEA3,2007,27000
A,EUR_HAB,DEA3,2008,27800
A,EUR_HAB,DEA3,2009,26600
A,EUR_HAB,DEA3,2010,27900
A,EUR_HAB,DEA3,2011,29200
A,EUR_HAB,DEA3,2012,29500
A,EUR_HAB,DEA3,2013,29600
A,EUR_HAB,DEA3,2014,30500
A,EUR_HAB,DEA3,2015,31300
A,EUR_HAB,DEA3,2016,32200
A,EUR_HAB,DEA3,2017,33600
A,EUR_HAB,DEA3,2018,34400
A,EUR_HAB,DEA3,2019,35700
A,EUR_HAB,DEA3,2020,35400
A,EUR_HAB,DEA3,2021,37200
A,EUR_HAB,DEA3,2022,39800
A,EUR_HAB,DEA3,2023,41700
A,EUR_HAB,DEA3,2024,42500
A,EUR_HAB,DEA4,2000,25300
A,EUR_HAB,DEA4,2001,25500
A,EUR_HAB,DEA4,2002,25500
A,EUR_HAB,DEA4,2003,25500
A,EUR_HAB,DEA4,2004,26000
A,EUR_HAB,DEA4,2005,26700
A,EUR_HAB,DEA4,2006,27600
A,EUR_HAB,DEA4,2007,29500
A,EUR_HAB,DEA4,2008,29900
A,EUR_HAB,DEA4,2009,28900
A,EUR_HAB,DEA4,2010,29800
A,EUR_HAB,DEA4,2011,31700
A,EUR_HAB,DEA4,2012,32500
A,EUR_HAB,DEA4,2013,33400
A,EUR_HAB,DEA4,2014,35100
A,EUR_HAB,DEA4,2015,35500
A,EUR_HAB,DEA4,2016,36600
A,EUR_HAB,DEA4,2017,37900
A,EUR_HAB,DEA4,2018,39200
A,EUR_HAB,DEA4,2019,40400
A,EUR_HAB,DEA4,2020,40500
A,EUR_HAB,DEA4,2021,42000
A,EUR_HAB,DEA4,2022,44400
A,EUR_HAB,DEA4,2023,46500
A,EUR_HAB,DEA4,2024,47300
A,EUR_HAB,DEA5,2000,22800
A,EUR_HAB,DEA5,2001,23000
A,EUR_HAB,DEA5,2002,23300
A,EUR_HAB,DEA5,2003,23700
A,EUR_HAB,DEA5,2004,24400
A,EUR_HAB,DEA5,2005,25100
A,EUR_HAB,DEA5,2006,26100
A,EUR_HAB,DEA5,2007,27500
A,EUR_HAB,DEA5,2008,28500
A,EUR_HAB,DEA5,2009,27500
A,EUR_HAB,DEA5,2010,28800
A,EUR_HAB,DEA5,2011,30300
A,EUR_HAB,DEA5,2012,30700
A,EUR_HAB,DEA5,2013,31300
A,EUR_HAB,DEA5,2014,32600
A,EUR_HAB,DEA5,2015,33200
A,EUR_HAB,DEA5,2016,33800
A,EUR_HAB,DEA5,2017,35200
A,EUR_HAB,DEA5,2018,36500
A,EUR_HAB,DEA5,2019,37300
A,EUR_HAB,DEA5,2020,36300
A,EUR_HAB,DEA5,2021,38600
A,EUR_HAB,DEA5,2022,41200
A,EUR_HAB,DEA5,2023,42900
A,EUR_HAB,DEA5,2024,43800
A,EUR_HAB,DEB,2000,23500
A,EUR_HAB,DEB,2001,23500
A,EUR_HAB,DEB,2002,24000
A,EUR_HAB,DEB,2003,24200
A,EUR_HAB,DEB,2004,24900
A,EUR_HAB,DEB,2005,25100
A,EUR_HAB,DEB,2006,26100
A,EUR_HAB,DEB,2007,27300
A,EUR_HAB,DEB,2008,27800
A,EUR_HAB,DEB,2009,27200
A,EUR_HAB,DEB,2010,28900
A,EUR_HAB,DEB,2011,30100
A,EUR_HAB,DEB,2012,30900
A,EUR_HAB,DEB,2013,31600
A,EUR_HAB,DEB,2014,32800
A,EUR_HAB,DEB,2015,33700
A,EUR_HAB,DEB,2016,34400
A,EUR_HAB,DEB,2017,35400
A,EUR_HAB,DEB,2018,36100
A,EUR_HAB,DEB,2019,37100
A,EUR_HAB,DEB,2020,36400
A,EUR_HAB,DEB,2021,41400
A,EUR_HAB,DEB,2022,43700
A,EUR_HAB,DEB,2023,44200
A,EUR_HAB,DEB,2024,44800
A,EUR_HAB,DEB1,2000,21900
A,EUR_HAB,DEB1,2001,22000
A,EUR_HAB,DEB1,2002,22400
A,EUR_HAB,DEB1,2003,22600
A,EUR_HAB,DEB1,2004,23300
A,EUR_HAB,DEB1,2005,23500
A,EUR_HAB,DEB1,2006,24600
A,EUR_HAB,DEB1,2007,25500
A,EUR_HAB,DEB1,2008,26000
A,EUR_HAB,DEB1,2009,25300
A,EUR_HAB,DEB1,2010,26600
A,EUR_HAB,DEB1,2011,27800
A,EUR_HAB,DEB1,2012,28400
A,EUR_HAB,DEB1,2013,29100
A,EUR_HAB,DEB1,2014,30700
A,EUR_HAB,DEB1,2015,31300
A,EUR_HAB,DEB1,2016,31900
A,EUR_HAB,DEB1,2017,33400
A,EUR_HAB,DEB1,2018,34200
A,EUR_HAB,DEB1,2019,35300
A,EUR_HAB,DEB1,2020,35200
A,EUR_HAB,DEB1,2021,36600
A,EUR_HAB,DEB1,2022,39600
A,EUR_HAB,DEB1,2023,41900
A,EUR_HAB,DEB1,2024,42600
A,EUR_HAB,DEB2,2000,20300
A,EUR_HAB,DEB2,2001,20500
A,EUR_HAB,DEB2,2002,21200
A,EUR_HAB,DEB2,2003,21800
A,EUR_HAB,DEB2,2004,22400
A,EUR_HAB,DEB2,2005,22500
A,EUR_HAB,DEB2,2006,23100
A,EUR_HAB,DEB2,2007,24100
A,EUR_HAB,DEB2,2008,24700
A,EUR_HAB,DEB2,2009,24100
A,EUR_HAB,DEB2,2010,25200
A,EUR_HAB,DEB2,2011,26700
A,EUR_HAB,DEB2,2012,27000
A,EUR_HAB,DEB2,2013,28000
A,EUR_HAB,DEB2,2014,29000
A,EUR_HAB,DEB2,2015,29500
A,EUR_HAB,DEB2,2016,30400
A,EUR_HAB,DEB2,2017,31100
A,EUR_HAB,DEB2,2018,32100
A,EUR_HAB,DEB2,2019,33300
A,EUR_HAB,DEB2,2020,33100
A,EUR_HAB,DEB2,2021,33800
A,EUR_HAB,DEB2,2022,36600
A,EUR_HAB,DEB2,2023,38600
A,EUR_HAB,DEB2,2024,39300
A,EUR_HAB,DEB3,2000,25500
A,EUR_HAB,DEB3,2001,25500
A,EUR_HAB,DEB3,2002,25900
A,EUR_HAB,DEB3,2003,26000
A,EUR_HAB,DEB3,2004,26800
A,EUR_HAB,DEB3,2005,26900
A,EUR_HAB,DEB3,2006,28100
A,EUR_HAB,DEB3,2007,29500
A,EUR_HAB,DEB3,2008,30000
A,EUR_HAB,DEB3,2009,29400
A,EUR_HAB,DEB3,2010,31500
A,EUR_HAB,DEB3,2011,32800
A,EUR_HAB,DEB3,2012,33800
A,EUR_HAB,DEB3,2013,34300
A,EUR_HAB,DEB3,2014,35400
A,EUR_HAB,DEB3,2015,36600
A,EUR_HAB,DEB3,2016,37400
A,EUR_HAB,DEB3,2017,38000
A,EUR_HAB,DEB3,2018,38400
A,EUR_HAB,DEB3,2019,39400
A,EUR_HAB,DEB3,2020,38200
A,EUR_HAB,DEB3,2021,46900
A,EUR_HAB,DEB3,2022,48500
A,EUR_HAB,DEB3,2023,47300
A,EUR_HAB,DEB3,2024,47900
A,EUR_HAB,DEC,2000,24200
A,EUR_HAB,DEC,2001,24800
A,EUR_HAB,DEC,2002,24900
A,EUR_HAB,DEC,2003,25200
A,EUR_HAB,DEC,2004,26400
A,EUR_HAB,DEC,2005,28000
A,EUR_HAB,DEC,2006,29400
A,EUR_HAB,DEC,2007,31000
A,EUR_HAB,DEC,2008,31600
A,EUR_HAB,DEC,2009,28900
A,EUR_HAB,DEC,2010,30600
A,EUR_HAB,DEC,2011,32500
A,EUR_HAB,DEC,2012,32800
A,EUR_HAB,DEC,2013,32500
A,EUR_HAB,DEC,2014,34000
A,EUR_HAB,DEC,2015,34700
A,EUR_HAB,DEC,2016,34900
A,EUR_HAB,DEC,2017,36100
A,EUR_HAB,DEC,2018,36600
A,EUR_HAB,DEC,2019,36900
A,EUR_HAB,DEC,2020,35400
A,EUR_HAB,DEC,2021,37000
A,EUR_HAB,DEC,2022,40900
A,EUR_HAB,DEC,2023,41800
A,EUR_HAB,DEC,2024,42200
A,EUR_HAB,DEC0,2000,24200
A,EUR_HAB,DEC0,2001,24800
A,EUR_HAB,DEC0,2002,24900
A,EUR_HAB,DEC0,2003,25200
A,EUR_HAB,DEC0,2004,26400
A,EUR_HAB,DEC0,2005,28000
A,EUR_HAB,DEC0,2006,29400
A,EUR_HAB,DEC0,2007,31000
A,EUR_HAB,DEC0,2008,31600
A,EUR_HAB,DEC0,2009,28900
A,EUR_HAB,DEC0,2010,30600
A,EUR_HAB,DEC0,2011,32500
A,EUR_HAB,DEC0,2012,32800
A,EUR_HAB,DEC0,2013,32500
A,EUR_HAB,DEC0,2014,34000
A,EUR_HAB,DEC0,2015,34700
A,EUR_HAB,DEC0,2016,34900
A,EUR_HAB,DEC0,2017,36100
A,EUR_HAB,DEC0,2018,36600
A,EUR_HAB,DEC0,2019,36900
A,EUR_HAB,DEC0,2020,35400
A,EUR_HAB,DEC0,2021,37000
A,EUR_HAB,DEC0,2022,40900
A,EUR_HAB,DEC0,2023,41800
A,EUR_HAB,DEC0,2024,42200
A,EUR_HAB,DED,2000,17400
A,EUR_HAB,DED,2001,18200
A,EUR_HAB,DED,2002,19000
A,EUR_HAB,DED,2003,19600
A,EUR_HAB,DED,2004,20200
A,EUR_HAB,DED,2005,20300
A,EUR_HAB,DED,2006,21500
A,EUR_HAB,DED,2007,22600
A,EUR_HAB,DED,2008,23100
A,EUR_HAB,DED,2009,22600
A,EUR_HAB,DED,2010,23700
A,EUR_HAB,DED,2011,24900
A,EUR_HAB,DED,2012,25400
A,EUR_HAB,DED,2013,26100
A,EUR_HAB,DED,2014,27400
A,EUR_HAB,DED,2015,28500
A,EUR_HAB,DED,2016,29300
A,EUR_HAB,DED,2017,30500
A,EUR_HAB,DED,2018,31400
A,EUR_HAB,DED,2019,32800
A,EUR_HAB,DED,2020,32100
A,EUR_HAB,DED,2021,34000
A,EUR_HAB,DED,2022,36800
A,EUR_HAB,DED,2023,39000
A,EUR_HAB,DED,2024,40100
A,EUR_HAB,DED2,2000,17700
A,EUR_HAB,DED2,2001,18700
A,EUR_HAB,DED2,2002,19700
A,EUR_HAB,DED2,2003,20500
A,EUR_HAB,DED2,2004,21300
A,EUR_HAB,DED2,2005,21300
A,EUR_HAB,DED2,2006,22200
A,EUR_HAB,DED2,2007,23400
A,EUR_HAB,DED2,2008,23600
A,EUR_HAB,DED2,2009,23200
A,EUR_HAB,DED2,2010,24100
A,EUR_HAB,DED2,2011,25100
A,EUR_HAB,DED2,2012,25500
A,EUR_HAB,DED2,2013,26300
A,EUR_HAB,DED2,2014,27500
A,EUR_HAB,DED2,2015,29000
A,EUR_HAB,DED2,2016,29800
A,EUR_HAB,DED2,2017,31000
A,EUR_HAB,DED2,2018,32100
A,EUR_HAB,DED2,2019,33500
A,EUR_HAB,DED2,2020,32900
A,EUR_HAB,DED2,2021,34600
A,EUR_HAB,DED2,2022,37900
A,EUR_HAB,DED2,2023,39900
A,EUR_HAB,DED2,2024,40900
A,EUR_HAB,DED4,2000,16300
A,EUR_HAB,DED4,2001,16900
A,EUR_HAB,DED4,2002,17500
A,EUR_HAB,DED4,2003,18000
A,EUR_HAB,DED4,2004,18600
A,EUR_HAB,DED4,2005,18800
A,EUR_HAB,DED4,2006,20100
A,EUR_HAB,DED4,2007,21100
A,EUR_HAB,DED4,2008,21600
A,EUR_HAB,DED4,2009,20900
A,EUR_HAB,DED4,2010,22100
A,EUR_HAB,DED4,2011,23300
A,EUR_HAB,DED4,2012,23600
A,EUR_HAB,DED4,2013,24000
A,EUR_HAB,DED4,2014,25300
A,EUR_HAB,DED4,2015,26100
A,EUR_HAB,DED4,2016,27000
A,EUR_HAB,DED4,2017,28200
A,EUR_HAB,DED4,2018,29000
A,EUR_HAB,DED4,2019,30000
A,EUR_HAB,DED4,2020,29400
A,EUR_HAB,DED4,2021,31000
A,EUR_HAB,DED4,2022,33200
A,EUR_HAB,DED4,2023,35500
A,EUR_HAB,DED4,2024,36500
A,EUR_HAB,DED5,2000,18800
A,EUR_HAB,DED5,2001,19500
A,EUR_HAB,DED5,2002,20200
A,EUR_HAB,DED5,2003,20600
A,EUR_HAB,DED5,2004,21100
A,EUR_HAB,DED5,2005,21200
A,EUR_HAB,DED5,2006,22800
A,EUR_HAB,DED5,2007,23900
A,EUR_HAB,DED5,2008,24500
A,EUR_HAB,DED5,2009,24400
A,EUR_HAB,DED5,2010,25500
A,EUR_HAB,DED5,2011,27200
A,EUR_HAB,DED5,2012,28100
A,EUR_HAB,DED5,2013,29000
A,EUR_HAB,DED5,2014,30300
A,EUR_HAB,DED5,2015,31000
A,EUR_HAB,DED5,2016,31800
A,EUR_HAB,DED5,2017,33200
A,EUR_HAB,DED5,2018,33900
A,EUR_HAB,DED5,2019,35400
A,EUR_HAB,DED5,2020,34500
A,EUR_HAB,DED5,2021,37100
A,EUR_HAB,DED5,2022,40100
A,EUR_HAB,DED5,2023,42400
A,EUR_HAB,DED5,2024,43400
A,EUR_HAB,DEE,2000,16400
A,EUR_HAB,DEE,2001,16900
A,EUR_HAB,DEE,2002,17700
A,EUR_HAB,DEE,2003,18000
A,EUR_HAB,DEE,2004,18600
A,EUR_HAB,DEE,2005,18800
A,EUR_HAB,DEE,2006,19900
A,EUR_HAB,DEE,2007,21100
A,EUR_HAB,DEE,2008,21700
A,EUR_HAB,DEE,2009,21000
A,EUR_HAB,DEE,2010,22500
A,EUR_HAB,DEE,2011,23200
A,EUR_HAB,DEE,2012,24300
A,EUR_HAB,DEE,2013,24700
A,EUR_HAB,DEE,2014,25400
A,EUR_HAB,DEE,2015,25900
A,EUR_HAB,DEE,2016,26600
A,EUR_HAB,DEE,2017,27800
A,EUR_HAB,DEE,2018,28400
A,EUR_HAB,DEE,2019,30000
A,EUR_HAB,DEE,2020,29800
A,EUR_HAB,DEE,2021,31600
A,EUR_HAB,DEE,2022,34900
A,EUR_HAB,DEE,2023,36400
A,EUR_HAB,DEE,2024,37200
A,EUR_HAB,DEE0,2000,16400
A,EUR_HAB,DEE0,2001,16900
A,EUR_HAB,DEE0,2002,17700
A,EUR_HAB,DEE0,2003,18000
A,EUR_HAB,DEE0,2004,18600
A,EUR_HAB,DEE0,2005,18800
A,EUR_HAB,DEE0,2006,19900
A,EUR_HAB,DEE0,2007,21100
A,EUR_HAB,DEE0,2008,21700
A,EUR_HAB,DEE0,2009,21000
A,EUR_HAB,DEE0,2010,22500
A,EUR_HAB,DEE0,2011,23200
A,EUR_HAB,DEE0,2012,24300
A,EUR_HAB,DEE0,2013,24700
A,EUR_HAB,DEE0,2014,25400
A,EUR_HAB,DEE0,2015,25900
A,EUR_HAB,DEE0,2016,26600
A,EUR_HAB,DEE0,2017,27800
A,EUR_HAB,DEE0,2018,28400
A,EUR_HAB,DEE0,2019,30000
A,EUR_HAB,DEE0,2020,29800
A,EUR_HAB,DEE0,2021,31600
A,EUR_HAB,DEE0,2022,34900
A,EUR_HAB,DEE0,2023,36400
A,EUR_HAB,DEE0,2024,37200
A,EUR_HAB,DEF,2000,23300
A,EUR_HAB,DEF,2001,23900
A,EUR_HAB,DEF,2002,23500
A,EUR_HAB,DEF,2003,23700
A,EUR_HAB,DEF,2004,24100
A,EUR_HAB,DEF,2005,24300
A,EUR_HAB,DEF,2006,25000
A,EUR_HAB,DEF,2007,25600
A,EUR_HAB,DEF,2008,26400
A,EUR_HAB,DEF,2009,25700
A,EUR_HAB,DEF,2010,26300
A,EUR_HAB,DEF,2011,27300
A,EUR_HAB,DEF,2012,28300
A,EUR_HAB,DEF,2013,28600
A,EUR_HAB,DEF,2014,29400
A,EUR_HAB,DEF,2015,30000
A,EUR_HAB,DEF,2016,30600
A,EUR_HAB,DEF,2017,32400
A,EUR_HAB,DEF,2018,33200
A,EUR_HAB,DEF,2019,34700
A,EUR_HAB,DEF,2020,34500
A,EUR_HAB,DEF,2021,36600
A,EUR_HAB,DEF,2022,40500
A,EUR_HAB,DEF,2023,41500
A,EUR_HAB,DEF,2024,43100
A,EUR_HAB,DEF0,2000,23300
A,EUR_HAB,DEF0,2001,23900
A,EUR_HAB,DEF0,2002,23500
A,EUR_HAB,DEF0,2003,23700
A,EUR_HAB,DEF0,2004,24100
A,EUR_HAB,DEF0,2005,24300
A,EUR_HAB,DEF0,2006,25000
A,EUR_HAB,DEF0,2007,25600
A,EUR_HAB,DEF0,2008,26400
A,EUR_HAB,DEF0,2009,25700
A,EUR_HAB,DEF0,2010,26300
A,EUR_HAB,DEF0,2011,27300
A,EUR_HAB,DEF0,2012,28300
A,EUR_HAB,DEF0,2013,28600
A,EUR_HAB,DEF0,2014,29400
A,EUR_HAB,DEF0,2015,30000
A,EUR_HAB,DEF0,2016,30600
A,EUR_HAB,DEF0,2017,32400
A,EUR_HAB,DEF0,2018,33200
A,EUR_HAB,DEF0,2019,34700
A,EUR_HAB,DEF0,2020,34500
A,EUR_HAB,DEF0,2021,36600
A,EUR_HAB,DEF0,2022,40500
A,EUR_HAB,DEF0,2023,41500
A,EUR_HAB,DEF0,2024,43100
A,EUR_HAB,DEG,2000,16500
A,EUR_HAB,DEG,2001,17100
A,EUR_HAB,DEG,2002,17500
A,EUR_HAB,DEG,2003,18100
A,EUR_HAB,DEG,2004,18600
A,EUR_HAB,DEG,2005,18800
A,EUR_HAB,DEG,2006,19800
A,EUR_HAB,DEG,2007,20900
A,EUR_HAB,DEG,2008,21400
A,EUR_HAB,DEG,2009,20800
A,EUR_HAB,DEG,2010,22200
A,EUR_HAB,DEG,2011,23600
A,EUR_HAB,DEG,2012,24000
A,EUR_HAB,DEG,2013,25100
A,EUR_HAB,DEG,2014,26400
A,EUR_HAB,DEG,2015,27000
A,EUR_HAB,DEG,2016,27800
A,EUR_HAB,DEG,2017,28900
A,EUR_HAB,DEG,2018,29500
A,EUR_HAB,DEG,2019,30500
A,EUR_HAB,DEG,2020,30200
A,EUR_HAB,DEG,2021,31800
A,EUR_HAB,DEG,2022,34100
A,EUR_HAB,DEG,2023,36400
A,EUR_HAB,DEG,2024,37100
A,EUR_HAB,DEG0,2000,16500
A,EUR_HAB,DEG0,2001,17100
A,EUR_HAB,DEG0,2002,17500
A,EUR_HAB,DEG0,2003,18100
A,EUR_HAB,DEG0,2004,18600
A,EUR_HAB,DEG0,2005,18800
A,EUR_HAB,DEG0,2006,19800
A,EUR_HAB,DEG0,2007,20900
A,EUR_HAB,DEG0,2008,21400
A,EUR_HAB,DEG0,2009,20800
A,EUR_HAB,DEG0,2010,22200
A,EUR_HAB,DEG0,2011,23600
A,EUR_HAB,DEG0,2012,24000
A,EUR_HAB,DEG0,2013,25100
A,EUR_HAB,DEG0,2014,26400
A,EUR_HAB,DEG0,2015,27000
A,EUR_HAB,DEG0,2016,27800
A,EUR_HAB,DEG0,2017,28900
A,EUR_HAB,DEG0,2018,29500
A,EUR_HAB,DEG0,2019,30500
A,EUR_HAB,DEG0,2020,30200
A,EUR_HAB,DEG0,2021,31800
A,EUR_HAB,DEG0,2022,34100
A,EUR_HAB,DEG0,2023,36400
A,EUR_HAB,DEG0,2024,37100
A,EUR_HAB,DK,2000,33300
A,EUR_HAB,DK,2001,34400
A,EUR_HAB,DK,2002,35300
A,EUR_HAB,DK,2003,35900
A,EUR_HAB,DK,2004,37600
A,EUR_HAB,DK,2005,39400
A,EUR_HAB,DK,2006,41600
A,EUR_HAB,DK,2007,42800
A,EUR_HAB,DK,2008,44200
A,EUR_HAB,DK,2009,42100
A,EUR_HAB,DK,2010,43900
A,EUR_HAB,DK,2011,44500
A,EUR_HAB,DK,2012,45500
A,EUR_HAB,DK,2013,46200
A,EUR_HAB,DK,2014,47100
A,EUR_HAB,DK,2015,47900
A,EUR_HAB,DK,2016,49300
A,EUR_HAB,DK,2017,51100
A,EUR_HAB,DK,2018,52000
A,EUR_HAB,DK,2019,53000
A,EUR_HAB,DK,2020,53500
A,EUR_HAB,DK,2021,58600
A,EUR_HAB,DK,2022,64400
A,EUR_HAB,DK,2023,62900
A,EUR_HAB,DK,2024,65700
A,EUR_HAB,DK0,2000,32300
A,EUR_HAB,DK0,2001,33500
A,EUR_HAB,DK0,2002,34400
A,EUR_HAB,DK0,2003,35000
A,EUR_HAB,DK0,2004,36400
A,EUR_HAB,DK0,2005,37800
A,EUR_HAB,DK0,2006,39800
A,EUR_HAB,DK0,2007,41100
A,EUR_HAB,DK0,2008,42300
A,EUR_HAB,DK0,2009,40800
A,EUR_HAB,DK0,2010,42600
A,EUR_HAB,DK0,2011,43000
A,EUR_HAB,DK0,2012,44000
A,EUR_HAB,DK0,2013,44900
A,EUR_HAB,DK0,2014,46000
A,EUR_HAB,DK0,2015,47300
A,EUR_HAB,DK0,2016,48700
A,EUR_HAB,DK0,2017,50500
A,EUR_HAB,DK0,2018,51300
A,EUR_HAB,DK0,2019,52500
A,EUR_HAB,DK0,2020,53300
A,EUR_HAB,DK0,2021,58300
A,EUR_HAB,DK0,2022,63600
A,EUR_HAB,DK0,2023,62400
A,EUR_HAB,DK0,2024,65200
A,EUR_HAB,DK01,2000,40400
A,EUR_HAB,DK01,2001,41900
A,EUR_HAB,DK01,2002,42200
A,EUR_HAB,DK01,2003,43200
A,EUR_HAB,DK01,2004,45800
A,EUR_HAB,DK01,2005,49100
A,EUR_HAB,DK01,2006,49900
A,EUR_HAB,DK01,2007,51400
A,EUR_HAB,DK01,2008,53400
A,EUR_HAB,DK01,2009,51700
A,EUR_HAB,DK01,2010,55300
A,EUR_HAB,DK01,2011,54900
A,EUR_HAB,DK01,2012,56500
A,EUR_HAB,DK01,2013,58200
A,EUR_HAB,DK01,2014,60200
A,EUR_HAB,DK01,2015,62400
A,EUR_HAB,DK01,2016,63600
A,EUR_HAB,DK01,2017,66200
A,EUR_HAB,DK01,2018,67500
A,EUR_HAB,DK01,2019,68200
A,EUR_HAB,DK01,2020,68900
A,EUR_HAB,DK01,2021,78800
A,EUR_HAB,DK01,2022,92500
A,EUR_HAB,DK01,2023,85000
A,EUR_HAB,DK01,2024,90600
A,EUR_HAB,DK02,2000,23800
A,EUR_HAB,DK02,2001,24800
A,EUR_HAB,DK02,2002,25800
A,EUR_HAB,DK02,2003,26300
A,EUR_HAB,DK02,2004,27300
A,EUR_HAB,DK02,2005,28000
A,EUR_HAB,DK02,2006,29500
A,EUR_HAB,DK02,2007,30000
A,EUR_HAB,DK02,2008,29800
A,EUR_HAB,DK02,2009,29000
A,EUR_HAB,DK02,2010,30200
A,EUR_HAB,DK02,2011,30300
A,EUR_HAB,DK02,2012,30900
A,EUR_HAB,DK02,2013,31600
A,EUR_HAB,DK02,2014,32000
A,EUR_HAB,DK02,2015,33900
A,EUR_HAB,DK02,2016,34000
A,EUR_HAB,DK02,2017,35300
A,EUR_HAB,DK02,2018,35900
A,EUR_HAB,DK02,2019,37300
A,EUR_HAB,DK02,2020,37600
A,EUR_HAB,DK02,2021,39600
A,EUR_HAB,DK02,2022,41700
A,EUR_HAB,DK02,2023,44600
A,EUR_HAB,DK02,2024,46500
A,EUR_HAB,DK03,2000,29900
A,EUR_HAB,DK03,2001,30900
A,EUR_HAB,DK03,2002,32000
A,EUR_HAB,DK03,2003,32600
A,EUR_HAB,DK03,2004,33600
A,EUR_HAB,DK03,2005,34000
A,EUR_HAB,DK03,2006,36700
A,EUR_HAB,DK03,2007,38400
A,EUR_HAB,DK03,2008,39600
A,EUR_HAB,DK03,2009,37700
A,EUR_HAB,DK03,2010,39300
A,EUR_HAB,DK03,2011,40200
A,EUR_HAB,DK03,2012,40800
A,EUR_HAB,DK03,2013,41800
A,EUR_HAB,DK03,2014,42500
A,EUR_HAB,DK03,2015,43200
A,EUR_HAB,DK03,2016,44200
A,EUR_HAB,DK03,2017,45500
A,EUR_HAB,DK03,2018,46000
A,EUR_HAB,DK03,2019,47200
A,EUR_HAB,DK03,2020,47800
A,EUR_HAB,DK03,2021,50800
A,EUR_HAB,DK03,2022,52900
A,EUR_HAB,DK03,2023,54500
A,EUR_HAB,DK03,2024,55500
A,EUR_HAB,DK04,2000,31000
A,EUR_HAB,DK04,2001,32200
A,EUR_HAB,DK04,2002,33500
A,EUR_HAB,DK04,2003,33600
A,EUR_HAB,DK04,2004,34600
A,EUR_HAB,DK04,2005,35200
A,EUR_HAB,DK04,2006,38200
A,EUR_HAB,DK04,2007,39300
A,EUR_HAB,DK04,2008,40200
A,EUR_HAB,DK04,2009,39100
A,EUR_HAB,DK04,2010,39100
A,EUR_HAB,DK04,2011,40400
A,EUR_HAB,DK04,2012,40700
A,EUR_HAB,DK04,2013,41100
A,EUR_HAB,DK04,2014,41900
A,EUR_HAB,DK04,2015,41900
A,EUR_HAB,DK04,2016,45100
A,EUR_HAB,DK04,2017,46400
A,EUR_HAB,DK04,2018,47000
A,EUR_HAB,DK04,2019,48800
A,EUR_HAB,DK04,2020,50100
A,EUR_HAB,DK04,2021,53200
A,EUR_HAB,DK04,2022,53600
A,EUR_HAB,DK04,2023,54600
A,EUR_HAB,DK04,2024,55900
A,EUR_HAB,DK05,2000,28800
A,EUR_HAB,DK05,2001,29800
A,EUR_HAB,DK05,2002,31400
A,EUR_HAB,DK05,2003,32000
A,EUR_HAB,DK05,2004,32100
A,EUR_HAB,DK05,2005,32900
A,EUR_HAB,DK05,2006,35600
A,EUR_HAB,DK05,2007,36800
A,EUR_HAB,DK05,2008,37900
A,EUR_HAB,DK05,2009,36700
A,EUR_HAB,DK05,2010,37200
A,EUR_HAB,DK05,2011,37500
A,EUR_HAB,DK05,2012,38700
A,EUR_HAB,DK05,2013,38900
A,EUR_HAB,DK05,2014,39000
A,EUR_HAB,DK05,2015,40200
A,EUR_HAB,DK05,2016,41200
A,EUR_HAB,DK05,2017,42900
A,EUR_HAB,DK05,2018,43400
A,EUR_HAB,DK05,2019,44400
A,EUR_HAB,DK05,2020,44900
A,EUR_HAB,DK05,2021,46800
A,EUR_HAB,DK05,2022,48200
A,EUR_HAB,DK05,2023,50000
A,EUR_HAB,DK05,2024,51500
A,EUR_HAB,EE,2000,4400
A,EUR_HAB,EE,2001,5000
A,EUR_HAB,EE,2002,5700
A,EUR_HAB,EE,2003,6400
A,EUR_HAB,EE,2004,7200
A,EUR_HAB,EE,2005,8300
A,EUR_HAB,EE,2006,10000
A,EUR_HAB,EE,2007,12200
A,EUR_HAB,EE,2008,12400
A,EUR_HAB,EE,2009,10600
A,EUR_HAB,EE,2010,11100
A,EUR_HAB,EE,2011,12600
A,EUR_HAB,EE,2012,13600
A,EUR_HAB,EE,2013,14500
A,EUR_HAB,EE,2014,15500
A,EUR_HAB,EE,2015,16000
A,EUR_HAB,EE,2016,16900
A,EUR_HAB,EE,2017,18500
A,EUR_HAB,EE,2018,20000
A,EUR_HAB,EE,2019,21500
A,EUR_HAB,EE,2020,21000
A,EUR_HAB,EE,2021,23600
A,EUR_HAB,EE,2022,27300
A,EUR_HAB,EE,2023,28100
A,EUR_HAB,EE,2024,29000
A,EUR_HAB,EE0,2000,4400
A,EUR_HAB,EE0,2001,5000
A,EUR_HAB,EE0,2002,5700
A,EUR_HAB,EE0,2003,6400
A,EUR_HAB,EE0,2004,7200
A,EUR_HAB,EE0,2005,8300
A,EUR_HAB,EE0,2006,10000
A,EUR_HAB,EE0,2007,12200
A,EUR_HAB,EE0,2008,12400
A,EUR_HAB,EE0,2009,10600
A,EUR_HAB,EE0,2010,11100
A,EUR_HAB,EE0,2011,12600
A,EUR_HAB,EE0,2012,13600
A,EUR_HAB,EE0,2013,14500
A,EUR_HAB,EE0,2014,15500
A,EUR_HAB,EE0,2015,16000
A,EUR_HAB,EE0,2016,16900
A,EUR_HAB,EE0,2017,18500
A,EUR_HAB,EE0,2018,20000
A,EUR_HAB,EE0,2019,21500
A,EUR_HAB,EE0,2020,21000
A,EUR_HAB,EE0,2021,23600
A,EUR_HAB,EE0,2022,27300
A,EUR_HAB,EE0,2023,28100
A,EUR_HAB,EE0,2024,29000
A,EUR_HAB,EE00,2000,4400
A,EUR_HAB,EE00,2001,5000
A,EUR_HAB,EE00,2002,5700
A,EUR_HAB,EE00,2003,6400
A,EUR_HAB,EE00,2004,7200
A,EUR_HAB,EE00,2005,8300
A,EUR_HAB,EE00,2006,10000
A,EUR_HAB,EE00,2007,12200
A,EUR_HAB,EE00,2008,12400
A,EUR_HAB,EE00,2009,10600
A,EUR_HAB,EE00,2010,11100
A,EUR_HAB,EE00,2011,12600
A,EUR_HAB,EE00,2012,13600
A,EUR_HAB,EE00,2013,14500
A,EUR_HAB,EE00,2014,15500
A,EUR_HAB,EE00,2015,16000
A,EUR_HAB,EE00,2016,16900
A,EUR_HAB,EE00,2017,18500
A,EUR_HAB,EE00,2018,20000
A,EUR_HAB,EE00,2019,21500
A,EUR_HAB,EE00,2020,21000
A,EUR_HAB,EE00,2021,23600
A,EUR_HAB,EE00,2022,27300
A,EUR_HAB,EE00,2023,28100
A,EUR_HAB,EE00,2024,29000
A,EUR_HAB,EL,2000,12800
A,EUR_HAB,EL,2001,13600
A,EUR_HAB,EL,2002,14600
A,EUR_HAB,EL,2003,15900
A,EUR_HAB,EL,2004,17200
A,EUR_HAB,EL,2005,17700
A,EUR_HAB,EL,2006,19400
A,EUR_HAB,EL,2007,20800
A,EUR_HAB,EL,2008,21600
A,EUR_HAB,EL,2009,21100
A,EUR_HAB,EL,2010,20100
A,EUR_HAB,EL,2011,18300
A,EUR_HAB,EL,2012,16800
A,EUR_HAB,EL,2013,16200
A,EUR_HAB,EL,2014,16200
A,EUR_HAB,EL,2015,16200
A,EUR_HAB,EL,2016,16200
A,EUR_HAB,EL,2017,16500
A,EUR_HAB,EL,2018,16800
A,EUR_HAB,EL,2019,17300
A,EUR_HAB,EL,2020,15700
A,EUR_HAB,EL,2021,17300
A,EUR_HAB,EL,2022,19600
A,EUR_HAB,EL,2023,21300
A,EUR_HAB,EL,2024,22500
A,EUR_HAB,EL3,2000,16200
A,EUR_HAB,EL3,2001,17200
A,EUR_HAB,EL3,2002,18800
A,EUR_HAB,EL3,2003,20600
A,EUR_HAB,EL3,2004,22400
A,EUR_HAB,EL3,2005,23100
A,EUR_HAB,EL3,2006,25800
A,EUR_HAB,EL3,2007,27600
A,EUR_HAB,EL3,2008,28700
A,EUR_HAB,EL3,2009,28400
A,EUR_HAB,EL3,2010,27100
A,EUR_HAB,EL3,2011,24800
A,EUR_HAB,EL3,2012,22500
A,EUR_HAB,EL3,2013,21800
A,EUR_HAB,EL3,2014,21800
A,EUR_HAB,EL3,2015,21900
A,EUR_HAB,EL3,2016,22000
A,EUR_HAB,EL3,2017,22500
A,EUR_HAB,EL3,2018,23000
A,EUR_HAB,EL3,2019,23800
A,EUR_HAB,EL3,2020,21800
A,EUR_HAB,EL3,2021,24100
A,EUR_HAB,EL3,2022,26900
A,EUR_HAB,EL3,2023,29700
A,EUR_HAB,EL3,2024,31300
A,EUR_HAB,EL30,2000,16200
A,EUR_HAB,EL30,2001,17200
A,EUR_HAB,EL30,2002,18800
A,EUR_HAB,EL30,2003,20600
A,EUR_HAB,EL30,2004,22400
A,EUR_HAB,EL30,2005,23100
A,EUR_HAB,EL30,2006,25800
A,EUR_HAB,EL30,2007,27600
A,EUR_HAB,EL30,2008,28700
A,EUR_HAB,EL30,2009,28400
A,EUR_HAB,EL30,2010,27100
A,EUR_HAB,EL30,2011,24800
A,EUR_HAB,EL30,2012,22500
A,EUR_HAB,EL30,2013,21800
A,EUR_HAB,EL30,2014,21800
A,EUR_HAB,EL30,2015,21900
A,EUR_HAB,EL30,2016,22000
A,EUR_HAB,EL30,2017,22500
A,EUR_HAB,EL30,2018,23000
A,EUR_HAB,EL30,2019,23800
A,EUR_HAB,EL30,2020,21800
A,EUR_HAB,EL30,2021,24100
A,EUR_HAB,EL30,2022,26900
A,EUR_HAB,EL30,2023,29700
A,EUR_HAB,EL30,2024,31300
A,EUR_HAB,EL4,2000,12100
A,EUR_HAB,EL4,2001,12900
A,EUR_HAB,EL4,2002,13300
A,EUR_HAB,EL4,2003,14800
A,EUR_HAB,EL4,2004,16200
A,EUR_HAB,EL4,2005,16700
A,EUR_HAB,EL4,2006,18100
A,EUR_HAB,EL4,2007,19100
A,EUR_HAB,EL4,2008,20200
A,EUR_HAB,EL4,2009,19400
A,EUR_HAB,EL4,2010,18300
A,EUR_HAB,EL4,2011,16400
A,EUR_HAB,EL4,2012,14800
A,EUR_HAB,EL4,2013,14900
A,EUR_HAB,EL4,2014,15000
A,EUR_HAB,EL4,2015,14900
A,EUR_HAB,EL4,2016,14400
A,EUR_HAB,EL4,2017,14600
A,EUR_HAB,EL4,2018,14800
A,EUR_HAB,EL4,2019,15100
A,EUR_HAB,EL4,2020,12500
A,EUR_HAB,EL4,2021,14100
A,EUR_HAB,EL4,2022,16400
A,EUR_HAB,EL4,2023,18300
A,EUR_HAB,EL4,2024,19400
A,EUR_HAB,EL41,2000,9200
A,EUR_HAB,EL41,2001,9900
A,EUR_HAB,EL41,2002,10100
A,EUR_HAB,EL41,2003,12100
A,EUR_HAB,EL41,2004,12800
A,EUR_HAB,EL41,2005,13600
A,EUR_HAB,EL41,2006,15100
A,EUR_HAB,EL41,2007,16200
A,EUR_HAB,EL41,2008,17200
A,EUR_HAB,EL41,2009,16700
A,EUR_HAB,EL41,2010,15700
A,EUR_HAB,EL41,2011,14400
A,EUR_HAB,EL41,2012,13200
A,EUR_HAB,EL41,2013,12800
A,EUR_HAB,EL41,2014,12800
A,EUR_HAB,EL41,2015,12500
A,EUR_HAB,EL41,2016,12100
A,EUR_HAB,EL41,2017,11700
A,EUR_HAB,EL41,2018,11400
A,EUR_HAB,EL41,2019,11300
A,EUR_HAB,EL41,2020,9900
A,EUR_HAB,EL41,2021,10700
A,EUR_HAB,EL41,2022,11900
A,EUR_HAB,EL41,2023,13100
A,EUR_HAB,EL41,2024,13800
A,EUR_HAB,EL42,2000,14900
A,EUR_HAB,EL42,2001,15300
A,EUR_HAB,EL42,2002,15400
A,EUR_HAB,EL42,2003,17200
A,EUR_HAB,EL42,2004,18900
A,EUR_HAB,EL42,2005,19900
A,EUR_HAB,EL42,2006,21400
A,EUR_HAB,EL42,2007,22800
A,EUR_HAB,EL42,2008,24300
A,EUR_HAB,EL42,2009,22800
A,EUR_HAB,EL42,2010,21600
A,EUR_HAB,EL42,2011,19600
A,EUR_HAB,EL42,2012,17900
A,EUR_HAB,EL42,2013,18400
A,EUR_HAB,EL42,2014,18400
A,EUR_HAB,EL42,2015,18000
A,EUR_HAB,EL42,2016,17300
A,EUR_HAB,EL42,2017,17400
A,EUR_HAB,EL42,2018,17900
A,EUR_HAB,EL42,2019,18400
A,EUR_HAB,EL42,2020,14300
A,EUR_HAB,EL42,2021,16400
A,EUR_HAB,EL42,2022,19000
A,EUR_HAB,EL42,2023,21600
A,EUR_HAB,EL42,2024,22900
A,EUR_HAB,EL43,2000,11500
A,EUR_HAB,EL43,2001,12500
A,EUR_HAB,EL43,2002,13300
A,EUR_HAB,EL43,2003,14400
A,EUR_HAB,EL43,2004,15900
A,EUR_HAB,EL43,2005,16000
A,EUR_HAB,EL43,2006,17300
A,EUR_HAB,EL43,2007,18100
A,EUR_HAB,EL43,2008,19000
A,EUR_HAB,EL43,2009,18400
A,EUR_HAB,EL43,2010,17400
A,EUR_HAB,EL43,2011,15300
A,EUR_HAB,EL43,2012,13800
A,EUR_HAB,EL43,2013,13700
A,EUR_HAB,EL43,2014,14000
A,EUR_HAB,EL43,2015,14000
A,EUR_HAB,EL43,2016,13600
A,EUR_HAB,EL43,2017,14100
A,EUR_HAB,EL43,2018,14300
A,EUR_HAB,EL43,2019,14700
A,EUR_HAB,EL43,2020,12500
A,EUR_HAB,EL43,2021,14100
A,EUR_HAB,EL43,2022,16500
A,EUR_HAB,EL43,2023,18300
A,EUR_HAB,EL43,2024,19500
A,EUR_HAB,EL5,2000,10400
A,EUR_HAB,EL5,2001,11000
A,EUR_HAB,EL5,2002,11700
A,EUR_HAB,EL5,2003,12500
A,EUR_HAB,EL5,2004,13600
A,EUR_HAB,EL5,2005,13800
A,EUR_HAB,EL5,2006,14900
A,EUR_HAB,EL5,2007,16000
A,EUR_HAB,EL5,2008,16600
A,EUR_HAB,EL5,2009,16200
A,EUR_HAB,EL5,2010,15600
A,EUR_HAB,EL5,2011,14300
A,EUR_HAB,EL5,2012,13300
A,EUR_HAB,EL5,2013,12600
A,EUR_HAB,EL5,2014,12500
A,EUR_HAB,EL5,2015,12500
A,EUR_HAB,EL5,2016,12500
A,EUR_HAB,EL5,2017,12600
A,EUR_HAB,EL5,2018,12900
A,EUR_HAB,EL5,2019,13100
A,EUR_HAB,EL5,2020,11900
A,EUR_HAB,EL5,2021,13100
A,EUR_HAB,EL5,2022,14900
A,EUR_HAB,EL5,2023,15900
A,EUR_HAB,EL5,2024,16800
A,EUR_HAB,EL51,2000,9900
A,EUR_HAB,EL51,2001,10300
A,EUR_HAB,EL51,2002,10800
A,EUR_HAB,EL51,2003,11600
A,EUR_HAB,EL51,2004,12400
A,EUR_HAB,EL51,2005,12800
A,EUR_HAB,EL51,2006,13100
A,EUR_HAB,EL51,2007,14500
A,EUR_HAB,EL51,2008,15200
A,EUR_HAB,EL51,2009,15000
A,EUR_HAB,EL51,2010,14900
A,EUR_HAB,EL51,2011,12900
A,EUR_HAB,EL51,2012,11900
A,EUR_HAB,EL51,2013,11200
A,EUR_HAB,EL51,2014,11000
A,EUR_HAB,EL51,2015,10900
A,EUR_HAB,EL51,2016,11100
A,EUR_HAB,EL51,2017,11100
A,EUR_HAB,EL51,2018,11300
A,EUR_HAB,EL51,2019,11400
A,EUR_HAB,EL51,2020,10500
A,EUR_HAB,EL51,2021,11700
A,EUR_HAB,EL51,2022,13100
A,EUR_HAB,EL51,2023,13800
A,EUR_HAB,EL51,2024,14600
A,EUR_HAB,EL52,2000,10500
A,EUR_HAB,EL52,2001,11200
A,EUR_HAB,EL52,2002,11900
A,EUR_HAB,EL52,2003,12700
A,EUR_HAB,EL52,2004,14000
A,EUR_HAB,EL52,2005,14100
A,EUR_HAB,EL52,2006,15300
A,EUR_HAB,EL52,2007,16600
A,EUR_HAB,EL52,2008,17300
A,EUR_HAB,EL52,2009,16800
A,EUR_HAB,EL52,2010,15700
A,EUR_HAB,EL52,2011,14500
A,EUR_HAB,EL52,2012,13300
A,EUR_HAB,EL52,2013,12600
A,EUR_HAB,EL52,2014,12400
A,EUR_HAB,EL52,2015,12600
A,EUR_HAB,EL52,2016,12800
A,EUR_HAB,EL52,2017,12900
A,EUR_HAB,EL52,2018,13300
A,EUR_HAB,EL52,2019,13600
A,EUR_HAB,EL52,2020,12500
A,EUR_HAB,EL52,2021,13700
A,EUR_HAB,EL52,2022,15800
A,EUR_HAB,EL52,2023,17000
A,EUR_HAB,EL52,2024,17900
A,EUR_HAB,EL53,2000,11800
A,EUR_HAB,EL53,2001,12400
A,EUR_HAB,EL53,2002,12700
A,EUR_HAB,EL53,2003,14200
A,EUR_HAB,EL53,2004,15300
A,EUR_HAB,EL53,2005,15900
A,EUR_HAB,EL53,2006,17200
A,EUR_HAB,EL53,2007,17500
A,EUR_HAB,EL53,2008,17500
A,EUR_HAB,EL53,2009,17800
A,EUR_HAB,EL53,2010,18000
A,EUR_HAB,EL53,2011,17700
A,EUR_HAB,EL53,2012,19000
A,EUR_HAB,EL53,2013,18200
A,EUR_HAB,EL53,2014,18300
A,EUR_HAB,EL53,2015,17200
A,EUR_HAB,EL53,2016,15900
A,EUR_HAB,EL53,2017,16000
A,EUR_HAB,EL53,2018,15900
A,EUR_HAB,EL53,2019,15200
A,EUR_HAB,EL53,2020,13400
A,EUR_HAB,EL53,2021,14600
A,EUR_HAB,EL53,2022,15700
A,EUR_HAB,EL53,2023,15500
A,EUR_HAB,EL53,2024,15800
A,EUR_HAB,EL54,2000,9700
A,EUR_HAB,EL54,2001,10300
A,EUR_HAB,EL54,2002,11000
A,EUR_HAB,EL54,2003,11800
A,EUR_HAB,EL54,2004,12300
A,EUR_HAB,EL54,2005,12500
A,EUR_HAB,EL54,2006,13400
A,EUR_HAB,EL54,2007,14100
A,EUR_HAB,EL54,2008,14300
A,EUR_HAB,EL54,2009,14000
A,EUR_HAB,EL54,2010,13800
A,EUR_HAB,EL54,2011,12700
A,EUR_HAB,EL54,2012,11300
A,EUR_HAB,EL54,2013,11100
A,EUR_HAB,EL54,2014,11000
A,EUR_HAB,EL54,2015,10900
A,EUR_HAB,EL54,2016,11000
A,EUR_HAB,EL54,2017,11000
A,EUR_HAB,EL54,2018,11300
A,EUR_HAB,EL54,2019,11500
A,EUR_HAB,EL54,2020,10400
A,EUR_HAB,EL54,2021,11400
A,EUR_HAB,EL54,2022,12700
A,EUR_HAB,EL54,2023,13800
A,EUR_HAB,EL54,2024,14600
A,EUR_HAB,EL6,2000,10900
A,EUR_HAB,EL6,2001,11600
A,EUR_HAB,EL6,2002,12300
A,EUR_HAB,EL6,2003,13600
A,EUR_HAB,EL6,2004,14500
A,EUR_HAB,EL6,2005,14800
A,EUR_HAB,EL6,2006,16100
A,EUR_HAB,EL6,2007,17000
A,EUR_HAB,EL6,2008,17500
A,EUR_HAB,EL6,2009,16900
A,EUR_HAB,EL6,2010,16000
A,EUR_HAB,EL6,2011,14500
A,EUR_HAB,EL6,2012,13600
A,EUR_HAB,EL6,2013,13000
A,EUR_HAB,EL6,2014,12900
A,EUR_HAB,EL6,2015,13100
A,EUR_HAB,EL6,2016,13100
A,EUR_HAB,EL6,2017,13300
A,EUR_HAB,EL6,2018,13600
A,EUR_HAB,EL6,2019,14000
A,EUR_HAB,EL6,2020,12800
A,EUR_HAB,EL6,2021,14200
A,EUR_HAB,EL6,2022,16000
A,EUR_HAB,EL6,2023,17000
A,EUR_HAB,EL6,2024,18000
A,EUR_HAB,EL61,2000,9300
A,EUR_HAB,EL61,2001,10000
A,EUR_HAB,EL61,2002,11400
A,EUR_HAB,EL61,2003,12800
A,EUR_HAB,EL61,2004,13800
A,EUR_HAB,EL61,2005,13600
A,EUR_HAB,EL61,2006,14800
A,EUR_HAB,EL61,2007,15600
A,EUR_HAB,EL61,2008,16200
A,EUR_HAB,EL61,2009,15700
A,EUR_HAB,EL61,2010,14400
A,EUR_HAB,EL61,2011,13000
A,EUR_HAB,EL61,2012,12400
A,EUR_HAB,EL61,2013,12000
A,EUR_HAB,EL61,2014,12000
A,EUR_HAB,EL61,2015,12300
A,EUR_HAB,EL61,2016,12200
A,EUR_HAB,EL61,2017,12300
A,EUR_HAB,EL61,2018,12700
A,EUR_HAB,EL61,2019,13200
A,EUR_HAB,EL61,2020,12200
A,EUR_HAB,EL61,2021,13900
A,EUR_HAB,EL61,2022,15100
A,EUR_HAB,EL61,2023,16300
A,EUR_HAB,EL61,2024,17300
A,EUR_HAB,EL62,2000,12800
A,EUR_HAB,EL62,2001,13700
A,EUR_HAB,EL62,2002,13800
A,EUR_HAB,EL62,2003,15800
A,EUR_HAB,EL62,2004,17000
A,EUR_HAB,EL62,2005,17900
A,EUR_HAB,EL62,2006,19100
A,EUR_HAB,EL62,2007,20300
A,EUR_HAB,EL62,2008,21400
A,EUR_HAB,EL62,2009,20100
A,EUR_HAB,EL62,2010,19000
A,EUR_HAB,EL62,2011,16400
A,EUR_HAB,EL62,2012,15100
A,EUR_HAB,EL62,2013,14900
A,EUR_HAB,EL62,2014,15200
A,EUR_HAB,EL62,2015,14900
A,EUR_HAB,EL62,2016,14800
A,EUR_HAB,EL62,2017,15100
A,EUR_HAB,EL62,2018,15500
A,EUR_HAB,EL62,2019,16000
A,EUR_HAB,EL62,2020,12700
A,EUR_HAB,EL62,2021,14500
A,EUR_HAB,EL62,2022,16900
A,EUR_HAB,EL62,2023,19500
A,EUR_HAB,EL62,2024,20800
A,EUR_HAB,EL63,2000,9800
A,EUR_HAB,EL63,2001,10400
A,EUR_HAB,EL63,2002,11100
A,EUR_HAB,EL63,2003,12200
A,EUR_HAB,EL63,2004,13300
A,EUR_HAB,EL63,2005,13700
A,EUR_HAB,EL63,2006,15200
A,EUR_HAB,EL63,2007,16100
A,EUR_HAB,EL63,2008,16300
A,EUR_HAB,EL63,2009,15600
A,EUR_HAB,EL63,2010,15200
A,EUR_HAB,EL63,2011,13600
A,EUR_HAB,EL63,2012,12600
A,EUR_HAB,EL63,2013,12000
A,EUR_HAB,EL63,2014,12000
A,EUR_HAB,EL63,2015,12100
A,EUR_HAB,EL63,2016,11900
A,EUR_HAB,EL63,2017,12100
A,EUR_HAB,EL63,2018,12100
A,EUR_HAB,EL63,2019,12400
A,EUR_HAB,EL63,2020,11400
A,EUR_HAB,EL63,2021,12400
A,EUR_HAB,EL63,2022,14200
A,EUR_HAB,EL63,2023,15200
A,EUR_HAB,EL63,2024,16000
A,EUR_HAB,EL64,2000,13800
A,EUR_HAB,EL64,2001,14400
A,EUR_HAB,EL64,2002,14900
A,EUR_HAB,EL64,2003,16200
A,EUR_HAB,EL64,2004,16800
A,EUR_HAB,EL64,2005,17500
A,EUR_HAB,EL64,2006,18200
A,EUR_HAB,EL64,2007,19000
A,EUR_HAB,EL64,2008,19500
A,EUR_HAB,EL64,2009,18700
A,EUR_HAB,EL64,2010,17700
A,EUR_HAB,EL64,2011,16300
A,EUR_HAB,EL64,2012,15200
A,EUR_HAB,EL64,2013,14300
A,EUR_HAB,EL64,2014,13800
A,EUR_HAB,EL64,2015,14000
A,EUR_HAB,EL64,2016,14200
A,EUR_HAB,EL64,2017,14600
A,EUR_HAB,EL64,2018,15000
A,EUR_HAB,EL64,2019,15200
A,EUR_HAB,EL64,2020,14600
A,EUR_HAB,EL64,2021,16000
A,EUR_HAB,EL64,2022,18200
A,EUR_HAB,EL64,2023,18500
A,EUR_HAB,EL64,2024,19600
A,EUR_HAB,EL65,2000,10800
A,EUR_HAB,EL65,2001,11600
A,EUR_HAB,EL65,2002,12100
A,EUR_HAB,EL65,2003,13100
A,EUR_HAB,EL65,2004,13700
A,EUR_HAB,EL65,2005,14200
A,EUR_HAB,EL65,2006,15800
A,EUR_HAB,EL65,2007,16800
A,EUR_HAB,EL65,2008,17400
A,EUR_HAB,EL65,2009,17000
A,EUR_HAB,EL65,2010,16300
A,EUR_HAB,EL65,2011,15100
A,EUR_HAB,EL65,2012,14200
A,EUR_HAB,EL65,2013,13700
A,EUR_HAB,EL65,2014,13500
A,EUR_HAB,EL65,2015,13800
A,EUR_HAB,EL65,2016,13900
A,EUR_HAB,EL65,2017,14300
A,EUR_HAB,EL65,2018,14400
A,EUR_HAB,EL65,2019,14800
A,EUR_HAB,EL65,2020,13500
A,EUR_HAB,EL65,2021,14700
A,EUR_HAB,EL65,2022,16900
A,EUR_HAB,EL65,2023,17800
A,EUR_HAB,EL65,2024,18700
A,EUR_HAB,ES,2000,16000
A,EUR_HAB,ES,2001,17200
A,EUR_HAB,ES,2002,18100
A,EUR_HAB,ES,2003,19000
A,EUR_HAB,ES,2004,20100
A,EUR_HAB,ES,2005,21300
A,EUR_HAB,ES,2006,22700
A,EUR_HAB,ES,2007,23800
A,EUR_HAB,ES,2008,24200
A,EUR_HAB,ES,2009,23100
A,EUR_HAB,ES,2010,23100
A,EUR_HAB,ES,2011,22900
A,EUR_HAB,ES,2012,22200
A,EUR_HAB,ES,2013,22000
A,EUR_HAB,ES,2014,22400
A,EUR_HAB,ES,2015,23400
A,EUR_HAB,ES,2016,24200
A,EUR_HAB,ES,2017,25200
A,EUR_HAB,ES,2018,26000
A,EUR_HAB,ES,2019,26600
A,EUR_HAB,ES,2020,23900
A,EUR_HAB,ES,2021,26100
A,EUR_HAB,ES,2022,28800
A,EUR_HAB,ES,2023,31000
A,EUR_HAB,ES,2024,32600
A,EUR_HAB,ES1,2000,12900
A,EUR_HAB,ES1,2001,14000
A,EUR_HAB,ES1,2002,14800
A,EUR_HAB,ES1,2003,15700
A,EUR_HAB,ES1,2004,16800
A,EUR_HAB,ES1,2005,18100
A,EUR_HAB,ES1,2006,19500
A,EUR_HAB,ES1,2007,20900
A,EUR_HAB,ES1,2008,21600
A,EUR_HAB,ES1,2009,20600
A,EUR_HAB,ES1,2010,20800
A,EUR_HAB,ES1,2011,20400
A,EUR_HAB,ES1,2012,19800
A,EUR_HAB,ES1,2013,19700
A,EUR_HAB,ES1,2014,19900
A,EUR_HAB,ES1,2015,20900
A,EUR_HAB,ES1,2016,21500
A,EUR_HAB,ES1,2017,22400
A,EUR_HAB,ES1,2018,23200
A,EUR_HAB,ES1,2019,23800
A,EUR_HAB,ES1,2020,21700
A,EUR_HAB,ES1,2021,23900
A,EUR_HAB,ES1,2022,26600
A,EUR_HAB,ES1,2023,28500
A,EUR_HAB,ES1,2024,30000
A,EUR_HAB,ES11,2000,12400
A,EUR_HAB,ES11,2001,13400
A,EUR_HAB,ES11,2002,14200
A,EUR_HAB,ES11,2003,15200
A,EUR_HAB,ES11,2004,16300
A,EUR_HAB,ES11,2005,17600
A,EUR_HAB,ES11,2006,19000
A,EUR_HAB,ES11,2007,20400
A,EUR_HAB,ES11,2008,21100
A,EUR_HAB,ES11,2009,20300
A,EUR_HAB,ES11,2010,20500
A,EUR_HAB,ES11,2011,20100
A,EUR_HAB,ES11,2012,19500
A,EUR_HAB,ES11,2013,19600
A,EUR_HAB,ES11,2014,19900
A,EUR_HAB,ES11,2015,20900
A,EUR_HAB,ES11,2016,21600
A,EUR_HAB,ES11,2017,22400
A,EUR_HAB,ES11,2018,23200
A,EUR_HAB,ES11,2019,23900
A,EUR_HAB,ES11,2020,21900
A,EUR_HAB,ES11,2021,23900
A,EUR_HAB,ES11,2022,26600
A,EUR_HAB,ES11,2023,28700
A,EUR_HAB,ES11,2024,30200
A,EUR_HAB,ES12,2000,13300
A,EUR_HAB,ES12,2001,14300
A,EUR_HAB,ES12,2002,15200
A,EUR_HAB,ES12,2003,16000
A,EUR_HAB,ES12,2004,17100
A,EUR_HAB,ES12,2005,18500
A,EUR_HAB,ES12,2006,20100
A,EUR_HAB,ES12,2007,21400
A,EUR_HAB,ES12,2008,22000
A,EUR_HAB,ES12,2009,20800
A,EUR_HAB,ES12,2010,21000
A,EUR_HAB,ES12,2011,20700
A,EUR_HAB,ES12,2012,19900
A,EUR_HAB,ES12,2013,19500
A,EUR_HAB,ES12,2014,19600
A,EUR_HAB,ES12,2015,20500
A,EUR_HAB,ES12,2016,20900
A,EUR_HAB,ES12,2017,21900
A,EUR_HAB,ES12,2018,22700
A,EUR_HAB,ES12,2019,23200
A,EUR_HAB,ES12,2020,21100
A,EUR_HAB,ES12,2021,23400
A,EUR_HAB,ES12,2022,26500
A,EUR_HAB,ES12,2023,28100
A,EUR_HAB,ES12,2024,29700
A,EUR_HAB,ES13,2000,15000
A,EUR_HAB,ES13,2001,16200
A,EUR_HAB,ES13,2002,17100
A,EUR_HAB,ES13,2003,17800
A,EUR_HAB,ES13,2004,18700
A,EUR_HAB,ES13,2005,20000
A,EUR_HAB,ES13,2006,21200
A,EUR_HAB,ES13,2007,22400
A,EUR_HAB,ES13,2008,22900
A,EUR_HAB,ES13,2009,21800
A,EUR_HAB,ES13,2010,21900
A,EUR_HAB,ES13,2011,21400
A,EUR_HAB,ES13,2012,20700
A,EUR_HAB,ES13,2013,20300
A,EUR_HAB,ES13,2014,20700
A,EUR_HAB,ES13,2015,21300
A,EUR_HAB,ES13,2016,22100
A,EUR_HAB,ES13,2017,22900
A,EUR_HAB,ES13,2018,23800
A,EUR_HAB,ES13,2019,24500
A,EUR_HAB,ES13,2020,22300
A,EUR_HAB,ES13,2021,24300
A,EUR_HAB,ES13,2022,26500
A,EUR_HAB,ES13,2023,28400
A,EUR_HAB,ES13,2024,29900
A,EUR_HAB,ES2,2000,18800
A,EUR_HAB,ES2,2001,20100
A,EUR_HAB,ES2,2002,21200
A,EUR_HAB,ES2,2003,22300
A,EUR_HAB,ES2,2004,23500
A,EUR_HAB,ES2,2005,25000
A,EUR_HAB,ES2,2006,26700
A,EUR_HAB,ES2,2007,28300
A,EUR_HAB,ES2,2008,29000
A,EUR_HAB,ES2,2009,27600
A,EUR_HAB,ES2,2010,27800
A,EUR_HAB,ES2,2011,27500
A,EUR_HAB,ES2,2012,26700
A,EUR_HAB,ES2,2013,26600
A,EUR_HAB,ES2,2014,27100
A,EUR_HAB,ES2,2015,28100
A,EUR_HAB,ES2,2016,28900
A,EUR_HAB,ES2,2017,30000
A,EUR_HAB,ES2,2018,30900
A,EUR_HAB,ES2,2019,31600
A,EUR_HAB,ES2,2020,28700
A,EUR_HAB,ES2,2021,31200
A,EUR_HAB,ES2,2022,34600
A,EUR_HAB,ES2,2023,37000
A,EUR_HAB,ES2,2024,39000
A,EUR_HAB,ES21,2000,19600
A,EUR_HAB,ES21,2001,20900
A,EUR_HAB,ES21,2002,22000
A,EUR_HAB,ES21,2003,23100
A,EUR_HAB,ES21,2004,24400
A,EUR_HAB,ES21,2005,26100
A,EUR_HAB,ES21,2006,28100
A,EUR_HAB,ES21,2007,29700
A,EUR_HAB,ES21,2008,30600
A,EUR_HAB,ES21,2009,29200
A,EUR_HAB,ES21,2010,29500
A,EUR_HAB,ES21,2011,29300
A,EUR_HAB,ES21,2012,28600
A,EUR_HAB,ES21,2013,28300
A,EUR_HAB,ES21,2014,28800
A,EUR_HAB,ES21,2015,30000
A,EUR_HAB,ES21,2016,30800
A,EUR_HAB,ES21,2017,31900
A,EUR_HAB,ES21,2018,32800
A,EUR_HAB,ES21,2019,33600
A,EUR_HAB,ES21,2020,30100
A,EUR_HAB,ES21,2021,32900
A,EUR_HAB,ES21,2022,36300
A,EUR_HAB,ES21,2023,39000
A,EUR_HAB,ES21,2024,41000
A,EUR_HAB,ES22,2000,20600
A,EUR_HAB,ES22,2001,21700
A,EUR_HAB,ES22,2002,22800
A,EUR_HAB,ES22,2003,23800
A,EUR_HAB,ES22,2004,25100
A,EUR_HAB,ES22,2005,26600
A,EUR_HAB,ES22,2006,28100
A,EUR_HAB,ES22,2007,29300
A,EUR_HAB,ES22,2008,29900
A,EUR_HAB,ES22,2009,28600
A,EUR_HAB,ES22,2010,28500
A,EUR_HAB,ES22,2011,28300
A,EUR_HAB,ES22,2012,27200
A,EUR_HAB,ES22,2013,27200
A,EUR_HAB,ES22,2014,27700
A,EUR_HAB,ES22,2015,28800
A,EUR_HAB,ES22,2016,29600
A,EUR_HAB,ES22,2017,30600
A,EUR_HAB,ES22,2018,31200
A,EUR_HAB,ES22,2019,32100
A,EUR_HAB,ES22,2020,29000
A,EUR_HAB,ES22,2021,31500
A,EUR_HAB,ES22,2022,34700
A,EUR_HAB,ES22,2023,37000
A,EUR_HAB,ES22,2024,39100
A,EUR_HAB,ES23,2000,18000
A,EUR_HAB,ES23,2001,19100
A,EUR_HAB,ES23,2002,19800
A,EUR_HAB,ES23,2003,20900
A,EUR_HAB,ES23,2004,21700
A,EUR_HAB,ES23,2005,22900
A,EUR_HAB,ES23,2006,24400
A,EUR_HAB,ES23,2007,25500
A,EUR_HAB,ES23,2008,26000
A,EUR_HAB,ES23,2009,24700
A,EUR_HAB,ES23,2010,25000
A,EUR_HAB,ES23,2011,24700
A,EUR_HAB,ES23,2012,24000
A,EUR_HAB,ES23,2013,23900
A,EUR_HAB,ES23,2014,24600
A,EUR_HAB,ES23,2015,25600
A,EUR_HAB,ES23,2016,25700
A,EUR_HAB,ES23,2017,26600
A,EUR_HAB,ES23,2018,27500
A,EUR_HAB,ES23,2019,28000
A,EUR_HAB,ES23,2020,25700
A,EUR_HAB,ES23,2021,27400
A,EUR_HAB,ES23,2022,30400
A,EUR_HAB,ES23,2023,32400
A,EUR_HAB,ES23,2024,34100
A,EUR_HAB,ES24,2000,17000
A,EUR_HAB,ES24,2001,18200
A,EUR_HAB,ES24,2002,19500
A,EUR_HAB,ES24,2003,20600
A,EUR_HAB,ES24,2004,21700
A,EUR_HAB,ES24,2005,22900
A,EUR_HAB,ES24,2006,24500
A,EUR_HAB,ES24,2007,26100
A,EUR_HAB,ES24,2008,26500
A,EUR_HAB,ES24,2009,25100
A,EUR_HAB,ES24,2010,25400
A,EUR_HAB,ES24,2011,25000
A,EUR_HAB,ES24,2012,24000
A,EUR_HAB,ES24,2013,24200
A,EUR_HAB,ES24,2014,24600
A,EUR_HAB,ES24,2015,25200
A,EUR_HAB,ES24,2016,26200
A,EUR_HAB,ES24,2017,27400
A,EUR_HAB,ES24,2018,28300
A,EUR_HAB,ES24,2019,29000
A,EUR_HAB,ES24,2020,27000
A,EUR_HAB,ES24,2021,29100
A,EUR_HAB,ES24,2022,32700
A,EUR_HAB,ES24,2023,34700
A,EUR_HAB,ES24,2024,36700
A,EUR_HAB,ES3,2000,21200
A,EUR_HAB,ES3,2001,22900
A,EUR_HAB,ES3,2002,23900
A,EUR_HAB,ES3,2003,25000
A,EUR_HAB,ES3,2004,26400
A,EUR_HAB,ES3,2005,28000
A,EUR_HAB,ES3,2006,30100
A,EUR_HAB,ES3,2007,31600
A,EUR_HAB,ES3,2008,32100
A,EUR_HAB,ES3,2009,31400
A,EUR_HAB,ES3,2010,31100
A,EUR_HAB,ES3,2011,31100
A,EUR_HAB,ES3,2012,30600
A,EUR_HAB,ES3,2013,30300
A,EUR_HAB,ES3,2014,30800
A,EUR_HAB,ES3,2015,32300
A,EUR_HAB,ES3,2016,33300
A,EUR_HAB,ES3,2017,34600
A,EUR_HAB,ES3,2018,35600
A,EUR_HAB,ES3,2019,36600
A,EUR_HAB,ES3,2020,32900
A,EUR_HAB,ES3,2021,35700
A,EUR_HAB,ES3,2022,39200
A,EUR_HAB,ES3,2023,42600
A,EUR_HAB,ES3,2024,44700
A,EUR_HAB,ES30,2000,21200
A,EUR_HAB,ES30,2001,22900
A,EUR_HAB,ES30,2002,23900
A,EUR_HAB,ES30,2003,25000
A,EUR_HAB,ES30,2004,26400
A,EUR_HAB,ES30,2005,28000
A,EUR_HAB,ES30,2006,30100
A,EUR_HAB,ES30,2007,31600
A,EUR_HAB,ES30,2008,32100
A,EUR_HAB,ES30,2009,31400
A,EUR_HAB,ES30,2010,31100
A,EUR_HAB,ES30,2011,31100
A,EUR_HAB,ES30,2012,30600
A,EUR_HAB,ES30,2013,30300
A,EUR_HAB,ES30,2014,30800
A,EUR_HAB,ES30,2015,32300
A,EUR_HAB,ES30,2016,33300
A,EUR_HAB,ES30,2017,34600
A,EUR_HAB,ES30,2018,35600
A,EUR_HAB,ES30,2019,36600
A,EUR_HAB,ES30,2020,32900
A,EUR_HAB,ES30,2021,35700
A,EUR_HAB,ES30,2022,39200
A,EUR_HAB,ES30,2023,42600
A,EUR_HAB,ES30,2024,44700
A,EUR_HAB,ES4,2000,13100
A,EUR_HAB,ES4,2001,14100
A,EUR_HAB,ES4,2002,14900
A,EUR_HAB,ES4,2003,15800
A,EUR_HAB,ES4,2004,16700
A,EUR_HAB,ES4,2005,17800
A,EUR_HAB,ES4,2006,18900
A,EUR_HAB,ES4,2007,20000
A,EUR_HAB,ES4,2008,20400
A,EUR_HAB,ES4,2009,19600
A,EUR_HAB,ES4,2010,19700
A,EUR_HAB,ES4,2011,19400
A,EUR_HAB,ES4,2012,18800
A,EUR_HAB,ES4,2013,18600
A,EUR_HAB,ES4,2014,18600
A,EUR_HAB,ES4,2015,19600
A,EUR_HAB,ES4,2016,20300
A,EUR_HAB,ES4,2017,21100
A,EUR_HAB,ES4,2018,22000
A,EUR_HAB,ES4,2019,22600
A,EUR_HAB,ES4,2020,20800
A,EUR_HAB,ES4,2021,22800
A,EUR_HAB,ES4,2022,25200
A,EUR_HAB,ES4,2023,26700
A,EUR_HAB,ES4,2024,28100
A,EUR_HAB,ES41,2000,14500
A,EUR_HAB,ES41,2001,15400
A,EUR_HAB,ES41,2002,16400
A,EUR_HAB,ES41,2003,17300
A,EUR_HAB,ES41,2004,18300
A,EUR_HAB,ES41,2005,19400
A,EUR_HAB,ES41,2006,20600
A,EUR_HAB,ES41,2007,21800
A,EUR_HAB,ES41,2008,22100
A,EUR_HAB,ES41,2009,21400
A,EUR_HAB,ES41,2010,21500
A,EUR_HAB,ES41,2011,21400
A,EUR_HAB,ES41,2012,20800
A,EUR_HAB,ES41,2013,20500
A,EUR_HAB,ES41,2014,20700
A,EUR_HAB,ES41,2015,21600
A,EUR_HAB,ES41,2016,22400
A,EUR_HAB,ES41,2017,23100
A,EUR_HAB,ES41,2018,24200
A,EUR_HAB,ES41,2019,24800
A,EUR_HAB,ES41,2020,22900
A,EUR_HAB,ES41,2021,25000
A,EUR_HAB,ES41,2022,27500
A,EUR_HAB,ES41,2023,29300
A,EUR_HAB,ES41,2024,30900
A,EUR_HAB,ES42,2000,12800
A,EUR_HAB,ES42,2001,13800
A,EUR_HAB,ES42,2002,14700
A,EUR_HAB,ES42,2003,15600
A,EUR_HAB,ES42,2004,16400
A,EUR_HAB,ES42,2005,17400
A,EUR_HAB,ES42,2006,18500
A,EUR_HAB,ES42,2007,19600
A,EUR_HAB,ES42,2008,19900
A,EUR_HAB,ES42,2009,19000
A,EUR_HAB,ES42,2010,18900
A,EUR_HAB,ES42,2011,18600
A,EUR_HAB,ES42,2012,17900
A,EUR_HAB,ES42,2013,17700
A,EUR_HAB,ES42,2014,17500
A,EUR_HAB,ES42,2015,18500
A,EUR_HAB,ES42,2016,19100
A,EUR_HAB,ES42,2017,20000
A,EUR_HAB,ES42,2018,20800
A,EUR_HAB,ES42,2019,21300
A,EUR_HAB,ES42,2020,19700
A,EUR_HAB,ES42,2021,21500
A,EUR_HAB,ES42,2022,24200
A,EUR_HAB,ES42,2023,25100
A,EUR_HAB,ES42,2024,26300
A,EUR_HAB,ES43,2000,10500
A,EUR_HAB,ES43,2001,11200
A,EUR_HAB,ES43,2002,12000
A,EUR_HAB,ES43,2003,12800
A,EUR_HAB,ES43,2004,13600
A,EUR_HAB,ES43,2005,14700
A,EUR_HAB,ES43,2006,15600
A,EUR_HAB,ES43,2007,16700
A,EUR_HAB,ES43,2008,17300
A,EUR_HAB,ES43,2009,16700
A,EUR_HAB,ES43,2010,17000
A,EUR_HAB,ES43,2011,16600
A,EUR_HAB,ES43,2012,16000
A,EUR_HAB,ES43,2013,16000
A,EUR_HAB,ES43,2014,16100
A,EUR_HAB,ES43,2015,17000
A,EUR_HAB,ES43,2016,17600
A,EUR_HAB,ES43,2017,18800
A,EUR_HAB,ES43,2018,19400
A,EUR_HAB,ES43,2019,19900
A,EUR_HAB,ES43,2020,18400
A,EUR_HAB,ES43,2021,20400
A,EUR_HAB,ES43,2022,22200
A,EUR_HAB,ES43,2023,23900
A,EUR_HAB,ES43,2024,25200
A,EUR_HAB,ES5,2000,18000
A,EUR_HAB,ES5,2001,19400
A,EUR_HAB,ES5,2002,20200
A,EUR_HAB,ES5,2003,21000
A,EUR_HAB,ES5,2004,21900
A,EUR_HAB,ES5,2005,23000
A,EUR_HAB,ES5,2006,24400
A,EUR_HAB,ES5,2007,25500
A,EUR_HAB,ES5,2008,25700
A,EUR_HAB,ES5,2009,24400
A,EUR_HAB,ES5,2010,24400
A,EUR_HAB,ES5,2011,24000
A,EUR_HAB,ES5,2012,23300
A,EUR_HAB,ES5,2013,23300
A,EUR_HAB,ES5,2014,23800
A,EUR_HAB,ES5,2015,25000
A,EUR_HAB,ES5,2016,25800
A,EUR_HAB,ES5,2017,26800
A,EUR_HAB,ES5,2018,27600
A,EUR_HAB,ES5,2019,28200
A,EUR_HAB,ES5,2020,24900
A,EUR_HAB,ES5,2021,27300
A,EUR_HAB,ES5,2022,29800
A,EUR_HAB,ES5,2023,32200
A,EUR_HAB,ES5,2024,33800
A,EUR_HAB,ES51,2000,19500
A,EUR_HAB,ES51,2001,21000
A,EUR_HAB,ES51,2002,21900
A,EUR_HAB,ES51,2003,22800
A,EUR_HAB,ES51,2004,24000
A,EUR_HAB,ES51,2005,25100
A,EUR_HAB,ES51,2006,26700
A,EUR_HAB,ES51,2007,28000
A,EUR_HAB,ES51,2008,28200
A,EUR_HAB,ES51,2009,27000
A,EUR_HAB,ES51,2010,27100
A,EUR_HAB,ES51,2011,26600
A,EUR_HAB,ES51,2012,25900
A,EUR_HAB,ES51,2013,25900
A,EUR_HAB,ES51,2014,26600
A,EUR_HAB,ES51,2015,27800
A,EUR_HAB,ES51,2016,28800
A,EUR_HAB,ES51,2017,29800
A,EUR_HAB,ES51,2018,30500
A,EUR_HAB,ES51,2019,31300
A,EUR_HAB,ES51,2020,27800
A,EUR_HAB,ES51,2021,30400
A,EUR_HAB,ES51,2022,33000
A,EUR_HAB,ES51,2023,35600
A,EUR_HAB,ES51,2024,37500
A,EUR_HAB,ES52,2000,15200
A,EUR_HAB,ES52,2001,16500
A,EUR_HAB,ES52,2002,17200
A,EUR_HAB,ES52,2003,17900
A,EUR_HAB,ES52,2004,18600
A,EUR_HAB,ES52,2005,19500
A,EUR_HAB,ES52,2006,20700
A,EUR_HAB,ES52,2007,21500
A,EUR_HAB,ES52,2008,21800
A,EUR_HAB,ES52,2009,20500
A,EUR_HAB,ES52,2010,20400
A,EUR_HAB,ES52,2011,20100
A,EUR_HAB,ES52,2012,19200
A,EUR_HAB,ES52,2013,19100
A,EUR_HAB,ES52,2014,19600
A,EUR_HAB,ES52,2015,20500
A,EUR_HAB,ES52,2016,21100
A,EUR_HAB,ES52,2017,22000
A,EUR_HAB,ES52,2018,22700
A,EUR_HAB,ES52,2019,23200
A,EUR_HAB,ES52,2020,21000
A,EUR_HAB,ES52,2021,22900
A,EUR_HAB,ES52,2022,24700
A,EUR_HAB,ES52,2023,26500
A,EUR_HAB,ES52,2024,27600
A,EUR_HAB,ES53,2000,20000
A,EUR_HAB,ES53,2001,21400
A,EUR_HAB,ES53,2002,21800
A,EUR_HAB,ES53,2003,22100
A,EUR_HAB,ES53,2004,23000
A,EUR_HAB,ES53,2005,24100
A,EUR_HAB,ES53,2006,25300
A,EUR_HAB,ES53,2007,26100
A,EUR_HAB,ES53,2008,26400
A,EUR_HAB,ES53,2009,24800
A,EUR_HAB,ES53,2010,24600
A,EUR_HAB,ES53,2011,24300
A,EUR_HAB,ES53,2012,23800
A,EUR_HAB,ES53,2013,23700
A,EUR_HAB,ES53,2014,24500
A,EUR_HAB,ES53,2015,25700
A,EUR_HAB,ES53,2016,26900
A,EUR_HAB,ES53,2017,28000
A,EUR_HAB,ES53,2018,28900
A,EUR_HAB,ES53,2019,29500
A,EUR_HAB,ES53,2020,22600
A,EUR_HAB,ES53,2021,25800
A,EUR_HAB,ES53,2022,31000
A,EUR_HAB,ES53,2023,34000
A,EUR_HAB,ES53,2024,36100
A,EUR_HAB,ES6,2000,12200
A,EUR_HAB,ES6,2001,13100
A,EUR_HAB,ES6,2002,13900
A,EUR_HAB,ES6,2003,14900
A,EUR_HAB,ES6,2004,15800
A,EUR_HAB,ES6,2005,16800
A,EUR_HAB,ES6,2006,17800
A,EUR_HAB,ES6,2007,18800
A,EUR_HAB,ES6,2008,18900
A,EUR_HAB,ES6,2009,18000
A,EUR_HAB,ES6,2010,17900
A,EUR_HAB,ES6,2011,17500
A,EUR_HAB,ES6,2012,16900
A,EUR_HAB,ES6,2013,16700
A,EUR_HAB,ES6,2014,16900
A,EUR_HAB,ES6,2015,17800
A,EUR_HAB,ES6,2016,18200
A,EUR_HAB,ES6,2017,19000
A,EUR_HAB,ES6,2018,19600
A,EUR_HAB,ES6,2019,20100
A,EUR_HAB,ES6,2020,18100
A,EUR_HAB,ES6,2021,20000
A,EUR_HAB,ES6,2022,22000
A,EUR_HAB,ES6,2023,23500
A,EUR_HAB,ES6,2024,24900
A,EUR_HAB,ES61,2000,11900
A,EUR_HAB,ES61,2001,12800
A,EUR_HAB,ES61,2002,13600
A,EUR_HAB,ES61,2003,14600
A,EUR_HAB,ES61,2004,15600
A,EUR_HAB,ES61,2005,16600
A,EUR_HAB,ES61,2006,17600
A,EUR_HAB,ES61,2007,18500
A,EUR_HAB,ES61,2008,18600
A,EUR_HAB,ES61,2009,17700
A,EUR_HAB,ES61,2010,17600
A,EUR_HAB,ES61,2011,17300
A,EUR_HAB,ES61,2012,16600
A,EUR_HAB,ES61,2013,16400
A,EUR_HAB,ES61,2014,16600
A,EUR_HAB,ES61,2015,17500
A,EUR_HAB,ES61,2016,17900
A,EUR_HAB,ES61,2017,18700
A,EUR_HAB,ES61,2018,19300
A,EUR_HAB,ES61,2019,19700
A,EUR_HAB,ES61,2020,17800
A,EUR_HAB,ES61,2021,19600
A,EUR_HAB,ES61,2022,21600
A,EUR_HAB,ES61,2023,23200
A,EUR_HAB,ES61,2024,24500
A,EUR_HAB,ES62,2000,13700
A,EUR_HAB,ES62,2001,14700
A,EUR_HAB,ES62,2002,15500
A,EUR_HAB,ES62,2003,16400
A,EUR_HAB,ES62,2004,17200
A,EUR_HAB,ES62,2005,18200
A,EUR_HAB,ES62,2006,19300
A,EUR_HAB,ES62,2007,20200
A,EUR_HAB,ES62,2008,20600
A,EUR_HAB,ES62,2009,19400
A,EUR_HAB,ES62,2010,19500
A,EUR_HAB,ES62,2011,19000
A,EUR_HAB,ES62,2012,18400
A,EUR_HAB,ES62,2013,18500
A,EUR_HAB,ES62,2014,18600
A,EUR_HAB,ES62,2015,19900
A,EUR_HAB,ES62,2016,20400
A,EUR_HAB,ES62,2017,21100
A,EUR_HAB,ES62,2018,21400
A,EUR_HAB,ES62,2019,22000
A,EUR_HAB,ES62,2020,20100
A,EUR_HAB,ES62,2021,22100
A,EUR_HAB,ES62,2022,24300
A,EUR_HAB,ES62,2023,25500
A,EUR_HAB,ES62,2024,26900
A,EUR_HAB,ES63,2000,13400
A,EUR_HAB,ES63,2001,13800
A,EUR_HAB,ES63,2002,14700
A,EUR_HAB,ES63,2003,15600
A,EUR_HAB,ES63,2004,16400
A,EUR_HAB,ES63,2005,17100
A,EUR_HAB,ES63,2006,18100
A,EUR_HAB,ES63,2007,19000
A,EUR_HAB,ES63,2008,19600
A,EUR_HAB,ES63,2009,19100
A,EUR_HAB,ES63,2010,18500
A,EUR_HAB,ES63,2011,18000
A,EUR_HAB,ES63,2012,17100
A,EUR_HAB,ES63,2013,17200
A,EUR_HAB,ES63,2014,17100
A,EUR_HAB,ES63,2015,17800
A,EUR_HAB,ES63,2016,18200
A,EUR_HAB,ES63,2017,18300
A,EUR_HAB,ES63,2018,18900
A,EUR_HAB,ES63,2019,19600
A,EUR_HAB,ES63,2020,18200
A,EUR_HAB,ES63,2021,19700
A,EUR_HAB,ES63,2022,21300
A,EUR_HAB,ES63,2023,22400
A,EUR_HAB,ES63,2024,23100
A,EUR_HAB,ES64,2000,13400
A,EUR_HAB,ES64,2001,13700
A,EUR_HAB,ES64,2002,14500
A,EUR_HAB,ES64,2003,15600
A,EUR_HAB,ES64,2004,16600
A,EUR_HAB,ES64,2005,17200
A,EUR_HAB,ES64,2006,18100
A,EUR_HAB,ES64,2007,18500
A,EUR_HAB,ES64,2008,18800
A,EUR_HAB,ES64,2009,18300
A,EUR_HAB,ES64,2010,17700
A,EUR_HAB,ES64,2011,17100
A,EUR_HAB,ES64,2012,16000
A,EUR_HAB,ES64,2013,16000
A,EUR_HAB,ES64,2014,16000
A,EUR_HAB,ES64,2015,16500
A,EUR_HAB,ES64,2016,17000
A,EUR_HAB,ES64,2017,17100
A,EUR_HAB,ES64,2018,17500
A,EUR_HAB,ES64,2019,18100
A,EUR_HAB,ES64,2020,16800
A,EUR_HAB,ES64,2021,17900
A,EUR_HAB,ES64,2022,19400
A,EUR_HAB,ES64,2023,20500
A,EUR_HAB,ES64,2024,21100
A,EUR_HAB,ES7,2000,15000
A,EUR_HAB,ES7,2001,16100
A,EUR_HAB,ES7,2002,16800
A,EUR_HAB,ES7,2003,17500
A,EUR_HAB,ES7,2004,18000
A,EUR_HAB,ES7,2005,18700
A,EUR_HAB,ES7,2006,19500
A,EUR_HAB,ES7,2007,20300
A,EUR_HAB,ES7,2008,20500
A,EUR_HAB,ES7,2009,19400
A,EUR_HAB,ES7,2010,19400
A,EUR_HAB,ES7,2011,19100
A,EUR_HAB,ES7,2012,18300
A,EUR_HAB,ES7,2013,18200
A,EUR_HAB,ES7,2014,18300
A,EUR_HAB,ES7,2015,18900
A,EUR_HAB,ES7,2016,19500
A,EUR_HAB,ES7,2017,20300
A,EUR_HAB,ES7,2018,20900
A,EUR_HAB,ES7,2019,21200
A,EUR_HAB,ES7,2020,17200
A,EUR_HAB,ES7,2021,19000
A,EUR_HAB,ES7,2022,22200
A,EUR_HAB,ES7,2023,24300
A,EUR_HAB,ES7,2024,25900
A,EUR_HAB,ES70,2000,15000
A,EUR_HAB,ES70,2001,16100
A,EUR_HAB,ES70,2002,16800
A,EUR_HAB,ES70,2003,17500
A,EUR_HAB,ES70,2004,18000
A,EUR_HAB,ES70,2005,18700
A,EUR_HAB,ES70,2006,19500
A,EUR_HAB,ES70,2007,20300
A,EUR_HAB,ES70,2008,20500
A,EUR_HAB,ES70,2009,19400
A,EUR_HAB,ES70,2010,19400
A,EUR_HAB,ES70,2011,19100
A,EUR_HAB,ES70,2012,18300
A,EUR_HAB,ES70,2013,18200
A,EUR_HAB,ES70,2014,18300
A,EUR_HAB,ES70,2015,18900
A,EUR_HAB,ES70,2016,19500
A,EUR_HAB,ES70,2017,20300
A,EUR_HAB,ES70,2018,20900
A,EUR_HAB,ES70,2019,21200
A,EUR_HAB,ES70,2020,17200
A,EUR_HAB,ES70,2021,19000
A,EUR_HAB,ES70,2022,22200
A,EUR_HAB,ES70,2023,24300
A,EUR_HAB,ES70,2024,25900
A,EUR_HAB,FI,2000,26300
A,EUR_HAB,FI,2001,27900
A,EUR_HAB,FI,2002,28500
A,EUR_HAB,FI,2003,29100
A,EUR_HAB,FI,2004,30400
A,EUR_HAB,FI,2005,31400
A,EUR_HAB,FI,2006,32800
A,EUR_HAB,FI,2007,35400
A,EUR_HAB,FI,2008,36600
A,EUR_HAB,FI,2009,34000
A,EUR_HAB,FI,2010,35100
A,EUR_HAB,FI,2011,36700
A,EUR_HAB,FI,2012,37000
A,EUR_HAB,FI,2013,37400
A,EUR_HAB,FI,2014,37700
A,EUR_HAB,FI,2015,38400
A,EUR_HAB,FI,2016,39300
A,EUR_HAB,FI,2017,40800
A,EUR_HAB,FI,2018,42000
A,EUR_HAB,FI,2019,43200
A,EUR_HAB,FI,2020,42700
A,EUR_HAB,FI,2021,44900
A,EUR_HAB,FI,2022,47900
A,EUR_HAB,FI,2023,48900
A,EUR_HAB,FI,2024,49100
A,EUR_HAB,FI1,2000,26300
A,EUR_HAB,FI1,2001,27800
A,EUR_HAB,FI1,2002,28500
A,EUR_HAB,FI1,2003,29000
A,EUR_HAB,FI1,2004,30300
A,EUR_HAB,FI1,2005,31300
A,EUR_HAB,FI1,2006,32800
A,EUR_HAB,FI1,2007,35300
A,EUR_HAB,FI1,2008,36500
A,EUR_HAB,FI1,2009,34000
A,EUR_HAB,FI1,2010,35000
A,EUR_HAB,FI1,2011,36600
A,EUR_HAB,FI1,2012,36900
A,EUR_HAB,FI1,2013,37400
A,EUR_HAB,FI1,2014,37600
A,EUR_HAB,FI1,2015,38300
A,EUR_HAB,FI1,2016,39200
A,EUR_HAB,FI1,2017,40800
A,EUR_HAB,FI1,2018,42000
A,EUR_HAB,FI1,2019,43200
A,EUR_HAB,FI1,2020,42700
A,EUR_HAB,FI1,2021,44900
A,EUR_HAB,FI1,2022,47900
A,EUR_HAB,FI1,2023,48900
A,EUR_HAB,FI1,2024,49100
A,EUR_HAB,FI19,2000,23000
A,EUR_HAB,FI19,2001,24900
A,EUR_HAB,FI19,2002,25300
A,EUR_HAB,FI19,2003,26000
A,EUR_HAB,FI19,2004,26800
A,EUR_HAB,FI19,2005,27900
A,EUR_HAB,FI19,2006,29000
A,EUR_HAB,FI19,2007,31700
A,EUR_HAB,FI19,2008,32900
A,EUR_HAB,FI19,2009,30400
A,EUR_HAB,FI19,2010,31500
A,EUR_HAB,FI19,2011,33500
A,EUR_HAB,FI19,2012,33700
A,EUR_HAB,FI19,2013,33500
A,EUR_HAB,FI19,2014,33700
A,EUR_HAB,FI19,2015,34200
A,EUR_HAB,FI19,2016,34700
A,EUR_HAB,FI19,2017,35900
A,EUR_HAB,FI19,2018,37100
A,EUR_HAB,FI19,2019,37900
A,EUR_HAB,FI19,2020,37800
A,EUR_HAB,FI19,2021,40100
A,EUR_HAB,FI19,2022,42700
A,EUR_HAB,FI19,2023,44400
A,EUR_HAB,FI19,2024,44500
A,EUR_HAB,FI1B,2000,36300
A,EUR_HAB,FI1B,2001,38500
A,EUR_HAB,FI1B,2002,38600
A,EUR_HAB,FI1B,2003,38600
A,EUR_HAB,FI1B,2004,40300
A,EUR_HAB,FI1B,2005,41700
A,EUR_HAB,FI1B,2006,44000
A,EUR_HAB,FI1B,2007,47400
A,EUR_HAB,FI1B,2008,48900
A,EUR_HAB,FI1B,2009,46600
A,EUR_HAB,FI1B,2010,47900
A,EUR_HAB,FI1B,2011,48600
A,EUR_HAB,FI1B,2012,48500
A,EUR_HAB,FI1B,2013,49700
A,EUR_HAB,FI1B,2014,49500
A,EUR_HAB,FI1B,2015,51000
A,EUR_HAB,FI1B,2016,51900
A,EUR_HAB,FI1B,2017,53500
A,EUR_HAB,FI1B,2018,55000
A,EUR_HAB,FI1B,2019,56800
A,EUR_HAB,FI1B,2020,55400
A,EUR_HAB,FI1B,2021,57600
A,EUR_HAB,FI1B,2022,60400
A,EUR_HAB,FI1B,2023,62200
A,EUR_HAB,FI1B,2024,61300
A,EUR_HAB,FI1C,2000,24500
A,EUR_HAB,FI1C,2001,25500
A,EUR_HAB,FI1C,2002,26500
A,EUR_HAB,FI1C,2003,26900
A,EUR_HAB,FI1C,2004,28300
A,EUR_HAB,FI1C,2005,28900
A,EUR_HAB,FI1C,2006,29800
A,EUR_HAB,FI1C,2007,31900
A,EUR_HAB,FI1C,2008,32600
A,EUR_HAB,FI1C,2009,29700
A,EUR_HAB,FI1C,2010,29900
A,EUR_HAB,FI1C,2011,32200
A,EUR_HAB,FI1C,2012,32900
A,EUR_HAB,FI1C,2013,32800
A,EUR_HAB,FI1C,2014,33300
A,EUR_HAB,FI1C,2015,33600
A,EUR_HAB,FI1C,2016,34600
A,EUR_HAB,FI1C,2017,36400
A,EUR_HAB,FI1C,2018,37400
A,EUR_HAB,FI1C,2019,38200
A,EUR_HAB,FI1C,2020,37800
A,EUR_HAB,FI1C,2021,39800
A,EUR_HAB,FI1C,2022,42300
A,EUR_HAB,FI1C,2023,42200
A,EUR_HAB,FI1C,2024,42900
A,EUR_HAB,FI1D,2000,20600
A,EUR_HAB,FI1D,2001,21300
A,EUR_HAB,FI1D,2002,22500
A,EUR_HAB,FI1D,2003,23500
A,EUR_HAB,FI1D,2004,24600
A,EUR_HAB,FI1D,2005,25400
A,EUR_HAB,FI1D,2006,26700
A,EUR_HAB,FI1D,2007,28500
A,EUR_HAB,FI1D,2008,29500
A,EUR_HAB,FI1D,2009,26800
A,EUR_HAB,FI1D,2010,28100
A,EUR_HAB,FI1D,2011,29700
A,EUR_HAB,FI1D,2012,30100
A,EUR_HAB,FI1D,2013,30500
A,EUR_HAB,FI1D,2014,31000
A,EUR_HAB,FI1D,2015,31000
A,EUR_HAB,FI1D,2016,32200
A,EUR_HAB,FI1D,2017,33600
A,EUR_HAB,FI1D,2018,34700
A,EUR_HAB,FI1D,2019,35600
A,EUR_HAB,FI1D,2020,35600
A,EUR_HAB,FI1D,2021,37600
A,EUR_HAB,FI1D,2022,41500
A,EUR_HAB,FI1D,2023,41500
A,EUR_HAB,FI1D,2024,42500
A,EUR_HAB,FI2,2000,31400
A,EUR_HAB,FI2,2001,37000
A,EUR_HAB,FI2,2002,37400
A,EUR_HAB,FI2,2003,37700
A,EUR_HAB,FI2,2004,38800
A,EUR_HAB,FI2,2005,39400
A,EUR_HAB,FI2,2006,40100
A,EUR_HAB,FI2,2007,40700
A,EUR_HAB,FI2,2008,39900
A,EUR_HAB,FI2,2009,41800
A,EUR_HAB,FI2,2010,41500
A,EUR_HAB,FI2,2011,42500
A,EUR_HAB,FI2,2012,45900
A,EUR_HAB,FI2,2013,46900
A,EUR_HAB,FI2,2014,47700
A,EUR_HAB,FI2,2015,47400
A,EUR_HAB,FI2,2016,46400
A,EUR_HAB,FI2,2017,46900
A,EUR_HAB,FI2,2018,43400
A,EUR_HAB,FI2,2019,45200
A,EUR_HAB,FI2,2020,39500
A,EUR_HAB,FI2,2021,44200
A,EUR_HAB,FI2,2022,48900
A,EUR_HAB,FI2,2023,53800
A,EUR_HAB,FI2,2024,53400
A,EUR_HAB,FI20,2000,31400
A,EUR_HAB,FI20,2001,37000
A,EUR_HAB,FI20,2002,37400
A,EUR_HAB,FI20,2003,37700
A,EUR_HAB,FI20,2004,38800
A,EUR_HAB,FI20,2005,39400
A,EUR_HAB,FI20,2006,40100
A,EUR_HAB,FI20,2007,40700
A,EUR_HAB,FI20,2008,39900
A,EUR_HAB,FI20,2009,41800
A,EUR_HAB,FI20,2010,41500
A,EUR_HAB,FI20,2011,42500
A,EUR_HAB,FI20,2012,45900
A,EUR_HAB,FI20,2013,46900
A,EUR_HAB,FI20,2014,47700
A,EUR_HAB,FI20,2015,47400
A,EUR_HAB,FI20,2016,46400
A,EUR_HAB,FI20,2017,46900
A,EUR_HAB,FI20,2018,43400
A,EUR_HAB,FI20,2019,45200
A,EUR_HAB,FI20,2020,39500
A,EUR_HAB,FI20,2021,44200
A,EUR_HAB,FI20,2022,48900
A,EUR_HAB,FI20,2023,53800
A,EUR_HAB,FI20,2024,53400
A,EUR_HAB,FR,2000,24300
A,EUR_HAB,FR,2001,25000
A,EUR_HAB,FR,2002,25600
A,EUR_HAB,FR,2003,26100
A,EUR_HAB,FR,2004,27100
A,EUR_HAB,FR,2005,28000
A,EUR_HAB,FR,2006,29100
A,EUR_HAB,FR,2007,30400
A,EUR_HAB,FR,2008,31000
A,EUR_HAB,FR,2009,30000
A,EUR_HAB,FR,2010,30800
A,EUR_HAB,FR,2011,31700
A,EUR_HAB,FR,2012,31900
A,EUR_HAB,FR,2013,32300
A,EUR_HAB,FR,2014,32600
A,EUR_HAB,FR,2015,33200
A,EUR_HAB,FR,2016,33500
A,EUR_HAB,FR,2017,34300
A,EUR_HAB,FR,2018,35100
A,EUR_HAB,FR,2019,36100
A,EUR_HAB,FR,2020,34300
A,EUR_HAB,FR,2021,36900
A,EUR_HAB,FR,2022,38900
A,EUR_HAB,FR,2023,41300
A,EUR_HAB,FR,2024,42600
A,EUR_HAB,FR1,2000,38300
A,EUR_HAB,FR1,2001,39200
A,EUR_HAB,FR1,2002,40400
A,EUR_HAB,FR1,2003,40900
A,EUR_HAB,FR1,2004,42000
A,EUR_HAB,FR1,2005,43600
A,EUR_HAB,FR1,2006,45000
A,EUR_HAB,FR1,2007,47600
A,EUR_HAB,FR1,2008,49100
A,EUR_HAB,FR1,2009,47500
A,EUR_HAB,FR1,2010,50100
A,EUR_HAB,FR1,2011,50800
A,EUR_HAB,FR1,2012,51600
A,EUR_HAB,FR1,2013,52500
A,EUR_HAB,FR1,2014,53100
A,EUR_HAB,FR1,2015,54100
A,EUR_HAB,FR1,2016,54900
A,EUR_HAB,FR1,2017,56000
A,EUR_HAB,FR1,2018,57600
A,EUR_HAB,FR1,2019,59800
A,EUR_HAB,FR1,2020,55100
A,EUR_HAB,FR1,2021,59400
A,EUR_HAB,FR1,2022,63200
A,EUR_HAB,FR1,2023,66800
A,EUR_HAB,FR1,2024,69500
A,EUR_HAB,FR10,2000,38300
A,EUR_HAB,FR10,2001,39200
A,EUR_HAB,FR10,2002,40400
A,EUR_HAB,FR10,2003,40900
A,EUR_HAB,FR10,2004,42000
A,EUR_HAB,FR10,2005,43600
A,EUR_HAB,FR10,2006,45000
A,EUR_HAB,FR10,2007,47600
A,EUR_HAB,FR10,2008,49100
A,EUR_HAB,FR10,2009,47500
A,EUR_HAB,FR10,2010,50100
A,EUR_HAB,FR10,2011,50800
A,EUR_HAB,FR10,2012,51600
A,EUR_HAB,FR10,2013,52500
A,EUR_HAB,FR10,2014,53100
A,EUR_HAB,FR10,2015,54100
A,EUR_HAB,FR10,2016,54900
A,EUR_HAB,FR10,2017,56000
A,EUR_HAB,FR10,2018,57600
A,EUR_HAB,FR10,2019,59800
A,EUR_HAB,FR10,2020,55100
A,EUR_HAB,FR10,2021,59400
A,EUR_HAB,FR10,2022,63200
A,EUR_HAB,FR10,2023,66800
A,EUR_HAB,FR10,2024,69500
A,EUR_HAB,FRB,2000,21600
A,EUR_HAB,FRB,2001,22300
A,EUR_HAB,FRB,2002,22700
A,EUR_HAB,FRB,2003,23200
A,EUR_HAB,FRB,2004,24100
A,EUR_HAB,FRB,2005,24600
A,EUR_HAB,FRB,2006,25500
A,EUR_HAB,FRB,2007,26600
A,EUR_HAB,FRB,2008,26400
A,EUR_HAB,FRB,2009,25700
A,EUR_HAB,FRB,2010,26100
A,EUR_HAB,FRB,2011,26800
A,EUR_HAB,FRB,2012,26900
A,EUR_HAB,FRB,2013,27100
A,EUR_HAB,FRB,2014,27400
A,EUR_HAB,FRB,2015,27800
A,EUR_HAB,FRB,2016,27900
A,EUR_HAB,FRB,2017,28600
A,EUR_HAB,FRB,2018,29000
A,EUR_HAB,FRB,2019,29700
A,EUR_HAB,FRB,2020,28700
A,EUR_HAB,FRB,2021,30500
A,EUR_HAB,FRB,2022,31500
A,EUR_HAB,FRB,2023,34800
A,EUR_HAB,FRB,2024,35500
A,EUR_HAB,FRB0,2000,21600
A,EUR_HAB,FRB0,2001,22300
A,EUR_HAB,FRB0,2002,22700
A,EUR_HAB,FRB0,2003,23200
A,EUR_HAB,FRB0,2004,24100
A,EUR_HAB,FRB0,2005,24600
A,EUR_HAB,FRB0,2006,25500
A,EUR_HAB,FRB0,2007,26600
A,EUR_HAB,FRB0,2008,26400
A,EUR_HAB,FRB0,2009,25700
A,EUR_HAB,FRB0,2010,26100
A,EUR_HAB,FRB0,2011,26800
A,EUR_HAB,FRB0,2012,26900
A,EUR_HAB,FRB0,2013,27100
A,EUR_HAB,FRB0,2014,27400
A,EUR_HAB,FRB0,2015,27800
A,EUR_HAB,FRB0,2016,27900
A,EUR_HAB,FRB0,2017,28600
A,EUR_HAB,FRB0,2018,29000
A,EUR_HAB,FRB0,2019,29700
A,EUR_HAB,FRB0,2020,28700
A,EUR_HAB,FRB0,2021,30500
A,EUR_HAB,FRB0,2022,31500
A,EUR_HAB,FRB0,2023,34800
A,EUR_HAB,FRB0,2024,35500
A,EUR_HAB,FRC,2000,21400
A,EUR_HAB,FRC,2001,22000
A,EUR_HAB,FRC,2002,22400
A,EUR_HAB,FRC,2003,22800
A,EUR_HAB,FRC,2004,23700
A,EUR_HAB,FRC,2005,24100
A,EUR_HAB,FRC,2006,24900
A,EUR_HAB,FRC,2007,26100
A,EUR_HAB,FRC,2008,26600
A,EUR_HAB,FRC,2009,25500
A,EUR_HAB,FRC,2010,25500
A,EUR_HAB,FRC,2011,26400
A,EUR_HAB,FRC,2012,26000
A,EUR_HAB,FRC,2013,26200
A,EUR_HAB,FRC,2014,26800
A,EUR_HAB,FRC,2015,27100
A,EUR_HAB,FRC,2016,27200
A,EUR_HAB,FRC,2017,28000
A,EUR_HAB,FRC,2018,28500
A,EUR_HAB,FRC,2019,29200
A,EUR_HAB,FRC,2020,28300
A,EUR_HAB,FRC,2021,29900
A,EUR_HAB,FRC,2022,31300
A,EUR_HAB,FRC,2023,33300
A,EUR_HAB,FRC,2024,34200
A,EUR_HAB,FRC1,2000,21200
A,EUR_HAB,FRC1,2001,21600
A,EUR_HAB,FRC1,2002,22000
A,EUR_HAB,FRC1,2003,22400
A,EUR_HAB,FRC1,2004,23500
A,EUR_HAB,FRC1,2005,24000
A,EUR_HAB,FRC1,2006,25000
A,EUR_HAB,FRC1,2007,26400
A,EUR_HAB,FRC1,2008,27100
A,EUR_HAB,FRC1,2009,26000
A,EUR_HAB,FRC1,2010,25800
A,EUR_HAB,FRC1,2011,26900
A,EUR_HAB,FRC1,2012,26900
A,EUR_HAB,FRC1,2013,27200
A,EUR_HAB,FRC1,2014,27800
A,EUR_HAB,FRC1,2015,28000
A,EUR_HAB,FRC1,2016,27700
A,EUR_HAB,FRC1,2017,28900
A,EUR_HAB,FRC1,2018,29600
A,EUR_HAB,FRC1,2019,30000
A,EUR_HAB,FRC1,2020,29300
A,EUR_HAB,FRC1,2021,31100
A,EUR_HAB,FRC1,2022,32800
A,EUR_HAB,FRC1,2023,34700
A,EUR_HAB,FRC1,2024,35900
A,EUR_HAB,FRC2,2000,21800
A,EUR_HAB,FRC2,2001,22700
A,EUR_HAB,FRC2,2002,23100
A,EUR_HAB,FRC2,2003,23400
A,EUR_HAB,FRC2,2004,23900
A,EUR_HAB,FRC2,2005,24200
A,EUR_HAB,FRC2,2006,24700
A,EUR_HAB,FRC2,2007,25600
A,EUR_HAB,FRC2,2008,26000
A,EUR_HAB,FRC2,2009,24900
A,EUR_HAB,FRC2,2010,25200
A,EUR_HAB,FRC2,2011,25800
A,EUR_HAB,FRC2,2012,24700
A,EUR_HAB,FRC2,2013,24800
A,EUR_HAB,FRC2,2014,25400
A,EUR_HAB,FRC2,2015,25900
A,EUR_HAB,FRC2,2016,26400
A,EUR_HAB,FRC2,2017,26900
A,EUR_HAB,FRC2,2018,27000
A,EUR_HAB,FRC2,2019,28000
A,EUR_HAB,FRC2,2020,27100
A,EUR_HAB,FRC2,2021,28300
A,EUR_HAB,FRC2,2022,29300
A,EUR_HAB,FRC2,2023,31200
A,EUR_HAB,FRC2,2024,31900
A,EUR_HAB,FRD,2000,21500
A,EUR_HAB,FRD,2001,21900
A,EUR_HAB,FRD,2002,22500
A,EUR_HAB,FRD,2003,23100
A,EUR_HAB,FRD,2004,24100
A,EUR_HAB,FRD,2005,24600
A,EUR_HAB,FRD,2006,25600
A,EUR_HAB,FRD,2007,26700
A,EUR_HAB,FRD,2008,27100
A,EUR_HAB,FRD,2009,26100
A,EUR_HAB,FRD,2010,26700
A,EUR_HAB,FRD,2011,27500
A,EUR_HAB,FRD,2012,27500
A,EUR_HAB,FRD,2013,27900
A,EUR_HAB,FRD,2014,27900
A,EUR_HAB,FRD,2015,28400
A,EUR_HAB,FRD,2016,28300
A,EUR_HAB,FRD,2017,28500
A,EUR_HAB,FRD,2018,28900
A,EUR_HAB,FRD,2019,29600
A,EUR_HAB,FRD,2020,28400
A,EUR_HAB,FRD,2021,30300
A,EUR_HAB,FRD,2022,32000
A,EUR_HAB,FRD,2023,34500
A,EUR_HAB,FRD,2024,35300
A,EUR_HAB,FRD1,2000,20800
A,EUR_HAB,FRD1,2001,21200
A,EUR_HAB,FRD1,2002,21800
A,EUR_HAB,FRD1,2003,22600
A,EUR_HAB,FRD1,2004,23600
A,EUR_HAB,FRD1,2005,24100
A,EUR_HAB,FRD1,2006,25000
A,EUR_HAB,FRD1,2007,25800
A,EUR_HAB,FRD1,2008,26400
A,EUR_HAB,FRD1,2009,25600
A,EUR_HAB,FRD1,2010,25700
A,EUR_HAB,FRD1,2011,26700
A,EUR_HAB,FRD1,2012,26300
A,EUR_HAB,FRD1,2013,26800
A,EUR_HAB,FRD1,2014,26900
A,EUR_HAB,FRD1,2015,27300
A,EUR_HAB,FRD1,2016,27500
A,EUR_HAB,FRD1,2017,27400
A,EUR_HAB,FRD1,2018,28200
A,EUR_HAB,FRD1,2019,28800
A,EUR_HAB,FRD1,2020,27900
A,EUR_HAB,FRD1,2021,29500
A,EUR_HAB,FRD1,2022,31000
A,EUR_HAB,FRD1,2023,33900
A,EUR_HAB,FRD1,2024,34600
A,EUR_HAB,FRD2,2000,22100
A,EUR_HAB,FRD2,2001,22500
A,EUR_HAB,FRD2,2002,23000
A,EUR_HAB,FRD2,2003,23600
A,EUR_HAB,FRD2,2004,24500
A,EUR_HAB,FRD2,2005,25100
A,EUR_HAB,FRD2,2006,26000
A,EUR_HAB,FRD2,2007,27400
A,EUR_HAB,FRD2,2008,27700
A,EUR_HAB,FRD2,2009,26500
A,EUR_HAB,FRD2,2010,27500
A,EUR_HAB,FRD2,2011,28100
A,EUR_HAB,FRD2,2012,28400
A,EUR_HAB,FRD2,2013,28800
A,EUR_HAB,FRD2,2014,28800
A,EUR_HAB,FRD2,2015,29300
A,EUR_HAB,FRD2,2016,28900
A,EUR_HAB,FRD2,2017,29400
A,EUR_HAB,FRD2,2018,29500
A,EUR_HAB,FRD2,2019,30100
A,EUR_HAB,FRD2,2020,28900
A,EUR_HAB,FRD2,2021,31000
A,EUR_HAB,FRD2,2022,32800
A,EUR_HAB,FRD2,2023,35000
A,EUR_HAB,FRD2,2024,35800
A,EUR_HAB,FRE,2000,18900
A,EUR_HAB,FRE,2001,19400
A,EUR_HAB,FRE,2002,20000
A,EUR_HAB,FRE,2003,20600
A,EUR_HAB,FRE,2004,21200
A,EUR_HAB,FRE,2005,21900
A,EUR_HAB,FRE,2006,22800
A,EUR_HAB,FRE,2007,23900
A,EUR_HAB,FRE,2008,24600
A,EUR_HAB,FRE,2009,23800
A,EUR_HAB,FRE,2010,24100
A,EUR_HAB,FRE,2011,24900
A,EUR_HAB,FRE,2012,24800
A,EUR_HAB,FRE,2013,25000
A,EUR_HAB,FRE,2014,25300
A,EUR_HAB,FRE,2015,25900
A,EUR_HAB,FRE,2016,25900
A,EUR_HAB,FRE,2017,26700
A,EUR_HAB,FRE,2018,27000
A,EUR_HAB,FRE,2019,27700
A,EUR_HAB,FRE,2020,26700
A,EUR_HAB,FRE,2021,28400
A,EUR_HAB,FRE,2022,29900
A,EUR_HAB,FRE,2023,32000
A,EUR_HAB,FRE,2024,32900
A,EUR_HAB,FRE1,2000,18700
A,EUR_HAB,FRE1,2001,19100
A,EUR_HAB,FRE1,2002,19800
A,EUR_HAB,FRE1,2003,20400
A,EUR_HAB,FRE1,2004,21200
A,EUR_HAB,FRE1,2005,21900
A,EUR_HAB,FRE1,2006,23000
A,EUR_HAB,FRE1,2007,24100
A,EUR_HAB,FRE1,2008,25000
A,EUR_HAB,FRE1,2009,24200
A,EUR_HAB,FRE1,2010,24400
A,EUR_HAB,FRE1,2011,25300
A,EUR_HAB,FRE1,2012,25100
A,EUR_HAB,FRE1,2013,25400
A,EUR_HAB,FRE1,2014,25800
A,EUR_HAB,FRE1,2015,26300
A,EUR_HAB,FRE1,2016,26500
A,EUR_HAB,FRE1,2017,27200
A,EUR_HAB,FRE1,2018,27700
A,EUR_HAB,FRE1,2019,28300
A,EUR_HAB,FRE1,2020,27400
A,EUR_HAB,FRE1,2021,29100
A,EUR_HAB,FRE1,2022,30500
A,EUR_HAB,FRE1,2023,32600
A,EUR_HAB,FRE1,2024,33500
A,EUR_HAB,FRE2,2000,19500
A,EUR_HAB,FRE2,2001,20000
A,EUR_HAB,FRE2,2002,20400
A,EUR_HAB,FRE2,2003,20900
A,EUR_HAB,FRE2,2004,21300
A,EUR_HAB,FRE2,2005,21900
A,EUR_HAB,FRE2,2006,22400
A,EUR_HAB,FRE2,2007,23600
A,EUR_HAB,FRE2,2008,23900
A,EUR_HAB,FRE2,2009,22900
A,EUR_HAB,FRE2,2010,23400
A,EUR_HAB,FRE2,2011,24000
A,EUR_HAB,FRE2,2012,24200
A,EUR_HAB,FRE2,2013,24300
A,EUR_HAB,FRE2,2014,24300
A,EUR_HAB,FRE2,2015,25000
A,EUR_HAB,FRE2,2016,24600
A,EUR_HAB,FRE2,2017,25500
A,EUR_HAB,FRE2,2018,25500
A,EUR_HAB,FRE2,2019,26300
A,EUR_HAB,FRE2,2020,25200
A,EUR_HAB,FRE2,2021,26900
A,EUR_HAB,FRE2,2022,28700
A,EUR_HAB,FRE2,2023,30700
A,EUR_HAB,FRE2,2024,31700
A,EUR_HAB,FRF,2000,22000
A,EUR_HAB,FRF,2001,22400
A,EUR_HAB,FRF,2002,22800
A,EUR_HAB,FRF,2003,23200
A,EUR_HAB,FRF,2004,24300
A,EUR_HAB,FRF,2005,24600
A,EUR_HAB,FRF,2006,25500
A,EUR_HAB,FRF,2007,26600
A,EUR_HAB,FRF,2008,27000
A,EUR_HAB,FRF,2009,26000
A,EUR_HAB,FRF,2010,26100
A,EUR_HAB,FRF,2011,27000
A,EUR_HAB,FRF,2012,26700
A,EUR_HAB,FRF,2013,27100
A,EUR_HAB,FRF,2014,27500
A,EUR_HAB,FRF,2015,27700
A,EUR_HAB,FRF,2016,27800
A,EUR_HAB,FRF,2017,28500
A,EUR_HAB,FRF,2018,29200
A,EUR_HAB,FRF,2019,29700
A,EUR_HAB,FRF,2020,28400
A,EUR_HAB,FRF,2021,30200
A,EUR_HAB,FRF,2022,32000
A,EUR_HAB,FRF,2023,34600
A,EUR_HAB,FRF,2024,35400
A,EUR_HAB,FRF1,2000,24500
A,EUR_HAB,FRF1,2001,25000
A,EUR_HAB,FRF1,2002,25300
A,EUR_HAB,FRF1,2003,25700
A,EUR_HAB,FRF1,2004,26400
A,EUR_HAB,FRF1,2005,26600
A,EUR_HAB,FRF1,2006,27500
A,EUR_HAB,FRF1,2007,29000
A,EUR_HAB,FRF1,2008,29800
A,EUR_HAB,FRF1,2009,28900
A,EUR_HAB,FRF1,2010,28900
A,EUR_HAB,FRF1,2011,29900
A,EUR_HAB,FRF1,2012,29600
A,EUR_HAB,FRF1,2013,30000
A,EUR_HAB,FRF1,2014,30500
A,EUR_HAB,FRF1,2015,30800
A,EUR_HAB,FRF1,2016,31200
A,EUR_HAB,FRF1,2017,31900
A,EUR_HAB,FRF1,2018,32800
A,EUR_HAB,FRF1,2019,33400
A,EUR_HAB,FRF1,2020,31700
A,EUR_HAB,FRF1,2021,33700
A,EUR_HAB,FRF1,2022,35200
A,EUR_HAB,FRF1,2023,37900
A,EUR_HAB,FRF1,2024,38700
A,EUR_HAB,FRF2,2000,22700
A,EUR_HAB,FRF2,2001,22700
A,EUR_HAB,FRF2,2002,23100
A,EUR_HAB,FRF2,2003,23400
A,EUR_HAB,FRF2,2004,25200
A,EUR_HAB,FRF2,2005,25500
A,EUR_HAB,FRF2,2006,26300
A,EUR_HAB,FRF2,2007,27700
A,EUR_HAB,FRF2,2008,28100
A,EUR_HAB,FRF2,2009,26600
A,EUR_HAB,FRF2,2010,26900
A,EUR_HAB,FRF2,2011,28500
A,EUR_HAB,FRF2,2012,27800
A,EUR_HAB,FRF2,2013,28100
A,EUR_HAB,FRF2,2014,28200
A,EUR_HAB,FRF2,2015,28400
A,EUR_HAB,FRF2,2016,28100
A,EUR_HAB,FRF2,2017,29100
A,EUR_HAB,FRF2,2018,29800
A,EUR_HAB,FRF2,2019,30200
A,EUR_HAB,FRF2,2020,28800
A,EUR_HAB,FRF2,2021,30900
A,EUR_HAB,FRF2,2022,34100
A,EUR_HAB,FRF2,2023,37000
A,EUR_HAB,FRF2,2024,37800
A,EUR_HAB,FRF3,2000,19600
A,EUR_HAB,FRF3,2001,20300
A,EUR_HAB,FRF3,2002,20800
A,EUR_HAB,FRF3,2003,21300
A,EUR_HAB,FRF3,2004,22200
A,EUR_HAB,FRF3,2005,22600
A,EUR_HAB,FRF3,2006,23400
A,EUR_HAB,FRF3,2007,24200
A,EUR_HAB,FRF3,2008,24200
A,EUR_HAB,FRF3,2009,23400
A,EUR_HAB,FRF3,2010,23400
A,EUR_HAB,FRF3,2011,23900
A,EUR_HAB,FRF3,2012,23800
A,EUR_HAB,FRF3,2013,24100
A,EUR_HAB,FRF3,2014,24600
A,EUR_HAB,FRF3,2015,24900
A,EUR_HAB,FRF3,2016,24800
A,EUR_HAB,FRF3,2017,25500
A,EUR_HAB,FRF3,2018,25900
A,EUR_HAB,FRF3,2019,26300
A,EUR_HAB,FRF3,2020,25300
A,EUR_HAB,FRF3,2021,27000
A,EUR_HAB,FRF3,2022,28100
A,EUR_HAB,FRF3,2023,30500
A,EUR_HAB,FRF3,2024,31300
A,EUR_HAB,FRG,2000,21400
A,EUR_HAB,FRG,2001,22300
A,EUR_HAB,FRG,2002,22800
A,EUR_HAB,FRG,2003,23400
A,EUR_HAB,FRG,2004,24100
A,EUR_HAB,FRG,2005,24800
A,EUR_HAB,FRG,2006,25700
A,EUR_HAB,FRG,2007,26800
A,EUR_HAB,FRG,2008,27700
A,EUR_HAB,FRG,2009,26600
A,EUR_HAB,FRG,2010,26700
A,EUR_HAB,FRG,2011,28000
A,EUR_HAB,FRG,2012,28100
A,EUR_HAB,FRG,2013,28400
A,EUR_HAB,FRG,2014,28900
A,EUR_HAB,FRG,2015,29600
A,EUR_HAB,FRG,2016,29900
A,EUR_HAB,FRG,2017,30500
A,EUR_HAB,FRG,2018,31200
A,EUR_HAB,FRG,2019,32200
A,EUR_HAB,FRG,2020,31500
A,EUR_HAB,FRG,2021,33300
A,EUR_HAB,FRG,2022,34400
A,EUR_HAB,FRG,2023,36700
A,EUR_HAB,FRG,2024,37500
A,EUR_HAB,FRG0,2000,21400
A,EUR_HAB,FRG0,2001,22300
A,EUR_HAB,FRG0,2002,22800
A,EUR_HAB,FRG0,2003,23400
A,EUR_HAB,FRG0,2004,24100
A,EUR_HAB,FRG0,2005,24800
A,EUR_HAB,FRG0,2006,25700
A,EUR_HAB,FRG0,2007,26800
A,EUR_HAB,FRG0,2008,27700
A,EUR_HAB,FRG0,2009,26600
A,EUR_HAB,FRG0,2010,26700
A,EUR_HAB,FRG0,2011,28000
A,EUR_HAB,FRG0,2012,28100
A,EUR_HAB,FRG0,2013,28400
A,EUR_HAB,FRG0,2014,28900
A,EUR_HAB,FRG0,2015,29600
A,EUR_HAB,FRG0,2016,29900
A,EUR_HAB,FRG0,2017,30500
A,EUR_HAB,FRG0,2018,31200
A,EUR_HAB,FRG0,2019,32200
A,EUR_HAB,FRG0,2020,31500
A,EUR_HAB,FRG0,2021,33300
A,EUR_HAB,FRG0,2022,34400
A,EUR_HAB,FRG0,2023,36700
A,EUR_HAB,FRG0,2024,37500
A,EUR_HAB,FRH,2000,20600
A,EUR_HAB,FRH,2001,21200
A,EUR_HAB,FRH,2002,21600
A,EUR_HAB,FRH,2003,22200
A,EUR_HAB,FRH,2004,23600
A,EUR_HAB,FRH,2005,24400
A,EUR_HAB,FRH,2006,25400
A,EUR_HAB,FRH,2007,26100
A,EUR_HAB,FRH,2008,26000
A,EUR_HAB,FRH,2009,25100
A,EUR_HAB,FRH,2010,25200
A,EUR_HAB,FRH,2011,26200
A,EUR_HAB,FRH,2012,26500
A,EUR_HAB,FRH,2013,26800
A,EUR_HAB,FRH,2014,27400
A,EUR_HAB,FRH,2015,28000
A,EUR_HAB,FRH,2016,28400
A,EUR_HAB,FRH,2017,29300
A,EUR_HAB,FRH,2018,29700
A,EUR_HAB,FRH,2019,30600
A,EUR_HAB,FRH,2020,29700
A,EUR_HAB,FRH,2021,31700
A,EUR_HAB,FRH,2022,33100
A,EUR_HAB,FRH,2023,35400
A,EUR_HAB,FRH,2024,36600
A,EUR_HAB,FRH0,2000,20600
A,EUR_HAB,FRH0,2001,21200
A,EUR_HAB,FRH0,2002,21600
A,EUR_HAB,FRH0,2003,22200
A,EUR_HAB,FRH0,2004,23600
A,EUR_HAB,FRH0,2005,24400
A,EUR_HAB,FRH0,2006,25400
A,EUR_HAB,FRH0,2007,26100
A,EUR_HAB,FRH0,2008,26000
A,EUR_HAB,FRH0,2009,25100
A,EUR_HAB,FRH0,2010,25200
A,EUR_HAB,FRH0,2011,26200
A,EUR_HAB,FRH0,2012,26500
A,EUR_HAB,FRH0,2013,26800
A,EUR_HAB,FRH0,2014,27400
A,EUR_HAB,FRH0,2015,28000
A,EUR_HAB,FRH0,2016,28400
A,EUR_HAB,FRH0,2017,29300
A,EUR_HAB,FRH0,2018,29700
A,EUR_HAB,FRH0,2019,30600
A,EUR_HAB,FRH0,2020,29700
A,EUR_HAB,FRH0,2021,31700
A,EUR_HAB,FRH0,2022,33100
A,EUR_HAB,FRH0,2023,35400
A,EUR_HAB,FRH0,2024,36600
A,EUR_HAB,FRI,2000,20600
A,EUR_HAB,FRI,2001,21500
A,EUR_HAB,FRI,2002,22200
A,EUR_HAB,FRI,2003,22700
A,EUR_HAB,FRI,2004,23300
A,EUR_HAB,FRI,2005,24100
A,EUR_HAB,FRI,2006,25100
A,EUR_HAB,FRI,2007,26100
A,EUR_HAB,FRI,2008,26100
A,EUR_HAB,FRI,2009,25600
A,EUR_HAB,FRI,2010,25900
A,EUR_HAB,FRI,2011,26900
A,EUR_HAB,FRI,2012,27200
A,EUR_HAB,FRI,2013,27300
A,EUR_HAB,FRI,2014,27800
A,EUR_HAB,FRI,2015,28200
A,EUR_HAB,FRI,2016,28500
A,EUR_HAB,FRI,2017,29100
A,EUR_HAB,FRI,2018,29800
A,EUR_HAB,FRI,2019,30700
A,EUR_HAB,FRI,2020,29600
A,EUR_HAB,FRI,2021,31700
A,EUR_HAB,FRI,2022,32900
A,EUR_HAB,FRI,2023,35500
A,EUR_HAB,FRI,2024,36200
A,EUR_HAB,FRI1,2000,21400
A,EUR_HAB,FRI1,2001,22500
A,EUR_HAB,FRI1,2002,23200
A,EUR_HAB,FRI1,2003,23500
A,EUR_HAB,FRI1,2004,24200
A,EUR_HAB,FRI1,2005,25100
A,EUR_HAB,FRI1,2006,26300
A,EUR_HAB,FRI1,2007,27200
A,EUR_HAB,FRI1,2008,27200
A,EUR_HAB,FRI1,2009,26700
A,EUR_HAB,FRI1,2010,27300
A,EUR_HAB,FRI1,2011,28400
A,EUR_HAB,FRI1,2012,28500
A,EUR_HAB,FRI1,2013,28400
A,EUR_HAB,FRI1,2014,28900
A,EUR_HAB,FRI1,2015,29400
A,EUR_HAB,FRI1,2016,29800
A,EUR_HAB,FRI1,2017,30400
A,EUR_HAB,FRI1,2018,31200
A,EUR_HAB,FRI1,2019,32000
A,EUR_HAB,FRI1,2020,30600
A,EUR_HAB,FRI1,2021,33100
A,EUR_HAB,FRI1,2022,34400
A,EUR_HAB,FRI1,2023,36800
A,EUR_HAB,FRI1,2024,37700
A,EUR_HAB,FRI2,2000,19400
A,EUR_HAB,FRI2,2001,20000
A,EUR_HAB,FRI2,2002,20900
A,EUR_HAB,FRI2,2003,21300
A,EUR_HAB,FRI2,2004,21600
A,EUR_HAB,FRI2,2005,22500
A,EUR_HAB,FRI2,2006,23300
A,EUR_HAB,FRI2,2007,24000
A,EUR_HAB,FRI2,2008,24000
A,EUR_HAB,FRI2,2009,23500
A,EUR_HAB,FRI2,2010,22900
A,EUR_HAB,FRI2,2011,23700
A,EUR_HAB,FRI2,2012,23900
A,EUR_HAB,FRI2,2013,24500
A,EUR_HAB,FRI2,2014,25000
A,EUR_HAB,FRI2,2015,25500
A,EUR_HAB,FRI2,2016,25200
A,EUR_HAB,FRI2,2017,26100
A,EUR_HAB,FRI2,2018,26400
A,EUR_HAB,FRI2,2019,27700
A,EUR_HAB,FRI2,2020,27200
A,EUR_HAB,FRI2,2021,28700
A,EUR_HAB,FRI2,2022,29000
A,EUR_HAB,FRI2,2023,31500
A,EUR_HAB,FRI2,2024,32100
A,EUR_HAB,FRI3,2000,19900
A,EUR_HAB,FRI3,2001,20500
A,EUR_HAB,FRI3,2002,21200
A,EUR_HAB,FRI3,2003,21800
A,EUR_HAB,FRI3,2004,22600
A,EUR_HAB,FRI3,2005,23000
A,EUR_HAB,FRI3,2006,23700
A,EUR_HAB,FRI3,2007,24900
A,EUR_HAB,FRI3,2008,25000
A,EUR_HAB,FRI3,2009,24300
A,EUR_HAB,FRI3,2010,24600
A,EUR_HAB,FRI3,2011,25600
A,EUR_HAB,FRI3,2012,26100
A,EUR_HAB,FRI3,2013,26300
A,EUR_HAB,FRI3,2014,26900
A,EUR_HAB,FRI3,2015,27100
A,EUR_HAB,FRI3,2016,27200
A,EUR_HAB,FRI3,2017,28000
A,EUR_HAB,FRI3,2018,28600
A,EUR_HAB,FRI3,2019,29400
A,EUR_HAB,FRI3,2020,28600
A,EUR_HAB,FRI3,2021,30400
A,EUR_HAB,FRI3,2022,31700
A,EUR_HAB,FRI3,2023,34500
A,EUR_HAB,FRI3,2024,34900
A,EUR_HAB,FRJ,2000,20000
A,EUR_HAB,FRJ,2001,21000
A,EUR_HAB,FRJ,2002,21500
A,EUR_HAB,FRJ,2003,22100
A,EUR_HAB,FRJ,2004,23000
A,EUR_HAB,FRJ,2005,23800
A,EUR_HAB,FRJ,2006,25200
A,EUR_HAB,FRJ,2007,25700
A,EUR_HAB,FRJ,2008,26200
A,EUR_HAB,FRJ,2009,25700
A,EUR_HAB,FRJ,2010,25800
A,EUR_HAB,FRJ,2011,26800
A,EUR_HAB,FRJ,2012,27100
A,EUR_HAB,FRJ,2013,27300
A,EUR_HAB,FRJ,2014,27800
A,EUR_HAB,FRJ,2015,28300
A,EUR_HAB,FRJ,2016,28700
A,EUR_HAB,FRJ,2017,29200
A,EUR_HAB,FRJ,2018,29900
A,EUR_HAB,FRJ,2019,30700
A,EUR_HAB,FRJ,2020,29200
A,EUR_HAB,FRJ,2021,31400
A,EUR_HAB,FRJ,2022,32500
A,EUR_HAB,FRJ,2023,35100
A,EUR_HAB,FRJ,2024,35900
A,EUR_HAB,FRJ1,2000,19400
A,EUR_HAB,FRJ1,2001,20200
A,EUR_HAB,FRJ1,2002,20600
A,EUR_HAB,FRJ1,2003,21400
A,EUR_HAB,FRJ1,2004,22400
A,EUR_HAB,FRJ1,2005,23000
A,EUR_HAB,FRJ1,2006,23800
A,EUR_HAB,FRJ1,2007,24900
A,EUR_HAB,FRJ1,2008,25200
A,EUR_HAB,FRJ1,2009,24600
A,EUR_HAB,FRJ1,2010,24800
A,EUR_HAB,FRJ1,2011,25600
A,EUR_HAB,FRJ1,2012,25400
A,EUR_HAB,FRJ1,2013,25200
A,EUR_HAB,FRJ1,2014,25500
A,EUR_HAB,FRJ1,2015,25800
A,EUR_HAB,FRJ1,2016,26100
A,EUR_HAB,FRJ1,2017,26600
A,EUR_HAB,FRJ1,2018,27000
A,EUR_HAB,FRJ1,2019,27800
A,EUR_HAB,FRJ1,2020,27200
A,EUR_HAB,FRJ1,2021,29300
A,EUR_HAB,FRJ1,2022,30300
A,EUR_HAB,FRJ1,2023,32400
A,EUR_HAB,FRJ1,2024,33000
A,EUR_HAB,FRJ2,2000,20500
A,EUR_HAB,FRJ2,2001,21800
A,EUR_HAB,FRJ2,2002,22300
A,EUR_HAB,FRJ2,2003,22700
A,EUR_HAB,FRJ2,2004,23500
A,EUR_HAB,FRJ2,2005,24600
A,EUR_HAB,FRJ2,2006,26400
A,EUR_HAB,FRJ2,2007,26500
A,EUR_HAB,FRJ2,2008,27100
A,EUR_HAB,FRJ2,2009,26700
A,EUR_HAB,FRJ2,2010,26700
A,EUR_HAB,FRJ2,2011,27800
A,EUR_HAB,FRJ2,2012,28600
A,EUR_HAB,FRJ2,2013,29100
A,EUR_HAB,FRJ2,2014,29900
A,EUR_HAB,FRJ2,2015,30700
A,EUR_HAB,FRJ2,2016,31100
A,EUR_HAB,FRJ2,2017,31600
A,EUR_HAB,FRJ2,2018,32600
A,EUR_HAB,FRJ2,2019,33500
A,EUR_HAB,FRJ2,2020,31000
A,EUR_HAB,FRJ2,2021,33300
A,EUR_HAB,FRJ2,2022,34500
A,EUR_HAB,FRJ2,2023,37600
A,EUR_HAB,FRJ2,2024,38600
A,EUR_HAB,FRK,2000,23800
A,EUR_HAB,FRK,2001,24500
A,EUR_HAB,FRK,2002,24800
A,EUR_HAB,FRK,2003,25200
A,EUR_HAB,FRK,2004,26600
A,EUR_HAB,FRK,2005,27300
A,EUR_HAB,FRK,2006,28700
A,EUR_HAB,FRK,2007,29700
A,EUR_HAB,FRK,2008,30500
A,EUR_HAB,FRK,2009,29300
A,EUR_HAB,FRK,2010,29900
A,EUR_HAB,FRK,2011,31000
A,EUR_HAB,FRK,2012,31000
A,EUR_HAB,FRK,2013,31200
A,EUR_HAB,FRK,2014,31600
A,EUR_HAB,FRK,2015,32200
A,EUR_HAB,FRK,2016,32700
A,EUR_HAB,FRK,2017,33500
A,EUR_HAB,FRK,2018,34500
A,EUR_HAB,FRK,2019,35400
A,EUR_HAB,FRK,2020,33900
A,EUR_HAB,FRK,2021,36000
A,EUR_HAB,FRK,2022,37600
A,EUR_HAB,FRK,2023,40900
A,EUR_HAB,FRK,2024,41900
A,EUR_HAB,FRK1,2000,19400
A,EUR_HAB,FRK1,2001,19900
A,EUR_HAB,FRK1,2002,20500
A,EUR_HAB,FRK1,2003,21000
A,EUR_HAB,FRK1,2004,21900
A,EUR_HAB,FRK1,2005,22500
A,EUR_HAB,FRK1,2006,23300
A,EUR_HAB,FRK1,2007,24400
A,EUR_HAB,FRK1,2008,24400
A,EUR_HAB,FRK1,2009,23800
A,EUR_HAB,FRK1,2010,23700
A,EUR_HAB,FRK1,2011,25000
A,EUR_HAB,FRK1,2012,25000
A,EUR_HAB,FRK1,2013,25400
A,EUR_HAB,FRK1,2014,25900
A,EUR_HAB,FRK1,2015,26500
A,EUR_HAB,FRK1,2016,26500
A,EUR_HAB,FRK1,2017,27900
A,EUR_HAB,FRK1,2018,28400
A,EUR_HAB,FRK1,2019,29200
A,EUR_HAB,FRK1,2020,28200
A,EUR_HAB,FRK1,2021,30100
A,EUR_HAB,FRK1,2022,31000
A,EUR_HAB,FRK1,2023,33600
A,EUR_HAB,FRK1,2024,34400
A,EUR_HAB,FRK2,2000,24800
A,EUR_HAB,FRK2,2001,25500
A,EUR_HAB,FRK2,2002,25700
A,EUR_HAB,FRK2,2003,26200
A,EUR_HAB,FRK2,2004,27600
A,EUR_HAB,FRK2,2005,28400
A,EUR_HAB,FRK2,2006,29800
A,EUR_HAB,FRK2,2007,30900
A,EUR_HAB,FRK2,2008,31900
A,EUR_HAB,FRK2,2009,30500
A,EUR_HAB,FRK2,2010,31200
A,EUR_HAB,FRK2,2011,32300
A,EUR_HAB,FRK2,2012,32300
A,EUR_HAB,FRK2,2013,32400
A,EUR_HAB,FRK2,2014,32800
A,EUR_HAB,FRK2,2015,33400
A,EUR_HAB,FRK2,2016,33900
A,EUR_HAB,FRK2,2017,34700
A,EUR_HAB,FRK2,2018,35800
A,EUR_HAB,FRK2,2019,36600
A,EUR_HAB,FRK2,2020,35100
A,EUR_HAB,FRK2,2021,37200
A,EUR_HAB,FRK2,2022,38900
A,EUR_HAB,FRK2,2023,42400
A,EUR_HAB,FRK2,2024,43400
A,EUR_HAB,FRL,2000,22600
A,EUR_HAB,FRL,2001,23500
A,EUR_HAB,FRL,2002,23900
A,EUR_HAB,FRL,2003,24600
A,EUR_HAB,FRL,2004,25900
A,EUR_HAB,FRL,2005,26900
A,EUR_HAB,FRL,2006,28100
A,EUR_HAB,FRL,2007,29000
A,EUR_HAB,FRL,2008,29300
A,EUR_HAB,FRL,2009,28800
A,EUR_HAB,FRL,2010,30000
A,EUR_HAB,FRL,2011,30500
A,EUR_HAB,FRL,2012,31300
A,EUR_HAB,FRL,2013,31100
A,EUR_HAB,FRL,2014,31500
A,EUR_HAB,FRL,2015,31900
A,EUR_HAB,FRL,2016,32200
A,EUR_HAB,FRL,2017,33000
A,EUR_HAB,FRL,2018,33600
A,EUR_HAB,FRL,2019,34300
A,EUR_HAB,FRL,2020,32800
A,EUR_HAB,FRL,2021,38500
A,EUR_HAB,FRL,2022,42100
A,EUR_HAB,FRL,2023,40500
A,EUR_HAB,FRL,2024,41800
A,EUR_HAB,FRL0,2000,22600
A,EUR_HAB,FRL0,2001,23500
A,EUR_HAB,FRL0,2002,23900
A,EUR_HAB,FRL0,2003,24600
A,EUR_HAB,FRL0,2004,25900
A,EUR_HAB,FRL0,2005,26900
A,EUR_HAB,FRL0,2006,28100
A,EUR_HAB,FRL0,2007,29000
A,EUR_HAB,FRL0,2008,29300
A,EUR_HAB,FRL0,2009,28800
A,EUR_HAB,FRL0,2010,30000
A,EUR_HAB,FRL0,2011,30500
A,EUR_HAB,FRL0,2012,31300
A,EUR_HAB,FRL0,2013,31100
A,EUR_HAB,FRL0,2014,31500
A,EUR_HAB,FRL0,2015,31900
A,EUR_HAB,FRL0,2016,32200
A,EUR_HAB,FRL0,2017,33000
A,EUR_HAB,FRL0,2018,33600
A,EUR_HAB,FRL0,2019,34300
A,EUR_HAB,FRL0,2020,32800
A,EUR_HAB,FRL0,2021,38500
A,EUR_HAB,FRL0,2022,42100
A,EUR_HAB,FRL0,2023,40500
A,EUR_HAB,FRL0,2024,41800
A,EUR_HAB,FRM,2000,19100
A,EUR_HAB,FRM,2001,19900
A,EUR_HAB,FRM,2002,20000
A,EUR_HAB,FRM,2003,20600
A,EUR_HAB,FRM,2004,21300
A,EUR_HAB,FRM,2005,22400
A,EUR_HAB,FRM,2006,23600
A,EUR_HAB,FRM,2007,23800
A,EUR_HAB,FRM,2008,25200
A,EUR_HAB,FRM,2009,25700
A,EUR_HAB,FRM,2010,25700
A,EUR_HAB,FRM,2011,26900
A,EUR_HAB,FRM,2012,27100
A,EUR_HAB,FRM,2013,27200
A,EUR_HAB,FRM,2014,27500
A,EUR_HAB,FRM,2015,28200
A,EUR_HAB,FRM,2016,28300
A,EUR_HAB,FRM,2017,29000
A,EUR_HAB,FRM,2018,29800
A,EUR_HAB,FRM,2019,30400
A,EUR_HAB,FRM,2020,28800
A,EUR_HAB,FRM,2021,31500
A,EUR_HAB,FRM,2022,32700
A,EUR_HAB,FRM,2023,36000
A,EUR_HAB,FRM,2024,37500
A,EUR_HAB,FRM0,2000,19100
A,EUR_HAB,FRM0,2001,19900
A,EUR_HAB,FRM0,2002,20000
A,EUR_HAB,FRM0,2003,20600
A,EUR_HAB,FRM0,2004,21300
A,EUR_HAB,FRM0,2005,22400
A,EUR_HAB,FRM0,2006,23600
A,EUR_HAB,FRM0,2007,23800
A,EUR_HAB,FRM0,2008,25200
A,EUR_HAB,FRM0,2009,25700
A,EUR_HAB,FRM0,2010,25700
A,EUR_HAB,FRM0,2011,26900
A,EUR_HAB,FRM0,2012,27100
A,EUR_HAB,FRM0,2013,27200
A,EUR_HAB,FRM0,2014,27500
A,EUR_HAB,FRM0,2015,28200
A,EUR_HAB,FRM0,2016,28300
A,EUR_HAB,FRM0,2017,29000
A,EUR_HAB,FRM0,2018,29800
A,EUR_HAB,FRM0,2019,30400
A,EUR_HAB,FRM0,2020,28800
A,EUR_HAB,FRM0,2021,31500
A,EUR_HAB,FRM0,2022,32700
A,EUR_HAB,FRM0,2023,36000
A,EUR_HAB,FRM0,2024,37500
A,EUR_HAB,FRY,2000,14200
A,EUR_HAB,FRY,2001,15100
A,EUR_HAB,FRY,2002,15700
A,EUR_HAB,FRY,2003,16300
A,EUR_HAB,FRY,2004,17100
A,EUR_HAB,FRY,2005,18000
A,EUR_HAB,FRY,2006,19000
A,EUR_HAB,FRY,2007,19700
A,EUR_HAB,FRY,2008,20400
A,EUR_HAB,FRY,2009,19700
A,EUR_HAB,FRY,2010,20100
A,EUR_HAB,FRY,2011,20800
A,EUR_HAB,FRY,2012,21200
A,EUR_HAB,FRY,2013,21400
A,EUR_HAB,FRY,2014,19600
A,EUR_HAB,FRY,2015,19900
A,EUR_HAB,FRY,2016,20200
A,EUR_HAB,FRY,2017,20300
A,EUR_HAB,FRY,2018,20500
A,EUR_HAB,FRY,2019,21000
A,EUR_HAB,FRY,2020,20500
A,EUR_HAB,FRY,2021,21800
A,EUR_HAB,FRY,2022,23100
A,EUR_HAB,FRY,2023,24000
A,EUR_HAB,FRY,2024,25000
A,EUR_HAB,FRY1,2000,14500
A,EUR_HAB,FRY1,2001,15500
A,EUR_HAB,FRY1,2002,16000
A,EUR_HAB,FRY1,2003,17100
A,EUR_HAB,FRY1,2004,17800
A,EUR_HAB,FRY1,2005,18900
A,EUR_HAB,FRY1,2006,20000
A,EUR_HAB,FRY1,2007,20500
A,EUR_HAB,FRY1,2008,21600
A,EUR_HAB,FRY1,2009,20500
A,EUR_HAB,FRY1,2010,21300
A,EUR_HAB,FRY1,2011,22000
A,EUR_HAB,FRY1,2012,22400
A,EUR_HAB,FRY1,2013,22600
A,EUR_HAB,FRY1,2014,23300
A,EUR_HAB,FRY1,2015,23900
A,EUR_HAB,FRY1,2016,24500
A,EUR_HAB,FRY1,2017,22800
A,EUR_HAB,FRY1,2018,23500
A,EUR_HAB,FRY1,2019,24400
A,EUR_HAB,FRY1,2020,23500
A,EUR_HAB,FRY1,2021,25100
A,EUR_HAB,FRY1,2022,26400
A,EUR_HAB,FRY1,2023,27500
A,EUR_HAB,FRY1,2024,29100
A,EUR_HAB,FRY2,2000,14100
A,EUR_HAB,FRY2,2001,15000
A,EUR_HAB,FRY2,2002,15400
A,EUR_HAB,FRY2,2003,16200
A,EUR_HAB,FRY2,2004,17000
A,EUR_HAB,FRY2,2005,17900
A,EUR_HAB,FRY2,2006,18800
A,EUR_HAB,FRY2,2007,19400
A,EUR_HAB,FRY2,2008,20400
A,EUR_HAB,FRY2,2009,19700
A,EUR_HAB,FRY2,2010,20500
A,EUR_HAB,FRY2,2011,21300
A,EUR_HAB,FRY2,2012,21800
A,EUR_HAB,FRY2,2013,22000
A,EUR_HAB,FRY2,2014,22800
A,EUR_HAB,FRY2,2015,23500
A,EUR_HAB,FRY2,2016,23600
A,EUR_HAB,FRY2,2017,24200
A,EUR_HAB,FRY2,2018,24800
A,EUR_HAB,FRY2,2019,24700
A,EUR_HAB,FRY2,2020,24000
A,EUR_HAB,FRY2,2021,25100
A,EUR_HAB,FRY2,2022,27200
A,EUR_HAB,FRY2,2023,28500
A,EUR_HAB,FRY2,2024,29900
A,EUR_HAB,FRY3,2000,12800
A,EUR_HAB,FRY3,2001,14300
A,EUR_HAB,FRY3,2002,14600
A,EUR_HAB,FRY3,2003,13800
A,EUR_HAB,FRY3,2004,14000
A,EUR_HAB,FRY3,2005,14200
A,EUR_HAB,FRY3,2006,15000
A,EUR_HAB,FRY3,2007,14900
A,EUR_HAB,FRY3,2008,15200
A,EUR_HAB,FRY3,2009,15400
A,EUR_HAB,FRY3,2010,15600
A,EUR_HAB,FRY3,2011,16100
A,EUR_HAB,FRY3,2012,16800
A,EUR_HAB,FRY3,2013,16700
A,EUR_HAB,FRY3,2014,16700
A,EUR_HAB,FRY3,2015,16300
A,EUR_HAB,FRY3,2016,16500
A,EUR_HAB,FRY3,2017,16300
A,EUR_HAB,FRY3,2018,16800
A,EUR_HAB,FRY3,2019,17500
A,EUR_HAB,FRY3,2020,17100
A,EUR_HAB,FRY3,2021,17800
A,EUR_HAB,FRY3,2022,18100
A,EUR_HAB,FRY3,2023,17700
A,EUR_HAB,FRY3,2024,17700
A,EUR_HAB,FRY4,2000,13600
A,EUR_HAB,FRY4,2001,14400
A,EUR_HAB,FRY4,2002,15200
A,EUR_HAB,FRY4,2003,15700
A,EUR_HAB,FRY4,2004,16600
A,EUR_HAB,FRY4,2005,17400
A,EUR_HAB,FRY4,2006,18400
A,EUR_HAB,FRY4,2007,19300
A,EUR_HAB,FRY4,2008,19800
A,EUR_HAB,FRY4,2009,19000
A,EUR_HAB,FRY4,2010,18900
A,EUR_HAB,FRY4,2011,19600
A,EUR_HAB,FRY4,2012,19900
A,EUR_HAB,FRY4,2013,20100
A,EUR_HAB,FRY4,2014,20500
A,EUR_HAB,FRY4,2015,20900
A,EUR_HAB,FRY4,2016,21300
A,EUR_HAB,FRY4,2017,21900
A,EUR_HAB,FRY4,2018,22100
A,EUR_HAB,FRY4,2019,22700
A,EUR_HAB,FRY4,2020,22300
A,EUR_HAB,FRY4,2021,24200
A,EUR_HAB,FRY4,2022,25500
A,EUR_HAB,FRY4,2023,26700
A,EUR_HAB,FRY4,2024,27500
A,EUR_HAB,FRY5,2014,7600
A,EUR_HAB,FRY5,2015,8200
A,EUR_HAB,FRY5,2016,8400
A,EUR_HAB,FRY5,2017,8900
A,EUR_HAB,FRY5,2018,8600
A,EUR_HAB,FRY5,2019,9100
A,EUR_HAB,FRY5,2020,9400
A,EUR_HAB,FRY5,2021,10100
A,EUR_HAB,FRY5,2022,11000
A,EUR_HAB,FRY5,2023,12000
A,EUR_HAB,FRY5,2024,13100
A,EUR_HAB,HR,2000,5300
A,EUR_HAB,HR,2001,6000
A,EUR_HAB,HR,2002,6700
A,EUR_HAB,HR,2003,7200
A,EUR_HAB,HR,2004,7800
A,EUR_HAB,HR,2005,8500
A,EUR_HAB,HR,2006,9400
A,EUR_HAB,HR,2007,10300
A,EUR_HAB,HR,2008,11300
A,EUR_HAB,HR,2009,10600
A,EUR_HAB,HR,2010,10700
A,EUR_HAB,HR,2011,10700
A,EUR_HAB,HR,2012,10500
A,EUR_HAB,HR,2013,10600
A,EUR_HAB,HR,2014,10600
A,EUR_HAB,HR,2015,11000
A,EUR_HAB,HR,2016,11600
A,EUR_HAB,HR,2017,12400
A,EUR_HAB,HR,2018,13300
A,EUR_HAB,HR,2019,14100
A,EUR_HAB,HR,2020,13000
A,EUR_HAB,HR,2021,15100
A,EUR_HAB,HR,2022,17500
A,EUR_HAB,HR,2023,20500
A,EUR_HAB,HR,2024,22200
A,EUR_HAB,HR0,2000,5300
A,EUR_HAB,HR0,2001,6000
A,EUR_HAB,HR0,2002,6700
A,EUR_HAB,HR0,2003,7200
A,EUR_HAB,HR0,2004,7800
A,EUR_HAB,HR0,2005,8500
A,EUR_HAB,HR0,2006,9400
A,EUR_HAB,HR0,2007,10300
A,EUR_HAB,HR0,2008,11300
A,EUR_HAB,HR0,2009,10600
A,EUR_HAB,HR0,2010,10700
A,EUR_HAB,HR0,2011,10700
A,EUR_HAB,HR0,2012,10500
A,EUR_HAB,HR0,2013,10600
A,EUR_HAB,HR0,2014,10600
A,EUR_HAB,HR0,2015,11000
A,EUR_HAB,HR0,2016,11600
A,EUR_HAB,HR0,2017,12400
A,EUR_HAB,HR0,2018,13300
A,EUR_HAB,HR0,2019,14100
A,EUR_HAB,HR0,2020,13000
A,EUR_HAB,HR0,2021,15100
A,EUR_HAB,HR0,2022,17500
A,EUR_HAB,HR0,2023,20500
A,EUR_HAB,HR0,2024,22200
A,EUR_HAB,HR02,2000,4100
A,EUR_HAB,HR02,2001,4700
A,EUR_HAB,HR02,2002,5200
A,EUR_HAB,HR02,2003,5300
A,EUR_HAB,HR02,2004,5700
A,EUR_HAB,HR02,2005,6000
A,EUR_HAB,HR02,2006,6800
A,EUR_HAB,HR02,2007,7300
A,EUR_HAB,HR02,2008,8100
A,EUR_HAB,HR02,2009,7500
A,EUR_HAB,HR02,2010,7300
A,EUR_HAB,HR02,2011,7300
A,EUR_HAB,HR02,2012,7200
A,EUR_HAB,HR02,2013,7200
A,EUR_HAB,HR02,2014,7100
A,EUR_HAB,HR02,2015,7400
A,EUR_HAB,HR02,2016,7900
A,EUR_HAB,HR02,2017,8300
A,EUR_HAB,HR02,2018,8800
A,EUR_HAB,HR02,2019,9500
A,EUR_HAB,HR02,2020,9100
A,EUR_HAB,HR02,2021,10600
A,EUR_HAB,HR02,2022,12200
A,EUR_HAB,HR02,2023,13900
A,EUR_HAB,HR02,2024,15100
A,EUR_HAB,HR03,2000,5000
A,EUR_HAB,HR03,2001,5600
A,EUR_HAB,HR03,2002,6200
A,EUR_HAB,HR03,2003,6900
A,EUR_HAB,HR03,2004,7700
A,EUR_HAB,HR03,2005,8300
A,EUR_HAB,HR03,2006,9100
A,EUR_HAB,HR03,2007,10100
A,EUR_HAB,HR03,2008,10900
A,EUR_HAB,HR03,2009,10300
A,EUR_HAB,HR03,2010,10200
A,EUR_HAB,HR03,2011,10200
A,EUR_HAB,HR03,2012,10100
A,EUR_HAB,HR03,2013,10200
A,EUR_HAB,HR03,2014,10300
A,EUR_HAB,HR03,2015,10600
A,EUR_HAB,HR03,2016,11300
A,EUR_HAB,HR03,2017,12100
A,EUR_HAB,HR03,2018,12900
A,EUR_HAB,HR03,2019,13500
A,EUR_HAB,HR03,2020,11600
A,EUR_HAB,HR03,2021,14000
A,EUR_HAB,HR03,2022,16800
A,EUR_HAB,HR03,2023,19200
A,EUR_HAB,HR03,2024,20900
A,EUR_HAB,HR05,2000,8500
A,EUR_HAB,HR05,2001,9900
A,EUR_HAB,HR05,2002,10900
A,EUR_HAB,HR05,2003,12100
A,EUR_HAB,HR05,2004,13200
A,EUR_HAB,HR05,2005,14900
A,EUR_HAB,HR05,2006,16400
A,EUR_HAB,HR05,2007,17800
A,EUR_HAB,HR05,2008,19600
A,EUR_HAB,HR05,2009,18900
A,EUR_HAB,HR05,2010,20100
A,EUR_HAB,HR05,2011,19800
A,EUR_HAB,HR05,2012,19300
A,EUR_HAB,HR05,2013,19000
A,EUR_HAB,HR05,2014,18900
A,EUR_HAB,HR05,2015,19500
A,EUR_HAB,HR05,2016,20300
A,EUR_HAB,HR05,2017,21600
A,EUR_HAB,HR05,2018,23100
A,EUR_HAB,HR05,2019,24600
A,EUR_HAB,HR05,2020,22800
A,EUR_HAB,HR05,2021,25800
A,EUR_HAB,HR05,2022,29000
A,EUR_HAB,HR05,2023,34500
A,EUR_HAB,HR05,2024,37500
A,EUR_HAB,HR06,2000,4500
A,EUR_HAB,HR06,2001,5000
A,EUR_HAB,HR06,2002,5700
A,EUR_HAB,HR06,2003,5900
A,EUR_HAB,HR06,2004,6200
A,EUR_HAB,HR06,2005,6700
A,EUR_HAB,HR06,2006,7200
A,EUR_HAB,HR06,2007,7900
A,EUR_HAB,HR06,2008,8600
A,EUR_HAB,HR06,2009,8200
A,EUR_HAB,HR06,2010,7800
A,EUR_HAB,HR06,2011,7800
A,EUR_HAB,HR06,2012,7800
A,EUR_HAB,HR06,2013,8100
A,EUR_HAB,HR06,2014,8000
A,EUR_HAB,HR06,2015,8400
A,EUR_HAB,HR06,2016,8900
A,EUR_HAB,HR06,2017,9600
A,EUR_HAB,HR06,2018,10300
A,EUR_HAB,HR06,2019,11100
A,EUR_HAB,HR06,2020,10600
A,EUR_HAB,HR06,2021,12100
A,EUR_HAB,HR06,2022,14300
A,EUR_HAB,HR06,2023,17300
A,EUR_HAB,HR06,2024,18200
A,EUR_HAB,HU,2000,5000
A,EUR_HAB,HU,2001,5900
A,EUR_HAB,HU,2002,7100
A,EUR_HAB,HU,2003,7400
A,EUR_HAB,HU,2004,8300
A,EUR_HAB,HU,2005,9000
A,EUR_HAB,HU,2006,9100
A,EUR_HAB,HU,2007,10200
A,EUR_HAB,HU,2008,10800
A,EUR_HAB,HU,2009,9400
A,EUR_HAB,HU,2010,10000
A,EUR_HAB,HU,2011,10200
A,EUR_HAB,HU,2012,10100
A,EUR_HAB,HU,2013,10400
A,EUR_HAB,HU,2014,10800
A,EUR_HAB,HU,2015,11500
A,EUR_HAB,HU,2016,11900
A,EUR_HAB,HU,2017,13100
A,EUR_HAB,HU,2018,14100
A,EUR_HAB,HU,2019,15200
A,EUR_HAB,HU,2020,14400
A,EUR_HAB,HU,2021,16100
A,EUR_HAB,HU,2022,17500
A,EUR_HAB,HU,2023,20600
A,EUR_HAB,HU,2024,21500
A,EUR_HAB,HU1,2000,7700
A,EUR_HAB,HU1,2001,9200
A,EUR_HAB,HU1,2002,11300
A,EUR_HAB,HU1,2003,11700
A,EUR_HAB,HU1,2004,13200
A,EUR_HAB,HU1,2005,14700
A,EUR_HAB,HU1,2006,15000
A,EUR_HAB,HU1,2007,16800
A,EUR_HAB,HU1,2008,17800
A,EUR_HAB,HU1,2009,15800
A,EUR_HAB,HU1,2010,16300
A,EUR_HAB,HU1,2011,16500
A,EUR_HAB,HU1,2012,16300
A,EUR_HAB,HU1,2013,16200
A,EUR_HAB,HU1,2014,17000
A,EUR_HAB,HU1,2015,17700
A,EUR_HAB,HU1,2016,18100
A,EUR_HAB,HU1,2017,19900
A,EUR_HAB,HU1,2018,21300
A,EUR_HAB,HU1,2019,23600
A,EUR_HAB,HU1,2020,22200
A,EUR_HAB,HU1,2021,25000
A,EUR_HAB,HU1,2022,27500
A,EUR_HAB,HU1,2023,32700
A,EUR_HAB,HU1,2024,34600
A,EUR_HAB,HU11,2000,9900
A,EUR_HAB,HU11,2001,11600
A,EUR_HAB,HU11,2002,14500
A,EUR_HAB,HU11,2003,15100
A,EUR_HAB,HU11,2004,17100
A,EUR_HAB,HU11,2005,19100
A,EUR_HAB,HU11,2006,19700
A,EUR_HAB,HU11,2007,21900
A,EUR_HAB,HU11,2008,23600
A,EUR_HAB,HU11,2009,21300
A,EUR_HAB,HU11,2010,21600
A,EUR_HAB,HU11,2011,22100
A,EUR_HAB,HU11,2012,21900
A,EUR_HAB,HU11,2013,21500
A,EUR_HAB,HU11,2014,22700
A,EUR_HAB,HU11,2015,23400
A,EUR_HAB,HU11,2016,24200
A,EUR_HAB,HU11,2017,26800
A,EUR_HAB,HU11,2018,28800
A,EUR_HAB,HU11,2019,32300
A,EUR_HAB,HU11,2020,30300
A,EUR_HAB,HU11,2021,34100
A,EUR_HAB,HU11,2022,37200
A,EUR_HAB,HU11,2023,44700
A,EUR_HAB,HU11,2024,47600
A,EUR_HAB,HU12,2000,4200
A,EUR_HAB,HU12,2001,5200
A,EUR_HAB,HU12,2002,6300
A,EUR_HAB,HU12,2003,6600
A,EUR_HAB,HU12,2004,7400
A,EUR_HAB,HU12,2005,8100
A,EUR_HAB,HU12,2006,8000
A,EUR_HAB,HU12,2007,9600
A,EUR_HAB,HU12,2008,9500
A,EUR_HAB,HU12,2009,8100
A,EUR_HAB,HU12,2010,8800
A,EUR_HAB,HU12,2011,8700
A,EUR_HAB,HU12,2012,8300
A,EUR_HAB,HU12,2013,8600
A,EUR_HAB,HU12,2014,8900
A,EUR_HAB,HU12,2015,9600
A,EUR_HAB,HU12,2016,9600
A,EUR_HAB,HU12,2017,10300
A,EUR_HAB,HU12,2018,11000
A,EUR_HAB,HU12,2019,12000
A,EUR_HAB,HU12,2020,11500
A,EUR_HAB,HU12,2021,13200
A,EUR_HAB,HU12,2022,15100
A,EUR_HAB,HU12,2023,17600
A,EUR_HAB,HU12,2024,18100
A,EUR_HAB,HU2,2000,4800
A,EUR_HAB,HU2,2001,5400
A,EUR_HAB,HU2,2002,6300
A,EUR_HAB,HU2,2003,6800
A,EUR_HAB,HU2,2004,7500
A,EUR_HAB,HU2,2005,7900
A,EUR_HAB,HU2,2006,8000
A,EUR_HAB,HU2,2007,8900
A,EUR_HAB,HU2,2008,9300
A,EUR_HAB,HU2,2009,7800
A,EUR_HAB,HU2,2010,8600
A,EUR_HAB,HU2,2011,8800
A,EUR_HAB,HU2,2012,8700
A,EUR_HAB,HU2,2013,9200
A,EUR_HAB,HU2,2014,9500
A,EUR_HAB,HU2,2015,10300
A,EUR_HAB,HU2,2016,10900
A,EUR_HAB,HU2,2017,11700
A,EUR_HAB,HU2,2018,12500
A,EUR_HAB,HU2,2019,13100
A,EUR_HAB,HU2,2020,12200
A,EUR_HAB,HU2,2021,13400
A,EUR_HAB,HU2,2022,14700
A,EUR_HAB,HU2,2023,16700
A,EUR_HAB,HU2,2024,17300
A,EUR_HAB,HU21,2000,4800
A,EUR_HAB,HU21,2001,5500
A,EUR_HAB,HU21,2002,6300
A,EUR_HAB,HU21,2003,6900
A,EUR_HAB,HU21,2004,7800
A,EUR_HAB,HU21,2005,8500
A,EUR_HAB,HU21,2006,8300
A,EUR_HAB,HU21,2007,9400
A,EUR_HAB,HU21,2008,9800
A,EUR_HAB,HU21,2009,7900
A,EUR_HAB,HU21,2010,8700
A,EUR_HAB,HU21,2011,9100
A,EUR_HAB,HU21,2012,8900
A,EUR_HAB,HU21,2013,9300
A,EUR_HAB,HU21,2014,9700
A,EUR_HAB,HU21,2015,10700
A,EUR_HAB,HU21,2016,11400
A,EUR_HAB,HU21,2017,12200
A,EUR_HAB,HU21,2018,13000
A,EUR_HAB,HU21,2019,13800
A,EUR_HAB,HU21,2020,12800
A,EUR_HAB,HU21,2021,14300
A,EUR_HAB,HU21,2022,15500
A,EUR_HAB,HU21,2023,18000
A,EUR_HAB,HU21,2024,18600
A,EUR_HAB,HU22,2000,5700
A,EUR_HAB,HU22,2001,6300
A,EUR_HAB,HU22,2002,7400
A,EUR_HAB,HU22,2003,8100
A,EUR_HAB,HU22,2004,8700
A,EUR_HAB,HU22,2005,9000
A,EUR_HAB,HU22,2006,9400
A,EUR_HAB,HU22,2007,10200
A,EUR_HAB,HU22,2008,10800
A,EUR_HAB,HU22,2009,9000
A,EUR_HAB,HU22,2010,10200
A,EUR_HAB,HU22,2011,10400
A,EUR_HAB,HU22,2012,10200
A,EUR_HAB,HU22,2013,10900
A,EUR_HAB,HU22,2014,11600
A,EUR_HAB,HU22,2015,12500
A,EUR_HAB,HU22,2016,13000
A,EUR_HAB,HU22,2017,13700
A,EUR_HAB,HU22,2018,14400
A,EUR_HAB,HU22,2019,14900
A,EUR_HAB,HU22,2020,13700
A,EUR_HAB,HU22,2021,14700
A,EUR_HAB,HU22,2022,16000
A,EUR_HAB,HU22,2023,18200
A,EUR_HAB,HU22,2024,18700
A,EUR_HAB,HU23,2000,3700
A,EUR_HAB,HU23,2001,4300
A,EUR_HAB,HU23,2002,5200
A,EUR_HAB,HU23,2003,5300
A,EUR_HAB,HU23,2004,5800
A,EUR_HAB,HU23,2005,6100
A,EUR_HAB,HU23,2006,6100
A,EUR_HAB,HU23,2007,6800
A,EUR_HAB,HU23,2008,7300
A,EUR_HAB,HU23,2009,6400
A,EUR_HAB,HU23,2010,6800
A,EUR_HAB,HU23,2011,6900
A,EUR_HAB,HU23,2012,6900
A,EUR_HAB,HU23,2013,7200
A,EUR_HAB,HU23,2014,7200
A,EUR_HAB,HU23,2015,7600
A,EUR_HAB,HU23,2016,8000
A,EUR_HAB,HU23,2017,8900
A,EUR_HAB,HU23,2018,9600
A,EUR_HAB,HU23,2019,10200
A,EUR_HAB,HU23,2020,9700
A,EUR_HAB,HU23,2021,10900
A,EUR_HAB,HU23,2022,12100
A,EUR_HAB,HU23,2023,13500
A,EUR_HAB,HU23,2024,14200
A,EUR_HAB,HU3,2000,3400
A,EUR_HAB,HU3,2001,4100
A,EUR_HAB,HU3,2002,4800
A,EUR_HAB,HU3,2003,5000
A,EUR_HAB,HU3,2004,5600
A,EUR_HAB,HU3,2005,6000
A,EUR_HAB,HU3,2006,6000
A,EUR_HAB,HU3,2007,6500
A,EUR_HAB,HU3,2008,6900
A,EUR_HAB,HU3,2009,6000
A,EUR_HAB,HU3,2010,6300
A,EUR_HAB,HU3,2011,6600
A,EUR_HAB,HU3,2012,6500
A,EUR_HAB,HU3,2013,6900
A,EUR_HAB,HU3,2014,7100
A,EUR_HAB,HU3,2015,7700
A,EUR_HAB,HU3,2016,8000
A,EUR_HAB,HU3,2017,8900
A,EUR_HAB,HU3,2018,9600
A,EUR_HAB,HU3,2019,10200
A,EUR_HAB,HU3,2020,9900
A,EUR_HAB,HU3,2021,11000
A,EUR_HAB,HU3,2022,11800
A,EUR_HAB,HU3,2023,13700
A,EUR_HAB,HU3,2024,14100
A,EUR_HAB,HU31,2000,3200
A,EUR_HAB,HU31,2001,3800
A,EUR_HAB,HU31,2002,4500
A,EUR_HAB,HU31,2003,4700
A,EUR_HAB,HU31,2004,5300
A,EUR_HAB,HU31,2005,5800
A,EUR_HAB,HU31,2006,5800
A,EUR_HAB,HU31,2007,6400
A,EUR_HAB,HU31,2008,6600
A,EUR_HAB,HU31,2009,5600
A,EUR_HAB,HU31,2010,5900
A,EUR_HAB,HU31,2011,6000
A,EUR_HAB,HU31,2012,6000
A,EUR_HAB,HU31,2013,6400
A,EUR_HAB,HU31,2014,6700
A,EUR_HAB,HU31,2015,7500
A,EUR_HAB,HU31,2016,7900
A,EUR_HAB,HU31,2017,9000
A,EUR_HAB,HU31,2018,9600
A,EUR_HAB,HU31,2019,9900
A,EUR_HAB,HU31,2020,9600
A,EUR_HAB,HU31,2021,11000
A,EUR_HAB,HU31,2022,11300
A,EUR_HAB,HU31,2023,13000
A,EUR_HAB,HU31,2024,13400
A,EUR_HAB,HU32,2000,3300
A,EUR_HAB,HU32,2001,4100
A,EUR_HAB,HU32,2002,4800
A,EUR_HAB,HU32,2003,5100
A,EUR_HAB,HU32,2004,5500
A,EUR_HAB,HU32,2005,5900
A,EUR_HAB,HU32,2006,5900
A,EUR_HAB,HU32,2007,6300
A,EUR_HAB,HU32,2008,6700
A,EUR_HAB,HU32,2009,6000
A,EUR_HAB,HU32,2010,6400
A,EUR_HAB,HU32,2011,6700
A,EUR_HAB,HU32,2012,6600
A,EUR_HAB,HU32,2013,6700
A,EUR_HAB,HU32,2014,7000
A,EUR_HAB,HU32,2015,7300
A,EUR_HAB,HU32,2016,7500
A,EUR_HAB,HU32,2017,8400
A,EUR_HAB,HU32,2018,9100
A,EUR_HAB,HU32,2019,9800
A,EUR_HAB,HU32,2020,9400
A,EUR_HAB,HU32,2021,10500
A,EUR_HAB,HU32,2022,11400
A,EUR_HAB,HU32,2023,13400
A,EUR_HAB,HU32,2024,14100
A,EUR_HAB,HU33,2000,3700
A,EUR_HAB,HU33,2001,4300
A,EUR_HAB,HU33,2002,5100
A,EUR_HAB,HU33,2003,5300
A,EUR_HAB,HU33,2004,5900
A,EUR_HAB,HU33,2005,6200
A,EUR_HAB,HU33,2006,6200
A,EUR_HAB,HU33,2007,6800
A,EUR_HAB,HU33,2008,7300
A,EUR_HAB,HU33,2009,6300
A,EUR_HAB,HU33,2010,6600
A,EUR_HAB,HU33,2011,6900
A,EUR_HAB,HU33,2012,7000
A,EUR_HAB,HU33,2013,7400
A,EUR_HAB,HU33,2014,7600
A,EUR_HAB,HU33,2015,8200
A,EUR_HAB,HU33,2016,8600
A,EUR_HAB,HU33,2017,9300
A,EUR_HAB,HU33,2018,10300
A,EUR_HAB,HU33,2019,10900
A,EUR_HAB,HU33,2020,10600
A,EUR_HAB,HU33,2021,11700
A,EUR_HAB,HU33,2022,12700
A,EUR_HAB,HU33,2023,14600
A,EUR_HAB,HU33,2024,14800
A,EUR_HAB,IE,2000,28500
A,EUR_HAB,IE,2001,31600
A,EUR_HAB,IE,2002,34600
A,EUR_HAB,IE,2003,36400
A,EUR_HAB,IE,2004,38400
A,EUR_HAB,IE,2005,40900
A,EUR_HAB,IE,2006,43300
A,EUR_HAB,IE,2007,44800
A,EUR_HAB,IE,2008,41700
A,EUR_HAB,IE,2009,37300
A,EUR_HAB,IE,2010,36700
A,EUR_HAB,IE,2011,37800
A,EUR_HAB,IE,2012,38400
A,EUR_HAB,IE,2013,39600
A,EUR_HAB,IE,2014,43100
A,EUR_HAB,IE,2015,58000
A,EUR_HAB,IE,2016,58100
A,EUR_HAB,IE,2017,64000
A,EUR_HAB,IE,2018,68500
A,EUR_HAB,IE,2019,73200
A,EUR_HAB,IE,2020,75800
A,EUR_HAB,IE,2021,88100
A,EUR_HAB,IE,2022,100100
A,EUR_HAB,IE,2023,99100
A,EUR_HAB,IE,2024,104500
A,EUR_HAB,IE0,2000,28500
A,EUR_HAB,IE0,2001,31600
A,EUR_HAB,IE0,2002,34600
A,EUR_HAB,IE0,2003,36400
A,EUR_HAB,IE0,2004,38400
A,EUR_HAB,IE0,2005,40900
A,EUR_HAB,IE0,2006,43300
A,EUR_HAB,IE0,2007,44800
A,EUR_HAB,IE0,2008,41700
A,EUR_HAB,IE0,2009,37300
A,EUR_HAB,IE0,2010,36700
A,EUR_HAB,IE0,2011,37800
A,EUR_HAB,IE0,2012,38400
A,EUR_HAB,IE0,2013,39600
A,EUR_HAB,IE0,2014,43100
A,EUR_HAB,IE0,2015,58000
A,EUR_HAB,IE0,2016,58100
A,EUR_HAB,IE0,2017,64000
A,EUR_HAB,IE0,2018,68500
A,EUR_HAB,IE0,2019,73200
A,EUR_HAB,IE0,2020,75800
A,EUR_HAB,IE0,2021,88100
A,EUR_HAB,IE0,2022,100100
A,EUR_HAB,IE0,2023,99100
A,EUR_HAB,IE0,2024,104500
A,EUR_HAB,IE04,2000,19000
A,EUR_HAB,IE04,2001,21300
A,EUR_HAB,IE04,2002,23100
A,EUR_HAB,IE04,2003,23800
A,EUR_HAB,IE04,2004,25200
A,EUR_HAB,IE04,2005,27200
A,EUR_HAB,IE04,2006,28100
A,EUR_HAB,IE04,2007,30500
A,EUR_HAB,IE04,2008,28800
A,EUR_HAB,IE04,2009,22700
A,EUR_HAB,IE04,2010,24200
A,EUR_HAB,IE04,2011,23300
A,EUR_HAB,IE04,2012,22200
A,EUR_HAB,IE04,2013,23100
A,EUR_HAB,IE04,2014,25300
A,EUR_HAB,IE04,2015,26900
A,EUR_HAB,IE04,2016,27400
A,EUR_HAB,IE04,2017,28400
A,EUR_HAB,IE04,2018,29500
A,EUR_HAB,IE04,2019,31900
A,EUR_HAB,IE04,2020,34900
A,EUR_HAB,IE04,2021,40000
A,EUR_HAB,IE04,2022,44500
A,EUR_HAB,IE04,2023,47500
A,EUR_HAB,IE04,2024,47300
A,EUR_HAB,IE05,2000,25500
A,EUR_HAB,IE05,2001,28500
A,EUR_HAB,IE05,2002,31700
A,EUR_HAB,IE05,2003,32500
A,EUR_HAB,IE05,2004,33900
A,EUR_HAB,IE05,2005,35300
A,EUR_HAB,IE05,2006,37800
A,EUR_HAB,IE05,2007,39100
A,EUR_HAB,IE05,2008,34800
A,EUR_HAB,IE05,2009,33500
A,EUR_HAB,IE05,2010,31600
A,EUR_HAB,IE05,2011,33200
A,EUR_HAB,IE05,2012,33100
A,EUR_HAB,IE05,2013,31700
A,EUR_HAB,IE05,2014,34300
A,EUR_HAB,IE05,2015,68100
A,EUR_HAB,IE05,2016,63600
A,EUR_HAB,IE05,2017,71900
A,EUR_HAB,IE05,2018,74100
A,EUR_HAB,IE05,2019,79900
A,EUR_HAB,IE05,2020,83300
A,EUR_HAB,IE05,2021,98200
A,EUR_HAB,IE05,2022,114100
A,EUR_HAB,IE05,2023,104200
A,EUR_HAB,IE05,2024,102200
A,EUR_HAB,IE06,2000,34300
A,EUR_HAB,IE06,2001,37700
A,EUR_HAB,IE06,2002,41000
A,EUR_HAB,IE06,2003,44000
A,EUR_HAB,IE06,2004,46800
A,EUR_HAB,IE06,2005,50200
A,EUR_HAB,IE06,2006,52800
A,EUR_HAB,IE06,2007,53900
A,EUR_HAB,IE06,2008,51000
A,EUR_HAB,IE06,2009,45500
A,EUR_HAB,IE06,2010,44800
A,EUR_HAB,IE06,2011,46400
A,EUR_HAB,IE06,2012,48300
A,EUR_HAB,IE06,2013,51300
A,EUR_HAB,IE06,2014,55900
A,EUR_HAB,IE06,2015,62400
A,EUR_HAB,IE06,2016,65400
A,EUR_HAB,IE06,2017,71400
A,EUR_HAB,IE06,2018,78800
A,EUR_HAB,IE06,2019,83600
A,EUR_HAB,IE06,2020,85400
A,EUR_HAB,IE06,2021,98400
A,EUR_HAB,IE06,2022,110600
A,EUR_HAB,IE06,2023,114200
A,EUR_HAB,IE06,2024,126600
A,EUR_HAB,IT,2000,21900
A,EUR_HAB,IT,2001,23000
A,EUR_HAB,IT,2002,23700
A,EUR_HAB,IT,2003,24400
A,EUR_HAB,IT,2004,25200
A,EUR_HAB,IT,2005,25800
A,EUR_HAB,IT,2006,26700
A,EUR_HAB,IT,2007,27600
A,EUR_HAB,IT,2008,27800
A,EUR_HAB,IT,2009,26600
A,EUR_HAB,IT,2010,27000
A,EUR_HAB,IT,2011,27600
A,EUR_HAB,IT,2012,27100
A,EUR_HAB,IT,2013,26900
A,EUR_HAB,IT,2014,27100
A,EUR_HAB,IT,2015,27600
A,EUR_HAB,IT,2016,28400
A,EUR_HAB,IT,2017,29100
A,EUR_HAB,IT,2018,29700
A,EUR_HAB,IT,2019,30200
A,EUR_HAB,IT,2020,28100
A,EUR_HAB,IT,2021,31200
A,EUR_HAB,IT,2022,33900
A,EUR_HAB,IT,2023,36300
A,EUR_HAB,IT,2024,37300
A,EUR_HAB,ITC,2000,27000
A,EUR_HAB,ITC,2001,28300
A,EUR_HAB,ITC,2002,29400
A,EUR_HAB,ITC,2003,30200
A,EUR_HAB,ITC,2004,31000
A,EUR_HAB,ITC,2005,31600
A,EUR_HAB,ITC,2006,32500
A,EUR_HAB,ITC,2007,33600
A,EUR_HAB,ITC,2008,34300
A,EUR_HAB,ITC,2009,32300
A,EUR_HAB,ITC,2010,33400
A,EUR_HAB,ITC,2011,34100
A,EUR_HAB,ITC,2012,33200
A,EUR_HAB,ITC,2013,32900
A,EUR_HAB,ITC,2014,33300
A,EUR_HAB,ITC,2015,34000
A,EUR_HAB,ITC,2016,35000
A,EUR_HAB,ITC,2017,36000
A,EUR_HAB,ITC,2018,36800
A,EUR_HAB,ITC,2019,37200
A,EUR_HAB,ITC,2020,34700
A,EUR_HAB,ITC,2021,38800
A,EUR_HAB,ITC,2022,41800
A,EUR_HAB,ITC,2023,45000
A,EUR_HAB,ITC,2024,46100
A,EUR_HAB,ITC1,2000,23200
A,EUR_HAB,ITC1,2001,24300
A,EUR_HAB,ITC1,2002,25100
A,EUR_HAB,ITC1,2003,25900
A,EUR_HAB,ITC1,2004,26700
A,EUR_HAB,ITC1,2005,27300
A,EUR_HAB,ITC1,2006,28400
A,EUR_HAB,ITC1,2007,29100
A,EUR_HAB,ITC1,2008,28900
A,EUR_HAB,ITC1,2009,26800
A,EUR_HAB,ITC1,2010,27800
A,EUR_HAB,ITC1,2011,28500
A,EUR_HAB,ITC1,2012,27500
A,EUR_HAB,ITC1,2013,27800
A,EUR_HAB,ITC1,2014,27800
A,EUR_HAB,ITC1,2015,28400
A,EUR_HAB,ITC1,2016,29300
A,EUR_HAB,ITC1,2017,30400
A,EUR_HAB,ITC1,2018,31200
A,EUR_HAB,ITC1,2019,31400
A,EUR_HAB,ITC1,2020,29000
A,EUR_HAB,ITC1,2021,32200
A,EUR_HAB,ITC1,2022,34500
A,EUR_HAB,ITC1,2023,37400
A,EUR_HAB,ITC1,2024,38600
A,EUR_HAB,ITC2,2000,28700
A,EUR_HAB,ITC2,2001,30200
A,EUR_HAB,ITC2,2002,31300
A,EUR_HAB,ITC2,2003,33400
A,EUR_HAB,ITC2,2004,34000
A,EUR_HAB,ITC2,2005,34800
A,EUR_HAB,ITC2,2006,35800
A,EUR_HAB,ITC2,2007,36500
A,EUR_HAB,ITC2,2008,37600
A,EUR_HAB,ITC2,2009,35700
A,EUR_HAB,ITC2,2010,37200
A,EUR_HAB,ITC2,2011,37900
A,EUR_HAB,ITC2,2012,38200
A,EUR_HAB,ITC2,2013,36600
A,EUR_HAB,ITC2,2014,36200
A,EUR_HAB,ITC2,2015,36500
A,EUR_HAB,ITC2,2016,36200
A,EUR_HAB,ITC2,2017,37700
A,EUR_HAB,ITC2,2018,38200
A,EUR_HAB,ITC2,2019,38700
A,EUR_HAB,ITC2,2020,35700
A,EUR_HAB,ITC2,2021,38700
A,EUR_HAB,ITC2,2022,43900
A,EUR_HAB,ITC2,2023,47200
A,EUR_HAB,ITC2,2024,47700
A,EUR_HAB,ITC3,2000,23000
A,EUR_HAB,ITC3,2001,24600
A,EUR_HAB,ITC3,2002,24900
A,EUR_HAB,ITC3,2003,25900
A,EUR_HAB,ITC3,2004,26800
A,EUR_HAB,ITC3,2005,27500
A,EUR_HAB,ITC3,2006,28400
A,EUR_HAB,ITC3,2007,29900
A,EUR_HAB,ITC3,2008,30500
A,EUR_HAB,ITC3,2009,29000
A,EUR_HAB,ITC3,2010,28800
A,EUR_HAB,ITC3,2011,29500
A,EUR_HAB,ITC3,2012,29000
A,EUR_HAB,ITC3,2013,28700
A,EUR_HAB,ITC3,2014,29400
A,EUR_HAB,ITC3,2015,29900
A,EUR_HAB,ITC3,2016,30700
A,EUR_HAB,ITC3,2017,31500
A,EUR_HAB,ITC3,2018,31800
A,EUR_HAB,ITC3,2019,32500
A,EUR_HAB,ITC3,2020,29600
A,EUR_HAB,ITC3,2021,32700
A,EUR_HAB,ITC3,2022,35400
A,EUR_HAB,ITC3,2023,38800
A,EUR_HAB,ITC3,2024,39100
A,EUR_HAB,ITC4,2000,29500
A,EUR_HAB,ITC4,2001,30900
A,EUR_HAB,ITC4,2002,32100
A,EUR_HAB,ITC4,2003,32900
A,EUR_HAB,ITC4,2004,33600
A,EUR_HAB,ITC4,2005,34200
A,EUR_HAB,ITC4,2006,35100
A,EUR_HAB,ITC4,2007,36300
A,EUR_HAB,ITC4,2008,37300
A,EUR_HAB,ITC4,2009,35300
A,EUR_HAB,ITC4,2010,36700
A,EUR_HAB,ITC4,2011,37300
A,EUR_HAB,ITC4,2012,36400
A,EUR_HAB,ITC4,2013,35800
A,EUR_HAB,ITC4,2014,36400
A,EUR_HAB,ITC4,2015,37100
A,EUR_HAB,ITC4,2016,38100
A,EUR_HAB,ITC4,2017,39100
A,EUR_HAB,ITC4,2018,40000
A,EUR_HAB,ITC4,2019,40400
A,EUR_HAB,ITC4,2020,37900
A,EUR_HAB,ITC4,2021,42500
A,EUR_HAB,ITC4,2022,45900
A,EUR_HAB,ITC4,2023,49100
A,EUR_HAB,ITC4,2024,50400
A,EUR_HAB,ITF,2000,14700
A,EUR_HAB,ITF,2001,15500
A,EUR_HAB,ITF,2002,16000
A,EUR_HAB,ITF,2003,16400
A,EUR_HAB,ITF,2004,16800
A,EUR_HAB,ITF,2005,17300
A,EUR_HAB,ITF,2006,18000
A,EUR_HAB,ITF,2007,18500
A,EUR_HAB,ITF,2008,18500
A,EUR_HAB,ITF,2009,18000
A,EUR_HAB,ITF,2010,18000
A,EUR_HAB,ITF,2011,18300
A,EUR_HAB,ITF,2012,18200
A,EUR_HAB,ITF,2013,17900
A,EUR_HAB,ITF,2014,18000
A,EUR_HAB,ITF,2015,18400
A,EUR_HAB,ITF,2016,18800
A,EUR_HAB,ITF,2017,19200
A,EUR_HAB,ITF,2018,19500
A,EUR_HAB,ITF,2019,19900
A,EUR_HAB,ITF,2020,18600
A,EUR_HAB,ITF,2021,20700
A,EUR_HAB,ITF,2022,22500
A,EUR_HAB,ITF,2023,24300
A,EUR_HAB,ITF,2024,25100
A,EUR_HAB,ITF1,2000,19000
A,EUR_HAB,ITF1,2001,20000
A,EUR_HAB,ITF1,2002,20400
A,EUR_HAB,ITF1,2003,20600
A,EUR_HAB,ITF1,2004,20500
A,EUR_HAB,ITF1,2005,21400
A,EUR_HAB,ITF1,2006,22300
A,EUR_HAB,ITF1,2007,23000
A,EUR_HAB,ITF1,2008,23400
A,EUR_HAB,ITF1,2009,22500
A,EUR_HAB,ITF1,2010,23100
A,EUR_HAB,ITF1,2011,24100
A,EUR_HAB,ITF1,2012,24100
A,EUR_HAB,ITF1,2013,23700
A,EUR_HAB,ITF1,2014,23800
A,EUR_HAB,ITF1,2015,24000
A,EUR_HAB,ITF1,2016,24300
A,EUR_HAB,ITF1,2017,25000
A,EUR_HAB,ITF1,2018,25200
A,EUR_HAB,ITF1,2019,25500
A,EUR_HAB,ITF1,2020,23700
A,EUR_HAB,ITF1,2021,26300
A,EUR_HAB,ITF1,2022,28600
A,EUR_HAB,ITF1,2023,31100
A,EUR_HAB,ITF1,2024,32100
A,EUR_HAB,ITF2,2000,17100
A,EUR_HAB,ITF2,2001,18100
A,EUR_HAB,ITF2,2002,18600
A,EUR_HAB,ITF2,2003,18900
A,EUR_HAB,ITF2,2004,19700
A,EUR_HAB,ITF2,2005,20300
A,EUR_HAB,ITF2,2006,21700
A,EUR_HAB,ITF2,2007,22500
A,EUR_HAB,ITF2,2008,22100
A,EUR_HAB,ITF2,2009,21600
A,EUR_HAB,ITF2,2010,21500
A,EUR_HAB,ITF2,2011,21600
A,EUR_HAB,ITF2,2012,21000
A,EUR_HAB,ITF2,2013,19800
A,EUR_HAB,ITF2,2014,19700
A,EUR_HAB,ITF2,2015,20100
A,EUR_HAB,ITF2,2016,20500
A,EUR_HAB,ITF2,2017,21100
A,EUR_HAB,ITF2,2018,21700
A,EUR_HAB,ITF2,2019,22400
A,EUR_HAB,ITF2,2020,21000
A,EUR_HAB,ITF2,2021,23400
A,EUR_HAB,ITF2,2022,25000
A,EUR_HAB,ITF2,2023,27200
A,EUR_HAB,ITF2,2024,27700
A,EUR_HAB,ITF3,2000,14500
A,EUR_HAB,ITF3,2001,15300
A,EUR_HAB,ITF3,2002,16000
A,EUR_HAB,ITF3,2003,16300
A,EUR_HAB,ITF3,2004,16700
A,EUR_HAB,ITF3,2005,17100
A,EUR_HAB,ITF3,2006,17800
A,EUR_HAB,ITF3,2007,18400
A,EUR_HAB,ITF3,2008,18400
A,EUR_HAB,ITF3,2009,17900
A,EUR_HAB,ITF3,2010,17700
A,EUR_HAB,ITF3,2011,17600
A,EUR_HAB,ITF3,2012,17600
A,EUR_HAB,ITF3,2013,17300
A,EUR_HAB,ITF3,2014,17400
A,EUR_HAB,ITF3,2015,17900
A,EUR_HAB,ITF3,2016,18200
A,EUR_HAB,ITF3,2017,18600
A,EUR_HAB,ITF3,2018,18900
A,EUR_HAB,ITF3,2019,19400
A,EUR_HAB,ITF3,2020,18100
A,EUR_HAB,ITF3,2021,19900
A,EUR_HAB,ITF3,2022,21800
A,EUR_HAB,ITF3,2023,23700
A,EUR_HAB,ITF3,2024,24600
A,EUR_HAB,ITF4,2000,14200
A,EUR_HAB,ITF4,2001,14900
A,EUR_HAB,ITF4,2002,15300
A,EUR_HAB,ITF4,2003,15700
A,EUR_HAB,ITF4,2004,16200
A,EUR_HAB,ITF4,2005,16500
A,EUR_HAB,ITF4,2006,17200
A,EUR_HAB,ITF4,2007,17600
A,EUR_HAB,ITF4,2008,17300
A,EUR_HAB,ITF4,2009,16800
A,EUR_HAB,ITF4,2010,17100
A,EUR_HAB,ITF4,2011,17500
A,EUR_HAB,ITF4,2012,17600
A,EUR_HAB,ITF4,2013,17200
A,EUR_HAB,ITF4,2014,17400
A,EUR_HAB,ITF4,2015,17800
A,EUR_HAB,ITF4,2016,18200
A,EUR_HAB,ITF4,2017,18500
A,EUR_HAB,ITF4,2018,18900
A,EUR_HAB,ITF4,2019,19300
A,EUR_HAB,ITF4,2020,18200
A,EUR_HAB,ITF4,2021,20300
A,EUR_HAB,ITF4,2022,22100
A,EUR_HAB,ITF4,2023,23600
A,EUR_HAB,ITF4,2024,24300
A,EUR_HAB,ITF5,2000,15700
A,EUR_HAB,ITF5,2001,16400
A,EUR_HAB,ITF5,2002,16900
A,EUR_HAB,ITF5,2003,17000
A,EUR_HAB,ITF5,2004,17700
A,EUR_HAB,ITF5,2005,18000
A,EUR_HAB,ITF5,2006,19100
A,EUR_HAB,ITF5,2007,20000
A,EUR_HAB,ITF5,2008,20000
A,EUR_HAB,ITF5,2009,19000
A,EUR_HAB,ITF5,2010,18800
A,EUR_HAB,ITF5,2011,19500
A,EUR_HAB,ITF5,2012,19400
A,EUR_HAB,ITF5,2013,20000
A,EUR_HAB,ITF5,2014,19400
A,EUR_HAB,ITF5,2015,21000
A,EUR_HAB,ITF5,2016,21100
A,EUR_HAB,ITF5,2017,21400
A,EUR_HAB,ITF5,2018,22600
A,EUR_HAB,ITF5,2019,22500
A,EUR_HAB,ITF5,2020,20600
A,EUR_HAB,ITF5,2021,23900
A,EUR_HAB,ITF5,2022,25900
A,EUR_HAB,ITF5,2023,27700
A,EUR_HAB,ITF5,2024,28400
A,EUR_HAB,ITF6,2000,13000
A,EUR_HAB,ITF6,2001,13800
A,EUR_HAB,ITF6,2002,14200
A,EUR_HAB,ITF6,2003,14700
A,EUR_HAB,ITF6,2004,15400
A,EUR_HAB,ITF6,2005,15900
A,EUR_HAB,ITF6,2006,16500
A,EUR_HAB,ITF6,2007,17000
A,EUR_HAB,ITF6,2008,17300
A,EUR_HAB,ITF6,2009,16900
A,EUR_HAB,ITF6,2010,16900
A,EUR_HAB,ITF6,2011,17000
A,EUR_HAB,ITF6,2012,16800
A,EUR_HAB,ITF6,2013,16500
A,EUR_HAB,ITF6,2014,16400
A,EUR_HAB,ITF6,2015,16700
A,EUR_HAB,ITF6,2016,17000
A,EUR_HAB,ITF6,2017,17400
A,EUR_HAB,ITF6,2018,17400
A,EUR_HAB,ITF6,2019,17700
A,EUR_HAB,ITF6,2020,16700
A,EUR_HAB,ITF6,2021,18400
A,EUR_HAB,ITF6,2022,19800
A,EUR_HAB,ITF6,2023,21200
A,EUR_HAB,ITF6,2024,21800
A,EUR_HAB,ITG,2000,14000
A,EUR_HAB,ITG,2001,14900
A,EUR_HAB,ITG,2002,15300
A,EUR_HAB,ITG,2003,15900
A,EUR_HAB,ITG,2004,16400
A,EUR_HAB,ITG,2005,17000
A,EUR_HAB,ITG,2006,17700
A,EUR_HAB,ITG,2007,18100
A,EUR_HAB,ITG,2008,18300
A,EUR_HAB,ITG,2009,17800
A,EUR_HAB,ITG,2010,17900
A,EUR_HAB,ITG,2011,17900
A,EUR_HAB,ITG,2012,17900
A,EUR_HAB,ITG,2013,17600
A,EUR_HAB,ITG,2014,17400
A,EUR_HAB,ITG,2015,17900
A,EUR_HAB,ITG,2016,18000
A,EUR_HAB,ITG,2017,18400
A,EUR_HAB,ITG,2018,18600
A,EUR_HAB,ITG,2019,19100
A,EUR_HAB,ITG,2020,18000
A,EUR_HAB,ITG,2021,19900
A,EUR_HAB,ITG,2022,22100
A,EUR_HAB,ITG,2023,23300
A,EUR_HAB,ITG,2024,24500
A,EUR_HAB,ITG1,2000,13700
A,EUR_HAB,ITG1,2001,14500
A,EUR_HAB,ITG1,2002,15000
A,EUR_HAB,ITG1,2003,15500
A,EUR_HAB,ITG1,2004,16000
A,EUR_HAB,ITG1,2005,16700
A,EUR_HAB,ITG1,2006,17300
A,EUR_HAB,ITG1,2007,17700
A,EUR_HAB,ITG1,2008,17800
A,EUR_HAB,ITG1,2009,17300
A,EUR_HAB,ITG1,2010,17300
A,EUR_HAB,ITG1,2011,17300
A,EUR_HAB,ITG1,2012,17200
A,EUR_HAB,ITG1,2013,17000
A,EUR_HAB,ITG1,2014,16700
A,EUR_HAB,ITG1,2015,17100
A,EUR_HAB,ITG1,2016,17300
A,EUR_HAB,ITG1,2017,17700
A,EUR_HAB,ITG1,2018,17900
A,EUR_HAB,ITG1,2019,18200
A,EUR_HAB,ITG1,2020,17200
A,EUR_HAB,ITG1,2021,19100
A,EUR_HAB,ITG1,2022,21200
A,EUR_HAB,ITG1,2023,22300
A,EUR_HAB,ITG1,2024,23400
A,EUR_HAB,ITG2,2000,14900
A,EUR_HAB,ITG2,2001,15900
A,EUR_HAB,ITG2,2002,16200
A,EUR_HAB,ITG2,2003,17000
A,EUR_HAB,ITG2,2004,17800
A,EUR_HAB,ITG2,2005,18100
A,EUR_HAB,ITG2,2006,19000
A,EUR_HAB,ITG2,2007,19500
A,EUR_HAB,ITG2,2008,19900
A,EUR_HAB,ITG2,2009,19500
A,EUR_HAB,ITG2,2010,19600
A,EUR_HAB,ITG2,2011,19900
A,EUR_HAB,ITG2,2012,20000
A,EUR_HAB,ITG2,2013,19500
A,EUR_HAB,ITG2,2014,19600
A,EUR_HAB,ITG2,2015,20400
A,EUR_HAB,ITG2,2016,20200
A,EUR_HAB,ITG2,2017,20700
A,EUR_HAB,ITG2,2018,21100
A,EUR_HAB,ITG2,2019,21600
A,EUR_HAB,ITG2,2020,20200
A,EUR_HAB,ITG2,2021,22500
A,EUR_HAB,ITG2,2022,24600
A,EUR_HAB,ITG2,2023,26600
A,EUR_HAB,ITG2,2024,27700
A,EUR_HAB,ITH,2000,26000
A,EUR_HAB,ITH,2001,27000
A,EUR_HAB,ITH,2002,27500
A,EUR_HAB,ITH,2003,28200
A,EUR_HAB,ITH,2004,29200
A,EUR_HAB,ITH,2005,29800
A,EUR_HAB,ITH,2006,31000
A,EUR_HAB,ITH,2007,32100
A,EUR_HAB,ITH,2008,31900
A,EUR_HAB,ITH,2009,30400
A,EUR_HAB,ITH,2010,31000
A,EUR_HAB,ITH,2011,32000
A,EUR_HAB,ITH,2012,31500
A,EUR_HAB,ITH,2013,31600
A,EUR_HAB,ITH,2014,32000
A,EUR_HAB,ITH,2015,32600
A,EUR_HAB,ITH,2016,33600
A,EUR_HAB,ITH,2017,34500
A,EUR_HAB,ITH,2018,35300
A,EUR_HAB,ITH,2019,35800
A,EUR_HAB,ITH,2020,33300
A,EUR_HAB,ITH,2021,37000
A,EUR_HAB,ITH,2022,39900
A,EUR_HAB,ITH,2023,42800
A,EUR_HAB,ITH,2024,43600
A,EUR_HAB,ITH1,2000,31800
A,EUR_HAB,ITH1,2001,32700
A,EUR_HAB,ITH1,2002,33100
A,EUR_HAB,ITH1,2003,34100
A,EUR_HAB,ITH1,2004,35900
A,EUR_HAB,ITH1,2005,36200
A,EUR_HAB,ITH1,2006,37900
A,EUR_HAB,ITH1,2007,39200
A,EUR_HAB,ITH1,2008,40100
A,EUR_HAB,ITH1,2009,39500
A,EUR_HAB,ITH1,2010,40500
A,EUR_HAB,ITH1,2011,41700
A,EUR_HAB,ITH1,2012,43000
A,EUR_HAB,ITH1,2013,43300
A,EUR_HAB,ITH1,2014,43400
A,EUR_HAB,ITH1,2015,44200
A,EUR_HAB,ITH1,2016,45000
A,EUR_HAB,ITH1,2017,46300
A,EUR_HAB,ITH1,2018,48000
A,EUR_HAB,ITH1,2019,49100
A,EUR_HAB,ITH1,2020,45600
A,EUR_HAB,ITH1,2021,49800
A,EUR_HAB,ITH1,2022,55900
A,EUR_HAB,ITH1,2023,61500
A,EUR_HAB,ITH1,2024,61400
A,EUR_HAB,ITH2,2000,28900
A,EUR_HAB,ITH2,2001,30100
A,EUR_HAB,ITH2,2002,30700
A,EUR_HAB,ITH2,2003,31400
A,EUR_HAB,ITH2,2004,32000
A,EUR_HAB,ITH2,2005,32400
A,EUR_HAB,ITH2,2006,33300
A,EUR_HAB,ITH2,2007,34700
A,EUR_HAB,ITH2,2008,34800
A,EUR_HAB,ITH2,2009,33900
A,EUR_HAB,ITH2,2010,34500
A,EUR_HAB,ITH2,2011,35100
A,EUR_HAB,ITH2,2012,34900
A,EUR_HAB,ITH2,2013,35600
A,EUR_HAB,ITH2,2014,35300
A,EUR_HAB,ITH2,2015,35100
A,EUR_HAB,ITH2,2016,35600
A,EUR_HAB,ITH2,2017,36300
A,EUR_HAB,ITH2,2018,37600
A,EUR_HAB,ITH2,2019,38500
A,EUR_HAB,ITH2,2020,36300
A,EUR_HAB,ITH2,2021,39400
A,EUR_HAB,ITH2,2022,43800
A,EUR_HAB,ITH2,2023,46800
A,EUR_HAB,ITH2,2024,47700
A,EUR_HAB,ITH3,2000,24900
A,EUR_HAB,ITH3,2001,25800
A,EUR_HAB,ITH3,2002,26200
A,EUR_HAB,ITH3,2003,27200
A,EUR_HAB,ITH3,2004,28300
A,EUR_HAB,ITH3,2005,28800
A,EUR_HAB,ITH3,2006,29700
A,EUR_HAB,ITH3,2007,30700
A,EUR_HAB,ITH3,2008,30300
A,EUR_HAB,ITH3,2009,29000
A,EUR_HAB,ITH3,2010,29500
A,EUR_HAB,ITH3,2011,30500
A,EUR_HAB,ITH3,2012,29900
A,EUR_HAB,ITH3,2013,29900
A,EUR_HAB,ITH3,2014,30400
A,EUR_HAB,ITH3,2015,31000
A,EUR_HAB,ITH3,2016,32100
A,EUR_HAB,ITH3,2017,33000
A,EUR_HAB,ITH3,2018,33700
A,EUR_HAB,ITH3,2019,34300
A,EUR_HAB,ITH3,2020,31500
A,EUR_HAB,ITH3,2021,35000
A,EUR_HAB,ITH3,2022,37900
A,EUR_HAB,ITH3,2023,40700
A,EUR_HAB,ITH3,2024,41500
A,EUR_HAB,ITH4,2000,23400
A,EUR_HAB,ITH4,2001,24600
A,EUR_HAB,ITH4,2002,25300
A,EUR_HAB,ITH4,2003,25400
A,EUR_HAB,ITH4,2004,26100
A,EUR_HAB,ITH4,2005,27100
A,EUR_HAB,ITH4,2006,28400
A,EUR_HAB,ITH4,2007,29500
A,EUR_HAB,ITH4,2008,29000
A,EUR_HAB,ITH4,2009,27400
A,EUR_HAB,ITH4,2010,28400
A,EUR_HAB,ITH4,2011,29100
A,EUR_HAB,ITH4,2012,28200
A,EUR_HAB,ITH4,2013,28400
A,EUR_HAB,ITH4,2014,28500
A,EUR_HAB,ITH4,2015,29400
A,EUR_HAB,ITH4,2016,29900
A,EUR_HAB,ITH4,2017,30600
A,EUR_HAB,ITH4,2018,31500
A,EUR_HAB,ITH4,2019,32300
A,EUR_HAB,ITH4,2020,30300
A,EUR_HAB,ITH4,2021,33800
A,EUR_HAB,ITH4,2022,35800
A,EUR_HAB,ITH4,2023,37700
A,EUR_HAB,ITH4,2024,39000
A,EUR_HAB,ITH5,2000,27000
A,EUR_HAB,ITH5,2001,28000
A,EUR_HAB,ITH5,2002,28600
A,EUR_HAB,ITH5,2003,29200
A,EUR_HAB,ITH5,2004,30100
A,EUR_HAB,ITH5,2005,30600
A,EUR_HAB,ITH5,2006,32100
A,EUR_HAB,ITH5,2007,33300
A,EUR_HAB,ITH5,2008,33300
A,EUR_HAB,ITH5,2009,31300
A,EUR_HAB,ITH5,2010,31800
A,EUR_HAB,ITH5,2011,33000
A,EUR_HAB,ITH5,2012,32300
A,EUR_HAB,ITH5,2013,32400
A,EUR_HAB,ITH5,2014,33000
A,EUR_HAB,ITH5,2015,33600
A,EUR_HAB,ITH5,2016,34700
A,EUR_HAB,ITH5,2017,35600
A,EUR_HAB,ITH5,2018,36300
A,EUR_HAB,ITH5,2019,36500
A,EUR_HAB,ITH5,2020,34200
A,EUR_HAB,ITH5,2021,38100
A,EUR_HAB,ITH5,2022,40700
A,EUR_HAB,ITH5,2023,43700
A,EUR_HAB,ITH5,2024,44500
A,EUR_HAB,ITI,2000,24600
A,EUR_HAB,ITI,2001,26100
A,EUR_HAB,ITI,2002,27200
A,EUR_HAB,ITI,2003,27800
A,EUR_HAB,ITI,2004,29000
A,EUR_HAB,ITI,2005,29500
A,EUR_HAB,ITI,2006,30600
A,EUR_HAB,ITI,2007,31600
A,EUR_HAB,ITI,2008,31400
A,EUR_HAB,ITI,2009,30500
A,EUR_HAB,ITI,2010,30600
A,EUR_HAB,ITI,2011,31100
A,EUR_HAB,ITI,2012,30400
A,EUR_HAB,ITI,2013,29900
A,EUR_HAB,ITI,2014,30100
A,EUR_HAB,ITI,2015,30200
A,EUR_HAB,ITI,2016,31200
A,EUR_HAB,ITI,2017,31800
A,EUR_HAB,ITI,2018,32400
A,EUR_HAB,ITI,2019,33300
A,EUR_HAB,ITI,2020,30400
A,EUR_HAB,ITI,2021,33200
A,EUR_HAB,ITI,2022,36600
A,EUR_HAB,ITI,2023,39000
A,EUR_HAB,ITI,2024,40000
A,EUR_HAB,ITI1,2000,23100
A,EUR_HAB,ITI1,2001,24300
A,EUR_HAB,ITI1,2002,25100
A,EUR_HAB,ITI1,2003,25800
A,EUR_HAB,ITI1,2004,26500
A,EUR_HAB,ITI1,2005,26900
A,EUR_HAB,ITI1,2006,28000
A,EUR_HAB,ITI1,2007,29000
A,EUR_HAB,ITI1,2008,28900
A,EUR_HAB,ITI1,2009,28200
A,EUR_HAB,ITI1,2010,28400
A,EUR_HAB,ITI1,2011,29000
A,EUR_HAB,ITI1,2012,28800
A,EUR_HAB,ITI1,2013,28600
A,EUR_HAB,ITI1,2014,29100
A,EUR_HAB,ITI1,2015,29500
A,EUR_HAB,ITI1,2016,30200
A,EUR_HAB,ITI1,2017,30900
A,EUR_HAB,ITI1,2018,31700
A,EUR_HAB,ITI1,2019,33000
A,EUR_HAB,ITI1,2020,29300
A,EUR_HAB,ITI1,2021,32500
A,EUR_HAB,ITI1,2022,35600
A,EUR_HAB,ITI1,2023,38100
A,EUR_HAB,ITI1,2024,39200
A,EUR_HAB,ITI2,2000,21200
A,EUR_HAB,ITI2,2001,22200
A,EUR_HAB,ITI2,2002,22700
A,EUR_HAB,ITI2,2003,23200
A,EUR_HAB,ITI2,2004,23900
A,EUR_HAB,ITI2,2005,24200
A,EUR_HAB,ITI2,2006,25300
A,EUR_HAB,ITI2,2007,26000
A,EUR_HAB,ITI2,2008,26000
A,EUR_HAB,ITI2,2009,24300
A,EUR_HAB,ITI2,2010,24600
A,EUR_HAB,ITI2,2011,24900
A,EUR_HAB,ITI2,2012,24200
A,EUR_HAB,ITI2,2013,23800
A,EUR_HAB,ITI2,2014,23400
A,EUR_HAB,ITI2,2015,24200
A,EUR_HAB,ITI2,2016,24400
A,EUR_HAB,ITI2,2017,25100
A,EUR_HAB,ITI2,2018,25900
A,EUR_HAB,ITI2,2019,26200
A,EUR_HAB,ITI2,2020,24200
A,EUR_HAB,ITI2,2021,26700
A,EUR_HAB,ITI2,2022,28800
A,EUR_HAB,ITI2,2023,31400
A,EUR_HAB,ITI2,2024,32500
A,EUR_HAB,ITI3,2000,20500
A,EUR_HAB,ITI3,2001,21700
A,EUR_HAB,ITI3,2002,22800
A,EUR_HAB,ITI3,2003,23100
A,EUR_HAB,ITI3,2004,23900
A,EUR_HAB,ITI3,2005,24400
A,EUR_HAB,ITI3,2006,25700
A,EUR_HAB,ITI3,2007,26600
A,EUR_HAB,ITI3,2008,26200
A,EUR_HAB,ITI3,2009,25200
A,EUR_HAB,ITI3,2010,25200
A,EUR_HAB,ITI3,2011,25700
A,EUR_HAB,ITI3,2012,25100
A,EUR_HAB,ITI3,2013,24800
A,EUR_HAB,ITI3,2014,25500
A,EUR_HAB,ITI3,2015,25700
A,EUR_HAB,ITI3,2016,26300
A,EUR_HAB,ITI3,2017,27000
A,EUR_HAB,ITI3,2018,27500
A,EUR_HAB,ITI3,2019,28100
A,EUR_HAB,ITI3,2020,26100
A,EUR_HAB,ITI3,2021,28900
A,EUR_HAB,ITI3,2022,31200
A,EUR_HAB,ITI3,2023,33300
A,EUR_HAB,ITI3,2024,34100
A,EUR_HAB,ITI4,2000,27400
A,EUR_HAB,ITI4,2001,29200
A,EUR_HAB,ITI4,2002,30600
A,EUR_HAB,ITI4,2003,31300
A,EUR_HAB,ITI4,2004,33000
A,EUR_HAB,ITI4,2005,33700
A,EUR_HAB,ITI4,2006,34600
A,EUR_HAB,ITI4,2007,35700
A,EUR_HAB,ITI4,2008,35400
A,EUR_HAB,ITI4,2009,34600
A,EUR_HAB,ITI4,2010,34500
A,EUR_HAB,ITI4,2011,35000
A,EUR_HAB,ITI4,2012,33800
A,EUR_HAB,ITI4,2013,33100
A,EUR_HAB,ITI4,2014,33000
A,EUR_HAB,ITI4,2015,32900
A,EUR_HAB,ITI4,2016,34200
A,EUR_HAB,ITI4,2017,34700
A,EUR_HAB,ITI4,2018,35200
A,EUR_HAB,ITI4,2019,35800
A,EUR_HAB,ITI4,2020,33200
A,EUR_HAB,ITI4,2021,35800
A,EUR_HAB,ITI4,2022,39800
A,EUR_HAB,ITI4,2023,42200
A,EUR_HAB,ITI4,2024,43200
A,EUR_HAB,LT,2000,3600
A,EUR_HAB,LT,2001,3900
A,EUR_HAB,LT,2002,4400
A,EUR_HAB,LT,2003,4900
A,EUR_HAB,LT,2004,5400
A,EUR_HAB,LT,2005,6300
A,EUR_HAB,LT,2006,7300
A,EUR_HAB,LT,2007,9000
A,EUR_HAB,LT,2008,10200
A,EUR_HAB,LT,2009,8500
A,EUR_HAB,LT,2010,8900
A,EUR_HAB,LT,2011,10300
A,EUR_HAB,LT,2012,11100
A,EUR_HAB,LT,2013,11800
A,EUR_HAB,LT,2014,12400
A,EUR_HAB,LT,2015,12900
A,EUR_HAB,LT,2016,13500
A,EUR_HAB,LT,2017,14900
A,EUR_HAB,LT,2018,16300
A,EUR_HAB,LT,2019,17500
A,EUR_HAB,LT,2020,17900
A,EUR_HAB,LT,2021,20200
A,EUR_HAB,LT,2022,23700
A,EUR_HAB,LT,2023,25900
A,EUR_HAB,LT,2024,27400
A,EUR_HAB,LT0,2000,3600
A,EUR_HAB,LT0,2001,3900
A,EUR_HAB,LT0,2002,4400
A,EUR_HAB,LT0,2003,4900
A,EUR_HAB,LT0,2004,5400
A,EUR_HAB,LT0,2005,6300
A,EUR_HAB,LT0,2006,7300
A,EUR_HAB,LT0,2007,9000
A,EUR_HAB,LT0,2008,10200
A,EUR_HAB,LT0,2009,8500
A,EUR_HAB,LT0,2010,8900
A,EUR_HAB,LT0,2011,10300
A,EUR_HAB,LT0,2012,11100
A,EUR_HAB,LT0,2013,11800
A,EUR_HAB,LT0,2014,12400
A,EUR_HAB,LT0,2015,12900
A,EUR_HAB,LT0,2016,13500
A,EUR_HAB,LT0,2017,14900
A,EUR_HAB,LT0,2018,16300
A,EUR_HAB,LT0,2019,17500
A,EUR_HAB,LT0,2020,17900
A,EUR_HAB,LT0,2021,20200
A,EUR_HAB,LT0,2022,23700
A,EUR_HAB,LT0,2023,25900
A,EUR_HAB,LT0,2024,27400
A,EUR_HAB,LT01,2000,4900
A,EUR_HAB,LT01,2001,5500
A,EUR_HAB,LT01,2002,6500
A,EUR_HAB,LT01,2003,7100
A,EUR_HAB,LT01,2004,7900
A,EUR_HAB,LT01,2005,9300
A,EUR_HAB,LT01,2006,11100
A,EUR_HAB,LT01,2007,13800
A,EUR_HAB,LT01,2008,15300
A,EUR_HAB,LT01,2009,12600
A,EUR_HAB,LT01,2010,13100
A,EUR_HAB,LT01,2011,14600
A,EUR_HAB,LT01,2012,15900
A,EUR_HAB,LT01,2013,17100
A,EUR_HAB,LT01,2014,18200
A,EUR_HAB,LT01,2015,18900
A,EUR_HAB,LT01,2016,19800
A,EUR_HAB,LT01,2017,21600
A,EUR_HAB,LT01,2018,24000
A,EUR_HAB,LT01,2019,26100
A,EUR_HAB,LT01,2020,26500
A,EUR_HAB,LT01,2021,30100
A,EUR_HAB,LT01,2022,35300
A,EUR_HAB,LT01,2023,39400
A,EUR_HAB,LT01,2024,41500
A,EUR_HAB,LT02,2000,3100
A,EUR_HAB,LT02,2001,3400
A,EUR_HAB,LT02,2002,3700
A,EUR_HAB,LT02,2003,4100
A,EUR_HAB,LT02,2004,4600
A,EUR_HAB,LT02,2005,5300
A,EUR_HAB,LT02,2006,6100
A,EUR_HAB,LT02,2007,7300
A,EUR_HAB,LT02,2008,8500
A,EUR_HAB,LT02,2009,7100
A,EUR_HAB,LT02,2010,7500
A,EUR_HAB,LT02,2011,8700
A,EUR_HAB,LT02,2012,9300
A,EUR_HAB,LT02,2013,9800
A,EUR_HAB,LT02,2014,10200
A,EUR_HAB,LT02,2015,10600
A,EUR_HAB,LT02,2016,11100
A,EUR_HAB,LT02,2017,12300
A,EUR_HAB,LT02,2018,13300
A,EUR_HAB,LT02,2019,14100
A,EUR_HAB,LT02,2020,14400
A,EUR_HAB,LT02,2021,16100
A,EUR_HAB,LT02,2022,18900
A,EUR_HAB,LT02,2023,20100
A,EUR_HAB,LT02,2024,21200
A,EUR_HAB,LU,2000,52600
A,EUR_HAB,LU,2001,54000
A,EUR_HAB,LU,2002,56000
A,EUR_HAB,LU,2003,58000
A,EUR_HAB,LU,2004,61500
A,EUR_HAB,LU,2005,65000
A,EUR_HAB,LU,2006,72300
A,EUR_HAB,LU,2007,78300
A,EUR_HAB,LU,2008,81800
A,EUR_HAB,LU,2009,78400
A,EUR_HAB,LU,2010,83500
A,EUR_HAB,LU,2011,85300
A,EUR_HAB,LU,2012,87500
A,EUR_HAB,LU,2013,90000
A,EUR_HAB,LU,2014,92800
A,EUR_HAB,LU,2015,95100
A,EUR_HAB,LU,2016,96200
A,EUR_HAB,LU,2017,97400
A,EUR_HAB,LU,2018,98900
A,EUR_HAB,LU,2019,100400
A,EUR_HAB,LU,2020,102200
A,EUR_HAB,LU,2021,113900
A,EUR_HAB,LU,2022,117100
A,EUR_HAB,LU,2023,123000
A,EUR_HAB,LU,2024,127000
A,EUR_HAB,LU0,2000,52600
A,EUR_HAB,LU0,2001,54000
A,EUR_HAB,LU0,2002,56000
A,EUR_HAB,LU0,2003,58000
A,EUR_HAB,LU0,2004,61500
A,EUR_HAB,LU0,2005,65000
A,EUR_HAB,LU0,2006,72300
A,EUR_HAB,LU0,2007,78300
A,EUR_HAB,LU0,2008,81800
A,EUR_HAB,LU0,2009,78400
A,EUR_HAB,LU0,2010,83500
A,EUR_HAB,LU0,2011,85300
A,EUR_HAB,LU0,2012,87500
A,EUR_HAB,LU0,2013,90000
A,EUR_HAB,LU0,2014,92800
A,EUR_HAB,LU0,2015,95100
A,EUR_HAB,LU0,2016,96200
A,EUR_HAB,LU0,2017,97400
A,EUR_HAB,LU0,2018,98900
A,EUR_HAB,LU0,2019,100400
A,EUR_HAB,LU0,2020,102200
A,EUR_HAB,LU0,2021,113900
A,EUR_HAB,LU0,2022,117100
A,EUR_HAB,LU0,2023,123000
A,EUR_HAB,LU0,2024,127000
A,EUR_HAB,LU00,2000,52600
A,EUR_HAB,LU00,2001,54000
A,EUR_HAB,LU00,2002,56000
A,EUR_HAB,LU00,2003,58000
A,EUR_HAB,LU00,2004,61500
A,EUR_HAB,LU00,2005,65000
A,EUR_HAB,LU00,2006,72300
A,EUR_HAB,LU00,2007,78300
A,EUR_HAB,LU00,2008,81800
A,EUR_HAB,LU00,2009,78400
A,EUR_HAB,LU00,2010,83500
A,EUR_HAB,LU00,2011,85300
A,EUR_HAB,LU00,2012,87500
A,EUR_HAB,LU00,2013,90000
A,EUR_HAB,LU00,2014,92800
A,EUR_HAB,LU00,2015,95100
A,EUR_HAB,LU00,2016,96200
A,EUR_HAB,LU00,2017,97400
A,EUR_HAB,LU00,2018,98900
A,EUR_HAB,LU00,2019,100400
A,EUR_HAB,LU00,2020,102200
A,EUR_HAB,LU00,2021,113900
A,EUR_HAB,LU00,2022,117100
A,EUR_HAB,LU00,2023,123000
A,EUR_HAB,LU00,2024,127000
A,EUR_HAB,LV,2000,3600
A,EUR_HAB,LV,2001,3900
A,EUR_HAB,LV,2002,4300
A,EUR_HAB,LV,2003,4400
A,EUR_HAB,LV,2004,5000
A,EUR_HAB,LV,2005,5900
A,EUR_HAB,LV,2006,7400
A,EUR_HAB,LV,2007,9800
A,EUR_HAB,LV,2008,10700
A,EUR_HAB,LV,2009,8600
A,EUR_HAB,LV,2010,8400
A,EUR_HAB,LV,2011,9200
A,EUR_HAB,LV,2012,10500
A,EUR_HAB,LV,2013,10900
A,EUR_HAB,LV,2014,11400
A,EUR_HAB,LV,2015,12000
A,EUR_HAB,LV,2016,12500
A,EUR_HAB,LV,2017,13400
A,EUR_HAB,LV,2018,14600
A,EUR_HAB,LV,2019,15500
A,EUR_HAB,LV,2020,15400
A,EUR_HAB,LV,2021,17100
A,EUR_HAB,LV,2022,19100
A,EUR_HAB,LV,2023,21000
A,EUR_HAB,LV,2024,21600
A,EUR_HAB,LV0,2000,3600
A,EUR_HAB,LV0,2001,3900
A,EUR_HAB,LV0,2002,4300
A,EUR_HAB,LV0,2003,4400
A,EUR_HAB,LV0,2004,5000
A,EUR_HAB,LV0,2005,5900
A,EUR_HAB,LV0,2006,7400
A,EUR_HAB,LV0,2007,9800
A,EUR_HAB,LV0,2008,10700
A,EUR_HAB,LV0,2009,8600
A,EUR_HAB,LV0,2010,8400
A,EUR_HAB,LV0,2011,9200
A,EUR_HAB,LV0,2012,10400
A,EUR_HAB,LV0,2013,10900
A,EUR_HAB,LV0,2014,11400
A,EUR_HAB,LV0,2015,12000
A,EUR_HAB,LV0,2016,12500
A,EUR_HAB,LV0,2017,13400
A,EUR_HAB,LV0,2018,14600
A,EUR_HAB,LV0,2019,15400
A,EUR_HAB,LV0,2020,15400
A,EUR_HAB,LV0,2021,17100
A,EUR_HAB,LV0,2022,19100
A,EUR_HAB,LV0,2023,21000
A,EUR_HAB,LV0,2024,21600
A,EUR_HAB,LV00,2000,3600
A,EUR_HAB,LV00,2001,3900
A,EUR_HAB,LV00,2002,4300
A,EUR_HAB,LV00,2003,4400
A,EUR_HAB,LV00,2004,5000
A,EUR_HAB,LV00,2005,5900
A,EUR_HAB,LV00,2006,7400
A,EUR_HAB,LV00,2007,9800
A,EUR_HAB,LV00,2008,10700
A,EUR_HAB,LV00,2009,8600
A,EUR_HAB,LV00,2010,8400
A,EUR_HAB,LV00,2011,9200
A,EUR_HAB,LV00,2012,10400
A,EUR_HAB,LV00,2013,10900
A,EUR_HAB,LV00,2014,11400
A,EUR_HAB,LV00,2015,12000
A,EUR_HAB,LV00,2016,12500
A,EUR_HAB,LV00,2017,13400
A,EUR_HAB,LV00,2018,14600
A,EUR_HAB,LV00,2019,15400
A,EUR_HAB,LV00,2020,15400
A,EUR_HAB,LV00,2021,17100
A,EUR_HAB,LV00,2022,19100
A,EUR_HAB,LV00,2023,21000
A,EUR_HAB,LV00,2024,21600
A,EUR_HAB,ME,2006,3500
A,EUR_HAB,ME,2007,4400
A,EUR_HAB,ME,2008,5000
A,EUR_HAB,ME,2009,4800
A,EUR_HAB,ME,2010,5000
A,EUR_HAB,ME,2011,5200
A,EUR_HAB,ME,2012,5100
A,EUR_HAB,ME,2013,5300
A,EUR_HAB,ME,2014,5500
A,EUR_HAB,ME,2015,5800
A,EUR_HAB,ME,2016,6300
A,EUR_HAB,ME,2017,6800
A,EUR_HAB,ME,2018,7300
A,EUR_HAB,ME,2019,7800
A,EUR_HAB,ME,2020,6600
A,EUR_HAB,ME,2021,7900
A,EUR_HAB,ME,2022,9500
A,EUR_HAB,ME,2023,11300
A,EUR_HAB,ME,2024,12300
A,EUR_HAB,ME0,2006,3500
A,EUR_HAB,ME0,2007,4400
A,EUR_HAB,ME0,2008,5000
A,EUR_HAB,ME0,2009,4800
A,EUR_HAB,ME0,2010,5000
A,EUR_HAB,ME0,2011,5200
A,EUR_HAB,ME0,2012,5100
A,EUR_HAB,ME0,2013,5300
A,EUR_HAB,ME0,2014,5500
A,EUR_HAB,ME0,2015,5800
A,EUR_HAB,ME0,2016,6300
A,EUR_HAB,ME0,2017,6800
A,EUR_HAB,ME0,2018,7300
A,EUR_HAB,ME0,2019,7800
A,EUR_HAB,ME0,2020,6600
A,EUR_HAB,ME0,2021,7900
A,EUR_HAB,ME0,2022,9500
A,EUR_HAB,ME0,2023,11300
A,EUR_HAB,ME0,2024,12300
A,EUR_HAB,ME00,2006,3500
A,EUR_HAB,ME00,2007,4400
A,EUR_HAB,ME00,2008,5000
A,EUR_HAB,ME00,2009,4800
A,EUR_HAB,ME00,2010,5000
A,EUR_HAB,ME00,2011,5200
A,EUR_HAB,ME00,2012,5100
A,EUR_HAB,ME00,2013,5300
A,EUR_HAB,ME00,2014,5500
A,EUR_HAB,ME00,2015,5800
A,EUR_HAB,ME00,2016,6300
A,EUR_HAB,ME00,2017,6800
A,EUR_HAB,ME00,2018,7300
A,EUR_HAB,ME00,2019,7800
A,EUR_HAB,ME00,2020,6600
A,EUR_HAB,ME00,2021,7900
A,EUR_HAB,ME00,2022,9500
A,EUR_HAB,ME00,2023,11300
A,EUR_HAB,ME00,2024,12300
A,EUR_HAB,MK,2000,2000
A,EUR_HAB,MK,2001,2000
A,EUR_HAB,MK,2002,2100
A,EUR_HAB,MK,2003,2200
A,EUR_HAB,MK,2004,2300
A,EUR_HAB,MK,2005,2500
A,EUR_HAB,MK,2006,2700
A,EUR_HAB,MK,2007,3100
A,EUR_HAB,MK,2008,3400
A,EUR_HAB,MK,2009,3500
A,EUR_HAB,MK,2010,3700
A,EUR_HAB,MK,2011,3900
A,EUR_HAB,MK,2012,3900
A,EUR_HAB,MK,2013,4200
A,EUR_HAB,MK,2014,4500
A,EUR_HAB,MK,2015,4700
A,EUR_HAB,MK,2016,5100
A,EUR_HAB,MK,2017,5300
A,EUR_HAB,MK,2018,5700
A,EUR_HAB,MK,2019,6000
A,EUR_HAB,MK,2020,5800
A,EUR_HAB,MK,2021,6400
A,EUR_HAB,MK,2022,7200
A,EUR_HAB,MK,2023,8000
A,EUR_HAB,MK,2024,8600
A,EUR_HAB,MK0,2000,2000
A,EUR_HAB,MK0,2001,2000
A,EUR_HAB,MK0,2002,2100
A,EUR_HAB,MK0,2003,2200
A,EUR_HAB,MK0,2004,2300
A,EUR_HAB,MK0,2005,2500
A,EUR_HAB,MK0,2006,2700
A,EUR_HAB,MK0,2007,3100
A,EUR_HAB,MK0,2008,3400
A,EUR_HAB,MK0,2009,3500
A,EUR_HAB,MK0,2010,3700
A,EUR_HAB,MK0,2011,3900
A,EUR_HAB,MK0,2012,3900
A,EUR_HAB,MK0,2013,4200
A,EUR_HAB,MK0,2014,4500
A,EUR_HAB,MK0,2015,4700
A,EUR_HAB,MK0,2016,5100
A,EUR_HAB,MK0,2017,5300
A,EUR_HAB,MK0,2018,5700
A,EUR_HAB,MK0,2019,6000
A,EUR_HAB,MK0,2020,5800
A,EUR_HAB,MK0,2021,6400
A,EUR_HAB,MK0,2022,7200
A,EUR_HAB,MK0,2023,8000
A,EUR_HAB,MK0,2024,8600
A,EUR_HAB,MK00,2000,2000
A,EUR_HAB,MK00,2001,2000
A,EUR_HAB,MK00,2002,2100
A,EUR_HAB,MK00,2003,2200
A,EUR_HAB,MK00,2004,2300
A,EUR_HAB,MK00,2005,2500
A,EUR_HAB,MK00,2006,2700
A,EUR_HAB,MK00,2007,3100
A,EUR_HAB,MK00,2008,3400
A,EUR_HAB,MK00,2009,3500
A,EUR_HAB,MK00,2010,3700
A,EUR_HAB,MK00,2011,3900
A,EUR_HAB,MK00,2012,3900
A,EUR_HAB,MK00,2013,4200
A,EUR_HAB,MK00,2014,4500
A,EUR_HAB,MK00,2015,4700
A,EUR_HAB,MK00,2016,5100
A,EUR_HAB,MK00,2017,5300
A,EUR_HAB,MK00,2018,5700
A,EUR_HAB,MK00,2019,6000
A,EUR_HAB,MK00,2020,5800
A,EUR_HAB,MK00,2021,6400
A,EUR_HAB,MK00,2022,7200
A,EUR_HAB,MK00,2023,8000
A,EUR_HAB,MK00,2024,8600
A,EUR_HAB,MT,2000,11300
A,EUR_HAB,MT,2001,11600
A,EUR_HAB,MT,2002,11900
A,EUR_HAB,MT,2003,12000
A,EUR_HAB,MT,2004,12200
A,EUR_HAB,MT,2005,12700
A,EUR_HAB,MT,2006,13300
A,EUR_HAB,MT,2007,14200
A,EUR_HAB,MT,2008,15200
A,EUR_HAB,MT,2009,15200
A,EUR_HAB,MT,2010,16600
A,EUR_HAB,MT,2011,16900
A,EUR_HAB,MT,2012,17800
A,EUR_HAB,MT,2013,19100
A,EUR_HAB,MT,2014,20600
A,EUR_HAB,MT,2015,23000
A,EUR_HAB,MT,2016,23900
A,EUR_HAB,MT,2017,26800
A,EUR_HAB,MT,2018,28200
A,EUR_HAB,MT,2019,28900
A,EUR_HAB,MT,2020,27900
A,EUR_HAB,MT,2021,32200
A,EUR_HAB,MT,2022,33800
A,EUR_HAB,MT,2023,37800
A,EUR_HAB,MT,2024,40600
A,EUR_HAB,MT0,2000,11300
A,EUR_HAB,MT0,2001,11500
A,EUR_HAB,MT0,2002,11900
A,EUR_HAB,MT0,2003,12000
A,EUR_HAB,MT0,2004,12200
A,EUR_HAB,MT0,2005,12700
A,EUR_HAB,MT0,2006,13200
A,EUR_HAB,MT0,2007,14200
A,EUR_HAB,MT0,2008,15200
A,EUR_HAB,MT0,2009,15200
A,EUR_HAB,MT0,2010,16500
A,EUR_HAB,MT0,2011,16900
A,EUR_HAB,MT0,2012,17800
A,EUR_HAB,MT0,2013,19100
A,EUR_HAB,MT0,2014,20600
A,EUR_HAB,MT0,2015,23000
A,EUR_HAB,MT0,2016,23900
A,EUR_HAB,MT0,2017,26800
A,EUR_HAB,MT0,2018,28200
A,EUR_HAB,MT0,2019,28900
A,EUR_HAB,MT0,2020,27800
A,EUR_HAB,MT0,2021,32100
A,EUR_HAB,MT0,2022,33800
A,EUR_HAB,MT0,2023,37700
A,EUR_HAB,MT0,2024,40600
A,EUR_HAB,MT00,2000,11300
A,EUR_HAB,MT00,2001,11500
A,EUR_HAB,MT00,2002,11900
A,EUR_HAB,MT00,2003,12000
A,EUR_HAB,MT00,2004,12200
A,EUR_HAB,MT00,2005,12700
A,EUR_HAB,MT00,2006,13200
A,EUR_HAB,MT00,2007,14200
A,EUR_HAB,MT00,2008,15200
A,EUR_HAB,MT00,2009,15200
A,EUR_HAB,MT00,2010,16500
A,EUR_HAB,MT00,2011,16900
A,EUR_HAB,MT00,2012,17800
A,EUR_HAB,MT00,2013,19100
A,EUR_HAB,MT00,2014,20600
A,EUR_HAB,MT00,2015,23000
A,EUR_HAB,MT00,2016,23900
A,EUR_HAB,MT00,2017,26800
A,EUR_HAB,MT00,2018,28200
A,EUR_HAB,MT00,2019,28900
A,EUR_HAB,MT00,2020,27800
A,EUR_HAB,MT00,2021,32100
A,EUR_HAB,MT00,2022,33800
A,EUR_HAB,MT00,2023,37700
A,EUR_HAB,MT00,2024,40600
A,EUR_HAB,NL,2000,28400
A,EUR_HAB,NL,2001,30100
A,EUR_HAB,NL,2002,31100
A,EUR_HAB,NL,2003,31700
A,EUR_HAB,NL,2004,32600
A,EUR_HAB,NL,2005,33900
A,EUR_HAB,NL,2006,35900
A,EUR_HAB,NL,2007,38000
A,EUR_HAB,NL,2008,39600
A,EUR_HAB,NL,2009,38100
A,EUR_HAB,NL,2010,38700
A,EUR_HAB,NL,2011,39300
A,EUR_HAB,NL,2012,39300
A,EUR_HAB,NL,2013,39600
A,EUR_HAB,NL,2014,40200
A,EUR_HAB,NL,2015,41300
A,EUR_HAB,NL,2016,42300
A,EUR_HAB,NL,2017,43800
A,EUR_HAB,NL,2018,45700
A,EUR_HAB,NL,2019,47800
A,EUR_HAB,NL,2020,46800
A,EUR_HAB,NL,2021,50800
A,EUR_HAB,NL,2022,56100
A,EUR_HAB,NL,2023,58700
A,EUR_HAB,NL,2024,62400
A,EUR_HAB,NL1,2000,24100
A,EUR_HAB,NL1,2001,26000
A,EUR_HAB,NL1,2002,26700
A,EUR_HAB,NL1,2003,27500
A,EUR_HAB,NL1,2004,27900
A,EUR_HAB,NL1,2005,29800
A,EUR_HAB,NL1,2006,32100
A,EUR_HAB,NL1,2007,33200
A,EUR_HAB,NL1,2008,36700
A,EUR_HAB,NL1,2009,34200
A,EUR_HAB,NL1,2010,35100
A,EUR_HAB,NL1,2011,36000
A,EUR_HAB,NL1,2012,36900
A,EUR_HAB,NL1,2013,37600
A,EUR_HAB,NL1,2014,35700
A,EUR_HAB,NL1,2015,34500
A,EUR_HAB,NL1,2016,33800
A,EUR_HAB,NL1,2017,35000
A,EUR_HAB,NL1,2018,36300
A,EUR_HAB,NL1,2019,37500
A,EUR_HAB,NL1,2020,36300
A,EUR_HAB,NL1,2021,40000
A,EUR_HAB,NL1,2022,46800
A,EUR_HAB,NL1,2023,46400
A,EUR_HAB,NL1,2024,48400
A,EUR_HAB,NL11,2000,29900
A,EUR_HAB,NL11,2001,32900
A,EUR_HAB,NL11,2002,34000
A,EUR_HAB,NL11,2003,35400
A,EUR_HAB,NL11,2004,36000
A,EUR_HAB,NL11,2005,40000
A,EUR_HAB,NL11,2006,44100
A,EUR_HAB,NL11,2007,44000
A,EUR_HAB,NL11,2008,52300
A,EUR_HAB,NL11,2009,47100
A,EUR_HAB,NL11,2010,48900
A,EUR_HAB,NL11,2011,50200
A,EUR_HAB,NL11,2012,52600
A,EUR_HAB,NL11,2013,54900
A,EUR_HAB,NL11,2014,48500
A,EUR_HAB,NL11,2015,44300
A,EUR_HAB,NL11,2016,41900
A,EUR_HAB,NL11,2017,43200
A,EUR_HAB,NL11,2018,44100
A,EUR_HAB,NL11,2019,44600
A,EUR_HAB,NL11,2020,41400
A,EUR_HAB,NL11,2021,46600
A,EUR_HAB,NL11,2022,58500
A,EUR_HAB,NL11,2023,53900
A,EUR_HAB,NL11,2024,54600
A,EUR_HAB,NL12,2000,21100
A,EUR_HAB,NL12,2001,22600
A,EUR_HAB,NL12,2002,22800
A,EUR_HAB,NL12,2003,23600
A,EUR_HAB,NL12,2004,23700
A,EUR_HAB,NL12,2005,24800
A,EUR_HAB,NL12,2006,26100
A,EUR_HAB,NL12,2007,27900
A,EUR_HAB,NL12,2008,28800
A,EUR_HAB,NL12,2009,28000
A,EUR_HAB,NL12,2010,28400
A,EUR_HAB,NL12,2011,29300
A,EUR_HAB,NL12,2012,28900
A,EUR_HAB,NL12,2013,28500
A,EUR_HAB,NL12,2014,29000
A,EUR_HAB,NL12,2015,29400
A,EUR_HAB,NL12,2016,29900
A,EUR_HAB,NL12,2017,31100
A,EUR_HAB,NL12,2018,32400
A,EUR_HAB,NL12,2019,34200
A,EUR_HAB,NL12,2020,34300
A,EUR_HAB,NL12,2021,37300
A,EUR_HAB,NL12,2022,42200
A,EUR_HAB,NL12,2023,43200
A,EUR_HAB,NL12,2024,45500
A,EUR_HAB,NL13,2000,21000
A,EUR_HAB,NL13,2001,22300
A,EUR_HAB,NL13,2002,23100
A,EUR_HAB,NL13,2003,23400
A,EUR_HAB,NL13,2004,23700
A,EUR_HAB,NL13,2005,24500
A,EUR_HAB,NL13,2006,25900
A,EUR_HAB,NL13,2007,27600
A,EUR_HAB,NL13,2008,28700
A,EUR_HAB,NL13,2009,27200
A,EUR_HAB,NL13,2010,27500
A,EUR_HAB,NL13,2011,28100
A,EUR_HAB,NL13,2012,28800
A,EUR_HAB,NL13,2013,28900
A,EUR_HAB,NL13,2014,29300
A,EUR_HAB,NL13,2015,29300
A,EUR_HAB,NL13,2016,29300
A,EUR_HAB,NL13,2017,30400
A,EUR_HAB,NL13,2018,32100
A,EUR_HAB,NL13,2019,33500
A,EUR_HAB,NL13,2020,32900
A,EUR_HAB,NL13,2021,35900
A,EUR_HAB,NL13,2022,39100
A,EUR_HAB,NL13,2023,41600
A,EUR_HAB,NL13,2024,44700
A,EUR_HAB,NL2,2000,23500
A,EUR_HAB,NL2,2001,24900
A,EUR_HAB,NL2,2002,25700
A,EUR_HAB,NL2,2003,26300
A,EUR_HAB,NL2,2004,26900
A,EUR_HAB,NL2,2005,27800
A,EUR_HAB,NL2,2006,29700
A,EUR_HAB,NL2,2007,31500
A,EUR_HAB,NL2,2008,32600
A,EUR_HAB,NL2,2009,32000
A,EUR_HAB,NL2,2010,32200
A,EUR_HAB,NL2,2011,32900
A,EUR_HAB,NL2,2012,32400
A,EUR_HAB,NL2,2013,32400
A,EUR_HAB,NL2,2014,33100
A,EUR_HAB,NL2,2015,33900
A,EUR_HAB,NL2,2016,35000
A,EUR_HAB,NL2,2017,36200
A,EUR_HAB,NL2,2018,37900
A,EUR_HAB,NL2,2019,40000
A,EUR_HAB,NL2,2020,39600
A,EUR_HAB,NL2,2021,42800
A,EUR_HAB,NL2,2022,46800
A,EUR_HAB,NL2,2023,49300
A,EUR_HAB,NL2,2024,52900
A,EUR_HAB,NL21,2000,23100
A,EUR_HAB,NL21,2001,24500
A,EUR_HAB,NL21,2002,25200
A,EUR_HAB,NL21,2003,25800
A,EUR_HAB,NL21,2004,26400
A,EUR_HAB,NL21,2005,27400
A,EUR_HAB,NL21,2006,28900
A,EUR_HAB,NL21,2007,30700
A,EUR_HAB,NL21,2008,32400
A,EUR_HAB,NL21,2009,32000
A,EUR_HAB,NL21,2010,32200
A,EUR_HAB,NL21,2011,32800
A,EUR_HAB,NL21,2012,32400
A,EUR_HAB,NL21,2013,32500
A,EUR_HAB,NL21,2014,33000
A,EUR_HAB,NL21,2015,34100
A,EUR_HAB,NL21,2016,35500
A,EUR_HAB,NL21,2017,37000
A,EUR_HAB,NL21,2018,38700
A,EUR_HAB,NL21,2019,40600
A,EUR_HAB,NL21,2020,40300
A,EUR_HAB,NL21,2021,43700
A,EUR_HAB,NL21,2022,47800
A,EUR_HAB,NL21,2023,50300
A,EUR_HAB,NL21,2024,54100
A,EUR_HAB,NL22,2000,24200
A,EUR_HAB,NL22,2001,25600
A,EUR_HAB,NL22,2002,26400
A,EUR_HAB,NL22,2003,27000
A,EUR_HAB,NL22,2004,27500
A,EUR_HAB,NL22,2005,28400
A,EUR_HAB,NL22,2006,30400
A,EUR_HAB,NL22,2007,32100
A,EUR_HAB,NL22,2008,33200
A,EUR_HAB,NL22,2009,32700
A,EUR_HAB,NL22,2010,32800
A,EUR_HAB,NL22,2011,33500
A,EUR_HAB,NL22,2012,33100
A,EUR_HAB,NL22,2013,33000
A,EUR_HAB,NL22,2014,33700
A,EUR_HAB,NL22,2015,34500
A,EUR_HAB,NL22,2016,35500
A,EUR_HAB,NL22,2017,36600
A,EUR_HAB,NL22,2018,38300
A,EUR_HAB,NL22,2019,40500
A,EUR_HAB,NL22,2020,40100
A,EUR_HAB,NL22,2021,43300
A,EUR_HAB,NL22,2022,47100
A,EUR_HAB,NL22,2023,49400
A,EUR_HAB,NL22,2024,53300
A,EUR_HAB,NL23,2000,21000
A,EUR_HAB,NL23,2001,22500
A,EUR_HAB,NL23,2002,23000
A,EUR_HAB,NL23,2003,24200
A,EUR_HAB,NL23,2004,24800
A,EUR_HAB,NL23,2005,25600
A,EUR_HAB,NL23,2006,28200
A,EUR_HAB,NL23,2007,30100
A,EUR_HAB,NL23,2008,30200
A,EUR_HAB,NL23,2009,28400
A,EUR_HAB,NL23,2010,29200
A,EUR_HAB,NL23,2011,30200
A,EUR_HAB,NL23,2012,29000
A,EUR_HAB,NL23,2013,29300
A,EUR_HAB,NL23,2014,30000
A,EUR_HAB,NL23,2015,30500
A,EUR_HAB,NL23,2016,31400
A,EUR_HAB,NL23,2017,32200
A,EUR_HAB,NL23,2018,33900
A,EUR_HAB,NL23,2019,36000
A,EUR_HAB,NL23,2020,35500
A,EUR_HAB,NL23,2021,37800
A,EUR_HAB,NL23,2022,42500
A,EUR_HAB,NL23,2023,46300
A,EUR_HAB,NL23,2024,48200
A,EUR_HAB,NL3,2000,31800
A,EUR_HAB,NL3,2001,33600
A,EUR_HAB,NL3,2002,35100
A,EUR_HAB,NL3,2003,35700
A,EUR_HAB,NL3,2004,36700
A,EUR_HAB,NL3,2005,38000
A,EUR_HAB,NL3,2006,40000
A,EUR_HAB,NL3,2007,42500
A,EUR_HAB,NL3,2008,43900
A,EUR_HAB,NL3,2009,42400
A,EUR_HAB,NL3,2010,42900
A,EUR_HAB,NL3,2011,43200
A,EUR_HAB,NL3,2012,43200
A,EUR_HAB,NL3,2013,43600
A,EUR_HAB,NL3,2014,44800
A,EUR_HAB,NL3,2015,46400
A,EUR_HAB,NL3,2016,47600
A,EUR_HAB,NL3,2017,49200
A,EUR_HAB,NL3,2018,51200
A,EUR_HAB,NL3,2019,53700
A,EUR_HAB,NL3,2020,52300
A,EUR_HAB,NL3,2021,56500
A,EUR_HAB,NL3,2022,62200
A,EUR_HAB,NL3,2023,65700
A,EUR_HAB,NL3,2024,69700
A,EUR_HAB,NL32,2000,35100
A,EUR_HAB,NL32,2001,36500
A,EUR_HAB,NL32,2002,39000
A,EUR_HAB,NL32,2003,39400
A,EUR_HAB,NL32,2004,40800
A,EUR_HAB,NL32,2005,42000
A,EUR_HAB,NL32,2006,44100
A,EUR_HAB,NL32,2007,46300
A,EUR_HAB,NL32,2008,47700
A,EUR_HAB,NL32,2009,45900
A,EUR_HAB,NL32,2010,47100
A,EUR_HAB,NL32,2011,47500
A,EUR_HAB,NL32,2012,47900
A,EUR_HAB,NL32,2013,49000
A,EUR_HAB,NL32,2014,51400
A,EUR_HAB,NL32,2015,53600
A,EUR_HAB,NL32,2016,55300
A,EUR_HAB,NL32,2017,57300
A,EUR_HAB,NL32,2018,60100
A,EUR_HAB,NL32,2019,63400
A,EUR_HAB,NL32,2020,59800
A,EUR_HAB,NL32,2021,65100
A,EUR_HAB,NL32,2022,73000
A,EUR_HAB,NL32,2023,77300
A,EUR_HAB,NL32,2024,81500
A,EUR_HAB,NL34,2000,20800
A,EUR_HAB,NL34,2001,21700
A,EUR_HAB,NL34,2002,23300
A,EUR_HAB,NL34,2003,24300
A,EUR_HAB,NL34,2004,24700
A,EUR_HAB,NL34,2005,25100
A,EUR_HAB,NL34,2006,26000
A,EUR_HAB,NL34,2007,28800
A,EUR_HAB,NL34,2008,30300
A,EUR_HAB,NL34,2009,28700
A,EUR_HAB,NL34,2010,30300
A,EUR_HAB,NL34,2011,31400
A,EUR_HAB,NL34,2012,31000
A,EUR_HAB,NL34,2013,31100
A,EUR_HAB,NL34,2014,31700
A,EUR_HAB,NL34,2015,32700
A,EUR_HAB,NL34,2016,33300
A,EUR_HAB,NL34,2017,34500
A,EUR_HAB,NL34,2018,36700
A,EUR_HAB,NL34,2019,38200
A,EUR_HAB,NL34,2020,37900
A,EUR_HAB,NL34,2021,40000
A,EUR_HAB,NL34,2022,45900
A,EUR_HAB,NL34,2023,50100
A,EUR_HAB,NL34,2024,52600
A,EUR_HAB,NL35,2000,36100
A,EUR_HAB,NL35,2001,38900
A,EUR_HAB,NL35,2002,39600
A,EUR_HAB,NL35,2003,39300
A,EUR_HAB,NL35,2004,40200
A,EUR_HAB,NL35,2005,41300
A,EUR_HAB,NL35,2006,43200
A,EUR_HAB,NL35,2007,45900
A,EUR_HAB,NL35,2008,47100
A,EUR_HAB,NL35,2009,47300
A,EUR_HAB,NL35,2010,46700
A,EUR_HAB,NL35,2011,46500
A,EUR_HAB,NL35,2012,46500
A,EUR_HAB,NL35,2013,47400
A,EUR_HAB,NL35,2014,48400
A,EUR_HAB,NL35,2015,49100
A,EUR_HAB,NL35,2016,50400
A,EUR_HAB,NL35,2017,52900
A,EUR_HAB,NL35,2018,55200
A,EUR_HAB,NL35,2019,57400
A,EUR_HAB,NL35,2020,58200
A,EUR_HAB,NL35,2021,62500
A,EUR_HAB,NL35,2022,66500
A,EUR_HAB,NL35,2023,70500
A,EUR_HAB,NL35,2024,75600
A,EUR_HAB,NL36,2000,29000
A,EUR_HAB,NL36,2001,30900
A,EUR_HAB,NL36,2002,31900
A,EUR_HAB,NL36,2003,32800
A,EUR_HAB,NL36,2004,33700
A,EUR_HAB,NL36,2005,35200
A,EUR_HAB,NL36,2006,37300
A,EUR_HAB,NL36,2007,39800
A,EUR_HAB,NL36,2008,41200
A,EUR_HAB,NL36,2009,39300
A,EUR_HAB,NL36,2010,39800
A,EUR_HAB,NL36,2011,40100
A,EUR_HAB,NL36,2012,39600
A,EUR_HAB,NL36,2013,39500
A,EUR_HAB,NL36,2014,39900
A,EUR_HAB,NL36,2015,41400
A,EUR_HAB,NL36,2016,42100
A,EUR_HAB,NL36,2017,43100
A,EUR_HAB,NL36,2018,44400
A,EUR_HAB,NL36,2019,46400
A,EUR_HAB,NL36,2020,45700
A,EUR_HAB,NL36,2021,49300
A,EUR_HAB,NL36,2022,53900
A,EUR_HAB,NL36,2023,56400
A,EUR_HAB,NL36,2024,60000
A,EUR_HAB,NL4,2000,26900
A,EUR_HAB,NL4,2001,28300
A,EUR_HAB,NL4,2002,29100
A,EUR_HAB,NL4,2003,29600
A,EUR_HAB,NL4,2004,30600
A,EUR_HAB,NL4,2005,31700
A,EUR_HAB,NL4,2006,33500
A,EUR_HAB,NL4,2007,35400
A,EUR_HAB,NL4,2008,36700
A,EUR_HAB,NL4,2009,35400
A,EUR_HAB,NL4,2010,36400
A,EUR_HAB,NL4,2011,37200
A,EUR_HAB,NL4,2012,37200
A,EUR_HAB,NL4,2013,37400
A,EUR_HAB,NL4,2014,38100
A,EUR_HAB,NL4,2015,39300
A,EUR_HAB,NL4,2016,41000
A,EUR_HAB,NL4,2017,42800
A,EUR_HAB,NL4,2018,44600
A,EUR_HAB,NL4,2019,46700
A,EUR_HAB,NL4,2020,46200
A,EUR_HAB,NL4,2021,50400
A,EUR_HAB,NL4,2022,53700
A,EUR_HAB,NL4,2023,57100
A,EUR_HAB,NL4,2024,60700
A,EUR_HAB,NL41,2000,28200
A,EUR_HAB,NL41,2001,29700
A,EUR_HAB,NL41,2002,30300
A,EUR_HAB,NL41,2003,30800
A,EUR_HAB,NL41,2004,31900
A,EUR_HAB,NL41,2005,33200
A,EUR_HAB,NL41,2006,35100
A,EUR_HAB,NL41,2007,36800
A,EUR_HAB,NL41,2008,38300
A,EUR_HAB,NL41,2009,37100
A,EUR_HAB,NL41,2010,38100
A,EUR_HAB,NL41,2011,38900
A,EUR_HAB,NL41,2012,39100
A,EUR_HAB,NL41,2013,39200
A,EUR_HAB,NL41,2014,39900
A,EUR_HAB,NL41,2015,41100
A,EUR_HAB,NL41,2016,42700
A,EUR_HAB,NL41,2017,44700
A,EUR_HAB,NL41,2018,46700
A,EUR_HAB,NL41,2019,49000
A,EUR_HAB,NL41,2020,48700
A,EUR_HAB,NL41,2021,53000
A,EUR_HAB,NL41,2022,56700
A,EUR_HAB,NL41,2023,60600
A,EUR_HAB,NL41,2024,64600
A,EUR_HAB,NL42,2000,24100
A,EUR_HAB,NL42,2001,25400
A,EUR_HAB,NL42,2002,26500
A,EUR_HAB,NL42,2003,26900
A,EUR_HAB,NL42,2004,28000
A,EUR_HAB,NL42,2005,28600
A,EUR_HAB,NL42,2006,30200
A,EUR_HAB,NL42,2007,32400
A,EUR_HAB,NL42,2008,33300
A,EUR_HAB,NL42,2009,31800
A,EUR_HAB,NL42,2010,32600
A,EUR_HAB,NL42,2011,33500
A,EUR_HAB,NL42,2012,32900
A,EUR_HAB,NL42,2013,33500
A,EUR_HAB,NL42,2014,34200
A,EUR_HAB,NL42,2015,35200
A,EUR_HAB,NL42,2016,37200
A,EUR_HAB,NL42,2017,38500
A,EUR_HAB,NL42,2018,40000
A,EUR_HAB,NL42,2019,41400
A,EUR_HAB,NL42,2020,40500
A,EUR_HAB,NL42,2021,44200
A,EUR_HAB,NL42,2022,46500
A,EUR_HAB,NL42,2023,49000
A,EUR_HAB,NL42,2024,51400
A,EUR_HAB,NO,2008,66900
A,EUR_HAB,NO,2009,57900
A,EUR_HAB,NO,2010,66600
A,EUR_HAB,NO,2011,72800
A,EUR_HAB,NO,2012,79500
A,EUR_HAB,NO,2013,77900
A,EUR_HAB,NO,2014,73700
A,EUR_HAB,NO,2015,67400
A,EUR_HAB,NO,2016,64100
A,EUR_HAB,NO,2017,67500
A,EUR_HAB,NO,2018,70200
A,EUR_HAB,NO,2019,68300
A,EUR_HAB,NO,2020,60000
A,EUR_HAB,NO,2021,78700
A,EUR_HAB,NO0,2008,48600
A,EUR_HAB,NO0,2009,46100
A,EUR_HAB,NO0,2010,52500
A,EUR_HAB,NO0,2011,55000
A,EUR_HAB,NO0,2012,60300
A,EUR_HAB,NO0,2013,60400
A,EUR_HAB,NO0,2014,58600
A,EUR_HAB,NO0,2015,56500
A,EUR_HAB,NO0,2016,55700
A,EUR_HAB,NO0,2017,56800
A,EUR_HAB,NO0,2018,57100
A,EUR_HAB,NO0,2019,58300
A,EUR_HAB,NO0,2020,53300
A,EUR_HAB,NO0,2021,59400
A,EUR_HAB,NO02,2008,35500
A,EUR_HAB,NO02,2009,33500
A,EUR_HAB,NO02,2010,37600
A,EUR_HAB,NO02,2011,40200
A,EUR_HAB,NO02,2012,43400
A,EUR_HAB,NO02,2013,43200
A,EUR_HAB,NO02,2014,42600
A,EUR_HAB,NO02,2015,42200
A,EUR_HAB,NO02,2016,42400
A,EUR_HAB,NO02,2017,43600
A,EUR_HAB,NO02,2018,44200
A,EUR_HAB,NO02,2019,44600
A,EUR_HAB,NO02,2020,42200
A,EUR_HAB,NO02,2021,48100
A,EUR_HAB,NO06,2008,41400
A,EUR_HAB,NO06,2009,39600
A,EUR_HAB,NO06,2010,46000
A,EUR_HAB,NO06,2011,48300
A,EUR_HAB,NO06,2012,53500
A,EUR_HAB,NO06,2013,53700
A,EUR_HAB,NO06,2014,52100
A,EUR_HAB,NO06,2015,51300
A,EUR_HAB,NO06,2016,51600
A,EUR_HAB,NO06,2017,53800
A,EUR_HAB,NO06,2018,54500
A,EUR_HAB,NO06,2019,54400
A,EUR_HAB,NO06,2020,49900
A,EUR_HAB,NO06,2021,55300
A,EUR_HAB,NO07,2008,38800
A,EUR_HAB,NO07,2009,37800
A,EUR_HAB,NO07,2010,44400
A,EUR_HAB,NO07,2011,46200
A,EUR_HAB,NO07,2012,49800
A,EUR_HAB,NO07,2013,50700
A,EUR_HAB,NO07,2014,50000
A,EUR_HAB,NO07,2015,48200
A,EUR_HAB,NO07,2016,50900
A,EUR_HAB,NO07,2017,52300
A,EUR_HAB,NO07,2018,53400
A,EUR_HAB,NO07,2019,53500
A,EUR_HAB,NO07,2020,47500
A,EUR_HAB,NO07,2021,54200
A,EUR_HAB,NO08,2008,57000
A,EUR_HAB,NO08,2009,53600
A,EUR_HAB,NO08,2010,60800
A,EUR_HAB,NO08,2011,63800
A,EUR_HAB,NO08,2012,70200
A,EUR_HAB,NO08,2013,70000
A,EUR_HAB,NO08,2014,67700
A,EUR_HAB,NO08,2015,64900
A,EUR_HAB,NO08,2016,64500
A,EUR_HAB,NO08,2017,66000
A,EUR_HAB,NO08,2018,66000
A,EUR_HAB,NO08,2019,67700
A,EUR_HAB,NO08,2020,62300
A,EUR_HAB,NO08,2021,67700
A,EUR_HAB,NO09,2008,41300
A,EUR_HAB,NO09,2009,38800
A,EUR_HAB,NO09,2010,43100
A,EUR_HAB,NO09,2011,44800
A,EUR_HAB,NO09,2012,48700
A,EUR_HAB,NO09,2013,47600
A,EUR_HAB,NO09,2014,46100
A,EUR_HAB,NO09,2015,45100
A,EUR_HAB,NO09,2016,43700
A,EUR_HAB,NO09,2017,44400
A,EUR_HAB,NO09,2018,45700
A,EUR_HAB,NO09,2019,45700
A,EUR_HAB,NO09,2020,41800
A,EUR_HAB,NO09,2021,49000
A,EUR_HAB,NO0A,2008,51600
A,EUR_HAB,NO0A,2009,49000
A,EUR_HAB,NO0A,2010,56000
A,EUR_HAB,NO0A,2011,58400
A,EUR_HAB,NO0A,2012,64100
A,EUR_HAB,NO0A,2013,64800
A,EUR_HAB,NO0A,2014,62600
A,EUR_HAB,NO0A,2015,60000
A,EUR_HAB,NO0A,2016,56700
A,EUR_HAB,NO0A,2017,57300
A,EUR_HAB,NO0A,2018,56900
A,EUR_HAB,NO0A,2019,58500
A,EUR_HAB,NO0A,2020,52900
A,EUR_HAB,NO0A,2021,59300
A,EUR_HAB,PL,2000,4900
A,EUR_HAB,PL,2001,5600
A,EUR_HAB,PL,2002,5500
A,EUR_HAB,PL,2003,5100
A,EUR_HAB,PL,2004,5400
A,EUR_HAB,PL,2005,6500
A,EUR_HAB,PL,2006,7200
A,EUR_HAB,PL,2007,8200
A,EUR_HAB,PL,2008,9600
A,EUR_HAB,PL,2009,8300
A,EUR_HAB,PL,2010,9500
A,EUR_HAB,PL,2011,10000
A,EUR_HAB,PL,2012,10200
A,EUR_HAB,PL,2013,10300
A,EUR_HAB,PL,2014,10800
A,EUR_HAB,PL,2015,11400
A,EUR_HAB,PL,2016,11300
A,EUR_HAB,PL,2017,12400
A,EUR_HAB,PL,2018,13300
A,EUR_HAB,PL,2019,14200
A,EUR_HAB,PL,2020,14300
A,EUR_HAB,PL,2021,15800
A,EUR_HAB,PL,2022,17500
A,EUR_HAB,PL,2023,20000
A,EUR_HAB,PL,2024,22600
A,EUR_HAB,PL2,2000,4900
A,EUR_HAB,PL2,2001,5500
A,EUR_HAB,PL2,2002,5500
A,EUR_HAB,PL2,2003,5100
A,EUR_HAB,PL2,2004,5500
A,EUR_HAB,PL2,2005,6400
A,EUR_HAB,PL2,2006,7200
A,EUR_HAB,PL2,2007,8100
A,EUR_HAB,PL2,2008,9600
A,EUR_HAB,PL2,2009,8200
A,EUR_HAB,PL2,2010,9300
A,EUR_HAB,PL2,2011,9900
A,EUR_HAB,PL2,2012,10000
A,EUR_HAB,PL2,2013,9900
A,EUR_HAB,PL2,2014,10400
A,EUR_HAB,PL2,2015,11100
A,EUR_HAB,PL2,2016,11000
A,EUR_HAB,PL2,2017,12100
A,EUR_HAB,PL2,2018,13100
A,EUR_HAB,PL2,2019,13800
A,EUR_HAB,PL2,2020,13700
A,EUR_HAB,PL2,2021,15400
A,EUR_HAB,PL2,2022,17100
A,EUR_HAB,PL2,2023,19400
A,EUR_HAB,PL2,2024,21600
A,EUR_HAB,PL21,2000,4400
A,EUR_HAB,PL21,2001,4900
A,EUR_HAB,PL21,2002,4900
A,EUR_HAB,PL21,2003,4500
A,EUR_HAB,PL21,2004,4800
A,EUR_HAB,PL21,2005,5700
A,EUR_HAB,PL21,2006,6500
A,EUR_HAB,PL21,2007,7300
A,EUR_HAB,PL21,2008,8600
A,EUR_HAB,PL21,2009,7400
A,EUR_HAB,PL21,2010,8300
A,EUR_HAB,PL21,2011,8900
A,EUR_HAB,PL21,2012,9000
A,EUR_HAB,PL21,2013,9100
A,EUR_HAB,PL21,2014,9600
A,EUR_HAB,PL21,2015,10200
A,EUR_HAB,PL21,2016,10200
A,EUR_HAB,PL21,2017,11300
A,EUR_HAB,PL21,2018,12200
A,EUR_HAB,PL21,2019,12900
A,EUR_HAB,PL21,2020,12900
A,EUR_HAB,PL21,2021,14400
A,EUR_HAB,PL21,2022,15600
A,EUR_HAB,PL21,2023,17800
A,EUR_HAB,PL21,2024,20300
A,EUR_HAB,PL22,2000,5200
A,EUR_HAB,PL22,2001,5900
A,EUR_HAB,PL22,2002,6000
A,EUR_HAB,PL22,2003,5400
A,EUR_HAB,PL22,2004,6000
A,EUR_HAB,PL22,2005,6900
A,EUR_HAB,PL22,2006,7600
A,EUR_HAB,PL22,2007,8600
A,EUR_HAB,PL22,2008,10200
A,EUR_HAB,PL22,2009,8800
A,EUR_HAB,PL22,2010,10100
A,EUR_HAB,PL22,2011,10600
A,EUR_HAB,PL22,2012,10700
A,EUR_HAB,PL22,2013,10600
A,EUR_HAB,PL22,2014,11100
A,EUR_HAB,PL22,2015,11800
A,EUR_HAB,PL22,2016,11600
A,EUR_HAB,PL22,2017,12700
A,EUR_HAB,PL22,2018,13700
A,EUR_HAB,PL22,2019,14400
A,EUR_HAB,PL22,2020,14300
A,EUR_HAB,PL22,2021,16200
A,EUR_HAB,PL22,2022,18300
A,EUR_HAB,PL22,2023,20600
A,EUR_HAB,PL22,2024,22600
A,EUR_HAB,PL4,2000,5000
A,EUR_HAB,PL4,2001,5600
A,EUR_HAB,PL4,2002,5500
A,EUR_HAB,PL4,2003,5000
A,EUR_HAB,PL4,2004,5400
A,EUR_HAB,PL4,2005,6500
A,EUR_HAB,PL4,2006,7100
A,EUR_HAB,PL4,2007,8100
A,EUR_HAB,PL4,2008,9400
A,EUR_HAB,PL4,2009,8200
A,EUR_HAB,PL4,2010,9100
A,EUR_HAB,PL4,2011,9500
A,EUR_HAB,PL4,2012,9800
A,EUR_HAB,PL4,2013,9900
A,EUR_HAB,PL4,2014,10500
A,EUR_HAB,PL4,2015,11100
A,EUR_HAB,PL4,2016,11000
A,EUR_HAB,PL4,2017,12100
A,EUR_HAB,PL4,2018,12900
A,EUR_HAB,PL4,2019,13700
A,EUR_HAB,PL4,2020,13900
A,EUR_HAB,PL4,2021,15200
A,EUR_HAB,PL4,2022,16600
A,EUR_HAB,PL4,2023,18900
A,EUR_HAB,PL4,2024,21400
A,EUR_HAB,PL41,2000,5200
A,EUR_HAB,PL41,2001,6000
A,EUR_HAB,PL41,2002,5800
A,EUR_HAB,PL41,2003,5400
A,EUR_HAB,PL41,2004,5800
A,EUR_HAB,PL41,2005,7000
A,EUR_HAB,PL41,2006,7700
A,EUR_HAB,PL41,2007,8700
A,EUR_HAB,PL41,2008,10200
A,EUR_HAB,PL41,2009,9000
A,EUR_HAB,PL41,2010,9900
A,EUR_HAB,PL41,2011,10500
A,EUR_HAB,PL41,2012,10700
A,EUR_HAB,PL41,2013,11000
A,EUR_HAB,PL41,2014,11500
A,EUR_HAB,PL41,2015,12300
A,EUR_HAB,PL41,2016,12200
A,EUR_HAB,PL41,2017,13400
A,EUR_HAB,PL41,2018,14300
A,EUR_HAB,PL41,2019,15300
A,EUR_HAB,PL41,2020,15300
A,EUR_HAB,PL41,2021,16700
A,EUR_HAB,PL41,2022,18300
A,EUR_HAB,PL41,2023,20900
A,EUR_HAB,PL41,2024,23700
A,EUR_HAB,PL42,2000,4800
A,EUR_HAB,PL42,2001,5400
A,EUR_HAB,PL42,2002,5200
A,EUR_HAB,PL42,2003,4600
A,EUR_HAB,PL42,2004,4900
A,EUR_HAB,PL42,2005,5800
A,EUR_HAB,PL42,2006,6500
A,EUR_HAB,PL42,2007,7300
A,EUR_HAB,PL42,2008,8600
A,EUR_HAB,PL42,2009,7200
A,EUR_HAB,PL42,2010,8200
A,EUR_HAB,PL42,2011,8400
A,EUR_HAB,PL42,2012,8600
A,EUR_HAB,PL42,2013,8600
A,EUR_HAB,PL42,2014,9100
A,EUR_HAB,PL42,2015,9700
A,EUR_HAB,PL42,2016,9500
A,EUR_HAB,PL42,2017,10400
A,EUR_HAB,PL42,2018,11200
A,EUR_HAB,PL42,2019,11800
A,EUR_HAB,PL42,2020,12100
A,EUR_HAB,PL42,2021,13300
A,EUR_HAB,PL42,2022,14400
A,EUR_HAB,PL42,2023,16400
A,EUR_HAB,PL42,2024,18500
A,EUR_HAB,PL43,2000,4400
A,EUR_HAB,PL43,2001,4900
A,EUR_HAB,PL43,2002,4900
A,EUR_HAB,PL43,2003,4400
A,EUR_HAB,PL43,2004,4800
A,EUR_HAB,PL43,2005,5800
A,EUR_HAB,PL43,2006,6500
A,EUR_HAB,PL43,2007,7400
A,EUR_HAB,PL43,2008,8300
A,EUR_HAB,PL43,2009,7100
A,EUR_HAB,PL43,2010,8100
A,EUR_HAB,PL43,2011,8300
A,EUR_HAB,PL43,2012,8500
A,EUR_HAB,PL43,2013,8600
A,EUR_HAB,PL43,2014,9200
A,EUR_HAB,PL43,2015,9600
A,EUR_HAB,PL43,2016,9500
A,EUR_HAB,PL43,2017,10300
A,EUR_HAB,PL43,2018,10900
A,EUR_HAB,PL43,2019,11500
A,EUR_HAB,PL43,2020,11800
A,EUR_HAB,PL43,2021,13000
A,EUR_HAB,PL43,2022,14300
A,EUR_HAB,PL43,2023,15900
A,EUR_HAB,PL43,2024,18100
A,EUR_HAB,PL5,2000,4800
A,EUR_HAB,PL5,2001,5300
A,EUR_HAB,PL5,2002,5300
A,EUR_HAB,PL5,2003,4800
A,EUR_HAB,PL5,2004,5200
A,EUR_HAB,PL5,2005,6300
A,EUR_HAB,PL5,2006,7200
A,EUR_HAB,PL5,2007,8400
A,EUR_HAB,PL5,2008,9800
A,EUR_HAB,PL5,2009,8500
A,EUR_HAB,PL5,2010,10000
A,EUR_HAB,PL5,2011,10600
A,EUR_HAB,PL5,2012,10700
A,EUR_HAB,PL5,2013,10700
A,EUR_HAB,PL5,2014,11300
A,EUR_HAB,PL5,2015,11900
A,EUR_HAB,PL5,2016,11700
A,EUR_HAB,PL5,2017,12800
A,EUR_HAB,PL5,2018,13600
A,EUR_HAB,PL5,2019,14500
A,EUR_HAB,PL5,2020,14700
A,EUR_HAB,PL5,2021,16400
A,EUR_HAB,PL5,2022,17800
A,EUR_HAB,PL5,2023,20100
A,EUR_HAB,PL5,2024,22700
A,EUR_HAB,PL51,2000,5000
A,EUR_HAB,PL51,2001,5600
A,EUR_HAB,PL51,2002,5600
A,EUR_HAB,PL51,2003,5100
A,EUR_HAB,PL51,2004,5400
A,EUR_HAB,PL51,2005,6600
A,EUR_HAB,PL51,2006,7700
A,EUR_HAB,PL51,2007,8900
A,EUR_HAB,PL51,2008,10400
A,EUR_HAB,PL51,2009,9100
A,EUR_HAB,PL51,2010,10700
A,EUR_HAB,PL51,2011,11300
A,EUR_HAB,PL51,2012,11500
A,EUR_HAB,PL51,2013,11400
A,EUR_HAB,PL51,2014,12000
A,EUR_HAB,PL51,2015,12700
A,EUR_HAB,PL51,2016,12500
A,EUR_HAB,PL51,2017,13600
A,EUR_HAB,PL51,2018,14500
A,EUR_HAB,PL51,2019,15500
A,EUR_HAB,PL51,2020,15600
A,EUR_HAB,PL51,2021,17500
A,EUR_HAB,PL51,2022,18900
A,EUR_HAB,PL51,2023,21400
A,EUR_HAB,PL51,2024,24100
A,EUR_HAB,PL52,2000,4100
A,EUR_HAB,PL52,2001,4500
A,EUR_HAB,PL52,2002,4500
A,EUR_HAB,PL52,2003,4000
A,EUR_HAB,PL52,2004,4600
A,EUR_HAB,PL52,2005,5400
A,EUR_HAB,PL52,2006,5900
A,EUR_HAB,PL52,2007,6900
A,EUR_HAB,PL52,2008,8300
A,EUR_HAB,PL52,2009,6800
A,EUR_HAB,PL52,2010,8000
A,EUR_HAB,PL52,2011,8400
A,EUR_HAB,PL52,2012,8500
A,EUR_HAB,PL52,2013,8500
A,EUR_HAB,PL52,2014,9000
A,EUR_HAB,PL52,2015,9500
A,EUR_HAB,PL52,2016,9300
A,EUR_HAB,PL52,2017,10100
A,EUR_HAB,PL52,2018,10800
A,EUR_HAB,PL52,2019,11500
A,EUR_HAB,PL52,2020,11600
A,EUR_HAB,PL52,2021,13200
A,EUR_HAB,PL52,2022,14200
A,EUR_HAB,PL52,2023,16100
A,EUR_HAB,PL52,2024,18200
A,EUR_HAB,PL6,2000,4400
A,EUR_HAB,PL6,2001,5000
A,EUR_HAB,PL6,2002,5000
A,EUR_HAB,PL6,2003,4500
A,EUR_HAB,PL6,2004,4800
A,EUR_HAB,PL6,2005,5700
A,EUR_HAB,PL6,2006,6300
A,EUR_HAB,PL6,2007,7200
A,EUR_HAB,PL6,2008,8300
A,EUR_HAB,PL6,2009,7200
A,EUR_HAB,PL6,2010,8100
A,EUR_HAB,PL6,2011,8500
A,EUR_HAB,PL6,2012,8700
A,EUR_HAB,PL6,2013,8700
A,EUR_HAB,PL6,2014,9100
A,EUR_HAB,PL6,2015,9600
A,EUR_HAB,PL6,2016,9600
A,EUR_HAB,PL6,2017,10400
A,EUR_HAB,PL6,2018,11200
A,EUR_HAB,PL6,2019,11900
A,EUR_HAB,PL6,2020,12100
A,EUR_HAB,PL6,2021,13500
A,EUR_HAB,PL6,2022,15200
A,EUR_HAB,PL6,2023,16900
A,EUR_HAB,PL6,2024,19100
A,EUR_HAB,PL61,2000,4400
A,EUR_HAB,PL61,2001,5000
A,EUR_HAB,PL61,2002,4900
A,EUR_HAB,PL61,2003,4500
A,EUR_HAB,PL61,2004,4800
A,EUR_HAB,PL61,2005,5600
A,EUR_HAB,PL61,2006,6200
A,EUR_HAB,PL61,2007,7100
A,EUR_HAB,PL61,2008,8200
A,EUR_HAB,PL61,2009,7000
A,EUR_HAB,PL61,2010,7900
A,EUR_HAB,PL61,2011,8100
A,EUR_HAB,PL61,2012,8300
A,EUR_HAB,PL61,2013,8400
A,EUR_HAB,PL61,2014,8800
A,EUR_HAB,PL61,2015,9300
A,EUR_HAB,PL61,2016,9200
A,EUR_HAB,PL61,2017,10000
A,EUR_HAB,PL61,2018,10800
A,EUR_HAB,PL61,2019,11300
A,EUR_HAB,PL61,2020,11800
A,EUR_HAB,PL61,2021,13000
A,EUR_HAB,PL61,2022,14500
A,EUR_HAB,PL61,2023,16000
A,EUR_HAB,PL61,2024,18200
A,EUR_HAB,PL62,2000,3800
A,EUR_HAB,PL62,2001,4200
A,EUR_HAB,PL62,2002,4200
A,EUR_HAB,PL62,2003,3900
A,EUR_HAB,PL62,2004,4100
A,EUR_HAB,PL62,2005,4800
A,EUR_HAB,PL62,2006,5400
A,EUR_HAB,PL62,2007,6100
A,EUR_HAB,PL62,2008,7100
A,EUR_HAB,PL62,2009,6100
A,EUR_HAB,PL62,2010,7000
A,EUR_HAB,PL62,2011,7200
A,EUR_HAB,PL62,2012,7300
A,EUR_HAB,PL62,2013,7400
A,EUR_HAB,PL62,2014,7800
A,EUR_HAB,PL62,2015,8200
A,EUR_HAB,PL62,2016,8100
A,EUR_HAB,PL62,2017,8800
A,EUR_HAB,PL62,2018,9200
A,EUR_HAB,PL62,2019,9800
A,EUR_HAB,PL62,2020,10400
A,EUR_HAB,PL62,2021,11400
A,EUR_HAB,PL62,2022,12500
A,EUR_HAB,PL62,2023,14100
A,EUR_HAB,PL62,2024,16100
A,EUR_HAB,PL63,2000,4800
A,EUR_HAB,PL63,2001,5500
A,EUR_HAB,PL63,2002,5500
A,EUR_HAB,PL63,2003,5000
A,EUR_HAB,PL63,2004,5300
A,EUR_HAB,PL63,2005,6300
A,EUR_HAB,PL63,2006,7100
A,EUR_HAB,PL63,2007,8100
A,EUR_HAB,PL63,2008,9200
A,EUR_HAB,PL63,2009,8200
A,EUR_HAB,PL63,2010,9100
A,EUR_HAB,PL63,2011,9500
A,EUR_HAB,PL63,2012,9900
A,EUR_HAB,PL63,2013,9800
A,EUR_HAB,PL63,2014,10200
A,EUR_HAB,PL63,2015,10900
A,EUR_HAB,PL63,2016,10900
A,EUR_HAB,PL63,2017,11900
A,EUR_HAB,PL63,2018,12900
A,EUR_HAB,PL63,2019,13700
A,EUR_HAB,PL63,2020,13400
A,EUR_HAB,PL63,2021,15100
A,EUR_HAB,PL63,2022,17300
A,EUR_HAB,PL63,2023,19100
A,EUR_HAB,PL63,2024,21600
A,EUR_HAB,PL7,2000,4200
A,EUR_HAB,PL7,2001,4900
A,EUR_HAB,PL7,2002,4900
A,EUR_HAB,PL7,2003,4500
A,EUR_HAB,PL7,2004,4800
A,EUR_HAB,PL7,2005,5700
A,EUR_HAB,PL7,2006,6400
A,EUR_HAB,PL7,2007,7400
A,EUR_HAB,PL7,2008,8700
A,EUR_HAB,PL7,2009,7400
A,EUR_HAB,PL7,2010,8400
A,EUR_HAB,PL7,2011,8800
A,EUR_HAB,PL7,2012,9000
A,EUR_HAB,PL7,2013,9000
A,EUR_HAB,PL7,2014,9400
A,EUR_HAB,PL7,2015,9900
A,EUR_HAB,PL7,2016,9800
A,EUR_HAB,PL7,2017,10700
A,EUR_HAB,PL7,2018,11500
A,EUR_HAB,PL7,2019,12300
A,EUR_HAB,PL7,2020,12800
A,EUR_HAB,PL7,2021,14000
A,EUR_HAB,PL7,2022,15300
A,EUR_HAB,PL7,2023,17700
A,EUR_HAB,PL7,2024,20100
A,EUR_HAB,PL71,2000,4400
A,EUR_HAB,PL71,2001,5100
A,EUR_HAB,PL71,2002,5100
A,EUR_HAB,PL71,2003,4700
A,EUR_HAB,PL71,2004,5000
A,EUR_HAB,PL71,2005,6000
A,EUR_HAB,PL71,2006,6700
A,EUR_HAB,PL71,2007,7700
A,EUR_HAB,PL71,2008,9000
A,EUR_HAB,PL71,2009,7700
A,EUR_HAB,PL71,2010,8900
A,EUR_HAB,PL71,2011,9300
A,EUR_HAB,PL71,2012,9600
A,EUR_HAB,PL71,2013,9600
A,EUR_HAB,PL71,2014,10100
A,EUR_HAB,PL71,2015,10700
A,EUR_HAB,PL71,2016,10600
A,EUR_HAB,PL71,2017,11500
A,EUR_HAB,PL71,2018,12400
A,EUR_HAB,PL71,2019,13400
A,EUR_HAB,PL71,2020,13800
A,EUR_HAB,PL71,2021,15000
A,EUR_HAB,PL71,2022,16500
A,EUR_HAB,PL71,2023,19000
A,EUR_HAB,PL71,2024,21400
A,EUR_HAB,PL72,2000,3900
A,EUR_HAB,PL72,2001,4400
A,EUR_HAB,PL72,2002,4500
A,EUR_HAB,PL72,2003,4100
A,EUR_HAB,PL72,2004,4400
A,EUR_HAB,PL72,2005,5100
A,EUR_HAB,PL72,2006,5800
A,EUR_HAB,PL72,2007,6700
A,EUR_HAB,PL72,2008,8000
A,EUR_HAB,PL72,2009,6700
A,EUR_HAB,PL72,2010,7400
A,EUR_HAB,PL72,2011,7700
A,EUR_HAB,PL72,2012,7800
A,EUR_HAB,PL72,2013,7600
A,EUR_HAB,PL72,2014,8000
A,EUR_HAB,PL72,2015,8400
A,EUR_HAB,PL72,2016,8200
A,EUR_HAB,PL72,2017,9000
A,EUR_HAB,PL72,2018,9800
A,EUR_HAB,PL72,2019,10300
A,EUR_HAB,PL72,2020,10800
A,EUR_HAB,PL72,2021,11800
A,EUR_HAB,PL72,2022,12800
A,EUR_HAB,PL72,2023,14900
A,EUR_HAB,PL72,2024,17300
A,EUR_HAB,PL8,2000,3600
A,EUR_HAB,PL8,2001,4200
A,EUR_HAB,PL8,2002,4100
A,EUR_HAB,PL8,2003,3800
A,EUR_HAB,PL8,2004,3900
A,EUR_HAB,PL8,2005,4700
A,EUR_HAB,PL8,2006,5100
A,EUR_HAB,PL8,2007,5900
A,EUR_HAB,PL8,2008,6900
A,EUR_HAB,PL8,2009,5900
A,EUR_HAB,PL8,2010,6800
A,EUR_HAB,PL8,2011,7200
A,EUR_HAB,PL8,2012,7300
A,EUR_HAB,PL8,2013,7500
A,EUR_HAB,PL8,2014,7800
A,EUR_HAB,PL8,2015,8100
A,EUR_HAB,PL8,2016,8000
A,EUR_HAB,PL8,2017,8800
A,EUR_HAB,PL8,2018,9400
A,EUR_HAB,PL8,2019,10100
A,EUR_HAB,PL8,2020,10400
A,EUR_HAB,PL8,2021,11400
A,EUR_HAB,PL8,2022,12600
A,EUR_HAB,PL8,2023,14300
A,EUR_HAB,PL8,2024,16500
A,EUR_HAB,PL81,2000,3600
A,EUR_HAB,PL81,2001,4100
A,EUR_HAB,PL81,2002,4000
A,EUR_HAB,PL81,2003,3700
A,EUR_HAB,PL81,2004,3900
A,EUR_HAB,PL81,2005,4600
A,EUR_HAB,PL81,2006,5000
A,EUR_HAB,PL81,2007,5800
A,EUR_HAB,PL81,2008,6900
A,EUR_HAB,PL81,2009,5800
A,EUR_HAB,PL81,2010,6600
A,EUR_HAB,PL81,2011,7000
A,EUR_HAB,PL81,2012,7200
A,EUR_HAB,PL81,2013,7400
A,EUR_HAB,PL81,2014,7600
A,EUR_HAB,PL81,2015,7900
A,EUR_HAB,PL81,2016,7900
A,EUR_HAB,PL81,2017,8700
A,EUR_HAB,PL81,2018,9100
A,EUR_HAB,PL81,2019,9800
A,EUR_HAB,PL81,2020,10100
A,EUR_HAB,PL81,2021,11100
A,EUR_HAB,PL81,2022,12300
A,EUR_HAB,PL81,2023,13800
A,EUR_HAB,PL81,2024,16000
A,EUR_HAB,PL82,2000,3500
A,EUR_HAB,PL82,2001,4100
A,EUR_HAB,PL82,2002,4100
A,EUR_HAB,PL82,2003,3700
A,EUR_HAB,PL82,2004,3900
A,EUR_HAB,PL82,2005,4600
A,EUR_HAB,PL82,2006,5100
A,EUR_HAB,PL82,2007,5800
A,EUR_HAB,PL82,2008,6800
A,EUR_HAB,PL82,2009,5900
A,EUR_HAB,PL82,2010,6700
A,EUR_HAB,PL82,2011,7100
A,EUR_HAB,PL82,2012,7200
A,EUR_HAB,PL82,2013,7400
A,EUR_HAB,PL82,2014,7700
A,EUR_HAB,PL82,2015,8100
A,EUR_HAB,PL82,2016,8000
A,EUR_HAB,PL82,2017,8700
A,EUR_HAB,PL82,2018,9400
A,EUR_HAB,PL82,2019,10100
A,EUR_HAB,PL82,2020,10200
A,EUR_HAB,PL82,2021,11400
A,EUR_HAB,PL82,2022,12400
A,EUR_HAB,PL82,2023,14300
A,EUR_HAB,PL82,2024,16500
A,EUR_HAB,PL84,2000,3700
A,EUR_HAB,PL84,2001,4400
A,EUR_HAB,PL84,2002,4300
A,EUR_HAB,PL84,2003,3900
A,EUR_HAB,PL84,2004,4100
A,EUR_HAB,PL84,2005,4900
A,EUR_HAB,PL84,2006,5300
A,EUR_HAB,PL84,2007,6200
A,EUR_HAB,PL84,2008,7100
A,EUR_HAB,PL84,2009,6200
A,EUR_HAB,PL84,2010,7200
A,EUR_HAB,PL84,2011,7600
A,EUR_HAB,PL84,2012,7600
A,EUR_HAB,PL84,2013,7800
A,EUR_HAB,PL84,2014,8100
A,EUR_HAB,PL84,2015,8400
A,EUR_HAB,PL84,2016,8300
A,EUR_HAB,PL84,2017,9200
A,EUR_HAB,PL84,2018,9800
A,EUR_HAB,PL84,2019,10600
A,EUR_HAB,PL84,2020,11100
A,EUR_HAB,PL84,2021,12000
A,EUR_HAB,PL84,2022,13600
A,EUR_HAB,PL84,2023,15400
A,EUR_HAB,PL84,2024,17600
A,EUR_HAB,PL9,2000,7500
A,EUR_HAB,PL9,2001,8600
A,EUR_HAB,PL9,2002,8400
A,EUR_HAB,PL9,2003,7700
A,EUR_HAB,PL9,2004,8200
A,EUR_HAB,PL9,2005,10000
A,EUR_HAB,PL9,2006,11200
A,EUR_HAB,PL9,2007,12800
A,EUR_HAB,PL9,2008,14900
A,EUR_HAB,PL9,2009,12900
A,EUR_HAB,PL9,2010,14800
A,EUR_HAB,PL9,2011,15600
A,EUR_HAB,PL9,2012,16100
A,EUR_HAB,PL9,2013,16300
A,EUR_HAB,PL9,2014,16900
A,EUR_HAB,PL9,2015,17900
A,EUR_HAB,PL9,2016,17700
A,EUR_HAB,PL9,2017,19500
A,EUR_HAB,PL9,2018,21100
A,EUR_HAB,PL9,2019,22800
A,EUR_HAB,PL9,2020,22200
A,EUR_HAB,PL9,2021,24000
A,EUR_HAB,PL9,2022,27000
A,EUR_HAB,PL9,2023,31400
A,EUR_HAB,PL9,2024,35600
A,EUR_HAB,PL91,2000,10600
A,EUR_HAB,PL91,2001,12200
A,EUR_HAB,PL91,2002,11800
A,EUR_HAB,PL91,2003,10700
A,EUR_HAB,PL91,2004,11400
A,EUR_HAB,PL91,2005,13900
A,EUR_HAB,PL91,2006,15600
A,EUR_HAB,PL91,2007,17800
A,EUR_HAB,PL91,2008,20600
A,EUR_HAB,PL91,2009,17800
A,EUR_HAB,PL91,2010,20500
A,EUR_HAB,PL91,2011,21300
A,EUR_HAB,PL91,2012,21900
A,EUR_HAB,PL91,2013,22300
A,EUR_HAB,PL91,2014,23000
A,EUR_HAB,PL91,2015,24200
A,EUR_HAB,PL91,2016,23800
A,EUR_HAB,PL91,2017,26300
A,EUR_HAB,PL91,2018,28500
A,EUR_HAB,PL91,2019,30600
A,EUR_HAB,PL91,2020,28900
A,EUR_HAB,PL91,2021,30900
A,EUR_HAB,PL91,2022,33900
A,EUR_HAB,PL91,2023,40200
A,EUR_HAB,PL91,2024,45300
A,EUR_HAB,PL92,2000,4000
A,EUR_HAB,PL92,2001,4600
A,EUR_HAB,PL92,2002,4400
A,EUR_HAB,PL92,2003,4200
A,EUR_HAB,PL92,2004,4600
A,EUR_HAB,PL92,2005,5400
A,EUR_HAB,PL92,2006,6000
A,EUR_HAB,PL92,2007,6800
A,EUR_HAB,PL92,2008,8000
A,EUR_HAB,PL92,2009,7000
A,EUR_HAB,PL92,2010,8100
A,EUR_HAB,PL92,2011,8700
A,EUR_HAB,PL92,2012,8900
A,EUR_HAB,PL92,2013,8800
A,EUR_HAB,PL92,2014,9300
A,EUR_HAB,PL92,2015,10000
A,EUR_HAB,PL92,2016,9900
A,EUR_HAB,PL92,2017,10800
A,EUR_HAB,PL92,2018,11500
A,EUR_HAB,PL92,2019,12500
A,EUR_HAB,PL92,2020,12600
A,EUR_HAB,PL92,2021,14000
A,EUR_HAB,PL92,2022,16500
A,EUR_HAB,PL92,2023,18100
A,EUR_HAB,PL92,2024,20600
A,EUR_HAB,PT,2000,12500
A,EUR_HAB,PT,2001,13100
A,EUR_HAB,PT,2002,13700
A,EUR_HAB,PT,2003,14000
A,EUR_HAB,PT,2004,14500
A,EUR_HAB,PT,2005,15100
A,EUR_HAB,PT,2006,15800
A,EUR_HAB,PT,2007,16600
A,EUR_HAB,PT,2008,17000
A,EUR_HAB,PT,2009,16600
A,EUR_HAB,PT,2010,17000
A,EUR_HAB,PT,2011,16700
A,EUR_HAB,PT,2012,16000
A,EUR_HAB,PT,2013,16300
A,EUR_HAB,PT,2014,16600
A,EUR_HAB,PT,2015,17300
A,EUR_HAB,PT,2016,18000
A,EUR_HAB,PT,2017,18900
A,EUR_HAB,PT,2018,19800
A,EUR_HAB,PT,2019,20700
A,EUR_HAB,PT,2020,19400
A,EUR_HAB,PT,2021,20800
A,EUR_HAB,PT,2022,23300
A,EUR_HAB,PT,2023,25600
A,EUR_HAB,PT,2024,27100
A,EUR_HAB,PT1,2000,12500
A,EUR_HAB,PT1,2001,13200
A,EUR_HAB,PT1,2002,13700
A,EUR_HAB,PT1,2003,14000
A,EUR_HAB,PT1,2004,14600
A,EUR_HAB,PT1,2005,15100
A,EUR_HAB,PT1,2006,15800
A,EUR_HAB,PT1,2007,16700
A,EUR_HAB,PT1,2008,17000
A,EUR_HAB,PT1,2009,16600
A,EUR_HAB,PT1,2010,17000
A,EUR_HAB,PT1,2011,16700
A,EUR_HAB,PT1,2012,16100
A,EUR_HAB,PT1,2013,16300
A,EUR_HAB,PT1,2014,16700
A,EUR_HAB,PT1,2015,17300
A,EUR_HAB,PT1,2016,18000
A,EUR_HAB,PT1,2017,18900
A,EUR_HAB,PT1,2018,19900
A,EUR_HAB,PT1,2019,20800
A,EUR_HAB,PT1,2020,19400
A,EUR_HAB,PT1,2021,20900
A,EUR_HAB,PT1,2022,23300
A,EUR_HAB,PT1,2023,25600
A,EUR_HAB,PT1,2024,27100
A,EUR_HAB,PT11,2000,10000
A,EUR_HAB,PT11,2001,10600
A,EUR_HAB,PT11,2002,11000
A,EUR_HAB,PT11,2003,11000
A,EUR_HAB,PT11,2004,11400
A,EUR_HAB,PT11,2005,11900
A,EUR_HAB,PT11,2006,12400
A,EUR_HAB,PT11,2007,13200
A,EUR_HAB,PT11,2008,13600
A,EUR_HAB,PT11,2009,13300
A,EUR_HAB,PT11,2010,13700
A,EUR_HAB,PT11,2011,13500
A,EUR_HAB,PT11,2012,13200
A,EUR_HAB,PT11,2013,13600
A,EUR_HAB,PT11,2014,14000
A,EUR_HAB,PT11,2015,14600
A,EUR_HAB,PT11,2016,15300
A,EUR_HAB,PT11,2017,16100
A,EUR_HAB,PT11,2018,17000
A,EUR_HAB,PT11,2019,17700
A,EUR_HAB,PT11,2020,16900
A,EUR_HAB,PT11,2021,18200
A,EUR_HAB,PT11,2022,20000
A,EUR_HAB,PT11,2023,21900
A,EUR_HAB,PT11,2024,23300
A,EUR_HAB,PT15,2000,12900
A,EUR_HAB,PT15,2001,13800
A,EUR_HAB,PT15,2002,14500
A,EUR_HAB,PT15,2003,15000
A,EUR_HAB,PT15,2004,15400
A,EUR_HAB,PT15,2005,16200
A,EUR_HAB,PT15,2006,17000
A,EUR_HAB,PT15,2007,17900
A,EUR_HAB,PT15,2008,18100
A,EUR_HAB,PT15,2009,16900
A,EUR_HAB,PT15,2010,16900
A,EUR_HAB,PT15,2011,16300
A,EUR_HAB,PT15,2012,15900
A,EUR_HAB,PT15,2013,16100
A,EUR_HAB,PT15,2014,16600
A,EUR_HAB,PT15,2015,17400
A,EUR_HAB,PT15,2016,18700
A,EUR_HAB,PT15,2017,20100
A,EUR_HAB,PT15,2018,21100
A,EUR_HAB,PT15,2019,21900
A,EUR_HAB,PT15,2020,18000
A,EUR_HAB,PT15,2021,20000
A,EUR_HAB,PT15,2022,25300
A,EUR_HAB,PT15,2023,27500
A,EUR_HAB,PT15,2024,29300
A,EUR_HAB,PT19,2000,10500
A,EUR_HAB,PT19,2001,11000
A,EUR_HAB,PT19,2002,11500
A,EUR_HAB,PT19,2003,11800
A,EUR_HAB,PT19,2004,12300
A,EUR_HAB,PT19,2005,12800
A,EUR_HAB,PT19,2006,13400
A,EUR_HAB,PT19,2007,14100
A,EUR_HAB,PT19,2008,14200
A,EUR_HAB,PT19,2009,14100
A,EUR_HAB,PT19,2010,14400
A,EUR_HAB,PT19,2011,14200
A,EUR_HAB,PT19,2012,13800
A,EUR_HAB,PT19,2013,14100
A,EUR_HAB,PT19,2014,14400
A,EUR_HAB,PT19,2015,15200
A,EUR_HAB,PT19,2016,15800
A,EUR_HAB,PT19,2017,16600
A,EUR_HAB,PT19,2018,17500
A,EUR_HAB,PT19,2019,18200
A,EUR_HAB,PT19,2020,17600
A,EUR_HAB,PT19,2021,18800
A,EUR_HAB,PT19,2022,20400
A,EUR_HAB,PT19,2023,22100
A,EUR_HAB,PT19,2024,23200
A,EUR_HAB,PT1A,2000,20900
A,EUR_HAB,PT1A,2001,21900
A,EUR_HAB,PT1A,2002,23000
A,EUR_HAB,PT1A,2003,23600
A,EUR_HAB,PT1A,2004,24800
A,EUR_HAB,PT1A,2005,25700
A,EUR_HAB,PT1A,2006,26600
A,EUR_HAB,PT1A,2007,27900
A,EUR_HAB,PT1A,2008,28500
A,EUR_HAB,PT1A,2009,27900
A,EUR_HAB,PT1A,2010,28500
A,EUR_HAB,PT1A,2011,28000
A,EUR_HAB,PT1A,2012,26400
A,EUR_HAB,PT1A,2013,26600
A,EUR_HAB,PT1A,2014,26700
A,EUR_HAB,PT1A,2015,27200
A,EUR_HAB,PT1A,2016,28000
A,EUR_HAB,PT1A,2017,29200
A,EUR_HAB,PT1A,2018,30500
A,EUR_HAB,PT1A,2019,32000
A,EUR_HAB,PT1A,2020,29600
A,EUR_HAB,PT1A,2021,31600
A,EUR_HAB,PT1A,2022,36300
A,EUR_HAB,PT1A,2023,40100
A,EUR_HAB,PT1A,2024,42300
A,EUR_HAB,PT1B,2000,10100
A,EUR_HAB,PT1B,2001,10400
A,EUR_HAB,PT1B,2002,10700
A,EUR_HAB,PT1B,2003,10600
A,EUR_HAB,PT1B,2004,10900
A,EUR_HAB,PT1B,2005,11200
A,EUR_HAB,PT1B,2006,12200
A,EUR_HAB,PT1B,2007,12700
A,EUR_HAB,PT1B,2008,13000
A,EUR_HAB,PT1B,2009,12600
A,EUR_HAB,PT1B,2010,12900
A,EUR_HAB,PT1B,2011,12300
A,EUR_HAB,PT1B,2012,11400
A,EUR_HAB,PT1B,2013,11500
A,EUR_HAB,PT1B,2014,11600
A,EUR_HAB,PT1B,2015,12000
A,EUR_HAB,PT1B,2016,12400
A,EUR_HAB,PT1B,2017,13100
A,EUR_HAB,PT1B,2018,13900
A,EUR_HAB,PT1B,2019,14500
A,EUR_HAB,PT1B,2020,13700
A,EUR_HAB,PT1B,2021,14700
A,EUR_HAB,PT1B,2022,16100
A,EUR_HAB,PT1B,2023,17100
A,EUR_HAB,PT1B,2024,18200
A,EUR_HAB,PT1C,2000,11400
A,EUR_HAB,PT1C,2001,11900
A,EUR_HAB,PT1C,2002,12100
A,EUR_HAB,PT1C,2003,12600
A,EUR_HAB,PT1C,2004,13100
A,EUR_HAB,PT1C,2005,13900
A,EUR_HAB,PT1C,2006,14900
A,EUR_HAB,PT1C,2007,15500
A,EUR_HAB,PT1C,2008,15500
A,EUR_HAB,PT1C,2009,14900
A,EUR_HAB,PT1C,2010,15800
A,EUR_HAB,PT1C,2011,15600
A,EUR_HAB,PT1C,2012,15000
A,EUR_HAB,PT1C,2013,15000
A,EUR_HAB,PT1C,2014,15400
A,EUR_HAB,PT1C,2015,16900
A,EUR_HAB,PT1C,2016,17100
A,EUR_HAB,PT1C,2017,18600
A,EUR_HAB,PT1C,2018,18900
A,EUR_HAB,PT1C,2019,19100
A,EUR_HAB,PT1C,2020,17300
A,EUR_HAB,PT1C,2021,19700
A,EUR_HAB,PT1C,2022,22200
A,EUR_HAB,PT1C,2023,24300
A,EUR_HAB,PT1C,2024,25300
A,EUR_HAB,PT1D,2000,11200
A,EUR_HAB,PT1D,2001,11600
A,EUR_HAB,PT1D,2002,12100
A,EUR_HAB,PT1D,2003,12500
A,EUR_HAB,PT1D,2004,13100
A,EUR_HAB,PT1D,2005,13100
A,EUR_HAB,PT1D,2006,13700
A,EUR_HAB,PT1D,2007,14400
A,EUR_HAB,PT1D,2008,14300
A,EUR_HAB,PT1D,2009,14100
A,EUR_HAB,PT1D,2010,14200
A,EUR_HAB,PT1D,2011,13700
A,EUR_HAB,PT1D,2012,13200
A,EUR_HAB,PT1D,2013,13500
A,EUR_HAB,PT1D,2014,13800
A,EUR_HAB,PT1D,2015,14300
A,EUR_HAB,PT1D,2016,15000
A,EUR_HAB,PT1D,2017,15700
A,EUR_HAB,PT1D,2018,16300
A,EUR_HAB,PT1D,2019,17000
A,EUR_HAB,PT1D,2020,16300
A,EUR_HAB,PT1D,2021,16900
A,EUR_HAB,PT1D,2022,17900
A,EUR_HAB,PT1D,2023,20200
A,EUR_HAB,PT1D,2024,21200
A,EUR_HAB,PT2,2000,10000
A,EUR_HAB,PT2,2001,10900
A,EUR_HAB,PT2,2002,11700
A,EUR_HAB,PT2,2003,12100
A,EUR_HAB,PT2,2004,12600
A,EUR_HAB,PT2,2005,13200
A,EUR_HAB,PT2,2006,13900
A,EUR_HAB,PT2,2007,14500
A,EUR_HAB,PT2,2008,15200
A,EUR_HAB,PT2,2009,15000
A,EUR_HAB,PT2,2010,15300
A,EUR_HAB,PT2,2011,15000
A,EUR_HAB,PT2,2012,14400
A,EUR_HAB,PT2,2013,14700
A,EUR_HAB,PT2,2014,14900
A,EUR_HAB,PT2,2015,15500
A,EUR_HAB,PT2,2016,16300
A,EUR_HAB,PT2,2017,16800
A,EUR_HAB,PT2,2018,17500
A,EUR_HAB,PT2,2019,18300
A,EUR_HAB,PT2,2020,16800
A,EUR_HAB,PT2,2021,18400
A,EUR_HAB,PT2,2022,20300
A,EUR_HAB,PT2,2023,22300
A,EUR_HAB,PT2,2024,23800
A,EUR_HAB,PT20,2000,10000
A,EUR_HAB,PT20,2001,10900
A,EUR_HAB,PT20,2002,11700
A,EUR_HAB,PT20,2003,12100
A,EUR_HAB,PT20,2004,12600
A,EUR_HAB,PT20,2005,13200
A,EUR_HAB,PT20,2006,13900
A,EUR_HAB,PT20,2007,14500
A,EUR_HAB,PT20,2008,15200
A,EUR_HAB,PT20,2009,15000
A,EUR_HAB,PT20,2010,15300
A,EUR_HAB,PT20,2011,15000
A,EUR_HAB,PT20,2012,14400
A,EUR_HAB,PT20,2013,14700
A,EUR_HAB,PT20,2014,14900
A,EUR_HAB,PT20,2015,15500
A,EUR_HAB,PT20,2016,16300
A,EUR_HAB,PT20,2017,16800
A,EUR_HAB,PT20,2018,17500
A,EUR_HAB,PT20,2019,18300
A,EUR_HAB,PT20,2020,16800
A,EUR_HAB,PT20,2021,18400
A,EUR_HAB,PT20,2022,20300
A,EUR_HAB,PT20,2023,22300
A,EUR_HAB,PT20,2024,23800
A,EUR_HAB,PT3,2000,11200
A,EUR_HAB,PT3,2001,11500
A,EUR_HAB,PT3,2002,12900
A,EUR_HAB,PT3,2003,13400
A,EUR_HAB,PT3,2004,14400
A,EUR_HAB,PT3,2005,15100
A,EUR_HAB,PT3,2006,15800
A,EUR_HAB,PT3,2007,16400
A,EUR_HAB,PT3,2008,16900
A,EUR_HAB,PT3,2009,16400
A,EUR_HAB,PT3,2010,16600
A,EUR_HAB,PT3,2011,16500
A,EUR_HAB,PT3,2012,15200
A,EUR_HAB,PT3,2013,15700
A,EUR_HAB,PT3,2014,16100
A,EUR_HAB,PT3,2015,16700
A,EUR_HAB,PT3,2016,17600
A,EUR_HAB,PT3,2017,18900
A,EUR_HAB,PT3,2018,19600
A,EUR_HAB,PT3,2019,20400
A,EUR_HAB,PT3,2020,17600
A,EUR_HAB,PT3,2021,20100
A,EUR_HAB,PT3,2022,24700
A,EUR_HAB,PT3,2023,27300
A,EUR_HAB,PT3,2024,29000
A,EUR_HAB,PT30,2000,11200
A,EUR_HAB,PT30,2001,11500
A,EUR_HAB,PT30,2002,12900
A,EUR_HAB,PT30,2003,13400
A,EUR_HAB,PT30,2004,14400
A,EUR_HAB,PT30,2005,15100
A,EUR_HAB,PT30,2006,15800
A,EUR_HAB,PT30,2007,16400
A,EUR_HAB,PT30,2008,16900
A,EUR_HAB,PT30,2009,16400
A,EUR_HAB,PT30,2010,16600
A,EUR_HAB,PT30,2011,16500
A,EUR_HAB,PT30,2012,15200
A,EUR_HAB,PT30,2013,15700
A,EUR_HAB,PT30,2014,16100
A,EUR_HAB,PT30,2015,16700
A,EUR_HAB,PT30,2016,17600
A,EUR_HAB,PT30,2017,18900
A,EUR_HAB,PT30,2018,19600
A,EUR_HAB,PT30,2019,20400
A,EUR_HAB,PT30,2020,17600
A,EUR_HAB,PT30,2021,20100
A,EUR_HAB,PT30,2022,24700
A,EUR_HAB,PT30,2023,27300
A,EUR_HAB,PT30,2024,29000
A,EUR_HAB,RO,2000,1800
A,EUR_HAB,RO,2001,2000
A,EUR_HAB,RO,2002,2200
A,EUR_HAB,RO,2003,2400
A,EUR_HAB,RO,2004,2800
A,EUR_HAB,RO,2005,3700
A,EUR_HAB,RO,2006,4600
A,EUR_HAB,RO,2007,6100
A,EUR_HAB,RO,2008,7100
A,EUR_HAB,RO,2009,6100
A,EUR_HAB,RO,2010,6300
A,EUR_HAB,RO,2011,6900
A,EUR_HAB,RO,2012,6900
A,EUR_HAB,RO,2013,7200
A,EUR_HAB,RO,2014,7600
A,EUR_HAB,RO,2015,8100
A,EUR_HAB,RO,2016,8500
A,EUR_HAB,RO,2017,9500
A,EUR_HAB,RO,2018,10500
A,EUR_HAB,RO,2019,11500
A,EUR_HAB,RO,2020,11400
A,EUR_HAB,RO,2021,12600
A,EUR_HAB,RO,2022,14700
A,EUR_HAB,RO,2023,16900
A,EUR_HAB,RO,2024,18600
A,EUR_HAB,RO1,2000,1700
A,EUR_HAB,RO1,2001,1900
A,EUR_HAB,RO1,2012,6400
A,EUR_HAB,RO1,2013,6400
A,EUR_HAB,RO1,2014,6900
A,EUR_HAB,RO1,2015,7300
A,EUR_HAB,RO1,2016,7900
A,EUR_HAB,RO1,2017,9000
A,EUR_HAB,RO1,2018,9800
A,EUR_HAB,RO1,2019,10800
A,EUR_HAB,RO1,2020,10700
A,EUR_HAB,RO1,2021,11800
A,EUR_HAB,RO1,2022,13400
A,EUR_HAB,RO1,2023,15700
A,EUR_HAB,RO1,2024,17100
A,EUR_HAB,RO11,2000,1600
A,EUR_HAB,RO11,2001,1800
A,EUR_HAB,RO11,2012,6000
A,EUR_HAB,RO11,2013,6200
A,EUR_HAB,RO11,2014,6700
A,EUR_HAB,RO11,2015,7100
A,EUR_HAB,RO11,2016,7600
A,EUR_HAB,RO11,2017,8900
A,EUR_HAB,RO11,2018,9600
A,EUR_HAB,RO11,2019,10700
A,EUR_HAB,RO11,2020,10700
A,EUR_HAB,RO11,2021,11700
A,EUR_HAB,RO11,2022,13500
A,EUR_HAB,RO11,2023,15600
A,EUR_HAB,RO11,2024,17100
A,EUR_HAB,RO12,2000,1900
A,EUR_HAB,RO12,2001,2100
A,EUR_HAB,RO12,2012,6700
A,EUR_HAB,RO12,2013,6700
A,EUR_HAB,RO12,2014,7100
A,EUR_HAB,RO12,2015,7600
A,EUR_HAB,RO12,2016,8100
A,EUR_HAB,RO12,2017,9000
A,EUR_HAB,RO12,2018,10100
A,EUR_HAB,RO12,2019,10800
A,EUR_HAB,RO12,2020,10800
A,EUR_HAB,RO12,2021,11800
A,EUR_HAB,RO12,2022,13300
A,EUR_HAB,RO12,2023,15700
A,EUR_HAB,RO12,2024,17100
A,EUR_HAB,RO2,2000,1400
A,EUR_HAB,RO2,2001,1600
A,EUR_HAB,RO2,2012,5000
A,EUR_HAB,RO2,2013,5300
A,EUR_HAB,RO2,2014,5600
A,EUR_HAB,RO2,2015,5800
A,EUR_HAB,RO2,2016,6000
A,EUR_HAB,RO2,2017,6800
A,EUR_HAB,RO2,2018,7500
A,EUR_HAB,RO2,2019,8200
A,EUR_HAB,RO2,2020,8100
A,EUR_HAB,RO2,2021,8900
A,EUR_HAB,RO2,2022,9900
A,EUR_HAB,RO2,2023,11600
A,EUR_HAB,RO2,2024,12700
A,EUR_HAB,RO21,2000,1300
A,EUR_HAB,RO21,2001,1400
A,EUR_HAB,RO21,2012,4300
A,EUR_HAB,RO21,2013,4500
A,EUR_HAB,RO21,2014,4700
A,EUR_HAB,RO21,2015,4900
A,EUR_HAB,RO21,2016,5200
A,EUR_HAB,RO21,2017,6000
A,EUR_HAB,RO21,2018,6600
A,EUR_HAB,RO21,2019,7300
A,EUR_HAB,RO21,2020,7400
A,EUR_HAB,RO21,2021,7900
A,EUR_HAB,RO21,2022,8800
A,EUR_HAB,RO21,2023,10500
A,EUR_HAB,RO21,2024,11600
A,EUR_HAB,RO22,2000,1600
A,EUR_HAB,RO22,2001,1800
A,EUR_HAB,RO22,2012,6000
A,EUR_HAB,RO22,2013,6400
A,EUR_HAB,RO22,2014,6800
A,EUR_HAB,RO22,2015,6900
A,EUR_HAB,RO22,2016,7100
A,EUR_HAB,RO22,2017,7800
A,EUR_HAB,RO22,2018,8700
A,EUR_HAB,RO22,2019,9200
A,EUR_HAB,RO22,2020,8900
A,EUR_HAB,RO22,2021,10200
A,EUR_HAB,RO22,2022,11600
A,EUR_HAB,RO22,2023,13000
A,EUR_HAB,RO22,2024,14200
A,EUR_HAB,RO3,2000,2500
A,EUR_HAB,RO3,2001,2700
A,EUR_HAB,RO3,2012,10000
A,EUR_HAB,RO3,2013,10400
A,EUR_HAB,RO3,2014,11100
A,EUR_HAB,RO3,2015,11900
A,EUR_HAB,RO3,2016,12400
A,EUR_HAB,RO3,2017,13700
A,EUR_HAB,RO3,2018,15100
A,EUR_HAB,RO3,2019,16600
A,EUR_HAB,RO3,2020,16400
A,EUR_HAB,RO3,2021,18400
A,EUR_HAB,RO3,2022,22200
A,EUR_HAB,RO3,2023,24900
A,EUR_HAB,RO3,2024,27600
A,EUR_HAB,RO31,2000,1500
A,EUR_HAB,RO31,2001,1700
A,EUR_HAB,RO31,2012,5400
A,EUR_HAB,RO31,2013,5700
A,EUR_HAB,RO31,2014,6400
A,EUR_HAB,RO31,2015,6400
A,EUR_HAB,RO31,2016,6800
A,EUR_HAB,RO31,2017,7300
A,EUR_HAB,RO31,2018,8200
A,EUR_HAB,RO31,2019,8700
A,EUR_HAB,RO31,2020,8600
A,EUR_HAB,RO31,2021,9500
A,EUR_HAB,RO31,2022,11400
A,EUR_HAB,RO31,2023,12100
A,EUR_HAB,RO31,2024,13200
A,EUR_HAB,RO32,2000,4000
A,EUR_HAB,RO32,2001,4200
A,EUR_HAB,RO32,2012,16200
A,EUR_HAB,RO32,2013,16800
A,EUR_HAB,RO32,2014,17300
A,EUR_HAB,RO32,2015,19300
A,EUR_HAB,RO32,2016,19900
A,EUR_HAB,RO32,2017,22000
A,EUR_HAB,RO32,2018,23800
A,EUR_HAB,RO32,2019,26500
A,EUR_HAB,RO32,2020,26200
A,EUR_HAB,RO32,2021,29500
A,EUR_HAB,RO32,2022,35900
A,EUR_HAB,RO32,2023,40800
A,EUR_HAB,RO32,2024,45200
A,EUR_HAB,RO4,2000,1700
A,EUR_HAB,RO4,2001,1900
A,EUR_HAB,RO4,2012,6300
A,EUR_HAB,RO4,2013,6300
A,EUR_HAB,RO4,2014,6500
A,EUR_HAB,RO4,2015,7100
A,EUR_HAB,RO4,2016,7500
A,EUR_HAB,RO4,2017,8400
A,EUR_HAB,RO4,2018,9400
A,EUR_HAB,RO4,2019,10300
A,EUR_HAB,RO4,2020,10000
A,EUR_HAB,RO4,2021,11100
A,EUR_HAB,RO4,2022,13200
A,EUR_HAB,RO4,2023,15200
A,EUR_HAB,RO4,2024,16600
A,EUR_HAB,RO41,2000,1500
A,EUR_HAB,RO41,2001,1700
A,EUR_HAB,RO41,2012,5200
A,EUR_HAB,RO41,2013,5300
A,EUR_HAB,RO41,2014,5400
A,EUR_HAB,RO41,2015,5900
A,EUR_HAB,RO41,2016,6100
A,EUR_HAB,RO41,2017,7100
A,EUR_HAB,RO41,2018,8200
A,EUR_HAB,RO41,2019,9000
A,EUR_HAB,RO41,2020,8800
A,EUR_HAB,RO41,2021,9600
A,EUR_HAB,RO41,2022,11700
A,EUR_HAB,RO41,2023,13300
A,EUR_HAB,RO41,2024,14500
A,EUR_HAB,RO42,2000,1900
A,EUR_HAB,RO42,2001,2100
A,EUR_HAB,RO42,2012,7500
A,EUR_HAB,RO42,2013,7400
A,EUR_HAB,RO42,2014,7700
A,EUR_HAB,RO42,2015,8500
A,EUR_HAB,RO42,2016,9100
A,EUR_HAB,RO42,2017,9900
A,EUR_HAB,RO42,2018,10800
A,EUR_HAB,RO42,2019,11800
A,EUR_HAB,RO42,2020,11400
A,EUR_HAB,RO42,2021,12700
A,EUR_HAB,RO42,2022,14800
A,EUR_HAB,RO42,2023,17300
A,EUR_HAB,RO42,2024,18900
A,EUR_HAB,RS,2000,4000
A,EUR_HAB,RS,2001,2000
A,EUR_HAB,RS,2002,2500
A,EUR_HAB,RS,2003,2800
A,EUR_HAB,RS,2004,2900
A,EUR_HAB,RS,2005,3100
A,EUR_HAB,RS,2006,3600
A,EUR_HAB,RS,2007,4400
A,EUR_HAB,RS,2008,5000
A,EUR_HAB,RS,2009,4600
A,EUR_HAB,RS,2010,4500
A,EUR_HAB,RS,2011,5100
A,EUR_HAB,RS,2012,4900
A,EUR_HAB,RS,2013,5300
A,EUR_HAB,RS,2014,5200
A,EUR_HAB,RS,2015,5200
A,EUR_HAB,RS,2016,5400
A,EUR_HAB,RS,2017,5800
A,EUR_HAB,RS,2018,6400
A,EUR_HAB,RS,2019,6900
A,EUR_HAB,RS,2020,7100
A,EUR_HAB,RS,2021,8200
A,EUR_HAB,RS,2022,9500
A,EUR_HAB,RS,2023,11400
A,EUR_HAB,RS,2024,12600
A,EUR_HAB,RS1,2000,5000
A,EUR_HAB,RS1,2001,2600
A,EUR_HAB,RS1,2002,3300
A,EUR_HAB,RS1,2003,3600
A,EUR_HAB,RS1,2004,3900
A,EUR_HAB,RS1,2005,4100
A,EUR_HAB,RS1,2006,4900
A,EUR_HAB,RS1,2007,6200
A,EUR_HAB,RS1,2008,7000
A,EUR_HAB,RS1,2009,6300
A,EUR_HAB,RS1,2010,6100
A,EUR_HAB,RS1,2011,6900
A,EUR_HAB,RS1,2012,6600
A,EUR_HAB,RS1,2013,7200
A,EUR_HAB,RS1,2014,6900
A,EUR_HAB,RS1,2015,7000
A,EUR_HAB,RS1,2016,7300
A,EUR_HAB,RS1,2017,7800
A,EUR_HAB,RS1,2018,8600
A,EUR_HAB,RS1,2019,9300
A,EUR_HAB,RS1,2020,9500
A,EUR_HAB,RS1,2021,10600
A,EUR_HAB,RS1,2022,12300
A,EUR_HAB,RS1,2023,14900
A,EUR_HAB,RS1,2024,16400
A,EUR_HAB,RS11,2000,5100
A,EUR_HAB,RS11,2001,2800
A,EUR_HAB,RS11,2002,4000
A,EUR_HAB,RS11,2003,4700
A,EUR_HAB,RS11,2004,5200
A,EUR_HAB,RS11,2005,5500
A,EUR_HAB,RS11,2006,6600
A,EUR_HAB,RS11,2007,8500
A,EUR_HAB,RS11,2008,9700
A,EUR_HAB,RS11,2009,8800
A,EUR_HAB,RS11,2010,8500
A,EUR_HAB,RS11,2011,9100
A,EUR_HAB,RS11,2012,8700
A,EUR_HAB,RS11,2013,9500
A,EUR_HAB,RS11,2014,8900
A,EUR_HAB,RS11,2015,9200
A,EUR_HAB,RS11,2016,9500
A,EUR_HAB,RS11,2017,10200
A,EUR_HAB,RS11,2018,11400
A,EUR_HAB,RS11,2019,12400
A,EUR_HAB,RS11,2020,12700
A,EUR_HAB,RS11,2021,13800
A,EUR_HAB,RS11,2022,15200
A,EUR_HAB,RS11,2023,19300
A,EUR_HAB,RS11,2024,21400
A,EUR_HAB,RS12,2000,4900
A,EUR_HAB,RS12,2001,2400
A,EUR_HAB,RS12,2002,2800
A,EUR_HAB,RS12,2003,2800
A,EUR_HAB,RS12,2004,2900
A,EUR_HAB,RS12,2005,3000
A,EUR_HAB,RS12,2006,3500
A,EUR_HAB,RS12,2007,4300
A,EUR_HAB,RS12,2008,4800
A,EUR_HAB,RS12,2009,4200
A,EUR_HAB,RS12,2010,4200
A,EUR_HAB,RS12,2011,4900
A,EUR_HAB,RS12,2012,4800
A,EUR_HAB,RS12,2013,5300
A,EUR_HAB,RS12,2014,5200
A,EUR_HAB,RS12,2015,5100
A,EUR_HAB,RS12,2016,5300
A,EUR_HAB,RS12,2017,5600
A,EUR_HAB,RS12,2018,6000
A,EUR_HAB,RS12,2019,6400
A,EUR_HAB,RS12,2020,6600
A,EUR_HAB,RS12,2021,7600
A,EUR_HAB,RS12,2022,9500
A,EUR_HAB,RS12,2023,10800
A,EUR_HAB,RS12,2024,11600
A,EUR_HAB,RS2,2000,3200
A,EUR_HAB,RS2,2001,1500
A,EUR_HAB,RS2,2002,1800
A,EUR_HAB,RS2,2003,2000
A,EUR_HAB,RS2,2004,1900
A,EUR_HAB,RS2,2005,2000
A,EUR_HAB,RS2,2006,2400
A,EUR_HAB,RS2,2007,2800
A,EUR_HAB,RS2,2008,3200
A,EUR_HAB,RS2,2009,3000
A,EUR_HAB,RS2,2010,2900
A,EUR_HAB,RS2,2011,3300
A,EUR_HAB,RS2,2012,3100
A,EUR_HAB,RS2,2013,3400
A,EUR_HAB,RS2,2014,3400
A,EUR_HAB,RS2,2015,3400
A,EUR_HAB,RS2,2016,3500
A,EUR_HAB,RS2,2017,3800
A,EUR_HAB,RS2,2018,4100
A,EUR_HAB,RS2,2019,4400
A,EUR_HAB,RS2,2020,4600
A,EUR_HAB,RS2,2021,5600
A,EUR_HAB,RS2,2022,6600
A,EUR_HAB,RS2,2023,7500
A,EUR_HAB,RS2,2024,8600
A,EUR_HAB,RS21,2000,3100
A,EUR_HAB,RS21,2001,1500
A,EUR_HAB,RS21,2002,1800
A,EUR_HAB,RS21,2003,2000
A,EUR_HAB,RS21,2004,1900
A,EUR_HAB,RS21,2005,2000
A,EUR_HAB,RS21,2006,2300
A,EUR_HAB,RS21,2007,2900
A,EUR_HAB,RS21,2008,3200
A,EUR_HAB,RS21,2009,3100
A,EUR_HAB,RS21,2010,3000
A,EUR_HAB,RS21,2011,3400
A,EUR_HAB,RS21,2012,3200
A,EUR_HAB,RS21,2013,3400
A,EUR_HAB,RS21,2014,3500
A,EUR_HAB,RS21,2015,3600
A,EUR_HAB,RS21,2016,3600
A,EUR_HAB,RS21,2017,3900
A,EUR_HAB,RS21,2018,4100
A,EUR_HAB,RS21,2019,4400
A,EUR_HAB,RS21,2020,4500
A,EUR_HAB,RS21,2021,5300
A,EUR_HAB,RS21,2022,6300
A,EUR_HAB,RS21,2023,7100
A,EUR_HAB,RS21,2024,8100
A,EUR_HAB,RS22,2000,3300
A,EUR_HAB,RS22,2001,1600
A,EUR_HAB,RS22,2002,1900
A,EUR_HAB,RS22,2003,2100
A,EUR_HAB,RS22,2004,2000
A,EUR_HAB,RS22,2005,2000
A,EUR_HAB,RS22,2006,2400
A,EUR_HAB,RS22,2007,2700
A,EUR_HAB,RS22,2008,3000
A,EUR_HAB,RS22,2009,2900
A,EUR_HAB,RS22,2010,2800
A,EUR_HAB,RS22,2011,3300
A,EUR_HAB,RS22,2012,3100
A,EUR_HAB,RS22,2013,3300
A,EUR_HAB,RS22,2014,3300
A,EUR_HAB,RS22,2015,3300
A,EUR_HAB,RS22,2016,3400
A,EUR_HAB,RS22,2017,3700
A,EUR_HAB,RS22,2018,4200
A,EUR_HAB,RS22,2019,4500
A,EUR_HAB,RS22,2020,4600
A,EUR_HAB,RS22,2021,5900
A,EUR_HAB,RS22,2022,7000
A,EUR_HAB,RS22,2023,8100
A,EUR_HAB,RS22,2024,9200
A,EUR_HAB,SE,2000,32200
A,EUR_HAB,SE,2001,30400
A,EUR_HAB,SE,2002,31800
A,EUR_HAB,SE,2003,33100
A,EUR_HAB,SE,2004,34400
A,EUR_HAB,SE,2005,34900
A,EUR_HAB,SE,2006,37100
A,EUR_HAB,SE,2007,39100
A,EUR_HAB,SE,2008,38300
A,EUR_HAB,SE,2009,33700
A,EUR_HAB,SE,2010,39700
A,EUR_HAB,SE,2011,43400
A,EUR_HAB,SE,2012,45000
A,EUR_HAB,SE,2013,45800
A,EUR_HAB,SE,2014,44900
A,EUR_HAB,SE,2015,46200
A,EUR_HAB,SE,2016,46800
A,EUR_HAB,SE,2017,47200
A,EUR_HAB,SE,2018,45800
A,EUR_HAB,SE,2019,46100
A,EUR_HAB,SE,2020,46200
A,EUR_HAB,SE,2021,51300
A,EUR_HAB,SE,2022,52000
A,EUR_HAB,SE,2023,50500
A,EUR_HAB,SE,2024,52600
A,EUR_HAB,SE1,2000,37400
A,EUR_HAB,SE1,2001,35100
A,EUR_HAB,SE1,2002,36800
A,EUR_HAB,SE1,2003,37900
A,EUR_HAB,SE1,2004,39900
A,EUR_HAB,SE1,2005,40600
A,EUR_HAB,SE1,2006,42600
A,EUR_HAB,SE1,2007,45300
A,EUR_HAB,SE1,2008,44100
A,EUR_HAB,SE1,2009,39900
A,EUR_HAB,SE1,2010,46000
A,EUR_HAB,SE1,2011,50500
A,EUR_HAB,SE1,2012,52400
A,EUR_HAB,SE1,2013,53400
A,EUR_HAB,SE1,2014,52500
A,EUR_HAB,SE1,2015,54000
A,EUR_HAB,SE1,2016,54600
A,EUR_HAB,SE1,2017,54400
A,EUR_HAB,SE1,2018,53000
A,EUR_HAB,SE1,2019,53400
A,EUR_HAB,SE1,2020,53800
A,EUR_HAB,SE1,2021,59100
A,EUR_HAB,SE1,2022,59700
A,EUR_HAB,SE1,2023,58200
A,EUR_HAB,SE1,2024,61200
A,EUR_HAB,SE11,2000,45500
A,EUR_HAB,SE11,2001,42400
A,EUR_HAB,SE11,2002,44300
A,EUR_HAB,SE11,2003,45500
A,EUR_HAB,SE11,2004,48200
A,EUR_HAB,SE11,2005,49200
A,EUR_HAB,SE11,2006,51200
A,EUR_HAB,SE11,2007,54400
A,EUR_HAB,SE11,2008,52900
A,EUR_HAB,SE11,2009,48700
A,EUR_HAB,SE11,2010,55100
A,EUR_HAB,SE11,2011,60400
A,EUR_HAB,SE11,2012,62400
A,EUR_HAB,SE11,2013,63500
A,EUR_HAB,SE11,2014,62800
A,EUR_HAB,SE11,2015,64800
A,EUR_HAB,SE11,2016,65000
A,EUR_HAB,SE11,2017,64100
A,EUR_HAB,SE11,2018,62600
A,EUR_HAB,SE11,2019,63600
A,EUR_HAB,SE11,2020,64100
A,EUR_HAB,SE11,2021,70300
A,EUR_HAB,SE11,2022,70600
A,EUR_HAB,SE11,2023,68700
A,EUR_HAB,SE11,2024,72300
A,EUR_HAB,SE12,2000,27500
A,EUR_HAB,SE12,2001,26200
A,EUR_HAB,SE12,2002,27700
A,EUR_HAB,SE12,2003,28600
A,EUR_HAB,SE12,2004,29600
A,EUR_HAB,SE12,2005,29900
A,EUR_HAB,SE12,2006,31900
A,EUR_HAB,SE12,2007,33700
A,EUR_HAB,SE12,2008,32800
A,EUR_HAB,SE12,2009,28600
A,EUR_HAB,SE12,2010,34200
A,EUR_HAB,SE12,2011,37400
A,EUR_HAB,SE12,2012,39200
A,EUR_HAB,SE12,2013,39800
A,EUR_HAB,SE12,2014,38500
A,EUR_HAB,SE12,2015,39300
A,EUR_HAB,SE12,2016,40400
A,EUR_HAB,SE12,2017,41200
A,EUR_HAB,SE12,2018,39700
A,EUR_HAB,SE12,2019,39300
A,EUR_HAB,SE12,2020,39600
A,EUR_HAB,SE12,2021,43700
A,EUR_HAB,SE12,2022,44700
A,EUR_HAB,SE12,2023,43600
A,EUR_HAB,SE12,2024,45700
A,EUR_HAB,SE2,2000,29800
A,EUR_HAB,SE2,2001,28200
A,EUR_HAB,SE2,2002,29500
A,EUR_HAB,SE2,2003,30800
A,EUR_HAB,SE2,2004,31700
A,EUR_HAB,SE2,2005,32000
A,EUR_HAB,SE2,2006,34200
A,EUR_HAB,SE2,2007,36400
A,EUR_HAB,SE2,2008,35300
A,EUR_HAB,SE2,2009,30400
A,EUR_HAB,SE2,2010,35900
A,EUR_HAB,SE2,2011,39200
A,EUR_HAB,SE2,2012,40500
A,EUR_HAB,SE2,2013,41500
A,EUR_HAB,SE2,2014,40700
A,EUR_HAB,SE2,2015,42100
A,EUR_HAB,SE2,2016,42700
A,EUR_HAB,SE2,2017,43300
A,EUR_HAB,SE2,2018,41700
A,EUR_HAB,SE2,2019,41800
A,EUR_HAB,SE2,2020,41700
A,EUR_HAB,SE2,2021,46200
A,EUR_HAB,SE2,2022,47100
A,EUR_HAB,SE2,2023,46300
A,EUR_HAB,SE2,2024,47500
A,EUR_HAB,SE21,2000,28300
A,EUR_HAB,SE21,2001,26700
A,EUR_HAB,SE21,2002,28100
A,EUR_HAB,SE21,2003,29300
A,EUR_HAB,SE21,2004,30500
A,EUR_HAB,SE21,2005,30000
A,EUR_HAB,SE21,2006,32500
A,EUR_HAB,SE21,2007,34300
A,EUR_HAB,SE21,2008,33900
A,EUR_HAB,SE21,2009,28100
A,EUR_HAB,SE21,2010,33700
A,EUR_HAB,SE21,2011,37300
A,EUR_HAB,SE21,2012,38300
A,EUR_HAB,SE21,2013,39200
A,EUR_HAB,SE21,2014,38300
A,EUR_HAB,SE21,2015,39100
A,EUR_HAB,SE21,2016,40400
A,EUR_HAB,SE21,2017,41400
A,EUR_HAB,SE21,2018,39400
A,EUR_HAB,SE21,2019,38900
A,EUR_HAB,SE21,2020,39100
A,EUR_HAB,SE21,2021,44200
A,EUR_HAB,SE21,2022,44500
A,EUR_HAB,SE21,2023,43100
A,EUR_HAB,SE21,2024,44100
A,EUR_HAB,SE22,2000,29500
A,EUR_HAB,SE22,2001,27600
A,EUR_HAB,SE22,2002,29100
A,EUR_HAB,SE22,2003,29900
A,EUR_HAB,SE22,2004,30900
A,EUR_HAB,SE22,2005,31300
A,EUR_HAB,SE22,2006,33100
A,EUR_HAB,SE22,2007,36200
A,EUR_HAB,SE22,2008,33600
A,EUR_HAB,SE22,2009,29400
A,EUR_HAB,SE22,2010,34500
A,EUR_HAB,SE22,2011,37100
A,EUR_HAB,SE22,2012,38500
A,EUR_HAB,SE22,2013,39400
A,EUR_HAB,SE22,2014,38900
A,EUR_HAB,SE22,2015,39600
A,EUR_HAB,SE22,2016,39400
A,EUR_HAB,SE22,2017,40200
A,EUR_HAB,SE22,2018,39000
A,EUR_HAB,SE22,2019,39500
A,EUR_HAB,SE22,2020,40200
A,EUR_HAB,SE22,2021,43900
A,EUR_HAB,SE22,2022,43900
A,EUR_HAB,SE22,2023,42700
A,EUR_HAB,SE22,2024,45300
A,EUR_HAB,SE23,2000,30700
A,EUR_HAB,SE23,2001,29400
A,EUR_HAB,SE23,2002,30400
A,EUR_HAB,SE23,2003,32200
A,EUR_HAB,SE23,2004,32800
A,EUR_HAB,SE23,2005,33300
A,EUR_HAB,SE23,2006,35800
A,EUR_HAB,SE23,2007,37400
A,EUR_HAB,SE23,2008,37200
A,EUR_HAB,SE23,2009,32200
A,EUR_HAB,SE23,2010,37800
A,EUR_HAB,SE23,2011,41700
A,EUR_HAB,SE23,2012,42900
A,EUR_HAB,SE23,2013,44000
A,EUR_HAB,SE23,2014,43100
A,EUR_HAB,SE23,2015,45300
A,EUR_HAB,SE23,2016,46200
A,EUR_HAB,SE23,2017,46500
A,EUR_HAB,SE23,2018,44600
A,EUR_HAB,SE23,2019,44800
A,EUR_HAB,SE23,2020,43900
A,EUR_HAB,SE23,2021,48800
A,EUR_HAB,SE23,2022,50500
A,EUR_HAB,SE23,2023,50300
A,EUR_HAB,SE23,2024,50600
A,EUR_HAB,SE3,2000,27300
A,EUR_HAB,SE3,2001,26200
A,EUR_HAB,SE3,2002,27400
A,EUR_HAB,SE3,2003,28500
A,EUR_HAB,SE3,2004,30000
A,EUR_HAB,SE3,2005,30500
A,EUR_HAB,SE3,2006,32500
A,EUR_HAB,SE3,2007,33100
A,EUR_HAB,SE3,2008,33200
A,EUR_HAB,SE3,2009,28400
A,EUR_HAB,SE3,2010,35500
A,EUR_HAB,SE3,2011,38300
A,EUR_HAB,SE3,2012,39500
A,EUR_HAB,SE3,2013,39800
A,EUR_HAB,SE3,2014,38500
A,EUR_HAB,SE3,2015,38500
A,EUR_HAB,SE3,2016,39200
A,EUR_HAB,SE3,2017,40400
A,EUR_HAB,SE3,2018,39500
A,EUR_HAB,SE3,2019,40100
A,EUR_HAB,SE3,2020,39700
A,EUR_HAB,SE3,2021,45500
A,EUR_HAB,SE3,2022,46300
A,EUR_HAB,SE3,2023,43000
A,EUR_HAB,SE3,2024,44900
A,EUR_HAB,SE31,2000,26600
A,EUR_HAB,SE31,2001,24800
A,EUR_HAB,SE31,2002,26300
A,EUR_HAB,SE31,2003,27500
A,EUR_HAB,SE31,2004,28600
A,EUR_HAB,SE31,2005,29000
A,EUR_HAB,SE31,2006,30700
A,EUR_HAB,SE31,2007,31700
A,EUR_HAB,SE31,2008,30900
A,EUR_HAB,SE31,2009,26600
A,EUR_HAB,SE31,2010,32300
A,EUR_HAB,SE31,2011,35000
A,EUR_HAB,SE31,2012,36600
A,EUR_HAB,SE31,2013,37100
A,EUR_HAB,SE31,2014,36100
A,EUR_HAB,SE31,2015,36300
A,EUR_HAB,SE31,2016,37200
A,EUR_HAB,SE31,2017,37700
A,EUR_HAB,SE31,2018,37000
A,EUR_HAB,SE31,2019,37200
A,EUR_HAB,SE31,2020,37100
A,EUR_HAB,SE31,2021,40600
A,EUR_HAB,SE31,2022,41500
A,EUR_HAB,SE31,2023,38700
A,EUR_HAB,SE31,2024,40100
A,EUR_HAB,SE32,2000,28300
A,EUR_HAB,SE32,2001,28600
A,EUR_HAB,SE32,2002,28900
A,EUR_HAB,SE32,2003,29400
A,EUR_HAB,SE32,2004,30900
A,EUR_HAB,SE32,2005,31600
A,EUR_HAB,SE32,2006,32900
A,EUR_HAB,SE32,2007,33200
A,EUR_HAB,SE32,2008,33700
A,EUR_HAB,SE32,2009,30200
A,EUR_HAB,SE32,2010,37100
A,EUR_HAB,SE32,2011,38800
A,EUR_HAB,SE32,2012,39800
A,EUR_HAB,SE32,2013,40200
A,EUR_HAB,SE32,2014,39100
A,EUR_HAB,SE32,2015,39100
A,EUR_HAB,SE32,2016,39300
A,EUR_HAB,SE32,2017,40100
A,EUR_HAB,SE32,2018,39000
A,EUR_HAB,SE32,2019,39200
A,EUR_HAB,SE32,2020,38700
A,EUR_HAB,SE32,2021,44200
A,EUR_HAB,SE32,2022,46100
A,EUR_HAB,SE32,2023,43300
A,EUR_HAB,SE32,2024,47000
A,EUR_HAB,SE33,2000,27600
A,EUR_HAB,SE33,2001,26800
A,EUR_HAB,SE33,2002,28000
A,EUR_HAB,SE33,2003,29400
A,EUR_HAB,SE33,2004,31400
A,EUR_HAB,SE33,2005,32200
A,EUR_HAB,SE33,2006,35200
A,EUR_HAB,SE33,2007,35400
A,EUR_HAB,SE33,2008,36400
A,EUR_HAB,SE33,2009,30000
A,EUR_HAB,SE33,2010,39800
A,EUR_HAB,SE33,2011,43400
A,EUR_HAB,SE33,2012,43900
A,EUR_HAB,SE33,2013,43800
A,EUR_HAB,SE33,2014,41800
A,EUR_HAB,SE33,2015,41700
A,EUR_HAB,SE33,2016,42500
A,EUR_HAB,SE33,2017,45000
A,EUR_HAB,SE33,2018,43900
A,EUR_HAB,SE33,2019,45300
A,EUR_HAB,SE33,2020,44700
A,EUR_HAB,SE33,2021,54300
A,EUR_HAB,SE33,2022,54200
A,EUR_HAB,SE33,2023,49800
A,EUR_HAB,SE33,2024,51000
A,EUR_HAB,SI,2000,10900
A,EUR_HAB,SI,2001,11600
A,EUR_HAB,SI,2002,12400
A,EUR_HAB,SI,2003,13000
A,EUR_HAB,SI,2004,13800
A,EUR_HAB,SI,2005,14500
A,EUR_HAB,SI,2006,15600
A,EUR_HAB,SI,2007,17300
A,EUR_HAB,SI,2008,18700
A,EUR_HAB,SI,2009,17500
A,EUR_HAB,SI,2010,17600
A,EUR_HAB,SI,2011,17900
A,EUR_HAB,SI,2012,17500
A,EUR_HAB,SI,2013,17500
A,EUR_HAB,SI,2014,18100
A,EUR_HAB,SI,2015,18700
A,EUR_HAB,SI,2016,19400
A,EUR_HAB,SI,2017,20600
A,EUR_HAB,SI,2018,21900
A,EUR_HAB,SI,2019,23100
A,EUR_HAB,SI,2020,22200
A,EUR_HAB,SI,2021,24700
A,EUR_HAB,SI,2022,27000
A,EUR_HAB,SI,2023,30200
A,EUR_HAB,SI,2024,31700
A,EUR_HAB,SI0,2000,10900
A,EUR_HAB,SI0,2001,11600
A,EUR_HAB,SI0,2002,12400
A,EUR_HAB,SI0,2003,13000
A,EUR_HAB,SI0,2004,13800
A,EUR_HAB,SI0,2005,14500
A,EUR_HAB,SI0,2006,15600
A,EUR_HAB,SI0,2007,17300
A,EUR_HAB,SI0,2008,18700
A,EUR_HAB,SI0,2009,17500
A,EUR_HAB,SI0,2010,17600
A,EUR_HAB,SI0,2011,17900
A,EUR_HAB,SI0,2012,17500
A,EUR_HAB,SI0,2013,17500
A,EUR_HAB,SI0,2014,18100
A,EUR_HAB,SI0,2015,18700
A,EUR_HAB,SI0,2016,19400
A,EUR_HAB,SI0,2017,20600
A,EUR_HAB,SI0,2018,21900
A,EUR_HAB,SI0,2019,23100
A,EUR_HAB,SI0,2020,22200
A,EUR_HAB,SI0,2021,24700
A,EUR_HAB,SI0,2022,27000
A,EUR_HAB,SI0,2023,30200
A,EUR_HAB,SI0,2024,31700
A,EUR_HAB,SI03,2000,9200
A,EUR_HAB,SI03,2001,9700
A,EUR_HAB,SI03,2002,10400
A,EUR_HAB,SI03,2003,10600
A,EUR_HAB,SI03,2004,11300
A,EUR_HAB,SI03,2005,11800
A,EUR_HAB,SI03,2006,12700
A,EUR_HAB,SI03,2007,14100
A,EUR_HAB,SI03,2008,15200
A,EUR_HAB,SI03,2009,14200
A,EUR_HAB,SI03,2010,14200
A,EUR_HAB,SI03,2011,14600
A,EUR_HAB,SI03,2012,14300
A,EUR_HAB,SI03,2013,14300
A,EUR_HAB,SI03,2014,14800
A,EUR_HAB,SI03,2015,15300
A,EUR_HAB,SI03,2016,15900
A,EUR_HAB,SI03,2017,16900
A,EUR_HAB,SI03,2018,17900
A,EUR_HAB,SI03,2019,18900
A,EUR_HAB,SI03,2020,18200
A,EUR_HAB,SI03,2021,20000
A,EUR_HAB,SI03,2022,21900
A,EUR_HAB,SI03,2023,24100
A,EUR_HAB,SI03,2024,25300
A,EUR_HAB,SI04,2000,13000
A,EUR_HAB,SI04,2001,13900
A,EUR_HAB,SI04,2002,14800
A,EUR_HAB,SI04,2003,15900
A,EUR_HAB,SI04,2004,16800
A,EUR_HAB,SI04,2005,17600
A,EUR_HAB,SI04,2006,19100
A,EUR_HAB,SI04,2007,21200
A,EUR_HAB,SI04,2008,22700
A,EUR_HAB,SI04,2009,21500
A,EUR_HAB,SI04,2010,21500
A,EUR_HAB,SI04,2011,21700
A,EUR_HAB,SI04,2012,21100
A,EUR_HAB,SI04,2013,21100
A,EUR_HAB,SI04,2014,21800
A,EUR_HAB,SI04,2015,22400
A,EUR_HAB,SI04,2016,23300
A,EUR_HAB,SI04,2017,24900
A,EUR_HAB,SI04,2018,26500
A,EUR_HAB,SI04,2019,27700
A,EUR_HAB,SI04,2020,26700
A,EUR_HAB,SI04,2021,29800
A,EUR_HAB,SI04,2022,32600
A,EUR_HAB,SI04,2023,36900
A,EUR_HAB,SI04,2024,38700
A,EUR_HAB,SK,2000,4100
A,EUR_HAB,SK,2001,4400
A,EUR_HAB,SK,2002,4900
A,EUR_HAB,SK,2003,5600
A,EUR_HAB,SK,2004,6400
A,EUR_HAB,SK,2005,7300
A,EUR_HAB,SK,2006,8500
A,EUR_HAB,SK,2007,10400
A,EUR_HAB,SK,2008,12200
A,EUR_HAB,SK,2009,11800
A,EUR_HAB,SK,2010,12700
A,EUR_HAB,SK,2011,13300
A,EUR_HAB,SK,2012,13600
A,EUR_HAB,SK,2013,13800
A,EUR_HAB,SK,2014,14100
A,EUR_HAB,SK,2015,14800
A,EUR_HAB,SK,2016,15000
A,EUR_HAB,SK,2017,15600
A,EUR_HAB,SK,2018,16600
A,EUR_HAB,SK,2019,17300
A,EUR_HAB,SK,2020,17300
A,EUR_HAB,SK,2021,18700
A,EUR_HAB,SK,2022,20100
A,EUR_HAB,SK,2023,22600
A,EUR_HAB,SK,2024,23900
A,EUR_HAB,SK0,2000,4100
A,EUR_HAB,SK0,2001,4400
A,EUR_HAB,SK0,2002,4900
A,EUR_HAB,SK0,2003,5600
A,EUR_HAB,SK0,2004,6400
A,EUR_HAB,SK0,2005,7300
A,EUR_HAB,SK0,2006,8500
A,EUR_HAB,SK0,2007,10400
A,EUR_HAB,SK0,2008,12200
A,EUR_HAB,SK0,2009,11800
A,EUR_HAB,SK0,2010,12700
A,EUR_HAB,SK0,2011,13300
A,EUR_HAB,SK0,2012,13600
A,EUR_HAB,SK0,2013,13800
A,EUR_HAB,SK0,2014,14100
A,EUR_HAB,SK0,2015,14800
A,EUR_HAB,SK0,2016,15000
A,EUR_HAB,SK0,2017,15600
A,EUR_HAB,SK0,2018,16600
A,EUR_HAB,SK0,2019,17300
A,EUR_HAB,SK0,2020,17300
A,EUR_HAB,SK0,2021,18700
A,EUR_HAB,SK0,2022,20100
A,EUR_HAB,SK0,2023,22600
A,EUR_HAB,SK0,2024,23900
A,EUR_HAB,SK01,2000,9400
A,EUR_HAB,SK01,2001,10100
A,EUR_HAB,SK01,2002,11500
A,EUR_HAB,SK01,2003,12900
A,EUR_HAB,SK01,2004,14900
A,EUR_HAB,SK01,2005,18000
A,EUR_HAB,SK01,2006,20100
A,EUR_HAB,SK01,2007,25300
A,EUR_HAB,SK01,2008,29100
A,EUR_HAB,SK01,2009,29900
A,EUR_HAB,SK01,2010,31600
A,EUR_HAB,SK01,2011,33900
A,EUR_HAB,SK01,2012,33900
A,EUR_HAB,SK01,2013,35100
A,EUR_HAB,SK01,2014,35000
A,EUR_HAB,SK01,2015,36900
A,EUR_HAB,SK01,2016,37400
A,EUR_HAB,SK01,2017,38200
A,EUR_HAB,SK01,2018,39800
A,EUR_HAB,SK01,2019,40300
A,EUR_HAB,SK01,2020,39600
A,EUR_HAB,SK01,2021,40300
A,EUR_HAB,SK01,2022,42400
A,EUR_HAB,SK01,2023,46100
A,EUR_HAB,SK01,2024,48800
A,EUR_HAB,SK02,2000,3800
A,EUR_HAB,SK02,2001,4100
A,EUR_HAB,SK02,2002,4400
A,EUR_HAB,SK02,2003,5200
A,EUR_HAB,SK02,2004,6100
A,EUR_HAB,SK02,2005,6800
A,EUR_HAB,SK02,2006,8300
A,EUR_HAB,SK02,2007,10100
A,EUR_HAB,SK02,2008,11500
A,EUR_HAB,SK02,2009,10800
A,EUR_HAB,SK02,2010,11500
A,EUR_HAB,SK02,2011,12400
A,EUR_HAB,SK02,2012,12800
A,EUR_HAB,SK02,2013,12700
A,EUR_HAB,SK02,2014,13100
A,EUR_HAB,SK02,2015,13300
A,EUR_HAB,SK02,2016,13600
A,EUR_HAB,SK02,2017,14000
A,EUR_HAB,SK02,2018,14800
A,EUR_HAB,SK02,2019,16000
A,EUR_HAB,SK02,2020,16000
A,EUR_HAB,SK02,2021,16800
A,EUR_HAB,SK02,2022,18000
A,EUR_HAB,SK02,2023,21100
A,EUR_HAB,SK02,2024,22400
A,EUR_HAB,SK03,2000,3400
A,EUR_HAB,SK03,2001,3600
A,EUR_HAB,SK03,2002,4000
A,EUR_HAB,SK03,2003,4500
A,EUR_HAB,SK03,2004,5200
A,EUR_HAB,SK03,2005,5600
A,EUR_HAB,SK03,2006,6500
A,EUR_HAB,SK03,2007,8200
A,EUR_HAB,SK03,2008,9800
A,EUR_HAB,SK03,2009,9400
A,EUR_HAB,SK03,2010,10300
A,EUR_HAB,SK03,2011,10300
A,EUR_HAB,SK03,2012,10700
A,EUR_HAB,SK03,2013,10800
A,EUR_HAB,SK03,2014,11200
A,EUR_HAB,SK03,2015,11900
A,EUR_HAB,SK03,2016,11900
A,EUR_HAB,SK03,2017,12400
A,EUR_HAB,SK03,2018,13300
A,EUR_HAB,SK03,2019,14100
A,EUR_HAB,SK03,2020,13800
A,EUR_HAB,SK03,2021,15700
A,EUR_HAB,SK03,2022,17100
A,EUR_HAB,SK03,2023,18700
A,EUR_HAB,SK03,2024,19800
A,EUR_HAB,SK04,2000,3100
A,EUR_HAB,SK04,2001,3400
A,EUR_HAB,SK04,2002,3700
A,EUR_HAB,SK04,2003,4100
A,EUR_HAB,SK04,2004,4700
A,EUR_HAB,SK04,2005,5200
A,EUR_HAB,SK04,2006,5800
A,EUR_HAB,SK04,2007,7100
A,EUR_HAB,SK04,2008,8500
A,EUR_HAB,SK04,2009,8000
A,EUR_HAB,SK04,2010,8600
A,EUR_HAB,SK04,2011,8900
A,EUR_HAB,SK04,2012,9300
A,EUR_HAB,SK04,2013,9400
A,EUR_HAB,SK04,2014,9700
A,EUR_HAB,SK04,2015,10400
A,EUR_HAB,SK04,2016,10400
A,EUR_HAB,SK04,2017,11100
A,EUR_HAB,SK04,2018,11900
A,EUR_HAB,SK04,2019,12200
A,EUR_HAB,SK04,2020,12300
A,EUR_HAB,SK04,2021,13700
A,EUR_HAB,SK04,2022,14800
A,EUR_HAB,SK04,2023,16600
A,EUR_HAB,SK04,2024,17100
A,EUR_HAB,TR,2000,4600
A,EUR_HAB,TR,2001,3400
A,EUR_HAB,TR,2002,3800
A,EUR_HAB,TR,2003,4200
A,EUR_HAB,TR,2004,4900
A,EUR_HAB,TR,2005,6000
A,EUR_HAB,TR,2006,6400
A,EUR_HAB,TR,2007,7100
A,EUR_HAB,TR,2008,7500
A,EUR_HAB,TR,2009,6500
A,EUR_HAB,TR,2010,8100
A,EUR_HAB,TR,2011,8100
A,EUR_HAB,TR,2012,9100
A,EUR_HAB,TR,2013,9500
A,EUR_HAB,TR,2014,9100
A,EUR_HAB,TR,2015,9700
A,EUR_HAB,TR,2016,9600
A,EUR_HAB,TR,2017,9200
A,EUR_HAB,TR,2018,7800
A,EUR_HAB,TR,2019,8000
A,EUR_HAB,TR,2020,7300
A,EUR_HAB,TR,2021,8100
A,EUR_HAB,TR,2022,9900
A,EUR_HAB,TR,2023,11900
A,EUR_HAB,TR,2024,14100
A,EUR_HAB,TR1,2000,8000
A,EUR_HAB,TR1,2001,6100
A,EUR_HAB,TR1,2002,6500
A,EUR_HAB,TR1,2003,7100
A,EUR_HAB,TR1,2004,8300
A,EUR_HAB,TR1,2005,10100
A,EUR_HAB,TR1,2006,10800
A,EUR_HAB,TR1,2007,12100
A,EUR_HAB,TR1,2008,12700
A,EUR_HAB,TR1,2009,10900
A,EUR_HAB,TR1,2010,13000
A,EUR_HAB,TR1,2011,13200
A,EUR_HAB,TR1,2012,15000
A,EUR_HAB,TR1,2013,15700
A,EUR_HAB,TR1,2014,15100
A,EUR_HAB,TR1,2015,16200
A,EUR_HAB,TR1,2016,15900
A,EUR_HAB,TR1,2017,15200
A,EUR_HAB,TR1,2018,12900
A,EUR_HAB,TR1,2019,13000
A,EUR_HAB,TR1,2020,11700
A,EUR_HAB,TR1,2021,12900
A,EUR_HAB,TR1,2022,15900
A,EUR_HAB,TR1,2023,19100
A,EUR_HAB,TR1,2024,22600
A,EUR_HAB,TR10,2000,8000
A,EUR_HAB,TR10,2001,6100
A,EUR_HAB,TR10,2002,6500
A,EUR_HAB,TR10,2003,7100
A,EUR_HAB,TR10,2004,8300
A,EUR_HAB,TR10,2005,10100
A,EUR_HAB,TR10,2006,10800
A,EUR_HAB,TR10,2007,12100
A,EUR_HAB,TR10,2008,12700
A,EUR_HAB,TR10,2009,10900
A,EUR_HAB,TR10,2010,13000
A,EUR_HAB,TR10,2011,13200
A,EUR_HAB,TR10,2012,15000
A,EUR_HAB,TR10,2013,15700
A,EUR_HAB,TR10,2014,15100
A,EUR_HAB,TR10,2015,16200
A,EUR_HAB,TR10,2016,15900
A,EUR_HAB,TR10,2017,15200
A,EUR_HAB,TR10,2018,12900
A,EUR_HAB,TR10,2019,13000
A,EUR_HAB,TR10,2020,11700
A,EUR_HAB,TR10,2021,12900
A,EUR_HAB,TR10,2022,15900
A,EUR_HAB,TR10,2023,19100
A,EUR_HAB,TR10,2024,22600
A,EUR_HAB,TR2,2000,5000
A,EUR_HAB,TR2,2001,3600
A,EUR_HAB,TR2,2002,4100
A,EUR_HAB,TR2,2003,4500
A,EUR_HAB,TR2,2004,5200
A,EUR_HAB,TR2,2005,6300
A,EUR_HAB,TR2,2006,6700
A,EUR_HAB,TR2,2007,7500
A,EUR_HAB,TR2,2008,7900
A,EUR_HAB,TR2,2009,7000
A,EUR_HAB,TR2,2010,8800
A,EUR_HAB,TR2,2011,8700
A,EUR_HAB,TR2,2012,9600
A,EUR_HAB,TR2,2013,9500
A,EUR_HAB,TR2,2014,9400
A,EUR_HAB,TR2,2015,10000
A,EUR_HAB,TR2,2016,10200
A,EUR_HAB,TR2,2017,9800
A,EUR_HAB,TR2,2018,8500
A,EUR_HAB,TR2,2019,8700
A,EUR_HAB,TR2,2020,8300
A,EUR_HAB,TR2,2021,9300
A,EUR_HAB,TR2,2022,11200
A,EUR_HAB,TR2,2023,12600
A,EUR_HAB,TR2,2024,14300
A,EUR_HAB,TR21,2000,5700
A,EUR_HAB,TR21,2001,4100
A,EUR_HAB,TR21,2002,4600
A,EUR_HAB,TR21,2003,5100
A,EUR_HAB,TR21,2004,5800
A,EUR_HAB,TR21,2005,7100
A,EUR_HAB,TR21,2006,7500
A,EUR_HAB,TR21,2007,8500
A,EUR_HAB,TR21,2008,8900
A,EUR_HAB,TR21,2009,7900
A,EUR_HAB,TR21,2010,9800
A,EUR_HAB,TR21,2011,9800
A,EUR_HAB,TR21,2012,10700
A,EUR_HAB,TR21,2013,10900
A,EUR_HAB,TR21,2014,10700
A,EUR_HAB,TR21,2015,11400
A,EUR_HAB,TR21,2016,11500
A,EUR_HAB,TR21,2017,11000
A,EUR_HAB,TR21,2018,9600
A,EUR_HAB,TR21,2019,9800
A,EUR_HAB,TR21,2020,9200
A,EUR_HAB,TR21,2021,10800
A,EUR_HAB,TR21,2022,12600
A,EUR_HAB,TR21,2023,13900
A,EUR_HAB,TR21,2024,15500
A,EUR_HAB,TR22,2000,4400
A,EUR_HAB,TR22,2001,3100
A,EUR_HAB,TR22,2002,3600
A,EUR_HAB,TR22,2003,3900
A,EUR_HAB,TR22,2004,4600
A,EUR_HAB,TR22,2005,5600
A,EUR_HAB,TR22,2006,6000
A,EUR_HAB,TR22,2007,6600
A,EUR_HAB,TR22,2008,7000
A,EUR_HAB,TR22,2009,6100
A,EUR_HAB,TR22,2010,7800
A,EUR_HAB,TR22,2011,7600
A,EUR_HAB,TR22,2012,8400
A,EUR_HAB,TR22,2013,8300
A,EUR_HAB,TR22,2014,8100
A,EUR_HAB,TR22,2015,8600
A,EUR_HAB,TR22,2016,8900
A,EUR_HAB,TR22,2017,8500
A,EUR_HAB,TR22,2018,7400
A,EUR_HAB,TR22,2019,7600
A,EUR_HAB,TR22,2020,7200
A,EUR_HAB,TR22,2021,7700
A,EUR_HAB,TR22,2022,9700
A,EUR_HAB,TR22,2023,11100
A,EUR_HAB,TR22,2024,13100
A,EUR_HAB,TR3,2000,4600
A,EUR_HAB,TR3,2001,3300
A,EUR_HAB,TR3,2002,3800
A,EUR_HAB,TR3,2003,4100
A,EUR_HAB,TR3,2004,4800
A,EUR_HAB,TR3,2005,5900
A,EUR_HAB,TR3,2006,6400
A,EUR_HAB,TR3,2007,7000
A,EUR_HAB,TR3,2008,7300
A,EUR_HAB,TR3,2009,6300
A,EUR_HAB,TR3,2010,7900
A,EUR_HAB,TR3,2011,8000
A,EUR_HAB,TR3,2012,9000
A,EUR_HAB,TR3,2013,9100
A,EUR_HAB,TR3,2014,8800
A,EUR_HAB,TR3,2015,9400
A,EUR_HAB,TR3,2016,9600
A,EUR_HAB,TR3,2017,9200
A,EUR_HAB,TR3,2018,8000
A,EUR_HAB,TR3,2019,8100
A,EUR_HAB,TR3,2020,7300
A,EUR_HAB,TR3,2021,8100
A,EUR_HAB,TR3,2022,10300
A,EUR_HAB,TR3,2023,11600
A,EUR_HAB,TR3,2024,13500
A,EUR_HAB,TR31,2000,5600
A,EUR_HAB,TR31,2001,4200
A,EUR_HAB,TR31,2002,4600
A,EUR_HAB,TR31,2003,5000
A,EUR_HAB,TR31,2004,5900
A,EUR_HAB,TR31,2005,7200
A,EUR_HAB,TR31,2006,7800
A,EUR_HAB,TR31,2007,8500
A,EUR_HAB,TR31,2008,8800
A,EUR_HAB,TR31,2009,7500
A,EUR_HAB,TR31,2010,9400
A,EUR_HAB,TR31,2011,9500
A,EUR_HAB,TR31,2012,10700
A,EUR_HAB,TR31,2013,11000
A,EUR_HAB,TR31,2014,10400
A,EUR_HAB,TR31,2015,10900
A,EUR_HAB,TR31,2016,11200
A,EUR_HAB,TR31,2017,10800
A,EUR_HAB,TR31,2018,9400
A,EUR_HAB,TR31,2019,9300
A,EUR_HAB,TR31,2020,8300
A,EUR_HAB,TR31,2021,9600
A,EUR_HAB,TR31,2022,12300
A,EUR_HAB,TR31,2023,13700
A,EUR_HAB,TR31,2024,15600
A,EUR_HAB,TR32,2000,4500
A,EUR_HAB,TR32,2001,3200
A,EUR_HAB,TR32,2002,3600
A,EUR_HAB,TR32,2003,3800
A,EUR_HAB,TR32,2004,4700
A,EUR_HAB,TR32,2005,5600
A,EUR_HAB,TR32,2006,6100
A,EUR_HAB,TR32,2007,6500
A,EUR_HAB,TR32,2008,6700
A,EUR_HAB,TR32,2009,5800
A,EUR_HAB,TR32,2010,7400
A,EUR_HAB,TR32,2011,7400
A,EUR_HAB,TR32,2012,8100
A,EUR_HAB,TR32,2013,8300
A,EUR_HAB,TR32,2014,8100
A,EUR_HAB,TR32,2015,8600
A,EUR_HAB,TR32,2016,8500
A,EUR_HAB,TR32,2017,8200
A,EUR_HAB,TR32,2018,7100
A,EUR_HAB,TR32,2019,7400
A,EUR_HAB,TR32,2020,6400
A,EUR_HAB,TR32,2021,7000
A,EUR_HAB,TR32,2022,9000
A,EUR_HAB,TR32,2023,10200
A,EUR_HAB,TR32,2024,12400
A,EUR_HAB,TR33,2000,3300
A,EUR_HAB,TR33,2001,2400
A,EUR_HAB,TR33,2002,2800
A,EUR_HAB,TR33,2003,3100
A,EUR_HAB,TR33,2004,3700
A,EUR_HAB,TR33,2005,4500
A,EUR_HAB,TR33,2006,4800
A,EUR_HAB,TR33,2007,5400
A,EUR_HAB,TR33,2008,5800
A,EUR_HAB,TR33,2009,5200
A,EUR_HAB,TR33,2010,6400
A,EUR_HAB,TR33,2011,6500
A,EUR_HAB,TR33,2012,7300
A,EUR_HAB,TR33,2013,7500
A,EUR_HAB,TR33,2014,7300
A,EUR_HAB,TR33,2015,8200
A,EUR_HAB,TR33,2016,8400
A,EUR_HAB,TR33,2017,8100
A,EUR_HAB,TR33,2018,7100
A,EUR_HAB,TR33,2019,7100
A,EUR_HAB,TR33,2020,6600
A,EUR_HAB,TR33,2021,7100
A,EUR_HAB,TR33,2022,8600
A,EUR_HAB,TR33,2023,9900
A,EUR_HAB,TR33,2024,11600
A,EUR_HAB,TR4,2000,6200
A,EUR_HAB,TR4,2001,4500
A,EUR_HAB,TR4,2002,4900
A,EUR_HAB,TR4,2003,5400
A,EUR_HAB,TR4,2004,6200
A,EUR_HAB,TR4,2005,7600
A,EUR_HAB,TR4,2006,8200
A,EUR_HAB,TR4,2007,9100
A,EUR_HAB,TR4,2008,9400
A,EUR_HAB,TR4,2009,8000
A,EUR_HAB,TR4,2010,9800
A,EUR_HAB,TR4,2011,10100
A,EUR_HAB,TR4,2012,11100
A,EUR_HAB,TR4,2013,11500
A,EUR_HAB,TR4,2014,11000
A,EUR_HAB,TR4,2015,11900
A,EUR_HAB,TR4,2016,11600
A,EUR_HAB,TR4,2017,11200
A,EUR_HAB,TR4,2018,9800
A,EUR_HAB,TR4,2019,9500
A,EUR_HAB,TR4,2020,8700
A,EUR_HAB,TR4,2021,9900
A,EUR_HAB,TR4,2022,11900
A,EUR_HAB,TR4,2023,14000
A,EUR_HAB,TR4,2024,16000
A,EUR_HAB,TR41,2000,5700
A,EUR_HAB,TR41,2001,4100
A,EUR_HAB,TR41,2002,4600
A,EUR_HAB,TR41,2003,5000
A,EUR_HAB,TR41,2004,5800
A,EUR_HAB,TR41,2005,7100
A,EUR_HAB,TR41,2006,7700
A,EUR_HAB,TR41,2007,8500
A,EUR_HAB,TR41,2008,8800
A,EUR_HAB,TR41,2009,7800
A,EUR_HAB,TR41,2010,9400
A,EUR_HAB,TR41,2011,9600
A,EUR_HAB,TR41,2012,10700
A,EUR_HAB,TR41,2013,11000
A,EUR_HAB,TR41,2014,10400
A,EUR_HAB,TR41,2015,11000
A,EUR_HAB,TR41,2016,10900
A,EUR_HAB,TR41,2017,10400
A,EUR_HAB,TR41,2018,9100
A,EUR_HAB,TR41,2019,8900
A,EUR_HAB,TR41,2020,8000
A,EUR_HAB,TR41,2021,8900
A,EUR_HAB,TR41,2022,10600
A,EUR_HAB,TR41,2023,12400
A,EUR_HAB,TR41,2024,14100
A,EUR_HAB,TR42,2000,6700
A,EUR_HAB,TR42,2001,4800
A,EUR_HAB,TR42,2002,5300
A,EUR_HAB,TR42,2003,5800
A,EUR_HAB,TR42,2004,6700
A,EUR_HAB,TR42,2005,8100
A,EUR_HAB,TR42,2006,8900
A,EUR_HAB,TR42,2007,9800
A,EUR_HAB,TR42,2008,10100
A,EUR_HAB,TR42,2009,8300
A,EUR_HAB,TR42,2010,10200
A,EUR_HAB,TR42,2011,10600
A,EUR_HAB,TR42,2012,11600
A,EUR_HAB,TR42,2013,12100
A,EUR_HAB,TR42,2014,11800
A,EUR_HAB,TR42,2015,12800
A,EUR_HAB,TR42,2016,12500
A,EUR_HAB,TR42,2017,12100
A,EUR_HAB,TR42,2018,10500
A,EUR_HAB,TR42,2019,10100
A,EUR_HAB,TR42,2020,9500
A,EUR_HAB,TR42,2021,11000
A,EUR_HAB,TR42,2022,13300
A,EUR_HAB,TR42,2023,15800
A,EUR_HAB,TR42,2024,17900
A,EUR_HAB,TR5,2000,5900
A,EUR_HAB,TR5,2001,4400
A,EUR_HAB,TR5,2002,4800
A,EUR_HAB,TR5,2003,5200
A,EUR_HAB,TR5,2004,6000
A,EUR_HAB,TR5,2005,7300
A,EUR_HAB,TR5,2006,7900
A,EUR_HAB,TR5,2007,8900
A,EUR_HAB,TR5,2008,9300
A,EUR_HAB,TR5,2009,8200
A,EUR_HAB,TR5,2010,9900
A,EUR_HAB,TR5,2011,10000
A,EUR_HAB,TR5,2012,11200
A,EUR_HAB,TR5,2013,11900
A,EUR_HAB,TR5,2014,11200
A,EUR_HAB,TR5,2015,11900
A,EUR_HAB,TR5,2016,12100
A,EUR_HAB,TR5,2017,11100
A,EUR_HAB,TR5,2018,9700
A,EUR_HAB,TR5,2019,10300
A,EUR_HAB,TR5,2020,9700
A,EUR_HAB,TR5,2021,10300
A,EUR_HAB,TR5,2022,12300
A,EUR_HAB,TR5,2023,15600
A,EUR_HAB,TR5,2024,18700
A,EUR_HAB,TR51,2000,7100
A,EUR_HAB,TR51,2001,5400
A,EUR_HAB,TR51,2002,5700
A,EUR_HAB,TR51,2003,6200
A,EUR_HAB,TR51,2004,7200
A,EUR_HAB,TR51,2005,8700
A,EUR_HAB,TR51,2006,9400
A,EUR_HAB,TR51,2007,10700
A,EUR_HAB,TR51,2008,11200
A,EUR_HAB,TR51,2009,9800
A,EUR_HAB,TR51,2010,11800
A,EUR_HAB,TR51,2011,11700
A,EUR_HAB,TR51,2012,13000
A,EUR_HAB,TR51,2013,13900
A,EUR_HAB,TR51,2014,13000
A,EUR_HAB,TR51,2015,13700
A,EUR_HAB,TR51,2016,14100
A,EUR_HAB,TR51,2017,12800
A,EUR_HAB,TR51,2018,11300
A,EUR_HAB,TR51,2019,12100
A,EUR_HAB,TR51,2020,11400
A,EUR_HAB,TR51,2021,12200
A,EUR_HAB,TR51,2022,14200
A,EUR_HAB,TR51,2023,18400
A,EUR_HAB,TR51,2024,22200
A,EUR_HAB,TR52,2000,3500
A,EUR_HAB,TR52,2001,2400
A,EUR_HAB,TR52,2002,2900
A,EUR_HAB,TR52,2003,3300
A,EUR_HAB,TR52,2004,3700
A,EUR_HAB,TR52,2005,4400
A,EUR_HAB,TR52,2006,4700
A,EUR_HAB,TR52,2007,5200
A,EUR_HAB,TR52,2008,5400
A,EUR_HAB,TR52,2009,4900
A,EUR_HAB,TR52,2010,6000
A,EUR_HAB,TR52,2011,6200
A,EUR_HAB,TR52,2012,7200
A,EUR_HAB,TR52,2013,7600
A,EUR_HAB,TR52,2014,7300
A,EUR_HAB,TR52,2015,7900
A,EUR_HAB,TR52,2016,7800
A,EUR_HAB,TR52,2017,7400
A,EUR_HAB,TR52,2018,6300
A,EUR_HAB,TR52,2019,6500
A,EUR_HAB,TR52,2020,6100
A,EUR_HAB,TR52,2021,6200
A,EUR_HAB,TR52,2022,8100
A,EUR_HAB,TR52,2023,9500
A,EUR_HAB,TR52,2024,11200
A,EUR_HAB,TR6,2000,3800
A,EUR_HAB,TR6,2001,2800
A,EUR_HAB,TR6,2002,3200
A,EUR_HAB,TR6,2003,3500
A,EUR_HAB,TR6,2004,4000
A,EUR_HAB,TR6,2005,4900
A,EUR_HAB,TR6,2006,5200
A,EUR_HAB,TR6,2007,5800
A,EUR_HAB,TR6,2008,6000
A,EUR_HAB,TR6,2009,5300
A,EUR_HAB,TR6,2010,6700
A,EUR_HAB,TR6,2011,6700
A,EUR_HAB,TR6,2012,7400
A,EUR_HAB,TR6,2013,7600
A,EUR_HAB,TR6,2014,7200
A,EUR_HAB,TR6,2015,7500
A,EUR_HAB,TR6,2016,7200
A,EUR_HAB,TR6,2017,6800
A,EUR_HAB,TR6,2018,5900
A,EUR_HAB,TR6,2019,6200
A,EUR_HAB,TR6,2020,5200
A,EUR_HAB,TR6,2021,6000
A,EUR_HAB,TR6,2022,7800
A,EUR_HAB,TR6,2023,9400
A,EUR_HAB,TR6,2024,11700
A,EUR_HAB,TR61,2000,5500
A,EUR_HAB,TR61,2001,4000
A,EUR_HAB,TR61,2002,4500
A,EUR_HAB,TR61,2003,4900
A,EUR_HAB,TR61,2004,5700
A,EUR_HAB,TR61,2005,6800
A,EUR_HAB,TR61,2006,7300
A,EUR_HAB,TR61,2007,8100
A,EUR_HAB,TR61,2008,8200
A,EUR_HAB,TR61,2009,7300
A,EUR_HAB,TR61,2010,9200
A,EUR_HAB,TR61,2011,9200
A,EUR_HAB,TR61,2012,10200
A,EUR_HAB,TR61,2013,10300
A,EUR_HAB,TR61,2014,10100
A,EUR_HAB,TR61,2015,10500
A,EUR_HAB,TR61,2016,9400
A,EUR_HAB,TR61,2017,9200
A,EUR_HAB,TR61,2018,8500
A,EUR_HAB,TR61,2019,9000
A,EUR_HAB,TR61,2020,6400
A,EUR_HAB,TR61,2021,7400
A,EUR_HAB,TR61,2022,10200
A,EUR_HAB,TR61,2023,12400
A,EUR_HAB,TR61,2024,14700
A,EUR_HAB,TR62,2000,3500
A,EUR_HAB,TR62,2001,2600
A,EUR_HAB,TR62,2002,2900
A,EUR_HAB,TR62,2003,3200
A,EUR_HAB,TR62,2004,3700
A,EUR_HAB,TR62,2005,4600
A,EUR_HAB,TR62,2006,4900
A,EUR_HAB,TR62,2007,5400
A,EUR_HAB,TR62,2008,5700
A,EUR_HAB,TR62,2009,5000
A,EUR_HAB,TR62,2010,6200
A,EUR_HAB,TR62,2011,6200
A,EUR_HAB,TR62,2012,6900
A,EUR_HAB,TR62,2013,7000
A,EUR_HAB,TR62,2014,6700
A,EUR_HAB,TR62,2015,7000
A,EUR_HAB,TR62,2016,7100
A,EUR_HAB,TR62,2017,6600
A,EUR_HAB,TR62,2018,5500
A,EUR_HAB,TR62,2019,5700
A,EUR_HAB,TR62,2020,5400
A,EUR_HAB,TR62,2021,6000
A,EUR_HAB,TR62,2022,7700
A,EUR_HAB,TR62,2023,9200
A,EUR_HAB,TR62,2024,11100
A,EUR_HAB,TR63,2000,2900
A,EUR_HAB,TR63,2001,2100
A,EUR_HAB,TR63,2002,2400
A,EUR_HAB,TR63,2003,2600
A,EUR_HAB,TR63,2004,3000
A,EUR_HAB,TR63,2005,3800
A,EUR_HAB,TR63,2006,3800
A,EUR_HAB,TR63,2007,4300
A,EUR_HAB,TR63,2008,4600
A,EUR_HAB,TR63,2009,4000
A,EUR_HAB,TR63,2010,5100
A,EUR_HAB,TR63,2011,5100
A,EUR_HAB,TR63,2012,5500
A,EUR_HAB,TR63,2013,5700
A,EUR_HAB,TR63,2014,5300
A,EUR_HAB,TR63,2015,5400
A,EUR_HAB,TR63,2016,5400
A,EUR_HAB,TR63,2017,5200
A,EUR_HAB,TR63,2018,4400
A,EUR_HAB,TR63,2019,4400
A,EUR_HAB,TR63,2020,4100
A,EUR_HAB,TR63,2021,5000
A,EUR_HAB,TR63,2022,5900
A,EUR_HAB,TR63,2023,7000
A,EUR_HAB,TR63,2024,9600
A,EUR_HAB,TR7,2000,3300
A,EUR_HAB,TR7,2001,2400
A,EUR_HAB,TR7,2002,2700
A,EUR_HAB,TR7,2003,3000
A,EUR_HAB,TR7,2004,3500
A,EUR_HAB,TR7,2005,4300
A,EUR_HAB,TR7,2006,4500
A,EUR_HAB,TR7,2007,5000
A,EUR_HAB,TR7,2008,5200
A,EUR_HAB,TR7,2009,4700
A,EUR_HAB,TR7,2010,6100
A,EUR_HAB,TR7,2011,6100
A,EUR_HAB,TR7,2012,6800
A,EUR_HAB,TR7,2013,7000
A,EUR_HAB,TR7,2014,6800
A,EUR_HAB,TR7,2015,7400
A,EUR_HAB,TR7,2016,7300
A,EUR_HAB,TR7,2017,6900
A,EUR_HAB,TR7,2018,5800
A,EUR_HAB,TR7,2019,6000
A,EUR_HAB,TR7,2020,5700
A,EUR_HAB,TR7,2021,6000
A,EUR_HAB,TR7,2022,7500
A,EUR_HAB,TR7,2023,9000
A,EUR_HAB,TR7,2024,10600
A,EUR_HAB,TR71,2000,3200
A,EUR_HAB,TR71,2001,2200
A,EUR_HAB,TR71,2002,2600
A,EUR_HAB,TR71,2003,2800
A,EUR_HAB,TR71,2004,3200
A,EUR_HAB,TR71,2005,3900
A,EUR_HAB,TR71,2006,4000
A,EUR_HAB,TR71,2007,4600
A,EUR_HAB,TR71,2008,4700
A,EUR_HAB,TR71,2009,4300
A,EUR_HAB,TR71,2010,5700
A,EUR_HAB,TR71,2011,5800
A,EUR_HAB,TR71,2012,6400
A,EUR_HAB,TR71,2013,6500
A,EUR_HAB,TR71,2014,6400
A,EUR_HAB,TR71,2015,7100
A,EUR_HAB,TR71,2016,7000
A,EUR_HAB,TR71,2017,6700
A,EUR_HAB,TR71,2018,5700
A,EUR_HAB,TR71,2019,5900
A,EUR_HAB,TR71,2020,5500
A,EUR_HAB,TR71,2021,5700
A,EUR_HAB,TR71,2022,7700
A,EUR_HAB,TR71,2023,9200
A,EUR_HAB,TR71,2024,10800
A,EUR_HAB,TR72,2000,3400
A,EUR_HAB,TR72,2001,2500
A,EUR_HAB,TR72,2002,2800
A,EUR_HAB,TR72,2003,3200
A,EUR_HAB,TR72,2004,3700
A,EUR_HAB,TR72,2005,4500
A,EUR_HAB,TR72,2006,4800
A,EUR_HAB,TR72,2007,5300
A,EUR_HAB,TR72,2008,5500
A,EUR_HAB,TR72,2009,5000
A,EUR_HAB,TR72,2010,6300
A,EUR_HAB,TR72,2011,6300
A,EUR_HAB,TR72,2012,7000
A,EUR_HAB,TR72,2013,7300
A,EUR_HAB,TR72,2014,7100
A,EUR_HAB,TR72,2015,7600
A,EUR_HAB,TR72,2016,7600
A,EUR_HAB,TR72,2017,7100
A,EUR_HAB,TR72,2018,5900
A,EUR_HAB,TR72,2019,6100
A,EUR_HAB,TR72,2020,5800
A,EUR_HAB,TR72,2021,6100
A,EUR_HAB,TR72,2022,7300
A,EUR_HAB,TR72,2023,8800
A,EUR_HAB,TR72,2024,10500
A,EUR_HAB,TR8,2000,3000
A,EUR_HAB,TR8,2001,2200
A,EUR_HAB,TR8,2002,2500
A,EUR_HAB,TR8,2003,2800
A,EUR_HAB,TR8,2004,3200
A,EUR_HAB,TR8,2005,4000
A,EUR_HAB,TR8,2006,4200
A,EUR_HAB,TR8,2007,4600
A,EUR_HAB,TR8,2008,5000
A,EUR_HAB,TR8,2009,4400
A,EUR_HAB,TR8,2010,5700
A,EUR_HAB,TR8,2011,5700
A,EUR_HAB,TR8,2012,6300
A,EUR_HAB,TR8,2013,6300
A,EUR_HAB,TR8,2014,6200
A,EUR_HAB,TR8,2015,6800
A,EUR_HAB,TR8,2016,6800
A,EUR_HAB,TR8,2017,6500
A,EUR_HAB,TR8,2018,5400
A,EUR_HAB,TR8,2019,5500
A,EUR_HAB,TR8,2020,5300
A,EUR_HAB,TR8,2021,5700
A,EUR_HAB,TR8,2022,6900
A,EUR_HAB,TR8,2023,8100
A,EUR_HAB,TR8,2024,9800
A,EUR_HAB,TR81,2000,3100
A,EUR_HAB,TR81,2001,2300
A,EUR_HAB,TR81,2002,2500
A,EUR_HAB,TR81,2003,2800
A,EUR_HAB,TR81,2004,3300
A,EUR_HAB,TR81,2005,4100
A,EUR_HAB,TR81,2006,4500
A,EUR_HAB,TR81,2007,4900
A,EUR_HAB,TR81,2008,5000
A,EUR_HAB,TR81,2009,4300
A,EUR_HAB,TR81,2010,5800
A,EUR_HAB,TR81,2011,6100
A,EUR_HAB,TR81,2012,6500
A,EUR_HAB,TR81,2013,6800
A,EUR_HAB,TR81,2014,7000
A,EUR_HAB,TR81,2015,7200
A,EUR_HAB,TR81,2016,7200
A,EUR_HAB,TR81,2017,7300
A,EUR_HAB,TR81,2018,6300
A,EUR_HAB,TR81,2019,5800
A,EUR_HAB,TR81,2020,5600
A,EUR_HAB,TR81,2021,7100
A,EUR_HAB,TR81,2022,8400
A,EUR_HAB,TR81,2023,8700
A,EUR_HAB,TR81,2024,10000
A,EUR_HAB,TR82,2000,3400
A,EUR_HAB,TR82,2001,2500
A,EUR_HAB,TR82,2002,2800
A,EUR_HAB,TR82,2003,3200
A,EUR_HAB,TR82,2004,3700
A,EUR_HAB,TR82,2005,4500
A,EUR_HAB,TR82,2006,4600
A,EUR_HAB,TR82,2007,5200
A,EUR_HAB,TR82,2008,5500
A,EUR_HAB,TR82,2009,4800
A,EUR_HAB,TR82,2010,6200
A,EUR_HAB,TR82,2011,6200
A,EUR_HAB,TR82,2012,6800
A,EUR_HAB,TR82,2013,6800
A,EUR_HAB,TR82,2014,6700
A,EUR_HAB,TR82,2015,7200
A,EUR_HAB,TR82,2016,7300
A,EUR_HAB,TR82,2017,6800
A,EUR_HAB,TR82,2018,5600
A,EUR_HAB,TR82,2019,5900
A,EUR_HAB,TR82,2020,5900
A,EUR_HAB,TR82,2021,6200
A,EUR_HAB,TR82,2022,7500
A,EUR_HAB,TR82,2023,8900
A,EUR_HAB,TR82,2024,10800
A,EUR_HAB,TR83,2000,2900
A,EUR_HAB,TR83,2001,2100
A,EUR_HAB,TR83,2002,2400
A,EUR_HAB,TR83,2003,2600
A,EUR_HAB,TR83,2004,3100
A,EUR_HAB,TR83,2005,3800
A,EUR_HAB,TR83,2006,4000
A,EUR_HAB,TR83,2007,4400
A,EUR_HAB,TR83,2008,4800
A,EUR_HAB,TR83,2009,4300
A,EUR_HAB,TR83,2010,5500
A,EUR_HAB,TR83,2011,5400
A,EUR_HAB,TR83,2012,6000
A,EUR_HAB,TR83,2013,6000
A,EUR_HAB,TR83,2014,5800
A,EUR_HAB,TR83,2015,6500
A,EUR_HAB,TR83,2016,6500
A,EUR_HAB,TR83,2017,6200
A,EUR_HAB,TR83,2018,5000
A,EUR_HAB,TR83,2019,5300
A,EUR_HAB,TR83,2020,4900
A,EUR_HAB,TR83,2021,5000
A,EUR_HAB,TR83,2022,6200
A,EUR_HAB,TR83,2023,7700
A,EUR_HAB,TR83,2024,9500
A,EUR_HAB,TR9,2000,3000
A,EUR_HAB,TR9,2001,2300
A,EUR_HAB,TR9,2002,2600
A,EUR_HAB,TR9,2003,2800
A,EUR_HAB,TR9,2004,3200
A,EUR_HAB,TR9,2005,4100
A,EUR_HAB,TR9,2006,4400
A,EUR_HAB,TR9,2007,4800
A,EUR_HAB,TR9,2008,5100
A,EUR_HAB,TR9,2009,4400
A,EUR_HAB,TR9,2010,5600
A,EUR_HAB,TR9,2011,5600
A,EUR_HAB,TR9,2012,6300
A,EUR_HAB,TR9,2013,6300
A,EUR_HAB,TR9,2014,6100
A,EUR_HAB,TR9,2015,7200
A,EUR_HAB,TR9,2016,6700
A,EUR_HAB,TR9,2017,6400
A,EUR_HAB,TR9,2018,5300
A,EUR_HAB,TR9,2019,5700
A,EUR_HAB,TR9,2020,5300
A,EUR_HAB,TR9,2021,5300
A,EUR_HAB,TR9,2022,6100
A,EUR_HAB,TR9,2023,7200
A,EUR_HAB,TR9,2024,9200
A,EUR_HAB,TR90,2000,3000
A,EUR_HAB,TR90,2001,2300
A,EUR_HAB,TR90,2002,2600
A,EUR_HAB,TR90,2003,2800
A,EUR_HAB,TR90,2004,3200
A,EUR_HAB,TR90,2005,4100
A,EUR_HAB,TR90,2006,4400
A,EUR_HAB,TR90,2007,4800
A,EUR_HAB,TR90,2008,5100
A,EUR_HAB,TR90,2009,4400
A,EUR_HAB,TR90,2010,5600
A,EUR_HAB,TR90,2011,5600
A,EUR_HAB,TR90,2012,6300
A,EUR_HAB,TR90,2013,6300
A,EUR_HAB,TR90,2014,6100
A,EUR_HAB,TR90,2015,7200
A,EUR_HAB,TR90,2016,6700
A,EUR_HAB,TR90,2017,6400
A,EUR_HAB,TR90,2018,5300
A,EUR_HAB,TR90,2019,5700
A,EUR_HAB,TR90,2020,5300
A,EUR_HAB,TR90,2021,5300
A,EUR_HAB,TR90,2022,6100
A,EUR_HAB,TR90,2023,7200
A,EUR_HAB,TR90,2024,9200
A,EUR_HAB,TRA,2000,2000
A,EUR_HAB,TRA,2001,1500
A,EUR_HAB,TRA,2002,1800
A,EUR_HAB,TRA,2003,2000
A,EUR_HAB,TRA,2004,2300
A,EUR_HAB,TRA,2005,2800
A,EUR_HAB,TRA,2006,3000
A,EUR_HAB,TRA,2007,3400
A,EUR_HAB,TRA,2008,3600
A,EUR_HAB,TRA,2009,3300
A,EUR_HAB,TRA,2010,4500
A,EUR_HAB,TRA,2011,4300
A,EUR_HAB,TRA,2012,5000
A,EUR_HAB,TRA,2013,5100
A,EUR_HAB,TRA,2014,4800
A,EUR_HAB,TRA,2015,5300
A,EUR_HAB,TRA,2016,5500
A,EUR_HAB,TRA,2017,5300
A,EUR_HAB,TRA,2018,4400
A,EUR_HAB,TRA,2019,4700
A,EUR_HAB,TRA,2020,4500
A,EUR_HAB,TRA,2021,4500
A,EUR_HAB,TRA,2022,5300
A,EUR_HAB,TRA,2023,6700
A,EUR_HAB,TRA,2024,8300
A,EUR_HAB,TRA1,2000,2500
A,EUR_HAB,TRA1,2001,1900
A,EUR_HAB,TRA1,2002,2200
A,EUR_HAB,TRA1,2003,2500
A,EUR_HAB,TRA1,2004,2900
A,EUR_HAB,TRA1,2005,3500
A,EUR_HAB,TRA1,2006,3700
A,EUR_HAB,TRA1,2007,4200
A,EUR_HAB,TRA1,2008,4500
A,EUR_HAB,TRA1,2009,4100
A,EUR_HAB,TRA1,2010,5400
A,EUR_HAB,TRA1,2011,5200
A,EUR_HAB,TRA1,2012,6000
A,EUR_HAB,TRA1,2013,6300
A,EUR_HAB,TRA1,2014,5900
A,EUR_HAB,TRA1,2015,6400
A,EUR_HAB,TRA1,2016,6600
A,EUR_HAB,TRA1,2017,6400
A,EUR_HAB,TRA1,2018,5300
A,EUR_HAB,TRA1,2019,5500
A,EUR_HAB,TRA1,2020,5300
A,EUR_HAB,TRA1,2021,5400
A,EUR_HAB,TRA1,2022,6200
A,EUR_HAB,TRA1,2023,7700
A,EUR_HAB,TRA1,2024,9500
A,EUR_HAB,TRA2,2000,1600
A,EUR_HAB,TRA2,2001,1200
A,EUR_HAB,TRA2,2002,1300
A,EUR_HAB,TRA2,2003,1600
A,EUR_HAB,TRA2,2004,1800
A,EUR_HAB,TRA2,2005,2200
A,EUR_HAB,TRA2,2006,2400
A,EUR_HAB,TRA2,2007,2600
A,EUR_HAB,TRA2,2008,2700
A,EUR_HAB,TRA2,2009,2600
A,EUR_HAB,TRA2,2010,3600
A,EUR_HAB,TRA2,2011,3500
A,EUR_HAB,TRA2,2012,4000
A,EUR_HAB,TRA2,2013,4000
A,EUR_HAB,TRA2,2014,3800
A,EUR_HAB,TRA2,2015,4300
A,EUR_HAB,TRA2,2016,4500
A,EUR_HAB,TRA2,2017,4300
A,EUR_HAB,TRA2,2018,3600
A,EUR_HAB,TRA2,2019,3800
A,EUR_HAB,TRA2,2020,3700
A,EUR_HAB,TRA2,2021,3600
A,EUR_HAB,TRA2,2022,4400
A,EUR_HAB,TRA2,2023,5700
A,EUR_HAB,TRA2,2024,7100
A,EUR_HAB,TRB,2000,2000
A,EUR_HAB,TRB,2001,1500
A,EUR_HAB,TRB,2002,1700
A,EUR_HAB,TRB,2003,1900
A,EUR_HAB,TRB,2004,2100
A,EUR_HAB,TRB,2005,2700
A,EUR_HAB,TRB,2006,2800
A,EUR_HAB,TRB,2007,3200
A,EUR_HAB,TRB,2008,3300
A,EUR_HAB,TRB,2009,3000
A,EUR_HAB,TRB,2010,3900
A,EUR_HAB,TRB,2011,4000
A,EUR_HAB,TRB,2012,4600
A,EUR_HAB,TRB,2013,4600
A,EUR_HAB,TRB,2014,4400
A,EUR_HAB,TRB,2015,4700
A,EUR_HAB,TRB,2016,4800
A,EUR_HAB,TRB,2017,4700
A,EUR_HAB,TRB,2018,3900
A,EUR_HAB,TRB,2019,4100
A,EUR_HAB,TRB,2020,4000
A,EUR_HAB,TRB,2021,4000
A,EUR_HAB,TRB,2022,4700
A,EUR_HAB,TRB,2023,6000
A,EUR_HAB,TRB,2024,7900
A,EUR_HAB,TRB1,2000,2500
A,EUR_HAB,TRB1,2001,1900
A,EUR_HAB,TRB1,2002,2100
A,EUR_HAB,TRB1,2003,2400
A,EUR_HAB,TRB1,2004,2700
A,EUR_HAB,TRB1,2005,3400
A,EUR_HAB,TRB1,2006,3500
A,EUR_HAB,TRB1,2007,4000
A,EUR_HAB,TRB1,2008,4200
A,EUR_HAB,TRB1,2009,3800
A,EUR_HAB,TRB1,2010,4900
A,EUR_HAB,TRB1,2011,4900
A,EUR_HAB,TRB1,2012,5500
A,EUR_HAB,TRB1,2013,5700
A,EUR_HAB,TRB1,2014,5400
A,EUR_HAB,TRB1,2015,5800
A,EUR_HAB,TRB1,2016,5900
A,EUR_HAB,TRB1,2017,5700
A,EUR_HAB,TRB1,2018,4700
A,EUR_HAB,TRB1,2019,5000
A,EUR_HAB,TRB1,2020,4900
A,EUR_HAB,TRB1,2021,5000
A,EUR_HAB,TRB1,2022,5700
A,EUR_HAB,TRB1,2023,7300
A,EUR_HAB,TRB1,2024,9900
A,EUR_HAB,TRB2,2000,1500
A,EUR_HAB,TRB2,2001,1200
A,EUR_HAB,TRB2,2002,1300
A,EUR_HAB,TRB2,2003,1500
A,EUR_HAB,TRB2,2004,1700
A,EUR_HAB,TRB2,2005,2100
A,EUR_HAB,TRB2,2006,2200
A,EUR_HAB,TRB2,2007,2500
A,EUR_HAB,TRB2,2008,2600
A,EUR_HAB,TRB2,2009,2500
A,EUR_HAB,TRB2,2010,3200
A,EUR_HAB,TRB2,2011,3200
A,EUR_HAB,TRB2,2012,4000
A,EUR_HAB,TRB2,2013,3800
A,EUR_HAB,TRB2,2014,3600
A,EUR_HAB,TRB2,2015,3800
A,EUR_HAB,TRB2,2016,3900
A,EUR_HAB,TRB2,2017,3800
A,EUR_HAB,TRB2,2018,3300
A,EUR_HAB,TRB2,2019,3500
A,EUR_HAB,TRB2,2020,3300
A,EUR_HAB,TRB2,2021,3100
A,EUR_HAB,TRB2,2022,3800
A,EUR_HAB,TRB2,2023,4900
A,EUR_HAB,TRB2,2024,6400
A,EUR_HAB,TRC,2000,2200
A,EUR_HAB,TRC,2001,1600
A,EUR_HAB,TRC,2002,1800
A,EUR_HAB,TRC,2003,2000
A,EUR_HAB,TRC,2004,2300
A,EUR_HAB,TRC,2005,2800
A,EUR_HAB,TRC,2006,3000
A,EUR_HAB,TRC,2007,3200
A,EUR_HAB,TRC,2008,3300
A,EUR_HAB,TRC,2009,3000
A,EUR_HAB,TRC,2010,4000
A,EUR_HAB,TRC,2011,4000
A,EUR_HAB,TRC,2012,4500
A,EUR_HAB,TRC,2013,4800
A,EUR_HAB,TRC,2014,4500
A,EUR_HAB,TRC,2015,4600
A,EUR_HAB,TRC,2016,4400
A,EUR_HAB,TRC,2017,4300
A,EUR_HAB,TRC,2018,3600
A,EUR_HAB,TRC,2019,3800
A,EUR_HAB,TRC,2020,3700
A,EUR_HAB,TRC,2021,3900
A,EUR_HAB,TRC,2022,4800
A,EUR_HAB,TRC,2023,5800
A,EUR_HAB,TRC,2024,7300
A,EUR_HAB,TRC1,2000,2600
A,EUR_HAB,TRC1,2001,1900
A,EUR_HAB,TRC1,2002,2200
A,EUR_HAB,TRC1,2003,2400
A,EUR_HAB,TRC1,2004,2600
A,EUR_HAB,TRC1,2005,3300
A,EUR_HAB,TRC1,2006,3500
A,EUR_HAB,TRC1,2007,3900
A,EUR_HAB,TRC1,2008,4000
A,EUR_HAB,TRC1,2009,3500
A,EUR_HAB,TRC1,2010,4500
A,EUR_HAB,TRC1,2011,4600
A,EUR_HAB,TRC1,2012,5400
A,EUR_HAB,TRC1,2013,5800
A,EUR_HAB,TRC1,2014,5400
A,EUR_HAB,TRC1,2015,5700
A,EUR_HAB,TRC1,2016,5400
A,EUR_HAB,TRC1,2017,5200
A,EUR_HAB,TRC1,2018,4400
A,EUR_HAB,TRC1,2019,4500
A,EUR_HAB,TRC1,2020,4500
A,EUR_HAB,TRC1,2021,5000
A,EUR_HAB,TRC1,2022,6200
A,EUR_HAB,TRC1,2023,7000
A,EUR_HAB,TRC1,2024,8900
A,EUR_HAB,TRC2,2000,2100
A,EUR_HAB,TRC2,2001,1600
A,EUR_HAB,TRC2,2002,1800
A,EUR_HAB,TRC2,2003,2000
A,EUR_HAB,TRC2,2004,2200
A,EUR_HAB,TRC2,2005,2600
A,EUR_HAB,TRC2,2006,2800
A,EUR_HAB,TRC2,2007,3000
A,EUR_HAB,TRC2,2008,3000
A,EUR_HAB,TRC2,2009,2800
A,EUR_HAB,TRC2,2010,3600
A,EUR_HAB,TRC2,2011,3600
A,EUR_HAB,TRC2,2012,3900
A,EUR_HAB,TRC2,2013,4100
A,EUR_HAB,TRC2,2014,3700
A,EUR_HAB,TRC2,2015,3900
A,EUR_HAB,TRC2,2016,3700
A,EUR_HAB,TRC2,2017,3500
A,EUR_HAB,TRC2,2018,2800
A,EUR_HAB,TRC2,2019,3000
A,EUR_HAB,TRC2,2020,2800
A,EUR_HAB,TRC2,2021,2800
A,EUR_HAB,TRC2,2022,3700
A,EUR_HAB,TRC2,2023,4600
A,EUR_HAB,TRC2,2024,6000
A,EUR_HAB,TRC3,2000,1800
A,EUR_HAB,TRC3,2001,1400
A,EUR_HAB,TRC3,2002,1600
A,EUR_HAB,TRC3,2003,1700
A,EUR_HAB,TRC3,2004,2000
A,EUR_HAB,TRC3,2005,2400
A,EUR_HAB,TRC3,2006,2600
A,EUR_HAB,TRC3,2007,2900
A,EUR_HAB,TRC3,2008,3000
A,EUR_HAB,TRC3,2009,2900
A,EUR_HAB,TRC3,2010,4000
A,EUR_HAB,TRC3,2011,3900
A,EUR_HAB,TRC3,2012,4400
A,EUR_HAB,TRC3,2013,4700
A,EUR_HAB,TRC3,2014,4400
A,EUR_HAB,TRC3,2015,4500
A,EUR_HAB,TRC3,2016,4400
A,EUR_HAB,TRC3,2017,4500
A,EUR_HAB,TRC3,2018,3900
A,EUR_HAB,TRC3,2019,4100
A,EUR_HAB,TRC3,2020,4000
A,EUR_HAB,TRC3,2021,4100
A,EUR_HAB,TRC3,2022,5100
A,EUR_HAB,TRC3,2023,6100
A,EUR_HAB,TRC3,2024,7300
A,PPS_EU27_2020_HAB,AL,2008,6600
A,PPS_EU27_2020_HAB,AL,2009,6800
A,PPS_EU27_2020_HAB,AL,2010,7400
A,PPS_EU27_2020_HAB,AL,2011,7700
A,PPS_EU27_2020_HAB,AL,2012,7700
A,PPS_EU27_2020_HAB,AL,2013,7600
A,PPS_EU27_2020_HAB,AL,2014,8100
A,PPS_EU27_2020_HAB,AL,2015,8400
A,PPS_EU27_2020_HAB,AL,2016,8500
A,PPS_EU27_2020_HAB,AL,2017,8900
A,PPS_EU27_2020_HAB,AL,2018,9300
A,PPS_EU27_2020_HAB,AL,2019,9600
A,PPS_EU27_2020_HAB,AL,2020,9300
A,PPS_EU27_2020_HAB,AL,2021,10300
A,PPS_EU27_2020_HAB,AL,2022,12100
A,PPS_EU27_2020_HAB,AL0,2008,6600
A,PPS_EU27_2020_HAB,AL0,2009,6800
A,PPS_EU27_2020_HAB,AL0,2010,7400
A,PPS_EU27_2020_HAB,AL0,2011,7700
A,PPS_EU27_2020_HAB,AL0,2012,7700
A,PPS_EU27_2020_HAB,AL0,2013,7600
A,PPS_EU27_2020_HAB,AL0,2014,8100
A,PPS_EU27_2020_HAB,AL0,2015,8400
A,PPS_EU27_2020_HAB,AL0,2016,8500
A,PPS_EU27_2020_HAB,AL0,2017,8900
A,PPS_EU27_2020_HAB,AL0,2018,9300
A,PPS_EU27_2020_HAB,AL0,2019,9600
A,PPS_EU27_2020_HAB,AL0,2020,9300
A,PPS_EU27_2020_HAB,AL0,2021,10300
A,PPS_EU27_2020_HAB,AL0,2022,12100
A,PPS_EU27_2020_HAB,AL01,2008,5100
A,PPS_EU27_2020_HAB,AL01,2009,5400
A,PPS_EU27_2020_HAB,AL01,2010,6100
A,PPS_EU27_2020_HAB,AL01,2011,6100
A,PPS_EU27_2020_HAB,AL01,2012,6300
A,PPS_EU27_2020_HAB,AL01,2013,6200
A,PPS_EU27_2020_HAB,AL01,2014,6400
A,PPS_EU27_2020_HAB,AL01,2015,6900
A,PPS_EU27_2020_HAB,AL01,2016,7000
A,PPS_EU27_2020_HAB,AL01,2017,7300
A,PPS_EU27_2020_HAB,AL01,2018,7400
A,PPS_EU27_2020_HAB,AL01,2019,7600
A,PPS_EU27_2020_HAB,AL01,2020,7100
A,PPS_EU27_2020_HAB,AL01,2021,8100
A,PPS_EU27_2020_HAB,AL01,2022,9800
A,PPS_EU27_2020_HAB,AL02,2008,8900
A,PPS_EU27_2020_HAB,AL02,2009,9100
A,PPS_EU27_2020_HAB,AL02,2010,9500
A,PPS_EU27_2020_HAB,AL02,2011,9300
A,PPS_EU27_2020_HAB,AL02,2012,9200
A,PPS_EU27_2020_HAB,AL02,2013,9000
A,PPS_EU27_2020_HAB,AL02,2014,9500
A,PPS_EU27_2020_HAB,AL02,2015,10200
A,PPS_EU27_2020_HAB,AL02,2016,10100
A,PPS_EU27_2020_HAB,AL02,2017,10800
A,PPS_EU27_2020_HAB,AL02,2018,11200
A,PPS_EU27_2020_HAB,AL02,2019,11600
A,PPS_EU27_2020_HAB,AL02,2020,11400
A,PPS_EU27_2020_HAB,AL02,2021,12400
A,PPS_EU27_2020_HAB,AL02,2022,14300
A,PPS_EU27_2020_HAB,AL03,2008,5400
A,PPS_EU27_2020_HAB,AL03,2009,5600
A,PPS_EU27_2020_HAB,AL03,2010,6300
A,PPS_EU27_2020_HAB,AL03,2011,7100
A,PPS_EU27_2020_HAB,AL03,2012,7300
A,PPS_EU27_2020_HAB,AL03,2013,7400
A,PPS_EU27_2020_HAB,AL03,2014,7900
A,PPS_EU27_2020_HAB,AL03,2015,7800
A,PPS_EU27_2020_HAB,AL03,2016,7800
A,PPS_EU27_2020_HAB,AL03,2017,8000
A,PPS_EU27_2020_HAB,AL03,2018,8500
A,PPS_EU27_2020_HAB,AL03,2019,8900
A,PPS_EU27_2020_HAB,AL03,2020,8400
A,PPS_EU27_2020_HAB,AL03,2021,9400
A,PPS_EU27_2020_HAB,AL03,2022,11000
A,PPS_EU27_2020_HAB,AT,2000,24300
A,PPS_EU27_2020_HAB,AT,2001,24500
A,PPS_EU27_2020_HAB,AT,2002,25400
A,PPS_EU27_2020_HAB,AT,2003,26300
A,PPS_EU27_2020_HAB,AT,2004,27400
A,PPS_EU27_2020_HAB,AT,2005,28500
A,PPS_EU27_2020_HAB,AT,2006,29700
A,PPS_EU27_2020_HAB,AT,2007,30900
A,PPS_EU27_2020_HAB,AT,2008,31900
A,PPS_EU27_2020_HAB,AT,2009,30700
A,PPS_EU27_2020_HAB,AT,2010,31600
A,PPS_EU27_2020_HAB,AT,2011,32900
A,PPS_EU27_2020_HAB,AT,2012,34100
A,PPS_EU27_2020_HAB,AT,2013,34300
A,PPS_EU27_2020_HAB,AT,2014,34700
A,PPS_EU27_2020_HAB,AT,2015,35700
A,PPS_EU27_2020_HAB,AT,2016,36400
A,PPS_EU27_2020_HAB,AT,2017,37000
A,PPS_EU27_2020_HAB,AT,2018,38400
A,PPS_EU27_2020_HAB,AT,2019,39300
A,PPS_EU27_2020_HAB,AT,2020,37400
A,PPS_EU27_2020_HAB,AT,2021,40200
A,PPS_EU27_2020_HAB,AT,2022,44600
A,PPS_EU27_2020_HAB,AT,2023,46400
A,PPS_EU27_2020_HAB,AT,2024,47500
A,PPS_EU27_2020_HAB,AT1,2000,25800
A,PPS_EU27_2020_HAB,AT1,2001,25800
A,PPS_EU27_2020_HAB,AT1,2002,26800
A,PPS_EU27_2020_HAB,AT1,2003,27400
A,PPS_EU27_2020_HAB,AT1,2004,28600
A,PPS_EU27_2020_HAB,AT1,2005,29500
A,PPS_EU27_2020_HAB,AT1,2006,30600
A,PPS_EU27_2020_HAB,AT1,2007,31700
A,PPS_EU27_2020_HAB,AT1,2008,32600
A,PPS_EU27_2020_HAB,AT1,2009,31700
A,PPS_EU27_2020_HAB,AT1,2010,32500
A,PPS_EU27_2020_HAB,AT1,2011,33500
A,PPS_EU27_2020_HAB,AT1,2012,34500
A,PPS_EU27_2020_HAB,AT1,2013,34600
A,PPS_EU27_2020_HAB,AT1,2014,34700
A,PPS_EU27_2020_HAB,AT1,2015,35600
A,PPS_EU27_2020_HAB,AT1,2016,36400
A,PPS_EU27_2020_HAB,AT1,2017,36600
A,PPS_EU27_2020_HAB,AT1,2018,37900
A,PPS_EU27_2020_HAB,AT1,2019,38800
A,PPS_EU27_2020_HAB,AT1,2020,36800
A,PPS_EU27_2020_HAB,AT1,2021,39900
A,PPS_EU27_2020_HAB,AT1,2022,43100
A,PPS_EU27_2020_HAB,AT1,2023,45400
A,PPS_EU27_2020_HAB,AT1,2024,46600
A,PPS_EU27_2020_HAB,AT11,2000,16200
A,PPS_EU27_2020_HAB,AT11,2001,16300
A,PPS_EU27_2020_HAB,AT11,2002,17200
A,PPS_EU27_2020_HAB,AT11,2003,17600
A,PPS_EU27_2020_HAB,AT11,2004,18600
A,PPS_EU27_2020_HAB,AT11,2005,18600
A,PPS_EU27_2020_HAB,AT11,2006,19300
A,PPS_EU27_2020_HAB,AT11,2007,20200
A,PPS_EU27_2020_HAB,AT11,2008,20100
A,PPS_EU27_2020_HAB,AT11,2009,20100
A,PPS_EU27_2020_HAB,AT11,2010,21100
A,PPS_EU27_2020_HAB,AT11,2011,22000
A,PPS_EU27_2020_HAB,AT11,2012,23000
A,PPS_EU27_2020_HAB,AT11,2013,23400
A,PPS_EU27_2020_HAB,AT11,2014,23800
A,PPS_EU27_2020_HAB,AT11,2015,25100
A,PPS_EU27_2020_HAB,AT11,2016,25500
A,PPS_EU27_2020_HAB,AT11,2017,26100
A,PPS_EU27_2020_HAB,AT11,2018,26700
A,PPS_EU27_2020_HAB,AT11,2019,27200
A,PPS_EU27_2020_HAB,AT11,2020,26100
A,PPS_EU27_2020_HAB,AT11,2021,28100
A,PPS_EU27_2020_HAB,AT11,2022,31000
A,PPS_EU27_2020_HAB,AT11,2023,33200
A,PPS_EU27_2020_HAB,AT11,2024,34400
A,PPS_EU27_2020_HAB,AT12,2000,20000
A,PPS_EU27_2020_HAB,AT12,2001,19700
A,PPS_EU27_2020_HAB,AT12,2002,20300
A,PPS_EU27_2020_HAB,AT12,2003,21000
A,PPS_EU27_2020_HAB,AT12,2004,22500
A,PPS_EU27_2020_HAB,AT12,2005,23200
A,PPS_EU27_2020_HAB,AT12,2006,24100
A,PPS_EU27_2020_HAB,AT12,2007,25300
A,PPS_EU27_2020_HAB,AT12,2008,26100
A,PPS_EU27_2020_HAB,AT12,2009,25100
A,PPS_EU27_2020_HAB,AT12,2010,25800
A,PPS_EU27_2020_HAB,AT12,2011,26900
A,PPS_EU27_2020_HAB,AT12,2012,28000
A,PPS_EU27_2020_HAB,AT12,2013,28200
A,PPS_EU27_2020_HAB,AT12,2014,28600
A,PPS_EU27_2020_HAB,AT12,2015,29500
A,PPS_EU27_2020_HAB,AT12,2016,30200
A,PPS_EU27_2020_HAB,AT12,2017,30900
A,PPS_EU27_2020_HAB,AT12,2018,32000
A,PPS_EU27_2020_HAB,AT12,2019,33100
A,PPS_EU27_2020_HAB,AT12,2020,30800
A,PPS_EU27_2020_HAB,AT12,2021,33100
A,PPS_EU27_2020_HAB,AT12,2022,36600
A,PPS_EU27_2020_HAB,AT12,2023,38300
A,PPS_EU27_2020_HAB,AT12,2024,39300
A,PPS_EU27_2020_HAB,AT13,2000,33300
A,PPS_EU27_2020_HAB,AT13,2001,33500
A,PPS_EU27_2020_HAB,AT13,2002,34900
A,PPS_EU27_2020_HAB,AT13,2003,35400
A,PPS_EU27_2020_HAB,AT13,2004,36100
A,PPS_EU27_2020_HAB,AT13,2005,37400
A,PPS_EU27_2020_HAB,AT13,2006,38700
A,PPS_EU27_2020_HAB,AT13,2007,39700
A,PPS_EU27_2020_HAB,AT13,2008,41000
A,PPS_EU27_2020_HAB,AT13,2009,39900
A,PPS_EU27_2020_HAB,AT13,2010,40800
A,PPS_EU27_2020_HAB,AT13,2011,41600
A,PPS_EU27_2020_HAB,AT13,2012,42400
A,PPS_EU27_2020_HAB,AT13,2013,42300
A,PPS_EU27_2020_HAB,AT13,2014,42000
A,PPS_EU27_2020_HAB,AT13,2015,42700
A,PPS_EU27_2020_HAB,AT13,2016,43600
A,PPS_EU27_2020_HAB,AT13,2017,43200
A,PPS_EU27_2020_HAB,AT13,2018,44900
A,PPS_EU27_2020_HAB,AT13,2019,45600
A,PPS_EU27_2020_HAB,AT13,2020,43800
A,PPS_EU27_2020_HAB,AT13,2021,47700
A,PPS_EU27_2020_HAB,AT13,2022,50800
A,PPS_EU27_2020_HAB,AT13,2023,53400
A,PPS_EU27_2020_HAB,AT13,2024,54600
A,PPS_EU27_2020_HAB,AT2,2000,21000
A,PPS_EU27_2020_HAB,AT2,2001,21200
A,PPS_EU27_2020_HAB,AT2,2002,21800
A,PPS_EU27_2020_HAB,AT2,2003,22900
A,PPS_EU27_2020_HAB,AT2,2004,24100
A,PPS_EU27_2020_HAB,AT2,2005,24900
A,PPS_EU27_2020_HAB,AT2,2006,26200
A,PPS_EU27_2020_HAB,AT2,2007,27500
A,PPS_EU27_2020_HAB,AT2,2008,28300
A,PPS_EU27_2020_HAB,AT2,2009,27000
A,PPS_EU27_2020_HAB,AT2,2010,27800
A,PPS_EU27_2020_HAB,AT2,2011,29200
A,PPS_EU27_2020_HAB,AT2,2012,30400
A,PPS_EU27_2020_HAB,AT2,2013,30300
A,PPS_EU27_2020_HAB,AT2,2014,31000
A,PPS_EU27_2020_HAB,AT2,2015,31600
A,PPS_EU27_2020_HAB,AT2,2016,32400
A,PPS_EU27_2020_HAB,AT2,2017,33500
A,PPS_EU27_2020_HAB,AT2,2018,34500
A,PPS_EU27_2020_HAB,AT2,2019,35600
A,PPS_EU27_2020_HAB,AT2,2020,34000
A,PPS_EU27_2020_HAB,AT2,2021,36500
A,PPS_EU27_2020_HAB,AT2,2022,40900
A,PPS_EU27_2020_HAB,AT2,2023,43200
A,PPS_EU27_2020_HAB,AT2,2024,44200
A,PPS_EU27_2020_HAB,AT21,2000,20500
A,PPS_EU27_2020_HAB,AT21,2001,20600
A,PPS_EU27_2020_HAB,AT21,2002,21500
A,PPS_EU27_2020_HAB,AT21,2003,22300
A,PPS_EU27_2020_HAB,AT21,2004,23500
A,PPS_EU27_2020_HAB,AT21,2005,24200
A,PPS_EU27_2020_HAB,AT21,2006,25400
A,PPS_EU27_2020_HAB,AT21,2007,26900
A,PPS_EU27_2020_HAB,AT21,2008,27700
A,PPS_EU27_2020_HAB,AT21,2009,26100
A,PPS_EU27_2020_HAB,AT21,2010,27000
A,PPS_EU27_2020_HAB,AT21,2011,28300
A,PPS_EU27_2020_HAB,AT21,2012,29200
A,PPS_EU27_2020_HAB,AT21,2013,29200
A,PPS_EU27_2020_HAB,AT21,2014,30100
A,PPS_EU27_2020_HAB,AT21,2015,30500
A,PPS_EU27_2020_HAB,AT21,2016,30800
A,PPS_EU27_2020_HAB,AT21,2017,31800
A,PPS_EU27_2020_HAB,AT21,2018,33300
A,PPS_EU27_2020_HAB,AT21,2019,34100
A,PPS_EU27_2020_HAB,AT21,2020,33000
A,PPS_EU27_2020_HAB,AT21,2021,35500
A,PPS_EU27_2020_HAB,AT21,2022,40500
A,PPS_EU27_2020_HAB,AT21,2023,44000
A,PPS_EU27_2020_HAB,AT21,2024,43800
A,PPS_EU27_2020_HAB,AT22,2000,21200
A,PPS_EU27_2020_HAB,AT22,2001,21500
A,PPS_EU27_2020_HAB,AT22,2002,22000
A,PPS_EU27_2020_HAB,AT22,2003,23100
A,PPS_EU27_2020_HAB,AT22,2004,24400
A,PPS_EU27_2020_HAB,AT22,2005,25200
A,PPS_EU27_2020_HAB,AT22,2006,26500
A,PPS_EU27_2020_HAB,AT22,2007,27900
A,PPS_EU27_2020_HAB,AT22,2008,28600
A,PPS_EU27_2020_HAB,AT22,2009,27400
A,PPS_EU27_2020_HAB,AT22,2010,28100
A,PPS_EU27_2020_HAB,AT22,2011,29600
A,PPS_EU27_2020_HAB,AT22,2012,31000
A,PPS_EU27_2020_HAB,AT22,2013,30800
A,PPS_EU27_2020_HAB,AT22,2014,31500
A,PPS_EU27_2020_HAB,AT22,2015,32100
A,PPS_EU27_2020_HAB,AT22,2016,33100
A,PPS_EU27_2020_HAB,AT22,2017,34300
A,PPS_EU27_2020_HAB,AT22,2018,35100
A,PPS_EU27_2020_HAB,AT22,2019,36200
A,PPS_EU27_2020_HAB,AT22,2020,34400
A,PPS_EU27_2020_HAB,AT22,2021,36900
A,PPS_EU27_2020_HAB,AT22,2022,41000
A,PPS_EU27_2020_HAB,AT22,2023,42800
A,PPS_EU27_2020_HAB,AT22,2024,44400
A,PPS_EU27_2020_HAB,AT3,2000,24400
A,PPS_EU27_2020_HAB,AT3,2001,24800
A,PPS_EU27_2020_HAB,AT3,2002,25800
A,PPS_EU27_2020_HAB,AT3,2003,26800
A,PPS_EU27_2020_HAB,AT3,2004,27900
A,PPS_EU27_2020_HAB,AT3,2005,29400
A,PPS_EU27_2020_HAB,AT3,2006,30800
A,PPS_EU27_2020_HAB,AT3,2007,32100
A,PPS_EU27_2020_HAB,AT3,2008,33000
A,PPS_EU27_2020_HAB,AT3,2009,31700
A,PPS_EU27_2020_HAB,AT3,2010,32800
A,PPS_EU27_2020_HAB,AT3,2011,34400
A,PPS_EU27_2020_HAB,AT3,2012,35800
A,PPS_EU27_2020_HAB,AT3,2013,36300
A,PPS_EU27_2020_HAB,AT3,2014,36700
A,PPS_EU27_2020_HAB,AT3,2015,38100
A,PPS_EU27_2020_HAB,AT3,2016,38700
A,PPS_EU27_2020_HAB,AT3,2017,39500
A,PPS_EU27_2020_HAB,AT3,2018,41200
A,PPS_EU27_2020_HAB,AT3,2019,41900
A,PPS_EU27_2020_HAB,AT3,2020,39900
A,PPS_EU27_2020_HAB,AT3,2021,42600
A,PPS_EU27_2020_HAB,AT3,2022,48300
A,PPS_EU27_2020_HAB,AT3,2023,49300
A,PPS_EU27_2020_HAB,AT3,2024,50500
A,PPS_EU27_2020_HAB,AT31,2000,23400
A,PPS_EU27_2020_HAB,AT31,2001,24000
A,PPS_EU27_2020_HAB,AT31,2002,24800
A,PPS_EU27_2020_HAB,AT31,2003,25900
A,PPS_EU27_2020_HAB,AT31,2004,26900
A,PPS_EU27_2020_HAB,AT31,2005,28400
A,PPS_EU27_2020_HAB,AT31,2006,29700
A,PPS_EU27_2020_HAB,AT31,2007,31000
A,PPS_EU27_2020_HAB,AT31,2008,32400
A,PPS_EU27_2020_HAB,AT31,2009,30800
A,PPS_EU27_2020_HAB,AT31,2010,31700
A,PPS_EU27_2020_HAB,AT31,2011,33600
A,PPS_EU27_2020_HAB,AT31,2012,34700
A,PPS_EU27_2020_HAB,AT31,2013,35400
A,PPS_EU27_2020_HAB,AT31,2014,35800
A,PPS_EU27_2020_HAB,AT31,2015,36900
A,PPS_EU27_2020_HAB,AT31,2016,37400
A,PPS_EU27_2020_HAB,AT31,2017,38300
A,PPS_EU27_2020_HAB,AT31,2018,39900
A,PPS_EU27_2020_HAB,AT31,2019,40800
A,PPS_EU27_2020_HAB,AT31,2020,39100
A,PPS_EU27_2020_HAB,AT31,2021,42000
A,PPS_EU27_2020_HAB,AT31,2022,45800
A,PPS_EU27_2020_HAB,AT31,2023,47200
A,PPS_EU27_2020_HAB,AT31,2024,47500
A,PPS_EU27_2020_HAB,AT32,2000,26600
A,PPS_EU27_2020_HAB,AT32,2001,26800
A,PPS_EU27_2020_HAB,AT32,2002,27900
A,PPS_EU27_2020_HAB,AT32,2003,29200
A,PPS_EU27_2020_HAB,AT32,2004,30800
A,PPS_EU27_2020_HAB,AT32,2005,32100
A,PPS_EU27_2020_HAB,AT32,2006,33800
A,PPS_EU27_2020_HAB,AT32,2007,35600
A,PPS_EU27_2020_HAB,AT32,2008,36100
A,PPS_EU27_2020_HAB,AT32,2009,34800
A,PPS_EU27_2020_HAB,AT32,2010,36800
A,PPS_EU27_2020_HAB,AT32,2011,38200
A,PPS_EU27_2020_HAB,AT32,2012,40100
A,PPS_EU27_2020_HAB,AT32,2013,39600
A,PPS_EU27_2020_HAB,AT32,2014,39900
A,PPS_EU27_2020_HAB,AT32,2015,41400
A,PPS_EU27_2020_HAB,AT32,2016,42600
A,PPS_EU27_2020_HAB,AT32,2017,43300
A,PPS_EU27_2020_HAB,AT32,2018,44800
A,PPS_EU27_2020_HAB,AT32,2019,45900
A,PPS_EU27_2020_HAB,AT32,2020,44000
A,PPS_EU27_2020_HAB,AT32,2021,46400
A,PPS_EU27_2020_HAB,AT32,2022,54500
A,PPS_EU27_2020_HAB,AT32,2023,56200
A,PPS_EU27_2020_HAB,AT32,2024,58100
A,PPS_EU27_2020_HAB,AT33,2000,24300
A,PPS_EU27_2020_HAB,AT33,2001,24800
A,PPS_EU27_2020_HAB,AT33,2002,25800
A,PPS_EU27_2020_HAB,AT33,2003,26900
A,PPS_EU27_2020_HAB,AT33,2004,27600
A,PPS_EU27_2020_HAB,AT33,2005,29400
A,PPS_EU27_2020_HAB,AT33,2006,30700
A,PPS_EU27_2020_HAB,AT33,2007,31500
A,PPS_EU27_2020_HAB,AT33,2008,31900
A,PPS_EU27_2020_HAB,AT33,2009,31300
A,PPS_EU27_2020_HAB,AT33,2010,32100
A,PPS_EU27_2020_HAB,AT33,2011,33300
A,PPS_EU27_2020_HAB,AT33,2012,35000
A,PPS_EU27_2020_HAB,AT33,2013,35600
A,PPS_EU27_2020_HAB,AT33,2014,35700
A,PPS_EU27_2020_HAB,AT33,2015,37300
A,PPS_EU27_2020_HAB,AT33,2016,37900
A,PPS_EU27_2020_HAB,AT33,2017,38600
A,PPS_EU27_2020_HAB,AT33,2018,40100
A,PPS_EU27_2020_HAB,AT33,2019,41200
A,PPS_EU27_2020_HAB,AT33,2020,38500
A,PPS_EU27_2020_HAB,AT33,2021,39400
A,PPS_EU27_2020_HAB,AT33,2022,46300
A,PPS_EU27_2020_HAB,AT33,2023,49000
A,PPS_EU27_2020_HAB,AT33,2024,50900
A,PPS_EU27_2020_HAB,AT34,2000,25100
A,PPS_EU27_2020_HAB,AT34,2001,25200
A,PPS_EU27_2020_HAB,AT34,2002,26200
A,PPS_EU27_2020_HAB,AT34,2003,26900
A,PPS_EU27_2020_HAB,AT34,2004,28200
A,PPS_EU27_2020_HAB,AT34,2005,29400
A,PPS_EU27_2020_HAB,AT34,2006,30700
A,PPS_EU27_2020_HAB,AT34,2007,32000
A,PPS_EU27_2020_HAB,AT34,2008,32700
A,PPS_EU27_2020_HAB,AT34,2009,31800
A,PPS_EU27_2020_HAB,AT34,2010,32500
A,PPS_EU27_2020_HAB,AT34,2011,34200
A,PPS_EU27_2020_HAB,AT34,2012,35200
A,PPS_EU27_2020_HAB,AT34,2013,36400
A,PPS_EU27_2020_HAB,AT34,2014,37300
A,PPS_EU27_2020_HAB,AT34,2015,39800
A,PPS_EU27_2020_HAB,AT34,2016,39200
A,PPS_EU27_2020_HAB,AT34,2017,40400
A,PPS_EU27_2020_HAB,AT34,2018,43100
A,PPS_EU27_2020_HAB,AT34,2019,41700
A,PPS_EU27_2020_HAB,AT34,2020,40000
A,PPS_EU27_2020_HAB,AT34,2021,45500
A,PPS_EU27_2020_HAB,AT34,2022,53200
A,PPS_EU27_2020_HAB,AT34,2023,48500
A,PPS_EU27_2020_HAB,AT34,2024,49900
A,PPS_EU27_2020_HAB,BE,2000,23100
A,PPS_EU27_2020_HAB,BE,2001,23800
A,PPS_EU27_2020_HAB,BE,2002,24800
A,PPS_EU27_2020_HAB,BE,2003,25400
A,PPS_EU27_2020_HAB,BE,2004,26200
A,PPS_EU27_2020_HAB,BE,2005,27200
A,PPS_EU27_2020_HAB,BE,2006,28000
A,PPS_EU27_2020_HAB,BE,2007,29100
A,PPS_EU27_2020_HAB,BE,2008,29400
A,PPS_EU27_2020_HAB,BE,2009,28600
A,PPS_EU27_2020_HAB,BE,2010,30200
A,PPS_EU27_2020_HAB,BE,2011,30700
A,PPS_EU27_2020_HAB,BE,2012,31400
A,PPS_EU27_2020_HAB,BE,2013,31700
A,PPS_EU27_2020_HAB,BE,2014,32400
A,PPS_EU27_2020_HAB,BE,2015,33100
A,PPS_EU27_2020_HAB,BE,2016,33600
A,PPS_EU27_2020_HAB,BE,2017,34500
A,PPS_EU27_2020_HAB,BE,2018,35600
A,PPS_EU27_2020_HAB,BE,2019,36900
A,PPS_EU27_2020_HAB,BE,2020,35900
A,PPS_EU27_2020_HAB,BE,2021,38700
A,PPS_EU27_2020_HAB,BE,2022,42500
A,PPS_EU27_2020_HAB,BE,2023,45400
A,PPS_EU27_2020_HAB,BE,2024,46600
A,PPS_EU27_2020_HAB,BE1,2003,51500
A,PPS_EU27_2020_HAB,BE1,2004,52800
A,PPS_EU27_2020_HAB,BE1,2005,54000
A,PPS_EU27_2020_HAB,BE1,2006,55100
A,PPS_EU27_2020_HAB,BE1,2007,55800
A,PPS_EU27_2020_HAB,BE1,2008,55300
A,PPS_EU27_2020_HAB,BE1,2009,53900
A,PPS_EU27_2020_HAB,BE1,2010,56000
A,PPS_EU27_2020_HAB,BE1,2011,55400
A,PPS_EU27_2020_HAB,BE1,2012,56600
A,PPS_EU27_2020_HAB,BE1,2013,56200
A,PPS_EU27_2020_HAB,BE1,2014,57500
A,PPS_EU27_2020_HAB,BE1,2015,58800
A,PPS_EU27_2020_HAB,BE1,2016,58700
A,PPS_EU27_2020_HAB,BE1,2017,60200
A,PPS_EU27_2020_HAB,BE1,2018,61000
A,PPS_EU27_2020_HAB,BE1,2019,63300
A,PPS_EU27_2020_HAB,BE1,2020,60700
A,PPS_EU27_2020_HAB,BE1,2021,64600
A,PPS_EU27_2020_HAB,BE1,2022,68900
A,PPS_EU27_2020_HAB,BE1,2023,73100
A,PPS_EU27_2020_HAB,BE1,2024,76000
A,PPS_EU27_2020_HAB,BE10,2003,51500
A,PPS_EU27_2020_HAB,BE10,2004,52800
A,PPS_EU27_2020_HAB,BE10,2005,54000
A,PPS_EU27_2020_HAB,BE10,2006,55100
A,PPS_EU27_2020_HAB,BE10,2007,55800
A,PPS_EU27_2020_HAB,BE10,2008,55300
A,PPS_EU27_2020_HAB,BE10,2009,53900
A,PPS_EU27_2020_HAB,BE10,2010,56000
A,PPS_EU27_2020_HAB,BE10,2011,55400
A,PPS_EU27_2020_HAB,BE10,2012,56600
A,PPS_EU27_2020_HAB,BE10,2013,56200
A,PPS_EU27_2020_HAB,BE10,2014,57500
A,PPS_EU27_2020_HAB,BE10,2015,58800
A,PPS_EU27_2020_HAB,BE10,2016,58700
A,PPS_EU27_2020_HAB,BE10,2017,60200
A,PPS_EU27_2020_HAB,BE10,2018,61000
A,PPS_EU27_2020_HAB,BE10,2019,63300
A,PPS_EU27_2020_HAB,BE10,2020,60700
A,PPS_EU27_2020_HAB,BE10,2021,64600
A,PPS_EU27_2020_HAB,BE10,2022,68900
A,PPS_EU27_2020_HAB,BE10,2023,73100
A,PPS_EU27_2020_HAB,BE10,2024,76000
A,PPS_EU27_2020_HAB,BE2,2003,25100
A,PPS_EU27_2020_HAB,BE2,2004,25900
A,PPS_EU27_2020_HAB,BE2,2005,26900
A,PPS_EU27_2020_HAB,BE2,2006,28000
A,PPS_EU27_2020_HAB,BE2,2007,29200
A,PPS_EU27_2020_HAB,BE2,2008,29500
A,PPS_EU27_2020_HAB,BE2,2009,28600
A,PPS_EU27_2020_HAB,BE2,2010,30000
A,PPS_EU27_2020_HAB,BE2,2011,30900
A,PPS_EU27_2020_HAB,BE2,2012,31500
A,PPS_EU27_2020_HAB,BE2,2013,31900
A,PPS_EU27_2020_HAB,BE2,2014,32600
A,PPS_EU27_2020_HAB,BE2,2015,33500
A,PPS_EU27_2020_HAB,BE2,2016,34200
A,PPS_EU27_2020_HAB,BE2,2017,35100
A,PPS_EU27_2020_HAB,BE2,2018,36100
A,PPS_EU27_2020_HAB,BE2,2019,37300
A,PPS_EU27_2020_HAB,BE2,2020,36400
A,PPS_EU27_2020_HAB,BE2,2021,39700
A,PPS_EU27_2020_HAB,BE2,2022,43700
A,PPS_EU27_2020_HAB,BE2,2023,46700
A,PPS_EU27_2020_HAB,BE2,2024,47700
A,PPS_EU27_2020_HAB,BE21,2003,29400
A,PPS_EU27_2020_HAB,BE21,2004,30600
A,PPS_EU27_2020_HAB,BE21,2005,32500
A,PPS_EU27_2020_HAB,BE21,2006,33000
A,PPS_EU27_2020_HAB,BE21,2007,34400
A,PPS_EU27_2020_HAB,BE21,2008,34800
A,PPS_EU27_2020_HAB,BE21,2009,33200
A,PPS_EU27_2020_HAB,BE21,2010,34900
A,PPS_EU27_2020_HAB,BE21,2011,35800
A,PPS_EU27_2020_HAB,BE21,2012,36500
A,PPS_EU27_2020_HAB,BE21,2013,36900
A,PPS_EU27_2020_HAB,BE21,2014,37700
A,PPS_EU27_2020_HAB,BE21,2015,38900
A,PPS_EU27_2020_HAB,BE21,2016,39600
A,PPS_EU27_2020_HAB,BE21,2017,40500
A,PPS_EU27_2020_HAB,BE21,2018,41800
A,PPS_EU27_2020_HAB,BE21,2019,43200
A,PPS_EU27_2020_HAB,BE21,2020,42500
A,PPS_EU27_2020_HAB,BE21,2021,45400
A,PPS_EU27_2020_HAB,BE21,2022,51000
A,PPS_EU27_2020_HAB,BE21,2023,53600
A,PPS_EU27_2020_HAB,BE21,2024,54100
A,PPS_EU27_2020_HAB,BE22,2003,21200
A,PPS_EU27_2020_HAB,BE22,2004,21400
A,PPS_EU27_2020_HAB,BE22,2005,21800
A,PPS_EU27_2020_HAB,BE22,2006,22900
A,PPS_EU27_2020_HAB,BE22,2007,23800
A,PPS_EU27_2020_HAB,BE22,2008,24400
A,PPS_EU27_2020_HAB,BE22,2009,22600
A,PPS_EU27_2020_HAB,BE22,2010,23900
A,PPS_EU27_2020_HAB,BE22,2011,24800
A,PPS_EU27_2020_HAB,BE22,2012,25000
A,PPS_EU27_2020_HAB,BE22,2013,25400
A,PPS_EU27_2020_HAB,BE22,2014,26100
A,PPS_EU27_2020_HAB,BE22,2015,26300
A,PPS_EU27_2020_HAB,BE22,2016,26800
A,PPS_EU27_2020_HAB,BE22,2017,27800
A,PPS_EU27_2020_HAB,BE22,2018,28700
A,PPS_EU27_2020_HAB,BE22,2019,29600
A,PPS_EU27_2020_HAB,BE22,2020,28800
A,PPS_EU27_2020_HAB,BE22,2021,31300
A,PPS_EU27_2020_HAB,BE22,2022,34800
A,PPS_EU27_2020_HAB,BE22,2023,36700
A,PPS_EU27_2020_HAB,BE22,2024,37500
A,PPS_EU27_2020_HAB,BE23,2003,22600
A,PPS_EU27_2020_HAB,BE23,2004,23200
A,PPS_EU27_2020_HAB,BE23,2005,23900
A,PPS_EU27_2020_HAB,BE23,2006,24900
A,PPS_EU27_2020_HAB,BE23,2007,26100
A,PPS_EU27_2020_HAB,BE23,2008,26200
A,PPS_EU27_2020_HAB,BE23,2009,26000
A,PPS_EU27_2020_HAB,BE23,2010,27200
A,PPS_EU27_2020_HAB,BE23,2011,28100
A,PPS_EU27_2020_HAB,BE23,2012,28400
A,PPS_EU27_2020_HAB,BE23,2013,28900
A,PPS_EU27_2020_HAB,BE23,2014,29400
A,PPS_EU27_2020_HAB,BE23,2015,30500
A,PPS_EU27_2020_HAB,BE23,2016,31000
A,PPS_EU27_2020_HAB,BE23,2017,32100
A,PPS_EU27_2020_HAB,BE23,2018,32700
A,PPS_EU27_2020_HAB,BE23,2019,33800
A,PPS_EU27_2020_HAB,BE23,2020,33100
A,PPS_EU27_2020_HAB,BE23,2021,36500
A,PPS_EU27_2020_HAB,BE23,2022,40400
A,PPS_EU27_2020_HAB,BE23,2023,42800
A,PPS_EU27_2020_HAB,BE23,2024,44100
A,PPS_EU27_2020_HAB,BE24,2003,26000
A,PPS_EU27_2020_HAB,BE24,2004,27000
A,PPS_EU27_2020_HAB,BE24,2005,28000
A,PPS_EU27_2020_HAB,BE24,2006,29300
A,PPS_EU27_2020_HAB,BE24,2007,30400
A,PPS_EU27_2020_HAB,BE24,2008,30800
A,PPS_EU27_2020_HAB,BE24,2009,31000
A,PPS_EU27_2020_HAB,BE24,2010,32100
A,PPS_EU27_2020_HAB,BE24,2011,32900
A,PPS_EU27_2020_HAB,BE24,2012,34100
A,PPS_EU27_2020_HAB,BE24,2013,34400
A,PPS_EU27_2020_HAB,BE24,2014,34800
A,PPS_EU27_2020_HAB,BE24,2015,35900
A,PPS_EU27_2020_HAB,BE24,2016,36800
A,PPS_EU27_2020_HAB,BE24,2017,37500
A,PPS_EU27_2020_HAB,BE24,2018,38500
A,PPS_EU27_2020_HAB,BE24,2019,39900
A,PPS_EU27_2020_HAB,BE24,2020,38100
A,PPS_EU27_2020_HAB,BE24,2021,42700
A,PPS_EU27_2020_HAB,BE24,2022,44700
A,PPS_EU27_2020_HAB,BE24,2023,49500
A,PPS_EU27_2020_HAB,BE24,2024,50900
A,PPS_EU27_2020_HAB,BE25,2003,23700
A,PPS_EU27_2020_HAB,BE25,2004,24400
A,PPS_EU27_2020_HAB,BE25,2005,25300
A,PPS_EU27_2020_HAB,BE25,2006,26600
A,PPS_EU27_2020_HAB,BE25,2007,27800
A,PPS_EU27_2020_HAB,BE25,2008,27800
A,PPS_EU27_2020_HAB,BE25,2009,26900
A,PPS_EU27_2020_HAB,BE25,2010,28600
A,PPS_EU27_2020_HAB,BE25,2011,29400
A,PPS_EU27_2020_HAB,BE25,2012,30000
A,PPS_EU27_2020_HAB,BE25,2013,30500
A,PPS_EU27_2020_HAB,BE25,2014,31500
A,PPS_EU27_2020_HAB,BE25,2015,32000
A,PPS_EU27_2020_HAB,BE25,2016,32800
A,PPS_EU27_2020_HAB,BE25,2017,33600
A,PPS_EU27_2020_HAB,BE25,2018,34400
A,PPS_EU27_2020_HAB,BE25,2019,35700
A,PPS_EU27_2020_HAB,BE25,2020,35000
A,PPS_EU27_2020_HAB,BE25,2021,38100
A,PPS_EU27_2020_HAB,BE25,2022,42000
A,PPS_EU27_2020_HAB,BE25,2023,45600
A,PPS_EU27_2020_HAB,BE25,2024,46700
A,PPS_EU27_2020_HAB,BE3,2003,18200
A,PPS_EU27_2020_HAB,BE3,2004,18800
A,PPS_EU27_2020_HAB,BE3,2005,19600
A,PPS_EU27_2020_HAB,BE3,2006,20000
A,PPS_EU27_2020_HAB,BE3,2007,20800
A,PPS_EU27_2020_HAB,BE3,2008,21300
A,PPS_EU27_2020_HAB,BE3,2009,20900
A,PPS_EU27_2020_HAB,BE3,2010,22200
A,PPS_EU27_2020_HAB,BE3,2011,22500
A,PPS_EU27_2020_HAB,BE3,2012,22900
A,PPS_EU27_2020_HAB,BE3,2013,23100
A,PPS_EU27_2020_HAB,BE3,2014,23600
A,PPS_EU27_2020_HAB,BE3,2015,23900
A,PPS_EU27_2020_HAB,BE3,2016,24300
A,PPS_EU27_2020_HAB,BE3,2017,24900
A,PPS_EU27_2020_HAB,BE3,2018,26200
A,PPS_EU27_2020_HAB,BE3,2019,27300
A,PPS_EU27_2020_HAB,BE3,2020,26500
A,PPS_EU27_2020_HAB,BE3,2021,28200
A,PPS_EU27_2020_HAB,BE3,2022,31400
A,PPS_EU27_2020_HAB,BE3,2023,33600
A,PPS_EU27_2020_HAB,BE3,2024,34600
A,PPS_EU27_2020_HAB,BE31,2003,25300
A,PPS_EU27_2020_HAB,BE31,2004,26600
A,PPS_EU27_2020_HAB,BE31,2005,28400
A,PPS_EU27_2020_HAB,BE31,2006,28000
A,PPS_EU27_2020_HAB,BE31,2007,30000
A,PPS_EU27_2020_HAB,BE31,2008,30800
A,PPS_EU27_2020_HAB,BE31,2009,31000
A,PPS_EU27_2020_HAB,BE31,2010,35300
A,PPS_EU27_2020_HAB,BE31,2011,33300
A,PPS_EU27_2020_HAB,BE31,2012,34600
A,PPS_EU27_2020_HAB,BE31,2013,35700
A,PPS_EU27_2020_HAB,BE31,2014,37000
A,PPS_EU27_2020_HAB,BE31,2015,37000
A,PPS_EU27_2020_HAB,BE31,2016,38800
A,PPS_EU27_2020_HAB,BE31,2017,40200
A,PPS_EU27_2020_HAB,BE31,2018,44800
A,PPS_EU27_2020_HAB,BE31,2019,49600
A,PPS_EU27_2020_HAB,BE31,2020,48800
A,PPS_EU27_2020_HAB,BE31,2021,46800
A,PPS_EU27_2020_HAB,BE31,2022,54900
A,PPS_EU27_2020_HAB,BE31,2023,60600
A,PPS_EU27_2020_HAB,BE31,2024,61900
A,PPS_EU27_2020_HAB,BE32,2003,16300
A,PPS_EU27_2020_HAB,BE32,2004,17100
A,PPS_EU27_2020_HAB,BE32,2005,17600
A,PPS_EU27_2020_HAB,BE32,2006,18000
A,PPS_EU27_2020_HAB,BE32,2007,18600
A,PPS_EU27_2020_HAB,BE32,2008,19200
A,PPS_EU27_2020_HAB,BE32,2009,18300
A,PPS_EU27_2020_HAB,BE32,2010,19400
A,PPS_EU27_2020_HAB,BE32,2011,19900
A,PPS_EU27_2020_HAB,BE32,2012,20000
A,PPS_EU27_2020_HAB,BE32,2013,20000
A,PPS_EU27_2020_HAB,BE32,2014,20500
A,PPS_EU27_2020_HAB,BE32,2015,20900
A,PPS_EU27_2020_HAB,BE32,2016,21100
A,PPS_EU27_2020_HAB,BE32,2017,21500
A,PPS_EU27_2020_HAB,BE32,2018,22400
A,PPS_EU27_2020_HAB,BE32,2019,22900
A,PPS_EU27_2020_HAB,BE32,2020,22200
A,PPS_EU27_2020_HAB,BE32,2021,24000
A,PPS_EU27_2020_HAB,BE32,2022,26300
A,PPS_EU27_2020_HAB,BE32,2023,27800
A,PPS_EU27_2020_HAB,BE32,2024,28800
A,PPS_EU27_2020_HAB,BE33,2003,18400
A,PPS_EU27_2020_HAB,BE33,2004,19000
A,PPS_EU27_2020_HAB,BE33,2005,19700
A,PPS_EU27_2020_HAB,BE33,2006,20300
A,PPS_EU27_2020_HAB,BE33,2007,21000
A,PPS_EU27_2020_HAB,BE33,2008,21500
A,PPS_EU27_2020_HAB,BE33,2009,21500
A,PPS_EU27_2020_HAB,BE33,2010,22400
A,PPS_EU27_2020_HAB,BE33,2011,23100
A,PPS_EU27_2020_HAB,BE33,2012,23500
A,PPS_EU27_2020_HAB,BE33,2013,23800
A,PPS_EU27_2020_HAB,BE33,2014,24100
A,PPS_EU27_2020_HAB,BE33,2015,24300
A,PPS_EU27_2020_HAB,BE33,2016,24500
A,PPS_EU27_2020_HAB,BE33,2017,25300
A,PPS_EU27_2020_HAB,BE33,2018,26200
A,PPS_EU27_2020_HAB,BE33,2019,27000
A,PPS_EU27_2020_HAB,BE33,2020,26000
A,PPS_EU27_2020_HAB,BE33,2021,28300
A,PPS_EU27_2020_HAB,BE33,2022,31300
A,PPS_EU27_2020_HAB,BE33,2023,33300
A,PPS_EU27_2020_HAB,BE33,2024,34200
A,PPS_EU27_2020_HAB,BE34,2003,17400
A,PPS_EU27_2020_HAB,BE34,2004,17500
A,PPS_EU27_2020_HAB,BE34,2005,18200
A,PPS_EU27_2020_HAB,BE34,2006,19100
A,PPS_EU27_2020_HAB,BE34,2007,19300
A,PPS_EU27_2020_HAB,BE34,2008,19300
A,PPS_EU27_2020_HAB,BE34,2009,18500
A,PPS_EU27_2020_HAB,BE34,2010,19200
A,PPS_EU27_2020_HAB,BE34,2011,19500
A,PPS_EU27_2020_HAB,BE34,2012,19800
A,PPS_EU27_2020_HAB,BE34,2013,19900
A,PPS_EU27_2020_HAB,BE34,2014,20100
A,PPS_EU27_2020_HAB,BE34,2015,20400
A,PPS_EU27_2020_HAB,BE34,2016,20700
A,PPS_EU27_2020_HAB,BE34,2017,21200
A,PPS_EU27_2020_HAB,BE34,2018,22000
A,PPS_EU27_2020_HAB,BE34,2019,22600
A,PPS_EU27_2020_HAB,BE34,2020,22100
A,PPS_EU27_2020_HAB,BE34,2021,24300
A,PPS_EU27_2020_HAB,BE34,2022,26900
A,PPS_EU27_2020_HAB,BE34,2023,28100
A,PPS_EU27_2020_HAB,BE34,2024,28900
A,PPS_EU27_2020_HAB,BE35,2003,17400
A,PPS_EU27_2020_HAB,BE35,2004,17900
A,PPS_EU27_2020_HAB,BE35,2005,18600
A,PPS_EU27_2020_HAB,BE35,2006,19300
A,PPS_EU27_2020_HAB,BE35,2007,19700
A,PPS_EU27_2020_HAB,BE35,2008,20400
A,PPS_EU27_2020_HAB,BE35,2009,19800
A,PPS_EU27_2020_HAB,BE35,2010,21100
A,PPS_EU27_2020_HAB,BE35,2011,21300
A,PPS_EU27_2020_HAB,BE35,2012,21800
A,PPS_EU27_2020_HAB,BE35,2013,22100
A,PPS_EU27_2020_HAB,BE35,2014,22200
A,PPS_EU27_2020_HAB,BE35,2015,22400
A,PPS_EU27_2020_HAB,BE35,2016,22900
A,PPS_EU27_2020_HAB,BE35,2017,23200
A,PPS_EU27_2020_HAB,BE35,2018,24000
A,PPS_EU27_2020_HAB,BE35,2019,24400
A,PPS_EU27_2020_HAB,BE35,2020,24000
A,PPS_EU27_2020_HAB,BE35,2021,26100
A,PPS_EU27_2020_HAB,BE35,2022,28700
A,PPS_EU27_2020_HAB,BE35,2023,30900
A,PPS_EU27_2020_HAB,BE35,2024,31900
A,PPS_EU27_2020_HAB,BG,2000,5300
A,PPS_EU27_2020_HAB,BG,2001,5800
A,PPS_EU27_2020_HAB,BG,2002,6400
A,PPS_EU27_2020_HAB,BG,2003,6900
A,PPS_EU27_2020_HAB,BG,2004,7500
A,PPS_EU27_2020_HAB,BG,2005,8300
A,PPS_EU27_2020_HAB,BG,2006,9000
A,PPS_EU27_2020_HAB,BG,2007,10000
A,PPS_EU27_2020_HAB,BG,2008,10900
A,PPS_EU27_2020_HAB,BG,2009,10500
A,PPS_EU27_2020_HAB,BG,2010,11100
A,PPS_EU27_2020_HAB,BG,2011,11700
A,PPS_EU27_2020_HAB,BG,2012,12100
A,PPS_EU27_2020_HAB,BG,2013,12200
A,PPS_EU27_2020_HAB,BG,2014,12900
A,PPS_EU27_2020_HAB,BG,2015,13600
A,PPS_EU27_2020_HAB,BG,2016,14400
A,PPS_EU27_2020_HAB,BG,2017,15300
A,PPS_EU27_2020_HAB,BG,2018,16300
A,PPS_EU27_2020_HAB,BG,2019,17400
A,PPS_EU27_2020_HAB,BG,2020,17500
A,PPS_EU27_2020_HAB,BG,2021,19700
A,PPS_EU27_2020_HAB,BG,2022,22400
A,PPS_EU27_2020_HAB,BG,2023,24300
A,PPS_EU27_2020_HAB,BG,2024,26300
A,PPS_EU27_2020_HAB,BG3,2000,4900
A,PPS_EU27_2020_HAB,BG3,2001,5200
A,PPS_EU27_2020_HAB,BG3,2002,5500
A,PPS_EU27_2020_HAB,BG3,2003,5900
A,PPS_EU27_2020_HAB,BG3,2004,6300
A,PPS_EU27_2020_HAB,BG3,2005,7000
A,PPS_EU27_2020_HAB,BG3,2006,7100
A,PPS_EU27_2020_HAB,BG3,2007,7600
A,PPS_EU27_2020_HAB,BG3,2008,8300
A,PPS_EU27_2020_HAB,BG3,2009,7900
A,PPS_EU27_2020_HAB,BG3,2010,8100
A,PPS_EU27_2020_HAB,BG3,2011,8700
A,PPS_EU27_2020_HAB,BG3,2012,9200
A,PPS_EU27_2020_HAB,BG3,2013,9300
A,PPS_EU27_2020_HAB,BG3,2014,10000
A,PPS_EU27_2020_HAB,BG3,2015,10300
A,PPS_EU27_2020_HAB,BG3,2016,11000
A,PPS_EU27_2020_HAB,BG3,2017,11700
A,PPS_EU27_2020_HAB,BG3,2018,12300
A,PPS_EU27_2020_HAB,BG3,2019,12500
A,PPS_EU27_2020_HAB,BG3,2020,12400
A,PPS_EU27_2020_HAB,BG3,2021,14600
A,PPS_EU27_2020_HAB,BG3,2022,17300
A,PPS_EU27_2020_HAB,BG3,2023,18400
A,PPS_EU27_2020_HAB,BG3,2024,19500
A,PPS_EU27_2020_HAB,BG31,2000,4700
A,PPS_EU27_2020_HAB,BG31,2001,5100
A,PPS_EU27_2020_HAB,BG31,2002,5300
A,PPS_EU27_2020_HAB,BG31,2003,5500
A,PPS_EU27_2020_HAB,BG31,2004,5700
A,PPS_EU27_2020_HAB,BG31,2005,6300
A,PPS_EU27_2020_HAB,BG31,2006,6200
A,PPS_EU27_2020_HAB,BG31,2007,6700
A,PPS_EU27_2020_HAB,BG31,2008,7100
A,PPS_EU27_2020_HAB,BG31,2009,6600
A,PPS_EU27_2020_HAB,BG31,2010,6800
A,PPS_EU27_2020_HAB,BG31,2011,7400
A,PPS_EU27_2020_HAB,BG31,2012,7600
A,PPS_EU27_2020_HAB,BG31,2013,7600
A,PPS_EU27_2020_HAB,BG31,2014,8200
A,PPS_EU27_2020_HAB,BG31,2015,8200
A,PPS_EU27_2020_HAB,BG31,2016,8600
A,PPS_EU27_2020_HAB,BG31,2017,9400
A,PPS_EU27_2020_HAB,BG31,2018,10500
A,PPS_EU27_2020_HAB,BG31,2019,10400
A,PPS_EU27_2020_HAB,BG31,2020,11100
A,PPS_EU27_2020_HAB,BG31,2021,13000
A,PPS_EU27_2020_HAB,BG31,2022,14900
A,PPS_EU27_2020_HAB,BG31,2023,16200
A,PPS_EU27_2020_HAB,BG31,2024,16700
A,PPS_EU27_2020_HAB,BG32,2000,4300
A,PPS_EU27_2020_HAB,BG32,2001,4900
A,PPS_EU27_2020_HAB,BG32,2002,5500
A,PPS_EU27_2020_HAB,BG32,2003,5500
A,PPS_EU27_2020_HAB,BG32,2004,5800
A,PPS_EU27_2020_HAB,BG32,2005,6500
A,PPS_EU27_2020_HAB,BG32,2006,6600
A,PPS_EU27_2020_HAB,BG32,2007,7000
A,PPS_EU27_2020_HAB,BG32,2008,7500
A,PPS_EU27_2020_HAB,BG32,2009,7100
A,PPS_EU27_2020_HAB,BG32,2010,7300
A,PPS_EU27_2020_HAB,BG32,2011,7900
A,PPS_EU27_2020_HAB,BG32,2012,8400
A,PPS_EU27_2020_HAB,BG32,2013,8700
A,PPS_EU27_2020_HAB,BG32,2014,9400
A,PPS_EU27_2020_HAB,BG32,2015,9600
A,PPS_EU27_2020_HAB,BG32,2016,10000
A,PPS_EU27_2020_HAB,BG32,2017,10600
A,PPS_EU27_2020_HAB,BG32,2018,11300
A,PPS_EU27_2020_HAB,BG32,2019,11900
A,PPS_EU27_2020_HAB,BG32,2020,12000
A,PPS_EU27_2020_HAB,BG32,2021,13800
A,PPS_EU27_2020_HAB,BG32,2022,14900
A,PPS_EU27_2020_HAB,BG32,2023,16700
A,PPS_EU27_2020_HAB,BG32,2024,17300
A,PPS_EU27_2020_HAB,BG33,2000,5100
A,PPS_EU27_2020_HAB,BG33,2001,5200
A,PPS_EU27_2020_HAB,BG33,2002,5600
A,PPS_EU27_2020_HAB,BG33,2003,6100
A,PPS_EU27_2020_HAB,BG33,2004,6600
A,PPS_EU27_2020_HAB,BG33,2005,7200
A,PPS_EU27_2020_HAB,BG33,2006,7900
A,PPS_EU27_2020_HAB,BG33,2007,8600
A,PPS_EU27_2020_HAB,BG33,2008,9500
A,PPS_EU27_2020_HAB,BG33,2009,8700
A,PPS_EU27_2020_HAB,BG33,2010,9000
A,PPS_EU27_2020_HAB,BG33,2011,9600
A,PPS_EU27_2020_HAB,BG33,2012,10100
A,PPS_EU27_2020_HAB,BG33,2013,10200
A,PPS_EU27_2020_HAB,BG33,2014,11000
A,PPS_EU27_2020_HAB,BG33,2015,11400
A,PPS_EU27_2020_HAB,BG33,2016,11900
A,PPS_EU27_2020_HAB,BG33,2017,12600
A,PPS_EU27_2020_HAB,BG33,2018,13500
A,PPS_EU27_2020_HAB,BG33,2019,14100
A,PPS_EU27_2020_HAB,BG33,2020,13800
A,PPS_EU27_2020_HAB,BG33,2021,15500
A,PPS_EU27_2020_HAB,BG33,2022,17300
A,PPS_EU27_2020_HAB,BG33,2023,19000
A,PPS_EU27_2020_HAB,BG33,2024,20200
A,PPS_EU27_2020_HAB,BG34,2000,5500
A,PPS_EU27_2020_HAB,BG34,2001,5500
A,PPS_EU27_2020_HAB,BG34,2002,5700
A,PPS_EU27_2020_HAB,BG34,2003,6300
A,PPS_EU27_2020_HAB,BG34,2004,6800
A,PPS_EU27_2020_HAB,BG34,2005,7800
A,PPS_EU27_2020_HAB,BG34,2006,7800
A,PPS_EU27_2020_HAB,BG34,2007,8100
A,PPS_EU27_2020_HAB,BG34,2008,9000
A,PPS_EU27_2020_HAB,BG34,2009,8800
A,PPS_EU27_2020_HAB,BG34,2010,9200
A,PPS_EU27_2020_HAB,BG34,2011,9500
A,PPS_EU27_2020_HAB,BG34,2012,10200
A,PPS_EU27_2020_HAB,BG34,2013,10300
A,PPS_EU27_2020_HAB,BG34,2014,11100
A,PPS_EU27_2020_HAB,BG34,2015,11300
A,PPS_EU27_2020_HAB,BG34,2016,12800
A,PPS_EU27_2020_HAB,BG34,2017,13500
A,PPS_EU27_2020_HAB,BG34,2018,13400
A,PPS_EU27_2020_HAB,BG34,2019,13200
A,PPS_EU27_2020_HAB,BG34,2020,12300
A,PPS_EU27_2020_HAB,BG34,2021,15400
A,PPS_EU27_2020_HAB,BG34,2022,20800
A,PPS_EU27_2020_HAB,BG34,2023,20700
A,PPS_EU27_2020_HAB,BG34,2024,22600
A,PPS_EU27_2020_HAB,BG4,2000,5800
A,PPS_EU27_2020_HAB,BG4,2001,6600
A,PPS_EU27_2020_HAB,BG4,2002,7300
A,PPS_EU27_2020_HAB,BG4,2003,8000
A,PPS_EU27_2020_HAB,BG4,2004,8800
A,PPS_EU27_2020_HAB,BG4,2005,9800
A,PPS_EU27_2020_HAB,BG4,2006,10900
A,PPS_EU27_2020_HAB,BG4,2007,12500
A,PPS_EU27_2020_HAB,BG4,2008,13800
A,PPS_EU27_2020_HAB,BG4,2009,13400
A,PPS_EU27_2020_HAB,BG4,2010,14300
A,PPS_EU27_2020_HAB,BG4,2011,14900
A,PPS_EU27_2020_HAB,BG4,2012,15200
A,PPS_EU27_2020_HAB,BG4,2013,15200
A,PPS_EU27_2020_HAB,BG4,2014,15800
A,PPS_EU27_2020_HAB,BG4,2015,16900
A,PPS_EU27_2020_HAB,BG4,2016,17800
A,PPS_EU27_2020_HAB,BG4,2017,18900
A,PPS_EU27_2020_HAB,BG4,2018,20100
A,PPS_EU27_2020_HAB,BG4,2019,22100
A,PPS_EU27_2020_HAB,BG4,2020,22300
A,PPS_EU27_2020_HAB,BG4,2021,24700
A,PPS_EU27_2020_HAB,BG4,2022,27200
A,PPS_EU27_2020_HAB,BG4,2023,29700
A,PPS_EU27_2020_HAB,BG4,2024,32700
A,PPS_EU27_2020_HAB,BG41,2000,7200
A,PPS_EU27_2020_HAB,BG41,2001,8200
A,PPS_EU27_2020_HAB,BG41,2002,9200
A,PPS_EU27_2020_HAB,BG41,2003,10000
A,PPS_EU27_2020_HAB,BG41,2004,11000
A,PPS_EU27_2020_HAB,BG41,2005,12400
A,PPS_EU27_2020_HAB,BG41,2006,14000
A,PPS_EU27_2020_HAB,BG41,2007,16400
A,PPS_EU27_2020_HAB,BG41,2008,18200
A,PPS_EU27_2020_HAB,BG41,2009,17700
A,PPS_EU27_2020_HAB,BG41,2010,19000
A,PPS_EU27_2020_HAB,BG41,2011,19500
A,PPS_EU27_2020_HAB,BG41,2012,19700
A,PPS_EU27_2020_HAB,BG41,2013,19600
A,PPS_EU27_2020_HAB,BG41,2014,20500
A,PPS_EU27_2020_HAB,BG41,2015,21900
A,PPS_EU27_2020_HAB,BG41,2016,23000
A,PPS_EU27_2020_HAB,BG41,2017,24300
A,PPS_EU27_2020_HAB,BG41,2018,25700
A,PPS_EU27_2020_HAB,BG41,2019,28500
A,PPS_EU27_2020_HAB,BG41,2020,28500
A,PPS_EU27_2020_HAB,BG41,2021,32200
A,PPS_EU27_2020_HAB,BG41,2022,34900
A,PPS_EU27_2020_HAB,BG41,2023,38800
A,PPS_EU27_2020_HAB,BG41,2024,42600
A,PPS_EU27_2020_HAB,BG42,2000,4000
A,PPS_EU27_2020_HAB,BG42,2001,4500
A,PPS_EU27_2020_HAB,BG42,2002,4700
A,PPS_EU27_2020_HAB,BG42,2003,5200
A,PPS_EU27_2020_HAB,BG42,2004,5800
A,PPS_EU27_2020_HAB,BG42,2005,6400
A,PPS_EU27_2020_HAB,BG42,2006,6700
A,PPS_EU27_2020_HAB,BG42,2007,7200
A,PPS_EU27_2020_HAB,BG42,2008,7600
A,PPS_EU27_2020_HAB,BG42,2009,7400
A,PPS_EU27_2020_HAB,BG42,2010,7800
A,PPS_EU27_2020_HAB,BG42,2011,8200
A,PPS_EU27_2020_HAB,BG42,2012,8600
A,PPS_EU27_2020_HAB,BG42,2013,8600
A,PPS_EU27_2020_HAB,BG42,2014,8700
A,PPS_EU27_2020_HAB,BG42,2015,9600
A,PPS_EU27_2020_HAB,BG42,2016,10100
A,PPS_EU27_2020_HAB,BG42,2017,10700
A,PPS_EU27_2020_HAB,BG42,2018,11500
A,PPS_EU27_2020_HAB,BG42,2019,12300
A,PPS_EU27_2020_HAB,BG42,2020,12700
A,PPS_EU27_2020_HAB,BG42,2021,13100
A,PPS_EU27_2020_HAB,BG42,2022,15300
A,PPS_EU27_2020_HAB,BG42,2023,15700
A,PPS_EU27_2020_HAB,BG42,2024,17300
A,PPS_EU27_2020_HAB,CY,2000,17700
A,PPS_EU27_2020_HAB,CY,2001,18900
A,PPS_EU27_2020_HAB,CY,2002,19300
A,PPS_EU27_2020_HAB,CY,2003,19900
A,PPS_EU27_2020_HAB,CY,2004,21200
A,PPS_EU27_2020_HAB,CY,2005,22700
A,PPS_EU27_2020_HAB,CY,2006,23900
A,PPS_EU27_2020_HAB,CY,2007,26000
A,PPS_EU27_2020_HAB,CY,2008,27000
A,PPS_EU27_2020_HAB,CY,2009,25600
A,PPS_EU27_2020_HAB,CY,2010,25400
A,PPS_EU27_2020_HAB,CY,2011,24900
A,PPS_EU27_2020_HAB,CY,2012,23600
A,PPS_EU27_2020_HAB,CY,2013,22000
A,PPS_EU27_2020_HAB,CY,2014,21400
A,PPS_EU27_2020_HAB,CY,2015,22600
A,PPS_EU27_2020_HAB,CY,2016,24500
A,PPS_EU27_2020_HAB,CY,2017,25900
A,PPS_EU27_2020_HAB,CY,2018,27300
A,PPS_EU27_2020_HAB,CY,2019,28900
A,PPS_EU27_2020_HAB,CY,2020,27200
A,PPS_EU27_2020_HAB,CY,2021,30400
A,PPS_EU27_2020_HAB,CY,2022,34500
A,PPS_EU27_2020_HAB,CY,2023,37400
A,PPS_EU27_2020_HAB,CY,2024,39500
A,PPS_EU27_2020_HAB,CY0,2000,17700
A,PPS_EU27_2020_HAB,CY0,2001,18900
A,PPS_EU27_2020_HAB,CY0,2002,19300
A,PPS_EU27_2020_HAB,CY0,2003,19900
A,PPS_EU27_2020_HAB,CY0,2004,21200
A,PPS_EU27_2020_HAB,CY0,2005,22700
A,PPS_EU27_2020_HAB,CY0,2006,23900
A,PPS_EU27_2020_HAB,CY0,2007,26000
A,PPS_EU27_2020_HAB,CY0,2008,27000
A,PPS_EU27_2020_HAB,CY0,2009,25600
A,PPS_EU27_2020_HAB,CY0,2010,25400
A,PPS_EU27_2020_HAB,CY0,2011,24900
A,PPS_EU27_2020_HAB,CY0,2012,23600
A,PPS_EU27_2020_HAB,CY0,2013,22000
A,PPS_EU27_2020_HAB,CY0,2014,21400
A,PPS_EU27_2020_HAB,CY0,2015,22600
A,PPS_EU27_2020_HAB,CY0,2016,24500
A,PPS_EU27_2020_HAB,CY0,2017,25900
A,PPS_EU27_2020_HAB,CY0,2018,27300
A,PPS_EU27_2020_HAB,CY0,2019,28900
A,PPS_EU27_2020_HAB,CY0,2020,27200
A,PPS_EU27_2020_HAB,CY0,2021,30400
A,PPS_EU27_2020_HAB,CY0,2022,34500
A,PPS_EU27_2020_HAB,CY0,2023,37400
A,PPS_EU27_2020_HAB,CY0,2024,39500
A,PPS_EU27_2020_HAB,CY00,2000,17700
A,PPS_EU27_2020_HAB,CY00,2001,18900
A,PPS_EU27_2020_HAB,CY00,2002,19300
A,PPS_EU27_2020_HAB,CY00,2003,19900
A,PPS_EU27_2020_HAB,CY00,2004,21200
A,PPS_EU27_2020_HAB,CY00,2005,22700
A,PPS_EU27_2020_HAB,CY00,2006,23900
A,PPS_EU27_2020_HAB,CY00,2007,26000
A,PPS_EU27_2020_HAB,CY00,2008,27000
A,PPS_EU27_2020_HAB,CY00,2009,25600
A,PPS_EU27_2020_HAB,CY00,2010,25400
A,PPS_EU27_2020_HAB,CY00,2011,24900
A,PPS_EU27_2020_HAB,CY00,2012,23600
A,PPS_EU27_2020_HAB,CY00,2013,22000
A,PPS_EU27_2020_HAB,CY00,2014,21400
A,PPS_EU27_2020_HAB,CY00,2015,22600
A,PPS_EU27_2020_HAB,CY00,2016,24500
A,PPS_EU27_2020_HAB,CY00,2017,25900
A,PPS_EU27_2020_HAB,CY00,2018,27300
A,PPS_EU27_2020_HAB,CY00,2019,28900
A,PPS_EU27_2020_HAB,CY00,2020,27200
A,PPS_EU27_2020_HAB,CY00,2021,30400
A,PPS_EU27_2020_HAB,CY00,2022,34500
A,PPS_EU27_2020_HAB,CY00,2023,37400
A,PPS_EU27_2020_HAB,CY00,2024,39500
A,PPS_EU27_2020_HAB,CZ,2000,13500
A,PPS_EU27_2020_HAB,CZ,2001,14600
A,PPS_EU27_2020_HAB,CZ,2002,15000
A,PPS_EU27_2020_HAB,CZ,2003,16100
A,PPS_EU27_2020_HAB,CZ,2004,17100
A,PPS_EU27_2020_HAB,CZ,2005,18100
A,PPS_EU27_2020_HAB,CZ,2006,19000
A,PPS_EU27_2020_HAB,CZ,2007,20700
A,PPS_EU27_2020_HAB,CZ,2008,21600
A,PPS_EU27_2020_HAB,CZ,2009,20800
A,PPS_EU27_2020_HAB,CZ,2010,21200
A,PPS_EU27_2020_HAB,CZ,2011,21800
A,PPS_EU27_2020_HAB,CZ,2012,21800
A,PPS_EU27_2020_HAB,CZ,2013,22400
A,PPS_EU27_2020_HAB,CZ,2014,23500
A,PPS_EU27_2020_HAB,CZ,2015,24600
A,PPS_EU27_2020_HAB,CZ,2016,25400
A,PPS_EU27_2020_HAB,CZ,2017,27200
A,PPS_EU27_2020_HAB,CZ,2018,28500
A,PPS_EU27_2020_HAB,CZ,2019,30000
A,PPS_EU27_2020_HAB,CZ,2020,29200
A,PPS_EU27_2020_HAB,CZ,2021,30500
A,PPS_EU27_2020_HAB,CZ,2022,32400
A,PPS_EU27_2020_HAB,CZ,2023,35000
A,PPS_EU27_2020_HAB,CZ,2024,36200
A,PPS_EU27_2020_HAB,CZ0,2000,13500
A,PPS_EU27_2020_HAB,CZ0,2001,14600
A,PPS_EU27_2020_HAB,CZ0,2002,15000
A,PPS_EU27_2020_HAB,CZ0,2003,16100
A,PPS_EU27_2020_HAB,CZ0,2004,17100
A,PPS_EU27_2020_HAB,CZ0,2005,18100
A,PPS_EU27_2020_HAB,CZ0,2006,19000
A,PPS_EU27_2020_HAB,CZ0,2007,20700
A,PPS_EU27_2020_HAB,CZ0,2008,21600
A,PPS_EU27_2020_HAB,CZ0,2009,20800
A,PPS_EU27_2020_HAB,CZ0,2010,21200
A,PPS_EU27_2020_HAB,CZ0,2011,21800
A,PPS_EU27_2020_HAB,CZ0,2012,21800
A,PPS_EU27_2020_HAB,CZ0,2013,22400
A,PPS_EU27_2020_HAB,CZ0,2014,23500
A,PPS_EU27_2020_HAB,CZ0,2015,24600
A,PPS_EU27_2020_HAB,CZ0,2016,25400
A,PPS_EU27_2020_HAB,CZ0,2017,27200
A,PPS_EU27_2020_HAB,CZ0,2018,28500
A,PPS_EU27_2020_HAB,CZ0,2019,30000
A,PPS_EU27_2020_HAB,CZ0,2020,29200
A,PPS_EU27_2020_HAB,CZ0,2021,30500
A,PPS_EU27_2020_HAB,CZ0,2022,32400
A,PPS_EU27_2020_HAB,CZ0,2023,35000
A,PPS_EU27_2020_HAB,CZ0,2024,36200
A,PPS_EU27_2020_HAB,CZ01,2000,26400
A,PPS_EU27_2020_HAB,CZ01,2001,29400
A,PPS_EU27_2020_HAB,CZ01,2002,31700
A,PPS_EU27_2020_HAB,CZ01,2003,34500
A,PPS_EU27_2020_HAB,CZ01,2004,37000
A,PPS_EU27_2020_HAB,CZ01,2005,39600
A,PPS_EU27_2020_HAB,CZ01,2006,41500
A,PPS_EU27_2020_HAB,CZ01,2007,46600
A,PPS_EU27_2020_HAB,CZ01,2008,48400
A,PPS_EU27_2020_HAB,CZ01,2009,46300
A,PPS_EU27_2020_HAB,CZ01,2010,47800
A,PPS_EU27_2020_HAB,CZ01,2011,47700
A,PPS_EU27_2020_HAB,CZ01,2012,47500
A,PPS_EU27_2020_HAB,CZ01,2013,49300
A,PPS_EU27_2020_HAB,CZ01,2014,51500
A,PPS_EU27_2020_HAB,CZ01,2015,54100
A,PPS_EU27_2020_HAB,CZ01,2016,56100
A,PPS_EU27_2020_HAB,CZ01,2017,59400
A,PPS_EU27_2020_HAB,CZ01,2018,63100
A,PPS_EU27_2020_HAB,CZ01,2019,66300
A,PPS_EU27_2020_HAB,CZ01,2020,64400
A,PPS_EU27_2020_HAB,CZ01,2021,68500
A,PPS_EU27_2020_HAB,CZ01,2022,72200
A,PPS_EU27_2020_HAB,CZ01,2023,75700
A,PPS_EU27_2020_HAB,CZ01,2024,76600
A,PPS_EU27_2020_HAB,CZ02,2000,13700
A,PPS_EU27_2020_HAB,CZ02,2001,14600
A,PPS_EU27_2020_HAB,CZ02,2002,15200
A,PPS_EU27_2020_HAB,CZ02,2003,15800
A,PPS_EU27_2020_HAB,CZ02,2004,16700
A,PPS_EU27_2020_HAB,CZ02,2005,16900
A,PPS_EU27_2020_HAB,CZ02,2006,18200
A,PPS_EU27_2020_HAB,CZ02,2007,20400
A,PPS_EU27_2020_HAB,CZ02,2008,20500
A,PPS_EU27_2020_HAB,CZ02,2009,19200
A,PPS_EU27_2020_HAB,CZ02,2010,19200
A,PPS_EU27_2020_HAB,CZ02,2011,20200
A,PPS_EU27_2020_HAB,CZ02,2012,20200
A,PPS_EU27_2020_HAB,CZ02,2013,20300
A,PPS_EU27_2020_HAB,CZ02,2014,21700
A,PPS_EU27_2020_HAB,CZ02,2015,22600
A,PPS_EU27_2020_HAB,CZ02,2016,23800
A,PPS_EU27_2020_HAB,CZ02,2017,25500
A,PPS_EU27_2020_HAB,CZ02,2018,26100
A,PPS_EU27_2020_HAB,CZ02,2019,28300
A,PPS_EU27_2020_HAB,CZ02,2020,26400
A,PPS_EU27_2020_HAB,CZ02,2021,27400
A,PPS_EU27_2020_HAB,CZ02,2022,28900
A,PPS_EU27_2020_HAB,CZ02,2023,31500
A,PPS_EU27_2020_HAB,CZ02,2024,33400
A,PPS_EU27_2020_HAB,CZ03,2000,12700
A,PPS_EU27_2020_HAB,CZ03,2001,13600
A,PPS_EU27_2020_HAB,CZ03,2002,13800
A,PPS_EU27_2020_HAB,CZ03,2003,14700
A,PPS_EU27_2020_HAB,CZ03,2004,15800
A,PPS_EU27_2020_HAB,CZ03,2005,16500
A,PPS_EU27_2020_HAB,CZ03,2006,17400
A,PPS_EU27_2020_HAB,CZ03,2007,17300
A,PPS_EU27_2020_HAB,CZ03,2008,18200
A,PPS_EU27_2020_HAB,CZ03,2009,18100
A,PPS_EU27_2020_HAB,CZ03,2010,18400
A,PPS_EU27_2020_HAB,CZ03,2011,18800
A,PPS_EU27_2020_HAB,CZ03,2012,18700
A,PPS_EU27_2020_HAB,CZ03,2013,19500
A,PPS_EU27_2020_HAB,CZ03,2014,20400
A,PPS_EU27_2020_HAB,CZ03,2015,21100
A,PPS_EU27_2020_HAB,CZ03,2016,21700
A,PPS_EU27_2020_HAB,CZ03,2017,23400
A,PPS_EU27_2020_HAB,CZ03,2018,24300
A,PPS_EU27_2020_HAB,CZ03,2019,25300
A,PPS_EU27_2020_HAB,CZ03,2020,24800
A,PPS_EU27_2020_HAB,CZ03,2021,25600
A,PPS_EU27_2020_HAB,CZ03,2022,27000
A,PPS_EU27_2020_HAB,CZ03,2023,29400
A,PPS_EU27_2020_HAB,CZ03,2024,30100
A,PPS_EU27_2020_HAB,CZ04,2000,11300
A,PPS_EU27_2020_HAB,CZ04,2001,11900
A,PPS_EU27_2020_HAB,CZ04,2002,12000
A,PPS_EU27_2020_HAB,CZ04,2003,13000
A,PPS_EU27_2020_HAB,CZ04,2004,13600
A,PPS_EU27_2020_HAB,CZ04,2005,14200
A,PPS_EU27_2020_HAB,CZ04,2006,14700
A,PPS_EU27_2020_HAB,CZ04,2007,15600
A,PPS_EU27_2020_HAB,CZ04,2008,16100
A,PPS_EU27_2020_HAB,CZ04,2009,16200
A,PPS_EU27_2020_HAB,CZ04,2010,15800
A,PPS_EU27_2020_HAB,CZ04,2011,16000
A,PPS_EU27_2020_HAB,CZ04,2012,16000
A,PPS_EU27_2020_HAB,CZ04,2013,16300
A,PPS_EU27_2020_HAB,CZ04,2014,16800
A,PPS_EU27_2020_HAB,CZ04,2015,17700
A,PPS_EU27_2020_HAB,CZ04,2016,17700
A,PPS_EU27_2020_HAB,CZ04,2017,18900
A,PPS_EU27_2020_HAB,CZ04,2018,19300
A,PPS_EU27_2020_HAB,CZ04,2019,20600
A,PPS_EU27_2020_HAB,CZ04,2020,19700
A,PPS_EU27_2020_HAB,CZ04,2021,20400
A,PPS_EU27_2020_HAB,CZ04,2022,22400
A,PPS_EU27_2020_HAB,CZ04,2023,23800
A,PPS_EU27_2020_HAB,CZ04,2024,24400
A,PPS_EU27_2020_HAB,CZ05,2000,12200
A,PPS_EU27_2020_HAB,CZ05,2001,13000
A,PPS_EU27_2020_HAB,CZ05,2002,13000
A,PPS_EU27_2020_HAB,CZ05,2003,13600
A,PPS_EU27_2020_HAB,CZ05,2004,14300
A,PPS_EU27_2020_HAB,CZ05,2005,15000
A,PPS_EU27_2020_HAB,CZ05,2006,15600
A,PPS_EU27_2020_HAB,CZ05,2007,16900
A,PPS_EU27_2020_HAB,CZ05,2008,17200
A,PPS_EU27_2020_HAB,CZ05,2009,16700
A,PPS_EU27_2020_HAB,CZ05,2010,17000
A,PPS_EU27_2020_HAB,CZ05,2011,17600
A,PPS_EU27_2020_HAB,CZ05,2012,17300
A,PPS_EU27_2020_HAB,CZ05,2013,18000
A,PPS_EU27_2020_HAB,CZ05,2014,19000
A,PPS_EU27_2020_HAB,CZ05,2015,19900
A,PPS_EU27_2020_HAB,CZ05,2016,20700
A,PPS_EU27_2020_HAB,CZ05,2017,22500
A,PPS_EU27_2020_HAB,CZ05,2018,23400
A,PPS_EU27_2020_HAB,CZ05,2019,24600
A,PPS_EU27_2020_HAB,CZ05,2020,24300
A,PPS_EU27_2020_HAB,CZ05,2021,24600
A,PPS_EU27_2020_HAB,CZ05,2022,25800
A,PPS_EU27_2020_HAB,CZ05,2023,28400
A,PPS_EU27_2020_HAB,CZ05,2024,29900
A,PPS_EU27_2020_HAB,CZ06,2000,12000
A,PPS_EU27_2020_HAB,CZ06,2001,13100
A,PPS_EU27_2020_HAB,CZ06,2002,13300
A,PPS_EU27_2020_HAB,CZ06,2003,14300
A,PPS_EU27_2020_HAB,CZ06,2004,15000
A,PPS_EU27_2020_HAB,CZ06,2005,15800
A,PPS_EU27_2020_HAB,CZ06,2006,16600
A,PPS_EU27_2020_HAB,CZ06,2007,18400
A,PPS_EU27_2020_HAB,CZ06,2008,19400
A,PPS_EU27_2020_HAB,CZ06,2009,18700
A,PPS_EU27_2020_HAB,CZ06,2010,19100
A,PPS_EU27_2020_HAB,CZ06,2011,19700
A,PPS_EU27_2020_HAB,CZ06,2012,19900
A,PPS_EU27_2020_HAB,CZ06,2013,20900
A,PPS_EU27_2020_HAB,CZ06,2014,21500
A,PPS_EU27_2020_HAB,CZ06,2015,22400
A,PPS_EU27_2020_HAB,CZ06,2016,22900
A,PPS_EU27_2020_HAB,CZ06,2017,24400
A,PPS_EU27_2020_HAB,CZ06,2018,25800
A,PPS_EU27_2020_HAB,CZ06,2019,27200
A,PPS_EU27_2020_HAB,CZ06,2020,27300
A,PPS_EU27_2020_HAB,CZ06,2021,28700
A,PPS_EU27_2020_HAB,CZ06,2022,30100
A,PPS_EU27_2020_HAB,CZ06,2023,32800
A,PPS_EU27_2020_HAB,CZ06,2024,33500
A,PPS_EU27_2020_HAB,CZ07,2000,10900
A,PPS_EU27_2020_HAB,CZ07,2001,11700
A,PPS_EU27_2020_HAB,CZ07,2002,11700
A,PPS_EU27_2020_HAB,CZ07,2003,12500
A,PPS_EU27_2020_HAB,CZ07,2004,13200
A,PPS_EU27_2020_HAB,CZ07,2005,13700
A,PPS_EU27_2020_HAB,CZ07,2006,14400
A,PPS_EU27_2020_HAB,CZ07,2007,15300
A,PPS_EU27_2020_HAB,CZ07,2008,16700
A,PPS_EU27_2020_HAB,CZ07,2009,16100
A,PPS_EU27_2020_HAB,CZ07,2010,16400
A,PPS_EU27_2020_HAB,CZ07,2011,17100
A,PPS_EU27_2020_HAB,CZ07,2012,17100
A,PPS_EU27_2020_HAB,CZ07,2013,17700
A,PPS_EU27_2020_HAB,CZ07,2014,18900
A,PPS_EU27_2020_HAB,CZ07,2015,19700
A,PPS_EU27_2020_HAB,CZ07,2016,20400
A,PPS_EU27_2020_HAB,CZ07,2017,22000
A,PPS_EU27_2020_HAB,CZ07,2018,22700
A,PPS_EU27_2020_HAB,CZ07,2019,24100
A,PPS_EU27_2020_HAB,CZ07,2020,23600
A,PPS_EU27_2020_HAB,CZ07,2021,24400
A,PPS_EU27_2020_HAB,CZ07,2022,25900
A,PPS_EU27_2020_HAB,CZ07,2023,28300
A,PPS_EU27_2020_HAB,CZ07,2024,29600
A,PPS_EU27_2020_HAB,CZ08,2000,10500
A,PPS_EU27_2020_HAB,CZ08,2001,11300
A,PPS_EU27_2020_HAB,CZ08,2002,11400
A,PPS_EU27_2020_HAB,CZ08,2003,12200
A,PPS_EU27_2020_HAB,CZ08,2004,13400
A,PPS_EU27_2020_HAB,CZ08,2005,14800
A,PPS_EU27_2020_HAB,CZ08,2006,15300
A,PPS_EU27_2020_HAB,CZ08,2007,16800
A,PPS_EU27_2020_HAB,CZ08,2008,17600
A,PPS_EU27_2020_HAB,CZ08,2009,16600
A,PPS_EU27_2020_HAB,CZ08,2010,17100
A,PPS_EU27_2020_HAB,CZ08,2011,18100
A,PPS_EU27_2020_HAB,CZ08,2012,18200
A,PPS_EU27_2020_HAB,CZ08,2013,18100
A,PPS_EU27_2020_HAB,CZ08,2014,19300
A,PPS_EU27_2020_HAB,CZ08,2015,20000
A,PPS_EU27_2020_HAB,CZ08,2016,20700
A,PPS_EU27_2020_HAB,CZ08,2017,21900
A,PPS_EU27_2020_HAB,CZ08,2018,23100
A,PPS_EU27_2020_HAB,CZ08,2019,23300
A,PPS_EU27_2020_HAB,CZ08,2020,22300
A,PPS_EU27_2020_HAB,CZ08,2021,23600
A,PPS_EU27_2020_HAB,CZ08,2022,25400
A,PPS_EU27_2020_HAB,CZ08,2023,27000
A,PPS_EU27_2020_HAB,CZ08,2024,28400
A,PPS_EU27_2020_HAB,DE,2000,23000
A,PPS_EU27_2020_HAB,DE,2001,24000
A,PPS_EU27_2020_HAB,DE,2002,24500
A,PPS_EU27_2020_HAB,DE,2003,25200
A,PPS_EU27_2020_HAB,DE,2004,26300
A,PPS_EU27_2020_HAB,DE,2005,26800
A,PPS_EU27_2020_HAB,DE,2006,28000
A,PPS_EU27_2020_HAB,DE,2007,29600
A,PPS_EU27_2020_HAB,DE,2008,30300
A,PPS_EU27_2020_HAB,DE,2009,28900
A,PPS_EU27_2020_HAB,DE,2010,30600
A,PPS_EU27_2020_HAB,DE,2011,32300
A,PPS_EU27_2020_HAB,DE,2012,32700
A,PPS_EU27_2020_HAB,DE,2013,33200
A,PPS_EU27_2020_HAB,DE,2014,34400
A,PPS_EU27_2020_HAB,DE,2015,35100
A,PPS_EU27_2020_HAB,DE,2016,36000
A,PPS_EU27_2020_HAB,DE,2017,37500
A,PPS_EU27_2020_HAB,DE,2018,38500
A,PPS_EU27_2020_HAB,DE,2019,39000
A,PPS_EU27_2020_HAB,DE,2020,38000
A,PPS_EU27_2020_HAB,DE,2021,40500
A,PPS_EU27_2020_HAB,DE,2022,43300
A,PPS_EU27_2020_HAB,DE,2023,45100
A,PPS_EU27_2020_HAB,DE,2024,46400
A,PPS_EU27_2020_HAB,DE1,2000,26500
A,PPS_EU27_2020_HAB,DE1,2001,28000
A,PPS_EU27_2020_HAB,DE1,2002,28300
A,PPS_EU27_2020_HAB,DE1,2003,29100
A,PPS_EU27_2020_HAB,DE1,2004,30000
A,PPS_EU27_2020_HAB,DE1,2005,30400
A,PPS_EU27_2020_HAB,DE1,2006,32300
A,PPS_EU27_2020_HAB,DE1,2007,34300
A,PPS_EU27_2020_HAB,DE1,2008,34900
A,PPS_EU27_2020_HAB,DE1,2009,31900
A,PPS_EU27_2020_HAB,DE1,2010,35000
A,PPS_EU27_2020_HAB,DE1,2011,37100
A,PPS_EU27_2020_HAB,DE1,2012,37500
A,PPS_EU27_2020_HAB,DE1,2013,38000
A,PPS_EU27_2020_HAB,DE1,2014,39300
A,PPS_EU27_2020_HAB,DE1,2015,40300
A,PPS_EU27_2020_HAB,DE1,2016,41000
A,PPS_EU27_2020_HAB,DE1,2017,42800
A,PPS_EU27_2020_HAB,DE1,2018,44300
A,PPS_EU27_2020_HAB,DE1,2019,44200
A,PPS_EU27_2020_HAB,DE1,2020,42500
A,PPS_EU27_2020_HAB,DE1,2021,45700
A,PPS_EU27_2020_HAB,DE1,2022,48600
A,PPS_EU27_2020_HAB,DE1,2023,51000
A,PPS_EU27_2020_HAB,DE1,2024,52200
A,PPS_EU27_2020_HAB,DE11,2000,29800
A,PPS_EU27_2020_HAB,DE11,2001,31800
A,PPS_EU27_2020_HAB,DE11,2002,31900
A,PPS_EU27_2020_HAB,DE11,2003,33000
A,PPS_EU27_2020_HAB,DE11,2004,33700
A,PPS_EU27_2020_HAB,DE11,2005,33700
A,PPS_EU27_2020_HAB,DE11,2006,36300
A,PPS_EU27_2020_HAB,DE11,2007,38900
A,PPS_EU27_2020_HAB,DE11,2008,38800
A,PPS_EU27_2020_HAB,DE11,2009,35000
A,PPS_EU27_2020_HAB,DE11,2010,39000
A,PPS_EU27_2020_HAB,DE11,2011,41500
A,PPS_EU27_2020_HAB,DE11,2012,42300
A,PPS_EU27_2020_HAB,DE11,2013,42900
A,PPS_EU27_2020_HAB,DE11,2014,44300
A,PPS_EU27_2020_HAB,DE11,2015,45900
A,PPS_EU27_2020_HAB,DE11,2016,46600
A,PPS_EU27_2020_HAB,DE11,2017,49000
A,PPS_EU27_2020_HAB,DE11,2018,50800
A,PPS_EU27_2020_HAB,DE11,2019,49900
A,PPS_EU27_2020_HAB,DE11,2020,48100
A,PPS_EU27_2020_HAB,DE11,2021,52800
A,PPS_EU27_2020_HAB,DE11,2022,56800
A,PPS_EU27_2020_HAB,DE11,2023,59900
A,PPS_EU27_2020_HAB,DE11,2024,61300
A,PPS_EU27_2020_HAB,DE12,2000,26600
A,PPS_EU27_2020_HAB,DE12,2001,27900
A,PPS_EU27_2020_HAB,DE12,2002,28500
A,PPS_EU27_2020_HAB,DE12,2003,29200
A,PPS_EU27_2020_HAB,DE12,2004,30200
A,PPS_EU27_2020_HAB,DE12,2005,31000
A,PPS_EU27_2020_HAB,DE12,2006,32700
A,PPS_EU27_2020_HAB,DE12,2007,34300
A,PPS_EU27_2020_HAB,DE12,2008,35200
A,PPS_EU27_2020_HAB,DE12,2009,32800
A,PPS_EU27_2020_HAB,DE12,2010,35100
A,PPS_EU27_2020_HAB,DE12,2011,36800
A,PPS_EU27_2020_HAB,DE12,2012,36800
A,PPS_EU27_2020_HAB,DE12,2013,37100
A,PPS_EU27_2020_HAB,DE12,2014,38300
A,PPS_EU27_2020_HAB,DE12,2015,39100
A,PPS_EU27_2020_HAB,DE12,2016,39700
A,PPS_EU27_2020_HAB,DE12,2017,41300
A,PPS_EU27_2020_HAB,DE12,2018,42600
A,PPS_EU27_2020_HAB,DE12,2019,43000
A,PPS_EU27_2020_HAB,DE12,2020,41100
A,PPS_EU27_2020_HAB,DE12,2021,43500
A,PPS_EU27_2020_HAB,DE12,2022,46600
A,PPS_EU27_2020_HAB,DE12,2023,48200
A,PPS_EU27_2020_HAB,DE12,2024,49600
A,PPS_EU27_2020_HAB,DE13,2000,22700
A,PPS_EU27_2020_HAB,DE13,2001,23500
A,PPS_EU27_2020_HAB,DE13,2002,23800
A,PPS_EU27_2020_HAB,DE13,2003,24300
A,PPS_EU27_2020_HAB,DE13,2004,25200
A,PPS_EU27_2020_HAB,DE13,2005,25700
A,PPS_EU27_2020_HAB,DE13,2006,27200
A,PPS_EU27_2020_HAB,DE13,2007,28600
A,PPS_EU27_2020_HAB,DE13,2008,29400
A,PPS_EU27_2020_HAB,DE13,2009,27400
A,PPS_EU27_2020_HAB,DE13,2010,29500
A,PPS_EU27_2020_HAB,DE13,2011,31400
A,PPS_EU27_2020_HAB,DE13,2012,31500
A,PPS_EU27_2020_HAB,DE13,2013,32200
A,PPS_EU27_2020_HAB,DE13,2014,33600
A,PPS_EU27_2020_HAB,DE13,2015,33800
A,PPS_EU27_2020_HAB,DE13,2016,34500
A,PPS_EU27_2020_HAB,DE13,2017,35800
A,PPS_EU27_2020_HAB,DE13,2018,36900
A,PPS_EU27_2020_HAB,DE13,2019,37400
A,PPS_EU27_2020_HAB,DE13,2020,35700
A,PPS_EU27_2020_HAB,DE13,2021,37400
A,PPS_EU27_2020_HAB,DE13,2022,39100
A,PPS_EU27_2020_HAB,DE13,2023,40900
A,PPS_EU27_2020_HAB,DE13,2024,41900
A,PPS_EU27_2020_HAB,DE14,2000,23800
A,PPS_EU27_2020_HAB,DE14,2001,25000
A,PPS_EU27_2020_HAB,DE14,2002,25300
A,PPS_EU27_2020_HAB,DE14,2003,26000
A,PPS_EU27_2020_HAB,DE14,2004,27200
A,PPS_EU27_2020_HAB,DE14,2005,27900
A,PPS_EU27_2020_HAB,DE14,2006,29300
A,PPS_EU27_2020_HAB,DE14,2007,31300
A,PPS_EU27_2020_HAB,DE14,2008,32300
A,PPS_EU27_2020_HAB,DE14,2009,29500
A,PPS_EU27_2020_HAB,DE14,2010,32500
A,PPS_EU27_2020_HAB,DE14,2011,34800
A,PPS_EU27_2020_HAB,DE14,2012,35000
A,PPS_EU27_2020_HAB,DE14,2013,35700
A,PPS_EU27_2020_HAB,DE14,2014,36700
A,PPS_EU27_2020_HAB,DE14,2015,37200
A,PPS_EU27_2020_HAB,DE14,2016,38800
A,PPS_EU27_2020_HAB,DE14,2017,40000
A,PPS_EU27_2020_HAB,DE14,2018,41300
A,PPS_EU27_2020_HAB,DE14,2019,41700
A,PPS_EU27_2020_HAB,DE14,2020,40400
A,PPS_EU27_2020_HAB,DE14,2021,43200
A,PPS_EU27_2020_HAB,DE14,2022,45600
A,PPS_EU27_2020_HAB,DE14,2023,47600
A,PPS_EU27_2020_HAB,DE14,2024,48700
A,PPS_EU27_2020_HAB,DE2,2000,26200
A,PPS_EU27_2020_HAB,DE2,2001,27300
A,PPS_EU27_2020_HAB,DE2,2002,28100
A,PPS_EU27_2020_HAB,DE2,2003,28400
A,PPS_EU27_2020_HAB,DE2,2004,29900
A,PPS_EU27_2020_HAB,DE2,2005,30600
A,PPS_EU27_2020_HAB,DE2,2006,31800
A,PPS_EU27_2020_HAB,DE2,2007,33500
A,PPS_EU27_2020_HAB,DE2,2008,33800
A,PPS_EU27_2020_HAB,DE2,2009,32700
A,PPS_EU27_2020_HAB,DE2,2010,34900
A,PPS_EU27_2020_HAB,DE2,2011,37400
A,PPS_EU27_2020_HAB,DE2,2012,37900
A,PPS_EU27_2020_HAB,DE2,2013,38600
A,PPS_EU27_2020_HAB,DE2,2014,40100
A,PPS_EU27_2020_HAB,DE2,2015,41100
A,PPS_EU27_2020_HAB,DE2,2016,42300
A,PPS_EU27_2020_HAB,DE2,2017,44200
A,PPS_EU27_2020_HAB,DE2,2018,45100
A,PPS_EU27_2020_HAB,DE2,2019,45700
A,PPS_EU27_2020_HAB,DE2,2020,44400
A,PPS_EU27_2020_HAB,DE2,2021,47300
A,PPS_EU27_2020_HAB,DE2,2022,50400
A,PPS_EU27_2020_HAB,DE2,2023,53100
A,PPS_EU27_2020_HAB,DE2,2024,54000
A,PPS_EU27_2020_HAB,DE21,2000,34000
A,PPS_EU27_2020_HAB,DE21,2001,35600
A,PPS_EU27_2020_HAB,DE21,2002,36300
A,PPS_EU27_2020_HAB,DE21,2003,36600
A,PPS_EU27_2020_HAB,DE21,2004,38400
A,PPS_EU27_2020_HAB,DE21,2005,39200
A,PPS_EU27_2020_HAB,DE21,2006,40700
A,PPS_EU27_2020_HAB,DE21,2007,42800
A,PPS_EU27_2020_HAB,DE21,2008,42300
A,PPS_EU27_2020_HAB,DE21,2009,41000
A,PPS_EU27_2020_HAB,DE21,2010,43400
A,PPS_EU27_2020_HAB,DE21,2011,46400
A,PPS_EU27_2020_HAB,DE21,2012,46900
A,PPS_EU27_2020_HAB,DE21,2013,48000
A,PPS_EU27_2020_HAB,DE21,2014,49300
A,PPS_EU27_2020_HAB,DE21,2015,50800
A,PPS_EU27_2020_HAB,DE21,2016,52300
A,PPS_EU27_2020_HAB,DE21,2017,54600
A,PPS_EU27_2020_HAB,DE21,2018,55500
A,PPS_EU27_2020_HAB,DE21,2019,56400
A,PPS_EU27_2020_HAB,DE21,2020,54400
A,PPS_EU27_2020_HAB,DE21,2021,58700
A,PPS_EU27_2020_HAB,DE21,2022,63100
A,PPS_EU27_2020_HAB,DE21,2023,66600
A,PPS_EU27_2020_HAB,DE21,2024,67700
A,PPS_EU27_2020_HAB,DE22,2000,20800
A,PPS_EU27_2020_HAB,DE22,2001,22100
A,PPS_EU27_2020_HAB,DE22,2002,22700
A,PPS_EU27_2020_HAB,DE22,2003,23100
A,PPS_EU27_2020_HAB,DE22,2004,24500
A,PPS_EU27_2020_HAB,DE22,2005,25000
A,PPS_EU27_2020_HAB,DE22,2006,25900
A,PPS_EU27_2020_HAB,DE22,2007,27500
A,PPS_EU27_2020_HAB,DE22,2008,27900
A,PPS_EU27_2020_HAB,DE22,2009,26900
A,PPS_EU27_2020_HAB,DE22,2010,29700
A,PPS_EU27_2020_HAB,DE22,2011,31900
A,PPS_EU27_2020_HAB,DE22,2012,31600
A,PPS_EU27_2020_HAB,DE22,2013,32200
A,PPS_EU27_2020_HAB,DE22,2014,34100
A,PPS_EU27_2020_HAB,DE22,2015,34400
A,PPS_EU27_2020_HAB,DE22,2016,35200
A,PPS_EU27_2020_HAB,DE22,2017,36900
A,PPS_EU27_2020_HAB,DE22,2018,37200
A,PPS_EU27_2020_HAB,DE22,2019,38000
A,PPS_EU27_2020_HAB,DE22,2020,37300
A,PPS_EU27_2020_HAB,DE22,2021,39600
A,PPS_EU27_2020_HAB,DE22,2022,42500
A,PPS_EU27_2020_HAB,DE22,2023,44500
A,PPS_EU27_2020_HAB,DE22,2024,45000
A,PPS_EU27_2020_HAB,DE23,2000,22100
A,PPS_EU27_2020_HAB,DE23,2001,22500
A,PPS_EU27_2020_HAB,DE23,2002,23400
A,PPS_EU27_2020_HAB,DE23,2003,23900
A,PPS_EU27_2020_HAB,DE23,2004,25000
A,PPS_EU27_2020_HAB,DE23,2005,25800
A,PPS_EU27_2020_HAB,DE23,2006,26800
A,PPS_EU27_2020_HAB,DE23,2007,28800
A,PPS_EU27_2020_HAB,DE23,2008,29700
A,PPS_EU27_2020_HAB,DE23,2009,28400
A,PPS_EU27_2020_HAB,DE23,2010,30800
A,PPS_EU27_2020_HAB,DE23,2011,33000
A,PPS_EU27_2020_HAB,DE23,2012,33500
A,PPS_EU27_2020_HAB,DE23,2013,34100
A,PPS_EU27_2020_HAB,DE23,2014,36200
A,PPS_EU27_2020_HAB,DE23,2015,36700
A,PPS_EU27_2020_HAB,DE23,2016,37700
A,PPS_EU27_2020_HAB,DE23,2017,39800
A,PPS_EU27_2020_HAB,DE23,2018,40600
A,PPS_EU27_2020_HAB,DE23,2019,40900
A,PPS_EU27_2020_HAB,DE23,2020,40300
A,PPS_EU27_2020_HAB,DE23,2021,43000
A,PPS_EU27_2020_HAB,DE23,2022,45700
A,PPS_EU27_2020_HAB,DE23,2023,48300
A,PPS_EU27_2020_HAB,DE23,2024,48900
A,PPS_EU27_2020_HAB,DE24,2000,20200
A,PPS_EU27_2020_HAB,DE24,2001,21300
A,PPS_EU27_2020_HAB,DE24,2002,21400
A,PPS_EU27_2020_HAB,DE24,2003,21700
A,PPS_EU27_2020_HAB,DE24,2004,22800
A,PPS_EU27_2020_HAB,DE24,2005,23200
A,PPS_EU27_2020_HAB,DE24,2006,24600
A,PPS_EU27_2020_HAB,DE24,2007,25600
A,PPS_EU27_2020_HAB,DE24,2008,26000
A,PPS_EU27_2020_HAB,DE24,2009,25800
A,PPS_EU27_2020_HAB,DE24,2010,27500
A,PPS_EU27_2020_HAB,DE24,2011,29400
A,PPS_EU27_2020_HAB,DE24,2012,30000
A,PPS_EU27_2020_HAB,DE24,2013,30500
A,PPS_EU27_2020_HAB,DE24,2014,31700
A,PPS_EU27_2020_HAB,DE24,2015,33000
A,PPS_EU27_2020_HAB,DE24,2016,33900
A,PPS_EU27_2020_HAB,DE24,2017,35400
A,PPS_EU27_2020_HAB,DE24,2018,36600
A,PPS_EU27_2020_HAB,DE24,2019,37100
A,PPS_EU27_2020_HAB,DE24,2020,36400
A,PPS_EU27_2020_HAB,DE24,2021,38700
A,PPS_EU27_2020_HAB,DE24,2022,40500
A,PPS_EU27_2020_HAB,DE24,2023,42700
A,PPS_EU27_2020_HAB,DE24,2024,43600
A,PPS_EU27_2020_HAB,DE25,2000,25100
A,PPS_EU27_2020_HAB,DE25,2001,25400
A,PPS_EU27_2020_HAB,DE25,2002,26500
A,PPS_EU27_2020_HAB,DE25,2003,27100
A,PPS_EU27_2020_HAB,DE25,2004,28900
A,PPS_EU27_2020_HAB,DE25,2005,28900
A,PPS_EU27_2020_HAB,DE25,2006,30000
A,PPS_EU27_2020_HAB,DE25,2007,31500
A,PPS_EU27_2020_HAB,DE25,2008,32600
A,PPS_EU27_2020_HAB,DE25,2009,31700
A,PPS_EU27_2020_HAB,DE25,2010,33300
A,PPS_EU27_2020_HAB,DE25,2011,35600
A,PPS_EU27_2020_HAB,DE25,2012,36400
A,PPS_EU27_2020_HAB,DE25,2013,37000
A,PPS_EU27_2020_HAB,DE25,2014,38300
A,PPS_EU27_2020_HAB,DE25,2015,39100
A,PPS_EU27_2020_HAB,DE25,2016,40300
A,PPS_EU27_2020_HAB,DE25,2017,41900
A,PPS_EU27_2020_HAB,DE25,2018,43400
A,PPS_EU27_2020_HAB,DE25,2019,43600
A,PPS_EU27_2020_HAB,DE25,2020,42400
A,PPS_EU27_2020_HAB,DE25,2021,44800
A,PPS_EU27_2020_HAB,DE25,2022,47000
A,PPS_EU27_2020_HAB,DE25,2023,49500
A,PPS_EU27_2020_HAB,DE25,2024,50400
A,PPS_EU27_2020_HAB,DE26,2000,22100
A,PPS_EU27_2020_HAB,DE26,2001,23400
A,PPS_EU27_2020_HAB,DE26,2002,24000
A,PPS_EU27_2020_HAB,DE26,2003,24700
A,PPS_EU27_2020_HAB,DE26,2004,25700
A,PPS_EU27_2020_HAB,DE26,2005,26700
A,PPS_EU27_2020_HAB,DE26,2006,27700
A,PPS_EU27_2020_HAB,DE26,2007,29200
A,PPS_EU27_2020_HAB,DE26,2008,29600
A,PPS_EU27_2020_HAB,DE26,2009,28100
A,PPS_EU27_2020_HAB,DE26,2010,30200
A,PPS_EU27_2020_HAB,DE26,2011,32700
A,PPS_EU27_2020_HAB,DE26,2012,33000
A,PPS_EU27_2020_HAB,DE26,2013,33300
A,PPS_EU27_2020_HAB,DE26,2014,34500
A,PPS_EU27_2020_HAB,DE26,2015,35300
A,PPS_EU27_2020_HAB,DE26,2016,36600
A,PPS_EU27_2020_HAB,DE26,2017,38100
A,PPS_EU27_2020_HAB,DE26,2018,38900
A,PPS_EU27_2020_HAB,DE26,2019,39200
A,PPS_EU27_2020_HAB,DE26,2020,38000
A,PPS_EU27_2020_HAB,DE26,2021,39700
A,PPS_EU27_2020_HAB,DE26,2022,42500
A,PPS_EU27_2020_HAB,DE26,2023,45200
A,PPS_EU27_2020_HAB,DE26,2024,46100
A,PPS_EU27_2020_HAB,DE27,2000,22000
A,PPS_EU27_2020_HAB,DE27,2001,23000
A,PPS_EU27_2020_HAB,DE27,2002,23900
A,PPS_EU27_2020_HAB,DE27,2003,24100
A,PPS_EU27_2020_HAB,DE27,2004,25100
A,PPS_EU27_2020_HAB,DE27,2005,25800
A,PPS_EU27_2020_HAB,DE27,2006,27100
A,PPS_EU27_2020_HAB,DE27,2007,28000
A,PPS_EU27_2020_HAB,DE27,2008,28900
A,PPS_EU27_2020_HAB,DE27,2009,27700
A,PPS_EU27_2020_HAB,DE27,2010,29500
A,PPS_EU27_2020_HAB,DE27,2011,31500
A,PPS_EU27_2020_HAB,DE27,2012,32200
A,PPS_EU27_2020_HAB,DE27,2013,32600
A,PPS_EU27_2020_HAB,DE27,2014,33900
A,PPS_EU27_2020_HAB,DE27,2015,34700
A,PPS_EU27_2020_HAB,DE27,2016,35800
A,PPS_EU27_2020_HAB,DE27,2017,36900
A,PPS_EU27_2020_HAB,DE27,2018,37500
A,PPS_EU27_2020_HAB,DE27,2019,38500
A,PPS_EU27_2020_HAB,DE27,2020,37600
A,PPS_EU27_2020_HAB,DE27,2021,38800
A,PPS_EU27_2020_HAB,DE27,2022,40900
A,PPS_EU27_2020_HAB,DE27,2023,42800
A,PPS_EU27_2020_HAB,DE27,2024,43400
A,PPS_EU27_2020_HAB,DE3,2000,23000
A,PPS_EU27_2020_HAB,DE3,2001,23600
A,PPS_EU27_2020_HAB,DE3,2002,23800
A,PPS_EU27_2020_HAB,DE3,2003,24200
A,PPS_EU27_2020_HAB,DE3,2004,24800
A,PPS_EU27_2020_HAB,DE3,2005,25600
A,PPS_EU27_2020_HAB,DE3,2006,26600
A,PPS_EU27_2020_HAB,DE3,2007,27900
A,PPS_EU27_2020_HAB,DE3,2008,29200
A,PPS_EU27_2020_HAB,DE3,2009,28900
A,PPS_EU27_2020_HAB,DE3,2010,30200
A,PPS_EU27_2020_HAB,DE3,2011,31600
A,PPS_EU27_2020_HAB,DE3,2012,31500
A,PPS_EU27_2020_HAB,DE3,2013,32000
A,PPS_EU27_2020_HAB,DE3,2014,33400
A,PPS_EU27_2020_HAB,DE3,2015,34600
A,PPS_EU27_2020_HAB,DE3,2016,36000
A,PPS_EU27_2020_HAB,DE3,2017,37800
A,PPS_EU27_2020_HAB,DE3,2018,39600
A,PPS_EU27_2020_HAB,DE3,2019,40600
A,PPS_EU27_2020_HAB,DE3,2020,40400
A,PPS_EU27_2020_HAB,DE3,2021,43500
A,PPS_EU27_2020_HAB,DE3,2022,46400
A,PPS_EU27_2020_HAB,DE3,2023,48700
A,PPS_EU27_2020_HAB,DE3,2024,50600
A,PPS_EU27_2020_HAB,DE30,2000,23000
A,PPS_EU27_2020_HAB,DE30,2001,23600
A,PPS_EU27_2020_HAB,DE30,2002,23800
A,PPS_EU27_2020_HAB,DE30,2003,24200
A,PPS_EU27_2020_HAB,DE30,2004,24800
A,PPS_EU27_2020_HAB,DE30,2005,25600
A,PPS_EU27_2020_HAB,DE30,2006,26600
A,PPS_EU27_2020_HAB,DE30,2007,27900
A,PPS_EU27_2020_HAB,DE30,2008,29200
A,PPS_EU27_2020_HAB,DE30,2009,28900
A,PPS_EU27_2020_HAB,DE30,2010,30200
A,PPS_EU27_2020_HAB,DE30,2011,31600
A,PPS_EU27_2020_HAB,DE30,2012,31500
A,PPS_EU27_2020_HAB,DE30,2013,32000
A,PPS_EU27_2020_HAB,DE30,2014,33400
A,PPS_EU27_2020_HAB,DE30,2015,34600
A,PPS_EU27_2020_HAB,DE30,2016,36000
A,PPS_EU27_2020_HAB,DE30,2017,37800
A,PPS_EU27_2020_HAB,DE30,2018,39600
A,PPS_EU27_2020_HAB,DE30,2019,40600
A,PPS_EU27_2020_HAB,DE30,2020,40400
A,PPS_EU27_2020_HAB,DE30,2021,43500
A,PPS_EU27_2020_HAB,DE30,2022,46400
A,PPS_EU27_2020_HAB,DE30,2023,48700
A,PPS_EU27_2020_HAB,DE30,2024,50600
A,PPS_EU27_2020_HAB,DE4,2000,15400
A,PPS_EU27_2020_HAB,DE4,2001,16100
A,PPS_EU27_2020_HAB,DE4,2002,16500
A,PPS_EU27_2020_HAB,DE4,2003,17100
A,PPS_EU27_2020_HAB,DE4,2004,17900
A,PPS_EU27_2020_HAB,DE4,2005,18400
A,PPS_EU27_2020_HAB,DE4,2006,19400
A,PPS_EU27_2020_HAB,DE4,2007,20400
A,PPS_EU27_2020_HAB,DE4,2008,21200
A,PPS_EU27_2020_HAB,DE4,2009,20600
A,PPS_EU27_2020_HAB,DE4,2010,21900
A,PPS_EU27_2020_HAB,DE4,2011,22800
A,PPS_EU27_2020_HAB,DE4,2012,23400
A,PPS_EU27_2020_HAB,DE4,2013,23700
A,PPS_EU27_2020_HAB,DE4,2014,25000
A,PPS_EU27_2020_HAB,DE4,2015,25000
A,PPS_EU27_2020_HAB,DE4,2016,25600
A,PPS_EU27_2020_HAB,DE4,2017,26800
A,PPS_EU27_2020_HAB,DE4,2018,27400
A,PPS_EU27_2020_HAB,DE4,2019,28000
A,PPS_EU27_2020_HAB,DE4,2020,27500
A,PPS_EU27_2020_HAB,DE4,2021,29300
A,PPS_EU27_2020_HAB,DE4,2022,32000
A,PPS_EU27_2020_HAB,DE4,2023,33400
A,PPS_EU27_2020_HAB,DE4,2024,34300
A,PPS_EU27_2020_HAB,DE40,2000,15400
A,PPS_EU27_2020_HAB,DE40,2001,16100
A,PPS_EU27_2020_HAB,DE40,2002,16500
A,PPS_EU27_2020_HAB,DE40,2003,17100
A,PPS_EU27_2020_HAB,DE40,2004,17900
A,PPS_EU27_2020_HAB,DE40,2005,18400
A,PPS_EU27_2020_HAB,DE40,2006,19400
A,PPS_EU27_2020_HAB,DE40,2007,20400
A,PPS_EU27_2020_HAB,DE40,2008,21200
A,PPS_EU27_2020_HAB,DE40,2009,20600
A,PPS_EU27_2020_HAB,DE40,2010,21900
A,PPS_EU27_2020_HAB,DE40,2011,22800
A,PPS_EU27_2020_HAB,DE40,2012,23400
A,PPS_EU27_2020_HAB,DE40,2013,23700
A,PPS_EU27_2020_HAB,DE40,2014,25000
A,PPS_EU27_2020_HAB,DE40,2015,25000
A,PPS_EU27_2020_HAB,DE40,2016,25600
A,PPS_EU27_2020_HAB,DE40,2017,26800
A,PPS_EU27_2020_HAB,DE40,2018,27400
A,PPS_EU27_2020_HAB,DE40,2019,28000
A,PPS_EU27_2020_HAB,DE40,2020,27500
A,PPS_EU27_2020_HAB,DE40,2021,29300
A,PPS_EU27_2020_HAB,DE40,2022,32000
A,PPS_EU27_2020_HAB,DE40,2023,33400
A,PPS_EU27_2020_HAB,DE40,2024,34300
A,PPS_EU27_2020_HAB,DE5,2000,30200
A,PPS_EU27_2020_HAB,DE5,2001,31700
A,PPS_EU27_2020_HAB,DE5,2002,32700
A,PPS_EU27_2020_HAB,DE5,2003,34200
A,PPS_EU27_2020_HAB,DE5,2004,35200
A,PPS_EU27_2020_HAB,DE5,2005,36200
A,PPS_EU27_2020_HAB,DE5,2006,38000
A,PPS_EU27_2020_HAB,DE5,2007,39600
A,PPS_EU27_2020_HAB,DE5,2008,40300
A,PPS_EU27_2020_HAB,DE5,2009,36300
A,PPS_EU27_2020_HAB,DE5,2010,38900
A,PPS_EU27_2020_HAB,DE5,2011,40400
A,PPS_EU27_2020_HAB,DE5,2012,41700
A,PPS_EU27_2020_HAB,DE5,2013,41800
A,PPS_EU27_2020_HAB,DE5,2014,42900
A,PPS_EU27_2020_HAB,DE5,2015,42900
A,PPS_EU27_2020_HAB,DE5,2016,43400
A,PPS_EU27_2020_HAB,DE5,2017,44200
A,PPS_EU27_2020_HAB,DE5,2018,44800
A,PPS_EU27_2020_HAB,DE5,2019,44000
A,PPS_EU27_2020_HAB,DE5,2020,42600
A,PPS_EU27_2020_HAB,DE5,2021,46600
A,PPS_EU27_2020_HAB,DE5,2022,50900
A,PPS_EU27_2020_HAB,DE5,2023,51700
A,PPS_EU27_2020_HAB,DE5,2024,52700
A,PPS_EU27_2020_HAB,DE50,2000,30200
A,PPS_EU27_2020_HAB,DE50,2001,31700
A,PPS_EU27_2020_HAB,DE50,2002,32700
A,PPS_EU27_2020_HAB,DE50,2003,34200
A,PPS_EU27_2020_HAB,DE50,2004,35200
A,PPS_EU27_2020_HAB,DE50,2005,36200
A,PPS_EU27_2020_HAB,DE50,2006,38000
A,PPS_EU27_2020_HAB,DE50,2007,39600
A,PPS_EU27_2020_HAB,DE50,2008,40300
A,PPS_EU27_2020_HAB,DE50,2009,36300
A,PPS_EU27_2020_HAB,DE50,2010,38900
A,PPS_EU27_2020_HAB,DE50,2011,40400
A,PPS_EU27_2020_HAB,DE50,2012,41700
A,PPS_EU27_2020_HAB,DE50,2013,41800
A,PPS_EU27_2020_HAB,DE50,2014,42900
A,PPS_EU27_2020_HAB,DE50,2015,42900
A,PPS_EU27_2020_HAB,DE50,2016,43400
A,PPS_EU27_2020_HAB,DE50,2017,44200
A,PPS_EU27_2020_HAB,DE50,2018,44800
A,PPS_EU27_2020_HAB,DE50,2019,44000
A,PPS_EU27_2020_HAB,DE50,2020,42600
A,PPS_EU27_2020_HAB,DE50,2021,46600
A,PPS_EU27_2020_HAB,DE50,2022,50900
A,PPS_EU27_2020_HAB,DE50,2023,51700
A,PPS_EU27_2020_HAB,DE50,2024,52700
A,PPS_EU27_2020_HAB,DE6,2000,41300
A,PPS_EU27_2020_HAB,DE6,2001,44100
A,PPS_EU27_2020_HAB,DE6,2002,45000
A,PPS_EU27_2020_HAB,DE6,2003,46300
A,PPS_EU27_2020_HAB,DE6,2004,48500
A,PPS_EU27_2020_HAB,DE6,2005,49900
A,PPS_EU27_2020_HAB,DE6,2006,50300
A,PPS_EU27_2020_HAB,DE6,2007,52100
A,PPS_EU27_2020_HAB,DE6,2008,54000
A,PPS_EU27_2020_HAB,DE6,2009,51600
A,PPS_EU27_2020_HAB,DE6,2010,53700
A,PPS_EU27_2020_HAB,DE6,2011,54500
A,PPS_EU27_2020_HAB,DE6,2012,55200
A,PPS_EU27_2020_HAB,DE6,2013,57100
A,PPS_EU27_2020_HAB,DE6,2014,58000
A,PPS_EU27_2020_HAB,DE6,2015,59500
A,PPS_EU27_2020_HAB,DE6,2016,60000
A,PPS_EU27_2020_HAB,DE6,2017,62800
A,PPS_EU27_2020_HAB,DE6,2018,63900
A,PPS_EU27_2020_HAB,DE6,2019,65600
A,PPS_EU27_2020_HAB,DE6,2020,62500
A,PPS_EU27_2020_HAB,DE6,2021,69500
A,PPS_EU27_2020_HAB,DE6,2022,78000
A,PPS_EU27_2020_HAB,DE6,2023,75000
A,PPS_EU27_2020_HAB,DE6,2024,78300
A,PPS_EU27_2020_HAB,DE60,2000,41300
A,PPS_EU27_2020_HAB,DE60,2001,44100
A,PPS_EU27_2020_HAB,DE60,2002,45000
A,PPS_EU27_2020_HAB,DE60,2003,46300
A,PPS_EU27_2020_HAB,DE60,2004,48500
A,PPS_EU27_2020_HAB,DE60,2005,49900
A,PPS_EU27_2020_HAB,DE60,2006,50300
A,PPS_EU27_2020_HAB,DE60,2007,52100
A,PPS_EU27_2020_HAB,DE60,2008,54000
A,PPS_EU27_2020_HAB,DE60,2009,51600
A,PPS_EU27_2020_HAB,DE60,2010,53700
A,PPS_EU27_2020_HAB,DE60,2011,54500
A,PPS_EU27_2020_HAB,DE60,2012,55200
A,PPS_EU27_2020_HAB,DE60,2013,57100
A,PPS_EU27_2020_HAB,DE60,2014,58000
A,PPS_EU27_2020_HAB,DE60,2015,59500
A,PPS_EU27_2020_HAB,DE60,2016,60000
A,PPS_EU27_2020_HAB,DE60,2017,62800
A,PPS_EU27_2020_HAB,DE60,2018,63900
A,PPS_EU27_2020_HAB,DE60,2019,65600
A,PPS_EU27_2020_HAB,DE60,2020,62500
A,PPS_EU27_2020_HAB,DE60,2021,69500
A,PPS_EU27_2020_HAB,DE60,2022,78000
A,PPS_EU27_2020_HAB,DE60,2023,75000
A,PPS_EU27_2020_HAB,DE60,2024,78300
A,PPS_EU27_2020_HAB,DE7,2000,28600
A,PPS_EU27_2020_HAB,DE7,2001,30000
A,PPS_EU27_2020_HAB,DE7,2002,30400
A,PPS_EU27_2020_HAB,DE7,2003,31900
A,PPS_EU27_2020_HAB,DE7,2004,33000
A,PPS_EU27_2020_HAB,DE7,2005,33500
A,PPS_EU27_2020_HAB,DE7,2006,34700
A,PPS_EU27_2020_HAB,DE7,2007,36400
A,PPS_EU27_2020_HAB,DE7,2008,37000
A,PPS_EU27_2020_HAB,DE7,2009,35100
A,PPS_EU27_2020_HAB,DE7,2010,36600
A,PPS_EU27_2020_HAB,DE7,2011,38500
A,PPS_EU27_2020_HAB,DE7,2012,38200
A,PPS_EU27_2020_HAB,DE7,2013,38800
A,PPS_EU27_2020_HAB,DE7,2014,40300
A,PPS_EU27_2020_HAB,DE7,2015,40700
A,PPS_EU27_2020_HAB,DE7,2016,42100
A,PPS_EU27_2020_HAB,DE7,2017,43200
A,PPS_EU27_2020_HAB,DE7,2018,44100
A,PPS_EU27_2020_HAB,DE7,2019,44500
A,PPS_EU27_2020_HAB,DE7,2020,43100
A,PPS_EU27_2020_HAB,DE7,2021,46100
A,PPS_EU27_2020_HAB,DE7,2022,48700
A,PPS_EU27_2020_HAB,DE7,2023,51100
A,PPS_EU27_2020_HAB,DE7,2024,52900
A,PPS_EU27_2020_HAB,DE71,2000,33600
A,PPS_EU27_2020_HAB,DE71,2001,35200
A,PPS_EU27_2020_HAB,DE71,2002,35500
A,PPS_EU27_2020_HAB,DE71,2003,37300
A,PPS_EU27_2020_HAB,DE71,2004,38500
A,PPS_EU27_2020_HAB,DE71,2005,39100
A,PPS_EU27_2020_HAB,DE71,2006,40500
A,PPS_EU27_2020_HAB,DE71,2007,42200
A,PPS_EU27_2020_HAB,DE71,2008,42800
A,PPS_EU27_2020_HAB,DE71,2009,40600
A,PPS_EU27_2020_HAB,DE71,2010,42200
A,PPS_EU27_2020_HAB,DE71,2011,44200
A,PPS_EU27_2020_HAB,DE71,2012,43700
A,PPS_EU27_2020_HAB,DE71,2013,44200
A,PPS_EU27_2020_HAB,DE71,2014,45900
A,PPS_EU27_2020_HAB,DE71,2015,46200
A,PPS_EU27_2020_HAB,DE71,2016,47700
A,PPS_EU27_2020_HAB,DE71,2017,48900
A,PPS_EU27_2020_HAB,DE71,2018,49700
A,PPS_EU27_2020_HAB,DE71,2019,49900
A,PPS_EU27_2020_HAB,DE71,2020,48200
A,PPS_EU27_2020_HAB,DE71,2021,51700
A,PPS_EU27_2020_HAB,DE71,2022,54500
A,PPS_EU27_2020_HAB,DE71,2023,57100
A,PPS_EU27_2020_HAB,DE71,2024,59200
A,PPS_EU27_2020_HAB,DE72,2000,20300
A,PPS_EU27_2020_HAB,DE72,2001,21100
A,PPS_EU27_2020_HAB,DE72,2002,21500
A,PPS_EU27_2020_HAB,DE72,2003,22200
A,PPS_EU27_2020_HAB,DE72,2004,23400
A,PPS_EU27_2020_HAB,DE72,2005,24000
A,PPS_EU27_2020_HAB,DE72,2006,24800
A,PPS_EU27_2020_HAB,DE72,2007,26300
A,PPS_EU27_2020_HAB,DE72,2008,27400
A,PPS_EU27_2020_HAB,DE72,2009,25200
A,PPS_EU27_2020_HAB,DE72,2010,26400
A,PPS_EU27_2020_HAB,DE72,2011,28000
A,PPS_EU27_2020_HAB,DE72,2012,27900
A,PPS_EU27_2020_HAB,DE72,2013,28400
A,PPS_EU27_2020_HAB,DE72,2014,29700
A,PPS_EU27_2020_HAB,DE72,2015,30000
A,PPS_EU27_2020_HAB,DE72,2016,30800
A,PPS_EU27_2020_HAB,DE72,2017,32400
A,PPS_EU27_2020_HAB,DE72,2018,33400
A,PPS_EU27_2020_HAB,DE72,2019,33900
A,PPS_EU27_2020_HAB,DE72,2020,33200
A,PPS_EU27_2020_HAB,DE72,2021,35100
A,PPS_EU27_2020_HAB,DE72,2022,36300
A,PPS_EU27_2020_HAB,DE72,2023,38700
A,PPS_EU27_2020_HAB,DE72,2024,39800
A,PPS_EU27_2020_HAB,DE73,2000,21000
A,PPS_EU27_2020_HAB,DE73,2001,22000
A,PPS_EU27_2020_HAB,DE73,2002,22600
A,PPS_EU27_2020_HAB,DE73,2003,24000
A,PPS_EU27_2020_HAB,DE73,2004,24500
A,PPS_EU27_2020_HAB,DE73,2005,24800
A,PPS_EU27_2020_HAB,DE73,2006,25900
A,PPS_EU27_2020_HAB,DE73,2007,27200
A,PPS_EU27_2020_HAB,DE73,2008,27600
A,PPS_EU27_2020_HAB,DE73,2009,26500
A,PPS_EU27_2020_HAB,DE73,2010,27900
A,PPS_EU27_2020_HAB,DE73,2011,29500
A,PPS_EU27_2020_HAB,DE73,2012,29500
A,PPS_EU27_2020_HAB,DE73,2013,30400
A,PPS_EU27_2020_HAB,DE73,2014,31500
A,PPS_EU27_2020_HAB,DE73,2015,32200
A,PPS_EU27_2020_HAB,DE73,2016,33600
A,PPS_EU27_2020_HAB,DE73,2017,34000
A,PPS_EU27_2020_HAB,DE73,2018,34900
A,PPS_EU27_2020_HAB,DE73,2019,36000
A,PPS_EU27_2020_HAB,DE73,2020,34900
A,PPS_EU27_2020_HAB,DE73,2021,36900
A,PPS_EU27_2020_HAB,DE73,2022,39900
A,PPS_EU27_2020_HAB,DE73,2023,41700
A,PPS_EU27_2020_HAB,DE73,2024,43100
A,PPS_EU27_2020_HAB,DE8,2000,14800
A,PPS_EU27_2020_HAB,DE8,2001,15300
A,PPS_EU27_2020_HAB,DE8,2002,15700
A,PPS_EU27_2020_HAB,DE8,2003,16300
A,PPS_EU27_2020_HAB,DE8,2004,16900
A,PPS_EU27_2020_HAB,DE8,2005,17200
A,PPS_EU27_2020_HAB,DE8,2006,17900
A,PPS_EU27_2020_HAB,DE8,2007,19100
A,PPS_EU27_2020_HAB,DE8,2008,19800
A,PPS_EU27_2020_HAB,DE8,2009,19600
A,PPS_EU27_2020_HAB,DE8,2010,20500
A,PPS_EU27_2020_HAB,DE8,2011,21600
A,PPS_EU27_2020_HAB,DE8,2012,21800
A,PPS_EU27_2020_HAB,DE8,2013,22400
A,PPS_EU27_2020_HAB,DE8,2014,23500
A,PPS_EU27_2020_HAB,DE8,2015,23700
A,PPS_EU27_2020_HAB,DE8,2016,24300
A,PPS_EU27_2020_HAB,DE8,2017,26300
A,PPS_EU27_2020_HAB,DE8,2018,26500
A,PPS_EU27_2020_HAB,DE8,2019,27900
A,PPS_EU27_2020_HAB,DE8,2020,27300
A,PPS_EU27_2020_HAB,DE8,2021,29100
A,PPS_EU27_2020_HAB,DE8,2022,32100
A,PPS_EU27_2020_HAB,DE8,2023,33400
A,PPS_EU27_2020_HAB,DE8,2024,35000
A,PPS_EU27_2020_HAB,DE80,2000,14800
A,PPS_EU27_2020_HAB,DE80,2001,15300
A,PPS_EU27_2020_HAB,DE80,2002,15700
A,PPS_EU27_2020_HAB,DE80,2003,16300
A,PPS_EU27_2020_HAB,DE80,2004,16900
A,PPS_EU27_2020_HAB,DE80,2005,17200
A,PPS_EU27_2020_HAB,DE80,2006,17900
A,PPS_EU27_2020_HAB,DE80,2007,19100
A,PPS_EU27_2020_HAB,DE80,2008,19800
A,PPS_EU27_2020_HAB,DE80,2009,19600
A,PPS_EU27_2020_HAB,DE80,2010,20500
A,PPS_EU27_2020_HAB,DE80,2011,21600
A,PPS_EU27_2020_HAB,DE80,2012,21800
A,PPS_EU27_2020_HAB,DE80,2013,22400
A,PPS_EU27_2020_HAB,DE80,2014,23500
A,PPS_EU27_2020_HAB,DE80,2015,23700
A,PPS_EU27_2020_HAB,DE80,2016,24300
A,PPS_EU27_2020_HAB,DE80,2017,26300
A,PPS_EU27_2020_HAB,DE80,2018,26500
A,PPS_EU27_2020_HAB,DE80,2019,27900
A,PPS_EU27_2020_HAB,DE80,2020,27300
A,PPS_EU27_2020_HAB,DE80,2021,29100
A,PPS_EU27_2020_HAB,DE80,2022,32100
A,PPS_EU27_2020_HAB,DE80,2023,33400
A,PPS_EU27_2020_HAB,DE80,2024,35000
A,PPS_EU27_2020_HAB,DE9,2000,20900
A,PPS_EU27_2020_HAB,DE9,2001,21400
A,PPS_EU27_2020_HAB,DE9,2002,21400
A,PPS_EU27_2020_HAB,DE9,2003,22100
A,PPS_EU27_2020_HAB,DE9,2004,23000
A,PPS_EU27_2020_HAB,DE9,2005,23800
A,PPS_EU27_2020_HAB,DE9,2006,25000
A,PPS_EU27_2020_HAB,DE9,2007,26400
A,PPS_EU27_2020_HAB,DE9,2008,27200
A,PPS_EU27_2020_HAB,DE9,2009,25800
A,PPS_EU27_2020_HAB,DE9,2010,27800
A,PPS_EU27_2020_HAB,DE9,2011,29500
A,PPS_EU27_2020_HAB,DE9,2012,30000
A,PPS_EU27_2020_HAB,DE9,2013,30200
A,PPS_EU27_2020_HAB,DE9,2014,31500
A,PPS_EU27_2020_HAB,DE9,2015,31300
A,PPS_EU27_2020_HAB,DE9,2016,33400
A,PPS_EU27_2020_HAB,DE9,2017,34300
A,PPS_EU27_2020_HAB,DE9,2018,35600
A,PPS_EU27_2020_HAB,DE9,2019,36200
A,PPS_EU27_2020_HAB,DE9,2020,35200
A,PPS_EU27_2020_HAB,DE9,2021,36900
A,PPS_EU27_2020_HAB,DE9,2022,39200
A,PPS_EU27_2020_HAB,DE9,2023,41400
A,PPS_EU27_2020_HAB,DE9,2024,42900
A,PPS_EU27_2020_HAB,DE91,2000,24800
A,PPS_EU27_2020_HAB,DE91,2001,25600
A,PPS_EU27_2020_HAB,DE91,2002,25200
A,PPS_EU27_2020_HAB,DE91,2003,26100
A,PPS_EU27_2020_HAB,DE91,2004,27100
A,PPS_EU27_2020_HAB,DE91,2005,28700
A,PPS_EU27_2020_HAB,DE91,2006,29800
A,PPS_EU27_2020_HAB,DE91,2007,32200
A,PPS_EU27_2020_HAB,DE91,2008,33000
A,PPS_EU27_2020_HAB,DE91,2009,30600
A,PPS_EU27_2020_HAB,DE91,2010,34100
A,PPS_EU27_2020_HAB,DE91,2011,36900
A,PPS_EU27_2020_HAB,DE91,2012,37100
A,PPS_EU27_2020_HAB,DE91,2013,37500
A,PPS_EU27_2020_HAB,DE91,2014,39400
A,PPS_EU27_2020_HAB,DE91,2015,37500
A,PPS_EU27_2020_HAB,DE91,2016,43900
A,PPS_EU27_2020_HAB,DE91,2017,43400
A,PPS_EU27_2020_HAB,DE91,2018,46000
A,PPS_EU27_2020_HAB,DE91,2019,46200
A,PPS_EU27_2020_HAB,DE91,2020,43500
A,PPS_EU27_2020_HAB,DE91,2021,44200
A,PPS_EU27_2020_HAB,DE91,2022,45100
A,PPS_EU27_2020_HAB,DE91,2023,49800
A,PPS_EU27_2020_HAB,DE91,2024,51500
A,PPS_EU27_2020_HAB,DE92,2000,22000
A,PPS_EU27_2020_HAB,DE92,2001,22600
A,PPS_EU27_2020_HAB,DE92,2002,23000
A,PPS_EU27_2020_HAB,DE92,2003,23600
A,PPS_EU27_2020_HAB,DE92,2004,24500
A,PPS_EU27_2020_HAB,DE92,2005,25500
A,PPS_EU27_2020_HAB,DE92,2006,27000
A,PPS_EU27_2020_HAB,DE92,2007,27800
A,PPS_EU27_2020_HAB,DE92,2008,29000
A,PPS_EU27_2020_HAB,DE92,2009,27700
A,PPS_EU27_2020_HAB,DE92,2010,29200
A,PPS_EU27_2020_HAB,DE92,2011,30900
A,PPS_EU27_2020_HAB,DE92,2012,31300
A,PPS_EU27_2020_HAB,DE92,2013,31000
A,PPS_EU27_2020_HAB,DE92,2014,32900
A,PPS_EU27_2020_HAB,DE92,2015,33200
A,PPS_EU27_2020_HAB,DE92,2016,34700
A,PPS_EU27_2020_HAB,DE92,2017,35700
A,PPS_EU27_2020_HAB,DE92,2018,36800
A,PPS_EU27_2020_HAB,DE92,2019,37500
A,PPS_EU27_2020_HAB,DE92,2020,36700
A,PPS_EU27_2020_HAB,DE92,2021,39000
A,PPS_EU27_2020_HAB,DE92,2022,40500
A,PPS_EU27_2020_HAB,DE92,2023,43100
A,PPS_EU27_2020_HAB,DE92,2024,44700
A,PPS_EU27_2020_HAB,DE93,2000,16500
A,PPS_EU27_2020_HAB,DE93,2001,16800
A,PPS_EU27_2020_HAB,DE93,2002,17000
A,PPS_EU27_2020_HAB,DE93,2003,17400
A,PPS_EU27_2020_HAB,DE93,2004,18100
A,PPS_EU27_2020_HAB,DE93,2005,18500
A,PPS_EU27_2020_HAB,DE93,2006,19200
A,PPS_EU27_2020_HAB,DE93,2007,20400
A,PPS_EU27_2020_HAB,DE93,2008,20900
A,PPS_EU27_2020_HAB,DE93,2009,20100
A,PPS_EU27_2020_HAB,DE93,2010,21100
A,PPS_EU27_2020_HAB,DE93,2011,22500
A,PPS_EU27_2020_HAB,DE93,2012,23100
A,PPS_EU27_2020_HAB,DE93,2013,23600
A,PPS_EU27_2020_HAB,DE93,2014,24200
A,PPS_EU27_2020_HAB,DE93,2015,24500
A,PPS_EU27_2020_HAB,DE93,2016,24900
A,PPS_EU27_2020_HAB,DE93,2017,26000
A,PPS_EU27_2020_HAB,DE93,2018,27200
A,PPS_EU27_2020_HAB,DE93,2019,27900
A,PPS_EU27_2020_HAB,DE93,2020,27700
A,PPS_EU27_2020_HAB,DE93,2021,29200
A,PPS_EU27_2020_HAB,DE93,2022,31600
A,PPS_EU27_2020_HAB,DE93,2023,32500
A,PPS_EU27_2020_HAB,DE93,2024,33700
A,PPS_EU27_2020_HAB,DE94,2000,20200
A,PPS_EU27_2020_HAB,DE94,2001,20700
A,PPS_EU27_2020_HAB,DE94,2002,20600
A,PPS_EU27_2020_HAB,DE94,2003,21200
A,PPS_EU27_2020_HAB,DE94,2004,22500
A,PPS_EU27_2020_HAB,DE94,2005,22900
A,PPS_EU27_2020_HAB,DE94,2006,24100
A,PPS_EU27_2020_HAB,DE94,2007,25400
A,PPS_EU27_2020_HAB,DE94,2008,26200
A,PPS_EU27_2020_HAB,DE94,2009,25000
A,PPS_EU27_2020_HAB,DE94,2010,26900
A,PPS_EU27_2020_HAB,DE94,2011,28500
A,PPS_EU27_2020_HAB,DE94,2012,29100
A,PPS_EU27_2020_HAB,DE94,2013,29300
A,PPS_EU27_2020_HAB,DE94,2014,30100
A,PPS_EU27_2020_HAB,DE94,2015,30400
A,PPS_EU27_2020_HAB,DE94,2016,31500
A,PPS_EU27_2020_HAB,DE94,2017,32800
A,PPS_EU27_2020_HAB,DE94,2018,33600
A,PPS_EU27_2020_HAB,DE94,2019,34300
A,PPS_EU27_2020_HAB,DE94,2020,33900
A,PPS_EU27_2020_HAB,DE94,2021,35800
A,PPS_EU27_2020_HAB,DE94,2022,39600
A,PPS_EU27_2020_HAB,DE94,2023,40700
A,PPS_EU27_2020_HAB,DE94,2024,42100
A,PPS_EU27_2020_HAB,DEA,2000,23200
A,PPS_EU27_2020_HAB,DEA,2001,24000
A,PPS_EU27_2020_HAB,DEA,2002,24500
A,PPS_EU27_2020_HAB,DEA,2003,25100
A,PPS_EU27_2020_HAB,DEA,2004,26300
A,PPS_EU27_2020_HAB,DEA,2005,26800
A,PPS_EU27_2020_HAB,DEA,2006,27800
A,PPS_EU27_2020_HAB,DEA,2007,29600
A,PPS_EU27_2020_HAB,DEA,2008,30500
A,PPS_EU27_2020_HAB,DEA,2009,29000
A,PPS_EU27_2020_HAB,DEA,2010,30200
A,PPS_EU27_2020_HAB,DEA,2011,31700
A,PPS_EU27_2020_HAB,DEA,2012,31800
A,PPS_EU27_2020_HAB,DEA,2013,32200
A,PPS_EU27_2020_HAB,DEA,2014,33400
A,PPS_EU27_2020_HAB,DEA,2015,34000
A,PPS_EU27_2020_HAB,DEA,2016,34500
A,PPS_EU27_2020_HAB,DEA,2017,35900
A,PPS_EU27_2020_HAB,DEA,2018,37100
A,PPS_EU27_2020_HAB,DEA,2019,37200
A,PPS_EU27_2020_HAB,DEA,2020,36500
A,PPS_EU27_2020_HAB,DEA,2021,38400
A,PPS_EU27_2020_HAB,DEA,2022,40900
A,PPS_EU27_2020_HAB,DEA,2023,42400
A,PPS_EU27_2020_HAB,DEA,2024,43500
A,PPS_EU27_2020_HAB,DEA1,2000,25100
A,PPS_EU27_2020_HAB,DEA1,2001,26300
A,PPS_EU27_2020_HAB,DEA1,2002,26800
A,PPS_EU27_2020_HAB,DEA1,2003,27600
A,PPS_EU27_2020_HAB,DEA1,2004,29000
A,PPS_EU27_2020_HAB,DEA1,2005,29600
A,PPS_EU27_2020_HAB,DEA1,2006,30400
A,PPS_EU27_2020_HAB,DEA1,2007,32600
A,PPS_EU27_2020_HAB,DEA1,2008,34200
A,PPS_EU27_2020_HAB,DEA1,2009,32300
A,PPS_EU27_2020_HAB,DEA1,2010,33200
A,PPS_EU27_2020_HAB,DEA1,2011,34600
A,PPS_EU27_2020_HAB,DEA1,2012,34300
A,PPS_EU27_2020_HAB,DEA1,2013,34600
A,PPS_EU27_2020_HAB,DEA1,2014,35900
A,PPS_EU27_2020_HAB,DEA1,2015,36500
A,PPS_EU27_2020_HAB,DEA1,2016,36900
A,PPS_EU27_2020_HAB,DEA1,2017,38300
A,PPS_EU27_2020_HAB,DEA1,2018,39500
A,PPS_EU27_2020_HAB,DEA1,2019,39300
A,PPS_EU27_2020_HAB,DEA1,2020,38400
A,PPS_EU27_2020_HAB,DEA1,2021,40700
A,PPS_EU27_2020_HAB,DEA1,2022,43600
A,PPS_EU27_2020_HAB,DEA1,2023,45200
A,PPS_EU27_2020_HAB,DEA1,2024,46300
A,PPS_EU27_2020_HAB,DEA2,2000,26400
A,PPS_EU27_2020_HAB,DEA2,2001,27100
A,PPS_EU27_2020_HAB,DEA2,2002,28300
A,PPS_EU27_2020_HAB,DEA2,2003,28300
A,PPS_EU27_2020_HAB,DEA2,2004,29300
A,PPS_EU27_2020_HAB,DEA2,2005,29400
A,PPS_EU27_2020_HAB,DEA2,2006,30800
A,PPS_EU27_2020_HAB,DEA2,2007,32500
A,PPS_EU27_2020_HAB,DEA2,2008,32600
A,PPS_EU27_2020_HAB,DEA2,2009,31700
A,PPS_EU27_2020_HAB,DEA2,2010,32800
A,PPS_EU27_2020_HAB,DEA2,2011,34100
A,PPS_EU27_2020_HAB,DEA2,2012,34200
A,PPS_EU27_2020_HAB,DEA2,2013,35000
A,PPS_EU27_2020_HAB,DEA2,2014,36400
A,PPS_EU27_2020_HAB,DEA2,2015,37200
A,PPS_EU27_2020_HAB,DEA2,2016,37600
A,PPS_EU27_2020_HAB,DEA2,2017,39200
A,PPS_EU27_2020_HAB,DEA2,2018,40700
A,PPS_EU27_2020_HAB,DEA2,2019,40700
A,PPS_EU27_2020_HAB,DEA2,2020,39600
A,PPS_EU27_2020_HAB,DEA2,2021,41700
A,PPS_EU27_2020_HAB,DEA2,2022,44400
A,PPS_EU27_2020_HAB,DEA2,2023,46000
A,PPS_EU27_2020_HAB,DEA2,2024,47300
A,PPS_EU27_2020_HAB,DEA3,2000,19500
A,PPS_EU27_2020_HAB,DEA3,2001,20200
A,PPS_EU27_2020_HAB,DEA3,2002,20400
A,PPS_EU27_2020_HAB,DEA3,2003,21100
A,PPS_EU27_2020_HAB,DEA3,2004,22300
A,PPS_EU27_2020_HAB,DEA3,2005,22900
A,PPS_EU27_2020_HAB,DEA3,2006,23900
A,PPS_EU27_2020_HAB,DEA3,2007,25400
A,PPS_EU27_2020_HAB,DEA3,2008,26300
A,PPS_EU27_2020_HAB,DEA3,2009,24800
A,PPS_EU27_2020_HAB,DEA3,2010,26200
A,PPS_EU27_2020_HAB,DEA3,2011,27600
A,PPS_EU27_2020_HAB,DEA3,2012,27700
A,PPS_EU27_2020_HAB,DEA3,2013,27600
A,PPS_EU27_2020_HAB,DEA3,2014,28400
A,PPS_EU27_2020_HAB,DEA3,2015,28900
A,PPS_EU27_2020_HAB,DEA3,2016,29700
A,PPS_EU27_2020_HAB,DEA3,2017,31000
A,PPS_EU27_2020_HAB,DEA3,2018,31700
A,PPS_EU27_2020_HAB,DEA3,2019,32300
A,PPS_EU27_2020_HAB,DEA3,2020,32000
A,PPS_EU27_2020_HAB,DEA3,2021,33600
A,PPS_EU27_2020_HAB,DEA3,2022,35700
A,PPS_EU27_2020_HAB,DEA3,2023,37100
A,PPS_EU27_2020_HAB,DEA3,2024,38000
A,PPS_EU27_2020_HAB,DEA4,2000,22300
A,PPS_EU27_2020_HAB,DEA4,2001,22700
A,PPS_EU27_2020_HAB,DEA4,2002,22900
A,PPS_EU27_2020_HAB,DEA4,2003,23400
A,PPS_EU27_2020_HAB,DEA4,2004,24300
A,PPS_EU27_2020_HAB,DEA4,2005,25000
A,PPS_EU27_2020_HAB,DEA4,2006,25900
A,PPS_EU27_2020_HAB,DEA4,2007,27800
A,PPS_EU27_2020_HAB,DEA4,2008,28300
A,PPS_EU27_2020_HAB,DEA4,2009,26900
A,PPS_EU27_2020_HAB,DEA4,2010,28000
A,PPS_EU27_2020_HAB,DEA4,2011,30000
A,PPS_EU27_2020_HAB,DEA4,2012,30500
A,PPS_EU27_2020_HAB,DEA4,2013,31100
A,PPS_EU27_2020_HAB,DEA4,2014,32700
A,PPS_EU27_2020_HAB,DEA4,2015,32800
A,PPS_EU27_2020_HAB,DEA4,2016,33700
A,PPS_EU27_2020_HAB,DEA4,2017,35000
A,PPS_EU27_2020_HAB,DEA4,2018,36100
A,PPS_EU27_2020_HAB,DEA4,2019,36600
A,PPS_EU27_2020_HAB,DEA4,2020,36600
A,PPS_EU27_2020_HAB,DEA4,2021,37900
A,PPS_EU27_2020_HAB,DEA4,2022,39800
A,PPS_EU27_2020_HAB,DEA4,2023,41400
A,PPS_EU27_2020_HAB,DEA4,2024,42300
A,PPS_EU27_2020_HAB,DEA5,2000,20100
A,PPS_EU27_2020_HAB,DEA5,2001,20500
A,PPS_EU27_2020_HAB,DEA5,2002,20900
A,PPS_EU27_2020_HAB,DEA5,2003,21700
A,PPS_EU27_2020_HAB,DEA5,2004,22800
A,PPS_EU27_2020_HAB,DEA5,2005,23600
A,PPS_EU27_2020_HAB,DEA5,2006,24500
A,PPS_EU27_2020_HAB,DEA5,2007,26000
A,PPS_EU27_2020_HAB,DEA5,2008,27000
A,PPS_EU27_2020_HAB,DEA5,2009,25600
A,PPS_EU27_2020_HAB,DEA5,2010,27100
A,PPS_EU27_2020_HAB,DEA5,2011,28700
A,PPS_EU27_2020_HAB,DEA5,2012,28800
A,PPS_EU27_2020_HAB,DEA5,2013,29100
A,PPS_EU27_2020_HAB,DEA5,2014,30400
A,PPS_EU27_2020_HAB,DEA5,2015,30700
A,PPS_EU27_2020_HAB,DEA5,2016,31200
A,PPS_EU27_2020_HAB,DEA5,2017,32500
A,PPS_EU27_2020_HAB,DEA5,2018,33600
A,PPS_EU27_2020_HAB,DEA5,2019,33800
A,PPS_EU27_2020_HAB,DEA5,2020,32800
A,PPS_EU27_2020_HAB,DEA5,2021,34800
A,PPS_EU27_2020_HAB,DEA5,2022,36900
A,PPS_EU27_2020_HAB,DEA5,2023,38200
A,PPS_EU27_2020_HAB,DEA5,2024,39200
A,PPS_EU27_2020_HAB,DEB,2000,20700
A,PPS_EU27_2020_HAB,DEB,2001,21000
A,PPS_EU27_2020_HAB,DEB,2002,21500
A,PPS_EU27_2020_HAB,DEB,2003,22200
A,PPS_EU27_2020_HAB,DEB,2004,23300
A,PPS_EU27_2020_HAB,DEB,2005,23500
A,PPS_EU27_2020_HAB,DEB,2006,24500
A,PPS_EU27_2020_HAB,DEB,2007,25800
A,PPS_EU27_2020_HAB,DEB,2008,26300
A,PPS_EU27_2020_HAB,DEB,2009,25300
A,PPS_EU27_2020_HAB,DEB,2010,27100
A,PPS_EU27_2020_HAB,DEB,2011,28500
A,PPS_EU27_2020_HAB,DEB,2012,29000
A,PPS_EU27_2020_HAB,DEB,2013,29400
A,PPS_EU27_2020_HAB,DEB,2014,30600
A,PPS_EU27_2020_HAB,DEB,2015,31200
A,PPS_EU27_2020_HAB,DEB,2016,31800
A,PPS_EU27_2020_HAB,DEB,2017,32600
A,PPS_EU27_2020_HAB,DEB,2018,33300
A,PPS_EU27_2020_HAB,DEB,2019,33700
A,PPS_EU27_2020_HAB,DEB,2020,32900
A,PPS_EU27_2020_HAB,DEB,2021,37400
A,PPS_EU27_2020_HAB,DEB,2022,39200
A,PPS_EU27_2020_HAB,DEB,2023,39400
A,PPS_EU27_2020_HAB,DEB,2024,40100
A,PPS_EU27_2020_HAB,DEB1,2000,19300
A,PPS_EU27_2020_HAB,DEB1,2001,19600
A,PPS_EU27_2020_HAB,DEB1,2002,20100
A,PPS_EU27_2020_HAB,DEB1,2003,20700
A,PPS_EU27_2020_HAB,DEB1,2004,21700
A,PPS_EU27_2020_HAB,DEB1,2005,22100
A,PPS_EU27_2020_HAB,DEB1,2006,23100
A,PPS_EU27_2020_HAB,DEB1,2007,24000
A,PPS_EU27_2020_HAB,DEB1,2008,24600
A,PPS_EU27_2020_HAB,DEB1,2009,23600
A,PPS_EU27_2020_HAB,DEB1,2010,25000
A,PPS_EU27_2020_HAB,DEB1,2011,26200
A,PPS_EU27_2020_HAB,DEB1,2012,26600
A,PPS_EU27_2020_HAB,DEB1,2013,27100
A,PPS_EU27_2020_HAB,DEB1,2014,28600
A,PPS_EU27_2020_HAB,DEB1,2015,28900
A,PPS_EU27_2020_HAB,DEB1,2016,29400
A,PPS_EU27_2020_HAB,DEB1,2017,30800
A,PPS_EU27_2020_HAB,DEB1,2018,31600
A,PPS_EU27_2020_HAB,DEB1,2019,32000
A,PPS_EU27_2020_HAB,DEB1,2020,31800
A,PPS_EU27_2020_HAB,DEB1,2021,33000
A,PPS_EU27_2020_HAB,DEB1,2022,35500
A,PPS_EU27_2020_HAB,DEB1,2023,37400
A,PPS_EU27_2020_HAB,DEB1,2024,38100
A,PPS_EU27_2020_HAB,DEB2,2000,17800
A,PPS_EU27_2020_HAB,DEB2,2001,18300
A,PPS_EU27_2020_HAB,DEB2,2002,19000
A,PPS_EU27_2020_HAB,DEB2,2003,20000
A,PPS_EU27_2020_HAB,DEB2,2004,20900
A,PPS_EU27_2020_HAB,DEB2,2005,21100
A,PPS_EU27_2020_HAB,DEB2,2006,21700
A,PPS_EU27_2020_HAB,DEB2,2007,22700
A,PPS_EU27_2020_HAB,DEB2,2008,23300
A,PPS_EU27_2020_HAB,DEB2,2009,22400
A,PPS_EU27_2020_HAB,DEB2,2010,23700
A,PPS_EU27_2020_HAB,DEB2,2011,25200
A,PPS_EU27_2020_HAB,DEB2,2012,25300
A,PPS_EU27_2020_HAB,DEB2,2013,26100
A,PPS_EU27_2020_HAB,DEB2,2014,27000
A,PPS_EU27_2020_HAB,DEB2,2015,27300
A,PPS_EU27_2020_HAB,DEB2,2016,28100
A,PPS_EU27_2020_HAB,DEB2,2017,28700
A,PPS_EU27_2020_HAB,DEB2,2018,29600
A,PPS_EU27_2020_HAB,DEB2,2019,30100
A,PPS_EU27_2020_HAB,DEB2,2020,29900
A,PPS_EU27_2020_HAB,DEB2,2021,30500
A,PPS_EU27_2020_HAB,DEB2,2022,32800
A,PPS_EU27_2020_HAB,DEB2,2023,34400
A,PPS_EU27_2020_HAB,DEB2,2024,35100
A,PPS_EU27_2020_HAB,DEB3,2000,22500
A,PPS_EU27_2020_HAB,DEB3,2001,22700
A,PPS_EU27_2020_HAB,DEB3,2002,23200
A,PPS_EU27_2020_HAB,DEB3,2003,23800
A,PPS_EU27_2020_HAB,DEB3,2004,25100
A,PPS_EU27_2020_HAB,DEB3,2005,25200
A,PPS_EU27_2020_HAB,DEB3,2006,26300
A,PPS_EU27_2020_HAB,DEB3,2007,27900
A,PPS_EU27_2020_HAB,DEB3,2008,28400
A,PPS_EU27_2020_HAB,DEB3,2009,27400
A,PPS_EU27_2020_HAB,DEB3,2010,29700
A,PPS_EU27_2020_HAB,DEB3,2011,31000
A,PPS_EU27_2020_HAB,DEB3,2012,31700
A,PPS_EU27_2020_HAB,DEB3,2013,32000
A,PPS_EU27_2020_HAB,DEB3,2014,33000
A,PPS_EU27_2020_HAB,DEB3,2015,33800
A,PPS_EU27_2020_HAB,DEB3,2016,34500
A,PPS_EU27_2020_HAB,DEB3,2017,35000
A,PPS_EU27_2020_HAB,DEB3,2018,35400
A,PPS_EU27_2020_HAB,DEB3,2019,35700
A,PPS_EU27_2020_HAB,DEB3,2020,34600
A,PPS_EU27_2020_HAB,DEB3,2021,42300
A,PPS_EU27_2020_HAB,DEB3,2022,43500
A,PPS_EU27_2020_HAB,DEB3,2023,42200
A,PPS_EU27_2020_HAB,DEB3,2024,42800
A,PPS_EU27_2020_HAB,DEC,2000,21300
A,PPS_EU27_2020_HAB,DEC,2001,22100
A,PPS_EU27_2020_HAB,DEC,2002,22300
A,PPS_EU27_2020_HAB,DEC,2003,23100
A,PPS_EU27_2020_HAB,DEC,2004,24700
A,PPS_EU27_2020_HAB,DEC,2005,26200
A,PPS_EU27_2020_HAB,DEC,2006,27600
A,PPS_EU27_2020_HAB,DEC,2007,29200
A,PPS_EU27_2020_HAB,DEC,2008,29900
A,PPS_EU27_2020_HAB,DEC,2009,26900
A,PPS_EU27_2020_HAB,DEC,2010,28800
A,PPS_EU27_2020_HAB,DEC,2011,30700
A,PPS_EU27_2020_HAB,DEC,2012,30700
A,PPS_EU27_2020_HAB,DEC,2013,30200
A,PPS_EU27_2020_HAB,DEC,2014,31700
A,PPS_EU27_2020_HAB,DEC,2015,32100
A,PPS_EU27_2020_HAB,DEC,2016,32200
A,PPS_EU27_2020_HAB,DEC,2017,33300
A,PPS_EU27_2020_HAB,DEC,2018,33800
A,PPS_EU27_2020_HAB,DEC,2019,33400
A,PPS_EU27_2020_HAB,DEC,2020,32000
A,PPS_EU27_2020_HAB,DEC,2021,33400
A,PPS_EU27_2020_HAB,DEC,2022,36700
A,PPS_EU27_2020_HAB,DEC,2023,37300
A,PPS_EU27_2020_HAB,DEC,2024,37800
A,PPS_EU27_2020_HAB,DEC0,2000,21300
A,PPS_EU27_2020_HAB,DEC0,2001,22100
A,PPS_EU27_2020_HAB,DEC0,2002,22300
A,PPS_EU27_2020_HAB,DEC0,2003,23100
A,PPS_EU27_2020_HAB,DEC0,2004,24700
A,PPS_EU27_2020_HAB,DEC0,2005,26200
A,PPS_EU27_2020_HAB,DEC0,2006,27600
A,PPS_EU27_2020_HAB,DEC0,2007,29200
A,PPS_EU27_2020_HAB,DEC0,2008,29900
A,PPS_EU27_2020_HAB,DEC0,2009,26900
A,PPS_EU27_2020_HAB,DEC0,2010,28800
A,PPS_EU27_2020_HAB,DEC0,2011,30700
A,PPS_EU27_2020_HAB,DEC0,2012,30700
A,PPS_EU27_2020_HAB,DEC0,2013,30200
A,PPS_EU27_2020_HAB,DEC0,2014,31700
A,PPS_EU27_2020_HAB,DEC0,2015,32100
A,PPS_EU27_2020_HAB,DEC0,2016,32200
A,PPS_EU27_2020_HAB,DEC0,2017,33300
A,PPS_EU27_2020_HAB,DEC0,2018,33800
A,PPS_EU27_2020_HAB,DEC0,2019,33400
A,PPS_EU27_2020_HAB,DEC0,2020,32000
A,PPS_EU27_2020_HAB,DEC0,2021,33400
A,PPS_EU27_2020_HAB,DEC0,2022,36700
A,PPS_EU27_2020_HAB,DEC0,2023,37300
A,PPS_EU27_2020_HAB,DEC0,2024,37800
A,PPS_EU27_2020_HAB,DED,2000,15300
A,PPS_EU27_2020_HAB,DED,2001,16200
A,PPS_EU27_2020_HAB,DED,2002,17000
A,PPS_EU27_2020_HAB,DED,2003,17900
A,PPS_EU27_2020_HAB,DED,2004,18900
A,PPS_EU27_2020_HAB,DED,2005,19100
A,PPS_EU27_2020_HAB,DED,2006,20200
A,PPS_EU27_2020_HAB,DED,2007,21400
A,PPS_EU27_2020_HAB,DED,2008,21800
A,PPS_EU27_2020_HAB,DED,2009,21000
A,PPS_EU27_2020_HAB,DED,2010,22300
A,PPS_EU27_2020_HAB,DED,2011,23500
A,PPS_EU27_2020_HAB,DED,2012,23800
A,PPS_EU27_2020_HAB,DED,2013,24400
A,PPS_EU27_2020_HAB,DED,2014,25500
A,PPS_EU27_2020_HAB,DED,2015,26300
A,PPS_EU27_2020_HAB,DED,2016,27100
A,PPS_EU27_2020_HAB,DED,2017,28200
A,PPS_EU27_2020_HAB,DED,2018,29000
A,PPS_EU27_2020_HAB,DED,2019,29700
A,PPS_EU27_2020_HAB,DED,2020,29000
A,PPS_EU27_2020_HAB,DED,2021,30700
A,PPS_EU27_2020_HAB,DED,2022,33000
A,PPS_EU27_2020_HAB,DED,2023,34800
A,PPS_EU27_2020_HAB,DED,2024,35900
A,PPS_EU27_2020_HAB,DED2,2000,15600
A,PPS_EU27_2020_HAB,DED2,2001,16600
A,PPS_EU27_2020_HAB,DED2,2002,17700
A,PPS_EU27_2020_HAB,DED2,2003,18800
A,PPS_EU27_2020_HAB,DED2,2004,19900
A,PPS_EU27_2020_HAB,DED2,2005,20000
A,PPS_EU27_2020_HAB,DED2,2006,20800
A,PPS_EU27_2020_HAB,DED2,2007,22000
A,PPS_EU27_2020_HAB,DED2,2008,22300
A,PPS_EU27_2020_HAB,DED2,2009,21600
A,PPS_EU27_2020_HAB,DED2,2010,22700
A,PPS_EU27_2020_HAB,DED2,2011,23700
A,PPS_EU27_2020_HAB,DED2,2012,23900
A,PPS_EU27_2020_HAB,DED2,2013,24500
A,PPS_EU27_2020_HAB,DED2,2014,25600
A,PPS_EU27_2020_HAB,DED2,2015,26800
A,PPS_EU27_2020_HAB,DED2,2016,27500
A,PPS_EU27_2020_HAB,DED2,2017,28600
A,PPS_EU27_2020_HAB,DED2,2018,29600
A,PPS_EU27_2020_HAB,DED2,2019,30400
A,PPS_EU27_2020_HAB,DED2,2020,29800
A,PPS_EU27_2020_HAB,DED2,2021,31300
A,PPS_EU27_2020_HAB,DED2,2022,34000
A,PPS_EU27_2020_HAB,DED2,2023,35500
A,PPS_EU27_2020_HAB,DED2,2024,36600
A,PPS_EU27_2020_HAB,DED4,2000,14400
A,PPS_EU27_2020_HAB,DED4,2001,15000
A,PPS_EU27_2020_HAB,DED4,2002,15700
A,PPS_EU27_2020_HAB,DED4,2003,16500
A,PPS_EU27_2020_HAB,DED4,2004,17400
A,PPS_EU27_2020_HAB,DED4,2005,17600
A,PPS_EU27_2020_HAB,DED4,2006,18800
A,PPS_EU27_2020_HAB,DED4,2007,19900
A,PPS_EU27_2020_HAB,DED4,2008,20400
A,PPS_EU27_2020_HAB,DED4,2009,19400
A,PPS_EU27_2020_HAB,DED4,2010,20800
A,PPS_EU27_2020_HAB,DED4,2011,22000
A,PPS_EU27_2020_HAB,DED4,2012,22200
A,PPS_EU27_2020_HAB,DED4,2013,22400
A,PPS_EU27_2020_HAB,DED4,2014,23600
A,PPS_EU27_2020_HAB,DED4,2015,24100
A,PPS_EU27_2020_HAB,DED4,2016,25000
A,PPS_EU27_2020_HAB,DED4,2017,26000
A,PPS_EU27_2020_HAB,DED4,2018,26700
A,PPS_EU27_2020_HAB,DED4,2019,27200
A,PPS_EU27_2020_HAB,DED4,2020,26500
A,PPS_EU27_2020_HAB,DED4,2021,28000
A,PPS_EU27_2020_HAB,DED4,2022,29700
A,PPS_EU27_2020_HAB,DED4,2023,31600
A,PPS_EU27_2020_HAB,DED4,2024,32700
A,PPS_EU27_2020_HAB,DED5,2000,16500
A,PPS_EU27_2020_HAB,DED5,2001,17400
A,PPS_EU27_2020_HAB,DED5,2002,18100
A,PPS_EU27_2020_HAB,DED5,2003,18900
A,PPS_EU27_2020_HAB,DED5,2004,19700
A,PPS_EU27_2020_HAB,DED5,2005,19900
A,PPS_EU27_2020_HAB,DED5,2006,21400
A,PPS_EU27_2020_HAB,DED5,2007,22500
A,PPS_EU27_2020_HAB,DED5,2008,23200
A,PPS_EU27_2020_HAB,DED5,2009,22700
A,PPS_EU27_2020_HAB,DED5,2010,24000
A,PPS_EU27_2020_HAB,DED5,2011,25700
A,PPS_EU27_2020_HAB,DED5,2012,26400
A,PPS_EU27_2020_HAB,DED5,2013,27000
A,PPS_EU27_2020_HAB,DED5,2014,28300
A,PPS_EU27_2020_HAB,DED5,2015,28600
A,PPS_EU27_2020_HAB,DED5,2016,29400
A,PPS_EU27_2020_HAB,DED5,2017,30600
A,PPS_EU27_2020_HAB,DED5,2018,31200
A,PPS_EU27_2020_HAB,DED5,2019,32000
A,PPS_EU27_2020_HAB,DED5,2020,31200
A,PPS_EU27_2020_HAB,DED5,2021,33500
A,PPS_EU27_2020_HAB,DED5,2022,36000
A,PPS_EU27_2020_HAB,DED5,2023,37700
A,PPS_EU27_2020_HAB,DED5,2024,38900
A,PPS_EU27_2020_HAB,DEE,2000,14500
A,PPS_EU27_2020_HAB,DEE,2001,15100
A,PPS_EU27_2020_HAB,DEE,2002,15900
A,PPS_EU27_2020_HAB,DEE,2003,16500
A,PPS_EU27_2020_HAB,DEE,2004,17400
A,PPS_EU27_2020_HAB,DEE,2005,17700
A,PPS_EU27_2020_HAB,DEE,2006,18700
A,PPS_EU27_2020_HAB,DEE,2007,19900
A,PPS_EU27_2020_HAB,DEE,2008,20500
A,PPS_EU27_2020_HAB,DEE,2009,19500
A,PPS_EU27_2020_HAB,DEE,2010,21100
A,PPS_EU27_2020_HAB,DEE,2011,21900
A,PPS_EU27_2020_HAB,DEE,2012,22800
A,PPS_EU27_2020_HAB,DEE,2013,23100
A,PPS_EU27_2020_HAB,DEE,2014,23700
A,PPS_EU27_2020_HAB,DEE,2015,23900
A,PPS_EU27_2020_HAB,DEE,2016,24600
A,PPS_EU27_2020_HAB,DEE,2017,25600
A,PPS_EU27_2020_HAB,DEE,2018,26200
A,PPS_EU27_2020_HAB,DEE,2019,27200
A,PPS_EU27_2020_HAB,DEE,2020,26900
A,PPS_EU27_2020_HAB,DEE,2021,28600
A,PPS_EU27_2020_HAB,DEE,2022,31300
A,PPS_EU27_2020_HAB,DEE,2023,32500
A,PPS_EU27_2020_HAB,DEE,2024,33300
A,PPS_EU27_2020_HAB,DEE0,2000,14500
A,PPS_EU27_2020_HAB,DEE0,2001,15100
A,PPS_EU27_2020_HAB,DEE0,2002,15900
A,PPS_EU27_2020_HAB,DEE0,2003,16500
A,PPS_EU27_2020_HAB,DEE0,2004,17400
A,PPS_EU27_2020_HAB,DEE0,2005,17700
A,PPS_EU27_2020_HAB,DEE0,2006,18700
A,PPS_EU27_2020_HAB,DEE0,2007,19900
A,PPS_EU27_2020_HAB,DEE0,2008,20500
A,PPS_EU27_2020_HAB,DEE0,2009,19500
A,PPS_EU27_2020_HAB,DEE0,2010,21100
A,PPS_EU27_2020_HAB,DEE0,2011,21900
A,PPS_EU27_2020_HAB,DEE0,2012,22800
A,PPS_EU27_2020_HAB,DEE0,2013,23100
A,PPS_EU27_2020_HAB,DEE0,2014,23700
A,PPS_EU27_2020_HAB,DEE0,2015,23900
A,PPS_EU27_2020_HAB,DEE0,2016,24600
A,PPS_EU27_2020_HAB,DEE0,2017,25600
A,PPS_EU27_2020_HAB,DEE0,2018,26200
A,PPS_EU27_2020_HAB,DEE0,2019,27200
A,PPS_EU27_2020_HAB,DEE0,2020,26900
A,PPS_EU27_2020_HAB,DEE0,2021,28600
A,PPS_EU27_2020_HAB,DEE0,2022,31300
A,PPS_EU27_2020_HAB,DEE0,2023,32500
A,PPS_EU27_2020_HAB,DEE0,2024,33300
A,PPS_EU27_2020_HAB,DEF,2000,20500
A,PPS_EU27_2020_HAB,DEF,2001,21300
A,PPS_EU27_2020_HAB,DEF,2002,21100
A,PPS_EU27_2020_HAB,DEF,2003,21700
A,PPS_EU27_2020_HAB,DEF,2004,22500
A,PPS_EU27_2020_HAB,DEF,2005,22800
A,PPS_EU27_2020_HAB,DEF,2006,23400
A,PPS_EU27_2020_HAB,DEF,2007,24100
A,PPS_EU27_2020_HAB,DEF,2008,24900
A,PPS_EU27_2020_HAB,DEF,2009,23900
A,PPS_EU27_2020_HAB,DEF,2010,24700
A,PPS_EU27_2020_HAB,DEF,2011,25800
A,PPS_EU27_2020_HAB,DEF,2012,26500
A,PPS_EU27_2020_HAB,DEF,2013,26600
A,PPS_EU27_2020_HAB,DEF,2014,27400
A,PPS_EU27_2020_HAB,DEF,2015,27700
A,PPS_EU27_2020_HAB,DEF,2016,28300
A,PPS_EU27_2020_HAB,DEF,2017,29900
A,PPS_EU27_2020_HAB,DEF,2018,30600
A,PPS_EU27_2020_HAB,DEF,2019,31400
A,PPS_EU27_2020_HAB,DEF,2020,31200
A,PPS_EU27_2020_HAB,DEF,2021,33000
A,PPS_EU27_2020_HAB,DEF,2022,36300
A,PPS_EU27_2020_HAB,DEF,2023,37000
A,PPS_EU27_2020_HAB,DEF,2024,38600
A,PPS_EU27_2020_HAB,DEF0,2000,20500
A,PPS_EU27_2020_HAB,DEF0,2001,21300
A,PPS_EU27_2020_HAB,DEF0,2002,21100
A,PPS_EU27_2020_HAB,DEF0,2003,21700
A,PPS_EU27_2020_HAB,DEF0,2004,22500
A,PPS_EU27_2020_HAB,DEF0,2005,22800
A,PPS_EU27_2020_HAB,DEF0,2006,23400
A,PPS_EU27_2020_HAB,DEF0,2007,24100
A,PPS_EU27_2020_HAB,DEF0,2008,24900
A,PPS_EU27_2020_HAB,DEF0,2009,23900
A,PPS_EU27_2020_HAB,DEF0,2010,24700
A,PPS_EU27_2020_HAB,DEF0,2011,25800
A,PPS_EU27_2020_HAB,DEF0,2012,26500
A,PPS_EU27_2020_HAB,DEF0,2013,26600
A,PPS_EU27_2020_HAB,DEF0,2014,27400
A,PPS_EU27_2020_HAB,DEF0,2015,27700
A,PPS_EU27_2020_HAB,DEF0,2016,28300
A,PPS_EU27_2020_HAB,DEF0,2017,29900
A,PPS_EU27_2020_HAB,DEF0,2018,30600
A,PPS_EU27_2020_HAB,DEF0,2019,31400
A,PPS_EU27_2020_HAB,DEF0,2020,31200
A,PPS_EU27_2020_HAB,DEF0,2021,33000
A,PPS_EU27_2020_HAB,DEF0,2022,36300
A,PPS_EU27_2020_HAB,DEF0,2023,37000
A,PPS_EU27_2020_HAB,DEF0,2024,38600
A,PPS_EU27_2020_HAB,DEG,2000,14600
A,PPS_EU27_2020_HAB,DEG,2001,15300
A,PPS_EU27_2020_HAB,DEG,2002,15700
A,PPS_EU27_2020_HAB,DEG,2003,16500
A,PPS_EU27_2020_HAB,DEG,2004,17400
A,PPS_EU27_2020_HAB,DEG,2005,17700
A,PPS_EU27_2020_HAB,DEG,2006,18600
A,PPS_EU27_2020_HAB,DEG,2007,19700
A,PPS_EU27_2020_HAB,DEG,2008,20200
A,PPS_EU27_2020_HAB,DEG,2009,19300
A,PPS_EU27_2020_HAB,DEG,2010,20800
A,PPS_EU27_2020_HAB,DEG,2011,22300
A,PPS_EU27_2020_HAB,DEG,2012,22500
A,PPS_EU27_2020_HAB,DEG,2013,23300
A,PPS_EU27_2020_HAB,DEG,2014,24600
A,PPS_EU27_2020_HAB,DEG,2015,25000
A,PPS_EU27_2020_HAB,DEG,2016,25700
A,PPS_EU27_2020_HAB,DEG,2017,26700
A,PPS_EU27_2020_HAB,DEG,2018,27200
A,PPS_EU27_2020_HAB,DEG,2019,27600
A,PPS_EU27_2020_HAB,DEG,2020,27300
A,PPS_EU27_2020_HAB,DEG,2021,28700
A,PPS_EU27_2020_HAB,DEG,2022,30600
A,PPS_EU27_2020_HAB,DEG,2023,32400
A,PPS_EU27_2020_HAB,DEG,2024,33200
A,PPS_EU27_2020_HAB,DEG0,2000,14600
A,PPS_EU27_2020_HAB,DEG0,2001,15300
A,PPS_EU27_2020_HAB,DEG0,2002,15700
A,PPS_EU27_2020_HAB,DEG0,2003,16500
A,PPS_EU27_2020_HAB,DEG0,2004,17400
A,PPS_EU27_2020_HAB,DEG0,2005,17700
A,PPS_EU27_2020_HAB,DEG0,2006,18600
A,PPS_EU27_2020_HAB,DEG0,2007,19700
A,PPS_EU27_2020_HAB,DEG0,2008,20200
A,PPS_EU27_2020_HAB,DEG0,2009,19300
A,PPS_EU27_2020_HAB,DEG0,2010,20800
A,PPS_EU27_2020_HAB,DEG0,2011,22300
A,PPS_EU27_2020_HAB,DEG0,2012,22500
A,PPS_EU27_2020_HAB,DEG0,2013,23300
A,PPS_EU27_2020_HAB,DEG0,2014,24600
A,PPS_EU27_2020_HAB,DEG0,2015,25000
A,PPS_EU27_2020_HAB,DEG0,2016,25700
A,PPS_EU27_2020_HAB,DEG0,2017,26700
A,PPS_EU27_2020_HAB,DEG0,2018,27200
A,PPS_EU27_2020_HAB,DEG0,2019,27600
A,PPS_EU27_2020_HAB,DEG0,2020,27300
A,PPS_EU27_2020_HAB,DEG0,2021,28700
A,PPS_EU27_2020_HAB,DEG0,2022,30600
A,PPS_EU27_2020_HAB,DEG0,2023,32400
A,PPS_EU27_2020_HAB,DEG0,2024,33200
A,PPS_EU27_2020_HAB,DK,2000,23800
A,PPS_EU27_2020_HAB,DK,2001,24400
A,PPS_EU27_2020_HAB,DK,2002,25100
A,PPS_EU27_2020_HAB,DK,2003,25400
A,PPS_EU27_2020_HAB,DK,2004,27000
A,PPS_EU27_2020_HAB,DK,2005,28000
A,PPS_EU27_2020_HAB,DK,2006,29700
A,PPS_EU27_2020_HAB,DK,2007,30900
A,PPS_EU27_2020_HAB,DK,2008,32200
A,PPS_EU27_2020_HAB,DK,2009,30600
A,PPS_EU27_2020_HAB,DK,2010,32600
A,PPS_EU27_2020_HAB,DK,2011,33100
A,PPS_EU27_2020_HAB,DK,2012,33100
A,PPS_EU27_2020_HAB,DK,2013,33800
A,PPS_EU27_2020_HAB,DK,2014,34300
A,PPS_EU27_2020_HAB,DK,2015,35200
A,PPS_EU27_2020_HAB,DK,2016,36000
A,PPS_EU27_2020_HAB,DK,2017,38000
A,PPS_EU27_2020_HAB,DK,2018,38800
A,PPS_EU27_2020_HAB,DK,2019,39400
A,PPS_EU27_2020_HAB,DK,2020,40100
A,PPS_EU27_2020_HAB,DK,2021,44200
A,PPS_EU27_2020_HAB,DK,2022,48500
A,PPS_EU27_2020_HAB,DK,2023,48400
A,PPS_EU27_2020_HAB,DK,2024,50800
A,PPS_EU27_2020_HAB,DK0,2000,23100
A,PPS_EU27_2020_HAB,DK0,2001,23800
A,PPS_EU27_2020_HAB,DK0,2002,24500
A,PPS_EU27_2020_HAB,DK0,2003,24700
A,PPS_EU27_2020_HAB,DK0,2004,26200
A,PPS_EU27_2020_HAB,DK0,2005,26900
A,PPS_EU27_2020_HAB,DK0,2006,28500
A,PPS_EU27_2020_HAB,DK0,2007,29600
A,PPS_EU27_2020_HAB,DK0,2008,30800
A,PPS_EU27_2020_HAB,DK0,2009,29700
A,PPS_EU27_2020_HAB,DK0,2010,31600
A,PPS_EU27_2020_HAB,DK0,2011,32000
A,PPS_EU27_2020_HAB,DK0,2012,31900
A,PPS_EU27_2020_HAB,DK0,2013,32900
A,PPS_EU27_2020_HAB,DK0,2014,33500
A,PPS_EU27_2020_HAB,DK0,2015,34700
A,PPS_EU27_2020_HAB,DK0,2016,35600
A,PPS_EU27_2020_HAB,DK0,2017,37600
A,PPS_EU27_2020_HAB,DK0,2018,38300
A,PPS_EU27_2020_HAB,DK0,2019,39000
A,PPS_EU27_2020_HAB,DK0,2020,39800
A,PPS_EU27_2020_HAB,DK0,2021,44000
A,PPS_EU27_2020_HAB,DK0,2022,47800
A,PPS_EU27_2020_HAB,DK0,2023,48000
A,PPS_EU27_2020_HAB,DK0,2024,50400
A,PPS_EU27_2020_HAB,DK01,2000,28800
A,PPS_EU27_2020_HAB,DK01,2001,29700
A,PPS_EU27_2020_HAB,DK01,2002,30000
A,PPS_EU27_2020_HAB,DK01,2003,30500
A,PPS_EU27_2020_HAB,DK01,2004,32900
A,PPS_EU27_2020_HAB,DK01,2005,35000
A,PPS_EU27_2020_HAB,DK01,2006,35700
A,PPS_EU27_2020_HAB,DK01,2007,37100
A,PPS_EU27_2020_HAB,DK01,2008,38900
A,PPS_EU27_2020_HAB,DK01,2009,37600
A,PPS_EU27_2020_HAB,DK01,2010,41100
A,PPS_EU27_2020_HAB,DK01,2011,40800
A,PPS_EU27_2020_HAB,DK01,2012,41100
A,PPS_EU27_2020_HAB,DK01,2013,42600
A,PPS_EU27_2020_HAB,DK01,2014,43900
A,PPS_EU27_2020_HAB,DK01,2015,45800
A,PPS_EU27_2020_HAB,DK01,2016,46500
A,PPS_EU27_2020_HAB,DK01,2017,49200
A,PPS_EU27_2020_HAB,DK01,2018,50400
A,PPS_EU27_2020_HAB,DK01,2019,50600
A,PPS_EU27_2020_HAB,DK01,2020,51600
A,PPS_EU27_2020_HAB,DK01,2021,59500
A,PPS_EU27_2020_HAB,DK01,2022,69600
A,PPS_EU27_2020_HAB,DK01,2023,65300
A,PPS_EU27_2020_HAB,DK01,2024,70100
A,PPS_EU27_2020_HAB,DK02,2000,17000
A,PPS_EU27_2020_HAB,DK02,2001,17600
A,PPS_EU27_2020_HAB,DK02,2002,18400
A,PPS_EU27_2020_HAB,DK02,2003,18600
A,PPS_EU27_2020_HAB,DK02,2004,19600
A,PPS_EU27_2020_HAB,DK02,2005,19900
A,PPS_EU27_2020_HAB,DK02,2006,21100
A,PPS_EU27_2020_HAB,DK02,2007,21600
A,PPS_EU27_2020_HAB,DK02,2008,21700
A,PPS_EU27_2020_HAB,DK02,2009,21100
A,PPS_EU27_2020_HAB,DK02,2010,22400
A,PPS_EU27_2020_HAB,DK02,2011,22600
A,PPS_EU27_2020_HAB,DK02,2012,22400
A,PPS_EU27_2020_HAB,DK02,2013,23100
A,PPS_EU27_2020_HAB,DK02,2014,23400
A,PPS_EU27_2020_HAB,DK02,2015,24900
A,PPS_EU27_2020_HAB,DK02,2016,24800
A,PPS_EU27_2020_HAB,DK02,2017,26300
A,PPS_EU27_2020_HAB,DK02,2018,26800
A,PPS_EU27_2020_HAB,DK02,2019,27700
A,PPS_EU27_2020_HAB,DK02,2020,28200
A,PPS_EU27_2020_HAB,DK02,2021,29900
A,PPS_EU27_2020_HAB,DK02,2022,31400
A,PPS_EU27_2020_HAB,DK02,2023,34300
A,PPS_EU27_2020_HAB,DK02,2024,36000
A,PPS_EU27_2020_HAB,DK03,2000,21400
A,PPS_EU27_2020_HAB,DK03,2001,21900
A,PPS_EU27_2020_HAB,DK03,2002,22800
A,PPS_EU27_2020_HAB,DK03,2003,23000
A,PPS_EU27_2020_HAB,DK03,2004,24100
A,PPS_EU27_2020_HAB,DK03,2005,24200
A,PPS_EU27_2020_HAB,DK03,2006,26300
A,PPS_EU27_2020_HAB,DK03,2007,27700
A,PPS_EU27_2020_HAB,DK03,2008,28800
A,PPS_EU27_2020_HAB,DK03,2009,27400
A,PPS_EU27_2020_HAB,DK03,2010,29200
A,PPS_EU27_2020_HAB,DK03,2011,29900
A,PPS_EU27_2020_HAB,DK03,2012,29700
A,PPS_EU27_2020_HAB,DK03,2013,30600
A,PPS_EU27_2020_HAB,DK03,2014,31000
A,PPS_EU27_2020_HAB,DK03,2015,31700
A,PPS_EU27_2020_HAB,DK03,2016,32300
A,PPS_EU27_2020_HAB,DK03,2017,33800
A,PPS_EU27_2020_HAB,DK03,2018,34400
A,PPS_EU27_2020_HAB,DK03,2019,35100
A,PPS_EU27_2020_HAB,DK03,2020,35700
A,PPS_EU27_2020_HAB,DK03,2021,38300
A,PPS_EU27_2020_HAB,DK03,2022,39800
A,PPS_EU27_2020_HAB,DK03,2023,41900
A,PPS_EU27_2020_HAB,DK03,2024,42900
A,PPS_EU27_2020_HAB,DK04,2000,22100
A,PPS_EU27_2020_HAB,DK04,2001,22800
A,PPS_EU27_2020_HAB,DK04,2002,23800
A,PPS_EU27_2020_HAB,DK04,2003,23700
A,PPS_EU27_2020_HAB,DK04,2004,24900
A,PPS_EU27_2020_HAB,DK04,2005,25100
A,PPS_EU27_2020_HAB,DK04,2006,27300
A,PPS_EU27_2020_HAB,DK04,2007,28300
A,PPS_EU27_2020_HAB,DK04,2008,29300
A,PPS_EU27_2020_HAB,DK04,2009,28400
A,PPS_EU27_2020_HAB,DK04,2010,29000
A,PPS_EU27_2020_HAB,DK04,2011,30000
A,PPS_EU27_2020_HAB,DK04,2012,29600
A,PPS_EU27_2020_HAB,DK04,2013,30100
A,PPS_EU27_2020_HAB,DK04,2014,30600
A,PPS_EU27_2020_HAB,DK04,2015,30800
A,PPS_EU27_2020_HAB,DK04,2016,33000
A,PPS_EU27_2020_HAB,DK04,2017,34500
A,PPS_EU27_2020_HAB,DK04,2018,35100
A,PPS_EU27_2020_HAB,DK04,2019,36200
A,PPS_EU27_2020_HAB,DK04,2020,37500
A,PPS_EU27_2020_HAB,DK04,2021,40200
A,PPS_EU27_2020_HAB,DK04,2022,40300
A,PPS_EU27_2020_HAB,DK04,2023,42000
A,PPS_EU27_2020_HAB,DK04,2024,43200
A,PPS_EU27_2020_HAB,DK05,2000,20600
A,PPS_EU27_2020_HAB,DK05,2001,21100
A,PPS_EU27_2020_HAB,DK05,2002,22400
A,PPS_EU27_2020_HAB,DK05,2003,22600
A,PPS_EU27_2020_HAB,DK05,2004,23100
A,PPS_EU27_2020_HAB,DK05,2005,23500
A,PPS_EU27_2020_HAB,DK05,2006,25500
A,PPS_EU27_2020_HAB,DK05,2007,26600
A,PPS_EU27_2020_HAB,DK05,2008,27600
A,PPS_EU27_2020_HAB,DK05,2009,26700
A,PPS_EU27_2020_HAB,DK05,2010,27600
A,PPS_EU27_2020_HAB,DK05,2011,27900
A,PPS_EU27_2020_HAB,DK05,2012,28100
A,PPS_EU27_2020_HAB,DK05,2013,28400
A,PPS_EU27_2020_HAB,DK05,2014,28500
A,PPS_EU27_2020_HAB,DK05,2015,29500
A,PPS_EU27_2020_HAB,DK05,2016,30100
A,PPS_EU27_2020_HAB,DK05,2017,31900
A,PPS_EU27_2020_HAB,DK05,2018,32400
A,PPS_EU27_2020_HAB,DK05,2019,33000
A,PPS_EU27_2020_HAB,DK05,2020,33600
A,PPS_EU27_2020_HAB,DK05,2021,35300
A,PPS_EU27_2020_HAB,DK05,2022,36300
A,PPS_EU27_2020_HAB,DK05,2023,38500
A,PPS_EU27_2020_HAB,DK05,2024,39800
A,PPS_EU27_2020_HAB,EE,2000,7800
A,PPS_EU27_2020_HAB,EE,2001,8500
A,PPS_EU27_2020_HAB,EE,2002,9500
A,PPS_EU27_2020_HAB,EE,2003,10800
A,PPS_EU27_2020_HAB,EE,2004,11800
A,PPS_EU27_2020_HAB,EE,2005,13600
A,PPS_EU27_2020_HAB,EE,2006,15300
A,PPS_EU27_2020_HAB,EE,2007,17500
A,PPS_EU27_2020_HAB,EE,2008,17700
A,PPS_EU27_2020_HAB,EE,2009,15500
A,PPS_EU27_2020_HAB,EE,2010,16300
A,PPS_EU27_2020_HAB,EE,2011,18300
A,PPS_EU27_2020_HAB,EE,2012,19300
A,PPS_EU27_2020_HAB,EE,2013,20100
A,PPS_EU27_2020_HAB,EE,2014,21100
A,PPS_EU27_2020_HAB,EE,2015,21400
A,PPS_EU27_2020_HAB,EE,2016,22200
A,PPS_EU27_2020_HAB,EE,2017,23700
A,PPS_EU27_2020_HAB,EE,2018,25200
A,PPS_EU27_2020_HAB,EE,2019,26400
A,PPS_EU27_2020_HAB,EE,2020,26000
A,PPS_EU27_2020_HAB,EE,2021,28200
A,PPS_EU27_2020_HAB,EE,2022,30000
A,PPS_EU27_2020_HAB,EE,2023,30600
A,PPS_EU27_2020_HAB,EE,2024,31600
A,PPS_EU27_2020_HAB,EE0,2000,7800
A,PPS_EU27_2020_HAB,EE0,2001,8500
A,PPS_EU27_2020_HAB,EE0,2002,9500
A,PPS_EU27_2020_HAB,EE0,2003,10800
A,PPS_EU27_2020_HAB,EE0,2004,11800
A,PPS_EU27_2020_HAB,EE0,2005,13600
A,PPS_EU27_2020_HAB,EE0,2006,15300
A,PPS_EU27_2020_HAB,EE0,2007,17500
A,PPS_EU27_2020_HAB,EE0,2008,17700
A,PPS_EU27_2020_HAB,EE0,2009,15500
A,PPS_EU27_2020_HAB,EE0,2010,16300
A,PPS_EU27_2020_HAB,EE0,2011,18300
A,PPS_EU27_2020_HAB,EE0,2012,19300
A,PPS_EU27_2020_HAB,EE0,2013,20100
A,PPS_EU27_2020_HAB,EE0,2014,21100
A,PPS_EU27_2020_HAB,EE0,2015,21400
A,PPS_EU27_2020_HAB,EE0,2016,22200
A,PPS_EU27_2020_HAB,EE0,2017,23700
A,PPS_EU27_2020_HAB,EE0,2018,25200
A,PPS_EU27_2020_HAB,EE0,2019,26400
A,PPS_EU27_2020_HAB,EE0,2020,26000
A,PPS_EU27_2020_HAB,EE0,2021,28200
A,PPS_EU27_2020_HAB,EE0,2022,30000
A,PPS_EU27_2020_HAB,EE0,2023,30600
A,PPS_EU27_2020_HAB,EE0,2024,31600
A,PPS_EU27_2020_HAB,EE00,2000,7800
A,PPS_EU27_2020_HAB,EE00,2001,8500
A,PPS_EU27_2020_HAB,EE00,2002,9500
A,PPS_EU27_2020_HAB,EE00,2003,10800
A,PPS_EU27_2020_HAB,EE00,2004,11800
A,PPS_EU27_2020_HAB,EE00,2005,13600
A,PPS_EU27_2020_HAB,EE00,2006,15300
A,PPS_EU27_2020_HAB,EE00,2007,17500
A,PPS_EU27_2020_HAB,EE00,2008,17700
A,PPS_EU27_2020_HAB,EE00,2009,15500
A,PPS_EU27_2020_HAB,EE00,2010,16300
A,PPS_EU27_2020_HAB,EE00,2011,18300
A,PPS_EU27_2020_HAB,EE00,2012,19300
A,PPS_EU27_2020_HAB,EE00,2013,20100
A,PPS_EU27_2020_HAB,EE00,2014,21100
A,PPS_EU27_2020_HAB,EE00,2015,21400
A,PPS_EU27_2020_HAB,EE00,2016,22200
A,PPS_EU27_2020_HAB,EE00,2017,23700
A,PPS_EU27_2020_HAB,EE00,2018,25200
A,PPS_EU27_2020_HAB,EE00,2019,26400
A,PPS_EU27_2020_HAB,EE00,2020,26000
A,PPS_EU27_2020_HAB,EE00,2021,28200
A,PPS_EU27_2020_HAB,EE00,2022,30000
A,PPS_EU27_2020_HAB,EE00,2023,30600
A,PPS_EU27_2020_HAB,EE00,2024,31600
A,PPS_EU27_2020_HAB,EL,2000,15600
A,PPS_EU27_2020_HAB,EL,2001,16800
A,PPS_EU27_2020_HAB,EL,2002,18000
A,PPS_EU27_2020_HAB,EL,2003,19100
A,PPS_EU27_2020_HAB,EL,2004,20300
A,PPS_EU27_2020_HAB,EL,2005,20500
A,PPS_EU27_2020_HAB,EL,2006,22300
A,PPS_EU27_2020_HAB,EL,2007,22800
A,PPS_EU27_2020_HAB,EL,2008,23600
A,PPS_EU27_2020_HAB,EL,2009,22600
A,PPS_EU27_2020_HAB,EL,2010,21100
A,PPS_EU27_2020_HAB,EL,2011,19100
A,PPS_EU27_2020_HAB,EL,2012,18200
A,PPS_EU27_2020_HAB,EL,2013,18600
A,PPS_EU27_2020_HAB,EL,2014,19000
A,PPS_EU27_2020_HAB,EL,2015,19100
A,PPS_EU27_2020_HAB,EL,2016,19100
A,PPS_EU27_2020_HAB,EL,2017,19700
A,PPS_EU27_2020_HAB,EL,2018,20200
A,PPS_EU27_2020_HAB,EL,2019,20800
A,PPS_EU27_2020_HAB,EL,2020,18900
A,PPS_EU27_2020_HAB,EL,2021,21200
A,PPS_EU27_2020_HAB,EL,2022,24000
A,PPS_EU27_2020_HAB,EL,2023,26300
A,PPS_EU27_2020_HAB,EL,2024,27400
A,PPS_EU27_2020_HAB,EL3,2000,19800
A,PPS_EU27_2020_HAB,EL3,2001,21300
A,PPS_EU27_2020_HAB,EL3,2002,23300
A,PPS_EU27_2020_HAB,EL3,2003,24700
A,PPS_EU27_2020_HAB,EL3,2004,26300
A,PPS_EU27_2020_HAB,EL3,2005,26700
A,PPS_EU27_2020_HAB,EL3,2006,29600
A,PPS_EU27_2020_HAB,EL3,2007,30300
A,PPS_EU27_2020_HAB,EL3,2008,31400
A,PPS_EU27_2020_HAB,EL3,2009,30400
A,PPS_EU27_2020_HAB,EL3,2010,28400
A,PPS_EU27_2020_HAB,EL3,2011,25900
A,PPS_EU27_2020_HAB,EL3,2012,24300
A,PPS_EU27_2020_HAB,EL3,2013,25000
A,PPS_EU27_2020_HAB,EL3,2014,25600
A,PPS_EU27_2020_HAB,EL3,2015,25800
A,PPS_EU27_2020_HAB,EL3,2016,26000
A,PPS_EU27_2020_HAB,EL3,2017,26900
A,PPS_EU27_2020_HAB,EL3,2018,27600
A,PPS_EU27_2020_HAB,EL3,2019,28600
A,PPS_EU27_2020_HAB,EL3,2020,26200
A,PPS_EU27_2020_HAB,EL3,2021,29500
A,PPS_EU27_2020_HAB,EL3,2022,33000
A,PPS_EU27_2020_HAB,EL3,2023,36700
A,PPS_EU27_2020_HAB,EL3,2024,38200
A,PPS_EU27_2020_HAB,EL30,2000,19800
A,PPS_EU27_2020_HAB,EL30,2001,21300
A,PPS_EU27_2020_HAB,EL30,2002,23300
A,PPS_EU27_2020_HAB,EL30,2003,24700
A,PPS_EU27_2020_HAB,EL30,2004,26300
A,PPS_EU27_2020_HAB,EL30,2005,26700
A,PPS_EU27_2020_HAB,EL30,2006,29600
A,PPS_EU27_2020_HAB,EL30,2007,30300
A,PPS_EU27_2020_HAB,EL30,2008,31400
A,PPS_EU27_2020_HAB,EL30,2009,30400
A,PPS_EU27_2020_HAB,EL30,2010,28400
A,PPS_EU27_2020_HAB,EL30,2011,25900
A,PPS_EU27_2020_HAB,EL30,2012,24300
A,PPS_EU27_2020_HAB,EL30,2013,25000
A,PPS_EU27_2020_HAB,EL30,2014,25600
A,PPS_EU27_2020_HAB,EL30,2015,25800
A,PPS_EU27_2020_HAB,EL30,2016,26000
A,PPS_EU27_2020_HAB,EL30,2017,26900
A,PPS_EU27_2020_HAB,EL30,2018,27600
A,PPS_EU27_2020_HAB,EL30,2019,28600
A,PPS_EU27_2020_HAB,EL30,2020,26200
A,PPS_EU27_2020_HAB,EL30,2021,29500
A,PPS_EU27_2020_HAB,EL30,2022,33000
A,PPS_EU27_2020_HAB,EL30,2023,36700
A,PPS_EU27_2020_HAB,EL30,2024,38200
A,PPS_EU27_2020_HAB,EL4,2000,14800
A,PPS_EU27_2020_HAB,EL4,2001,15900
A,PPS_EU27_2020_HAB,EL4,2002,16500
A,PPS_EU27_2020_HAB,EL4,2003,17700
A,PPS_EU27_2020_HAB,EL4,2004,19000
A,PPS_EU27_2020_HAB,EL4,2005,19300
A,PPS_EU27_2020_HAB,EL4,2006,20800
A,PPS_EU27_2020_HAB,EL4,2007,21000
A,PPS_EU27_2020_HAB,EL4,2008,22100
A,PPS_EU27_2020_HAB,EL4,2009,20800
A,PPS_EU27_2020_HAB,EL4,2010,19200
A,PPS_EU27_2020_HAB,EL4,2011,17100
A,PPS_EU27_2020_HAB,EL4,2012,16000
A,PPS_EU27_2020_HAB,EL4,2013,17000
A,PPS_EU27_2020_HAB,EL4,2014,17600
A,PPS_EU27_2020_HAB,EL4,2015,17600
A,PPS_EU27_2020_HAB,EL4,2016,17000
A,PPS_EU27_2020_HAB,EL4,2017,17500
A,PPS_EU27_2020_HAB,EL4,2018,17800
A,PPS_EU27_2020_HAB,EL4,2019,18200
A,PPS_EU27_2020_HAB,EL4,2020,15100
A,PPS_EU27_2020_HAB,EL4,2021,17300
A,PPS_EU27_2020_HAB,EL4,2022,20100
A,PPS_EU27_2020_HAB,EL4,2023,22600
A,PPS_EU27_2020_HAB,EL4,2024,23700
A,PPS_EU27_2020_HAB,EL41,2000,11300
A,PPS_EU27_2020_HAB,EL41,2001,12200
A,PPS_EU27_2020_HAB,EL41,2002,12500
A,PPS_EU27_2020_HAB,EL41,2003,14500
A,PPS_EU27_2020_HAB,EL41,2004,15000
A,PPS_EU27_2020_HAB,EL41,2005,15700
A,PPS_EU27_2020_HAB,EL41,2006,17300
A,PPS_EU27_2020_HAB,EL41,2007,17800
A,PPS_EU27_2020_HAB,EL41,2008,18800
A,PPS_EU27_2020_HAB,EL41,2009,17900
A,PPS_EU27_2020_HAB,EL41,2010,16400
A,PPS_EU27_2020_HAB,EL41,2011,15000
A,PPS_EU27_2020_HAB,EL41,2012,14200
A,PPS_EU27_2020_HAB,EL41,2013,14600
A,PPS_EU27_2020_HAB,EL41,2014,15000
A,PPS_EU27_2020_HAB,EL41,2015,14800
A,PPS_EU27_2020_HAB,EL41,2016,14300
A,PPS_EU27_2020_HAB,EL41,2017,14000
A,PPS_EU27_2020_HAB,EL41,2018,13700
A,PPS_EU27_2020_HAB,EL41,2019,13600
A,PPS_EU27_2020_HAB,EL41,2020,11900
A,PPS_EU27_2020_HAB,EL41,2021,13100
A,PPS_EU27_2020_HAB,EL41,2022,14700
A,PPS_EU27_2020_HAB,EL41,2023,16200
A,PPS_EU27_2020_HAB,EL41,2024,16800
A,PPS_EU27_2020_HAB,EL42,2000,18200
A,PPS_EU27_2020_HAB,EL42,2001,19000
A,PPS_EU27_2020_HAB,EL42,2002,19100
A,PPS_EU27_2020_HAB,EL42,2003,20700
A,PPS_EU27_2020_HAB,EL42,2004,22200
A,PPS_EU27_2020_HAB,EL42,2005,22900
A,PPS_EU27_2020_HAB,EL42,2006,24600
A,PPS_EU27_2020_HAB,EL42,2007,25100
A,PPS_EU27_2020_HAB,EL42,2008,26600
A,PPS_EU27_2020_HAB,EL42,2009,24400
A,PPS_EU27_2020_HAB,EL42,2010,22600
A,PPS_EU27_2020_HAB,EL42,2011,20500
A,PPS_EU27_2020_HAB,EL42,2012,19300
A,PPS_EU27_2020_HAB,EL42,2013,21000
A,PPS_EU27_2020_HAB,EL42,2014,21600
A,PPS_EU27_2020_HAB,EL42,2015,21300
A,PPS_EU27_2020_HAB,EL42,2016,20400
A,PPS_EU27_2020_HAB,EL42,2017,20800
A,PPS_EU27_2020_HAB,EL42,2018,21500
A,PPS_EU27_2020_HAB,EL42,2019,22100
A,PPS_EU27_2020_HAB,EL42,2020,17300
A,PPS_EU27_2020_HAB,EL42,2021,20100
A,PPS_EU27_2020_HAB,EL42,2022,23400
A,PPS_EU27_2020_HAB,EL42,2023,26600
A,PPS_EU27_2020_HAB,EL42,2024,27900
A,PPS_EU27_2020_HAB,EL43,2000,14100
A,PPS_EU27_2020_HAB,EL43,2001,15500
A,PPS_EU27_2020_HAB,EL43,2002,16500
A,PPS_EU27_2020_HAB,EL43,2003,17200
A,PPS_EU27_2020_HAB,EL43,2004,18700
A,PPS_EU27_2020_HAB,EL43,2005,18500
A,PPS_EU27_2020_HAB,EL43,2006,19900
A,PPS_EU27_2020_HAB,EL43,2007,19900
A,PPS_EU27_2020_HAB,EL43,2008,20800
A,PPS_EU27_2020_HAB,EL43,2009,19800
A,PPS_EU27_2020_HAB,EL43,2010,18200
A,PPS_EU27_2020_HAB,EL43,2011,16000
A,PPS_EU27_2020_HAB,EL43,2012,14900
A,PPS_EU27_2020_HAB,EL43,2013,15700
A,PPS_EU27_2020_HAB,EL43,2014,16400
A,PPS_EU27_2020_HAB,EL43,2015,16500
A,PPS_EU27_2020_HAB,EL43,2016,16100
A,PPS_EU27_2020_HAB,EL43,2017,16800
A,PPS_EU27_2020_HAB,EL43,2018,17200
A,PPS_EU27_2020_HAB,EL43,2019,17600
A,PPS_EU27_2020_HAB,EL43,2020,15000
A,PPS_EU27_2020_HAB,EL43,2021,17300
A,PPS_EU27_2020_HAB,EL43,2022,20300
A,PPS_EU27_2020_HAB,EL43,2023,22600
A,PPS_EU27_2020_HAB,EL43,2024,23800
A,PPS_EU27_2020_HAB,EL5,2000,12700
A,PPS_EU27_2020_HAB,EL5,2001,13600
A,PPS_EU27_2020_HAB,EL5,2002,14400
A,PPS_EU27_2020_HAB,EL5,2003,15000
A,PPS_EU27_2020_HAB,EL5,2004,16000
A,PPS_EU27_2020_HAB,EL5,2005,16000
A,PPS_EU27_2020_HAB,EL5,2006,17100
A,PPS_EU27_2020_HAB,EL5,2007,17600
A,PPS_EU27_2020_HAB,EL5,2008,18200
A,PPS_EU27_2020_HAB,EL5,2009,17400
A,PPS_EU27_2020_HAB,EL5,2010,16300
A,PPS_EU27_2020_HAB,EL5,2011,14900
A,PPS_EU27_2020_HAB,EL5,2012,14400
A,PPS_EU27_2020_HAB,EL5,2013,14500
A,PPS_EU27_2020_HAB,EL5,2014,14600
A,PPS_EU27_2020_HAB,EL5,2015,14800
A,PPS_EU27_2020_HAB,EL5,2016,14800
A,PPS_EU27_2020_HAB,EL5,2017,15100
A,PPS_EU27_2020_HAB,EL5,2018,15500
A,PPS_EU27_2020_HAB,EL5,2019,15700
A,PPS_EU27_2020_HAB,EL5,2020,14400
A,PPS_EU27_2020_HAB,EL5,2021,16100
A,PPS_EU27_2020_HAB,EL5,2022,18300
A,PPS_EU27_2020_HAB,EL5,2023,19600
A,PPS_EU27_2020_HAB,EL5,2024,20400
A,PPS_EU27_2020_HAB,EL51,2000,12100
A,PPS_EU27_2020_HAB,EL51,2001,12800
A,PPS_EU27_2020_HAB,EL51,2002,13400
A,PPS_EU27_2020_HAB,EL51,2003,13900
A,PPS_EU27_2020_HAB,EL51,2004,14600
A,PPS_EU27_2020_HAB,EL51,2005,14800
A,PPS_EU27_2020_HAB,EL51,2006,15100
A,PPS_EU27_2020_HAB,EL51,2007,15900
A,PPS_EU27_2020_HAB,EL51,2008,16700
A,PPS_EU27_2020_HAB,EL51,2009,16100
A,PPS_EU27_2020_HAB,EL51,2010,15600
A,PPS_EU27_2020_HAB,EL51,2011,13500
A,PPS_EU27_2020_HAB,EL51,2012,12900
A,PPS_EU27_2020_HAB,EL51,2013,12800
A,PPS_EU27_2020_HAB,EL51,2014,12900
A,PPS_EU27_2020_HAB,EL51,2015,12900
A,PPS_EU27_2020_HAB,EL51,2016,13100
A,PPS_EU27_2020_HAB,EL51,2017,13300
A,PPS_EU27_2020_HAB,EL51,2018,13600
A,PPS_EU27_2020_HAB,EL51,2019,13700
A,PPS_EU27_2020_HAB,EL51,2020,12700
A,PPS_EU27_2020_HAB,EL51,2021,14300
A,PPS_EU27_2020_HAB,EL51,2022,16100
A,PPS_EU27_2020_HAB,EL51,2023,17100
A,PPS_EU27_2020_HAB,EL51,2024,17800
A,PPS_EU27_2020_HAB,EL52,2000,12800
A,PPS_EU27_2020_HAB,EL52,2001,13800
A,PPS_EU27_2020_HAB,EL52,2002,14700
A,PPS_EU27_2020_HAB,EL52,2003,15300
A,PPS_EU27_2020_HAB,EL52,2004,16500
A,PPS_EU27_2020_HAB,EL52,2005,16300
A,PPS_EU27_2020_HAB,EL52,2006,17600
A,PPS_EU27_2020_HAB,EL52,2007,18300
A,PPS_EU27_2020_HAB,EL52,2008,18900
A,PPS_EU27_2020_HAB,EL52,2009,18000
A,PPS_EU27_2020_HAB,EL52,2010,16500
A,PPS_EU27_2020_HAB,EL52,2011,15100
A,PPS_EU27_2020_HAB,EL52,2012,14300
A,PPS_EU27_2020_HAB,EL52,2013,14400
A,PPS_EU27_2020_HAB,EL52,2014,14500
A,PPS_EU27_2020_HAB,EL52,2015,14900
A,PPS_EU27_2020_HAB,EL52,2016,15000
A,PPS_EU27_2020_HAB,EL52,2017,15400
A,PPS_EU27_2020_HAB,EL52,2018,16000
A,PPS_EU27_2020_HAB,EL52,2019,16300
A,PPS_EU27_2020_HAB,EL52,2020,15000
A,PPS_EU27_2020_HAB,EL52,2021,16700
A,PPS_EU27_2020_HAB,EL52,2022,19400
A,PPS_EU27_2020_HAB,EL52,2023,20900
A,PPS_EU27_2020_HAB,EL52,2024,21900
A,PPS_EU27_2020_HAB,EL53,2000,14400
A,PPS_EU27_2020_HAB,EL53,2001,15300
A,PPS_EU27_2020_HAB,EL53,2002,15700
A,PPS_EU27_2020_HAB,EL53,2003,17000
A,PPS_EU27_2020_HAB,EL53,2004,17900
A,PPS_EU27_2020_HAB,EL53,2005,18400
A,PPS_EU27_2020_HAB,EL53,2006,19700
A,PPS_EU27_2020_HAB,EL53,2007,19200
A,PPS_EU27_2020_HAB,EL53,2008,19200
A,PPS_EU27_2020_HAB,EL53,2009,19100
A,PPS_EU27_2020_HAB,EL53,2010,18900
A,PPS_EU27_2020_HAB,EL53,2011,18500
A,PPS_EU27_2020_HAB,EL53,2012,20500
A,PPS_EU27_2020_HAB,EL53,2013,20800
A,PPS_EU27_2020_HAB,EL53,2014,21500
A,PPS_EU27_2020_HAB,EL53,2015,20300
A,PPS_EU27_2020_HAB,EL53,2016,18800
A,PPS_EU27_2020_HAB,EL53,2017,19100
A,PPS_EU27_2020_HAB,EL53,2018,19100
A,PPS_EU27_2020_HAB,EL53,2019,18300
A,PPS_EU27_2020_HAB,EL53,2020,16100
A,PPS_EU27_2020_HAB,EL53,2021,17800
A,PPS_EU27_2020_HAB,EL53,2022,19300
A,PPS_EU27_2020_HAB,EL53,2023,19200
A,PPS_EU27_2020_HAB,EL53,2024,19200
A,PPS_EU27_2020_HAB,EL54,2000,11900
A,PPS_EU27_2020_HAB,EL54,2001,12800
A,PPS_EU27_2020_HAB,EL54,2002,13600
A,PPS_EU27_2020_HAB,EL54,2003,14200
A,PPS_EU27_2020_HAB,EL54,2004,14400
A,PPS_EU27_2020_HAB,EL54,2005,14400
A,PPS_EU27_2020_HAB,EL54,2006,15400
A,PPS_EU27_2020_HAB,EL54,2007,15500
A,PPS_EU27_2020_HAB,EL54,2008,15700
A,PPS_EU27_2020_HAB,EL54,2009,15000
A,PPS_EU27_2020_HAB,EL54,2010,14400
A,PPS_EU27_2020_HAB,EL54,2011,13300
A,PPS_EU27_2020_HAB,EL54,2012,12200
A,PPS_EU27_2020_HAB,EL54,2013,12700
A,PPS_EU27_2020_HAB,EL54,2014,12900
A,PPS_EU27_2020_HAB,EL54,2015,12900
A,PPS_EU27_2020_HAB,EL54,2016,13000
A,PPS_EU27_2020_HAB,EL54,2017,13200
A,PPS_EU27_2020_HAB,EL54,2018,13600
A,PPS_EU27_2020_HAB,EL54,2019,13800
A,PPS_EU27_2020_HAB,EL54,2020,12600
A,PPS_EU27_2020_HAB,EL54,2021,14000
A,PPS_EU27_2020_HAB,EL54,2022,15600
A,PPS_EU27_2020_HAB,EL54,2023,17000
A,PPS_EU27_2020_HAB,EL54,2024,17800
A,PPS_EU27_2020_HAB,EL6,2000,13300
A,PPS_EU27_2020_HAB,EL6,2001,14400
A,PPS_EU27_2020_HAB,EL6,2002,15300
A,PPS_EU27_2020_HAB,EL6,2003,16300
A,PPS_EU27_2020_HAB,EL6,2004,17000
A,PPS_EU27_2020_HAB,EL6,2005,17200
A,PPS_EU27_2020_HAB,EL6,2006,18500
A,PPS_EU27_2020_HAB,EL6,2007,18700
A,PPS_EU27_2020_HAB,EL6,2008,19200
A,PPS_EU27_2020_HAB,EL6,2009,18100
A,PPS_EU27_2020_HAB,EL6,2010,16800
A,PPS_EU27_2020_HAB,EL6,2011,15100
A,PPS_EU27_2020_HAB,EL6,2012,14600
A,PPS_EU27_2020_HAB,EL6,2013,14900
A,PPS_EU27_2020_HAB,EL6,2014,15200
A,PPS_EU27_2020_HAB,EL6,2015,15400
A,PPS_EU27_2020_HAB,EL6,2016,15400
A,PPS_EU27_2020_HAB,EL6,2017,15900
A,PPS_EU27_2020_HAB,EL6,2018,16300
A,PPS_EU27_2020_HAB,EL6,2019,16800
A,PPS_EU27_2020_HAB,EL6,2020,15500
A,PPS_EU27_2020_HAB,EL6,2021,17400
A,PPS_EU27_2020_HAB,EL6,2022,19700
A,PPS_EU27_2020_HAB,EL6,2023,21000
A,PPS_EU27_2020_HAB,EL6,2024,21900
A,PPS_EU27_2020_HAB,EL61,2000,11400
A,PPS_EU27_2020_HAB,EL61,2001,12400
A,PPS_EU27_2020_HAB,EL61,2002,14100
A,PPS_EU27_2020_HAB,EL61,2003,15400
A,PPS_EU27_2020_HAB,EL61,2004,16200
A,PPS_EU27_2020_HAB,EL61,2005,15700
A,PPS_EU27_2020_HAB,EL61,2006,17000
A,PPS_EU27_2020_HAB,EL61,2007,17100
A,PPS_EU27_2020_HAB,EL61,2008,17700
A,PPS_EU27_2020_HAB,EL61,2009,16900
A,PPS_EU27_2020_HAB,EL61,2010,15100
A,PPS_EU27_2020_HAB,EL61,2011,13600
A,PPS_EU27_2020_HAB,EL61,2012,13300
A,PPS_EU27_2020_HAB,EL61,2013,13700
A,PPS_EU27_2020_HAB,EL61,2014,14100
A,PPS_EU27_2020_HAB,EL61,2015,14500
A,PPS_EU27_2020_HAB,EL61,2016,14400
A,PPS_EU27_2020_HAB,EL61,2017,14700
A,PPS_EU27_2020_HAB,EL61,2018,15300
A,PPS_EU27_2020_HAB,EL61,2019,15800
A,PPS_EU27_2020_HAB,EL61,2020,14700
A,PPS_EU27_2020_HAB,EL61,2021,17000
A,PPS_EU27_2020_HAB,EL61,2022,18600
A,PPS_EU27_2020_HAB,EL61,2023,20100
A,PPS_EU27_2020_HAB,EL61,2024,21000
A,PPS_EU27_2020_HAB,EL62,2000,15700
A,PPS_EU27_2020_HAB,EL62,2001,17000
A,PPS_EU27_2020_HAB,EL62,2002,17100
A,PPS_EU27_2020_HAB,EL62,2003,18900
A,PPS_EU27_2020_HAB,EL62,2004,20000
A,PPS_EU27_2020_HAB,EL62,2005,20700
A,PPS_EU27_2020_HAB,EL62,2006,21900
A,PPS_EU27_2020_HAB,EL62,2007,22300
A,PPS_EU27_2020_HAB,EL62,2008,23400
A,PPS_EU27_2020_HAB,EL62,2009,21500
A,PPS_EU27_2020_HAB,EL62,2010,19900
A,PPS_EU27_2020_HAB,EL62,2011,17100
A,PPS_EU27_2020_HAB,EL62,2012,16300
A,PPS_EU27_2020_HAB,EL62,2013,17100
A,PPS_EU27_2020_HAB,EL62,2014,17800
A,PPS_EU27_2020_HAB,EL62,2015,17600
A,PPS_EU27_2020_HAB,EL62,2016,17500
A,PPS_EU27_2020_HAB,EL62,2017,18000
A,PPS_EU27_2020_HAB,EL62,2018,18600
A,PPS_EU27_2020_HAB,EL62,2019,19200
A,PPS_EU27_2020_HAB,EL62,2020,15300
A,PPS_EU27_2020_HAB,EL62,2021,17800
A,PPS_EU27_2020_HAB,EL62,2022,20800
A,PPS_EU27_2020_HAB,EL62,2023,24000
A,PPS_EU27_2020_HAB,EL62,2024,25300
A,PPS_EU27_2020_HAB,EL63,2000,12000
A,PPS_EU27_2020_HAB,EL63,2001,12900
A,PPS_EU27_2020_HAB,EL63,2002,13800
A,PPS_EU27_2020_HAB,EL63,2003,14600
A,PPS_EU27_2020_HAB,EL63,2004,15600
A,PPS_EU27_2020_HAB,EL63,2005,15800
A,PPS_EU27_2020_HAB,EL63,2006,17500
A,PPS_EU27_2020_HAB,EL63,2007,17700
A,PPS_EU27_2020_HAB,EL63,2008,17900
A,PPS_EU27_2020_HAB,EL63,2009,16700
A,PPS_EU27_2020_HAB,EL63,2010,15900
A,PPS_EU27_2020_HAB,EL63,2011,14200
A,PPS_EU27_2020_HAB,EL63,2012,13600
A,PPS_EU27_2020_HAB,EL63,2013,13700
A,PPS_EU27_2020_HAB,EL63,2014,14100
A,PPS_EU27_2020_HAB,EL63,2015,14200
A,PPS_EU27_2020_HAB,EL63,2016,14000
A,PPS_EU27_2020_HAB,EL63,2017,14400
A,PPS_EU27_2020_HAB,EL63,2018,14500
A,PPS_EU27_2020_HAB,EL63,2019,14900
A,PPS_EU27_2020_HAB,EL63,2020,13700
A,PPS_EU27_2020_HAB,EL63,2021,15200
A,PPS_EU27_2020_HAB,EL63,2022,17500
A,PPS_EU27_2020_HAB,EL63,2023,18800
A,PPS_EU27_2020_HAB,EL63,2024,19500
A,PPS_EU27_2020_HAB,EL64,2000,16900
A,PPS_EU27_2020_HAB,EL64,2001,17900
A,PPS_EU27_2020_HAB,EL64,2002,18400
A,PPS_EU27_2020_HAB,EL64,2003,19400
A,PPS_EU27_2020_HAB,EL64,2004,19800
A,PPS_EU27_2020_HAB,EL64,2005,20200
A,PPS_EU27_2020_HAB,EL64,2006,20900
A,PPS_EU27_2020_HAB,EL64,2007,20900
A,PPS_EU27_2020_HAB,EL64,2008,21400
A,PPS_EU27_2020_HAB,EL64,2009,20100
A,PPS_EU27_2020_HAB,EL64,2010,18500
A,PPS_EU27_2020_HAB,EL64,2011,17000
A,PPS_EU27_2020_HAB,EL64,2012,16400
A,PPS_EU27_2020_HAB,EL64,2013,16400
A,PPS_EU27_2020_HAB,EL64,2014,16200
A,PPS_EU27_2020_HAB,EL64,2015,16500
A,PPS_EU27_2020_HAB,EL64,2016,16800
A,PPS_EU27_2020_HAB,EL64,2017,17500
A,PPS_EU27_2020_HAB,EL64,2018,18000
A,PPS_EU27_2020_HAB,EL64,2019,18300
A,PPS_EU27_2020_HAB,EL64,2020,17600
A,PPS_EU27_2020_HAB,EL64,2021,19600
A,PPS_EU27_2020_HAB,EL64,2022,22300
A,PPS_EU27_2020_HAB,EL64,2023,22800
A,PPS_EU27_2020_HAB,EL64,2024,23900
A,PPS_EU27_2020_HAB,EL65,2000,13200
A,PPS_EU27_2020_HAB,EL65,2001,14300
A,PPS_EU27_2020_HAB,EL65,2002,14900
A,PPS_EU27_2020_HAB,EL65,2003,15700
A,PPS_EU27_2020_HAB,EL65,2004,16100
A,PPS_EU27_2020_HAB,EL65,2005,16400
A,PPS_EU27_2020_HAB,EL65,2006,18100
A,PPS_EU27_2020_HAB,EL65,2007,18500
A,PPS_EU27_2020_HAB,EL65,2008,19100
A,PPS_EU27_2020_HAB,EL65,2009,18300
A,PPS_EU27_2020_HAB,EL65,2010,17100
A,PPS_EU27_2020_HAB,EL65,2011,15800
A,PPS_EU27_2020_HAB,EL65,2012,15300
A,PPS_EU27_2020_HAB,EL65,2013,15600
A,PPS_EU27_2020_HAB,EL65,2014,15800
A,PPS_EU27_2020_HAB,EL65,2015,16300
A,PPS_EU27_2020_HAB,EL65,2016,16400
A,PPS_EU27_2020_HAB,EL65,2017,17100
A,PPS_EU27_2020_HAB,EL65,2018,17300
A,PPS_EU27_2020_HAB,EL65,2019,17700
A,PPS_EU27_2020_HAB,EL65,2020,16300
A,PPS_EU27_2020_HAB,EL65,2021,18000
A,PPS_EU27_2020_HAB,EL65,2022,20800
A,PPS_EU27_2020_HAB,EL65,2023,22000
A,PPS_EU27_2020_HAB,EL65,2024,22700
A,PPS_EU27_2020_HAB,ES,2000,17900
A,PPS_EU27_2020_HAB,ES,2001,19000
A,PPS_EU27_2020_HAB,ES,2002,20000
A,PPS_EU27_2020_HAB,ES,2003,20600
A,PPS_EU27_2020_HAB,ES,2004,21400
A,PPS_EU27_2020_HAB,ES,2005,22600
A,PPS_EU27_2020_HAB,ES,2006,24500
A,PPS_EU27_2020_HAB,ES,2007,25700
A,PPS_EU27_2020_HAB,ES,2008,25900
A,PPS_EU27_2020_HAB,ES,2009,24300
A,PPS_EU27_2020_HAB,ES,2010,24100
A,PPS_EU27_2020_HAB,ES,2011,23900
A,PPS_EU27_2020_HAB,ES,2012,23500
A,PPS_EU27_2020_HAB,ES,2013,23600
A,PPS_EU27_2020_HAB,ES,2014,24200
A,PPS_EU27_2020_HAB,ES,2015,25400
A,PPS_EU27_2020_HAB,ES,2016,26100
A,PPS_EU27_2020_HAB,ES,2017,27400
A,PPS_EU27_2020_HAB,ES,2018,27900
A,PPS_EU27_2020_HAB,ES,2019,28700
A,PPS_EU27_2020_HAB,ES,2020,25100
A,PPS_EU27_2020_HAB,ES,2021,28300
A,PPS_EU27_2020_HAB,ES,2022,31800
A,PPS_EU27_2020_HAB,ES,2023,34800
A,PPS_EU27_2020_HAB,ES,2024,36400
A,PPS_EU27_2020_HAB,ES1,2000,14500
A,PPS_EU27_2020_HAB,ES1,2001,15500
A,PPS_EU27_2020_HAB,ES1,2002,16400
A,PPS_EU27_2020_HAB,ES1,2003,17000
A,PPS_EU27_2020_HAB,ES1,2004,17900
A,PPS_EU27_2020_HAB,ES1,2005,19300
A,PPS_EU27_2020_HAB,ES1,2006,21100
A,PPS_EU27_2020_HAB,ES1,2007,22500
A,PPS_EU27_2020_HAB,ES1,2008,23000
A,PPS_EU27_2020_HAB,ES1,2009,21700
A,PPS_EU27_2020_HAB,ES1,2010,21600
A,PPS_EU27_2020_HAB,ES1,2011,21300
A,PPS_EU27_2020_HAB,ES1,2012,21000
A,PPS_EU27_2020_HAB,ES1,2013,21100
A,PPS_EU27_2020_HAB,ES1,2014,21600
A,PPS_EU27_2020_HAB,ES1,2015,22600
A,PPS_EU27_2020_HAB,ES1,2016,23200
A,PPS_EU27_2020_HAB,ES1,2017,24400
A,PPS_EU27_2020_HAB,ES1,2018,24900
A,PPS_EU27_2020_HAB,ES1,2019,25600
A,PPS_EU27_2020_HAB,ES1,2020,22900
A,PPS_EU27_2020_HAB,ES1,2021,25900
A,PPS_EU27_2020_HAB,ES1,2022,29300
A,PPS_EU27_2020_HAB,ES1,2023,32000
A,PPS_EU27_2020_HAB,ES1,2024,33500
A,PPS_EU27_2020_HAB,ES11,2000,13900
A,PPS_EU27_2020_HAB,ES11,2001,14800
A,PPS_EU27_2020_HAB,ES11,2002,15700
A,PPS_EU27_2020_HAB,ES11,2003,16400
A,PPS_EU27_2020_HAB,ES11,2004,17400
A,PPS_EU27_2020_HAB,ES11,2005,18700
A,PPS_EU27_2020_HAB,ES11,2006,20500
A,PPS_EU27_2020_HAB,ES11,2007,22000
A,PPS_EU27_2020_HAB,ES11,2008,22600
A,PPS_EU27_2020_HAB,ES11,2009,21300
A,PPS_EU27_2020_HAB,ES11,2010,21300
A,PPS_EU27_2020_HAB,ES11,2011,21000
A,PPS_EU27_2020_HAB,ES11,2012,20800
A,PPS_EU27_2020_HAB,ES11,2013,21000
A,PPS_EU27_2020_HAB,ES11,2014,21500
A,PPS_EU27_2020_HAB,ES11,2015,22600
A,PPS_EU27_2020_HAB,ES11,2016,23300
A,PPS_EU27_2020_HAB,ES11,2017,24400
A,PPS_EU27_2020_HAB,ES11,2018,24900
A,PPS_EU27_2020_HAB,ES11,2019,25700
A,PPS_EU27_2020_HAB,ES11,2020,23000
A,PPS_EU27_2020_HAB,ES11,2021,25900
A,PPS_EU27_2020_HAB,ES11,2022,29300
A,PPS_EU27_2020_HAB,ES11,2023,32200
A,PPS_EU27_2020_HAB,ES11,2024,33700
A,PPS_EU27_2020_HAB,ES12,2000,14900
A,PPS_EU27_2020_HAB,ES12,2001,15900
A,PPS_EU27_2020_HAB,ES12,2002,16800
A,PPS_EU27_2020_HAB,ES12,2003,17300
A,PPS_EU27_2020_HAB,ES12,2004,18200
A,PPS_EU27_2020_HAB,ES12,2005,19700
A,PPS_EU27_2020_HAB,ES12,2006,21700
A,PPS_EU27_2020_HAB,ES12,2007,23100
A,PPS_EU27_2020_HAB,ES12,2008,23500
A,PPS_EU27_2020_HAB,ES12,2009,21800
A,PPS_EU27_2020_HAB,ES12,2010,21900
A,PPS_EU27_2020_HAB,ES12,2011,21600
A,PPS_EU27_2020_HAB,ES12,2012,21100
A,PPS_EU27_2020_HAB,ES12,2013,20800
A,PPS_EU27_2020_HAB,ES12,2014,21200
A,PPS_EU27_2020_HAB,ES12,2015,22200
A,PPS_EU27_2020_HAB,ES12,2016,22600
A,PPS_EU27_2020_HAB,ES12,2017,23800
A,PPS_EU27_2020_HAB,ES12,2018,24300
A,PPS_EU27_2020_HAB,ES12,2019,25000
A,PPS_EU27_2020_HAB,ES12,2020,22200
A,PPS_EU27_2020_HAB,ES12,2021,25400
A,PPS_EU27_2020_HAB,ES12,2022,29300
A,PPS_EU27_2020_HAB,ES12,2023,31600
A,PPS_EU27_2020_HAB,ES12,2024,33100
A,PPS_EU27_2020_HAB,ES13,2000,16800
A,PPS_EU27_2020_HAB,ES13,2001,17900
A,PPS_EU27_2020_HAB,ES13,2002,18900
A,PPS_EU27_2020_HAB,ES13,2003,19300
A,PPS_EU27_2020_HAB,ES13,2004,20000
A,PPS_EU27_2020_HAB,ES13,2005,21300
A,PPS_EU27_2020_HAB,ES13,2006,22900
A,PPS_EU27_2020_HAB,ES13,2007,24200
A,PPS_EU27_2020_HAB,ES13,2008,24400
A,PPS_EU27_2020_HAB,ES13,2009,22900
A,PPS_EU27_2020_HAB,ES13,2010,22700
A,PPS_EU27_2020_HAB,ES13,2011,22400
A,PPS_EU27_2020_HAB,ES13,2012,22000
A,PPS_EU27_2020_HAB,ES13,2013,21700
A,PPS_EU27_2020_HAB,ES13,2014,22500
A,PPS_EU27_2020_HAB,ES13,2015,23100
A,PPS_EU27_2020_HAB,ES13,2016,23900
A,PPS_EU27_2020_HAB,ES13,2017,25000
A,PPS_EU27_2020_HAB,ES13,2018,25600
A,PPS_EU27_2020_HAB,ES13,2019,26400
A,PPS_EU27_2020_HAB,ES13,2020,23500
A,PPS_EU27_2020_HAB,ES13,2021,26300
A,PPS_EU27_2020_HAB,ES13,2022,29300
A,PPS_EU27_2020_HAB,ES13,2023,31900
A,PPS_EU27_2020_HAB,ES13,2024,33400
A,PPS_EU27_2020_HAB,ES2,2000,21200
A,PPS_EU27_2020_HAB,ES2,2001,22300
A,PPS_EU27_2020_HAB,ES2,2002,23400
A,PPS_EU27_2020_HAB,ES2,2003,24100
A,PPS_EU27_2020_HAB,ES2,2004,25100
A,PPS_EU27_2020_HAB,ES2,2005,26600
A,PPS_EU27_2020_HAB,ES2,2006,28900
A,PPS_EU27_2020_HAB,ES2,2007,30500
A,PPS_EU27_2020_HAB,ES2,2008,31000
A,PPS_EU27_2020_HAB,ES2,2009,29000
A,PPS_EU27_2020_HAB,ES2,2010,29000
A,PPS_EU27_2020_HAB,ES2,2011,28700
A,PPS_EU27_2020_HAB,ES2,2012,28400
A,PPS_EU27_2020_HAB,ES2,2013,28500
A,PPS_EU27_2020_HAB,ES2,2014,29300
A,PPS_EU27_2020_HAB,ES2,2015,30400
A,PPS_EU27_2020_HAB,ES2,2016,31300
A,PPS_EU27_2020_HAB,ES2,2017,32700
A,PPS_EU27_2020_HAB,ES2,2018,33100
A,PPS_EU27_2020_HAB,ES2,2019,34100
A,PPS_EU27_2020_HAB,ES2,2020,30300
A,PPS_EU27_2020_HAB,ES2,2021,33800
A,PPS_EU27_2020_HAB,ES2,2022,38200
A,PPS_EU27_2020_HAB,ES2,2023,41500
A,PPS_EU27_2020_HAB,ES2,2024,43500
A,PPS_EU27_2020_HAB,ES21,2000,22000
A,PPS_EU27_2020_HAB,ES21,2001,23100
A,PPS_EU27_2020_HAB,ES21,2002,24300
A,PPS_EU27_2020_HAB,ES21,2003,25000
A,PPS_EU27_2020_HAB,ES21,2004,26100
A,PPS_EU27_2020_HAB,ES21,2005,27800
A,PPS_EU27_2020_HAB,ES21,2006,30300
A,PPS_EU27_2020_HAB,ES21,2007,32000
A,PPS_EU27_2020_HAB,ES21,2008,32800
A,PPS_EU27_2020_HAB,ES21,2009,30700
A,PPS_EU27_2020_HAB,ES21,2010,30800
A,PPS_EU27_2020_HAB,ES21,2011,30500
A,PPS_EU27_2020_HAB,ES21,2012,30400
A,PPS_EU27_2020_HAB,ES21,2013,30200
A,PPS_EU27_2020_HAB,ES21,2014,31200
A,PPS_EU27_2020_HAB,ES21,2015,32400
A,PPS_EU27_2020_HAB,ES21,2016,33300
A,PPS_EU27_2020_HAB,ES21,2017,34700
A,PPS_EU27_2020_HAB,ES21,2018,35200
A,PPS_EU27_2020_HAB,ES21,2019,36200
A,PPS_EU27_2020_HAB,ES21,2020,31700
A,PPS_EU27_2020_HAB,ES21,2021,35700
A,PPS_EU27_2020_HAB,ES21,2022,40000
A,PPS_EU27_2020_HAB,ES21,2023,43800
A,PPS_EU27_2020_HAB,ES21,2024,45800
A,PPS_EU27_2020_HAB,ES22,2000,23100
A,PPS_EU27_2020_HAB,ES22,2001,24100
A,PPS_EU27_2020_HAB,ES22,2002,25200
A,PPS_EU27_2020_HAB,ES22,2003,25800
A,PPS_EU27_2020_HAB,ES22,2004,26800
A,PPS_EU27_2020_HAB,ES22,2005,28300
A,PPS_EU27_2020_HAB,ES22,2006,30400
A,PPS_EU27_2020_HAB,ES22,2007,31600
A,PPS_EU27_2020_HAB,ES22,2008,32000
A,PPS_EU27_2020_HAB,ES22,2009,30000
A,PPS_EU27_2020_HAB,ES22,2010,29700
A,PPS_EU27_2020_HAB,ES22,2011,29500
A,PPS_EU27_2020_HAB,ES22,2012,28900
A,PPS_EU27_2020_HAB,ES22,2013,29100
A,PPS_EU27_2020_HAB,ES22,2014,30000
A,PPS_EU27_2020_HAB,ES22,2015,31100
A,PPS_EU27_2020_HAB,ES22,2016,32000
A,PPS_EU27_2020_HAB,ES22,2017,33400
A,PPS_EU27_2020_HAB,ES22,2018,33500
A,PPS_EU27_2020_HAB,ES22,2019,34600
A,PPS_EU27_2020_HAB,ES22,2020,30500
A,PPS_EU27_2020_HAB,ES22,2021,34100
A,PPS_EU27_2020_HAB,ES22,2022,38300
A,PPS_EU27_2020_HAB,ES22,2023,41500
A,PPS_EU27_2020_HAB,ES22,2024,43600
A,PPS_EU27_2020_HAB,ES23,2000,20200
A,PPS_EU27_2020_HAB,ES23,2001,21100
A,PPS_EU27_2020_HAB,ES23,2002,21900
A,PPS_EU27_2020_HAB,ES23,2003,22600
A,PPS_EU27_2020_HAB,ES23,2004,23100
A,PPS_EU27_2020_HAB,ES23,2005,24300
A,PPS_EU27_2020_HAB,ES23,2006,26300
A,PPS_EU27_2020_HAB,ES23,2007,27500
A,PPS_EU27_2020_HAB,ES23,2008,27800
A,PPS_EU27_2020_HAB,ES23,2009,26000
A,PPS_EU27_2020_HAB,ES23,2010,26100
A,PPS_EU27_2020_HAB,ES23,2011,25800
A,PPS_EU27_2020_HAB,ES23,2012,25500
A,PPS_EU27_2020_HAB,ES23,2013,25600
A,PPS_EU27_2020_HAB,ES23,2014,26600
A,PPS_EU27_2020_HAB,ES23,2015,27700
A,PPS_EU27_2020_HAB,ES23,2016,27800
A,PPS_EU27_2020_HAB,ES23,2017,28900
A,PPS_EU27_2020_HAB,ES23,2018,29500
A,PPS_EU27_2020_HAB,ES23,2019,30200
A,PPS_EU27_2020_HAB,ES23,2020,27000
A,PPS_EU27_2020_HAB,ES23,2021,29700
A,PPS_EU27_2020_HAB,ES23,2022,33600
A,PPS_EU27_2020_HAB,ES23,2023,36400
A,PPS_EU27_2020_HAB,ES23,2024,38100
A,PPS_EU27_2020_HAB,ES24,2000,19100
A,PPS_EU27_2020_HAB,ES24,2001,20200
A,PPS_EU27_2020_HAB,ES24,2002,21500
A,PPS_EU27_2020_HAB,ES24,2003,22200
A,PPS_EU27_2020_HAB,ES24,2004,23100
A,PPS_EU27_2020_HAB,ES24,2005,24400
A,PPS_EU27_2020_HAB,ES24,2006,26400
A,PPS_EU27_2020_HAB,ES24,2007,28100
A,PPS_EU27_2020_HAB,ES24,2008,28400
A,PPS_EU27_2020_HAB,ES24,2009,26400
A,PPS_EU27_2020_HAB,ES24,2010,26400
A,PPS_EU27_2020_HAB,ES24,2011,26100
A,PPS_EU27_2020_HAB,ES24,2012,25500
A,PPS_EU27_2020_HAB,ES24,2013,25900
A,PPS_EU27_2020_HAB,ES24,2014,26600
A,PPS_EU27_2020_HAB,ES24,2015,27200
A,PPS_EU27_2020_HAB,ES24,2016,28400
A,PPS_EU27_2020_HAB,ES24,2017,29800
A,PPS_EU27_2020_HAB,ES24,2018,30400
A,PPS_EU27_2020_HAB,ES24,2019,31300
A,PPS_EU27_2020_HAB,ES24,2020,28500
A,PPS_EU27_2020_HAB,ES24,2021,31600
A,PPS_EU27_2020_HAB,ES24,2022,36100
A,PPS_EU27_2020_HAB,ES24,2023,39000
A,PPS_EU27_2020_HAB,ES24,2024,40900
A,PPS_EU27_2020_HAB,ES3,2000,23800
A,PPS_EU27_2020_HAB,ES3,2001,25300
A,PPS_EU27_2020_HAB,ES3,2002,26400
A,PPS_EU27_2020_HAB,ES3,2003,27000
A,PPS_EU27_2020_HAB,ES3,2004,28200
A,PPS_EU27_2020_HAB,ES3,2005,29800
A,PPS_EU27_2020_HAB,ES3,2006,32600
A,PPS_EU27_2020_HAB,ES3,2007,34000
A,PPS_EU27_2020_HAB,ES3,2008,34300
A,PPS_EU27_2020_HAB,ES3,2009,33000
A,PPS_EU27_2020_HAB,ES3,2010,32300
A,PPS_EU27_2020_HAB,ES3,2011,32500
A,PPS_EU27_2020_HAB,ES3,2012,32500
A,PPS_EU27_2020_HAB,ES3,2013,32400
A,PPS_EU27_2020_HAB,ES3,2014,33300
A,PPS_EU27_2020_HAB,ES3,2015,34900
A,PPS_EU27_2020_HAB,ES3,2016,36000
A,PPS_EU27_2020_HAB,ES3,2017,37700
A,PPS_EU27_2020_HAB,ES3,2018,38200
A,PPS_EU27_2020_HAB,ES3,2019,39400
A,PPS_EU27_2020_HAB,ES3,2020,34600
A,PPS_EU27_2020_HAB,ES3,2021,38700
A,PPS_EU27_2020_HAB,ES3,2022,43300
A,PPS_EU27_2020_HAB,ES3,2023,47900
A,PPS_EU27_2020_HAB,ES3,2024,49900
A,PPS_EU27_2020_HAB,ES30,2000,23800
A,PPS_EU27_2020_HAB,ES30,2001,25300
A,PPS_EU27_2020_HAB,ES30,2002,26400
A,PPS_EU27_2020_HAB,ES30,2003,27000
A,PPS_EU27_2020_HAB,ES30,2004,28200
A,PPS_EU27_2020_HAB,ES30,2005,29800
A,PPS_EU27_2020_HAB,ES30,2006,32600
A,PPS_EU27_2020_HAB,ES30,2007,34000
A,PPS_EU27_2020_HAB,ES30,2008,34300
A,PPS_EU27_2020_HAB,ES30,2009,33000
A,PPS_EU27_2020_HAB,ES30,2010,32300
A,PPS_EU27_2020_HAB,ES30,2011,32500
A,PPS_EU27_2020_HAB,ES30,2012,32500
A,PPS_EU27_2020_HAB,ES30,2013,32400
A,PPS_EU27_2020_HAB,ES30,2014,33300
A,PPS_EU27_2020_HAB,ES30,2015,34900
A,PPS_EU27_2020_HAB,ES30,2016,36000
A,PPS_EU27_2020_HAB,ES30,2017,37700
A,PPS_EU27_2020_HAB,ES30,2018,38200
A,PPS_EU27_2020_HAB,ES30,2019,39400
A,PPS_EU27_2020_HAB,ES30,2020,34600
A,PPS_EU27_2020_HAB,ES30,2021,38700
A,PPS_EU27_2020_HAB,ES30,2022,43300
A,PPS_EU27_2020_HAB,ES30,2023,47900
A,PPS_EU27_2020_HAB,ES30,2024,49900
A,PPS_EU27_2020_HAB,ES4,2000,14700
A,PPS_EU27_2020_HAB,ES4,2001,15600
A,PPS_EU27_2020_HAB,ES4,2002,16500
A,PPS_EU27_2020_HAB,ES4,2003,17100
A,PPS_EU27_2020_HAB,ES4,2004,17800
A,PPS_EU27_2020_HAB,ES4,2005,19000
A,PPS_EU27_2020_HAB,ES4,2006,20400
A,PPS_EU27_2020_HAB,ES4,2007,21600
A,PPS_EU27_2020_HAB,ES4,2008,21800
A,PPS_EU27_2020_HAB,ES4,2009,20600
A,PPS_EU27_2020_HAB,ES4,2010,20500
A,PPS_EU27_2020_HAB,ES4,2011,20300
A,PPS_EU27_2020_HAB,ES4,2012,20000
A,PPS_EU27_2020_HAB,ES4,2013,19900
A,PPS_EU27_2020_HAB,ES4,2014,20100
A,PPS_EU27_2020_HAB,ES4,2015,21200
A,PPS_EU27_2020_HAB,ES4,2016,21900
A,PPS_EU27_2020_HAB,ES4,2017,23000
A,PPS_EU27_2020_HAB,ES4,2018,23600
A,PPS_EU27_2020_HAB,ES4,2019,24300
A,PPS_EU27_2020_HAB,ES4,2020,22000
A,PPS_EU27_2020_HAB,ES4,2021,24700
A,PPS_EU27_2020_HAB,ES4,2022,27900
A,PPS_EU27_2020_HAB,ES4,2023,29900
A,PPS_EU27_2020_HAB,ES4,2024,31300
A,PPS_EU27_2020_HAB,ES41,2000,16200
A,PPS_EU27_2020_HAB,ES41,2001,17100
A,PPS_EU27_2020_HAB,ES41,2002,18100
A,PPS_EU27_2020_HAB,ES41,2003,18700
A,PPS_EU27_2020_HAB,ES41,2004,19600
A,PPS_EU27_2020_HAB,ES41,2005,20700
A,PPS_EU27_2020_HAB,ES41,2006,22300
A,PPS_EU27_2020_HAB,ES41,2007,23500
A,PPS_EU27_2020_HAB,ES41,2008,23600
A,PPS_EU27_2020_HAB,ES41,2009,22500
A,PPS_EU27_2020_HAB,ES41,2010,22400
A,PPS_EU27_2020_HAB,ES41,2011,22300
A,PPS_EU27_2020_HAB,ES41,2012,22100
A,PPS_EU27_2020_HAB,ES41,2013,21900
A,PPS_EU27_2020_HAB,ES41,2014,22400
A,PPS_EU27_2020_HAB,ES41,2015,23400
A,PPS_EU27_2020_HAB,ES41,2016,24200
A,PPS_EU27_2020_HAB,ES41,2017,25100
A,PPS_EU27_2020_HAB,ES41,2018,26000
A,PPS_EU27_2020_HAB,ES41,2019,26800
A,PPS_EU27_2020_HAB,ES41,2020,24200
A,PPS_EU27_2020_HAB,ES41,2021,27100
A,PPS_EU27_2020_HAB,ES41,2022,30400
A,PPS_EU27_2020_HAB,ES41,2023,32900
A,PPS_EU27_2020_HAB,ES41,2024,34500
A,PPS_EU27_2020_HAB,ES42,2000,14400
A,PPS_EU27_2020_HAB,ES42,2001,15300
A,PPS_EU27_2020_HAB,ES42,2002,16200
A,PPS_EU27_2020_HAB,ES42,2003,16900
A,PPS_EU27_2020_HAB,ES42,2004,17500
A,PPS_EU27_2020_HAB,ES42,2005,18600
A,PPS_EU27_2020_HAB,ES42,2006,20000
A,PPS_EU27_2020_HAB,ES42,2007,21100
A,PPS_EU27_2020_HAB,ES42,2008,21300
A,PPS_EU27_2020_HAB,ES42,2009,19900
A,PPS_EU27_2020_HAB,ES42,2010,19600
A,PPS_EU27_2020_HAB,ES42,2011,19400
A,PPS_EU27_2020_HAB,ES42,2012,19100
A,PPS_EU27_2020_HAB,ES42,2013,19000
A,PPS_EU27_2020_HAB,ES42,2014,18900
A,PPS_EU27_2020_HAB,ES42,2015,20000
A,PPS_EU27_2020_HAB,ES42,2016,20700
A,PPS_EU27_2020_HAB,ES42,2017,21800
A,PPS_EU27_2020_HAB,ES42,2018,22300
A,PPS_EU27_2020_HAB,ES42,2019,22900
A,PPS_EU27_2020_HAB,ES42,2020,20700
A,PPS_EU27_2020_HAB,ES42,2021,23300
A,PPS_EU27_2020_HAB,ES42,2022,26700
A,PPS_EU27_2020_HAB,ES42,2023,28200
A,PPS_EU27_2020_HAB,ES42,2024,29300
A,PPS_EU27_2020_HAB,ES43,2000,11800
A,PPS_EU27_2020_HAB,ES43,2001,12500
A,PPS_EU27_2020_HAB,ES43,2002,13300
A,PPS_EU27_2020_HAB,ES43,2003,13800
A,PPS_EU27_2020_HAB,ES43,2004,14500
A,PPS_EU27_2020_HAB,ES43,2005,15700
A,PPS_EU27_2020_HAB,ES43,2006,16900
A,PPS_EU27_2020_HAB,ES43,2007,18000
A,PPS_EU27_2020_HAB,ES43,2008,18500
A,PPS_EU27_2020_HAB,ES43,2009,17600
A,PPS_EU27_2020_HAB,ES43,2010,17600
A,PPS_EU27_2020_HAB,ES43,2011,17300
A,PPS_EU27_2020_HAB,ES43,2012,17000
A,PPS_EU27_2020_HAB,ES43,2013,17100
A,PPS_EU27_2020_HAB,ES43,2014,17400
A,PPS_EU27_2020_HAB,ES43,2015,18400
A,PPS_EU27_2020_HAB,ES43,2016,19000
A,PPS_EU27_2020_HAB,ES43,2017,20400
A,PPS_EU27_2020_HAB,ES43,2018,20800
A,PPS_EU27_2020_HAB,ES43,2019,21400
A,PPS_EU27_2020_HAB,ES43,2020,19300
A,PPS_EU27_2020_HAB,ES43,2021,22100
A,PPS_EU27_2020_HAB,ES43,2022,24600
A,PPS_EU27_2020_HAB,ES43,2023,26800
A,PPS_EU27_2020_HAB,ES43,2024,28100
A,PPS_EU27_2020_HAB,ES5,2000,20200
A,PPS_EU27_2020_HAB,ES5,2001,21500
A,PPS_EU27_2020_HAB,ES5,2002,22300
A,PPS_EU27_2020_HAB,ES5,2003,22700
A,PPS_EU27_2020_HAB,ES5,2004,23400
A,PPS_EU27_2020_HAB,ES5,2005,24500
A,PPS_EU27_2020_HAB,ES5,2006,26400
A,PPS_EU27_2020_HAB,ES5,2007,27500
A,PPS_EU27_2020_HAB,ES5,2008,27500
A,PPS_EU27_2020_HAB,ES5,2009,25600
A,PPS_EU27_2020_HAB,ES5,2010,25400
A,PPS_EU27_2020_HAB,ES5,2011,25100
A,PPS_EU27_2020_HAB,ES5,2012,24700
A,PPS_EU27_2020_HAB,ES5,2013,24900
A,PPS_EU27_2020_HAB,ES5,2014,25800
A,PPS_EU27_2020_HAB,ES5,2015,27000
A,PPS_EU27_2020_HAB,ES5,2016,27900
A,PPS_EU27_2020_HAB,ES5,2017,29200
A,PPS_EU27_2020_HAB,ES5,2018,29600
A,PPS_EU27_2020_HAB,ES5,2019,30400
A,PPS_EU27_2020_HAB,ES5,2020,26200
A,PPS_EU27_2020_HAB,ES5,2021,29600
A,PPS_EU27_2020_HAB,ES5,2022,32900
A,PPS_EU27_2020_HAB,ES5,2023,36100
A,PPS_EU27_2020_HAB,ES5,2024,37700
A,PPS_EU27_2020_HAB,ES51,2000,21900
A,PPS_EU27_2020_HAB,ES51,2001,23200
A,PPS_EU27_2020_HAB,ES51,2002,24200
A,PPS_EU27_2020_HAB,ES51,2003,24700
A,PPS_EU27_2020_HAB,ES51,2004,25600
A,PPS_EU27_2020_HAB,ES51,2005,26800
A,PPS_EU27_2020_HAB,ES51,2006,28900
A,PPS_EU27_2020_HAB,ES51,2007,30200
A,PPS_EU27_2020_HAB,ES51,2008,30200
A,PPS_EU27_2020_HAB,ES51,2009,28300
A,PPS_EU27_2020_HAB,ES51,2010,28200
A,PPS_EU27_2020_HAB,ES51,2011,27800
A,PPS_EU27_2020_HAB,ES51,2012,27600
A,PPS_EU27_2020_HAB,ES51,2013,27700
A,PPS_EU27_2020_HAB,ES51,2014,28700
A,PPS_EU27_2020_HAB,ES51,2015,30100
A,PPS_EU27_2020_HAB,ES51,2016,31100
A,PPS_EU27_2020_HAB,ES51,2017,32400
A,PPS_EU27_2020_HAB,ES51,2018,32800
A,PPS_EU27_2020_HAB,ES51,2019,33700
A,PPS_EU27_2020_HAB,ES51,2020,29300
A,PPS_EU27_2020_HAB,ES51,2021,32900
A,PPS_EU27_2020_HAB,ES51,2022,36500
A,PPS_EU27_2020_HAB,ES51,2023,40000
A,PPS_EU27_2020_HAB,ES51,2024,41800
A,PPS_EU27_2020_HAB,ES52,2000,17100
A,PPS_EU27_2020_HAB,ES52,2001,18300
A,PPS_EU27_2020_HAB,ES52,2002,19000
A,PPS_EU27_2020_HAB,ES52,2003,19300
A,PPS_EU27_2020_HAB,ES52,2004,19900
A,PPS_EU27_2020_HAB,ES52,2005,20800
A,PPS_EU27_2020_HAB,ES52,2006,22400
A,PPS_EU27_2020_HAB,ES52,2007,23200
A,PPS_EU27_2020_HAB,ES52,2008,23300
A,PPS_EU27_2020_HAB,ES52,2009,21500
A,PPS_EU27_2020_HAB,ES52,2010,21300
A,PPS_EU27_2020_HAB,ES52,2011,20900
A,PPS_EU27_2020_HAB,ES52,2012,20400
A,PPS_EU27_2020_HAB,ES52,2013,20500
A,PPS_EU27_2020_HAB,ES52,2014,21300
A,PPS_EU27_2020_HAB,ES52,2015,22200
A,PPS_EU27_2020_HAB,ES52,2016,22800
A,PPS_EU27_2020_HAB,ES52,2017,23900
A,PPS_EU27_2020_HAB,ES52,2018,24400
A,PPS_EU27_2020_HAB,ES52,2019,25000
A,PPS_EU27_2020_HAB,ES52,2020,22100
A,PPS_EU27_2020_HAB,ES52,2021,24900
A,PPS_EU27_2020_HAB,ES52,2022,27300
A,PPS_EU27_2020_HAB,ES52,2023,29800
A,PPS_EU27_2020_HAB,ES52,2024,30800
A,PPS_EU27_2020_HAB,ES53,2000,22500
A,PPS_EU27_2020_HAB,ES53,2001,23600
A,PPS_EU27_2020_HAB,ES53,2002,24100
A,PPS_EU27_2020_HAB,ES53,2003,23900
A,PPS_EU27_2020_HAB,ES53,2004,24500
A,PPS_EU27_2020_HAB,ES53,2005,25600
A,PPS_EU27_2020_HAB,ES53,2006,27300
A,PPS_EU27_2020_HAB,ES53,2007,28100
A,PPS_EU27_2020_HAB,ES53,2008,28200
A,PPS_EU27_2020_HAB,ES53,2009,26100
A,PPS_EU27_2020_HAB,ES53,2010,25700
A,PPS_EU27_2020_HAB,ES53,2011,25400
A,PPS_EU27_2020_HAB,ES53,2012,25300
A,PPS_EU27_2020_HAB,ES53,2013,25400
A,PPS_EU27_2020_HAB,ES53,2014,26500
A,PPS_EU27_2020_HAB,ES53,2015,27800
A,PPS_EU27_2020_HAB,ES53,2016,29100
A,PPS_EU27_2020_HAB,ES53,2017,30500
A,PPS_EU27_2020_HAB,ES53,2018,31000
A,PPS_EU27_2020_HAB,ES53,2019,31700
A,PPS_EU27_2020_HAB,ES53,2020,23800
A,PPS_EU27_2020_HAB,ES53,2021,28000
A,PPS_EU27_2020_HAB,ES53,2022,34300
A,PPS_EU27_2020_HAB,ES53,2023,38200
A,PPS_EU27_2020_HAB,ES53,2024,40300
A,PPS_EU27_2020_HAB,ES6,2000,13600
A,PPS_EU27_2020_HAB,ES6,2001,14500
A,PPS_EU27_2020_HAB,ES6,2002,15300
A,PPS_EU27_2020_HAB,ES6,2003,16100
A,PPS_EU27_2020_HAB,ES6,2004,16900
A,PPS_EU27_2020_HAB,ES6,2005,17900
A,PPS_EU27_2020_HAB,ES6,2006,19300
A,PPS_EU27_2020_HAB,ES6,2007,20200
A,PPS_EU27_2020_HAB,ES6,2008,20200
A,PPS_EU27_2020_HAB,ES6,2009,18900
A,PPS_EU27_2020_HAB,ES6,2010,18600
A,PPS_EU27_2020_HAB,ES6,2011,18300
A,PPS_EU27_2020_HAB,ES6,2012,17900
A,PPS_EU27_2020_HAB,ES6,2013,17900
A,PPS_EU27_2020_HAB,ES6,2014,18300
A,PPS_EU27_2020_HAB,ES6,2015,19300
A,PPS_EU27_2020_HAB,ES6,2016,19700
A,PPS_EU27_2020_HAB,ES6,2017,20700
A,PPS_EU27_2020_HAB,ES6,2018,21000
A,PPS_EU27_2020_HAB,ES6,2019,21600
A,PPS_EU27_2020_HAB,ES6,2020,19100
A,PPS_EU27_2020_HAB,ES6,2021,21600
A,PPS_EU27_2020_HAB,ES6,2022,24200
A,PPS_EU27_2020_HAB,ES6,2023,26400
A,PPS_EU27_2020_HAB,ES6,2024,27700
A,PPS_EU27_2020_HAB,ES61,2000,13300
A,PPS_EU27_2020_HAB,ES61,2001,14200
A,PPS_EU27_2020_HAB,ES61,2002,15000
A,PPS_EU27_2020_HAB,ES61,2003,15800
A,PPS_EU27_2020_HAB,ES61,2004,16600
A,PPS_EU27_2020_HAB,ES61,2005,17600
A,PPS_EU27_2020_HAB,ES61,2006,19000
A,PPS_EU27_2020_HAB,ES61,2007,20000
A,PPS_EU27_2020_HAB,ES61,2008,19900
A,PPS_EU27_2020_HAB,ES61,2009,18600
A,PPS_EU27_2020_HAB,ES61,2010,18300
A,PPS_EU27_2020_HAB,ES61,2011,18100
A,PPS_EU27_2020_HAB,ES61,2012,17600
A,PPS_EU27_2020_HAB,ES61,2013,17500
A,PPS_EU27_2020_HAB,ES61,2014,18000
A,PPS_EU27_2020_HAB,ES61,2015,18900
A,PPS_EU27_2020_HAB,ES61,2016,19300
A,PPS_EU27_2020_HAB,ES61,2017,20400
A,PPS_EU27_2020_HAB,ES61,2018,20700
A,PPS_EU27_2020_HAB,ES61,2019,21300
A,PPS_EU27_2020_HAB,ES61,2020,18700
A,PPS_EU27_2020_HAB,ES61,2021,21200
A,PPS_EU27_2020_HAB,ES61,2022,23800
A,PPS_EU27_2020_HAB,ES61,2023,26000
A,PPS_EU27_2020_HAB,ES61,2024,27400
A,PPS_EU27_2020_HAB,ES62,2000,15400
A,PPS_EU27_2020_HAB,ES62,2001,16300
A,PPS_EU27_2020_HAB,ES62,2002,17200
A,PPS_EU27_2020_HAB,ES62,2003,17700
A,PPS_EU27_2020_HAB,ES62,2004,18300
A,PPS_EU27_2020_HAB,ES62,2005,19300
A,PPS_EU27_2020_HAB,ES62,2006,20800
A,PPS_EU27_2020_HAB,ES62,2007,21800
A,PPS_EU27_2020_HAB,ES62,2008,22100
A,PPS_EU27_2020_HAB,ES62,2009,20400
A,PPS_EU27_2020_HAB,ES62,2010,20300
A,PPS_EU27_2020_HAB,ES62,2011,19800
A,PPS_EU27_2020_HAB,ES62,2012,19600
A,PPS_EU27_2020_HAB,ES62,2013,19800
A,PPS_EU27_2020_HAB,ES62,2014,20100
A,PPS_EU27_2020_HAB,ES62,2015,21500
A,PPS_EU27_2020_HAB,ES62,2016,22100
A,PPS_EU27_2020_HAB,ES62,2017,23000
A,PPS_EU27_2020_HAB,ES62,2018,23000
A,PPS_EU27_2020_HAB,ES62,2019,23700
A,PPS_EU27_2020_HAB,ES62,2020,21200
A,PPS_EU27_2020_HAB,ES62,2021,23900
A,PPS_EU27_2020_HAB,ES62,2022,26800
A,PPS_EU27_2020_HAB,ES62,2023,28700
A,PPS_EU27_2020_HAB,ES62,2024,30100
A,PPS_EU27_2020_HAB,ES63,2000,15000
A,PPS_EU27_2020_HAB,ES63,2001,15300
A,PPS_EU27_2020_HAB,ES63,2002,16200
A,PPS_EU27_2020_HAB,ES63,2003,16900
A,PPS_EU27_2020_HAB,ES63,2004,17400
A,PPS_EU27_2020_HAB,ES63,2005,18200
A,PPS_EU27_2020_HAB,ES63,2006,19600
A,PPS_EU27_2020_HAB,ES63,2007,20500
A,PPS_EU27_2020_HAB,ES63,2008,20900
A,PPS_EU27_2020_HAB,ES63,2009,20100
A,PPS_EU27_2020_HAB,ES63,2010,19300
A,PPS_EU27_2020_HAB,ES63,2011,18800
A,PPS_EU27_2020_HAB,ES63,2012,18200
A,PPS_EU27_2020_HAB,ES63,2013,18400
A,PPS_EU27_2020_HAB,ES63,2014,18500
A,PPS_EU27_2020_HAB,ES63,2015,19200
A,PPS_EU27_2020_HAB,ES63,2016,19600
A,PPS_EU27_2020_HAB,ES63,2017,19900
A,PPS_EU27_2020_HAB,ES63,2018,20300
A,PPS_EU27_2020_HAB,ES63,2019,21100
A,PPS_EU27_2020_HAB,ES63,2020,19100
A,PPS_EU27_2020_HAB,ES63,2021,21300
A,PPS_EU27_2020_HAB,ES63,2022,23500
A,PPS_EU27_2020_HAB,ES63,2023,25200
A,PPS_EU27_2020_HAB,ES63,2024,25700
A,PPS_EU27_2020_HAB,ES64,2000,15000
A,PPS_EU27_2020_HAB,ES64,2001,15200
A,PPS_EU27_2020_HAB,ES64,2002,16000
A,PPS_EU27_2020_HAB,ES64,2003,16800
A,PPS_EU27_2020_HAB,ES64,2004,17800
A,PPS_EU27_2020_HAB,ES64,2005,18400
A,PPS_EU27_2020_HAB,ES64,2006,19500
A,PPS_EU27_2020_HAB,ES64,2007,19900
A,PPS_EU27_2020_HAB,ES64,2008,20100
A,PPS_EU27_2020_HAB,ES64,2009,19200
A,PPS_EU27_2020_HAB,ES64,2010,18400
A,PPS_EU27_2020_HAB,ES64,2011,17900
A,PPS_EU27_2020_HAB,ES64,2012,17000
A,PPS_EU27_2020_HAB,ES64,2013,17100
A,PPS_EU27_2020_HAB,ES64,2014,17300
A,PPS_EU27_2020_HAB,ES64,2015,17800
A,PPS_EU27_2020_HAB,ES64,2016,18300
A,PPS_EU27_2020_HAB,ES64,2017,18600
A,PPS_EU27_2020_HAB,ES64,2018,18800
A,PPS_EU27_2020_HAB,ES64,2019,19500
A,PPS_EU27_2020_HAB,ES64,2020,17700
A,PPS_EU27_2020_HAB,ES64,2021,19400
A,PPS_EU27_2020_HAB,ES64,2022,21500
A,PPS_EU27_2020_HAB,ES64,2023,23000
A,PPS_EU27_2020_HAB,ES64,2024,23600
A,PPS_EU27_2020_HAB,ES7,2000,16800
A,PPS_EU27_2020_HAB,ES7,2001,17900
A,PPS_EU27_2020_HAB,ES7,2002,18600
A,PPS_EU27_2020_HAB,ES7,2003,18900
A,PPS_EU27_2020_HAB,ES7,2004,19200
A,PPS_EU27_2020_HAB,ES7,2005,19900
A,PPS_EU27_2020_HAB,ES7,2006,21000
A,PPS_EU27_2020_HAB,ES7,2007,21900
A,PPS_EU27_2020_HAB,ES7,2008,21900
A,PPS_EU27_2020_HAB,ES7,2009,20400
A,PPS_EU27_2020_HAB,ES7,2010,20200
A,PPS_EU27_2020_HAB,ES7,2011,19900
A,PPS_EU27_2020_HAB,ES7,2012,19500
A,PPS_EU27_2020_HAB,ES7,2013,19400
A,PPS_EU27_2020_HAB,ES7,2014,19800
A,PPS_EU27_2020_HAB,ES7,2015,20400
A,PPS_EU27_2020_HAB,ES7,2016,21000
A,PPS_EU27_2020_HAB,ES7,2017,22100
A,PPS_EU27_2020_HAB,ES7,2018,22400
A,PPS_EU27_2020_HAB,ES7,2019,22800
A,PPS_EU27_2020_HAB,ES7,2020,18200
A,PPS_EU27_2020_HAB,ES7,2021,20600
A,PPS_EU27_2020_HAB,ES7,2022,24500
A,PPS_EU27_2020_HAB,ES7,2023,27200
A,PPS_EU27_2020_HAB,ES7,2024,28900
A,PPS_EU27_2020_HAB,ES70,2000,16800
A,PPS_EU27_2020_HAB,ES70,2001,17900
A,PPS_EU27_2020_HAB,ES70,2002,18600
A,PPS_EU27_2020_HAB,ES70,2003,18900
A,PPS_EU27_2020_HAB,ES70,2004,19200
A,PPS_EU27_2020_HAB,ES70,2005,19900
A,PPS_EU27_2020_HAB,ES70,2006,21000
A,PPS_EU27_2020_HAB,ES70,2007,21900
A,PPS_EU27_2020_HAB,ES70,2008,21900
A,PPS_EU27_2020_HAB,ES70,2009,20400
A,PPS_EU27_2020_HAB,ES70,2010,20200
A,PPS_EU27_2020_HAB,ES70,2011,19900
A,PPS_EU27_2020_HAB,ES70,2012,19500
A,PPS_EU27_2020_HAB,ES70,2013,19400
A,PPS_EU27_2020_HAB,ES70,2014,19800
A,PPS_EU27_2020_HAB,ES70,2015,20400
A,PPS_EU27_2020_HAB,ES70,2016,21000
A,PPS_EU27_2020_HAB,ES70,2017,22100
A,PPS_EU27_2020_HAB,ES70,2018,22400
A,PPS_EU27_2020_HAB,ES70,2019,22800
A,PPS_EU27_2020_HAB,ES70,2020,18200
A,PPS_EU27_2020_HAB,ES70,2021,20600
A,PPS_EU27_2020_HAB,ES70,2022,24500
A,PPS_EU27_2020_HAB,ES70,2023,27200
A,PPS_EU27_2020_HAB,ES70,2024,28900
A,PPS_EU27_2020_HAB,FI,2000,22200
A,PPS_EU27_2020_HAB,FI,2001,23000
A,PPS_EU27_2020_HAB,FI,2002,23400
A,PPS_EU27_2020_HAB,FI,2003,23900
A,PPS_EU27_2020_HAB,FI,2004,25500
A,PPS_EU27_2020_HAB,FI,2005,26300
A,PPS_EU27_2020_HAB,FI,2006,27400
A,PPS_EU27_2020_HAB,FI,2007,29900
A,PPS_EU27_2020_HAB,FI,2008,31100
A,PPS_EU27_2020_HAB,FI,2009,28700
A,PPS_EU27_2020_HAB,FI,2010,29500
A,PPS_EU27_2020_HAB,FI,2011,30400
A,PPS_EU27_2020_HAB,FI,2012,30100
A,PPS_EU27_2020_HAB,FI,2013,29800
A,PPS_EU27_2020_HAB,FI,2014,29800
A,PPS_EU27_2020_HAB,FI,2015,30400
A,PPS_EU27_2020_HAB,FI,2016,31000
A,PPS_EU27_2020_HAB,FI,2017,32400
A,PPS_EU27_2020_HAB,FI,2018,33400
A,PPS_EU27_2020_HAB,FI,2019,34000
A,PPS_EU27_2020_HAB,FI,2020,34000
A,PPS_EU27_2020_HAB,FI,2021,36200
A,PPS_EU27_2020_HAB,FI,2022,38400
A,PPS_EU27_2020_HAB,FI,2023,39700
A,PPS_EU27_2020_HAB,FI,2024,40800
A,PPS_EU27_2020_HAB,FI1,2000,22200
A,PPS_EU27_2020_HAB,FI1,2001,23000
A,PPS_EU27_2020_HAB,FI1,2002,23400
A,PPS_EU27_2020_HAB,FI1,2003,23800
A,PPS_EU27_2020_HAB,FI1,2004,25400
A,PPS_EU27_2020_HAB,FI1,2005,26200
A,PPS_EU27_2020_HAB,FI1,2006,27300
A,PPS_EU27_2020_HAB,FI1,2007,29800
A,PPS_EU27_2020_HAB,FI1,2008,31100
A,PPS_EU27_2020_HAB,FI1,2009,28600
A,PPS_EU27_2020_HAB,FI1,2010,29400
A,PPS_EU27_2020_HAB,FI1,2011,30400
A,PPS_EU27_2020_HAB,FI1,2012,30000
A,PPS_EU27_2020_HAB,FI1,2013,29800
A,PPS_EU27_2020_HAB,FI1,2014,29700
A,PPS_EU27_2020_HAB,FI1,2015,30300
A,PPS_EU27_2020_HAB,FI1,2016,30900
A,PPS_EU27_2020_HAB,FI1,2017,32400
A,PPS_EU27_2020_HAB,FI1,2018,33400
A,PPS_EU27_2020_HAB,FI1,2019,34000
A,PPS_EU27_2020_HAB,FI1,2020,34000
A,PPS_EU27_2020_HAB,FI1,2021,36200
A,PPS_EU27_2020_HAB,FI1,2022,38300
A,PPS_EU27_2020_HAB,FI1,2023,39600
A,PPS_EU27_2020_HAB,FI1,2024,40800
A,PPS_EU27_2020_HAB,FI19,2000,19400
A,PPS_EU27_2020_HAB,FI19,2001,20600
A,PPS_EU27_2020_HAB,FI19,2002,20800
A,PPS_EU27_2020_HAB,FI19,2003,21300
A,PPS_EU27_2020_HAB,FI19,2004,22500
A,PPS_EU27_2020_HAB,FI19,2005,23400
A,PPS_EU27_2020_HAB,FI19,2006,24200
A,PPS_EU27_2020_HAB,FI19,2007,26700
A,PPS_EU27_2020_HAB,FI19,2008,28000
A,PPS_EU27_2020_HAB,FI19,2009,25600
A,PPS_EU27_2020_HAB,FI19,2010,26500
A,PPS_EU27_2020_HAB,FI19,2011,27800
A,PPS_EU27_2020_HAB,FI19,2012,27400
A,PPS_EU27_2020_HAB,FI19,2013,26700
A,PPS_EU27_2020_HAB,FI19,2014,26600
A,PPS_EU27_2020_HAB,FI19,2015,27100
A,PPS_EU27_2020_HAB,FI19,2016,27300
A,PPS_EU27_2020_HAB,FI19,2017,28500
A,PPS_EU27_2020_HAB,FI19,2018,29500
A,PPS_EU27_2020_HAB,FI19,2019,29800
A,PPS_EU27_2020_HAB,FI19,2020,30100
A,PPS_EU27_2020_HAB,FI19,2021,32300
A,PPS_EU27_2020_HAB,FI19,2022,34200
A,PPS_EU27_2020_HAB,FI19,2023,36000
A,PPS_EU27_2020_HAB,FI19,2024,37000
A,PPS_EU27_2020_HAB,FI1B,2000,30600
A,PPS_EU27_2020_HAB,FI1B,2001,31700
A,PPS_EU27_2020_HAB,FI1B,2002,31700
A,PPS_EU27_2020_HAB,FI1B,2003,31700
A,PPS_EU27_2020_HAB,FI1B,2004,33800
A,PPS_EU27_2020_HAB,FI1B,2005,34900
A,PPS_EU27_2020_HAB,FI1B,2006,36700
A,PPS_EU27_2020_HAB,FI1B,2007,40000
A,PPS_EU27_2020_HAB,FI1B,2008,41600
A,PPS_EU27_2020_HAB,FI1B,2009,39300
A,PPS_EU27_2020_HAB,FI1B,2010,40300
A,PPS_EU27_2020_HAB,FI1B,2011,40300
A,PPS_EU27_2020_HAB,FI1B,2012,39500
A,PPS_EU27_2020_HAB,FI1B,2013,39700
A,PPS_EU27_2020_HAB,FI1B,2014,39100
A,PPS_EU27_2020_HAB,FI1B,2015,40400
A,PPS_EU27_2020_HAB,FI1B,2016,40900
A,PPS_EU27_2020_HAB,FI1B,2017,42600
A,PPS_EU27_2020_HAB,FI1B,2018,43700
A,PPS_EU27_2020_HAB,FI1B,2019,44700
A,PPS_EU27_2020_HAB,FI1B,2020,44100
A,PPS_EU27_2020_HAB,FI1B,2021,46500
A,PPS_EU27_2020_HAB,FI1B,2022,48400
A,PPS_EU27_2020_HAB,FI1B,2023,50400
A,PPS_EU27_2020_HAB,FI1B,2024,51000
A,PPS_EU27_2020_HAB,FI1C,2000,20700
A,PPS_EU27_2020_HAB,FI1C,2001,21000
A,PPS_EU27_2020_HAB,FI1C,2002,21800
A,PPS_EU27_2020_HAB,FI1C,2003,22000
A,PPS_EU27_2020_HAB,FI1C,2004,23700
A,PPS_EU27_2020_HAB,FI1C,2005,24200
A,PPS_EU27_2020_HAB,FI1C,2006,24900
A,PPS_EU27_2020_HAB,FI1C,2007,27000
A,PPS_EU27_2020_HAB,FI1C,2008,27700
A,PPS_EU27_2020_HAB,FI1C,2009,25100
A,PPS_EU27_2020_HAB,FI1C,2010,25100
A,PPS_EU27_2020_HAB,FI1C,2011,26700
A,PPS_EU27_2020_HAB,FI1C,2012,26700
A,PPS_EU27_2020_HAB,FI1C,2013,26100
A,PPS_EU27_2020_HAB,FI1C,2014,26300
A,PPS_EU27_2020_HAB,FI1C,2015,26600
A,PPS_EU27_2020_HAB,FI1C,2016,27200
A,PPS_EU27_2020_HAB,FI1C,2017,29000
A,PPS_EU27_2020_HAB,FI1C,2018,29700
A,PPS_EU27_2020_HAB,FI1C,2019,30000
A,PPS_EU27_2020_HAB,FI1C,2020,30100
A,PPS_EU27_2020_HAB,FI1C,2021,32100
A,PPS_EU27_2020_HAB,FI1C,2022,33900
A,PPS_EU27_2020_HAB,FI1C,2023,34300
A,PPS_EU27_2020_HAB,FI1C,2024,35700
A,PPS_EU27_2020_HAB,FI1D,2000,17400
A,PPS_EU27_2020_HAB,FI1D,2001,17600
A,PPS_EU27_2020_HAB,FI1D,2002,18400
A,PPS_EU27_2020_HAB,FI1D,2003,19300
A,PPS_EU27_2020_HAB,FI1D,2004,20700
A,PPS_EU27_2020_HAB,FI1D,2005,21200
A,PPS_EU27_2020_HAB,FI1D,2006,22200
A,PPS_EU27_2020_HAB,FI1D,2007,24000
A,PPS_EU27_2020_HAB,FI1D,2008,25100
A,PPS_EU27_2020_HAB,FI1D,2009,22500
A,PPS_EU27_2020_HAB,FI1D,2010,23600
A,PPS_EU27_2020_HAB,FI1D,2011,24600
A,PPS_EU27_2020_HAB,FI1D,2012,24500
A,PPS_EU27_2020_HAB,FI1D,2013,24300
A,PPS_EU27_2020_HAB,FI1D,2014,24500
A,PPS_EU27_2020_HAB,FI1D,2015,24600
A,PPS_EU27_2020_HAB,FI1D,2016,25400
A,PPS_EU27_2020_HAB,FI1D,2017,26700
A,PPS_EU27_2020_HAB,FI1D,2018,27600
A,PPS_EU27_2020_HAB,FI1D,2019,28000
A,PPS_EU27_2020_HAB,FI1D,2020,28400
A,PPS_EU27_2020_HAB,FI1D,2021,30300
A,PPS_EU27_2020_HAB,FI1D,2022,33300
A,PPS_EU27_2020_HAB,FI1D,2023,33700
A,PPS_EU27_2020_HAB,FI1D,2024,35400
A,PPS_EU27_2020_HAB,FI2,2000,26500
A,PPS_EU27_2020_HAB,FI2,2001,30600
A,PPS_EU27_2020_HAB,FI2,2002,30800
A,PPS_EU27_2020_HAB,FI2,2003,30900
A,PPS_EU27_2020_HAB,FI2,2004,32500
A,PPS_EU27_2020_HAB,FI2,2005,33000
A,PPS_EU27_2020_HAB,FI2,2006,33500
A,PPS_EU27_2020_HAB,FI2,2007,34400
A,PPS_EU27_2020_HAB,FI2,2008,33900
A,PPS_EU27_2020_HAB,FI2,2009,35200
A,PPS_EU27_2020_HAB,FI2,2010,34900
A,PPS_EU27_2020_HAB,FI2,2011,35200
A,PPS_EU27_2020_HAB,FI2,2012,37300
A,PPS_EU27_2020_HAB,FI2,2013,37400
A,PPS_EU27_2020_HAB,FI2,2014,37700
A,PPS_EU27_2020_HAB,FI2,2015,37500
A,PPS_EU27_2020_HAB,FI2,2016,36600
A,PPS_EU27_2020_HAB,FI2,2017,37300
A,PPS_EU27_2020_HAB,FI2,2018,34500
A,PPS_EU27_2020_HAB,FI2,2019,35500
A,PPS_EU27_2020_HAB,FI2,2020,31500
A,PPS_EU27_2020_HAB,FI2,2021,35700
A,PPS_EU27_2020_HAB,FI2,2022,39200
A,PPS_EU27_2020_HAB,FI2,2023,43600
A,PPS_EU27_2020_HAB,FI2,2024,44400
A,PPS_EU27_2020_HAB,FI20,2000,26500
A,PPS_EU27_2020_HAB,FI20,2001,30600
A,PPS_EU27_2020_HAB,FI20,2002,30800
A,PPS_EU27_2020_HAB,FI20,2003,30900
A,PPS_EU27_2020_HAB,FI20,2004,32500
A,PPS_EU27_2020_HAB,FI20,2005,33000
A,PPS_EU27_2020_HAB,FI20,2006,33500
A,PPS_EU27_2020_HAB,FI20,2007,34400
A,PPS_EU27_2020_HAB,FI20,2008,33900
A,PPS_EU27_2020_HAB,FI20,2009,35200
A,PPS_EU27_2020_HAB,FI20,2010,34900
A,PPS_EU27_2020_HAB,FI20,2011,35200
A,PPS_EU27_2020_HAB,FI20,2012,37300
A,PPS_EU27_2020_HAB,FI20,2013,37400
A,PPS_EU27_2020_HAB,FI20,2014,37700
A,PPS_EU27_2020_HAB,FI20,2015,37500
A,PPS_EU27_2020_HAB,FI20,2016,36600
A,PPS_EU27_2020_HAB,FI20,2017,37300
A,PPS_EU27_2020_HAB,FI20,2018,34500
A,PPS_EU27_2020_HAB,FI20,2019,35500
A,PPS_EU27_2020_HAB,FI20,2020,31500
A,PPS_EU27_2020_HAB,FI20,2021,35700
A,PPS_EU27_2020_HAB,FI20,2022,39200
A,PPS_EU27_2020_HAB,FI20,2023,43600
A,PPS_EU27_2020_HAB,FI20,2024,44400
A,PPS_EU27_2020_HAB,FR,2000,21700
A,PPS_EU27_2020_HAB,FR,2001,22700
A,PPS_EU27_2020_HAB,FR,2002,23300
A,PPS_EU27_2020_HAB,FR,2003,23100
A,PPS_EU27_2020_HAB,FR,2004,23700
A,PPS_EU27_2020_HAB,FR,2005,25000
A,PPS_EU27_2020_HAB,FR,2006,25900
A,PPS_EU27_2020_HAB,FR,2007,27000
A,PPS_EU27_2020_HAB,FR,2008,27300
A,PPS_EU27_2020_HAB,FR,2009,26300
A,PPS_EU27_2020_HAB,FR,2010,27300
A,PPS_EU27_2020_HAB,FR,2011,28100
A,PPS_EU27_2020_HAB,FR,2012,27900
A,PPS_EU27_2020_HAB,FR,2013,28700
A,PPS_EU27_2020_HAB,FR,2014,29000
A,PPS_EU27_2020_HAB,FR,2015,29500
A,PPS_EU27_2020_HAB,FR,2016,29900
A,PPS_EU27_2020_HAB,FR,2017,30600
A,PPS_EU27_2020_HAB,FR,2018,31500
A,PPS_EU27_2020_HAB,FR,2019,33200
A,PPS_EU27_2020_HAB,FR,2020,31600
A,PPS_EU27_2020_HAB,FR,2021,33500
A,PPS_EU27_2020_HAB,FR,2022,35200
A,PPS_EU27_2020_HAB,FR,2023,38100
A,PPS_EU27_2020_HAB,FR,2024,39200
A,PPS_EU27_2020_HAB,FR1,2000,34200
A,PPS_EU27_2020_HAB,FR1,2001,35600
A,PPS_EU27_2020_HAB,FR1,2002,36800
A,PPS_EU27_2020_HAB,FR1,2003,36200
A,PPS_EU27_2020_HAB,FR1,2004,36700
A,PPS_EU27_2020_HAB,FR1,2005,38900
A,PPS_EU27_2020_HAB,FR1,2006,40000
A,PPS_EU27_2020_HAB,FR1,2007,42300
A,PPS_EU27_2020_HAB,FR1,2008,43200
A,PPS_EU27_2020_HAB,FR1,2009,41600
A,PPS_EU27_2020_HAB,FR1,2010,44400
A,PPS_EU27_2020_HAB,FR1,2011,45000
A,PPS_EU27_2020_HAB,FR1,2012,45200
A,PPS_EU27_2020_HAB,FR1,2013,46700
A,PPS_EU27_2020_HAB,FR1,2014,47100
A,PPS_EU27_2020_HAB,FR1,2015,48100
A,PPS_EU27_2020_HAB,FR1,2016,48900
A,PPS_EU27_2020_HAB,FR1,2017,49900
A,PPS_EU27_2020_HAB,FR1,2018,51600
A,PPS_EU27_2020_HAB,FR1,2019,55100
A,PPS_EU27_2020_HAB,FR1,2020,50700
A,PPS_EU27_2020_HAB,FR1,2021,53800
A,PPS_EU27_2020_HAB,FR1,2022,57100
A,PPS_EU27_2020_HAB,FR1,2023,61500
A,PPS_EU27_2020_HAB,FR1,2024,64000
A,PPS_EU27_2020_HAB,FR10,2000,34200
A,PPS_EU27_2020_HAB,FR10,2001,35600
A,PPS_EU27_2020_HAB,FR10,2002,36800
A,PPS_EU27_2020_HAB,FR10,2003,36200
A,PPS_EU27_2020_HAB,FR10,2004,36700
A,PPS_EU27_2020_HAB,FR10,2005,38900
A,PPS_EU27_2020_HAB,FR10,2006,40000
A,PPS_EU27_2020_HAB,FR10,2007,42300
A,PPS_EU27_2020_HAB,FR10,2008,43200
A,PPS_EU27_2020_HAB,FR10,2009,41600
A,PPS_EU27_2020_HAB,FR10,2010,44400
A,PPS_EU27_2020_HAB,FR10,2011,45000
A,PPS_EU27_2020_HAB,FR10,2012,45200
A,PPS_EU27_2020_HAB,FR10,2013,46700
A,PPS_EU27_2020_HAB,FR10,2014,47100
A,PPS_EU27_2020_HAB,FR10,2015,48100
A,PPS_EU27_2020_HAB,FR10,2016,48900
A,PPS_EU27_2020_HAB,FR10,2017,49900
A,PPS_EU27_2020_HAB,FR10,2018,51600
A,PPS_EU27_2020_HAB,FR10,2019,55100
A,PPS_EU27_2020_HAB,FR10,2020,50700
A,PPS_EU27_2020_HAB,FR10,2021,53800
A,PPS_EU27_2020_HAB,FR10,2022,57100
A,PPS_EU27_2020_HAB,FR10,2023,61500
A,PPS_EU27_2020_HAB,FR10,2024,64000
A,PPS_EU27_2020_HAB,FRB,2000,19300
A,PPS_EU27_2020_HAB,FRB,2001,20300
A,PPS_EU27_2020_HAB,FRB,2002,20700
A,PPS_EU27_2020_HAB,FRB,2003,20500
A,PPS_EU27_2020_HAB,FRB,2004,21100
A,PPS_EU27_2020_HAB,FRB,2005,22000
A,PPS_EU27_2020_HAB,FRB,2006,22700
A,PPS_EU27_2020_HAB,FRB,2007,23600
A,PPS_EU27_2020_HAB,FRB,2008,23200
A,PPS_EU27_2020_HAB,FRB,2009,22500
A,PPS_EU27_2020_HAB,FRB,2010,23100
A,PPS_EU27_2020_HAB,FRB,2011,23700
A,PPS_EU27_2020_HAB,FRB,2012,23600
A,PPS_EU27_2020_HAB,FRB,2013,24100
A,PPS_EU27_2020_HAB,FRB,2014,24300
A,PPS_EU27_2020_HAB,FRB,2015,24700
A,PPS_EU27_2020_HAB,FRB,2016,24900
A,PPS_EU27_2020_HAB,FRB,2017,25500
A,PPS_EU27_2020_HAB,FRB,2018,26000
A,PPS_EU27_2020_HAB,FRB,2019,27400
A,PPS_EU27_2020_HAB,FRB,2020,26400
A,PPS_EU27_2020_HAB,FRB,2021,27600
A,PPS_EU27_2020_HAB,FRB,2022,28500
A,PPS_EU27_2020_HAB,FRB,2023,32000
A,PPS_EU27_2020_HAB,FRB,2024,32600
A,PPS_EU27_2020_HAB,FRB0,2000,19300
A,PPS_EU27_2020_HAB,FRB0,2001,20300
A,PPS_EU27_2020_HAB,FRB0,2002,20700
A,PPS_EU27_2020_HAB,FRB0,2003,20500
A,PPS_EU27_2020_HAB,FRB0,2004,21100
A,PPS_EU27_2020_HAB,FRB0,2005,22000
A,PPS_EU27_2020_HAB,FRB0,2006,22700
A,PPS_EU27_2020_HAB,FRB0,2007,23600
A,PPS_EU27_2020_HAB,FRB0,2008,23200
A,PPS_EU27_2020_HAB,FRB0,2009,22500
A,PPS_EU27_2020_HAB,FRB0,2010,23100
A,PPS_EU27_2020_HAB,FRB0,2011,23700
A,PPS_EU27_2020_HAB,FRB0,2012,23600
A,PPS_EU27_2020_HAB,FRB0,2013,24100
A,PPS_EU27_2020_HAB,FRB0,2014,24300
A,PPS_EU27_2020_HAB,FRB0,2015,24700
A,PPS_EU27_2020_HAB,FRB0,2016,24900
A,PPS_EU27_2020_HAB,FRB0,2017,25500
A,PPS_EU27_2020_HAB,FRB0,2018,26000
A,PPS_EU27_2020_HAB,FRB0,2019,27400
A,PPS_EU27_2020_HAB,FRB0,2020,26400
A,PPS_EU27_2020_HAB,FRB0,2021,27600
A,PPS_EU27_2020_HAB,FRB0,2022,28500
A,PPS_EU27_2020_HAB,FRB0,2023,32000
A,PPS_EU27_2020_HAB,FRB0,2024,32600
A,PPS_EU27_2020_HAB,FRC,2000,19200
A,PPS_EU27_2020_HAB,FRC,2001,20000
A,PPS_EU27_2020_HAB,FRC,2002,20400
A,PPS_EU27_2020_HAB,FRC,2003,20100
A,PPS_EU27_2020_HAB,FRC,2004,20700
A,PPS_EU27_2020_HAB,FRC,2005,21500
A,PPS_EU27_2020_HAB,FRC,2006,22100
A,PPS_EU27_2020_HAB,FRC,2007,23200
A,PPS_EU27_2020_HAB,FRC,2008,23400
A,PPS_EU27_2020_HAB,FRC,2009,22400
A,PPS_EU27_2020_HAB,FRC,2010,22600
A,PPS_EU27_2020_HAB,FRC,2011,23400
A,PPS_EU27_2020_HAB,FRC,2012,22800
A,PPS_EU27_2020_HAB,FRC,2013,23300
A,PPS_EU27_2020_HAB,FRC,2014,23800
A,PPS_EU27_2020_HAB,FRC,2015,24100
A,PPS_EU27_2020_HAB,FRC,2016,24200
A,PPS_EU27_2020_HAB,FRC,2017,25000
A,PPS_EU27_2020_HAB,FRC,2018,25600
A,PPS_EU27_2020_HAB,FRC,2019,26900
A,PPS_EU27_2020_HAB,FRC,2020,26100
A,PPS_EU27_2020_HAB,FRC,2021,27100
A,PPS_EU27_2020_HAB,FRC,2022,28300
A,PPS_EU27_2020_HAB,FRC,2023,30600
A,PPS_EU27_2020_HAB,FRC,2024,31500
A,PPS_EU27_2020_HAB,FRC1,2000,18900
A,PPS_EU27_2020_HAB,FRC1,2001,19600
A,PPS_EU27_2020_HAB,FRC1,2002,20000
A,PPS_EU27_2020_HAB,FRC1,2003,19800
A,PPS_EU27_2020_HAB,FRC1,2004,20500
A,PPS_EU27_2020_HAB,FRC1,2005,21400
A,PPS_EU27_2020_HAB,FRC1,2006,22200
A,PPS_EU27_2020_HAB,FRC1,2007,23500
A,PPS_EU27_2020_HAB,FRC1,2008,23800
A,PPS_EU27_2020_HAB,FRC1,2009,22700
A,PPS_EU27_2020_HAB,FRC1,2010,22900
A,PPS_EU27_2020_HAB,FRC1,2011,23800
A,PPS_EU27_2020_HAB,FRC1,2012,23600
A,PPS_EU27_2020_HAB,FRC1,2013,24200
A,PPS_EU27_2020_HAB,FRC1,2014,24700
A,PPS_EU27_2020_HAB,FRC1,2015,24900
A,PPS_EU27_2020_HAB,FRC1,2016,24700
A,PPS_EU27_2020_HAB,FRC1,2017,25700
A,PPS_EU27_2020_HAB,FRC1,2018,26500
A,PPS_EU27_2020_HAB,FRC1,2019,27700
A,PPS_EU27_2020_HAB,FRC1,2020,27000
A,PPS_EU27_2020_HAB,FRC1,2021,28200
A,PPS_EU27_2020_HAB,FRC1,2022,29700
A,PPS_EU27_2020_HAB,FRC1,2023,32000
A,PPS_EU27_2020_HAB,FRC1,2024,33000
A,PPS_EU27_2020_HAB,FRC2,2000,19500
A,PPS_EU27_2020_HAB,FRC2,2001,20600
A,PPS_EU27_2020_HAB,FRC2,2002,21000
A,PPS_EU27_2020_HAB,FRC2,2003,20600
A,PPS_EU27_2020_HAB,FRC2,2004,20900
A,PPS_EU27_2020_HAB,FRC2,2005,21600
A,PPS_EU27_2020_HAB,FRC2,2006,21900
A,PPS_EU27_2020_HAB,FRC2,2007,22700
A,PPS_EU27_2020_HAB,FRC2,2008,22800
A,PPS_EU27_2020_HAB,FRC2,2009,21800
A,PPS_EU27_2020_HAB,FRC2,2010,22300
A,PPS_EU27_2020_HAB,FRC2,2011,22800
A,PPS_EU27_2020_HAB,FRC2,2012,21600
A,PPS_EU27_2020_HAB,FRC2,2013,22000
A,PPS_EU27_2020_HAB,FRC2,2014,22500
A,PPS_EU27_2020_HAB,FRC2,2015,23100
A,PPS_EU27_2020_HAB,FRC2,2016,23500
A,PPS_EU27_2020_HAB,FRC2,2017,24000
A,PPS_EU27_2020_HAB,FRC2,2018,24200
A,PPS_EU27_2020_HAB,FRC2,2019,25800
A,PPS_EU27_2020_HAB,FRC2,2020,25000
A,PPS_EU27_2020_HAB,FRC2,2021,25600
A,PPS_EU27_2020_HAB,FRC2,2022,26500
A,PPS_EU27_2020_HAB,FRC2,2023,28800
A,PPS_EU27_2020_HAB,FRC2,2024,29400
A,PPS_EU27_2020_HAB,FRD,2000,19200
A,PPS_EU27_2020_HAB,FRD,2001,19900
A,PPS_EU27_2020_HAB,FRD,2002,20500
A,PPS_EU27_2020_HAB,FRD,2003,20400
A,PPS_EU27_2020_HAB,FRD,2004,21000
A,PPS_EU27_2020_HAB,FRD,2005,22000
A,PPS_EU27_2020_HAB,FRD,2006,22700
A,PPS_EU27_2020_HAB,FRD,2007,23700
A,PPS_EU27_2020_HAB,FRD,2008,23800
A,PPS_EU27_2020_HAB,FRD,2009,22800
A,PPS_EU27_2020_HAB,FRD,2010,23600
A,PPS_EU27_2020_HAB,FRD,2011,24300
A,PPS_EU27_2020_HAB,FRD,2012,24000
A,PPS_EU27_2020_HAB,FRD,2013,24800
A,PPS_EU27_2020_HAB,FRD,2014,24800
A,PPS_EU27_2020_HAB,FRD,2015,25200
A,PPS_EU27_2020_HAB,FRD,2016,25200
A,PPS_EU27_2020_HAB,FRD,2017,25400
A,PPS_EU27_2020_HAB,FRD,2018,25900
A,PPS_EU27_2020_HAB,FRD,2019,27200
A,PPS_EU27_2020_HAB,FRD,2020,26200
A,PPS_EU27_2020_HAB,FRD,2021,27500
A,PPS_EU27_2020_HAB,FRD,2022,28900
A,PPS_EU27_2020_HAB,FRD,2023,31800
A,PPS_EU27_2020_HAB,FRD,2024,32500
A,PPS_EU27_2020_HAB,FRD1,2000,18600
A,PPS_EU27_2020_HAB,FRD1,2001,19200
A,PPS_EU27_2020_HAB,FRD1,2002,19900
A,PPS_EU27_2020_HAB,FRD1,2003,19900
A,PPS_EU27_2020_HAB,FRD1,2004,20600
A,PPS_EU27_2020_HAB,FRD1,2005,21500
A,PPS_EU27_2020_HAB,FRD1,2006,22200
A,PPS_EU27_2020_HAB,FRD1,2007,22900
A,PPS_EU27_2020_HAB,FRD1,2008,23200
A,PPS_EU27_2020_HAB,FRD1,2009,22400
A,PPS_EU27_2020_HAB,FRD1,2010,22700
A,PPS_EU27_2020_HAB,FRD1,2011,23600
A,PPS_EU27_2020_HAB,FRD1,2012,23000
A,PPS_EU27_2020_HAB,FRD1,2013,23800
A,PPS_EU27_2020_HAB,FRD1,2014,23900
A,PPS_EU27_2020_HAB,FRD1,2015,24300
A,PPS_EU27_2020_HAB,FRD1,2016,24500
A,PPS_EU27_2020_HAB,FRD1,2017,24400
A,PPS_EU27_2020_HAB,FRD1,2018,25200
A,PPS_EU27_2020_HAB,FRD1,2019,26600
A,PPS_EU27_2020_HAB,FRD1,2020,25700
A,PPS_EU27_2020_HAB,FRD1,2021,26800
A,PPS_EU27_2020_HAB,FRD1,2022,28000
A,PPS_EU27_2020_HAB,FRD1,2023,31200
A,PPS_EU27_2020_HAB,FRD1,2024,31900
A,PPS_EU27_2020_HAB,FRD2,2000,19700
A,PPS_EU27_2020_HAB,FRD2,2001,20500
A,PPS_EU27_2020_HAB,FRD2,2002,20900
A,PPS_EU27_2020_HAB,FRD2,2003,20800
A,PPS_EU27_2020_HAB,FRD2,2004,21400
A,PPS_EU27_2020_HAB,FRD2,2005,22400
A,PPS_EU27_2020_HAB,FRD2,2006,23100
A,PPS_EU27_2020_HAB,FRD2,2007,24300
A,PPS_EU27_2020_HAB,FRD2,2008,24400
A,PPS_EU27_2020_HAB,FRD2,2009,23200
A,PPS_EU27_2020_HAB,FRD2,2010,24300
A,PPS_EU27_2020_HAB,FRD2,2011,24900
A,PPS_EU27_2020_HAB,FRD2,2012,24800
A,PPS_EU27_2020_HAB,FRD2,2013,25600
A,PPS_EU27_2020_HAB,FRD2,2014,25600
A,PPS_EU27_2020_HAB,FRD2,2015,26000
A,PPS_EU27_2020_HAB,FRD2,2016,25700
A,PPS_EU27_2020_HAB,FRD2,2017,26200
A,PPS_EU27_2020_HAB,FRD2,2018,26500
A,PPS_EU27_2020_HAB,FRD2,2019,27800
A,PPS_EU27_2020_HAB,FRD2,2020,26600
A,PPS_EU27_2020_HAB,FRD2,2021,28100
A,PPS_EU27_2020_HAB,FRD2,2022,29600
A,PPS_EU27_2020_HAB,FRD2,2023,32200
A,PPS_EU27_2020_HAB,FRD2,2024,33000
A,PPS_EU27_2020_HAB,FRE,2000,16900
A,PPS_EU27_2020_HAB,FRE,2001,17600
A,PPS_EU27_2020_HAB,FRE,2002,18200
A,PPS_EU27_2020_HAB,FRE,2003,18200
A,PPS_EU27_2020_HAB,FRE,2004,18600
A,PPS_EU27_2020_HAB,FRE,2005,19600
A,PPS_EU27_2020_HAB,FRE,2006,20300
A,PPS_EU27_2020_HAB,FRE,2007,21200
A,PPS_EU27_2020_HAB,FRE,2008,21700
A,PPS_EU27_2020_HAB,FRE,2009,20800
A,PPS_EU27_2020_HAB,FRE,2010,21300
A,PPS_EU27_2020_HAB,FRE,2011,22000
A,PPS_EU27_2020_HAB,FRE,2012,21700
A,PPS_EU27_2020_HAB,FRE,2013,22300
A,PPS_EU27_2020_HAB,FRE,2014,22500
A,PPS_EU27_2020_HAB,FRE,2015,23000
A,PPS_EU27_2020_HAB,FRE,2016,23100
A,PPS_EU27_2020_HAB,FRE,2017,23800
A,PPS_EU27_2020_HAB,FRE,2018,24200
A,PPS_EU27_2020_HAB,FRE,2019,25500
A,PPS_EU27_2020_HAB,FRE,2020,24600
A,PPS_EU27_2020_HAB,FRE,2021,25800
A,PPS_EU27_2020_HAB,FRE,2022,27000
A,PPS_EU27_2020_HAB,FRE,2023,29400
A,PPS_EU27_2020_HAB,FRE,2024,30300
A,PPS_EU27_2020_HAB,FRE1,2000,16700
A,PPS_EU27_2020_HAB,FRE1,2001,17400
A,PPS_EU27_2020_HAB,FRE1,2002,18100
A,PPS_EU27_2020_HAB,FRE1,2003,18100
A,PPS_EU27_2020_HAB,FRE1,2004,18500
A,PPS_EU27_2020_HAB,FRE1,2005,19600
A,PPS_EU27_2020_HAB,FRE1,2006,20400
A,PPS_EU27_2020_HAB,FRE1,2007,21400
A,PPS_EU27_2020_HAB,FRE1,2008,22000
A,PPS_EU27_2020_HAB,FRE1,2009,21200
A,PPS_EU27_2020_HAB,FRE1,2010,21700
A,PPS_EU27_2020_HAB,FRE1,2011,22400
A,PPS_EU27_2020_HAB,FRE1,2012,22000
A,PPS_EU27_2020_HAB,FRE1,2013,22600
A,PPS_EU27_2020_HAB,FRE1,2014,22900
A,PPS_EU27_2020_HAB,FRE1,2015,23400
A,PPS_EU27_2020_HAB,FRE1,2016,23600
A,PPS_EU27_2020_HAB,FRE1,2017,24300
A,PPS_EU27_2020_HAB,FRE1,2018,24900
A,PPS_EU27_2020_HAB,FRE1,2019,26100
A,PPS_EU27_2020_HAB,FRE1,2020,25300
A,PPS_EU27_2020_HAB,FRE1,2021,26400
A,PPS_EU27_2020_HAB,FRE1,2022,27600
A,PPS_EU27_2020_HAB,FRE1,2023,30000
A,PPS_EU27_2020_HAB,FRE1,2024,30800
A,PPS_EU27_2020_HAB,FRE2,2000,17400
A,PPS_EU27_2020_HAB,FRE2,2001,18200
A,PPS_EU27_2020_HAB,FRE2,2002,18500
A,PPS_EU27_2020_HAB,FRE2,2003,18400
A,PPS_EU27_2020_HAB,FRE2,2004,18600
A,PPS_EU27_2020_HAB,FRE2,2005,19500
A,PPS_EU27_2020_HAB,FRE2,2006,19900
A,PPS_EU27_2020_HAB,FRE2,2007,20900
A,PPS_EU27_2020_HAB,FRE2,2008,21000
A,PPS_EU27_2020_HAB,FRE2,2009,20100
A,PPS_EU27_2020_HAB,FRE2,2010,20700
A,PPS_EU27_2020_HAB,FRE2,2011,21300
A,PPS_EU27_2020_HAB,FRE2,2012,21200
A,PPS_EU27_2020_HAB,FRE2,2013,21600
A,PPS_EU27_2020_HAB,FRE2,2014,21600
A,PPS_EU27_2020_HAB,FRE2,2015,22200
A,PPS_EU27_2020_HAB,FRE2,2016,21900
A,PPS_EU27_2020_HAB,FRE2,2017,22700
A,PPS_EU27_2020_HAB,FRE2,2018,22900
A,PPS_EU27_2020_HAB,FRE2,2019,24200
A,PPS_EU27_2020_HAB,FRE2,2020,23200
A,PPS_EU27_2020_HAB,FRE2,2021,24400
A,PPS_EU27_2020_HAB,FRE2,2022,25900
A,PPS_EU27_2020_HAB,FRE2,2023,28200
A,PPS_EU27_2020_HAB,FRE2,2024,29200
A,PPS_EU27_2020_HAB,FRF,2000,19600
A,PPS_EU27_2020_HAB,FRF,2001,20400
A,PPS_EU27_2020_HAB,FRF,2002,20800
A,PPS_EU27_2020_HAB,FRF,2003,20500
A,PPS_EU27_2020_HAB,FRF,2004,21200
A,PPS_EU27_2020_HAB,FRF,2005,22000
A,PPS_EU27_2020_HAB,FRF,2006,22700
A,PPS_EU27_2020_HAB,FRF,2007,23700
A,PPS_EU27_2020_HAB,FRF,2008,23800
A,PPS_EU27_2020_HAB,FRF,2009,22800
A,PPS_EU27_2020_HAB,FRF,2010,23100
A,PPS_EU27_2020_HAB,FRF,2011,23900
A,PPS_EU27_2020_HAB,FRF,2012,23400
A,PPS_EU27_2020_HAB,FRF,2013,24100
A,PPS_EU27_2020_HAB,FRF,2014,24400
A,PPS_EU27_2020_HAB,FRF,2015,24700
A,PPS_EU27_2020_HAB,FRF,2016,24700
A,PPS_EU27_2020_HAB,FRF,2017,25500
A,PPS_EU27_2020_HAB,FRF,2018,26200
A,PPS_EU27_2020_HAB,FRF,2019,27300
A,PPS_EU27_2020_HAB,FRF,2020,26200
A,PPS_EU27_2020_HAB,FRF,2021,27400
A,PPS_EU27_2020_HAB,FRF,2022,28900
A,PPS_EU27_2020_HAB,FRF,2023,31800
A,PPS_EU27_2020_HAB,FRF,2024,32600
A,PPS_EU27_2020_HAB,FRF1,2000,21900
A,PPS_EU27_2020_HAB,FRF1,2001,22700
A,PPS_EU27_2020_HAB,FRF1,2002,23100
A,PPS_EU27_2020_HAB,FRF1,2003,22700
A,PPS_EU27_2020_HAB,FRF1,2004,23000
A,PPS_EU27_2020_HAB,FRF1,2005,23800
A,PPS_EU27_2020_HAB,FRF1,2006,24500
A,PPS_EU27_2020_HAB,FRF1,2007,25700
A,PPS_EU27_2020_HAB,FRF1,2008,26300
A,PPS_EU27_2020_HAB,FRF1,2009,25300
A,PPS_EU27_2020_HAB,FRF1,2010,25600
A,PPS_EU27_2020_HAB,FRF1,2011,26500
A,PPS_EU27_2020_HAB,FRF1,2012,25900
A,PPS_EU27_2020_HAB,FRF1,2013,26700
A,PPS_EU27_2020_HAB,FRF1,2014,27100
A,PPS_EU27_2020_HAB,FRF1,2015,27400
A,PPS_EU27_2020_HAB,FRF1,2016,27800
A,PPS_EU27_2020_HAB,FRF1,2017,28500
A,PPS_EU27_2020_HAB,FRF1,2018,29400
A,PPS_EU27_2020_HAB,FRF1,2019,30800
A,PPS_EU27_2020_HAB,FRF1,2020,29300
A,PPS_EU27_2020_HAB,FRF1,2021,30600
A,PPS_EU27_2020_HAB,FRF1,2022,31900
A,PPS_EU27_2020_HAB,FRF1,2023,34900
A,PPS_EU27_2020_HAB,FRF1,2024,35700
A,PPS_EU27_2020_HAB,FRF2,2000,20200
A,PPS_EU27_2020_HAB,FRF2,2001,20600
A,PPS_EU27_2020_HAB,FRF2,2002,21000
A,PPS_EU27_2020_HAB,FRF2,2003,20600
A,PPS_EU27_2020_HAB,FRF2,2004,22000
A,PPS_EU27_2020_HAB,FRF2,2005,22800
A,PPS_EU27_2020_HAB,FRF2,2006,23400
A,PPS_EU27_2020_HAB,FRF2,2007,24600
A,PPS_EU27_2020_HAB,FRF2,2008,24700
A,PPS_EU27_2020_HAB,FRF2,2009,23300
A,PPS_EU27_2020_HAB,FRF2,2010,23800
A,PPS_EU27_2020_HAB,FRF2,2011,25200
A,PPS_EU27_2020_HAB,FRF2,2012,24400
A,PPS_EU27_2020_HAB,FRF2,2013,25000
A,PPS_EU27_2020_HAB,FRF2,2014,25000
A,PPS_EU27_2020_HAB,FRF2,2015,25200
A,PPS_EU27_2020_HAB,FRF2,2016,25000
A,PPS_EU27_2020_HAB,FRF2,2017,25900
A,PPS_EU27_2020_HAB,FRF2,2018,26700
A,PPS_EU27_2020_HAB,FRF2,2019,27800
A,PPS_EU27_2020_HAB,FRF2,2020,26600
A,PPS_EU27_2020_HAB,FRF2,2021,28000
A,PPS_EU27_2020_HAB,FRF2,2022,30800
A,PPS_EU27_2020_HAB,FRF2,2023,34000
A,PPS_EU27_2020_HAB,FRF2,2024,34800
A,PPS_EU27_2020_HAB,FRF3,2000,17500
A,PPS_EU27_2020_HAB,FRF3,2001,18400
A,PPS_EU27_2020_HAB,FRF3,2002,18900
A,PPS_EU27_2020_HAB,FRF3,2003,18800
A,PPS_EU27_2020_HAB,FRF3,2004,19400
A,PPS_EU27_2020_HAB,FRF3,2005,20200
A,PPS_EU27_2020_HAB,FRF3,2006,20800
A,PPS_EU27_2020_HAB,FRF3,2007,21500
A,PPS_EU27_2020_HAB,FRF3,2008,21300
A,PPS_EU27_2020_HAB,FRF3,2009,20500
A,PPS_EU27_2020_HAB,FRF3,2010,20700
A,PPS_EU27_2020_HAB,FRF3,2011,21200
A,PPS_EU27_2020_HAB,FRF3,2012,20800
A,PPS_EU27_2020_HAB,FRF3,2013,21400
A,PPS_EU27_2020_HAB,FRF3,2014,21800
A,PPS_EU27_2020_HAB,FRF3,2015,22100
A,PPS_EU27_2020_HAB,FRF3,2016,22100
A,PPS_EU27_2020_HAB,FRF3,2017,22700
A,PPS_EU27_2020_HAB,FRF3,2018,23200
A,PPS_EU27_2020_HAB,FRF3,2019,24200
A,PPS_EU27_2020_HAB,FRF3,2020,23400
A,PPS_EU27_2020_HAB,FRF3,2021,24400
A,PPS_EU27_2020_HAB,FRF3,2022,25400
A,PPS_EU27_2020_HAB,FRF3,2023,28100
A,PPS_EU27_2020_HAB,FRF3,2024,28800
A,PPS_EU27_2020_HAB,FRG,2000,19100
A,PPS_EU27_2020_HAB,FRG,2001,20200
A,PPS_EU27_2020_HAB,FRG,2002,20800
A,PPS_EU27_2020_HAB,FRG,2003,20700
A,PPS_EU27_2020_HAB,FRG,2004,21100
A,PPS_EU27_2020_HAB,FRG,2005,22200
A,PPS_EU27_2020_HAB,FRG,2006,22800
A,PPS_EU27_2020_HAB,FRG,2007,23800
A,PPS_EU27_2020_HAB,FRG,2008,24400
A,PPS_EU27_2020_HAB,FRG,2009,23300
A,PPS_EU27_2020_HAB,FRG,2010,23600
A,PPS_EU27_2020_HAB,FRG,2011,24800
A,PPS_EU27_2020_HAB,FRG,2012,24500
A,PPS_EU27_2020_HAB,FRG,2013,25300
A,PPS_EU27_2020_HAB,FRG,2014,25600
A,PPS_EU27_2020_HAB,FRG,2015,26300
A,PPS_EU27_2020_HAB,FRG,2016,26600
A,PPS_EU27_2020_HAB,FRG,2017,27200
A,PPS_EU27_2020_HAB,FRG,2018,28000
A,PPS_EU27_2020_HAB,FRG,2019,29700
A,PPS_EU27_2020_HAB,FRG,2020,29100
A,PPS_EU27_2020_HAB,FRG,2021,30100
A,PPS_EU27_2020_HAB,FRG,2022,31100
A,PPS_EU27_2020_HAB,FRG,2023,33800
A,PPS_EU27_2020_HAB,FRG,2024,34600
A,PPS_EU27_2020_HAB,FRG0,2000,19100
A,PPS_EU27_2020_HAB,FRG0,2001,20200
A,PPS_EU27_2020_HAB,FRG0,2002,20800
A,PPS_EU27_2020_HAB,FRG0,2003,20700
A,PPS_EU27_2020_HAB,FRG0,2004,21100
A,PPS_EU27_2020_HAB,FRG0,2005,22200
A,PPS_EU27_2020_HAB,FRG0,2006,22800
A,PPS_EU27_2020_HAB,FRG0,2007,23800
A,PPS_EU27_2020_HAB,FRG0,2008,24400
A,PPS_EU27_2020_HAB,FRG0,2009,23300
A,PPS_EU27_2020_HAB,FRG0,2010,23600
A,PPS_EU27_2020_HAB,FRG0,2011,24800
A,PPS_EU27_2020_HAB,FRG0,2012,24500
A,PPS_EU27_2020_HAB,FRG0,2013,25300
A,PPS_EU27_2020_HAB,FRG0,2014,25600
A,PPS_EU27_2020_HAB,FRG0,2015,26300
A,PPS_EU27_2020_HAB,FRG0,2016,26600
A,PPS_EU27_2020_HAB,FRG0,2017,27200
A,PPS_EU27_2020_HAB,FRG0,2018,28000
A,PPS_EU27_2020_HAB,FRG0,2019,29700
A,PPS_EU27_2020_HAB,FRG0,2020,29100
A,PPS_EU27_2020_HAB,FRG0,2021,30100
A,PPS_EU27_2020_HAB,FRG0,2022,31100
A,PPS_EU27_2020_HAB,FRG0,2023,33800
A,PPS_EU27_2020_HAB,FRG0,2024,34600
A,PPS_EU27_2020_HAB,FRH,2000,18400
A,PPS_EU27_2020_HAB,FRH,2001,19200
A,PPS_EU27_2020_HAB,FRH,2002,19700
A,PPS_EU27_2020_HAB,FRH,2003,19600
A,PPS_EU27_2020_HAB,FRH,2004,20600
A,PPS_EU27_2020_HAB,FRH,2005,21800
A,PPS_EU27_2020_HAB,FRH,2006,22600
A,PPS_EU27_2020_HAB,FRH,2007,23200
A,PPS_EU27_2020_HAB,FRH,2008,22900
A,PPS_EU27_2020_HAB,FRH,2009,22000
A,PPS_EU27_2020_HAB,FRH,2010,22300
A,PPS_EU27_2020_HAB,FRH,2011,23200
A,PPS_EU27_2020_HAB,FRH,2012,23100
A,PPS_EU27_2020_HAB,FRH,2013,23800
A,PPS_EU27_2020_HAB,FRH,2014,24300
A,PPS_EU27_2020_HAB,FRH,2015,24900
A,PPS_EU27_2020_HAB,FRH,2016,25300
A,PPS_EU27_2020_HAB,FRH,2017,26200
A,PPS_EU27_2020_HAB,FRH,2018,26600
A,PPS_EU27_2020_HAB,FRH,2019,28200
A,PPS_EU27_2020_HAB,FRH,2020,27400
A,PPS_EU27_2020_HAB,FRH,2021,28700
A,PPS_EU27_2020_HAB,FRH,2022,29900
A,PPS_EU27_2020_HAB,FRH,2023,32600
A,PPS_EU27_2020_HAB,FRH,2024,33700
A,PPS_EU27_2020_HAB,FRH0,2000,18400
A,PPS_EU27_2020_HAB,FRH0,2001,19200
A,PPS_EU27_2020_HAB,FRH0,2002,19700
A,PPS_EU27_2020_HAB,FRH0,2003,19600
A,PPS_EU27_2020_HAB,FRH0,2004,20600
A,PPS_EU27_2020_HAB,FRH0,2005,21800
A,PPS_EU27_2020_HAB,FRH0,2006,22600
A,PPS_EU27_2020_HAB,FRH0,2007,23200
A,PPS_EU27_2020_HAB,FRH0,2008,22900
A,PPS_EU27_2020_HAB,FRH0,2009,22000
A,PPS_EU27_2020_HAB,FRH0,2010,22300
A,PPS_EU27_2020_HAB,FRH0,2011,23200
A,PPS_EU27_2020_HAB,FRH0,2012,23100
A,PPS_EU27_2020_HAB,FRH0,2013,23800
A,PPS_EU27_2020_HAB,FRH0,2014,24300
A,PPS_EU27_2020_HAB,FRH0,2015,24900
A,PPS_EU27_2020_HAB,FRH0,2016,25300
A,PPS_EU27_2020_HAB,FRH0,2017,26200
A,PPS_EU27_2020_HAB,FRH0,2018,26600
A,PPS_EU27_2020_HAB,FRH0,2019,28200
A,PPS_EU27_2020_HAB,FRH0,2020,27400
A,PPS_EU27_2020_HAB,FRH0,2021,28700
A,PPS_EU27_2020_HAB,FRH0,2022,29900
A,PPS_EU27_2020_HAB,FRH0,2023,32600
A,PPS_EU27_2020_HAB,FRH0,2024,33700
A,PPS_EU27_2020_HAB,FRI,2000,18400
A,PPS_EU27_2020_HAB,FRI,2001,19600
A,PPS_EU27_2020_HAB,FRI,2002,20300
A,PPS_EU27_2020_HAB,FRI,2003,20000
A,PPS_EU27_2020_HAB,FRI,2004,20400
A,PPS_EU27_2020_HAB,FRI,2005,21500
A,PPS_EU27_2020_HAB,FRI,2006,22300
A,PPS_EU27_2020_HAB,FRI,2007,23200
A,PPS_EU27_2020_HAB,FRI,2008,23000
A,PPS_EU27_2020_HAB,FRI,2009,22400
A,PPS_EU27_2020_HAB,FRI,2010,22900
A,PPS_EU27_2020_HAB,FRI,2011,23800
A,PPS_EU27_2020_HAB,FRI,2012,23800
A,PPS_EU27_2020_HAB,FRI,2013,24300
A,PPS_EU27_2020_HAB,FRI,2014,24700
A,PPS_EU27_2020_HAB,FRI,2015,25100
A,PPS_EU27_2020_HAB,FRI,2016,25400
A,PPS_EU27_2020_HAB,FRI,2017,26000
A,PPS_EU27_2020_HAB,FRI,2018,26700
A,PPS_EU27_2020_HAB,FRI,2019,28300
A,PPS_EU27_2020_HAB,FRI,2020,27300
A,PPS_EU27_2020_HAB,FRI,2021,28800
A,PPS_EU27_2020_HAB,FRI,2022,29800
A,PPS_EU27_2020_HAB,FRI,2023,32700
A,PPS_EU27_2020_HAB,FRI,2024,33300
A,PPS_EU27_2020_HAB,FRI1,2000,19100
A,PPS_EU27_2020_HAB,FRI1,2001,20400
A,PPS_EU27_2020_HAB,FRI1,2002,21100
A,PPS_EU27_2020_HAB,FRI1,2003,20800
A,PPS_EU27_2020_HAB,FRI1,2004,21100
A,PPS_EU27_2020_HAB,FRI1,2005,22400
A,PPS_EU27_2020_HAB,FRI1,2006,23400
A,PPS_EU27_2020_HAB,FRI1,2007,24200
A,PPS_EU27_2020_HAB,FRI1,2008,23900
A,PPS_EU27_2020_HAB,FRI1,2009,23400
A,PPS_EU27_2020_HAB,FRI1,2010,24200
A,PPS_EU27_2020_HAB,FRI1,2011,25100
A,PPS_EU27_2020_HAB,FRI1,2012,24900
A,PPS_EU27_2020_HAB,FRI1,2013,25300
A,PPS_EU27_2020_HAB,FRI1,2014,25700
A,PPS_EU27_2020_HAB,FRI1,2015,26200
A,PPS_EU27_2020_HAB,FRI1,2016,26600
A,PPS_EU27_2020_HAB,FRI1,2017,27100
A,PPS_EU27_2020_HAB,FRI1,2018,28000
A,PPS_EU27_2020_HAB,FRI1,2019,29500
A,PPS_EU27_2020_HAB,FRI1,2020,28200
A,PPS_EU27_2020_HAB,FRI1,2021,30000
A,PPS_EU27_2020_HAB,FRI1,2022,31100
A,PPS_EU27_2020_HAB,FRI1,2023,33900
A,PPS_EU27_2020_HAB,FRI1,2024,34700
A,PPS_EU27_2020_HAB,FRI2,2000,17300
A,PPS_EU27_2020_HAB,FRI2,2001,18200
A,PPS_EU27_2020_HAB,FRI2,2002,19000
A,PPS_EU27_2020_HAB,FRI2,2003,18800
A,PPS_EU27_2020_HAB,FRI2,2004,18900
A,PPS_EU27_2020_HAB,FRI2,2005,20100
A,PPS_EU27_2020_HAB,FRI2,2006,20700
A,PPS_EU27_2020_HAB,FRI2,2007,21300
A,PPS_EU27_2020_HAB,FRI2,2008,21200
A,PPS_EU27_2020_HAB,FRI2,2009,20500
A,PPS_EU27_2020_HAB,FRI2,2010,20300
A,PPS_EU27_2020_HAB,FRI2,2011,21000
A,PPS_EU27_2020_HAB,FRI2,2012,20900
A,PPS_EU27_2020_HAB,FRI2,2013,21800
A,PPS_EU27_2020_HAB,FRI2,2014,22200
A,PPS_EU27_2020_HAB,FRI2,2015,22600
A,PPS_EU27_2020_HAB,FRI2,2016,22500
A,PPS_EU27_2020_HAB,FRI2,2017,23200
A,PPS_EU27_2020_HAB,FRI2,2018,23600
A,PPS_EU27_2020_HAB,FRI2,2019,25500
A,PPS_EU27_2020_HAB,FRI2,2020,25100
A,PPS_EU27_2020_HAB,FRI2,2021,26000
A,PPS_EU27_2020_HAB,FRI2,2022,26200
A,PPS_EU27_2020_HAB,FRI2,2023,29000
A,PPS_EU27_2020_HAB,FRI2,2024,29500
A,PPS_EU27_2020_HAB,FRI3,2000,17700
A,PPS_EU27_2020_HAB,FRI3,2001,18600
A,PPS_EU27_2020_HAB,FRI3,2002,19300
A,PPS_EU27_2020_HAB,FRI3,2003,19200
A,PPS_EU27_2020_HAB,FRI3,2004,19700
A,PPS_EU27_2020_HAB,FRI3,2005,20500
A,PPS_EU27_2020_HAB,FRI3,2006,21100
A,PPS_EU27_2020_HAB,FRI3,2007,22100
A,PPS_EU27_2020_HAB,FRI3,2008,22000
A,PPS_EU27_2020_HAB,FRI3,2009,21300
A,PPS_EU27_2020_HAB,FRI3,2010,21800
A,PPS_EU27_2020_HAB,FRI3,2011,22700
A,PPS_EU27_2020_HAB,FRI3,2012,22900
A,PPS_EU27_2020_HAB,FRI3,2013,23400
A,PPS_EU27_2020_HAB,FRI3,2014,23900
A,PPS_EU27_2020_HAB,FRI3,2015,24100
A,PPS_EU27_2020_HAB,FRI3,2016,24200
A,PPS_EU27_2020_HAB,FRI3,2017,24900
A,PPS_EU27_2020_HAB,FRI3,2018,25700
A,PPS_EU27_2020_HAB,FRI3,2019,27100
A,PPS_EU27_2020_HAB,FRI3,2020,26400
A,PPS_EU27_2020_HAB,FRI3,2021,27600
A,PPS_EU27_2020_HAB,FRI3,2022,28700
A,PPS_EU27_2020_HAB,FRI3,2023,31800
A,PPS_EU27_2020_HAB,FRI3,2024,32200
A,PPS_EU27_2020_HAB,FRJ,2000,17900
A,PPS_EU27_2020_HAB,FRJ,2001,19100
A,PPS_EU27_2020_HAB,FRJ,2002,19500
A,PPS_EU27_2020_HAB,FRJ,2003,19500
A,PPS_EU27_2020_HAB,FRJ,2004,20100
A,PPS_EU27_2020_HAB,FRJ,2005,21300
A,PPS_EU27_2020_HAB,FRJ,2006,22400
A,PPS_EU27_2020_HAB,FRJ,2007,22900
A,PPS_EU27_2020_HAB,FRJ,2008,23000
A,PPS_EU27_2020_HAB,FRJ,2009,22500
A,PPS_EU27_2020_HAB,FRJ,2010,22800
A,PPS_EU27_2020_HAB,FRJ,2011,23700
A,PPS_EU27_2020_HAB,FRJ,2012,23700
A,PPS_EU27_2020_HAB,FRJ,2013,24200
A,PPS_EU27_2020_HAB,FRJ,2014,24700
A,PPS_EU27_2020_HAB,FRJ,2015,25200
A,PPS_EU27_2020_HAB,FRJ,2016,25600
A,PPS_EU27_2020_HAB,FRJ,2017,26000
A,PPS_EU27_2020_HAB,FRJ,2018,26800
A,PPS_EU27_2020_HAB,FRJ,2019,28300
A,PPS_EU27_2020_HAB,FRJ,2020,26900
A,PPS_EU27_2020_HAB,FRJ,2021,28400
A,PPS_EU27_2020_HAB,FRJ,2022,29300
A,PPS_EU27_2020_HAB,FRJ,2023,32300
A,PPS_EU27_2020_HAB,FRJ,2024,33100
A,PPS_EU27_2020_HAB,FRJ1,2000,17300
A,PPS_EU27_2020_HAB,FRJ1,2001,18300
A,PPS_EU27_2020_HAB,FRJ1,2002,18700
A,PPS_EU27_2020_HAB,FRJ1,2003,18900
A,PPS_EU27_2020_HAB,FRJ1,2004,19500
A,PPS_EU27_2020_HAB,FRJ1,2005,20500
A,PPS_EU27_2020_HAB,FRJ1,2006,21200
A,PPS_EU27_2020_HAB,FRJ1,2007,22100
A,PPS_EU27_2020_HAB,FRJ1,2008,22100
A,PPS_EU27_2020_HAB,FRJ1,2009,21500
A,PPS_EU27_2020_HAB,FRJ1,2010,22000
A,PPS_EU27_2020_HAB,FRJ1,2011,22700
A,PPS_EU27_2020_HAB,FRJ1,2012,22200
A,PPS_EU27_2020_HAB,FRJ1,2013,22400
A,PPS_EU27_2020_HAB,FRJ1,2014,22600
A,PPS_EU27_2020_HAB,FRJ1,2015,22900
A,PPS_EU27_2020_HAB,FRJ1,2016,23200
A,PPS_EU27_2020_HAB,FRJ1,2017,23700
A,PPS_EU27_2020_HAB,FRJ1,2018,24200
A,PPS_EU27_2020_HAB,FRJ1,2019,25600
A,PPS_EU27_2020_HAB,FRJ1,2020,25100
A,PPS_EU27_2020_HAB,FRJ1,2021,26600
A,PPS_EU27_2020_HAB,FRJ1,2022,27400
A,PPS_EU27_2020_HAB,FRJ1,2023,29800
A,PPS_EU27_2020_HAB,FRJ1,2024,30400
A,PPS_EU27_2020_HAB,FRJ2,2000,18300
A,PPS_EU27_2020_HAB,FRJ2,2001,19800
A,PPS_EU27_2020_HAB,FRJ2,2002,20300
A,PPS_EU27_2020_HAB,FRJ2,2003,20000
A,PPS_EU27_2020_HAB,FRJ2,2004,20500
A,PPS_EU27_2020_HAB,FRJ2,2005,22000
A,PPS_EU27_2020_HAB,FRJ2,2006,23400
A,PPS_EU27_2020_HAB,FRJ2,2007,23600
A,PPS_EU27_2020_HAB,FRJ2,2008,23900
A,PPS_EU27_2020_HAB,FRJ2,2009,23400
A,PPS_EU27_2020_HAB,FRJ2,2010,23600
A,PPS_EU27_2020_HAB,FRJ2,2011,24600
A,PPS_EU27_2020_HAB,FRJ2,2012,25000
A,PPS_EU27_2020_HAB,FRJ2,2013,25900
A,PPS_EU27_2020_HAB,FRJ2,2014,26600
A,PPS_EU27_2020_HAB,FRJ2,2015,27300
A,PPS_EU27_2020_HAB,FRJ2,2016,27700
A,PPS_EU27_2020_HAB,FRJ2,2017,28200
A,PPS_EU27_2020_HAB,FRJ2,2018,29300
A,PPS_EU27_2020_HAB,FRJ2,2019,30900
A,PPS_EU27_2020_HAB,FRJ2,2020,28600
A,PPS_EU27_2020_HAB,FRJ2,2021,30200
A,PPS_EU27_2020_HAB,FRJ2,2022,31200
A,PPS_EU27_2020_HAB,FRJ2,2023,34600
A,PPS_EU27_2020_HAB,FRJ2,2024,35600
A,PPS_EU27_2020_HAB,FRK,2000,21300
A,PPS_EU27_2020_HAB,FRK,2001,22200
A,PPS_EU27_2020_HAB,FRK,2002,22500
A,PPS_EU27_2020_HAB,FRK,2003,22300
A,PPS_EU27_2020_HAB,FRK,2004,23200
A,PPS_EU27_2020_HAB,FRK,2005,24400
A,PPS_EU27_2020_HAB,FRK,2006,25500
A,PPS_EU27_2020_HAB,FRK,2007,26400
A,PPS_EU27_2020_HAB,FRK,2008,26900
A,PPS_EU27_2020_HAB,FRK,2009,25600
A,PPS_EU27_2020_HAB,FRK,2010,26400
A,PPS_EU27_2020_HAB,FRK,2011,27500
A,PPS_EU27_2020_HAB,FRK,2012,27100
A,PPS_EU27_2020_HAB,FRK,2013,27700
A,PPS_EU27_2020_HAB,FRK,2014,28100
A,PPS_EU27_2020_HAB,FRK,2015,28600
A,PPS_EU27_2020_HAB,FRK,2016,29100
A,PPS_EU27_2020_HAB,FRK,2017,29900
A,PPS_EU27_2020_HAB,FRK,2018,31000
A,PPS_EU27_2020_HAB,FRK,2019,32600
A,PPS_EU27_2020_HAB,FRK,2020,31200
A,PPS_EU27_2020_HAB,FRK,2021,32600
A,PPS_EU27_2020_HAB,FRK,2022,34000
A,PPS_EU27_2020_HAB,FRK,2023,37700
A,PPS_EU27_2020_HAB,FRK,2024,38600
A,PPS_EU27_2020_HAB,FRK1,2000,17400
A,PPS_EU27_2020_HAB,FRK1,2001,18100
A,PPS_EU27_2020_HAB,FRK1,2002,18600
A,PPS_EU27_2020_HAB,FRK1,2003,18500
A,PPS_EU27_2020_HAB,FRK1,2004,19100
A,PPS_EU27_2020_HAB,FRK1,2005,20100
A,PPS_EU27_2020_HAB,FRK1,2006,20700
A,PPS_EU27_2020_HAB,FRK1,2007,21700
A,PPS_EU27_2020_HAB,FRK1,2008,21500
A,PPS_EU27_2020_HAB,FRK1,2009,20800
A,PPS_EU27_2020_HAB,FRK1,2010,21000
A,PPS_EU27_2020_HAB,FRK1,2011,22100
A,PPS_EU27_2020_HAB,FRK1,2012,21900
A,PPS_EU27_2020_HAB,FRK1,2013,22600
A,PPS_EU27_2020_HAB,FRK1,2014,23000
A,PPS_EU27_2020_HAB,FRK1,2015,23500
A,PPS_EU27_2020_HAB,FRK1,2016,23600
A,PPS_EU27_2020_HAB,FRK1,2017,24800
A,PPS_EU27_2020_HAB,FRK1,2018,25500
A,PPS_EU27_2020_HAB,FRK1,2019,26900
A,PPS_EU27_2020_HAB,FRK1,2020,26000
A,PPS_EU27_2020_HAB,FRK1,2021,27300
A,PPS_EU27_2020_HAB,FRK1,2022,28000
A,PPS_EU27_2020_HAB,FRK1,2023,30900
A,PPS_EU27_2020_HAB,FRK1,2024,31700
A,PPS_EU27_2020_HAB,FRK2,2000,22200
A,PPS_EU27_2020_HAB,FRK2,2001,23200
A,PPS_EU27_2020_HAB,FRK2,2002,23400
A,PPS_EU27_2020_HAB,FRK2,2003,23100
A,PPS_EU27_2020_HAB,FRK2,2004,24100
A,PPS_EU27_2020_HAB,FRK2,2005,25300
A,PPS_EU27_2020_HAB,FRK2,2006,26500
A,PPS_EU27_2020_HAB,FRK2,2007,27400
A,PPS_EU27_2020_HAB,FRK2,2008,28100
A,PPS_EU27_2020_HAB,FRK2,2009,26700
A,PPS_EU27_2020_HAB,FRK2,2010,27600
A,PPS_EU27_2020_HAB,FRK2,2011,28600
A,PPS_EU27_2020_HAB,FRK2,2012,28300
A,PPS_EU27_2020_HAB,FRK2,2013,28800
A,PPS_EU27_2020_HAB,FRK2,2014,29100
A,PPS_EU27_2020_HAB,FRK2,2015,29700
A,PPS_EU27_2020_HAB,FRK2,2016,30200
A,PPS_EU27_2020_HAB,FRK2,2017,31000
A,PPS_EU27_2020_HAB,FRK2,2018,32100
A,PPS_EU27_2020_HAB,FRK2,2019,33700
A,PPS_EU27_2020_HAB,FRK2,2020,32300
A,PPS_EU27_2020_HAB,FRK2,2021,33700
A,PPS_EU27_2020_HAB,FRK2,2022,35200
A,PPS_EU27_2020_HAB,FRK2,2023,39000
A,PPS_EU27_2020_HAB,FRK2,2024,40000
A,PPS_EU27_2020_HAB,FRL,2000,20200
A,PPS_EU27_2020_HAB,FRL,2001,21300
A,PPS_EU27_2020_HAB,FRL,2002,21800
A,PPS_EU27_2020_HAB,FRL,2003,21800
A,PPS_EU27_2020_HAB,FRL,2004,22600
A,PPS_EU27_2020_HAB,FRL,2005,24100
A,PPS_EU27_2020_HAB,FRL,2006,25000
A,PPS_EU27_2020_HAB,FRL,2007,25700
A,PPS_EU27_2020_HAB,FRL,2008,25800
A,PPS_EU27_2020_HAB,FRL,2009,25200
A,PPS_EU27_2020_HAB,FRL,2010,26600
A,PPS_EU27_2020_HAB,FRL,2011,27100
A,PPS_EU27_2020_HAB,FRL,2012,27300
A,PPS_EU27_2020_HAB,FRL,2013,27700
A,PPS_EU27_2020_HAB,FRL,2014,28000
A,PPS_EU27_2020_HAB,FRL,2015,28400
A,PPS_EU27_2020_HAB,FRL,2016,28700
A,PPS_EU27_2020_HAB,FRL,2017,29400
A,PPS_EU27_2020_HAB,FRL,2018,30200
A,PPS_EU27_2020_HAB,FRL,2019,31600
A,PPS_EU27_2020_HAB,FRL,2020,30300
A,PPS_EU27_2020_HAB,FRL,2021,34900
A,PPS_EU27_2020_HAB,FRL,2022,38000
A,PPS_EU27_2020_HAB,FRL,2023,37300
A,PPS_EU27_2020_HAB,FRL,2024,38500
A,PPS_EU27_2020_HAB,FRL0,2000,20200
A,PPS_EU27_2020_HAB,FRL0,2001,21300
A,PPS_EU27_2020_HAB,FRL0,2002,21800
A,PPS_EU27_2020_HAB,FRL0,2003,21800
A,PPS_EU27_2020_HAB,FRL0,2004,22600
A,PPS_EU27_2020_HAB,FRL0,2005,24100
A,PPS_EU27_2020_HAB,FRL0,2006,25000
A,PPS_EU27_2020_HAB,FRL0,2007,25700
A,PPS_EU27_2020_HAB,FRL0,2008,25800
A,PPS_EU27_2020_HAB,FRL0,2009,25200
A,PPS_EU27_2020_HAB,FRL0,2010,26600
A,PPS_EU27_2020_HAB,FRL0,2011,27100
A,PPS_EU27_2020_HAB,FRL0,2012,27300
A,PPS_EU27_2020_HAB,FRL0,2013,27700
A,PPS_EU27_2020_HAB,FRL0,2014,28000
A,PPS_EU27_2020_HAB,FRL0,2015,28400
A,PPS_EU27_2020_HAB,FRL0,2016,28700
A,PPS_EU27_2020_HAB,FRL0,2017,29400
A,PPS_EU27_2020_HAB,FRL0,2018,30200
A,PPS_EU27_2020_HAB,FRL0,2019,31600
A,PPS_EU27_2020_HAB,FRL0,2020,30300
A,PPS_EU27_2020_HAB,FRL0,2021,34900
A,PPS_EU27_2020_HAB,FRL0,2022,38000
A,PPS_EU27_2020_HAB,FRL0,2023,37300
A,PPS_EU27_2020_HAB,FRL0,2024,38500
A,PPS_EU27_2020_HAB,FRM,2000,17000
A,PPS_EU27_2020_HAB,FRM,2001,18000
A,PPS_EU27_2020_HAB,FRM,2002,18200
A,PPS_EU27_2020_HAB,FRM,2003,18200
A,PPS_EU27_2020_HAB,FRM,2004,18600
A,PPS_EU27_2020_HAB,FRM,2005,20000
A,PPS_EU27_2020_HAB,FRM,2006,21000
A,PPS_EU27_2020_HAB,FRM,2007,21200
A,PPS_EU27_2020_HAB,FRM,2008,22200
A,PPS_EU27_2020_HAB,FRM,2009,22500
A,PPS_EU27_2020_HAB,FRM,2010,22800
A,PPS_EU27_2020_HAB,FRM,2011,23800
A,PPS_EU27_2020_HAB,FRM,2012,23700
A,PPS_EU27_2020_HAB,FRM,2013,24200
A,PPS_EU27_2020_HAB,FRM,2014,24400
A,PPS_EU27_2020_HAB,FRM,2015,25100
A,PPS_EU27_2020_HAB,FRM,2016,25200
A,PPS_EU27_2020_HAB,FRM,2017,25800
A,PPS_EU27_2020_HAB,FRM,2018,26700
A,PPS_EU27_2020_HAB,FRM,2019,28000
A,PPS_EU27_2020_HAB,FRM,2020,26500
A,PPS_EU27_2020_HAB,FRM,2021,28600
A,PPS_EU27_2020_HAB,FRM,2022,29500
A,PPS_EU27_2020_HAB,FRM,2023,33100
A,PPS_EU27_2020_HAB,FRM,2024,34500
A,PPS_EU27_2020_HAB,FRM0,2000,17000
A,PPS_EU27_2020_HAB,FRM0,2001,18000
A,PPS_EU27_2020_HAB,FRM0,2002,18200
A,PPS_EU27_2020_HAB,FRM0,2003,18200
A,PPS_EU27_2020_HAB,FRM0,2004,18600
A,PPS_EU27_2020_HAB,FRM0,2005,20000
A,PPS_EU27_2020_HAB,FRM0,2006,21000
A,PPS_EU27_2020_HAB,FRM0,2007,21200
A,PPS_EU27_2020_HAB,FRM0,2008,22200
A,PPS_EU27_2020_HAB,FRM0,2009,22500
A,PPS_EU27_2020_HAB,FRM0,2010,22800
A,PPS_EU27_2020_HAB,FRM0,2011,23800
A,PPS_EU27_2020_HAB,FRM0,2012,23700
A,PPS_EU27_2020_HAB,FRM0,2013,24200
A,PPS_EU27_2020_HAB,FRM0,2014,24400
A,PPS_EU27_2020_HAB,FRM0,2015,25100
A,PPS_EU27_2020_HAB,FRM0,2016,25200
A,PPS_EU27_2020_HAB,FRM0,2017,25800
A,PPS_EU27_2020_HAB,FRM0,2018,26700
A,PPS_EU27_2020_HAB,FRM0,2019,28000
A,PPS_EU27_2020_HAB,FRM0,2020,26500
A,PPS_EU27_2020_HAB,FRM0,2021,28600
A,PPS_EU27_2020_HAB,FRM0,2022,29500
A,PPS_EU27_2020_HAB,FRM0,2023,33100
A,PPS_EU27_2020_HAB,FRM0,2024,34500
A,PPS_EU27_2020_HAB,FRY,2000,12700
A,PPS_EU27_2020_HAB,FRY,2001,13700
A,PPS_EU27_2020_HAB,FRY,2002,14300
A,PPS_EU27_2020_HAB,FRY,2003,14400
A,PPS_EU27_2020_HAB,FRY,2004,14900
A,PPS_EU27_2020_HAB,FRY,2005,16100
A,PPS_EU27_2020_HAB,FRY,2006,16900
A,PPS_EU27_2020_HAB,FRY,2007,17500
A,PPS_EU27_2020_HAB,FRY,2008,18000
A,PPS_EU27_2020_HAB,FRY,2009,17200
A,PPS_EU27_2020_HAB,FRY,2010,17800
A,PPS_EU27_2020_HAB,FRY,2011,18400
A,PPS_EU27_2020_HAB,FRY,2012,18600
A,PPS_EU27_2020_HAB,FRY,2013,19000
A,PPS_EU27_2020_HAB,FRY,2014,17400
A,PPS_EU27_2020_HAB,FRY,2015,17700
A,PPS_EU27_2020_HAB,FRY,2016,18000
A,PPS_EU27_2020_HAB,FRY,2017,18100
A,PPS_EU27_2020_HAB,FRY,2018,18400
A,PPS_EU27_2020_HAB,FRY,2019,19300
A,PPS_EU27_2020_HAB,FRY,2020,18900
A,PPS_EU27_2020_HAB,FRY,2021,19800
A,PPS_EU27_2020_HAB,FRY,2022,20900
A,PPS_EU27_2020_HAB,FRY,2023,22100
A,PPS_EU27_2020_HAB,FRY,2024,23000
A,PPS_EU27_2020_HAB,FRY1,2000,13000
A,PPS_EU27_2020_HAB,FRY1,2001,14000
A,PPS_EU27_2020_HAB,FRY1,2002,14600
A,PPS_EU27_2020_HAB,FRY1,2003,15100
A,PPS_EU27_2020_HAB,FRY1,2004,15500
A,PPS_EU27_2020_HAB,FRY1,2005,16900
A,PPS_EU27_2020_HAB,FRY1,2006,17800
A,PPS_EU27_2020_HAB,FRY1,2007,18300
A,PPS_EU27_2020_HAB,FRY1,2008,19000
A,PPS_EU27_2020_HAB,FRY1,2009,17900
A,PPS_EU27_2020_HAB,FRY1,2010,18900
A,PPS_EU27_2020_HAB,FRY1,2011,19500
A,PPS_EU27_2020_HAB,FRY1,2012,19600
A,PPS_EU27_2020_HAB,FRY1,2013,20100
A,PPS_EU27_2020_HAB,FRY1,2014,20700
A,PPS_EU27_2020_HAB,FRY1,2015,21200
A,PPS_EU27_2020_HAB,FRY1,2016,21800
A,PPS_EU27_2020_HAB,FRY1,2017,20400
A,PPS_EU27_2020_HAB,FRY1,2018,21100
A,PPS_EU27_2020_HAB,FRY1,2019,22400
A,PPS_EU27_2020_HAB,FRY1,2020,21600
A,PPS_EU27_2020_HAB,FRY1,2021,22700
A,PPS_EU27_2020_HAB,FRY1,2022,23900
A,PPS_EU27_2020_HAB,FRY1,2023,25300
A,PPS_EU27_2020_HAB,FRY1,2024,26800
A,PPS_EU27_2020_HAB,FRY2,2000,12600
A,PPS_EU27_2020_HAB,FRY2,2001,13600
A,PPS_EU27_2020_HAB,FRY2,2002,14000
A,PPS_EU27_2020_HAB,FRY2,2003,14300
A,PPS_EU27_2020_HAB,FRY2,2004,14900
A,PPS_EU27_2020_HAB,FRY2,2005,16000
A,PPS_EU27_2020_HAB,FRY2,2006,16700
A,PPS_EU27_2020_HAB,FRY2,2007,17300
A,PPS_EU27_2020_HAB,FRY2,2008,17900
A,PPS_EU27_2020_HAB,FRY2,2009,17200
A,PPS_EU27_2020_HAB,FRY2,2010,18200
A,PPS_EU27_2020_HAB,FRY2,2011,18800
A,PPS_EU27_2020_HAB,FRY2,2012,19000
A,PPS_EU27_2020_HAB,FRY2,2013,19500
A,PPS_EU27_2020_HAB,FRY2,2014,20200
A,PPS_EU27_2020_HAB,FRY2,2015,20900
A,PPS_EU27_2020_HAB,FRY2,2016,21000
A,PPS_EU27_2020_HAB,FRY2,2017,21600
A,PPS_EU27_2020_HAB,FRY2,2018,22200
A,PPS_EU27_2020_HAB,FRY2,2019,22800
A,PPS_EU27_2020_HAB,FRY2,2020,22100
A,PPS_EU27_2020_HAB,FRY2,2021,22700
A,PPS_EU27_2020_HAB,FRY2,2022,24600
A,PPS_EU27_2020_HAB,FRY2,2023,26200
A,PPS_EU27_2020_HAB,FRY2,2024,27500
A,PPS_EU27_2020_HAB,FRY3,2000,11400
A,PPS_EU27_2020_HAB,FRY3,2001,13000
A,PPS_EU27_2020_HAB,FRY3,2002,13300
A,PPS_EU27_2020_HAB,FRY3,2003,12200
A,PPS_EU27_2020_HAB,FRY3,2004,12300
A,PPS_EU27_2020_HAB,FRY3,2005,12700
A,PPS_EU27_2020_HAB,FRY3,2006,13300
A,PPS_EU27_2020_HAB,FRY3,2007,13200
A,PPS_EU27_2020_HAB,FRY3,2008,13400
A,PPS_EU27_2020_HAB,FRY3,2009,13500
A,PPS_EU27_2020_HAB,FRY3,2010,13900
A,PPS_EU27_2020_HAB,FRY3,2011,14300
A,PPS_EU27_2020_HAB,FRY3,2012,14700
A,PPS_EU27_2020_HAB,FRY3,2013,14900
A,PPS_EU27_2020_HAB,FRY3,2014,14800
A,PPS_EU27_2020_HAB,FRY3,2015,14500
A,PPS_EU27_2020_HAB,FRY3,2016,14700
A,PPS_EU27_2020_HAB,FRY3,2017,14500
A,PPS_EU27_2020_HAB,FRY3,2018,15100
A,PPS_EU27_2020_HAB,FRY3,2019,16100
A,PPS_EU27_2020_HAB,FRY3,2020,15800
A,PPS_EU27_2020_HAB,FRY3,2021,16100
A,PPS_EU27_2020_HAB,FRY3,2022,16400
A,PPS_EU27_2020_HAB,FRY3,2023,16300
A,PPS_EU27_2020_HAB,FRY3,2024,16300
A,PPS_EU27_2020_HAB,FRY4,2000,12200
A,PPS_EU27_2020_HAB,FRY4,2001,13100
A,PPS_EU27_2020_HAB,FRY4,2002,13800
A,PPS_EU27_2020_HAB,FRY4,2003,13900
A,PPS_EU27_2020_HAB,FRY4,2004,14500
A,PPS_EU27_2020_HAB,FRY4,2005,15600
A,PPS_EU27_2020_HAB,FRY4,2006,16300
A,PPS_EU27_2020_HAB,FRY4,2007,17100
A,PPS_EU27_2020_HAB,FRY4,2008,17400
A,PPS_EU27_2020_HAB,FRY4,2009,16600
A,PPS_EU27_2020_HAB,FRY4,2010,16800
A,PPS_EU27_2020_HAB,FRY4,2011,17400
A,PPS_EU27_2020_HAB,FRY4,2012,17400
A,PPS_EU27_2020_HAB,FRY4,2013,17900
A,PPS_EU27_2020_HAB,FRY4,2014,18200
A,PPS_EU27_2020_HAB,FRY4,2015,18600
A,PPS_EU27_2020_HAB,FRY4,2016,19000
A,PPS_EU27_2020_HAB,FRY4,2017,19500
A,PPS_EU27_2020_HAB,FRY4,2018,19800
A,PPS_EU27_2020_HAB,FRY4,2019,20900
A,PPS_EU27_2020_HAB,FRY4,2020,20500
A,PPS_EU27_2020_HAB,FRY4,2021,21900
A,PPS_EU27_2020_HAB,FRY4,2022,23000
A,PPS_EU27_2020_HAB,FRY4,2023,24600
A,PPS_EU27_2020_HAB,FRY4,2024,25400
A,PPS_EU27_2020_HAB,FRY5,2014,6800
A,PPS_EU27_2020_HAB,FRY5,2015,7300
A,PPS_EU27_2020_HAB,FRY5,2016,7500
A,PPS_EU27_2020_HAB,FRY5,2017,7900
A,PPS_EU27_2020_HAB,FRY5,2018,7800
A,PPS_EU27_2020_HAB,FRY5,2019,8400
A,PPS_EU27_2020_HAB,FRY5,2020,8600
A,PPS_EU27_2020_HAB,FRY5,2021,9200
A,PPS_EU27_2020_HAB,FRY5,2022,9900
A,PPS_EU27_2020_HAB,FRY5,2023,11000
A,PPS_EU27_2020_HAB,FRY5,2024,12000
A,PPS_EU27_2020_HAB,HR,2000,8900
A,PPS_EU27_2020_HAB,HR,2001,9600
A,PPS_EU27_2020_HAB,HR,2002,10500
A,PPS_EU27_2020_HAB,HR,2003,11200
A,PPS_EU27_2020_HAB,HR,2004,12000
A,PPS_EU27_2020_HAB,HR,2005,12700
A,PPS_EU27_2020_HAB,HR,2006,14000
A,PPS_EU27_2020_HAB,HR,2007,15400
A,PPS_EU27_2020_HAB,HR,2008,16300
A,PPS_EU27_2020_HAB,HR,2009,15400
A,PPS_EU27_2020_HAB,HR,2010,15200
A,PPS_EU27_2020_HAB,HR,2011,15800
A,PPS_EU27_2020_HAB,HR,2012,16000
A,PPS_EU27_2020_HAB,HR,2013,16200
A,PPS_EU27_2020_HAB,HR,2014,16300
A,PPS_EU27_2020_HAB,HR,2015,17100
A,PPS_EU27_2020_HAB,HR,2016,18000
A,PPS_EU27_2020_HAB,HR,2017,19200
A,PPS_EU27_2020_HAB,HR,2018,20200
A,PPS_EU27_2020_HAB,HR,2019,21500
A,PPS_EU27_2020_HAB,HR,2020,20200
A,PPS_EU27_2020_HAB,HR,2021,23600
A,PPS_EU27_2020_HAB,HR,2022,26000
A,PPS_EU27_2020_HAB,HR,2023,29800
A,PPS_EU27_2020_HAB,HR,2024,31100
A,PPS_EU27_2020_HAB,HR0,2000,8900
A,PPS_EU27_2020_HAB,HR0,2001,9600
A,PPS_EU27_2020_HAB,HR0,2002,10500
A,PPS_EU27_2020_HAB,HR0,2003,11200
A,PPS_EU27_2020_HAB,HR0,2004,12000
A,PPS_EU27_2020_HAB,HR0,2005,12700
A,PPS_EU27_2020_HAB,HR0,2006,14000
A,PPS_EU27_2020_HAB,HR0,2007,15400
A,PPS_EU27_2020_HAB,HR0,2008,16300
A,PPS_EU27_2020_HAB,HR0,2009,15400
A,PPS_EU27_2020_HAB,HR0,2010,15200
A,PPS_EU27_2020_HAB,HR0,2011,15800
A,PPS_EU27_2020_HAB,HR0,2012,16000
A,PPS_EU27_2020_HAB,HR0,2013,16200
A,PPS_EU27_2020_HAB,HR0,2014,16300
A,PPS_EU27_2020_HAB,HR0,2015,17100
A,PPS_EU27_2020_HAB,HR0,2016,18000
A,PPS_EU27_2020_HAB,HR0,2017,19200
A,PPS_EU27_2020_HAB,HR0,2018,20200
A,PPS_EU27_2020_HAB,HR0,2019,21500
A,PPS_EU27_2020_HAB,HR0,2020,20200
A,PPS_EU27_2020_HAB,HR0,2021,23600
A,PPS_EU27_2020_HAB,HR0,2022,26000
A,PPS_EU27_2020_HAB,HR0,2023,29800
A,PPS_EU27_2020_HAB,HR0,2024,31100
A,PPS_EU27_2020_HAB,HR02,2000,6900
A,PPS_EU27_2020_HAB,HR02,2001,7500
A,PPS_EU27_2020_HAB,HR02,2002,8100
A,PPS_EU27_2020_HAB,HR02,2003,8300
A,PPS_EU27_2020_HAB,HR02,2004,8700
A,PPS_EU27_2020_HAB,HR02,2005,8900
A,PPS_EU27_2020_HAB,HR02,2006,10200
A,PPS_EU27_2020_HAB,HR02,2007,10900
A,PPS_EU27_2020_HAB,HR02,2008,11700
A,PPS_EU27_2020_HAB,HR02,2009,10800
A,PPS_EU27_2020_HAB,HR02,2010,10300
A,PPS_EU27_2020_HAB,HR02,2011,10800
A,PPS_EU27_2020_HAB,HR02,2012,10900
A,PPS_EU27_2020_HAB,HR02,2013,11100
A,PPS_EU27_2020_HAB,HR02,2014,10900
A,PPS_EU27_2020_HAB,HR02,2015,11500
A,PPS_EU27_2020_HAB,HR02,2016,12200
A,PPS_EU27_2020_HAB,HR02,2017,12800
A,PPS_EU27_2020_HAB,HR02,2018,13400
A,PPS_EU27_2020_HAB,HR02,2019,14400
A,PPS_EU27_2020_HAB,HR02,2020,14200
A,PPS_EU27_2020_HAB,HR02,2021,16600
A,PPS_EU27_2020_HAB,HR02,2022,18100
A,PPS_EU27_2020_HAB,HR02,2023,20200
A,PPS_EU27_2020_HAB,HR02,2024,21100
A,PPS_EU27_2020_HAB,HR03,2000,8400
A,PPS_EU27_2020_HAB,HR03,2001,9000
A,PPS_EU27_2020_HAB,HR03,2002,9700
A,PPS_EU27_2020_HAB,HR03,2003,10800
A,PPS_EU27_2020_HAB,HR03,2004,11800
A,PPS_EU27_2020_HAB,HR03,2005,12300
A,PPS_EU27_2020_HAB,HR03,2006,13500
A,PPS_EU27_2020_HAB,HR03,2007,15200
A,PPS_EU27_2020_HAB,HR03,2008,15800
A,PPS_EU27_2020_HAB,HR03,2009,14900
A,PPS_EU27_2020_HAB,HR03,2010,14600
A,PPS_EU27_2020_HAB,HR03,2011,15100
A,PPS_EU27_2020_HAB,HR03,2012,15300
A,PPS_EU27_2020_HAB,HR03,2013,15600
A,PPS_EU27_2020_HAB,HR03,2014,15900
A,PPS_EU27_2020_HAB,HR03,2015,16500
A,PPS_EU27_2020_HAB,HR03,2016,17400
A,PPS_EU27_2020_HAB,HR03,2017,18700
A,PPS_EU27_2020_HAB,HR03,2018,19600
A,PPS_EU27_2020_HAB,HR03,2019,20500
A,PPS_EU27_2020_HAB,HR03,2020,18100
A,PPS_EU27_2020_HAB,HR03,2021,21900
A,PPS_EU27_2020_HAB,HR03,2022,24900
A,PPS_EU27_2020_HAB,HR03,2023,27900
A,PPS_EU27_2020_HAB,HR03,2024,29200
A,PPS_EU27_2020_HAB,HR05,2000,14200
A,PPS_EU27_2020_HAB,HR05,2001,15900
A,PPS_EU27_2020_HAB,HR05,2002,17100
A,PPS_EU27_2020_HAB,HR05,2003,18800
A,PPS_EU27_2020_HAB,HR05,2004,20200
A,PPS_EU27_2020_HAB,HR05,2005,22000
A,PPS_EU27_2020_HAB,HR05,2006,24500
A,PPS_EU27_2020_HAB,HR05,2007,26700
A,PPS_EU27_2020_HAB,HR05,2008,28300
A,PPS_EU27_2020_HAB,HR05,2009,27200
A,PPS_EU27_2020_HAB,HR05,2010,28700
A,PPS_EU27_2020_HAB,HR05,2011,29200
A,PPS_EU27_2020_HAB,HR05,2012,29200
A,PPS_EU27_2020_HAB,HR05,2013,29100
A,PPS_EU27_2020_HAB,HR05,2014,29200
A,PPS_EU27_2020_HAB,HR05,2015,30300
A,PPS_EU27_2020_HAB,HR05,2016,31400
A,PPS_EU27_2020_HAB,HR05,2017,33300
A,PPS_EU27_2020_HAB,HR05,2018,35200
A,PPS_EU27_2020_HAB,HR05,2019,37500
A,PPS_EU27_2020_HAB,HR05,2020,35500
A,PPS_EU27_2020_HAB,HR05,2021,40400
A,PPS_EU27_2020_HAB,HR05,2022,43000
A,PPS_EU27_2020_HAB,HR05,2023,50200
A,PPS_EU27_2020_HAB,HR05,2024,52500
A,PPS_EU27_2020_HAB,HR06,2000,7500
A,PPS_EU27_2020_HAB,HR06,2001,7900
A,PPS_EU27_2020_HAB,HR06,2002,8900
A,PPS_EU27_2020_HAB,HR06,2003,9200
A,PPS_EU27_2020_HAB,HR06,2004,9400
A,PPS_EU27_2020_HAB,HR06,2005,9900
A,PPS_EU27_2020_HAB,HR06,2006,10700
A,PPS_EU27_2020_HAB,HR06,2007,11900
A,PPS_EU27_2020_HAB,HR06,2008,12500
A,PPS_EU27_2020_HAB,HR06,2009,11900
A,PPS_EU27_2020_HAB,HR06,2010,11000
A,PPS_EU27_2020_HAB,HR06,2011,11600
A,PPS_EU27_2020_HAB,HR06,2012,11800
A,PPS_EU27_2020_HAB,HR06,2013,12400
A,PPS_EU27_2020_HAB,HR06,2014,12400
A,PPS_EU27_2020_HAB,HR06,2015,13000
A,PPS_EU27_2020_HAB,HR06,2016,13800
A,PPS_EU27_2020_HAB,HR06,2017,14800
A,PPS_EU27_2020_HAB,HR06,2018,15700
A,PPS_EU27_2020_HAB,HR06,2019,16900
A,PPS_EU27_2020_HAB,HR06,2020,16600
A,PPS_EU27_2020_HAB,HR06,2021,19000
A,PPS_EU27_2020_HAB,HR06,2022,21200
A,PPS_EU27_2020_HAB,HR06,2023,25200
A,PPS_EU27_2020_HAB,HR06,2024,25500
A,PPS_EU27_2020_HAB,HU,2000,9900
A,PPS_EU27_2020_HAB,HU,2001,10900
A,PPS_EU27_2020_HAB,HU,2002,11900
A,PPS_EU27_2020_HAB,HU,2003,12700
A,PPS_EU27_2020_HAB,HU,2004,13300
A,PPS_EU27_2020_HAB,HU,2005,14000
A,PPS_EU27_2020_HAB,HU,2006,14600
A,PPS_EU27_2020_HAB,HU,2007,15100
A,PPS_EU27_2020_HAB,HU,2008,16100
A,PPS_EU27_2020_HAB,HU,2009,15600
A,PPS_EU27_2020_HAB,HU,2010,16400
A,PPS_EU27_2020_HAB,HU,2011,17100
A,PPS_EU27_2020_HAB,HU,2012,17100
A,PPS_EU27_2020_HAB,HU,2013,17800
A,PPS_EU27_2020_HAB,HU,2014,18500
A,PPS_EU27_2020_HAB,HU,2015,19400
A,PPS_EU27_2020_HAB,HU,2016,19600
A,PPS_EU27_2020_HAB,HU,2017,20400
A,PPS_EU27_2020_HAB,HU,2018,21900
A,PPS_EU27_2020_HAB,HU,2019,23200
A,PPS_EU27_2020_HAB,HU,2020,22700
A,PPS_EU27_2020_HAB,HU,2021,24800
A,PPS_EU27_2020_HAB,HU,2022,27300
A,PPS_EU27_2020_HAB,HU,2023,29000
A,PPS_EU27_2020_HAB,HU,2024,30400
A,PPS_EU27_2020_HAB,HU1,2000,15200
A,PPS_EU27_2020_HAB,HU1,2001,17000
A,PPS_EU27_2020_HAB,HU1,2002,19100
A,PPS_EU27_2020_HAB,HU1,2003,20000
A,PPS_EU27_2020_HAB,HU1,2004,21200
A,PPS_EU27_2020_HAB,HU1,2005,22700
A,PPS_EU27_2020_HAB,HU1,2006,23900
A,PPS_EU27_2020_HAB,HU1,2007,24900
A,PPS_EU27_2020_HAB,HU1,2008,26500
A,PPS_EU27_2020_HAB,HU1,2009,26300
A,PPS_EU27_2020_HAB,HU1,2010,26800
A,PPS_EU27_2020_HAB,HU1,2011,27700
A,PPS_EU27_2020_HAB,HU1,2012,27800
A,PPS_EU27_2020_HAB,HU1,2013,27800
A,PPS_EU27_2020_HAB,HU1,2014,29000
A,PPS_EU27_2020_HAB,HU1,2015,29800
A,PPS_EU27_2020_HAB,HU1,2016,29700
A,PPS_EU27_2020_HAB,HU1,2017,31100
A,PPS_EU27_2020_HAB,HU1,2018,33100
A,PPS_EU27_2020_HAB,HU1,2019,36000
A,PPS_EU27_2020_HAB,HU1,2020,35100
A,PPS_EU27_2020_HAB,HU1,2021,38500
A,PPS_EU27_2020_HAB,HU1,2022,42700
A,PPS_EU27_2020_HAB,HU1,2023,46100
A,PPS_EU27_2020_HAB,HU1,2024,48800
A,PPS_EU27_2020_HAB,HU11,2000,19300
A,PPS_EU27_2020_HAB,HU11,2001,21600
A,PPS_EU27_2020_HAB,HU11,2002,24500
A,PPS_EU27_2020_HAB,HU11,2003,25700
A,PPS_EU27_2020_HAB,HU11,2004,27400
A,PPS_EU27_2020_HAB,HU11,2005,29600
A,PPS_EU27_2020_HAB,HU11,2006,31500
A,PPS_EU27_2020_HAB,HU11,2007,32400
A,PPS_EU27_2020_HAB,HU11,2008,35200
A,PPS_EU27_2020_HAB,HU11,2009,35400
A,PPS_EU27_2020_HAB,HU11,2010,35600
A,PPS_EU27_2020_HAB,HU11,2011,37100
A,PPS_EU27_2020_HAB,HU11,2012,37300
A,PPS_EU27_2020_HAB,HU11,2013,36900
A,PPS_EU27_2020_HAB,HU11,2014,38700
A,PPS_EU27_2020_HAB,HU11,2015,39300
A,PPS_EU27_2020_HAB,HU11,2016,39700
A,PPS_EU27_2020_HAB,HU11,2017,41900
A,PPS_EU27_2020_HAB,HU11,2018,44800
A,PPS_EU27_2020_HAB,HU11,2019,49200
A,PPS_EU27_2020_HAB,HU11,2020,47900
A,PPS_EU27_2020_HAB,HU11,2021,52600
A,PPS_EU27_2020_HAB,HU11,2022,57900
A,PPS_EU27_2020_HAB,HU11,2023,63000
A,PPS_EU27_2020_HAB,HU11,2024,67200
A,PPS_EU27_2020_HAB,HU12,2000,8200
A,PPS_EU27_2020_HAB,HU12,2001,9600
A,PPS_EU27_2020_HAB,HU12,2002,10500
A,PPS_EU27_2020_HAB,HU12,2003,11300
A,PPS_EU27_2020_HAB,HU12,2004,11800
A,PPS_EU27_2020_HAB,HU12,2005,12600
A,PPS_EU27_2020_HAB,HU12,2006,12800
A,PPS_EU27_2020_HAB,HU12,2007,14200
A,PPS_EU27_2020_HAB,HU12,2008,14100
A,PPS_EU27_2020_HAB,HU12,2009,13500
A,PPS_EU27_2020_HAB,HU12,2010,14500
A,PPS_EU27_2020_HAB,HU12,2011,14600
A,PPS_EU27_2020_HAB,HU12,2012,14200
A,PPS_EU27_2020_HAB,HU12,2013,14700
A,PPS_EU27_2020_HAB,HU12,2014,15200
A,PPS_EU27_2020_HAB,HU12,2015,16200
A,PPS_EU27_2020_HAB,HU12,2016,15700
A,PPS_EU27_2020_HAB,HU12,2017,16100
A,PPS_EU27_2020_HAB,HU12,2018,17100
A,PPS_EU27_2020_HAB,HU12,2019,18300
A,PPS_EU27_2020_HAB,HU12,2020,18200
A,PPS_EU27_2020_HAB,HU12,2021,20300
A,PPS_EU27_2020_HAB,HU12,2022,23500
A,PPS_EU27_2020_HAB,HU12,2023,24800
A,PPS_EU27_2020_HAB,HU12,2024,25600
A,PPS_EU27_2020_HAB,HU2,2000,9400
A,PPS_EU27_2020_HAB,HU2,2001,10000
A,PPS_EU27_2020_HAB,HU2,2002,10600
A,PPS_EU27_2020_HAB,HU2,2003,11600
A,PPS_EU27_2020_HAB,HU2,2004,12000
A,PPS_EU27_2020_HAB,HU2,2005,12300
A,PPS_EU27_2020_HAB,HU2,2006,12800
A,PPS_EU27_2020_HAB,HU2,2007,13100
A,PPS_EU27_2020_HAB,HU2,2008,13900
A,PPS_EU27_2020_HAB,HU2,2009,13000
A,PPS_EU27_2020_HAB,HU2,2010,14200
A,PPS_EU27_2020_HAB,HU2,2011,14800
A,PPS_EU27_2020_HAB,HU2,2012,14800
A,PPS_EU27_2020_HAB,HU2,2013,15800
A,PPS_EU27_2020_HAB,HU2,2014,16300
A,PPS_EU27_2020_HAB,HU2,2015,17400
A,PPS_EU27_2020_HAB,HU2,2016,17900
A,PPS_EU27_2020_HAB,HU2,2017,18200
A,PPS_EU27_2020_HAB,HU2,2018,19400
A,PPS_EU27_2020_HAB,HU2,2019,19900
A,PPS_EU27_2020_HAB,HU2,2020,19200
A,PPS_EU27_2020_HAB,HU2,2021,20700
A,PPS_EU27_2020_HAB,HU2,2022,22800
A,PPS_EU27_2020_HAB,HU2,2023,23600
A,PPS_EU27_2020_HAB,HU2,2024,24500
A,PPS_EU27_2020_HAB,HU21,2000,9500
A,PPS_EU27_2020_HAB,HU21,2001,10200
A,PPS_EU27_2020_HAB,HU21,2002,10600
A,PPS_EU27_2020_HAB,HU21,2003,11700
A,PPS_EU27_2020_HAB,HU21,2004,12600
A,PPS_EU27_2020_HAB,HU21,2005,13100
A,PPS_EU27_2020_HAB,HU21,2006,13300
A,PPS_EU27_2020_HAB,HU21,2007,13900
A,PPS_EU27_2020_HAB,HU21,2008,14600
A,PPS_EU27_2020_HAB,HU21,2009,13100
A,PPS_EU27_2020_HAB,HU21,2010,14300
A,PPS_EU27_2020_HAB,HU21,2011,15200
A,PPS_EU27_2020_HAB,HU21,2012,15100
A,PPS_EU27_2020_HAB,HU21,2013,16000
A,PPS_EU27_2020_HAB,HU21,2014,16600
A,PPS_EU27_2020_HAB,HU21,2015,18000
A,PPS_EU27_2020_HAB,HU21,2016,18800
A,PPS_EU27_2020_HAB,HU21,2017,19000
A,PPS_EU27_2020_HAB,HU21,2018,20200
A,PPS_EU27_2020_HAB,HU21,2019,21100
A,PPS_EU27_2020_HAB,HU21,2020,20300
A,PPS_EU27_2020_HAB,HU21,2021,22100
A,PPS_EU27_2020_HAB,HU21,2022,24100
A,PPS_EU27_2020_HAB,HU21,2023,25400
A,PPS_EU27_2020_HAB,HU21,2024,26200
A,PPS_EU27_2020_HAB,HU22,2000,11300
A,PPS_EU27_2020_HAB,HU22,2001,11700
A,PPS_EU27_2020_HAB,HU22,2002,12400
A,PPS_EU27_2020_HAB,HU22,2003,13900
A,PPS_EU27_2020_HAB,HU22,2004,13900
A,PPS_EU27_2020_HAB,HU22,2005,14000
A,PPS_EU27_2020_HAB,HU22,2006,15100
A,PPS_EU27_2020_HAB,HU22,2007,15200
A,PPS_EU27_2020_HAB,HU22,2008,16000
A,PPS_EU27_2020_HAB,HU22,2009,15000
A,PPS_EU27_2020_HAB,HU22,2010,16800
A,PPS_EU27_2020_HAB,HU22,2011,17400
A,PPS_EU27_2020_HAB,HU22,2012,17400
A,PPS_EU27_2020_HAB,HU22,2013,18700
A,PPS_EU27_2020_HAB,HU22,2014,19800
A,PPS_EU27_2020_HAB,HU22,2015,21000
A,PPS_EU27_2020_HAB,HU22,2016,21300
A,PPS_EU27_2020_HAB,HU22,2017,21400
A,PPS_EU27_2020_HAB,HU22,2018,22400
A,PPS_EU27_2020_HAB,HU22,2019,22700
A,PPS_EU27_2020_HAB,HU22,2020,21700
A,PPS_EU27_2020_HAB,HU22,2021,22600
A,PPS_EU27_2020_HAB,HU22,2022,25000
A,PPS_EU27_2020_HAB,HU22,2023,25600
A,PPS_EU27_2020_HAB,HU22,2024,26400
A,PPS_EU27_2020_HAB,HU23,2000,7400
A,PPS_EU27_2020_HAB,HU23,2001,8100
A,PPS_EU27_2020_HAB,HU23,2002,8800
A,PPS_EU27_2020_HAB,HU23,2003,9100
A,PPS_EU27_2020_HAB,HU23,2004,9300
A,PPS_EU27_2020_HAB,HU23,2005,9500
A,PPS_EU27_2020_HAB,HU23,2006,9700
A,PPS_EU27_2020_HAB,HU23,2007,10100
A,PPS_EU27_2020_HAB,HU23,2008,10900
A,PPS_EU27_2020_HAB,HU23,2009,10700
A,PPS_EU27_2020_HAB,HU23,2010,11300
A,PPS_EU27_2020_HAB,HU23,2011,11600
A,PPS_EU27_2020_HAB,HU23,2012,11700
A,PPS_EU27_2020_HAB,HU23,2013,12400
A,PPS_EU27_2020_HAB,HU23,2014,12300
A,PPS_EU27_2020_HAB,HU23,2015,12800
A,PPS_EU27_2020_HAB,HU23,2016,13100
A,PPS_EU27_2020_HAB,HU23,2017,13900
A,PPS_EU27_2020_HAB,HU23,2018,15000
A,PPS_EU27_2020_HAB,HU23,2019,15500
A,PPS_EU27_2020_HAB,HU23,2020,15300
A,PPS_EU27_2020_HAB,HU23,2021,16800
A,PPS_EU27_2020_HAB,HU23,2022,18800
A,PPS_EU27_2020_HAB,HU23,2023,19100
A,PPS_EU27_2020_HAB,HU23,2024,20000
A,PPS_EU27_2020_HAB,HU3,2000,6700
A,PPS_EU27_2020_HAB,HU3,2001,7600
A,PPS_EU27_2020_HAB,HU3,2002,8100
A,PPS_EU27_2020_HAB,HU3,2003,8600
A,PPS_EU27_2020_HAB,HU3,2004,8900
A,PPS_EU27_2020_HAB,HU3,2005,9300
A,PPS_EU27_2020_HAB,HU3,2006,9500
A,PPS_EU27_2020_HAB,HU3,2007,9600
A,PPS_EU27_2020_HAB,HU3,2008,10300
A,PPS_EU27_2020_HAB,HU3,2009,9900
A,PPS_EU27_2020_HAB,HU3,2010,10400
A,PPS_EU27_2020_HAB,HU3,2011,11000
A,PPS_EU27_2020_HAB,HU3,2012,11100
A,PPS_EU27_2020_HAB,HU3,2013,11800
A,PPS_EU27_2020_HAB,HU3,2014,12200
A,PPS_EU27_2020_HAB,HU3,2015,12900
A,PPS_EU27_2020_HAB,HU3,2016,13100
A,PPS_EU27_2020_HAB,HU3,2017,13800
A,PPS_EU27_2020_HAB,HU3,2018,15000
A,PPS_EU27_2020_HAB,HU3,2019,15500
A,PPS_EU27_2020_HAB,HU3,2020,15600
A,PPS_EU27_2020_HAB,HU3,2021,17000
A,PPS_EU27_2020_HAB,HU3,2022,18400
A,PPS_EU27_2020_HAB,HU3,2023,19300
A,PPS_EU27_2020_HAB,HU3,2024,20000
A,PPS_EU27_2020_HAB,HU31,2000,6200
A,PPS_EU27_2020_HAB,HU31,2001,7100
A,PPS_EU27_2020_HAB,HU31,2002,7600
A,PPS_EU27_2020_HAB,HU31,2003,8100
A,PPS_EU27_2020_HAB,HU31,2004,8500
A,PPS_EU27_2020_HAB,HU31,2005,9100
A,PPS_EU27_2020_HAB,HU31,2006,9300
A,PPS_EU27_2020_HAB,HU31,2007,9400
A,PPS_EU27_2020_HAB,HU31,2008,9800
A,PPS_EU27_2020_HAB,HU31,2009,9200
A,PPS_EU27_2020_HAB,HU31,2010,9800
A,PPS_EU27_2020_HAB,HU31,2011,10100
A,PPS_EU27_2020_HAB,HU31,2012,10100
A,PPS_EU27_2020_HAB,HU31,2013,11000
A,PPS_EU27_2020_HAB,HU31,2014,11500
A,PPS_EU27_2020_HAB,HU31,2015,12700
A,PPS_EU27_2020_HAB,HU31,2016,12900
A,PPS_EU27_2020_HAB,HU31,2017,14000
A,PPS_EU27_2020_HAB,HU31,2018,15000
A,PPS_EU27_2020_HAB,HU31,2019,15100
A,PPS_EU27_2020_HAB,HU31,2020,15200
A,PPS_EU27_2020_HAB,HU31,2021,16900
A,PPS_EU27_2020_HAB,HU31,2022,17600
A,PPS_EU27_2020_HAB,HU31,2023,18300
A,PPS_EU27_2020_HAB,HU31,2024,18900
A,PPS_EU27_2020_HAB,HU32,2000,6600
A,PPS_EU27_2020_HAB,HU32,2001,7600
A,PPS_EU27_2020_HAB,HU32,2002,8100
A,PPS_EU27_2020_HAB,HU32,2003,8600
A,PPS_EU27_2020_HAB,HU32,2004,8800
A,PPS_EU27_2020_HAB,HU32,2005,9100
A,PPS_EU27_2020_HAB,HU32,2006,9400
A,PPS_EU27_2020_HAB,HU32,2007,9300
A,PPS_EU27_2020_HAB,HU32,2008,10000
A,PPS_EU27_2020_HAB,HU32,2009,9900
A,PPS_EU27_2020_HAB,HU32,2010,10500
A,PPS_EU27_2020_HAB,HU32,2011,11100
A,PPS_EU27_2020_HAB,HU32,2012,11100
A,PPS_EU27_2020_HAB,HU32,2013,11500
A,PPS_EU27_2020_HAB,HU32,2014,11900
A,PPS_EU27_2020_HAB,HU32,2015,12300
A,PPS_EU27_2020_HAB,HU32,2016,12300
A,PPS_EU27_2020_HAB,HU32,2017,13000
A,PPS_EU27_2020_HAB,HU32,2018,14100
A,PPS_EU27_2020_HAB,HU32,2019,14900
A,PPS_EU27_2020_HAB,HU32,2020,14900
A,PPS_EU27_2020_HAB,HU32,2021,16200
A,PPS_EU27_2020_HAB,HU32,2022,17700
A,PPS_EU27_2020_HAB,HU32,2023,18900
A,PPS_EU27_2020_HAB,HU32,2024,19900
A,PPS_EU27_2020_HAB,HU33,2000,7200
A,PPS_EU27_2020_HAB,HU33,2001,8100
A,PPS_EU27_2020_HAB,HU33,2002,8600
A,PPS_EU27_2020_HAB,HU33,2003,9000
A,PPS_EU27_2020_HAB,HU33,2004,9400
A,PPS_EU27_2020_HAB,HU33,2005,9700
A,PPS_EU27_2020_HAB,HU33,2006,10000
A,PPS_EU27_2020_HAB,HU33,2007,10100
A,PPS_EU27_2020_HAB,HU33,2008,10900
A,PPS_EU27_2020_HAB,HU33,2009,10400
A,PPS_EU27_2020_HAB,HU33,2010,10900
A,PPS_EU27_2020_HAB,HU33,2011,11600
A,PPS_EU27_2020_HAB,HU33,2012,11800
A,PPS_EU27_2020_HAB,HU33,2013,12800
A,PPS_EU27_2020_HAB,HU33,2014,13000
A,PPS_EU27_2020_HAB,HU33,2015,13800
A,PPS_EU27_2020_HAB,HU33,2016,14100
A,PPS_EU27_2020_HAB,HU33,2017,14600
A,PPS_EU27_2020_HAB,HU33,2018,16000
A,PPS_EU27_2020_HAB,HU33,2019,16600
A,PPS_EU27_2020_HAB,HU33,2020,16700
A,PPS_EU27_2020_HAB,HU33,2021,18100
A,PPS_EU27_2020_HAB,HU33,2022,19700
A,PPS_EU27_2020_HAB,HU33,2023,20600
A,PPS_EU27_2020_HAB,HU33,2024,21000
A,PPS_EU27_2020_HAB,IE,2000,25100
A,PPS_EU27_2020_HAB,IE,2001,27000
A,PPS_EU27_2020_HAB,IE,2002,28900
A,PPS_EU27_2020_HAB,IE,2003,29800
A,PPS_EU27_2020_HAB,IE,2004,31700
A,PPS_EU27_2020_HAB,IE,2005,33100
A,PPS_EU27_2020_HAB,IE,2006,35200
A,PPS_EU27_2020_HAB,IE,2007,36900
A,PPS_EU27_2020_HAB,IE,2008,34200
A,PPS_EU27_2020_HAB,IE,2009,31300
A,PPS_EU27_2020_HAB,IE,2010,32700
A,PPS_EU27_2020_HAB,IE,2011,33900
A,PPS_EU27_2020_HAB,IE,2012,34500
A,PPS_EU27_2020_HAB,IE,2013,35200
A,PPS_EU27_2020_HAB,IE,2014,37700
A,PPS_EU27_2020_HAB,IE,2015,51500
A,PPS_EU27_2020_HAB,IE,2016,50800
A,PPS_EU27_2020_HAB,IE,2017,55300
A,PPS_EU27_2020_HAB,IE,2018,58700
A,PPS_EU27_2020_HAB,IE,2019,60000
A,PPS_EU27_2020_HAB,IE,2020,62500
A,PPS_EU27_2020_HAB,IE,2021,74700
A,PPS_EU27_2020_HAB,IE,2022,85700
A,PPS_EU27_2020_HAB,IE,2023,83600
A,PPS_EU27_2020_HAB,IE,2024,88500
A,PPS_EU27_2020_HAB,IE0,2000,25100
A,PPS_EU27_2020_HAB,IE0,2001,27000
A,PPS_EU27_2020_HAB,IE0,2002,28900
A,PPS_EU27_2020_HAB,IE0,2003,29800
A,PPS_EU27_2020_HAB,IE0,2004,31700
A,PPS_EU27_2020_HAB,IE0,2005,33100
A,PPS_EU27_2020_HAB,IE0,2006,35200
A,PPS_EU27_2020_HAB,IE0,2007,36900
A,PPS_EU27_2020_HAB,IE0,2008,34200
A,PPS_EU27_2020_HAB,IE0,2009,31300
A,PPS_EU27_2020_HAB,IE0,2010,32700
A,PPS_EU27_2020_HAB,IE0,2011,33900
A,PPS_EU27_2020_HAB,IE0,2012,34500
A,PPS_EU27_2020_HAB,IE0,2013,35200
A,PPS_EU27_2020_HAB,IE0,2014,37700
A,PPS_EU27_2020_HAB,IE0,2015,51500
A,PPS_EU27_2020_HAB,IE0,2016,50800
A,PPS_EU27_2020_HAB,IE0,2017,55300
A,PPS_EU27_2020_HAB,IE0,2018,58700
A,PPS_EU27_2020_HAB,IE0,2019,60000
A,PPS_EU27_2020_HAB,IE0,2020,62500
A,PPS_EU27_2020_HAB,IE0,2021,74700
A,PPS_EU27_2020_HAB,IE0,2022,85700
A,PPS_EU27_2020_HAB,IE0,2023,83600
A,PPS_EU27_2020_HAB,IE0,2024,88500
A,PPS_EU27_2020_HAB,IE04,2000,16800
A,PPS_EU27_2020_HAB,IE04,2001,18200
A,PPS_EU27_2020_HAB,IE04,2002,19300
A,PPS_EU27_2020_HAB,IE04,2003,19500
A,PPS_EU27_2020_HAB,IE04,2004,20700
A,PPS_EU27_2020_HAB,IE04,2005,22100
A,PPS_EU27_2020_HAB,IE04,2006,22900
A,PPS_EU27_2020_HAB,IE04,2007,25200
A,PPS_EU27_2020_HAB,IE04,2008,23700
A,PPS_EU27_2020_HAB,IE04,2009,19000
A,PPS_EU27_2020_HAB,IE04,2010,21600
A,PPS_EU27_2020_HAB,IE04,2011,20900
A,PPS_EU27_2020_HAB,IE04,2012,19900
A,PPS_EU27_2020_HAB,IE04,2013,20500
A,PPS_EU27_2020_HAB,IE04,2014,22100
A,PPS_EU27_2020_HAB,IE04,2015,23900
A,PPS_EU27_2020_HAB,IE04,2016,24000
A,PPS_EU27_2020_HAB,IE04,2017,24600
A,PPS_EU27_2020_HAB,IE04,2018,25300
A,PPS_EU27_2020_HAB,IE04,2019,26100
A,PPS_EU27_2020_HAB,IE04,2020,28800
A,PPS_EU27_2020_HAB,IE04,2021,33900
A,PPS_EU27_2020_HAB,IE04,2022,38100
A,PPS_EU27_2020_HAB,IE04,2023,40000
A,PPS_EU27_2020_HAB,IE04,2024,40000
A,PPS_EU27_2020_HAB,IE05,2000,22400
A,PPS_EU27_2020_HAB,IE05,2001,24400
A,PPS_EU27_2020_HAB,IE05,2002,26500
A,PPS_EU27_2020_HAB,IE05,2003,26600
A,PPS_EU27_2020_HAB,IE05,2004,27900
A,PPS_EU27_2020_HAB,IE05,2005,28600
A,PPS_EU27_2020_HAB,IE05,2006,30700
A,PPS_EU27_2020_HAB,IE05,2007,32200
A,PPS_EU27_2020_HAB,IE05,2008,28600
A,PPS_EU27_2020_HAB,IE05,2009,28100
A,PPS_EU27_2020_HAB,IE05,2010,28200
A,PPS_EU27_2020_HAB,IE05,2011,29800
A,PPS_EU27_2020_HAB,IE05,2012,29700
A,PPS_EU27_2020_HAB,IE05,2013,28200
A,PPS_EU27_2020_HAB,IE05,2014,30000
A,PPS_EU27_2020_HAB,IE05,2015,60500
A,PPS_EU27_2020_HAB,IE05,2016,55600
A,PPS_EU27_2020_HAB,IE05,2017,62200
A,PPS_EU27_2020_HAB,IE05,2018,63400
A,PPS_EU27_2020_HAB,IE05,2019,65400
A,PPS_EU27_2020_HAB,IE05,2020,68600
A,PPS_EU27_2020_HAB,IE05,2021,83300
A,PPS_EU27_2020_HAB,IE05,2022,97600
A,PPS_EU27_2020_HAB,IE05,2023,87900
A,PPS_EU27_2020_HAB,IE05,2024,86500
A,PPS_EU27_2020_HAB,IE06,2000,30200
A,PPS_EU27_2020_HAB,IE06,2001,32200
A,PPS_EU27_2020_HAB,IE06,2002,34200
A,PPS_EU27_2020_HAB,IE06,2003,36000
A,PPS_EU27_2020_HAB,IE06,2004,38600
A,PPS_EU27_2020_HAB,IE06,2005,40600
A,PPS_EU27_2020_HAB,IE06,2006,42900
A,PPS_EU27_2020_HAB,IE06,2007,44400
A,PPS_EU27_2020_HAB,IE06,2008,41900
A,PPS_EU27_2020_HAB,IE06,2009,38100
A,PPS_EU27_2020_HAB,IE06,2010,39900
A,PPS_EU27_2020_HAB,IE06,2011,41600
A,PPS_EU27_2020_HAB,IE06,2012,43300
A,PPS_EU27_2020_HAB,IE06,2013,45700
A,PPS_EU27_2020_HAB,IE06,2014,48900
A,PPS_EU27_2020_HAB,IE06,2015,55400
A,PPS_EU27_2020_HAB,IE06,2016,57200
A,PPS_EU27_2020_HAB,IE06,2017,61700
A,PPS_EU27_2020_HAB,IE06,2018,67500
A,PPS_EU27_2020_HAB,IE06,2019,68400
A,PPS_EU27_2020_HAB,IE06,2020,70400
A,PPS_EU27_2020_HAB,IE06,2021,83500
A,PPS_EU27_2020_HAB,IE06,2022,94600
A,PPS_EU27_2020_HAB,IE06,2023,96300
A,PPS_EU27_2020_HAB,IE06,2024,107200
A,PPS_EU27_2020_HAB,IT,2000,22600
A,PPS_EU27_2020_HAB,IT,2001,23300
A,PPS_EU27_2020_HAB,IT,2002,23600
A,PPS_EU27_2020_HAB,IT,2003,24000
A,PPS_EU27_2020_HAB,IT,2004,24200
A,PPS_EU27_2020_HAB,IT,2005,24700
A,PPS_EU27_2020_HAB,IT,2006,25800
A,PPS_EU27_2020_HAB,IT,2007,26900
A,PPS_EU27_2020_HAB,IT,2008,27500
A,PPS_EU27_2020_HAB,IT,2009,26000
A,PPS_EU27_2020_HAB,IT,2010,26500
A,PPS_EU27_2020_HAB,IT,2011,27100
A,PPS_EU27_2020_HAB,IT,2012,26800
A,PPS_EU27_2020_HAB,IT,2013,26300
A,PPS_EU27_2020_HAB,IT,2014,26300
A,PPS_EU27_2020_HAB,IT,2015,26900
A,PPS_EU27_2020_HAB,IT,2016,28100
A,PPS_EU27_2020_HAB,IT,2017,28900
A,PPS_EU27_2020_HAB,IT,2018,29600
A,PPS_EU27_2020_HAB,IT,2019,30300
A,PPS_EU27_2020_HAB,IT,2020,28400
A,PPS_EU27_2020_HAB,IT,2021,31800
A,PPS_EU27_2020_HAB,IT,2022,35300
A,PPS_EU27_2020_HAB,IT,2023,37700
A,PPS_EU27_2020_HAB,IT,2024,39000
A,PPS_EU27_2020_HAB,ITC,2000,27900
A,PPS_EU27_2020_HAB,ITC,2001,28700
A,PPS_EU27_2020_HAB,ITC,2002,29300
A,PPS_EU27_2020_HAB,ITC,2003,29800
A,PPS_EU27_2020_HAB,ITC,2004,29700
A,PPS_EU27_2020_HAB,ITC,2005,30300
A,PPS_EU27_2020_HAB,ITC,2006,31400
A,PPS_EU27_2020_HAB,ITC,2007,32800
A,PPS_EU27_2020_HAB,ITC,2008,34000
A,PPS_EU27_2020_HAB,ITC,2009,31600
A,PPS_EU27_2020_HAB,ITC,2010,32700
A,PPS_EU27_2020_HAB,ITC,2011,33500
A,PPS_EU27_2020_HAB,ITC,2012,32800
A,PPS_EU27_2020_HAB,ITC,2013,32200
A,PPS_EU27_2020_HAB,ITC,2014,32300
A,PPS_EU27_2020_HAB,ITC,2015,33100
A,PPS_EU27_2020_HAB,ITC,2016,34700
A,PPS_EU27_2020_HAB,ITC,2017,35800
A,PPS_EU27_2020_HAB,ITC,2018,36700
A,PPS_EU27_2020_HAB,ITC,2019,37400
A,PPS_EU27_2020_HAB,ITC,2020,35100
A,PPS_EU27_2020_HAB,ITC,2021,39600
A,PPS_EU27_2020_HAB,ITC,2022,43700
A,PPS_EU27_2020_HAB,ITC,2023,46700
A,PPS_EU27_2020_HAB,ITC,2024,48200
A,PPS_EU27_2020_HAB,ITC1,2000,24000
A,PPS_EU27_2020_HAB,ITC1,2001,24600
A,PPS_EU27_2020_HAB,ITC1,2002,25000
A,PPS_EU27_2020_HAB,ITC1,2003,25500
A,PPS_EU27_2020_HAB,ITC1,2004,25600
A,PPS_EU27_2020_HAB,ITC1,2005,26200
A,PPS_EU27_2020_HAB,ITC1,2006,27400
A,PPS_EU27_2020_HAB,ITC1,2007,28400
A,PPS_EU27_2020_HAB,ITC1,2008,28600
A,PPS_EU27_2020_HAB,ITC1,2009,26300
A,PPS_EU27_2020_HAB,ITC1,2010,27200
A,PPS_EU27_2020_HAB,ITC1,2011,28000
A,PPS_EU27_2020_HAB,ITC1,2012,27200
A,PPS_EU27_2020_HAB,ITC1,2013,27200
A,PPS_EU27_2020_HAB,ITC1,2014,26900
A,PPS_EU27_2020_HAB,ITC1,2015,27700
A,PPS_EU27_2020_HAB,ITC1,2016,29100
A,PPS_EU27_2020_HAB,ITC1,2017,30300
A,PPS_EU27_2020_HAB,ITC1,2018,31000
A,PPS_EU27_2020_HAB,ITC1,2019,31600
A,PPS_EU27_2020_HAB,ITC1,2020,29300
A,PPS_EU27_2020_HAB,ITC1,2021,32900
A,PPS_EU27_2020_HAB,ITC1,2022,36000
A,PPS_EU27_2020_HAB,ITC1,2023,38800
A,PPS_EU27_2020_HAB,ITC1,2024,40400
A,PPS_EU27_2020_HAB,ITC2,2000,29600
A,PPS_EU27_2020_HAB,ITC2,2001,30600
A,PPS_EU27_2020_HAB,ITC2,2002,31100
A,PPS_EU27_2020_HAB,ITC2,2003,32900
A,PPS_EU27_2020_HAB,ITC2,2004,32600
A,PPS_EU27_2020_HAB,ITC2,2005,33300
A,PPS_EU27_2020_HAB,ITC2,2006,34600
A,PPS_EU27_2020_HAB,ITC2,2007,35600
A,PPS_EU27_2020_HAB,ITC2,2008,37200
A,PPS_EU27_2020_HAB,ITC2,2009,35000
A,PPS_EU27_2020_HAB,ITC2,2010,36500
A,PPS_EU27_2020_HAB,ITC2,2011,37300
A,PPS_EU27_2020_HAB,ITC2,2012,37800
A,PPS_EU27_2020_HAB,ITC2,2013,35800
A,PPS_EU27_2020_HAB,ITC2,2014,35100
A,PPS_EU27_2020_HAB,ITC2,2015,35500
A,PPS_EU27_2020_HAB,ITC2,2016,35900
A,PPS_EU27_2020_HAB,ITC2,2017,37600
A,PPS_EU27_2020_HAB,ITC2,2018,38000
A,PPS_EU27_2020_HAB,ITC2,2019,38900
A,PPS_EU27_2020_HAB,ITC2,2020,36000
A,PPS_EU27_2020_HAB,ITC2,2021,39500
A,PPS_EU27_2020_HAB,ITC2,2022,45800
A,PPS_EU27_2020_HAB,ITC2,2023,48900
A,PPS_EU27_2020_HAB,ITC2,2024,49900
A,PPS_EU27_2020_HAB,ITC3,2000,23700
A,PPS_EU27_2020_HAB,ITC3,2001,24900
A,PPS_EU27_2020_HAB,ITC3,2002,24800
A,PPS_EU27_2020_HAB,ITC3,2003,25500
A,PPS_EU27_2020_HAB,ITC3,2004,25700
A,PPS_EU27_2020_HAB,ITC3,2005,26300
A,PPS_EU27_2020_HAB,ITC3,2006,27400
A,PPS_EU27_2020_HAB,ITC3,2007,29200
A,PPS_EU27_2020_HAB,ITC3,2008,30200
A,PPS_EU27_2020_HAB,ITC3,2009,28400
A,PPS_EU27_2020_HAB,ITC3,2010,28200
A,PPS_EU27_2020_HAB,ITC3,2011,28900
A,PPS_EU27_2020_HAB,ITC3,2012,28600
A,PPS_EU27_2020_HAB,ITC3,2013,28100
A,PPS_EU27_2020_HAB,ITC3,2014,28500
A,PPS_EU27_2020_HAB,ITC3,2015,29100
A,PPS_EU27_2020_HAB,ITC3,2016,30400
A,PPS_EU27_2020_HAB,ITC3,2017,31400
A,PPS_EU27_2020_HAB,ITC3,2018,31700
A,PPS_EU27_2020_HAB,ITC3,2019,32600
A,PPS_EU27_2020_HAB,ITC3,2020,29900
A,PPS_EU27_2020_HAB,ITC3,2021,33400
A,PPS_EU27_2020_HAB,ITC3,2022,36900
A,PPS_EU27_2020_HAB,ITC3,2023,40200
A,PPS_EU27_2020_HAB,ITC3,2024,40900
A,PPS_EU27_2020_HAB,ITC4,2000,30400
A,PPS_EU27_2020_HAB,ITC4,2001,31300
A,PPS_EU27_2020_HAB,ITC4,2002,32000
A,PPS_EU27_2020_HAB,ITC4,2003,32400
A,PPS_EU27_2020_HAB,ITC4,2004,32300
A,PPS_EU27_2020_HAB,ITC4,2005,32800
A,PPS_EU27_2020_HAB,ITC4,2006,33900
A,PPS_EU27_2020_HAB,ITC4,2007,35400
A,PPS_EU27_2020_HAB,ITC4,2008,37000
A,PPS_EU27_2020_HAB,ITC4,2009,34600
A,PPS_EU27_2020_HAB,ITC4,2010,35900
A,PPS_EU27_2020_HAB,ITC4,2011,36700
A,PPS_EU27_2020_HAB,ITC4,2012,36000
A,PPS_EU27_2020_HAB,ITC4,2013,35100
A,PPS_EU27_2020_HAB,ITC4,2014,35300
A,PPS_EU27_2020_HAB,ITC4,2015,36100
A,PPS_EU27_2020_HAB,ITC4,2016,37800
A,PPS_EU27_2020_HAB,ITC4,2017,38900
A,PPS_EU27_2020_HAB,ITC4,2018,39900
A,PPS_EU27_2020_HAB,ITC4,2019,40600
A,PPS_EU27_2020_HAB,ITC4,2020,38300
A,PPS_EU27_2020_HAB,ITC4,2021,43400
A,PPS_EU27_2020_HAB,ITC4,2022,47900
A,PPS_EU27_2020_HAB,ITC4,2023,50900
A,PPS_EU27_2020_HAB,ITC4,2024,52700
A,PPS_EU27_2020_HAB,ITF,2000,15200
A,PPS_EU27_2020_HAB,ITF,2001,15700
A,PPS_EU27_2020_HAB,ITF,2002,16000
A,PPS_EU27_2020_HAB,ITF,2003,16100
A,PPS_EU27_2020_HAB,ITF,2004,16100
A,PPS_EU27_2020_HAB,ITF,2005,16500
A,PPS_EU27_2020_HAB,ITF,2006,17400
A,PPS_EU27_2020_HAB,ITF,2007,18100
A,PPS_EU27_2020_HAB,ITF,2008,18400
A,PPS_EU27_2020_HAB,ITF,2009,17600
A,PPS_EU27_2020_HAB,ITF,2010,17600
A,PPS_EU27_2020_HAB,ITF,2011,18000
A,PPS_EU27_2020_HAB,ITF,2012,18000
A,PPS_EU27_2020_HAB,ITF,2013,17600
A,PPS_EU27_2020_HAB,ITF,2014,17400
A,PPS_EU27_2020_HAB,ITF,2015,17900
A,PPS_EU27_2020_HAB,ITF,2016,18600
A,PPS_EU27_2020_HAB,ITF,2017,19100
A,PPS_EU27_2020_HAB,ITF,2018,19400
A,PPS_EU27_2020_HAB,ITF,2019,20000
A,PPS_EU27_2020_HAB,ITF,2020,18800
A,PPS_EU27_2020_HAB,ITF,2021,21100
A,PPS_EU27_2020_HAB,ITF,2022,23500
A,PPS_EU27_2020_HAB,ITF,2023,25200
A,PPS_EU27_2020_HAB,ITF,2024,26200
A,PPS_EU27_2020_HAB,ITF1,2000,19600
A,PPS_EU27_2020_HAB,ITF1,2001,20300
A,PPS_EU27_2020_HAB,ITF1,2002,20300
A,PPS_EU27_2020_HAB,ITF1,2003,20300
A,PPS_EU27_2020_HAB,ITF1,2004,19700
A,PPS_EU27_2020_HAB,ITF1,2005,20500
A,PPS_EU27_2020_HAB,ITF1,2006,21500
A,PPS_EU27_2020_HAB,ITF1,2007,22500
A,PPS_EU27_2020_HAB,ITF1,2008,23200
A,PPS_EU27_2020_HAB,ITF1,2009,22000
A,PPS_EU27_2020_HAB,ITF1,2010,22600
A,PPS_EU27_2020_HAB,ITF1,2011,23700
A,PPS_EU27_2020_HAB,ITF1,2012,23800
A,PPS_EU27_2020_HAB,ITF1,2013,23200
A,PPS_EU27_2020_HAB,ITF1,2014,23000
A,PPS_EU27_2020_HAB,ITF1,2015,23400
A,PPS_EU27_2020_HAB,ITF1,2016,24100
A,PPS_EU27_2020_HAB,ITF1,2017,24900
A,PPS_EU27_2020_HAB,ITF1,2018,25100
A,PPS_EU27_2020_HAB,ITF1,2019,25600
A,PPS_EU27_2020_HAB,ITF1,2020,24000
A,PPS_EU27_2020_HAB,ITF1,2021,26800
A,PPS_EU27_2020_HAB,ITF1,2022,29800
A,PPS_EU27_2020_HAB,ITF1,2023,32300
A,PPS_EU27_2020_HAB,ITF1,2024,33600
A,PPS_EU27_2020_HAB,ITF2,2000,17600
A,PPS_EU27_2020_HAB,ITF2,2001,18300
A,PPS_EU27_2020_HAB,ITF2,2002,18500
A,PPS_EU27_2020_HAB,ITF2,2003,18600
A,PPS_EU27_2020_HAB,ITF2,2004,18900
A,PPS_EU27_2020_HAB,ITF2,2005,19400
A,PPS_EU27_2020_HAB,ITF2,2006,20900
A,PPS_EU27_2020_HAB,ITF2,2007,22000
A,PPS_EU27_2020_HAB,ITF2,2008,21800
A,PPS_EU27_2020_HAB,ITF2,2009,21100
A,PPS_EU27_2020_HAB,ITF2,2010,21000
A,PPS_EU27_2020_HAB,ITF2,2011,21200
A,PPS_EU27_2020_HAB,ITF2,2012,20700
A,PPS_EU27_2020_HAB,ITF2,2013,19400
A,PPS_EU27_2020_HAB,ITF2,2014,19100
A,PPS_EU27_2020_HAB,ITF2,2015,19600
A,PPS_EU27_2020_HAB,ITF2,2016,20400
A,PPS_EU27_2020_HAB,ITF2,2017,21100
A,PPS_EU27_2020_HAB,ITF2,2018,21600
A,PPS_EU27_2020_HAB,ITF2,2019,22500
A,PPS_EU27_2020_HAB,ITF2,2020,21200
A,PPS_EU27_2020_HAB,ITF2,2021,23800
A,PPS_EU27_2020_HAB,ITF2,2022,26100
A,PPS_EU27_2020_HAB,ITF2,2023,28200
A,PPS_EU27_2020_HAB,ITF2,2024,29000
A,PPS_EU27_2020_HAB,ITF3,2000,14900
A,PPS_EU27_2020_HAB,ITF3,2001,15500
A,PPS_EU27_2020_HAB,ITF3,2002,15900
A,PPS_EU27_2020_HAB,ITF3,2003,16000
A,PPS_EU27_2020_HAB,ITF3,2004,16100
A,PPS_EU27_2020_HAB,ITF3,2005,16400
A,PPS_EU27_2020_HAB,ITF3,2006,17200
A,PPS_EU27_2020_HAB,ITF3,2007,17900
A,PPS_EU27_2020_HAB,ITF3,2008,18200
A,PPS_EU27_2020_HAB,ITF3,2009,17500
A,PPS_EU27_2020_HAB,ITF3,2010,17300
A,PPS_EU27_2020_HAB,ITF3,2011,17300
A,PPS_EU27_2020_HAB,ITF3,2012,17400
A,PPS_EU27_2020_HAB,ITF3,2013,17000
A,PPS_EU27_2020_HAB,ITF3,2014,16900
A,PPS_EU27_2020_HAB,ITF3,2015,17400
A,PPS_EU27_2020_HAB,ITF3,2016,18100
A,PPS_EU27_2020_HAB,ITF3,2017,18600
A,PPS_EU27_2020_HAB,ITF3,2018,18800
A,PPS_EU27_2020_HAB,ITF3,2019,19500
A,PPS_EU27_2020_HAB,ITF3,2020,18300
A,PPS_EU27_2020_HAB,ITF3,2021,20300
A,PPS_EU27_2020_HAB,ITF3,2022,22800
A,PPS_EU27_2020_HAB,ITF3,2023,24600
A,PPS_EU27_2020_HAB,ITF3,2024,25700
A,PPS_EU27_2020_HAB,ITF4,2000,14700
A,PPS_EU27_2020_HAB,ITF4,2001,15100
A,PPS_EU27_2020_HAB,ITF4,2002,15200
A,PPS_EU27_2020_HAB,ITF4,2003,15400
A,PPS_EU27_2020_HAB,ITF4,2004,15500
A,PPS_EU27_2020_HAB,ITF4,2005,15800
A,PPS_EU27_2020_HAB,ITF4,2006,16600
A,PPS_EU27_2020_HAB,ITF4,2007,17100
A,PPS_EU27_2020_HAB,ITF4,2008,17100
A,PPS_EU27_2020_HAB,ITF4,2009,16400
A,PPS_EU27_2020_HAB,ITF4,2010,16700
A,PPS_EU27_2020_HAB,ITF4,2011,17200
A,PPS_EU27_2020_HAB,ITF4,2012,17300
A,PPS_EU27_2020_HAB,ITF4,2013,16800
A,PPS_EU27_2020_HAB,ITF4,2014,16800
A,PPS_EU27_2020_HAB,ITF4,2015,17300
A,PPS_EU27_2020_HAB,ITF4,2016,18000
A,PPS_EU27_2020_HAB,ITF4,2017,18500
A,PPS_EU27_2020_HAB,ITF4,2018,18900
A,PPS_EU27_2020_HAB,ITF4,2019,19400
A,PPS_EU27_2020_HAB,ITF4,2020,18400
A,PPS_EU27_2020_HAB,ITF4,2021,20700
A,PPS_EU27_2020_HAB,ITF4,2022,23000
A,PPS_EU27_2020_HAB,ITF4,2023,24500
A,PPS_EU27_2020_HAB,ITF4,2024,25500
A,PPS_EU27_2020_HAB,ITF5,2000,16200
A,PPS_EU27_2020_HAB,ITF5,2001,16600
A,PPS_EU27_2020_HAB,ITF5,2002,16800
A,PPS_EU27_2020_HAB,ITF5,2003,16800
A,PPS_EU27_2020_HAB,ITF5,2004,17000
A,PPS_EU27_2020_HAB,ITF5,2005,17200
A,PPS_EU27_2020_HAB,ITF5,2006,18500
A,PPS_EU27_2020_HAB,ITF5,2007,19500
A,PPS_EU27_2020_HAB,ITF5,2008,19900
A,PPS_EU27_2020_HAB,ITF5,2009,18600
A,PPS_EU27_2020_HAB,ITF5,2010,18400
A,PPS_EU27_2020_HAB,ITF5,2011,19200
A,PPS_EU27_2020_HAB,ITF5,2012,19200
A,PPS_EU27_2020_HAB,ITF5,2013,19600
A,PPS_EU27_2020_HAB,ITF5,2014,18800
A,PPS_EU27_2020_HAB,ITF5,2015,20500
A,PPS_EU27_2020_HAB,ITF5,2016,20900
A,PPS_EU27_2020_HAB,ITF5,2017,21300
A,PPS_EU27_2020_HAB,ITF5,2018,22500
A,PPS_EU27_2020_HAB,ITF5,2019,22600
A,PPS_EU27_2020_HAB,ITF5,2020,20800
A,PPS_EU27_2020_HAB,ITF5,2021,24400
A,PPS_EU27_2020_HAB,ITF5,2022,27000
A,PPS_EU27_2020_HAB,ITF5,2023,28800
A,PPS_EU27_2020_HAB,ITF5,2024,29700
A,PPS_EU27_2020_HAB,ITF6,2000,13400
A,PPS_EU27_2020_HAB,ITF6,2001,14000
A,PPS_EU27_2020_HAB,ITF6,2002,14100
A,PPS_EU27_2020_HAB,ITF6,2003,14400
A,PPS_EU27_2020_HAB,ITF6,2004,14800
A,PPS_EU27_2020_HAB,ITF6,2005,15200
A,PPS_EU27_2020_HAB,ITF6,2006,16000
A,PPS_EU27_2020_HAB,ITF6,2007,16600
A,PPS_EU27_2020_HAB,ITF6,2008,17100
A,PPS_EU27_2020_HAB,ITF6,2009,16500
A,PPS_EU27_2020_HAB,ITF6,2010,16500
A,PPS_EU27_2020_HAB,ITF6,2011,16700
A,PPS_EU27_2020_HAB,ITF6,2012,16600
A,PPS_EU27_2020_HAB,ITF6,2013,16200
A,PPS_EU27_2020_HAB,ITF6,2014,15900
A,PPS_EU27_2020_HAB,ITF6,2015,16200
A,PPS_EU27_2020_HAB,ITF6,2016,16800
A,PPS_EU27_2020_HAB,ITF6,2017,17300
A,PPS_EU27_2020_HAB,ITF6,2018,17300
A,PPS_EU27_2020_HAB,ITF6,2019,17800
A,PPS_EU27_2020_HAB,ITF6,2020,16800
A,PPS_EU27_2020_HAB,ITF6,2021,18800
A,PPS_EU27_2020_HAB,ITF6,2022,20600
A,PPS_EU27_2020_HAB,ITF6,2023,22000
A,PPS_EU27_2020_HAB,ITF6,2024,22800
A,PPS_EU27_2020_HAB,ITG,2000,14400
A,PPS_EU27_2020_HAB,ITG,2001,15100
A,PPS_EU27_2020_HAB,ITG,2002,15200
A,PPS_EU27_2020_HAB,ITG,2003,15700
A,PPS_EU27_2020_HAB,ITG,2004,15700
A,PPS_EU27_2020_HAB,ITG,2005,16300
A,PPS_EU27_2020_HAB,ITG,2006,17100
A,PPS_EU27_2020_HAB,ITG,2007,17700
A,PPS_EU27_2020_HAB,ITG,2008,18200
A,PPS_EU27_2020_HAB,ITG,2009,17500
A,PPS_EU27_2020_HAB,ITG,2010,17500
A,PPS_EU27_2020_HAB,ITG,2011,17600
A,PPS_EU27_2020_HAB,ITG,2012,17700
A,PPS_EU27_2020_HAB,ITG,2013,17300
A,PPS_EU27_2020_HAB,ITG,2014,16900
A,PPS_EU27_2020_HAB,ITG,2015,17400
A,PPS_EU27_2020_HAB,ITG,2016,17800
A,PPS_EU27_2020_HAB,ITG,2017,18400
A,PPS_EU27_2020_HAB,ITG,2018,18600
A,PPS_EU27_2020_HAB,ITG,2019,19100
A,PPS_EU27_2020_HAB,ITG,2020,18200
A,PPS_EU27_2020_HAB,ITG,2021,20300
A,PPS_EU27_2020_HAB,ITG,2022,23000
A,PPS_EU27_2020_HAB,ITG,2023,24200
A,PPS_EU27_2020_HAB,ITG,2024,25600
A,PPS_EU27_2020_HAB,ITG1,2000,14100
A,PPS_EU27_2020_HAB,ITG1,2001,14700
A,PPS_EU27_2020_HAB,ITG1,2002,14900
A,PPS_EU27_2020_HAB,ITG1,2003,15300
A,PPS_EU27_2020_HAB,ITG1,2004,15300
A,PPS_EU27_2020_HAB,ITG1,2005,16000
A,PPS_EU27_2020_HAB,ITG1,2006,16800
A,PPS_EU27_2020_HAB,ITG1,2007,17200
A,PPS_EU27_2020_HAB,ITG1,2008,17600
A,PPS_EU27_2020_HAB,ITG1,2009,16900
A,PPS_EU27_2020_HAB,ITG1,2010,16900
A,PPS_EU27_2020_HAB,ITG1,2011,17000
A,PPS_EU27_2020_HAB,ITG1,2012,17000
A,PPS_EU27_2020_HAB,ITG1,2013,16700
A,PPS_EU27_2020_HAB,ITG1,2014,16200
A,PPS_EU27_2020_HAB,ITG1,2015,16600
A,PPS_EU27_2020_HAB,ITG1,2016,17100
A,PPS_EU27_2020_HAB,ITG1,2017,17600
A,PPS_EU27_2020_HAB,ITG1,2018,17800
A,PPS_EU27_2020_HAB,ITG1,2019,18300
A,PPS_EU27_2020_HAB,ITG1,2020,17400
A,PPS_EU27_2020_HAB,ITG1,2021,19500
A,PPS_EU27_2020_HAB,ITG1,2022,22200
A,PPS_EU27_2020_HAB,ITG1,2023,23100
A,PPS_EU27_2020_HAB,ITG1,2024,24500
A,PPS_EU27_2020_HAB,ITG2,2000,15400
A,PPS_EU27_2020_HAB,ITG2,2001,16100
A,PPS_EU27_2020_HAB,ITG2,2002,16200
A,PPS_EU27_2020_HAB,ITG2,2003,16800
A,PPS_EU27_2020_HAB,ITG2,2004,17000
A,PPS_EU27_2020_HAB,ITG2,2005,17400
A,PPS_EU27_2020_HAB,ITG2,2006,18400
A,PPS_EU27_2020_HAB,ITG2,2007,19000
A,PPS_EU27_2020_HAB,ITG2,2008,19700
A,PPS_EU27_2020_HAB,ITG2,2009,19100
A,PPS_EU27_2020_HAB,ITG2,2010,19200
A,PPS_EU27_2020_HAB,ITG2,2011,19600
A,PPS_EU27_2020_HAB,ITG2,2012,19700
A,PPS_EU27_2020_HAB,ITG2,2013,19100
A,PPS_EU27_2020_HAB,ITG2,2014,19000
A,PPS_EU27_2020_HAB,ITG2,2015,19800
A,PPS_EU27_2020_HAB,ITG2,2016,20000
A,PPS_EU27_2020_HAB,ITG2,2017,20600
A,PPS_EU27_2020_HAB,ITG2,2018,21000
A,PPS_EU27_2020_HAB,ITG2,2019,21700
A,PPS_EU27_2020_HAB,ITG2,2020,20400
A,PPS_EU27_2020_HAB,ITG2,2021,22900
A,PPS_EU27_2020_HAB,ITG2,2022,25600
A,PPS_EU27_2020_HAB,ITG2,2023,27600
A,PPS_EU27_2020_HAB,ITG2,2024,29000
A,PPS_EU27_2020_HAB,ITH,2000,26800
A,PPS_EU27_2020_HAB,ITH,2001,27300
A,PPS_EU27_2020_HAB,ITH,2002,27400
A,PPS_EU27_2020_HAB,ITH,2003,27800
A,PPS_EU27_2020_HAB,ITH,2004,28000
A,PPS_EU27_2020_HAB,ITH,2005,28500
A,PPS_EU27_2020_HAB,ITH,2006,29900
A,PPS_EU27_2020_HAB,ITH,2007,31300
A,PPS_EU27_2020_HAB,ITH,2008,31600
A,PPS_EU27_2020_HAB,ITH,2009,29800
A,PPS_EU27_2020_HAB,ITH,2010,30300
A,PPS_EU27_2020_HAB,ITH,2011,31400
A,PPS_EU27_2020_HAB,ITH,2012,31100
A,PPS_EU27_2020_HAB,ITH,2013,30900
A,PPS_EU27_2020_HAB,ITH,2014,31000
A,PPS_EU27_2020_HAB,ITH,2015,31800
A,PPS_EU27_2020_HAB,ITH,2016,33300
A,PPS_EU27_2020_HAB,ITH,2017,34300
A,PPS_EU27_2020_HAB,ITH,2018,35100
A,PPS_EU27_2020_HAB,ITH,2019,36000
A,PPS_EU27_2020_HAB,ITH,2020,33600
A,PPS_EU27_2020_HAB,ITH,2021,37700
A,PPS_EU27_2020_HAB,ITH,2022,41600
A,PPS_EU27_2020_HAB,ITH,2023,44400
A,PPS_EU27_2020_HAB,ITH,2024,45600
A,PPS_EU27_2020_HAB,ITH1,2000,32800
A,PPS_EU27_2020_HAB,ITH1,2001,33200
A,PPS_EU27_2020_HAB,ITH1,2002,32900
A,PPS_EU27_2020_HAB,ITH1,2003,33600
A,PPS_EU27_2020_HAB,ITH1,2004,34500
A,PPS_EU27_2020_HAB,ITH1,2005,34700
A,PPS_EU27_2020_HAB,ITH1,2006,36600
A,PPS_EU27_2020_HAB,ITH1,2007,38300
A,PPS_EU27_2020_HAB,ITH1,2008,39700
A,PPS_EU27_2020_HAB,ITH1,2009,38700
A,PPS_EU27_2020_HAB,ITH1,2010,39700
A,PPS_EU27_2020_HAB,ITH1,2011,40900
A,PPS_EU27_2020_HAB,ITH1,2012,42500
A,PPS_EU27_2020_HAB,ITH1,2013,42300
A,PPS_EU27_2020_HAB,ITH1,2014,42100
A,PPS_EU27_2020_HAB,ITH1,2015,43000
A,PPS_EU27_2020_HAB,ITH1,2016,44600
A,PPS_EU27_2020_HAB,ITH1,2017,46100
A,PPS_EU27_2020_HAB,ITH1,2018,47700
A,PPS_EU27_2020_HAB,ITH1,2019,49400
A,PPS_EU27_2020_HAB,ITH1,2020,46100
A,PPS_EU27_2020_HAB,ITH1,2021,50800
A,PPS_EU27_2020_HAB,ITH1,2022,58300
A,PPS_EU27_2020_HAB,ITH1,2023,63800
A,PPS_EU27_2020_HAB,ITH1,2024,64200
A,PPS_EU27_2020_HAB,ITH2,2000,29800
A,PPS_EU27_2020_HAB,ITH2,2001,30500
A,PPS_EU27_2020_HAB,ITH2,2002,30600
A,PPS_EU27_2020_HAB,ITH2,2003,30900
A,PPS_EU27_2020_HAB,ITH2,2004,30700
A,PPS_EU27_2020_HAB,ITH2,2005,31000
A,PPS_EU27_2020_HAB,ITH2,2006,32200
A,PPS_EU27_2020_HAB,ITH2,2007,33800
A,PPS_EU27_2020_HAB,ITH2,2008,34400
A,PPS_EU27_2020_HAB,ITH2,2009,33200
A,PPS_EU27_2020_HAB,ITH2,2010,33700
A,PPS_EU27_2020_HAB,ITH2,2011,34500
A,PPS_EU27_2020_HAB,ITH2,2012,34500
A,PPS_EU27_2020_HAB,ITH2,2013,34800
A,PPS_EU27_2020_HAB,ITH2,2014,34200
A,PPS_EU27_2020_HAB,ITH2,2015,34200
A,PPS_EU27_2020_HAB,ITH2,2016,35300
A,PPS_EU27_2020_HAB,ITH2,2017,36100
A,PPS_EU27_2020_HAB,ITH2,2018,37400
A,PPS_EU27_2020_HAB,ITH2,2019,38700
A,PPS_EU27_2020_HAB,ITH2,2020,36700
A,PPS_EU27_2020_HAB,ITH2,2021,40200
A,PPS_EU27_2020_HAB,ITH2,2022,45700
A,PPS_EU27_2020_HAB,ITH2,2023,48500
A,PPS_EU27_2020_HAB,ITH2,2024,49900
A,PPS_EU27_2020_HAB,ITH3,2000,25700
A,PPS_EU27_2020_HAB,ITH3,2001,26200
A,PPS_EU27_2020_HAB,ITH3,2002,26100
A,PPS_EU27_2020_HAB,ITH3,2003,26800
A,PPS_EU27_2020_HAB,ITH3,2004,27100
A,PPS_EU27_2020_HAB,ITH3,2005,27600
A,PPS_EU27_2020_HAB,ITH3,2006,28700
A,PPS_EU27_2020_HAB,ITH3,2007,29900
A,PPS_EU27_2020_HAB,ITH3,2008,30000
A,PPS_EU27_2020_HAB,ITH3,2009,28400
A,PPS_EU27_2020_HAB,ITH3,2010,28900
A,PPS_EU27_2020_HAB,ITH3,2011,30000
A,PPS_EU27_2020_HAB,ITH3,2012,29600
A,PPS_EU27_2020_HAB,ITH3,2013,29300
A,PPS_EU27_2020_HAB,ITH3,2014,29400
A,PPS_EU27_2020_HAB,ITH3,2015,30200
A,PPS_EU27_2020_HAB,ITH3,2016,31900
A,PPS_EU27_2020_HAB,ITH3,2017,32900
A,PPS_EU27_2020_HAB,ITH3,2018,33500
A,PPS_EU27_2020_HAB,ITH3,2019,34500
A,PPS_EU27_2020_HAB,ITH3,2020,31800
A,PPS_EU27_2020_HAB,ITH3,2021,35700
A,PPS_EU27_2020_HAB,ITH3,2022,39600
A,PPS_EU27_2020_HAB,ITH3,2023,42200
A,PPS_EU27_2020_HAB,ITH3,2024,43400
A,PPS_EU27_2020_HAB,ITH4,2000,24100
A,PPS_EU27_2020_HAB,ITH4,2001,25000
A,PPS_EU27_2020_HAB,ITH4,2002,25200
A,PPS_EU27_2020_HAB,ITH4,2003,25000
A,PPS_EU27_2020_HAB,ITH4,2004,25100
A,PPS_EU27_2020_HAB,ITH4,2005,26000
A,PPS_EU27_2020_HAB,ITH4,2006,27400
A,PPS_EU27_2020_HAB,ITH4,2007,28800
A,PPS_EU27_2020_HAB,ITH4,2008,28800
A,PPS_EU27_2020_HAB,ITH4,2009,26800
A,PPS_EU27_2020_HAB,ITH4,2010,27800
A,PPS_EU27_2020_HAB,ITH4,2011,28600
A,PPS_EU27_2020_HAB,ITH4,2012,27900
A,PPS_EU27_2020_HAB,ITH4,2013,27800
A,PPS_EU27_2020_HAB,ITH4,2014,27700
A,PPS_EU27_2020_HAB,ITH4,2015,28600
A,PPS_EU27_2020_HAB,ITH4,2016,29700
A,PPS_EU27_2020_HAB,ITH4,2017,30400
A,PPS_EU27_2020_HAB,ITH4,2018,31300
A,PPS_EU27_2020_HAB,ITH4,2019,32400
A,PPS_EU27_2020_HAB,ITH4,2020,30600
A,PPS_EU27_2020_HAB,ITH4,2021,34500
A,PPS_EU27_2020_HAB,ITH4,2022,37300
A,PPS_EU27_2020_HAB,ITH4,2023,39100
A,PPS_EU27_2020_HAB,ITH4,2024,40800
A,PPS_EU27_2020_HAB,ITH5,2000,27800
A,PPS_EU27_2020_HAB,ITH5,2001,28300
A,PPS_EU27_2020_HAB,ITH5,2002,28500
A,PPS_EU27_2020_HAB,ITH5,2003,28700
A,PPS_EU27_2020_HAB,ITH5,2004,28800
A,PPS_EU27_2020_HAB,ITH5,2005,29300
A,PPS_EU27_2020_HAB,ITH5,2006,31000
A,PPS_EU27_2020_HAB,ITH5,2007,32500
A,PPS_EU27_2020_HAB,ITH5,2008,33000
A,PPS_EU27_2020_HAB,ITH5,2009,30600
A,PPS_EU27_2020_HAB,ITH5,2010,31100
A,PPS_EU27_2020_HAB,ITH5,2011,32400
A,PPS_EU27_2020_HAB,ITH5,2012,31900
A,PPS_EU27_2020_HAB,ITH5,2013,31800
A,PPS_EU27_2020_HAB,ITH5,2014,32000
A,PPS_EU27_2020_HAB,ITH5,2015,32700
A,PPS_EU27_2020_HAB,ITH5,2016,34400
A,PPS_EU27_2020_HAB,ITH5,2017,35400
A,PPS_EU27_2020_HAB,ITH5,2018,36100
A,PPS_EU27_2020_HAB,ITH5,2019,36700
A,PPS_EU27_2020_HAB,ITH5,2020,34500
A,PPS_EU27_2020_HAB,ITH5,2021,38900
A,PPS_EU27_2020_HAB,ITH5,2022,42500
A,PPS_EU27_2020_HAB,ITH5,2023,45400
A,PPS_EU27_2020_HAB,ITH5,2024,46600
A,PPS_EU27_2020_HAB,ITI,2000,25400
A,PPS_EU27_2020_HAB,ITI,2001,26400
A,PPS_EU27_2020_HAB,ITI,2002,27100
A,PPS_EU27_2020_HAB,ITI,2003,27400
A,PPS_EU27_2020_HAB,ITI,2004,27800
A,PPS_EU27_2020_HAB,ITI,2005,28300
A,PPS_EU27_2020_HAB,ITI,2006,29600
A,PPS_EU27_2020_HAB,ITI,2007,30800
A,PPS_EU27_2020_HAB,ITI,2008,31100
A,PPS_EU27_2020_HAB,ITI,2009,29900
A,PPS_EU27_2020_HAB,ITI,2010,30000
A,PPS_EU27_2020_HAB,ITI,2011,30600
A,PPS_EU27_2020_HAB,ITI,2012,30000
A,PPS_EU27_2020_HAB,ITI,2013,29200
A,PPS_EU27_2020_HAB,ITI,2014,29100
A,PPS_EU27_2020_HAB,ITI,2015,29400
A,PPS_EU27_2020_HAB,ITI,2016,31000
A,PPS_EU27_2020_HAB,ITI,2017,31700
A,PPS_EU27_2020_HAB,ITI,2018,32300
A,PPS_EU27_2020_HAB,ITI,2019,33400
A,PPS_EU27_2020_HAB,ITI,2020,30700
A,PPS_EU27_2020_HAB,ITI,2021,33900
A,PPS_EU27_2020_HAB,ITI,2022,38200
A,PPS_EU27_2020_HAB,ITI,2023,40500
A,PPS_EU27_2020_HAB,ITI,2024,41800
A,PPS_EU27_2020_HAB,ITI1,2000,23900
A,PPS_EU27_2020_HAB,ITI1,2001,24600
A,PPS_EU27_2020_HAB,ITI1,2002,25000
A,PPS_EU27_2020_HAB,ITI1,2003,25400
A,PPS_EU27_2020_HAB,ITI1,2004,25400
A,PPS_EU27_2020_HAB,ITI1,2005,25800
A,PPS_EU27_2020_HAB,ITI1,2006,27000
A,PPS_EU27_2020_HAB,ITI1,2007,28300
A,PPS_EU27_2020_HAB,ITI1,2008,28700
A,PPS_EU27_2020_HAB,ITI1,2009,27600
A,PPS_EU27_2020_HAB,ITI1,2010,27800
A,PPS_EU27_2020_HAB,ITI1,2011,28500
A,PPS_EU27_2020_HAB,ITI1,2012,28500
A,PPS_EU27_2020_HAB,ITI1,2013,28000
A,PPS_EU27_2020_HAB,ITI1,2014,28200
A,PPS_EU27_2020_HAB,ITI1,2015,28700
A,PPS_EU27_2020_HAB,ITI1,2016,29900
A,PPS_EU27_2020_HAB,ITI1,2017,30800
A,PPS_EU27_2020_HAB,ITI1,2018,31600
A,PPS_EU27_2020_HAB,ITI1,2019,33200
A,PPS_EU27_2020_HAB,ITI1,2020,29600
A,PPS_EU27_2020_HAB,ITI1,2021,33100
A,PPS_EU27_2020_HAB,ITI1,2022,37200
A,PPS_EU27_2020_HAB,ITI1,2023,39500
A,PPS_EU27_2020_HAB,ITI1,2024,41000
A,PPS_EU27_2020_HAB,ITI2,2000,21800
A,PPS_EU27_2020_HAB,ITI2,2001,22600
A,PPS_EU27_2020_HAB,ITI2,2002,22600
A,PPS_EU27_2020_HAB,ITI2,2003,22900
A,PPS_EU27_2020_HAB,ITI2,2004,22900
A,PPS_EU27_2020_HAB,ITI2,2005,23200
A,PPS_EU27_2020_HAB,ITI2,2006,24400
A,PPS_EU27_2020_HAB,ITI2,2007,25400
A,PPS_EU27_2020_HAB,ITI2,2008,25800
A,PPS_EU27_2020_HAB,ITI2,2009,23800
A,PPS_EU27_2020_HAB,ITI2,2010,24100
A,PPS_EU27_2020_HAB,ITI2,2011,24500
A,PPS_EU27_2020_HAB,ITI2,2012,23900
A,PPS_EU27_2020_HAB,ITI2,2013,23300
A,PPS_EU27_2020_HAB,ITI2,2014,22700
A,PPS_EU27_2020_HAB,ITI2,2015,23500
A,PPS_EU27_2020_HAB,ITI2,2016,24200
A,PPS_EU27_2020_HAB,ITI2,2017,25000
A,PPS_EU27_2020_HAB,ITI2,2018,25800
A,PPS_EU27_2020_HAB,ITI2,2019,26300
A,PPS_EU27_2020_HAB,ITI2,2020,24400
A,PPS_EU27_2020_HAB,ITI2,2021,27200
A,PPS_EU27_2020_HAB,ITI2,2022,30100
A,PPS_EU27_2020_HAB,ITI2,2023,32600
A,PPS_EU27_2020_HAB,ITI2,2024,34000
A,PPS_EU27_2020_HAB,ITI3,2000,21200
A,PPS_EU27_2020_HAB,ITI3,2001,22000
A,PPS_EU27_2020_HAB,ITI3,2002,22700
A,PPS_EU27_2020_HAB,ITI3,2003,22800
A,PPS_EU27_2020_HAB,ITI3,2004,22900
A,PPS_EU27_2020_HAB,ITI3,2005,23400
A,PPS_EU27_2020_HAB,ITI3,2006,24800
A,PPS_EU27_2020_HAB,ITI3,2007,26000
A,PPS_EU27_2020_HAB,ITI3,2008,25900
A,PPS_EU27_2020_HAB,ITI3,2009,24700
A,PPS_EU27_2020_HAB,ITI3,2010,24700
A,PPS_EU27_2020_HAB,ITI3,2011,25200
A,PPS_EU27_2020_HAB,ITI3,2012,24800
A,PPS_EU27_2020_HAB,ITI3,2013,24200
A,PPS_EU27_2020_HAB,ITI3,2014,24700
A,PPS_EU27_2020_HAB,ITI3,2015,25000
A,PPS_EU27_2020_HAB,ITI3,2016,26100
A,PPS_EU27_2020_HAB,ITI3,2017,26800
A,PPS_EU27_2020_HAB,ITI3,2018,27400
A,PPS_EU27_2020_HAB,ITI3,2019,28200
A,PPS_EU27_2020_HAB,ITI3,2020,26300
A,PPS_EU27_2020_HAB,ITI3,2021,29500
A,PPS_EU27_2020_HAB,ITI3,2022,32600
A,PPS_EU27_2020_HAB,ITI3,2023,34500
A,PPS_EU27_2020_HAB,ITI3,2024,35700
A,PPS_EU27_2020_HAB,ITI4,2000,28300
A,PPS_EU27_2020_HAB,ITI4,2001,29600
A,PPS_EU27_2020_HAB,ITI4,2002,30500
A,PPS_EU27_2020_HAB,ITI4,2003,30800
A,PPS_EU27_2020_HAB,ITI4,2004,31600
A,PPS_EU27_2020_HAB,ITI4,2005,32200
A,PPS_EU27_2020_HAB,ITI4,2006,33400
A,PPS_EU27_2020_HAB,ITI4,2007,34800
A,PPS_EU27_2020_HAB,ITI4,2008,35000
A,PPS_EU27_2020_HAB,ITI4,2009,33900
A,PPS_EU27_2020_HAB,ITI4,2010,33800
A,PPS_EU27_2020_HAB,ITI4,2011,34400
A,PPS_EU27_2020_HAB,ITI4,2012,33400
A,PPS_EU27_2020_HAB,ITI4,2013,32400
A,PPS_EU27_2020_HAB,ITI4,2014,32000
A,PPS_EU27_2020_HAB,ITI4,2015,32000
A,PPS_EU27_2020_HAB,ITI4,2016,34000
A,PPS_EU27_2020_HAB,ITI4,2017,34500
A,PPS_EU27_2020_HAB,ITI4,2018,35000
A,PPS_EU27_2020_HAB,ITI4,2019,36000
A,PPS_EU27_2020_HAB,ITI4,2020,33600
A,PPS_EU27_2020_HAB,ITI4,2021,36500
A,PPS_EU27_2020_HAB,ITI4,2022,41500
A,PPS_EU27_2020_HAB,ITI4,2023,43800
A,PPS_EU27_2020_HAB,ITI4,2024,45100
A,PPS_EU27_2020_HAB,LT,2000,7000
A,PPS_EU27_2020_HAB,LT,2001,7800
A,PPS_EU27_2020_HAB,LT,2002,8600
A,PPS_EU27_2020_HAB,LT,2003,9900
A,PPS_EU27_2020_HAB,LT,2004,10700
A,PPS_EU27_2020_HAB,LT,2005,11900
A,PPS_EU27_2020_HAB,LT,2006,13100
A,PPS_EU27_2020_HAB,LT,2007,15100
A,PPS_EU27_2020_HAB,LT,2008,16100
A,PPS_EU27_2020_HAB,LT,2009,13700
A,PPS_EU27_2020_HAB,LT,2010,15000
A,PPS_EU27_2020_HAB,LT,2011,16900
A,PPS_EU27_2020_HAB,LT,2012,18100
A,PPS_EU27_2020_HAB,LT,2013,19200
A,PPS_EU27_2020_HAB,LT,2014,20100
A,PPS_EU27_2020_HAB,LT,2015,20700
A,PPS_EU27_2020_HAB,LT,2016,21400
A,PPS_EU27_2020_HAB,LT,2017,23100
A,PPS_EU27_2020_HAB,LT,2018,24700
A,PPS_EU27_2020_HAB,LT,2019,26400
A,PPS_EU27_2020_HAB,LT,2020,26400
A,PPS_EU27_2020_HAB,LT,2021,29300
A,PPS_EU27_2020_HAB,LT,2022,31300
A,PPS_EU27_2020_HAB,LT,2023,32900
A,PPS_EU27_2020_HAB,LT,2024,34900
A,PPS_EU27_2020_HAB,LT0,2000,7000
A,PPS_EU27_2020_HAB,LT0,2001,7800
A,PPS_EU27_2020_HAB,LT0,2002,8600
A,PPS_EU27_2020_HAB,LT0,2003,9900
A,PPS_EU27_2020_HAB,LT0,2004,10700
A,PPS_EU27_2020_HAB,LT0,2005,11900
A,PPS_EU27_2020_HAB,LT0,2006,13100
A,PPS_EU27_2020_HAB,LT0,2007,15100
A,PPS_EU27_2020_HAB,LT0,2008,16100
A,PPS_EU27_2020_HAB,LT0,2009,13700
A,PPS_EU27_2020_HAB,LT0,2010,15000
A,PPS_EU27_2020_HAB,LT0,2011,16900
A,PPS_EU27_2020_HAB,LT0,2012,18100
A,PPS_EU27_2020_HAB,LT0,2013,19200
A,PPS_EU27_2020_HAB,LT0,2014,20100
A,PPS_EU27_2020_HAB,LT0,2015,20700
A,PPS_EU27_2020_HAB,LT0,2016,21400
A,PPS_EU27_2020_HAB,LT0,2017,23100
A,PPS_EU27_2020_HAB,LT0,2018,24700
A,PPS_EU27_2020_HAB,LT0,2019,26400
A,PPS_EU27_2020_HAB,LT0,2020,26400
A,PPS_EU27_2020_HAB,LT0,2021,29300
A,PPS_EU27_2020_HAB,LT0,2022,31300
A,PPS_EU27_2020_HAB,LT0,2023,32900
A,PPS_EU27_2020_HAB,LT0,2024,34900
A,PPS_EU27_2020_HAB,LT01,2000,9700
A,PPS_EU27_2020_HAB,LT01,2001,11000
A,PPS_EU27_2020_HAB,LT01,2002,12600
A,PPS_EU27_2020_HAB,LT01,2003,14500
A,PPS_EU27_2020_HAB,LT01,2004,15600
A,PPS_EU27_2020_HAB,LT01,2005,17400
A,PPS_EU27_2020_HAB,LT01,2006,19800
A,PPS_EU27_2020_HAB,LT01,2007,23200
A,PPS_EU27_2020_HAB,LT01,2008,24100
A,PPS_EU27_2020_HAB,LT01,2009,20300
A,PPS_EU27_2020_HAB,LT01,2010,21900
A,PPS_EU27_2020_HAB,LT01,2011,24100
A,PPS_EU27_2020_HAB,LT01,2012,26000
A,PPS_EU27_2020_HAB,LT01,2013,27900
A,PPS_EU27_2020_HAB,LT01,2014,29500
A,PPS_EU27_2020_HAB,LT01,2015,30500
A,PPS_EU27_2020_HAB,LT01,2016,31400
A,PPS_EU27_2020_HAB,LT01,2017,33500
A,PPS_EU27_2020_HAB,LT01,2018,36500
A,PPS_EU27_2020_HAB,LT01,2019,39300
A,PPS_EU27_2020_HAB,LT01,2020,39000
A,PPS_EU27_2020_HAB,LT01,2021,43700
A,PPS_EU27_2020_HAB,LT01,2022,46500
A,PPS_EU27_2020_HAB,LT01,2023,50100
A,PPS_EU27_2020_HAB,LT01,2024,53000
A,PPS_EU27_2020_HAB,LT02,2000,6200
A,PPS_EU27_2020_HAB,LT02,2001,6800
A,PPS_EU27_2020_HAB,LT02,2002,7300
A,PPS_EU27_2020_HAB,LT02,2003,8400
A,PPS_EU27_2020_HAB,LT02,2004,9100
A,PPS_EU27_2020_HAB,LT02,2005,10000
A,PPS_EU27_2020_HAB,LT02,2006,10800
A,PPS_EU27_2020_HAB,LT02,2007,12300
A,PPS_EU27_2020_HAB,LT02,2008,13300
A,PPS_EU27_2020_HAB,LT02,2009,11400
A,PPS_EU27_2020_HAB,LT02,2010,12500
A,PPS_EU27_2020_HAB,LT02,2011,14300
A,PPS_EU27_2020_HAB,LT02,2012,15300
A,PPS_EU27_2020_HAB,LT02,2013,15900
A,PPS_EU27_2020_HAB,LT02,2014,16600
A,PPS_EU27_2020_HAB,LT02,2015,17000
A,PPS_EU27_2020_HAB,LT02,2016,17500
A,PPS_EU27_2020_HAB,LT02,2017,19000
A,PPS_EU27_2020_HAB,LT02,2018,20100
A,PPS_EU27_2020_HAB,LT02,2019,21200
A,PPS_EU27_2020_HAB,LT02,2020,21300
A,PPS_EU27_2020_HAB,LT02,2021,23400
A,PPS_EU27_2020_HAB,LT02,2022,24900
A,PPS_EU27_2020_HAB,LT02,2023,25600
A,PPS_EU27_2020_HAB,LT02,2024,27100
A,PPS_EU27_2020_HAB,LU,2000,45700
A,PPS_EU27_2020_HAB,LU,2001,46400
A,PPS_EU27_2020_HAB,LU,2002,48000
A,PPS_EU27_2020_HAB,LU,2003,49400
A,PPS_EU27_2020_HAB,LU,2004,52800
A,PPS_EU27_2020_HAB,LU,2005,56300
A,PPS_EU27_2020_HAB,LU,2006,62700
A,PPS_EU27_2020_HAB,LU,2007,67100
A,PPS_EU27_2020_HAB,LU,2008,70500
A,PPS_EU27_2020_HAB,LU,2009,65600
A,PPS_EU27_2020_HAB,LU,2010,68300
A,PPS_EU27_2020_HAB,LU,2011,70300
A,PPS_EU27_2020_HAB,LU,2012,71300
A,PPS_EU27_2020_HAB,LU,2013,72600
A,PPS_EU27_2020_HAB,LU,2014,75200
A,PPS_EU27_2020_HAB,LU,2015,77600
A,PPS_EU27_2020_HAB,LU,2016,78500
A,PPS_EU27_2020_HAB,LU,2017,78900
A,PPS_EU27_2020_HAB,LU,2018,79000
A,PPS_EU27_2020_HAB,LU,2019,78700
A,PPS_EU27_2020_HAB,LU,2020,77900
A,PPS_EU27_2020_HAB,LU,2021,87100
A,PPS_EU27_2020_HAB,LU,2022,90400
A,PPS_EU27_2020_HAB,LU,2023,95100
A,PPS_EU27_2020_HAB,LU,2024,97700
A,PPS_EU27_2020_HAB,LU0,2000,45700
A,PPS_EU27_2020_HAB,LU0,2001,46400
A,PPS_EU27_2020_HAB,LU0,2002,48000
A,PPS_EU27_2020_HAB,LU0,2003,49400
A,PPS_EU27_2020_HAB,LU0,2004,52800
A,PPS_EU27_2020_HAB,LU0,2005,56300
A,PPS_EU27_2020_HAB,LU0,2006,62700
A,PPS_EU27_2020_HAB,LU0,2007,67100
A,PPS_EU27_2020_HAB,LU0,2008,70500
A,PPS_EU27_2020_HAB,LU0,2009,65600
A,PPS_EU27_2020_HAB,LU0,2010,68300
A,PPS_EU27_2020_HAB,LU0,2011,70300
A,PPS_EU27_2020_HAB,LU0,2012,71300
A,PPS_EU27_2020_HAB,LU0,2013,72600
A,PPS_EU27_2020_HAB,LU0,2014,75200
A,PPS_EU27_2020_HAB,LU0,2015,77600
A,PPS_EU27_2020_HAB,LU0,2016,78500
A,PPS_EU27_2020_HAB,LU0,2017,78900
A,PPS_EU27_2020_HAB,LU0,2018,79000
A,PPS_EU27_2020_HAB,LU0,2019,78700
A,PPS_EU27_2020_HAB,LU0,2020,77900
A,PPS_EU27_2020_HAB,LU0,2021,87100
A,PPS_EU27_2020_HAB,LU0,2022,90400
A,PPS_EU27_2020_HAB,LU0,2023,95100
A,PPS_EU27_2020_HAB,LU0,2024,97700
A,PPS_EU27_2020_HAB,LU00,2000,45700
A,PPS_EU27_2020_HAB,LU00,2001,46400
A,PPS_EU27_2020_HAB,LU00,2002,48000
A,PPS_EU27_2020_HAB,LU00,2003,49400
A,PPS_EU27_2020_HAB,LU00,2004,52800
A,PPS_EU27_2020_HAB,LU00,2005,56300
A,PPS_EU27_2020_HAB,LU00,2006,62700
A,PPS_EU27_2020_HAB,LU00,2007,67100
A,PPS_EU27_2020_HAB,LU00,2008,70500
A,PPS_EU27_2020_HAB,LU00,2009,65600
A,PPS_EU27_2020_HAB,LU00,2010,68300
A,PPS_EU27_2020_HAB,LU00,2011,70300
A,PPS_EU27_2020_HAB,LU00,2012,71300
A,PPS_EU27_2020_HAB,LU00,2013,72600
A,PPS_EU27_2020_HAB,LU00,2014,75200
A,PPS_EU27_2020_HAB,LU00,2015,77600
A,PPS_EU27_2020_HAB,LU00,2016,78500
A,PPS_EU27_2020_HAB,LU00,2017,78900
A,PPS_EU27_2020_HAB,LU00,2018,79000
A,PPS_EU27_2020_HAB,LU00,2019,78700
A,PPS_EU27_2020_HAB,LU00,2020,77900
A,PPS_EU27_2020_HAB,LU00,2021,87100
A,PPS_EU27_2020_HAB,LU00,2022,90400
A,PPS_EU27_2020_HAB,LU00,2023,95100
A,PPS_EU27_2020_HAB,LU00,2024,97700
A,PPS_EU27_2020_HAB,LV,2000,6500
A,PPS_EU27_2020_HAB,LV,2001,7300
A,PPS_EU27_2020_HAB,LV,2002,8000
A,PPS_EU27_2020_HAB,LV,2003,8700
A,PPS_EU27_2020_HAB,LV,2004,9600
A,PPS_EU27_2020_HAB,LV,2005,10900
A,PPS_EU27_2020_HAB,LV,2006,11900
A,PPS_EU27_2020_HAB,LV,2007,13600
A,PPS_EU27_2020_HAB,LV,2008,14500
A,PPS_EU27_2020_HAB,LV,2009,12500
A,PPS_EU27_2020_HAB,LV,2010,13100
A,PPS_EU27_2020_HAB,LV,2011,13900
A,PPS_EU27_2020_HAB,LV,2012,15100
A,PPS_EU27_2020_HAB,LV,2013,15800
A,PPS_EU27_2020_HAB,LV,2014,16500
A,PPS_EU27_2020_HAB,LV,2015,17400
A,PPS_EU27_2020_HAB,LV,2016,17900
A,PPS_EU27_2020_HAB,LV,2017,19000
A,PPS_EU27_2020_HAB,LV,2018,20200
A,PPS_EU27_2020_HAB,LV,2019,20900
A,PPS_EU27_2020_HAB,LV,2020,20900
A,PPS_EU27_2020_HAB,LV,2021,23500
A,PPS_EU27_2020_HAB,LV,2022,24900
A,PPS_EU27_2020_HAB,LV,2023,26800
A,PPS_EU27_2020_HAB,LV,2024,27300
A,PPS_EU27_2020_HAB,LV0,2000,6500
A,PPS_EU27_2020_HAB,LV0,2001,7300
A,PPS_EU27_2020_HAB,LV0,2002,8000
A,PPS_EU27_2020_HAB,LV0,2003,8700
A,PPS_EU27_2020_HAB,LV0,2004,9600
A,PPS_EU27_2020_HAB,LV0,2005,10900
A,PPS_EU27_2020_HAB,LV0,2006,11900
A,PPS_EU27_2020_HAB,LV0,2007,13600
A,PPS_EU27_2020_HAB,LV0,2008,14400
A,PPS_EU27_2020_HAB,LV0,2009,12500
A,PPS_EU27_2020_HAB,LV0,2010,13100
A,PPS_EU27_2020_HAB,LV0,2011,13900
A,PPS_EU27_2020_HAB,LV0,2012,15100
A,PPS_EU27_2020_HAB,LV0,2013,15800
A,PPS_EU27_2020_HAB,LV0,2014,16400
A,PPS_EU27_2020_HAB,LV0,2015,17300
A,PPS_EU27_2020_HAB,LV0,2016,17900
A,PPS_EU27_2020_HAB,LV0,2017,19000
A,PPS_EU27_2020_HAB,LV0,2018,20200
A,PPS_EU27_2020_HAB,LV0,2019,20900
A,PPS_EU27_2020_HAB,LV0,2020,20900
A,PPS_EU27_2020_HAB,LV0,2021,23500
A,PPS_EU27_2020_HAB,LV0,2022,24900
A,PPS_EU27_2020_HAB,LV0,2023,26700
A,PPS_EU27_2020_HAB,LV0,2024,27300
A,PPS_EU27_2020_HAB,LV00,2000,6500
A,PPS_EU27_2020_HAB,LV00,2001,7300
A,PPS_EU27_2020_HAB,LV00,2002,8000
A,PPS_EU27_2020_HAB,LV00,2003,8700
A,PPS_EU27_2020_HAB,LV00,2004,9600
A,PPS_EU27_2020_HAB,LV00,2005,10900
A,PPS_EU27_2020_HAB,LV00,2006,11900
A,PPS_EU27_2020_HAB,LV00,2007,13600
A,PPS_EU27_2020_HAB,LV00,2008,14400
A,PPS_EU27_2020_HAB,LV00,2009,12500
A,PPS_EU27_2020_HAB,LV00,2010,13100
A,PPS_EU27_2020_HAB,LV00,2011,13900
A,PPS_EU27_2020_HAB,LV00,2012,15100
A,PPS_EU27_2020_HAB,LV00,2013,15800
A,PPS_EU27_2020_HAB,LV00,2014,16400
A,PPS_EU27_2020_HAB,LV00,2015,17300
A,PPS_EU27_2020_HAB,LV00,2016,17900
A,PPS_EU27_2020_HAB,LV00,2017,19000
A,PPS_EU27_2020_HAB,LV00,2018,20200
A,PPS_EU27_2020_HAB,LV00,2019,20900
A,PPS_EU27_2020_HAB,LV00,2020,20900
A,PPS_EU27_2020_HAB,LV00,2021,23500
A,PPS_EU27_2020_HAB,LV00,2022,24900
A,PPS_EU27_2020_HAB,LV00,2023,26700
A,PPS_EU27_2020_HAB,LV00,2024,27300
A,PPS_EU27_2020_HAB,ME,2006,8300
A,PPS_EU27_2020_HAB,ME,2007,9800
A,PPS_EU27_2020_HAB,ME,2008,10700
A,PPS_EU27_2020_HAB,ME,2009,9800
A,PPS_EU27_2020_HAB,ME,2010,10300
A,PPS_EU27_2020_HAB,ME,2011,10700
A,PPS_EU27_2020_HAB,ME,2012,10200
A,PPS_EU27_2020_HAB,ME,2013,10600
A,PPS_EU27_2020_HAB,ME,2014,10900
A,PPS_EU27_2020_HAB,ME,2015,11600
A,PPS_EU27_2020_HAB,ME,2016,12500
A,PPS_EU27_2020_HAB,ME,2017,13300
A,PPS_EU27_2020_HAB,ME,2018,14300
A,PPS_EU27_2020_HAB,ME,2019,15400
A,PPS_EU27_2020_HAB,ME,2020,13200
A,PPS_EU27_2020_HAB,ME,2021,15100
A,PPS_EU27_2020_HAB,ME,2022,17300
A,PPS_EU27_2020_HAB,ME,2023,19900
A,PPS_EU27_2020_HAB,ME,2024,21400
A,PPS_EU27_2020_HAB,ME0,2006,8300
A,PPS_EU27_2020_HAB,ME0,2007,9800
A,PPS_EU27_2020_HAB,ME0,2008,10700
A,PPS_EU27_2020_HAB,ME0,2009,9800
A,PPS_EU27_2020_HAB,ME0,2010,10300
A,PPS_EU27_2020_HAB,ME0,2011,10700
A,PPS_EU27_2020_HAB,ME0,2012,10200
A,PPS_EU27_2020_HAB,ME0,2013,10600
A,PPS_EU27_2020_HAB,ME0,2014,10900
A,PPS_EU27_2020_HAB,ME0,2015,11600
A,PPS_EU27_2020_HAB,ME0,2016,12500
A,PPS_EU27_2020_HAB,ME0,2017,13300
A,PPS_EU27_2020_HAB,ME0,2018,14300
A,PPS_EU27_2020_HAB,ME0,2019,15400
A,PPS_EU27_2020_HAB,ME0,2020,13200
A,PPS_EU27_2020_HAB,ME0,2021,15100
A,PPS_EU27_2020_HAB,ME0,2022,17300
A,PPS_EU27_2020_HAB,ME0,2023,19900
A,PPS_EU27_2020_HAB,ME0,2024,21400
A,PPS_EU27_2020_HAB,ME00,2006,8300
A,PPS_EU27_2020_HAB,ME00,2007,9800
A,PPS_EU27_2020_HAB,ME00,2008,10700
A,PPS_EU27_2020_HAB,ME00,2009,9800
A,PPS_EU27_2020_HAB,ME00,2010,10300
A,PPS_EU27_2020_HAB,ME00,2011,10700
A,PPS_EU27_2020_HAB,ME00,2012,10200
A,PPS_EU27_2020_HAB,ME00,2013,10600
A,PPS_EU27_2020_HAB,ME00,2014,10900
A,PPS_EU27_2020_HAB,ME00,2015,11600
A,PPS_EU27_2020_HAB,ME00,2016,12500
A,PPS_EU27_2020_HAB,ME00,2017,13300
A,PPS_EU27_2020_HAB,ME00,2018,14300
A,PPS_EU27_2020_HAB,ME00,2019,15400
A,PPS_EU27_2020_HAB,ME00,2020,13200
A,PPS_EU27_2020_HAB,ME00,2021,15100
A,PPS_EU27_2020_HAB,ME00,2022,17300
A,PPS_EU27_2020_HAB,ME00,2023,19900
A,PPS_EU27_2020_HAB,ME00,2024,21400
A,PPS_EU27_2020_HAB,MK,2000,5100
A,PPS_EU27_2020_HAB,MK,2001,5000
A,PPS_EU27_2020_HAB,MK,2002,5200
A,PPS_EU27_2020_HAB,MK,2003,5400
A,PPS_EU27_2020_HAB,MK,2004,5900
A,PPS_EU27_2020_HAB,MK,2005,6500
A,PPS_EU27_2020_HAB,MK,2006,7100
A,PPS_EU27_2020_HAB,MK,2007,7600
A,PPS_EU27_2020_HAB,MK,2008,8500
A,PPS_EU27_2020_HAB,MK,2009,8700
A,PPS_EU27_2020_HAB,MK,2010,9100
A,PPS_EU27_2020_HAB,MK,2011,9300
A,PPS_EU27_2020_HAB,MK,2012,9400
A,PPS_EU27_2020_HAB,MK,2013,9900
A,PPS_EU27_2020_HAB,MK,2014,10400
A,PPS_EU27_2020_HAB,MK,2015,10800
A,PPS_EU27_2020_HAB,MK,2016,11400
A,PPS_EU27_2020_HAB,MK,2017,11800
A,PPS_EU27_2020_HAB,MK,2018,12500
A,PPS_EU27_2020_HAB,MK,2019,13200
A,PPS_EU27_2020_HAB,MK,2020,12700
A,PPS_EU27_2020_HAB,MK,2021,14100
A,PPS_EU27_2020_HAB,MK,2022,14900
A,PPS_EU27_2020_HAB,MK,2023,15800
A,PPS_EU27_2020_HAB,MK,2024,16900
A,PPS_EU27_2020_HAB,MK0,2000,5100
A,PPS_EU27_2020_HAB,MK0,2001,5000
A,PPS_EU27_2020_HAB,MK0,2002,5200
A,PPS_EU27_2020_HAB,MK0,2003,5400
A,PPS_EU27_2020_HAB,MK0,2004,5900
A,PPS_EU27_2020_HAB,MK0,2005,6500
A,PPS_EU27_2020_HAB,MK0,2006,7100
A,PPS_EU27_2020_HAB,MK0,2007,7600
A,PPS_EU27_2020_HAB,MK0,2008,8500
A,PPS_EU27_2020_HAB,MK0,2009,8700
A,PPS_EU27_2020_HAB,MK0,2010,9100
A,PPS_EU27_2020_HAB,MK0,2011,9300
A,PPS_EU27_2020_HAB,MK0,2012,9400
A,PPS_EU27_2020_HAB,MK0,2013,9900
A,PPS_EU27_2020_HAB,MK0,2014,10400
A,PPS_EU27_2020_HAB,MK0,2015,10800
A,PPS_EU27_2020_HAB,MK0,2016,11400
A,PPS_EU27_2020_HAB,MK0,2017,11800
A,PPS_EU27_2020_HAB,MK0,2018,12500
A,PPS_EU27_2020_HAB,MK0,2019,13200
A,PPS_EU27_2020_HAB,MK0,2020,12700
A,PPS_EU27_2020_HAB,MK0,2021,14100
A,PPS_EU27_2020_HAB,MK0,2022,14900
A,PPS_EU27_2020_HAB,MK0,2023,15800
A,PPS_EU27_2020_HAB,MK0,2024,16900
A,PPS_EU27_2020_HAB,MK00,2000,5100
A,PPS_EU27_2020_HAB,MK00,2001,5000
A,PPS_EU27_2020_HAB,MK00,2002,5200
A,PPS_EU27_2020_HAB,MK00,2003,5400
A,PPS_EU27_2020_HAB,MK00,2004,5900
A,PPS_EU27_2020_HAB,MK00,2005,6500
A,PPS_EU27_2020_HAB,MK00,2006,7100
A,PPS_EU27_2020_HAB,MK00,2007,7600
A,PPS_EU27_2020_HAB,MK00,2008,8500
A,PPS_EU27_2020_HAB,MK00,2009,8700
A,PPS_EU27_2020_HAB,MK00,2010,9100
A,PPS_EU27_2020_HAB,MK00,2011,9300
A,PPS_EU27_2020_HAB,MK00,2012,9400
A,PPS_EU27_2020_HAB,MK00,2013,9900
A,PPS_EU27_2020_HAB,MK00,2014,10400
A,PPS_EU27_2020_HAB,MK00,2015,10800
A,PPS_EU27_2020_HAB,MK00,2016,11400
A,PPS_EU27_2020_HAB,MK00,2017,11800
A,PPS_EU27_2020_HAB,MK00,2018,12500
A,PPS_EU27_2020_HAB,MK00,2019,13200
A,PPS_EU27_2020_HAB,MK00,2020,12700
A,PPS_EU27_2020_HAB,MK00,2021,14100
A,PPS_EU27_2020_HAB,MK00,2022,14900
A,PPS_EU27_2020_HAB,MK00,2023,15800
A,PPS_EU27_2020_HAB,MK00,2024,16900
A,PPS_EU27_2020_HAB,MT,2000,15300
A,PPS_EU27_2020_HAB,MT,2001,15300
A,PPS_EU27_2020_HAB,MT,2002,16000
A,PPS_EU27_2020_HAB,MT,2003,17100
A,PPS_EU27_2020_HAB,MT,2004,17600
A,PPS_EU27_2020_HAB,MT,2005,18200
A,PPS_EU27_2020_HAB,MT,2006,18500
A,PPS_EU27_2020_HAB,MT,2007,19700
A,PPS_EU27_2020_HAB,MT,2008,20700
A,PPS_EU27_2020_HAB,MT,2009,20200
A,PPS_EU27_2020_HAB,MT,2010,21900
A,PPS_EU27_2020_HAB,MT,2011,21900
A,PPS_EU27_2020_HAB,MT,2012,22700
A,PPS_EU27_2020_HAB,MT,2013,23900
A,PPS_EU27_2020_HAB,MT,2014,25200
A,PPS_EU27_2020_HAB,MT,2015,27600
A,PPS_EU27_2020_HAB,MT,2016,28500
A,PPS_EU27_2020_HAB,MT,2017,31400
A,PPS_EU27_2020_HAB,MT,2018,32600
A,PPS_EU27_2020_HAB,MT,2019,33400
A,PPS_EU27_2020_HAB,MT,2020,31900
A,PPS_EU27_2020_HAB,MT,2021,36200
A,PPS_EU27_2020_HAB,MT,2022,37400
A,PPS_EU27_2020_HAB,MT,2023,41800
A,PPS_EU27_2020_HAB,MT,2024,43900
A,PPS_EU27_2020_HAB,MT0,2000,15300
A,PPS_EU27_2020_HAB,MT0,2001,15200
A,PPS_EU27_2020_HAB,MT0,2002,16000
A,PPS_EU27_2020_HAB,MT0,2003,17100
A,PPS_EU27_2020_HAB,MT0,2004,17600
A,PPS_EU27_2020_HAB,MT0,2005,18200
A,PPS_EU27_2020_HAB,MT0,2006,18400
A,PPS_EU27_2020_HAB,MT0,2007,19700
A,PPS_EU27_2020_HAB,MT0,2008,20600
A,PPS_EU27_2020_HAB,MT0,2009,20200
A,PPS_EU27_2020_HAB,MT0,2010,21800
A,PPS_EU27_2020_HAB,MT0,2011,21900
A,PPS_EU27_2020_HAB,MT0,2012,22700
A,PPS_EU27_2020_HAB,MT0,2013,23900
A,PPS_EU27_2020_HAB,MT0,2014,25200
A,PPS_EU27_2020_HAB,MT0,2015,27500
A,PPS_EU27_2020_HAB,MT0,2016,28400
A,PPS_EU27_2020_HAB,MT0,2017,31400
A,PPS_EU27_2020_HAB,MT0,2018,32600
A,PPS_EU27_2020_HAB,MT0,2019,33300
A,PPS_EU27_2020_HAB,MT0,2020,31900
A,PPS_EU27_2020_HAB,MT0,2021,36200
A,PPS_EU27_2020_HAB,MT0,2022,37300
A,PPS_EU27_2020_HAB,MT0,2023,41800
A,PPS_EU27_2020_HAB,MT0,2024,43800
A,PPS_EU27_2020_HAB,MT00,2000,15300
A,PPS_EU27_2020_HAB,MT00,2001,15200
A,PPS_EU27_2020_HAB,MT00,2002,16000
A,PPS_EU27_2020_HAB,MT00,2003,17100
A,PPS_EU27_2020_HAB,MT00,2004,17600
A,PPS_EU27_2020_HAB,MT00,2005,18200
A,PPS_EU27_2020_HAB,MT00,2006,18400
A,PPS_EU27_2020_HAB,MT00,2007,19700
A,PPS_EU27_2020_HAB,MT00,2008,20600
A,PPS_EU27_2020_HAB,MT00,2009,20200
A,PPS_EU27_2020_HAB,MT00,2010,21800
A,PPS_EU27_2020_HAB,MT00,2011,21900
A,PPS_EU27_2020_HAB,MT00,2012,22700
A,PPS_EU27_2020_HAB,MT00,2013,23900
A,PPS_EU27_2020_HAB,MT00,2014,25200
A,PPS_EU27_2020_HAB,MT00,2015,27500
A,PPS_EU27_2020_HAB,MT00,2016,28400
A,PPS_EU27_2020_HAB,MT00,2017,31400
A,PPS_EU27_2020_HAB,MT00,2018,32600
A,PPS_EU27_2020_HAB,MT00,2019,33300
A,PPS_EU27_2020_HAB,MT00,2020,31900
A,PPS_EU27_2020_HAB,MT00,2021,36200
A,PPS_EU27_2020_HAB,MT00,2022,37300
A,PPS_EU27_2020_HAB,MT00,2023,41800
A,PPS_EU27_2020_HAB,MT00,2024,43800
A,PPS_EU27_2020_HAB,NL,2000,26500
A,PPS_EU27_2020_HAB,NL,2001,27500
A,PPS_EU27_2020_HAB,NL,2002,28300
A,PPS_EU27_2020_HAB,NL,2003,28200
A,PPS_EU27_2020_HAB,NL,2004,29400
A,PPS_EU27_2020_HAB,NL,2005,30900
A,PPS_EU27_2020_HAB,NL,2006,32800
A,PPS_EU27_2020_HAB,NL,2007,34900
A,PPS_EU27_2020_HAB,NL,2008,36300
A,PPS_EU27_2020_HAB,NL,2009,33900
A,PPS_EU27_2020_HAB,NL,2010,34300
A,PPS_EU27_2020_HAB,NL,2011,35000
A,PPS_EU27_2020_HAB,NL,2012,35200
A,PPS_EU27_2020_HAB,NL,2013,35800
A,PPS_EU27_2020_HAB,NL,2014,35700
A,PPS_EU27_2020_HAB,NL,2015,36600
A,PPS_EU27_2020_HAB,NL,2016,36900
A,PPS_EU27_2020_HAB,NL,2017,38500
A,PPS_EU27_2020_HAB,NL,2018,39900
A,PPS_EU27_2020_HAB,NL,2019,40500
A,PPS_EU27_2020_HAB,NL,2020,40000
A,PPS_EU27_2020_HAB,NL,2021,43700
A,PPS_EU27_2020_HAB,NL,2022,48500
A,PPS_EU27_2020_HAB,NL,2023,50200
A,PPS_EU27_2020_HAB,NL,2024,53500
A,PPS_EU27_2020_HAB,NL1,2000,22500
A,PPS_EU27_2020_HAB,NL1,2001,23800
A,PPS_EU27_2020_HAB,NL1,2002,24300
A,PPS_EU27_2020_HAB,NL1,2003,24400
A,PPS_EU27_2020_HAB,NL1,2004,25100
A,PPS_EU27_2020_HAB,NL1,2005,27300
A,PPS_EU27_2020_HAB,NL1,2006,29300
A,PPS_EU27_2020_HAB,NL1,2007,30500
A,PPS_EU27_2020_HAB,NL1,2008,33600
A,PPS_EU27_2020_HAB,NL1,2009,30400
A,PPS_EU27_2020_HAB,NL1,2010,31100
A,PPS_EU27_2020_HAB,NL1,2011,32100
A,PPS_EU27_2020_HAB,NL1,2012,33000
A,PPS_EU27_2020_HAB,NL1,2013,34000
A,PPS_EU27_2020_HAB,NL1,2014,31700
A,PPS_EU27_2020_HAB,NL1,2015,30600
A,PPS_EU27_2020_HAB,NL1,2016,29500
A,PPS_EU27_2020_HAB,NL1,2017,30700
A,PPS_EU27_2020_HAB,NL1,2018,31700
A,PPS_EU27_2020_HAB,NL1,2019,31800
A,PPS_EU27_2020_HAB,NL1,2020,31000
A,PPS_EU27_2020_HAB,NL1,2021,34400
A,PPS_EU27_2020_HAB,NL1,2022,40500
A,PPS_EU27_2020_HAB,NL1,2023,39700
A,PPS_EU27_2020_HAB,NL1,2024,41500
A,PPS_EU27_2020_HAB,NL11,2000,27900
A,PPS_EU27_2020_HAB,NL11,2001,30100
A,PPS_EU27_2020_HAB,NL11,2002,30900
A,PPS_EU27_2020_HAB,NL11,2003,31400
A,PPS_EU27_2020_HAB,NL11,2004,32400
A,PPS_EU27_2020_HAB,NL11,2005,36600
A,PPS_EU27_2020_HAB,NL11,2006,40200
A,PPS_EU27_2020_HAB,NL11,2007,40400
A,PPS_EU27_2020_HAB,NL11,2008,47800
A,PPS_EU27_2020_HAB,NL11,2009,41900
A,PPS_EU27_2020_HAB,NL11,2010,43400
A,PPS_EU27_2020_HAB,NL11,2011,44800
A,PPS_EU27_2020_HAB,NL11,2012,47100
A,PPS_EU27_2020_HAB,NL11,2013,49600
A,PPS_EU27_2020_HAB,NL11,2014,43000
A,PPS_EU27_2020_HAB,NL11,2015,39400
A,PPS_EU27_2020_HAB,NL11,2016,36600
A,PPS_EU27_2020_HAB,NL11,2017,38000
A,PPS_EU27_2020_HAB,NL11,2018,38500
A,PPS_EU27_2020_HAB,NL11,2019,37800
A,PPS_EU27_2020_HAB,NL11,2020,35400
A,PPS_EU27_2020_HAB,NL11,2021,40100
A,PPS_EU27_2020_HAB,NL11,2022,50600
A,PPS_EU27_2020_HAB,NL11,2023,46100
A,PPS_EU27_2020_HAB,NL11,2024,46800
A,PPS_EU27_2020_HAB,NL12,2000,19700
A,PPS_EU27_2020_HAB,NL12,2001,20600
A,PPS_EU27_2020_HAB,NL12,2002,20700
A,PPS_EU27_2020_HAB,NL12,2003,20900
A,PPS_EU27_2020_HAB,NL12,2004,21400
A,PPS_EU27_2020_HAB,NL12,2005,22600
A,PPS_EU27_2020_HAB,NL12,2006,23800
A,PPS_EU27_2020_HAB,NL12,2007,25600
A,PPS_EU27_2020_HAB,NL12,2008,26300
A,PPS_EU27_2020_HAB,NL12,2009,24900
A,PPS_EU27_2020_HAB,NL12,2010,25200
A,PPS_EU27_2020_HAB,NL12,2011,26100
A,PPS_EU27_2020_HAB,NL12,2012,25900
A,PPS_EU27_2020_HAB,NL12,2013,25800
A,PPS_EU27_2020_HAB,NL12,2014,25700
A,PPS_EU27_2020_HAB,NL12,2015,26100
A,PPS_EU27_2020_HAB,NL12,2016,26100
A,PPS_EU27_2020_HAB,NL12,2017,27300
A,PPS_EU27_2020_HAB,NL12,2018,28300
A,PPS_EU27_2020_HAB,NL12,2019,29000
A,PPS_EU27_2020_HAB,NL12,2020,29300
A,PPS_EU27_2020_HAB,NL12,2021,32100
A,PPS_EU27_2020_HAB,NL12,2022,36500
A,PPS_EU27_2020_HAB,NL12,2023,36900
A,PPS_EU27_2020_HAB,NL12,2024,39100
A,PPS_EU27_2020_HAB,NL13,2000,19600
A,PPS_EU27_2020_HAB,NL13,2001,20400
A,PPS_EU27_2020_HAB,NL13,2002,21000
A,PPS_EU27_2020_HAB,NL13,2003,20700
A,PPS_EU27_2020_HAB,NL13,2004,21300
A,PPS_EU27_2020_HAB,NL13,2005,22300
A,PPS_EU27_2020_HAB,NL13,2006,23600
A,PPS_EU27_2020_HAB,NL13,2007,25300
A,PPS_EU27_2020_HAB,NL13,2008,26300
A,PPS_EU27_2020_HAB,NL13,2009,24200
A,PPS_EU27_2020_HAB,NL13,2010,24400
A,PPS_EU27_2020_HAB,NL13,2011,25100
A,PPS_EU27_2020_HAB,NL13,2012,25800
A,PPS_EU27_2020_HAB,NL13,2013,26200
A,PPS_EU27_2020_HAB,NL13,2014,26000
A,PPS_EU27_2020_HAB,NL13,2015,26000
A,PPS_EU27_2020_HAB,NL13,2016,25600
A,PPS_EU27_2020_HAB,NL13,2017,26700
A,PPS_EU27_2020_HAB,NL13,2018,28000
A,PPS_EU27_2020_HAB,NL13,2019,28400
A,PPS_EU27_2020_HAB,NL13,2020,28100
A,PPS_EU27_2020_HAB,NL13,2021,30900
A,PPS_EU27_2020_HAB,NL13,2022,33800
A,PPS_EU27_2020_HAB,NL13,2023,35600
A,PPS_EU27_2020_HAB,NL13,2024,38300
A,PPS_EU27_2020_HAB,NL2,2000,21900
A,PPS_EU27_2020_HAB,NL2,2001,22800
A,PPS_EU27_2020_HAB,NL2,2002,23400
A,PPS_EU27_2020_HAB,NL2,2003,23400
A,PPS_EU27_2020_HAB,NL2,2004,24200
A,PPS_EU27_2020_HAB,NL2,2005,25300
A,PPS_EU27_2020_HAB,NL2,2006,27100
A,PPS_EU27_2020_HAB,NL2,2007,28900
A,PPS_EU27_2020_HAB,NL2,2008,29900
A,PPS_EU27_2020_HAB,NL2,2009,28500
A,PPS_EU27_2020_HAB,NL2,2010,28500
A,PPS_EU27_2020_HAB,NL2,2011,29300
A,PPS_EU27_2020_HAB,NL2,2012,29000
A,PPS_EU27_2020_HAB,NL2,2013,29300
A,PPS_EU27_2020_HAB,NL2,2014,29300
A,PPS_EU27_2020_HAB,NL2,2015,30100
A,PPS_EU27_2020_HAB,NL2,2016,30600
A,PPS_EU27_2020_HAB,NL2,2017,31800
A,PPS_EU27_2020_HAB,NL2,2018,33100
A,PPS_EU27_2020_HAB,NL2,2019,33900
A,PPS_EU27_2020_HAB,NL2,2020,33900
A,PPS_EU27_2020_HAB,NL2,2021,36800
A,PPS_EU27_2020_HAB,NL2,2022,40400
A,PPS_EU27_2020_HAB,NL2,2023,42200
A,PPS_EU27_2020_HAB,NL2,2024,45400
A,PPS_EU27_2020_HAB,NL21,2000,21600
A,PPS_EU27_2020_HAB,NL21,2001,22400
A,PPS_EU27_2020_HAB,NL21,2002,23000
A,PPS_EU27_2020_HAB,NL21,2003,22900
A,PPS_EU27_2020_HAB,NL21,2004,23800
A,PPS_EU27_2020_HAB,NL21,2005,25000
A,PPS_EU27_2020_HAB,NL21,2006,26400
A,PPS_EU27_2020_HAB,NL21,2007,28200
A,PPS_EU27_2020_HAB,NL21,2008,29700
A,PPS_EU27_2020_HAB,NL21,2009,28500
A,PPS_EU27_2020_HAB,NL21,2010,28500
A,PPS_EU27_2020_HAB,NL21,2011,29300
A,PPS_EU27_2020_HAB,NL21,2012,29000
A,PPS_EU27_2020_HAB,NL21,2013,29400
A,PPS_EU27_2020_HAB,NL21,2014,29300
A,PPS_EU27_2020_HAB,NL21,2015,30200
A,PPS_EU27_2020_HAB,NL21,2016,31000
A,PPS_EU27_2020_HAB,NL21,2017,32500
A,PPS_EU27_2020_HAB,NL21,2018,33800
A,PPS_EU27_2020_HAB,NL21,2019,34400
A,PPS_EU27_2020_HAB,NL21,2020,34400
A,PPS_EU27_2020_HAB,NL21,2021,37600
A,PPS_EU27_2020_HAB,NL21,2022,41300
A,PPS_EU27_2020_HAB,NL21,2023,43000
A,PPS_EU27_2020_HAB,NL21,2024,46400
A,PPS_EU27_2020_HAB,NL22,2000,22600
A,PPS_EU27_2020_HAB,NL22,2001,23400
A,PPS_EU27_2020_HAB,NL22,2002,24000
A,PPS_EU27_2020_HAB,NL22,2003,24000
A,PPS_EU27_2020_HAB,NL22,2004,24800
A,PPS_EU27_2020_HAB,NL22,2005,25900
A,PPS_EU27_2020_HAB,NL22,2006,27700
A,PPS_EU27_2020_HAB,NL22,2007,29500
A,PPS_EU27_2020_HAB,NL22,2008,30400
A,PPS_EU27_2020_HAB,NL22,2009,29100
A,PPS_EU27_2020_HAB,NL22,2010,29000
A,PPS_EU27_2020_HAB,NL22,2011,29800
A,PPS_EU27_2020_HAB,NL22,2012,29600
A,PPS_EU27_2020_HAB,NL22,2013,29800
A,PPS_EU27_2020_HAB,NL22,2014,29900
A,PPS_EU27_2020_HAB,NL22,2015,30600
A,PPS_EU27_2020_HAB,NL22,2016,31000
A,PPS_EU27_2020_HAB,NL22,2017,32200
A,PPS_EU27_2020_HAB,NL22,2018,33500
A,PPS_EU27_2020_HAB,NL22,2019,34300
A,PPS_EU27_2020_HAB,NL22,2020,34300
A,PPS_EU27_2020_HAB,NL22,2021,37200
A,PPS_EU27_2020_HAB,NL22,2022,40700
A,PPS_EU27_2020_HAB,NL22,2023,42200
A,PPS_EU27_2020_HAB,NL22,2024,45700
A,PPS_EU27_2020_HAB,NL23,2000,19600
A,PPS_EU27_2020_HAB,NL23,2001,20500
A,PPS_EU27_2020_HAB,NL23,2002,20900
A,PPS_EU27_2020_HAB,NL23,2003,21400
A,PPS_EU27_2020_HAB,NL23,2004,22300
A,PPS_EU27_2020_HAB,NL23,2005,23400
A,PPS_EU27_2020_HAB,NL23,2006,25700
A,PPS_EU27_2020_HAB,NL23,2007,27700
A,PPS_EU27_2020_HAB,NL23,2008,27600
A,PPS_EU27_2020_HAB,NL23,2009,25300
A,PPS_EU27_2020_HAB,NL23,2010,25900
A,PPS_EU27_2020_HAB,NL23,2011,26900
A,PPS_EU27_2020_HAB,NL23,2012,26000
A,PPS_EU27_2020_HAB,NL23,2013,26500
A,PPS_EU27_2020_HAB,NL23,2014,26500
A,PPS_EU27_2020_HAB,NL23,2015,27100
A,PPS_EU27_2020_HAB,NL23,2016,27400
A,PPS_EU27_2020_HAB,NL23,2017,28300
A,PPS_EU27_2020_HAB,NL23,2018,29600
A,PPS_EU27_2020_HAB,NL23,2019,30500
A,PPS_EU27_2020_HAB,NL23,2020,30300
A,PPS_EU27_2020_HAB,NL23,2021,32500
A,PPS_EU27_2020_HAB,NL23,2022,36800
A,PPS_EU27_2020_HAB,NL23,2023,39600
A,PPS_EU27_2020_HAB,NL23,2024,41300
A,PPS_EU27_2020_HAB,NL3,2000,29700
A,PPS_EU27_2020_HAB,NL3,2001,30700
A,PPS_EU27_2020_HAB,NL3,2002,31900
A,PPS_EU27_2020_HAB,NL3,2003,31600
A,PPS_EU27_2020_HAB,NL3,2004,33000
A,PPS_EU27_2020_HAB,NL3,2005,34700
A,PPS_EU27_2020_HAB,NL3,2006,36500
A,PPS_EU27_2020_HAB,NL3,2007,39000
A,PPS_EU27_2020_HAB,NL3,2008,40200
A,PPS_EU27_2020_HAB,NL3,2009,37700
A,PPS_EU27_2020_HAB,NL3,2010,38000
A,PPS_EU27_2020_HAB,NL3,2011,38500
A,PPS_EU27_2020_HAB,NL3,2012,38700
A,PPS_EU27_2020_HAB,NL3,2013,39500
A,PPS_EU27_2020_HAB,NL3,2014,39700
A,PPS_EU27_2020_HAB,NL3,2015,41200
A,PPS_EU27_2020_HAB,NL3,2016,41600
A,PPS_EU27_2020_HAB,NL3,2017,43200
A,PPS_EU27_2020_HAB,NL3,2018,44700
A,PPS_EU27_2020_HAB,NL3,2019,45500
A,PPS_EU27_2020_HAB,NL3,2020,44600
A,PPS_EU27_2020_HAB,NL3,2021,48600
A,PPS_EU27_2020_HAB,NL3,2022,53700
A,PPS_EU27_2020_HAB,NL3,2023,56100
A,PPS_EU27_2020_HAB,NL3,2024,59700
A,PPS_EU27_2020_HAB,NL32,2000,32800
A,PPS_EU27_2020_HAB,NL32,2001,33400
A,PPS_EU27_2020_HAB,NL32,2002,35500
A,PPS_EU27_2020_HAB,NL32,2003,35000
A,PPS_EU27_2020_HAB,NL32,2004,36700
A,PPS_EU27_2020_HAB,NL32,2005,38300
A,PPS_EU27_2020_HAB,NL32,2006,40200
A,PPS_EU27_2020_HAB,NL32,2007,42500
A,PPS_EU27_2020_HAB,NL32,2008,43700
A,PPS_EU27_2020_HAB,NL32,2009,40900
A,PPS_EU27_2020_HAB,NL32,2010,41700
A,PPS_EU27_2020_HAB,NL32,2011,42300
A,PPS_EU27_2020_HAB,NL32,2012,42900
A,PPS_EU27_2020_HAB,NL32,2013,44300
A,PPS_EU27_2020_HAB,NL32,2014,45600
A,PPS_EU27_2020_HAB,NL32,2015,47600
A,PPS_EU27_2020_HAB,NL32,2016,48300
A,PPS_EU27_2020_HAB,NL32,2017,50300
A,PPS_EU27_2020_HAB,NL32,2018,52500
A,PPS_EU27_2020_HAB,NL32,2019,53800
A,PPS_EU27_2020_HAB,NL32,2020,51100
A,PPS_EU27_2020_HAB,NL32,2021,56000
A,PPS_EU27_2020_HAB,NL32,2022,63100
A,PPS_EU27_2020_HAB,NL32,2023,66100
A,PPS_EU27_2020_HAB,NL32,2024,69900
A,PPS_EU27_2020_HAB,NL34,2000,19400
A,PPS_EU27_2020_HAB,NL34,2001,19900
A,PPS_EU27_2020_HAB,NL34,2002,21200
A,PPS_EU27_2020_HAB,NL34,2003,21500
A,PPS_EU27_2020_HAB,NL34,2004,22200
A,PPS_EU27_2020_HAB,NL34,2005,22900
A,PPS_EU27_2020_HAB,NL34,2006,23700
A,PPS_EU27_2020_HAB,NL34,2007,26400
A,PPS_EU27_2020_HAB,NL34,2008,27800
A,PPS_EU27_2020_HAB,NL34,2009,25600
A,PPS_EU27_2020_HAB,NL34,2010,26900
A,PPS_EU27_2020_HAB,NL34,2011,28000
A,PPS_EU27_2020_HAB,NL34,2012,27800
A,PPS_EU27_2020_HAB,NL34,2013,28200
A,PPS_EU27_2020_HAB,NL34,2014,28100
A,PPS_EU27_2020_HAB,NL34,2015,29100
A,PPS_EU27_2020_HAB,NL34,2016,29000
A,PPS_EU27_2020_HAB,NL34,2017,30300
A,PPS_EU27_2020_HAB,NL34,2018,32000
A,PPS_EU27_2020_HAB,NL34,2019,32300
A,PPS_EU27_2020_HAB,NL34,2020,32400
A,PPS_EU27_2020_HAB,NL34,2021,34400
A,PPS_EU27_2020_HAB,NL34,2022,39700
A,PPS_EU27_2020_HAB,NL34,2023,42900
A,PPS_EU27_2020_HAB,NL34,2024,45100
A,PPS_EU27_2020_HAB,NL35,2000,33700
A,PPS_EU27_2020_HAB,NL35,2001,35600
A,PPS_EU27_2020_HAB,NL35,2002,36000
A,PPS_EU27_2020_HAB,NL35,2003,34900
A,PPS_EU27_2020_HAB,NL35,2004,36200
A,PPS_EU27_2020_HAB,NL35,2005,37700
A,PPS_EU27_2020_HAB,NL35,2006,39400
A,PPS_EU27_2020_HAB,NL35,2007,42100
A,PPS_EU27_2020_HAB,NL35,2008,43100
A,PPS_EU27_2020_HAB,NL35,2009,42100
A,PPS_EU27_2020_HAB,NL35,2010,41400
A,PPS_EU27_2020_HAB,NL35,2011,41500
A,PPS_EU27_2020_HAB,NL35,2012,41600
A,PPS_EU27_2020_HAB,NL35,2013,42900
A,PPS_EU27_2020_HAB,NL35,2014,42900
A,PPS_EU27_2020_HAB,NL35,2015,43600
A,PPS_EU27_2020_HAB,NL35,2016,44000
A,PPS_EU27_2020_HAB,NL35,2017,46500
A,PPS_EU27_2020_HAB,NL35,2018,48200
A,PPS_EU27_2020_HAB,NL35,2019,48600
A,PPS_EU27_2020_HAB,NL35,2020,49700
A,PPS_EU27_2020_HAB,NL35,2021,53700
A,PPS_EU27_2020_HAB,NL35,2022,57500
A,PPS_EU27_2020_HAB,NL35,2023,60300
A,PPS_EU27_2020_HAB,NL35,2024,64900
A,PPS_EU27_2020_HAB,NL36,2000,27100
A,PPS_EU27_2020_HAB,NL36,2001,28200
A,PPS_EU27_2020_HAB,NL36,2002,29000
A,PPS_EU27_2020_HAB,NL36,2003,29100
A,PPS_EU27_2020_HAB,NL36,2004,30300
A,PPS_EU27_2020_HAB,NL36,2005,32100
A,PPS_EU27_2020_HAB,NL36,2006,34000
A,PPS_EU27_2020_HAB,NL36,2007,36600
A,PPS_EU27_2020_HAB,NL36,2008,37800
A,PPS_EU27_2020_HAB,NL36,2009,35000
A,PPS_EU27_2020_HAB,NL36,2010,35200
A,PPS_EU27_2020_HAB,NL36,2011,35700
A,PPS_EU27_2020_HAB,NL36,2012,35500
A,PPS_EU27_2020_HAB,NL36,2013,35700
A,PPS_EU27_2020_HAB,NL36,2014,35300
A,PPS_EU27_2020_HAB,NL36,2015,36700
A,PPS_EU27_2020_HAB,NL36,2016,36800
A,PPS_EU27_2020_HAB,NL36,2017,37800
A,PPS_EU27_2020_HAB,NL36,2018,38800
A,PPS_EU27_2020_HAB,NL36,2019,39300
A,PPS_EU27_2020_HAB,NL36,2020,39000
A,PPS_EU27_2020_HAB,NL36,2021,42400
A,PPS_EU27_2020_HAB,NL36,2022,46600
A,PPS_EU27_2020_HAB,NL36,2023,48200
A,PPS_EU27_2020_HAB,NL36,2024,51500
A,PPS_EU27_2020_HAB,NL4,2000,25100
A,PPS_EU27_2020_HAB,NL4,2001,25900
A,PPS_EU27_2020_HAB,NL4,2002,26500
A,PPS_EU27_2020_HAB,NL4,2003,26200
A,PPS_EU27_2020_HAB,NL4,2004,27600
A,PPS_EU27_2020_HAB,NL4,2005,28900
A,PPS_EU27_2020_HAB,NL4,2006,30600
A,PPS_EU27_2020_HAB,NL4,2007,32500
A,PPS_EU27_2020_HAB,NL4,2008,33600
A,PPS_EU27_2020_HAB,NL4,2009,31500
A,PPS_EU27_2020_HAB,NL4,2010,32200
A,PPS_EU27_2020_HAB,NL4,2011,33200
A,PPS_EU27_2020_HAB,NL4,2012,33300
A,PPS_EU27_2020_HAB,NL4,2013,33800
A,PPS_EU27_2020_HAB,NL4,2014,33800
A,PPS_EU27_2020_HAB,NL4,2015,34900
A,PPS_EU27_2020_HAB,NL4,2016,35800
A,PPS_EU27_2020_HAB,NL4,2017,37600
A,PPS_EU27_2020_HAB,NL4,2018,39000
A,PPS_EU27_2020_HAB,NL4,2019,39600
A,PPS_EU27_2020_HAB,NL4,2020,39500
A,PPS_EU27_2020_HAB,NL4,2021,43300
A,PPS_EU27_2020_HAB,NL4,2022,46400
A,PPS_EU27_2020_HAB,NL4,2023,48800
A,PPS_EU27_2020_HAB,NL4,2024,52000
A,PPS_EU27_2020_HAB,NL41,2000,26300
A,PPS_EU27_2020_HAB,NL41,2001,27200
A,PPS_EU27_2020_HAB,NL41,2002,27600
A,PPS_EU27_2020_HAB,NL41,2003,27400
A,PPS_EU27_2020_HAB,NL41,2004,28700
A,PPS_EU27_2020_HAB,NL41,2005,30300
A,PPS_EU27_2020_HAB,NL41,2006,32000
A,PPS_EU27_2020_HAB,NL41,2007,33800
A,PPS_EU27_2020_HAB,NL41,2008,35000
A,PPS_EU27_2020_HAB,NL41,2009,33000
A,PPS_EU27_2020_HAB,NL41,2010,33800
A,PPS_EU27_2020_HAB,NL41,2011,34700
A,PPS_EU27_2020_HAB,NL41,2012,35100
A,PPS_EU27_2020_HAB,NL41,2013,35400
A,PPS_EU27_2020_HAB,NL41,2014,35400
A,PPS_EU27_2020_HAB,NL41,2015,36500
A,PPS_EU27_2020_HAB,NL41,2016,37300
A,PPS_EU27_2020_HAB,NL41,2017,39300
A,PPS_EU27_2020_HAB,NL41,2018,40800
A,PPS_EU27_2020_HAB,NL41,2019,41600
A,PPS_EU27_2020_HAB,NL41,2020,41600
A,PPS_EU27_2020_HAB,NL41,2021,45600
A,PPS_EU27_2020_HAB,NL41,2022,49100
A,PPS_EU27_2020_HAB,NL41,2023,51800
A,PPS_EU27_2020_HAB,NL41,2024,55400
A,PPS_EU27_2020_HAB,NL42,2000,22500
A,PPS_EU27_2020_HAB,NL42,2001,23300
A,PPS_EU27_2020_HAB,NL42,2002,24100
A,PPS_EU27_2020_HAB,NL42,2003,23900
A,PPS_EU27_2020_HAB,NL42,2004,25200
A,PPS_EU27_2020_HAB,NL42,2005,26100
A,PPS_EU27_2020_HAB,NL42,2006,27600
A,PPS_EU27_2020_HAB,NL42,2007,29800
A,PPS_EU27_2020_HAB,NL42,2008,30400
A,PPS_EU27_2020_HAB,NL42,2009,28300
A,PPS_EU27_2020_HAB,NL42,2010,28900
A,PPS_EU27_2020_HAB,NL42,2011,29900
A,PPS_EU27_2020_HAB,NL42,2012,29500
A,PPS_EU27_2020_HAB,NL42,2013,30300
A,PPS_EU27_2020_HAB,NL42,2014,30300
A,PPS_EU27_2020_HAB,NL42,2015,31300
A,PPS_EU27_2020_HAB,NL42,2016,32500
A,PPS_EU27_2020_HAB,NL42,2017,33800
A,PPS_EU27_2020_HAB,NL42,2018,34900
A,PPS_EU27_2020_HAB,NL42,2019,35100
A,PPS_EU27_2020_HAB,NL42,2020,34600
A,PPS_EU27_2020_HAB,NL42,2021,38000
A,PPS_EU27_2020_HAB,NL42,2022,40200
A,PPS_EU27_2020_HAB,NL42,2023,41900
A,PPS_EU27_2020_HAB,NL42,2024,44100
A,PPS_EU27_2020_HAB,NO,2008,48200
A,PPS_EU27_2020_HAB,NO,2009,42000
A,PPS_EU27_2020_HAB,NO,2010,44100
A,PPS_EU27_2020_HAB,NO,2011,46500
A,PPS_EU27_2020_HAB,NO,2012,48600
A,PPS_EU27_2020_HAB,NO,2013,48600
A,PPS_EU27_2020_HAB,NO,2014,47500
A,PPS_EU27_2020_HAB,NO,2015,43700
A,PPS_EU27_2020_HAB,NO,2016,41200
A,PPS_EU27_2020_HAB,NO,2017,44400
A,PPS_EU27_2020_HAB,NO,2018,47600
A,PPS_EU27_2020_HAB,NO,2019,46100
A,PPS_EU27_2020_HAB,NO,2020,42900
A,PPS_EU27_2020_HAB,NO,2021,56800
A,PPS_EU27_2020_HAB,NO0,2008,35000
A,PPS_EU27_2020_HAB,NO0,2009,33400
A,PPS_EU27_2020_HAB,NO0,2010,34700
A,PPS_EU27_2020_HAB,NO0,2011,35200
A,PPS_EU27_2020_HAB,NO0,2012,36800
A,PPS_EU27_2020_HAB,NO0,2013,37700
A,PPS_EU27_2020_HAB,NO0,2014,37800
A,PPS_EU27_2020_HAB,NO0,2015,36600
A,PPS_EU27_2020_HAB,NO0,2016,35800
A,PPS_EU27_2020_HAB,NO0,2017,37300
A,PPS_EU27_2020_HAB,NO0,2018,38800
A,PPS_EU27_2020_HAB,NO0,2019,39400
A,PPS_EU27_2020_HAB,NO0,2020,38100
A,PPS_EU27_2020_HAB,NO0,2021,42900
A,PPS_EU27_2020_HAB,NO02,2008,25600
A,PPS_EU27_2020_HAB,NO02,2009,24300
A,PPS_EU27_2020_HAB,NO02,2010,24900
A,PPS_EU27_2020_HAB,NO02,2011,25700
A,PPS_EU27_2020_HAB,NO02,2012,26500
A,PPS_EU27_2020_HAB,NO02,2013,26900
A,PPS_EU27_2020_HAB,NO02,2014,27500
A,PPS_EU27_2020_HAB,NO02,2015,27300
A,PPS_EU27_2020_HAB,NO02,2016,27200
A,PPS_EU27_2020_HAB,NO02,2017,28600
A,PPS_EU27_2020_HAB,NO02,2018,30000
A,PPS_EU27_2020_HAB,NO02,2019,30100
A,PPS_EU27_2020_HAB,NO02,2020,30100
A,PPS_EU27_2020_HAB,NO02,2021,34700
A,PPS_EU27_2020_HAB,NO06,2008,29800
A,PPS_EU27_2020_HAB,NO06,2009,28700
A,PPS_EU27_2020_HAB,NO06,2010,30400
A,PPS_EU27_2020_HAB,NO06,2011,30900
A,PPS_EU27_2020_HAB,NO06,2012,32700
A,PPS_EU27_2020_HAB,NO06,2013,33500
A,PPS_EU27_2020_HAB,NO06,2014,33600
A,PPS_EU27_2020_HAB,NO06,2015,33200
A,PPS_EU27_2020_HAB,NO06,2016,33100
A,PPS_EU27_2020_HAB,NO06,2017,35400
A,PPS_EU27_2020_HAB,NO06,2018,37000
A,PPS_EU27_2020_HAB,NO06,2019,36800
A,PPS_EU27_2020_HAB,NO06,2020,35700
A,PPS_EU27_2020_HAB,NO06,2021,39900
A,PPS_EU27_2020_HAB,NO07,2008,27900
A,PPS_EU27_2020_HAB,NO07,2009,27400
A,PPS_EU27_2020_HAB,NO07,2010,29400
A,PPS_EU27_2020_HAB,NO07,2011,29500
A,PPS_EU27_2020_HAB,NO07,2012,30400
A,PPS_EU27_2020_HAB,NO07,2013,31600
A,PPS_EU27_2020_HAB,NO07,2014,32300
A,PPS_EU27_2020_HAB,NO07,2015,31200
A,PPS_EU27_2020_HAB,NO07,2016,32700
A,PPS_EU27_2020_HAB,NO07,2017,34400
A,PPS_EU27_2020_HAB,NO07,2018,36300
A,PPS_EU27_2020_HAB,NO07,2019,36200
A,PPS_EU27_2020_HAB,NO07,2020,34000
A,PPS_EU27_2020_HAB,NO07,2021,39100
A,PPS_EU27_2020_HAB,NO08,2008,41000
A,PPS_EU27_2020_HAB,NO08,2009,38900
A,PPS_EU27_2020_HAB,NO08,2010,40200
A,PPS_EU27_2020_HAB,NO08,2011,40800
A,PPS_EU27_2020_HAB,NO08,2012,42900
A,PPS_EU27_2020_HAB,NO08,2013,43700
A,PPS_EU27_2020_HAB,NO08,2014,43700
A,PPS_EU27_2020_HAB,NO08,2015,42000
A,PPS_EU27_2020_HAB,NO08,2016,41500
A,PPS_EU27_2020_HAB,NO08,2017,43300
A,PPS_EU27_2020_HAB,NO08,2018,44800
A,PPS_EU27_2020_HAB,NO08,2019,45800
A,PPS_EU27_2020_HAB,NO08,2020,44500
A,PPS_EU27_2020_HAB,NO08,2021,48900
A,PPS_EU27_2020_HAB,NO09,2008,29700
A,PPS_EU27_2020_HAB,NO09,2009,28200
A,PPS_EU27_2020_HAB,NO09,2010,28500
A,PPS_EU27_2020_HAB,NO09,2011,28600
A,PPS_EU27_2020_HAB,NO09,2012,29800
A,PPS_EU27_2020_HAB,NO09,2013,29700
A,PPS_EU27_2020_HAB,NO09,2014,29700
A,PPS_EU27_2020_HAB,NO09,2015,29200
A,PPS_EU27_2020_HAB,NO09,2016,28100
A,PPS_EU27_2020_HAB,NO09,2017,29200
A,PPS_EU27_2020_HAB,NO09,2018,31000
A,PPS_EU27_2020_HAB,NO09,2019,30900
A,PPS_EU27_2020_HAB,NO09,2020,29900
A,PPS_EU27_2020_HAB,NO09,2021,35300
A,PPS_EU27_2020_HAB,NO0A,2008,37100
A,PPS_EU27_2020_HAB,NO0A,2009,35600
A,PPS_EU27_2020_HAB,NO0A,2010,37100
A,PPS_EU27_2020_HAB,NO0A,2011,37300
A,PPS_EU27_2020_HAB,NO0A,2012,39200
A,PPS_EU27_2020_HAB,NO0A,2013,40400
A,PPS_EU27_2020_HAB,NO0A,2014,40400
A,PPS_EU27_2020_HAB,NO0A,2015,38900
A,PPS_EU27_2020_HAB,NO0A,2016,36500
A,PPS_EU27_2020_HAB,NO0A,2017,37600
A,PPS_EU27_2020_HAB,NO0A,2018,38600
A,PPS_EU27_2020_HAB,NO0A,2019,39600
A,PPS_EU27_2020_HAB,NO0A,2020,37800
A,PPS_EU27_2020_HAB,NO0A,2021,42800
A,PPS_EU27_2020_HAB,PL,2000,8900
A,PPS_EU27_2020_HAB,PL,2001,9300
A,PPS_EU27_2020_HAB,PL,2002,9700
A,PPS_EU27_2020_HAB,PL,2003,10100
A,PPS_EU27_2020_HAB,PL,2004,11000
A,PPS_EU27_2020_HAB,PL,2005,11400
A,PPS_EU27_2020_HAB,PL,2006,12100
A,PPS_EU27_2020_HAB,PL,2007,13300
A,PPS_EU27_2020_HAB,PL,2008,14300
A,PPS_EU27_2020_HAB,PL,2009,14600
A,PPS_EU27_2020_HAB,PL,2010,15900
A,PPS_EU27_2020_HAB,PL,2011,17000
A,PPS_EU27_2020_HAB,PL,2012,17500
A,PPS_EU27_2020_HAB,PL,2013,17600
A,PPS_EU27_2020_HAB,PL,2014,18300
A,PPS_EU27_2020_HAB,PL,2015,19400
A,PPS_EU27_2020_HAB,PL,2016,19700
A,PPS_EU27_2020_HAB,PL,2017,20700
A,PPS_EU27_2020_HAB,PL,2018,21900
A,PPS_EU27_2020_HAB,PL,2019,23300
A,PPS_EU27_2020_HAB,PL,2020,23900
A,PPS_EU27_2020_HAB,PL,2021,26200
A,PPS_EU27_2020_HAB,PL,2022,28100
A,PPS_EU27_2020_HAB,PL,2023,29500
A,PPS_EU27_2020_HAB,PL,2024,31300
A,PPS_EU27_2020_HAB,PL2,2000,8800
A,PPS_EU27_2020_HAB,PL2,2001,9100
A,PPS_EU27_2020_HAB,PL2,2002,9700
A,PPS_EU27_2020_HAB,PL2,2003,10100
A,PPS_EU27_2020_HAB,PL2,2004,11100
A,PPS_EU27_2020_HAB,PL2,2005,11400
A,PPS_EU27_2020_HAB,PL2,2006,12000
A,PPS_EU27_2020_HAB,PL2,2007,13100
A,PPS_EU27_2020_HAB,PL2,2008,14200
A,PPS_EU27_2020_HAB,PL2,2009,14400
A,PPS_EU27_2020_HAB,PL2,2010,15700
A,PPS_EU27_2020_HAB,PL2,2011,16800
A,PPS_EU27_2020_HAB,PL2,2012,17200
A,PPS_EU27_2020_HAB,PL2,2013,17100
A,PPS_EU27_2020_HAB,PL2,2014,17700
A,PPS_EU27_2020_HAB,PL2,2015,18900
A,PPS_EU27_2020_HAB,PL2,2016,19300
A,PPS_EU27_2020_HAB,PL2,2017,20300
A,PPS_EU27_2020_HAB,PL2,2018,21600
A,PPS_EU27_2020_HAB,PL2,2019,22700
A,PPS_EU27_2020_HAB,PL2,2020,22900
A,PPS_EU27_2020_HAB,PL2,2021,25600
A,PPS_EU27_2020_HAB,PL2,2022,27500
A,PPS_EU27_2020_HAB,PL2,2023,28600
A,PPS_EU27_2020_HAB,PL2,2024,29900
A,PPS_EU27_2020_HAB,PL21,2000,8000
A,PPS_EU27_2020_HAB,PL21,2001,8100
A,PPS_EU27_2020_HAB,PL21,2002,8600
A,PPS_EU27_2020_HAB,PL21,2003,9100
A,PPS_EU27_2020_HAB,PL21,2004,9700
A,PPS_EU27_2020_HAB,PL21,2005,10100
A,PPS_EU27_2020_HAB,PL21,2006,10900
A,PPS_EU27_2020_HAB,PL21,2007,11800
A,PPS_EU27_2020_HAB,PL21,2008,12800
A,PPS_EU27_2020_HAB,PL21,2009,12900
A,PPS_EU27_2020_HAB,PL21,2010,14000
A,PPS_EU27_2020_HAB,PL21,2011,15100
A,PPS_EU27_2020_HAB,PL21,2012,15500
A,PPS_EU27_2020_HAB,PL21,2013,15600
A,PPS_EU27_2020_HAB,PL21,2014,16200
A,PPS_EU27_2020_HAB,PL21,2015,17500
A,PPS_EU27_2020_HAB,PL21,2016,17800
A,PPS_EU27_2020_HAB,PL21,2017,18900
A,PPS_EU27_2020_HAB,PL21,2018,20200
A,PPS_EU27_2020_HAB,PL21,2019,21300
A,PPS_EU27_2020_HAB,PL21,2020,21600
A,PPS_EU27_2020_HAB,PL21,2021,23900
A,PPS_EU27_2020_HAB,PL21,2022,25000
A,PPS_EU27_2020_HAB,PL21,2023,26300
A,PPS_EU27_2020_HAB,PL21,2024,28100
A,PPS_EU27_2020_HAB,PL22,2000,9400
A,PPS_EU27_2020_HAB,PL22,2001,9800
A,PPS_EU27_2020_HAB,PL22,2002,10500
A,PPS_EU27_2020_HAB,PL22,2003,10900
A,PPS_EU27_2020_HAB,PL22,2004,12100
A,PPS_EU27_2020_HAB,PL22,2005,12200
A,PPS_EU27_2020_HAB,PL22,2006,12700
A,PPS_EU27_2020_HAB,PL22,2007,13900
A,PPS_EU27_2020_HAB,PL22,2008,15100
A,PPS_EU27_2020_HAB,PL22,2009,15500
A,PPS_EU27_2020_HAB,PL22,2010,16900
A,PPS_EU27_2020_HAB,PL22,2011,18100
A,PPS_EU27_2020_HAB,PL22,2012,18400
A,PPS_EU27_2020_HAB,PL22,2013,18200
A,PPS_EU27_2020_HAB,PL22,2014,18800
A,PPS_EU27_2020_HAB,PL22,2015,20000
A,PPS_EU27_2020_HAB,PL22,2016,20300
A,PPS_EU27_2020_HAB,PL22,2017,21300
A,PPS_EU27_2020_HAB,PL22,2018,22600
A,PPS_EU27_2020_HAB,PL22,2019,23800
A,PPS_EU27_2020_HAB,PL22,2020,23900
A,PPS_EU27_2020_HAB,PL22,2021,26900
A,PPS_EU27_2020_HAB,PL22,2022,29500
A,PPS_EU27_2020_HAB,PL22,2023,30400
A,PPS_EU27_2020_HAB,PL22,2024,31400
A,PPS_EU27_2020_HAB,PL4,2000,9000
A,PPS_EU27_2020_HAB,PL4,2001,9300
A,PPS_EU27_2020_HAB,PL4,2002,9600
A,PPS_EU27_2020_HAB,PL4,2003,10000
A,PPS_EU27_2020_HAB,PL4,2004,10900
A,PPS_EU27_2020_HAB,PL4,2005,11400
A,PPS_EU27_2020_HAB,PL4,2006,12000
A,PPS_EU27_2020_HAB,PL4,2007,13000
A,PPS_EU27_2020_HAB,PL4,2008,14000
A,PPS_EU27_2020_HAB,PL4,2009,14300
A,PPS_EU27_2020_HAB,PL4,2010,15300
A,PPS_EU27_2020_HAB,PL4,2011,16300
A,PPS_EU27_2020_HAB,PL4,2012,16800
A,PPS_EU27_2020_HAB,PL4,2013,17100
A,PPS_EU27_2020_HAB,PL4,2014,17800
A,PPS_EU27_2020_HAB,PL4,2015,19000
A,PPS_EU27_2020_HAB,PL4,2016,19300
A,PPS_EU27_2020_HAB,PL4,2017,20300
A,PPS_EU27_2020_HAB,PL4,2018,21300
A,PPS_EU27_2020_HAB,PL4,2019,22600
A,PPS_EU27_2020_HAB,PL4,2020,23300
A,PPS_EU27_2020_HAB,PL4,2021,25200
A,PPS_EU27_2020_HAB,PL4,2022,26700
A,PPS_EU27_2020_HAB,PL4,2023,28000
A,PPS_EU27_2020_HAB,PL4,2024,29700
A,PPS_EU27_2020_HAB,PL41,2000,9500
A,PPS_EU27_2020_HAB,PL41,2001,9900
A,PPS_EU27_2020_HAB,PL41,2002,10100
A,PPS_EU27_2020_HAB,PL41,2003,10700
A,PPS_EU27_2020_HAB,PL41,2004,11700
A,PPS_EU27_2020_HAB,PL41,2005,12300
A,PPS_EU27_2020_HAB,PL41,2006,12900
A,PPS_EU27_2020_HAB,PL41,2007,14100
A,PPS_EU27_2020_HAB,PL41,2008,15100
A,PPS_EU27_2020_HAB,PL41,2009,15700
A,PPS_EU27_2020_HAB,PL41,2010,16600
A,PPS_EU27_2020_HAB,PL41,2011,17800
A,PPS_EU27_2020_HAB,PL41,2012,18500
A,PPS_EU27_2020_HAB,PL41,2013,18800
A,PPS_EU27_2020_HAB,PL41,2014,19500
A,PPS_EU27_2020_HAB,PL41,2015,21000
A,PPS_EU27_2020_HAB,PL41,2016,21400
A,PPS_EU27_2020_HAB,PL41,2017,22500
A,PPS_EU27_2020_HAB,PL41,2018,23600
A,PPS_EU27_2020_HAB,PL41,2019,25200
A,PPS_EU27_2020_HAB,PL41,2020,25600
A,PPS_EU27_2020_HAB,PL41,2021,27700
A,PPS_EU27_2020_HAB,PL41,2022,29400
A,PPS_EU27_2020_HAB,PL41,2023,30900
A,PPS_EU27_2020_HAB,PL41,2024,32900
A,PPS_EU27_2020_HAB,PL42,2000,8700
A,PPS_EU27_2020_HAB,PL42,2001,8900
A,PPS_EU27_2020_HAB,PL42,2002,9200
A,PPS_EU27_2020_HAB,PL42,2003,9300
A,PPS_EU27_2020_HAB,PL42,2004,9800
A,PPS_EU27_2020_HAB,PL42,2005,10300
A,PPS_EU27_2020_HAB,PL42,2006,10800
A,PPS_EU27_2020_HAB,PL42,2007,11700
A,PPS_EU27_2020_HAB,PL42,2008,12700
A,PPS_EU27_2020_HAB,PL42,2009,12600
A,PPS_EU27_2020_HAB,PL42,2010,13700
A,PPS_EU27_2020_HAB,PL42,2011,14300
A,PPS_EU27_2020_HAB,PL42,2012,14800
A,PPS_EU27_2020_HAB,PL42,2013,14800
A,PPS_EU27_2020_HAB,PL42,2014,15500
A,PPS_EU27_2020_HAB,PL42,2015,16600
A,PPS_EU27_2020_HAB,PL42,2016,16600
A,PPS_EU27_2020_HAB,PL42,2017,17400
A,PPS_EU27_2020_HAB,PL42,2018,18400
A,PPS_EU27_2020_HAB,PL42,2019,19400
A,PPS_EU27_2020_HAB,PL42,2020,20300
A,PPS_EU27_2020_HAB,PL42,2021,22100
A,PPS_EU27_2020_HAB,PL42,2022,23100
A,PPS_EU27_2020_HAB,PL42,2023,24200
A,PPS_EU27_2020_HAB,PL42,2024,25700
A,PPS_EU27_2020_HAB,PL43,2000,7900
A,PPS_EU27_2020_HAB,PL43,2001,8200
A,PPS_EU27_2020_HAB,PL43,2002,8500
A,PPS_EU27_2020_HAB,PL43,2003,8800
A,PPS_EU27_2020_HAB,PL43,2004,9700
A,PPS_EU27_2020_HAB,PL43,2005,10300
A,PPS_EU27_2020_HAB,PL43,2006,10800
A,PPS_EU27_2020_HAB,PL43,2007,11900
A,PPS_EU27_2020_HAB,PL43,2008,12300
A,PPS_EU27_2020_HAB,PL43,2009,12500
A,PPS_EU27_2020_HAB,PL43,2010,13500
A,PPS_EU27_2020_HAB,PL43,2011,14200
A,PPS_EU27_2020_HAB,PL43,2012,14600
A,PPS_EU27_2020_HAB,PL43,2013,14800
A,PPS_EU27_2020_HAB,PL43,2014,15600
A,PPS_EU27_2020_HAB,PL43,2015,16300
A,PPS_EU27_2020_HAB,PL43,2016,16600
A,PPS_EU27_2020_HAB,PL43,2017,17200
A,PPS_EU27_2020_HAB,PL43,2018,18100
A,PPS_EU27_2020_HAB,PL43,2019,19000
A,PPS_EU27_2020_HAB,PL43,2020,19700
A,PPS_EU27_2020_HAB,PL43,2021,21500
A,PPS_EU27_2020_HAB,PL43,2022,22900
A,PPS_EU27_2020_HAB,PL43,2023,23600
A,PPS_EU27_2020_HAB,PL43,2024,25000
A,PPS_EU27_2020_HAB,PL5,2000,8600
A,PPS_EU27_2020_HAB,PL5,2001,8800
A,PPS_EU27_2020_HAB,PL5,2002,9400
A,PPS_EU27_2020_HAB,PL5,2003,9700
A,PPS_EU27_2020_HAB,PL5,2004,10500
A,PPS_EU27_2020_HAB,PL5,2005,11100
A,PPS_EU27_2020_HAB,PL5,2006,12100
A,PPS_EU27_2020_HAB,PL5,2007,13500
A,PPS_EU27_2020_HAB,PL5,2008,14500
A,PPS_EU27_2020_HAB,PL5,2009,14800
A,PPS_EU27_2020_HAB,PL5,2010,16700
A,PPS_EU27_2020_HAB,PL5,2011,18000
A,PPS_EU27_2020_HAB,PL5,2012,18500
A,PPS_EU27_2020_HAB,PL5,2013,18400
A,PPS_EU27_2020_HAB,PL5,2014,19100
A,PPS_EU27_2020_HAB,PL5,2015,20200
A,PPS_EU27_2020_HAB,PL5,2016,20400
A,PPS_EU27_2020_HAB,PL5,2017,21400
A,PPS_EU27_2020_HAB,PL5,2018,22400
A,PPS_EU27_2020_HAB,PL5,2019,23900
A,PPS_EU27_2020_HAB,PL5,2020,24500
A,PPS_EU27_2020_HAB,PL5,2021,27300
A,PPS_EU27_2020_HAB,PL5,2022,28600
A,PPS_EU27_2020_HAB,PL5,2023,29700
A,PPS_EU27_2020_HAB,PL5,2024,31400
A,PPS_EU27_2020_HAB,PL51,2000,9100
A,PPS_EU27_2020_HAB,PL51,2001,9300
A,PPS_EU27_2020_HAB,PL51,2002,9900
A,PPS_EU27_2020_HAB,PL51,2003,10300
A,PPS_EU27_2020_HAB,PL51,2004,11000
A,PPS_EU27_2020_HAB,PL51,2005,11700
A,PPS_EU27_2020_HAB,PL51,2006,12900
A,PPS_EU27_2020_HAB,PL51,2007,14400
A,PPS_EU27_2020_HAB,PL51,2008,15400
A,PPS_EU27_2020_HAB,PL51,2009,15900
A,PPS_EU27_2020_HAB,PL51,2010,17900
A,PPS_EU27_2020_HAB,PL51,2011,19300
A,PPS_EU27_2020_HAB,PL51,2012,19800
A,PPS_EU27_2020_HAB,PL51,2013,19600
A,PPS_EU27_2020_HAB,PL51,2014,20400
A,PPS_EU27_2020_HAB,PL51,2015,21600
A,PPS_EU27_2020_HAB,PL51,2016,21800
A,PPS_EU27_2020_HAB,PL51,2017,22900
A,PPS_EU27_2020_HAB,PL51,2018,23900
A,PPS_EU27_2020_HAB,PL51,2019,25500
A,PPS_EU27_2020_HAB,PL51,2020,26100
A,PPS_EU27_2020_HAB,PL51,2021,29000
A,PPS_EU27_2020_HAB,PL51,2022,30300
A,PPS_EU27_2020_HAB,PL51,2023,31500
A,PPS_EU27_2020_HAB,PL51,2024,33300
A,PPS_EU27_2020_HAB,PL52,2000,7400
A,PPS_EU27_2020_HAB,PL52,2001,7500
A,PPS_EU27_2020_HAB,PL52,2002,7800
A,PPS_EU27_2020_HAB,PL52,2003,8000
A,PPS_EU27_2020_HAB,PL52,2004,9300
A,PPS_EU27_2020_HAB,PL52,2005,9500
A,PPS_EU27_2020_HAB,PL52,2006,9800
A,PPS_EU27_2020_HAB,PL52,2007,11100
A,PPS_EU27_2020_HAB,PL52,2008,12200
A,PPS_EU27_2020_HAB,PL52,2009,11900
A,PPS_EU27_2020_HAB,PL52,2010,13400
A,PPS_EU27_2020_HAB,PL52,2011,14300
A,PPS_EU27_2020_HAB,PL52,2012,14600
A,PPS_EU27_2020_HAB,PL52,2013,14600
A,PPS_EU27_2020_HAB,PL52,2014,15300
A,PPS_EU27_2020_HAB,PL52,2015,16200
A,PPS_EU27_2020_HAB,PL52,2016,16200
A,PPS_EU27_2020_HAB,PL52,2017,17000
A,PPS_EU27_2020_HAB,PL52,2018,17900
A,PPS_EU27_2020_HAB,PL52,2019,19000
A,PPS_EU27_2020_HAB,PL52,2020,19400
A,PPS_EU27_2020_HAB,PL52,2021,21900
A,PPS_EU27_2020_HAB,PL52,2022,22900
A,PPS_EU27_2020_HAB,PL52,2023,23700
A,PPS_EU27_2020_HAB,PL52,2024,25300
A,PPS_EU27_2020_HAB,PL6,2000,8000
A,PPS_EU27_2020_HAB,PL6,2001,8300
A,PPS_EU27_2020_HAB,PL6,2002,8700
A,PPS_EU27_2020_HAB,PL6,2003,9000
A,PPS_EU27_2020_HAB,PL6,2004,9700
A,PPS_EU27_2020_HAB,PL6,2005,10000
A,PPS_EU27_2020_HAB,PL6,2006,10600
A,PPS_EU27_2020_HAB,PL6,2007,11600
A,PPS_EU27_2020_HAB,PL6,2008,12300
A,PPS_EU27_2020_HAB,PL6,2009,12600
A,PPS_EU27_2020_HAB,PL6,2010,13600
A,PPS_EU27_2020_HAB,PL6,2011,14400
A,PPS_EU27_2020_HAB,PL6,2012,14900
A,PPS_EU27_2020_HAB,PL6,2013,15000
A,PPS_EU27_2020_HAB,PL6,2014,15400
A,PPS_EU27_2020_HAB,PL6,2015,16400
A,PPS_EU27_2020_HAB,PL6,2016,16800
A,PPS_EU27_2020_HAB,PL6,2017,17500
A,PPS_EU27_2020_HAB,PL6,2018,18600
A,PPS_EU27_2020_HAB,PL6,2019,19500
A,PPS_EU27_2020_HAB,PL6,2020,20200
A,PPS_EU27_2020_HAB,PL6,2021,22400
A,PPS_EU27_2020_HAB,PL6,2022,24400
A,PPS_EU27_2020_HAB,PL6,2023,24900
A,PPS_EU27_2020_HAB,PL6,2024,26500
A,PPS_EU27_2020_HAB,PL61,2000,7900
A,PPS_EU27_2020_HAB,PL61,2001,8300
A,PPS_EU27_2020_HAB,PL61,2002,8700
A,PPS_EU27_2020_HAB,PL61,2003,9000
A,PPS_EU27_2020_HAB,PL61,2004,9600
A,PPS_EU27_2020_HAB,PL61,2005,9800
A,PPS_EU27_2020_HAB,PL61,2006,10400
A,PPS_EU27_2020_HAB,PL61,2007,11400
A,PPS_EU27_2020_HAB,PL61,2008,12200
A,PPS_EU27_2020_HAB,PL61,2009,12200
A,PPS_EU27_2020_HAB,PL61,2010,13200
A,PPS_EU27_2020_HAB,PL61,2011,13900
A,PPS_EU27_2020_HAB,PL61,2012,14200
A,PPS_EU27_2020_HAB,PL61,2013,14500
A,PPS_EU27_2020_HAB,PL61,2014,14900
A,PPS_EU27_2020_HAB,PL61,2015,15800
A,PPS_EU27_2020_HAB,PL61,2016,16100
A,PPS_EU27_2020_HAB,PL61,2017,16700
A,PPS_EU27_2020_HAB,PL61,2018,17800
A,PPS_EU27_2020_HAB,PL61,2019,18500
A,PPS_EU27_2020_HAB,PL61,2020,19700
A,PPS_EU27_2020_HAB,PL61,2021,21500
A,PPS_EU27_2020_HAB,PL61,2022,23400
A,PPS_EU27_2020_HAB,PL61,2023,23700
A,PPS_EU27_2020_HAB,PL61,2024,25300
A,PPS_EU27_2020_HAB,PL62,2000,6900
A,PPS_EU27_2020_HAB,PL62,2001,7000
A,PPS_EU27_2020_HAB,PL62,2002,7300
A,PPS_EU27_2020_HAB,PL62,2003,7700
A,PPS_EU27_2020_HAB,PL62,2004,8200
A,PPS_EU27_2020_HAB,PL62,2005,8600
A,PPS_EU27_2020_HAB,PL62,2006,9000
A,PPS_EU27_2020_HAB,PL62,2007,9800
A,PPS_EU27_2020_HAB,PL62,2008,10500
A,PPS_EU27_2020_HAB,PL62,2009,10700
A,PPS_EU27_2020_HAB,PL62,2010,11700
A,PPS_EU27_2020_HAB,PL62,2011,12300
A,PPS_EU27_2020_HAB,PL62,2012,12600
A,PPS_EU27_2020_HAB,PL62,2013,12700
A,PPS_EU27_2020_HAB,PL62,2014,13300
A,PPS_EU27_2020_HAB,PL62,2015,13900
A,PPS_EU27_2020_HAB,PL62,2016,14200
A,PPS_EU27_2020_HAB,PL62,2017,14700
A,PPS_EU27_2020_HAB,PL62,2018,15300
A,PPS_EU27_2020_HAB,PL62,2019,16100
A,PPS_EU27_2020_HAB,PL62,2020,17300
A,PPS_EU27_2020_HAB,PL62,2021,18900
A,PPS_EU27_2020_HAB,PL62,2022,20100
A,PPS_EU27_2020_HAB,PL62,2023,20800
A,PPS_EU27_2020_HAB,PL62,2024,22200
A,PPS_EU27_2020_HAB,PL63,2000,8700
A,PPS_EU27_2020_HAB,PL63,2001,9000
A,PPS_EU27_2020_HAB,PL63,2002,9700
A,PPS_EU27_2020_HAB,PL63,2003,10000
A,PPS_EU27_2020_HAB,PL63,2004,10600
A,PPS_EU27_2020_HAB,PL63,2005,11200
A,PPS_EU27_2020_HAB,PL63,2006,11800
A,PPS_EU27_2020_HAB,PL63,2007,13000
A,PPS_EU27_2020_HAB,PL63,2008,13500
A,PPS_EU27_2020_HAB,PL63,2009,14300
A,PPS_EU27_2020_HAB,PL63,2010,15200
A,PPS_EU27_2020_HAB,PL63,2011,16300
A,PPS_EU27_2020_HAB,PL63,2012,17100
A,PPS_EU27_2020_HAB,PL63,2013,16900
A,PPS_EU27_2020_HAB,PL63,2014,17300
A,PPS_EU27_2020_HAB,PL63,2015,18600
A,PPS_EU27_2020_HAB,PL63,2016,19000
A,PPS_EU27_2020_HAB,PL63,2017,19900
A,PPS_EU27_2020_HAB,PL63,2018,21200
A,PPS_EU27_2020_HAB,PL63,2019,22600
A,PPS_EU27_2020_HAB,PL63,2020,22300
A,PPS_EU27_2020_HAB,PL63,2021,25100
A,PPS_EU27_2020_HAB,PL63,2022,27700
A,PPS_EU27_2020_HAB,PL63,2023,28200
A,PPS_EU27_2020_HAB,PL63,2024,29900
A,PPS_EU27_2020_HAB,PL7,2000,7700
A,PPS_EU27_2020_HAB,PL7,2001,8000
A,PPS_EU27_2020_HAB,PL7,2002,8600
A,PPS_EU27_2020_HAB,PL7,2003,9100
A,PPS_EU27_2020_HAB,PL7,2004,9800
A,PPS_EU27_2020_HAB,PL7,2005,10100
A,PPS_EU27_2020_HAB,PL7,2006,10700
A,PPS_EU27_2020_HAB,PL7,2007,11900
A,PPS_EU27_2020_HAB,PL7,2008,12900
A,PPS_EU27_2020_HAB,PL7,2009,12900
A,PPS_EU27_2020_HAB,PL7,2010,14100
A,PPS_EU27_2020_HAB,PL7,2011,15000
A,PPS_EU27_2020_HAB,PL7,2012,15400
A,PPS_EU27_2020_HAB,PL7,2013,15400
A,PPS_EU27_2020_HAB,PL7,2014,16000
A,PPS_EU27_2020_HAB,PL7,2015,16900
A,PPS_EU27_2020_HAB,PL7,2016,17100
A,PPS_EU27_2020_HAB,PL7,2017,18000
A,PPS_EU27_2020_HAB,PL7,2018,19000
A,PPS_EU27_2020_HAB,PL7,2019,20300
A,PPS_EU27_2020_HAB,PL7,2020,21400
A,PPS_EU27_2020_HAB,PL7,2021,23200
A,PPS_EU27_2020_HAB,PL7,2022,24600
A,PPS_EU27_2020_HAB,PL7,2023,26100
A,PPS_EU27_2020_HAB,PL7,2024,27800
A,PPS_EU27_2020_HAB,PL71,2000,8000
A,PPS_EU27_2020_HAB,PL71,2001,8400
A,PPS_EU27_2020_HAB,PL71,2002,8900
A,PPS_EU27_2020_HAB,PL71,2003,9500
A,PPS_EU27_2020_HAB,PL71,2004,10200
A,PPS_EU27_2020_HAB,PL71,2005,10700
A,PPS_EU27_2020_HAB,PL71,2006,11300
A,PPS_EU27_2020_HAB,PL71,2007,12400
A,PPS_EU27_2020_HAB,PL71,2008,13400
A,PPS_EU27_2020_HAB,PL71,2009,13500
A,PPS_EU27_2020_HAB,PL71,2010,14900
A,PPS_EU27_2020_HAB,PL71,2011,15800
A,PPS_EU27_2020_HAB,PL71,2012,16500
A,PPS_EU27_2020_HAB,PL71,2013,16500
A,PPS_EU27_2020_HAB,PL71,2014,17200
A,PPS_EU27_2020_HAB,PL71,2015,18200
A,PPS_EU27_2020_HAB,PL71,2016,18500
A,PPS_EU27_2020_HAB,PL71,2017,19400
A,PPS_EU27_2020_HAB,PL71,2018,20400
A,PPS_EU27_2020_HAB,PL71,2019,22000
A,PPS_EU27_2020_HAB,PL71,2020,23100
A,PPS_EU27_2020_HAB,PL71,2021,25000
A,PPS_EU27_2020_HAB,PL71,2022,26500
A,PPS_EU27_2020_HAB,PL71,2023,28000
A,PPS_EU27_2020_HAB,PL71,2024,29600
A,PPS_EU27_2020_HAB,PL72,2000,7100
A,PPS_EU27_2020_HAB,PL72,2001,7400
A,PPS_EU27_2020_HAB,PL72,2002,7800
A,PPS_EU27_2020_HAB,PL72,2003,8300
A,PPS_EU27_2020_HAB,PL72,2004,9000
A,PPS_EU27_2020_HAB,PL72,2005,8900
A,PPS_EU27_2020_HAB,PL72,2006,9600
A,PPS_EU27_2020_HAB,PL72,2007,10800
A,PPS_EU27_2020_HAB,PL72,2008,11900
A,PPS_EU27_2020_HAB,PL72,2009,11700
A,PPS_EU27_2020_HAB,PL72,2010,12500
A,PPS_EU27_2020_HAB,PL72,2011,13200
A,PPS_EU27_2020_HAB,PL72,2012,13400
A,PPS_EU27_2020_HAB,PL72,2013,13100
A,PPS_EU27_2020_HAB,PL72,2014,13600
A,PPS_EU27_2020_HAB,PL72,2015,14300
A,PPS_EU27_2020_HAB,PL72,2016,14400
A,PPS_EU27_2020_HAB,PL72,2017,15100
A,PPS_EU27_2020_HAB,PL72,2018,16200
A,PPS_EU27_2020_HAB,PL72,2019,17000
A,PPS_EU27_2020_HAB,PL72,2020,18000
A,PPS_EU27_2020_HAB,PL72,2021,19600
A,PPS_EU27_2020_HAB,PL72,2022,20600
A,PPS_EU27_2020_HAB,PL72,2023,22100
A,PPS_EU27_2020_HAB,PL72,2024,24000
A,PPS_EU27_2020_HAB,PL8,2000,6500
A,PPS_EU27_2020_HAB,PL8,2001,6900
A,PPS_EU27_2020_HAB,PL8,2002,7200
A,PPS_EU27_2020_HAB,PL8,2003,7500
A,PPS_EU27_2020_HAB,PL8,2004,8000
A,PPS_EU27_2020_HAB,PL8,2005,8200
A,PPS_EU27_2020_HAB,PL8,2006,8600
A,PPS_EU27_2020_HAB,PL8,2007,9500
A,PPS_EU27_2020_HAB,PL8,2008,10300
A,PPS_EU27_2020_HAB,PL8,2009,10400
A,PPS_EU27_2020_HAB,PL8,2010,11300
A,PPS_EU27_2020_HAB,PL8,2011,12200
A,PPS_EU27_2020_HAB,PL8,2012,12500
A,PPS_EU27_2020_HAB,PL8,2013,12800
A,PPS_EU27_2020_HAB,PL8,2014,13200
A,PPS_EU27_2020_HAB,PL8,2015,13800
A,PPS_EU27_2020_HAB,PL8,2016,14000
A,PPS_EU27_2020_HAB,PL8,2017,14800
A,PPS_EU27_2020_HAB,PL8,2018,15500
A,PPS_EU27_2020_HAB,PL8,2019,16600
A,PPS_EU27_2020_HAB,PL8,2020,17300
A,PPS_EU27_2020_HAB,PL8,2021,18900
A,PPS_EU27_2020_HAB,PL8,2022,20300
A,PPS_EU27_2020_HAB,PL8,2023,21200
A,PPS_EU27_2020_HAB,PL8,2024,22900
A,PPS_EU27_2020_HAB,PL81,2000,6500
A,PPS_EU27_2020_HAB,PL81,2001,6800
A,PPS_EU27_2020_HAB,PL81,2002,7100
A,PPS_EU27_2020_HAB,PL81,2003,7400
A,PPS_EU27_2020_HAB,PL81,2004,7900
A,PPS_EU27_2020_HAB,PL81,2005,8100
A,PPS_EU27_2020_HAB,PL81,2006,8500
A,PPS_EU27_2020_HAB,PL81,2007,9400
A,PPS_EU27_2020_HAB,PL81,2008,10200
A,PPS_EU27_2020_HAB,PL81,2009,10200
A,PPS_EU27_2020_HAB,PL81,2010,11100
A,PPS_EU27_2020_HAB,PL81,2011,12000
A,PPS_EU27_2020_HAB,PL81,2012,12500
A,PPS_EU27_2020_HAB,PL81,2013,12700
A,PPS_EU27_2020_HAB,PL81,2014,13000
A,PPS_EU27_2020_HAB,PL81,2015,13500
A,PPS_EU27_2020_HAB,PL81,2016,13800
A,PPS_EU27_2020_HAB,PL81,2017,14600
A,PPS_EU27_2020_HAB,PL81,2018,15100
A,PPS_EU27_2020_HAB,PL81,2019,16100
A,PPS_EU27_2020_HAB,PL81,2020,16900
A,PPS_EU27_2020_HAB,PL81,2021,18400
A,PPS_EU27_2020_HAB,PL81,2022,19700
A,PPS_EU27_2020_HAB,PL81,2023,20300
A,PPS_EU27_2020_HAB,PL81,2024,22100
A,PPS_EU27_2020_HAB,PL82,2000,6400
A,PPS_EU27_2020_HAB,PL82,2001,6800
A,PPS_EU27_2020_HAB,PL82,2002,7100
A,PPS_EU27_2020_HAB,PL82,2003,7500
A,PPS_EU27_2020_HAB,PL82,2004,7900
A,PPS_EU27_2020_HAB,PL82,2005,8200
A,PPS_EU27_2020_HAB,PL82,2006,8600
A,PPS_EU27_2020_HAB,PL82,2007,9300
A,PPS_EU27_2020_HAB,PL82,2008,10100
A,PPS_EU27_2020_HAB,PL82,2009,10300
A,PPS_EU27_2020_HAB,PL82,2010,11100
A,PPS_EU27_2020_HAB,PL82,2011,12000
A,PPS_EU27_2020_HAB,PL82,2012,12400
A,PPS_EU27_2020_HAB,PL82,2013,12700
A,PPS_EU27_2020_HAB,PL82,2014,13100
A,PPS_EU27_2020_HAB,PL82,2015,13900
A,PPS_EU27_2020_HAB,PL82,2016,14000
A,PPS_EU27_2020_HAB,PL82,2017,14600
A,PPS_EU27_2020_HAB,PL82,2018,15600
A,PPS_EU27_2020_HAB,PL82,2019,16600
A,PPS_EU27_2020_HAB,PL82,2020,17100
A,PPS_EU27_2020_HAB,PL82,2021,18900
A,PPS_EU27_2020_HAB,PL82,2022,20000
A,PPS_EU27_2020_HAB,PL82,2023,21100
A,PPS_EU27_2020_HAB,PL82,2024,22900
A,PPS_EU27_2020_HAB,PL84,2000,6700
A,PPS_EU27_2020_HAB,PL84,2001,7200
A,PPS_EU27_2020_HAB,PL84,2002,7600
A,PPS_EU27_2020_HAB,PL84,2003,7800
A,PPS_EU27_2020_HAB,PL84,2004,8200
A,PPS_EU27_2020_HAB,PL84,2005,8600
A,PPS_EU27_2020_HAB,PL84,2006,8900
A,PPS_EU27_2020_HAB,PL84,2007,10000
A,PPS_EU27_2020_HAB,PL84,2008,10500
A,PPS_EU27_2020_HAB,PL84,2009,10900
A,PPS_EU27_2020_HAB,PL84,2010,12000
A,PPS_EU27_2020_HAB,PL84,2011,12900
A,PPS_EU27_2020_HAB,PL84,2012,13000
A,PPS_EU27_2020_HAB,PL84,2013,13400
A,PPS_EU27_2020_HAB,PL84,2014,13700
A,PPS_EU27_2020_HAB,PL84,2015,14300
A,PPS_EU27_2020_HAB,PL84,2016,14500
A,PPS_EU27_2020_HAB,PL84,2017,15400
A,PPS_EU27_2020_HAB,PL84,2018,16300
A,PPS_EU27_2020_HAB,PL84,2019,17400
A,PPS_EU27_2020_HAB,PL84,2020,18500
A,PPS_EU27_2020_HAB,PL84,2021,19900
A,PPS_EU27_2020_HAB,PL84,2022,21800
A,PPS_EU27_2020_HAB,PL84,2023,22800
A,PPS_EU27_2020_HAB,PL84,2024,24300
A,PPS_EU27_2020_HAB,PL9,2000,13700
A,PPS_EU27_2020_HAB,PL9,2001,14300
A,PPS_EU27_2020_HAB,PL9,2002,14700
A,PPS_EU27_2020_HAB,PL9,2003,15400
A,PPS_EU27_2020_HAB,PL9,2004,16600
A,PPS_EU27_2020_HAB,PL9,2005,17700
A,PPS_EU27_2020_HAB,PL9,2006,18800
A,PPS_EU27_2020_HAB,PL9,2007,20600
A,PPS_EU27_2020_HAB,PL9,2008,22000
A,PPS_EU27_2020_HAB,PL9,2009,22600
A,PPS_EU27_2020_HAB,PL9,2010,24900
A,PPS_EU27_2020_HAB,PL9,2011,26600
A,PPS_EU27_2020_HAB,PL9,2012,27600
A,PPS_EU27_2020_HAB,PL9,2013,28000
A,PPS_EU27_2020_HAB,PL9,2014,28800
A,PPS_EU27_2020_HAB,PL9,2015,30600
A,PPS_EU27_2020_HAB,PL9,2016,31000
A,PPS_EU27_2020_HAB,PL9,2017,32800
A,PPS_EU27_2020_HAB,PL9,2018,34900
A,PPS_EU27_2020_HAB,PL9,2019,37500
A,PPS_EU27_2020_HAB,PL9,2020,37100
A,PPS_EU27_2020_HAB,PL9,2021,39900
A,PPS_EU27_2020_HAB,PL9,2022,43300
A,PPS_EU27_2020_HAB,PL9,2023,46400
A,PPS_EU27_2020_HAB,PL9,2024,49300
A,PPS_EU27_2020_HAB,PL91,2000,19300
A,PPS_EU27_2020_HAB,PL91,2001,20100
A,PPS_EU27_2020_HAB,PL91,2002,20800
A,PPS_EU27_2020_HAB,PL91,2003,21400
A,PPS_EU27_2020_HAB,PL91,2004,23000
A,PPS_EU27_2020_HAB,PL91,2005,24500
A,PPS_EU27_2020_HAB,PL91,2006,26000
A,PPS_EU27_2020_HAB,PL91,2007,28700
A,PPS_EU27_2020_HAB,PL91,2008,30500
A,PPS_EU27_2020_HAB,PL91,2009,31200
A,PPS_EU27_2020_HAB,PL91,2010,34300
A,PPS_EU27_2020_HAB,PL91,2011,36300
A,PPS_EU27_2020_HAB,PL91,2012,37700
A,PPS_EU27_2020_HAB,PL91,2013,38300
A,PPS_EU27_2020_HAB,PL91,2014,39100
A,PPS_EU27_2020_HAB,PL91,2015,41300
A,PPS_EU27_2020_HAB,PL91,2016,41600
A,PPS_EU27_2020_HAB,PL91,2017,44100
A,PPS_EU27_2020_HAB,PL91,2018,47100
A,PPS_EU27_2020_HAB,PL91,2019,50400
A,PPS_EU27_2020_HAB,PL91,2020,48300
A,PPS_EU27_2020_HAB,PL91,2021,51300
A,PPS_EU27_2020_HAB,PL91,2022,54500
A,PPS_EU27_2020_HAB,PL91,2023,59300
A,PPS_EU27_2020_HAB,PL91,2024,62800
A,PPS_EU27_2020_HAB,PL92,2000,7300
A,PPS_EU27_2020_HAB,PL92,2001,7500
A,PPS_EU27_2020_HAB,PL92,2002,7800
A,PPS_EU27_2020_HAB,PL92,2003,8400
A,PPS_EU27_2020_HAB,PL92,2004,9200
A,PPS_EU27_2020_HAB,PL92,2005,9500
A,PPS_EU27_2020_HAB,PL92,2006,10100
A,PPS_EU27_2020_HAB,PL92,2007,11000
A,PPS_EU27_2020_HAB,PL92,2008,11800
A,PPS_EU27_2020_HAB,PL92,2009,12200
A,PPS_EU27_2020_HAB,PL92,2010,13500
A,PPS_EU27_2020_HAB,PL92,2011,14900
A,PPS_EU27_2020_HAB,PL92,2012,15300
A,PPS_EU27_2020_HAB,PL92,2013,15200
A,PPS_EU27_2020_HAB,PL92,2014,15900
A,PPS_EU27_2020_HAB,PL92,2015,17000
A,PPS_EU27_2020_HAB,PL92,2016,17300
A,PPS_EU27_2020_HAB,PL92,2017,18200
A,PPS_EU27_2020_HAB,PL92,2018,19000
A,PPS_EU27_2020_HAB,PL92,2019,20600
A,PPS_EU27_2020_HAB,PL92,2020,21100
A,PPS_EU27_2020_HAB,PL92,2021,23300
A,PPS_EU27_2020_HAB,PL92,2022,26500
A,PPS_EU27_2020_HAB,PL92,2023,26800
A,PPS_EU27_2020_HAB,PL92,2024,28500
A,PPS_EU27_2020_HAB,PT,2000,15700
A,PPS_EU27_2020_HAB,PT,2001,16200
A,PPS_EU27_2020_HAB,PT,2002,16700
A,PPS_EU27_2020_HAB,PT,2003,17100
A,PPS_EU27_2020_HAB,PT,2004,17500
A,PPS_EU27_2020_HAB,PT,2005,18600
A,PPS_EU27_2020_HAB,PT,2006,19600
A,PPS_EU27_2020_HAB,PT,2007,20300
A,PPS_EU27_2020_HAB,PT,2008,20700
A,PPS_EU27_2020_HAB,PT,2009,20000
A,PPS_EU27_2020_HAB,PT,2010,20700
A,PPS_EU27_2020_HAB,PT,2011,19900
A,PPS_EU27_2020_HAB,PT,2012,19500
A,PPS_EU27_2020_HAB,PT,2013,20200
A,PPS_EU27_2020_HAB,PT,2014,20600
A,PPS_EU27_2020_HAB,PT,2015,21200
A,PPS_EU27_2020_HAB,PT,2016,21900
A,PPS_EU27_2020_HAB,PT,2017,22600
A,PPS_EU27_2020_HAB,PT,2018,23500
A,PPS_EU27_2020_HAB,PT,2019,24500
A,PPS_EU27_2020_HAB,PT,2020,22800
A,PPS_EU27_2020_HAB,PT,2021,24600
A,PPS_EU27_2020_HAB,PT,2022,27800
A,PPS_EU27_2020_HAB,PT,2023,31100
A,PPS_EU27_2020_HAB,PT,2024,32900
A,PPS_EU27_2020_HAB,PT1,2000,15800
A,PPS_EU27_2020_HAB,PT1,2001,16300
A,PPS_EU27_2020_HAB,PT1,2002,16700
A,PPS_EU27_2020_HAB,PT1,2003,17200
A,PPS_EU27_2020_HAB,PT1,2004,17600
A,PPS_EU27_2020_HAB,PT1,2005,18700
A,PPS_EU27_2020_HAB,PT1,2006,19700
A,PPS_EU27_2020_HAB,PT1,2007,20400
A,PPS_EU27_2020_HAB,PT1,2008,20700
A,PPS_EU27_2020_HAB,PT1,2009,20000
A,PPS_EU27_2020_HAB,PT1,2010,20700
A,PPS_EU27_2020_HAB,PT1,2011,20000
A,PPS_EU27_2020_HAB,PT1,2012,19600
A,PPS_EU27_2020_HAB,PT1,2013,20200
A,PPS_EU27_2020_HAB,PT1,2014,20600
A,PPS_EU27_2020_HAB,PT1,2015,21300
A,PPS_EU27_2020_HAB,PT1,2016,21900
A,PPS_EU27_2020_HAB,PT1,2017,22600
A,PPS_EU27_2020_HAB,PT1,2018,23600
A,PPS_EU27_2020_HAB,PT1,2019,24500
A,PPS_EU27_2020_HAB,PT1,2020,22900
A,PPS_EU27_2020_HAB,PT1,2021,24600
A,PPS_EU27_2020_HAB,PT1,2022,27900
A,PPS_EU27_2020_HAB,PT1,2023,31100
A,PPS_EU27_2020_HAB,PT1,2024,32900
A,PPS_EU27_2020_HAB,PT11,2000,12600
A,PPS_EU27_2020_HAB,PT11,2001,13100
A,PPS_EU27_2020_HAB,PT11,2002,13400
A,PPS_EU27_2020_HAB,PT11,2003,13500
A,PPS_EU27_2020_HAB,PT11,2004,13700
A,PPS_EU27_2020_HAB,PT11,2005,14700
A,PPS_EU27_2020_HAB,PT11,2006,15500
A,PPS_EU27_2020_HAB,PT11,2007,16200
A,PPS_EU27_2020_HAB,PT11,2008,16600
A,PPS_EU27_2020_HAB,PT11,2009,16000
A,PPS_EU27_2020_HAB,PT11,2010,16600
A,PPS_EU27_2020_HAB,PT11,2011,16100
A,PPS_EU27_2020_HAB,PT11,2012,16100
A,PPS_EU27_2020_HAB,PT11,2013,16800
A,PPS_EU27_2020_HAB,PT11,2014,17400
A,PPS_EU27_2020_HAB,PT11,2015,18000
A,PPS_EU27_2020_HAB,PT11,2016,18600
A,PPS_EU27_2020_HAB,PT11,2017,19200
A,PPS_EU27_2020_HAB,PT11,2018,20200
A,PPS_EU27_2020_HAB,PT11,2019,20900
A,PPS_EU27_2020_HAB,PT11,2020,19900
A,PPS_EU27_2020_HAB,PT11,2021,21500
A,PPS_EU27_2020_HAB,PT11,2022,23900
A,PPS_EU27_2020_HAB,PT11,2023,26600
A,PPS_EU27_2020_HAB,PT11,2024,28300
A,PPS_EU27_2020_HAB,PT15,2000,16200
A,PPS_EU27_2020_HAB,PT15,2001,17000
A,PPS_EU27_2020_HAB,PT15,2002,17700
A,PPS_EU27_2020_HAB,PT15,2003,18400
A,PPS_EU27_2020_HAB,PT15,2004,18600
A,PPS_EU27_2020_HAB,PT15,2005,19900
A,PPS_EU27_2020_HAB,PT15,2006,21100
A,PPS_EU27_2020_HAB,PT15,2007,21800
A,PPS_EU27_2020_HAB,PT15,2008,22100
A,PPS_EU27_2020_HAB,PT15,2009,20400
A,PPS_EU27_2020_HAB,PT15,2010,20500
A,PPS_EU27_2020_HAB,PT15,2011,19500
A,PPS_EU27_2020_HAB,PT15,2012,19300
A,PPS_EU27_2020_HAB,PT15,2013,19900
A,PPS_EU27_2020_HAB,PT15,2014,20600
A,PPS_EU27_2020_HAB,PT15,2015,21400
A,PPS_EU27_2020_HAB,PT15,2016,22800
A,PPS_EU27_2020_HAB,PT15,2017,24000
A,PPS_EU27_2020_HAB,PT15,2018,25000
A,PPS_EU27_2020_HAB,PT15,2019,25900
A,PPS_EU27_2020_HAB,PT15,2020,21200
A,PPS_EU27_2020_HAB,PT15,2021,23700
A,PPS_EU27_2020_HAB,PT15,2022,30200
A,PPS_EU27_2020_HAB,PT15,2023,33400
A,PPS_EU27_2020_HAB,PT15,2024,35600
A,PPS_EU27_2020_HAB,PT19,2000,13200
A,PPS_EU27_2020_HAB,PT19,2001,13600
A,PPS_EU27_2020_HAB,PT19,2002,14000
A,PPS_EU27_2020_HAB,PT19,2003,14500
A,PPS_EU27_2020_HAB,PT19,2004,14900
A,PPS_EU27_2020_HAB,PT19,2005,15700
A,PPS_EU27_2020_HAB,PT19,2006,16600
A,PPS_EU27_2020_HAB,PT19,2007,17200
A,PPS_EU27_2020_HAB,PT19,2008,17300
A,PPS_EU27_2020_HAB,PT19,2009,16900
A,PPS_EU27_2020_HAB,PT19,2010,17500
A,PPS_EU27_2020_HAB,PT19,2011,16900
A,PPS_EU27_2020_HAB,PT19,2012,16800
A,PPS_EU27_2020_HAB,PT19,2013,17400
A,PPS_EU27_2020_HAB,PT19,2014,17800
A,PPS_EU27_2020_HAB,PT19,2015,18700
A,PPS_EU27_2020_HAB,PT19,2016,19300
A,PPS_EU27_2020_HAB,PT19,2017,19800
A,PPS_EU27_2020_HAB,PT19,2018,20800
A,PPS_EU27_2020_HAB,PT19,2019,21500
A,PPS_EU27_2020_HAB,PT19,2020,20700
A,PPS_EU27_2020_HAB,PT19,2021,22100
A,PPS_EU27_2020_HAB,PT19,2022,24400
A,PPS_EU27_2020_HAB,PT19,2023,26900
A,PPS_EU27_2020_HAB,PT19,2024,28200
A,PPS_EU27_2020_HAB,PT1A,2000,26300
A,PPS_EU27_2020_HAB,PT1A,2001,27000
A,PPS_EU27_2020_HAB,PT1A,2002,28100
A,PPS_EU27_2020_HAB,PT1A,2003,29000
A,PPS_EU27_2020_HAB,PT1A,2004,29900
A,PPS_EU27_2020_HAB,PT1A,2005,31700
A,PPS_EU27_2020_HAB,PT1A,2006,33000
A,PPS_EU27_2020_HAB,PT1A,2007,34100
A,PPS_EU27_2020_HAB,PT1A,2008,34800
A,PPS_EU27_2020_HAB,PT1A,2009,33600
A,PPS_EU27_2020_HAB,PT1A,2010,34600
A,PPS_EU27_2020_HAB,PT1A,2011,33500
A,PPS_EU27_2020_HAB,PT1A,2012,32200
A,PPS_EU27_2020_HAB,PT1A,2013,32900
A,PPS_EU27_2020_HAB,PT1A,2014,33100
A,PPS_EU27_2020_HAB,PT1A,2015,33500
A,PPS_EU27_2020_HAB,PT1A,2016,34100
A,PPS_EU27_2020_HAB,PT1A,2017,34900
A,PPS_EU27_2020_HAB,PT1A,2018,36300
A,PPS_EU27_2020_HAB,PT1A,2019,37800
A,PPS_EU27_2020_HAB,PT1A,2020,34800
A,PPS_EU27_2020_HAB,PT1A,2021,37300
A,PPS_EU27_2020_HAB,PT1A,2022,43300
A,PPS_EU27_2020_HAB,PT1A,2023,48800
A,PPS_EU27_2020_HAB,PT1A,2024,51500
A,PPS_EU27_2020_HAB,PT1B,2000,12700
A,PPS_EU27_2020_HAB,PT1B,2001,12800
A,PPS_EU27_2020_HAB,PT1B,2002,13100
A,PPS_EU27_2020_HAB,PT1B,2003,13000
A,PPS_EU27_2020_HAB,PT1B,2004,13200
A,PPS_EU27_2020_HAB,PT1B,2005,13800
A,PPS_EU27_2020_HAB,PT1B,2006,15100
A,PPS_EU27_2020_HAB,PT1B,2007,15500
A,PPS_EU27_2020_HAB,PT1B,2008,15800
A,PPS_EU27_2020_HAB,PT1B,2009,15200
A,PPS_EU27_2020_HAB,PT1B,2010,15600
A,PPS_EU27_2020_HAB,PT1B,2011,14700
A,PPS_EU27_2020_HAB,PT1B,2012,14000
A,PPS_EU27_2020_HAB,PT1B,2013,14300
A,PPS_EU27_2020_HAB,PT1B,2014,14400
A,PPS_EU27_2020_HAB,PT1B,2015,14700
A,PPS_EU27_2020_HAB,PT1B,2016,15000
A,PPS_EU27_2020_HAB,PT1B,2017,15600
A,PPS_EU27_2020_HAB,PT1B,2018,16500
A,PPS_EU27_2020_HAB,PT1B,2019,17200
A,PPS_EU27_2020_HAB,PT1B,2020,16100
A,PPS_EU27_2020_HAB,PT1B,2021,17400
A,PPS_EU27_2020_HAB,PT1B,2022,19200
A,PPS_EU27_2020_HAB,PT1B,2023,20900
A,PPS_EU27_2020_HAB,PT1B,2024,22100
A,PPS_EU27_2020_HAB,PT1C,2000,14400
A,PPS_EU27_2020_HAB,PT1C,2001,14700
A,PPS_EU27_2020_HAB,PT1C,2002,14700
A,PPS_EU27_2020_HAB,PT1C,2003,15500
A,PPS_EU27_2020_HAB,PT1C,2004,15900
A,PPS_EU27_2020_HAB,PT1C,2005,17100
A,PPS_EU27_2020_HAB,PT1C,2006,18600
A,PPS_EU27_2020_HAB,PT1C,2007,19000
A,PPS_EU27_2020_HAB,PT1C,2008,18900
A,PPS_EU27_2020_HAB,PT1C,2009,17900
A,PPS_EU27_2020_HAB,PT1C,2010,19200
A,PPS_EU27_2020_HAB,PT1C,2011,18600
A,PPS_EU27_2020_HAB,PT1C,2012,18300
A,PPS_EU27_2020_HAB,PT1C,2013,18500
A,PPS_EU27_2020_HAB,PT1C,2014,19000
A,PPS_EU27_2020_HAB,PT1C,2015,20800
A,PPS_EU27_2020_HAB,PT1C,2016,20800
A,PPS_EU27_2020_HAB,PT1C,2017,22200
A,PPS_EU27_2020_HAB,PT1C,2018,22500
A,PPS_EU27_2020_HAB,PT1C,2019,22600
A,PPS_EU27_2020_HAB,PT1C,2020,20400
A,PPS_EU27_2020_HAB,PT1C,2021,23300
A,PPS_EU27_2020_HAB,PT1C,2022,26500
A,PPS_EU27_2020_HAB,PT1C,2023,29600
A,PPS_EU27_2020_HAB,PT1C,2024,30800
A,PPS_EU27_2020_HAB,PT1D,2000,14100
A,PPS_EU27_2020_HAB,PT1D,2001,14300
A,PPS_EU27_2020_HAB,PT1D,2002,14700
A,PPS_EU27_2020_HAB,PT1D,2003,15400
A,PPS_EU27_2020_HAB,PT1D,2004,15800
A,PPS_EU27_2020_HAB,PT1D,2005,16100
A,PPS_EU27_2020_HAB,PT1D,2006,17000
A,PPS_EU27_2020_HAB,PT1D,2007,17600
A,PPS_EU27_2020_HAB,PT1D,2008,17400
A,PPS_EU27_2020_HAB,PT1D,2009,17000
A,PPS_EU27_2020_HAB,PT1D,2010,17200
A,PPS_EU27_2020_HAB,PT1D,2011,16400
A,PPS_EU27_2020_HAB,PT1D,2012,16100
A,PPS_EU27_2020_HAB,PT1D,2013,16700
A,PPS_EU27_2020_HAB,PT1D,2014,17000
A,PPS_EU27_2020_HAB,PT1D,2015,17600
A,PPS_EU27_2020_HAB,PT1D,2016,18300
A,PPS_EU27_2020_HAB,PT1D,2017,18800
A,PPS_EU27_2020_HAB,PT1D,2018,19300
A,PPS_EU27_2020_HAB,PT1D,2019,20100
A,PPS_EU27_2020_HAB,PT1D,2020,19100
A,PPS_EU27_2020_HAB,PT1D,2021,20000
A,PPS_EU27_2020_HAB,PT1D,2022,21400
A,PPS_EU27_2020_HAB,PT1D,2023,24600
A,PPS_EU27_2020_HAB,PT1D,2024,25800
A,PPS_EU27_2020_HAB,PT2,2000,12500
A,PPS_EU27_2020_HAB,PT2,2001,13500
A,PPS_EU27_2020_HAB,PT2,2002,14300
A,PPS_EU27_2020_HAB,PT2,2003,14900
A,PPS_EU27_2020_HAB,PT2,2004,15200
A,PPS_EU27_2020_HAB,PT2,2005,16300
A,PPS_EU27_2020_HAB,PT2,2006,17200
A,PPS_EU27_2020_HAB,PT2,2007,17800
A,PPS_EU27_2020_HAB,PT2,2008,18500
A,PPS_EU27_2020_HAB,PT2,2009,18100
A,PPS_EU27_2020_HAB,PT2,2010,18600
A,PPS_EU27_2020_HAB,PT2,2011,17900
A,PPS_EU27_2020_HAB,PT2,2012,17500
A,PPS_EU27_2020_HAB,PT2,2013,18200
A,PPS_EU27_2020_HAB,PT2,2014,18400
A,PPS_EU27_2020_HAB,PT2,2015,19100
A,PPS_EU27_2020_HAB,PT2,2016,19800
A,PPS_EU27_2020_HAB,PT2,2017,20100
A,PPS_EU27_2020_HAB,PT2,2018,20800
A,PPS_EU27_2020_HAB,PT2,2019,21600
A,PPS_EU27_2020_HAB,PT2,2020,19800
A,PPS_EU27_2020_HAB,PT2,2021,21700
A,PPS_EU27_2020_HAB,PT2,2022,24200
A,PPS_EU27_2020_HAB,PT2,2023,27200
A,PPS_EU27_2020_HAB,PT2,2024,29000
A,PPS_EU27_2020_HAB,PT20,2000,12500
A,PPS_EU27_2020_HAB,PT20,2001,13500
A,PPS_EU27_2020_HAB,PT20,2002,14300
A,PPS_EU27_2020_HAB,PT20,2003,14900
A,PPS_EU27_2020_HAB,PT20,2004,15200
A,PPS_EU27_2020_HAB,PT20,2005,16300
A,PPS_EU27_2020_HAB,PT20,2006,17200
A,PPS_EU27_2020_HAB,PT20,2007,17800
A,PPS_EU27_2020_HAB,PT20,2008,18500
A,PPS_EU27_2020_HAB,PT20,2009,18100
A,PPS_EU27_2020_HAB,PT20,2010,18600
A,PPS_EU27_2020_HAB,PT20,2011,17900
A,PPS_EU27_2020_HAB,PT20,2012,17500
A,PPS_EU27_2020_HAB,PT20,2013,18200
A,PPS_EU27_2020_HAB,PT20,2014,18400
A,PPS_EU27_2020_HAB,PT20,2015,19100
A,PPS_EU27_2020_HAB,PT20,2016,19800
A,PPS_EU27_2020_HAB,PT20,2017,20100
A,PPS_EU27_2020_HAB,PT20,2018,20800
A,PPS_EU27_2020_HAB,PT20,2019,21600
A,PPS_EU27_2020_HAB,PT20,2020,19800
A,PPS_EU27_2020_HAB,PT20,2021,21700
A,PPS_EU27_2020_HAB,PT20,2022,24200
A,PPS_EU27_2020_HAB,PT20,2023,27200
A,PPS_EU27_2020_HAB,PT20,2024,29000
A,PPS_EU27_2020_HAB,PT3,2000,14100
A,PPS_EU27_2020_HAB,PT3,2001,14200
A,PPS_EU27_2020_HAB,PT3,2002,15700
A,PPS_EU27_2020_HAB,PT3,2003,16400
A,PPS_EU27_2020_HAB,PT3,2004,17400
A,PPS_EU27_2020_HAB,PT3,2005,18700
A,PPS_EU27_2020_HAB,PT3,2006,19600
A,PPS_EU27_2020_HAB,PT3,2007,20100
A,PPS_EU27_2020_HAB,PT3,2008,20600
A,PPS_EU27_2020_HAB,PT3,2009,19700
A,PPS_EU27_2020_HAB,PT3,2010,20100
A,PPS_EU27_2020_HAB,PT3,2011,19800
A,PPS_EU27_2020_HAB,PT3,2012,18600
A,PPS_EU27_2020_HAB,PT3,2013,19400
A,PPS_EU27_2020_HAB,PT3,2014,20000
A,PPS_EU27_2020_HAB,PT3,2015,20600
A,PPS_EU27_2020_HAB,PT3,2016,21400
A,PPS_EU27_2020_HAB,PT3,2017,22600
A,PPS_EU27_2020_HAB,PT3,2018,23300
A,PPS_EU27_2020_HAB,PT3,2019,24100
A,PPS_EU27_2020_HAB,PT3,2020,20700
A,PPS_EU27_2020_HAB,PT3,2021,23700
A,PPS_EU27_2020_HAB,PT3,2022,29500
A,PPS_EU27_2020_HAB,PT3,2023,33200
A,PPS_EU27_2020_HAB,PT3,2024,35300
A,PPS_EU27_2020_HAB,PT30,2000,14100
A,PPS_EU27_2020_HAB,PT30,2001,14200
A,PPS_EU27_2020_HAB,PT30,2002,15700
A,PPS_EU27_2020_HAB,PT30,2003,16400
A,PPS_EU27_2020_HAB,PT30,2004,17400
A,PPS_EU27_2020_HAB,PT30,2005,18700
A,PPS_EU27_2020_HAB,PT30,2006,19600
A,PPS_EU27_2020_HAB,PT30,2007,20100
A,PPS_EU27_2020_HAB,PT30,2008,20600
A,PPS_EU27_2020_HAB,PT30,2009,19700
A,PPS_EU27_2020_HAB,PT30,2010,20100
A,PPS_EU27_2020_HAB,PT30,2011,19800
A,PPS_EU27_2020_HAB,PT30,2012,18600
A,PPS_EU27_2020_HAB,PT30,2013,19400
A,PPS_EU27_2020_HAB,PT30,2014,20000
A,PPS_EU27_2020_HAB,PT30,2015,20600
A,PPS_EU27_2020_HAB,PT30,2016,21400
A,PPS_EU27_2020_HAB,PT30,2017,22600
A,PPS_EU27_2020_HAB,PT30,2018,23300
A,PPS_EU27_2020_HAB,PT30,2019,24100
A,PPS_EU27_2020_HAB,PT30,2020,20700
A,PPS_EU27_2020_HAB,PT30,2021,23700
A,PPS_EU27_2020_HAB,PT30,2022,29500
A,PPS_EU27_2020_HAB,PT30,2023,33200
A,PPS_EU27_2020_HAB,PT30,2024,35300
A,PPS_EU27_2020_HAB,RO,2000,4900
A,PPS_EU27_2020_HAB,RO,2001,5300
A,PPS_EU27_2020_HAB,RO,2002,5900
A,PPS_EU27_2020_HAB,RO,2003,6200
A,PPS_EU27_2020_HAB,RO,2004,7300
A,PPS_EU27_2020_HAB,RO,2005,7900
A,PPS_EU27_2020_HAB,RO,2006,9200
A,PPS_EU27_2020_HAB,RO,2007,10800
A,PPS_EU27_2020_HAB,RO,2008,13000
A,PPS_EU27_2020_HAB,RO,2009,12600
A,PPS_EU27_2020_HAB,RO,2010,13100
A,PPS_EU27_2020_HAB,RO,2011,14000
A,PPS_EU27_2020_HAB,RO,2012,14600
A,PPS_EU27_2020_HAB,RO,2013,14200
A,PPS_EU27_2020_HAB,RO,2014,14800
A,PPS_EU27_2020_HAB,RO,2015,15500
A,PPS_EU27_2020_HAB,RO,2016,16600
A,PPS_EU27_2020_HAB,RO,2017,18500
A,PPS_EU27_2020_HAB,RO,2018,19900
A,PPS_EU27_2020_HAB,RO,2019,21700
A,PPS_EU27_2020_HAB,RO,2020,21800
A,PPS_EU27_2020_HAB,RO,2021,23900
A,PPS_EU27_2020_HAB,RO,2022,25900
A,PPS_EU27_2020_HAB,RO,2023,28700
A,PPS_EU27_2020_HAB,RO,2024,30800
A,PPS_EU27_2020_HAB,RO1,2000,4700
A,PPS_EU27_2020_HAB,RO1,2001,5200
A,PPS_EU27_2020_HAB,RO1,2012,13400
A,PPS_EU27_2020_HAB,RO1,2013,12800
A,PPS_EU27_2020_HAB,RO1,2014,13400
A,PPS_EU27_2020_HAB,RO1,2015,14100
A,PPS_EU27_2020_HAB,RO1,2016,15300
A,PPS_EU27_2020_HAB,RO1,2017,17400
A,PPS_EU27_2020_HAB,RO1,2018,18700
A,PPS_EU27_2020_HAB,RO1,2019,20300
A,PPS_EU27_2020_HAB,RO1,2020,20600
A,PPS_EU27_2020_HAB,RO1,2021,22300
A,PPS_EU27_2020_HAB,RO1,2022,23500
A,PPS_EU27_2020_HAB,RO1,2023,26600
A,PPS_EU27_2020_HAB,RO1,2024,28400
A,PPS_EU27_2020_HAB,RO11,2000,4300
A,PPS_EU27_2020_HAB,RO11,2001,4900
A,PPS_EU27_2020_HAB,RO11,2012,12700
A,PPS_EU27_2020_HAB,RO11,2013,12300
A,PPS_EU27_2020_HAB,RO11,2014,13000
A,PPS_EU27_2020_HAB,RO11,2015,13700
A,PPS_EU27_2020_HAB,RO11,2016,14900
A,PPS_EU27_2020_HAB,RO11,2017,17300
A,PPS_EU27_2020_HAB,RO11,2018,18300
A,PPS_EU27_2020_HAB,RO11,2019,20100
A,PPS_EU27_2020_HAB,RO11,2020,20500
A,PPS_EU27_2020_HAB,RO11,2021,22200
A,PPS_EU27_2020_HAB,RO11,2022,23700
A,PPS_EU27_2020_HAB,RO11,2023,26500
A,PPS_EU27_2020_HAB,RO11,2024,28300
A,PPS_EU27_2020_HAB,RO12,2000,5000
A,PPS_EU27_2020_HAB,RO12,2001,5400
A,PPS_EU27_2020_HAB,RO12,2012,14100
A,PPS_EU27_2020_HAB,RO12,2013,13300
A,PPS_EU27_2020_HAB,RO12,2014,13800
A,PPS_EU27_2020_HAB,RO12,2015,14600
A,PPS_EU27_2020_HAB,RO12,2016,15800
A,PPS_EU27_2020_HAB,RO12,2017,17600
A,PPS_EU27_2020_HAB,RO12,2018,19100
A,PPS_EU27_2020_HAB,RO12,2019,20400
A,PPS_EU27_2020_HAB,RO12,2020,20700
A,PPS_EU27_2020_HAB,RO12,2021,22500
A,PPS_EU27_2020_HAB,RO12,2022,23400
A,PPS_EU27_2020_HAB,RO12,2023,26800
A,PPS_EU27_2020_HAB,RO12,2024,28400
A,PPS_EU27_2020_HAB,RO2,2000,3800
A,PPS_EU27_2020_HAB,RO2,2001,4200
A,PPS_EU27_2020_HAB,RO2,2012,10600
A,PPS_EU27_2020_HAB,RO2,2013,10500
A,PPS_EU27_2020_HAB,RO2,2014,10900
A,PPS_EU27_2020_HAB,RO2,2015,11100
A,PPS_EU27_2020_HAB,RO2,2016,11800
A,PPS_EU27_2020_HAB,RO2,2017,13200
A,PPS_EU27_2020_HAB,RO2,2018,14300
A,PPS_EU27_2020_HAB,RO2,2019,15400
A,PPS_EU27_2020_HAB,RO2,2020,15400
A,PPS_EU27_2020_HAB,RO2,2021,16900
A,PPS_EU27_2020_HAB,RO2,2022,17500
A,PPS_EU27_2020_HAB,RO2,2023,19700
A,PPS_EU27_2020_HAB,RO2,2024,21100
A,PPS_EU27_2020_HAB,RO21,2000,3400
A,PPS_EU27_2020_HAB,RO21,2001,3700
A,PPS_EU27_2020_HAB,RO21,2012,9100
A,PPS_EU27_2020_HAB,RO21,2013,8800
A,PPS_EU27_2020_HAB,RO21,2014,9100
A,PPS_EU27_2020_HAB,RO21,2015,9500
A,PPS_EU27_2020_HAB,RO21,2016,10200
A,PPS_EU27_2020_HAB,RO21,2017,11600
A,PPS_EU27_2020_HAB,RO21,2018,12600
A,PPS_EU27_2020_HAB,RO21,2019,13800
A,PPS_EU27_2020_HAB,RO21,2020,14200
A,PPS_EU27_2020_HAB,RO21,2021,15000
A,PPS_EU27_2020_HAB,RO21,2022,15400
A,PPS_EU27_2020_HAB,RO21,2023,17900
A,PPS_EU27_2020_HAB,RO21,2024,19300
A,PPS_EU27_2020_HAB,RO22,2000,4400
A,PPS_EU27_2020_HAB,RO22,2001,4800
A,PPS_EU27_2020_HAB,RO22,2012,12600
A,PPS_EU27_2020_HAB,RO22,2013,12800
A,PPS_EU27_2020_HAB,RO22,2014,13300
A,PPS_EU27_2020_HAB,RO22,2015,13300
A,PPS_EU27_2020_HAB,RO22,2016,13900
A,PPS_EU27_2020_HAB,RO22,2017,15200
A,PPS_EU27_2020_HAB,RO22,2018,16500
A,PPS_EU27_2020_HAB,RO22,2019,17400
A,PPS_EU27_2020_HAB,RO22,2020,17100
A,PPS_EU27_2020_HAB,RO22,2021,19300
A,PPS_EU27_2020_HAB,RO22,2022,20300
A,PPS_EU27_2020_HAB,RO22,2023,22100
A,PPS_EU27_2020_HAB,RO22,2024,23600
A,PPS_EU27_2020_HAB,RO3,2000,6600
A,PPS_EU27_2020_HAB,RO3,2001,7100
A,PPS_EU27_2020_HAB,RO3,2012,21000
A,PPS_EU27_2020_HAB,RO3,2013,20600
A,PPS_EU27_2020_HAB,RO3,2014,21700
A,PPS_EU27_2020_HAB,RO3,2015,23000
A,PPS_EU27_2020_HAB,RO3,2016,24300
A,PPS_EU27_2020_HAB,RO3,2017,26700
A,PPS_EU27_2020_HAB,RO3,2018,28500
A,PPS_EU27_2020_HAB,RO3,2019,31300
A,PPS_EU27_2020_HAB,RO3,2020,31500
A,PPS_EU27_2020_HAB,RO3,2021,35000
A,PPS_EU27_2020_HAB,RO3,2022,39100
A,PPS_EU27_2020_HAB,RO3,2023,42400
A,PPS_EU27_2020_HAB,RO3,2024,45700
A,PPS_EU27_2020_HAB,RO31,2000,3900
A,PPS_EU27_2020_HAB,RO31,2001,4400
A,PPS_EU27_2020_HAB,RO31,2012,11300
A,PPS_EU27_2020_HAB,RO31,2013,11300
A,PPS_EU27_2020_HAB,RO31,2014,12600
A,PPS_EU27_2020_HAB,RO31,2015,12400
A,PPS_EU27_2020_HAB,RO31,2016,13300
A,PPS_EU27_2020_HAB,RO31,2017,14300
A,PPS_EU27_2020_HAB,RO31,2018,15600
A,PPS_EU27_2020_HAB,RO31,2019,16400
A,PPS_EU27_2020_HAB,RO31,2020,16400
A,PPS_EU27_2020_HAB,RO31,2021,18100
A,PPS_EU27_2020_HAB,RO31,2022,20000
A,PPS_EU27_2020_HAB,RO31,2023,20600
A,PPS_EU27_2020_HAB,RO31,2024,21800
A,PPS_EU27_2020_HAB,RO32,2000,10700
A,PPS_EU27_2020_HAB,RO32,2001,11100
A,PPS_EU27_2020_HAB,RO32,2012,34200
A,PPS_EU27_2020_HAB,RO32,2013,33300
A,PPS_EU27_2020_HAB,RO32,2014,33900
A,PPS_EU27_2020_HAB,RO32,2015,37100
A,PPS_EU27_2020_HAB,RO32,2016,38800
A,PPS_EU27_2020_HAB,RO32,2017,42900
A,PPS_EU27_2020_HAB,RO32,2018,45100
A,PPS_EU27_2020_HAB,RO32,2019,50100
A,PPS_EU27_2020_HAB,RO32,2020,50200
A,PPS_EU27_2020_HAB,RO32,2021,56000
A,PPS_EU27_2020_HAB,RO32,2022,63000
A,PPS_EU27_2020_HAB,RO32,2023,69400
A,PPS_EU27_2020_HAB,RO32,2024,75000
A,PPS_EU27_2020_HAB,RO4,2000,4400
A,PPS_EU27_2020_HAB,RO4,2001,5000
A,PPS_EU27_2020_HAB,RO4,2012,13300
A,PPS_EU27_2020_HAB,RO4,2013,12500
A,PPS_EU27_2020_HAB,RO4,2014,12700
A,PPS_EU27_2020_HAB,RO4,2015,13700
A,PPS_EU27_2020_HAB,RO4,2016,14700
A,PPS_EU27_2020_HAB,RO4,2017,16300
A,PPS_EU27_2020_HAB,RO4,2018,17800
A,PPS_EU27_2020_HAB,RO4,2019,19500
A,PPS_EU27_2020_HAB,RO4,2020,19200
A,PPS_EU27_2020_HAB,RO4,2021,21000
A,PPS_EU27_2020_HAB,RO4,2022,23200
A,PPS_EU27_2020_HAB,RO4,2023,25800
A,PPS_EU27_2020_HAB,RO4,2024,27500
A,PPS_EU27_2020_HAB,RO41,2000,4000
A,PPS_EU27_2020_HAB,RO41,2001,4500
A,PPS_EU27_2020_HAB,RO41,2012,11100
A,PPS_EU27_2020_HAB,RO41,2013,10500
A,PPS_EU27_2020_HAB,RO41,2014,10600
A,PPS_EU27_2020_HAB,RO41,2015,11300
A,PPS_EU27_2020_HAB,RO41,2016,11900
A,PPS_EU27_2020_HAB,RO41,2017,13800
A,PPS_EU27_2020_HAB,RO41,2018,15500
A,PPS_EU27_2020_HAB,RO41,2019,16900
A,PPS_EU27_2020_HAB,RO41,2020,16800
A,PPS_EU27_2020_HAB,RO41,2021,18200
A,PPS_EU27_2020_HAB,RO41,2022,20600
A,PPS_EU27_2020_HAB,RO41,2023,22600
A,PPS_EU27_2020_HAB,RO41,2024,24000
A,PPS_EU27_2020_HAB,RO42,2000,5000
A,PPS_EU27_2020_HAB,RO42,2001,5600
A,PPS_EU27_2020_HAB,RO42,2012,15900
A,PPS_EU27_2020_HAB,RO42,2013,14800
A,PPS_EU27_2020_HAB,RO42,2014,15100
A,PPS_EU27_2020_HAB,RO42,2015,16300
A,PPS_EU27_2020_HAB,RO42,2016,17700
A,PPS_EU27_2020_HAB,RO42,2017,19200
A,PPS_EU27_2020_HAB,RO42,2018,20400
A,PPS_EU27_2020_HAB,RO42,2019,22300
A,PPS_EU27_2020_HAB,RO42,2020,21900
A,PPS_EU27_2020_HAB,RO42,2021,24100
A,PPS_EU27_2020_HAB,RO42,2022,26000
A,PPS_EU27_2020_HAB,RO42,2023,29400
A,PPS_EU27_2020_HAB,RO42,2024,31300
A,PPS_EU27_2020_HAB,RS,2000,5300
A,PPS_EU27_2020_HAB,RS,2001,5600
A,PPS_EU27_2020_HAB,RS,2002,6200
A,PPS_EU27_2020_HAB,RS,2003,6600
A,PPS_EU27_2020_HAB,RS,2004,7100
A,PPS_EU27_2020_HAB,RS,2005,7700
A,PPS_EU27_2020_HAB,RS,2006,8300
A,PPS_EU27_2020_HAB,RS,2007,9200
A,PPS_EU27_2020_HAB,RS,2008,10200
A,PPS_EU27_2020_HAB,RS,2009,9800
A,PPS_EU27_2020_HAB,RS,2010,10100
A,PPS_EU27_2020_HAB,RS,2011,10700
A,PPS_EU27_2020_HAB,RS,2012,10700
A,PPS_EU27_2020_HAB,RS,2013,11000
A,PPS_EU27_2020_HAB,RS,2014,11000
A,PPS_EU27_2020_HAB,RS,2015,11200
A,PPS_EU27_2020_HAB,RS,2016,11400
A,PPS_EU27_2020_HAB,RS,2017,11900
A,PPS_EU27_2020_HAB,RS,2018,12500
A,PPS_EU27_2020_HAB,RS,2019,13400
A,PPS_EU27_2020_HAB,RS,2020,13400
A,PPS_EU27_2020_HAB,RS,2021,14900
A,PPS_EU27_2020_HAB,RS,2022,16100
A,PPS_EU27_2020_HAB,RS,2023,18600
A,PPS_EU27_2020_HAB,RS,2024,20600
A,PPS_EU27_2020_HAB,RS1,2000,6600
A,PPS_EU27_2020_HAB,RS1,2001,7200
A,PPS_EU27_2020_HAB,RS1,2002,8100
A,PPS_EU27_2020_HAB,RS1,2003,8600
A,PPS_EU27_2020_HAB,RS1,2004,9600
A,PPS_EU27_2020_HAB,RS1,2005,10400
A,PPS_EU27_2020_HAB,RS1,2006,11300
A,PPS_EU27_2020_HAB,RS1,2007,12800
A,PPS_EU27_2020_HAB,RS1,2008,14200
A,PPS_EU27_2020_HAB,RS1,2009,13400
A,PPS_EU27_2020_HAB,RS1,2010,13700
A,PPS_EU27_2020_HAB,RS1,2011,14400
A,PPS_EU27_2020_HAB,RS1,2012,14600
A,PPS_EU27_2020_HAB,RS1,2013,15000
A,PPS_EU27_2020_HAB,RS1,2014,14700
A,PPS_EU27_2020_HAB,RS1,2015,15000
A,PPS_EU27_2020_HAB,RS1,2016,15300
A,PPS_EU27_2020_HAB,RS1,2017,15900
A,PPS_EU27_2020_HAB,RS1,2018,16800
A,PPS_EU27_2020_HAB,RS1,2019,18000
A,PPS_EU27_2020_HAB,RS1,2020,18000
A,PPS_EU27_2020_HAB,RS1,2021,19400
A,PPS_EU27_2020_HAB,RS1,2022,20800
A,PPS_EU27_2020_HAB,RS1,2023,24500
A,PPS_EU27_2020_HAB,RS1,2024,26800
A,PPS_EU27_2020_HAB,RS11,2000,6700
A,PPS_EU27_2020_HAB,RS11,2001,7700
A,PPS_EU27_2020_HAB,RS11,2002,9800
A,PPS_EU27_2020_HAB,RS11,2003,11000
A,PPS_EU27_2020_HAB,RS11,2004,12800
A,PPS_EU27_2020_HAB,RS11,2005,13900
A,PPS_EU27_2020_HAB,RS11,2006,15400
A,PPS_EU27_2020_HAB,RS11,2007,17600
A,PPS_EU27_2020_HAB,RS11,2008,19600
A,PPS_EU27_2020_HAB,RS11,2009,18700
A,PPS_EU27_2020_HAB,RS11,2010,19000
A,PPS_EU27_2020_HAB,RS11,2011,19100
A,PPS_EU27_2020_HAB,RS11,2012,19200
A,PPS_EU27_2020_HAB,RS11,2013,19700
A,PPS_EU27_2020_HAB,RS11,2014,18900
A,PPS_EU27_2020_HAB,RS11,2015,19600
A,PPS_EU27_2020_HAB,RS11,2016,20100
A,PPS_EU27_2020_HAB,RS11,2017,20800
A,PPS_EU27_2020_HAB,RS11,2018,22300
A,PPS_EU27_2020_HAB,RS11,2019,24000
A,PPS_EU27_2020_HAB,RS11,2020,23900
A,PPS_EU27_2020_HAB,RS11,2021,25300
A,PPS_EU27_2020_HAB,RS11,2022,25800
A,PPS_EU27_2020_HAB,RS11,2023,31500
A,PPS_EU27_2020_HAB,RS11,2024,34800
A,PPS_EU27_2020_HAB,RS12,2000,6500
A,PPS_EU27_2020_HAB,RS12,2001,6700
A,PPS_EU27_2020_HAB,RS12,2002,6700
A,PPS_EU27_2020_HAB,RS12,2003,6600
A,PPS_EU27_2020_HAB,RS12,2004,7100
A,PPS_EU27_2020_HAB,RS12,2005,7700
A,PPS_EU27_2020_HAB,RS12,2006,8000
A,PPS_EU27_2020_HAB,RS12,2007,8900
A,PPS_EU27_2020_HAB,RS12,2008,9700
A,PPS_EU27_2020_HAB,RS12,2009,9000
A,PPS_EU27_2020_HAB,RS12,2010,9300
A,PPS_EU27_2020_HAB,RS12,2011,10300
A,PPS_EU27_2020_HAB,RS12,2012,10600
A,PPS_EU27_2020_HAB,RS12,2013,10900
A,PPS_EU27_2020_HAB,RS12,2014,11000
A,PPS_EU27_2020_HAB,RS12,2015,10800
A,PPS_EU27_2020_HAB,RS12,2016,11100
A,PPS_EU27_2020_HAB,RS12,2017,11500
A,PPS_EU27_2020_HAB,RS12,2018,11800
A,PPS_EU27_2020_HAB,RS12,2019,12500
A,PPS_EU27_2020_HAB,RS12,2020,12500
A,PPS_EU27_2020_HAB,RS12,2021,14000
A,PPS_EU27_2020_HAB,RS12,2022,16000
A,PPS_EU27_2020_HAB,RS12,2023,17600
A,PPS_EU27_2020_HAB,RS12,2024,19000
A,PPS_EU27_2020_HAB,RS2,2000,4200
A,PPS_EU27_2020_HAB,RS2,2001,4200
A,PPS_EU27_2020_HAB,RS2,2002,4500
A,PPS_EU27_2020_HAB,RS2,2003,4700
A,PPS_EU27_2020_HAB,RS2,2004,4800
A,PPS_EU27_2020_HAB,RS2,2005,5100
A,PPS_EU27_2020_HAB,RS2,2006,5500
A,PPS_EU27_2020_HAB,RS2,2007,5800
A,PPS_EU27_2020_HAB,RS2,2008,6400
A,PPS_EU27_2020_HAB,RS2,2009,6400
A,PPS_EU27_2020_HAB,RS2,2010,6500
A,PPS_EU27_2020_HAB,RS2,2011,7000
A,PPS_EU27_2020_HAB,RS2,2012,6900
A,PPS_EU27_2020_HAB,RS2,2013,7000
A,PPS_EU27_2020_HAB,RS2,2014,7200
A,PPS_EU27_2020_HAB,RS2,2015,7300
A,PPS_EU27_2020_HAB,RS2,2016,7400
A,PPS_EU27_2020_HAB,RS2,2017,7700
A,PPS_EU27_2020_HAB,RS2,2018,8100
A,PPS_EU27_2020_HAB,RS2,2019,8600
A,PPS_EU27_2020_HAB,RS2,2020,8600
A,PPS_EU27_2020_HAB,RS2,2021,10200
A,PPS_EU27_2020_HAB,RS2,2022,11200
A,PPS_EU27_2020_HAB,RS2,2023,12300
A,PPS_EU27_2020_HAB,RS2,2024,13900
A,PPS_EU27_2020_HAB,RS21,2000,4000
A,PPS_EU27_2020_HAB,RS21,2001,4100
A,PPS_EU27_2020_HAB,RS21,2002,4300
A,PPS_EU27_2020_HAB,RS21,2003,4600
A,PPS_EU27_2020_HAB,RS21,2004,4700
A,PPS_EU27_2020_HAB,RS21,2005,5100
A,PPS_EU27_2020_HAB,RS21,2006,5400
A,PPS_EU27_2020_HAB,RS21,2007,6000
A,PPS_EU27_2020_HAB,RS21,2008,6500
A,PPS_EU27_2020_HAB,RS21,2009,6600
A,PPS_EU27_2020_HAB,RS21,2010,6600
A,PPS_EU27_2020_HAB,RS21,2011,7000
A,PPS_EU27_2020_HAB,RS21,2012,6900
A,PPS_EU27_2020_HAB,RS21,2013,7100
A,PPS_EU27_2020_HAB,RS21,2014,7500
A,PPS_EU27_2020_HAB,RS21,2015,7600
A,PPS_EU27_2020_HAB,RS21,2016,7700
A,PPS_EU27_2020_HAB,RS21,2017,7900
A,PPS_EU27_2020_HAB,RS21,2018,8100
A,PPS_EU27_2020_HAB,RS21,2019,8500
A,PPS_EU27_2020_HAB,RS21,2020,8500
A,PPS_EU27_2020_HAB,RS21,2021,9700
A,PPS_EU27_2020_HAB,RS21,2022,10700
A,PPS_EU27_2020_HAB,RS21,2023,11600
A,PPS_EU27_2020_HAB,RS21,2024,13100
A,PPS_EU27_2020_HAB,RS22,2000,4400
A,PPS_EU27_2020_HAB,RS22,2001,4400
A,PPS_EU27_2020_HAB,RS22,2002,4700
A,PPS_EU27_2020_HAB,RS22,2003,4900
A,PPS_EU27_2020_HAB,RS22,2004,4900
A,PPS_EU27_2020_HAB,RS22,2005,5100
A,PPS_EU27_2020_HAB,RS22,2006,5600
A,PPS_EU27_2020_HAB,RS22,2007,5500
A,PPS_EU27_2020_HAB,RS22,2008,6100
A,PPS_EU27_2020_HAB,RS22,2009,6100
A,PPS_EU27_2020_HAB,RS22,2010,6400
A,PPS_EU27_2020_HAB,RS22,2011,6900
A,PPS_EU27_2020_HAB,RS22,2012,6800
A,PPS_EU27_2020_HAB,RS22,2013,6900
A,PPS_EU27_2020_HAB,RS22,2014,6900
A,PPS_EU27_2020_HAB,RS22,2015,6900
A,PPS_EU27_2020_HAB,RS22,2016,7100
A,PPS_EU27_2020_HAB,RS22,2017,7500
A,PPS_EU27_2020_HAB,RS22,2018,8200
A,PPS_EU27_2020_HAB,RS22,2019,8600
A,PPS_EU27_2020_HAB,RS22,2020,8800
A,PPS_EU27_2020_HAB,RS22,2021,10800
A,PPS_EU27_2020_HAB,RS22,2022,11800
A,PPS_EU27_2020_HAB,RS22,2023,13300
A,PPS_EU27_2020_HAB,RS22,2024,15000
A,PPS_EU27_2020_HAB,SE,2000,24600
A,PPS_EU27_2020_HAB,SE,2001,24800
A,PPS_EU27_2020_HAB,SE,2002,25400
A,PPS_EU27_2020_HAB,SE,2003,26100
A,PPS_EU27_2020_HAB,SE,2004,27600
A,PPS_EU27_2020_HAB,SE,2005,28000
A,PPS_EU27_2020_HAB,SE,2006,29900
A,PPS_EU27_2020_HAB,SE,2007,32200
A,PPS_EU27_2020_HAB,SE,2008,32500
A,PPS_EU27_2020_HAB,SE,2009,30300
A,PPS_EU27_2020_HAB,SE,2010,31800
A,PPS_EU27_2020_HAB,SE,2011,33000
A,PPS_EU27_2020_HAB,SE,2012,33400
A,PPS_EU27_2020_HAB,SE,2013,33300
A,PPS_EU27_2020_HAB,SE,2014,33600
A,PPS_EU27_2020_HAB,SE,2015,35100
A,PPS_EU27_2020_HAB,SE,2016,34900
A,PPS_EU27_2020_HAB,SE,2017,35300
A,PPS_EU27_2020_HAB,SE,2018,35900
A,PPS_EU27_2020_HAB,SE,2019,37000
A,PPS_EU27_2020_HAB,SE,2020,36700
A,PPS_EU27_2020_HAB,SE,2021,39700
A,PPS_EU27_2020_HAB,SE,2022,40900
A,PPS_EU27_2020_HAB,SE,2023,42500
A,PPS_EU27_2020_HAB,SE,2024,44400
A,PPS_EU27_2020_HAB,SE1,2000,28600
A,PPS_EU27_2020_HAB,SE1,2001,28600
A,PPS_EU27_2020_HAB,SE1,2002,29400
A,PPS_EU27_2020_HAB,SE1,2003,30000
A,PPS_EU27_2020_HAB,SE1,2004,32000
A,PPS_EU27_2020_HAB,SE1,2005,32500
A,PPS_EU27_2020_HAB,SE1,2006,34400
A,PPS_EU27_2020_HAB,SE1,2007,37300
A,PPS_EU27_2020_HAB,SE1,2008,37500
A,PPS_EU27_2020_HAB,SE1,2009,35900
A,PPS_EU27_2020_HAB,SE1,2010,36800
A,PPS_EU27_2020_HAB,SE1,2011,38400
A,PPS_EU27_2020_HAB,SE1,2012,38900
A,PPS_EU27_2020_HAB,SE1,2013,38700
A,PPS_EU27_2020_HAB,SE1,2014,39200
A,PPS_EU27_2020_HAB,SE1,2015,41000
A,PPS_EU27_2020_HAB,SE1,2016,40700
A,PPS_EU27_2020_HAB,SE1,2017,40700
A,PPS_EU27_2020_HAB,SE1,2018,41600
A,PPS_EU27_2020_HAB,SE1,2019,42800
A,PPS_EU27_2020_HAB,SE1,2020,42700
A,PPS_EU27_2020_HAB,SE1,2021,45800
A,PPS_EU27_2020_HAB,SE1,2022,47000
A,PPS_EU27_2020_HAB,SE1,2023,49000
A,PPS_EU27_2020_HAB,SE1,2024,51700
A,PPS_EU27_2020_HAB,SE11,2000,34800
A,PPS_EU27_2020_HAB,SE11,2001,34500
A,PPS_EU27_2020_HAB,SE11,2002,35300
A,PPS_EU27_2020_HAB,SE11,2003,36000
A,PPS_EU27_2020_HAB,SE11,2004,38700
A,PPS_EU27_2020_HAB,SE11,2005,39400
A,PPS_EU27_2020_HAB,SE11,2006,41300
A,PPS_EU27_2020_HAB,SE11,2007,44800
A,PPS_EU27_2020_HAB,SE11,2008,44900
A,PPS_EU27_2020_HAB,SE11,2009,43800
A,PPS_EU27_2020_HAB,SE11,2010,44100
A,PPS_EU27_2020_HAB,SE11,2011,45900
A,PPS_EU27_2020_HAB,SE11,2012,46300
A,PPS_EU27_2020_HAB,SE11,2013,46100
A,PPS_EU27_2020_HAB,SE11,2014,46900
A,PPS_EU27_2020_HAB,SE11,2015,49200
A,PPS_EU27_2020_HAB,SE11,2016,48500
A,PPS_EU27_2020_HAB,SE11,2017,47900
A,PPS_EU27_2020_HAB,SE11,2018,49200
A,PPS_EU27_2020_HAB,SE11,2019,51000
A,PPS_EU27_2020_HAB,SE11,2020,50900
A,PPS_EU27_2020_HAB,SE11,2021,54400
A,PPS_EU27_2020_HAB,SE11,2022,55500
A,PPS_EU27_2020_HAB,SE11,2023,57800
A,PPS_EU27_2020_HAB,SE11,2024,61100
A,PPS_EU27_2020_HAB,SE12,2000,21000
A,PPS_EU27_2020_HAB,SE12,2001,21400
A,PPS_EU27_2020_HAB,SE12,2002,22100
A,PPS_EU27_2020_HAB,SE12,2003,22600
A,PPS_EU27_2020_HAB,SE12,2004,23700
A,PPS_EU27_2020_HAB,SE12,2005,24000
A,PPS_EU27_2020_HAB,SE12,2006,25800
A,PPS_EU27_2020_HAB,SE12,2007,27700
A,PPS_EU27_2020_HAB,SE12,2008,27900
A,PPS_EU27_2020_HAB,SE12,2009,25700
A,PPS_EU27_2020_HAB,SE12,2010,27300
A,PPS_EU27_2020_HAB,SE12,2011,28500
A,PPS_EU27_2020_HAB,SE12,2012,29100
A,PPS_EU27_2020_HAB,SE12,2013,28900
A,PPS_EU27_2020_HAB,SE12,2014,28800
A,PPS_EU27_2020_HAB,SE12,2015,29900
A,PPS_EU27_2020_HAB,SE12,2016,30100
A,PPS_EU27_2020_HAB,SE12,2017,30800
A,PPS_EU27_2020_HAB,SE12,2018,31200
A,PPS_EU27_2020_HAB,SE12,2019,31500
A,PPS_EU27_2020_HAB,SE12,2020,31400
A,PPS_EU27_2020_HAB,SE12,2021,33800
A,PPS_EU27_2020_HAB,SE12,2022,35100
A,PPS_EU27_2020_HAB,SE12,2023,36700
A,PPS_EU27_2020_HAB,SE12,2024,38600
A,PPS_EU27_2020_HAB,SE2,2000,22800
A,PPS_EU27_2020_HAB,SE2,2001,23000
A,PPS_EU27_2020_HAB,SE2,2002,23500
A,PPS_EU27_2020_HAB,SE2,2003,24300
A,PPS_EU27_2020_HAB,SE2,2004,25400
A,PPS_EU27_2020_HAB,SE2,2005,25600
A,PPS_EU27_2020_HAB,SE2,2006,27600
A,PPS_EU27_2020_HAB,SE2,2007,30000
A,PPS_EU27_2020_HAB,SE2,2008,30000
A,PPS_EU27_2020_HAB,SE2,2009,27300
A,PPS_EU27_2020_HAB,SE2,2010,28700
A,PPS_EU27_2020_HAB,SE2,2011,29900
A,PPS_EU27_2020_HAB,SE2,2012,30100
A,PPS_EU27_2020_HAB,SE2,2013,30100
A,PPS_EU27_2020_HAB,SE2,2014,30400
A,PPS_EU27_2020_HAB,SE2,2015,32000
A,PPS_EU27_2020_HAB,SE2,2016,31900
A,PPS_EU27_2020_HAB,SE2,2017,32400
A,PPS_EU27_2020_HAB,SE2,2018,32700
A,PPS_EU27_2020_HAB,SE2,2019,33600
A,PPS_EU27_2020_HAB,SE2,2020,33100
A,PPS_EU27_2020_HAB,SE2,2021,35800
A,PPS_EU27_2020_HAB,SE2,2022,37000
A,PPS_EU27_2020_HAB,SE2,2023,39000
A,PPS_EU27_2020_HAB,SE2,2024,40100
A,PPS_EU27_2020_HAB,SE21,2000,21700
A,PPS_EU27_2020_HAB,SE21,2001,21700
A,PPS_EU27_2020_HAB,SE21,2002,22400
A,PPS_EU27_2020_HAB,SE21,2003,23100
A,PPS_EU27_2020_HAB,SE21,2004,24400
A,PPS_EU27_2020_HAB,SE21,2005,24100
A,PPS_EU27_2020_HAB,SE21,2006,26300
A,PPS_EU27_2020_HAB,SE21,2007,28200
A,PPS_EU27_2020_HAB,SE21,2008,28800
A,PPS_EU27_2020_HAB,SE21,2009,25200
A,PPS_EU27_2020_HAB,SE21,2010,27000
A,PPS_EU27_2020_HAB,SE21,2011,28400
A,PPS_EU27_2020_HAB,SE21,2012,28500
A,PPS_EU27_2020_HAB,SE21,2013,28500
A,PPS_EU27_2020_HAB,SE21,2014,28600
A,PPS_EU27_2020_HAB,SE21,2015,29700
A,PPS_EU27_2020_HAB,SE21,2016,30100
A,PPS_EU27_2020_HAB,SE21,2017,31000
A,PPS_EU27_2020_HAB,SE21,2018,30900
A,PPS_EU27_2020_HAB,SE21,2019,31200
A,PPS_EU27_2020_HAB,SE21,2020,31000
A,PPS_EU27_2020_HAB,SE21,2021,34200
A,PPS_EU27_2020_HAB,SE21,2022,35000
A,PPS_EU27_2020_HAB,SE21,2023,36300
A,PPS_EU27_2020_HAB,SE21,2024,37200
A,PPS_EU27_2020_HAB,SE22,2000,22600
A,PPS_EU27_2020_HAB,SE22,2001,22500
A,PPS_EU27_2020_HAB,SE22,2002,23200
A,PPS_EU27_2020_HAB,SE22,2003,23600
A,PPS_EU27_2020_HAB,SE22,2004,24800
A,PPS_EU27_2020_HAB,SE22,2005,25100
A,PPS_EU27_2020_HAB,SE22,2006,26700
A,PPS_EU27_2020_HAB,SE22,2007,29800
A,PPS_EU27_2020_HAB,SE22,2008,28600
A,PPS_EU27_2020_HAB,SE22,2009,26400
A,PPS_EU27_2020_HAB,SE22,2010,27600
A,PPS_EU27_2020_HAB,SE22,2011,28200
A,PPS_EU27_2020_HAB,SE22,2012,28600
A,PPS_EU27_2020_HAB,SE22,2013,28600
A,PPS_EU27_2020_HAB,SE22,2014,29100
A,PPS_EU27_2020_HAB,SE22,2015,30100
A,PPS_EU27_2020_HAB,SE22,2016,29400
A,PPS_EU27_2020_HAB,SE22,2017,30000
A,PPS_EU27_2020_HAB,SE22,2018,30600
A,PPS_EU27_2020_HAB,SE22,2019,31700
A,PPS_EU27_2020_HAB,SE22,2020,32000
A,PPS_EU27_2020_HAB,SE22,2021,34000
A,PPS_EU27_2020_HAB,SE22,2022,34500
A,PPS_EU27_2020_HAB,SE22,2023,35900
A,PPS_EU27_2020_HAB,SE22,2024,38300
A,PPS_EU27_2020_HAB,SE23,2000,23500
A,PPS_EU27_2020_HAB,SE23,2001,23900
A,PPS_EU27_2020_HAB,SE23,2002,24200
A,PPS_EU27_2020_HAB,SE23,2003,25400
A,PPS_EU27_2020_HAB,SE23,2004,26300
A,PPS_EU27_2020_HAB,SE23,2005,26700
A,PPS_EU27_2020_HAB,SE23,2006,28900
A,PPS_EU27_2020_HAB,SE23,2007,30800
A,PPS_EU27_2020_HAB,SE23,2008,31600
A,PPS_EU27_2020_HAB,SE23,2009,28900
A,PPS_EU27_2020_HAB,SE23,2010,30300
A,PPS_EU27_2020_HAB,SE23,2011,31700
A,PPS_EU27_2020_HAB,SE23,2012,31900
A,PPS_EU27_2020_HAB,SE23,2013,31900
A,PPS_EU27_2020_HAB,SE23,2014,32200
A,PPS_EU27_2020_HAB,SE23,2015,34400
A,PPS_EU27_2020_HAB,SE23,2016,34400
A,PPS_EU27_2020_HAB,SE23,2017,34800
A,PPS_EU27_2020_HAB,SE23,2018,35000
A,PPS_EU27_2020_HAB,SE23,2019,35900
A,PPS_EU27_2020_HAB,SE23,2020,34900
A,PPS_EU27_2020_HAB,SE23,2021,37800
A,PPS_EU27_2020_HAB,SE23,2022,39800
A,PPS_EU27_2020_HAB,SE23,2023,42300
A,PPS_EU27_2020_HAB,SE23,2024,42700
A,PPS_EU27_2020_HAB,SE3,2000,20900
A,PPS_EU27_2020_HAB,SE3,2001,21400
A,PPS_EU27_2020_HAB,SE3,2002,21800
A,PPS_EU27_2020_HAB,SE3,2003,22500
A,PPS_EU27_2020_HAB,SE3,2004,24000
A,PPS_EU27_2020_HAB,SE3,2005,24500
A,PPS_EU27_2020_HAB,SE3,2006,26300
A,PPS_EU27_2020_HAB,SE3,2007,27300
A,PPS_EU27_2020_HAB,SE3,2008,28200
A,PPS_EU27_2020_HAB,SE3,2009,25500
A,PPS_EU27_2020_HAB,SE3,2010,28400
A,PPS_EU27_2020_HAB,SE3,2011,29200
A,PPS_EU27_2020_HAB,SE3,2012,29300
A,PPS_EU27_2020_HAB,SE3,2013,28900
A,PPS_EU27_2020_HAB,SE3,2014,28700
A,PPS_EU27_2020_HAB,SE3,2015,29300
A,PPS_EU27_2020_HAB,SE3,2016,29300
A,PPS_EU27_2020_HAB,SE3,2017,30200
A,PPS_EU27_2020_HAB,SE3,2018,31000
A,PPS_EU27_2020_HAB,SE3,2019,32100
A,PPS_EU27_2020_HAB,SE3,2020,31500
A,PPS_EU27_2020_HAB,SE3,2021,35200
A,PPS_EU27_2020_HAB,SE3,2022,36400
A,PPS_EU27_2020_HAB,SE3,2023,36200
A,PPS_EU27_2020_HAB,SE3,2024,37900
A,PPS_EU27_2020_HAB,SE31,2000,20400
A,PPS_EU27_2020_HAB,SE31,2001,20200
A,PPS_EU27_2020_HAB,SE31,2002,21000
A,PPS_EU27_2020_HAB,SE31,2003,21700
A,PPS_EU27_2020_HAB,SE31,2004,23000
A,PPS_EU27_2020_HAB,SE31,2005,23300
A,PPS_EU27_2020_HAB,SE31,2006,24800
A,PPS_EU27_2020_HAB,SE31,2007,26100
A,PPS_EU27_2020_HAB,SE31,2008,26300
A,PPS_EU27_2020_HAB,SE31,2009,23900
A,PPS_EU27_2020_HAB,SE31,2010,25800
A,PPS_EU27_2020_HAB,SE31,2011,26600
A,PPS_EU27_2020_HAB,SE31,2012,27200
A,PPS_EU27_2020_HAB,SE31,2013,27000
A,PPS_EU27_2020_HAB,SE31,2014,27000
A,PPS_EU27_2020_HAB,SE31,2015,27600
A,PPS_EU27_2020_HAB,SE31,2016,27700
A,PPS_EU27_2020_HAB,SE31,2017,28200
A,PPS_EU27_2020_HAB,SE31,2018,29000
A,PPS_EU27_2020_HAB,SE31,2019,29900
A,PPS_EU27_2020_HAB,SE31,2020,29400
A,PPS_EU27_2020_HAB,SE31,2021,31500
A,PPS_EU27_2020_HAB,SE31,2022,32600
A,PPS_EU27_2020_HAB,SE31,2023,32600
A,PPS_EU27_2020_HAB,SE31,2024,33900
A,PPS_EU27_2020_HAB,SE32,2000,21700
A,PPS_EU27_2020_HAB,SE32,2001,23300
A,PPS_EU27_2020_HAB,SE32,2002,23000
A,PPS_EU27_2020_HAB,SE32,2003,23200
A,PPS_EU27_2020_HAB,SE32,2004,24800
A,PPS_EU27_2020_HAB,SE32,2005,25400
A,PPS_EU27_2020_HAB,SE32,2006,26600
A,PPS_EU27_2020_HAB,SE32,2007,27400
A,PPS_EU27_2020_HAB,SE32,2008,28600
A,PPS_EU27_2020_HAB,SE32,2009,27200
A,PPS_EU27_2020_HAB,SE32,2010,29600
A,PPS_EU27_2020_HAB,SE32,2011,29500
A,PPS_EU27_2020_HAB,SE32,2012,29600
A,PPS_EU27_2020_HAB,SE32,2013,29200
A,PPS_EU27_2020_HAB,SE32,2014,29200
A,PPS_EU27_2020_HAB,SE32,2015,29700
A,PPS_EU27_2020_HAB,SE32,2016,29300
A,PPS_EU27_2020_HAB,SE32,2017,29900
A,PPS_EU27_2020_HAB,SE32,2018,30600
A,PPS_EU27_2020_HAB,SE32,2019,31500
A,PPS_EU27_2020_HAB,SE32,2020,30700
A,PPS_EU27_2020_HAB,SE32,2021,34200
A,PPS_EU27_2020_HAB,SE32,2022,36300
A,PPS_EU27_2020_HAB,SE32,2023,36400
A,PPS_EU27_2020_HAB,SE32,2024,39700
A,PPS_EU27_2020_HAB,SE33,2000,21200
A,PPS_EU27_2020_HAB,SE33,2001,21800
A,PPS_EU27_2020_HAB,SE33,2002,22400
A,PPS_EU27_2020_HAB,SE33,2003,23200
A,PPS_EU27_2020_HAB,SE33,2004,25200
A,PPS_EU27_2020_HAB,SE33,2005,25800
A,PPS_EU27_2020_HAB,SE33,2006,28400
A,PPS_EU27_2020_HAB,SE33,2007,29100
A,PPS_EU27_2020_HAB,SE33,2008,30900
A,PPS_EU27_2020_HAB,SE33,2009,27000
A,PPS_EU27_2020_HAB,SE33,2010,31800
A,PPS_EU27_2020_HAB,SE33,2011,33000
A,PPS_EU27_2020_HAB,SE33,2012,32600
A,PPS_EU27_2020_HAB,SE33,2013,31800
A,PPS_EU27_2020_HAB,SE33,2014,31200
A,PPS_EU27_2020_HAB,SE33,2015,31700
A,PPS_EU27_2020_HAB,SE33,2016,31700
A,PPS_EU27_2020_HAB,SE33,2017,33700
A,PPS_EU27_2020_HAB,SE33,2018,34400
A,PPS_EU27_2020_HAB,SE33,2019,36400
A,PPS_EU27_2020_HAB,SE33,2020,35500
A,PPS_EU27_2020_HAB,SE33,2021,42000
A,PPS_EU27_2020_HAB,SE33,2022,42700
A,PPS_EU27_2020_HAB,SE33,2023,41900
A,PPS_EU27_2020_HAB,SE33,2024,43100
A,PPS_EU27_2020_HAB,SI,2000,14900
A,PPS_EU27_2020_HAB,SI,2001,15500
A,PPS_EU27_2020_HAB,SI,2002,16400
A,PPS_EU27_2020_HAB,SI,2003,17200
A,PPS_EU27_2020_HAB,SI,2004,18500
A,PPS_EU27_2020_HAB,SI,2005,19400
A,PPS_EU27_2020_HAB,SI,2006,20300
A,PPS_EU27_2020_HAB,SI,2007,21700
A,PPS_EU27_2020_HAB,SI,2008,22900
A,PPS_EU27_2020_HAB,SI,2009,20500
A,PPS_EU27_2020_HAB,SI,2010,20900
A,PPS_EU27_2020_HAB,SI,2011,21400
A,PPS_EU27_2020_HAB,SI,2012,21300
A,PPS_EU27_2020_HAB,SI,2013,21400
A,PPS_EU27_2020_HAB,SI,2014,21900
A,PPS_EU27_2020_HAB,SI,2015,22500
A,PPS_EU27_2020_HAB,SI,2016,23300
A,PPS_EU27_2020_HAB,SI,2017,24900
A,PPS_EU27_2020_HAB,SI,2018,26200
A,PPS_EU27_2020_HAB,SI,2019,27600
A,PPS_EU27_2020_HAB,SI,2020,26700
A,PPS_EU27_2020_HAB,SI,2021,29300
A,PPS_EU27_2020_HAB,SI,2022,32300
A,PPS_EU27_2020_HAB,SI,2023,35100
A,PPS_EU27_2020_HAB,SI,2024,36100
A,PPS_EU27_2020_HAB,SI0,2000,14900
A,PPS_EU27_2020_HAB,SI0,2001,15500
A,PPS_EU27_2020_HAB,SI0,2002,16400
A,PPS_EU27_2020_HAB,SI0,2003,17200
A,PPS_EU27_2020_HAB,SI0,2004,18500
A,PPS_EU27_2020_HAB,SI0,2005,19400
A,PPS_EU27_2020_HAB,SI0,2006,20300
A,PPS_EU27_2020_HAB,SI0,2007,21700
A,PPS_EU27_2020_HAB,SI0,2008,22900
A,PPS_EU27_2020_HAB,SI0,2009,20500
A,PPS_EU27_2020_HAB,SI0,2010,20900
A,PPS_EU27_2020_HAB,SI0,2011,21400
A,PPS_EU27_2020_HAB,SI0,2012,21300
A,PPS_EU27_2020_HAB,SI0,2013,21400
A,PPS_EU27_2020_HAB,SI0,2014,21900
A,PPS_EU27_2020_HAB,SI0,2015,22500
A,PPS_EU27_2020_HAB,SI0,2016,23300
A,PPS_EU27_2020_HAB,SI0,2017,24900
A,PPS_EU27_2020_HAB,SI0,2018,26200
A,PPS_EU27_2020_HAB,SI0,2019,27600
A,PPS_EU27_2020_HAB,SI0,2020,26700
A,PPS_EU27_2020_HAB,SI0,2021,29300
A,PPS_EU27_2020_HAB,SI0,2022,32300
A,PPS_EU27_2020_HAB,SI0,2023,35100
A,PPS_EU27_2020_HAB,SI0,2024,36100
A,PPS_EU27_2020_HAB,SI03,2000,12600
A,PPS_EU27_2020_HAB,SI03,2001,13000
A,PPS_EU27_2020_HAB,SI03,2002,13700
A,PPS_EU27_2020_HAB,SI03,2003,14000
A,PPS_EU27_2020_HAB,SI03,2004,15100
A,PPS_EU27_2020_HAB,SI03,2005,15900
A,PPS_EU27_2020_HAB,SI03,2006,16500
A,PPS_EU27_2020_HAB,SI03,2007,17600
A,PPS_EU27_2020_HAB,SI03,2008,18700
A,PPS_EU27_2020_HAB,SI03,2009,16600
A,PPS_EU27_2020_HAB,SI03,2010,16900
A,PPS_EU27_2020_HAB,SI03,2011,17500
A,PPS_EU27_2020_HAB,SI03,2012,17400
A,PPS_EU27_2020_HAB,SI03,2013,17500
A,PPS_EU27_2020_HAB,SI03,2014,18000
A,PPS_EU27_2020_HAB,SI03,2015,18500
A,PPS_EU27_2020_HAB,SI03,2016,19100
A,PPS_EU27_2020_HAB,SI03,2017,20300
A,PPS_EU27_2020_HAB,SI03,2018,21300
A,PPS_EU27_2020_HAB,SI03,2019,22500
A,PPS_EU27_2020_HAB,SI03,2020,21800
A,PPS_EU27_2020_HAB,SI03,2021,23700
A,PPS_EU27_2020_HAB,SI03,2022,26200
A,PPS_EU27_2020_HAB,SI03,2023,28000
A,PPS_EU27_2020_HAB,SI03,2024,28800
A,PPS_EU27_2020_HAB,SI04,2000,17700
A,PPS_EU27_2020_HAB,SI04,2001,18600
A,PPS_EU27_2020_HAB,SI04,2002,19600
A,PPS_EU27_2020_HAB,SI04,2003,21000
A,PPS_EU27_2020_HAB,SI04,2004,22500
A,PPS_EU27_2020_HAB,SI04,2005,23600
A,PPS_EU27_2020_HAB,SI04,2006,24900
A,PPS_EU27_2020_HAB,SI04,2007,26500
A,PPS_EU27_2020_HAB,SI04,2008,27800
A,PPS_EU27_2020_HAB,SI04,2009,25200
A,PPS_EU27_2020_HAB,SI04,2010,25500
A,PPS_EU27_2020_HAB,SI04,2011,25900
A,PPS_EU27_2020_HAB,SI04,2012,25700
A,PPS_EU27_2020_HAB,SI04,2013,25800
A,PPS_EU27_2020_HAB,SI04,2014,26400
A,PPS_EU27_2020_HAB,SI04,2015,27100
A,PPS_EU27_2020_HAB,SI04,2016,28100
A,PPS_EU27_2020_HAB,SI04,2017,30000
A,PPS_EU27_2020_HAB,SI04,2018,31600
A,PPS_EU27_2020_HAB,SI04,2019,33100
A,PPS_EU27_2020_HAB,SI04,2020,32100
A,PPS_EU27_2020_HAB,SI04,2021,35400
A,PPS_EU27_2020_HAB,SI04,2022,39100
A,PPS_EU27_2020_HAB,SI04,2023,42900
A,PPS_EU27_2020_HAB,SI04,2024,44100
A,PPS_EU27_2020_HAB,SK,2000,9400
A,PPS_EU27_2020_HAB,SK,2001,10200
A,PPS_EU27_2020_HAB,SK,2002,10900
A,PPS_EU27_2020_HAB,SK,2003,11600
A,PPS_EU27_2020_HAB,SK,2004,12400
A,PPS_EU27_2020_HAB,SK,2005,13500
A,PPS_EU27_2020_HAB,SK,2006,15000
A,PPS_EU27_2020_HAB,SK,2007,16700
A,PPS_EU27_2020_HAB,SK,2008,18300
A,PPS_EU27_2020_HAB,SK,2009,17300
A,PPS_EU27_2020_HAB,SK,2010,19100
A,PPS_EU27_2020_HAB,SK,2011,19500
A,PPS_EU27_2020_HAB,SK,2012,20000
A,PPS_EU27_2020_HAB,SK,2013,20300
A,PPS_EU27_2020_HAB,SK,2014,20900
A,PPS_EU27_2020_HAB,SK,2015,21700
A,PPS_EU27_2020_HAB,SK,2016,20700
A,PPS_EU27_2020_HAB,SK,2017,20800
A,PPS_EU27_2020_HAB,SK,2018,21400
A,PPS_EU27_2020_HAB,SK,2019,22100
A,PPS_EU27_2020_HAB,SK,2020,22600
A,PPS_EU27_2020_HAB,SK,2021,24500
A,PPS_EU27_2020_HAB,SK,2022,25500
A,PPS_EU27_2020_HAB,SK,2023,28500
A,PPS_EU27_2020_HAB,SK,2024,29800
A,PPS_EU27_2020_HAB,SK0,2000,9400
A,PPS_EU27_2020_HAB,SK0,2001,10200
A,PPS_EU27_2020_HAB,SK0,2002,10900
A,PPS_EU27_2020_HAB,SK0,2003,11600
A,PPS_EU27_2020_HAB,SK0,2004,12400
A,PPS_EU27_2020_HAB,SK0,2005,13500
A,PPS_EU27_2020_HAB,SK0,2006,15000
A,PPS_EU27_2020_HAB,SK0,2007,16700
A,PPS_EU27_2020_HAB,SK0,2008,18300
A,PPS_EU27_2020_HAB,SK0,2009,17300
A,PPS_EU27_2020_HAB,SK0,2010,19100
A,PPS_EU27_2020_HAB,SK0,2011,19500
A,PPS_EU27_2020_HAB,SK0,2012,20000
A,PPS_EU27_2020_HAB,SK0,2013,20300
A,PPS_EU27_2020_HAB,SK0,2014,20900
A,PPS_EU27_2020_HAB,SK0,2015,21700
A,PPS_EU27_2020_HAB,SK0,2016,20700
A,PPS_EU27_2020_HAB,SK0,2017,20800
A,PPS_EU27_2020_HAB,SK0,2018,21400
A,PPS_EU27_2020_HAB,SK0,2019,22100
A,PPS_EU27_2020_HAB,SK0,2020,22600
A,PPS_EU27_2020_HAB,SK0,2021,24500
A,PPS_EU27_2020_HAB,SK0,2022,25500
A,PPS_EU27_2020_HAB,SK0,2023,28500
A,PPS_EU27_2020_HAB,SK0,2024,29800
A,PPS_EU27_2020_HAB,SK01,2000,21300
A,PPS_EU27_2020_HAB,SK01,2001,23400
A,PPS_EU27_2020_HAB,SK01,2002,25600
A,PPS_EU27_2020_HAB,SK01,2003,26800
A,PPS_EU27_2020_HAB,SK01,2004,28600
A,PPS_EU27_2020_HAB,SK01,2005,33400
A,PPS_EU27_2020_HAB,SK01,2006,35700
A,PPS_EU27_2020_HAB,SK01,2007,40500
A,PPS_EU27_2020_HAB,SK01,2008,43600
A,PPS_EU27_2020_HAB,SK01,2009,43800
A,PPS_EU27_2020_HAB,SK01,2010,47700
A,PPS_EU27_2020_HAB,SK01,2011,49900
A,PPS_EU27_2020_HAB,SK01,2012,49700
A,PPS_EU27_2020_HAB,SK01,2013,51600
A,PPS_EU27_2020_HAB,SK01,2014,51700
A,PPS_EU27_2020_HAB,SK01,2015,53900
A,PPS_EU27_2020_HAB,SK01,2016,51600
A,PPS_EU27_2020_HAB,SK01,2017,50800
A,PPS_EU27_2020_HAB,SK01,2018,51300
A,PPS_EU27_2020_HAB,SK01,2019,51400
A,PPS_EU27_2020_HAB,SK01,2020,51700
A,PPS_EU27_2020_HAB,SK01,2021,52600
A,PPS_EU27_2020_HAB,SK01,2022,53700
A,PPS_EU27_2020_HAB,SK01,2023,58000
A,PPS_EU27_2020_HAB,SK01,2024,61000
A,PPS_EU27_2020_HAB,SK02,2000,8700
A,PPS_EU27_2020_HAB,SK02,2001,9400
A,PPS_EU27_2020_HAB,SK02,2002,9900
A,PPS_EU27_2020_HAB,SK02,2003,10800
A,PPS_EU27_2020_HAB,SK02,2004,11700
A,PPS_EU27_2020_HAB,SK02,2005,12600
A,PPS_EU27_2020_HAB,SK02,2006,14800
A,PPS_EU27_2020_HAB,SK02,2007,16100
A,PPS_EU27_2020_HAB,SK02,2008,17300
A,PPS_EU27_2020_HAB,SK02,2009,15800
A,PPS_EU27_2020_HAB,SK02,2010,17300
A,PPS_EU27_2020_HAB,SK02,2011,18300
A,PPS_EU27_2020_HAB,SK02,2012,18800
A,PPS_EU27_2020_HAB,SK02,2013,18700
A,PPS_EU27_2020_HAB,SK02,2014,19300
A,PPS_EU27_2020_HAB,SK02,2015,19500
A,PPS_EU27_2020_HAB,SK02,2016,18800
A,PPS_EU27_2020_HAB,SK02,2017,18600
A,PPS_EU27_2020_HAB,SK02,2018,19100
A,PPS_EU27_2020_HAB,SK02,2019,20400
A,PPS_EU27_2020_HAB,SK02,2020,20900
A,PPS_EU27_2020_HAB,SK02,2021,21900
A,PPS_EU27_2020_HAB,SK02,2022,22800
A,PPS_EU27_2020_HAB,SK02,2023,26600
A,PPS_EU27_2020_HAB,SK02,2024,28000
A,PPS_EU27_2020_HAB,SK03,2000,7700
A,PPS_EU27_2020_HAB,SK03,2001,8400
A,PPS_EU27_2020_HAB,SK03,2002,9000
A,PPS_EU27_2020_HAB,SK03,2003,9400
A,PPS_EU27_2020_HAB,SK03,2004,10000
A,PPS_EU27_2020_HAB,SK03,2005,10400
A,PPS_EU27_2020_HAB,SK03,2006,11500
A,PPS_EU27_2020_HAB,SK03,2007,13000
A,PPS_EU27_2020_HAB,SK03,2008,14700
A,PPS_EU27_2020_HAB,SK03,2009,13800
A,PPS_EU27_2020_HAB,SK03,2010,15500
A,PPS_EU27_2020_HAB,SK03,2011,15200
A,PPS_EU27_2020_HAB,SK03,2012,15700
A,PPS_EU27_2020_HAB,SK03,2013,15900
A,PPS_EU27_2020_HAB,SK03,2014,16500
A,PPS_EU27_2020_HAB,SK03,2015,17400
A,PPS_EU27_2020_HAB,SK03,2016,16500
A,PPS_EU27_2020_HAB,SK03,2017,16500
A,PPS_EU27_2020_HAB,SK03,2018,17100
A,PPS_EU27_2020_HAB,SK03,2019,18000
A,PPS_EU27_2020_HAB,SK03,2020,18000
A,PPS_EU27_2020_HAB,SK03,2021,20500
A,PPS_EU27_2020_HAB,SK03,2022,21700
A,PPS_EU27_2020_HAB,SK03,2023,23600
A,PPS_EU27_2020_HAB,SK03,2024,24700
A,PPS_EU27_2020_HAB,SK04,2000,7000
A,PPS_EU27_2020_HAB,SK04,2001,7800
A,PPS_EU27_2020_HAB,SK04,2002,8100
A,PPS_EU27_2020_HAB,SK04,2003,8500
A,PPS_EU27_2020_HAB,SK04,2004,9000
A,PPS_EU27_2020_HAB,SK04,2005,9700
A,PPS_EU27_2020_HAB,SK04,2006,10300
A,PPS_EU27_2020_HAB,SK04,2007,11300
A,PPS_EU27_2020_HAB,SK04,2008,12800
A,PPS_EU27_2020_HAB,SK04,2009,11700
A,PPS_EU27_2020_HAB,SK04,2010,12900
A,PPS_EU27_2020_HAB,SK04,2011,13100
A,PPS_EU27_2020_HAB,SK04,2012,13600
A,PPS_EU27_2020_HAB,SK04,2013,13800
A,PPS_EU27_2020_HAB,SK04,2014,14400
A,PPS_EU27_2020_HAB,SK04,2015,15200
A,PPS_EU27_2020_HAB,SK04,2016,14300
A,PPS_EU27_2020_HAB,SK04,2017,14800
A,PPS_EU27_2020_HAB,SK04,2018,15400
A,PPS_EU27_2020_HAB,SK04,2019,15500
A,PPS_EU27_2020_HAB,SK04,2020,16100
A,PPS_EU27_2020_HAB,SK04,2021,17900
A,PPS_EU27_2020_HAB,SK04,2022,18800
A,PPS_EU27_2020_HAB,SK04,2023,20900
A,PPS_EU27_2020_HAB,SK04,2024,21400
A,PPS_EU27_2020_HAB,TR,2000,7900
A,PPS_EU27_2020_HAB,TR,2001,7600
A,PPS_EU27_2020_HAB,TR,2002,7600
A,PPS_EU27_2020_HAB,TR,2003,7900
A,PPS_EU27_2020_HAB,TR,2004,8900
A,PPS_EU27_2020_HAB,TR,2005,9800
A,PPS_EU27_2020_HAB,TR,2006,10900
A,PPS_EU27_2020_HAB,TR,2007,11800
A,PPS_EU27_2020_HAB,TR,2008,12500
A,PPS_EU27_2020_HAB,TR,2009,11700
A,PPS_EU27_2020_HAB,TR,2010,13200
A,PPS_EU27_2020_HAB,TR,2011,14700
A,PPS_EU27_2020_HAB,TR,2012,15300
A,PPS_EU27_2020_HAB,TR,2013,16200
A,PPS_EU27_2020_HAB,TR,2014,17100
A,PPS_EU27_2020_HAB,TR,2015,18100
A,PPS_EU27_2020_HAB,TR,2016,18000
A,PPS_EU27_2020_HAB,TR,2017,18700
A,PPS_EU27_2020_HAB,TR,2018,18600
A,PPS_EU27_2020_HAB,TR,2019,18100
A,PPS_EU27_2020_HAB,TR,2020,17900
A,PPS_EU27_2020_HAB,TR,2021,19600
A,PPS_EU27_2020_HAB,TR,2022,23400
A,PPS_EU27_2020_HAB,TR,2023,25700
A,PPS_EU27_2020_HAB,TR,2024,27600
A,PPS_EU27_2020_HAB,TR1,2000,13600
A,PPS_EU27_2020_HAB,TR1,2001,13400
A,PPS_EU27_2020_HAB,TR1,2002,13000
A,PPS_EU27_2020_HAB,TR1,2003,13400
A,PPS_EU27_2020_HAB,TR1,2004,15200
A,PPS_EU27_2020_HAB,TR1,2005,16600
A,PPS_EU27_2020_HAB,TR1,2006,18500
A,PPS_EU27_2020_HAB,TR1,2007,20100
A,PPS_EU27_2020_HAB,TR1,2008,21300
A,PPS_EU27_2020_HAB,TR1,2009,19700
A,PPS_EU27_2020_HAB,TR1,2010,21300
A,PPS_EU27_2020_HAB,TR1,2011,23900
A,PPS_EU27_2020_HAB,TR1,2012,25100
A,PPS_EU27_2020_HAB,TR1,2013,26800
A,PPS_EU27_2020_HAB,TR1,2014,28600
A,PPS_EU27_2020_HAB,TR1,2015,30200
A,PPS_EU27_2020_HAB,TR1,2016,29700
A,PPS_EU27_2020_HAB,TR1,2017,31000
A,PPS_EU27_2020_HAB,TR1,2018,30500
A,PPS_EU27_2020_HAB,TR1,2019,29400
A,PPS_EU27_2020_HAB,TR1,2020,28500
A,PPS_EU27_2020_HAB,TR1,2021,31500
A,PPS_EU27_2020_HAB,TR1,2022,37500
A,PPS_EU27_2020_HAB,TR1,2023,41400
A,PPS_EU27_2020_HAB,TR1,2024,44100
A,PPS_EU27_2020_HAB,TR10,2000,13600
A,PPS_EU27_2020_HAB,TR10,2001,13400
A,PPS_EU27_2020_HAB,TR10,2002,13000
A,PPS_EU27_2020_HAB,TR10,2003,13400
A,PPS_EU27_2020_HAB,TR10,2004,15200
A,PPS_EU27_2020_HAB,TR10,2005,16600
A,PPS_EU27_2020_HAB,TR10,2006,18500
A,PPS_EU27_2020_HAB,TR10,2007,20100
A,PPS_EU27_2020_HAB,TR10,2008,21300
A,PPS_EU27_2020_HAB,TR10,2009,19700
A,PPS_EU27_2020_HAB,TR10,2010,21300
A,PPS_EU27_2020_HAB,TR10,2011,23900
A,PPS_EU27_2020_HAB,TR10,2012,25100
A,PPS_EU27_2020_HAB,TR10,2013,26800
A,PPS_EU27_2020_HAB,TR10,2014,28600
A,PPS_EU27_2020_HAB,TR10,2015,30200
A,PPS_EU27_2020_HAB,TR10,2016,29700
A,PPS_EU27_2020_HAB,TR10,2017,31000
A,PPS_EU27_2020_HAB,TR10,2018,30500
A,PPS_EU27_2020_HAB,TR10,2019,29400
A,PPS_EU27_2020_HAB,TR10,2020,28500
A,PPS_EU27_2020_HAB,TR10,2021,31500
A,PPS_EU27_2020_HAB,TR10,2022,37500
A,PPS_EU27_2020_HAB,TR10,2023,41400
A,PPS_EU27_2020_HAB,TR10,2024,44100
A,PPS_EU27_2020_HAB,TR2,2000,8500
A,PPS_EU27_2020_HAB,TR2,2001,7900
A,PPS_EU27_2020_HAB,TR2,2002,8200
A,PPS_EU27_2020_HAB,TR2,2003,8400
A,PPS_EU27_2020_HAB,TR2,2004,9500
A,PPS_EU27_2020_HAB,TR2,2005,10400
A,PPS_EU27_2020_HAB,TR2,2006,11400
A,PPS_EU27_2020_HAB,TR2,2007,12400
A,PPS_EU27_2020_HAB,TR2,2008,13200
A,PPS_EU27_2020_HAB,TR2,2009,12600
A,PPS_EU27_2020_HAB,TR2,2010,14400
A,PPS_EU27_2020_HAB,TR2,2011,15600
A,PPS_EU27_2020_HAB,TR2,2012,16000
A,PPS_EU27_2020_HAB,TR2,2013,16300
A,PPS_EU27_2020_HAB,TR2,2014,17700
A,PPS_EU27_2020_HAB,TR2,2015,18700
A,PPS_EU27_2020_HAB,TR2,2016,19100
A,PPS_EU27_2020_HAB,TR2,2017,20000
A,PPS_EU27_2020_HAB,TR2,2018,20200
A,PPS_EU27_2020_HAB,TR2,2019,19700
A,PPS_EU27_2020_HAB,TR2,2020,20100
A,PPS_EU27_2020_HAB,TR2,2021,22600
A,PPS_EU27_2020_HAB,TR2,2022,26400
A,PPS_EU27_2020_HAB,TR2,2023,27200
A,PPS_EU27_2020_HAB,TR2,2024,28000
A,PPS_EU27_2020_HAB,TR21,2000,9700
A,PPS_EU27_2020_HAB,TR21,2001,9100
A,PPS_EU27_2020_HAB,TR21,2002,9200
A,PPS_EU27_2020_HAB,TR21,2003,9700
A,PPS_EU27_2020_HAB,TR21,2004,10700
A,PPS_EU27_2020_HAB,TR21,2005,11800
A,PPS_EU27_2020_HAB,TR21,2006,12800
A,PPS_EU27_2020_HAB,TR21,2007,14100
A,PPS_EU27_2020_HAB,TR21,2008,14900
A,PPS_EU27_2020_HAB,TR21,2009,14300
A,PPS_EU27_2020_HAB,TR21,2010,16100
A,PPS_EU27_2020_HAB,TR21,2011,17600
A,PPS_EU27_2020_HAB,TR21,2012,18000
A,PPS_EU27_2020_HAB,TR21,2013,18600
A,PPS_EU27_2020_HAB,TR21,2014,20200
A,PPS_EU27_2020_HAB,TR21,2015,21300
A,PPS_EU27_2020_HAB,TR21,2016,21400
A,PPS_EU27_2020_HAB,TR21,2017,22500
A,PPS_EU27_2020_HAB,TR21,2018,22700
A,PPS_EU27_2020_HAB,TR21,2019,22100
A,PPS_EU27_2020_HAB,TR21,2020,22500
A,PPS_EU27_2020_HAB,TR21,2021,26300
A,PPS_EU27_2020_HAB,TR21,2022,29800
A,PPS_EU27_2020_HAB,TR21,2023,30200
A,PPS_EU27_2020_HAB,TR21,2024,30200
A,PPS_EU27_2020_HAB,TR22,2000,7400
A,PPS_EU27_2020_HAB,TR22,2001,6800
A,PPS_EU27_2020_HAB,TR22,2002,7200
A,PPS_EU27_2020_HAB,TR22,2003,7300
A,PPS_EU27_2020_HAB,TR22,2004,8400
A,PPS_EU27_2020_HAB,TR22,2005,9300
A,PPS_EU27_2020_HAB,TR22,2006,10200
A,PPS_EU27_2020_HAB,TR22,2007,10900
A,PPS_EU27_2020_HAB,TR22,2008,11700
A,PPS_EU27_2020_HAB,TR22,2009,11000
A,PPS_EU27_2020_HAB,TR22,2010,12800
A,PPS_EU27_2020_HAB,TR22,2011,13700
A,PPS_EU27_2020_HAB,TR22,2012,14100
A,PPS_EU27_2020_HAB,TR22,2013,14100
A,PPS_EU27_2020_HAB,TR22,2014,15200
A,PPS_EU27_2020_HAB,TR22,2015,16200
A,PPS_EU27_2020_HAB,TR22,2016,16700
A,PPS_EU27_2020_HAB,TR22,2017,17400
A,PPS_EU27_2020_HAB,TR22,2018,17500
A,PPS_EU27_2020_HAB,TR22,2019,17100
A,PPS_EU27_2020_HAB,TR22,2020,17600
A,PPS_EU27_2020_HAB,TR22,2021,18700
A,PPS_EU27_2020_HAB,TR22,2022,22800
A,PPS_EU27_2020_HAB,TR22,2023,24100
A,PPS_EU27_2020_HAB,TR22,2024,25600
A,PPS_EU27_2020_HAB,TR3,2000,7700
A,PPS_EU27_2020_HAB,TR3,2001,7300
A,PPS_EU27_2020_HAB,TR3,2002,7500
A,PPS_EU27_2020_HAB,TR3,2003,7700
A,PPS_EU27_2020_HAB,TR3,2004,8900
A,PPS_EU27_2020_HAB,TR3,2005,9600
A,PPS_EU27_2020_HAB,TR3,2006,10900
A,PPS_EU27_2020_HAB,TR3,2007,11500
A,PPS_EU27_2020_HAB,TR3,2008,12300
A,PPS_EU27_2020_HAB,TR3,2009,11400
A,PPS_EU27_2020_HAB,TR3,2010,13000
A,PPS_EU27_2020_HAB,TR3,2011,14400
A,PPS_EU27_2020_HAB,TR3,2012,15000
A,PPS_EU27_2020_HAB,TR3,2013,15600
A,PPS_EU27_2020_HAB,TR3,2014,16600
A,PPS_EU27_2020_HAB,TR3,2015,17700
A,PPS_EU27_2020_HAB,TR3,2016,18000
A,PPS_EU27_2020_HAB,TR3,2017,18900
A,PPS_EU27_2020_HAB,TR3,2018,19100
A,PPS_EU27_2020_HAB,TR3,2019,18200
A,PPS_EU27_2020_HAB,TR3,2020,17700
A,PPS_EU27_2020_HAB,TR3,2021,19700
A,PPS_EU27_2020_HAB,TR3,2022,24200
A,PPS_EU27_2020_HAB,TR3,2023,25100
A,PPS_EU27_2020_HAB,TR3,2024,26300
A,PPS_EU27_2020_HAB,TR31,2000,9600
A,PPS_EU27_2020_HAB,TR31,2001,9200
A,PPS_EU27_2020_HAB,TR31,2002,9200
A,PPS_EU27_2020_HAB,TR31,2003,9500
A,PPS_EU27_2020_HAB,TR31,2004,10900
A,PPS_EU27_2020_HAB,TR31,2005,11800
A,PPS_EU27_2020_HAB,TR31,2006,13200
A,PPS_EU27_2020_HAB,TR31,2007,14200
A,PPS_EU27_2020_HAB,TR31,2008,14900
A,PPS_EU27_2020_HAB,TR31,2009,13500
A,PPS_EU27_2020_HAB,TR31,2010,15400
A,PPS_EU27_2020_HAB,TR31,2011,17200
A,PPS_EU27_2020_HAB,TR31,2012,18000
A,PPS_EU27_2020_HAB,TR31,2013,18700
A,PPS_EU27_2020_HAB,TR31,2014,19600
A,PPS_EU27_2020_HAB,TR31,2015,20500
A,PPS_EU27_2020_HAB,TR31,2016,20900
A,PPS_EU27_2020_HAB,TR31,2017,22100
A,PPS_EU27_2020_HAB,TR31,2018,22200
A,PPS_EU27_2020_HAB,TR31,2019,20900
A,PPS_EU27_2020_HAB,TR31,2020,20300
A,PPS_EU27_2020_HAB,TR31,2021,23300
A,PPS_EU27_2020_HAB,TR31,2022,28900
A,PPS_EU27_2020_HAB,TR31,2023,29700
A,PPS_EU27_2020_HAB,TR31,2024,30500
A,PPS_EU27_2020_HAB,TR32,2000,7600
A,PPS_EU27_2020_HAB,TR32,2001,7000
A,PPS_EU27_2020_HAB,TR32,2002,7300
A,PPS_EU27_2020_HAB,TR32,2003,7100
A,PPS_EU27_2020_HAB,TR32,2004,8500
A,PPS_EU27_2020_HAB,TR32,2005,9100
A,PPS_EU27_2020_HAB,TR32,2006,10400
A,PPS_EU27_2020_HAB,TR32,2007,10800
A,PPS_EU27_2020_HAB,TR32,2008,11300
A,PPS_EU27_2020_HAB,TR32,2009,10500
A,PPS_EU27_2020_HAB,TR32,2010,12100
A,PPS_EU27_2020_HAB,TR32,2011,13400
A,PPS_EU27_2020_HAB,TR32,2012,13600
A,PPS_EU27_2020_HAB,TR32,2013,14100
A,PPS_EU27_2020_HAB,TR32,2014,15300
A,PPS_EU27_2020_HAB,TR32,2015,16100
A,PPS_EU27_2020_HAB,TR32,2016,16000
A,PPS_EU27_2020_HAB,TR32,2017,16700
A,PPS_EU27_2020_HAB,TR32,2018,16900
A,PPS_EU27_2020_HAB,TR32,2019,16600
A,PPS_EU27_2020_HAB,TR32,2020,15600
A,PPS_EU27_2020_HAB,TR32,2021,17100
A,PPS_EU27_2020_HAB,TR32,2022,21300
A,PPS_EU27_2020_HAB,TR32,2023,22200
A,PPS_EU27_2020_HAB,TR32,2024,24200
A,PPS_EU27_2020_HAB,TR33,2000,5700
A,PPS_EU27_2020_HAB,TR33,2001,5400
A,PPS_EU27_2020_HAB,TR33,2002,5700
A,PPS_EU27_2020_HAB,TR33,2003,5900
A,PPS_EU27_2020_HAB,TR33,2004,6700
A,PPS_EU27_2020_HAB,TR33,2005,7400
A,PPS_EU27_2020_HAB,TR33,2006,8300
A,PPS_EU27_2020_HAB,TR33,2007,8900
A,PPS_EU27_2020_HAB,TR33,2008,9800
A,PPS_EU27_2020_HAB,TR33,2009,9400
A,PPS_EU27_2020_HAB,TR33,2010,10600
A,PPS_EU27_2020_HAB,TR33,2011,11700
A,PPS_EU27_2020_HAB,TR33,2012,12300
A,PPS_EU27_2020_HAB,TR33,2013,12800
A,PPS_EU27_2020_HAB,TR33,2014,13800
A,PPS_EU27_2020_HAB,TR33,2015,15300
A,PPS_EU27_2020_HAB,TR33,2016,15800
A,PPS_EU27_2020_HAB,TR33,2017,16600
A,PPS_EU27_2020_HAB,TR33,2018,16800
A,PPS_EU27_2020_HAB,TR33,2019,16000
A,PPS_EU27_2020_HAB,TR33,2020,16100
A,PPS_EU27_2020_HAB,TR33,2021,17200
A,PPS_EU27_2020_HAB,TR33,2022,20400
A,PPS_EU27_2020_HAB,TR33,2023,21500
A,PPS_EU27_2020_HAB,TR33,2024,22600
A,PPS_EU27_2020_HAB,TR4,2000,10500
A,PPS_EU27_2020_HAB,TR4,2001,9800
A,PPS_EU27_2020_HAB,TR4,2002,9900
A,PPS_EU27_2020_HAB,TR4,2003,10200
A,PPS_EU27_2020_HAB,TR4,2004,11400
A,PPS_EU27_2020_HAB,TR4,2005,12500
A,PPS_EU27_2020_HAB,TR4,2006,14100
A,PPS_EU27_2020_HAB,TR4,2007,15100
A,PPS_EU27_2020_HAB,TR4,2008,15900
A,PPS_EU27_2020_HAB,TR4,2009,14500
A,PPS_EU27_2020_HAB,TR4,2010,16100
A,PPS_EU27_2020_HAB,TR4,2011,18200
A,PPS_EU27_2020_HAB,TR4,2012,18600
A,PPS_EU27_2020_HAB,TR4,2013,19700
A,PPS_EU27_2020_HAB,TR4,2014,20800
A,PPS_EU27_2020_HAB,TR4,2015,22200
A,PPS_EU27_2020_HAB,TR4,2016,21800
A,PPS_EU27_2020_HAB,TR4,2017,23000
A,PPS_EU27_2020_HAB,TR4,2018,23100
A,PPS_EU27_2020_HAB,TR4,2019,21400
A,PPS_EU27_2020_HAB,TR4,2020,21200
A,PPS_EU27_2020_HAB,TR4,2021,24100
A,PPS_EU27_2020_HAB,TR4,2022,28100
A,PPS_EU27_2020_HAB,TR4,2023,30400
A,PPS_EU27_2020_HAB,TR4,2024,31200
A,PPS_EU27_2020_HAB,TR41,2000,9700
A,PPS_EU27_2020_HAB,TR41,2001,9100
A,PPS_EU27_2020_HAB,TR41,2002,9200
A,PPS_EU27_2020_HAB,TR41,2003,9500
A,PPS_EU27_2020_HAB,TR41,2004,10600
A,PPS_EU27_2020_HAB,TR41,2005,11700
A,PPS_EU27_2020_HAB,TR41,2006,13100
A,PPS_EU27_2020_HAB,TR41,2007,14100
A,PPS_EU27_2020_HAB,TR41,2008,14900
A,PPS_EU27_2020_HAB,TR41,2009,14000
A,PPS_EU27_2020_HAB,TR41,2010,15500
A,PPS_EU27_2020_HAB,TR41,2011,17400
A,PPS_EU27_2020_HAB,TR41,2012,17800
A,PPS_EU27_2020_HAB,TR41,2013,18800
A,PPS_EU27_2020_HAB,TR41,2014,19600
A,PPS_EU27_2020_HAB,TR41,2015,20600
A,PPS_EU27_2020_HAB,TR41,2016,20400
A,PPS_EU27_2020_HAB,TR41,2017,21300
A,PPS_EU27_2020_HAB,TR41,2018,21500
A,PPS_EU27_2020_HAB,TR41,2019,20100
A,PPS_EU27_2020_HAB,TR41,2020,19400
A,PPS_EU27_2020_HAB,TR41,2021,21600
A,PPS_EU27_2020_HAB,TR41,2022,25000
A,PPS_EU27_2020_HAB,TR41,2023,26800
A,PPS_EU27_2020_HAB,TR41,2024,27600
A,PPS_EU27_2020_HAB,TR42,2000,11300
A,PPS_EU27_2020_HAB,TR42,2001,10700
A,PPS_EU27_2020_HAB,TR42,2002,10700
A,PPS_EU27_2020_HAB,TR42,2003,11000
A,PPS_EU27_2020_HAB,TR42,2004,12300
A,PPS_EU27_2020_HAB,TR42,2005,13300
A,PPS_EU27_2020_HAB,TR42,2006,15100
A,PPS_EU27_2020_HAB,TR42,2007,16200
A,PPS_EU27_2020_HAB,TR42,2008,17000
A,PPS_EU27_2020_HAB,TR42,2009,15000
A,PPS_EU27_2020_HAB,TR42,2010,16700
A,PPS_EU27_2020_HAB,TR42,2011,19100
A,PPS_EU27_2020_HAB,TR42,2012,19500
A,PPS_EU27_2020_HAB,TR42,2013,20600
A,PPS_EU27_2020_HAB,TR42,2014,22200
A,PPS_EU27_2020_HAB,TR42,2015,24000
A,PPS_EU27_2020_HAB,TR42,2016,23300
A,PPS_EU27_2020_HAB,TR42,2017,24800
A,PPS_EU27_2020_HAB,TR42,2018,24900
A,PPS_EU27_2020_HAB,TR42,2019,22800
A,PPS_EU27_2020_HAB,TR42,2020,23200
A,PPS_EU27_2020_HAB,TR42,2021,26900
A,PPS_EU27_2020_HAB,TR42,2022,31500
A,PPS_EU27_2020_HAB,TR42,2023,34200
A,PPS_EU27_2020_HAB,TR42,2024,35000
A,PPS_EU27_2020_HAB,TR5,2000,10000
A,PPS_EU27_2020_HAB,TR5,2001,9600
A,PPS_EU27_2020_HAB,TR5,2002,9500
A,PPS_EU27_2020_HAB,TR5,2003,9800
A,PPS_EU27_2020_HAB,TR5,2004,11000
A,PPS_EU27_2020_HAB,TR5,2005,12000
A,PPS_EU27_2020_HAB,TR5,2006,13400
A,PPS_EU27_2020_HAB,TR5,2007,14700
A,PPS_EU27_2020_HAB,TR5,2008,15700
A,PPS_EU27_2020_HAB,TR5,2009,14800
A,PPS_EU27_2020_HAB,TR5,2010,16300
A,PPS_EU27_2020_HAB,TR5,2011,18000
A,PPS_EU27_2020_HAB,TR5,2012,18700
A,PPS_EU27_2020_HAB,TR5,2013,20300
A,PPS_EU27_2020_HAB,TR5,2014,21100
A,PPS_EU27_2020_HAB,TR5,2015,22200
A,PPS_EU27_2020_HAB,TR5,2016,22700
A,PPS_EU27_2020_HAB,TR5,2017,22700
A,PPS_EU27_2020_HAB,TR5,2018,23100
A,PPS_EU27_2020_HAB,TR5,2019,23200
A,PPS_EU27_2020_HAB,TR5,2020,23700
A,PPS_EU27_2020_HAB,TR5,2021,25200
A,PPS_EU27_2020_HAB,TR5,2022,28900
A,PPS_EU27_2020_HAB,TR5,2023,33800
A,PPS_EU27_2020_HAB,TR5,2024,36600
A,PPS_EU27_2020_HAB,TR51,2000,12100
A,PPS_EU27_2020_HAB,TR51,2001,11800
A,PPS_EU27_2020_HAB,TR51,2002,11400
A,PPS_EU27_2020_HAB,TR51,2003,11700
A,PPS_EU27_2020_HAB,TR51,2004,13200
A,PPS_EU27_2020_HAB,TR51,2005,14400
A,PPS_EU27_2020_HAB,TR51,2006,16100
A,PPS_EU27_2020_HAB,TR51,2007,17700
A,PPS_EU27_2020_HAB,TR51,2008,18800
A,PPS_EU27_2020_HAB,TR51,2009,17700
A,PPS_EU27_2020_HAB,TR51,2010,19400
A,PPS_EU27_2020_HAB,TR51,2011,21200
A,PPS_EU27_2020_HAB,TR51,2012,21700
A,PPS_EU27_2020_HAB,TR51,2013,23700
A,PPS_EU27_2020_HAB,TR51,2014,24400
A,PPS_EU27_2020_HAB,TR51,2015,25600
A,PPS_EU27_2020_HAB,TR51,2016,26400
A,PPS_EU27_2020_HAB,TR51,2017,26100
A,PPS_EU27_2020_HAB,TR51,2018,26800
A,PPS_EU27_2020_HAB,TR51,2019,27200
A,PPS_EU27_2020_HAB,TR51,2020,27700
A,PPS_EU27_2020_HAB,TR51,2021,29700
A,PPS_EU27_2020_HAB,TR51,2022,33400
A,PPS_EU27_2020_HAB,TR51,2023,39800
A,PPS_EU27_2020_HAB,TR51,2024,43300
A,PPS_EU27_2020_HAB,TR52,2000,6000
A,PPS_EU27_2020_HAB,TR52,2001,5300
A,PPS_EU27_2020_HAB,TR52,2002,5800
A,PPS_EU27_2020_HAB,TR52,2003,6100
A,PPS_EU27_2020_HAB,TR52,2004,6700
A,PPS_EU27_2020_HAB,TR52,2005,7300
A,PPS_EU27_2020_HAB,TR52,2006,8000
A,PPS_EU27_2020_HAB,TR52,2007,8700
A,PPS_EU27_2020_HAB,TR52,2008,9100
A,PPS_EU27_2020_HAB,TR52,2009,8900
A,PPS_EU27_2020_HAB,TR52,2010,9900
A,PPS_EU27_2020_HAB,TR52,2011,11300
A,PPS_EU27_2020_HAB,TR52,2012,12100
A,PPS_EU27_2020_HAB,TR52,2013,13000
A,PPS_EU27_2020_HAB,TR52,2014,13800
A,PPS_EU27_2020_HAB,TR52,2015,14800
A,PPS_EU27_2020_HAB,TR52,2016,14600
A,PPS_EU27_2020_HAB,TR52,2017,15100
A,PPS_EU27_2020_HAB,TR52,2018,14900
A,PPS_EU27_2020_HAB,TR52,2019,14500
A,PPS_EU27_2020_HAB,TR52,2020,14900
A,PPS_EU27_2020_HAB,TR52,2021,15200
A,PPS_EU27_2020_HAB,TR52,2022,19000
A,PPS_EU27_2020_HAB,TR52,2023,20700
A,PPS_EU27_2020_HAB,TR52,2024,21800
A,PPS_EU27_2020_HAB,TR6,2000,6400
A,PPS_EU27_2020_HAB,TR6,2001,6100
A,PPS_EU27_2020_HAB,TR6,2002,6300
A,PPS_EU27_2020_HAB,TR6,2003,6500
A,PPS_EU27_2020_HAB,TR6,2004,7400
A,PPS_EU27_2020_HAB,TR6,2005,8100
A,PPS_EU27_2020_HAB,TR6,2006,8800
A,PPS_EU27_2020_HAB,TR6,2007,9600
A,PPS_EU27_2020_HAB,TR6,2008,10200
A,PPS_EU27_2020_HAB,TR6,2009,9600
A,PPS_EU27_2020_HAB,TR6,2010,11000
A,PPS_EU27_2020_HAB,TR6,2011,12100
A,PPS_EU27_2020_HAB,TR6,2012,12400
A,PPS_EU27_2020_HAB,TR6,2013,13000
A,PPS_EU27_2020_HAB,TR6,2014,13600
A,PPS_EU27_2020_HAB,TR6,2015,14000
A,PPS_EU27_2020_HAB,TR6,2016,13400
A,PPS_EU27_2020_HAB,TR6,2017,14000
A,PPS_EU27_2020_HAB,TR6,2018,14100
A,PPS_EU27_2020_HAB,TR6,2019,13900
A,PPS_EU27_2020_HAB,TR6,2020,12800
A,PPS_EU27_2020_HAB,TR6,2021,14700
A,PPS_EU27_2020_HAB,TR6,2022,18500
A,PPS_EU27_2020_HAB,TR6,2023,20500
A,PPS_EU27_2020_HAB,TR6,2024,22800
A,PPS_EU27_2020_HAB,TR61,2000,9300
A,PPS_EU27_2020_HAB,TR61,2001,8900
A,PPS_EU27_2020_HAB,TR61,2002,8900
A,PPS_EU27_2020_HAB,TR61,2003,9200
A,PPS_EU27_2020_HAB,TR61,2004,10400
A,PPS_EU27_2020_HAB,TR61,2005,11200
A,PPS_EU27_2020_HAB,TR61,2006,12400
A,PPS_EU27_2020_HAB,TR61,2007,13400
A,PPS_EU27_2020_HAB,TR61,2008,13900
A,PPS_EU27_2020_HAB,TR61,2009,13100
A,PPS_EU27_2020_HAB,TR61,2010,15200
A,PPS_EU27_2020_HAB,TR61,2011,16600
A,PPS_EU27_2020_HAB,TR61,2012,17000
A,PPS_EU27_2020_HAB,TR61,2013,17700
A,PPS_EU27_2020_HAB,TR61,2014,19000
A,PPS_EU27_2020_HAB,TR61,2015,19700
A,PPS_EU27_2020_HAB,TR61,2016,17600
A,PPS_EU27_2020_HAB,TR61,2017,18800
A,PPS_EU27_2020_HAB,TR61,2018,20000
A,PPS_EU27_2020_HAB,TR61,2019,20200
A,PPS_EU27_2020_HAB,TR61,2020,15500
A,PPS_EU27_2020_HAB,TR61,2021,17900
A,PPS_EU27_2020_HAB,TR61,2022,24100
A,PPS_EU27_2020_HAB,TR61,2023,26800
A,PPS_EU27_2020_HAB,TR61,2024,28800
A,PPS_EU27_2020_HAB,TR62,2000,5900
A,PPS_EU27_2020_HAB,TR62,2001,5600
A,PPS_EU27_2020_HAB,TR62,2002,5900
A,PPS_EU27_2020_HAB,TR62,2003,6100
A,PPS_EU27_2020_HAB,TR62,2004,6800
A,PPS_EU27_2020_HAB,TR62,2005,7500
A,PPS_EU27_2020_HAB,TR62,2006,8300
A,PPS_EU27_2020_HAB,TR62,2007,9000
A,PPS_EU27_2020_HAB,TR62,2008,9600
A,PPS_EU27_2020_HAB,TR62,2009,9000
A,PPS_EU27_2020_HAB,TR62,2010,10200
A,PPS_EU27_2020_HAB,TR62,2011,11100
A,PPS_EU27_2020_HAB,TR62,2012,11600
A,PPS_EU27_2020_HAB,TR62,2013,12000
A,PPS_EU27_2020_HAB,TR62,2014,12600
A,PPS_EU27_2020_HAB,TR62,2015,13100
A,PPS_EU27_2020_HAB,TR62,2016,13300
A,PPS_EU27_2020_HAB,TR62,2017,13500
A,PPS_EU27_2020_HAB,TR62,2018,12900
A,PPS_EU27_2020_HAB,TR62,2019,12800
A,PPS_EU27_2020_HAB,TR62,2020,13200
A,PPS_EU27_2020_HAB,TR62,2021,14500
A,PPS_EU27_2020_HAB,TR62,2022,18300
A,PPS_EU27_2020_HAB,TR62,2023,20000
A,PPS_EU27_2020_HAB,TR62,2024,21700
A,PPS_EU27_2020_HAB,TR63,2000,4900
A,PPS_EU27_2020_HAB,TR63,2001,4600
A,PPS_EU27_2020_HAB,TR63,2002,4800
A,PPS_EU27_2020_HAB,TR63,2003,4900
A,PPS_EU27_2020_HAB,TR63,2004,5500
A,PPS_EU27_2020_HAB,TR63,2005,6200
A,PPS_EU27_2020_HAB,TR63,2006,6500
A,PPS_EU27_2020_HAB,TR63,2007,7200
A,PPS_EU27_2020_HAB,TR63,2008,7700
A,PPS_EU27_2020_HAB,TR63,2009,7200
A,PPS_EU27_2020_HAB,TR63,2010,8400
A,PPS_EU27_2020_HAB,TR63,2011,9200
A,PPS_EU27_2020_HAB,TR63,2012,9200
A,PPS_EU27_2020_HAB,TR63,2013,9800
A,PPS_EU27_2020_HAB,TR63,2014,10000
A,PPS_EU27_2020_HAB,TR63,2015,10100
A,PPS_EU27_2020_HAB,TR63,2016,10100
A,PPS_EU27_2020_HAB,TR63,2017,10600
A,PPS_EU27_2020_HAB,TR63,2018,10500
A,PPS_EU27_2020_HAB,TR63,2019,9900
A,PPS_EU27_2020_HAB,TR63,2020,10000
A,PPS_EU27_2020_HAB,TR63,2021,12100
A,PPS_EU27_2020_HAB,TR63,2022,13900
A,PPS_EU27_2020_HAB,TR63,2023,15200
A,PPS_EU27_2020_HAB,TR63,2024,18700
A,PPS_EU27_2020_HAB,TR7,2000,5600
A,PPS_EU27_2020_HAB,TR7,2001,5200
A,PPS_EU27_2020_HAB,TR7,2002,5500
A,PPS_EU27_2020_HAB,TR7,2003,5700
A,PPS_EU27_2020_HAB,TR7,2004,6400
A,PPS_EU27_2020_HAB,TR7,2005,7000
A,PPS_EU27_2020_HAB,TR7,2006,7600
A,PPS_EU27_2020_HAB,TR7,2007,8300
A,PPS_EU27_2020_HAB,TR7,2008,8800
A,PPS_EU27_2020_HAB,TR7,2009,8600
A,PPS_EU27_2020_HAB,TR7,2010,10000
A,PPS_EU27_2020_HAB,TR7,2011,11000
A,PPS_EU27_2020_HAB,TR7,2012,11400
A,PPS_EU27_2020_HAB,TR7,2013,11900
A,PPS_EU27_2020_HAB,TR7,2014,12800
A,PPS_EU27_2020_HAB,TR7,2015,13900
A,PPS_EU27_2020_HAB,TR7,2016,13700
A,PPS_EU27_2020_HAB,TR7,2017,14200
A,PPS_EU27_2020_HAB,TR7,2018,13800
A,PPS_EU27_2020_HAB,TR7,2019,13500
A,PPS_EU27_2020_HAB,TR7,2020,13800
A,PPS_EU27_2020_HAB,TR7,2021,14600
A,PPS_EU27_2020_HAB,TR7,2022,17600
A,PPS_EU27_2020_HAB,TR7,2023,19500
A,PPS_EU27_2020_HAB,TR7,2024,20800
A,PPS_EU27_2020_HAB,TR71,2000,5400
A,PPS_EU27_2020_HAB,TR71,2001,4800
A,PPS_EU27_2020_HAB,TR71,2002,5200
A,PPS_EU27_2020_HAB,TR71,2003,5300
A,PPS_EU27_2020_HAB,TR71,2004,5900
A,PPS_EU27_2020_HAB,TR71,2005,6400
A,PPS_EU27_2020_HAB,TR71,2006,6900
A,PPS_EU27_2020_HAB,TR71,2007,7600
A,PPS_EU27_2020_HAB,TR71,2008,8000
A,PPS_EU27_2020_HAB,TR71,2009,7800
A,PPS_EU27_2020_HAB,TR71,2010,9400
A,PPS_EU27_2020_HAB,TR71,2011,10400
A,PPS_EU27_2020_HAB,TR71,2012,10700
A,PPS_EU27_2020_HAB,TR71,2013,11100
A,PPS_EU27_2020_HAB,TR71,2014,12000
A,PPS_EU27_2020_HAB,TR71,2015,13400
A,PPS_EU27_2020_HAB,TR71,2016,13000
A,PPS_EU27_2020_HAB,TR71,2017,13800
A,PPS_EU27_2020_HAB,TR71,2018,13500
A,PPS_EU27_2020_HAB,TR71,2019,13300
A,PPS_EU27_2020_HAB,TR71,2020,13400
A,PPS_EU27_2020_HAB,TR71,2021,14000
A,PPS_EU27_2020_HAB,TR71,2022,18200
A,PPS_EU27_2020_HAB,TR71,2023,20000
A,PPS_EU27_2020_HAB,TR71,2024,21100
A,PPS_EU27_2020_HAB,TR72,2000,5800
A,PPS_EU27_2020_HAB,TR72,2001,5500
A,PPS_EU27_2020_HAB,TR72,2002,5700
A,PPS_EU27_2020_HAB,TR72,2003,6000
A,PPS_EU27_2020_HAB,TR72,2004,6700
A,PPS_EU27_2020_HAB,TR72,2005,7400
A,PPS_EU27_2020_HAB,TR72,2006,8100
A,PPS_EU27_2020_HAB,TR72,2007,8800
A,PPS_EU27_2020_HAB,TR72,2008,9300
A,PPS_EU27_2020_HAB,TR72,2009,9100
A,PPS_EU27_2020_HAB,TR72,2010,10400
A,PPS_EU27_2020_HAB,TR72,2011,11400
A,PPS_EU27_2020_HAB,TR72,2012,11800
A,PPS_EU27_2020_HAB,TR72,2013,12500
A,PPS_EU27_2020_HAB,TR72,2014,13300
A,PPS_EU27_2020_HAB,TR72,2015,14200
A,PPS_EU27_2020_HAB,TR72,2016,14100
A,PPS_EU27_2020_HAB,TR72,2017,14500
A,PPS_EU27_2020_HAB,TR72,2018,13900
A,PPS_EU27_2020_HAB,TR72,2019,13700
A,PPS_EU27_2020_HAB,TR72,2020,14100
A,PPS_EU27_2020_HAB,TR72,2021,15000
A,PPS_EU27_2020_HAB,TR72,2022,17300
A,PPS_EU27_2020_HAB,TR72,2023,19200
A,PPS_EU27_2020_HAB,TR72,2024,20500
A,PPS_EU27_2020_HAB,TR8,2000,5100
A,PPS_EU27_2020_HAB,TR8,2001,4800
A,PPS_EU27_2020_HAB,TR8,2002,5000
A,PPS_EU27_2020_HAB,TR8,2003,5300
A,PPS_EU27_2020_HAB,TR8,2004,5900
A,PPS_EU27_2020_HAB,TR8,2005,6500
A,PPS_EU27_2020_HAB,TR8,2006,7200
A,PPS_EU27_2020_HAB,TR8,2007,7700
A,PPS_EU27_2020_HAB,TR8,2008,8400
A,PPS_EU27_2020_HAB,TR8,2009,7900
A,PPS_EU27_2020_HAB,TR8,2010,9300
A,PPS_EU27_2020_HAB,TR8,2011,10200
A,PPS_EU27_2020_HAB,TR8,2012,10500
A,PPS_EU27_2020_HAB,TR8,2013,10800
A,PPS_EU27_2020_HAB,TR8,2014,11800
A,PPS_EU27_2020_HAB,TR8,2015,12700
A,PPS_EU27_2020_HAB,TR8,2016,12700
A,PPS_EU27_2020_HAB,TR8,2017,13300
A,PPS_EU27_2020_HAB,TR8,2018,12800
A,PPS_EU27_2020_HAB,TR8,2019,12400
A,PPS_EU27_2020_HAB,TR8,2020,12800
A,PPS_EU27_2020_HAB,TR8,2021,13800
A,PPS_EU27_2020_HAB,TR8,2022,16300
A,PPS_EU27_2020_HAB,TR8,2023,17600
A,PPS_EU27_2020_HAB,TR8,2024,19200
A,PPS_EU27_2020_HAB,TR81,2000,5200
A,PPS_EU27_2020_HAB,TR81,2001,5000
A,PPS_EU27_2020_HAB,TR81,2002,5000
A,PPS_EU27_2020_HAB,TR81,2003,5400
A,PPS_EU27_2020_HAB,TR81,2004,6100
A,PPS_EU27_2020_HAB,TR81,2005,6800
A,PPS_EU27_2020_HAB,TR81,2006,7600
A,PPS_EU27_2020_HAB,TR81,2007,8200
A,PPS_EU27_2020_HAB,TR81,2008,8400
A,PPS_EU27_2020_HAB,TR81,2009,7700
A,PPS_EU27_2020_HAB,TR81,2010,9500
A,PPS_EU27_2020_HAB,TR81,2011,11100
A,PPS_EU27_2020_HAB,TR81,2012,10900
A,PPS_EU27_2020_HAB,TR81,2013,11700
A,PPS_EU27_2020_HAB,TR81,2014,13200
A,PPS_EU27_2020_HAB,TR81,2015,13500
A,PPS_EU27_2020_HAB,TR81,2016,13400
A,PPS_EU27_2020_HAB,TR81,2017,14800
A,PPS_EU27_2020_HAB,TR81,2018,15000
A,PPS_EU27_2020_HAB,TR81,2019,13100
A,PPS_EU27_2020_HAB,TR81,2020,13700
A,PPS_EU27_2020_HAB,TR81,2021,17200
A,PPS_EU27_2020_HAB,TR81,2022,19800
A,PPS_EU27_2020_HAB,TR81,2023,18800
A,PPS_EU27_2020_HAB,TR81,2024,19600
A,PPS_EU27_2020_HAB,TR82,2000,5800
A,PPS_EU27_2020_HAB,TR82,2001,5500
A,PPS_EU27_2020_HAB,TR82,2002,5700
A,PPS_EU27_2020_HAB,TR82,2003,6100
A,PPS_EU27_2020_HAB,TR82,2004,6900
A,PPS_EU27_2020_HAB,TR82,2005,7400
A,PPS_EU27_2020_HAB,TR82,2006,7800
A,PPS_EU27_2020_HAB,TR82,2007,8600
A,PPS_EU27_2020_HAB,TR82,2008,9200
A,PPS_EU27_2020_HAB,TR82,2009,8700
A,PPS_EU27_2020_HAB,TR82,2010,10200
A,PPS_EU27_2020_HAB,TR82,2011,11100
A,PPS_EU27_2020_HAB,TR82,2012,11400
A,PPS_EU27_2020_HAB,TR82,2013,11700
A,PPS_EU27_2020_HAB,TR82,2014,12600
A,PPS_EU27_2020_HAB,TR82,2015,13500
A,PPS_EU27_2020_HAB,TR82,2016,13600
A,PPS_EU27_2020_HAB,TR82,2017,14000
A,PPS_EU27_2020_HAB,TR82,2018,13400
A,PPS_EU27_2020_HAB,TR82,2019,13300
A,PPS_EU27_2020_HAB,TR82,2020,14500
A,PPS_EU27_2020_HAB,TR82,2021,15100
A,PPS_EU27_2020_HAB,TR82,2022,17700
A,PPS_EU27_2020_HAB,TR82,2023,19400
A,PPS_EU27_2020_HAB,TR82,2024,21000
A,PPS_EU27_2020_HAB,TR83,2000,4900
A,PPS_EU27_2020_HAB,TR83,2001,4600
A,PPS_EU27_2020_HAB,TR83,2002,4800
A,PPS_EU27_2020_HAB,TR83,2003,5000
A,PPS_EU27_2020_HAB,TR83,2004,5600
A,PPS_EU27_2020_HAB,TR83,2005,6200
A,PPS_EU27_2020_HAB,TR83,2006,6800
A,PPS_EU27_2020_HAB,TR83,2007,7300
A,PPS_EU27_2020_HAB,TR83,2008,8100
A,PPS_EU27_2020_HAB,TR83,2009,7700
A,PPS_EU27_2020_HAB,TR83,2010,9000
A,PPS_EU27_2020_HAB,TR83,2011,9700
A,PPS_EU27_2020_HAB,TR83,2012,10100
A,PPS_EU27_2020_HAB,TR83,2013,10300
A,PPS_EU27_2020_HAB,TR83,2014,11000
A,PPS_EU27_2020_HAB,TR83,2015,12200
A,PPS_EU27_2020_HAB,TR83,2016,12200
A,PPS_EU27_2020_HAB,TR83,2017,12600
A,PPS_EU27_2020_HAB,TR83,2018,11800
A,PPS_EU27_2020_HAB,TR83,2019,11800
A,PPS_EU27_2020_HAB,TR83,2020,12100
A,PPS_EU27_2020_HAB,TR83,2021,12100
A,PPS_EU27_2020_HAB,TR83,2022,14700
A,PPS_EU27_2020_HAB,TR83,2023,16700
A,PPS_EU27_2020_HAB,TR83,2024,18500
A,PPS_EU27_2020_HAB,TR9,2000,5100
A,PPS_EU27_2020_HAB,TR9,2001,5000
A,PPS_EU27_2020_HAB,TR9,2002,5100
A,PPS_EU27_2020_HAB,TR9,2003,5300
A,PPS_EU27_2020_HAB,TR9,2004,5900
A,PPS_EU27_2020_HAB,TR9,2005,6700
A,PPS_EU27_2020_HAB,TR9,2006,7500
A,PPS_EU27_2020_HAB,TR9,2007,8000
A,PPS_EU27_2020_HAB,TR9,2008,8600
A,PPS_EU27_2020_HAB,TR9,2009,8000
A,PPS_EU27_2020_HAB,TR9,2010,9200
A,PPS_EU27_2020_HAB,TR9,2011,10000
A,PPS_EU27_2020_HAB,TR9,2012,10600
A,PPS_EU27_2020_HAB,TR9,2013,10800
A,PPS_EU27_2020_HAB,TR9,2014,11600
A,PPS_EU27_2020_HAB,TR9,2015,13400
A,PPS_EU27_2020_HAB,TR9,2016,12600
A,PPS_EU27_2020_HAB,TR9,2017,13200
A,PPS_EU27_2020_HAB,TR9,2018,12700
A,PPS_EU27_2020_HAB,TR9,2019,12900
A,PPS_EU27_2020_HAB,TR9,2020,13000
A,PPS_EU27_2020_HAB,TR9,2021,12800
A,PPS_EU27_2020_HAB,TR9,2022,14300
A,PPS_EU27_2020_HAB,TR9,2023,15700
A,PPS_EU27_2020_HAB,TR9,2024,17900
A,PPS_EU27_2020_HAB,TR90,2000,5100
A,PPS_EU27_2020_HAB,TR90,2001,5000
A,PPS_EU27_2020_HAB,TR90,2002,5100
A,PPS_EU27_2020_HAB,TR90,2003,5300
A,PPS_EU27_2020_HAB,TR90,2004,5900
A,PPS_EU27_2020_HAB,TR90,2005,6700
A,PPS_EU27_2020_HAB,TR90,2006,7500
A,PPS_EU27_2020_HAB,TR90,2007,8000
A,PPS_EU27_2020_HAB,TR90,2008,8600
A,PPS_EU27_2020_HAB,TR90,2009,8000
A,PPS_EU27_2020_HAB,TR90,2010,9200
A,PPS_EU27_2020_HAB,TR90,2011,10000
A,PPS_EU27_2020_HAB,TR90,2012,10600
A,PPS_EU27_2020_HAB,TR90,2013,10800
A,PPS_EU27_2020_HAB,TR90,2014,11600
A,PPS_EU27_2020_HAB,TR90,2015,13400
A,PPS_EU27_2020_HAB,TR90,2016,12600
A,PPS_EU27_2020_HAB,TR90,2017,13200
A,PPS_EU27_2020_HAB,TR90,2018,12700
A,PPS_EU27_2020_HAB,TR90,2019,12900
A,PPS_EU27_2020_HAB,TR90,2020,13000
A,PPS_EU27_2020_HAB,TR90,2021,12800
A,PPS_EU27_2020_HAB,TR90,2022,14300
A,PPS_EU27_2020_HAB,TR90,2023,15700
A,PPS_EU27_2020_HAB,TR90,2024,17900
A,PPS_EU27_2020_HAB,TRA,2000,3400
A,PPS_EU27_2020_HAB,TRA,2001,3400
A,PPS_EU27_2020_HAB,TRA,2002,3500
A,PPS_EU27_2020_HAB,TRA,2003,3800
A,PPS_EU27_2020_HAB,TRA,2004,4300
A,PPS_EU27_2020_HAB,TRA,2005,4700
A,PPS_EU27_2020_HAB,TRA,2006,5200
A,PPS_EU27_2020_HAB,TRA,2007,5600
A,PPS_EU27_2020_HAB,TRA,2008,6000
A,PPS_EU27_2020_HAB,TRA,2009,6000
A,PPS_EU27_2020_HAB,TRA,2010,7300
A,PPS_EU27_2020_HAB,TRA,2011,7800
A,PPS_EU27_2020_HAB,TRA,2012,8400
A,PPS_EU27_2020_HAB,TRA,2013,8700
A,PPS_EU27_2020_HAB,TRA,2014,9100
A,PPS_EU27_2020_HAB,TRA,2015,9900
A,PPS_EU27_2020_HAB,TRA,2016,10300
A,PPS_EU27_2020_HAB,TRA,2017,10900
A,PPS_EU27_2020_HAB,TRA,2018,10500
A,PPS_EU27_2020_HAB,TRA,2019,10500
A,PPS_EU27_2020_HAB,TRA,2020,10900
A,PPS_EU27_2020_HAB,TRA,2021,10900
A,PPS_EU27_2020_HAB,TRA,2022,12500
A,PPS_EU27_2020_HAB,TRA,2023,14600
A,PPS_EU27_2020_HAB,TRA,2024,16200
A,PPS_EU27_2020_HAB,TRA1,2000,4200
A,PPS_EU27_2020_HAB,TRA1,2001,4200
A,PPS_EU27_2020_HAB,TRA1,2002,4400
A,PPS_EU27_2020_HAB,TRA1,2003,4700
A,PPS_EU27_2020_HAB,TRA1,2004,5300
A,PPS_EU27_2020_HAB,TRA1,2005,5700
A,PPS_EU27_2020_HAB,TRA1,2006,6400
A,PPS_EU27_2020_HAB,TRA1,2007,7000
A,PPS_EU27_2020_HAB,TRA1,2008,7600
A,PPS_EU27_2020_HAB,TRA1,2009,7500
A,PPS_EU27_2020_HAB,TRA1,2010,8900
A,PPS_EU27_2020_HAB,TRA1,2011,9400
A,PPS_EU27_2020_HAB,TRA1,2012,10100
A,PPS_EU27_2020_HAB,TRA1,2013,10700
A,PPS_EU27_2020_HAB,TRA1,2014,11200
A,PPS_EU27_2020_HAB,TRA1,2015,11900
A,PPS_EU27_2020_HAB,TRA1,2016,12300
A,PPS_EU27_2020_HAB,TRA1,2017,13200
A,PPS_EU27_2020_HAB,TRA1,2018,12600
A,PPS_EU27_2020_HAB,TRA1,2019,12500
A,PPS_EU27_2020_HAB,TRA1,2020,12800
A,PPS_EU27_2020_HAB,TRA1,2021,13100
A,PPS_EU27_2020_HAB,TRA1,2022,14700
A,PPS_EU27_2020_HAB,TRA1,2023,16700
A,PPS_EU27_2020_HAB,TRA1,2024,18600
A,PPS_EU27_2020_HAB,TRA2,2000,2600
A,PPS_EU27_2020_HAB,TRA2,2001,2600
A,PPS_EU27_2020_HAB,TRA2,2002,2700
A,PPS_EU27_2020_HAB,TRA2,2003,3000
A,PPS_EU27_2020_HAB,TRA2,2004,3400
A,PPS_EU27_2020_HAB,TRA2,2005,3700
A,PPS_EU27_2020_HAB,TRA2,2006,4000
A,PPS_EU27_2020_HAB,TRA2,2007,4300
A,PPS_EU27_2020_HAB,TRA2,2008,4500
A,PPS_EU27_2020_HAB,TRA2,2009,4600
A,PPS_EU27_2020_HAB,TRA2,2010,5800
A,PPS_EU27_2020_HAB,TRA2,2011,6300
A,PPS_EU27_2020_HAB,TRA2,2012,6700
A,PPS_EU27_2020_HAB,TRA2,2013,6800
A,PPS_EU27_2020_HAB,TRA2,2014,7200
A,PPS_EU27_2020_HAB,TRA2,2015,8000
A,PPS_EU27_2020_HAB,TRA2,2016,8300
A,PPS_EU27_2020_HAB,TRA2,2017,8800
A,PPS_EU27_2020_HAB,TRA2,2018,8500
A,PPS_EU27_2020_HAB,TRA2,2019,8600
A,PPS_EU27_2020_HAB,TRA2,2020,9100
A,PPS_EU27_2020_HAB,TRA2,2021,8800
A,PPS_EU27_2020_HAB,TRA2,2022,10400
A,PPS_EU27_2020_HAB,TRA2,2023,12400
A,PPS_EU27_2020_HAB,TRA2,2024,13800
A,PPS_EU27_2020_HAB,TRB,2000,3400
A,PPS_EU27_2020_HAB,TRB,2001,3300
A,PPS_EU27_2020_HAB,TRB,2002,3300
A,PPS_EU27_2020_HAB,TRB,2003,3600
A,PPS_EU27_2020_HAB,TRB,2004,3900
A,PPS_EU27_2020_HAB,TRB,2005,4400
A,PPS_EU27_2020_HAB,TRB,2006,4800
A,PPS_EU27_2020_HAB,TRB,2007,5200
A,PPS_EU27_2020_HAB,TRB,2008,5600
A,PPS_EU27_2020_HAB,TRB,2009,5500
A,PPS_EU27_2020_HAB,TRB,2010,6500
A,PPS_EU27_2020_HAB,TRB,2011,7100
A,PPS_EU27_2020_HAB,TRB,2012,7800
A,PPS_EU27_2020_HAB,TRB,2013,7900
A,PPS_EU27_2020_HAB,TRB,2014,8300
A,PPS_EU27_2020_HAB,TRB,2015,8800
A,PPS_EU27_2020_HAB,TRB,2016,9000
A,PPS_EU27_2020_HAB,TRB,2017,9600
A,PPS_EU27_2020_HAB,TRB,2018,9300
A,PPS_EU27_2020_HAB,TRB,2019,9300
A,PPS_EU27_2020_HAB,TRB,2020,9700
A,PPS_EU27_2020_HAB,TRB,2021,9700
A,PPS_EU27_2020_HAB,TRB,2022,11000
A,PPS_EU27_2020_HAB,TRB,2023,13100
A,PPS_EU27_2020_HAB,TRB,2024,15500
A,PPS_EU27_2020_HAB,TRB1,2000,4300
A,PPS_EU27_2020_HAB,TRB1,2001,4100
A,PPS_EU27_2020_HAB,TRB1,2002,4100
A,PPS_EU27_2020_HAB,TRB1,2003,4400
A,PPS_EU27_2020_HAB,TRB1,2004,4900
A,PPS_EU27_2020_HAB,TRB1,2005,5700
A,PPS_EU27_2020_HAB,TRB1,2006,6100
A,PPS_EU27_2020_HAB,TRB1,2007,6600
A,PPS_EU27_2020_HAB,TRB1,2008,7000
A,PPS_EU27_2020_HAB,TRB1,2009,6800
A,PPS_EU27_2020_HAB,TRB1,2010,8000
A,PPS_EU27_2020_HAB,TRB1,2011,8900
A,PPS_EU27_2020_HAB,TRB1,2012,9100
A,PPS_EU27_2020_HAB,TRB1,2013,9800
A,PPS_EU27_2020_HAB,TRB1,2014,10100
A,PPS_EU27_2020_HAB,TRB1,2015,10900
A,PPS_EU27_2020_HAB,TRB1,2016,11000
A,PPS_EU27_2020_HAB,TRB1,2017,11700
A,PPS_EU27_2020_HAB,TRB1,2018,11200
A,PPS_EU27_2020_HAB,TRB1,2019,11200
A,PPS_EU27_2020_HAB,TRB1,2020,11800
A,PPS_EU27_2020_HAB,TRB1,2021,12100
A,PPS_EU27_2020_HAB,TRB1,2022,13400
A,PPS_EU27_2020_HAB,TRB1,2023,15900
A,PPS_EU27_2020_HAB,TRB1,2024,19300
A,PPS_EU27_2020_HAB,TRB2,2000,2600
A,PPS_EU27_2020_HAB,TRB2,2001,2600
A,PPS_EU27_2020_HAB,TRB2,2002,2600
A,PPS_EU27_2020_HAB,TRB2,2003,2900
A,PPS_EU27_2020_HAB,TRB2,2004,3100
A,PPS_EU27_2020_HAB,TRB2,2005,3400
A,PPS_EU27_2020_HAB,TRB2,2006,3800
A,PPS_EU27_2020_HAB,TRB2,2007,4100
A,PPS_EU27_2020_HAB,TRB2,2008,4400
A,PPS_EU27_2020_HAB,TRB2,2009,4400
A,PPS_EU27_2020_HAB,TRB2,2010,5300
A,PPS_EU27_2020_HAB,TRB2,2011,5700
A,PPS_EU27_2020_HAB,TRB2,2012,6700
A,PPS_EU27_2020_HAB,TRB2,2013,6400
A,PPS_EU27_2020_HAB,TRB2,2014,6900
A,PPS_EU27_2020_HAB,TRB2,2015,7100
A,PPS_EU27_2020_HAB,TRB2,2016,7300
A,PPS_EU27_2020_HAB,TRB2,2017,7800
A,PPS_EU27_2020_HAB,TRB2,2018,7700
A,PPS_EU27_2020_HAB,TRB2,2019,7800
A,PPS_EU27_2020_HAB,TRB2,2020,7900
A,PPS_EU27_2020_HAB,TRB2,2021,7700
A,PPS_EU27_2020_HAB,TRB2,2022,9000
A,PPS_EU27_2020_HAB,TRB2,2023,10700
A,PPS_EU27_2020_HAB,TRB2,2024,12400
A,PPS_EU27_2020_HAB,TRC,2000,3700
A,PPS_EU27_2020_HAB,TRC,2001,3600
A,PPS_EU27_2020_HAB,TRC,2002,3700
A,PPS_EU27_2020_HAB,TRC,2003,3900
A,PPS_EU27_2020_HAB,TRC,2004,4200
A,PPS_EU27_2020_HAB,TRC,2005,4500
A,PPS_EU27_2020_HAB,TRC,2006,5100
A,PPS_EU27_2020_HAB,TRC,2007,5400
A,PPS_EU27_2020_HAB,TRC,2008,5600
A,PPS_EU27_2020_HAB,TRC,2009,5500
A,PPS_EU27_2020_HAB,TRC,2010,6600
A,PPS_EU27_2020_HAB,TRC,2011,7200
A,PPS_EU27_2020_HAB,TRC,2012,7600
A,PPS_EU27_2020_HAB,TRC,2013,8200
A,PPS_EU27_2020_HAB,TRC,2014,8400
A,PPS_EU27_2020_HAB,TRC,2015,8700
A,PPS_EU27_2020_HAB,TRC,2016,8300
A,PPS_EU27_2020_HAB,TRC,2017,8800
A,PPS_EU27_2020_HAB,TRC,2018,8600
A,PPS_EU27_2020_HAB,TRC,2019,8500
A,PPS_EU27_2020_HAB,TRC,2020,9000
A,PPS_EU27_2020_HAB,TRC,2021,9400
A,PPS_EU27_2020_HAB,TRC,2022,11400
A,PPS_EU27_2020_HAB,TRC,2023,12500
A,PPS_EU27_2020_HAB,TRC,2024,14200
A,PPS_EU27_2020_HAB,TRC1,2000,4500
A,PPS_EU27_2020_HAB,TRC1,2001,4200
A,PPS_EU27_2020_HAB,TRC1,2002,4300
A,PPS_EU27_2020_HAB,TRC1,2003,4500
A,PPS_EU27_2020_HAB,TRC1,2004,4800
A,PPS_EU27_2020_HAB,TRC1,2005,5400
A,PPS_EU27_2020_HAB,TRC1,2006,6000
A,PPS_EU27_2020_HAB,TRC1,2007,6400
A,PPS_EU27_2020_HAB,TRC1,2008,6700
A,PPS_EU27_2020_HAB,TRC1,2009,6300
A,PPS_EU27_2020_HAB,TRC1,2010,7400
A,PPS_EU27_2020_HAB,TRC1,2011,8400
A,PPS_EU27_2020_HAB,TRC1,2012,9100
A,PPS_EU27_2020_HAB,TRC1,2013,9900
A,PPS_EU27_2020_HAB,TRC1,2014,10200
A,PPS_EU27_2020_HAB,TRC1,2015,10700
A,PPS_EU27_2020_HAB,TRC1,2016,10100
A,PPS_EU27_2020_HAB,TRC1,2017,10600
A,PPS_EU27_2020_HAB,TRC1,2018,10500
A,PPS_EU27_2020_HAB,TRC1,2019,10100
A,PPS_EU27_2020_HAB,TRC1,2020,11000
A,PPS_EU27_2020_HAB,TRC1,2021,12200
A,PPS_EU27_2020_HAB,TRC1,2022,14500
A,PPS_EU27_2020_HAB,TRC1,2023,15200
A,PPS_EU27_2020_HAB,TRC1,2024,17300
A,PPS_EU27_2020_HAB,TRC2,2000,3500
A,PPS_EU27_2020_HAB,TRC2,2001,3500
A,PPS_EU27_2020_HAB,TRC2,2002,3500
A,PPS_EU27_2020_HAB,TRC2,2003,3700
A,PPS_EU27_2020_HAB,TRC2,2004,4100
A,PPS_EU27_2020_HAB,TRC2,2005,4300
A,PPS_EU27_2020_HAB,TRC2,2006,4700
A,PPS_EU27_2020_HAB,TRC2,2007,4900
A,PPS_EU27_2020_HAB,TRC2,2008,5000
A,PPS_EU27_2020_HAB,TRC2,2009,5000
A,PPS_EU27_2020_HAB,TRC2,2010,5900
A,PPS_EU27_2020_HAB,TRC2,2011,6400
A,PPS_EU27_2020_HAB,TRC2,2012,6600
A,PPS_EU27_2020_HAB,TRC2,2013,7100
A,PPS_EU27_2020_HAB,TRC2,2014,7000
A,PPS_EU27_2020_HAB,TRC2,2015,7300
A,PPS_EU27_2020_HAB,TRC2,2016,6900
A,PPS_EU27_2020_HAB,TRC2,2017,7200
A,PPS_EU27_2020_HAB,TRC2,2018,6700
A,PPS_EU27_2020_HAB,TRC2,2019,6700
A,PPS_EU27_2020_HAB,TRC2,2020,6900
A,PPS_EU27_2020_HAB,TRC2,2021,6900
A,PPS_EU27_2020_HAB,TRC2,2022,8600
A,PPS_EU27_2020_HAB,TRC2,2023,10100
A,PPS_EU27_2020_HAB,TRC2,2024,11700
A,PPS_EU27_2020_HAB,TRC3,2000,3100
A,PPS_EU27_2020_HAB,TRC3,2001,3200
A,PPS_EU27_2020_HAB,TRC3,2002,3200
A,PPS_EU27_2020_HAB,TRC3,2003,3300
A,PPS_EU27_2020_HAB,TRC3,2004,3700
A,PPS_EU27_2020_HAB,TRC3,2005,4000
A,PPS_EU27_2020_HAB,TRC3,2006,4400
A,PPS_EU27_2020_HAB,TRC3,2007,4800
A,PPS_EU27_2020_HAB,TRC3,2008,5000
A,PPS_EU27_2020_HAB,TRC3,2009,5300
A,PPS_EU27_2020_HAB,TRC3,2010,6500
A,PPS_EU27_2020_HAB,TRC3,2011,7100
A,PPS_EU27_2020_HAB,TRC3,2012,7400
A,PPS_EU27_2020_HAB,TRC3,2013,8000
A,PPS_EU27_2020_HAB,TRC3,2014,8400
A,PPS_EU27_2020_HAB,TRC3,2015,8500
A,PPS_EU27_2020_HAB,TRC3,2016,8200
A,PPS_EU27_2020_HAB,TRC3,2017,9200
A,PPS_EU27_2020_HAB,TRC3,2018,9200
A,PPS_EU27_2020_HAB,TRC3,2019,9300
A,PPS_EU27_2020_HAB,TRC3,2020,9700
A,PPS_EU27_2020_HAB,TRC3,2021,10100
A,PPS_EU27_2020_HAB,TRC3,2022,12000
A,PPS_EU27_2020_HAB,TRC3,2023,13200
A,PPS_EU27_2020_HAB,TRC3,2024,14300
